{
  "country": "KR",
  "brand_cd": "V",
  "yyyymm": "202511",
  "key": "영업비",
  "sub_key": "자가임차료_사옥_",
  "analysis_data": {
    "title": "자가임차료(사옥) 분석",
    "sections": [
      {
        "div": "종합분석-1",
        "sub_title": "투자 방향성 종합 평가",
        "ai_text": "DUVETICA 브랜드의 자가임차료(사옥)는 2024년 11월 65백만원에서 2025년 11월 103백만원으로 38백만원(+58.5%) 증가했습니다. 이는 사업 확장 및 운영 기반 강화에 따른 필수적 투자로 평가됩니다. 단일 계정(지급임차료_자가임차료)으로만 구성되어 있어 명확한 비용 구조를 보이며, 브랜드 성장에 따른 인프라 투자 확대 전략이 반영된 것으로 분석됩니다."
      },
      {
        "div": "종합분석-2",
        "sub_title": "효율적 투자 영역",
        "ai_text": "• 안정적 운영 기반 확보: 자가임차료 투자를 통해 브랜드 운영의 안정성과 지속가능성을 확보\n• 성장 기반 인프라 구축: 58.5% 증가한 투자로 향후 사업 확장을 위한 필수 인프라 기반 마련\n• 단순화된 비용 구조: 단일 계정으로 관리되어 예산 통제와 효율성 관리가 용이한 구조 유지\n• 전략적 자산 활용: 자가 보유 부동산을 통한 임차료 최적화로 장기적 비용 효율성 달성"
      },
      {
        "div": "종합분석-3",
        "sub_title": "주의 필요 영역",
        "ai_text": "• 급격한 비용 증가율: 전년대비 58.5% 증가는 상당히 높은 수준으로 ROI 모니터링 필요\n• 고정비용 부담 가중: 임차료는 고정비용 성격으로 매출 변동과 무관하게 지속적 부담 발생\n• 비용 대비 효과 검증: 증가된 임차료가 실제 매출 증대와 운영 효율성 향상으로 연결되는지 면밀한 추적 필요\n• 예산 탄력성 제약: 고정비용 증가로 인한 마케팅 예산 등 가변비용 조정 여력 축소 우려"
      },
      {
        "div": "종합분석-4",
        "sub_title": "이상징후 및 리스크 감지",
        "ai_text": "• 급격한 비용 상승 패턴: 한 해 만에 38백만원(58.5%) 증가는 일반적인 임차료 인상률을 크게 상회하는 수준으로, 사업 규모 확장이나 임대 조건 변경 등의 특별한 사유가 있는 것으로 추정됩니다.\n• 매출 연동성 부재: 임차료는 매출과 직접적 연관성이 낮은 고정비용으로, 매출 성장률 대비 과도한 비용 증가 시 수익성 악화 리스크가 존재합니다.\n• 예산 배분 불균형: 운영비용의 급격한 증가가 마케팅이나 상품 개발 등 성장 동력 확보를 위한 투자 여력을 제약할 가능성이 있습니다."
      },
      {
        "div": "종합분석-5",
        "sub_title": "마케팅 전략 최적화 방안",
        "ai_text": "### 즉시 실행 방안\n1. 임차료 효율성 분석: 증가된 임차료 대비 실제 활용도와 운영 효율성 개선 효과 정량적 측정\n2. 공간 활용 최적화: 확장된 사옥 공간을 활용한 브랜드 체험 공간, 전시장 등 마케팅 기능 강화 검토\n3. 비용 구조 재검토: 임차료 증가분을 상쇄할 수 있는 운영비 절감 방안 및 수익성 개선 계획 수립\n\n### 중장기 전략 방향\n1. 수익성 기반 확장 전략: 임차료 증가에 상응하는 매출 및 수익 증대 목표 설정 및 달성 방안 구체화\n2. 통합 운영 효율성 극대화: 확장된 사옥을 활용한 브랜드 운영, 마케팅, 고객 서비스 기능의 시너지 창출\n3. 자산 활용 다각화: 자가 보유 부동산의 추가적 수익 창출 방안(임대, 복합 활용 등) 검토를 통한 비용 상쇄 전략 수립"
      }
    ]
  },
  "ctgr1": "자가임차료(사옥)",
  "summary": {
    "prev_year_total": 65.15,
    "curr_year_total": 103.3,
    "change_amount": 38.15,
    "change_pct": 58.6,
    "investment_direction": "증가"
  },
  "categories": [
    {
      "ctgr2": "자가임차료(사옥)",
      "ctgr3": "자가임차료",
      "gl_nm": "지급임차료_자가임차료",
      "prev_year": 65.15,
      "curr_year": 103.3,
      "change": 38.15,
      "change_pct": 58.6,
      "is_new": false,
      "is_discontinued": false
    }
  ],
  "category_summary": {
    "increased": [
      {
        "ctgr2": "자가임차료(사옥)",
        "ctgr3": "자가임차료",
        "gl_nm": "지급임차료_자가임차료",
        "prev_year": 65.15,
        "curr_year": 103.3,
        "change": 38.15,
        "change_pct": 58.6,
        "is_new": false,
        "is_discontinued": false
      }
    ],
    "decreased": [],
    "new_investments": [],
    "discontinued": []
  },
  "raw_data": {
    "total_records": [
      {
        "PST_YYYYMM": "202411",
        "TOTAL_AMT": 65148000.0
      },
      {
        "PST_YYYYMM": "202511",
        "TOTAL_AMT": 103299000.0
      }
    ],
    "detail_records": [
      {
        "PST_YYYYMM": "202511",
        "BRD_CD": "V",
        "BRD_NM": "DUVETICA",
        "CTGR1": "자가임차료(사옥)",
        "CTGR2": "자가임차료(사옥)",
        "CTGR3": "자가임차료",
        "GL_NM": "지급임차료_자가임차료",
        "TTL_USE_AMT": 103299000.0
      },
      {
        "PST_YYYYMM": "202411",
        "BRD_CD": "V",
        "BRD_NM": "DUVETICA",
        "CTGR1": "자가임차료(사옥)",
        "CTGR2": "자가임차료(사옥)",
        "CTGR3": "자가임차료",
        "GL_NM": "지급임차료_자가임차료",
        "TTL_USE_AMT": 65148000.0
      }
    ]
  },
  "trend_data": {
    "trend_months": [
      "202412",
      "202501",
      "202502",
      "202503",
      "202504",
      "202505",
      "202506",
      "202507",
      "202508",
      "202509",
      "202510",
      "202511"
    ],
    "monthly_totals": [
      {
        "yyyymm": "202412",
        "total_amount": 65.15
      },
      {
        "yyyymm": "202501",
        "total_amount": 65.15
      },
      {
        "yyyymm": "202502",
        "total_amount": 65.15
      },
      {
        "yyyymm": "202503",
        "total_amount": 65.15
      },
      {
        "yyyymm": "202504",
        "total_amount": 89.31
      },
      {
        "yyyymm": "202505",
        "total_amount": 103.3
      },
      {
        "yyyymm": "202506",
        "total_amount": 103.3
      },
      {
        "yyyymm": "202507",
        "total_amount": 103.3
      },
      {
        "yyyymm": "202508",
        "total_amount": 103.3
      },
      {
        "yyyymm": "202509",
        "total_amount": 103.3
      },
      {
        "yyyymm": "202510",
        "total_amount": 103.3
      },
      {
        "yyyymm": "202511",
        "total_amount": 103.3
      }
    ],
    "monthly_details": [
      {
        "yyyymm": "202412",
        "ctgr2": "자가임차료(사옥)",
        "ctgr3": "자가임차료",
        "gl_nm": "지급임차료_자가임차료",
        "amount": 65.15
      },
      {
        "yyyymm": "202501",
        "ctgr2": "자가임차료(사옥)",
        "ctgr3": "자가임차료",
        "gl_nm": "지급임차료_자가임차료",
        "amount": 65.15
      },
      {
        "yyyymm": "202502",
        "ctgr2": "자가임차료(사옥)",
        "ctgr3": "자가임차료",
        "gl_nm": "지급임차료_자가임차료",
        "amount": 65.15
      },
      {
        "yyyymm": "202503",
        "ctgr2": "자가임차료(사옥)",
        "ctgr3": "자가임차료",
        "gl_nm": "지급임차료_자가임차료",
        "amount": 65.15
      },
      {
        "yyyymm": "202504",
        "ctgr2": "자가임차료(사옥)",
        "ctgr3": "자가임차료",
        "gl_nm": "지급임차료_자가임차료",
        "amount": 89.31
      },
      {
        "yyyymm": "202505",
        "ctgr2": "자가임차료(사옥)",
        "ctgr3": "자가임차료",
        "gl_nm": "지급임차료_자가임차료",
        "amount": 103.3
      },
      {
        "yyyymm": "202506",
        "ctgr2": "자가임차료(사옥)",
        "ctgr3": "자가임차료",
        "gl_nm": "지급임차료_자가임차료",
        "amount": 103.3
      },
      {
        "yyyymm": "202507",
        "ctgr2": "자가임차료(사옥)",
        "ctgr3": "자가임차료",
        "gl_nm": "지급임차료_자가임차료",
        "amount": 103.3
      },
      {
        "yyyymm": "202508",
        "ctgr2": "자가임차료(사옥)",
        "ctgr3": "자가임차료",
        "gl_nm": "지급임차료_자가임차료",
        "amount": 103.3
      },
      {
        "yyyymm": "202509",
        "ctgr2": "자가임차료(사옥)",
        "ctgr3": "자가임차료",
        "gl_nm": "지급임차료_자가임차료",
        "amount": 103.3
      },
      {
        "yyyymm": "202510",
        "ctgr2": "자가임차료(사옥)",
        "ctgr3": "자가임차료",
        "gl_nm": "지급임차료_자가임차료",
        "amount": 103.3
      },
      {
        "yyyymm": "202511",
        "ctgr2": "자가임차료(사옥)",
        "ctgr3": "자가임차료",
        "gl_nm": "지급임차료_자가임차료",
        "amount": 103.3
      }
    ]
  }
}