{
  "country": "KR",
  "brand_cd": "ST",
  "yyyymm": "202511",
  "key": "영업비",
  "sub_key": "지급수수료",
  "analysis_data": {
    "title": "지급수수료 분석",
    "sections": [
      {
        "div": "종합분석-1",
        "sub_title": "투자 방향성 종합 평가",
        "ai_text": "SERGIO TACCHINI 브랜드는 2024년 11월 35백만원에서 2025년 11월 29백만원으로 지급수수료를 16.4% 축소하여 운영 효율성을 크게 개선했습니다. 이는 선택적 축소와 전략적 재배분을 통한 비용 최적화 전략으로 평가됩니다. 특히 온라인몰운영비의 대폭 축소(18백만원→12백만원, -33.3%)와 차량 관련 비용의 완전 제거는 디지털 전환과 운영 간소화를 통한 구조적 효율성 개선을 보여줍니다."
      },
      {
        "div": "종합분석-2",
        "sub_title": "효율적 투자 영역",
        "ai_text": "• IT사용료 확대: 3백만원→3백만원으로 26.5% 증가하여 디지털 인프라 강화에 집중\n• 지급용역비 증가: 11백만원→12백만원으로 6.6% 증가하여 핵심 운영 서비스 품질 유지\n• 보안비 강화: 0.2백만원→0.5백만원으로 174.4% 증가하여 정보보안 투자 확대\n• 수출입관련비 신규 편성: 0.1백만원으로 글로벌 사업 확장 기반 구축\n• 인사채용비 신규 투입: 0.02백만원으로 인재 확보 투자 시작"
      },
      {
        "div": "종합분석-3",
        "sub_title": "주의 필요 영역",
        "ai_text": "• 온라인몰운영비 급감: 18백만원→12백만원(-33.3%)으로 과도한 축소가 디지털 마케팅 경쟁력 저하 우려\n• 차량 관련 비용 완전 삭제: 렌탈료(차량) 1.2백만원 전액 삭감으로 영업활동 제약 가능성\n• 공사비 전액 삭감: 0.3백만원에서 0원으로 시설 투자 중단에 따른 매장 환경 개선 지연 우려\n• 렌탈료(차량제외) 대폭 축소: 0.9백만원→0.4백만원(-60.8%)으로 사무 환경 개선 투자 부족"
      },
      {
        "div": "종합분석-4",
        "sub_title": "이상징후 및 리스크 감지",
        "ai_text": "• 예산 배분의 극단적 변화: 온라인몰운영비 6백만원 삭감과 동시에 IT사용료는 증가시키는 상반된 디지털 투자 패턴이 전략적 일관성 부족을 시사합니다\n• 운영 인프라 투자 급감: 차량렌탈, 공사비, 렌탈료 등 물리적 운영 기반 투자가 전면 축소되어 중장기 운영 효율성 저하 리스크가 존재합니다\n• 비용 구조의 급격한 변화: 전체 지급수수료 16.4% 감소는 긍정적이나, 특정 영역의 과도한 축소가 브랜드 운영 품질에 부정적 영향을 미칠 가능성이 높습니다"
      },
      {
        "div": "종합분석-5",
        "sub_title": "마케팅 전략 최적화 방안",
        "ai_text": "### 즉시 실행 방안\n1. 온라인몰 운영 효율성 점검: 6백만원 축소된 온라인몰운영비의 매출 영향도 분석 및 최소 필요 예산 재산정\n2. IT 투자 ROI 측정: 증가된 IT사용료 대비 운영 효율성 개선 효과 정량적 평가\n3. 차량 운영 대안 마련: 삭감된 차량렌탈비 대신 필요시 단발성 이용 방안 검토\n\n### 중장기 전략 방향\n1. 디지털 중심 운영 체계 구축: 온라인 중심 운영으로 전환하되 고객 서비스 품질 유지를 위한 최적 예산 배분 모델 수립\n2. 선택적 투자 확대: 보안, 인사채용 등 미래 성장 동력 영역에 대한 단계적 투자 확대 계획 수립\n3. 비용 효율성 모니터링 체계: 월별 지급수수료 대비 운영 성과 KPI 추적을 통한 예산 최적화 지속 개선"
      }
    ]
  },
  "ctgr1": "지급수수료",
  "summary": {
    "prev_year_total": 35.07,
    "curr_year_total": 29.33,
    "change_amount": -5.74,
    "change_pct": -16.4,
    "investment_direction": "축소"
  },
  "categories": [
    {
      "ctgr2": "지급수수료",
      "ctgr3": "지급수수료_온라인몰운영비",
      "gl_nm": "지급수수료_온라인몰운영비",
      "prev_year": 18.0,
      "curr_year": 12.0,
      "change": -6.0,
      "change_pct": -33.3,
      "is_new": false,
      "is_discontinued": false
    },
    {
      "ctgr2": "지급수수료",
      "ctgr3": "지급수수료_기타",
      "gl_nm": "지급수수료_지급용역비",
      "prev_year": 11.15,
      "curr_year": 11.88,
      "change": 0.73,
      "change_pct": 6.6,
      "is_new": false,
      "is_discontinued": false
    },
    {
      "ctgr2": "지급수수료",
      "ctgr3": "지급수수료_IT사용료",
      "gl_nm": "지급수수료_IT사용료",
      "prev_year": 2.57,
      "curr_year": 3.25,
      "change": 0.68,
      "change_pct": 26.5,
      "is_new": false,
      "is_discontinued": false
    },
    {
      "ctgr2": "지급수수료",
      "ctgr3": "지급수수료_퀵서비스",
      "gl_nm": "지급수수료_퀵서비스",
      "prev_year": 0.6,
      "curr_year": 0.62,
      "change": 0.02,
      "change_pct": 2.5,
      "is_new": false,
      "is_discontinued": false
    },
    {
      "ctgr2": "지급수수료",
      "ctgr3": "지급수수료_기타",
      "gl_nm": "지급수수료_수출입관련",
      "prev_year": 0.0,
      "curr_year": 0.12,
      "change": 0.12,
      "change_pct": 0,
      "is_new": true,
      "is_discontinued": false
    },
    {
      "ctgr2": "지급수수료",
      "ctgr3": "지급수수료_보안",
      "gl_nm": "지급수수료_보안",
      "prev_year": 0.19,
      "curr_year": 0.52,
      "change": 0.33,
      "change_pct": 174.4,
      "is_new": false,
      "is_discontinued": false
    },
    {
      "ctgr2": "지급수수료",
      "ctgr3": "지급수수료_컨설팅",
      "gl_nm": "지급수수료_컨설팅",
      "prev_year": 0.0,
      "curr_year": 0.0,
      "change": 0.0,
      "change_pct": 0,
      "is_new": false,
      "is_discontinued": false
    },
    {
      "ctgr2": "지급수수료",
      "ctgr3": "지급수수료_기타",
      "gl_nm": "지급수수료_폐기물처리",
      "prev_year": 0.0,
      "curr_year": 0.0,
      "change": 0.0,
      "change_pct": 0,
      "is_new": false,
      "is_discontinued": false
    },
    {
      "ctgr2": "지급수수료",
      "ctgr3": "지급수수료_리스료(차량)",
      "gl_nm": "지급수수료_렌탈료(차량)",
      "prev_year": 1.16,
      "curr_year": 0.0,
      "change": -1.16,
      "change_pct": -100.0,
      "is_new": false,
      "is_discontinued": true
    },
    {
      "ctgr2": "지급수수료",
      "ctgr3": "지급수수료_인사채용",
      "gl_nm": "지급수수료_인사채용",
      "prev_year": 0.0,
      "curr_year": 0.02,
      "change": 0.02,
      "change_pct": 0,
      "is_new": true,
      "is_discontinued": false
    },
    {
      "ctgr2": "지급수수료",
      "ctgr3": "지급수수료_기타",
      "gl_nm": "지급수수료_기타",
      "prev_year": 0.19,
      "curr_year": 0.57,
      "change": 0.37,
      "change_pct": 193.2,
      "is_new": false,
      "is_discontinued": false
    },
    {
      "ctgr2": "지급수수료",
      "ctgr3": "지급수수료_IT유지보수비",
      "gl_nm": "지급수수료_IT유지보수비",
      "prev_year": 0.0,
      "curr_year": 0.0,
      "change": 0.0,
      "change_pct": 0,
      "is_new": false,
      "is_discontinued": false
    },
    {
      "ctgr2": "지급수수료",
      "ctgr3": "지급수수료_리스료(차량제외)",
      "gl_nm": "지급수수료_렌탈료(차량제외)",
      "prev_year": 0.92,
      "curr_year": 0.36,
      "change": -0.56,
      "change_pct": -60.8,
      "is_new": false,
      "is_discontinued": false
    },
    {
      "ctgr2": "지급수수료",
      "ctgr3": "지급수수료_재고조사",
      "gl_nm": "지급수수료_재고조사",
      "prev_year": 0.0,
      "curr_year": 0.0,
      "change": 0.0,
      "change_pct": 0,
      "is_new": false,
      "is_discontinued": false
    },
    {
      "ctgr2": "지급수수료",
      "ctgr3": "지급수수료_교육훈련",
      "gl_nm": "지급수수료_교육훈련",
      "prev_year": 0.0,
      "curr_year": 0.0,
      "change": 0.0,
      "change_pct": 0,
      "is_new": false,
      "is_discontinued": false
    },
    {
      "ctgr2": "지급수수료",
      "ctgr3": "지급수수료_공사비",
      "gl_nm": "지급수수료_공사비",
      "prev_year": 0.3,
      "curr_year": 0.0,
      "change": -0.3,
      "change_pct": -100.0,
      "is_new": false,
      "is_discontinued": true
    }
  ],
  "category_summary": {
    "increased": [
      {
        "ctgr2": "지급수수료",
        "ctgr3": "지급수수료_기타",
        "gl_nm": "지급수수료_지급용역비",
        "prev_year": 11.15,
        "curr_year": 11.88,
        "change": 0.73,
        "change_pct": 6.6,
        "is_new": false,
        "is_discontinued": false
      },
      {
        "ctgr2": "지급수수료",
        "ctgr3": "지급수수료_IT사용료",
        "gl_nm": "지급수수료_IT사용료",
        "prev_year": 2.57,
        "curr_year": 3.25,
        "change": 0.68,
        "change_pct": 26.5,
        "is_new": false,
        "is_discontinued": false
      },
      {
        "ctgr2": "지급수수료",
        "ctgr3": "지급수수료_퀵서비스",
        "gl_nm": "지급수수료_퀵서비스",
        "prev_year": 0.6,
        "curr_year": 0.62,
        "change": 0.02,
        "change_pct": 2.5,
        "is_new": false,
        "is_discontinued": false
      },
      {
        "ctgr2": "지급수수료",
        "ctgr3": "지급수수료_기타",
        "gl_nm": "지급수수료_수출입관련",
        "prev_year": 0.0,
        "curr_year": 0.12,
        "change": 0.12,
        "change_pct": 0,
        "is_new": true,
        "is_discontinued": false
      },
      {
        "ctgr2": "지급수수료",
        "ctgr3": "지급수수료_보안",
        "gl_nm": "지급수수료_보안",
        "prev_year": 0.19,
        "curr_year": 0.52,
        "change": 0.33,
        "change_pct": 174.4,
        "is_new": false,
        "is_discontinued": false
      },
      {
        "ctgr2": "지급수수료",
        "ctgr3": "지급수수료_인사채용",
        "gl_nm": "지급수수료_인사채용",
        "prev_year": 0.0,
        "curr_year": 0.02,
        "change": 0.02,
        "change_pct": 0,
        "is_new": true,
        "is_discontinued": false
      },
      {
        "ctgr2": "지급수수료",
        "ctgr3": "지급수수료_기타",
        "gl_nm": "지급수수료_기타",
        "prev_year": 0.19,
        "curr_year": 0.57,
        "change": 0.37,
        "change_pct": 193.2,
        "is_new": false,
        "is_discontinued": false
      }
    ],
    "decreased": [
      {
        "ctgr2": "지급수수료",
        "ctgr3": "지급수수료_온라인몰운영비",
        "gl_nm": "지급수수료_온라인몰운영비",
        "prev_year": 18.0,
        "curr_year": 12.0,
        "change": -6.0,
        "change_pct": -33.3,
        "is_new": false,
        "is_discontinued": false
      },
      {
        "ctgr2": "지급수수료",
        "ctgr3": "지급수수료_리스료(차량)",
        "gl_nm": "지급수수료_렌탈료(차량)",
        "prev_year": 1.16,
        "curr_year": 0.0,
        "change": -1.16,
        "change_pct": -100.0,
        "is_new": false,
        "is_discontinued": true
      },
      {
        "ctgr2": "지급수수료",
        "ctgr3": "지급수수료_리스료(차량제외)",
        "gl_nm": "지급수수료_렌탈료(차량제외)",
        "prev_year": 0.92,
        "curr_year": 0.36,
        "change": -0.56,
        "change_pct": -60.8,
        "is_new": false,
        "is_discontinued": false
      },
      {
        "ctgr2": "지급수수료",
        "ctgr3": "지급수수료_공사비",
        "gl_nm": "지급수수료_공사비",
        "prev_year": 0.3,
        "curr_year": 0.0,
        "change": -0.3,
        "change_pct": -100.0,
        "is_new": false,
        "is_discontinued": true
      }
    ],
    "new_investments": [
      {
        "ctgr2": "지급수수료",
        "ctgr3": "지급수수료_기타",
        "gl_nm": "지급수수료_수출입관련",
        "prev_year": 0.0,
        "curr_year": 0.12,
        "change": 0.12,
        "change_pct": 0,
        "is_new": true,
        "is_discontinued": false
      },
      {
        "ctgr2": "지급수수료",
        "ctgr3": "지급수수료_인사채용",
        "gl_nm": "지급수수료_인사채용",
        "prev_year": 0.0,
        "curr_year": 0.02,
        "change": 0.02,
        "change_pct": 0,
        "is_new": true,
        "is_discontinued": false
      }
    ],
    "discontinued": [
      {
        "ctgr2": "지급수수료",
        "ctgr3": "지급수수료_리스료(차량)",
        "gl_nm": "지급수수료_렌탈료(차량)",
        "prev_year": 1.16,
        "curr_year": 0.0,
        "change": -1.16,
        "change_pct": -100.0,
        "is_new": false,
        "is_discontinued": true
      },
      {
        "ctgr2": "지급수수료",
        "ctgr3": "지급수수료_공사비",
        "gl_nm": "지급수수료_공사비",
        "prev_year": 0.3,
        "curr_year": 0.0,
        "change": -0.3,
        "change_pct": -100.0,
        "is_new": false,
        "is_discontinued": true
      }
    ]
  },
  "raw_data": {
    "total_records": [
      {
        "PST_YYYYMM": "202411",
        "TOTAL_AMT": 35073426.0
      },
      {
        "PST_YYYYMM": "202511",
        "TOTAL_AMT": 29328649.0
      }
    ],
    "detail_records": [
      {
        "PST_YYYYMM": "202411",
        "BRD_CD": "ST",
        "BRD_NM": "SERGIO TACCHINI",
        "CTGR1": "지급수수료",
        "CTGR2": "지급수수료",
        "CTGR3": "지급수수료_온라인몰운영비",
        "GL_NM": "지급수수료_온라인몰운영비",
        "TTL_USE_AMT": 18000350.0
      },
      {
        "PST_YYYYMM": "202511",
        "BRD_CD": "ST",
        "BRD_NM": "SERGIO TACCHINI",
        "CTGR1": "지급수수료",
        "CTGR2": "지급수수료",
        "CTGR3": "지급수수료_온라인몰운영비",
        "GL_NM": "지급수수료_온라인몰운영비",
        "TTL_USE_AMT": 12000000.0
      },
      {
        "PST_YYYYMM": "202511",
        "BRD_CD": "ST",
        "BRD_NM": "SERGIO TACCHINI",
        "CTGR1": "지급수수료",
        "CTGR2": "지급수수료",
        "CTGR3": "지급수수료_기타",
        "GL_NM": "지급수수료_지급용역비",
        "TTL_USE_AMT": 11879912.0
      },
      {
        "PST_YYYYMM": "202411",
        "BRD_CD": "ST",
        "BRD_NM": "SERGIO TACCHINI",
        "CTGR1": "지급수수료",
        "CTGR2": "지급수수료",
        "CTGR3": "지급수수료_기타",
        "GL_NM": "지급수수료_지급용역비",
        "TTL_USE_AMT": 11146877.0
      },
      {
        "PST_YYYYMM": "202511",
        "BRD_CD": "ST",
        "BRD_NM": "SERGIO TACCHINI",
        "CTGR1": "지급수수료",
        "CTGR2": "지급수수료",
        "CTGR3": "지급수수료_IT사용료",
        "GL_NM": "지급수수료_IT사용료",
        "TTL_USE_AMT": 3250623.0
      },
      {
        "PST_YYYYMM": "202411",
        "BRD_CD": "ST",
        "BRD_NM": "SERGIO TACCHINI",
        "CTGR1": "지급수수료",
        "CTGR2": "지급수수료",
        "CTGR3": "지급수수료_IT사용료",
        "GL_NM": "지급수수료_IT사용료",
        "TTL_USE_AMT": 2570475.0
      },
      {
        "PST_YYYYMM": "202411",
        "BRD_CD": "ST",
        "BRD_NM": "SERGIO TACCHINI",
        "CTGR1": "지급수수료",
        "CTGR2": "지급수수료",
        "CTGR3": "지급수수료_리스료(차량)",
        "GL_NM": "지급수수료_렌탈료(차량)",
        "TTL_USE_AMT": 1155000.0
      },
      {
        "PST_YYYYMM": "202411",
        "BRD_CD": "ST",
        "BRD_NM": "SERGIO TACCHINI",
        "CTGR1": "지급수수료",
        "CTGR2": "지급수수료",
        "CTGR3": "지급수수료_리스료(차량제외)",
        "GL_NM": "지급수수료_렌탈료(차량제외)",
        "TTL_USE_AMT": 916000.0
      },
      {
        "PST_YYYYMM": "202511",
        "BRD_CD": "ST",
        "BRD_NM": "SERGIO TACCHINI",
        "CTGR1": "지급수수료",
        "CTGR2": "지급수수료",
        "CTGR3": "지급수수료_퀵서비스",
        "GL_NM": "지급수수료_퀵서비스",
        "TTL_USE_AMT": 618084.0
      },
      {
        "PST_YYYYMM": "202411",
        "BRD_CD": "ST",
        "BRD_NM": "SERGIO TACCHINI",
        "CTGR1": "지급수수료",
        "CTGR2": "지급수수료",
        "CTGR3": "지급수수료_퀵서비스",
        "GL_NM": "지급수수료_퀵서비스",
        "TTL_USE_AMT": 603000.0
      },
      {
        "PST_YYYYMM": "202511",
        "BRD_CD": "ST",
        "BRD_NM": "SERGIO TACCHINI",
        "CTGR1": "지급수수료",
        "CTGR2": "지급수수료",
        "CTGR3": "지급수수료_기타",
        "GL_NM": "지급수수료_기타",
        "TTL_USE_AMT": 568219.0
      },
      {
        "PST_YYYYMM": "202511",
        "BRD_CD": "ST",
        "BRD_NM": "SERGIO TACCHINI",
        "CTGR1": "지급수수료",
        "CTGR2": "지급수수료",
        "CTGR3": "지급수수료_보안",
        "GL_NM": "지급수수료_보안",
        "TTL_USE_AMT": 515589.0
      },
      {
        "PST_YYYYMM": "202511",
        "BRD_CD": "ST",
        "BRD_NM": "SERGIO TACCHINI",
        "CTGR1": "지급수수료",
        "CTGR2": "지급수수료",
        "CTGR3": "지급수수료_리스료(차량제외)",
        "GL_NM": "지급수수료_렌탈료(차량제외)",
        "TTL_USE_AMT": 358886.0
      },
      {
        "PST_YYYYMM": "202411",
        "BRD_CD": "ST",
        "BRD_NM": "SERGIO TACCHINI",
        "CTGR1": "지급수수료",
        "CTGR2": "지급수수료",
        "CTGR3": "지급수수료_공사비",
        "GL_NM": "지급수수료_공사비",
        "TTL_USE_AMT": 300000.0
      },
      {
        "PST_YYYYMM": "202411",
        "BRD_CD": "ST",
        "BRD_NM": "SERGIO TACCHINI",
        "CTGR1": "지급수수료",
        "CTGR2": "지급수수료",
        "CTGR3": "지급수수료_기타",
        "GL_NM": "지급수수료_기타",
        "TTL_USE_AMT": 193817.0
      },
      {
        "PST_YYYYMM": "202411",
        "BRD_CD": "ST",
        "BRD_NM": "SERGIO TACCHINI",
        "CTGR1": "지급수수료",
        "CTGR2": "지급수수료",
        "CTGR3": "지급수수료_보안",
        "GL_NM": "지급수수료_보안",
        "TTL_USE_AMT": 187907.0
      },
      {
        "PST_YYYYMM": "202511",
        "BRD_CD": "ST",
        "BRD_NM": "SERGIO TACCHINI",
        "CTGR1": "지급수수료",
        "CTGR2": "지급수수료",
        "CTGR3": "지급수수료_기타",
        "GL_NM": "지급수수료_수출입관련",
        "TTL_USE_AMT": 121936.0
      },
      {
        "PST_YYYYMM": "202511",
        "BRD_CD": "ST",
        "BRD_NM": "SERGIO TACCHINI",
        "CTGR1": "지급수수료",
        "CTGR2": "지급수수료",
        "CTGR3": "지급수수료_인사채용",
        "GL_NM": "지급수수료_인사채용",
        "TTL_USE_AMT": 15400.0
      },
      {
        "PST_YYYYMM": "202511",
        "BRD_CD": "ST",
        "BRD_NM": "SERGIO TACCHINI",
        "CTGR1": "지급수수료",
        "CTGR2": "지급수수료",
        "CTGR3": "지급수수료_교육훈련",
        "GL_NM": "지급수수료_교육훈련",
        "TTL_USE_AMT": 0.0
      },
      {
        "PST_YYYYMM": "202511",
        "BRD_CD": "ST",
        "BRD_NM": "SERGIO TACCHINI",
        "CTGR1": "지급수수료",
        "CTGR2": "지급수수료",
        "CTGR3": "지급수수료_리스료(차량)",
        "GL_NM": "지급수수료_렌탈료(차량)",
        "TTL_USE_AMT": 0.0
      },
      {
        "PST_YYYYMM": "202511",
        "BRD_CD": "ST",
        "BRD_NM": "SERGIO TACCHINI",
        "CTGR1": "지급수수료",
        "CTGR2": "지급수수료",
        "CTGR3": "지급수수료_재고조사",
        "GL_NM": "지급수수료_재고조사",
        "TTL_USE_AMT": 0.0
      },
      {
        "PST_YYYYMM": "202411",
        "BRD_CD": "ST",
        "BRD_NM": "SERGIO TACCHINI",
        "CTGR1": "지급수수료",
        "CTGR2": "지급수수료",
        "CTGR3": "지급수수료_컨설팅",
        "GL_NM": "지급수수료_컨설팅",
        "TTL_USE_AMT": 0.0
      },
      {
        "PST_YYYYMM": "202411",
        "BRD_CD": "ST",
        "BRD_NM": "SERGIO TACCHINI",
        "CTGR1": "지급수수료",
        "CTGR2": "지급수수료",
        "CTGR3": "지급수수료_IT유지보수비",
        "GL_NM": "지급수수료_IT유지보수비",
        "TTL_USE_AMT": 0.0
      },
      {
        "PST_YYYYMM": "202411",
        "BRD_CD": "ST",
        "BRD_NM": "SERGIO TACCHINI",
        "CTGR1": "지급수수료",
        "CTGR2": "지급수수료",
        "CTGR3": "지급수수료_인사채용",
        "GL_NM": "지급수수료_인사채용",
        "TTL_USE_AMT": 0.0
      },
      {
        "PST_YYYYMM": "202411",
        "BRD_CD": "ST",
        "BRD_NM": "SERGIO TACCHINI",
        "CTGR1": "지급수수료",
        "CTGR2": "지급수수료",
        "CTGR3": "지급수수료_재고조사",
        "GL_NM": "지급수수료_재고조사",
        "TTL_USE_AMT": 0.0
      },
      {
        "PST_YYYYMM": "202411",
        "BRD_CD": "ST",
        "BRD_NM": "SERGIO TACCHINI",
        "CTGR1": "지급수수료",
        "CTGR2": "지급수수료",
        "CTGR3": "지급수수료_기타",
        "GL_NM": "지급수수료_수출입관련",
        "TTL_USE_AMT": 0.0
      },
      {
        "PST_YYYYMM": "202411",
        "BRD_CD": "ST",
        "BRD_NM": "SERGIO TACCHINI",
        "CTGR1": "지급수수료",
        "CTGR2": "지급수수료",
        "CTGR3": "지급수수료_교육훈련",
        "GL_NM": "지급수수료_교육훈련",
        "TTL_USE_AMT": 0.0
      },
      {
        "PST_YYYYMM": "202511",
        "BRD_CD": "ST",
        "BRD_NM": "SERGIO TACCHINI",
        "CTGR1": "지급수수료",
        "CTGR2": "지급수수료",
        "CTGR3": "지급수수료_IT유지보수비",
        "GL_NM": "지급수수료_IT유지보수비",
        "TTL_USE_AMT": 0.0
      },
      {
        "PST_YYYYMM": "202511",
        "BRD_CD": "ST",
        "BRD_NM": "SERGIO TACCHINI",
        "CTGR1": "지급수수료",
        "CTGR2": "지급수수료",
        "CTGR3": "지급수수료_기타",
        "GL_NM": "지급수수료_폐기물처리",
        "TTL_USE_AMT": 0.0
      }
    ]
  },
  "trend_data": {
    "trend_months": [
      "202412",
      "202501",
      "202502",
      "202503",
      "202504",
      "202505",
      "202506",
      "202507",
      "202508",
      "202509",
      "202510",
      "202511"
    ],
    "monthly_totals": [
      {
        "yyyymm": "202412",
        "total_amount": 45.62
      },
      {
        "yyyymm": "202501",
        "total_amount": 39.49
      },
      {
        "yyyymm": "202502",
        "total_amount": 39.39
      },
      {
        "yyyymm": "202503",
        "total_amount": 30.55
      },
      {
        "yyyymm": "202504",
        "total_amount": 146.48
      },
      {
        "yyyymm": "202505",
        "total_amount": 30.72
      },
      {
        "yyyymm": "202506",
        "total_amount": 45.19
      },
      {
        "yyyymm": "202507",
        "total_amount": 38.2
      },
      {
        "yyyymm": "202508",
        "total_amount": 34.87
      },
      {
        "yyyymm": "202509",
        "total_amount": 30.85
      },
      {
        "yyyymm": "202510",
        "total_amount": 60.53
      },
      {
        "yyyymm": "202511",
        "total_amount": 29.33
      }
    ],
    "monthly_details": [
      {
        "yyyymm": "202412",
        "ctgr2": "지급수수료",
        "ctgr3": "지급수수료_온라인몰운영비",
        "gl_nm": "지급수수료_온라인몰운영비",
        "amount": 18.0
      },
      {
        "yyyymm": "202412",
        "ctgr2": "지급수수료",
        "ctgr3": "지급수수료_기타",
        "gl_nm": "지급수수료_지급용역비",
        "amount": 10.49
      },
      {
        "yyyymm": "202412",
        "ctgr2": "지급수수료",
        "ctgr3": "지급수수료_기타",
        "gl_nm": "지급수수료_기타",
        "amount": 9.45
      },
      {
        "yyyymm": "202412",
        "ctgr2": "지급수수료",
        "ctgr3": "지급수수료_IT사용료",
        "gl_nm": "지급수수료_IT사용료",
        "amount": 2.59
      },
      {
        "yyyymm": "202412",
        "ctgr2": "지급수수료",
        "ctgr3": "지급수수료_퀵서비스",
        "gl_nm": "지급수수료_퀵서비스",
        "amount": 1.49
      },
      {
        "yyyymm": "202412",
        "ctgr2": "지급수수료",
        "ctgr3": "지급수수료_리스료(차량)",
        "gl_nm": "지급수수료_렌탈료(차량)",
        "amount": 1.16
      },
      {
        "yyyymm": "202412",
        "ctgr2": "지급수수료",
        "ctgr3": "지급수수료_재고조사",
        "gl_nm": "지급수수료_재고조사",
        "amount": 1.13
      },
      {
        "yyyymm": "202412",
        "ctgr2": "지급수수료",
        "ctgr3": "지급수수료_리스료(차량제외)",
        "gl_nm": "지급수수료_렌탈료(차량제외)",
        "amount": 0.92
      },
      {
        "yyyymm": "202412",
        "ctgr2": "지급수수료",
        "ctgr3": "지급수수료_IT유지보수비",
        "gl_nm": "지급수수료_IT유지보수비",
        "amount": 0.2
      },
      {
        "yyyymm": "202412",
        "ctgr2": "지급수수료",
        "ctgr3": "지급수수료_보안",
        "gl_nm": "지급수수료_보안",
        "amount": 0.19
      },
      {
        "yyyymm": "202412",
        "ctgr2": "지급수수료",
        "ctgr3": "지급수수료_인사채용",
        "gl_nm": "지급수수료_인사채용",
        "amount": 0.01
      },
      {
        "yyyymm": "202412",
        "ctgr2": "지급수수료",
        "ctgr3": "지급수수료_교육훈련",
        "gl_nm": "지급수수료_교육훈련",
        "amount": 0.0
      },
      {
        "yyyymm": "202412",
        "ctgr2": "지급수수료",
        "ctgr3": "지급수수료_공사비",
        "gl_nm": "지급수수료_공사비",
        "amount": 0.0
      },
      {
        "yyyymm": "202412",
        "ctgr2": "지급수수료",
        "ctgr3": "지급수수료_컨설팅",
        "gl_nm": "지급수수료_컨설팅",
        "amount": 0.0
      },
      {
        "yyyymm": "202412",
        "ctgr2": "지급수수료",
        "ctgr3": "지급수수료_기타",
        "gl_nm": "지급수수료_수출입관련",
        "amount": 0.0
      },
      {
        "yyyymm": "202501",
        "ctgr2": "지급수수료",
        "ctgr3": "지급수수료_온라인몰운영비",
        "gl_nm": "지급수수료_온라인몰운영비",
        "amount": 18.0
      },
      {
        "yyyymm": "202501",
        "ctgr2": "지급수수료",
        "ctgr3": "지급수수료_기타",
        "gl_nm": "지급수수료_지급용역비",
        "amount": 10.88
      },
      {
        "yyyymm": "202501",
        "ctgr2": "지급수수료",
        "ctgr3": "지급수수료_기타",
        "gl_nm": "지급수수료_기타",
        "amount": 3.72
      },
      {
        "yyyymm": "202501",
        "ctgr2": "지급수수료",
        "ctgr3": "지급수수료_IT사용료",
        "gl_nm": "지급수수료_IT사용료",
        "amount": 2.59
      },
      {
        "yyyymm": "202501",
        "ctgr2": "지급수수료",
        "ctgr3": "지급수수료_퀵서비스",
        "gl_nm": "지급수수료_퀵서비스",
        "amount": 1.55
      },
      {
        "yyyymm": "202501",
        "ctgr2": "지급수수료",
        "ctgr3": "지급수수료_리스료(차량)",
        "gl_nm": "지급수수료_렌탈료(차량)",
        "amount": 1.16
      },
      {
        "yyyymm": "202501",
        "ctgr2": "지급수수료",
        "ctgr3": "지급수수료_리스료(차량제외)",
        "gl_nm": "지급수수료_렌탈료(차량제외)",
        "amount": 0.92
      },
      {
        "yyyymm": "202501",
        "ctgr2": "지급수수료",
        "ctgr3": "지급수수료_재고조사",
        "gl_nm": "지급수수료_재고조사",
        "amount": 0.41
      },
      {
        "yyyymm": "202501",
        "ctgr2": "지급수수료",
        "ctgr3": "지급수수료_보안",
        "gl_nm": "지급수수료_보안",
        "amount": 0.26
      },
      {
        "yyyymm": "202501",
        "ctgr2": "지급수수료",
        "ctgr3": "지급수수료_IT유지보수비",
        "gl_nm": "지급수수료_IT유지보수비",
        "amount": 0.01
      },
      {
        "yyyymm": "202501",
        "ctgr2": "지급수수료",
        "ctgr3": "지급수수료_인사채용",
        "gl_nm": "지급수수료_인사채용",
        "amount": 0.0
      },
      {
        "yyyymm": "202501",
        "ctgr2": "지급수수료",
        "ctgr3": "지급수수료_기타",
        "gl_nm": "지급수수료_폐기물처리",
        "amount": 0.0
      },
      {
        "yyyymm": "202501",
        "ctgr2": "지급수수료",
        "ctgr3": "지급수수료_기타",
        "gl_nm": "지급수수료_수출입관련",
        "amount": 0.0
      },
      {
        "yyyymm": "202501",
        "ctgr2": "지급수수료",
        "ctgr3": "지급수수료_교육훈련",
        "gl_nm": "지급수수료_교육훈련",
        "amount": 0.0
      },
      {
        "yyyymm": "202502",
        "ctgr2": "지급수수료",
        "ctgr3": "지급수수료_기타",
        "gl_nm": "지급수수료_지급용역비",
        "amount": 13.29
      },
      {
        "yyyymm": "202502",
        "ctgr2": "지급수수료",
        "ctgr3": "지급수수료_온라인몰운영비",
        "gl_nm": "지급수수료_온라인몰운영비",
        "amount": 12.0
      },
      {
        "yyyymm": "202502",
        "ctgr2": "지급수수료",
        "ctgr3": "지급수수료_기타",
        "gl_nm": "지급수수료_기타",
        "amount": 6.8
      },
      {
        "yyyymm": "202502",
        "ctgr2": "지급수수료",
        "ctgr3": "지급수수료_IT사용료",
        "gl_nm": "지급수수료_IT사용료",
        "amount": 2.34
      },
      {
        "yyyymm": "202502",
        "ctgr2": "지급수수료",
        "ctgr3": "지급수수료_리스료(차량)",
        "gl_nm": "지급수수료_렌탈료(차량)",
        "amount": 1.16
      },
      {
        "yyyymm": "202502",
        "ctgr2": "지급수수료",
        "ctgr3": "지급수수료_퀵서비스",
        "gl_nm": "지급수수료_퀵서비스",
        "amount": 0.99
      },
      {
        "yyyymm": "202502",
        "ctgr2": "지급수수료",
        "ctgr3": "지급수수료_리스료(차량제외)",
        "gl_nm": "지급수수료_렌탈료(차량제외)",
        "amount": 0.92
      },
      {
        "yyyymm": "202502",
        "ctgr2": "지급수수료",
        "ctgr3": "지급수수료_교육훈련",
        "gl_nm": "지급수수료_교육훈련",
        "amount": 0.63
      },
      {
        "yyyymm": "202502",
        "ctgr2": "지급수수료",
        "ctgr3": "지급수수료_IT유지보수비",
        "gl_nm": "지급수수료_IT유지보수비",
        "amount": 0.59
      },
      {
        "yyyymm": "202502",
        "ctgr2": "지급수수료",
        "ctgr3": "지급수수료_재고조사",
        "gl_nm": "지급수수료_재고조사",
        "amount": 0.44
      },
      {
        "yyyymm": "202502",
        "ctgr2": "지급수수료",
        "ctgr3": "지급수수료_보안",
        "gl_nm": "지급수수료_보안",
        "amount": 0.24
      },
      {
        "yyyymm": "202502",
        "ctgr2": "지급수수료",
        "ctgr3": "지급수수료_기타",
        "gl_nm": "지급수수료_폐기물처리",
        "amount": 0.0
      },
      {
        "yyyymm": "202502",
        "ctgr2": "지급수수료",
        "ctgr3": "지급수수료_기타",
        "gl_nm": "지급수수료_수출입관련",
        "amount": 0.0
      },
      {
        "yyyymm": "202502",
        "ctgr2": "지급수수료",
        "ctgr3": "지급수수료_인사채용",
        "gl_nm": "지급수수료_인사채용",
        "amount": 0.0
      },
      {
        "yyyymm": "202503",
        "ctgr2": "지급수수료",
        "ctgr3": "지급수수료_온라인몰운영비",
        "gl_nm": "지급수수료_온라인몰운영비",
        "amount": 12.0
      },
      {
        "yyyymm": "202503",
        "ctgr2": "지급수수료",
        "ctgr3": "지급수수료_기타",
        "gl_nm": "지급수수료_지급용역비",
        "amount": 11.51
      },
      {
        "yyyymm": "202503",
        "ctgr2": "지급수수료",
        "ctgr3": "지급수수료_IT사용료",
        "gl_nm": "지급수수료_IT사용료",
        "amount": 2.55
      },
      {
        "yyyymm": "202503",
        "ctgr2": "지급수수료",
        "ctgr3": "지급수수료_퀵서비스",
        "gl_nm": "지급수수료_퀵서비스",
        "amount": 1.34
      },
      {
        "yyyymm": "202503",
        "ctgr2": "지급수수료",
        "ctgr3": "지급수수료_리스료(차량)",
        "gl_nm": "지급수수료_렌탈료(차량)",
        "amount": 1.16
      },
      {
        "yyyymm": "202503",
        "ctgr2": "지급수수료",
        "ctgr3": "지급수수료_리스료(차량제외)",
        "gl_nm": "지급수수료_렌탈료(차량제외)",
        "amount": 0.92
      },
      {
        "yyyymm": "202503",
        "ctgr2": "지급수수료",
        "ctgr3": "지급수수료_IT유지보수비",
        "gl_nm": "지급수수료_IT유지보수비",
        "amount": 0.41
      },
      {
        "yyyymm": "202503",
        "ctgr2": "지급수수료",
        "ctgr3": "지급수수료_재고조사",
        "gl_nm": "지급수수료_재고조사",
        "amount": 0.4
      },
      {
        "yyyymm": "202503",
        "ctgr2": "지급수수료",
        "ctgr3": "지급수수료_보안",
        "gl_nm": "지급수수료_보안",
        "amount": 0.25
      },
      {
        "yyyymm": "202503",
        "ctgr2": "지급수수료",
        "ctgr3": "지급수수료_기타",
        "gl_nm": "지급수수료_기타",
        "amount": 0.01
      },
      {
        "yyyymm": "202503",
        "ctgr2": "지급수수료",
        "ctgr3": "지급수수료_기타",
        "gl_nm": "지급수수료_폐기물처리",
        "amount": 0.0
      },
      {
        "yyyymm": "202503",
        "ctgr2": "지급수수료",
        "ctgr3": "지급수수료_인사채용",
        "gl_nm": "지급수수료_인사채용",
        "amount": 0.0
      },
      {
        "yyyymm": "202503",
        "ctgr2": "지급수수료",
        "ctgr3": "지급수수료_기타",
        "gl_nm": "지급수수료_수출입관련",
        "amount": 0.0
      },
      {
        "yyyymm": "202503",
        "ctgr2": "지급수수료",
        "ctgr3": "지급수수료_교육훈련",
        "gl_nm": "지급수수료_교육훈련",
        "amount": 0.0
      },
      {
        "yyyymm": "202504",
        "ctgr2": "지급수수료",
        "ctgr3": "지급수수료_기타",
        "gl_nm": "지급수수료_수출입관련",
        "amount": 114.97
      },
      {
        "yyyymm": "202504",
        "ctgr2": "지급수수료",
        "ctgr3": "지급수수료_기타",
        "gl_nm": "지급수수료_지급용역비",
        "amount": 12.41
      },
      {
        "yyyymm": "202504",
        "ctgr2": "지급수수료",
        "ctgr3": "지급수수료_온라인몰운영비",
        "gl_nm": "지급수수료_온라인몰운영비",
        "amount": 12.0
      },
      {
        "yyyymm": "202504",
        "ctgr2": "지급수수료",
        "ctgr3": "지급수수료_IT사용료",
        "gl_nm": "지급수수료_IT사용료",
        "amount": 2.38
      },
      {
        "yyyymm": "202504",
        "ctgr2": "지급수수료",
        "ctgr3": "지급수수료_퀵서비스",
        "gl_nm": "지급수수료_퀵서비스",
        "amount": 1.55
      },
      {
        "yyyymm": "202504",
        "ctgr2": "지급수수료",
        "ctgr3": "지급수수료_리스료(차량)",
        "gl_nm": "지급수수료_렌탈료(차량)",
        "amount": 1.16
      },
      {
        "yyyymm": "202504",
        "ctgr2": "지급수수료",
        "ctgr3": "지급수수료_리스료(차량제외)",
        "gl_nm": "지급수수료_렌탈료(차량제외)",
        "amount": 0.92
      },
      {
        "yyyymm": "202504",
        "ctgr2": "지급수수료",
        "ctgr3": "지급수수료_기타",
        "gl_nm": "지급수수료_폐기물처리",
        "amount": 0.8
      },
      {
        "yyyymm": "202504",
        "ctgr2": "지급수수료",
        "ctgr3": "지급수수료_보안",
        "gl_nm": "지급수수료_보안",
        "amount": 0.21
      },
      {
        "yyyymm": "202504",
        "ctgr2": "지급수수료",
        "ctgr3": "지급수수료_IT유지보수비",
        "gl_nm": "지급수수료_IT유지보수비",
        "amount": 0.07
      },
      {
        "yyyymm": "202504",
        "ctgr2": "지급수수료",
        "ctgr3": "지급수수료_기타",
        "gl_nm": "지급수수료_기타",
        "amount": 0.03
      },
      {
        "yyyymm": "202504",
        "ctgr2": "지급수수료",
        "ctgr3": "지급수수료_교육훈련",
        "gl_nm": "지급수수료_교육훈련",
        "amount": 0.0
      },
      {
        "yyyymm": "202504",
        "ctgr2": "지급수수료",
        "ctgr3": "지급수수료_재고조사",
        "gl_nm": "지급수수료_재고조사",
        "amount": 0.0
      },
      {
        "yyyymm": "202504",
        "ctgr2": "지급수수료",
        "ctgr3": "지급수수료_인사채용",
        "gl_nm": "지급수수료_인사채용",
        "amount": 0.0
      },
      {
        "yyyymm": "202505",
        "ctgr2": "지급수수료",
        "ctgr3": "지급수수료_온라인몰운영비",
        "gl_nm": "지급수수료_온라인몰운영비",
        "amount": 12.0
      },
      {
        "yyyymm": "202505",
        "ctgr2": "지급수수료",
        "ctgr3": "지급수수료_기타",
        "gl_nm": "지급수수료_지급용역비",
        "amount": 11.19
      },
      {
        "yyyymm": "202505",
        "ctgr2": "지급수수료",
        "ctgr3": "지급수수료_IT사용료",
        "gl_nm": "지급수수료_IT사용료",
        "amount": 2.38
      },
      {
        "yyyymm": "202505",
        "ctgr2": "지급수수료",
        "ctgr3": "지급수수료_IT유지보수비",
        "gl_nm": "지급수수료_IT유지보수비",
        "amount": 1.24
      },
      {
        "yyyymm": "202505",
        "ctgr2": "지급수수료",
        "ctgr3": "지급수수료_리스료(차량)",
        "gl_nm": "지급수수료_렌탈료(차량)",
        "amount": 1.16
      },
      {
        "yyyymm": "202505",
        "ctgr2": "지급수수료",
        "ctgr3": "지급수수료_리스료(차량제외)",
        "gl_nm": "지급수수료_렌탈료(차량제외)",
        "amount": 0.92
      },
      {
        "yyyymm": "202505",
        "ctgr2": "지급수수료",
        "ctgr3": "지급수수료_퀵서비스",
        "gl_nm": "지급수수료_퀵서비스",
        "amount": 0.64
      },
      {
        "yyyymm": "202505",
        "ctgr2": "지급수수료",
        "ctgr3": "지급수수료_보안",
        "gl_nm": "지급수수료_보안",
        "amount": 0.47
      },
      {
        "yyyymm": "202505",
        "ctgr2": "지급수수료",
        "ctgr3": "지급수수료_기타",
        "gl_nm": "지급수수료_기타",
        "amount": 0.36
      },
      {
        "yyyymm": "202505",
        "ctgr2": "지급수수료",
        "ctgr3": "지급수수료_재고조사",
        "gl_nm": "지급수수료_재고조사",
        "amount": 0.36
      },
      {
        "yyyymm": "202505",
        "ctgr2": "지급수수료",
        "ctgr3": "지급수수료_기타",
        "gl_nm": "지급수수료_수출입관련",
        "amount": 0.03
      },
      {
        "yyyymm": "202505",
        "ctgr2": "지급수수료",
        "ctgr3": "지급수수료_기타",
        "gl_nm": "지급수수료_폐기물처리",
        "amount": 0.0
      },
      {
        "yyyymm": "202505",
        "ctgr2": "지급수수료",
        "ctgr3": "지급수수료_인사채용",
        "gl_nm": "지급수수료_인사채용",
        "amount": 0.0
      },
      {
        "yyyymm": "202505",
        "ctgr2": "지급수수료",
        "ctgr3": "지급수수료_교육훈련",
        "gl_nm": "지급수수료_교육훈련",
        "amount": 0.0
      },
      {
        "yyyymm": "202506",
        "ctgr2": "지급수수료",
        "ctgr3": "지급수수료_기타",
        "gl_nm": "지급수수료_기타",
        "amount": 28.78
      },
      {
        "yyyymm": "202506",
        "ctgr2": "지급수수료",
        "ctgr3": "지급수수료_온라인몰운영비",
        "gl_nm": "지급수수료_온라인몰운영비",
        "amount": 12.02
      },
      {
        "yyyymm": "202506",
        "ctgr2": "지급수수료",
        "ctgr3": "지급수수료_기타",
        "gl_nm": "지급수수료_지급용역비",
        "amount": 8.04
      },
      {
        "yyyymm": "202506",
        "ctgr2": "지급수수료",
        "ctgr3": "지급수수료_IT사용료",
        "gl_nm": "지급수수료_IT사용료",
        "amount": 2.39
      },
      {
        "yyyymm": "202506",
        "ctgr2": "지급수수료",
        "ctgr3": "지급수수료_리스료(차량)",
        "gl_nm": "지급수수료_렌탈료(차량)",
        "amount": 1.16
      },
      {
        "yyyymm": "202506",
        "ctgr2": "지급수수료",
        "ctgr3": "지급수수료_퀵서비스",
        "gl_nm": "지급수수료_퀵서비스",
        "amount": 0.41
      },
      {
        "yyyymm": "202506",
        "ctgr2": "지급수수료",
        "ctgr3": "지급수수료_리스료(차량제외)",
        "gl_nm": "지급수수료_렌탈료(차량제외)",
        "amount": 0.34
      },
      {
        "yyyymm": "202506",
        "ctgr2": "지급수수료",
        "ctgr3": "지급수수료_보안",
        "gl_nm": "지급수수료_보안",
        "amount": 0.33
      },
      {
        "yyyymm": "202506",
        "ctgr2": "지급수수료",
        "ctgr3": "지급수수료_IT유지보수비",
        "gl_nm": "지급수수료_IT유지보수비",
        "amount": 0.02
      },
      {
        "yyyymm": "202506",
        "ctgr2": "지급수수료",
        "ctgr3": "지급수수료_인사채용",
        "gl_nm": "지급수수료_인사채용",
        "amount": 0.0
      },
      {
        "yyyymm": "202506",
        "ctgr2": "지급수수료",
        "ctgr3": "지급수수료_재고조사",
        "gl_nm": "지급수수료_재고조사",
        "amount": 0.0
      },
      {
        "yyyymm": "202506",
        "ctgr2": "지급수수료",
        "ctgr3": "지급수수료_기타",
        "gl_nm": "지급수수료_폐기물처리",
        "amount": 0.0
      },
      {
        "yyyymm": "202506",
        "ctgr2": "지급수수료",
        "ctgr3": "지급수수료_교육훈련",
        "gl_nm": "지급수수료_교육훈련",
        "amount": 0.0
      },
      {
        "yyyymm": "202506",
        "ctgr2": "지급수수료",
        "ctgr3": "지급수수료_기타",
        "gl_nm": "지급수수료_수출입관련",
        "amount": -8.28
      },
      {
        "yyyymm": "202507",
        "ctgr2": "지급수수료",
        "ctgr3": "지급수수료_온라인몰운영비",
        "gl_nm": "지급수수료_온라인몰운영비",
        "amount": 12.0
      },
      {
        "yyyymm": "202507",
        "ctgr2": "지급수수료",
        "ctgr3": "지급수수료_기타",
        "gl_nm": "지급수수료_지급용역비",
        "amount": 10.05
      },
      {
        "yyyymm": "202507",
        "ctgr2": "지급수수료",
        "ctgr3": "지급수수료_기타",
        "gl_nm": "지급수수료_기타",
        "amount": 7.03
      },
      {
        "yyyymm": "202507",
        "ctgr2": "지급수수료",
        "ctgr3": "지급수수료_기타",
        "gl_nm": "지급수수료_수출입관련",
        "amount": 3.58
      },
      {
        "yyyymm": "202507",
        "ctgr2": "지급수수료",
        "ctgr3": "지급수수료_IT사용료",
        "gl_nm": "지급수수료_IT사용료",
        "amount": 2.46
      },
      {
        "yyyymm": "202507",
        "ctgr2": "지급수수료",
        "ctgr3": "지급수수료_리스료(차량)",
        "gl_nm": "지급수수료_렌탈료(차량)",
        "amount": 1.16
      },
      {
        "yyyymm": "202507",
        "ctgr2": "지급수수료",
        "ctgr3": "지급수수료_퀵서비스",
        "gl_nm": "지급수수료_퀵서비스",
        "amount": 1.02
      },
      {
        "yyyymm": "202507",
        "ctgr2": "지급수수료",
        "ctgr3": "지급수수료_교육훈련",
        "gl_nm": "지급수수료_교육훈련",
        "amount": 0.54
      },
      {
        "yyyymm": "202507",
        "ctgr2": "지급수수료",
        "ctgr3": "지급수수료_재고조사",
        "gl_nm": "지급수수료_재고조사",
        "amount": 0.5
      },
      {
        "yyyymm": "202507",
        "ctgr2": "지급수수료",
        "ctgr3": "지급수수료_리스료(차량제외)",
        "gl_nm": "지급수수료_렌탈료(차량제외)",
        "amount": 0.45
      },
      {
        "yyyymm": "202507",
        "ctgr2": "지급수수료",
        "ctgr3": "지급수수료_보안",
        "gl_nm": "지급수수료_보안",
        "amount": 0.26
      },
      {
        "yyyymm": "202507",
        "ctgr2": "지급수수료",
        "ctgr3": "지급수수료_인사채용",
        "gl_nm": "지급수수료_인사채용",
        "amount": 0.0
      },
      {
        "yyyymm": "202507",
        "ctgr2": "지급수수료",
        "ctgr3": "지급수수료_기타",
        "gl_nm": "지급수수료_폐기물처리",
        "amount": 0.0
      },
      {
        "yyyymm": "202507",
        "ctgr2": "지급수수료",
        "ctgr3": "지급수수료_IT유지보수비",
        "gl_nm": "지급수수료_IT유지보수비",
        "amount": -0.84
      },
      {
        "yyyymm": "202508",
        "ctgr2": "지급수수료",
        "ctgr3": "지급수수료_온라인몰운영비",
        "gl_nm": "지급수수료_온라인몰운영비",
        "amount": 12.0
      },
      {
        "yyyymm": "202508",
        "ctgr2": "지급수수료",
        "ctgr3": "지급수수료_기타",
        "gl_nm": "지급수수료_지급용역비",
        "amount": 11.62
      },
      {
        "yyyymm": "202508",
        "ctgr2": "지급수수료",
        "ctgr3": "지급수수료_IT사용료",
        "gl_nm": "지급수수료_IT사용료",
        "amount": 4.52
      },
      {
        "yyyymm": "202508",
        "ctgr2": "지급수수료",
        "ctgr3": "지급수수료_기타",
        "gl_nm": "지급수수료_기타",
        "amount": 3.37
      },
      {
        "yyyymm": "202508",
        "ctgr2": "지급수수료",
        "ctgr3": "지급수수료_리스료(차량)",
        "gl_nm": "지급수수료_렌탈료(차량)",
        "amount": 1.16
      },
      {
        "yyyymm": "202508",
        "ctgr2": "지급수수료",
        "ctgr3": "지급수수료_퀵서비스",
        "gl_nm": "지급수수료_퀵서비스",
        "amount": 0.93
      },
      {
        "yyyymm": "202508",
        "ctgr2": "지급수수료",
        "ctgr3": "지급수수료_보안",
        "gl_nm": "지급수수료_보안",
        "amount": 0.79
      },
      {
        "yyyymm": "202508",
        "ctgr2": "지급수수료",
        "ctgr3": "지급수수료_리스료(차량제외)",
        "gl_nm": "지급수수료_렌탈료(차량제외)",
        "amount": 0.35
      },
      {
        "yyyymm": "202508",
        "ctgr2": "지급수수료",
        "ctgr3": "지급수수료_IT유지보수비",
        "gl_nm": "지급수수료_IT유지보수비",
        "amount": 0.1
      },
      {
        "yyyymm": "202508",
        "ctgr2": "지급수수료",
        "ctgr3": "지급수수료_인사채용",
        "gl_nm": "지급수수료_인사채용",
        "amount": 0.02
      },
      {
        "yyyymm": "202508",
        "ctgr2": "지급수수료",
        "ctgr3": "지급수수료_기타",
        "gl_nm": "지급수수료_수출입관련",
        "amount": 0.02
      },
      {
        "yyyymm": "202508",
        "ctgr2": "지급수수료",
        "ctgr3": "지급수수료_기타",
        "gl_nm": "지급수수료_폐기물처리",
        "amount": 0.0
      },
      {
        "yyyymm": "202508",
        "ctgr2": "지급수수료",
        "ctgr3": "지급수수료_교육훈련",
        "gl_nm": "지급수수료_교육훈련",
        "amount": 0.0
      },
      {
        "yyyymm": "202508",
        "ctgr2": "지급수수료",
        "ctgr3": "지급수수료_재고조사",
        "gl_nm": "지급수수료_재고조사",
        "amount": 0.0
      },
      {
        "yyyymm": "202509",
        "ctgr2": "지급수수료",
        "ctgr3": "지급수수료_기타",
        "gl_nm": "지급수수료_지급용역비",
        "amount": 12.64
      },
      {
        "yyyymm": "202509",
        "ctgr2": "지급수수료",
        "ctgr3": "지급수수료_온라인몰운영비",
        "gl_nm": "지급수수료_온라인몰운영비",
        "amount": 12.0
      },
      {
        "yyyymm": "202509",
        "ctgr2": "지급수수료",
        "ctgr3": "지급수수료_IT사용료",
        "gl_nm": "지급수수료_IT사용료",
        "amount": 2.84
      },
      {
        "yyyymm": "202509",
        "ctgr2": "지급수수료",
        "ctgr3": "지급수수료_보안",
        "gl_nm": "지급수수료_보안",
        "amount": 2.46
      },
      {
        "yyyymm": "202509",
        "ctgr2": "지급수수료",
        "ctgr3": "지급수수료_재고조사",
        "gl_nm": "지급수수료_재고조사",
        "amount": 1.47
      },
      {
        "yyyymm": "202509",
        "ctgr2": "지급수수료",
        "ctgr3": "지급수수료_리스료(차량)",
        "gl_nm": "지급수수료_렌탈료(차량)",
        "amount": 1.15
      },
      {
        "yyyymm": "202509",
        "ctgr2": "지급수수료",
        "ctgr3": "지급수수료_퀵서비스",
        "gl_nm": "지급수수료_퀵서비스",
        "amount": 0.79
      },
      {
        "yyyymm": "202509",
        "ctgr2": "지급수수료",
        "ctgr3": "지급수수료_기타",
        "gl_nm": "지급수수료_기타",
        "amount": 0.51
      },
      {
        "yyyymm": "202509",
        "ctgr2": "지급수수료",
        "ctgr3": "지급수수료_리스료(차량제외)",
        "gl_nm": "지급수수료_렌탈료(차량제외)",
        "amount": 0.38
      },
      {
        "yyyymm": "202509",
        "ctgr2": "지급수수료",
        "ctgr3": "지급수수료_기타",
        "gl_nm": "지급수수료_폐기물처리",
        "amount": 0.0
      },
      {
        "yyyymm": "202509",
        "ctgr2": "지급수수료",
        "ctgr3": "지급수수료_인사채용",
        "gl_nm": "지급수수료_인사채용",
        "amount": 0.0
      },
      {
        "yyyymm": "202509",
        "ctgr2": "지급수수료",
        "ctgr3": "지급수수료_교육훈련",
        "gl_nm": "지급수수료_교육훈련",
        "amount": 0.0
      },
      {
        "yyyymm": "202509",
        "ctgr2": "지급수수료",
        "ctgr3": "지급수수료_IT유지보수비",
        "gl_nm": "지급수수료_IT유지보수비",
        "amount": 0.0
      },
      {
        "yyyymm": "202509",
        "ctgr2": "지급수수료",
        "ctgr3": "지급수수료_기타",
        "gl_nm": "지급수수료_수출입관련",
        "amount": -3.39
      },
      {
        "yyyymm": "202510",
        "ctgr2": "지급수수료",
        "ctgr3": "지급수수료_인사채용",
        "gl_nm": "지급수수료_인사채용",
        "amount": 29.0
      },
      {
        "yyyymm": "202510",
        "ctgr2": "지급수수료",
        "ctgr3": "지급수수료_온라인몰운영비",
        "gl_nm": "지급수수료_온라인몰운영비",
        "amount": 12.0
      },
      {
        "yyyymm": "202510",
        "ctgr2": "지급수수료",
        "ctgr3": "지급수수료_기타",
        "gl_nm": "지급수수료_지급용역비",
        "amount": 11.37
      },
      {
        "yyyymm": "202510",
        "ctgr2": "지급수수료",
        "ctgr3": "지급수수료_IT사용료",
        "gl_nm": "지급수수료_IT사용료",
        "amount": 3.03
      },
      {
        "yyyymm": "202510",
        "ctgr2": "지급수수료",
        "ctgr3": "지급수수료_보안",
        "gl_nm": "지급수수료_보안",
        "amount": 1.42
      },
      {
        "yyyymm": "202510",
        "ctgr2": "지급수수료",
        "ctgr3": "지급수수료_기타",
        "gl_nm": "지급수수료_수출입관련",
        "amount": 1.31
      },
      {
        "yyyymm": "202510",
        "ctgr2": "지급수수료",
        "ctgr3": "지급수수료_재고조사",
        "gl_nm": "지급수수료_재고조사",
        "amount": 1.19
      },
      {
        "yyyymm": "202510",
        "ctgr2": "지급수수료",
        "ctgr3": "지급수수료_기타",
        "gl_nm": "지급수수료_기타",
        "amount": 0.44
      },
      {
        "yyyymm": "202510",
        "ctgr2": "지급수수료",
        "ctgr3": "지급수수료_퀵서비스",
        "gl_nm": "지급수수료_퀵서비스",
        "amount": 0.44
      },
      {
        "yyyymm": "202510",
        "ctgr2": "지급수수료",
        "ctgr3": "지급수수료_리스료(차량제외)",
        "gl_nm": "지급수수료_렌탈료(차량제외)",
        "amount": 0.33
      },
      {
        "yyyymm": "202510",
        "ctgr2": "지급수수료",
        "ctgr3": "지급수수료_리스료(차량)",
        "gl_nm": "지급수수료_렌탈료(차량)",
        "amount": 0.0
      },
      {
        "yyyymm": "202510",
        "ctgr2": "지급수수료",
        "ctgr3": "지급수수료_기타",
        "gl_nm": "지급수수료_폐기물처리",
        "amount": 0.0
      },
      {
        "yyyymm": "202510",
        "ctgr2": "지급수수료",
        "ctgr3": "지급수수료_IT유지보수비",
        "gl_nm": "지급수수료_IT유지보수비",
        "amount": 0.0
      },
      {
        "yyyymm": "202510",
        "ctgr2": "지급수수료",
        "ctgr3": "지급수수료_교육훈련",
        "gl_nm": "지급수수료_교육훈련",
        "amount": 0.0
      },
      {
        "yyyymm": "202511",
        "ctgr2": "지급수수료",
        "ctgr3": "지급수수료_온라인몰운영비",
        "gl_nm": "지급수수료_온라인몰운영비",
        "amount": 12.0
      },
      {
        "yyyymm": "202511",
        "ctgr2": "지급수수료",
        "ctgr3": "지급수수료_기타",
        "gl_nm": "지급수수료_지급용역비",
        "amount": 11.88
      },
      {
        "yyyymm": "202511",
        "ctgr2": "지급수수료",
        "ctgr3": "지급수수료_IT사용료",
        "gl_nm": "지급수수료_IT사용료",
        "amount": 3.25
      },
      {
        "yyyymm": "202511",
        "ctgr2": "지급수수료",
        "ctgr3": "지급수수료_퀵서비스",
        "gl_nm": "지급수수료_퀵서비스",
        "amount": 0.62
      },
      {
        "yyyymm": "202511",
        "ctgr2": "지급수수료",
        "ctgr3": "지급수수료_기타",
        "gl_nm": "지급수수료_기타",
        "amount": 0.57
      },
      {
        "yyyymm": "202511",
        "ctgr2": "지급수수료",
        "ctgr3": "지급수수료_보안",
        "gl_nm": "지급수수료_보안",
        "amount": 0.52
      },
      {
        "yyyymm": "202511",
        "ctgr2": "지급수수료",
        "ctgr3": "지급수수료_리스료(차량제외)",
        "gl_nm": "지급수수료_렌탈료(차량제외)",
        "amount": 0.36
      },
      {
        "yyyymm": "202511",
        "ctgr2": "지급수수료",
        "ctgr3": "지급수수료_기타",
        "gl_nm": "지급수수료_수출입관련",
        "amount": 0.12
      },
      {
        "yyyymm": "202511",
        "ctgr2": "지급수수료",
        "ctgr3": "지급수수료_인사채용",
        "gl_nm": "지급수수료_인사채용",
        "amount": 0.02
      },
      {
        "yyyymm": "202511",
        "ctgr2": "지급수수료",
        "ctgr3": "지급수수료_IT유지보수비",
        "gl_nm": "지급수수료_IT유지보수비",
        "amount": 0.0
      },
      {
        "yyyymm": "202511",
        "ctgr2": "지급수수료",
        "ctgr3": "지급수수료_재고조사",
        "gl_nm": "지급수수료_재고조사",
        "amount": 0.0
      },
      {
        "yyyymm": "202511",
        "ctgr2": "지급수수료",
        "ctgr3": "지급수수료_교육훈련",
        "gl_nm": "지급수수료_교육훈련",
        "amount": 0.0
      },
      {
        "yyyymm": "202511",
        "ctgr2": "지급수수료",
        "ctgr3": "지급수수료_기타",
        "gl_nm": "지급수수료_폐기물처리",
        "amount": 0.0
      },
      {
        "yyyymm": "202511",
        "ctgr2": "지급수수료",
        "ctgr3": "지급수수료_리스료(차량)",
        "gl_nm": "지급수수료_렌탈료(차량)",
        "amount": 0.0
      }
    ]
  }
}