{
  "country": "KR",
  "brand_cd": "W",
  "yyyymm": "202511",
  "key": "영업비",
  "sub_key": "제간비",
  "analysis_data": {
    "title": "제간비 분석",
    "sections": [
      {
        "div": "종합분석-1",
        "sub_title": "투자 방향성 종합 평가",
        "ai_text": "SUPRA 브랜드의 2024년 11월과 2025년 11월 제간비 분석 결과, 두 기간 모두 제간비 투자가 전혀 없는 상황입니다. 물류운송비와 물류용역비 항목이 존재하나 실제 집행액은 0백만원으로, SUPRA 브랜드의 제간비 운영이 완전히 중단된 상태로 판단됩니다. 이는 브랜드 운영 전략의 근본적 변화 또는 예산 배분의 극단적 축소를 의미합니다."
      },
      {
        "div": "종합분석-2",
        "sub_title": "효율적 투자 영역",
        "ai_text": "현재 데이터상으로는 효율적 투자 영역을 식별할 수 없습니다:\n\n• 물류운송비: 2024년 11월 0백만원 → 2025년 11월 0백만원으로 투자 없음\n• 물류용역비: 2024년 11월 0백만원 → 2025년 11월 0백만원으로 투자 없음\n• 전체 제간비 규모가 0백만원으로 브랜드 운영을 위한 기본적인 제간비 투자조차 부재한 상황\n• 향후 브랜드 재활성화 시 우선 투자가 필요한 영역은 물류 인프라 구축을 위한 운송비 및 용역비 확보"
      },
      {
        "div": "종합분석-3",
        "sub_title": "주의 필요 영역",
        "ai_text": "제간비 전면 중단으로 인한 운영상 리스크가 심각합니다:\n\n• 물류운영 중단 위험: 운송비와 용역비 미집행으로 인한 상품 공급망 차질 우려\n• 브랜드 운영 기반 약화: 기본적인 제간비 투자 부재로 브랜드 운영 인프라 손상 가능성\n• 경쟁력 저하: 제간비 투자 없이는 효율적인 브랜드 운영과 시장 대응력 확보 불가\n• 예산 계획 부재: 두 기간 연속 0백만원 집행은 예산 수립 및 관리 체계의 문제점 시사"
      },
      {
        "div": "종합분석-4",
        "sub_title": "이상징후 및 리스크 감지",
        "ai_text": "SUPRA 브랜드 제간비 운영에서 심각한 이상징후가 감지됩니다:\n\n• 브랜드 운영 중단 신호: 2개년 연속 제간비 0백만원은 브랜드 운영 축소 또는 중단을 강력히 시사\n• 물류 시스템 마비 위험: 물류운송비와 용역비 미투입으로 상품 유통 체계 붕괴 가능성\n• 전략적 방향성 불명확: 제간비 전면 중단의 배경과 향후 계획에 대한 명확한 전략 부재\n• 데이터 신뢰성 이슈: 실제 브랜드 운영 중이라면 최소한의 제간비는 필수적이므로, 데이터 누락 또는 분류 오류 가능성 검토 필요"
      },
      {
        "div": "종합분석-5",
        "sub_title": "마케팅 전략 최적화 방안",
        "ai_text": "### 즉시 실행 방안\n1. 브랜드 운영 상태 긴급 점검: SUPRA 브랜드의 실제 운영 현황과 제간비 데이터 정확성 검증\n2. 물류 시스템 복구: 브랜드 운영 지속 시 최소 물류운송비 및 용역비 예산 확보 필요\n3. 예산 재배분 검토: 타 계정에서 제간비로 예산 이전 또는 신규 예산 확보 방안 모색\n\n### 중장기 전략 방향\n1. 브랜드 포지셔닝 재정립: SUPRA 브랜드의 향후 운영 방향성과 투자 우선순위 재설정\n2. 효율적 제간비 구조 구축: 물류 최적화를 통한 비용 효율성 제고 및 단계적 투자 확대\n3. 통합 운영 시스템 도입: 타 브랜드와의 시너지를 통한 제간비 효율화 방안 검토\n4. 성과 측정 체계 구축: 제간비 투자 대비 브랜드 성과 측정을 위한 KPI 설정 및 모니터링 시스템 구축"
      }
    ]
  },
  "ctgr1": "제간비",
  "summary": {
    "prev_year_total": 0.0,
    "curr_year_total": 0.0,
    "change_amount": 0.0,
    "change_pct": 0,
    "investment_direction": "유지"
  },
  "categories": [
    {
      "ctgr2": "제간비",
      "ctgr3": "지급수수료_물류용역비",
      "gl_nm": "지급수수료_물류용역비",
      "prev_year": 0.0,
      "curr_year": 0.0,
      "change": 0.0,
      "change_pct": 0,
      "is_new": false,
      "is_discontinued": false
    },
    {
      "ctgr2": "제간비",
      "ctgr3": "지급수수료_물류운송비",
      "gl_nm": "지급수수료_물류운송비",
      "prev_year": 0.0,
      "curr_year": 0.0,
      "change": 0.0,
      "change_pct": 0,
      "is_new": false,
      "is_discontinued": false
    }
  ],
  "category_summary": {
    "increased": [],
    "decreased": [],
    "new_investments": [],
    "discontinued": []
  },
  "raw_data": {
    "total_records": [
      {
        "PST_YYYYMM": "202411",
        "TOTAL_AMT": 0.0
      },
      {
        "PST_YYYYMM": "202511",
        "TOTAL_AMT": 0.0
      }
    ],
    "detail_records": [
      {
        "PST_YYYYMM": "202511",
        "BRD_CD": "W",
        "BRD_NM": "SUPRA",
        "CTGR1": "제간비",
        "CTGR2": "제간비",
        "CTGR3": "지급수수료_물류운송비",
        "GL_NM": "지급수수료_물류운송비",
        "TTL_USE_AMT": 0.0
      },
      {
        "PST_YYYYMM": "202411",
        "BRD_CD": "W",
        "BRD_NM": "SUPRA",
        "CTGR1": "제간비",
        "CTGR2": "제간비",
        "CTGR3": "지급수수료_물류용역비",
        "GL_NM": "지급수수료_물류용역비",
        "TTL_USE_AMT": 0.0
      },
      {
        "PST_YYYYMM": "202411",
        "BRD_CD": "W",
        "BRD_NM": "SUPRA",
        "CTGR1": "제간비",
        "CTGR2": "제간비",
        "CTGR3": "지급수수료_물류운송비",
        "GL_NM": "지급수수료_물류운송비",
        "TTL_USE_AMT": 0.0
      },
      {
        "PST_YYYYMM": "202511",
        "BRD_CD": "W",
        "BRD_NM": "SUPRA",
        "CTGR1": "제간비",
        "CTGR2": "제간비",
        "CTGR3": "지급수수료_물류용역비",
        "GL_NM": "지급수수료_물류용역비",
        "TTL_USE_AMT": 0.0
      }
    ]
  },
  "trend_data": {
    "trend_months": [
      "202412",
      "202501",
      "202502",
      "202503",
      "202504",
      "202505",
      "202506",
      "202507",
      "202508",
      "202509",
      "202510",
      "202511"
    ],
    "monthly_totals": [
      {
        "yyyymm": "202412",
        "total_amount": 0.0
      },
      {
        "yyyymm": "202501",
        "total_amount": 0.0
      },
      {
        "yyyymm": "202502",
        "total_amount": 0.0
      },
      {
        "yyyymm": "202503",
        "total_amount": 0.0
      },
      {
        "yyyymm": "202504",
        "total_amount": 0.0
      },
      {
        "yyyymm": "202505",
        "total_amount": 0.0
      },
      {
        "yyyymm": "202506",
        "total_amount": 0.0
      },
      {
        "yyyymm": "202507",
        "total_amount": 0.0
      },
      {
        "yyyymm": "202508",
        "total_amount": 0.0
      },
      {
        "yyyymm": "202509",
        "total_amount": 0.0
      },
      {
        "yyyymm": "202510",
        "total_amount": 0.0
      },
      {
        "yyyymm": "202511",
        "total_amount": 0.0
      }
    ],
    "monthly_details": [
      {
        "yyyymm": "202412",
        "ctgr2": "제간비",
        "ctgr3": "지급수수료_물류운송비",
        "gl_nm": "지급수수료_물류운송비",
        "amount": 0.0
      },
      {
        "yyyymm": "202412",
        "ctgr2": "제간비",
        "ctgr3": "지급수수료_물류용역비",
        "gl_nm": "지급수수료_물류용역비",
        "amount": 0.0
      },
      {
        "yyyymm": "202501",
        "ctgr2": "제간비",
        "ctgr3": "지급수수료_물류용역비",
        "gl_nm": "지급수수료_물류용역비",
        "amount": 0.0
      },
      {
        "yyyymm": "202501",
        "ctgr2": "제간비",
        "ctgr3": "지급수수료_물류운송비",
        "gl_nm": "지급수수료_물류운송비",
        "amount": 0.0
      },
      {
        "yyyymm": "202502",
        "ctgr2": "제간비",
        "ctgr3": "지급수수료_물류용역비",
        "gl_nm": "지급수수료_물류용역비",
        "amount": 0.0
      },
      {
        "yyyymm": "202502",
        "ctgr2": "제간비",
        "ctgr3": "지급수수료_물류운송비",
        "gl_nm": "지급수수료_물류운송비",
        "amount": 0.0
      },
      {
        "yyyymm": "202503",
        "ctgr2": "제간비",
        "ctgr3": "지급수수료_물류용역비",
        "gl_nm": "지급수수료_물류용역비",
        "amount": 0.0
      },
      {
        "yyyymm": "202503",
        "ctgr2": "제간비",
        "ctgr3": "지급수수료_물류운송비",
        "gl_nm": "지급수수료_물류운송비",
        "amount": 0.0
      },
      {
        "yyyymm": "202504",
        "ctgr2": "제간비",
        "ctgr3": "지급수수료_물류운송비",
        "gl_nm": "지급수수료_물류운송비",
        "amount": 0.0
      },
      {
        "yyyymm": "202504",
        "ctgr2": "제간비",
        "ctgr3": "지급수수료_물류용역비",
        "gl_nm": "지급수수료_물류용역비",
        "amount": 0.0
      },
      {
        "yyyymm": "202505",
        "ctgr2": "제간비",
        "ctgr3": "지급수수료_물류용역비",
        "gl_nm": "지급수수료_물류용역비",
        "amount": 0.0
      },
      {
        "yyyymm": "202505",
        "ctgr2": "제간비",
        "ctgr3": "지급수수료_물류운송비",
        "gl_nm": "지급수수료_물류운송비",
        "amount": 0.0
      },
      {
        "yyyymm": "202506",
        "ctgr2": "제간비",
        "ctgr3": "지급수수료_물류용역비",
        "gl_nm": "지급수수료_물류용역비",
        "amount": 0.0
      },
      {
        "yyyymm": "202506",
        "ctgr2": "제간비",
        "ctgr3": "지급수수료_물류운송비",
        "gl_nm": "지급수수료_물류운송비",
        "amount": 0.0
      },
      {
        "yyyymm": "202507",
        "ctgr2": "제간비",
        "ctgr3": "지급수수료_물류용역비",
        "gl_nm": "지급수수료_물류용역비",
        "amount": 0.0
      },
      {
        "yyyymm": "202507",
        "ctgr2": "제간비",
        "ctgr3": "지급수수료_물류운송비",
        "gl_nm": "지급수수료_물류운송비",
        "amount": 0.0
      },
      {
        "yyyymm": "202508",
        "ctgr2": "제간비",
        "ctgr3": "지급수수료_물류용역비",
        "gl_nm": "지급수수료_물류용역비",
        "amount": 0.0
      },
      {
        "yyyymm": "202508",
        "ctgr2": "제간비",
        "ctgr3": "지급수수료_물류운송비",
        "gl_nm": "지급수수료_물류운송비",
        "amount": 0.0
      },
      {
        "yyyymm": "202509",
        "ctgr2": "제간비",
        "ctgr3": "지급수수료_물류운송비",
        "gl_nm": "지급수수료_물류운송비",
        "amount": 0.0
      },
      {
        "yyyymm": "202509",
        "ctgr2": "제간비",
        "ctgr3": "지급수수료_물류용역비",
        "gl_nm": "지급수수료_물류용역비",
        "amount": 0.0
      },
      {
        "yyyymm": "202510",
        "ctgr2": "제간비",
        "ctgr3": "지급수수료_물류운송비",
        "gl_nm": "지급수수료_물류운송비",
        "amount": 0.0
      },
      {
        "yyyymm": "202510",
        "ctgr2": "제간비",
        "ctgr3": "지급수수료_물류용역비",
        "gl_nm": "지급수수료_물류용역비",
        "amount": 0.0
      },
      {
        "yyyymm": "202511",
        "ctgr2": "제간비",
        "ctgr3": "지급수수료_물류용역비",
        "gl_nm": "지급수수료_물류용역비",
        "amount": 0.0
      },
      {
        "yyyymm": "202511",
        "ctgr2": "제간비",
        "ctgr3": "지급수수료_물류운송비",
        "gl_nm": "지급수수료_물류운송비",
        "amount": 0.0
      }
    ]
  }
}