{
  "country": "KR",
  "brand_cd": "X",
  "yyyymm": "202511",
  "key": "영업비",
  "sub_key": "제간비",
  "analysis_data": {
    "title": "제간비 분석",
    "sections": [
      {
        "div": "종합분석-1",
        "sub_title": "투자 방향성 종합 평가",
        "ai_text": "DISCOVERY 브랜드의 제간비 투자가 2024년 11월 3,045백만원에서 2025년 11월 0원으로 전면 중단되었습니다. 이는 단순한 예산 축소가 아닌 물류 운영 전략의 근본적 변화를 의미합니다. 물류운송비(2,447백만원)와 물류용역비(598백만원) 모두 전액 삭감된 것은 아웃소싱 중단, 물류 파트너 변경, 또는 물류 시스템 내재화 등 구조적 변화의 결과로 판단됩니다."
      },
      {
        "div": "종합분석-2",
        "sub_title": "효율적 투자 영역",
        "ai_text": "현재 데이터상으로는 2025년 11월 제간비 투자가 전무한 상황이나, 다음과 같은 효율성 개선 가능성을 확인할 수 있습니다:\n\n• 물류비용 구조 최적화: 기존 3,045백만원 규모의 외부 물류비용을 내재화하여 중장기적 비용 절감 효과 기대\n• 운영 효율성 제고: 물류운송비와 용역비의 통합 관리를 통한 중복 비용 제거\n• 자체 물류 역량 강화: 외부 의존도 감소로 물류 품질 관리 및 배송 서비스 개선 가능"
      },
      {
        "div": "종합분석-3",
        "sub_title": "주의 필요 영역",
        "ai_text": "제간비 전면 중단에 따른 주요 리스크 요소들:\n\n• 물류 서비스 품질 저하 위험: 기존 2,447백만원 규모의 물류운송비 중단으로 배송 지연, 고객 만족도 하락 가능성\n• 물류용역 공백: 598백만원 규모의 물류용역비 삭감으로 창고 운영, 재고 관리 등 핵심 기능 차질 우려\n• 급격한 변화의 부작용: 100% 삭감이라는 극단적 변화로 인한 운영 안정성 확보 필요\n• 대체 비용 발생 가능성: 제간비 삭감이 다른 비용 항목(인건비, 시설비 등)의 증가로 이어질 수 있음"
      },
      {
        "div": "종합분석-4",
        "sub_title": "이상징후 및 리스크 감지",
        "ai_text": "• **극단적 예산 변화**: 3,045백만원에서 0원으로의 100% 삭감은 일반적인 예산 조정 범위를 초과하는 이상 징후로, 사업 구조 변화나 긴급 상황을 시사합니다\n\n• **물류 운영 연속성 리스크**: 물류운송비와 물류용역비의 동시 전면 중단은 DISCOVERY 브랜드의 공급망 안정성에 심각한 위협 요소입니다\n\n• **데이터 정합성 의심**: 2025년 11월 데이터가 모든 항목에서 0원으로 표시되는 것은 시스템 오류, 데이터 미입력, 또는 회계처리 변경 가능성을 배제할 수 없습니다\n\n• **전략적 공백 우려**: 대체 물류 전략이나 내재화 계획 없이 기존 물류 체계를 중단했을 경우 브랜드 운영에 치명적 영향을 미칠 수 있습니다"
      },
      {
        "div": "종합분석-5",
        "sub_title": "마케팅 전략 최적화 방안",
        "ai_text": "### 즉시 실행 방안\n1. **데이터 검증**: 2025년 11월 제간비 0원 처리의 정확성 확인 및 회계처리 방식 변경 여부 점검\n2. **물류 연속성 확보**: 대체 물류 체계 가동 상황 점검 및 고객 서비스 영향도 모니터링\n3. **비용 이관 추적**: 제간비 삭감분이 다른 계정(판관비, 매출원가 등)으로 이관되었는지 확인\n\n### 중장기 전략 방향\n1. **물류 내재화 전략**: 연간 36억원 규모(3,045백만원×12개월)의 물류비를 내재화하여 5년 내 투자 회수 계획 수립\n2. **통합 물류 플랫폼 구축**: 운송과 용역을 통합한 자체 물류 시스템으로 효율성 극대화\n3. **단계적 역량 강화**: 물류 전문 인력 확충과 시설 투자를 통한 경쟁우위 확보\n4. **성과 측정 체계**: 물류비 절감 효과와 서비스 품질 지표를 동시 관리하는 KPI 체계 구축"
      }
    ]
  },
  "ctgr1": "제간비",
  "summary": {
    "prev_year_total": 3.05,
    "curr_year_total": 0.0,
    "change_amount": -3.05,
    "change_pct": -100.0,
    "investment_direction": "축소"
  },
  "categories": [
    {
      "ctgr2": "제간비",
      "ctgr3": "지급수수료_물류용역비",
      "gl_nm": "지급수수료_물류용역비",
      "prev_year": 0.6,
      "curr_year": 0.0,
      "change": -0.6,
      "change_pct": -100.0,
      "is_new": false,
      "is_discontinued": true
    },
    {
      "ctgr2": "제간비",
      "ctgr3": "지급수수료_물류운송비",
      "gl_nm": "지급수수료_물류운송비",
      "prev_year": 2.45,
      "curr_year": 0.0,
      "change": -2.45,
      "change_pct": -100.0,
      "is_new": false,
      "is_discontinued": true
    }
  ],
  "category_summary": {
    "increased": [],
    "decreased": [
      {
        "ctgr2": "제간비",
        "ctgr3": "지급수수료_물류용역비",
        "gl_nm": "지급수수료_물류용역비",
        "prev_year": 0.6,
        "curr_year": 0.0,
        "change": -0.6,
        "change_pct": -100.0,
        "is_new": false,
        "is_discontinued": true
      },
      {
        "ctgr2": "제간비",
        "ctgr3": "지급수수료_물류운송비",
        "gl_nm": "지급수수료_물류운송비",
        "prev_year": 2.45,
        "curr_year": 0.0,
        "change": -2.45,
        "change_pct": -100.0,
        "is_new": false,
        "is_discontinued": true
      }
    ],
    "new_investments": [],
    "discontinued": [
      {
        "ctgr2": "제간비",
        "ctgr3": "지급수수료_물류용역비",
        "gl_nm": "지급수수료_물류용역비",
        "prev_year": 0.6,
        "curr_year": 0.0,
        "change": -0.6,
        "change_pct": -100.0,
        "is_new": false,
        "is_discontinued": true
      },
      {
        "ctgr2": "제간비",
        "ctgr3": "지급수수료_물류운송비",
        "gl_nm": "지급수수료_물류운송비",
        "prev_year": 2.45,
        "curr_year": 0.0,
        "change": -2.45,
        "change_pct": -100.0,
        "is_new": false,
        "is_discontinued": true
      }
    ]
  },
  "raw_data": {
    "total_records": [
      {
        "PST_YYYYMM": "202411",
        "TOTAL_AMT": 3045454.0
      },
      {
        "PST_YYYYMM": "202511",
        "TOTAL_AMT": 0.0
      }
    ],
    "detail_records": [
      {
        "PST_YYYYMM": "202411",
        "BRD_CD": "X",
        "BRD_NM": "DISCOVERY",
        "CTGR1": "제간비",
        "CTGR2": "제간비",
        "CTGR3": "지급수수료_물류운송비",
        "GL_NM": "지급수수료_물류운송비",
        "TTL_USE_AMT": 2447304.0
      },
      {
        "PST_YYYYMM": "202411",
        "BRD_CD": "X",
        "BRD_NM": "DISCOVERY",
        "CTGR1": "제간비",
        "CTGR2": "제간비",
        "CTGR3": "지급수수료_물류용역비",
        "GL_NM": "지급수수료_물류용역비",
        "TTL_USE_AMT": 598150.0
      },
      {
        "PST_YYYYMM": "202511",
        "BRD_CD": "X",
        "BRD_NM": "DISCOVERY",
        "CTGR1": "제간비",
        "CTGR2": "제간비",
        "CTGR3": "지급수수료_물류운송비",
        "GL_NM": "지급수수료_물류운송비",
        "TTL_USE_AMT": 0.0
      },
      {
        "PST_YYYYMM": "202511",
        "BRD_CD": "X",
        "BRD_NM": "DISCOVERY",
        "CTGR1": "제간비",
        "CTGR2": "제간비",
        "CTGR3": "지급수수료_물류용역비",
        "GL_NM": "지급수수료_물류용역비",
        "TTL_USE_AMT": 0.0
      }
    ]
  },
  "trend_data": {
    "trend_months": [
      "202412",
      "202501",
      "202502",
      "202503",
      "202504",
      "202505",
      "202506",
      "202507",
      "202508",
      "202509",
      "202510",
      "202511"
    ],
    "monthly_totals": [
      {
        "yyyymm": "202412",
        "total_amount": 0.51
      },
      {
        "yyyymm": "202501",
        "total_amount": 1.4
      },
      {
        "yyyymm": "202502",
        "total_amount": 0.66
      },
      {
        "yyyymm": "202503",
        "total_amount": 0.56
      },
      {
        "yyyymm": "202504",
        "total_amount": 0.66
      },
      {
        "yyyymm": "202505",
        "total_amount": 0.76
      },
      {
        "yyyymm": "202506",
        "total_amount": 1.32
      },
      {
        "yyyymm": "202507",
        "total_amount": 1.4
      },
      {
        "yyyymm": "202508",
        "total_amount": 1.17
      },
      {
        "yyyymm": "202509",
        "total_amount": 0.95
      },
      {
        "yyyymm": "202510",
        "total_amount": 9.25
      },
      {
        "yyyymm": "202511",
        "total_amount": 0.0
      }
    ],
    "monthly_details": [
      {
        "yyyymm": "202412",
        "ctgr2": "제간비",
        "ctgr3": "지급수수료_물류운송비",
        "gl_nm": "지급수수료_물류운송비",
        "amount": 0.49
      },
      {
        "yyyymm": "202412",
        "ctgr2": "제간비",
        "ctgr3": "지급수수료_물류용역비",
        "gl_nm": "지급수수료_물류용역비",
        "amount": 0.03
      },
      {
        "yyyymm": "202501",
        "ctgr2": "제간비",
        "ctgr3": "지급수수료_물류운송비",
        "gl_nm": "지급수수료_물류운송비",
        "amount": 0.88
      },
      {
        "yyyymm": "202501",
        "ctgr2": "제간비",
        "ctgr3": "지급수수료_물류용역비",
        "gl_nm": "지급수수료_물류용역비",
        "amount": 0.52
      },
      {
        "yyyymm": "202502",
        "ctgr2": "제간비",
        "ctgr3": "지급수수료_물류운송비",
        "gl_nm": "지급수수료_물류운송비",
        "amount": 0.43
      },
      {
        "yyyymm": "202502",
        "ctgr2": "제간비",
        "ctgr3": "지급수수료_물류용역비",
        "gl_nm": "지급수수료_물류용역비",
        "amount": 0.23
      },
      {
        "yyyymm": "202503",
        "ctgr2": "제간비",
        "ctgr3": "지급수수료_물류운송비",
        "gl_nm": "지급수수료_물류운송비",
        "amount": 0.39
      },
      {
        "yyyymm": "202503",
        "ctgr2": "제간비",
        "ctgr3": "지급수수료_물류용역비",
        "gl_nm": "지급수수료_물류용역비",
        "amount": 0.17
      },
      {
        "yyyymm": "202504",
        "ctgr2": "제간비",
        "ctgr3": "지급수수료_물류운송비",
        "gl_nm": "지급수수료_물류운송비",
        "amount": 0.38
      },
      {
        "yyyymm": "202504",
        "ctgr2": "제간비",
        "ctgr3": "지급수수료_물류용역비",
        "gl_nm": "지급수수료_물류용역비",
        "amount": 0.28
      },
      {
        "yyyymm": "202505",
        "ctgr2": "제간비",
        "ctgr3": "지급수수료_물류용역비",
        "gl_nm": "지급수수료_물류용역비",
        "amount": 0.69
      },
      {
        "yyyymm": "202505",
        "ctgr2": "제간비",
        "ctgr3": "지급수수료_물류운송비",
        "gl_nm": "지급수수료_물류운송비",
        "amount": 0.08
      },
      {
        "yyyymm": "202506",
        "ctgr2": "제간비",
        "ctgr3": "지급수수료_물류용역비",
        "gl_nm": "지급수수료_물류용역비",
        "amount": 1.23
      },
      {
        "yyyymm": "202506",
        "ctgr2": "제간비",
        "ctgr3": "지급수수료_물류운송비",
        "gl_nm": "지급수수료_물류운송비",
        "amount": 0.08
      },
      {
        "yyyymm": "202507",
        "ctgr2": "제간비",
        "ctgr3": "지급수수료_물류용역비",
        "gl_nm": "지급수수료_물류용역비",
        "amount": 1.17
      },
      {
        "yyyymm": "202507",
        "ctgr2": "제간비",
        "ctgr3": "지급수수료_물류운송비",
        "gl_nm": "지급수수료_물류운송비",
        "amount": 0.23
      },
      {
        "yyyymm": "202508",
        "ctgr2": "제간비",
        "ctgr3": "지급수수료_물류용역비",
        "gl_nm": "지급수수료_물류용역비",
        "amount": 1.08
      },
      {
        "yyyymm": "202508",
        "ctgr2": "제간비",
        "ctgr3": "지급수수료_물류운송비",
        "gl_nm": "지급수수료_물류운송비",
        "amount": 0.09
      },
      {
        "yyyymm": "202509",
        "ctgr2": "제간비",
        "ctgr3": "지급수수료_물류용역비",
        "gl_nm": "지급수수료_물류용역비",
        "amount": 0.84
      },
      {
        "yyyymm": "202509",
        "ctgr2": "제간비",
        "ctgr3": "지급수수료_물류운송비",
        "gl_nm": "지급수수료_물류운송비",
        "amount": 0.11
      },
      {
        "yyyymm": "202510",
        "ctgr2": "제간비",
        "ctgr3": "지급수수료_물류용역비",
        "gl_nm": "지급수수료_물류용역비",
        "amount": 8.2
      },
      {
        "yyyymm": "202510",
        "ctgr2": "제간비",
        "ctgr3": "지급수수료_물류운송비",
        "gl_nm": "지급수수료_물류운송비",
        "amount": 1.05
      },
      {
        "yyyymm": "202511",
        "ctgr2": "제간비",
        "ctgr3": "지급수수료_물류용역비",
        "gl_nm": "지급수수료_물류용역비",
        "amount": 0.0
      },
      {
        "yyyymm": "202511",
        "ctgr2": "제간비",
        "ctgr3": "지급수수료_물류운송비",
        "gl_nm": "지급수수료_물류운송비",
        "amount": 0.0
      }
    ]
  }
}