{
  "country": "KR",
  "brand_cd": "ST",
  "yyyymm": "202511",
  "key": "영업비",
  "sub_key": "샘플대_제작_구입_",
  "analysis_data": {
    "title": "샘플대(제작/구입) 분석",
    "sections": [
      {
        "div": "종합분석-1",
        "sub_title": "투자 방향성 종합 평가",
        "ai_text": "SERGIO TACCHINI 브랜드의 샘플대 투자는 2024년 11월 5,951백만원에서 2025년 11월 6,074백만원으로 123백만원(+2.1%) 증가하여 안정적인 성장세를 보이고 있습니다. 투자 구조는 소모품비 중심에서 해외 샘플 확대로 전환되고 있어 글로벌 시장 진출과 제품 다양화에 대한 전략적 의지를 보여줍니다. 전체적으로 보수적이면서도 전략적 확장을 추진하는 균형잡힌 접근 방식을 취하고 있습니다."
      },
      {
        "div": "종합분석-2",
        "sub_title": "효율적 투자 영역",
        "ai_text": "• 소모품비_샘플대 확대: 3,575백만원→3,749백만원(+174백만원, +4.9%)로 제품 개발 및 품질 향상에 대한 지속적 투자\n• 해외 샘플구입대 신규 도입: 0원→120백만원으로 글로벌 트렌드 반영 및 해외 시장 진출을 위한 전략적 투자\n• 투자 포트폴리오 다변화: 국내 중심에서 해외 샘플까지 확장하여 리스크 분산 및 기회 확대 추진\n• 안정적 증가율: 전체 2.1% 증가로 과도한 투자 없이 점진적 성장 전략 실행"
      },
      {
        "div": "종합분석-3",
        "sub_title": "주의 필요 영역",
        "ai_text": "• 국내 샘플구입대 감소: 2,376백만원→2,206백만원(-170백만원, -7.1%)로 국내 샘플 투자 축소가 제품 경쟁력에 미칠 영향 모니터링 필요\n• 투자 구조 변화: 국내 샘플 축소와 해외 샘플 확대가 동시 진행되어 공급망 안정성 및 품질 관리 체계 점검 요구\n• 해외 의존도 증가: 신규 해외 샘플 투입으로 환율 변동 및 공급망 리스크 노출 확대\n• 소모품비 증가율: 4.9% 증가가 실제 제품 개발 성과로 연결되는지 효과성 검증 필요"
      },
      {
        "div": "종합분석-4",
        "sub_title": "이상징후 및 리스크 감지",
        "ai_text": "• 투자 패턴의 급격한 변화: 국내 샘플 7.1% 감소와 해외 샘플 신규 도입이 동시 발생하여 샘플 소싱 전략의 근본적 변화를 시사합니다\n• 재고대체 항목 지속 미사용: 소모품비_샘플대_재고대체가 2년 연속 0원으로 재고 활용 효율성 개선 여지 존재\n• 비용 구조 불균형: 소모품비는 증가하는 반면 국내 샘플구입은 감소하여 내부 제작 역량 강화와 외부 구매 축소 간의 상충 가능성\n• 해외 의존도 급증: 전년 0원에서 120백만원으로 해외 샘플 의존도가 급격히 증가하여 공급망 리스크 및 품질 관리 체계 재점검 필요"
      },
      {
        "div": "종합분석-5",
        "sub_title": "마케팅 전략 최적화 방안",
        "ai_text": "### 즉시 실행 방안\n1. 해외 샘플 품질 관리 체계 구축: 신규 도입된 120백만원 해외 샘플의 품질 기준 및 검수 프로세스 확립\n2. 국내 샘플 효율성 재검토: 7.1% 감소한 국내 샘플구입대의 투자 효과성 분석 및 최적 배분 비율 도출\n3. 재고대체 활용 방안 수립: 미사용 중인 재고대체 시스템을 통한 비용 절감 및 효율성 개선 추진\n\n### 중장기 전략 방향\n1. 글로벌 샘플 네트워크 구축: 해외 샘플 비중을 단계적으로 확대하여 글로벌 트렌드 반영 능력 강화\n2. 통합 샘플 관리 시스템 도입: 국내외 샘플 통합 관리를 통한 비용 최적화 및 품질 표준화 실현\n3. 데이터 기반 투자 의사결정: 샘플별 매출 기여도 분석을 통한 ROI 중심의 예산 배분 체계 확립"
      }
    ]
  },
  "ctgr1": "샘플대(제작/구입)",
  "summary": {
    "prev_year_total": 5.95,
    "curr_year_total": 6.07,
    "change_amount": 0.12,
    "change_pct": 2.1,
    "investment_direction": "증가"
  },
  "categories": [
    {
      "ctgr2": "샘플대(제작/구입)",
      "ctgr3": "소모품비_샘플대",
      "gl_nm": "소모품비_샘플대",
      "prev_year": 3.58,
      "curr_year": 3.75,
      "change": 0.17,
      "change_pct": 4.9,
      "is_new": false,
      "is_discontinued": false
    },
    {
      "ctgr2": "샘플대(제작/구입)",
      "ctgr3": "소모품비_샘플대",
      "gl_nm": "소모품비_샘플대_재고대체",
      "prev_year": 0.0,
      "curr_year": 0.0,
      "change": 0.0,
      "change_pct": 0,
      "is_new": false,
      "is_discontinued": false
    },
    {
      "ctgr2": "샘플대(제작/구입)",
      "ctgr3": "샘플구입대",
      "gl_nm": "샘플구입대_해외",
      "prev_year": 0.0,
      "curr_year": 0.12,
      "change": 0.12,
      "change_pct": 0,
      "is_new": true,
      "is_discontinued": false
    },
    {
      "ctgr2": "샘플대(제작/구입)",
      "ctgr3": "샘플구입대",
      "gl_nm": "샘플구입대_국내",
      "prev_year": 2.38,
      "curr_year": 2.21,
      "change": -0.17,
      "change_pct": -7.1,
      "is_new": false,
      "is_discontinued": false
    }
  ],
  "category_summary": {
    "increased": [
      {
        "ctgr2": "샘플대(제작/구입)",
        "ctgr3": "소모품비_샘플대",
        "gl_nm": "소모품비_샘플대",
        "prev_year": 3.58,
        "curr_year": 3.75,
        "change": 0.17,
        "change_pct": 4.9,
        "is_new": false,
        "is_discontinued": false
      },
      {
        "ctgr2": "샘플대(제작/구입)",
        "ctgr3": "샘플구입대",
        "gl_nm": "샘플구입대_해외",
        "prev_year": 0.0,
        "curr_year": 0.12,
        "change": 0.12,
        "change_pct": 0,
        "is_new": true,
        "is_discontinued": false
      }
    ],
    "decreased": [
      {
        "ctgr2": "샘플대(제작/구입)",
        "ctgr3": "샘플구입대",
        "gl_nm": "샘플구입대_국내",
        "prev_year": 2.38,
        "curr_year": 2.21,
        "change": -0.17,
        "change_pct": -7.1,
        "is_new": false,
        "is_discontinued": false
      }
    ],
    "new_investments": [
      {
        "ctgr2": "샘플대(제작/구입)",
        "ctgr3": "샘플구입대",
        "gl_nm": "샘플구입대_해외",
        "prev_year": 0.0,
        "curr_year": 0.12,
        "change": 0.12,
        "change_pct": 0,
        "is_new": true,
        "is_discontinued": false
      }
    ],
    "discontinued": []
  },
  "raw_data": {
    "total_records": [
      {
        "PST_YYYYMM": "202411",
        "TOTAL_AMT": 5950699.0
      },
      {
        "PST_YYYYMM": "202511",
        "TOTAL_AMT": 6074413.0
      }
    ],
    "detail_records": [
      {
        "PST_YYYYMM": "202511",
        "BRD_CD": "ST",
        "BRD_NM": "SERGIO TACCHINI",
        "CTGR1": "샘플대(제작/구입)",
        "CTGR2": "샘플대(제작/구입)",
        "CTGR3": "소모품비_샘플대",
        "GL_NM": "소모품비_샘플대",
        "TTL_USE_AMT": 3748884.0
      },
      {
        "PST_YYYYMM": "202411",
        "BRD_CD": "ST",
        "BRD_NM": "SERGIO TACCHINI",
        "CTGR1": "샘플대(제작/구입)",
        "CTGR2": "샘플대(제작/구입)",
        "CTGR3": "소모품비_샘플대",
        "GL_NM": "소모품비_샘플대",
        "TTL_USE_AMT": 3575101.0
      },
      {
        "PST_YYYYMM": "202411",
        "BRD_CD": "ST",
        "BRD_NM": "SERGIO TACCHINI",
        "CTGR1": "샘플대(제작/구입)",
        "CTGR2": "샘플대(제작/구입)",
        "CTGR3": "샘플구입대",
        "GL_NM": "샘플구입대_국내",
        "TTL_USE_AMT": 2375598.0
      },
      {
        "PST_YYYYMM": "202511",
        "BRD_CD": "ST",
        "BRD_NM": "SERGIO TACCHINI",
        "CTGR1": "샘플대(제작/구입)",
        "CTGR2": "샘플대(제작/구입)",
        "CTGR3": "샘플구입대",
        "GL_NM": "샘플구입대_국내",
        "TTL_USE_AMT": 2205970.0
      },
      {
        "PST_YYYYMM": "202511",
        "BRD_CD": "ST",
        "BRD_NM": "SERGIO TACCHINI",
        "CTGR1": "샘플대(제작/구입)",
        "CTGR2": "샘플대(제작/구입)",
        "CTGR3": "샘플구입대",
        "GL_NM": "샘플구입대_해외",
        "TTL_USE_AMT": 119559.0
      },
      {
        "PST_YYYYMM": "202411",
        "BRD_CD": "ST",
        "BRD_NM": "SERGIO TACCHINI",
        "CTGR1": "샘플대(제작/구입)",
        "CTGR2": "샘플대(제작/구입)",
        "CTGR3": "샘플구입대",
        "GL_NM": "샘플구입대_해외",
        "TTL_USE_AMT": 0.0
      },
      {
        "PST_YYYYMM": "202411",
        "BRD_CD": "ST",
        "BRD_NM": "SERGIO TACCHINI",
        "CTGR1": "샘플대(제작/구입)",
        "CTGR2": "샘플대(제작/구입)",
        "CTGR3": "소모품비_샘플대",
        "GL_NM": "소모품비_샘플대_재고대체",
        "TTL_USE_AMT": 0.0
      },
      {
        "PST_YYYYMM": "202511",
        "BRD_CD": "ST",
        "BRD_NM": "SERGIO TACCHINI",
        "CTGR1": "샘플대(제작/구입)",
        "CTGR2": "샘플대(제작/구입)",
        "CTGR3": "소모품비_샘플대",
        "GL_NM": "소모품비_샘플대_재고대체",
        "TTL_USE_AMT": 0.0
      }
    ]
  },
  "trend_data": {
    "trend_months": [
      "202412",
      "202501",
      "202502",
      "202503",
      "202504",
      "202505",
      "202506",
      "202507",
      "202508",
      "202509",
      "202510",
      "202511"
    ],
    "monthly_totals": [
      {
        "yyyymm": "202412",
        "total_amount": 8.48
      },
      {
        "yyyymm": "202501",
        "total_amount": 2.74
      },
      {
        "yyyymm": "202502",
        "total_amount": 53.3
      },
      {
        "yyyymm": "202503",
        "total_amount": 2.17
      },
      {
        "yyyymm": "202504",
        "total_amount": 12.18
      },
      {
        "yyyymm": "202505",
        "total_amount": 16.67
      },
      {
        "yyyymm": "202506",
        "total_amount": 5.85
      },
      {
        "yyyymm": "202507",
        "total_amount": 25.16
      },
      {
        "yyyymm": "202508",
        "total_amount": 43.6
      },
      {
        "yyyymm": "202509",
        "total_amount": 6.39
      },
      {
        "yyyymm": "202510",
        "total_amount": 9.6
      },
      {
        "yyyymm": "202511",
        "total_amount": 6.07
      }
    ],
    "monthly_details": [
      {
        "yyyymm": "202412",
        "ctgr2": "샘플대(제작/구입)",
        "ctgr3": "소모품비_샘플대",
        "gl_nm": "소모품비_샘플대",
        "amount": 6.94
      },
      {
        "yyyymm": "202412",
        "ctgr2": "샘플대(제작/구입)",
        "ctgr3": "샘플구입대",
        "gl_nm": "샘플구입대_국내",
        "amount": 1.54
      },
      {
        "yyyymm": "202412",
        "ctgr2": "샘플대(제작/구입)",
        "ctgr3": "샘플구입대",
        "gl_nm": "샘플구입대_해외",
        "amount": 0.0
      },
      {
        "yyyymm": "202412",
        "ctgr2": "샘플대(제작/구입)",
        "ctgr3": "소모품비_샘플대",
        "gl_nm": "소모품비_샘플대_재고대체",
        "amount": 0.0
      },
      {
        "yyyymm": "202501",
        "ctgr2": "샘플대(제작/구입)",
        "ctgr3": "샘플구입대",
        "gl_nm": "샘플구입대_국내",
        "amount": 1.63
      },
      {
        "yyyymm": "202501",
        "ctgr2": "샘플대(제작/구입)",
        "ctgr3": "소모품비_샘플대",
        "gl_nm": "소모품비_샘플대",
        "amount": 1.08
      },
      {
        "yyyymm": "202501",
        "ctgr2": "샘플대(제작/구입)",
        "ctgr3": "소모품비_샘플대",
        "gl_nm": "소모품비_샘플대_재고대체",
        "amount": 0.03
      },
      {
        "yyyymm": "202501",
        "ctgr2": "샘플대(제작/구입)",
        "ctgr3": "샘플구입대",
        "gl_nm": "샘플구입대_해외",
        "amount": 0.0
      },
      {
        "yyyymm": "202502",
        "ctgr2": "샘플대(제작/구입)",
        "ctgr3": "소모품비_샘플대",
        "gl_nm": "소모품비_샘플대",
        "amount": 44.32
      },
      {
        "yyyymm": "202502",
        "ctgr2": "샘플대(제작/구입)",
        "ctgr3": "샘플구입대",
        "gl_nm": "샘플구입대_국내",
        "amount": 8.98
      },
      {
        "yyyymm": "202502",
        "ctgr2": "샘플대(제작/구입)",
        "ctgr3": "소모품비_샘플대",
        "gl_nm": "소모품비_샘플대_재고대체",
        "amount": 0.0
      },
      {
        "yyyymm": "202502",
        "ctgr2": "샘플대(제작/구입)",
        "ctgr3": "샘플구입대",
        "gl_nm": "샘플구입대_해외",
        "amount": 0.0
      },
      {
        "yyyymm": "202503",
        "ctgr2": "샘플대(제작/구입)",
        "ctgr3": "소모품비_샘플대",
        "gl_nm": "소모품비_샘플대",
        "amount": 1.66
      },
      {
        "yyyymm": "202503",
        "ctgr2": "샘플대(제작/구입)",
        "ctgr3": "샘플구입대",
        "gl_nm": "샘플구입대_국내",
        "amount": 0.51
      },
      {
        "yyyymm": "202503",
        "ctgr2": "샘플대(제작/구입)",
        "ctgr3": "소모품비_샘플대",
        "gl_nm": "소모품비_샘플대_재고대체",
        "amount": 0.0
      },
      {
        "yyyymm": "202503",
        "ctgr2": "샘플대(제작/구입)",
        "ctgr3": "샘플구입대",
        "gl_nm": "샘플구입대_해외",
        "amount": 0.0
      },
      {
        "yyyymm": "202504",
        "ctgr2": "샘플대(제작/구입)",
        "ctgr3": "소모품비_샘플대",
        "gl_nm": "소모품비_샘플대",
        "amount": 9.49
      },
      {
        "yyyymm": "202504",
        "ctgr2": "샘플대(제작/구입)",
        "ctgr3": "샘플구입대",
        "gl_nm": "샘플구입대_국내",
        "amount": 2.68
      },
      {
        "yyyymm": "202504",
        "ctgr2": "샘플대(제작/구입)",
        "ctgr3": "샘플구입대",
        "gl_nm": "샘플구입대_해외",
        "amount": 0.0
      },
      {
        "yyyymm": "202504",
        "ctgr2": "샘플대(제작/구입)",
        "ctgr3": "소모품비_샘플대",
        "gl_nm": "소모품비_샘플대_재고대체",
        "amount": 0.0
      },
      {
        "yyyymm": "202505",
        "ctgr2": "샘플대(제작/구입)",
        "ctgr3": "소모품비_샘플대",
        "gl_nm": "소모품비_샘플대",
        "amount": 14.58
      },
      {
        "yyyymm": "202505",
        "ctgr2": "샘플대(제작/구입)",
        "ctgr3": "샘플구입대",
        "gl_nm": "샘플구입대_국내",
        "amount": 2.05
      },
      {
        "yyyymm": "202505",
        "ctgr2": "샘플대(제작/구입)",
        "ctgr3": "소모품비_샘플대",
        "gl_nm": "소모품비_샘플대_재고대체",
        "amount": 0.03
      },
      {
        "yyyymm": "202505",
        "ctgr2": "샘플대(제작/구입)",
        "ctgr3": "샘플구입대",
        "gl_nm": "샘플구입대_해외",
        "amount": 0.0
      },
      {
        "yyyymm": "202506",
        "ctgr2": "샘플대(제작/구입)",
        "ctgr3": "샘플구입대",
        "gl_nm": "샘플구입대_해외",
        "amount": 4.6
      },
      {
        "yyyymm": "202506",
        "ctgr2": "샘플대(제작/구입)",
        "ctgr3": "샘플구입대",
        "gl_nm": "샘플구입대_국내",
        "amount": 1.48
      },
      {
        "yyyymm": "202506",
        "ctgr2": "샘플대(제작/구입)",
        "ctgr3": "소모품비_샘플대",
        "gl_nm": "소모품비_샘플대_재고대체",
        "amount": 0.03
      },
      {
        "yyyymm": "202506",
        "ctgr2": "샘플대(제작/구입)",
        "ctgr3": "소모품비_샘플대",
        "gl_nm": "소모품비_샘플대",
        "amount": -0.26
      },
      {
        "yyyymm": "202507",
        "ctgr2": "샘플대(제작/구입)",
        "ctgr3": "소모품비_샘플대",
        "gl_nm": "소모품비_샘플대",
        "amount": 24.71
      },
      {
        "yyyymm": "202507",
        "ctgr2": "샘플대(제작/구입)",
        "ctgr3": "샘플구입대",
        "gl_nm": "샘플구입대_국내",
        "amount": 0.45
      },
      {
        "yyyymm": "202507",
        "ctgr2": "샘플대(제작/구입)",
        "ctgr3": "샘플구입대",
        "gl_nm": "샘플구입대_해외",
        "amount": 0.0
      },
      {
        "yyyymm": "202507",
        "ctgr2": "샘플대(제작/구입)",
        "ctgr3": "소모품비_샘플대",
        "gl_nm": "소모품비_샘플대_재고대체",
        "amount": 0.0
      },
      {
        "yyyymm": "202508",
        "ctgr2": "샘플대(제작/구입)",
        "ctgr3": "소모품비_샘플대",
        "gl_nm": "소모품비_샘플대",
        "amount": 42.83
      },
      {
        "yyyymm": "202508",
        "ctgr2": "샘플대(제작/구입)",
        "ctgr3": "샘플구입대",
        "gl_nm": "샘플구입대_국내",
        "amount": 0.57
      },
      {
        "yyyymm": "202508",
        "ctgr2": "샘플대(제작/구입)",
        "ctgr3": "소모품비_샘플대",
        "gl_nm": "소모품비_샘플대_재고대체",
        "amount": 0.2
      },
      {
        "yyyymm": "202508",
        "ctgr2": "샘플대(제작/구입)",
        "ctgr3": "샘플구입대",
        "gl_nm": "샘플구입대_해외",
        "amount": 0.0
      },
      {
        "yyyymm": "202509",
        "ctgr2": "샘플대(제작/구입)",
        "ctgr3": "소모품비_샘플대",
        "gl_nm": "소모품비_샘플대",
        "amount": 5.73
      },
      {
        "yyyymm": "202509",
        "ctgr2": "샘플대(제작/구입)",
        "ctgr3": "샘플구입대",
        "gl_nm": "샘플구입대_국내",
        "amount": 0.66
      },
      {
        "yyyymm": "202509",
        "ctgr2": "샘플대(제작/구입)",
        "ctgr3": "샘플구입대",
        "gl_nm": "샘플구입대_해외",
        "amount": 0.0
      },
      {
        "yyyymm": "202509",
        "ctgr2": "샘플대(제작/구입)",
        "ctgr3": "소모품비_샘플대",
        "gl_nm": "소모품비_샘플대_재고대체",
        "amount": 0.0
      },
      {
        "yyyymm": "202510",
        "ctgr2": "샘플대(제작/구입)",
        "ctgr3": "소모품비_샘플대",
        "gl_nm": "소모품비_샘플대",
        "amount": 8.71
      },
      {
        "yyyymm": "202510",
        "ctgr2": "샘플대(제작/구입)",
        "ctgr3": "샘플구입대",
        "gl_nm": "샘플구입대_국내",
        "amount": 0.89
      },
      {
        "yyyymm": "202510",
        "ctgr2": "샘플대(제작/구입)",
        "ctgr3": "소모품비_샘플대",
        "gl_nm": "소모품비_샘플대_재고대체",
        "amount": 0.0
      },
      {
        "yyyymm": "202510",
        "ctgr2": "샘플대(제작/구입)",
        "ctgr3": "샘플구입대",
        "gl_nm": "샘플구입대_해외",
        "amount": 0.0
      },
      {
        "yyyymm": "202511",
        "ctgr2": "샘플대(제작/구입)",
        "ctgr3": "소모품비_샘플대",
        "gl_nm": "소모품비_샘플대",
        "amount": 3.75
      },
      {
        "yyyymm": "202511",
        "ctgr2": "샘플대(제작/구입)",
        "ctgr3": "샘플구입대",
        "gl_nm": "샘플구입대_국내",
        "amount": 2.21
      },
      {
        "yyyymm": "202511",
        "ctgr2": "샘플대(제작/구입)",
        "ctgr3": "샘플구입대",
        "gl_nm": "샘플구입대_해외",
        "amount": 0.12
      },
      {
        "yyyymm": "202511",
        "ctgr2": "샘플대(제작/구입)",
        "ctgr3": "소모품비_샘플대",
        "gl_nm": "소모품비_샘플대_재고대체",
        "amount": 0.0
      }
    ]
  }
}