{
  "country": "KR",
  "brand_cd": "W",
  "yyyymm": "202511",
  "key": "영업비",
  "sub_key": "인건비",
  "analysis_data": {
    "title": "인건비 분석",
    "sections": [
      {
        "div": "종합분석-1",
        "sub_title": "투자 방향성 종합 평가",
        "ai_text": "SUPRA 브랜드의 2025년 11월 인건비가 전년 동월 217백만원에서 0원으로 100% 감소하여 완전 중단된 상태입니다. 이는 브랜드 운영 전략의 근본적 변화를 의미하며, 사업 축소, 조직 재편, 또는 브랜드 포트폴리오 조정의 결과로 판단됩니다. 2024년 11월 기준 급료와 임금이 전체 인건비의 81.0%(176백만원)를 차지했던 정규 운영 체제가 완전히 중단되었습니다."
      },
      {
        "div": "종합분석-2",
        "sub_title": "효율적 투자 영역",
        "ai_text": "현재 모든 인건비 항목이 0원으로 효율적 투자 영역을 식별할 수 없는 상황입니다. 다만 2024년 11월 데이터를 기준으로 향후 재투자 시 고려사항을 제시합니다:\n\n• 핵심 인력 우선 투자: 급료와 임금(136백만원) + 제수당(39백만원)으로 구성된 기본 인건비 구조 175백만원 우선 확보\n• 필수 법정 비용: 국민연금(6백만원), 의료보험(6백만원) 등 법정 복리후생비 12백만원은 인력 투입 시 필수 소요\n• 단계적 조직 구축: 전체 217백만원 규모가 아닌 핵심 기능 중심의 선별적 인력 투자 검토"
      },
      {
        "div": "종합분석-3",
        "sub_title": "주의 필요 영역",
        "ai_text": "• 브랜드 운영 공백: 인건비 전액 중단으로 인한 브랜드 관리, 마케팅, 영업 활동의 완전 중단 상태\n• 조직 역량 손실: 기존 인력의 이탈로 인한 브랜드 노하우 및 시장 네트워크 손실 위험\n• 시장 포지션 약화: 경쟁사 대비 브랜드 프레즌스 급격한 하락 및 시장 점유율 잠식 우려\n• 재진입 비용 증가: 향후 사업 재개 시 신규 인력 채용, 교육, 시장 재진입에 따른 추가 비용 발생\n• 고정비 절감 효과 vs 매출 손실: 217백만원 인건비 절감 대비 매출 감소 규모의 손익 분석 필요"
      },
      {
        "div": "종합분석-4",
        "sub_title": "이상징후 및 리스크 감지",
        "ai_text": "• 급격한 사업 중단: 전년 동월 정상 운영 상태에서 당해 완전 중단으로의 극단적 변화는 계획적 구조조정보다는 긴급 상황 대응으로 추정됩니다.\n• 데이터 무결성 이슈: 모든 인건비 계정이 일괄적으로 0원 처리된 점은 실제 사업 중단 외에 시스템 오류나 데이터 누락 가능성도 배제할 수 없습니다.\n• 법적 리스크: 퇴직급여충당금 22백만원이 0원 처리된 것은 퇴직금 지급 완료 또는 다른 법인으로의 이관을 의미하며, 관련 법적 절차의 적정성 검토가 필요합니다.\n• 브랜드 자산 훼손: SUPRA 브랜드의 시장 인지도 및 고객 충성도가 운영 중단 기간에 비례하여 급속히 감소할 위험이 높습니다."
      },
      {
        "div": "종합분석-5",
        "sub_title": "마케팅 전략 최적화 방안",
        "ai_text": "### 즉시 실행 방안\n1. 현황 정확한 파악: 인건비 0원 처리의 정확한 사유(사업 중단, 조직 이관, 시스템 오류 등) 확인\n2. 최소 운영 체제 검토: 브랜드 유지를 위한 최소한의 인력 투입 방안(외주 포함) 검토\n3. 자산 보전 전략: 브랜드 상표권, 고객 DB, 유통 네트워크 등 무형자산 보전 방안 수립\n\n### 중장기 전략 방향\n1. 선택적 재진입 전략: 시장 상황 분석 후 핵심 세그먼트 중심의 단계적 사업 재개 검토\n2. 효율적 조직 모델: 기존 217백만원 대비 30-50% 수준의 린(Lean) 조직으로 재구성\n3. 디지털 중심 운영: 인건비 절감을 위한 디지털 마케팅 및 온라인 중심 사업 모델 전환\n4. 파트너십 활용: 직접 고용 대신 외부 전문 업체와의 협업을 통한 변동비 구조 구축"
      }
    ]
  },
  "ctgr1": "인건비",
  "summary": {
    "prev_year_total": 216.86,
    "curr_year_total": 0.0,
    "change_amount": -216.86,
    "change_pct": -100.0,
    "investment_direction": "축소"
  },
  "categories": [
    {
      "ctgr2": "인건비",
      "ctgr3": "잡급",
      "gl_nm": "잡급",
      "prev_year": 3.75,
      "curr_year": 0.0,
      "change": -3.75,
      "change_pct": -100.0,
      "is_new": false,
      "is_discontinued": true
    },
    {
      "ctgr2": "인건비",
      "ctgr3": "급료와 임금",
      "gl_nm": "급료와임금",
      "prev_year": 136.43,
      "curr_year": 0.0,
      "change": -136.43,
      "change_pct": -100.0,
      "is_new": false,
      "is_discontinued": true
    },
    {
      "ctgr2": "인건비",
      "ctgr3": "복리후생비_의료/건강",
      "gl_nm": "복리후생비_의료보험",
      "prev_year": 5.95,
      "curr_year": 0.0,
      "change": -5.95,
      "change_pct": -100.0,
      "is_new": false,
      "is_discontinued": true
    },
    {
      "ctgr2": "인건비",
      "ctgr3": "급료와 임금",
      "gl_nm": "제수당",
      "prev_year": 39.2,
      "curr_year": 0.0,
      "change": -39.2,
      "change_pct": -100.0,
      "is_new": false,
      "is_discontinued": true
    },
    {
      "ctgr2": "인건비",
      "ctgr3": "복리후생비_의료/건강",
      "gl_nm": "복리후생비_산재보험",
      "prev_year": 1.29,
      "curr_year": 0.0,
      "change": -1.29,
      "change_pct": -100.0,
      "is_new": false,
      "is_discontinued": true
    },
    {
      "ctgr2": "인건비",
      "ctgr3": "복리후생비_의료/건강",
      "gl_nm": "복리후생비_고용보험",
      "prev_year": 2.47,
      "curr_year": 0.0,
      "change": -2.47,
      "change_pct": -100.0,
      "is_new": false,
      "is_discontinued": true
    },
    {
      "ctgr2": "인건비",
      "ctgr3": "세금과공과_국민연금",
      "gl_nm": "세금과공과_국민연금",
      "prev_year": 5.81,
      "curr_year": 0.0,
      "change": -5.81,
      "change_pct": -100.0,
      "is_new": false,
      "is_discontinued": true
    },
    {
      "ctgr2": "인건비",
      "ctgr3": "퇴직급여",
      "gl_nm": "퇴직급여충당금전입액",
      "prev_year": 21.95,
      "curr_year": 0.0,
      "change": -21.95,
      "change_pct": -100.0,
      "is_new": false,
      "is_discontinued": true
    }
  ],
  "category_summary": {
    "increased": [],
    "decreased": [
      {
        "ctgr2": "인건비",
        "ctgr3": "잡급",
        "gl_nm": "잡급",
        "prev_year": 3.75,
        "curr_year": 0.0,
        "change": -3.75,
        "change_pct": -100.0,
        "is_new": false,
        "is_discontinued": true
      },
      {
        "ctgr2": "인건비",
        "ctgr3": "급료와 임금",
        "gl_nm": "급료와임금",
        "prev_year": 136.43,
        "curr_year": 0.0,
        "change": -136.43,
        "change_pct": -100.0,
        "is_new": false,
        "is_discontinued": true
      },
      {
        "ctgr2": "인건비",
        "ctgr3": "복리후생비_의료/건강",
        "gl_nm": "복리후생비_의료보험",
        "prev_year": 5.95,
        "curr_year": 0.0,
        "change": -5.95,
        "change_pct": -100.0,
        "is_new": false,
        "is_discontinued": true
      },
      {
        "ctgr2": "인건비",
        "ctgr3": "급료와 임금",
        "gl_nm": "제수당",
        "prev_year": 39.2,
        "curr_year": 0.0,
        "change": -39.2,
        "change_pct": -100.0,
        "is_new": false,
        "is_discontinued": true
      },
      {
        "ctgr2": "인건비",
        "ctgr3": "복리후생비_의료/건강",
        "gl_nm": "복리후생비_산재보험",
        "prev_year": 1.29,
        "curr_year": 0.0,
        "change": -1.29,
        "change_pct": -100.0,
        "is_new": false,
        "is_discontinued": true
      },
      {
        "ctgr2": "인건비",
        "ctgr3": "복리후생비_의료/건강",
        "gl_nm": "복리후생비_고용보험",
        "prev_year": 2.47,
        "curr_year": 0.0,
        "change": -2.47,
        "change_pct": -100.0,
        "is_new": false,
        "is_discontinued": true
      },
      {
        "ctgr2": "인건비",
        "ctgr3": "세금과공과_국민연금",
        "gl_nm": "세금과공과_국민연금",
        "prev_year": 5.81,
        "curr_year": 0.0,
        "change": -5.81,
        "change_pct": -100.0,
        "is_new": false,
        "is_discontinued": true
      },
      {
        "ctgr2": "인건비",
        "ctgr3": "퇴직급여",
        "gl_nm": "퇴직급여충당금전입액",
        "prev_year": 21.95,
        "curr_year": 0.0,
        "change": -21.95,
        "change_pct": -100.0,
        "is_new": false,
        "is_discontinued": true
      }
    ],
    "new_investments": [],
    "discontinued": [
      {
        "ctgr2": "인건비",
        "ctgr3": "잡급",
        "gl_nm": "잡급",
        "prev_year": 3.75,
        "curr_year": 0.0,
        "change": -3.75,
        "change_pct": -100.0,
        "is_new": false,
        "is_discontinued": true
      },
      {
        "ctgr2": "인건비",
        "ctgr3": "급료와 임금",
        "gl_nm": "급료와임금",
        "prev_year": 136.43,
        "curr_year": 0.0,
        "change": -136.43,
        "change_pct": -100.0,
        "is_new": false,
        "is_discontinued": true
      },
      {
        "ctgr2": "인건비",
        "ctgr3": "복리후생비_의료/건강",
        "gl_nm": "복리후생비_의료보험",
        "prev_year": 5.95,
        "curr_year": 0.0,
        "change": -5.95,
        "change_pct": -100.0,
        "is_new": false,
        "is_discontinued": true
      },
      {
        "ctgr2": "인건비",
        "ctgr3": "급료와 임금",
        "gl_nm": "제수당",
        "prev_year": 39.2,
        "curr_year": 0.0,
        "change": -39.2,
        "change_pct": -100.0,
        "is_new": false,
        "is_discontinued": true
      },
      {
        "ctgr2": "인건비",
        "ctgr3": "복리후생비_의료/건강",
        "gl_nm": "복리후생비_산재보험",
        "prev_year": 1.29,
        "curr_year": 0.0,
        "change": -1.29,
        "change_pct": -100.0,
        "is_new": false,
        "is_discontinued": true
      },
      {
        "ctgr2": "인건비",
        "ctgr3": "복리후생비_의료/건강",
        "gl_nm": "복리후생비_고용보험",
        "prev_year": 2.47,
        "curr_year": 0.0,
        "change": -2.47,
        "change_pct": -100.0,
        "is_new": false,
        "is_discontinued": true
      },
      {
        "ctgr2": "인건비",
        "ctgr3": "세금과공과_국민연금",
        "gl_nm": "세금과공과_국민연금",
        "prev_year": 5.81,
        "curr_year": 0.0,
        "change": -5.81,
        "change_pct": -100.0,
        "is_new": false,
        "is_discontinued": true
      },
      {
        "ctgr2": "인건비",
        "ctgr3": "퇴직급여",
        "gl_nm": "퇴직급여충당금전입액",
        "prev_year": 21.95,
        "curr_year": 0.0,
        "change": -21.95,
        "change_pct": -100.0,
        "is_new": false,
        "is_discontinued": true
      }
    ]
  },
  "raw_data": {
    "total_records": [
      {
        "PST_YYYYMM": "202411",
        "TOTAL_AMT": 216857758.0
      },
      {
        "PST_YYYYMM": "202511",
        "TOTAL_AMT": 0.0
      }
    ],
    "detail_records": [
      {
        "PST_YYYYMM": "202411",
        "BRD_CD": "W",
        "BRD_NM": "SUPRA",
        "CTGR1": "인건비",
        "CTGR2": "인건비",
        "CTGR3": "급료와 임금",
        "GL_NM": "급료와임금",
        "TTL_USE_AMT": 136429421.0
      },
      {
        "PST_YYYYMM": "202411",
        "BRD_CD": "W",
        "BRD_NM": "SUPRA",
        "CTGR1": "인건비",
        "CTGR2": "인건비",
        "CTGR3": "급료와 임금",
        "GL_NM": "제수당",
        "TTL_USE_AMT": 39199014.0
      },
      {
        "PST_YYYYMM": "202411",
        "BRD_CD": "W",
        "BRD_NM": "SUPRA",
        "CTGR1": "인건비",
        "CTGR2": "인건비",
        "CTGR3": "퇴직급여",
        "GL_NM": "퇴직급여충당금전입액",
        "TTL_USE_AMT": 21953554.0
      },
      {
        "PST_YYYYMM": "202411",
        "BRD_CD": "W",
        "BRD_NM": "SUPRA",
        "CTGR1": "인건비",
        "CTGR2": "인건비",
        "CTGR3": "복리후생비_의료/건강",
        "GL_NM": "복리후생비_의료보험",
        "TTL_USE_AMT": 5953390.0
      },
      {
        "PST_YYYYMM": "202411",
        "BRD_CD": "W",
        "BRD_NM": "SUPRA",
        "CTGR1": "인건비",
        "CTGR2": "인건비",
        "CTGR3": "세금과공과_국민연금",
        "GL_NM": "세금과공과_국민연금",
        "TTL_USE_AMT": 5813110.0
      },
      {
        "PST_YYYYMM": "202411",
        "BRD_CD": "W",
        "BRD_NM": "SUPRA",
        "CTGR1": "인건비",
        "CTGR2": "인건비",
        "CTGR3": "잡급",
        "GL_NM": "잡급",
        "TTL_USE_AMT": 3748800.0
      },
      {
        "PST_YYYYMM": "202411",
        "BRD_CD": "W",
        "BRD_NM": "SUPRA",
        "CTGR1": "인건비",
        "CTGR2": "인건비",
        "CTGR3": "복리후생비_의료/건강",
        "GL_NM": "복리후생비_고용보험",
        "TTL_USE_AMT": 2465929.0
      },
      {
        "PST_YYYYMM": "202411",
        "BRD_CD": "W",
        "BRD_NM": "SUPRA",
        "CTGR1": "인건비",
        "CTGR2": "인건비",
        "CTGR3": "복리후생비_의료/건강",
        "GL_NM": "복리후생비_산재보험",
        "TTL_USE_AMT": 1294540.0
      },
      {
        "PST_YYYYMM": "202511",
        "BRD_CD": "W",
        "BRD_NM": "SUPRA",
        "CTGR1": "인건비",
        "CTGR2": "인건비",
        "CTGR3": "잡급",
        "GL_NM": "잡급",
        "TTL_USE_AMT": 0.0
      },
      {
        "PST_YYYYMM": "202511",
        "BRD_CD": "W",
        "BRD_NM": "SUPRA",
        "CTGR1": "인건비",
        "CTGR2": "인건비",
        "CTGR3": "세금과공과_국민연금",
        "GL_NM": "세금과공과_국민연금",
        "TTL_USE_AMT": 0.0
      },
      {
        "PST_YYYYMM": "202511",
        "BRD_CD": "W",
        "BRD_NM": "SUPRA",
        "CTGR1": "인건비",
        "CTGR2": "인건비",
        "CTGR3": "퇴직급여",
        "GL_NM": "퇴직급여충당금전입액",
        "TTL_USE_AMT": 0.0
      },
      {
        "PST_YYYYMM": "202511",
        "BRD_CD": "W",
        "BRD_NM": "SUPRA",
        "CTGR1": "인건비",
        "CTGR2": "인건비",
        "CTGR3": "복리후생비_의료/건강",
        "GL_NM": "복리후생비_산재보험",
        "TTL_USE_AMT": 0.0
      },
      {
        "PST_YYYYMM": "202511",
        "BRD_CD": "W",
        "BRD_NM": "SUPRA",
        "CTGR1": "인건비",
        "CTGR2": "인건비",
        "CTGR3": "복리후생비_의료/건강",
        "GL_NM": "복리후생비_의료보험",
        "TTL_USE_AMT": 0.0
      },
      {
        "PST_YYYYMM": "202511",
        "BRD_CD": "W",
        "BRD_NM": "SUPRA",
        "CTGR1": "인건비",
        "CTGR2": "인건비",
        "CTGR3": "복리후생비_의료/건강",
        "GL_NM": "복리후생비_고용보험",
        "TTL_USE_AMT": 0.0
      },
      {
        "PST_YYYYMM": "202511",
        "BRD_CD": "W",
        "BRD_NM": "SUPRA",
        "CTGR1": "인건비",
        "CTGR2": "인건비",
        "CTGR3": "급료와 임금",
        "GL_NM": "급료와임금",
        "TTL_USE_AMT": 0.0
      },
      {
        "PST_YYYYMM": "202511",
        "BRD_CD": "W",
        "BRD_NM": "SUPRA",
        "CTGR1": "인건비",
        "CTGR2": "인건비",
        "CTGR3": "급료와 임금",
        "GL_NM": "제수당",
        "TTL_USE_AMT": 0.0
      }
    ]
  },
  "trend_data": {
    "trend_months": [
      "202412",
      "202501",
      "202502",
      "202503",
      "202504",
      "202505",
      "202506",
      "202507",
      "202508",
      "202509",
      "202510",
      "202511"
    ],
    "monthly_totals": [
      {
        "yyyymm": "202412",
        "total_amount": 204.75
      },
      {
        "yyyymm": "202501",
        "total_amount": 145.96
      },
      {
        "yyyymm": "202502",
        "total_amount": 128.7
      },
      {
        "yyyymm": "202503",
        "total_amount": 102.08
      },
      {
        "yyyymm": "202504",
        "total_amount": 24.82
      },
      {
        "yyyymm": "202505",
        "total_amount": 26.55
      },
      {
        "yyyymm": "202506",
        "total_amount": 12.62
      },
      {
        "yyyymm": "202507",
        "total_amount": 1.64
      },
      {
        "yyyymm": "202508",
        "total_amount": 2.23
      },
      {
        "yyyymm": "202509",
        "total_amount": -1.56
      },
      {
        "yyyymm": "202510",
        "total_amount": 0.0
      },
      {
        "yyyymm": "202511",
        "total_amount": 0.0
      }
    ],
    "monthly_details": [
      {
        "yyyymm": "202412",
        "ctgr2": "인건비",
        "ctgr3": "급료와 임금",
        "gl_nm": "급료와임금",
        "amount": 129.31
      },
      {
        "yyyymm": "202412",
        "ctgr2": "인건비",
        "ctgr3": "급료와 임금",
        "gl_nm": "제수당",
        "amount": 36.09
      },
      {
        "yyyymm": "202412",
        "ctgr2": "인건비",
        "ctgr3": "퇴직급여",
        "gl_nm": "퇴직급여충당금전입액",
        "amount": 21.16
      },
      {
        "yyyymm": "202412",
        "ctgr2": "인건비",
        "ctgr3": "세금과공과_국민연금",
        "gl_nm": "세금과공과_국민연금",
        "amount": 6.58
      },
      {
        "yyyymm": "202412",
        "ctgr2": "인건비",
        "ctgr3": "복리후생비_의료/건강",
        "gl_nm": "복리후생비_의료보험",
        "amount": 6.52
      },
      {
        "yyyymm": "202412",
        "ctgr2": "인건비",
        "ctgr3": "복리후생비_의료/건강",
        "gl_nm": "복리후생비_고용보험",
        "amount": 2.41
      },
      {
        "yyyymm": "202412",
        "ctgr2": "인건비",
        "ctgr3": "잡급",
        "gl_nm": "잡급",
        "amount": 1.5
      },
      {
        "yyyymm": "202412",
        "ctgr2": "인건비",
        "ctgr3": "복리후생비_의료/건강",
        "gl_nm": "복리후생비_산재보험",
        "amount": 1.19
      },
      {
        "yyyymm": "202501",
        "ctgr2": "인건비",
        "ctgr3": "급료와 임금",
        "gl_nm": "급료와임금",
        "amount": 90.68
      },
      {
        "yyyymm": "202501",
        "ctgr2": "인건비",
        "ctgr3": "급료와 임금",
        "gl_nm": "제수당",
        "amount": 29.11
      },
      {
        "yyyymm": "202501",
        "ctgr2": "인건비",
        "ctgr3": "퇴직급여",
        "gl_nm": "퇴직급여충당금전입액",
        "amount": 14.97
      },
      {
        "yyyymm": "202501",
        "ctgr2": "인건비",
        "ctgr3": "세금과공과_국민연금",
        "gl_nm": "세금과공과_국민연금",
        "amount": 4.45
      },
      {
        "yyyymm": "202501",
        "ctgr2": "인건비",
        "ctgr3": "복리후생비_의료/건강",
        "gl_nm": "복리후생비_의료보험",
        "amount": 4.27
      },
      {
        "yyyymm": "202501",
        "ctgr2": "인건비",
        "ctgr3": "복리후생비_의료/건강",
        "gl_nm": "복리후생비_고용보험",
        "amount": 1.63
      },
      {
        "yyyymm": "202501",
        "ctgr2": "인건비",
        "ctgr3": "복리후생비_의료/건강",
        "gl_nm": "복리후생비_산재보험",
        "amount": 0.84
      },
      {
        "yyyymm": "202501",
        "ctgr2": "인건비",
        "ctgr3": "잡급",
        "gl_nm": "잡급",
        "amount": 0.0
      },
      {
        "yyyymm": "202502",
        "ctgr2": "인건비",
        "ctgr3": "급료와 임금",
        "gl_nm": "급료와임금",
        "amount": 77.52
      },
      {
        "yyyymm": "202502",
        "ctgr2": "인건비",
        "ctgr3": "급료와 임금",
        "gl_nm": "제수당",
        "amount": 26.57
      },
      {
        "yyyymm": "202502",
        "ctgr2": "인건비",
        "ctgr3": "퇴직급여",
        "gl_nm": "퇴직급여충당금전입액",
        "amount": 13.01
      },
      {
        "yyyymm": "202502",
        "ctgr2": "인건비",
        "ctgr3": "복리후생비_의료/건강",
        "gl_nm": "복리후생비_의료보험",
        "amount": 5.06
      },
      {
        "yyyymm": "202502",
        "ctgr2": "인건비",
        "ctgr3": "세금과공과_국민연금",
        "gl_nm": "세금과공과_국민연금",
        "amount": 4.25
      },
      {
        "yyyymm": "202502",
        "ctgr2": "인건비",
        "ctgr3": "복리후생비_의료/건강",
        "gl_nm": "복리후생비_고용보험",
        "amount": 1.54
      },
      {
        "yyyymm": "202502",
        "ctgr2": "인건비",
        "ctgr3": "복리후생비_의료/건강",
        "gl_nm": "복리후생비_산재보험",
        "amount": 0.75
      },
      {
        "yyyymm": "202502",
        "ctgr2": "인건비",
        "ctgr3": "잡급",
        "gl_nm": "잡급",
        "amount": 0.0
      },
      {
        "yyyymm": "202503",
        "ctgr2": "인건비",
        "ctgr3": "급료와 임금",
        "gl_nm": "급료와임금",
        "amount": 65.83
      },
      {
        "yyyymm": "202503",
        "ctgr2": "인건비",
        "ctgr3": "급료와 임금",
        "gl_nm": "제수당",
        "amount": 18.09
      },
      {
        "yyyymm": "202503",
        "ctgr2": "인건비",
        "ctgr3": "퇴직급여",
        "gl_nm": "퇴직급여충당금전입액",
        "amount": 10.76
      },
      {
        "yyyymm": "202503",
        "ctgr2": "인건비",
        "ctgr3": "세금과공과_국민연금",
        "gl_nm": "세금과공과_국민연금",
        "amount": 2.71
      },
      {
        "yyyymm": "202503",
        "ctgr2": "인건비",
        "ctgr3": "복리후생비_의료/건강",
        "gl_nm": "복리후생비_의료보험",
        "amount": 2.13
      },
      {
        "yyyymm": "202503",
        "ctgr2": "인건비",
        "ctgr3": "복리후생비_의료/건강",
        "gl_nm": "복리후생비_고용보험",
        "amount": 1.21
      },
      {
        "yyyymm": "202503",
        "ctgr2": "인건비",
        "ctgr3": "잡급",
        "gl_nm": "잡급",
        "amount": 0.75
      },
      {
        "yyyymm": "202503",
        "ctgr2": "인건비",
        "ctgr3": "복리후생비_의료/건강",
        "gl_nm": "복리후생비_산재보험",
        "amount": 0.6
      },
      {
        "yyyymm": "202504",
        "ctgr2": "인건비",
        "ctgr3": "급료와 임금",
        "gl_nm": "급료와임금",
        "amount": 14.91
      },
      {
        "yyyymm": "202504",
        "ctgr2": "인건비",
        "ctgr3": "급료와 임금",
        "gl_nm": "제수당",
        "amount": 4.95
      },
      {
        "yyyymm": "202504",
        "ctgr2": "인건비",
        "ctgr3": "퇴직급여",
        "gl_nm": "퇴직급여충당금전입액",
        "amount": 2.48
      },
      {
        "yyyymm": "202504",
        "ctgr2": "인건비",
        "ctgr3": "복리후생비_의료/건강",
        "gl_nm": "복리후생비_의료보험",
        "amount": 1.08
      },
      {
        "yyyymm": "202504",
        "ctgr2": "인건비",
        "ctgr3": "세금과공과_국민연금",
        "gl_nm": "세금과공과_국민연금",
        "amount": 0.79
      },
      {
        "yyyymm": "202504",
        "ctgr2": "인건비",
        "ctgr3": "복리후생비_의료/건강",
        "gl_nm": "복리후생비_고용보험",
        "amount": 0.43
      },
      {
        "yyyymm": "202504",
        "ctgr2": "인건비",
        "ctgr3": "복리후생비_의료/건강",
        "gl_nm": "복리후생비_산재보험",
        "amount": 0.18
      },
      {
        "yyyymm": "202504",
        "ctgr2": "인건비",
        "ctgr3": "잡급",
        "gl_nm": "잡급",
        "amount": 0.0
      },
      {
        "yyyymm": "202505",
        "ctgr2": "인건비",
        "ctgr3": "급료와 임금",
        "gl_nm": "급료와임금",
        "amount": 17.57
      },
      {
        "yyyymm": "202505",
        "ctgr2": "인건비",
        "ctgr3": "급료와 임금",
        "gl_nm": "제수당",
        "amount": 3.9
      },
      {
        "yyyymm": "202505",
        "ctgr2": "인건비",
        "ctgr3": "퇴직급여",
        "gl_nm": "퇴직급여충당금전입액",
        "amount": 2.68
      },
      {
        "yyyymm": "202505",
        "ctgr2": "인건비",
        "ctgr3": "복리후생비_의료/건강",
        "gl_nm": "복리후생비_의료보험",
        "amount": 1.06
      },
      {
        "yyyymm": "202505",
        "ctgr2": "인건비",
        "ctgr3": "세금과공과_국민연금",
        "gl_nm": "세금과공과_국민연금",
        "amount": 0.86
      },
      {
        "yyyymm": "202505",
        "ctgr2": "인건비",
        "ctgr3": "복리후생비_의료/건강",
        "gl_nm": "복리후생비_고용보험",
        "amount": 0.32
      },
      {
        "yyyymm": "202505",
        "ctgr2": "인건비",
        "ctgr3": "복리후생비_의료/건강",
        "gl_nm": "복리후생비_산재보험",
        "amount": 0.15
      },
      {
        "yyyymm": "202505",
        "ctgr2": "인건비",
        "ctgr3": "잡급",
        "gl_nm": "잡급",
        "amount": 0.0
      },
      {
        "yyyymm": "202506",
        "ctgr2": "인건비",
        "ctgr3": "급료와 임금",
        "gl_nm": "급료와임금",
        "amount": 8.8
      },
      {
        "yyyymm": "202506",
        "ctgr2": "인건비",
        "ctgr3": "퇴직급여",
        "gl_nm": "퇴직급여충당금전입액",
        "amount": 1.53
      },
      {
        "yyyymm": "202506",
        "ctgr2": "인건비",
        "ctgr3": "급료와 임금",
        "gl_nm": "제수당",
        "amount": 1.43
      },
      {
        "yyyymm": "202506",
        "ctgr2": "인건비",
        "ctgr3": "세금과공과_국민연금",
        "gl_nm": "세금과공과_국민연금",
        "amount": 0.52
      },
      {
        "yyyymm": "202506",
        "ctgr2": "인건비",
        "ctgr3": "복리후생비_의료/건강",
        "gl_nm": "복리후생비_고용보험",
        "amount": 0.19
      },
      {
        "yyyymm": "202506",
        "ctgr2": "인건비",
        "ctgr3": "복리후생비_의료/건강",
        "gl_nm": "복리후생비_산재보험",
        "amount": 0.09
      },
      {
        "yyyymm": "202506",
        "ctgr2": "인건비",
        "ctgr3": "복리후생비_의료/건강",
        "gl_nm": "복리후생비_의료보험",
        "amount": 0.05
      },
      {
        "yyyymm": "202506",
        "ctgr2": "인건비",
        "ctgr3": "잡급",
        "gl_nm": "잡급",
        "amount": 0.0
      },
      {
        "yyyymm": "202507",
        "ctgr2": "인건비",
        "ctgr3": "세금과공과_국민연금",
        "gl_nm": "세금과공과_국민연금",
        "amount": 1.09
      },
      {
        "yyyymm": "202507",
        "ctgr2": "인건비",
        "ctgr3": "복리후생비_의료/건강",
        "gl_nm": "복리후생비_의료보험",
        "amount": 0.56
      },
      {
        "yyyymm": "202507",
        "ctgr2": "인건비",
        "ctgr3": "복리후생비_의료/건강",
        "gl_nm": "복리후생비_산재보험",
        "amount": 0.0
      },
      {
        "yyyymm": "202507",
        "ctgr2": "인건비",
        "ctgr3": "잡급",
        "gl_nm": "잡급",
        "amount": 0.0
      },
      {
        "yyyymm": "202507",
        "ctgr2": "인건비",
        "ctgr3": "급료와 임금",
        "gl_nm": "제수당",
        "amount": 0.0
      },
      {
        "yyyymm": "202507",
        "ctgr2": "인건비",
        "ctgr3": "퇴직급여",
        "gl_nm": "퇴직급여충당금전입액",
        "amount": 0.0
      },
      {
        "yyyymm": "202507",
        "ctgr2": "인건비",
        "ctgr3": "급료와 임금",
        "gl_nm": "급료와임금",
        "amount": 0.0
      },
      {
        "yyyymm": "202507",
        "ctgr2": "인건비",
        "ctgr3": "복리후생비_의료/건강",
        "gl_nm": "복리후생비_고용보험",
        "amount": 0.0
      },
      {
        "yyyymm": "202508",
        "ctgr2": "인건비",
        "ctgr3": "복리후생비_의료/건강",
        "gl_nm": "복리후생비_의료보험",
        "amount": 3.29
      },
      {
        "yyyymm": "202508",
        "ctgr2": "인건비",
        "ctgr3": "급료와 임금",
        "gl_nm": "제수당",
        "amount": 0.03
      },
      {
        "yyyymm": "202508",
        "ctgr2": "인건비",
        "ctgr3": "퇴직급여",
        "gl_nm": "퇴직급여충당금전입액",
        "amount": 0.0
      },
      {
        "yyyymm": "202508",
        "ctgr2": "인건비",
        "ctgr3": "복리후생비_의료/건강",
        "gl_nm": "복리후생비_고용보험",
        "amount": 0.0
      },
      {
        "yyyymm": "202508",
        "ctgr2": "인건비",
        "ctgr3": "복리후생비_의료/건강",
        "gl_nm": "복리후생비_산재보험",
        "amount": 0.0
      },
      {
        "yyyymm": "202508",
        "ctgr2": "인건비",
        "ctgr3": "잡급",
        "gl_nm": "잡급",
        "amount": 0.0
      },
      {
        "yyyymm": "202508",
        "ctgr2": "인건비",
        "ctgr3": "급료와 임금",
        "gl_nm": "급료와임금",
        "amount": 0.0
      },
      {
        "yyyymm": "202508",
        "ctgr2": "인건비",
        "ctgr3": "세금과공과_국민연금",
        "gl_nm": "세금과공과_국민연금",
        "amount": -1.09
      },
      {
        "yyyymm": "202509",
        "ctgr2": "인건비",
        "ctgr3": "급료와 임금",
        "gl_nm": "급료와임금",
        "amount": 0.0
      },
      {
        "yyyymm": "202509",
        "ctgr2": "인건비",
        "ctgr3": "잡급",
        "gl_nm": "잡급",
        "amount": 0.0
      },
      {
        "yyyymm": "202509",
        "ctgr2": "인건비",
        "ctgr3": "퇴직급여",
        "gl_nm": "퇴직급여충당금전입액",
        "amount": 0.0
      },
      {
        "yyyymm": "202509",
        "ctgr2": "인건비",
        "ctgr3": "세금과공과_국민연금",
        "gl_nm": "세금과공과_국민연금",
        "amount": 0.0
      },
      {
        "yyyymm": "202509",
        "ctgr2": "인건비",
        "ctgr3": "복리후생비_의료/건강",
        "gl_nm": "복리후생비_고용보험",
        "amount": 0.0
      },
      {
        "yyyymm": "202509",
        "ctgr2": "인건비",
        "ctgr3": "급료와 임금",
        "gl_nm": "제수당",
        "amount": 0.0
      },
      {
        "yyyymm": "202509",
        "ctgr2": "인건비",
        "ctgr3": "복리후생비_의료/건강",
        "gl_nm": "복리후생비_산재보험",
        "amount": 0.0
      },
      {
        "yyyymm": "202509",
        "ctgr2": "인건비",
        "ctgr3": "복리후생비_의료/건강",
        "gl_nm": "복리후생비_의료보험",
        "amount": -1.56
      },
      {
        "yyyymm": "202510",
        "ctgr2": "인건비",
        "ctgr3": "급료와 임금",
        "gl_nm": "제수당",
        "amount": 0.0
      },
      {
        "yyyymm": "202510",
        "ctgr2": "인건비",
        "ctgr3": "복리후생비_의료/건강",
        "gl_nm": "복리후생비_고용보험",
        "amount": 0.0
      },
      {
        "yyyymm": "202510",
        "ctgr2": "인건비",
        "ctgr3": "급료와 임금",
        "gl_nm": "급료와임금",
        "amount": 0.0
      },
      {
        "yyyymm": "202510",
        "ctgr2": "인건비",
        "ctgr3": "세금과공과_국민연금",
        "gl_nm": "세금과공과_국민연금",
        "amount": 0.0
      },
      {
        "yyyymm": "202510",
        "ctgr2": "인건비",
        "ctgr3": "복리후생비_의료/건강",
        "gl_nm": "복리후생비_산재보험",
        "amount": 0.0
      },
      {
        "yyyymm": "202510",
        "ctgr2": "인건비",
        "ctgr3": "복리후생비_의료/건강",
        "gl_nm": "복리후생비_의료보험",
        "amount": 0.0
      },
      {
        "yyyymm": "202510",
        "ctgr2": "인건비",
        "ctgr3": "잡급",
        "gl_nm": "잡급",
        "amount": 0.0
      },
      {
        "yyyymm": "202510",
        "ctgr2": "인건비",
        "ctgr3": "퇴직급여",
        "gl_nm": "퇴직급여충당금전입액",
        "amount": 0.0
      },
      {
        "yyyymm": "202511",
        "ctgr2": "인건비",
        "ctgr3": "복리후생비_의료/건강",
        "gl_nm": "복리후생비_산재보험",
        "amount": 0.0
      },
      {
        "yyyymm": "202511",
        "ctgr2": "인건비",
        "ctgr3": "급료와 임금",
        "gl_nm": "제수당",
        "amount": 0.0
      },
      {
        "yyyymm": "202511",
        "ctgr2": "인건비",
        "ctgr3": "복리후생비_의료/건강",
        "gl_nm": "복리후생비_고용보험",
        "amount": 0.0
      },
      {
        "yyyymm": "202511",
        "ctgr2": "인건비",
        "ctgr3": "복리후생비_의료/건강",
        "gl_nm": "복리후생비_의료보험",
        "amount": 0.0
      },
      {
        "yyyymm": "202511",
        "ctgr2": "인건비",
        "ctgr3": "급료와 임금",
        "gl_nm": "급료와임금",
        "amount": 0.0
      },
      {
        "yyyymm": "202511",
        "ctgr2": "인건비",
        "ctgr3": "세금과공과_국민연금",
        "gl_nm": "세금과공과_국민연금",
        "amount": 0.0
      },
      {
        "yyyymm": "202511",
        "ctgr2": "인건비",
        "ctgr3": "퇴직급여",
        "gl_nm": "퇴직급여충당금전입액",
        "amount": 0.0
      },
      {
        "yyyymm": "202511",
        "ctgr2": "인건비",
        "ctgr3": "잡급",
        "gl_nm": "잡급",
        "amount": 0.0
      }
    ]
  }
}