{
  "country": "KR",
  "brand_cd": "V",
  "brand_name": "DUVETICA",
  "yyyymm": "202511",
  "yyyymm_py": "202411",
  "key": "매장효율성",
  "sub_key": "종합분석",
  "analysis_data": {
    "title": "매장효율성 종합분석",
    "sections": [
      {
        "div": "종합분석-1",
        "sub_title": "우수 점포 생산성",
        "ai_text": "백화점 채널이 뛰어난 성과를 보여주고 있습니다. 점포당 매출(v+)이 149백만원으로 전체 평균 143백만원을 상회하며, 전년 79백만원 대비 187.8% 성장을 달성했습니다.\n19개 점포로 확장하면서도 매장 효율성을 크게 향상시킨 것은 프리미엄 패딩 브랜드로서의 포지셔닝이 백화점 고객층과 잘 맞아떨어졌기 때문으로 분석됩니다.\n백화점의 우수한 입지와 타겟 고객층의 구매력이 DUVETICA 브랜드 가치와 시너지를 창출하고 있습니다."
      },
      {
        "div": "종합분석-2",
        "sub_title": "대응 필요 매장",
        "ai_text": "직영점은 점포당 매출(v+) 120백만원으로 전체 평균 대비 낮은 수준이며, 아울렛은 138백만원에서 147백만원으로 93.3% 감소하여 유일한 역성장 채널입니다.\n직영점의 경우 3개 점포로 소규모이지만 129.8% 성장에도 불구하고 절대 매출 수준이 낮아 운영 효율성 개선이 필요합니다.\n아울렛은 8개 점포로 확장했음에도 점포당 매출이 감소한 것은 할인 채널 특성상 브랜드 가치 희석과 수익성 악화 우려를 시사합니다."
      },
      {
        "div": "종합분석-3",
        "sub_title": "AI 권장사항",
        "ai_text": "• 백화점 채널 확대: 우수한 성과를 바탕으로 프리미엄 백화점 입점을 추가 확대하되, 점포당 매출 150백만원 이상 유지를 목표로 설정\n• 직영점 최적화: 3개 점포의 입지 재검토 및 매장 운영 효율성 개선을 통해 점포당 매출 140백만원 달성 목표\n• 아울렛 전략 재검토: 브랜드 가치 보호를 위해 아울렛 확장 중단 및 기존 점포의 수익성 개선에 집중\n• 채널별 차별화된 상품 구성 및 가격 정책을 통한 매장 효율성 극대화 추진"
      },
      {
        "div": "종합분석-4",
        "sub_title": "최적의 시나리오",
        "ai_text": "2026년 목표: 전체 점포당 매출(v+) 160백만원 달성을 통한 매장 효율성 극대화를 목표로 설정합니다.\n백화점 22개 점포로 확대하여 점포당 매출 170백만원 달성, 직영점은 선별적 운영으로 3개 점포 유지하되 점포당 매출 150백만원 달성을 목표로 합니다.\n아울렛은 7개 점포로 축소하여 점포당 매출 160백만원 회복을 통해 브랜드 가치 보호와 수익성을 동시에 확보합니다.\n이를 통해 총 32개 점포에서 전년 대비 매장 효율성 11.9% 추가 개선을 달성할 수 있을 것으로 예상됩니다."
      }
    ]
  },
  "summary": {
    "total_shop_amt_cy": 143.0,
    "total_shop_amt_py": 98.0,
    "total_shop_cnt_cy": 30,
    "total_shop_cnt_py": 27,
    "yoy": 145.9,
    "unique_channels": 3,
    "analysis_period": "2024년 11월 vs 2025년 11월"
  },
  "channel_summary": {
    "백화점": {
      "shop_amt_cy": 149.0,
      "shop_amt_py": 79.0,
      "shop_cnt_cy": 19,
      "shop_cnt_py": 18,
      "yoy": 187.8
    },
    "직영점": {
      "shop_amt_cy": 120.0,
      "shop_amt_py": 92.0,
      "shop_cnt_cy": 3,
      "shop_cnt_py": 2,
      "yoy": 129.8
    },
    "아울렛": {
      "shop_amt_cy": 138.0,
      "shop_amt_py": 147.0,
      "shop_cnt_cy": 8,
      "shop_cnt_py": 7,
      "yoy": 93.3
    }
  },
  "excellent_channels": [
    {
      "chnl_nm": "백화점",
      "shop_amt_cy": 149.0,
      "shop_amt_py": 79.0,
      "yoy": 187.8,
      "shop_cnt_cy": 19
    }
  ],
  "warning_channels": [
    {
      "chnl_nm": "직영점",
      "shop_amt_cy": 120.0,
      "shop_amt_py": 92.0,
      "yoy": 129.8,
      "shop_cnt_cy": 3
    },
    {
      "chnl_nm": "아울렛",
      "shop_amt_cy": 138.0,
      "shop_amt_py": 147.0,
      "yoy": 93.3,
      "shop_cnt_cy": 8
    }
  ],
  "raw_data": {
    "sample_records": [
      {
        "CHNL_NM": "백화점",
        "SHOP_CNT_CY": 19,
        "SHOP_CNT_PY": 18,
        "SHOP_AMT_CY": 149.0,
        "SHOP_AMT_PY": 79.0,
        "YOY": 187.8,
        "SEQ": 2
      },
      {
        "CHNL_NM": "직영점",
        "SHOP_CNT_CY": 3,
        "SHOP_CNT_PY": 2,
        "SHOP_AMT_CY": 120.0,
        "SHOP_AMT_PY": 92.0,
        "YOY": 129.8,
        "SEQ": 2
      },
      {
        "CHNL_NM": "아울렛",
        "SHOP_CNT_CY": 8,
        "SHOP_CNT_PY": 7,
        "SHOP_AMT_CY": 138.0,
        "SHOP_AMT_PY": 147.0,
        "YOY": 93.3,
        "SEQ": 2
      },
      {
        "CHNL_NM": "전체",
        "SHOP_CNT_CY": 30,
        "SHOP_CNT_PY": 27,
        "SHOP_AMT_CY": 143.0,
        "SHOP_AMT_PY": 98.0,
        "YOY": 146.0,
        "SEQ": 1
      },
      {
        "CHNL_NM": "면세 제외",
        "SHOP_CNT_CY": 30,
        "SHOP_CNT_PY": 27,
        "SHOP_AMT_CY": 143.0,
        "SHOP_AMT_PY": 98.0,
        "YOY": 146.0,
        "SEQ": 3
      }
    ],
    "total_records_count": 5
  }
}