{
  "country": "KR",
  "brand_cd": "ST",
  "brand_name": "SERGIO TACCHINI",
  "yyyymm": "202511",
  "yyyymm_py": "202411",
  "key": "월별아이템별재고추세",
  "analysis_data": {
    "title": "아이템별 재고 종합분석 (당해 1월~현재월)",
    "sections": [
      {
        "div": "종합분석-1",
        "sub_title": "조기경보",
        "ai_text": "• 2025년 1월부터 재고 급증으로 신규 입고 집중\n• 3월 35,929백만원 최고점 달성 후 관리 필요\n• 1월 대비 재고 규모 대폭 증가로 자금 회전율 악화"
      },
      {
        "div": "종합분석-2",
        "sub_title": "긍정신호",
        "ai_text": "• 3월 고점 이후 지속적 재고 감소 추세\n• 35,929백만원 → 29,394백만원으로 18.2% 감소\n• 효과적 재고 관리로 자금 회전율 개선"
      },
      {
        "div": "종합분석-3",
        "sub_title": "인사이트",
        "ai_text": "• 총재고 11월 29,394백만원으로 안정화\n• 3월 고점 후 하락세로 건전한 재고 회전\n• 봄시즌 재고 증가 후 하반기 효과적 소진"
      }
    ]
  },
  "summary": {
    "total_stock": 362608.74,
    "unique_months": 22,
    "unique_items": 8,
    "analysis_period": "2025년 01월 ~ 2025년 11월"
  },
  "monthly_totals": [
    {
      "yyyymm": "202401",
      "total_stock": 0.0
    },
    {
      "yyyymm": "202402",
      "total_stock": 0.0
    },
    {
      "yyyymm": "202403",
      "total_stock": 0.0
    },
    {
      "yyyymm": "202404",
      "total_stock": 0.0
    },
    {
      "yyyymm": "202405",
      "total_stock": 0.0
    },
    {
      "yyyymm": "202406",
      "total_stock": 0.0
    },
    {
      "yyyymm": "202407",
      "total_stock": 0.0
    },
    {
      "yyyymm": "202408",
      "total_stock": 0.0
    },
    {
      "yyyymm": "202409",
      "total_stock": 0.0
    },
    {
      "yyyymm": "202410",
      "total_stock": 0.0
    },
    {
      "yyyymm": "202411",
      "total_stock": 0.0
    },
    {
      "yyyymm": "202501",
      "total_stock": 33266.76
    },
    {
      "yyyymm": "202502",
      "total_stock": 34888.56
    },
    {
      "yyyymm": "202503",
      "total_stock": 35928.66
    },
    {
      "yyyymm": "202504",
      "total_stock": 35244.7
    },
    {
      "yyyymm": "202505",
      "total_stock": 33897.73
    },
    {
      "yyyymm": "202506",
      "total_stock": 32472.05
    },
    {
      "yyyymm": "202507",
      "total_stock": 32114.32
    },
    {
      "yyyymm": "202508",
      "total_stock": 32671.91
    },
    {
      "yyyymm": "202509",
      "total_stock": 32161.74
    },
    {
      "yyyymm": "202510",
      "total_stock": 30568.57
    },
    {
      "yyyymm": "202511",
      "total_stock": 29393.75
    }
  ],
  "early_warning_items": [],
  "positive_signal_items": [],
  "insights": {
    "final_month_total": 29393.75,
    "decreasing_months_count": 7,
    "increasing_months_count": 4,
    "min_month": "202401",
    "min_stock": 0.0
  },
  "raw_data": {
    "sample_records": [
      {
        "YYYYMM": "202401",
        "ITEM_STD": "25S 의류",
        "CY_END_STOCK_TAG_AMT": 0.0,
        "PY_END_STOCK_TAG_AMT": 4581633000.0,
        "YOY": 0.0
      },
      {
        "YYYYMM": "202401",
        "ITEM_STD": "가방",
        "CY_END_STOCK_TAG_AMT": 0.0,
        "PY_END_STOCK_TAG_AMT": 323868000.0,
        "YOY": 0.0
      },
      {
        "YYYYMM": "202401",
        "ITEM_STD": "과시즌 의류",
        "CY_END_STOCK_TAG_AMT": 0.0,
        "PY_END_STOCK_TAG_AMT": 12261763000.0,
        "YOY": 0.0
      },
      {
        "YYYYMM": "202401",
        "ITEM_STD": "기타ACC",
        "CY_END_STOCK_TAG_AMT": 0.0,
        "PY_END_STOCK_TAG_AMT": 130254000.0,
        "YOY": 0.0
      },
      {
        "YYYYMM": "202401",
        "ITEM_STD": "모자",
        "CY_END_STOCK_TAG_AMT": 0.0,
        "PY_END_STOCK_TAG_AMT": 859166000.0,
        "YOY": 0.0
      },
      {
        "YYYYMM": "202401",
        "ITEM_STD": "신발",
        "CY_END_STOCK_TAG_AMT": 0.0,
        "PY_END_STOCK_TAG_AMT": 3274262000.0,
        "YOY": 0.0
      },
      {
        "YYYYMM": "202402",
        "ITEM_STD": "25S 의류",
        "CY_END_STOCK_TAG_AMT": 0.0,
        "PY_END_STOCK_TAG_AMT": 11920046000.0,
        "YOY": 0.0
      },
      {
        "YYYYMM": "202402",
        "ITEM_STD": "가방",
        "CY_END_STOCK_TAG_AMT": 0.0,
        "PY_END_STOCK_TAG_AMT": 331254000.0,
        "YOY": 0.0
      },
      {
        "YYYYMM": "202402",
        "ITEM_STD": "과시즌 의류",
        "CY_END_STOCK_TAG_AMT": 0.0,
        "PY_END_STOCK_TAG_AMT": 12011977000.0,
        "YOY": 0.0
      },
      {
        "YYYYMM": "202402",
        "ITEM_STD": "기타ACC",
        "CY_END_STOCK_TAG_AMT": 0.0,
        "PY_END_STOCK_TAG_AMT": 149849000.0,
        "YOY": 0.0
      },
      {
        "YYYYMM": "202402",
        "ITEM_STD": "모자",
        "CY_END_STOCK_TAG_AMT": 0.0,
        "PY_END_STOCK_TAG_AMT": 759049000.0,
        "YOY": 0.0
      },
      {
        "YYYYMM": "202402",
        "ITEM_STD": "신발",
        "CY_END_STOCK_TAG_AMT": 0.0,
        "PY_END_STOCK_TAG_AMT": 3243581000.0,
        "YOY": 0.0
      },
      {
        "YYYYMM": "202403",
        "ITEM_STD": "25S 의류",
        "CY_END_STOCK_TAG_AMT": 0.0,
        "PY_END_STOCK_TAG_AMT": 15252695000.0,
        "YOY": 0.0
      },
      {
        "YYYYMM": "202403",
        "ITEM_STD": "가방",
        "CY_END_STOCK_TAG_AMT": 0.0,
        "PY_END_STOCK_TAG_AMT": 841802000.0,
        "YOY": 0.0
      },
      {
        "YYYYMM": "202403",
        "ITEM_STD": "과시즌 의류",
        "CY_END_STOCK_TAG_AMT": 0.0,
        "PY_END_STOCK_TAG_AMT": 11938864000.0,
        "YOY": 0.0
      },
      {
        "YYYYMM": "202403",
        "ITEM_STD": "기타ACC",
        "CY_END_STOCK_TAG_AMT": 0.0,
        "PY_END_STOCK_TAG_AMT": 198600000.0,
        "YOY": 0.0
      },
      {
        "YYYYMM": "202403",
        "ITEM_STD": "모자",
        "CY_END_STOCK_TAG_AMT": 0.0,
        "PY_END_STOCK_TAG_AMT": 832040000.0,
        "YOY": 0.0
      },
      {
        "YYYYMM": "202403",
        "ITEM_STD": "신발",
        "CY_END_STOCK_TAG_AMT": 0.0,
        "PY_END_STOCK_TAG_AMT": 3216752000.0,
        "YOY": 0.0
      },
      {
        "YYYYMM": "202404",
        "ITEM_STD": "25S 의류",
        "CY_END_STOCK_TAG_AMT": 0.0,
        "PY_END_STOCK_TAG_AMT": 15549645000.0,
        "YOY": 0.0
      },
      {
        "YYYYMM": "202404",
        "ITEM_STD": "가방",
        "CY_END_STOCK_TAG_AMT": 0.0,
        "PY_END_STOCK_TAG_AMT": 1091425000.0,
        "YOY": 0.0
      },
      {
        "YYYYMM": "202404",
        "ITEM_STD": "과시즌 의류",
        "CY_END_STOCK_TAG_AMT": 0.0,
        "PY_END_STOCK_TAG_AMT": 11833498000.0,
        "YOY": 0.0
      },
      {
        "YYYYMM": "202404",
        "ITEM_STD": "기타ACC",
        "CY_END_STOCK_TAG_AMT": 0.0,
        "PY_END_STOCK_TAG_AMT": 273343000.0,
        "YOY": 0.0
      },
      {
        "YYYYMM": "202404",
        "ITEM_STD": "모자",
        "CY_END_STOCK_TAG_AMT": 0.0,
        "PY_END_STOCK_TAG_AMT": 787771000.0,
        "YOY": 0.0
      },
      {
        "YYYYMM": "202404",
        "ITEM_STD": "신발",
        "CY_END_STOCK_TAG_AMT": 0.0,
        "PY_END_STOCK_TAG_AMT": 3190671000.0,
        "YOY": 0.0
      },
      {
        "YYYYMM": "202405",
        "ITEM_STD": "25F 의류",
        "CY_END_STOCK_TAG_AMT": 0.0,
        "PY_END_STOCK_TAG_AMT": 0.0,
        "YOY": 0.0
      },
      {
        "YYYYMM": "202405",
        "ITEM_STD": "25S 의류",
        "CY_END_STOCK_TAG_AMT": 0.0,
        "PY_END_STOCK_TAG_AMT": 15085321000.0,
        "YOY": 0.0
      },
      {
        "YYYYMM": "202405",
        "ITEM_STD": "가방",
        "CY_END_STOCK_TAG_AMT": 0.0,
        "PY_END_STOCK_TAG_AMT": 1102077000.0,
        "YOY": 0.0
      },
      {
        "YYYYMM": "202405",
        "ITEM_STD": "과시즌 의류",
        "CY_END_STOCK_TAG_AMT": 0.0,
        "PY_END_STOCK_TAG_AMT": 11561379000.0,
        "YOY": 0.0
      },
      {
        "YYYYMM": "202405",
        "ITEM_STD": "기타ACC",
        "CY_END_STOCK_TAG_AMT": 0.0,
        "PY_END_STOCK_TAG_AMT": 253822000.0,
        "YOY": 0.0
      },
      {
        "YYYYMM": "202405",
        "ITEM_STD": "모자",
        "CY_END_STOCK_TAG_AMT": 0.0,
        "PY_END_STOCK_TAG_AMT": 734068000.0,
        "YOY": 0.0
      },
      {
        "YYYYMM": "202405",
        "ITEM_STD": "신발",
        "CY_END_STOCK_TAG_AMT": 0.0,
        "PY_END_STOCK_TAG_AMT": 3158059000.0,
        "YOY": 0.0
      },
      {
        "YYYYMM": "202406",
        "ITEM_STD": "25F 의류",
        "CY_END_STOCK_TAG_AMT": 0.0,
        "PY_END_STOCK_TAG_AMT": 0.0,
        "YOY": 0.0
      },
      {
        "YYYYMM": "202406",
        "ITEM_STD": "25S 의류",
        "CY_END_STOCK_TAG_AMT": 0.0,
        "PY_END_STOCK_TAG_AMT": 14623688000.0,
        "YOY": 0.0
      },
      {
        "YYYYMM": "202406",
        "ITEM_STD": "가방",
        "CY_END_STOCK_TAG_AMT": 0.0,
        "PY_END_STOCK_TAG_AMT": 1074082000.0,
        "YOY": 0.0
      },
      {
        "YYYYMM": "202406",
        "ITEM_STD": "과시즌 의류",
        "CY_END_STOCK_TAG_AMT": 0.0,
        "PY_END_STOCK_TAG_AMT": 11351403000.0,
        "YOY": 0.0
      },
      {
        "YYYYMM": "202406",
        "ITEM_STD": "기타ACC",
        "CY_END_STOCK_TAG_AMT": 0.0,
        "PY_END_STOCK_TAG_AMT": 246379000.0,
        "YOY": 0.0
      },
      {
        "YYYYMM": "202406",
        "ITEM_STD": "모자",
        "CY_END_STOCK_TAG_AMT": 0.0,
        "PY_END_STOCK_TAG_AMT": 717209000.0,
        "YOY": 0.0
      },
      {
        "YYYYMM": "202406",
        "ITEM_STD": "신발",
        "CY_END_STOCK_TAG_AMT": 0.0,
        "PY_END_STOCK_TAG_AMT": 3192314000.0,
        "YOY": 0.0
      },
      {
        "YYYYMM": "202407",
        "ITEM_STD": "25F 의류",
        "CY_END_STOCK_TAG_AMT": 0.0,
        "PY_END_STOCK_TAG_AMT": 2103062000.0,
        "YOY": 0.0
      },
      {
        "YYYYMM": "202407",
        "ITEM_STD": "25S 의류",
        "CY_END_STOCK_TAG_AMT": 0.0,
        "PY_END_STOCK_TAG_AMT": 14282415000.0,
        "YOY": 0.0
      },
      {
        "YYYYMM": "202407",
        "ITEM_STD": "가방",
        "CY_END_STOCK_TAG_AMT": 0.0,
        "PY_END_STOCK_TAG_AMT": 1233982000.0,
        "YOY": 0.0
      },
      {
        "YYYYMM": "202407",
        "ITEM_STD": "과시즌 의류",
        "CY_END_STOCK_TAG_AMT": 0.0,
        "PY_END_STOCK_TAG_AMT": 11221379000.0,
        "YOY": 0.0
      },
      {
        "YYYYMM": "202407",
        "ITEM_STD": "기타ACC",
        "CY_END_STOCK_TAG_AMT": 0.0,
        "PY_END_STOCK_TAG_AMT": 287294900.0,
        "YOY": 0.0
      },
      {
        "YYYYMM": "202407",
        "ITEM_STD": "모자",
        "CY_END_STOCK_TAG_AMT": 0.0,
        "PY_END_STOCK_TAG_AMT": 755981000.0,
        "YOY": 0.0
      },
      {
        "YYYYMM": "202407",
        "ITEM_STD": "신발",
        "CY_END_STOCK_TAG_AMT": 0.0,
        "PY_END_STOCK_TAG_AMT": 3590546000.0,
        "YOY": 0.0
      },
      {
        "YYYYMM": "202408",
        "ITEM_STD": "25F 의류",
        "CY_END_STOCK_TAG_AMT": 0.0,
        "PY_END_STOCK_TAG_AMT": 5195001000.0,
        "YOY": 0.0
      },
      {
        "YYYYMM": "202408",
        "ITEM_STD": "25S 의류",
        "CY_END_STOCK_TAG_AMT": 0.0,
        "PY_END_STOCK_TAG_AMT": 14004166000.0,
        "YOY": 0.0
      },
      {
        "YYYYMM": "202408",
        "ITEM_STD": "가방",
        "CY_END_STOCK_TAG_AMT": 0.0,
        "PY_END_STOCK_TAG_AMT": 1219883000.0,
        "YOY": 0.0
      },
      {
        "YYYYMM": "202408",
        "ITEM_STD": "과시즌 의류",
        "CY_END_STOCK_TAG_AMT": 0.0,
        "PY_END_STOCK_TAG_AMT": 11043042000.0,
        "YOY": 0.0
      },
      {
        "YYYYMM": "202408",
        "ITEM_STD": "기타ACC",
        "CY_END_STOCK_TAG_AMT": 0.0,
        "PY_END_STOCK_TAG_AMT": 267131300.0,
        "YOY": 0.0
      },
      {
        "YYYYMM": "202408",
        "ITEM_STD": "모자",
        "CY_END_STOCK_TAG_AMT": 0.0,
        "PY_END_STOCK_TAG_AMT": 760607000.0,
        "YOY": 0.0
      },
      {
        "YYYYMM": "202408",
        "ITEM_STD": "신발",
        "CY_END_STOCK_TAG_AMT": 0.0,
        "PY_END_STOCK_TAG_AMT": 3536946000.0,
        "YOY": 0.0
      },
      {
        "YYYYMM": "202409",
        "ITEM_STD": "25F 의류",
        "CY_END_STOCK_TAG_AMT": 0.0,
        "PY_END_STOCK_TAG_AMT": 7196051000.0,
        "YOY": 0.0
      },
      {
        "YYYYMM": "202409",
        "ITEM_STD": "25S 의류",
        "CY_END_STOCK_TAG_AMT": 0.0,
        "PY_END_STOCK_TAG_AMT": 10630434000.0,
        "YOY": 0.0
      },
      {
        "YYYYMM": "202409",
        "ITEM_STD": "가방",
        "CY_END_STOCK_TAG_AMT": 0.0,
        "PY_END_STOCK_TAG_AMT": 1284220000.0,
        "YOY": 0.0
      },
      {
        "YYYYMM": "202409",
        "ITEM_STD": "과시즌 의류",
        "CY_END_STOCK_TAG_AMT": 0.0,
        "PY_END_STOCK_TAG_AMT": 10745060000.0,
        "YOY": 0.0
      },
      {
        "YYYYMM": "202409",
        "ITEM_STD": "기타ACC",
        "CY_END_STOCK_TAG_AMT": 0.0,
        "PY_END_STOCK_TAG_AMT": 350295700.0,
        "YOY": 0.0
      },
      {
        "YYYYMM": "202409",
        "ITEM_STD": "모자",
        "CY_END_STOCK_TAG_AMT": 0.0,
        "PY_END_STOCK_TAG_AMT": 618227000.0,
        "YOY": 0.0
      },
      {
        "YYYYMM": "202409",
        "ITEM_STD": "신발",
        "CY_END_STOCK_TAG_AMT": 0.0,
        "PY_END_STOCK_TAG_AMT": 3480009000.0,
        "YOY": 0.0
      },
      {
        "YYYYMM": "202410",
        "ITEM_STD": "25F 의류",
        "CY_END_STOCK_TAG_AMT": 0.0,
        "PY_END_STOCK_TAG_AMT": 7992483000.0,
        "YOY": 0.0
      },
      {
        "YYYYMM": "202410",
        "ITEM_STD": "25S 의류",
        "CY_END_STOCK_TAG_AMT": 0.0,
        "PY_END_STOCK_TAG_AMT": 10456816000.0,
        "YOY": 0.0
      },
      {
        "YYYYMM": "202410",
        "ITEM_STD": "가방",
        "CY_END_STOCK_TAG_AMT": 0.0,
        "PY_END_STOCK_TAG_AMT": 1221148000.0,
        "YOY": 0.0
      },
      {
        "YYYYMM": "202410",
        "ITEM_STD": "과시즌 의류",
        "CY_END_STOCK_TAG_AMT": 0.0,
        "PY_END_STOCK_TAG_AMT": 10194348000.0,
        "YOY": 0.0
      },
      {
        "YYYYMM": "202410",
        "ITEM_STD": "기타ACC",
        "CY_END_STOCK_TAG_AMT": 0.0,
        "PY_END_STOCK_TAG_AMT": 321435500.0,
        "YOY": 0.0
      },
      {
        "YYYYMM": "202410",
        "ITEM_STD": "모자",
        "CY_END_STOCK_TAG_AMT": 0.0,
        "PY_END_STOCK_TAG_AMT": 580205000.0,
        "YOY": 0.0
      },
      {
        "YYYYMM": "202410",
        "ITEM_STD": "신발",
        "CY_END_STOCK_TAG_AMT": 0.0,
        "PY_END_STOCK_TAG_AMT": 3436906000.0,
        "YOY": 0.0
      },
      {
        "YYYYMM": "202411",
        "ITEM_STD": "25F 의류",
        "CY_END_STOCK_TAG_AMT": 0.0,
        "PY_END_STOCK_TAG_AMT": 7583702000.0,
        "YOY": 0.0
      },
      {
        "YYYYMM": "202411",
        "ITEM_STD": "25S 의류",
        "CY_END_STOCK_TAG_AMT": 0.0,
        "PY_END_STOCK_TAG_AMT": 10362556000.0,
        "YOY": 0.0
      },
      {
        "YYYYMM": "202411",
        "ITEM_STD": "가방",
        "CY_END_STOCK_TAG_AMT": 0.0,
        "PY_END_STOCK_TAG_AMT": 1162789000.0,
        "YOY": 0.0
      },
      {
        "YYYYMM": "202411",
        "ITEM_STD": "과시즌 의류",
        "CY_END_STOCK_TAG_AMT": 0.0,
        "PY_END_STOCK_TAG_AMT": 9750827000.0,
        "YOY": 0.0
      },
      {
        "YYYYMM": "202411",
        "ITEM_STD": "기타ACC",
        "CY_END_STOCK_TAG_AMT": 0.0,
        "PY_END_STOCK_TAG_AMT": 306120800.0,
        "YOY": 0.0
      },
      {
        "YYYYMM": "202411",
        "ITEM_STD": "모자",
        "CY_END_STOCK_TAG_AMT": 0.0,
        "PY_END_STOCK_TAG_AMT": 592064000.0,
        "YOY": 0.0
      },
      {
        "YYYYMM": "202411",
        "ITEM_STD": "신발",
        "CY_END_STOCK_TAG_AMT": 0.0,
        "PY_END_STOCK_TAG_AMT": 3386152000.0,
        "YOY": 0.0
      },
      {
        "YYYYMM": "202411",
        "ITEM_STD": "차기시즌 의류",
        "CY_END_STOCK_TAG_AMT": 0.0,
        "PY_END_STOCK_TAG_AMT": 76450000.0,
        "YOY": 0.0
      },
      {
        "YYYYMM": "202501",
        "ITEM_STD": "25F 의류",
        "CY_END_STOCK_TAG_AMT": 0.0,
        "PY_END_STOCK_TAG_AMT": 0.0,
        "YOY": 0.0
      },
      {
        "YYYYMM": "202501",
        "ITEM_STD": "25S 의류",
        "CY_END_STOCK_TAG_AMT": 1832850000.0,
        "PY_END_STOCK_TAG_AMT": 0.0,
        "YOY": 0.0
      },
      {
        "YYYYMM": "202501",
        "ITEM_STD": "가방",
        "CY_END_STOCK_TAG_AMT": 1115276000.0,
        "PY_END_STOCK_TAG_AMT": 0.0,
        "YOY": 0.0
      },
      {
        "YYYYMM": "202501",
        "ITEM_STD": "과시즌 의류",
        "CY_END_STOCK_TAG_AMT": 25835563000.0,
        "PY_END_STOCK_TAG_AMT": 0.0,
        "YOY": 0.0
      },
      {
        "YYYYMM": "202501",
        "ITEM_STD": "기타ACC",
        "CY_END_STOCK_TAG_AMT": 566395400.0,
        "PY_END_STOCK_TAG_AMT": 0.0,
        "YOY": 0.0
      },
      {
        "YYYYMM": "202501",
        "ITEM_STD": "모자",
        "CY_END_STOCK_TAG_AMT": 648589000.0,
        "PY_END_STOCK_TAG_AMT": 0.0,
        "YOY": 0.0
      },
      {
        "YYYYMM": "202501",
        "ITEM_STD": "신발",
        "CY_END_STOCK_TAG_AMT": 3268090000.0,
        "PY_END_STOCK_TAG_AMT": 0.0,
        "YOY": 0.0
      },
      {
        "YYYYMM": "202502",
        "ITEM_STD": "25F 의류",
        "CY_END_STOCK_TAG_AMT": 0.0,
        "PY_END_STOCK_TAG_AMT": 0.0,
        "YOY": 0.0
      },
      {
        "YYYYMM": "202502",
        "ITEM_STD": "25S 의류",
        "CY_END_STOCK_TAG_AMT": 4147761000.0,
        "PY_END_STOCK_TAG_AMT": 0.0,
        "YOY": 0.0
      },
      {
        "YYYYMM": "202502",
        "ITEM_STD": "가방",
        "CY_END_STOCK_TAG_AMT": 1131767000.0,
        "PY_END_STOCK_TAG_AMT": 0.0,
        "YOY": 0.0
      },
      {
        "YYYYMM": "202502",
        "ITEM_STD": "과시즌 의류",
        "CY_END_STOCK_TAG_AMT": 25257838000.0,
        "PY_END_STOCK_TAG_AMT": 0.0,
        "YOY": 0.0
      },
      {
        "YYYYMM": "202502",
        "ITEM_STD": "기타ACC",
        "CY_END_STOCK_TAG_AMT": 549434800.0,
        "PY_END_STOCK_TAG_AMT": 0.0,
        "YOY": 0.0
      },
      {
        "YYYYMM": "202502",
        "ITEM_STD": "모자",
        "CY_END_STOCK_TAG_AMT": 688767000.0,
        "PY_END_STOCK_TAG_AMT": 0.0,
        "YOY": 0.0
      },
      {
        "YYYYMM": "202502",
        "ITEM_STD": "신발",
        "CY_END_STOCK_TAG_AMT": 3112993000.0,
        "PY_END_STOCK_TAG_AMT": 0.0,
        "YOY": 0.0
      },
      {
        "YYYYMM": "202503",
        "ITEM_STD": "25F 의류",
        "CY_END_STOCK_TAG_AMT": 290798000.0,
        "PY_END_STOCK_TAG_AMT": 0.0,
        "YOY": 0.0
      },
      {
        "YYYYMM": "202503",
        "ITEM_STD": "25S 의류",
        "CY_END_STOCK_TAG_AMT": 5891294000.0,
        "PY_END_STOCK_TAG_AMT": 0.0,
        "YOY": 0.0
      },
      {
        "YYYYMM": "202503",
        "ITEM_STD": "가방",
        "CY_END_STOCK_TAG_AMT": 1175043000.0,
        "PY_END_STOCK_TAG_AMT": 0.0,
        "YOY": 0.0
      },
      {
        "YYYYMM": "202503",
        "ITEM_STD": "과시즌 의류",
        "CY_END_STOCK_TAG_AMT": 24503496000.0,
        "PY_END_STOCK_TAG_AMT": 0.0,
        "YOY": 0.0
      },
      {
        "YYYYMM": "202503",
        "ITEM_STD": "기타ACC",
        "CY_END_STOCK_TAG_AMT": 386938600.0,
        "PY_END_STOCK_TAG_AMT": 0.0,
        "YOY": 0.0
      },
      {
        "YYYYMM": "202503",
        "ITEM_STD": "모자",
        "CY_END_STOCK_TAG_AMT": 795116000.0,
        "PY_END_STOCK_TAG_AMT": 0.0,
        "YOY": 0.0
      },
      {
        "YYYYMM": "202503",
        "ITEM_STD": "신발",
        "CY_END_STOCK_TAG_AMT": 2885978000.0,
        "PY_END_STOCK_TAG_AMT": 0.0,
        "YOY": 0.0
      },
      {
        "YYYYMM": "202504",
        "ITEM_STD": "25F 의류",
        "CY_END_STOCK_TAG_AMT": 1147267000.0,
        "PY_END_STOCK_TAG_AMT": 0.0,
        "YOY": 0.0
      },
      {
        "YYYYMM": "202504",
        "ITEM_STD": "25S 의류",
        "CY_END_STOCK_TAG_AMT": 5423651000.0,
        "PY_END_STOCK_TAG_AMT": 0.0,
        "YOY": 0.0
      },
      {
        "YYYYMM": "202504",
        "ITEM_STD": "가방",
        "CY_END_STOCK_TAG_AMT": 1093194000.0,
        "PY_END_STOCK_TAG_AMT": 0.0,
        "YOY": 0.0
      },
      {
        "YYYYMM": "202504",
        "ITEM_STD": "과시즌 의류",
        "CY_END_STOCK_TAG_AMT": 23403110000.0,
        "PY_END_STOCK_TAG_AMT": 0.0,
        "YOY": 0.0
      },
      {
        "YYYYMM": "202504",
        "ITEM_STD": "기타ACC",
        "CY_END_STOCK_TAG_AMT": 369056500.0,
        "PY_END_STOCK_TAG_AMT": 0.0,
        "YOY": 0.0
      }
    ],
    "total_records_count": 158
  }
}