{
  "country": "KR",
  "brand_cd": "V",
  "yyyymm": "202511",
  "key": "영업비",
  "sub_key": "광고선전비",
  "analysis_data": {
    "title": "광고선전비 분석",
    "sections": [
      {
        "div": "종합분석-1",
        "sub_title": "투자 방향성 종합 평가",
        "ai_text": "2025년 11월 DUVETICA 브랜드 광고선전비는 741백만원으로 전년(561백만원) 대비 180백만원(32.0%) 증가하여 공격적 마케팅 투자를 단행했습니다. 이는 단순 규모 확대가 아닌 전략적 포트폴리오 재편을 통한 효율성 중심의 예산 재배분으로 평가됩니다.\n\n• 온라인 매체집행 집중: 282백만원(38.1%)으로 최대 비중 차지\n• 협찬/제휴 대폭 강화: 261백만원으로 전년 대비 180.4% 급증\n• 이벤트/행사 신규 투입: 49백만원으로 고객 체험 마케팅 강화\n• 매체집행 기타 전면 중단: 효율성 낮은 채널 과감한 정리"
      },
      {
        "div": "종합분석-2",
        "sub_title": "효율적 투자 영역",
        "ai_text": "• 온라인 매체집행 안정적 확대: 252백만원→282백만원(+11.8%)으로 디지털 전환 가속화에 부합하는 합리적 증가\n• 협찬/제휴 전략적 강화: 93백만원→261백만원(+180.4%)으로 브랜드 노출 다각화 및 타겟 고객층 확장\n• 이벤트/행사 신규 도입: 0원→49백만원으로 고객 경험 중심 마케팅 활동 개시\n• E-BIZ 매체광고 확대: 1백만원→17백만원으로 온라인 커머스 채널 투자 강화\n• 물류 재고대체 신규 활용: 19백만원으로 재고 관리와 마케팅 연계한 효율적 운영"
      },
      {
        "div": "종합분석-3",
        "sub_title": "주의 필요 영역",
        "ai_text": "• 모델료 예산 축소: 66백만원→57백만원(-14.0%)으로 브랜드 이미지 마케팅 투자 감소 우려\n• 콘텐츠제작 대폭 감소: 30백만원→12백만원(-61.2%)으로 브랜드 스토리텔링 역량 약화 가능성\n• E-BIZ 촬영/기타 축소: 30백만원→19백만원(-35.5%)으로 온라인 콘텐츠 품질 저하 리스크\n• 기타 광고비 불안정: 12백만원→12백만원으로 유지되나 세부 항목별 편차 발생\n• PR/홍보 정체: 5백만원으로 동결되어 브랜드 커뮤니케이션 다양성 부족"
      },
      {
        "div": "종합분석-4",
        "sub_title": "이상징후 및 리스크 감지",
        "ai_text": "• 예산 배분의 극단적 변화: 매체집행 기타 항목 전액 삭감(73백만원→0원)과 협찬/제휴 대규모 투입이 동시 발생하여 마케팅 전략의 급격한 방향 전환을 시사합니다.\n\n• 콘텐츠 역량 약화 위험: 콘텐츠제작(-61.2%)과 E-BIZ 촬영/기타(-35.5%) 동시 축소로 브랜드 메시지 전달력과 온라인 경쟁력 저하 우려가 높습니다.\n\n• 투자 집중도 심화: 온라인 매체집행과 협찬/제휴 2개 항목이 전체 예산의 73.2%를 차지하여 리스크 분산 부족 상황입니다.\n\n• ROI 측정 체계 부재: 급격한 예산 재배분에도 불구하고 각 채널별 성과 측정 기준과 목표가 불분명한 상태로 판단됩니다."
      },
      {
        "div": "종합분석-5",
        "sub_title": "마케팅 전략 최적화 방안",
        "ai_text": "### 즉시 실행 방안\n1. 협찬/제휴 ROI 모니터링: 261백만원 투입 대비 브랜드 인지도, 매출 기여도 주간 단위 추적 체계 구축\n2. 콘텐츠제작 예산 재검토: 12백만원으로 축소된 예산의 적정성 검증 및 Q4 보완 투자 검토\n3. 온라인 매체집행 효율성 분석: 282백만원 투입 채널별 ROAS, CPA 성과 분석 및 최적화\n\n### 중장기 전략 방향\n1. 통합 마케팅 포트폴리오 재설계: 매체집행, 콘텐츠, 협찬의 시너지 극대화를 위한 연간 마스터플랜 수립\n2. 디지털 퍼스트 전략 가속화: 온라인 중심 예산 배분을 더욱 확대하되 오프라인과의 균형점 모색\n3. 성과 기반 예산 배분 체계 도입: 각 마케팅 채널별 KPI 설정 및 분기별 예산 재배분 메커니즘 구축\n4. 브랜드 자산 강화: 모델료, 콘텐츠제작 등 브랜드 이미지 투자와 단기 성과 투자의 최적 비율 도출"
      }
    ]
  },
  "ctgr1": "광고선전비",
  "summary": {
    "prev_year_total": 561.38,
    "curr_year_total": 741.0,
    "change_amount": 179.63,
    "change_pct": 32.0,
    "investment_direction": "증가"
  },
  "categories": [
    {
      "ctgr2": "광고선전비",
      "ctgr3": "광고선전비_PR/홍보",
      "gl_nm": "광고선전비_PR/홍보",
      "prev_year": 4.5,
      "curr_year": 4.5,
      "change": 0.0,
      "change_pct": 0.0,
      "is_new": false,
      "is_discontinued": false
    },
    {
      "ctgr2": "광고선전비",
      "ctgr3": "광고선전비_협찬/제휴",
      "gl_nm": "광고선전비_협찬/제휴",
      "prev_year": 93.17,
      "curr_year": 261.32,
      "change": 168.15,
      "change_pct": 180.5,
      "is_new": false,
      "is_discontinued": false
    },
    {
      "ctgr2": "광고선전비",
      "ctgr3": "광고선전비_콘텐츠제작",
      "gl_nm": "광고선전비_콘텐츠제작",
      "prev_year": 29.89,
      "curr_year": 11.59,
      "change": -18.29,
      "change_pct": -61.2,
      "is_new": false,
      "is_discontinued": false
    },
    {
      "ctgr2": "광고선전비",
      "ctgr3": "광고선전비_매체집행_온라인",
      "gl_nm": "광고선전비_매체집행_온라인",
      "prev_year": 252.12,
      "curr_year": 281.95,
      "change": 29.83,
      "change_pct": 11.8,
      "is_new": false,
      "is_discontinued": false
    },
    {
      "ctgr2": "광고선전비",
      "ctgr3": "(E-BIZ)광고선전비_촬영/기타",
      "gl_nm": "(E-BIZ)광고선전비_촬영/기타",
      "prev_year": 29.65,
      "curr_year": 19.13,
      "change": -10.52,
      "change_pct": -35.5,
      "is_new": false,
      "is_discontinued": false
    },
    {
      "ctgr2": "광고선전비",
      "ctgr3": "광고선전비_기타",
      "gl_nm": "광고선전비_기타",
      "prev_year": 11.8,
      "curr_year": 11.57,
      "change": -0.23,
      "change_pct": -1.9,
      "is_new": false,
      "is_discontinued": false
    },
    {
      "ctgr2": "광고선전비",
      "ctgr3": "광고선전비_기타",
      "gl_nm": "광고선전비_물류_재고대체",
      "prev_year": 0.1,
      "curr_year": 18.75,
      "change": 18.65,
      "change_pct": 18854.1,
      "is_new": false,
      "is_discontinued": false
    },
    {
      "ctgr2": "광고선전비",
      "ctgr3": "(E-BIZ)광고선전비_매체광고",
      "gl_nm": "(E-BIZ)광고선전비_매체광고",
      "prev_year": 0.8,
      "curr_year": 16.73,
      "change": 15.93,
      "change_pct": 1991.0,
      "is_new": false,
      "is_discontinued": false
    },
    {
      "ctgr2": "광고선전비",
      "ctgr3": "광고선전비_협찬/제휴",
      "gl_nm": "광고선전비_물류",
      "prev_year": 0.04,
      "curr_year": 8.96,
      "change": 8.92,
      "change_pct": 20529.3,
      "is_new": false,
      "is_discontinued": false
    },
    {
      "ctgr2": "광고선전비",
      "ctgr3": "광고선전비_매체집행_기타",
      "gl_nm": "광고선전비_매체집행_기타",
      "prev_year": 73.0,
      "curr_year": 0.0,
      "change": -73.0,
      "change_pct": -100.0,
      "is_new": false,
      "is_discontinued": true
    },
    {
      "ctgr2": "광고선전비",
      "ctgr3": "광고선전비_모델료",
      "gl_nm": "광고선전비_모델료",
      "prev_year": 66.3,
      "curr_year": 57.02,
      "change": -9.28,
      "change_pct": -14.0,
      "is_new": false,
      "is_discontinued": false
    },
    {
      "ctgr2": "광고선전비",
      "ctgr3": "광고선전비_이벤트/행사",
      "gl_nm": "광고선전비_이벤트/행사",
      "prev_year": 0.0,
      "curr_year": 49.47,
      "change": 49.47,
      "change_pct": 0,
      "is_new": true,
      "is_discontinued": false
    }
  ],
  "category_summary": {
    "increased": [
      {
        "ctgr2": "광고선전비",
        "ctgr3": "광고선전비_협찬/제휴",
        "gl_nm": "광고선전비_협찬/제휴",
        "prev_year": 93.17,
        "curr_year": 261.32,
        "change": 168.15,
        "change_pct": 180.5,
        "is_new": false,
        "is_discontinued": false
      },
      {
        "ctgr2": "광고선전비",
        "ctgr3": "광고선전비_매체집행_온라인",
        "gl_nm": "광고선전비_매체집행_온라인",
        "prev_year": 252.12,
        "curr_year": 281.95,
        "change": 29.83,
        "change_pct": 11.8,
        "is_new": false,
        "is_discontinued": false
      },
      {
        "ctgr2": "광고선전비",
        "ctgr3": "광고선전비_기타",
        "gl_nm": "광고선전비_물류_재고대체",
        "prev_year": 0.1,
        "curr_year": 18.75,
        "change": 18.65,
        "change_pct": 18854.1,
        "is_new": false,
        "is_discontinued": false
      },
      {
        "ctgr2": "광고선전비",
        "ctgr3": "(E-BIZ)광고선전비_매체광고",
        "gl_nm": "(E-BIZ)광고선전비_매체광고",
        "prev_year": 0.8,
        "curr_year": 16.73,
        "change": 15.93,
        "change_pct": 1991.0,
        "is_new": false,
        "is_discontinued": false
      },
      {
        "ctgr2": "광고선전비",
        "ctgr3": "광고선전비_협찬/제휴",
        "gl_nm": "광고선전비_물류",
        "prev_year": 0.04,
        "curr_year": 8.96,
        "change": 8.92,
        "change_pct": 20529.3,
        "is_new": false,
        "is_discontinued": false
      },
      {
        "ctgr2": "광고선전비",
        "ctgr3": "광고선전비_이벤트/행사",
        "gl_nm": "광고선전비_이벤트/행사",
        "prev_year": 0.0,
        "curr_year": 49.47,
        "change": 49.47,
        "change_pct": 0,
        "is_new": true,
        "is_discontinued": false
      }
    ],
    "decreased": [
      {
        "ctgr2": "광고선전비",
        "ctgr3": "광고선전비_콘텐츠제작",
        "gl_nm": "광고선전비_콘텐츠제작",
        "prev_year": 29.89,
        "curr_year": 11.59,
        "change": -18.29,
        "change_pct": -61.2,
        "is_new": false,
        "is_discontinued": false
      },
      {
        "ctgr2": "광고선전비",
        "ctgr3": "(E-BIZ)광고선전비_촬영/기타",
        "gl_nm": "(E-BIZ)광고선전비_촬영/기타",
        "prev_year": 29.65,
        "curr_year": 19.13,
        "change": -10.52,
        "change_pct": -35.5,
        "is_new": false,
        "is_discontinued": false
      },
      {
        "ctgr2": "광고선전비",
        "ctgr3": "광고선전비_기타",
        "gl_nm": "광고선전비_기타",
        "prev_year": 11.8,
        "curr_year": 11.57,
        "change": -0.23,
        "change_pct": -1.9,
        "is_new": false,
        "is_discontinued": false
      },
      {
        "ctgr2": "광고선전비",
        "ctgr3": "광고선전비_매체집행_기타",
        "gl_nm": "광고선전비_매체집행_기타",
        "prev_year": 73.0,
        "curr_year": 0.0,
        "change": -73.0,
        "change_pct": -100.0,
        "is_new": false,
        "is_discontinued": true
      },
      {
        "ctgr2": "광고선전비",
        "ctgr3": "광고선전비_모델료",
        "gl_nm": "광고선전비_모델료",
        "prev_year": 66.3,
        "curr_year": 57.02,
        "change": -9.28,
        "change_pct": -14.0,
        "is_new": false,
        "is_discontinued": false
      }
    ],
    "new_investments": [
      {
        "ctgr2": "광고선전비",
        "ctgr3": "광고선전비_이벤트/행사",
        "gl_nm": "광고선전비_이벤트/행사",
        "prev_year": 0.0,
        "curr_year": 49.47,
        "change": 49.47,
        "change_pct": 0,
        "is_new": true,
        "is_discontinued": false
      }
    ],
    "discontinued": [
      {
        "ctgr2": "광고선전비",
        "ctgr3": "광고선전비_매체집행_기타",
        "gl_nm": "광고선전비_매체집행_기타",
        "prev_year": 73.0,
        "curr_year": 0.0,
        "change": -73.0,
        "change_pct": -100.0,
        "is_new": false,
        "is_discontinued": true
      }
    ]
  },
  "raw_data": {
    "total_records": [
      {
        "PST_YYYYMM": "202411",
        "TOTAL_AMT": 561375314.0
      },
      {
        "PST_YYYYMM": "202511",
        "TOTAL_AMT": 741004562.0
      }
    ],
    "detail_records": [
      {
        "PST_YYYYMM": "202511",
        "BRD_CD": "V",
        "BRD_NM": "DUVETICA",
        "CTGR1": "광고선전비",
        "CTGR2": "광고선전비",
        "CTGR3": "광고선전비_매체집행_온라인",
        "GL_NM": "광고선전비_매체집행_온라인",
        "TTL_USE_AMT": 281950605.0
      },
      {
        "PST_YYYYMM": "202511",
        "BRD_CD": "V",
        "BRD_NM": "DUVETICA",
        "CTGR1": "광고선전비",
        "CTGR2": "광고선전비",
        "CTGR3": "광고선전비_협찬/제휴",
        "GL_NM": "광고선전비_협찬/제휴",
        "TTL_USE_AMT": 261322700.0
      },
      {
        "PST_YYYYMM": "202411",
        "BRD_CD": "V",
        "BRD_NM": "DUVETICA",
        "CTGR1": "광고선전비",
        "CTGR2": "광고선전비",
        "CTGR3": "광고선전비_매체집행_온라인",
        "GL_NM": "광고선전비_매체집행_온라인",
        "TTL_USE_AMT": 252122186.0
      },
      {
        "PST_YYYYMM": "202411",
        "BRD_CD": "V",
        "BRD_NM": "DUVETICA",
        "CTGR1": "광고선전비",
        "CTGR2": "광고선전비",
        "CTGR3": "광고선전비_협찬/제휴",
        "GL_NM": "광고선전비_협찬/제휴",
        "TTL_USE_AMT": 93174264.0
      },
      {
        "PST_YYYYMM": "202411",
        "BRD_CD": "V",
        "BRD_NM": "DUVETICA",
        "CTGR1": "광고선전비",
        "CTGR2": "광고선전비",
        "CTGR3": "광고선전비_매체집행_기타",
        "GL_NM": "광고선전비_매체집행_기타",
        "TTL_USE_AMT": 73000000.0
      },
      {
        "PST_YYYYMM": "202411",
        "BRD_CD": "V",
        "BRD_NM": "DUVETICA",
        "CTGR1": "광고선전비",
        "CTGR2": "광고선전비",
        "CTGR3": "광고선전비_모델료",
        "GL_NM": "광고선전비_모델료",
        "TTL_USE_AMT": 66298343.0
      },
      {
        "PST_YYYYMM": "202511",
        "BRD_CD": "V",
        "BRD_NM": "DUVETICA",
        "CTGR1": "광고선전비",
        "CTGR2": "광고선전비",
        "CTGR3": "광고선전비_모델료",
        "GL_NM": "광고선전비_모델료",
        "TTL_USE_AMT": 57017544.0
      },
      {
        "PST_YYYYMM": "202511",
        "BRD_CD": "V",
        "BRD_NM": "DUVETICA",
        "CTGR1": "광고선전비",
        "CTGR2": "광고선전비",
        "CTGR3": "광고선전비_이벤트/행사",
        "GL_NM": "광고선전비_이벤트/행사",
        "TTL_USE_AMT": 49473555.0
      },
      {
        "PST_YYYYMM": "202411",
        "BRD_CD": "V",
        "BRD_NM": "DUVETICA",
        "CTGR1": "광고선전비",
        "CTGR2": "광고선전비",
        "CTGR3": "광고선전비_콘텐츠제작",
        "GL_NM": "광고선전비_콘텐츠제작",
        "TTL_USE_AMT": 29886000.0
      },
      {
        "PST_YYYYMM": "202411",
        "BRD_CD": "V",
        "BRD_NM": "DUVETICA",
        "CTGR1": "광고선전비",
        "CTGR2": "광고선전비",
        "CTGR3": "(E-BIZ)광고선전비_촬영/기타",
        "GL_NM": "(E-BIZ)광고선전비_촬영/기타",
        "TTL_USE_AMT": 29652127.0
      },
      {
        "PST_YYYYMM": "202511",
        "BRD_CD": "V",
        "BRD_NM": "DUVETICA",
        "CTGR1": "광고선전비",
        "CTGR2": "광고선전비",
        "CTGR3": "(E-BIZ)광고선전비_촬영/기타",
        "GL_NM": "(E-BIZ)광고선전비_촬영/기타",
        "TTL_USE_AMT": 19127334.0
      },
      {
        "PST_YYYYMM": "202511",
        "BRD_CD": "V",
        "BRD_NM": "DUVETICA",
        "CTGR1": "광고선전비",
        "CTGR2": "광고선전비",
        "CTGR3": "광고선전비_기타",
        "GL_NM": "광고선전비_물류_재고대체",
        "TTL_USE_AMT": 18753174.0
      },
      {
        "PST_YYYYMM": "202511",
        "BRD_CD": "V",
        "BRD_NM": "DUVETICA",
        "CTGR1": "광고선전비",
        "CTGR2": "광고선전비",
        "CTGR3": "(E-BIZ)광고선전비_매체광고",
        "GL_NM": "(E-BIZ)광고선전비_매체광고",
        "TTL_USE_AMT": 16727770.0
      },
      {
        "PST_YYYYMM": "202411",
        "BRD_CD": "V",
        "BRD_NM": "DUVETICA",
        "CTGR1": "광고선전비",
        "CTGR2": "광고선전비",
        "CTGR3": "광고선전비_기타",
        "GL_NM": "광고선전비_기타",
        "TTL_USE_AMT": 11800000.0
      },
      {
        "PST_YYYYMM": "202511",
        "BRD_CD": "V",
        "BRD_NM": "DUVETICA",
        "CTGR1": "광고선전비",
        "CTGR2": "광고선전비",
        "CTGR3": "광고선전비_콘텐츠제작",
        "GL_NM": "광고선전비_콘텐츠제작",
        "TTL_USE_AMT": 11592919.0
      },
      {
        "PST_YYYYMM": "202511",
        "BRD_CD": "V",
        "BRD_NM": "DUVETICA",
        "CTGR1": "광고선전비",
        "CTGR2": "광고선전비",
        "CTGR3": "광고선전비_기타",
        "GL_NM": "광고선전비_기타",
        "TTL_USE_AMT": 11574700.0
      },
      {
        "PST_YYYYMM": "202511",
        "BRD_CD": "V",
        "BRD_NM": "DUVETICA",
        "CTGR1": "광고선전비",
        "CTGR2": "광고선전비",
        "CTGR3": "광고선전비_협찬/제휴",
        "GL_NM": "광고선전비_물류",
        "TTL_USE_AMT": 8964261.0
      },
      {
        "PST_YYYYMM": "202411",
        "BRD_CD": "V",
        "BRD_NM": "DUVETICA",
        "CTGR1": "광고선전비",
        "CTGR2": "광고선전비",
        "CTGR3": "광고선전비_PR/홍보",
        "GL_NM": "광고선전비_PR/홍보",
        "TTL_USE_AMT": 4500000.0
      },
      {
        "PST_YYYYMM": "202511",
        "BRD_CD": "V",
        "BRD_NM": "DUVETICA",
        "CTGR1": "광고선전비",
        "CTGR2": "광고선전비",
        "CTGR3": "광고선전비_PR/홍보",
        "GL_NM": "광고선전비_PR/홍보",
        "TTL_USE_AMT": 4500000.0
      },
      {
        "PST_YYYYMM": "202411",
        "BRD_CD": "V",
        "BRD_NM": "DUVETICA",
        "CTGR1": "광고선전비",
        "CTGR2": "광고선전비",
        "CTGR3": "(E-BIZ)광고선전비_매체광고",
        "GL_NM": "(E-BIZ)광고선전비_매체광고",
        "TTL_USE_AMT": 800000.0
      },
      {
        "PST_YYYYMM": "202411",
        "BRD_CD": "V",
        "BRD_NM": "DUVETICA",
        "CTGR1": "광고선전비",
        "CTGR2": "광고선전비",
        "CTGR3": "광고선전비_기타",
        "GL_NM": "광고선전비_물류_재고대체",
        "TTL_USE_AMT": 98940.0
      },
      {
        "PST_YYYYMM": "202411",
        "BRD_CD": "V",
        "BRD_NM": "DUVETICA",
        "CTGR1": "광고선전비",
        "CTGR2": "광고선전비",
        "CTGR3": "광고선전비_협찬/제휴",
        "GL_NM": "광고선전비_물류",
        "TTL_USE_AMT": 43454.0
      },
      {
        "PST_YYYYMM": "202411",
        "BRD_CD": "V",
        "BRD_NM": "DUVETICA",
        "CTGR1": "광고선전비",
        "CTGR2": "광고선전비",
        "CTGR3": "광고선전비_이벤트/행사",
        "GL_NM": "광고선전비_이벤트/행사",
        "TTL_USE_AMT": 0.0
      }
    ]
  },
  "trend_data": {
    "trend_months": [
      "202412",
      "202501",
      "202502",
      "202503",
      "202504",
      "202505",
      "202506",
      "202507",
      "202508",
      "202509",
      "202510",
      "202511"
    ],
    "monthly_totals": [
      {
        "yyyymm": "202412",
        "total_amount": 438.78
      },
      {
        "yyyymm": "202501",
        "total_amount": 177.94
      },
      {
        "yyyymm": "202502",
        "total_amount": 258.57
      },
      {
        "yyyymm": "202503",
        "total_amount": 336.85
      },
      {
        "yyyymm": "202504",
        "total_amount": 286.14
      },
      {
        "yyyymm": "202505",
        "total_amount": 283.8
      },
      {
        "yyyymm": "202506",
        "total_amount": 190.37
      },
      {
        "yyyymm": "202507",
        "total_amount": 159.47
      },
      {
        "yyyymm": "202508",
        "total_amount": 189.36
      },
      {
        "yyyymm": "202509",
        "total_amount": 317.52
      },
      {
        "yyyymm": "202510",
        "total_amount": 394.13
      },
      {
        "yyyymm": "202511",
        "total_amount": 741.0
      }
    ],
    "monthly_details": [
      {
        "yyyymm": "202412",
        "ctgr2": "광고선전비",
        "ctgr3": "광고선전비_매체집행_온라인",
        "gl_nm": "광고선전비_매체집행_온라인",
        "amount": 214.41
      },
      {
        "yyyymm": "202412",
        "ctgr2": "광고선전비",
        "ctgr3": "광고선전비_모델료",
        "gl_nm": "광고선전비_모델료",
        "amount": 68.51
      },
      {
        "yyyymm": "202412",
        "ctgr2": "광고선전비",
        "ctgr3": "광고선전비_기타",
        "gl_nm": "광고선전비_기타",
        "amount": 41.49
      },
      {
        "yyyymm": "202412",
        "ctgr2": "광고선전비",
        "ctgr3": "광고선전비_기타",
        "gl_nm": "광고선전비_물류_재고대체",
        "amount": 38.72
      },
      {
        "yyyymm": "202412",
        "ctgr2": "광고선전비",
        "ctgr3": "광고선전비_협찬/제휴",
        "gl_nm": "광고선전비_협찬/제휴",
        "amount": 30.89
      },
      {
        "yyyymm": "202412",
        "ctgr2": "광고선전비",
        "ctgr3": "광고선전비_이벤트/행사",
        "gl_nm": "광고선전비_이벤트/행사",
        "amount": 24.0
      },
      {
        "yyyymm": "202412",
        "ctgr2": "광고선전비",
        "ctgr3": "광고선전비_협찬/제휴",
        "gl_nm": "광고선전비_물류",
        "amount": 20.51
      },
      {
        "yyyymm": "202412",
        "ctgr2": "광고선전비",
        "ctgr3": "(E-BIZ)광고선전비_매체광고",
        "gl_nm": "(E-BIZ)광고선전비_매체광고",
        "amount": 0.25
      },
      {
        "yyyymm": "202412",
        "ctgr2": "광고선전비",
        "ctgr3": "(E-BIZ)광고선전비_촬영/기타",
        "gl_nm": "(E-BIZ)광고선전비_촬영/기타",
        "amount": 0.0
      },
      {
        "yyyymm": "202412",
        "ctgr2": "광고선전비",
        "ctgr3": "광고선전비_PR/홍보",
        "gl_nm": "광고선전비_PR/홍보",
        "amount": 0.0
      },
      {
        "yyyymm": "202412",
        "ctgr2": "광고선전비",
        "ctgr3": "광고선전비_매체집행_기타",
        "gl_nm": "광고선전비_매체집행_기타",
        "amount": 0.0
      },
      {
        "yyyymm": "202412",
        "ctgr2": "광고선전비",
        "ctgr3": "광고선전비_콘텐츠제작",
        "gl_nm": "광고선전비_콘텐츠제작",
        "amount": 0.0
      },
      {
        "yyyymm": "202501",
        "ctgr2": "광고선전비",
        "ctgr3": "광고선전비_콘텐츠제작",
        "gl_nm": "광고선전비_콘텐츠제작",
        "amount": 70.25
      },
      {
        "yyyymm": "202501",
        "ctgr2": "광고선전비",
        "ctgr3": "광고선전비_모델료",
        "gl_nm": "광고선전비_모델료",
        "amount": 68.51
      },
      {
        "yyyymm": "202501",
        "ctgr2": "광고선전비",
        "ctgr3": "광고선전비_매체집행_온라인",
        "gl_nm": "광고선전비_매체집행_온라인",
        "amount": 25.24
      },
      {
        "yyyymm": "202501",
        "ctgr2": "광고선전비",
        "ctgr3": "광고선전비_협찬/제휴",
        "gl_nm": "광고선전비_협찬/제휴",
        "amount": 8.14
      },
      {
        "yyyymm": "202501",
        "ctgr2": "광고선전비",
        "ctgr3": "광고선전비_PR/홍보",
        "gl_nm": "광고선전비_PR/홍보",
        "amount": 4.5
      },
      {
        "yyyymm": "202501",
        "ctgr2": "광고선전비",
        "ctgr3": "(E-BIZ)광고선전비_매체광고",
        "gl_nm": "(E-BIZ)광고선전비_매체광고",
        "amount": 1.3
      },
      {
        "yyyymm": "202501",
        "ctgr2": "광고선전비",
        "ctgr3": "광고선전비_협찬/제휴",
        "gl_nm": "광고선전비_물류",
        "amount": 0.0
      },
      {
        "yyyymm": "202501",
        "ctgr2": "광고선전비",
        "ctgr3": "광고선전비_기타",
        "gl_nm": "광고선전비_물류_재고대체",
        "amount": 0.0
      },
      {
        "yyyymm": "202501",
        "ctgr2": "광고선전비",
        "ctgr3": "(E-BIZ)광고선전비_촬영/기타",
        "gl_nm": "(E-BIZ)광고선전비_촬영/기타",
        "amount": 0.0
      },
      {
        "yyyymm": "202501",
        "ctgr2": "광고선전비",
        "ctgr3": "광고선전비_기타",
        "gl_nm": "광고선전비_기타",
        "amount": 0.0
      },
      {
        "yyyymm": "202501",
        "ctgr2": "광고선전비",
        "ctgr3": "광고선전비_이벤트/행사",
        "gl_nm": "광고선전비_이벤트/행사",
        "amount": 0.0
      },
      {
        "yyyymm": "202502",
        "ctgr2": "광고선전비",
        "ctgr3": "광고선전비_매체집행_온라인",
        "gl_nm": "광고선전비_매체집행_온라인",
        "amount": 62.47
      },
      {
        "yyyymm": "202502",
        "ctgr2": "광고선전비",
        "ctgr3": "광고선전비_모델료",
        "gl_nm": "광고선전비_모델료",
        "amount": 61.88
      },
      {
        "yyyymm": "202502",
        "ctgr2": "광고선전비",
        "ctgr3": "광고선전비_콘텐츠제작",
        "gl_nm": "광고선전비_콘텐츠제작",
        "amount": 60.99
      },
      {
        "yyyymm": "202502",
        "ctgr2": "광고선전비",
        "ctgr3": "광고선전비_기타",
        "gl_nm": "광고선전비_기타",
        "amount": 22.5
      },
      {
        "yyyymm": "202502",
        "ctgr2": "광고선전비",
        "ctgr3": "광고선전비_기타",
        "gl_nm": "광고선전비_물류_재고대체",
        "amount": 15.5
      },
      {
        "yyyymm": "202502",
        "ctgr2": "광고선전비",
        "ctgr3": "광고선전비_협찬/제휴",
        "gl_nm": "광고선전비_협찬/제휴",
        "amount": 14.3
      },
      {
        "yyyymm": "202502",
        "ctgr2": "광고선전비",
        "ctgr3": "(E-BIZ)광고선전비_촬영/기타",
        "gl_nm": "(E-BIZ)광고선전비_촬영/기타",
        "amount": 8.07
      },
      {
        "yyyymm": "202502",
        "ctgr2": "광고선전비",
        "ctgr3": "광고선전비_협찬/제휴",
        "gl_nm": "광고선전비_물류",
        "amount": 7.57
      },
      {
        "yyyymm": "202502",
        "ctgr2": "광고선전비",
        "ctgr3": "광고선전비_PR/홍보",
        "gl_nm": "광고선전비_PR/홍보",
        "amount": 4.5
      },
      {
        "yyyymm": "202502",
        "ctgr2": "광고선전비",
        "ctgr3": "(E-BIZ)광고선전비_매체광고",
        "gl_nm": "(E-BIZ)광고선전비_매체광고",
        "amount": 0.8
      },
      {
        "yyyymm": "202502",
        "ctgr2": "광고선전비",
        "ctgr3": "광고선전비_이벤트/행사",
        "gl_nm": "광고선전비_이벤트/행사",
        "amount": 0.0
      },
      {
        "yyyymm": "202503",
        "ctgr2": "광고선전비",
        "ctgr3": "광고선전비_매체집행_온라인",
        "gl_nm": "광고선전비_매체집행_온라인",
        "amount": 135.19
      },
      {
        "yyyymm": "202503",
        "ctgr2": "광고선전비",
        "ctgr3": "광고선전비_협찬/제휴",
        "gl_nm": "광고선전비_협찬/제휴",
        "amount": 77.95
      },
      {
        "yyyymm": "202503",
        "ctgr2": "광고선전비",
        "ctgr3": "광고선전비_모델료",
        "gl_nm": "광고선전비_모델료",
        "amount": 68.51
      },
      {
        "yyyymm": "202503",
        "ctgr2": "광고선전비",
        "ctgr3": "광고선전비_기타",
        "gl_nm": "광고선전비_기타",
        "amount": 17.49
      },
      {
        "yyyymm": "202503",
        "ctgr2": "광고선전비",
        "ctgr3": "광고선전비_콘텐츠제작",
        "gl_nm": "광고선전비_콘텐츠제작",
        "amount": 13.84
      },
      {
        "yyyymm": "202503",
        "ctgr2": "광고선전비",
        "ctgr3": "(E-BIZ)광고선전비_촬영/기타",
        "gl_nm": "(E-BIZ)광고선전비_촬영/기타",
        "amount": 11.96
      },
      {
        "yyyymm": "202503",
        "ctgr2": "광고선전비",
        "ctgr3": "광고선전비_이벤트/행사",
        "gl_nm": "광고선전비_이벤트/행사",
        "amount": 6.62
      },
      {
        "yyyymm": "202503",
        "ctgr2": "광고선전비",
        "ctgr3": "광고선전비_PR/홍보",
        "gl_nm": "광고선전비_PR/홍보",
        "amount": 4.5
      },
      {
        "yyyymm": "202503",
        "ctgr2": "광고선전비",
        "ctgr3": "(E-BIZ)광고선전비_매체광고",
        "gl_nm": "(E-BIZ)광고선전비_매체광고",
        "amount": 0.8
      },
      {
        "yyyymm": "202503",
        "ctgr2": "광고선전비",
        "ctgr3": "광고선전비_협찬/제휴",
        "gl_nm": "광고선전비_물류",
        "amount": 0.0
      },
      {
        "yyyymm": "202503",
        "ctgr2": "광고선전비",
        "ctgr3": "광고선전비_기타",
        "gl_nm": "광고선전비_물류_재고대체",
        "amount": 0.0
      },
      {
        "yyyymm": "202504",
        "ctgr2": "광고선전비",
        "ctgr3": "광고선전비_매체집행_온라인",
        "gl_nm": "광고선전비_매체집행_온라인",
        "amount": 133.44
      },
      {
        "yyyymm": "202504",
        "ctgr2": "광고선전비",
        "ctgr3": "광고선전비_모델료",
        "gl_nm": "광고선전비_모델료",
        "amount": 66.3
      },
      {
        "yyyymm": "202504",
        "ctgr2": "광고선전비",
        "ctgr3": "(E-BIZ)광고선전비_촬영/기타",
        "gl_nm": "(E-BIZ)광고선전비_촬영/기타",
        "amount": 28.22
      },
      {
        "yyyymm": "202504",
        "ctgr2": "광고선전비",
        "ctgr3": "광고선전비_협찬/제휴",
        "gl_nm": "광고선전비_협찬/제휴",
        "amount": 27.06
      },
      {
        "yyyymm": "202504",
        "ctgr2": "광고선전비",
        "ctgr3": "광고선전비_콘텐츠제작",
        "gl_nm": "광고선전비_콘텐츠제작",
        "amount": 20.92
      },
      {
        "yyyymm": "202504",
        "ctgr2": "광고선전비",
        "ctgr3": "광고선전비_PR/홍보",
        "gl_nm": "광고선전비_PR/홍보",
        "amount": 4.5
      },
      {
        "yyyymm": "202504",
        "ctgr2": "광고선전비",
        "ctgr3": "(E-BIZ)광고선전비_매체광고",
        "gl_nm": "(E-BIZ)광고선전비_매체광고",
        "amount": 4.3
      },
      {
        "yyyymm": "202504",
        "ctgr2": "광고선전비",
        "ctgr3": "광고선전비_기타",
        "gl_nm": "광고선전비_기타",
        "amount": 1.4
      },
      {
        "yyyymm": "202504",
        "ctgr2": "광고선전비",
        "ctgr3": "광고선전비_이벤트/행사",
        "gl_nm": "광고선전비_이벤트/행사",
        "amount": 0.0
      },
      {
        "yyyymm": "202504",
        "ctgr2": "광고선전비",
        "ctgr3": "광고선전비_협찬/제휴",
        "gl_nm": "광고선전비_물류",
        "amount": 0.0
      },
      {
        "yyyymm": "202504",
        "ctgr2": "광고선전비",
        "ctgr3": "광고선전비_기타",
        "gl_nm": "광고선전비_물류_재고대체",
        "amount": 0.0
      },
      {
        "yyyymm": "202505",
        "ctgr2": "광고선전비",
        "ctgr3": "광고선전비_매체집행_온라인",
        "gl_nm": "광고선전비_매체집행_온라인",
        "amount": 131.29
      },
      {
        "yyyymm": "202505",
        "ctgr2": "광고선전비",
        "ctgr3": "광고선전비_모델료",
        "gl_nm": "광고선전비_모델료",
        "amount": 67.39
      },
      {
        "yyyymm": "202505",
        "ctgr2": "광고선전비",
        "ctgr3": "광고선전비_협찬/제휴",
        "gl_nm": "광고선전비_협찬/제휴",
        "amount": 52.62
      },
      {
        "yyyymm": "202505",
        "ctgr2": "광고선전비",
        "ctgr3": "광고선전비_콘텐츠제작",
        "gl_nm": "광고선전비_콘텐츠제작",
        "amount": 10.0
      },
      {
        "yyyymm": "202505",
        "ctgr2": "광고선전비",
        "ctgr3": "(E-BIZ)광고선전비_촬영/기타",
        "gl_nm": "(E-BIZ)광고선전비_촬영/기타",
        "amount": 9.37
      },
      {
        "yyyymm": "202505",
        "ctgr2": "광고선전비",
        "ctgr3": "광고선전비_기타",
        "gl_nm": "광고선전비_기타",
        "amount": 7.03
      },
      {
        "yyyymm": "202505",
        "ctgr2": "광고선전비",
        "ctgr3": "광고선전비_PR/홍보",
        "gl_nm": "광고선전비_PR/홍보",
        "amount": 4.5
      },
      {
        "yyyymm": "202505",
        "ctgr2": "광고선전비",
        "ctgr3": "(E-BIZ)광고선전비_매체광고",
        "gl_nm": "(E-BIZ)광고선전비_매체광고",
        "amount": 0.8
      },
      {
        "yyyymm": "202505",
        "ctgr2": "광고선전비",
        "ctgr3": "광고선전비_기타",
        "gl_nm": "광고선전비_물류_재고대체",
        "amount": 0.57
      },
      {
        "yyyymm": "202505",
        "ctgr2": "광고선전비",
        "ctgr3": "광고선전비_협찬/제휴",
        "gl_nm": "광고선전비_물류",
        "amount": 0.23
      },
      {
        "yyyymm": "202505",
        "ctgr2": "광고선전비",
        "ctgr3": "광고선전비_이벤트/행사",
        "gl_nm": "광고선전비_이벤트/행사",
        "amount": 0.0
      },
      {
        "yyyymm": "202506",
        "ctgr2": "광고선전비",
        "ctgr3": "광고선전비_매체집행_온라인",
        "gl_nm": "광고선전비_매체집행_온라인",
        "amount": 92.99
      },
      {
        "yyyymm": "202506",
        "ctgr2": "광고선전비",
        "ctgr3": "광고선전비_모델료",
        "gl_nm": "광고선전비_모델료",
        "amount": 65.22
      },
      {
        "yyyymm": "202506",
        "ctgr2": "광고선전비",
        "ctgr3": "광고선전비_협찬/제휴",
        "gl_nm": "광고선전비_협찬/제휴",
        "amount": 9.25
      },
      {
        "yyyymm": "202506",
        "ctgr2": "광고선전비",
        "ctgr3": "(E-BIZ)광고선전비_매체광고",
        "gl_nm": "(E-BIZ)광고선전비_매체광고",
        "amount": 8.7
      },
      {
        "yyyymm": "202506",
        "ctgr2": "광고선전비",
        "ctgr3": "광고선전비_기타",
        "gl_nm": "광고선전비_기타",
        "amount": 5.25
      },
      {
        "yyyymm": "202506",
        "ctgr2": "광고선전비",
        "ctgr3": "광고선전비_PR/홍보",
        "gl_nm": "광고선전비_PR/홍보",
        "amount": 4.5
      },
      {
        "yyyymm": "202506",
        "ctgr2": "광고선전비",
        "ctgr3": "(E-BIZ)광고선전비_촬영/기타",
        "gl_nm": "(E-BIZ)광고선전비_촬영/기타",
        "amount": 3.6
      },
      {
        "yyyymm": "202506",
        "ctgr2": "광고선전비",
        "ctgr3": "광고선전비_기타",
        "gl_nm": "광고선전비_물류_재고대체",
        "amount": 0.56
      },
      {
        "yyyymm": "202506",
        "ctgr2": "광고선전비",
        "ctgr3": "광고선전비_협찬/제휴",
        "gl_nm": "광고선전비_물류",
        "amount": 0.29
      },
      {
        "yyyymm": "202506",
        "ctgr2": "광고선전비",
        "ctgr3": "광고선전비_이벤트/행사",
        "gl_nm": "광고선전비_이벤트/행사",
        "amount": 0.0
      },
      {
        "yyyymm": "202506",
        "ctgr2": "광고선전비",
        "ctgr3": "광고선전비_콘텐츠제작",
        "gl_nm": "광고선전비_콘텐츠제작",
        "amount": 0.0
      },
      {
        "yyyymm": "202507",
        "ctgr2": "광고선전비",
        "ctgr3": "광고선전비_모델료",
        "gl_nm": "광고선전비_모델료",
        "amount": 67.39
      },
      {
        "yyyymm": "202507",
        "ctgr2": "광고선전비",
        "ctgr3": "광고선전비_매체집행_온라인",
        "gl_nm": "광고선전비_매체집행_온라인",
        "amount": 66.37
      },
      {
        "yyyymm": "202507",
        "ctgr2": "광고선전비",
        "ctgr3": "광고선전비_협찬/제휴",
        "gl_nm": "광고선전비_협찬/제휴",
        "amount": 6.11
      },
      {
        "yyyymm": "202507",
        "ctgr2": "광고선전비",
        "ctgr3": "광고선전비_기타",
        "gl_nm": "광고선전비_기타",
        "amount": 5.26
      },
      {
        "yyyymm": "202507",
        "ctgr2": "광고선전비",
        "ctgr3": "(E-BIZ)광고선전비_매체광고",
        "gl_nm": "(E-BIZ)광고선전비_매체광고",
        "amount": 5.01
      },
      {
        "yyyymm": "202507",
        "ctgr2": "광고선전비",
        "ctgr3": "(E-BIZ)광고선전비_촬영/기타",
        "gl_nm": "(E-BIZ)광고선전비_촬영/기타",
        "amount": 4.83
      },
      {
        "yyyymm": "202507",
        "ctgr2": "광고선전비",
        "ctgr3": "광고선전비_PR/홍보",
        "gl_nm": "광고선전비_PR/홍보",
        "amount": 4.5
      },
      {
        "yyyymm": "202507",
        "ctgr2": "광고선전비",
        "ctgr3": "광고선전비_협찬/제휴",
        "gl_nm": "광고선전비_물류",
        "amount": 0.0
      },
      {
        "yyyymm": "202507",
        "ctgr2": "광고선전비",
        "ctgr3": "광고선전비_콘텐츠제작",
        "gl_nm": "광고선전비_콘텐츠제작",
        "amount": 0.0
      },
      {
        "yyyymm": "202507",
        "ctgr2": "광고선전비",
        "ctgr3": "광고선전비_이벤트/행사",
        "gl_nm": "광고선전비_이벤트/행사",
        "amount": 0.0
      },
      {
        "yyyymm": "202507",
        "ctgr2": "광고선전비",
        "ctgr3": "광고선전비_기타",
        "gl_nm": "광고선전비_물류_재고대체",
        "amount": 0.0
      },
      {
        "yyyymm": "202508",
        "ctgr2": "광고선전비",
        "ctgr3": "광고선전비_매체집행_온라인",
        "gl_nm": "광고선전비_매체집행_온라인",
        "amount": 69.28
      },
      {
        "yyyymm": "202508",
        "ctgr2": "광고선전비",
        "ctgr3": "광고선전비_모델료",
        "gl_nm": "광고선전비_모델료",
        "amount": 67.39
      },
      {
        "yyyymm": "202508",
        "ctgr2": "광고선전비",
        "ctgr3": "광고선전비_협찬/제휴",
        "gl_nm": "광고선전비_협찬/제휴",
        "amount": 16.6
      },
      {
        "yyyymm": "202508",
        "ctgr2": "광고선전비",
        "ctgr3": "광고선전비_콘텐츠제작",
        "gl_nm": "광고선전비_콘텐츠제작",
        "amount": 15.48
      },
      {
        "yyyymm": "202508",
        "ctgr2": "광고선전비",
        "ctgr3": "(E-BIZ)광고선전비_촬영/기타",
        "gl_nm": "(E-BIZ)광고선전비_촬영/기타",
        "amount": 8.62
      },
      {
        "yyyymm": "202508",
        "ctgr2": "광고선전비",
        "ctgr3": "광고선전비_PR/홍보",
        "gl_nm": "광고선전비_PR/홍보",
        "amount": 4.5
      },
      {
        "yyyymm": "202508",
        "ctgr2": "광고선전비",
        "ctgr3": "광고선전비_기타",
        "gl_nm": "광고선전비_기타",
        "amount": 3.9
      },
      {
        "yyyymm": "202508",
        "ctgr2": "광고선전비",
        "ctgr3": "(E-BIZ)광고선전비_매체광고",
        "gl_nm": "(E-BIZ)광고선전비_매체광고",
        "amount": 3.58
      },
      {
        "yyyymm": "202508",
        "ctgr2": "광고선전비",
        "ctgr3": "광고선전비_협찬/제휴",
        "gl_nm": "광고선전비_물류",
        "amount": 0.0
      },
      {
        "yyyymm": "202508",
        "ctgr2": "광고선전비",
        "ctgr3": "광고선전비_기타",
        "gl_nm": "광고선전비_물류_재고대체",
        "amount": 0.0
      },
      {
        "yyyymm": "202508",
        "ctgr2": "광고선전비",
        "ctgr3": "광고선전비_이벤트/행사",
        "gl_nm": "광고선전비_이벤트/행사",
        "amount": 0.0
      },
      {
        "yyyymm": "202509",
        "ctgr2": "광고선전비",
        "ctgr3": "광고선전비_콘텐츠제작",
        "gl_nm": "광고선전비_콘텐츠제작",
        "amount": 85.89
      },
      {
        "yyyymm": "202509",
        "ctgr2": "광고선전비",
        "ctgr3": "광고선전비_매체집행_온라인",
        "gl_nm": "광고선전비_매체집행_온라인",
        "amount": 78.02
      },
      {
        "yyyymm": "202509",
        "ctgr2": "광고선전비",
        "ctgr3": "광고선전비_모델료",
        "gl_nm": "광고선전비_모델료",
        "amount": 65.22
      },
      {
        "yyyymm": "202509",
        "ctgr2": "광고선전비",
        "ctgr3": "광고선전비_기타",
        "gl_nm": "광고선전비_물류_재고대체",
        "amount": 28.68
      },
      {
        "yyyymm": "202509",
        "ctgr2": "광고선전비",
        "ctgr3": "광고선전비_협찬/제휴",
        "gl_nm": "광고선전비_협찬/제휴",
        "amount": 27.63
      },
      {
        "yyyymm": "202509",
        "ctgr2": "광고선전비",
        "ctgr3": "광고선전비_협찬/제휴",
        "gl_nm": "광고선전비_물류",
        "amount": 14.17
      },
      {
        "yyyymm": "202509",
        "ctgr2": "광고선전비",
        "ctgr3": "(E-BIZ)광고선전비_촬영/기타",
        "gl_nm": "(E-BIZ)광고선전비_촬영/기타",
        "amount": 10.85
      },
      {
        "yyyymm": "202509",
        "ctgr2": "광고선전비",
        "ctgr3": "광고선전비_PR/홍보",
        "gl_nm": "광고선전비_PR/홍보",
        "amount": 4.5
      },
      {
        "yyyymm": "202509",
        "ctgr2": "광고선전비",
        "ctgr3": "광고선전비_기타",
        "gl_nm": "광고선전비_기타",
        "amount": 1.64
      },
      {
        "yyyymm": "202509",
        "ctgr2": "광고선전비",
        "ctgr3": "(E-BIZ)광고선전비_매체광고",
        "gl_nm": "(E-BIZ)광고선전비_매체광고",
        "amount": 0.93
      },
      {
        "yyyymm": "202509",
        "ctgr2": "광고선전비",
        "ctgr3": "광고선전비_이벤트/행사",
        "gl_nm": "광고선전비_이벤트/행사",
        "amount": 0.0
      },
      {
        "yyyymm": "202510",
        "ctgr2": "광고선전비",
        "ctgr3": "광고선전비_매체집행_온라인",
        "gl_nm": "광고선전비_매체집행_온라인",
        "amount": 169.12
      },
      {
        "yyyymm": "202510",
        "ctgr2": "광고선전비",
        "ctgr3": "광고선전비_협찬/제휴",
        "gl_nm": "광고선전비_협찬/제휴",
        "amount": 75.78
      },
      {
        "yyyymm": "202510",
        "ctgr2": "광고선전비",
        "ctgr3": "광고선전비_모델료",
        "gl_nm": "광고선전비_모델료",
        "amount": 67.39
      },
      {
        "yyyymm": "202510",
        "ctgr2": "광고선전비",
        "ctgr3": "광고선전비_이벤트/행사",
        "gl_nm": "광고선전비_이벤트/행사",
        "amount": 30.0
      },
      {
        "yyyymm": "202510",
        "ctgr2": "광고선전비",
        "ctgr3": "(E-BIZ)광고선전비_촬영/기타",
        "gl_nm": "(E-BIZ)광고선전비_촬영/기타",
        "amount": 24.39
      },
      {
        "yyyymm": "202510",
        "ctgr2": "광고선전비",
        "ctgr3": "광고선전비_콘텐츠제작",
        "gl_nm": "광고선전비_콘텐츠제작",
        "amount": 8.0
      },
      {
        "yyyymm": "202510",
        "ctgr2": "광고선전비",
        "ctgr3": "광고선전비_기타",
        "gl_nm": "광고선전비_기타",
        "amount": 6.02
      },
      {
        "yyyymm": "202510",
        "ctgr2": "광고선전비",
        "ctgr3": "광고선전비_기타",
        "gl_nm": "광고선전비_물류_재고대체",
        "amount": 5.39
      },
      {
        "yyyymm": "202510",
        "ctgr2": "광고선전비",
        "ctgr3": "광고선전비_PR/홍보",
        "gl_nm": "광고선전비_PR/홍보",
        "amount": 4.5
      },
      {
        "yyyymm": "202510",
        "ctgr2": "광고선전비",
        "ctgr3": "광고선전비_협찬/제휴",
        "gl_nm": "광고선전비_물류",
        "amount": 2.63
      },
      {
        "yyyymm": "202510",
        "ctgr2": "광고선전비",
        "ctgr3": "(E-BIZ)광고선전비_매체광고",
        "gl_nm": "(E-BIZ)광고선전비_매체광고",
        "amount": 0.91
      },
      {
        "yyyymm": "202511",
        "ctgr2": "광고선전비",
        "ctgr3": "광고선전비_매체집행_온라인",
        "gl_nm": "광고선전비_매체집행_온라인",
        "amount": 281.95
      },
      {
        "yyyymm": "202511",
        "ctgr2": "광고선전비",
        "ctgr3": "광고선전비_협찬/제휴",
        "gl_nm": "광고선전비_협찬/제휴",
        "amount": 261.32
      },
      {
        "yyyymm": "202511",
        "ctgr2": "광고선전비",
        "ctgr3": "광고선전비_모델료",
        "gl_nm": "광고선전비_모델료",
        "amount": 57.02
      },
      {
        "yyyymm": "202511",
        "ctgr2": "광고선전비",
        "ctgr3": "광고선전비_이벤트/행사",
        "gl_nm": "광고선전비_이벤트/행사",
        "amount": 49.47
      },
      {
        "yyyymm": "202511",
        "ctgr2": "광고선전비",
        "ctgr3": "(E-BIZ)광고선전비_촬영/기타",
        "gl_nm": "(E-BIZ)광고선전비_촬영/기타",
        "amount": 19.13
      },
      {
        "yyyymm": "202511",
        "ctgr2": "광고선전비",
        "ctgr3": "광고선전비_기타",
        "gl_nm": "광고선전비_물류_재고대체",
        "amount": 18.75
      },
      {
        "yyyymm": "202511",
        "ctgr2": "광고선전비",
        "ctgr3": "(E-BIZ)광고선전비_매체광고",
        "gl_nm": "(E-BIZ)광고선전비_매체광고",
        "amount": 16.73
      },
      {
        "yyyymm": "202511",
        "ctgr2": "광고선전비",
        "ctgr3": "광고선전비_콘텐츠제작",
        "gl_nm": "광고선전비_콘텐츠제작",
        "amount": 11.59
      },
      {
        "yyyymm": "202511",
        "ctgr2": "광고선전비",
        "ctgr3": "광고선전비_기타",
        "gl_nm": "광고선전비_기타",
        "amount": 11.57
      },
      {
        "yyyymm": "202511",
        "ctgr2": "광고선전비",
        "ctgr3": "광고선전비_협찬/제휴",
        "gl_nm": "광고선전비_물류",
        "amount": 8.96
      },
      {
        "yyyymm": "202511",
        "ctgr2": "광고선전비",
        "ctgr3": "광고선전비_PR/홍보",
        "gl_nm": "광고선전비_PR/홍보",
        "amount": 4.5
      }
    ]
  }
}