{
  "country": "KR",
  "brand_cd": "I",
  "yyyymm": "202511",
  "key": "영업비",
  "sub_key": "VMD__매장보수대",
  "analysis_data": {
    "title": "VMD/ 매장보수대 분석",
    "sections": [
      {
        "div": "종합분석-1",
        "sub_title": "투자 방향성 종합 평가",
        "ai_text": "MLB KIDS는 2025년 11월 VMD/매장보수대 투자를 전년 대비 8.5% 축소(26백만원→23백만원)하며 효율성 중심의 예산 재배분 전략을 실행했습니다. 특히 매장보수대 영역에서 대폭적인 구조조정(-85.4%)을 단행하여 비효율적 지출을 제거하고, VMD소모품 투자는 소폭 증가(8.4%)시켜 고객 접점에서의 시각적 머천다이징 강화에 집중하는 전략적 선택을 보여줍니다."
      },
      {
        "div": "종합분석-2",
        "sub_title": "효율적 투자 영역",
        "ai_text": "• VMD소모품 투자 확대: 21백만원→23백만원(+8.4%)으로 매장 내 시각적 연출 강화를 통한 고객 경험 개선\n• 핵심 영역 집중화: 전체 예산의 97.1%를 VMD소모품에 집중 배분하여 투자 효율성 극대화\n• 매장 운영비 최적화: 불필요한 매장보수대 비용을 대폭 절감하여 ROI 개선에 기여"
      },
      {
        "div": "종합분석-3",
        "sub_title": "주의 필요 영역",
        "ai_text": "• 매장보수대 급격한 축소: 5백만원→1백만원(-85.4%)으로 매장 유지보수 품질 저하 리스크 존재\n• 예산 배분 불균형 심화: VMD소모품 의존도가 97.1%로 과도하게 집중되어 투자 다양성 부족\n• 매장 인프라 투자 부족: 장기적 매장 경쟁력 유지를 위한 시설 개선 투자 여력 제한"
      },
      {
        "div": "종합분석-4",
        "sub_title": "이상징후 및 리스크 감지",
        "ai_text": "• 극단적 예산 재배분: 매장보수대의 85.4% 삭감은 매장 운영 전략의 급격한 변화를 시사하며, 매장 시설 관리 소홀로 인한 브랜드 이미지 손상 위험 내재\n• 단기 효율성 추구의 함정: 현재의 비용 절감이 중장기적으로 매장 노후화와 고객 만족도 저하로 이어질 가능성\n• 투자 포트폴리오 편중: VMD소모품에 97.1% 집중 투자는 다른 중요 영역(매장 인프라, 디지털 VMD 등)의 발전 기회 상실 리스크"
      },
      {
        "div": "종합분석-5",
        "sub_title": "마케팅 전략 최적화 방안",
        "ai_text": "### 즉시 실행 방안\n1. 매장 상태 점검: 보수대 예산 축소로 인한 매장 시설 현황 전수조사 및 우선순위 보수 계획 수립\n2. VMD 효과 측정: 증가된 VMD소모품 투자(23백만원)의 매출 기여도 및 고객 반응 모니터링 체계 구축\n3. 예산 재배분 검토: 매장보수대 최소 필요 예산 재산정 및 분기별 탄력적 운영 방안 마련\n\n### 중장기 전략 방향\n1. 스마트 VMD 도입: 디지털 사이니지 및 IoT 기반 매장 관리 시스템으로 운영비 절감과 효과 극대화\n2. 예방적 매장 관리: 정기 점검 시스템 구축으로 대규모 보수 비용 발생 사전 방지\n3. 투자 포트폴리오 다변화: VMD소모품 외 고객 경험 개선을 위한 새로운 투자 영역 발굴 및 단계적 확대"
      }
    ]
  },
  "ctgr1": "VMD/ 매장보수대",
  "summary": {
    "prev_year_total": 25.66,
    "curr_year_total": 23.48,
    "change_amount": -2.18,
    "change_pct": -8.5,
    "investment_direction": "축소"
  },
  "categories": [
    {
      "ctgr2": "VMD/ 매장보수대",
      "ctgr3": "소모품비_VMD소모품",
      "gl_nm": "소모품비_VMD소모품",
      "prev_year": 21.04,
      "curr_year": 22.81,
      "change": 1.77,
      "change_pct": 8.4,
      "is_new": false,
      "is_discontinued": false
    },
    {
      "ctgr2": "VMD/ 매장보수대",
      "ctgr3": "지급수수료_매장보수대",
      "gl_nm": "지급수수료_매장보수대",
      "prev_year": 4.62,
      "curr_year": 0.67,
      "change": -3.95,
      "change_pct": -85.4,
      "is_new": false,
      "is_discontinued": false
    }
  ],
  "category_summary": {
    "increased": [
      {
        "ctgr2": "VMD/ 매장보수대",
        "ctgr3": "소모품비_VMD소모품",
        "gl_nm": "소모품비_VMD소모품",
        "prev_year": 21.04,
        "curr_year": 22.81,
        "change": 1.77,
        "change_pct": 8.4,
        "is_new": false,
        "is_discontinued": false
      }
    ],
    "decreased": [
      {
        "ctgr2": "VMD/ 매장보수대",
        "ctgr3": "지급수수료_매장보수대",
        "gl_nm": "지급수수료_매장보수대",
        "prev_year": 4.62,
        "curr_year": 0.67,
        "change": -3.95,
        "change_pct": -85.4,
        "is_new": false,
        "is_discontinued": false
      }
    ],
    "new_investments": [],
    "discontinued": []
  },
  "raw_data": {
    "total_records": [
      {
        "PST_YYYYMM": "202411",
        "TOTAL_AMT": 25659680.0
      },
      {
        "PST_YYYYMM": "202511",
        "TOTAL_AMT": 23481400.0
      }
    ],
    "detail_records": [
      {
        "PST_YYYYMM": "202511",
        "BRD_CD": "I",
        "BRD_NM": "MLB KIDS",
        "CTGR1": "VMD/ 매장보수대",
        "CTGR2": "VMD/ 매장보수대",
        "CTGR3": "소모품비_VMD소모품",
        "GL_NM": "소모품비_VMD소모품",
        "TTL_USE_AMT": 22808400.0
      },
      {
        "PST_YYYYMM": "202411",
        "BRD_CD": "I",
        "BRD_NM": "MLB KIDS",
        "CTGR1": "VMD/ 매장보수대",
        "CTGR2": "VMD/ 매장보수대",
        "CTGR3": "소모품비_VMD소모품",
        "GL_NM": "소모품비_VMD소모품",
        "TTL_USE_AMT": 21039680.0
      },
      {
        "PST_YYYYMM": "202411",
        "BRD_CD": "I",
        "BRD_NM": "MLB KIDS",
        "CTGR1": "VMD/ 매장보수대",
        "CTGR2": "VMD/ 매장보수대",
        "CTGR3": "지급수수료_매장보수대",
        "GL_NM": "지급수수료_매장보수대",
        "TTL_USE_AMT": 4620000.0
      },
      {
        "PST_YYYYMM": "202511",
        "BRD_CD": "I",
        "BRD_NM": "MLB KIDS",
        "CTGR1": "VMD/ 매장보수대",
        "CTGR2": "VMD/ 매장보수대",
        "CTGR3": "지급수수료_매장보수대",
        "GL_NM": "지급수수료_매장보수대",
        "TTL_USE_AMT": 673000.0
      }
    ]
  },
  "trend_data": {
    "trend_months": [
      "202412",
      "202501",
      "202502",
      "202503",
      "202504",
      "202505",
      "202506",
      "202507",
      "202508",
      "202509",
      "202510",
      "202511"
    ],
    "monthly_totals": [
      {
        "yyyymm": "202412",
        "total_amount": 22.07
      },
      {
        "yyyymm": "202501",
        "total_amount": 24.55
      },
      {
        "yyyymm": "202502",
        "total_amount": 11.13
      },
      {
        "yyyymm": "202503",
        "total_amount": 14.83
      },
      {
        "yyyymm": "202504",
        "total_amount": 28.19
      },
      {
        "yyyymm": "202505",
        "total_amount": 17.73
      },
      {
        "yyyymm": "202506",
        "total_amount": 6.15
      },
      {
        "yyyymm": "202507",
        "total_amount": 18.57
      },
      {
        "yyyymm": "202508",
        "total_amount": 12.03
      },
      {
        "yyyymm": "202509",
        "total_amount": 21.91
      },
      {
        "yyyymm": "202510",
        "total_amount": 21.83
      },
      {
        "yyyymm": "202511",
        "total_amount": 23.48
      }
    ],
    "monthly_details": [
      {
        "yyyymm": "202412",
        "ctgr2": "VMD/ 매장보수대",
        "ctgr3": "소모품비_VMD소모품",
        "gl_nm": "소모품비_VMD소모품",
        "amount": 16.82
      },
      {
        "yyyymm": "202412",
        "ctgr2": "VMD/ 매장보수대",
        "ctgr3": "지급수수료_매장보수대",
        "gl_nm": "지급수수료_매장보수대",
        "amount": 5.25
      },
      {
        "yyyymm": "202501",
        "ctgr2": "VMD/ 매장보수대",
        "ctgr3": "소모품비_VMD소모품",
        "gl_nm": "소모품비_VMD소모품",
        "amount": 18.36
      },
      {
        "yyyymm": "202501",
        "ctgr2": "VMD/ 매장보수대",
        "ctgr3": "지급수수료_매장보수대",
        "gl_nm": "지급수수료_매장보수대",
        "amount": 6.19
      },
      {
        "yyyymm": "202502",
        "ctgr2": "VMD/ 매장보수대",
        "ctgr3": "소모품비_VMD소모품",
        "gl_nm": "소모품비_VMD소모품",
        "amount": 10.44
      },
      {
        "yyyymm": "202502",
        "ctgr2": "VMD/ 매장보수대",
        "ctgr3": "지급수수료_매장보수대",
        "gl_nm": "지급수수료_매장보수대",
        "amount": 0.69
      },
      {
        "yyyymm": "202503",
        "ctgr2": "VMD/ 매장보수대",
        "ctgr3": "지급수수료_매장보수대",
        "gl_nm": "지급수수료_매장보수대",
        "amount": 8.82
      },
      {
        "yyyymm": "202503",
        "ctgr2": "VMD/ 매장보수대",
        "ctgr3": "소모품비_VMD소모품",
        "gl_nm": "소모품비_VMD소모품",
        "amount": 6.02
      },
      {
        "yyyymm": "202504",
        "ctgr2": "VMD/ 매장보수대",
        "ctgr3": "소모품비_VMD소모품",
        "gl_nm": "소모품비_VMD소모품",
        "amount": 23.17
      },
      {
        "yyyymm": "202504",
        "ctgr2": "VMD/ 매장보수대",
        "ctgr3": "지급수수료_매장보수대",
        "gl_nm": "지급수수료_매장보수대",
        "amount": 5.02
      },
      {
        "yyyymm": "202505",
        "ctgr2": "VMD/ 매장보수대",
        "ctgr3": "소모품비_VMD소모품",
        "gl_nm": "소모품비_VMD소모품",
        "amount": 16.32
      },
      {
        "yyyymm": "202505",
        "ctgr2": "VMD/ 매장보수대",
        "ctgr3": "지급수수료_매장보수대",
        "gl_nm": "지급수수료_매장보수대",
        "amount": 1.4
      },
      {
        "yyyymm": "202506",
        "ctgr2": "VMD/ 매장보수대",
        "ctgr3": "소모품비_VMD소모품",
        "gl_nm": "소모품비_VMD소모품",
        "amount": 4.34
      },
      {
        "yyyymm": "202506",
        "ctgr2": "VMD/ 매장보수대",
        "ctgr3": "지급수수료_매장보수대",
        "gl_nm": "지급수수료_매장보수대",
        "amount": 1.81
      },
      {
        "yyyymm": "202507",
        "ctgr2": "VMD/ 매장보수대",
        "ctgr3": "소모품비_VMD소모품",
        "gl_nm": "소모품비_VMD소모품",
        "amount": 14.16
      },
      {
        "yyyymm": "202507",
        "ctgr2": "VMD/ 매장보수대",
        "ctgr3": "지급수수료_매장보수대",
        "gl_nm": "지급수수료_매장보수대",
        "amount": 4.41
      },
      {
        "yyyymm": "202508",
        "ctgr2": "VMD/ 매장보수대",
        "ctgr3": "지급수수료_매장보수대",
        "gl_nm": "지급수수료_매장보수대",
        "amount": 8.75
      },
      {
        "yyyymm": "202508",
        "ctgr2": "VMD/ 매장보수대",
        "ctgr3": "소모품비_VMD소모품",
        "gl_nm": "소모품비_VMD소모품",
        "amount": 3.27
      },
      {
        "yyyymm": "202509",
        "ctgr2": "VMD/ 매장보수대",
        "ctgr3": "소모품비_VMD소모품",
        "gl_nm": "소모품비_VMD소모품",
        "amount": 16.86
      },
      {
        "yyyymm": "202509",
        "ctgr2": "VMD/ 매장보수대",
        "ctgr3": "지급수수료_매장보수대",
        "gl_nm": "지급수수료_매장보수대",
        "amount": 5.05
      },
      {
        "yyyymm": "202510",
        "ctgr2": "VMD/ 매장보수대",
        "ctgr3": "소모품비_VMD소모품",
        "gl_nm": "소모품비_VMD소모품",
        "amount": 13.26
      },
      {
        "yyyymm": "202510",
        "ctgr2": "VMD/ 매장보수대",
        "ctgr3": "지급수수료_매장보수대",
        "gl_nm": "지급수수료_매장보수대",
        "amount": 8.58
      },
      {
        "yyyymm": "202511",
        "ctgr2": "VMD/ 매장보수대",
        "ctgr3": "소모품비_VMD소모품",
        "gl_nm": "소모품비_VMD소모품",
        "amount": 22.81
      },
      {
        "yyyymm": "202511",
        "ctgr2": "VMD/ 매장보수대",
        "ctgr3": "지급수수료_매장보수대",
        "gl_nm": "지급수수료_매장보수대",
        "amount": 0.67
      }
    ]
  }
}