{
  "country": "KR",
  "brand_cd": "M",
  "yyyymm": "202511",
  "key": "영업비",
  "sub_key": "제간비",
  "analysis_data": {
    "title": "제간비 분석",
    "sections": [
      {
        "div": "종합분석-1",
        "sub_title": "투자 방향성 종합 평가",
        "ai_text": "2024년 11월 대비 2025년 11월 제간비 투자에서 극단적인 비용 절감 전략이 확인됩니다. 전년 1,410백만원에서 2025년 0백만원으로 100% 전액 삭감되어, 물류비 최적화를 통한 수익성 개선에 집중하고 있음을 시사합니다. 이는 경영 효율성 제고를 위한 전략적 결정으로 판단되나, 물류 서비스 품질 유지에 대한 면밀한 검토가 필요한 상황입니다."
      },
      {
        "div": "종합분석-2",
        "sub_title": "효율적 투자 영역",
        "ai_text": "• 물류운송비 전액 절감: 1,410백만원 → 0백만원으로 100% 비용 절감 달성\n• 물류용역비 유지: 기존 0백만원 수준을 그대로 유지하여 불필요한 비용 발생 방지\n• 비용 구조 최적화: 제간비 전체를 재검토하여 핵심 필수 영역만 선별적 투자로 전환\n• 수익성 개선 기여: 직접적인 비용 절감을 통해 영업이익률 개선에 즉시 기여"
      },
      {
        "div": "종합분석-3",
        "sub_title": "주의 필요 영역",
        "ai_text": "• 물류 서비스 품질 리스크: 물류운송비 전액 삭감으로 인한 배송 지연, 고객 만족도 저하 우려\n• 대체 물류 솔루션 검증: 기존 물류 체계 변경에 따른 신규 시스템의 안정성 및 효율성 미검증\n• 계절적 수요 대응: 11월 성수기 물류 대응 능력 저하로 인한 매출 기회 손실 가능성\n• 비용 절감의 지속가능성: 단기적 절감 효과가 중장기적으로 더 큰 비용 증가를 초래할 리스크"
      },
      {
        "div": "종합분석-4",
        "sub_title": "이상징후 및 리스크 감지",
        "ai_text": "• 급격한 비용 구조 변화: 물류운송비 1,410백만원의 전액 삭감은 물류 운영 방식의 근본적 변화를 의미하며, 이에 따른 운영 리스크가 상당할 것으로 예상됩니다\n• 물류 전략 전환 신호: 기존 외부 물류업체 의존에서 내재화 또는 새로운 물류 파트너십으로의 전환 가능성을 시사합니다\n• 예산 배분 불균형: 제간비 전체가 0이 된 상황은 다른 비용 항목으로의 예산 이동 또는 전체적인 비용 축소 정책을 반영할 수 있습니다\n• 데이터 정합성 검토 필요: 물류용역비와 물류운송비 모두 0인 상황에서 실제 물류 운영이 어떻게 이루어지고 있는지 확인이 필요합니다"
      },
      {
        "div": "종합분석-5",
        "sub_title": "마케팅 전략 최적화 방안",
        "ai_text": "### 즉시 실행 방안\n1. 물류 서비스 품질 모니터링: 배송 지연율, 고객 불만 접수율 등 핵심 지표 일일 추적 체계 구축\n2. 대체 물류 솔루션 검증: 신규 물류 체계의 안정성 및 비용 효율성 정량적 평가 실시\n3. 고객 만족도 조사: 물류 서비스 변경에 따른 고객 경험 변화 즉시 측정\n\n### 중장기 전략 방향\n1. 물류 비용 최적화 모델 구축: 서비스 품질과 비용 효율성의 균형점 도출을 위한 시뮬레이션 모델 개발\n2. 통합 물류 전략 수립: MLB 브랜드 특성에 맞는 차별화된 물류 서비스 전략 개발\n3. 디지털 물류 시스템 도입: AI 기반 배송 최적화, 실시간 추적 시스템 등 차세대 물류 인프라 구축 검토\n4. 비용 절감 효과의 재투자 전략: 절감된 1,410백만원의 마케팅 또는 상품 개발 재투자 방안 수립"
      }
    ]
  },
  "ctgr1": "제간비",
  "summary": {
    "prev_year_total": 1.41,
    "curr_year_total": 0.0,
    "change_amount": -1.41,
    "change_pct": -100.0,
    "investment_direction": "축소"
  },
  "categories": [
    {
      "ctgr2": "제간비",
      "ctgr3": "지급수수료_물류용역비",
      "gl_nm": "지급수수료_물류용역비",
      "prev_year": 0.0,
      "curr_year": 0.0,
      "change": 0.0,
      "change_pct": 0,
      "is_new": false,
      "is_discontinued": false
    },
    {
      "ctgr2": "제간비",
      "ctgr3": "지급수수료_물류운송비",
      "gl_nm": "지급수수료_물류운송비",
      "prev_year": 1.41,
      "curr_year": 0.0,
      "change": -1.41,
      "change_pct": -100.0,
      "is_new": false,
      "is_discontinued": true
    }
  ],
  "category_summary": {
    "increased": [],
    "decreased": [
      {
        "ctgr2": "제간비",
        "ctgr3": "지급수수료_물류운송비",
        "gl_nm": "지급수수료_물류운송비",
        "prev_year": 1.41,
        "curr_year": 0.0,
        "change": -1.41,
        "change_pct": -100.0,
        "is_new": false,
        "is_discontinued": true
      }
    ],
    "new_investments": [],
    "discontinued": [
      {
        "ctgr2": "제간비",
        "ctgr3": "지급수수료_물류운송비",
        "gl_nm": "지급수수료_물류운송비",
        "prev_year": 1.41,
        "curr_year": 0.0,
        "change": -1.41,
        "change_pct": -100.0,
        "is_new": false,
        "is_discontinued": true
      }
    ]
  },
  "raw_data": {
    "total_records": [
      {
        "PST_YYYYMM": "202411",
        "TOTAL_AMT": 1410339.0
      },
      {
        "PST_YYYYMM": "202511",
        "TOTAL_AMT": 0.0
      }
    ],
    "detail_records": [
      {
        "PST_YYYYMM": "202411",
        "BRD_CD": "M",
        "BRD_NM": "MLB",
        "CTGR1": "제간비",
        "CTGR2": "제간비",
        "CTGR3": "지급수수료_물류운송비",
        "GL_NM": "지급수수료_물류운송비",
        "TTL_USE_AMT": 1410339.0
      },
      {
        "PST_YYYYMM": "202511",
        "BRD_CD": "M",
        "BRD_NM": "MLB",
        "CTGR1": "제간비",
        "CTGR2": "제간비",
        "CTGR3": "지급수수료_물류용역비",
        "GL_NM": "지급수수료_물류용역비",
        "TTL_USE_AMT": 0.0
      },
      {
        "PST_YYYYMM": "202411",
        "BRD_CD": "M",
        "BRD_NM": "MLB",
        "CTGR1": "제간비",
        "CTGR2": "제간비",
        "CTGR3": "지급수수료_물류용역비",
        "GL_NM": "지급수수료_물류용역비",
        "TTL_USE_AMT": 0.0
      },
      {
        "PST_YYYYMM": "202511",
        "BRD_CD": "M",
        "BRD_NM": "MLB",
        "CTGR1": "제간비",
        "CTGR2": "제간비",
        "CTGR3": "지급수수료_물류운송비",
        "GL_NM": "지급수수료_물류운송비",
        "TTL_USE_AMT": 0.0
      }
    ]
  },
  "trend_data": {
    "trend_months": [
      "202412",
      "202501",
      "202502",
      "202503",
      "202504",
      "202505",
      "202506",
      "202507",
      "202508",
      "202509",
      "202510",
      "202511"
    ],
    "monthly_totals": [
      {
        "yyyymm": "202412",
        "total_amount": 1.7
      },
      {
        "yyyymm": "202501",
        "total_amount": 0.63
      },
      {
        "yyyymm": "202502",
        "total_amount": 0.9
      },
      {
        "yyyymm": "202503",
        "total_amount": 7.56
      },
      {
        "yyyymm": "202504",
        "total_amount": 6.7
      },
      {
        "yyyymm": "202505",
        "total_amount": 7.49
      },
      {
        "yyyymm": "202506",
        "total_amount": 5.36
      },
      {
        "yyyymm": "202507",
        "total_amount": 10.58
      },
      {
        "yyyymm": "202508",
        "total_amount": 4.89
      },
      {
        "yyyymm": "202509",
        "total_amount": 4.45
      },
      {
        "yyyymm": "202510",
        "total_amount": 6.21
      },
      {
        "yyyymm": "202511",
        "total_amount": 0.0
      }
    ],
    "monthly_details": [
      {
        "yyyymm": "202412",
        "ctgr2": "제간비",
        "ctgr3": "지급수수료_물류운송비",
        "gl_nm": "지급수수료_물류운송비",
        "amount": 1.7
      },
      {
        "yyyymm": "202412",
        "ctgr2": "제간비",
        "ctgr3": "지급수수료_물류용역비",
        "gl_nm": "지급수수료_물류용역비",
        "amount": 0.0
      },
      {
        "yyyymm": "202501",
        "ctgr2": "제간비",
        "ctgr3": "지급수수료_물류운송비",
        "gl_nm": "지급수수료_물류운송비",
        "amount": 0.63
      },
      {
        "yyyymm": "202501",
        "ctgr2": "제간비",
        "ctgr3": "지급수수료_물류용역비",
        "gl_nm": "지급수수료_물류용역비",
        "amount": 0.0
      },
      {
        "yyyymm": "202502",
        "ctgr2": "제간비",
        "ctgr3": "지급수수료_물류운송비",
        "gl_nm": "지급수수료_물류운송비",
        "amount": 0.9
      },
      {
        "yyyymm": "202502",
        "ctgr2": "제간비",
        "ctgr3": "지급수수료_물류용역비",
        "gl_nm": "지급수수료_물류용역비",
        "amount": 0.0
      },
      {
        "yyyymm": "202503",
        "ctgr2": "제간비",
        "ctgr3": "지급수수료_물류운송비",
        "gl_nm": "지급수수료_물류운송비",
        "amount": 6.16
      },
      {
        "yyyymm": "202503",
        "ctgr2": "제간비",
        "ctgr3": "지급수수료_물류용역비",
        "gl_nm": "지급수수료_물류용역비",
        "amount": 1.39
      },
      {
        "yyyymm": "202504",
        "ctgr2": "제간비",
        "ctgr3": "지급수수료_물류운송비",
        "gl_nm": "지급수수료_물류운송비",
        "amount": 6.7
      },
      {
        "yyyymm": "202504",
        "ctgr2": "제간비",
        "ctgr3": "지급수수료_물류용역비",
        "gl_nm": "지급수수료_물류용역비",
        "amount": 0.0
      },
      {
        "yyyymm": "202505",
        "ctgr2": "제간비",
        "ctgr3": "지급수수료_물류운송비",
        "gl_nm": "지급수수료_물류운송비",
        "amount": 7.49
      },
      {
        "yyyymm": "202505",
        "ctgr2": "제간비",
        "ctgr3": "지급수수료_물류용역비",
        "gl_nm": "지급수수료_물류용역비",
        "amount": 0.0
      },
      {
        "yyyymm": "202506",
        "ctgr2": "제간비",
        "ctgr3": "지급수수료_물류운송비",
        "gl_nm": "지급수수료_물류운송비",
        "amount": 5.36
      },
      {
        "yyyymm": "202506",
        "ctgr2": "제간비",
        "ctgr3": "지급수수료_물류용역비",
        "gl_nm": "지급수수료_물류용역비",
        "amount": 0.0
      },
      {
        "yyyymm": "202507",
        "ctgr2": "제간비",
        "ctgr3": "지급수수료_물류운송비",
        "gl_nm": "지급수수료_물류운송비",
        "amount": 10.58
      },
      {
        "yyyymm": "202507",
        "ctgr2": "제간비",
        "ctgr3": "지급수수료_물류용역비",
        "gl_nm": "지급수수료_물류용역비",
        "amount": 0.0
      },
      {
        "yyyymm": "202508",
        "ctgr2": "제간비",
        "ctgr3": "지급수수료_물류운송비",
        "gl_nm": "지급수수료_물류운송비",
        "amount": 4.89
      },
      {
        "yyyymm": "202508",
        "ctgr2": "제간비",
        "ctgr3": "지급수수료_물류용역비",
        "gl_nm": "지급수수료_물류용역비",
        "amount": 0.0
      },
      {
        "yyyymm": "202509",
        "ctgr2": "제간비",
        "ctgr3": "지급수수료_물류운송비",
        "gl_nm": "지급수수료_물류운송비",
        "amount": 4.45
      },
      {
        "yyyymm": "202509",
        "ctgr2": "제간비",
        "ctgr3": "지급수수료_물류용역비",
        "gl_nm": "지급수수료_물류용역비",
        "amount": 0.0
      },
      {
        "yyyymm": "202510",
        "ctgr2": "제간비",
        "ctgr3": "지급수수료_물류운송비",
        "gl_nm": "지급수수료_물류운송비",
        "amount": 6.21
      },
      {
        "yyyymm": "202510",
        "ctgr2": "제간비",
        "ctgr3": "지급수수료_물류용역비",
        "gl_nm": "지급수수료_물류용역비",
        "amount": 0.0
      },
      {
        "yyyymm": "202511",
        "ctgr2": "제간비",
        "ctgr3": "지급수수료_물류용역비",
        "gl_nm": "지급수수료_물류용역비",
        "amount": 0.0
      },
      {
        "yyyymm": "202511",
        "ctgr2": "제간비",
        "ctgr3": "지급수수료_물류운송비",
        "gl_nm": "지급수수료_물류운송비",
        "amount": 0.0
      }
    ]
  }
}