{
  "country": "KR",
  "brand_cd": "ST",
  "yyyymm": "202511",
  "key": "영업비",
  "sub_key": "자가임차료_사옥_",
  "analysis_data": {
    "title": "자가임차료(사옥) 분석",
    "sections": [
      {
        "div": "종합분석-1",
        "sub_title": "투자 방향성 종합 평가",
        "ai_text": "SERGIO TACCHINI 브랜드의 자가임차료(사옥) 투자는 2024년 11월 8백만원에서 2025년 11월 94백만원으로 1,060% 급증하며 전략적 확장 국면에 진입했습니다. 이는 브랜드 독립성 강화와 운영 효율성 제고를 위한 사옥 공간 확대 또는 신규 임차 투자로 분석됩니다. 단순 임차료 증가를 넘어 브랜드 성장 기반 구축을 위한 전략적 인프라 투자로 평가되며, 향후 매출 확대와 조직 역량 강화의 발판 마련으로 판단됩니다."
      },
      {
        "div": "종합분석-2",
        "sub_title": "효율적 투자 영역",
        "ai_text": "• 브랜드 독립성 확보: 94백만원 투자를 통한 전용 사옥 공간 확보로 의사결정 속도 향상 및 브랜드 정체성 강화\n• 운영 효율성 제고: 집중된 업무 환경 조성으로 팀 협업 강화 및 커뮤니케이션 효율성 증대\n• 성장 기반 인프라: 향후 조직 확장과 사업 다각화를 위한 물리적 기반 선제 확보\n• 비용 대비 효과: 월 평균 8백만원 수준의 합리적 임차료로 브랜드 전용 공간 확보"
      },
      {
        "div": "종합분석-3",
        "sub_title": "주의 필요 영역",
        "ai_text": "• 급격한 비용 증가: 전년 대비 86백만원(+1,060%) 증가로 인한 수익성 압박 요인 발생\n• 투자 회수 기간: 대규모 사옥 투자 대비 매출 증대 효과 실현까지의 시차 존재\n• 고정비 부담: 임차료의 고정비 성격으로 인한 손익분기점 상승 및 재무 유연성 제약\n• 공간 활용도: 확장된 사옥 공간의 효율적 활용 방안 및 향후 조직 확장 계획과의 연계성 검토 필요"
      },
      {
        "div": "종합분석-4",
        "sub_title": "이상징후 및 리스크 감지",
        "ai_text": "• 투자 규모의 급진성: 1,000% 이상의 급격한 증가는 브랜드 전략의 근본적 변화를 시사하며, 이에 따른 리스크 관리 체계 점검 필요\n• 매출 연동성 부족: 사옥 투자와 매출 성장 간의 직접적 연관성 부족으로 인한 투자 효율성 우려\n• 시장 환경 변화: 재택근무 확산 등 업무 환경 변화 트렌드와 상반되는 대규모 사옥 투자의 적정성 검토\n• 예산 배분 불균형: 다른 마케팅 투자 영역 대비 사옥 투자의 과도한 비중 증가로 인한 포트폴리오 리스크"
      },
      {
        "div": "종합분석-5",
        "sub_title": "마케팅 전략 최적화 방안",
        "ai_text": "### 즉시 실행 방안\n1. 공간 활용 극대화: 확보된 사옥 공간을 활용한 브랜드 체험관, 전시 공간, 고객 미팅룸 등 매출 직결 기능 구축\n2. 투자 효과 측정: 사옥 투자 후 업무 효율성, 브랜드 인지도, 고객 만족도 등 정량적 지표 모니터링 체계 구축\n3. 비용 최적화: 임차료 협상 재검토 및 공유 공간 활용을 통한 비용 절감 방안 모색\n\n### 중장기 전략 방향\n1. 매출 연동 전략: 사옥 투자를 브랜드 가치 제고와 매출 확대로 연결하는 구체적 로드맵 수립\n2. 하이브리드 운영: 사옥과 원격 근무의 최적 조합을 통한 비용 효율성과 업무 효율성 동시 달성\n3. 브랜드 허브화: 사옥을 SERGIO TACCHINI 브랜드의 핵심 거점으로 활용한 마케팅 및 고객 접점 확대 전략 추진"
      }
    ]
  },
  "ctgr1": "자가임차료(사옥)",
  "summary": {
    "prev_year_total": 8.1,
    "curr_year_total": 93.97,
    "change_amount": 85.87,
    "change_pct": 1060.1,
    "investment_direction": "증가"
  },
  "categories": [
    {
      "ctgr2": "자가임차료(사옥)",
      "ctgr3": "자가임차료",
      "gl_nm": "지급임차료_자가임차료",
      "prev_year": 8.1,
      "curr_year": 93.97,
      "change": 85.87,
      "change_pct": 1060.1,
      "is_new": false,
      "is_discontinued": false
    }
  ],
  "category_summary": {
    "increased": [
      {
        "ctgr2": "자가임차료(사옥)",
        "ctgr3": "자가임차료",
        "gl_nm": "지급임차료_자가임차료",
        "prev_year": 8.1,
        "curr_year": 93.97,
        "change": 85.87,
        "change_pct": 1060.1,
        "is_new": false,
        "is_discontinued": false
      }
    ],
    "decreased": [],
    "new_investments": [],
    "discontinued": []
  },
  "raw_data": {
    "total_records": [
      {
        "PST_YYYYMM": "202411",
        "TOTAL_AMT": 8100000.0
      },
      {
        "PST_YYYYMM": "202511",
        "TOTAL_AMT": 93970000.0
      }
    ],
    "detail_records": [
      {
        "PST_YYYYMM": "202511",
        "BRD_CD": "ST",
        "BRD_NM": "SERGIO TACCHINI",
        "CTGR1": "자가임차료(사옥)",
        "CTGR2": "자가임차료(사옥)",
        "CTGR3": "자가임차료",
        "GL_NM": "지급임차료_자가임차료",
        "TTL_USE_AMT": 93970000.0
      },
      {
        "PST_YYYYMM": "202411",
        "BRD_CD": "ST",
        "BRD_NM": "SERGIO TACCHINI",
        "CTGR1": "자가임차료(사옥)",
        "CTGR2": "자가임차료(사옥)",
        "CTGR3": "자가임차료",
        "GL_NM": "지급임차료_자가임차료",
        "TTL_USE_AMT": 8100000.0
      }
    ]
  },
  "trend_data": {
    "trend_months": [
      "202412",
      "202501",
      "202502",
      "202503",
      "202504",
      "202505",
      "202506",
      "202507",
      "202508",
      "202509",
      "202510",
      "202511"
    ],
    "monthly_totals": [
      {
        "yyyymm": "202412",
        "total_amount": 8.1
      },
      {
        "yyyymm": "202501",
        "total_amount": 8.1
      },
      {
        "yyyymm": "202502",
        "total_amount": 8.1
      },
      {
        "yyyymm": "202503",
        "total_amount": 8.1
      },
      {
        "yyyymm": "202504",
        "total_amount": 62.48
      },
      {
        "yyyymm": "202505",
        "total_amount": 93.97
      },
      {
        "yyyymm": "202506",
        "total_amount": 93.97
      },
      {
        "yyyymm": "202507",
        "total_amount": 93.97
      },
      {
        "yyyymm": "202508",
        "total_amount": 93.97
      },
      {
        "yyyymm": "202509",
        "total_amount": 93.97
      },
      {
        "yyyymm": "202510",
        "total_amount": 93.97
      },
      {
        "yyyymm": "202511",
        "total_amount": 93.97
      }
    ],
    "monthly_details": [
      {
        "yyyymm": "202412",
        "ctgr2": "자가임차료(사옥)",
        "ctgr3": "자가임차료",
        "gl_nm": "지급임차료_자가임차료",
        "amount": 8.1
      },
      {
        "yyyymm": "202501",
        "ctgr2": "자가임차료(사옥)",
        "ctgr3": "자가임차료",
        "gl_nm": "지급임차료_자가임차료",
        "amount": 8.1
      },
      {
        "yyyymm": "202502",
        "ctgr2": "자가임차료(사옥)",
        "ctgr3": "자가임차료",
        "gl_nm": "지급임차료_자가임차료",
        "amount": 8.1
      },
      {
        "yyyymm": "202503",
        "ctgr2": "자가임차료(사옥)",
        "ctgr3": "자가임차료",
        "gl_nm": "지급임차료_자가임차료",
        "amount": 8.1
      },
      {
        "yyyymm": "202504",
        "ctgr2": "자가임차료(사옥)",
        "ctgr3": "자가임차료",
        "gl_nm": "지급임차료_자가임차료",
        "amount": 62.48
      },
      {
        "yyyymm": "202505",
        "ctgr2": "자가임차료(사옥)",
        "ctgr3": "자가임차료",
        "gl_nm": "지급임차료_자가임차료",
        "amount": 93.97
      },
      {
        "yyyymm": "202506",
        "ctgr2": "자가임차료(사옥)",
        "ctgr3": "자가임차료",
        "gl_nm": "지급임차료_자가임차료",
        "amount": 93.97
      },
      {
        "yyyymm": "202507",
        "ctgr2": "자가임차료(사옥)",
        "ctgr3": "자가임차료",
        "gl_nm": "지급임차료_자가임차료",
        "amount": 93.97
      },
      {
        "yyyymm": "202508",
        "ctgr2": "자가임차료(사옥)",
        "ctgr3": "자가임차료",
        "gl_nm": "지급임차료_자가임차료",
        "amount": 93.97
      },
      {
        "yyyymm": "202509",
        "ctgr2": "자가임차료(사옥)",
        "ctgr3": "자가임차료",
        "gl_nm": "지급임차료_자가임차료",
        "amount": 93.97
      },
      {
        "yyyymm": "202510",
        "ctgr2": "자가임차료(사옥)",
        "ctgr3": "자가임차료",
        "gl_nm": "지급임차료_자가임차료",
        "amount": 93.97
      },
      {
        "yyyymm": "202511",
        "ctgr2": "자가임차료(사옥)",
        "ctgr3": "자가임차료",
        "gl_nm": "지급임차료_자가임차료",
        "amount": 93.97
      }
    ]
  }
}