{
  "country": "KR",
  "brand_cd": "V",
  "yyyymm": "202511",
  "key": "영업비",
  "sub_key": "지급수수료",
  "analysis_data": {
    "title": "지급수수료 분석",
    "sections": [
      {
        "div": "종합분석-1",
        "sub_title": "투자 방향성 종합 평가",
        "ai_text": "DUVETICA 브랜드의 지급수수료는 전년 282백만원에서 31백만원으로 89.1% 대폭 감소하여 비용 효율화 전략을 강력하게 추진한 것으로 분석됩니다. 특히 수출입관련 수수료 241백만원이 전액 삭감되어 수입 의존도 축소 또는 공급망 전략 변화를 시사하며, 핵심 운영비는 유지하면서 선택적 비용 절감을 통한 수익성 개선에 집중한 것으로 판단됩니다."
      },
      {
        "div": "종합분석-2",
        "sub_title": "효율적 투자 영역",
        "ai_text": "• 지급용역비 유지: 18백만원→11백만원으로 적정 수준 유지하며 핵심 서비스 품질 보장\n• 온라인몰운영비 동결: 8백만원으로 동일 유지하여 디지털 채널 안정성 확보\n• IT사용료 강화: 2백만원→3백만원(+53.4%)으로 디지털 인프라 투자 확대\n• 차량렌탈료 지속: 1백만원 동일 유지로 필수 운영비 안정성 확보"
      },
      {
        "div": "종합분석-3",
        "sub_title": "주의 필요 영역",
        "ai_text": "• 수출입관련 수수료 전액 삭감: 241백만원→0원으로 공급망 전략 급변 가능성 모니터링 필요\n• 기타 수수료 대폭 감소: 7백만원→3백만원(-53.2%)으로 과도한 절감이 운영에 미치는 영향 점검\n• 퀵서비스 축소: 4백만원→4백만원(-10.5%)으로 물류 서비스 품질 저하 우려\n• 차량외렌탈료 감소: 0.5백만원→0.4백만원(-24.7%)으로 업무 효율성 영향 검토"
      },
      {
        "div": "종합분석-4",
        "sub_title": "이상징후 및 리스크 감지",
        "ai_text": "• 극단적 비용 절감: 전체 지급수수료 89.1% 감소는 과도한 수준으로 브랜드 운영 역량 저하 위험 존재\n• 수입 전략 급변 신호: 수출입관련 수수료 전액 삭감은 공급망 구조 변화 또는 재고 전략 대폭 수정을 의미하며, 상품 공급 안정성에 리스크 요소\n• 운영비 불균형: IT투자는 증가시키면서 물리적 서비스(퀵서비스, 렌탈)는 축소하여 운영 효율성 간 불균형 발생 가능\n• 일회성 절감 효과: 대부분이 고정비 성격으로 지속적 절감 효과 한계 예상"
      },
      {
        "div": "종합분석-5",
        "sub_title": "마케팅 전략 최적화 방안",
        "ai_text": "### 즉시 실행 방안\n1. 공급망 안정성 점검: 수출입 수수료 삭감에 따른 상품 공급 차질 방지를 위한 대체 공급망 확보\n2. 디지털 운영 효율화: IT사용료 증가분(+1.2백만원)의 ROI 측정 및 온라인 운영 시너지 극대화\n3. 물류 서비스 품질 모니터링: 퀵서비스 축소가 고객 서비스에 미치는 영향 실시간 추적\n\n### 중장기 전략 방향\n1. 비용 구조 재설계: 수입 의존도 축소에 따른 국내 소싱 확대 및 원가 경쟁력 강화 방안 수립\n2. 디지털 우선 전략: IT 투자 확대를 통한 운영 자동화 및 고객 경험 개선으로 물리적 서비스 축소분 보완\n3. 수익성 중심 운영: 절감된 251백만원의 재투자 영역(마케팅, R&D) 선정 및 브랜드 성장 동력 확보"
      }
    ]
  },
  "ctgr1": "지급수수료",
  "summary": {
    "prev_year_total": 281.55,
    "curr_year_total": 30.82,
    "change_amount": -250.73,
    "change_pct": -89.1,
    "investment_direction": "축소"
  },
  "categories": [
    {
      "ctgr2": "지급수수료",
      "ctgr3": "지급수수료_온라인몰운영비",
      "gl_nm": "지급수수료_온라인몰운영비",
      "prev_year": 8.1,
      "curr_year": 8.1,
      "change": 0.0,
      "change_pct": 0.0,
      "is_new": false,
      "is_discontinued": false
    },
    {
      "ctgr2": "지급수수료",
      "ctgr3": "지급수수료_기타",
      "gl_nm": "지급수수료_지급용역비",
      "prev_year": 17.79,
      "curr_year": 10.93,
      "change": -6.86,
      "change_pct": -38.6,
      "is_new": false,
      "is_discontinued": false
    },
    {
      "ctgr2": "지급수수료",
      "ctgr3": "지급수수료_IT사용료",
      "gl_nm": "지급수수료_IT사용료",
      "prev_year": 2.24,
      "curr_year": 3.44,
      "change": 1.2,
      "change_pct": 53.4,
      "is_new": false,
      "is_discontinued": false
    },
    {
      "ctgr2": "지급수수료",
      "ctgr3": "지급수수료_퀵서비스",
      "gl_nm": "지급수수료_퀵서비스",
      "prev_year": 4.23,
      "curr_year": 3.79,
      "change": -0.44,
      "change_pct": -10.5,
      "is_new": false,
      "is_discontinued": false
    },
    {
      "ctgr2": "지급수수료",
      "ctgr3": "지급수수료_기타",
      "gl_nm": "지급수수료_수출입관련",
      "prev_year": 241.02,
      "curr_year": 0.0,
      "change": -241.02,
      "change_pct": -100.0,
      "is_new": false,
      "is_discontinued": true
    },
    {
      "ctgr2": "지급수수료",
      "ctgr3": "지급수수료_기타",
      "gl_nm": "지급수수료_폐기물처리",
      "prev_year": 0.0,
      "curr_year": 0.0,
      "change": 0.0,
      "change_pct": 0,
      "is_new": false,
      "is_discontinued": false
    },
    {
      "ctgr2": "지급수수료",
      "ctgr3": "지급수수료_컨설팅",
      "gl_nm": "지급수수료_컨설팅",
      "prev_year": 0.0,
      "curr_year": 0.0,
      "change": 0.0,
      "change_pct": 0,
      "is_new": false,
      "is_discontinued": false
    },
    {
      "ctgr2": "지급수수료",
      "ctgr3": "지급수수료_리스료(차량)",
      "gl_nm": "지급수수료_렌탈료(차량)",
      "prev_year": 1.16,
      "curr_year": 1.16,
      "change": 0.0,
      "change_pct": 0.0,
      "is_new": false,
      "is_discontinued": false
    },
    {
      "ctgr2": "지급수수료",
      "ctgr3": "지급수수료_인사채용",
      "gl_nm": "지급수수료_인사채용",
      "prev_year": 0.0,
      "curr_year": 0.0,
      "change": 0.0,
      "change_pct": 0,
      "is_new": false,
      "is_discontinued": false
    },
    {
      "ctgr2": "지급수수료",
      "ctgr3": "지급수수료_기타",
      "gl_nm": "지급수수료_기타",
      "prev_year": 6.54,
      "curr_year": 3.05,
      "change": -3.48,
      "change_pct": -53.3,
      "is_new": false,
      "is_discontinued": false
    },
    {
      "ctgr2": "지급수수료",
      "ctgr3": "지급수수료_IT유지보수비",
      "gl_nm": "지급수수료_IT유지보수비",
      "prev_year": 0.0,
      "curr_year": 0.0,
      "change": 0.0,
      "change_pct": 0,
      "is_new": false,
      "is_discontinued": false
    },
    {
      "ctgr2": "지급수수료",
      "ctgr3": "지급수수료_리스료(차량제외)",
      "gl_nm": "지급수수료_렌탈료(차량제외)",
      "prev_year": 0.48,
      "curr_year": 0.36,
      "change": -0.12,
      "change_pct": -24.7,
      "is_new": false,
      "is_discontinued": false
    },
    {
      "ctgr2": "지급수수료",
      "ctgr3": "지급수수료_기타",
      "gl_nm": "지급수수료_공증/등기",
      "prev_year": 0.0,
      "curr_year": 0.0,
      "change": -0.0,
      "change_pct": -100.0,
      "is_new": false,
      "is_discontinued": true
    },
    {
      "ctgr2": "지급수수료",
      "ctgr3": "지급수수료_재고조사",
      "gl_nm": "지급수수료_재고조사",
      "prev_year": 0.0,
      "curr_year": 0.0,
      "change": 0.0,
      "change_pct": 0,
      "is_new": false,
      "is_discontinued": false
    },
    {
      "ctgr2": "지급수수료",
      "ctgr3": "지급수수료_교육훈련",
      "gl_nm": "지급수수료_교육훈련",
      "prev_year": 0.0,
      "curr_year": 0.0,
      "change": 0.0,
      "change_pct": 0,
      "is_new": false,
      "is_discontinued": false
    },
    {
      "ctgr2": "지급수수료",
      "ctgr3": "지급수수료_공사비",
      "gl_nm": "지급수수료_공사비",
      "prev_year": 0.0,
      "curr_year": 0.0,
      "change": 0.0,
      "change_pct": 0,
      "is_new": false,
      "is_discontinued": false
    }
  ],
  "category_summary": {
    "increased": [
      {
        "ctgr2": "지급수수료",
        "ctgr3": "지급수수료_IT사용료",
        "gl_nm": "지급수수료_IT사용료",
        "prev_year": 2.24,
        "curr_year": 3.44,
        "change": 1.2,
        "change_pct": 53.4,
        "is_new": false,
        "is_discontinued": false
      }
    ],
    "decreased": [
      {
        "ctgr2": "지급수수료",
        "ctgr3": "지급수수료_기타",
        "gl_nm": "지급수수료_지급용역비",
        "prev_year": 17.79,
        "curr_year": 10.93,
        "change": -6.86,
        "change_pct": -38.6,
        "is_new": false,
        "is_discontinued": false
      },
      {
        "ctgr2": "지급수수료",
        "ctgr3": "지급수수료_퀵서비스",
        "gl_nm": "지급수수료_퀵서비스",
        "prev_year": 4.23,
        "curr_year": 3.79,
        "change": -0.44,
        "change_pct": -10.5,
        "is_new": false,
        "is_discontinued": false
      },
      {
        "ctgr2": "지급수수료",
        "ctgr3": "지급수수료_기타",
        "gl_nm": "지급수수료_수출입관련",
        "prev_year": 241.02,
        "curr_year": 0.0,
        "change": -241.02,
        "change_pct": -100.0,
        "is_new": false,
        "is_discontinued": true
      },
      {
        "ctgr2": "지급수수료",
        "ctgr3": "지급수수료_기타",
        "gl_nm": "지급수수료_기타",
        "prev_year": 6.54,
        "curr_year": 3.05,
        "change": -3.48,
        "change_pct": -53.3,
        "is_new": false,
        "is_discontinued": false
      },
      {
        "ctgr2": "지급수수료",
        "ctgr3": "지급수수료_리스료(차량제외)",
        "gl_nm": "지급수수료_렌탈료(차량제외)",
        "prev_year": 0.48,
        "curr_year": 0.36,
        "change": -0.12,
        "change_pct": -24.7,
        "is_new": false,
        "is_discontinued": false
      }
    ],
    "new_investments": [],
    "discontinued": [
      {
        "ctgr2": "지급수수료",
        "ctgr3": "지급수수료_기타",
        "gl_nm": "지급수수료_수출입관련",
        "prev_year": 241.02,
        "curr_year": 0.0,
        "change": -241.02,
        "change_pct": -100.0,
        "is_new": false,
        "is_discontinued": true
      },
      {
        "ctgr2": "지급수수료",
        "ctgr3": "지급수수료_기타",
        "gl_nm": "지급수수료_공증/등기",
        "prev_year": 0.0,
        "curr_year": 0.0,
        "change": -0.0,
        "change_pct": -100.0,
        "is_new": false,
        "is_discontinued": true
      }
    ]
  },
  "raw_data": {
    "total_records": [
      {
        "PST_YYYYMM": "202411",
        "TOTAL_AMT": 281548628.0
      },
      {
        "PST_YYYYMM": "202511",
        "TOTAL_AMT": 30819708.0
      }
    ],
    "detail_records": [
      {
        "PST_YYYYMM": "202411",
        "BRD_CD": "V",
        "BRD_NM": "DUVETICA",
        "CTGR1": "지급수수료",
        "CTGR2": "지급수수료",
        "CTGR3": "지급수수료_기타",
        "GL_NM": "지급수수료_수출입관련",
        "TTL_USE_AMT": 241018921.0
      },
      {
        "PST_YYYYMM": "202411",
        "BRD_CD": "V",
        "BRD_NM": "DUVETICA",
        "CTGR1": "지급수수료",
        "CTGR2": "지급수수료",
        "CTGR3": "지급수수료_기타",
        "GL_NM": "지급수수료_지급용역비",
        "TTL_USE_AMT": 17792277.0
      },
      {
        "PST_YYYYMM": "202511",
        "BRD_CD": "V",
        "BRD_NM": "DUVETICA",
        "CTGR1": "지급수수료",
        "CTGR2": "지급수수료",
        "CTGR3": "지급수수료_기타",
        "GL_NM": "지급수수료_지급용역비",
        "TTL_USE_AMT": 10929280.0
      },
      {
        "PST_YYYYMM": "202511",
        "BRD_CD": "V",
        "BRD_NM": "DUVETICA",
        "CTGR1": "지급수수료",
        "CTGR2": "지급수수료",
        "CTGR3": "지급수수료_온라인몰운영비",
        "GL_NM": "지급수수료_온라인몰운영비",
        "TTL_USE_AMT": 8100000.0
      },
      {
        "PST_YYYYMM": "202411",
        "BRD_CD": "V",
        "BRD_NM": "DUVETICA",
        "CTGR1": "지급수수료",
        "CTGR2": "지급수수료",
        "CTGR3": "지급수수료_온라인몰운영비",
        "GL_NM": "지급수수료_온라인몰운영비",
        "TTL_USE_AMT": 8100000.0
      },
      {
        "PST_YYYYMM": "202411",
        "BRD_CD": "V",
        "BRD_NM": "DUVETICA",
        "CTGR1": "지급수수료",
        "CTGR2": "지급수수료",
        "CTGR3": "지급수수료_기타",
        "GL_NM": "지급수수료_기타",
        "TTL_USE_AMT": 6535013.0
      },
      {
        "PST_YYYYMM": "202411",
        "BRD_CD": "V",
        "BRD_NM": "DUVETICA",
        "CTGR1": "지급수수료",
        "CTGR2": "지급수수료",
        "CTGR3": "지급수수료_퀵서비스",
        "GL_NM": "지급수수료_퀵서비스",
        "TTL_USE_AMT": 4228000.0
      },
      {
        "PST_YYYYMM": "202511",
        "BRD_CD": "V",
        "BRD_NM": "DUVETICA",
        "CTGR1": "지급수수료",
        "CTGR2": "지급수수료",
        "CTGR3": "지급수수료_퀵서비스",
        "GL_NM": "지급수수료_퀵서비스",
        "TTL_USE_AMT": 3786000.0
      },
      {
        "PST_YYYYMM": "202511",
        "BRD_CD": "V",
        "BRD_NM": "DUVETICA",
        "CTGR1": "지급수수료",
        "CTGR2": "지급수수료",
        "CTGR3": "지급수수료_IT사용료",
        "GL_NM": "지급수수료_IT사용료",
        "TTL_USE_AMT": 3435582.0
      },
      {
        "PST_YYYYMM": "202511",
        "BRD_CD": "V",
        "BRD_NM": "DUVETICA",
        "CTGR1": "지급수수료",
        "CTGR2": "지급수수료",
        "CTGR3": "지급수수료_기타",
        "GL_NM": "지급수수료_기타",
        "TTL_USE_AMT": 3054960.0
      },
      {
        "PST_YYYYMM": "202411",
        "BRD_CD": "V",
        "BRD_NM": "DUVETICA",
        "CTGR1": "지급수수료",
        "CTGR2": "지급수수료",
        "CTGR3": "지급수수료_IT사용료",
        "GL_NM": "지급수수료_IT사용료",
        "TTL_USE_AMT": 2239181.0
      },
      {
        "PST_YYYYMM": "202411",
        "BRD_CD": "V",
        "BRD_NM": "DUVETICA",
        "CTGR1": "지급수수료",
        "CTGR2": "지급수수료",
        "CTGR3": "지급수수료_리스료(차량)",
        "GL_NM": "지급수수료_렌탈료(차량)",
        "TTL_USE_AMT": 1155000.0
      },
      {
        "PST_YYYYMM": "202511",
        "BRD_CD": "V",
        "BRD_NM": "DUVETICA",
        "CTGR1": "지급수수료",
        "CTGR2": "지급수수료",
        "CTGR3": "지급수수료_리스료(차량)",
        "GL_NM": "지급수수료_렌탈료(차량)",
        "TTL_USE_AMT": 1155000.0
      },
      {
        "PST_YYYYMM": "202411",
        "BRD_CD": "V",
        "BRD_NM": "DUVETICA",
        "CTGR1": "지급수수료",
        "CTGR2": "지급수수료",
        "CTGR3": "지급수수료_리스료(차량제외)",
        "GL_NM": "지급수수료_렌탈료(차량제외)",
        "TTL_USE_AMT": 476600.0
      },
      {
        "PST_YYYYMM": "202511",
        "BRD_CD": "V",
        "BRD_NM": "DUVETICA",
        "CTGR1": "지급수수료",
        "CTGR2": "지급수수료",
        "CTGR3": "지급수수료_리스료(차량제외)",
        "GL_NM": "지급수수료_렌탈료(차량제외)",
        "TTL_USE_AMT": 358886.0
      },
      {
        "PST_YYYYMM": "202411",
        "BRD_CD": "V",
        "BRD_NM": "DUVETICA",
        "CTGR1": "지급수수료",
        "CTGR2": "지급수수료",
        "CTGR3": "지급수수료_기타",
        "GL_NM": "지급수수료_공증/등기",
        "TTL_USE_AMT": 3636.0
      },
      {
        "PST_YYYYMM": "202411",
        "BRD_CD": "V",
        "BRD_NM": "DUVETICA",
        "CTGR1": "지급수수료",
        "CTGR2": "지급수수료",
        "CTGR3": "지급수수료_컨설팅",
        "GL_NM": "지급수수료_컨설팅",
        "TTL_USE_AMT": 0.0
      },
      {
        "PST_YYYYMM": "202511",
        "BRD_CD": "V",
        "BRD_NM": "DUVETICA",
        "CTGR1": "지급수수료",
        "CTGR2": "지급수수료",
        "CTGR3": "지급수수료_공사비",
        "GL_NM": "지급수수료_공사비",
        "TTL_USE_AMT": 0.0
      },
      {
        "PST_YYYYMM": "202411",
        "BRD_CD": "V",
        "BRD_NM": "DUVETICA",
        "CTGR1": "지급수수료",
        "CTGR2": "지급수수료",
        "CTGR3": "지급수수료_IT유지보수비",
        "GL_NM": "지급수수료_IT유지보수비",
        "TTL_USE_AMT": 0.0
      },
      {
        "PST_YYYYMM": "202411",
        "BRD_CD": "V",
        "BRD_NM": "DUVETICA",
        "CTGR1": "지급수수료",
        "CTGR2": "지급수수료",
        "CTGR3": "지급수수료_재고조사",
        "GL_NM": "지급수수료_재고조사",
        "TTL_USE_AMT": 0.0
      },
      {
        "PST_YYYYMM": "202511",
        "BRD_CD": "V",
        "BRD_NM": "DUVETICA",
        "CTGR1": "지급수수료",
        "CTGR2": "지급수수료",
        "CTGR3": "지급수수료_재고조사",
        "GL_NM": "지급수수료_재고조사",
        "TTL_USE_AMT": 0.0
      },
      {
        "PST_YYYYMM": "202411",
        "BRD_CD": "V",
        "BRD_NM": "DUVETICA",
        "CTGR1": "지급수수료",
        "CTGR2": "지급수수료",
        "CTGR3": "지급수수료_공사비",
        "GL_NM": "지급수수료_공사비",
        "TTL_USE_AMT": 0.0
      },
      {
        "PST_YYYYMM": "202511",
        "BRD_CD": "V",
        "BRD_NM": "DUVETICA",
        "CTGR1": "지급수수료",
        "CTGR2": "지급수수료",
        "CTGR3": "지급수수료_기타",
        "GL_NM": "지급수수료_수출입관련",
        "TTL_USE_AMT": 0.0
      },
      {
        "PST_YYYYMM": "202511",
        "BRD_CD": "V",
        "BRD_NM": "DUVETICA",
        "CTGR1": "지급수수료",
        "CTGR2": "지급수수료",
        "CTGR3": "지급수수료_교육훈련",
        "GL_NM": "지급수수료_교육훈련",
        "TTL_USE_AMT": 0.0
      },
      {
        "PST_YYYYMM": "202511",
        "BRD_CD": "V",
        "BRD_NM": "DUVETICA",
        "CTGR1": "지급수수료",
        "CTGR2": "지급수수료",
        "CTGR3": "지급수수료_기타",
        "GL_NM": "지급수수료_폐기물처리",
        "TTL_USE_AMT": 0.0
      },
      {
        "PST_YYYYMM": "202411",
        "BRD_CD": "V",
        "BRD_NM": "DUVETICA",
        "CTGR1": "지급수수료",
        "CTGR2": "지급수수료",
        "CTGR3": "지급수수료_인사채용",
        "GL_NM": "지급수수료_인사채용",
        "TTL_USE_AMT": 0.0
      }
    ]
  },
  "trend_data": {
    "trend_months": [
      "202412",
      "202501",
      "202502",
      "202503",
      "202504",
      "202505",
      "202506",
      "202507",
      "202508",
      "202509",
      "202510",
      "202511"
    ],
    "monthly_totals": [
      {
        "yyyymm": "202412",
        "total_amount": 54.7
      },
      {
        "yyyymm": "202501",
        "total_amount": 32.02
      },
      {
        "yyyymm": "202502",
        "total_amount": 354.0
      },
      {
        "yyyymm": "202503",
        "total_amount": 29.88
      },
      {
        "yyyymm": "202504",
        "total_amount": 111.25
      },
      {
        "yyyymm": "202505",
        "total_amount": 28.37
      },
      {
        "yyyymm": "202506",
        "total_amount": 25.33
      },
      {
        "yyyymm": "202507",
        "total_amount": 35.58
      },
      {
        "yyyymm": "202508",
        "total_amount": 33.29
      },
      {
        "yyyymm": "202509",
        "total_amount": 29.38
      },
      {
        "yyyymm": "202510",
        "total_amount": 26.89
      },
      {
        "yyyymm": "202511",
        "total_amount": 30.82
      }
    ],
    "monthly_details": [
      {
        "yyyymm": "202412",
        "ctgr2": "지급수수료",
        "ctgr3": "지급수수료_기타",
        "gl_nm": "지급수수료_지급용역비",
        "amount": 15.32
      },
      {
        "yyyymm": "202412",
        "ctgr2": "지급수수료",
        "ctgr3": "지급수수료_기타",
        "gl_nm": "지급수수료_수출입관련",
        "amount": 13.85
      },
      {
        "yyyymm": "202412",
        "ctgr2": "지급수수료",
        "ctgr3": "지급수수료_온라인몰운영비",
        "gl_nm": "지급수수료_온라인몰운영비",
        "amount": 8.1
      },
      {
        "yyyymm": "202412",
        "ctgr2": "지급수수료",
        "ctgr3": "지급수수료_기타",
        "gl_nm": "지급수수료_기타",
        "amount": 7.67
      },
      {
        "yyyymm": "202412",
        "ctgr2": "지급수수료",
        "ctgr3": "지급수수료_퀵서비스",
        "gl_nm": "지급수수료_퀵서비스",
        "amount": 5.93
      },
      {
        "yyyymm": "202412",
        "ctgr2": "지급수수료",
        "ctgr3": "지급수수료_IT사용료",
        "gl_nm": "지급수수료_IT사용료",
        "amount": 2.2
      },
      {
        "yyyymm": "202412",
        "ctgr2": "지급수수료",
        "ctgr3": "지급수수료_리스료(차량)",
        "gl_nm": "지급수수료_렌탈료(차량)",
        "amount": 1.16
      },
      {
        "yyyymm": "202412",
        "ctgr2": "지급수수료",
        "ctgr3": "지급수수료_리스료(차량제외)",
        "gl_nm": "지급수수료_렌탈료(차량제외)",
        "amount": 0.48
      },
      {
        "yyyymm": "202412",
        "ctgr2": "지급수수료",
        "ctgr3": "지급수수료_컨설팅",
        "gl_nm": "지급수수료_컨설팅",
        "amount": 0.0
      },
      {
        "yyyymm": "202412",
        "ctgr2": "지급수수료",
        "ctgr3": "지급수수료_IT유지보수비",
        "gl_nm": "지급수수료_IT유지보수비",
        "amount": 0.0
      },
      {
        "yyyymm": "202412",
        "ctgr2": "지급수수료",
        "ctgr3": "지급수수료_재고조사",
        "gl_nm": "지급수수료_재고조사",
        "amount": 0.0
      },
      {
        "yyyymm": "202412",
        "ctgr2": "지급수수료",
        "ctgr3": "지급수수료_공사비",
        "gl_nm": "지급수수료_공사비",
        "amount": 0.0
      },
      {
        "yyyymm": "202412",
        "ctgr2": "지급수수료",
        "ctgr3": "지급수수료_기타",
        "gl_nm": "지급수수료_공증/등기",
        "amount": 0.0
      },
      {
        "yyyymm": "202412",
        "ctgr2": "지급수수료",
        "ctgr3": "지급수수료_인사채용",
        "gl_nm": "지급수수료_인사채용",
        "amount": 0.0
      },
      {
        "yyyymm": "202501",
        "ctgr2": "지급수수료",
        "ctgr3": "지급수수료_기타",
        "gl_nm": "지급수수료_지급용역비",
        "amount": 9.65
      },
      {
        "yyyymm": "202501",
        "ctgr2": "지급수수료",
        "ctgr3": "지급수수료_온라인몰운영비",
        "gl_nm": "지급수수료_온라인몰운영비",
        "amount": 8.1
      },
      {
        "yyyymm": "202501",
        "ctgr2": "지급수수료",
        "ctgr3": "지급수수료_기타",
        "gl_nm": "지급수수료_기타",
        "amount": 6.25
      },
      {
        "yyyymm": "202501",
        "ctgr2": "지급수수료",
        "ctgr3": "지급수수료_퀵서비스",
        "gl_nm": "지급수수료_퀵서비스",
        "amount": 3.29
      },
      {
        "yyyymm": "202501",
        "ctgr2": "지급수수료",
        "ctgr3": "지급수수료_IT사용료",
        "gl_nm": "지급수수료_IT사용료",
        "amount": 2.29
      },
      {
        "yyyymm": "202501",
        "ctgr2": "지급수수료",
        "ctgr3": "지급수수료_리스료(차량)",
        "gl_nm": "지급수수료_렌탈료(차량)",
        "amount": 1.16
      },
      {
        "yyyymm": "202501",
        "ctgr2": "지급수수료",
        "ctgr3": "지급수수료_공사비",
        "gl_nm": "지급수수료_공사비",
        "amount": 0.81
      },
      {
        "yyyymm": "202501",
        "ctgr2": "지급수수료",
        "ctgr3": "지급수수료_리스료(차량제외)",
        "gl_nm": "지급수수료_렌탈료(차량제외)",
        "amount": 0.48
      },
      {
        "yyyymm": "202501",
        "ctgr2": "지급수수료",
        "ctgr3": "지급수수료_기타",
        "gl_nm": "지급수수료_폐기물처리",
        "amount": 0.0
      },
      {
        "yyyymm": "202501",
        "ctgr2": "지급수수료",
        "ctgr3": "지급수수료_재고조사",
        "gl_nm": "지급수수료_재고조사",
        "amount": 0.0
      },
      {
        "yyyymm": "202501",
        "ctgr2": "지급수수료",
        "ctgr3": "지급수수료_기타",
        "gl_nm": "지급수수료_수출입관련",
        "amount": 0.0
      },
      {
        "yyyymm": "202501",
        "ctgr2": "지급수수료",
        "ctgr3": "지급수수료_교육훈련",
        "gl_nm": "지급수수료_교육훈련",
        "amount": 0.0
      },
      {
        "yyyymm": "202502",
        "ctgr2": "지급수수료",
        "ctgr3": "지급수수료_기타",
        "gl_nm": "지급수수료_수출입관련",
        "amount": 303.36
      },
      {
        "yyyymm": "202502",
        "ctgr2": "지급수수료",
        "ctgr3": "지급수수료_기타",
        "gl_nm": "지급수수료_기타",
        "amount": 25.62
      },
      {
        "yyyymm": "202502",
        "ctgr2": "지급수수료",
        "ctgr3": "지급수수료_기타",
        "gl_nm": "지급수수료_지급용역비",
        "amount": 11.42
      },
      {
        "yyyymm": "202502",
        "ctgr2": "지급수수료",
        "ctgr3": "지급수수료_온라인몰운영비",
        "gl_nm": "지급수수료_온라인몰운영비",
        "amount": 8.1
      },
      {
        "yyyymm": "202502",
        "ctgr2": "지급수수료",
        "ctgr3": "지급수수료_IT사용료",
        "gl_nm": "지급수수료_IT사용료",
        "amount": 2.07
      },
      {
        "yyyymm": "202502",
        "ctgr2": "지급수수료",
        "ctgr3": "지급수수료_퀵서비스",
        "gl_nm": "지급수수료_퀵서비스",
        "amount": 1.79
      },
      {
        "yyyymm": "202502",
        "ctgr2": "지급수수료",
        "ctgr3": "지급수수료_리스료(차량)",
        "gl_nm": "지급수수료_렌탈료(차량)",
        "amount": 1.16
      },
      {
        "yyyymm": "202502",
        "ctgr2": "지급수수료",
        "ctgr3": "지급수수료_리스료(차량제외)",
        "gl_nm": "지급수수료_렌탈료(차량제외)",
        "amount": 0.48
      },
      {
        "yyyymm": "202502",
        "ctgr2": "지급수수료",
        "ctgr3": "지급수수료_공사비",
        "gl_nm": "지급수수료_공사비",
        "amount": 0.0
      },
      {
        "yyyymm": "202502",
        "ctgr2": "지급수수료",
        "ctgr3": "지급수수료_재고조사",
        "gl_nm": "지급수수료_재고조사",
        "amount": 0.0
      },
      {
        "yyyymm": "202502",
        "ctgr2": "지급수수료",
        "ctgr3": "지급수수료_교육훈련",
        "gl_nm": "지급수수료_교육훈련",
        "amount": 0.0
      },
      {
        "yyyymm": "202502",
        "ctgr2": "지급수수료",
        "ctgr3": "지급수수료_기타",
        "gl_nm": "지급수수료_폐기물처리",
        "amount": 0.0
      },
      {
        "yyyymm": "202503",
        "ctgr2": "지급수수료",
        "ctgr3": "지급수수료_기타",
        "gl_nm": "지급수수료_지급용역비",
        "amount": 12.49
      },
      {
        "yyyymm": "202503",
        "ctgr2": "지급수수료",
        "ctgr3": "지급수수료_온라인몰운영비",
        "gl_nm": "지급수수료_온라인몰운영비",
        "amount": 8.1
      },
      {
        "yyyymm": "202503",
        "ctgr2": "지급수수료",
        "ctgr3": "지급수수료_퀵서비스",
        "gl_nm": "지급수수료_퀵서비스",
        "amount": 2.38
      },
      {
        "yyyymm": "202503",
        "ctgr2": "지급수수료",
        "ctgr3": "지급수수료_기타",
        "gl_nm": "지급수수료_기타",
        "amount": 2.38
      },
      {
        "yyyymm": "202503",
        "ctgr2": "지급수수료",
        "ctgr3": "지급수수료_IT사용료",
        "gl_nm": "지급수수료_IT사용료",
        "amount": 2.29
      },
      {
        "yyyymm": "202503",
        "ctgr2": "지급수수료",
        "ctgr3": "지급수수료_리스료(차량)",
        "gl_nm": "지급수수료_렌탈료(차량)",
        "amount": 1.16
      },
      {
        "yyyymm": "202503",
        "ctgr2": "지급수수료",
        "ctgr3": "지급수수료_재고조사",
        "gl_nm": "지급수수료_재고조사",
        "amount": 0.62
      },
      {
        "yyyymm": "202503",
        "ctgr2": "지급수수료",
        "ctgr3": "지급수수료_리스료(차량제외)",
        "gl_nm": "지급수수료_렌탈료(차량제외)",
        "amount": 0.48
      },
      {
        "yyyymm": "202503",
        "ctgr2": "지급수수료",
        "ctgr3": "지급수수료_기타",
        "gl_nm": "지급수수료_수출입관련",
        "amount": 0.0
      },
      {
        "yyyymm": "202503",
        "ctgr2": "지급수수료",
        "ctgr3": "지급수수료_교육훈련",
        "gl_nm": "지급수수료_교육훈련",
        "amount": 0.0
      },
      {
        "yyyymm": "202503",
        "ctgr2": "지급수수료",
        "ctgr3": "지급수수료_공사비",
        "gl_nm": "지급수수료_공사비",
        "amount": 0.0
      },
      {
        "yyyymm": "202503",
        "ctgr2": "지급수수료",
        "ctgr3": "지급수수료_기타",
        "gl_nm": "지급수수료_폐기물처리",
        "amount": 0.0
      },
      {
        "yyyymm": "202504",
        "ctgr2": "지급수수료",
        "ctgr3": "지급수수료_기타",
        "gl_nm": "지급수수료_수출입관련",
        "amount": 80.15
      },
      {
        "yyyymm": "202504",
        "ctgr2": "지급수수료",
        "ctgr3": "지급수수료_기타",
        "gl_nm": "지급수수료_지급용역비",
        "amount": 12.64
      },
      {
        "yyyymm": "202504",
        "ctgr2": "지급수수료",
        "ctgr3": "지급수수료_온라인몰운영비",
        "gl_nm": "지급수수료_온라인몰운영비",
        "amount": 8.1
      },
      {
        "yyyymm": "202504",
        "ctgr2": "지급수수료",
        "ctgr3": "지급수수료_퀵서비스",
        "gl_nm": "지급수수료_퀵서비스",
        "amount": 2.57
      },
      {
        "yyyymm": "202504",
        "ctgr2": "지급수수료",
        "ctgr3": "지급수수료_기타",
        "gl_nm": "지급수수료_기타",
        "amount": 2.36
      },
      {
        "yyyymm": "202504",
        "ctgr2": "지급수수료",
        "ctgr3": "지급수수료_IT사용료",
        "gl_nm": "지급수수료_IT사용료",
        "amount": 2.2
      },
      {
        "yyyymm": "202504",
        "ctgr2": "지급수수료",
        "ctgr3": "지급수수료_기타",
        "gl_nm": "지급수수료_폐기물처리",
        "amount": 1.6
      },
      {
        "yyyymm": "202504",
        "ctgr2": "지급수수료",
        "ctgr3": "지급수수료_리스료(차량)",
        "gl_nm": "지급수수료_렌탈료(차량)",
        "amount": 1.16
      },
      {
        "yyyymm": "202504",
        "ctgr2": "지급수수료",
        "ctgr3": "지급수수료_리스료(차량제외)",
        "gl_nm": "지급수수료_렌탈료(차량제외)",
        "amount": 0.48
      },
      {
        "yyyymm": "202504",
        "ctgr2": "지급수수료",
        "ctgr3": "지급수수료_공사비",
        "gl_nm": "지급수수료_공사비",
        "amount": 0.0
      },
      {
        "yyyymm": "202504",
        "ctgr2": "지급수수료",
        "ctgr3": "지급수수료_교육훈련",
        "gl_nm": "지급수수료_교육훈련",
        "amount": 0.0
      },
      {
        "yyyymm": "202504",
        "ctgr2": "지급수수료",
        "ctgr3": "지급수수료_재고조사",
        "gl_nm": "지급수수료_재고조사",
        "amount": 0.0
      },
      {
        "yyyymm": "202505",
        "ctgr2": "지급수수료",
        "ctgr3": "지급수수료_기타",
        "gl_nm": "지급수수료_지급용역비",
        "amount": 8.84
      },
      {
        "yyyymm": "202505",
        "ctgr2": "지급수수료",
        "ctgr3": "지급수수료_온라인몰운영비",
        "gl_nm": "지급수수료_온라인몰운영비",
        "amount": 8.1
      },
      {
        "yyyymm": "202505",
        "ctgr2": "지급수수료",
        "ctgr3": "지급수수료_리스료(차량)",
        "gl_nm": "지급수수료_렌탈료(차량)",
        "amount": 4.84
      },
      {
        "yyyymm": "202505",
        "ctgr2": "지급수수료",
        "ctgr3": "지급수수료_기타",
        "gl_nm": "지급수수료_기타",
        "amount": 2.48
      },
      {
        "yyyymm": "202505",
        "ctgr2": "지급수수료",
        "ctgr3": "지급수수료_IT사용료",
        "gl_nm": "지급수수료_IT사용료",
        "amount": 2.21
      },
      {
        "yyyymm": "202505",
        "ctgr2": "지급수수료",
        "ctgr3": "지급수수료_퀵서비스",
        "gl_nm": "지급수수료_퀵서비스",
        "amount": 1.15
      },
      {
        "yyyymm": "202505",
        "ctgr2": "지급수수료",
        "ctgr3": "지급수수료_리스료(차량제외)",
        "gl_nm": "지급수수료_렌탈료(차량제외)",
        "amount": 0.48
      },
      {
        "yyyymm": "202505",
        "ctgr2": "지급수수료",
        "ctgr3": "지급수수료_재고조사",
        "gl_nm": "지급수수료_재고조사",
        "amount": 0.27
      },
      {
        "yyyymm": "202505",
        "ctgr2": "지급수수료",
        "ctgr3": "지급수수료_교육훈련",
        "gl_nm": "지급수수료_교육훈련",
        "amount": 0.0
      },
      {
        "yyyymm": "202505",
        "ctgr2": "지급수수료",
        "ctgr3": "지급수수료_공사비",
        "gl_nm": "지급수수료_공사비",
        "amount": 0.0
      },
      {
        "yyyymm": "202505",
        "ctgr2": "지급수수료",
        "ctgr3": "지급수수료_기타",
        "gl_nm": "지급수수료_폐기물처리",
        "amount": 0.0
      },
      {
        "yyyymm": "202505",
        "ctgr2": "지급수수료",
        "ctgr3": "지급수수료_기타",
        "gl_nm": "지급수수료_수출입관련",
        "amount": 0.0
      },
      {
        "yyyymm": "202506",
        "ctgr2": "지급수수료",
        "ctgr3": "지급수수료_기타",
        "gl_nm": "지급수수료_지급용역비",
        "amount": 10.47
      },
      {
        "yyyymm": "202506",
        "ctgr2": "지급수수료",
        "ctgr3": "지급수수료_온라인몰운영비",
        "gl_nm": "지급수수료_온라인몰운영비",
        "amount": 8.1
      },
      {
        "yyyymm": "202506",
        "ctgr2": "지급수수료",
        "ctgr3": "지급수수료_퀵서비스",
        "gl_nm": "지급수수료_퀵서비스",
        "amount": 2.29
      },
      {
        "yyyymm": "202506",
        "ctgr2": "지급수수료",
        "ctgr3": "지급수수료_IT사용료",
        "gl_nm": "지급수수료_IT사용료",
        "amount": 2.13
      },
      {
        "yyyymm": "202506",
        "ctgr2": "지급수수료",
        "ctgr3": "지급수수료_리스료(차량)",
        "gl_nm": "지급수수료_렌탈료(차량)",
        "amount": 1.16
      },
      {
        "yyyymm": "202506",
        "ctgr2": "지급수수료",
        "ctgr3": "지급수수료_기타",
        "gl_nm": "지급수수료_기타",
        "amount": 0.83
      },
      {
        "yyyymm": "202506",
        "ctgr2": "지급수수료",
        "ctgr3": "지급수수료_리스료(차량제외)",
        "gl_nm": "지급수수료_렌탈료(차량제외)",
        "amount": 0.34
      },
      {
        "yyyymm": "202506",
        "ctgr2": "지급수수료",
        "ctgr3": "지급수수료_기타",
        "gl_nm": "지급수수료_수출입관련",
        "amount": 0.02
      },
      {
        "yyyymm": "202506",
        "ctgr2": "지급수수료",
        "ctgr3": "지급수수료_기타",
        "gl_nm": "지급수수료_폐기물처리",
        "amount": 0.0
      },
      {
        "yyyymm": "202506",
        "ctgr2": "지급수수료",
        "ctgr3": "지급수수료_공사비",
        "gl_nm": "지급수수료_공사비",
        "amount": 0.0
      },
      {
        "yyyymm": "202506",
        "ctgr2": "지급수수료",
        "ctgr3": "지급수수료_재고조사",
        "gl_nm": "지급수수료_재고조사",
        "amount": 0.0
      },
      {
        "yyyymm": "202506",
        "ctgr2": "지급수수료",
        "ctgr3": "지급수수료_교육훈련",
        "gl_nm": "지급수수료_교육훈련",
        "amount": 0.0
      },
      {
        "yyyymm": "202507",
        "ctgr2": "지급수수료",
        "ctgr3": "지급수수료_기타",
        "gl_nm": "지급수수료_지급용역비",
        "amount": 16.62
      },
      {
        "yyyymm": "202507",
        "ctgr2": "지급수수료",
        "ctgr3": "지급수수료_온라인몰운영비",
        "gl_nm": "지급수수료_온라인몰운영비",
        "amount": 8.1
      },
      {
        "yyyymm": "202507",
        "ctgr2": "지급수수료",
        "ctgr3": "지급수수료_퀵서비스",
        "gl_nm": "지급수수료_퀵서비스",
        "amount": 2.65
      },
      {
        "yyyymm": "202507",
        "ctgr2": "지급수수료",
        "ctgr3": "지급수수료_기타",
        "gl_nm": "지급수수료_수출입관련",
        "amount": 2.63
      },
      {
        "yyyymm": "202507",
        "ctgr2": "지급수수료",
        "ctgr3": "지급수수료_IT사용료",
        "gl_nm": "지급수수료_IT사용료",
        "amount": 2.19
      },
      {
        "yyyymm": "202507",
        "ctgr2": "지급수수료",
        "ctgr3": "지급수수료_기타",
        "gl_nm": "지급수수료_기타",
        "amount": 1.42
      },
      {
        "yyyymm": "202507",
        "ctgr2": "지급수수료",
        "ctgr3": "지급수수료_리스료(차량)",
        "gl_nm": "지급수수료_렌탈료(차량)",
        "amount": 1.16
      },
      {
        "yyyymm": "202507",
        "ctgr2": "지급수수료",
        "ctgr3": "지급수수료_리스료(차량제외)",
        "gl_nm": "지급수수료_렌탈료(차량제외)",
        "amount": 0.45
      },
      {
        "yyyymm": "202507",
        "ctgr2": "지급수수료",
        "ctgr3": "지급수수료_재고조사",
        "gl_nm": "지급수수료_재고조사",
        "amount": 0.36
      },
      {
        "yyyymm": "202507",
        "ctgr2": "지급수수료",
        "ctgr3": "지급수수료_기타",
        "gl_nm": "지급수수료_폐기물처리",
        "amount": 0.0
      },
      {
        "yyyymm": "202507",
        "ctgr2": "지급수수료",
        "ctgr3": "지급수수료_공사비",
        "gl_nm": "지급수수료_공사비",
        "amount": 0.0
      },
      {
        "yyyymm": "202507",
        "ctgr2": "지급수수료",
        "ctgr3": "지급수수료_교육훈련",
        "gl_nm": "지급수수료_교육훈련",
        "amount": 0.0
      },
      {
        "yyyymm": "202508",
        "ctgr2": "지급수수료",
        "ctgr3": "지급수수료_기타",
        "gl_nm": "지급수수료_지급용역비",
        "amount": 15.7
      },
      {
        "yyyymm": "202508",
        "ctgr2": "지급수수료",
        "ctgr3": "지급수수료_온라인몰운영비",
        "gl_nm": "지급수수료_온라인몰운영비",
        "amount": 8.1
      },
      {
        "yyyymm": "202508",
        "ctgr2": "지급수수료",
        "ctgr3": "지급수수료_IT사용료",
        "gl_nm": "지급수수료_IT사용료",
        "amount": 3.32
      },
      {
        "yyyymm": "202508",
        "ctgr2": "지급수수료",
        "ctgr3": "지급수수료_퀵서비스",
        "gl_nm": "지급수수료_퀵서비스",
        "amount": 1.43
      },
      {
        "yyyymm": "202508",
        "ctgr2": "지급수수료",
        "ctgr3": "지급수수료_기타",
        "gl_nm": "지급수수료_기타",
        "amount": 1.34
      },
      {
        "yyyymm": "202508",
        "ctgr2": "지급수수료",
        "ctgr3": "지급수수료_공사비",
        "gl_nm": "지급수수료_공사비",
        "amount": 1.22
      },
      {
        "yyyymm": "202508",
        "ctgr2": "지급수수료",
        "ctgr3": "지급수수료_리스료(차량)",
        "gl_nm": "지급수수료_렌탈료(차량)",
        "amount": 1.16
      },
      {
        "yyyymm": "202508",
        "ctgr2": "지급수수료",
        "ctgr3": "지급수수료_교육훈련",
        "gl_nm": "지급수수료_교육훈련",
        "amount": 0.4
      },
      {
        "yyyymm": "202508",
        "ctgr2": "지급수수료",
        "ctgr3": "지급수수료_리스료(차량제외)",
        "gl_nm": "지급수수료_렌탈료(차량제외)",
        "amount": 0.35
      },
      {
        "yyyymm": "202508",
        "ctgr2": "지급수수료",
        "ctgr3": "지급수수료_재고조사",
        "gl_nm": "지급수수료_재고조사",
        "amount": 0.26
      },
      {
        "yyyymm": "202508",
        "ctgr2": "지급수수료",
        "ctgr3": "지급수수료_기타",
        "gl_nm": "지급수수료_폐기물처리",
        "amount": 0.0
      },
      {
        "yyyymm": "202508",
        "ctgr2": "지급수수료",
        "ctgr3": "지급수수료_기타",
        "gl_nm": "지급수수료_수출입관련",
        "amount": 0.0
      },
      {
        "yyyymm": "202509",
        "ctgr2": "지급수수료",
        "ctgr3": "지급수수료_기타",
        "gl_nm": "지급수수료_지급용역비",
        "amount": 13.33
      },
      {
        "yyyymm": "202509",
        "ctgr2": "지급수수료",
        "ctgr3": "지급수수료_온라인몰운영비",
        "gl_nm": "지급수수료_온라인몰운영비",
        "amount": 8.1
      },
      {
        "yyyymm": "202509",
        "ctgr2": "지급수수료",
        "ctgr3": "지급수수료_IT사용료",
        "gl_nm": "지급수수료_IT사용료",
        "amount": 2.88
      },
      {
        "yyyymm": "202509",
        "ctgr2": "지급수수료",
        "ctgr3": "지급수수료_기타",
        "gl_nm": "지급수수료_기타",
        "amount": 1.89
      },
      {
        "yyyymm": "202509",
        "ctgr2": "지급수수료",
        "ctgr3": "지급수수료_리스료(차량)",
        "gl_nm": "지급수수료_렌탈료(차량)",
        "amount": 1.16
      },
      {
        "yyyymm": "202509",
        "ctgr2": "지급수수료",
        "ctgr3": "지급수수료_퀵서비스",
        "gl_nm": "지급수수료_퀵서비스",
        "amount": 1.09
      },
      {
        "yyyymm": "202509",
        "ctgr2": "지급수수료",
        "ctgr3": "지급수수료_재고조사",
        "gl_nm": "지급수수료_재고조사",
        "amount": 0.55
      },
      {
        "yyyymm": "202509",
        "ctgr2": "지급수수료",
        "ctgr3": "지급수수료_리스료(차량제외)",
        "gl_nm": "지급수수료_렌탈료(차량제외)",
        "amount": 0.38
      },
      {
        "yyyymm": "202509",
        "ctgr2": "지급수수료",
        "ctgr3": "지급수수료_공사비",
        "gl_nm": "지급수수료_공사비",
        "amount": 0.0
      },
      {
        "yyyymm": "202509",
        "ctgr2": "지급수수료",
        "ctgr3": "지급수수료_기타",
        "gl_nm": "지급수수료_수출입관련",
        "amount": 0.0
      },
      {
        "yyyymm": "202509",
        "ctgr2": "지급수수료",
        "ctgr3": "지급수수료_기타",
        "gl_nm": "지급수수료_폐기물처리",
        "amount": 0.0
      },
      {
        "yyyymm": "202509",
        "ctgr2": "지급수수료",
        "ctgr3": "지급수수료_교육훈련",
        "gl_nm": "지급수수료_교육훈련",
        "amount": 0.0
      },
      {
        "yyyymm": "202510",
        "ctgr2": "지급수수료",
        "ctgr3": "지급수수료_기타",
        "gl_nm": "지급수수료_지급용역비",
        "amount": 10.42
      },
      {
        "yyyymm": "202510",
        "ctgr2": "지급수수료",
        "ctgr3": "지급수수료_온라인몰운영비",
        "gl_nm": "지급수수료_온라인몰운영비",
        "amount": 8.1
      },
      {
        "yyyymm": "202510",
        "ctgr2": "지급수수료",
        "ctgr3": "지급수수료_IT사용료",
        "gl_nm": "지급수수료_IT사용료",
        "amount": 3.23
      },
      {
        "yyyymm": "202510",
        "ctgr2": "지급수수료",
        "ctgr3": "지급수수료_기타",
        "gl_nm": "지급수수료_기타",
        "amount": 1.77
      },
      {
        "yyyymm": "202510",
        "ctgr2": "지급수수료",
        "ctgr3": "지급수수료_퀵서비스",
        "gl_nm": "지급수수료_퀵서비스",
        "amount": 1.43
      },
      {
        "yyyymm": "202510",
        "ctgr2": "지급수수료",
        "ctgr3": "지급수수료_리스료(차량)",
        "gl_nm": "지급수수료_렌탈료(차량)",
        "amount": 1.16
      },
      {
        "yyyymm": "202510",
        "ctgr2": "지급수수료",
        "ctgr3": "지급수수료_리스료(차량제외)",
        "gl_nm": "지급수수료_렌탈료(차량제외)",
        "amount": 0.33
      },
      {
        "yyyymm": "202510",
        "ctgr2": "지급수수료",
        "ctgr3": "지급수수료_재고조사",
        "gl_nm": "지급수수료_재고조사",
        "amount": 0.28
      },
      {
        "yyyymm": "202510",
        "ctgr2": "지급수수료",
        "ctgr3": "지급수수료_교육훈련",
        "gl_nm": "지급수수료_교육훈련",
        "amount": 0.18
      },
      {
        "yyyymm": "202510",
        "ctgr2": "지급수수료",
        "ctgr3": "지급수수료_공사비",
        "gl_nm": "지급수수료_공사비",
        "amount": 0.0
      },
      {
        "yyyymm": "202510",
        "ctgr2": "지급수수료",
        "ctgr3": "지급수수료_기타",
        "gl_nm": "지급수수료_수출입관련",
        "amount": 0.0
      },
      {
        "yyyymm": "202510",
        "ctgr2": "지급수수료",
        "ctgr3": "지급수수료_기타",
        "gl_nm": "지급수수료_폐기물처리",
        "amount": 0.0
      },
      {
        "yyyymm": "202511",
        "ctgr2": "지급수수료",
        "ctgr3": "지급수수료_기타",
        "gl_nm": "지급수수료_지급용역비",
        "amount": 10.93
      },
      {
        "yyyymm": "202511",
        "ctgr2": "지급수수료",
        "ctgr3": "지급수수료_온라인몰운영비",
        "gl_nm": "지급수수료_온라인몰운영비",
        "amount": 8.1
      },
      {
        "yyyymm": "202511",
        "ctgr2": "지급수수료",
        "ctgr3": "지급수수료_퀵서비스",
        "gl_nm": "지급수수료_퀵서비스",
        "amount": 3.79
      },
      {
        "yyyymm": "202511",
        "ctgr2": "지급수수료",
        "ctgr3": "지급수수료_IT사용료",
        "gl_nm": "지급수수료_IT사용료",
        "amount": 3.44
      },
      {
        "yyyymm": "202511",
        "ctgr2": "지급수수료",
        "ctgr3": "지급수수료_기타",
        "gl_nm": "지급수수료_기타",
        "amount": 3.05
      },
      {
        "yyyymm": "202511",
        "ctgr2": "지급수수료",
        "ctgr3": "지급수수료_리스료(차량)",
        "gl_nm": "지급수수료_렌탈료(차량)",
        "amount": 1.16
      },
      {
        "yyyymm": "202511",
        "ctgr2": "지급수수료",
        "ctgr3": "지급수수료_리스료(차량제외)",
        "gl_nm": "지급수수료_렌탈료(차량제외)",
        "amount": 0.36
      },
      {
        "yyyymm": "202511",
        "ctgr2": "지급수수료",
        "ctgr3": "지급수수료_기타",
        "gl_nm": "지급수수료_폐기물처리",
        "amount": 0.0
      },
      {
        "yyyymm": "202511",
        "ctgr2": "지급수수료",
        "ctgr3": "지급수수료_공사비",
        "gl_nm": "지급수수료_공사비",
        "amount": 0.0
      },
      {
        "yyyymm": "202511",
        "ctgr2": "지급수수료",
        "ctgr3": "지급수수료_기타",
        "gl_nm": "지급수수료_수출입관련",
        "amount": 0.0
      },
      {
        "yyyymm": "202511",
        "ctgr2": "지급수수료",
        "ctgr3": "지급수수료_교육훈련",
        "gl_nm": "지급수수료_교육훈련",
        "amount": 0.0
      },
      {
        "yyyymm": "202511",
        "ctgr2": "지급수수료",
        "ctgr3": "지급수수료_재고조사",
        "gl_nm": "지급수수료_재고조사",
        "amount": 0.0
      }
    ]
  }
}