{
  "country": "KR",
  "brand_cd": "I",
  "yyyymm": "202511",
  "key": "영업비",
  "sub_key": "광고선전비",
  "analysis_data": {
    "title": "광고선전비 분석",
    "sections": [
      {
        "div": "종합분석-1",
        "sub_title": "투자 방향성 종합 평가",
        "ai_text": "MLB KIDS 브랜드의 2025년 11월 광고선전비는 354백만원으로 전년동월 381백만원 대비 27백만원(-7.1%) 감소하여 선택적 축소 전략을 실행했습니다. 이는 무분별한 비용 삭감이 아닌 효율성 중심의 전략적 예산 재배분으로 평가됩니다. 온라인 매체집행비는 288백만원에서 271백만원으로 17백만원 축소했으나, E-BIZ 촬영/기타 영역은 6백만원에서 14백만원으로 123.6% 증가시켜 디지털 콘텐츠 강화에 집중했습니다. 전체적으로 전통적 광고 투자를 줄이고 디지털 전환과 브랜드 가치 제고에 중점을 둔 합리적 투자 방향성을 보여줍니다."
      },
      {
        "div": "종합분석-2",
        "sub_title": "효율적 투자 영역",
        "ai_text": "• E-BIZ 촬영/기타 강화: 6백만원→14백만원(+123.6%)으로 디지털 콘텐츠 제작 역량 대폭 확대\n• 물류_재고대체 투자 확대: 5백만원→8백만원(+70.9%)으로 재고 효율성과 고객 만족도 제고\n• PR/홍보 투자 증액: 3백만원→4백만원(+13.8%)으로 브랜드 인지도 및 신뢰도 강화\n• 물류 협찬/제휴 확대: 2백만원→3백만원(+84.1%)으로 유통 파트너십 및 고객 접점 다각화\n• 온라인 매체집행 효율화: 288백만원→271백만원으로 5.8% 최적화하여 ROI 개선 기반 마련"
      },
      {
        "div": "종합분석-3",
        "sub_title": "주의 필요 영역",
        "ai_text": "• 콘텐츠제작비 급감: 64백만원→45백만원(-29.6%)으로 브랜드 메시지 전달력 약화 우려\n• E-BIZ 매체광고 불안정: 9백만원→8백만원(-12.5%)으로 디지털 매체 투자 일관성 부족\n• 이벤트/행사비 대폭 축소: 5백만원→2백만원(-61.5%)으로 고객 참여형 마케팅 활동 위축\n• 예산 배분 불균형: 온라인 매체집행이 전체의 76.5%를 차지하여 매체 다양성 부족\n• 신규 투자 영역 모니터링: E-BIZ 촬영/기타의 급격한 증가가 실제 성과로 연결되는지 추적 필요"
      },
      {
        "div": "종합분석-4",
        "sub_title": "이상징후 및 리스크 감지",
        "ai_text": "• 콘텐츠 제작 역량 저하 리스크: 콘텐츠제작비 29.6% 감소로 브랜드 스토리텔링 약화 및 경쟁력 하락 위험\n• 고객 접점 축소 우려: 이벤트/행사비 61.5% 대폭 삭감으로 고객과의 직접적 소통 기회 급감\n• 투자 집중도 심화: 온라인 매체집행 의존도가 과도하여 매체 리스크 분산 부족\n• 단기 성과 압박: 전체 예산 7.1% 감소 상황에서 브랜드 인지도 및 매출 성장 목표 달성 어려움 예상\n• 전략 일관성 부족: E-BIZ 영역 내에서도 매체광고는 감소, 촬영/기타는 급증하여 디지털 전략의 명확성 부족"
      },
      {
        "div": "종합분석-5",
        "sub_title": "마케팅 전략 최적화 방안",
        "ai_text": "### 즉시 실행 방안\n1. 콘텐츠 제작 효율성 제고: 외부 제작사 대신 인하우스 제작 역량 강화로 19백만원 절감분 일부 보완\n2. 통합 디지털 전략 수립: E-BIZ 매체광고와 촬영/기타 예산의 시너지 창출을 위한 통합 캠페인 기획\n3. ROI 측정 체계 구축: 온라인 매체집행 271백만원의 성과 지표 정립 및 월별 모니터링 강화\n\n### 중장기 전략 방향\n1. 옴니채널 마케팅 전환: 온라인 집중에서 벗어나 오프라인 이벤트와 디지털의 연계 강화\n2. 콘텐츠 자산화 전략: 제작된 콘텐츠의 재활용성 극대화로 제작비 효율성 200% 향상 목표\n3. 데이터 기반 예산 배분: 각 매체별 CPA, ROAS 분석을 통한 과학적 예산 최적화 시스템 도입\n4. 브랜드 가치 제고: PR/홍보 투자 확대를 통한 장기적 브랜드 자산 구축 및 프리미엄 포지셔닝 강화"
      }
    ]
  },
  "ctgr1": "광고선전비",
  "summary": {
    "prev_year_total": 381.33,
    "curr_year_total": 354.31,
    "change_amount": -27.02,
    "change_pct": -7.1,
    "investment_direction": "축소"
  },
  "categories": [
    {
      "ctgr2": "광고선전비",
      "ctgr3": "광고선전비_협찬/제휴",
      "gl_nm": "광고선전비_물류",
      "prev_year": 1.57,
      "curr_year": 2.88,
      "change": 1.32,
      "change_pct": 84.2,
      "is_new": false,
      "is_discontinued": false
    },
    {
      "ctgr2": "광고선전비",
      "ctgr3": "광고선전비_PR/홍보",
      "gl_nm": "광고선전비_PR/홍보",
      "prev_year": 3.07,
      "curr_year": 3.5,
      "change": 0.43,
      "change_pct": 13.8,
      "is_new": false,
      "is_discontinued": false
    },
    {
      "ctgr2": "광고선전비",
      "ctgr3": "광고선전비_콘텐츠제작",
      "gl_nm": "광고선전비_콘텐츠제작",
      "prev_year": 64.42,
      "curr_year": 45.37,
      "change": -19.05,
      "change_pct": -29.6,
      "is_new": false,
      "is_discontinued": false
    },
    {
      "ctgr2": "광고선전비",
      "ctgr3": "광고선전비_매체집행_온라인",
      "gl_nm": "광고선전비_매체집행_온라인",
      "prev_year": 287.95,
      "curr_year": 271.18,
      "change": -16.77,
      "change_pct": -5.8,
      "is_new": false,
      "is_discontinued": false
    },
    {
      "ctgr2": "광고선전비",
      "ctgr3": "(E-BIZ)광고선전비_촬영/기타",
      "gl_nm": "(E-BIZ)광고선전비_촬영/기타",
      "prev_year": 6.31,
      "curr_year": 14.11,
      "change": 7.8,
      "change_pct": 123.6,
      "is_new": false,
      "is_discontinued": false
    },
    {
      "ctgr2": "광고선전비",
      "ctgr3": "광고선전비_기타",
      "gl_nm": "광고선전비_물류_재고대체",
      "prev_year": 4.57,
      "curr_year": 7.82,
      "change": 3.24,
      "change_pct": 70.9,
      "is_new": false,
      "is_discontinued": false
    },
    {
      "ctgr2": "광고선전비",
      "ctgr3": "광고선전비_기타",
      "gl_nm": "광고선전비_기타",
      "prev_year": 0.0,
      "curr_year": 0.0,
      "change": 0.0,
      "change_pct": 0,
      "is_new": false,
      "is_discontinued": false
    },
    {
      "ctgr2": "광고선전비",
      "ctgr3": "(E-BIZ)광고선전비_매체광고",
      "gl_nm": "(E-BIZ)광고선전비_매체광고",
      "prev_year": 8.76,
      "curr_year": 7.66,
      "change": -1.1,
      "change_pct": -12.5,
      "is_new": false,
      "is_discontinued": false
    },
    {
      "ctgr2": "광고선전비",
      "ctgr3": "광고선전비_이벤트/행사",
      "gl_nm": "광고선전비_이벤트/행사",
      "prev_year": 4.68,
      "curr_year": 1.8,
      "change": -2.88,
      "change_pct": -61.5,
      "is_new": false,
      "is_discontinued": false
    }
  ],
  "category_summary": {
    "increased": [
      {
        "ctgr2": "광고선전비",
        "ctgr3": "광고선전비_협찬/제휴",
        "gl_nm": "광고선전비_물류",
        "prev_year": 1.57,
        "curr_year": 2.88,
        "change": 1.32,
        "change_pct": 84.2,
        "is_new": false,
        "is_discontinued": false
      },
      {
        "ctgr2": "광고선전비",
        "ctgr3": "광고선전비_PR/홍보",
        "gl_nm": "광고선전비_PR/홍보",
        "prev_year": 3.07,
        "curr_year": 3.5,
        "change": 0.43,
        "change_pct": 13.8,
        "is_new": false,
        "is_discontinued": false
      },
      {
        "ctgr2": "광고선전비",
        "ctgr3": "(E-BIZ)광고선전비_촬영/기타",
        "gl_nm": "(E-BIZ)광고선전비_촬영/기타",
        "prev_year": 6.31,
        "curr_year": 14.11,
        "change": 7.8,
        "change_pct": 123.6,
        "is_new": false,
        "is_discontinued": false
      },
      {
        "ctgr2": "광고선전비",
        "ctgr3": "광고선전비_기타",
        "gl_nm": "광고선전비_물류_재고대체",
        "prev_year": 4.57,
        "curr_year": 7.82,
        "change": 3.24,
        "change_pct": 70.9,
        "is_new": false,
        "is_discontinued": false
      }
    ],
    "decreased": [
      {
        "ctgr2": "광고선전비",
        "ctgr3": "광고선전비_콘텐츠제작",
        "gl_nm": "광고선전비_콘텐츠제작",
        "prev_year": 64.42,
        "curr_year": 45.37,
        "change": -19.05,
        "change_pct": -29.6,
        "is_new": false,
        "is_discontinued": false
      },
      {
        "ctgr2": "광고선전비",
        "ctgr3": "광고선전비_매체집행_온라인",
        "gl_nm": "광고선전비_매체집행_온라인",
        "prev_year": 287.95,
        "curr_year": 271.18,
        "change": -16.77,
        "change_pct": -5.8,
        "is_new": false,
        "is_discontinued": false
      },
      {
        "ctgr2": "광고선전비",
        "ctgr3": "(E-BIZ)광고선전비_매체광고",
        "gl_nm": "(E-BIZ)광고선전비_매체광고",
        "prev_year": 8.76,
        "curr_year": 7.66,
        "change": -1.1,
        "change_pct": -12.5,
        "is_new": false,
        "is_discontinued": false
      },
      {
        "ctgr2": "광고선전비",
        "ctgr3": "광고선전비_이벤트/행사",
        "gl_nm": "광고선전비_이벤트/행사",
        "prev_year": 4.68,
        "curr_year": 1.8,
        "change": -2.88,
        "change_pct": -61.5,
        "is_new": false,
        "is_discontinued": false
      }
    ],
    "new_investments": [],
    "discontinued": []
  },
  "raw_data": {
    "total_records": [
      {
        "PST_YYYYMM": "202411",
        "TOTAL_AMT": 381329954.0
      },
      {
        "PST_YYYYMM": "202511",
        "TOTAL_AMT": 354314023.0
      }
    ],
    "detail_records": [
      {
        "PST_YYYYMM": "202411",
        "BRD_CD": "I",
        "BRD_NM": "MLB KIDS",
        "CTGR1": "광고선전비",
        "CTGR2": "광고선전비",
        "CTGR3": "광고선전비_매체집행_온라인",
        "GL_NM": "광고선전비_매체집행_온라인",
        "TTL_USE_AMT": 287946964.0
      },
      {
        "PST_YYYYMM": "202511",
        "BRD_CD": "I",
        "BRD_NM": "MLB KIDS",
        "CTGR1": "광고선전비",
        "CTGR2": "광고선전비",
        "CTGR3": "광고선전비_매체집행_온라인",
        "GL_NM": "광고선전비_매체집행_온라인",
        "TTL_USE_AMT": 271175828.0
      },
      {
        "PST_YYYYMM": "202411",
        "BRD_CD": "I",
        "BRD_NM": "MLB KIDS",
        "CTGR1": "광고선전비",
        "CTGR2": "광고선전비",
        "CTGR3": "광고선전비_콘텐츠제작",
        "GL_NM": "광고선전비_콘텐츠제작",
        "TTL_USE_AMT": 64419374.0
      },
      {
        "PST_YYYYMM": "202511",
        "BRD_CD": "I",
        "BRD_NM": "MLB KIDS",
        "CTGR1": "광고선전비",
        "CTGR2": "광고선전비",
        "CTGR3": "광고선전비_콘텐츠제작",
        "GL_NM": "광고선전비_콘텐츠제작",
        "TTL_USE_AMT": 45366426.0
      },
      {
        "PST_YYYYMM": "202511",
        "BRD_CD": "I",
        "BRD_NM": "MLB KIDS",
        "CTGR1": "광고선전비",
        "CTGR2": "광고선전비",
        "CTGR3": "(E-BIZ)광고선전비_촬영/기타",
        "GL_NM": "(E-BIZ)광고선전비_촬영/기타",
        "TTL_USE_AMT": 14105510.0
      },
      {
        "PST_YYYYMM": "202411",
        "BRD_CD": "I",
        "BRD_NM": "MLB KIDS",
        "CTGR1": "광고선전비",
        "CTGR2": "광고선전비",
        "CTGR3": "(E-BIZ)광고선전비_매체광고",
        "GL_NM": "(E-BIZ)광고선전비_매체광고",
        "TTL_USE_AMT": 8760331.0
      },
      {
        "PST_YYYYMM": "202511",
        "BRD_CD": "I",
        "BRD_NM": "MLB KIDS",
        "CTGR1": "광고선전비",
        "CTGR2": "광고선전비",
        "CTGR3": "광고선전비_기타",
        "GL_NM": "광고선전비_물류_재고대체",
        "TTL_USE_AMT": 7817527.0
      },
      {
        "PST_YYYYMM": "202511",
        "BRD_CD": "I",
        "BRD_NM": "MLB KIDS",
        "CTGR1": "광고선전비",
        "CTGR2": "광고선전비",
        "CTGR3": "(E-BIZ)광고선전비_매체광고",
        "GL_NM": "(E-BIZ)광고선전비_매체광고",
        "TTL_USE_AMT": 7662194.0
      },
      {
        "PST_YYYYMM": "202411",
        "BRD_CD": "I",
        "BRD_NM": "MLB KIDS",
        "CTGR1": "광고선전비",
        "CTGR2": "광고선전비",
        "CTGR3": "(E-BIZ)광고선전비_촬영/기타",
        "GL_NM": "(E-BIZ)광고선전비_촬영/기타",
        "TTL_USE_AMT": 6308727.0
      },
      {
        "PST_YYYYMM": "202411",
        "BRD_CD": "I",
        "BRD_NM": "MLB KIDS",
        "CTGR1": "광고선전비",
        "CTGR2": "광고선전비",
        "CTGR3": "광고선전비_이벤트/행사",
        "GL_NM": "광고선전비_이벤트/행사",
        "TTL_USE_AMT": 4680070.0
      },
      {
        "PST_YYYYMM": "202411",
        "BRD_CD": "I",
        "BRD_NM": "MLB KIDS",
        "CTGR1": "광고선전비",
        "CTGR2": "광고선전비",
        "CTGR3": "광고선전비_기타",
        "GL_NM": "광고선전비_물류_재고대체",
        "TTL_USE_AMT": 4573770.0
      },
      {
        "PST_YYYYMM": "202511",
        "BRD_CD": "I",
        "BRD_NM": "MLB KIDS",
        "CTGR1": "광고선전비",
        "CTGR2": "광고선전비",
        "CTGR3": "광고선전비_PR/홍보",
        "GL_NM": "광고선전비_PR/홍보",
        "TTL_USE_AMT": 3500000.0
      },
      {
        "PST_YYYYMM": "202411",
        "BRD_CD": "I",
        "BRD_NM": "MLB KIDS",
        "CTGR1": "광고선전비",
        "CTGR2": "광고선전비",
        "CTGR3": "광고선전비_PR/홍보",
        "GL_NM": "광고선전비_PR/홍보",
        "TTL_USE_AMT": 3074500.0
      },
      {
        "PST_YYYYMM": "202511",
        "BRD_CD": "I",
        "BRD_NM": "MLB KIDS",
        "CTGR1": "광고선전비",
        "CTGR2": "광고선전비",
        "CTGR3": "광고선전비_협찬/제휴",
        "GL_NM": "광고선전비_물류",
        "TTL_USE_AMT": 2884280.0
      },
      {
        "PST_YYYYMM": "202511",
        "BRD_CD": "I",
        "BRD_NM": "MLB KIDS",
        "CTGR1": "광고선전비",
        "CTGR2": "광고선전비",
        "CTGR3": "광고선전비_이벤트/행사",
        "GL_NM": "광고선전비_이벤트/행사",
        "TTL_USE_AMT": 1802258.0
      },
      {
        "PST_YYYYMM": "202411",
        "BRD_CD": "I",
        "BRD_NM": "MLB KIDS",
        "CTGR1": "광고선전비",
        "CTGR2": "광고선전비",
        "CTGR3": "광고선전비_협찬/제휴",
        "GL_NM": "광고선전비_물류",
        "TTL_USE_AMT": 1566218.0
      },
      {
        "PST_YYYYMM": "202511",
        "BRD_CD": "I",
        "BRD_NM": "MLB KIDS",
        "CTGR1": "광고선전비",
        "CTGR2": "광고선전비",
        "CTGR3": "광고선전비_기타",
        "GL_NM": "광고선전비_기타",
        "TTL_USE_AMT": 0.0
      }
    ]
  },
  "trend_data": {
    "trend_months": [
      "202412",
      "202501",
      "202502",
      "202503",
      "202504",
      "202505",
      "202506",
      "202507",
      "202508",
      "202509",
      "202510",
      "202511"
    ],
    "monthly_totals": [
      {
        "yyyymm": "202412",
        "total_amount": 322.12
      },
      {
        "yyyymm": "202501",
        "total_amount": 287.53
      },
      {
        "yyyymm": "202502",
        "total_amount": 279.18
      },
      {
        "yyyymm": "202503",
        "total_amount": 279.53
      },
      {
        "yyyymm": "202504",
        "total_amount": 246.78
      },
      {
        "yyyymm": "202505",
        "total_amount": 236.0
      },
      {
        "yyyymm": "202506",
        "total_amount": 147.47
      },
      {
        "yyyymm": "202507",
        "total_amount": 159.12
      },
      {
        "yyyymm": "202508",
        "total_amount": 177.24
      },
      {
        "yyyymm": "202509",
        "total_amount": 177.8
      },
      {
        "yyyymm": "202510",
        "total_amount": 276.48
      },
      {
        "yyyymm": "202511",
        "total_amount": 354.31
      }
    ],
    "monthly_details": [
      {
        "yyyymm": "202412",
        "ctgr2": "광고선전비",
        "ctgr3": "광고선전비_매체집행_온라인",
        "gl_nm": "광고선전비_매체집행_온라인",
        "amount": 252.2
      },
      {
        "yyyymm": "202412",
        "ctgr2": "광고선전비",
        "ctgr3": "광고선전비_콘텐츠제작",
        "gl_nm": "광고선전비_콘텐츠제작",
        "amount": 42.2
      },
      {
        "yyyymm": "202412",
        "ctgr2": "광고선전비",
        "ctgr3": "광고선전비_기타",
        "gl_nm": "광고선전비_물류_재고대체",
        "amount": 14.52
      },
      {
        "yyyymm": "202412",
        "ctgr2": "광고선전비",
        "ctgr3": "광고선전비_협찬/제휴",
        "gl_nm": "광고선전비_물류",
        "amount": 5.07
      },
      {
        "yyyymm": "202412",
        "ctgr2": "광고선전비",
        "ctgr3": "(E-BIZ)광고선전비_매체광고",
        "gl_nm": "(E-BIZ)광고선전비_매체광고",
        "amount": 3.44
      },
      {
        "yyyymm": "202412",
        "ctgr2": "광고선전비",
        "ctgr3": "광고선전비_PR/홍보",
        "gl_nm": "광고선전비_PR/홍보",
        "amount": 3.13
      },
      {
        "yyyymm": "202412",
        "ctgr2": "광고선전비",
        "ctgr3": "(E-BIZ)광고선전비_촬영/기타",
        "gl_nm": "(E-BIZ)광고선전비_촬영/기타",
        "amount": 1.55
      },
      {
        "yyyymm": "202412",
        "ctgr2": "광고선전비",
        "ctgr3": "광고선전비_이벤트/행사",
        "gl_nm": "광고선전비_이벤트/행사",
        "amount": 0.0
      },
      {
        "yyyymm": "202501",
        "ctgr2": "광고선전비",
        "ctgr3": "광고선전비_매체집행_온라인",
        "gl_nm": "광고선전비_매체집행_온라인",
        "amount": 151.22
      },
      {
        "yyyymm": "202501",
        "ctgr2": "광고선전비",
        "ctgr3": "광고선전비_콘텐츠제작",
        "gl_nm": "광고선전비_콘텐츠제작",
        "amount": 96.94
      },
      {
        "yyyymm": "202501",
        "ctgr2": "광고선전비",
        "ctgr3": "(E-BIZ)광고선전비_촬영/기타",
        "gl_nm": "(E-BIZ)광고선전비_촬영/기타",
        "amount": 22.7
      },
      {
        "yyyymm": "202501",
        "ctgr2": "광고선전비",
        "ctgr3": "광고선전비_기타",
        "gl_nm": "광고선전비_물류_재고대체",
        "amount": 8.85
      },
      {
        "yyyymm": "202501",
        "ctgr2": "광고선전비",
        "ctgr3": "광고선전비_협찬/제휴",
        "gl_nm": "광고선전비_물류",
        "amount": 3.11
      },
      {
        "yyyymm": "202501",
        "ctgr2": "광고선전비",
        "ctgr3": "광고선전비_PR/홍보",
        "gl_nm": "광고선전비_PR/홍보",
        "amount": 3.02
      },
      {
        "yyyymm": "202501",
        "ctgr2": "광고선전비",
        "ctgr3": "(E-BIZ)광고선전비_매체광고",
        "gl_nm": "(E-BIZ)광고선전비_매체광고",
        "amount": 1.7
      },
      {
        "yyyymm": "202501",
        "ctgr2": "광고선전비",
        "ctgr3": "광고선전비_이벤트/행사",
        "gl_nm": "광고선전비_이벤트/행사",
        "amount": 0.0
      },
      {
        "yyyymm": "202501",
        "ctgr2": "광고선전비",
        "ctgr3": "광고선전비_기타",
        "gl_nm": "광고선전비_기타",
        "amount": 0.0
      },
      {
        "yyyymm": "202502",
        "ctgr2": "광고선전비",
        "ctgr3": "광고선전비_매체집행_온라인",
        "gl_nm": "광고선전비_매체집행_온라인",
        "amount": 176.94
      },
      {
        "yyyymm": "202502",
        "ctgr2": "광고선전비",
        "ctgr3": "광고선전비_콘텐츠제작",
        "gl_nm": "광고선전비_콘텐츠제작",
        "amount": 41.46
      },
      {
        "yyyymm": "202502",
        "ctgr2": "광고선전비",
        "ctgr3": "(E-BIZ)광고선전비_촬영/기타",
        "gl_nm": "(E-BIZ)광고선전비_촬영/기타",
        "amount": 32.68
      },
      {
        "yyyymm": "202502",
        "ctgr2": "광고선전비",
        "ctgr3": "광고선전비_기타",
        "gl_nm": "광고선전비_물류_재고대체",
        "amount": 20.38
      },
      {
        "yyyymm": "202502",
        "ctgr2": "광고선전비",
        "ctgr3": "광고선전비_협찬/제휴",
        "gl_nm": "광고선전비_물류",
        "amount": 7.21
      },
      {
        "yyyymm": "202502",
        "ctgr2": "광고선전비",
        "ctgr3": "광고선전비_PR/홍보",
        "gl_nm": "광고선전비_PR/홍보",
        "amount": 3.06
      },
      {
        "yyyymm": "202502",
        "ctgr2": "광고선전비",
        "ctgr3": "광고선전비_이벤트/행사",
        "gl_nm": "광고선전비_이벤트/행사",
        "amount": 0.0
      },
      {
        "yyyymm": "202502",
        "ctgr2": "광고선전비",
        "ctgr3": "광고선전비_기타",
        "gl_nm": "광고선전비_기타",
        "amount": 0.0
      },
      {
        "yyyymm": "202502",
        "ctgr2": "광고선전비",
        "ctgr3": "(E-BIZ)광고선전비_매체광고",
        "gl_nm": "(E-BIZ)광고선전비_매체광고",
        "amount": -2.56
      },
      {
        "yyyymm": "202503",
        "ctgr2": "광고선전비",
        "ctgr3": "광고선전비_매체집행_온라인",
        "gl_nm": "광고선전비_매체집행_온라인",
        "amount": 133.16
      },
      {
        "yyyymm": "202503",
        "ctgr2": "광고선전비",
        "ctgr3": "광고선전비_콘텐츠제작",
        "gl_nm": "광고선전비_콘텐츠제작",
        "amount": 92.2
      },
      {
        "yyyymm": "202503",
        "ctgr2": "광고선전비",
        "ctgr3": "(E-BIZ)광고선전비_촬영/기타",
        "gl_nm": "(E-BIZ)광고선전비_촬영/기타",
        "amount": 40.02
      },
      {
        "yyyymm": "202503",
        "ctgr2": "광고선전비",
        "ctgr3": "광고선전비_기타",
        "gl_nm": "광고선전비_물류_재고대체",
        "amount": 5.08
      },
      {
        "yyyymm": "202503",
        "ctgr2": "광고선전비",
        "ctgr3": "(E-BIZ)광고선전비_매체광고",
        "gl_nm": "(E-BIZ)광고선전비_매체광고",
        "amount": 5.05
      },
      {
        "yyyymm": "202503",
        "ctgr2": "광고선전비",
        "ctgr3": "광고선전비_기타",
        "gl_nm": "광고선전비_기타",
        "amount": 2.08
      },
      {
        "yyyymm": "202503",
        "ctgr2": "광고선전비",
        "ctgr3": "광고선전비_협찬/제휴",
        "gl_nm": "광고선전비_물류",
        "amount": 1.94
      },
      {
        "yyyymm": "202503",
        "ctgr2": "광고선전비",
        "ctgr3": "광고선전비_PR/홍보",
        "gl_nm": "광고선전비_PR/홍보",
        "amount": 0.0
      },
      {
        "yyyymm": "202503",
        "ctgr2": "광고선전비",
        "ctgr3": "광고선전비_이벤트/행사",
        "gl_nm": "광고선전비_이벤트/행사",
        "amount": 0.0
      },
      {
        "yyyymm": "202504",
        "ctgr2": "광고선전비",
        "ctgr3": "광고선전비_매체집행_온라인",
        "gl_nm": "광고선전비_매체집행_온라인",
        "amount": 163.39
      },
      {
        "yyyymm": "202504",
        "ctgr2": "광고선전비",
        "ctgr3": "광고선전비_콘텐츠제작",
        "gl_nm": "광고선전비_콘텐츠제작",
        "amount": 44.34
      },
      {
        "yyyymm": "202504",
        "ctgr2": "광고선전비",
        "ctgr3": "(E-BIZ)광고선전비_촬영/기타",
        "gl_nm": "(E-BIZ)광고선전비_촬영/기타",
        "amount": 31.29
      },
      {
        "yyyymm": "202504",
        "ctgr2": "광고선전비",
        "ctgr3": "(E-BIZ)광고선전비_매체광고",
        "gl_nm": "(E-BIZ)광고선전비_매체광고",
        "amount": 3.79
      },
      {
        "yyyymm": "202504",
        "ctgr2": "광고선전비",
        "ctgr3": "광고선전비_PR/홍보",
        "gl_nm": "광고선전비_PR/홍보",
        "amount": 3.5
      },
      {
        "yyyymm": "202504",
        "ctgr2": "광고선전비",
        "ctgr3": "광고선전비_기타",
        "gl_nm": "광고선전비_기타",
        "amount": 0.44
      },
      {
        "yyyymm": "202504",
        "ctgr2": "광고선전비",
        "ctgr3": "광고선전비_이벤트/행사",
        "gl_nm": "광고선전비_이벤트/행사",
        "amount": 0.03
      },
      {
        "yyyymm": "202504",
        "ctgr2": "광고선전비",
        "ctgr3": "광고선전비_협찬/제휴",
        "gl_nm": "광고선전비_물류",
        "amount": 0.0
      },
      {
        "yyyymm": "202504",
        "ctgr2": "광고선전비",
        "ctgr3": "광고선전비_기타",
        "gl_nm": "광고선전비_물류_재고대체",
        "amount": 0.0
      },
      {
        "yyyymm": "202505",
        "ctgr2": "광고선전비",
        "ctgr3": "광고선전비_매체집행_온라인",
        "gl_nm": "광고선전비_매체집행_온라인",
        "amount": 147.82
      },
      {
        "yyyymm": "202505",
        "ctgr2": "광고선전비",
        "ctgr3": "광고선전비_콘텐츠제작",
        "gl_nm": "광고선전비_콘텐츠제작",
        "amount": 43.55
      },
      {
        "yyyymm": "202505",
        "ctgr2": "광고선전비",
        "ctgr3": "광고선전비_기타",
        "gl_nm": "광고선전비_물류_재고대체",
        "amount": 16.54
      },
      {
        "yyyymm": "202505",
        "ctgr2": "광고선전비",
        "ctgr3": "(E-BIZ)광고선전비_매체광고",
        "gl_nm": "(E-BIZ)광고선전비_매체광고",
        "amount": 13.9
      },
      {
        "yyyymm": "202505",
        "ctgr2": "광고선전비",
        "ctgr3": "광고선전비_협찬/제휴",
        "gl_nm": "광고선전비_물류",
        "amount": 6.09
      },
      {
        "yyyymm": "202505",
        "ctgr2": "광고선전비",
        "ctgr3": "광고선전비_이벤트/행사",
        "gl_nm": "광고선전비_이벤트/행사",
        "amount": 4.59
      },
      {
        "yyyymm": "202505",
        "ctgr2": "광고선전비",
        "ctgr3": "광고선전비_PR/홍보",
        "gl_nm": "광고선전비_PR/홍보",
        "amount": 3.5
      },
      {
        "yyyymm": "202505",
        "ctgr2": "광고선전비",
        "ctgr3": "광고선전비_기타",
        "gl_nm": "광고선전비_기타",
        "amount": 0.01
      },
      {
        "yyyymm": "202505",
        "ctgr2": "광고선전비",
        "ctgr3": "(E-BIZ)광고선전비_촬영/기타",
        "gl_nm": "(E-BIZ)광고선전비_촬영/기타",
        "amount": 0.0
      },
      {
        "yyyymm": "202506",
        "ctgr2": "광고선전비",
        "ctgr3": "광고선전비_매체집행_온라인",
        "gl_nm": "광고선전비_매체집행_온라인",
        "amount": 94.27
      },
      {
        "yyyymm": "202506",
        "ctgr2": "광고선전비",
        "ctgr3": "광고선전비_콘텐츠제작",
        "gl_nm": "광고선전비_콘텐츠제작",
        "amount": 34.16
      },
      {
        "yyyymm": "202506",
        "ctgr2": "광고선전비",
        "ctgr3": "(E-BIZ)광고선전비_매체광고",
        "gl_nm": "(E-BIZ)광고선전비_매체광고",
        "amount": 8.33
      },
      {
        "yyyymm": "202506",
        "ctgr2": "광고선전비",
        "ctgr3": "광고선전비_기타",
        "gl_nm": "광고선전비_물류_재고대체",
        "amount": 5.32
      },
      {
        "yyyymm": "202506",
        "ctgr2": "광고선전비",
        "ctgr3": "광고선전비_PR/홍보",
        "gl_nm": "광고선전비_PR/홍보",
        "amount": 3.5
      },
      {
        "yyyymm": "202506",
        "ctgr2": "광고선전비",
        "ctgr3": "광고선전비_협찬/제휴",
        "gl_nm": "광고선전비_물류",
        "amount": 1.88
      },
      {
        "yyyymm": "202506",
        "ctgr2": "광고선전비",
        "ctgr3": "광고선전비_기타",
        "gl_nm": "광고선전비_기타",
        "amount": 0.0
      },
      {
        "yyyymm": "202506",
        "ctgr2": "광고선전비",
        "ctgr3": "(E-BIZ)광고선전비_촬영/기타",
        "gl_nm": "(E-BIZ)광고선전비_촬영/기타",
        "amount": 0.0
      },
      {
        "yyyymm": "202506",
        "ctgr2": "광고선전비",
        "ctgr3": "광고선전비_이벤트/행사",
        "gl_nm": "광고선전비_이벤트/행사",
        "amount": 0.0
      },
      {
        "yyyymm": "202507",
        "ctgr2": "광고선전비",
        "ctgr3": "광고선전비_매체집행_온라인",
        "gl_nm": "광고선전비_매체집행_온라인",
        "amount": 93.79
      },
      {
        "yyyymm": "202507",
        "ctgr2": "광고선전비",
        "ctgr3": "광고선전비_콘텐츠제작",
        "gl_nm": "광고선전비_콘텐츠제작",
        "amount": 50.86
      },
      {
        "yyyymm": "202507",
        "ctgr2": "광고선전비",
        "ctgr3": "(E-BIZ)광고선전비_매체광고",
        "gl_nm": "(E-BIZ)광고선전비_매체광고",
        "amount": 7.74
      },
      {
        "yyyymm": "202507",
        "ctgr2": "광고선전비",
        "ctgr3": "광고선전비_PR/홍보",
        "gl_nm": "광고선전비_PR/홍보",
        "amount": 3.5
      },
      {
        "yyyymm": "202507",
        "ctgr2": "광고선전비",
        "ctgr3": "(E-BIZ)광고선전비_촬영/기타",
        "gl_nm": "(E-BIZ)광고선전비_촬영/기타",
        "amount": 3.24
      },
      {
        "yyyymm": "202507",
        "ctgr2": "광고선전비",
        "ctgr3": "광고선전비_이벤트/행사",
        "gl_nm": "광고선전비_이벤트/행사",
        "amount": 0.0
      },
      {
        "yyyymm": "202507",
        "ctgr2": "광고선전비",
        "ctgr3": "광고선전비_기타",
        "gl_nm": "광고선전비_기타",
        "amount": 0.0
      },
      {
        "yyyymm": "202507",
        "ctgr2": "광고선전비",
        "ctgr3": "광고선전비_기타",
        "gl_nm": "광고선전비_물류_재고대체",
        "amount": 0.0
      },
      {
        "yyyymm": "202507",
        "ctgr2": "광고선전비",
        "ctgr3": "광고선전비_협찬/제휴",
        "gl_nm": "광고선전비_물류",
        "amount": 0.0
      },
      {
        "yyyymm": "202508",
        "ctgr2": "광고선전비",
        "ctgr3": "광고선전비_매체집행_온라인",
        "gl_nm": "광고선전비_매체집행_온라인",
        "amount": 79.85
      },
      {
        "yyyymm": "202508",
        "ctgr2": "광고선전비",
        "ctgr3": "광고선전비_콘텐츠제작",
        "gl_nm": "광고선전비_콘텐츠제작",
        "amount": 45.66
      },
      {
        "yyyymm": "202508",
        "ctgr2": "광고선전비",
        "ctgr3": "(E-BIZ)광고선전비_촬영/기타",
        "gl_nm": "(E-BIZ)광고선전비_촬영/기타",
        "amount": 30.0
      },
      {
        "yyyymm": "202508",
        "ctgr2": "광고선전비",
        "ctgr3": "광고선전비_기타",
        "gl_nm": "광고선전비_물류_재고대체",
        "amount": 10.08
      },
      {
        "yyyymm": "202508",
        "ctgr2": "광고선전비",
        "ctgr3": "(E-BIZ)광고선전비_매체광고",
        "gl_nm": "(E-BIZ)광고선전비_매체광고",
        "amount": 4.38
      },
      {
        "yyyymm": "202508",
        "ctgr2": "광고선전비",
        "ctgr3": "광고선전비_협찬/제휴",
        "gl_nm": "광고선전비_물류",
        "amount": 3.77
      },
      {
        "yyyymm": "202508",
        "ctgr2": "광고선전비",
        "ctgr3": "광고선전비_PR/홍보",
        "gl_nm": "광고선전비_PR/홍보",
        "amount": 3.5
      },
      {
        "yyyymm": "202508",
        "ctgr2": "광고선전비",
        "ctgr3": "광고선전비_기타",
        "gl_nm": "광고선전비_기타",
        "amount": 0.0
      },
      {
        "yyyymm": "202508",
        "ctgr2": "광고선전비",
        "ctgr3": "광고선전비_이벤트/행사",
        "gl_nm": "광고선전비_이벤트/행사",
        "amount": 0.0
      },
      {
        "yyyymm": "202509",
        "ctgr2": "광고선전비",
        "ctgr3": "광고선전비_매체집행_온라인",
        "gl_nm": "광고선전비_매체집행_온라인",
        "amount": 91.62
      },
      {
        "yyyymm": "202509",
        "ctgr2": "광고선전비",
        "ctgr3": "광고선전비_콘텐츠제작",
        "gl_nm": "광고선전비_콘텐츠제작",
        "amount": 44.9
      },
      {
        "yyyymm": "202509",
        "ctgr2": "광고선전비",
        "ctgr3": "(E-BIZ)광고선전비_촬영/기타",
        "gl_nm": "(E-BIZ)광고선전비_촬영/기타",
        "amount": 33.5
      },
      {
        "yyyymm": "202509",
        "ctgr2": "광고선전비",
        "ctgr3": "(E-BIZ)광고선전비_매체광고",
        "gl_nm": "(E-BIZ)광고선전비_매체광고",
        "amount": 4.19
      },
      {
        "yyyymm": "202509",
        "ctgr2": "광고선전비",
        "ctgr3": "광고선전비_PR/홍보",
        "gl_nm": "광고선전비_PR/홍보",
        "amount": 3.5
      },
      {
        "yyyymm": "202509",
        "ctgr2": "광고선전비",
        "ctgr3": "광고선전비_기타",
        "gl_nm": "광고선전비_물류_재고대체",
        "amount": 0.06
      },
      {
        "yyyymm": "202509",
        "ctgr2": "광고선전비",
        "ctgr3": "광고선전비_협찬/제휴",
        "gl_nm": "광고선전비_물류",
        "amount": 0.02
      },
      {
        "yyyymm": "202509",
        "ctgr2": "광고선전비",
        "ctgr3": "광고선전비_이벤트/행사",
        "gl_nm": "광고선전비_이벤트/행사",
        "amount": 0.0
      },
      {
        "yyyymm": "202509",
        "ctgr2": "광고선전비",
        "ctgr3": "광고선전비_기타",
        "gl_nm": "광고선전비_기타",
        "amount": 0.0
      },
      {
        "yyyymm": "202510",
        "ctgr2": "광고선전비",
        "ctgr3": "광고선전비_매체집행_온라인",
        "gl_nm": "광고선전비_매체집행_온라인",
        "amount": 153.63
      },
      {
        "yyyymm": "202510",
        "ctgr2": "광고선전비",
        "ctgr3": "광고선전비_콘텐츠제작",
        "gl_nm": "광고선전비_콘텐츠제작",
        "amount": 60.58
      },
      {
        "yyyymm": "202510",
        "ctgr2": "광고선전비",
        "ctgr3": "(E-BIZ)광고선전비_촬영/기타",
        "gl_nm": "(E-BIZ)광고선전비_촬영/기타",
        "amount": 31.46
      },
      {
        "yyyymm": "202510",
        "ctgr2": "광고선전비",
        "ctgr3": "(E-BIZ)광고선전비_매체광고",
        "gl_nm": "(E-BIZ)광고선전비_매체광고",
        "amount": 10.33
      },
      {
        "yyyymm": "202510",
        "ctgr2": "광고선전비",
        "ctgr3": "광고선전비_기타",
        "gl_nm": "광고선전비_물류_재고대체",
        "amount": 8.92
      },
      {
        "yyyymm": "202510",
        "ctgr2": "광고선전비",
        "ctgr3": "광고선전비_PR/홍보",
        "gl_nm": "광고선전비_PR/홍보",
        "amount": 4.4
      },
      {
        "yyyymm": "202510",
        "ctgr2": "광고선전비",
        "ctgr3": "광고선전비_이벤트/행사",
        "gl_nm": "광고선전비_이벤트/행사",
        "amount": 3.87
      },
      {
        "yyyymm": "202510",
        "ctgr2": "광고선전비",
        "ctgr3": "광고선전비_협찬/제휴",
        "gl_nm": "광고선전비_물류",
        "amount": 3.29
      },
      {
        "yyyymm": "202510",
        "ctgr2": "광고선전비",
        "ctgr3": "광고선전비_기타",
        "gl_nm": "광고선전비_기타",
        "amount": 0.0
      },
      {
        "yyyymm": "202511",
        "ctgr2": "광고선전비",
        "ctgr3": "광고선전비_매체집행_온라인",
        "gl_nm": "광고선전비_매체집행_온라인",
        "amount": 271.18
      },
      {
        "yyyymm": "202511",
        "ctgr2": "광고선전비",
        "ctgr3": "광고선전비_콘텐츠제작",
        "gl_nm": "광고선전비_콘텐츠제작",
        "amount": 45.37
      },
      {
        "yyyymm": "202511",
        "ctgr2": "광고선전비",
        "ctgr3": "(E-BIZ)광고선전비_촬영/기타",
        "gl_nm": "(E-BIZ)광고선전비_촬영/기타",
        "amount": 14.11
      },
      {
        "yyyymm": "202511",
        "ctgr2": "광고선전비",
        "ctgr3": "광고선전비_기타",
        "gl_nm": "광고선전비_물류_재고대체",
        "amount": 7.82
      },
      {
        "yyyymm": "202511",
        "ctgr2": "광고선전비",
        "ctgr3": "(E-BIZ)광고선전비_매체광고",
        "gl_nm": "(E-BIZ)광고선전비_매체광고",
        "amount": 7.66
      },
      {
        "yyyymm": "202511",
        "ctgr2": "광고선전비",
        "ctgr3": "광고선전비_PR/홍보",
        "gl_nm": "광고선전비_PR/홍보",
        "amount": 3.5
      },
      {
        "yyyymm": "202511",
        "ctgr2": "광고선전비",
        "ctgr3": "광고선전비_협찬/제휴",
        "gl_nm": "광고선전비_물류",
        "amount": 2.88
      },
      {
        "yyyymm": "202511",
        "ctgr2": "광고선전비",
        "ctgr3": "광고선전비_이벤트/행사",
        "gl_nm": "광고선전비_이벤트/행사",
        "amount": 1.8
      },
      {
        "yyyymm": "202511",
        "ctgr2": "광고선전비",
        "ctgr3": "광고선전비_기타",
        "gl_nm": "광고선전비_기타",
        "amount": 0.0
      }
    ]
  }
}