{
  "country": "KR",
  "brand_cd": "X",
  "yyyymm": "202511",
  "key": "영업비",
  "sub_key": "샘플대_제작_구입_",
  "analysis_data": {
    "title": "샘플대(제작/구입) 분석",
    "sections": [
      {
        "div": "종합분석-1",
        "sub_title": "투자 방향성 종합 평가",
        "ai_text": "DISCOVERY 브랜드의 샘플대 투자는 전년대비 25.6% 감소(142백만원→106백만원)하며 효율성 중심의 예산 최적화 전략을 추진하고 있습니다. 특히 해외 샘플 구입을 신규 도입(10백만원)하고 재고대체 방식을 활용(0백만원→0.4백만원)하여 샘플 조달 다각화와 비용 절감을 동시에 달성하는 전략적 접근을 보이고 있습니다. 이는 글로벌 트렌드 반영과 운영 효율성 제고를 위한 선제적 투자 구조조정으로 평가됩니다."
      },
      {
        "div": "종합분석-2",
        "sub_title": "효율적 투자 영역",
        "ai_text": "• 해외 샘플구입대 신규 도입: 10백만원 투입으로 글로벌 트렌드 반영 및 상품 경쟁력 강화\n• 국내 샘플구입 확대: 1백만원→3백만원(+174%)으로 다양한 샘플 소싱 채널 구축\n• 재고대체 시스템 활용: 신규 0.4백만원 투입으로 기존 재고 활용한 비용 효율성 제고\n• 샘플 조달 포트폴리오 다각화: 제작 중심에서 구입+재고활용 혼합 모델로 리스크 분산"
      },
      {
        "div": "종합분석-3",
        "sub_title": "주의 필요 영역",
        "ai_text": "• 소모품비 샘플대 급감: 141백만원→92백만원(-34.9%)로 과도한 축소 우려\n• 해외 샘플 의존도 증가: 신규 도입된 해외 샘플구입(10백만원)이 전체 구입 대비 75.4% 차지\n• 제작 역량 위축 가능성: 소모품비 대폭 감소로 내부 샘플 제작 능력 저하 리스크\n• 품질 관리 체계: 다양한 조달 채널 확대에 따른 품질 일관성 유지 과제"
      },
      {
        "div": "종합분석-4",
        "sub_title": "이상징후 및 리스크 감지",
        "ai_text": "• 급격한 예산 구조 변화: 제작 중심(99.1%)에서 구입 비중 확대(12.8%)로의 전환이 단기간 내 발생하여 샘플 전략의 근본적 변화를 시사합니다\n• 해외 의존도 집중화: 해외 샘플구입이 전체 구입의 3/4을 차지하며 환율 변동 및 공급망 리스크 노출 증가\n• 내부 역량 공동화 우려: 소모품비 1/3 감소로 내부 샘플 개발 노하우 축적 기회 감소 및 외부 의존도 심화 가능성\n• 품질 표준화 과제: 4개 서로 다른 조달 채널 운영으로 품질 관리 복잡성 증가"
      },
      {
        "div": "종합분석-5",
        "sub_title": "마케팅 전략 최적화 방안",
        "ai_text": "### 즉시 실행 방안\n1. 해외 샘플 품질관리 체계 구축: 해외 조달 샘플의 브랜드 기준 적합성 검증 프로세스 수립\n2. 재고대체 시스템 확대: 기존 재고 활용률 제고를 통한 추가 비용 절감 기회 발굴\n3. 조달 채널별 ROI 측정: 제작/국내구입/해외구입/재고대체 각각의 효과성 정량 분석\n\n### 중장기 전략 방향\n1. 하이브리드 샘플 전략: 핵심 아이템은 내부 제작, 트렌드 아이템은 해외 구입으로 역할 분담\n2. 글로벌 샘플 네트워크 구축: 해외 우수 샘플 공급업체와의 전략적 파트너십 체결\n3. 디지털 샘플 도입 검토: 3D 샘플링, 가상 피팅 등 디지털 기술 활용한 샘플 비용 혁신\n4. 예산 탄력성 확보: 시즌별/트렌드별 샘플 수요 변동에 대응 가능한 유연한 예산 구조 설계"
      }
    ]
  },
  "ctgr1": "샘플대(제작/구입)",
  "summary": {
    "prev_year_total": 142.1,
    "curr_year_total": 105.69,
    "change_amount": -36.41,
    "change_pct": -25.6,
    "investment_direction": "축소"
  },
  "categories": [
    {
      "ctgr2": "샘플대(제작/구입)",
      "ctgr3": "소모품비_샘플대",
      "gl_nm": "소모품비_샘플대",
      "prev_year": 140.87,
      "curr_year": 91.76,
      "change": -49.12,
      "change_pct": -34.9,
      "is_new": false,
      "is_discontinued": false
    },
    {
      "ctgr2": "샘플대(제작/구입)",
      "ctgr3": "소모품비_샘플대",
      "gl_nm": "소모품비_샘플대_재고대체",
      "prev_year": 0.0,
      "curr_year": 0.42,
      "change": 0.42,
      "change_pct": 0,
      "is_new": true,
      "is_discontinued": false
    },
    {
      "ctgr2": "샘플대(제작/구입)",
      "ctgr3": "샘플구입대",
      "gl_nm": "샘플구입대_해외",
      "prev_year": 0.0,
      "curr_year": 10.16,
      "change": 10.16,
      "change_pct": 0,
      "is_new": true,
      "is_discontinued": false
    },
    {
      "ctgr2": "샘플대(제작/구입)",
      "ctgr3": "샘플구입대",
      "gl_nm": "샘플구입대_국내",
      "prev_year": 1.23,
      "curr_year": 3.35,
      "change": 2.13,
      "change_pct": 173.6,
      "is_new": false,
      "is_discontinued": false
    }
  ],
  "category_summary": {
    "increased": [
      {
        "ctgr2": "샘플대(제작/구입)",
        "ctgr3": "소모품비_샘플대",
        "gl_nm": "소모품비_샘플대_재고대체",
        "prev_year": 0.0,
        "curr_year": 0.42,
        "change": 0.42,
        "change_pct": 0,
        "is_new": true,
        "is_discontinued": false
      },
      {
        "ctgr2": "샘플대(제작/구입)",
        "ctgr3": "샘플구입대",
        "gl_nm": "샘플구입대_해외",
        "prev_year": 0.0,
        "curr_year": 10.16,
        "change": 10.16,
        "change_pct": 0,
        "is_new": true,
        "is_discontinued": false
      },
      {
        "ctgr2": "샘플대(제작/구입)",
        "ctgr3": "샘플구입대",
        "gl_nm": "샘플구입대_국내",
        "prev_year": 1.23,
        "curr_year": 3.35,
        "change": 2.13,
        "change_pct": 173.6,
        "is_new": false,
        "is_discontinued": false
      }
    ],
    "decreased": [
      {
        "ctgr2": "샘플대(제작/구입)",
        "ctgr3": "소모품비_샘플대",
        "gl_nm": "소모품비_샘플대",
        "prev_year": 140.87,
        "curr_year": 91.76,
        "change": -49.12,
        "change_pct": -34.9,
        "is_new": false,
        "is_discontinued": false
      }
    ],
    "new_investments": [
      {
        "ctgr2": "샘플대(제작/구입)",
        "ctgr3": "소모품비_샘플대",
        "gl_nm": "소모품비_샘플대_재고대체",
        "prev_year": 0.0,
        "curr_year": 0.42,
        "change": 0.42,
        "change_pct": 0,
        "is_new": true,
        "is_discontinued": false
      },
      {
        "ctgr2": "샘플대(제작/구입)",
        "ctgr3": "샘플구입대",
        "gl_nm": "샘플구입대_해외",
        "prev_year": 0.0,
        "curr_year": 10.16,
        "change": 10.16,
        "change_pct": 0,
        "is_new": true,
        "is_discontinued": false
      }
    ],
    "discontinued": []
  },
  "raw_data": {
    "total_records": [
      {
        "PST_YYYYMM": "202411",
        "TOTAL_AMT": 142100104.0
      },
      {
        "PST_YYYYMM": "202511",
        "TOTAL_AMT": 105694425.0
      }
    ],
    "detail_records": [
      {
        "PST_YYYYMM": "202411",
        "BRD_CD": "X",
        "BRD_NM": "DISCOVERY",
        "CTGR1": "샘플대(제작/구입)",
        "CTGR2": "샘플대(제작/구입)",
        "CTGR3": "소모품비_샘플대",
        "GL_NM": "소모품비_샘플대",
        "TTL_USE_AMT": 140874778.0
      },
      {
        "PST_YYYYMM": "202511",
        "BRD_CD": "X",
        "BRD_NM": "DISCOVERY",
        "CTGR1": "샘플대(제작/구입)",
        "CTGR2": "샘플대(제작/구입)",
        "CTGR3": "소모품비_샘플대",
        "GL_NM": "소모품비_샘플대",
        "TTL_USE_AMT": 91759400.0
      },
      {
        "PST_YYYYMM": "202511",
        "BRD_CD": "X",
        "BRD_NM": "DISCOVERY",
        "CTGR1": "샘플대(제작/구입)",
        "CTGR2": "샘플대(제작/구입)",
        "CTGR3": "샘플구입대",
        "GL_NM": "샘플구입대_해외",
        "TTL_USE_AMT": 10160603.0
      },
      {
        "PST_YYYYMM": "202511",
        "BRD_CD": "X",
        "BRD_NM": "DISCOVERY",
        "CTGR1": "샘플대(제작/구입)",
        "CTGR2": "샘플대(제작/구입)",
        "CTGR3": "샘플구입대",
        "GL_NM": "샘플구입대_국내",
        "TTL_USE_AMT": 3352891.0
      },
      {
        "PST_YYYYMM": "202411",
        "BRD_CD": "X",
        "BRD_NM": "DISCOVERY",
        "CTGR1": "샘플대(제작/구입)",
        "CTGR2": "샘플대(제작/구입)",
        "CTGR3": "샘플구입대",
        "GL_NM": "샘플구입대_국내",
        "TTL_USE_AMT": 1225326.0
      },
      {
        "PST_YYYYMM": "202511",
        "BRD_CD": "X",
        "BRD_NM": "DISCOVERY",
        "CTGR1": "샘플대(제작/구입)",
        "CTGR2": "샘플대(제작/구입)",
        "CTGR3": "소모품비_샘플대",
        "GL_NM": "소모품비_샘플대_재고대체",
        "TTL_USE_AMT": 421531.0
      },
      {
        "PST_YYYYMM": "202411",
        "BRD_CD": "X",
        "BRD_NM": "DISCOVERY",
        "CTGR1": "샘플대(제작/구입)",
        "CTGR2": "샘플대(제작/구입)",
        "CTGR3": "소모품비_샘플대",
        "GL_NM": "소모품비_샘플대_재고대체",
        "TTL_USE_AMT": 0.0
      },
      {
        "PST_YYYYMM": "202411",
        "BRD_CD": "X",
        "BRD_NM": "DISCOVERY",
        "CTGR1": "샘플대(제작/구입)",
        "CTGR2": "샘플대(제작/구입)",
        "CTGR3": "샘플구입대",
        "GL_NM": "샘플구입대_해외",
        "TTL_USE_AMT": 0.0
      }
    ]
  },
  "trend_data": {
    "trend_months": [
      "202412",
      "202501",
      "202502",
      "202503",
      "202504",
      "202505",
      "202506",
      "202507",
      "202508",
      "202509",
      "202510",
      "202511"
    ],
    "monthly_totals": [
      {
        "yyyymm": "202412",
        "total_amount": -31.39
      },
      {
        "yyyymm": "202501",
        "total_amount": 22.8
      },
      {
        "yyyymm": "202502",
        "total_amount": 19.17
      },
      {
        "yyyymm": "202503",
        "total_amount": 36.79
      },
      {
        "yyyymm": "202504",
        "total_amount": 338.42
      },
      {
        "yyyymm": "202505",
        "total_amount": 9.16
      },
      {
        "yyyymm": "202506",
        "total_amount": 13.15
      },
      {
        "yyyymm": "202507",
        "total_amount": 3.12
      },
      {
        "yyyymm": "202508",
        "total_amount": 6.01
      },
      {
        "yyyymm": "202509",
        "total_amount": 57.48
      },
      {
        "yyyymm": "202510",
        "total_amount": 71.52
      },
      {
        "yyyymm": "202511",
        "total_amount": 105.69
      }
    ],
    "monthly_details": [
      {
        "yyyymm": "202412",
        "ctgr2": "샘플대(제작/구입)",
        "ctgr3": "소모품비_샘플대",
        "gl_nm": "소모품비_샘플대_재고대체",
        "amount": 11.23
      },
      {
        "yyyymm": "202412",
        "ctgr2": "샘플대(제작/구입)",
        "ctgr3": "샘플구입대",
        "gl_nm": "샘플구입대_국내",
        "amount": 1.64
      },
      {
        "yyyymm": "202412",
        "ctgr2": "샘플대(제작/구입)",
        "ctgr3": "샘플구입대",
        "gl_nm": "샘플구입대_해외",
        "amount": 0.51
      },
      {
        "yyyymm": "202412",
        "ctgr2": "샘플대(제작/구입)",
        "ctgr3": "소모품비_샘플대",
        "gl_nm": "소모품비_샘플대",
        "amount": -44.78
      },
      {
        "yyyymm": "202501",
        "ctgr2": "샘플대(제작/구입)",
        "ctgr3": "소모품비_샘플대",
        "gl_nm": "소모품비_샘플대",
        "amount": 14.45
      },
      {
        "yyyymm": "202501",
        "ctgr2": "샘플대(제작/구입)",
        "ctgr3": "샘플구입대",
        "gl_nm": "샘플구입대_해외",
        "amount": 4.9
      },
      {
        "yyyymm": "202501",
        "ctgr2": "샘플대(제작/구입)",
        "ctgr3": "샘플구입대",
        "gl_nm": "샘플구입대_국내",
        "amount": 3.45
      },
      {
        "yyyymm": "202501",
        "ctgr2": "샘플대(제작/구입)",
        "ctgr3": "소모품비_샘플대",
        "gl_nm": "소모품비_샘플대_재고대체",
        "amount": 0.0
      },
      {
        "yyyymm": "202502",
        "ctgr2": "샘플대(제작/구입)",
        "ctgr3": "소모품비_샘플대",
        "gl_nm": "소모품비_샘플대",
        "amount": 14.09
      },
      {
        "yyyymm": "202502",
        "ctgr2": "샘플대(제작/구입)",
        "ctgr3": "샘플구입대",
        "gl_nm": "샘플구입대_국내",
        "amount": 3.81
      },
      {
        "yyyymm": "202502",
        "ctgr2": "샘플대(제작/구입)",
        "ctgr3": "샘플구입대",
        "gl_nm": "샘플구입대_해외",
        "amount": 1.08
      },
      {
        "yyyymm": "202502",
        "ctgr2": "샘플대(제작/구입)",
        "ctgr3": "소모품비_샘플대",
        "gl_nm": "소모품비_샘플대_재고대체",
        "amount": 0.18
      },
      {
        "yyyymm": "202503",
        "ctgr2": "샘플대(제작/구입)",
        "ctgr3": "샘플구입대",
        "gl_nm": "샘플구입대_해외",
        "amount": 20.58
      },
      {
        "yyyymm": "202503",
        "ctgr2": "샘플대(제작/구입)",
        "ctgr3": "샘플구입대",
        "gl_nm": "샘플구입대_국내",
        "amount": 10.62
      },
      {
        "yyyymm": "202503",
        "ctgr2": "샘플대(제작/구입)",
        "ctgr3": "소모품비_샘플대",
        "gl_nm": "소모품비_샘플대",
        "amount": 5.3
      },
      {
        "yyyymm": "202503",
        "ctgr2": "샘플대(제작/구입)",
        "ctgr3": "소모품비_샘플대",
        "gl_nm": "소모품비_샘플대_재고대체",
        "amount": 0.29
      },
      {
        "yyyymm": "202504",
        "ctgr2": "샘플대(제작/구입)",
        "ctgr3": "소모품비_샘플대",
        "gl_nm": "소모품비_샘플대",
        "amount": 330.98
      },
      {
        "yyyymm": "202504",
        "ctgr2": "샘플대(제작/구입)",
        "ctgr3": "샘플구입대",
        "gl_nm": "샘플구입대_국내",
        "amount": 4.25
      },
      {
        "yyyymm": "202504",
        "ctgr2": "샘플대(제작/구입)",
        "ctgr3": "샘플구입대",
        "gl_nm": "샘플구입대_해외",
        "amount": 2.64
      },
      {
        "yyyymm": "202504",
        "ctgr2": "샘플대(제작/구입)",
        "ctgr3": "소모품비_샘플대",
        "gl_nm": "소모품비_샘플대_재고대체",
        "amount": 0.57
      },
      {
        "yyyymm": "202505",
        "ctgr2": "샘플대(제작/구입)",
        "ctgr3": "샘플구입대",
        "gl_nm": "샘플구입대_국내",
        "amount": 3.82
      },
      {
        "yyyymm": "202505",
        "ctgr2": "샘플대(제작/구입)",
        "ctgr3": "샘플구입대",
        "gl_nm": "샘플구입대_해외",
        "amount": 3.05
      },
      {
        "yyyymm": "202505",
        "ctgr2": "샘플대(제작/구입)",
        "ctgr3": "소모품비_샘플대",
        "gl_nm": "소모품비_샘플대",
        "amount": 2.29
      },
      {
        "yyyymm": "202505",
        "ctgr2": "샘플대(제작/구입)",
        "ctgr3": "소모품비_샘플대",
        "gl_nm": "소모품비_샘플대_재고대체",
        "amount": 0.0
      },
      {
        "yyyymm": "202506",
        "ctgr2": "샘플대(제작/구입)",
        "ctgr3": "샘플구입대",
        "gl_nm": "샘플구입대_해외",
        "amount": 6.54
      },
      {
        "yyyymm": "202506",
        "ctgr2": "샘플대(제작/구입)",
        "ctgr3": "샘플구입대",
        "gl_nm": "샘플구입대_국내",
        "amount": 4.94
      },
      {
        "yyyymm": "202506",
        "ctgr2": "샘플대(제작/구입)",
        "ctgr3": "소모품비_샘플대",
        "gl_nm": "소모품비_샘플대",
        "amount": 1.67
      },
      {
        "yyyymm": "202506",
        "ctgr2": "샘플대(제작/구입)",
        "ctgr3": "소모품비_샘플대",
        "gl_nm": "소모품비_샘플대_재고대체",
        "amount": 0.0
      },
      {
        "yyyymm": "202507",
        "ctgr2": "샘플대(제작/구입)",
        "ctgr3": "샘플구입대",
        "gl_nm": "샘플구입대_국내",
        "amount": 2.55
      },
      {
        "yyyymm": "202507",
        "ctgr2": "샘플대(제작/구입)",
        "ctgr3": "소모품비_샘플대",
        "gl_nm": "소모품비_샘플대",
        "amount": 0.35
      },
      {
        "yyyymm": "202507",
        "ctgr2": "샘플대(제작/구입)",
        "ctgr3": "소모품비_샘플대",
        "gl_nm": "소모품비_샘플대_재고대체",
        "amount": 0.22
      },
      {
        "yyyymm": "202507",
        "ctgr2": "샘플대(제작/구입)",
        "ctgr3": "샘플구입대",
        "gl_nm": "샘플구입대_해외",
        "amount": 0.0
      },
      {
        "yyyymm": "202508",
        "ctgr2": "샘플대(제작/구입)",
        "ctgr3": "샘플구입대",
        "gl_nm": "샘플구입대_국내",
        "amount": 3.17
      },
      {
        "yyyymm": "202508",
        "ctgr2": "샘플대(제작/구입)",
        "ctgr3": "소모품비_샘플대",
        "gl_nm": "소모품비_샘플대",
        "amount": 2.8
      },
      {
        "yyyymm": "202508",
        "ctgr2": "샘플대(제작/구입)",
        "ctgr3": "소모품비_샘플대",
        "gl_nm": "소모품비_샘플대_재고대체",
        "amount": 0.04
      },
      {
        "yyyymm": "202508",
        "ctgr2": "샘플대(제작/구입)",
        "ctgr3": "샘플구입대",
        "gl_nm": "샘플구입대_해외",
        "amount": 0.0
      },
      {
        "yyyymm": "202509",
        "ctgr2": "샘플대(제작/구입)",
        "ctgr3": "소모품비_샘플대",
        "gl_nm": "소모품비_샘플대",
        "amount": 46.53
      },
      {
        "yyyymm": "202509",
        "ctgr2": "샘플대(제작/구입)",
        "ctgr3": "샘플구입대",
        "gl_nm": "샘플구입대_국내",
        "amount": 10.95
      },
      {
        "yyyymm": "202509",
        "ctgr2": "샘플대(제작/구입)",
        "ctgr3": "샘플구입대",
        "gl_nm": "샘플구입대_해외",
        "amount": 0.0
      },
      {
        "yyyymm": "202509",
        "ctgr2": "샘플대(제작/구입)",
        "ctgr3": "소모품비_샘플대",
        "gl_nm": "소모품비_샘플대_재고대체",
        "amount": 0.0
      },
      {
        "yyyymm": "202510",
        "ctgr2": "샘플대(제작/구입)",
        "ctgr3": "소모품비_샘플대",
        "gl_nm": "소모품비_샘플대",
        "amount": 58.35
      },
      {
        "yyyymm": "202510",
        "ctgr2": "샘플대(제작/구입)",
        "ctgr3": "샘플구입대",
        "gl_nm": "샘플구입대_국내",
        "amount": 7.18
      },
      {
        "yyyymm": "202510",
        "ctgr2": "샘플대(제작/구입)",
        "ctgr3": "샘플구입대",
        "gl_nm": "샘플구입대_해외",
        "amount": 4.68
      },
      {
        "yyyymm": "202510",
        "ctgr2": "샘플대(제작/구입)",
        "ctgr3": "소모품비_샘플대",
        "gl_nm": "소모품비_샘플대_재고대체",
        "amount": 1.32
      },
      {
        "yyyymm": "202511",
        "ctgr2": "샘플대(제작/구입)",
        "ctgr3": "소모품비_샘플대",
        "gl_nm": "소모품비_샘플대",
        "amount": 91.76
      },
      {
        "yyyymm": "202511",
        "ctgr2": "샘플대(제작/구입)",
        "ctgr3": "샘플구입대",
        "gl_nm": "샘플구입대_해외",
        "amount": 10.16
      },
      {
        "yyyymm": "202511",
        "ctgr2": "샘플대(제작/구입)",
        "ctgr3": "샘플구입대",
        "gl_nm": "샘플구입대_국내",
        "amount": 3.35
      },
      {
        "yyyymm": "202511",
        "ctgr2": "샘플대(제작/구입)",
        "ctgr3": "소모품비_샘플대",
        "gl_nm": "소모품비_샘플대_재고대체",
        "amount": 0.42
      }
    ]
  }
}