{
  "country": "KR",
  "brand_cd": "I",
  "yyyymm": "202511",
  "key": "영업비",
  "sub_key": "공통비",
  "analysis_data": {
    "title": "공통비 분석",
    "sections": [
      {
        "div": "종합분석-1",
        "sub_title": "투자 방향성 종합 평가",
        "ai_text": "MLB KIDS 브랜드의 2025년 11월 공통비 투자는 전년 대비 4.2% 증가한 490백만원으로 확대되었으나, 투자 구조에 전략적 변화가 감지됩니다. 전체 공통비 증가 20백만원 중 공통 인건비가 21백만원 증가한 반면, 공통비 배부는 1백만원 소폭 감소하여 인력 투자 중심의 선택적 확대 전략을 보여줍니다. 이는 브랜드 운영 역량 강화를 위한 내부 투자 확대와 운영 효율성 제고를 동시에 추구하는 균형잡힌 접근으로 평가됩니다."
      },
      {
        "div": "종합분석-2",
        "sub_title": "효율적 투자 영역",
        "ai_text": "• 공통 인건비 전략적 확대: 177백만원에서 198백만원으로 21백만원(11.9%) 증가하여 브랜드 전담 인력 확충 및 전문성 강화\n• 공통비 배부 안정적 유지: 293백만원에서 291백만원으로 소폭 감소(-0.5%)하여 운영 효율성 개선 노력 확인\n• 총 공통비 대비 인건비 비중 확대: 37.7%에서 40.5%로 증가하여 인적 자원 투자 우선순위 명확화\n• 브랜드 성장 기반 구축: 인력 투자 확대를 통한 장기적 경쟁력 강화 기반 마련"
      },
      {
        "div": "종합분석-3",
        "sub_title": "주의 필요 영역",
        "ai_text": "• 공통비 배부 효율성 점검 필요: 전년 동일 수준 유지로 배부 기준 및 효율성 재검토 요구\n• 인건비 증가율 모니터링: 11.9% 증가가 매출 성장률과 연동되는지 지속적 추적 필요\n• 총 공통비 증가 지속성: 4.2% 증가 추세가 브랜드 수익성에 미치는 장기적 영향 분석 요구\n• 비용 구조 변화 관리: 인건비 비중 확대에 따른 고정비 증가 리스크 관리 필요"
      },
      {
        "div": "종합분석-4",
        "sub_title": "이상징후 및 리스크 감지",
        "ai_text": "• 공통비 구조의 불균형 심화: 공통 인건비는 대폭 증가한 반면 공통비 배부는 감소하여 비용 구조의 편중 현상 발생\n• 고정비 부담 증가 위험: 인건비 증가로 인한 고정비 비중 확대가 매출 변동 시 수익성 악화 요인으로 작용할 가능성\n• 투자 효율성 검증 부족: 인건비 증가에 대한 명확한 성과 지표 및 ROI 측정 체계 부재 우려\n• 예산 배분 기준 모호: 공통비 배부 기준의 투명성 및 합리성 재검토 필요성 대두"
      },
      {
        "div": "종합분석-5",
        "sub_title": "마케팅 전략 최적화 방안",
        "ai_text": "### 즉시 실행 방안\n1. 인건비 투자 효과 측정: 증가된 21백만원 인건비 투자에 대한 KPI 설정 및 분기별 성과 모니터링 체계 구축\n2. 공통비 배부 기준 재정립: 현행 배부 방식의 효율성 점검 및 브랜드별 기여도 기반 배부 체계 도입\n3. 비용 효율성 진단: 월별 공통비 운영 현황 리포팅 체계 구축으로 실시간 비용 관리 강화\n\n### 중장기 전략 방향\n1. 인력 투자 ROI 극대화: 브랜드 전담 조직 확대를 통한 시장 대응력 강화 및 매출 성장 동력 확보\n2. 스마트 공통비 운영: AI 기반 비용 배부 시스템 도입으로 정확성 및 투명성 제고\n3. 성과 연동 예산 체계: 브랜드별 수익성과 연동된 공통비 배분 모델 구축으로 투자 효율성 극대화"
      }
    ]
  },
  "ctgr1": "공통비",
  "summary": {
    "prev_year_total": 469.84,
    "curr_year_total": 489.58,
    "change_amount": 19.74,
    "change_pct": 4.2,
    "investment_direction": "증가"
  },
  "categories": [
    {
      "ctgr2": "공통비",
      "ctgr3": "공통비 배부",
      "gl_nm": null,
      "prev_year": 292.79,
      "curr_year": 291.45,
      "change": -1.34,
      "change_pct": -0.5,
      "is_new": false,
      "is_discontinued": false
    },
    {
      "ctgr2": "공통비",
      "ctgr3": "공통 인건비",
      "gl_nm": null,
      "prev_year": 177.05,
      "curr_year": 198.12,
      "change": 21.08,
      "change_pct": 11.9,
      "is_new": false,
      "is_discontinued": false
    }
  ],
  "category_summary": {
    "increased": [
      {
        "ctgr2": "공통비",
        "ctgr3": "공통 인건비",
        "gl_nm": null,
        "prev_year": 177.05,
        "curr_year": 198.12,
        "change": 21.08,
        "change_pct": 11.9,
        "is_new": false,
        "is_discontinued": false
      }
    ],
    "decreased": [
      {
        "ctgr2": "공통비",
        "ctgr3": "공통비 배부",
        "gl_nm": null,
        "prev_year": 292.79,
        "curr_year": 291.45,
        "change": -1.34,
        "change_pct": -0.5,
        "is_new": false,
        "is_discontinued": false
      }
    ],
    "new_investments": [],
    "discontinued": []
  },
  "raw_data": {
    "total_records": [
      {
        "PST_YYYYMM": "202411",
        "TOTAL_AMT": 469841402.0
      },
      {
        "PST_YYYYMM": "202511",
        "TOTAL_AMT": 489578623.0
      }
    ],
    "detail_records": [
      {
        "PST_YYYYMM": "202411",
        "BRD_CD": "I",
        "BRD_NM": "MLB KIDS",
        "CTGR1": "공통비",
        "CTGR2": "공통비",
        "CTGR3": "공통비 배부",
        "GL_NM": null,
        "TTL_USE_AMT": 292793336.0
      },
      {
        "PST_YYYYMM": "202511",
        "BRD_CD": "I",
        "BRD_NM": "MLB KIDS",
        "CTGR1": "공통비",
        "CTGR2": "공통비",
        "CTGR3": "공통비 배부",
        "GL_NM": null,
        "TTL_USE_AMT": 291453995.0
      },
      {
        "PST_YYYYMM": "202511",
        "BRD_CD": "I",
        "BRD_NM": "MLB KIDS",
        "CTGR1": "공통비",
        "CTGR2": "공통비",
        "CTGR3": "공통 인건비",
        "GL_NM": null,
        "TTL_USE_AMT": 198124628.0
      },
      {
        "PST_YYYYMM": "202411",
        "BRD_CD": "I",
        "BRD_NM": "MLB KIDS",
        "CTGR1": "공통비",
        "CTGR2": "공통비",
        "CTGR3": "공통 인건비",
        "GL_NM": null,
        "TTL_USE_AMT": 177048066.0
      }
    ]
  },
  "trend_data": {
    "trend_months": [
      "202412",
      "202501",
      "202502",
      "202503",
      "202504",
      "202505",
      "202506",
      "202507",
      "202508",
      "202509",
      "202510",
      "202511"
    ],
    "monthly_totals": [
      {
        "yyyymm": "202412",
        "total_amount": 456.72
      },
      {
        "yyyymm": "202501",
        "total_amount": 582.6
      },
      {
        "yyyymm": "202502",
        "total_amount": 557.45
      },
      {
        "yyyymm": "202503",
        "total_amount": 594.71
      },
      {
        "yyyymm": "202504",
        "total_amount": 767.25
      },
      {
        "yyyymm": "202505",
        "total_amount": 574.33
      },
      {
        "yyyymm": "202506",
        "total_amount": 484.71
      },
      {
        "yyyymm": "202507",
        "total_amount": 582.85
      },
      {
        "yyyymm": "202508",
        "total_amount": 585.87
      },
      {
        "yyyymm": "202509",
        "total_amount": 611.47
      },
      {
        "yyyymm": "202510",
        "total_amount": 591.75
      },
      {
        "yyyymm": "202511",
        "total_amount": 489.58
      }
    ],
    "monthly_details": [
      {
        "yyyymm": "202412",
        "ctgr2": "공통비",
        "ctgr3": "공통비 배부",
        "gl_nm": null,
        "amount": 291.81
      },
      {
        "yyyymm": "202412",
        "ctgr2": "공통비",
        "ctgr3": "공통 인건비",
        "gl_nm": null,
        "amount": 164.91
      },
      {
        "yyyymm": "202501",
        "ctgr2": "공통비",
        "ctgr3": "공통비 배부",
        "gl_nm": null,
        "amount": 376.09
      },
      {
        "yyyymm": "202501",
        "ctgr2": "공통비",
        "ctgr3": "공통 인건비",
        "gl_nm": null,
        "amount": 206.51
      },
      {
        "yyyymm": "202502",
        "ctgr2": "공통비",
        "ctgr3": "공통비 배부",
        "gl_nm": null,
        "amount": 341.22
      },
      {
        "yyyymm": "202502",
        "ctgr2": "공통비",
        "ctgr3": "공통 인건비",
        "gl_nm": null,
        "amount": 216.22
      },
      {
        "yyyymm": "202503",
        "ctgr2": "공통비",
        "ctgr3": "공통비 배부",
        "gl_nm": null,
        "amount": 354.33
      },
      {
        "yyyymm": "202503",
        "ctgr2": "공통비",
        "ctgr3": "공통 인건비",
        "gl_nm": null,
        "amount": 240.38
      },
      {
        "yyyymm": "202504",
        "ctgr2": "공통비",
        "ctgr3": "공통비 배부",
        "gl_nm": null,
        "amount": 397.85
      },
      {
        "yyyymm": "202504",
        "ctgr2": "공통비",
        "ctgr3": "공통 인건비",
        "gl_nm": null,
        "amount": 369.4
      },
      {
        "yyyymm": "202505",
        "ctgr2": "공통비",
        "ctgr3": "공통비 배부",
        "gl_nm": null,
        "amount": 333.0
      },
      {
        "yyyymm": "202505",
        "ctgr2": "공통비",
        "ctgr3": "공통 인건비",
        "gl_nm": null,
        "amount": 241.32
      },
      {
        "yyyymm": "202506",
        "ctgr2": "공통비",
        "ctgr3": "공통비 배부",
        "gl_nm": null,
        "amount": 273.8
      },
      {
        "yyyymm": "202506",
        "ctgr2": "공통비",
        "ctgr3": "공통 인건비",
        "gl_nm": null,
        "amount": 210.92
      },
      {
        "yyyymm": "202507",
        "ctgr2": "공통비",
        "ctgr3": "공통비 배부",
        "gl_nm": null,
        "amount": 357.07
      },
      {
        "yyyymm": "202507",
        "ctgr2": "공통비",
        "ctgr3": "공통 인건비",
        "gl_nm": null,
        "amount": 225.77
      },
      {
        "yyyymm": "202508",
        "ctgr2": "공통비",
        "ctgr3": "공통비 배부",
        "gl_nm": null,
        "amount": 357.74
      },
      {
        "yyyymm": "202508",
        "ctgr2": "공통비",
        "ctgr3": "공통 인건비",
        "gl_nm": null,
        "amount": 228.14
      },
      {
        "yyyymm": "202509",
        "ctgr2": "공통비",
        "ctgr3": "공통비 배부",
        "gl_nm": null,
        "amount": 369.94
      },
      {
        "yyyymm": "202509",
        "ctgr2": "공통비",
        "ctgr3": "공통 인건비",
        "gl_nm": null,
        "amount": 241.52
      },
      {
        "yyyymm": "202510",
        "ctgr2": "공통비",
        "ctgr3": "공통 인건비",
        "gl_nm": null,
        "amount": 306.62
      },
      {
        "yyyymm": "202510",
        "ctgr2": "공통비",
        "ctgr3": "공통비 배부",
        "gl_nm": null,
        "amount": 285.13
      },
      {
        "yyyymm": "202511",
        "ctgr2": "공통비",
        "ctgr3": "공통비 배부",
        "gl_nm": null,
        "amount": 291.45
      },
      {
        "yyyymm": "202511",
        "ctgr2": "공통비",
        "ctgr3": "공통 인건비",
        "gl_nm": null,
        "amount": 198.12
      }
    ]
  }
}