{
  "country": "KR",
  "brand_cd": "ST",
  "brand_name": "SERGIO TACCHINI",
  "yyyymm": "202511",
  "yyyymm_py": "202411",
  "key": "월별아이템별매출추세",
  "analysis_data": {
    "title": "아이템별 매출 종합분석 (당해 1월~현재월)",
    "sections": [
      {
        "div": "종합분석-1",
        "sub_title": "시즌 트렌드",
        "ai_text": "• 25F 의류는 4월부터 판매 시작하여 9-10월 피크(283백만원)를 기록하며 전체 비중 16.4%로 계절성이 뚜렷함\n• 25S 의류는 3-5월 성수기(492백만원 최고)를 보이며 전체 비중 23.9%로 안정적 성과를 달성\n• 과시즌 의류는 매출 비중 47.5%로 브랜드 핵심 동력이며, 10월(490백만원) 성수기와 여름철 둔화 패턴을 보임"
      },
      {
        "div": "종합분석-2",
        "sub_title": "카테고리",
        "ai_text": "• 신발 카테고리는 3월 피크(91백만원) 후 하락세를 보이다가 11월 회복(67백만원)하며 전체 비중 6.5%를 차지\n• 가방은 5월 최고 매출(54백만원)을 기록한 후 안정적 추세를 유지하며 전체 비중 4.4%의 꾸준한 성과를 보임\n• 모자는 4-5월 성수기(51백만원 최고)를 보이며 전체 비중 3.9%로 계절성 영향을 크게 받는 패턴을 나타냄"
      },
      {
        "div": "종합분석-3",
        "sub_title": "핵심액션",
        "ai_text": "• 과시즌 의류의 여름철 매출 둔화(6-8월) 대응을 위해 쿨링 소재 및 기능성 제품 라인업 강화 필요\n• 신발 카테고리의 성장세 회복을 위해 25F 시즌 연계 스타일링 상품과 크로스 머천다이징 전략 실행\n• 25S 시즌 조기 종료(8월 이후 급락) 패턴 개선을 위해 늦여름-초가을 브릿지 상품군 개발 및 재고 관리 최적화"
      }
    ]
  },
  "summary": {
    "total_sales": 8740.0,
    "unique_months": 11,
    "analysis_period": "2025년 01월 ~ 2025년 11월"
  },
  "season_items": [
    {
      "name": "과시즌 의류",
      "total_sales": 3961.0,
      "months": {
        "01": 348.0,
        "02": 349.0,
        "03": 375.0,
        "04": 384.0,
        "05": 430.0,
        "06": 291.0,
        "07": 280.0,
        "08": 274.0,
        "09": 301.0,
        "10": 490.0,
        "11": 439.0
      },
      "avg_ratio": 47.45454545454545,
      "avg_yoy": 373.54545454545456
    },
    {
      "name": "25S 의류",
      "total_sales": 2260.0,
      "months": {
        "01": 10.0,
        "02": 75.0,
        "03": 267.0,
        "04": 397.0,
        "05": 492.0,
        "06": 311.0,
        "07": 307.0,
        "08": 176.0,
        "09": 103.0,
        "10": 78.0,
        "11": 44.0
      },
      "avg_ratio": 23.90909090909091,
      "avg_yoy": 79.72727272727273
    },
    {
      "name": "25F 의류",
      "total_sales": 1085.0,
      "months": {
        "04": 16.0,
        "05": 24.0,
        "06": 138.0,
        "07": 95.0,
        "08": 96.0,
        "09": 219.0,
        "10": 283.0,
        "11": 214.0
      },
      "avg_ratio": 16.375,
      "avg_yoy": 113.375
    }
  ],
  "category_items": [
    {
      "name": "신발",
      "total_sales": 569.0,
      "months": {
        "01": 27.0,
        "02": 60.0,
        "03": 91.0,
        "04": 81.0,
        "05": 49.0,
        "06": 37.0,
        "07": 38.0,
        "08": 35.0,
        "09": 29.0,
        "10": 55.0,
        "11": 67.0
      },
      "avg_ratio": 6.454545454545454,
      "avg_yoy": 188.54545454545453
    },
    {
      "name": "가방",
      "total_sales": 366.0,
      "months": {
        "01": 24.0,
        "02": 35.0,
        "03": 36.0,
        "04": 38.0,
        "05": 54.0,
        "06": 35.0,
        "07": 27.0,
        "08": 29.0,
        "09": 27.0,
        "10": 40.0,
        "11": 21.0
      },
      "avg_ratio": 4.363636363636363,
      "avg_yoy": 129.63636363636363
    },
    {
      "name": "모자",
      "total_sales": 328.0,
      "months": {
        "01": 15.0,
        "02": 20.0,
        "03": 36.0,
        "04": 45.0,
        "05": 51.0,
        "06": 36.0,
        "07": 28.0,
        "08": 24.0,
        "09": 29.0,
        "10": 27.0,
        "11": 17.0
      },
      "avg_ratio": 3.909090909090909,
      "avg_yoy": 139.8181818181818
    },
    {
      "name": "기타ACC",
      "total_sales": 138.0,
      "months": {
        "01": 7.0,
        "02": 8.0,
        "03": 13.0,
        "04": 18.0,
        "05": 19.0,
        "06": 14.0,
        "07": 13.0,
        "08": 11.0,
        "09": 11.0,
        "10": 15.0,
        "11": 9.0
      },
      "avg_ratio": 1.6363636363636365,
      "avg_yoy": 115.63636363636364
    }
  ],
  "raw_data": {
    "sample_records": [
      {
        "MONTH": "01",
        "CHNL_NM": "전체",
        "SALE_AMT": 433.0,
        "RATIO": 100.0,
        "YOY": 222.0,
        "SEQ": 1
      },
      {
        "MONTH": "01",
        "CHNL_NM": "백화점",
        "SALE_AMT": 54.0,
        "RATIO": 13.0,
        "YOY": 76.0,
        "SEQ": 2
      },
      {
        "MONTH": "01",
        "CHNL_NM": "직영기타",
        "SALE_AMT": 74.0,
        "RATIO": 17.0,
        "YOY": 190.0,
        "SEQ": 2
      },
      {
        "MONTH": "01",
        "CHNL_NM": "제휴몰",
        "SALE_AMT": 76.0,
        "RATIO": 17.0,
        "YOY": 435.0,
        "SEQ": 2
      },
      {
        "MONTH": "01",
        "CHNL_NM": "자사몰",
        "SALE_AMT": 129.0,
        "RATIO": 30.0,
        "YOY": 222.0,
        "SEQ": 2
      },
      {
        "MONTH": "01",
        "CHNL_NM": "면세점",
        "SALE_AMT": 52.0,
        "RATIO": 12.0,
        "YOY": 561.0,
        "SEQ": 2
      },
      {
        "MONTH": "01",
        "CHNL_NM": "아울렛",
        "SALE_AMT": 47.0,
        "RATIO": 11.0,
        "YOY": 0.0,
        "SEQ": 2
      },
      {
        "MONTH": "01",
        "CHNL_NM": "25S 의류",
        "SALE_AMT": 10.0,
        "RATIO": 2.0,
        "YOY": 46.0,
        "SEQ": 3
      },
      {
        "MONTH": "01",
        "CHNL_NM": "과시즌 의류",
        "SALE_AMT": 348.0,
        "RATIO": 80.0,
        "YOY": 290.0,
        "SEQ": 3
      },
      {
        "MONTH": "01",
        "CHNL_NM": "모자",
        "SALE_AMT": 15.0,
        "RATIO": 4.0,
        "YOY": 230.0,
        "SEQ": 3
      },
      {
        "MONTH": "01",
        "CHNL_NM": "신발",
        "SALE_AMT": 27.0,
        "RATIO": 6.0,
        "YOY": 117.0,
        "SEQ": 3
      },
      {
        "MONTH": "01",
        "CHNL_NM": "가방",
        "SALE_AMT": 24.0,
        "RATIO": 6.0,
        "YOY": 135.0,
        "SEQ": 3
      },
      {
        "MONTH": "01",
        "CHNL_NM": "기타ACC",
        "SALE_AMT": 7.0,
        "RATIO": 2.0,
        "YOY": 161.0,
        "SEQ": 3
      },
      {
        "MONTH": "02",
        "CHNL_NM": "전체",
        "SALE_AMT": 546.0,
        "RATIO": 100.0,
        "YOY": 216.0,
        "SEQ": 1
      },
      {
        "MONTH": "02",
        "CHNL_NM": "백화점",
        "SALE_AMT": 63.0,
        "RATIO": 12.0,
        "YOY": 70.0,
        "SEQ": 2
      },
      {
        "MONTH": "02",
        "CHNL_NM": "직영기타",
        "SALE_AMT": 65.0,
        "RATIO": 12.0,
        "YOY": 85.0,
        "SEQ": 2
      },
      {
        "MONTH": "02",
        "CHNL_NM": "제휴몰",
        "SALE_AMT": 193.0,
        "RATIO": 35.0,
        "YOY": 1708.0,
        "SEQ": 2
      },
      {
        "MONTH": "02",
        "CHNL_NM": "자사몰",
        "SALE_AMT": 140.0,
        "RATIO": 26.0,
        "YOY": 206.0,
        "SEQ": 2
      },
      {
        "MONTH": "02",
        "CHNL_NM": "면세점",
        "SALE_AMT": 43.0,
        "RATIO": 8.0,
        "YOY": 580.0,
        "SEQ": 2
      },
      {
        "MONTH": "02",
        "CHNL_NM": "아울렛",
        "SALE_AMT": 41.0,
        "RATIO": 7.0,
        "YOY": 0.0,
        "SEQ": 2
      },
      {
        "MONTH": "02",
        "CHNL_NM": "25S 의류",
        "SALE_AMT": 75.0,
        "RATIO": 14.0,
        "YOY": 51.0,
        "SEQ": 3
      },
      {
        "MONTH": "02",
        "CHNL_NM": "과시즌 의류",
        "SALE_AMT": 349.0,
        "RATIO": 64.0,
        "YOY": 732.0,
        "SEQ": 3
      },
      {
        "MONTH": "02",
        "CHNL_NM": "모자",
        "SALE_AMT": 20.0,
        "RATIO": 4.0,
        "YOY": 185.0,
        "SEQ": 3
      },
      {
        "MONTH": "02",
        "CHNL_NM": "신발",
        "SALE_AMT": 60.0,
        "RATIO": 11.0,
        "YOY": 232.0,
        "SEQ": 3
      },
      {
        "MONTH": "02",
        "CHNL_NM": "가방",
        "SALE_AMT": 35.0,
        "RATIO": 6.0,
        "YOY": 208.0,
        "SEQ": 3
      },
      {
        "MONTH": "02",
        "CHNL_NM": "기타ACC",
        "SALE_AMT": 8.0,
        "RATIO": 1.0,
        "YOY": 161.0,
        "SEQ": 3
      },
      {
        "MONTH": "03",
        "CHNL_NM": "전체",
        "SALE_AMT": 819.0,
        "RATIO": 100.0,
        "YOY": 209.0,
        "SEQ": 1
      },
      {
        "MONTH": "03",
        "CHNL_NM": "백화점",
        "SALE_AMT": 58.0,
        "RATIO": 7.0,
        "YOY": 50.0,
        "SEQ": 2
      },
      {
        "MONTH": "03",
        "CHNL_NM": "직영기타",
        "SALE_AMT": 165.0,
        "RATIO": 20.0,
        "YOY": 152.0,
        "SEQ": 2
      },
      {
        "MONTH": "03",
        "CHNL_NM": "제휴몰",
        "SALE_AMT": 233.0,
        "RATIO": 28.0,
        "YOY": 1132.0,
        "SEQ": 2
      },
      {
        "MONTH": "03",
        "CHNL_NM": "자사몰",
        "SALE_AMT": 144.0,
        "RATIO": 18.0,
        "YOY": 149.0,
        "SEQ": 2
      },
      {
        "MONTH": "03",
        "CHNL_NM": "면세점",
        "SALE_AMT": 119.0,
        "RATIO": 14.0,
        "YOY": 482.0,
        "SEQ": 2
      },
      {
        "MONTH": "03",
        "CHNL_NM": "아울렛",
        "SALE_AMT": 100.0,
        "RATIO": 12.0,
        "YOY": 402.0,
        "SEQ": 2
      },
      {
        "MONTH": "03",
        "CHNL_NM": "25S 의류",
        "SALE_AMT": 267.0,
        "RATIO": 33.0,
        "YOY": 95.0,
        "SEQ": 3
      },
      {
        "MONTH": "03",
        "CHNL_NM": "과시즌 의류",
        "SALE_AMT": 375.0,
        "RATIO": 46.0,
        "YOY": 775.0,
        "SEQ": 3
      },
      {
        "MONTH": "03",
        "CHNL_NM": "모자",
        "SALE_AMT": 36.0,
        "RATIO": 4.0,
        "YOY": 202.0,
        "SEQ": 3
      },
      {
        "MONTH": "03",
        "CHNL_NM": "신발",
        "SALE_AMT": 91.0,
        "RATIO": 11.0,
        "YOY": 392.0,
        "SEQ": 3
      },
      {
        "MONTH": "03",
        "CHNL_NM": "가방",
        "SALE_AMT": 36.0,
        "RATIO": 4.0,
        "YOY": 258.0,
        "SEQ": 3
      },
      {
        "MONTH": "03",
        "CHNL_NM": "기타ACC",
        "SALE_AMT": 13.0,
        "RATIO": 2.0,
        "YOY": 191.0,
        "SEQ": 3
      },
      {
        "MONTH": "04",
        "CHNL_NM": "전체",
        "SALE_AMT": 979.0,
        "RATIO": 100.0,
        "YOY": 169.0,
        "SEQ": 1
      },
      {
        "MONTH": "04",
        "CHNL_NM": "백화점",
        "SALE_AMT": 60.0,
        "RATIO": 6.0,
        "YOY": 37.0,
        "SEQ": 2
      },
      {
        "MONTH": "04",
        "CHNL_NM": "직영기타",
        "SALE_AMT": 191.0,
        "RATIO": 20.0,
        "YOY": 172.0,
        "SEQ": 2
      },
      {
        "MONTH": "04",
        "CHNL_NM": "제휴몰",
        "SALE_AMT": 294.0,
        "RATIO": 30.0,
        "YOY": 591.0,
        "SEQ": 2
      },
      {
        "MONTH": "04",
        "CHNL_NM": "자사몰",
        "SALE_AMT": 146.0,
        "RATIO": 15.0,
        "YOY": 86.0,
        "SEQ": 2
      },
      {
        "MONTH": "04",
        "CHNL_NM": "면세점",
        "SALE_AMT": 192.0,
        "RATIO": 20.0,
        "YOY": 416.0,
        "SEQ": 2
      },
      {
        "MONTH": "04",
        "CHNL_NM": "아울렛",
        "SALE_AMT": 96.0,
        "RATIO": 10.0,
        "YOY": 235.0,
        "SEQ": 2
      },
      {
        "MONTH": "04",
        "CHNL_NM": "25F 의류",
        "SALE_AMT": 16.0,
        "RATIO": 2.0,
        "YOY": 0.0,
        "SEQ": 3
      },
      {
        "MONTH": "04",
        "CHNL_NM": "25S 의류",
        "SALE_AMT": 397.0,
        "RATIO": 41.0,
        "YOY": 94.0,
        "SEQ": 3
      },
      {
        "MONTH": "04",
        "CHNL_NM": "과시즌 의류",
        "SALE_AMT": 384.0,
        "RATIO": 39.0,
        "YOY": 583.0,
        "SEQ": 3
      },
      {
        "MONTH": "04",
        "CHNL_NM": "모자",
        "SALE_AMT": 45.0,
        "RATIO": 5.0,
        "YOY": 154.0,
        "SEQ": 3
      },
      {
        "MONTH": "04",
        "CHNL_NM": "신발",
        "SALE_AMT": 81.0,
        "RATIO": 8.0,
        "YOY": 371.0,
        "SEQ": 3
      },
      {
        "MONTH": "04",
        "CHNL_NM": "가방",
        "SALE_AMT": 38.0,
        "RATIO": 4.0,
        "YOY": 131.0,
        "SEQ": 3
      },
      {
        "MONTH": "04",
        "CHNL_NM": "기타ACC",
        "SALE_AMT": 18.0,
        "RATIO": 2.0,
        "YOY": 161.0,
        "SEQ": 3
      },
      {
        "MONTH": "05",
        "CHNL_NM": "전체",
        "SALE_AMT": 1119.0,
        "RATIO": 100.0,
        "YOY": 163.0,
        "SEQ": 1
      },
      {
        "MONTH": "05",
        "CHNL_NM": "백화점",
        "SALE_AMT": 55.0,
        "RATIO": 5.0,
        "YOY": 39.0,
        "SEQ": 2
      },
      {
        "MONTH": "05",
        "CHNL_NM": "직영기타",
        "SALE_AMT": 144.0,
        "RATIO": 13.0,
        "YOY": 88.0,
        "SEQ": 2
      },
      {
        "MONTH": "05",
        "CHNL_NM": "제휴몰",
        "SALE_AMT": 242.0,
        "RATIO": 22.0,
        "YOY": 481.0,
        "SEQ": 2
      },
      {
        "MONTH": "05",
        "CHNL_NM": "자사몰",
        "SALE_AMT": 378.0,
        "RATIO": 34.0,
        "YOY": 150.0,
        "SEQ": 2
      },
      {
        "MONTH": "05",
        "CHNL_NM": "면세점",
        "SALE_AMT": 179.0,
        "RATIO": 16.0,
        "YOY": 693.0,
        "SEQ": 2
      },
      {
        "MONTH": "05",
        "CHNL_NM": "아울렛",
        "SALE_AMT": 121.0,
        "RATIO": 11.0,
        "YOY": 232.0,
        "SEQ": 2
      },
      {
        "MONTH": "05",
        "CHNL_NM": "25F 의류",
        "SALE_AMT": 24.0,
        "RATIO": 2.0,
        "YOY": 0.0,
        "SEQ": 3
      },
      {
        "MONTH": "05",
        "CHNL_NM": "25S 의류",
        "SALE_AMT": 492.0,
        "RATIO": 44.0,
        "YOY": 121.0,
        "SEQ": 3
      },
      {
        "MONTH": "05",
        "CHNL_NM": "과시즌 의류",
        "SALE_AMT": 430.0,
        "RATIO": 38.0,
        "YOY": 255.0,
        "SEQ": 3
      },
      {
        "MONTH": "05",
        "CHNL_NM": "모자",
        "SALE_AMT": 51.0,
        "RATIO": 5.0,
        "YOY": 133.0,
        "SEQ": 3
      },
      {
        "MONTH": "05",
        "CHNL_NM": "신발",
        "SALE_AMT": 49.0,
        "RATIO": 4.0,
        "YOY": 209.0,
        "SEQ": 3
      },
      {
        "MONTH": "05",
        "CHNL_NM": "가방",
        "SALE_AMT": 54.0,
        "RATIO": 5.0,
        "YOY": 163.0,
        "SEQ": 3
      },
      {
        "MONTH": "05",
        "CHNL_NM": "기타ACC",
        "SALE_AMT": 19.0,
        "RATIO": 2.0,
        "YOY": 123.0,
        "SEQ": 3
      },
      {
        "MONTH": "06",
        "CHNL_NM": "전체",
        "SALE_AMT": 861.0,
        "RATIO": 100.0,
        "YOY": 165.0,
        "SEQ": 1
      },
      {
        "MONTH": "06",
        "CHNL_NM": "백화점",
        "SALE_AMT": 43.0,
        "RATIO": 5.0,
        "YOY": 34.0,
        "SEQ": 2
      },
      {
        "MONTH": "06",
        "CHNL_NM": "직영기타",
        "SALE_AMT": 130.0,
        "RATIO": 15.0,
        "YOY": 141.0,
        "SEQ": 2
      },
      {
        "MONTH": "06",
        "CHNL_NM": "제휴몰",
        "SALE_AMT": 239.0,
        "RATIO": 28.0,
        "YOY": 316.0,
        "SEQ": 2
      },
      {
        "MONTH": "06",
        "CHNL_NM": "자사몰",
        "SALE_AMT": 154.0,
        "RATIO": 18.0,
        "YOY": 114.0,
        "SEQ": 2
      },
      {
        "MONTH": "06",
        "CHNL_NM": "면세점",
        "SALE_AMT": 190.0,
        "RATIO": 22.0,
        "YOY": 430.0,
        "SEQ": 2
      },
      {
        "MONTH": "06",
        "CHNL_NM": "아울렛",
        "SALE_AMT": 105.0,
        "RATIO": 12.0,
        "YOY": 218.0,
        "SEQ": 2
      },
      {
        "MONTH": "06",
        "CHNL_NM": "25F 의류",
        "SALE_AMT": 138.0,
        "RATIO": 16.0,
        "YOY": 0.0,
        "SEQ": 3
      },
      {
        "MONTH": "06",
        "CHNL_NM": "25S 의류",
        "SALE_AMT": 311.0,
        "RATIO": 36.0,
        "YOY": 96.0,
        "SEQ": 3
      },
      {
        "MONTH": "06",
        "CHNL_NM": "과시즌 의류",
        "SALE_AMT": 291.0,
        "RATIO": 34.0,
        "YOY": 317.0,
        "SEQ": 3
      },
      {
        "MONTH": "06",
        "CHNL_NM": "모자",
        "SALE_AMT": 36.0,
        "RATIO": 4.0,
        "YOY": 120.0,
        "SEQ": 3
      },
      {
        "MONTH": "06",
        "CHNL_NM": "신발",
        "SALE_AMT": 37.0,
        "RATIO": 4.0,
        "YOY": 113.0,
        "SEQ": 3
      },
      {
        "MONTH": "06",
        "CHNL_NM": "가방",
        "SALE_AMT": 35.0,
        "RATIO": 4.0,
        "YOY": 114.0,
        "SEQ": 3
      },
      {
        "MONTH": "06",
        "CHNL_NM": "기타ACC",
        "SALE_AMT": 14.0,
        "RATIO": 2.0,
        "YOY": 122.0,
        "SEQ": 3
      },
      {
        "MONTH": "07",
        "CHNL_NM": "전체",
        "SALE_AMT": 788.0,
        "RATIO": 100.0,
        "YOY": 158.0,
        "SEQ": 1
      },
      {
        "MONTH": "07",
        "CHNL_NM": "백화점",
        "SALE_AMT": 38.0,
        "RATIO": 5.0,
        "YOY": 43.0,
        "SEQ": 2
      },
      {
        "MONTH": "07",
        "CHNL_NM": "직영기타",
        "SALE_AMT": 131.0,
        "RATIO": 17.0,
        "YOY": 124.0,
        "SEQ": 2
      },
      {
        "MONTH": "07",
        "CHNL_NM": "제휴몰",
        "SALE_AMT": 192.0,
        "RATIO": 24.0,
        "YOY": 232.0,
        "SEQ": 2
      },
      {
        "MONTH": "07",
        "CHNL_NM": "자사몰",
        "SALE_AMT": 86.0,
        "RATIO": 11.0,
        "YOY": 60.0,
        "SEQ": 2
      },
      {
        "MONTH": "07",
        "CHNL_NM": "면세점",
        "SALE_AMT": 241.0,
        "RATIO": 31.0,
        "YOY": 612.0,
        "SEQ": 2
      },
      {
        "MONTH": "07",
        "CHNL_NM": "아울렛",
        "SALE_AMT": 100.0,
        "RATIO": 13.0,
        "YOY": 250.0,
        "SEQ": 2
      },
      {
        "MONTH": "07",
        "CHNL_NM": "25F 의류",
        "SALE_AMT": 95.0,
        "RATIO": 12.0,
        "YOY": 589.0,
        "SEQ": 3
      },
      {
        "MONTH": "07",
        "CHNL_NM": "25S 의류",
        "SALE_AMT": 307.0,
        "RATIO": 39.0,
        "YOY": 110.0,
        "SEQ": 3
      },
      {
        "MONTH": "07",
        "CHNL_NM": "과시즌 의류",
        "SALE_AMT": 280.0,
        "RATIO": 36.0,
        "YOY": 336.0,
        "SEQ": 3
      },
      {
        "MONTH": "07",
        "CHNL_NM": "모자",
        "SALE_AMT": 28.0,
        "RATIO": 4.0,
        "YOY": 102.0,
        "SEQ": 3
      },
      {
        "MONTH": "07",
        "CHNL_NM": "신발",
        "SALE_AMT": 38.0,
        "RATIO": 5.0,
        "YOY": 80.0,
        "SEQ": 3
      },
      {
        "MONTH": "07",
        "CHNL_NM": "가방",
        "SALE_AMT": 27.0,
        "RATIO": 3.0,
        "YOY": 78.0,
        "SEQ": 3
      },
      {
        "MONTH": "07",
        "CHNL_NM": "기타ACC",
        "SALE_AMT": 13.0,
        "RATIO": 2.0,
        "YOY": 95.0,
        "SEQ": 3
      },
      {
        "MONTH": "08",
        "CHNL_NM": "전체",
        "SALE_AMT": 646.0,
        "RATIO": 100.0,
        "YOY": 122.0,
        "SEQ": 1
      },
      {
        "MONTH": "08",
        "CHNL_NM": "백화점",
        "SALE_AMT": 31.0,
        "RATIO": 5.0,
        "YOY": 36.0,
        "SEQ": 2
      },
      {
        "MONTH": "08",
        "CHNL_NM": "직영기타",
        "SALE_AMT": 129.0,
        "RATIO": 20.0,
        "YOY": 117.0,
        "SEQ": 2
      },
      {
        "MONTH": "08",
        "CHNL_NM": "제휴몰",
        "SALE_AMT": 193.0,
        "RATIO": 30.0,
        "YOY": 256.0,
        "SEQ": 2
      },
      {
        "MONTH": "08",
        "CHNL_NM": "자사몰",
        "SALE_AMT": 116.0,
        "RATIO": 18.0,
        "YOY": 89.0,
        "SEQ": 2
      }
    ],
    "total_records_count": 155
  }
}