{
  "country": "KR",
  "brand_cd": "V",
  "brand_name": "DUVETICA",
  "yyyymm": "202511",
  "yyyymm_py": "202411",
  "key": "월별아이템별매출추세",
  "analysis_data": {
    "title": "아이템별 매출 종합분석 (당해 1월~현재월)",
    "sections": [
      {
        "div": "종합분석-1",
        "sub_title": "시즌 트렌드",
        "ai_text": "• 25F 의류는 9-11월 급성장하여 6,025백만원 매출을 기록, 전년대비 4,371% 폭증으로 시즌 전략이 성공적으로 작동\n• 25S 의류는 3-5월 피크 후 하향세를 보이며 3,126백만원 달성, 전년대비 224% 성장하였으나 하반기 매출 둔화 현상 발생\n• 과시즌 의류는 전체 매출의 53.5%를 차지하는 핵심 카테고리로 12,489백만원 기록, 연중 안정적 매출을 유지하며 전년대비 223% 성장"
      },
      {
        "div": "종합분석-2",
        "sub_title": "카테고리",
        "ai_text": "• 가방 카테고리는 720백만원으로 전년대비 352% 성장하며 5-6월 성수기를 보이고, 연중 안정적인 매출 패턴을 유지\n• 신발 카테고리는 601백만원으로 1-4월 강세 후 여름철 부진을 겪었으나 11월 133백만원으로 회복세를 보이며 전년대비 183% 성장\n• 모자 카테고리는 268백만원으로 소규모이지만 전년대비 195% 성장하여 꾸준한 성장세를 유지하고 있음"
      },
      {
        "div": "종합분석-3",
        "sub_title": "핵심액션",
        "ai_text": "• 25F 의류의 성공 모델을 활용하여 26F 시즌 상품 기획 강화 및 9-10월 프리오더 확대로 초기 매출 극대화 전략 실행\n• S시즌 의류의 하반기 매출 둔화 해결을 위해 여름 이월상품 할인 프로모션과 가을 트렌지션 아이템 개발로 연중 매출 평준화 추진\n• 가방과 신발 카테고리의 성장세를 활용하여 의류와의 토탈 코디네이션 마케팅 강화 및 시즌별 액세서리 번들 상품 출시로 객단가 상승 도모"
      }
    ]
  },
  "summary": {
    "total_sales": 23317.0,
    "unique_months": 11,
    "analysis_period": "2025년 01월 ~ 2025년 11월"
  },
  "season_items": [
    {
      "name": "과시즌 의류",
      "total_sales": 12489.0,
      "months": {
        "01": 2076.0,
        "02": 1388.0,
        "03": 865.0,
        "04": 587.0,
        "05": 557.0,
        "06": 758.0,
        "07": 832.0,
        "08": 844.0,
        "09": 1169.0,
        "10": 1631.0,
        "11": 1782.0
      },
      "avg_ratio": 58.27272727272727,
      "avg_yoy": 223.1818181818182
    },
    {
      "name": "25F 의류",
      "total_sales": 6025.0,
      "months": {
        "02": 1.0,
        "03": 37.0,
        "04": 64.0,
        "05": 87.0,
        "06": 58.0,
        "07": 44.0,
        "08": 102.0,
        "09": 400.0,
        "10": 1501.0,
        "11": 3731.0
      },
      "avg_ratio": 15.7,
      "avg_yoy": 4371.0
    },
    {
      "name": "25S 의류",
      "total_sales": 3126.0,
      "months": {
        "01": 107.0,
        "02": 238.0,
        "03": 493.0,
        "04": 465.0,
        "05": 506.0,
        "06": 337.0,
        "07": 247.0,
        "08": 238.0,
        "09": 181.0,
        "10": 167.0,
        "11": 147.0
      },
      "avg_ratio": 18.727272727272727,
      "avg_yoy": 223.54545454545453
    }
  ],
  "category_items": [
    {
      "name": "가방",
      "total_sales": 720.0,
      "months": {
        "01": 35.0,
        "02": 26.0,
        "03": 55.0,
        "04": 61.0,
        "05": 88.0,
        "06": 101.0,
        "07": 81.0,
        "08": 63.0,
        "09": 64.0,
        "10": 63.0,
        "11": 83.0
      },
      "avg_ratio": 4.090909090909091,
      "avg_yoy": 352.45454545454544
    },
    {
      "name": "신발",
      "total_sales": 601.0,
      "months": {
        "01": 79.0,
        "02": 55.0,
        "03": 62.0,
        "04": 65.0,
        "05": 51.0,
        "06": 36.0,
        "07": 28.0,
        "08": 22.0,
        "09": 21.0,
        "10": 49.0,
        "11": 133.0
      },
      "avg_ratio": 2.727272727272727,
      "avg_yoy": 183.36363636363637
    },
    {
      "name": "모자",
      "total_sales": 268.0,
      "months": {
        "01": 23.0,
        "02": 18.0,
        "03": 19.0,
        "04": 19.0,
        "05": 25.0,
        "06": 32.0,
        "07": 22.0,
        "08": 17.0,
        "09": 18.0,
        "10": 32.0,
        "11": 43.0
      },
      "avg_ratio": 1.3636363636363635,
      "avg_yoy": 194.9090909090909
    },
    {
      "name": "기타ACC",
      "total_sales": 79.0,
      "months": {
        "01": 7.0,
        "02": 5.0,
        "03": 2.0,
        "04": 3.0,
        "05": 4.0,
        "06": 8.0,
        "07": 4.0,
        "08": 3.0,
        "09": 3.0,
        "10": 12.0,
        "11": 28.0
      },
      "avg_ratio": 0.09090909090909091,
      "avg_yoy": 298.27272727272725
    }
  ],
  "raw_data": {
    "sample_records": [
      {
        "MONTH": "01",
        "CHNL_NM": "전체",
        "SALE_AMT": 2326.0,
        "RATIO": 100.0,
        "YOY": 225.0,
        "SEQ": 1
      },
      {
        "MONTH": "01",
        "CHNL_NM": "백화점",
        "SALE_AMT": 813.0,
        "RATIO": 35.0,
        "YOY": 161.0,
        "SEQ": 2
      },
      {
        "MONTH": "01",
        "CHNL_NM": "직영기타",
        "SALE_AMT": 175.0,
        "RATIO": 8.0,
        "YOY": 209.0,
        "SEQ": 2
      },
      {
        "MONTH": "01",
        "CHNL_NM": "제휴몰",
        "SALE_AMT": 479.0,
        "RATIO": 21.0,
        "YOY": 609.0,
        "SEQ": 2
      },
      {
        "MONTH": "01",
        "CHNL_NM": "자사몰",
        "SALE_AMT": 81.0,
        "RATIO": 3.0,
        "YOY": 103.0,
        "SEQ": 2
      },
      {
        "MONTH": "01",
        "CHNL_NM": "아울렛",
        "SALE_AMT": 778.0,
        "RATIO": 33.0,
        "YOY": 271.0,
        "SEQ": 2
      },
      {
        "MONTH": "01",
        "CHNL_NM": "25S 의류",
        "SALE_AMT": 107.0,
        "RATIO": 5.0,
        "YOY": 125.0,
        "SEQ": 3
      },
      {
        "MONTH": "01",
        "CHNL_NM": "과시즌 의류",
        "SALE_AMT": 2076.0,
        "RATIO": 89.0,
        "YOY": 241.0,
        "SEQ": 3
      },
      {
        "MONTH": "01",
        "CHNL_NM": "모자",
        "SALE_AMT": 23.0,
        "RATIO": 1.0,
        "YOY": 296.0,
        "SEQ": 3
      },
      {
        "MONTH": "01",
        "CHNL_NM": "신발",
        "SALE_AMT": 79.0,
        "RATIO": 3.0,
        "YOY": 126.0,
        "SEQ": 3
      },
      {
        "MONTH": "01",
        "CHNL_NM": "가방",
        "SALE_AMT": 35.0,
        "RATIO": 2.0,
        "YOY": 240.0,
        "SEQ": 3
      },
      {
        "MONTH": "01",
        "CHNL_NM": "기타ACC",
        "SALE_AMT": 7.0,
        "RATIO": 0.0,
        "YOY": 164.0,
        "SEQ": 3
      },
      {
        "MONTH": "02",
        "CHNL_NM": "전체",
        "SALE_AMT": 1731.0,
        "RATIO": 100.0,
        "YOY": 255.0,
        "SEQ": 1
      },
      {
        "MONTH": "02",
        "CHNL_NM": "백화점",
        "SALE_AMT": 637.0,
        "RATIO": 37.0,
        "YOY": 229.0,
        "SEQ": 2
      },
      {
        "MONTH": "02",
        "CHNL_NM": "직영기타",
        "SALE_AMT": 119.0,
        "RATIO": 7.0,
        "YOY": 125.0,
        "SEQ": 2
      },
      {
        "MONTH": "02",
        "CHNL_NM": "제휴몰",
        "SALE_AMT": 388.0,
        "RATIO": 22.0,
        "YOY": 526.0,
        "SEQ": 2
      },
      {
        "MONTH": "02",
        "CHNL_NM": "자사몰",
        "SALE_AMT": 53.0,
        "RATIO": 3.0,
        "YOY": 148.0,
        "SEQ": 2
      },
      {
        "MONTH": "02",
        "CHNL_NM": "아울렛",
        "SALE_AMT": 533.0,
        "RATIO": 31.0,
        "YOY": 275.0,
        "SEQ": 2
      },
      {
        "MONTH": "02",
        "CHNL_NM": "25F 의류",
        "SALE_AMT": 1.0,
        "RATIO": 0.0,
        "YOY": 0.0,
        "SEQ": 3
      },
      {
        "MONTH": "02",
        "CHNL_NM": "25S 의류",
        "SALE_AMT": 238.0,
        "RATIO": 14.0,
        "YOY": 121.0,
        "SEQ": 3
      },
      {
        "MONTH": "02",
        "CHNL_NM": "과시즌 의류",
        "SALE_AMT": 1388.0,
        "RATIO": 80.0,
        "YOY": 317.0,
        "SEQ": 3
      },
      {
        "MONTH": "02",
        "CHNL_NM": "모자",
        "SALE_AMT": 18.0,
        "RATIO": 1.0,
        "YOY": 227.0,
        "SEQ": 3
      },
      {
        "MONTH": "02",
        "CHNL_NM": "신발",
        "SALE_AMT": 55.0,
        "RATIO": 3.0,
        "YOY": 224.0,
        "SEQ": 3
      },
      {
        "MONTH": "02",
        "CHNL_NM": "가방",
        "SALE_AMT": 26.0,
        "RATIO": 2.0,
        "YOY": 232.0,
        "SEQ": 3
      },
      {
        "MONTH": "02",
        "CHNL_NM": "기타ACC",
        "SALE_AMT": 5.0,
        "RATIO": 0.0,
        "YOY": 621.0,
        "SEQ": 3
      },
      {
        "MONTH": "03",
        "CHNL_NM": "전체",
        "SALE_AMT": 1531.0,
        "RATIO": 100.0,
        "YOY": 199.0,
        "SEQ": 1
      },
      {
        "MONTH": "03",
        "CHNL_NM": "백화점",
        "SALE_AMT": 644.0,
        "RATIO": 42.0,
        "YOY": 207.0,
        "SEQ": 2
      },
      {
        "MONTH": "03",
        "CHNL_NM": "직영기타",
        "SALE_AMT": 114.0,
        "RATIO": 7.0,
        "YOY": 135.0,
        "SEQ": 2
      },
      {
        "MONTH": "03",
        "CHNL_NM": "제휴몰",
        "SALE_AMT": 259.0,
        "RATIO": 17.0,
        "YOY": 321.0,
        "SEQ": 2
      },
      {
        "MONTH": "03",
        "CHNL_NM": "자사몰",
        "SALE_AMT": 71.0,
        "RATIO": 5.0,
        "YOY": 111.0,
        "SEQ": 2
      },
      {
        "MONTH": "03",
        "CHNL_NM": "아울렛",
        "SALE_AMT": 442.0,
        "RATIO": 29.0,
        "YOY": 192.0,
        "SEQ": 2
      },
      {
        "MONTH": "03",
        "CHNL_NM": "25F 의류",
        "SALE_AMT": 37.0,
        "RATIO": 2.0,
        "YOY": 0.0,
        "SEQ": 3
      },
      {
        "MONTH": "03",
        "CHNL_NM": "25S 의류",
        "SALE_AMT": 493.0,
        "RATIO": 32.0,
        "YOY": 155.0,
        "SEQ": 3
      },
      {
        "MONTH": "03",
        "CHNL_NM": "과시즌 의류",
        "SALE_AMT": 865.0,
        "RATIO": 56.0,
        "YOY": 220.0,
        "SEQ": 3
      },
      {
        "MONTH": "03",
        "CHNL_NM": "모자",
        "SALE_AMT": 19.0,
        "RATIO": 1.0,
        "YOY": 195.0,
        "SEQ": 3
      },
      {
        "MONTH": "03",
        "CHNL_NM": "신발",
        "SALE_AMT": 62.0,
        "RATIO": 4.0,
        "YOY": 185.0,
        "SEQ": 3
      },
      {
        "MONTH": "03",
        "CHNL_NM": "가방",
        "SALE_AMT": 55.0,
        "RATIO": 4.0,
        "YOY": 327.0,
        "SEQ": 3
      },
      {
        "MONTH": "03",
        "CHNL_NM": "기타ACC",
        "SALE_AMT": 2.0,
        "RATIO": 0.0,
        "YOY": 142.0,
        "SEQ": 3
      },
      {
        "MONTH": "04",
        "CHNL_NM": "전체",
        "SALE_AMT": 1265.0,
        "RATIO": 100.0,
        "YOY": 177.0,
        "SEQ": 1
      },
      {
        "MONTH": "04",
        "CHNL_NM": "백화점",
        "SALE_AMT": 592.0,
        "RATIO": 47.0,
        "YOY": 197.0,
        "SEQ": 2
      },
      {
        "MONTH": "04",
        "CHNL_NM": "직영기타",
        "SALE_AMT": 81.0,
        "RATIO": 6.0,
        "YOY": 99.0,
        "SEQ": 2
      },
      {
        "MONTH": "04",
        "CHNL_NM": "제휴몰",
        "SALE_AMT": 242.0,
        "RATIO": 19.0,
        "YOY": 257.0,
        "SEQ": 2
      },
      {
        "MONTH": "04",
        "CHNL_NM": "자사몰",
        "SALE_AMT": 72.0,
        "RATIO": 6.0,
        "YOY": 149.0,
        "SEQ": 2
      },
      {
        "MONTH": "04",
        "CHNL_NM": "아울렛",
        "SALE_AMT": 278.0,
        "RATIO": 22.0,
        "YOY": 146.0,
        "SEQ": 2
      },
      {
        "MONTH": "04",
        "CHNL_NM": "25F 의류",
        "SALE_AMT": 64.0,
        "RATIO": 5.0,
        "YOY": 42633.0,
        "SEQ": 3
      },
      {
        "MONTH": "04",
        "CHNL_NM": "25S 의류",
        "SALE_AMT": 465.0,
        "RATIO": 37.0,
        "YOY": 181.0,
        "SEQ": 3
      },
      {
        "MONTH": "04",
        "CHNL_NM": "과시즌 의류",
        "SALE_AMT": 587.0,
        "RATIO": 46.0,
        "YOY": 147.0,
        "SEQ": 3
      },
      {
        "MONTH": "04",
        "CHNL_NM": "모자",
        "SALE_AMT": 19.0,
        "RATIO": 2.0,
        "YOY": 135.0,
        "SEQ": 3
      },
      {
        "MONTH": "04",
        "CHNL_NM": "신발",
        "SALE_AMT": 65.0,
        "RATIO": 5.0,
        "YOY": 340.0,
        "SEQ": 3
      },
      {
        "MONTH": "04",
        "CHNL_NM": "가방",
        "SALE_AMT": 61.0,
        "RATIO": 5.0,
        "YOY": 283.0,
        "SEQ": 3
      },
      {
        "MONTH": "04",
        "CHNL_NM": "기타ACC",
        "SALE_AMT": 3.0,
        "RATIO": 0.0,
        "YOY": 98.0,
        "SEQ": 3
      },
      {
        "MONTH": "05",
        "CHNL_NM": "전체",
        "SALE_AMT": 1319.0,
        "RATIO": 100.0,
        "YOY": 221.0,
        "SEQ": 1
      },
      {
        "MONTH": "05",
        "CHNL_NM": "백화점",
        "SALE_AMT": 577.0,
        "RATIO": 44.0,
        "YOY": 197.0,
        "SEQ": 2
      },
      {
        "MONTH": "05",
        "CHNL_NM": "직영기타",
        "SALE_AMT": 73.0,
        "RATIO": 6.0,
        "YOY": 116.0,
        "SEQ": 2
      },
      {
        "MONTH": "05",
        "CHNL_NM": "제휴몰",
        "SALE_AMT": 231.0,
        "RATIO": 17.0,
        "YOY": 399.0,
        "SEQ": 2
      },
      {
        "MONTH": "05",
        "CHNL_NM": "자사몰",
        "SALE_AMT": 89.0,
        "RATIO": 7.0,
        "YOY": 214.0,
        "SEQ": 2
      },
      {
        "MONTH": "05",
        "CHNL_NM": "아울렛",
        "SALE_AMT": 349.0,
        "RATIO": 26.0,
        "YOY": 248.0,
        "SEQ": 2
      },
      {
        "MONTH": "05",
        "CHNL_NM": "25F 의류",
        "SALE_AMT": 87.0,
        "RATIO": 7.0,
        "YOY": 136.0,
        "SEQ": 3
      },
      {
        "MONTH": "05",
        "CHNL_NM": "25S 의류",
        "SALE_AMT": 506.0,
        "RATIO": 38.0,
        "YOY": 196.0,
        "SEQ": 3
      },
      {
        "MONTH": "05",
        "CHNL_NM": "과시즌 의류",
        "SALE_AMT": 557.0,
        "RATIO": 42.0,
        "YOY": 246.0,
        "SEQ": 3
      },
      {
        "MONTH": "05",
        "CHNL_NM": "모자",
        "SALE_AMT": 25.0,
        "RATIO": 2.0,
        "YOY": 186.0,
        "SEQ": 3
      },
      {
        "MONTH": "05",
        "CHNL_NM": "신발",
        "SALE_AMT": 51.0,
        "RATIO": 4.0,
        "YOY": 275.0,
        "SEQ": 3
      },
      {
        "MONTH": "05",
        "CHNL_NM": "가방",
        "SALE_AMT": 88.0,
        "RATIO": 7.0,
        "YOY": 617.0,
        "SEQ": 3
      },
      {
        "MONTH": "05",
        "CHNL_NM": "기타ACC",
        "SALE_AMT": 4.0,
        "RATIO": 0.0,
        "YOY": 263.0,
        "SEQ": 3
      },
      {
        "MONTH": "06",
        "CHNL_NM": "전체",
        "SALE_AMT": 1330.0,
        "RATIO": 100.0,
        "YOY": 297.0,
        "SEQ": 1
      },
      {
        "MONTH": "06",
        "CHNL_NM": "백화점",
        "SALE_AMT": 313.0,
        "RATIO": 24.0,
        "YOY": 127.0,
        "SEQ": 2
      },
      {
        "MONTH": "06",
        "CHNL_NM": "직영기타",
        "SALE_AMT": 42.0,
        "RATIO": 3.0,
        "YOY": 105.0,
        "SEQ": 2
      },
      {
        "MONTH": "06",
        "CHNL_NM": "제휴몰",
        "SALE_AMT": 468.0,
        "RATIO": 35.0,
        "YOY": 1002.0,
        "SEQ": 2
      },
      {
        "MONTH": "06",
        "CHNL_NM": "자사몰",
        "SALE_AMT": 95.0,
        "RATIO": 7.0,
        "YOY": 279.0,
        "SEQ": 2
      },
      {
        "MONTH": "06",
        "CHNL_NM": "아울렛",
        "SALE_AMT": 412.0,
        "RATIO": 31.0,
        "YOY": 504.0,
        "SEQ": 2
      },
      {
        "MONTH": "06",
        "CHNL_NM": "25F 의류",
        "SALE_AMT": 58.0,
        "RATIO": 4.0,
        "YOY": 93.0,
        "SEQ": 3
      },
      {
        "MONTH": "06",
        "CHNL_NM": "25S 의류",
        "SALE_AMT": 337.0,
        "RATIO": 25.0,
        "YOY": 197.0,
        "SEQ": 3
      },
      {
        "MONTH": "06",
        "CHNL_NM": "과시즌 의류",
        "SALE_AMT": 758.0,
        "RATIO": 57.0,
        "YOY": 456.0,
        "SEQ": 3
      },
      {
        "MONTH": "06",
        "CHNL_NM": "모자",
        "SALE_AMT": 32.0,
        "RATIO": 2.0,
        "YOY": 246.0,
        "SEQ": 3
      },
      {
        "MONTH": "06",
        "CHNL_NM": "신발",
        "SALE_AMT": 36.0,
        "RATIO": 3.0,
        "YOY": 174.0,
        "SEQ": 3
      },
      {
        "MONTH": "06",
        "CHNL_NM": "가방",
        "SALE_AMT": 101.0,
        "RATIO": 8.0,
        "YOY": 703.0,
        "SEQ": 3
      },
      {
        "MONTH": "06",
        "CHNL_NM": "기타ACC",
        "SALE_AMT": 8.0,
        "RATIO": 1.0,
        "YOY": 585.0,
        "SEQ": 3
      },
      {
        "MONTH": "07",
        "CHNL_NM": "전체",
        "SALE_AMT": 1258.0,
        "RATIO": 100.0,
        "YOY": 229.0,
        "SEQ": 1
      },
      {
        "MONTH": "07",
        "CHNL_NM": "백화점",
        "SALE_AMT": 494.0,
        "RATIO": 39.0,
        "YOY": 192.0,
        "SEQ": 2
      },
      {
        "MONTH": "07",
        "CHNL_NM": "직영기타",
        "SALE_AMT": 49.0,
        "RATIO": 4.0,
        "YOY": 160.0,
        "SEQ": 2
      },
      {
        "MONTH": "07",
        "CHNL_NM": "제휴몰",
        "SALE_AMT": 260.0,
        "RATIO": 21.0,
        "YOY": 276.0,
        "SEQ": 2
      },
      {
        "MONTH": "07",
        "CHNL_NM": "자사몰",
        "SALE_AMT": 56.0,
        "RATIO": 4.0,
        "YOY": 152.0,
        "SEQ": 2
      },
      {
        "MONTH": "07",
        "CHNL_NM": "아울렛",
        "SALE_AMT": 399.0,
        "RATIO": 32.0,
        "YOY": 306.0,
        "SEQ": 2
      },
      {
        "MONTH": "07",
        "CHNL_NM": "25F 의류",
        "SALE_AMT": 44.0,
        "RATIO": 3.0,
        "YOY": 68.0,
        "SEQ": 3
      },
      {
        "MONTH": "07",
        "CHNL_NM": "25S 의류",
        "SALE_AMT": 247.0,
        "RATIO": 20.0,
        "YOY": 245.0,
        "SEQ": 3
      },
      {
        "MONTH": "07",
        "CHNL_NM": "과시즌 의류",
        "SALE_AMT": 832.0,
        "RATIO": 66.0,
        "YOY": 253.0,
        "SEQ": 3
      },
      {
        "MONTH": "07",
        "CHNL_NM": "모자",
        "SALE_AMT": 22.0,
        "RATIO": 2.0,
        "YOY": 169.0,
        "SEQ": 3
      },
      {
        "MONTH": "07",
        "CHNL_NM": "신발",
        "SALE_AMT": 28.0,
        "RATIO": 2.0,
        "YOY": 124.0,
        "SEQ": 3
      },
      {
        "MONTH": "07",
        "CHNL_NM": "가방",
        "SALE_AMT": 81.0,
        "RATIO": 6.0,
        "YOY": 439.0,
        "SEQ": 3
      },
      {
        "MONTH": "07",
        "CHNL_NM": "기타ACC",
        "SALE_AMT": 4.0,
        "RATIO": 0.0,
        "YOY": 214.0,
        "SEQ": 3
      },
      {
        "MONTH": "08",
        "CHNL_NM": "전체",
        "SALE_AMT": 1290.0,
        "RATIO": 100.0,
        "YOY": 187.0,
        "SEQ": 1
      },
      {
        "MONTH": "08",
        "CHNL_NM": "백화점",
        "SALE_AMT": 352.0,
        "RATIO": 27.0,
        "YOY": 183.0,
        "SEQ": 2
      },
      {
        "MONTH": "08",
        "CHNL_NM": "직영기타",
        "SALE_AMT": 53.0,
        "RATIO": 4.0,
        "YOY": 161.0,
        "SEQ": 2
      },
      {
        "MONTH": "08",
        "CHNL_NM": "제휴몰",
        "SALE_AMT": 277.0,
        "RATIO": 21.0,
        "YOY": 257.0,
        "SEQ": 2
      },
      {
        "MONTH": "08",
        "CHNL_NM": "자사몰",
        "SALE_AMT": 50.0,
        "RATIO": 4.0,
        "YOY": 94.0,
        "SEQ": 2
      },
      {
        "MONTH": "08",
        "CHNL_NM": "아울렛",
        "SALE_AMT": 558.0,
        "RATIO": 43.0,
        "YOY": 185.0,
        "SEQ": 2
      },
      {
        "MONTH": "08",
        "CHNL_NM": "25F 의류",
        "SALE_AMT": 102.0,
        "RATIO": 8.0,
        "YOY": 118.0,
        "SEQ": 3
      },
      {
        "MONTH": "08",
        "CHNL_NM": "25S 의류",
        "SALE_AMT": 238.0,
        "RATIO": 18.0,
        "YOY": 188.0,
        "SEQ": 3
      },
      {
        "MONTH": "08",
        "CHNL_NM": "과시즌 의류",
        "SALE_AMT": 844.0,
        "RATIO": 65.0,
        "YOY": 202.0,
        "SEQ": 3
      },
      {
        "MONTH": "08",
        "CHNL_NM": "모자",
        "SALE_AMT": 17.0,
        "RATIO": 1.0,
        "YOY": 130.0,
        "SEQ": 3
      }
    ],
    "total_records_count": 144
  }
}