{
  "country": "KR",
  "brand_cd": "V",
  "brand_name": "DUVETICA",
  "yyyymm": "202511",
  "yyyymm_py": "202411",
  "key": "할인율",
  "sub_key": "종합분석",
  "analysis_data": {
    "title": "할인율 종합분석",
    "sections": [
      {
        "div": "종합분석-1",
        "sub_title": "전략 우수 채널",
        "ai_text": "직영점이 9.5% 할인율로 가장 우수하며 전년대비 10.0%p 대폭 개선되었습니다.\n자사몰은 17.2% 할인율을 기록하며 17.7%p의 가장 큰 개선폭을 보였습니다.\n백화점은 22.0% 할인율로 8.9%p 개선되어 안정적인 가격 관리 능력을 입증했습니다.\n3개 채널 모두 30% 미만의 건전한 할인율을 유지하며 브랜드 가치 보호에 성공했습니다."
      },
      {
        "div": "종합분석-2",
        "sub_title": "주의 필요 채널",
        "ai_text": "아울렛은 52.8% 할인율로 여전히 과도한 수준이며, 8.5%p 개선에도 불구하고 브랜드 이미지 훼손 우려가 있습니다.\n제휴몰은 36.6% 할인율로 5.5%p만 개선되어 가장 미미한 개선 성과를 보였습니다.\n두 채널 모두 30% 이상의 높은 할인율을 유지하여 수익성 악화 요인으로 작용하고 있습니다.\n특히 제휴몰의 개선 속도가 다른 채널 대비 현저히 느려 집중 관리가 필요한 상황입니다."
      },
      {
        "div": "종합분석-3",
        "sub_title": "AI 권장 사항",
        "ai_text": "직영점과 자사몰의 성공 모델을 제휴몰에 적용하여 할인율 30% 이하 목표 설정이 필요합니다.\n아울렛 채널은 과시즌 의류(57.3%) 중심 운영으로 전환하고 신상품 입점을 제한해야 합니다.\n25F 의류(9.0%)와 차기시즌 의류(7.2%)의 우수한 할인 관리 방식을 다른 아이템군에 확산 적용하세요.\n채널별 차별화된 상품 구성과 할인 정책을 통해 브랜드 가치 훼손 없는 수익성 개선을 추진하시기 바랍니다."
      }
    ]
  },
  "summary": {
    "total_discount_cy": 32.5,
    "total_discount_py": 45.4,
    "change_pct": -12.9,
    "unique_channels": 5,
    "unique_items": 8,
    "analysis_period": "2024년 11월 vs 2025년 11월"
  },
  "channel_summary": {
    "백화점": {
      "discount_cy": 22.0,
      "discount_py": 30.9,
      "yoy": -8.9
    },
    "직영점": {
      "discount_cy": 9.5,
      "discount_py": 19.5,
      "yoy": -10.0
    },
    "자사몰": {
      "discount_cy": 17.2,
      "discount_py": 34.9,
      "yoy": -17.7
    },
    "제휴몰": {
      "discount_cy": 36.6,
      "discount_py": 42.1,
      "yoy": -5.5
    },
    "아울렛": {
      "discount_cy": 52.8,
      "discount_py": 61.3,
      "yoy": -8.5
    }
  },
  "excellent_channels": [
    {
      "chnl_nm": "직영점",
      "discount_cy": 9.5,
      "yoy": -10.0
    },
    {
      "chnl_nm": "자사몰",
      "discount_cy": 17.2,
      "yoy": -17.7
    },
    {
      "chnl_nm": "백화점",
      "discount_cy": 22.0,
      "yoy": -8.9
    }
  ],
  "warning_channels": [
    {
      "chnl_nm": "아울렛",
      "discount_cy": 52.8,
      "yoy": -8.5
    },
    {
      "chnl_nm": "제휴몰",
      "discount_cy": 36.6,
      "yoy": -5.5
    }
  ],
  "raw_data": {
    "sample_records": [
      {
        "CHNL_NM": "전체",
        "DISCOUNT": 32.5,
        "YOY": -12.9,
        "SEQ": 1
      },
      {
        "CHNL_NM": "백화점",
        "DISCOUNT": 22.0,
        "YOY": -8.9,
        "SEQ": 2
      },
      {
        "CHNL_NM": "직영점",
        "DISCOUNT": 9.5,
        "YOY": -10.0,
        "SEQ": 2
      },
      {
        "CHNL_NM": "자사몰",
        "DISCOUNT": 17.2,
        "YOY": -17.7,
        "SEQ": 2
      },
      {
        "CHNL_NM": "제휴몰",
        "DISCOUNT": 36.6,
        "YOY": -5.5,
        "SEQ": 2
      },
      {
        "CHNL_NM": "아울렛",
        "DISCOUNT": 52.8,
        "YOY": -8.5,
        "SEQ": 2
      },
      {
        "CHNL_NM": "25F 의류",
        "DISCOUNT": 9.0,
        "YOY": -5.8,
        "SEQ": 4
      },
      {
        "CHNL_NM": "25S 의류",
        "DISCOUNT": 14.2,
        "YOY": 2.0,
        "SEQ": 4
      },
      {
        "CHNL_NM": "과시즌 의류",
        "DISCOUNT": 57.3,
        "YOY": -5.7,
        "SEQ": 4
      },
      {
        "CHNL_NM": "모자",
        "DISCOUNT": 31.4,
        "YOY": 1.8,
        "SEQ": 4
      },
      {
        "CHNL_NM": "신발",
        "DISCOUNT": 16.3,
        "YOY": 4.7,
        "SEQ": 4
      },
      {
        "CHNL_NM": "가방",
        "DISCOUNT": 19.8,
        "YOY": -2.0,
        "SEQ": 4
      },
      {
        "CHNL_NM": "기타ACC",
        "DISCOUNT": 27.2,
        "YOY": -7.6,
        "SEQ": 4
      },
      {
        "CHNL_NM": "차기시즌 의류",
        "DISCOUNT": 7.2,
        "YOY": -10.8,
        "SEQ": 4
      }
    ],
    "total_records_count": 14
  }
}