{
  "country": "KR",
  "brand_cd": "M",
  "yyyymm": "202511",
  "key": "영업비",
  "sub_key": "인건비",
  "analysis_data": {
    "title": "인건비 분석",
    "sections": [
      {
        "div": "종합분석-1",
        "sub_title": "투자 방향성 종합 평가",
        "ai_text": "MLB 브랜드의 인건비는 2024년 11월 1,007백만원에서 2025년 11월 1,033백만원으로 26백만원(+2.6%) 증가하여 안정적인 성장세를 보이고 있습니다. 이는 조직 확대보다는 기존 인력의 처우 개선과 선택적 보강에 집중한 효율적 투자 전략으로 평가됩니다. 특히 제수당 28백만원(+16.0%) 증가는 성과급 확대를 통한 동기부여 강화 정책의 결과로 분석됩니다."
      },
      {
        "div": "종합분석-2",
        "sub_title": "효율적 투자 영역",
        "ai_text": "• 제수당 투입 확대: 176백만원→204백만원(+28백만원, +16.0%)으로 성과 인센티브 강화를 통한 직원 동기부여 제고\n• 퇴직급여충당금 안정 증가: 101백만원→103백만원(+2백만원, +2.2%)으로 장기 재직 유도 및 조직 안정성 확보\n• 복리후생비 체계적 확대: 의료보험 31백만원→33백만원(+1.6백만원, +5.0%), 고용보험 12백만원→12백만원(+0.3백만원, +2.8%)으로 직원 만족도 향상\n• 잡급 전략적 증액: 21백만원→25백만원(+4백만원, +20.3%)으로 유연 인력 활용 확대"
      },
      {
        "div": "종합분석-3",
        "sub_title": "주의 필요 영역",
        "ai_text": "• 급료와 임금 소폭 감소: 630백만원→619백만원(-11백만원, -1.7%)로 정규직 인력 규모 축소 또는 급여 동결 가능성 시사\n• 산재보험료 감소: 6백만원→6백만원(-0.3백만원, -4.3%)으로 현장 근무 인력 감소 또는 안전관리 개선 효과\n• 국민연금 미미한 증가: 31백만원→32백만원(+1백만원, +3.2%)으로 신규 채용보다는 기존 인력 중심 운영 지속"
      },
      {
        "div": "종합분석-4",
        "sub_title": "이상징후 및 리스크 감지",
        "ai_text": "• 급여 구조 변화 감지: 기본급(급료와 임금) 감소와 성과급(제수당) 증가의 상반된 움직임은 성과 중심 보상체계로의 전환을 의미하나, 기본급 삭감에 따른 직원 불안감 증대 위험 존재\n• 인력 운영 효율화 신호: 전체 인건비 증가 대비 기본급 감소는 조직 슬림화와 생산성 향상을 통한 효율성 추구로 해석되나, 과도한 업무 부담 집중 우려\n• 복리후생비 불균형: 의료보험은 증가한 반면 산재보험은 감소하여 근무 환경 변화나 업무 성격 변화 가능성 시사"
      },
      {
        "div": "종합분석-5",
        "sub_title": "마케팅 전략 최적화 방안",
        "ai_text": "### 즉시 실행 방안\n1. 성과급 체계 점검: 제수당 16% 증가에 따른 성과 측정 지표와 지급 기준의 명확화 및 공정성 확보 시스템 구축\n2. 기본급 감소 원인 분석: 인력 감축, 급여 동결, 조직 개편 등 구체적 요인 파악 및 직원 커뮤니케이션 강화\n3. 잡급 활용 전략 수립: 20% 증가한 유연 인력 예산의 효율적 활용을 위한 프로젝트별 인력 운영 계획 마련\n\n### 중장기 전략 방향\n1. 성과 중심 조직문화 정착: 기본급 대비 성과급 비중 확대 추세에 맞춘 목표관리제(MBO) 고도화 및 평가시스템 개선\n2. 인재 유지 전략 강화: 퇴직급여충당금 안정적 증가 기조 유지와 함께 장기 근속 인센티브 제도 도입 검토\n3. 디지털 전환 대응: 업무 효율화를 통한 인건비 최적화와 동시에 디지털 역량 강화를 위한 교육훈련비 확대 필요"
      }
    ]
  },
  "ctgr1": "인건비",
  "summary": {
    "prev_year_total": 1006.99,
    "curr_year_total": 1033.37,
    "change_amount": 26.38,
    "change_pct": 2.6,
    "investment_direction": "증가"
  },
  "categories": [
    {
      "ctgr2": "인건비",
      "ctgr3": "잡급",
      "gl_nm": "잡급",
      "prev_year": 20.68,
      "curr_year": 24.89,
      "change": 4.21,
      "change_pct": 20.3,
      "is_new": false,
      "is_discontinued": false
    },
    {
      "ctgr2": "인건비",
      "ctgr3": "급료와 임금",
      "gl_nm": "급료와임금",
      "prev_year": 629.72,
      "curr_year": 618.96,
      "change": -10.76,
      "change_pct": -1.7,
      "is_new": false,
      "is_discontinued": false
    },
    {
      "ctgr2": "인건비",
      "ctgr3": "복리후생비_의료/건강",
      "gl_nm": "복리후생비_의료보험",
      "prev_year": 31.27,
      "curr_year": 32.83,
      "change": 1.57,
      "change_pct": 5.0,
      "is_new": false,
      "is_discontinued": false
    },
    {
      "ctgr2": "인건비",
      "ctgr3": "급료와 임금",
      "gl_nm": "제수당",
      "prev_year": 175.75,
      "curr_year": 203.9,
      "change": 28.15,
      "change_pct": 16.0,
      "is_new": false,
      "is_discontinued": false
    },
    {
      "ctgr2": "인건비",
      "ctgr3": "복리후생비_의료/건강",
      "gl_nm": "복리후생비_산재보험",
      "prev_year": 6.16,
      "curr_year": 5.9,
      "change": -0.27,
      "change_pct": -4.3,
      "is_new": false,
      "is_discontinued": false
    },
    {
      "ctgr2": "인건비",
      "ctgr3": "복리후생비_의료/건강",
      "gl_nm": "복리후생비_고용보험",
      "prev_year": 11.74,
      "curr_year": 12.07,
      "change": 0.33,
      "change_pct": 2.8,
      "is_new": false,
      "is_discontinued": false
    },
    {
      "ctgr2": "인건비",
      "ctgr3": "세금과공과_국민연금",
      "gl_nm": "세금과공과_국민연금",
      "prev_year": 30.98,
      "curr_year": 31.97,
      "change": 0.99,
      "change_pct": 3.2,
      "is_new": false,
      "is_discontinued": false
    },
    {
      "ctgr2": "인건비",
      "ctgr3": "퇴직급여",
      "gl_nm": "퇴직급여충당금전입액",
      "prev_year": 100.68,
      "curr_year": 102.86,
      "change": 2.17,
      "change_pct": 2.2,
      "is_new": false,
      "is_discontinued": false
    }
  ],
  "category_summary": {
    "increased": [
      {
        "ctgr2": "인건비",
        "ctgr3": "잡급",
        "gl_nm": "잡급",
        "prev_year": 20.68,
        "curr_year": 24.89,
        "change": 4.21,
        "change_pct": 20.3,
        "is_new": false,
        "is_discontinued": false
      },
      {
        "ctgr2": "인건비",
        "ctgr3": "복리후생비_의료/건강",
        "gl_nm": "복리후생비_의료보험",
        "prev_year": 31.27,
        "curr_year": 32.83,
        "change": 1.57,
        "change_pct": 5.0,
        "is_new": false,
        "is_discontinued": false
      },
      {
        "ctgr2": "인건비",
        "ctgr3": "급료와 임금",
        "gl_nm": "제수당",
        "prev_year": 175.75,
        "curr_year": 203.9,
        "change": 28.15,
        "change_pct": 16.0,
        "is_new": false,
        "is_discontinued": false
      },
      {
        "ctgr2": "인건비",
        "ctgr3": "복리후생비_의료/건강",
        "gl_nm": "복리후생비_고용보험",
        "prev_year": 11.74,
        "curr_year": 12.07,
        "change": 0.33,
        "change_pct": 2.8,
        "is_new": false,
        "is_discontinued": false
      },
      {
        "ctgr2": "인건비",
        "ctgr3": "세금과공과_국민연금",
        "gl_nm": "세금과공과_국민연금",
        "prev_year": 30.98,
        "curr_year": 31.97,
        "change": 0.99,
        "change_pct": 3.2,
        "is_new": false,
        "is_discontinued": false
      },
      {
        "ctgr2": "인건비",
        "ctgr3": "퇴직급여",
        "gl_nm": "퇴직급여충당금전입액",
        "prev_year": 100.68,
        "curr_year": 102.86,
        "change": 2.17,
        "change_pct": 2.2,
        "is_new": false,
        "is_discontinued": false
      }
    ],
    "decreased": [
      {
        "ctgr2": "인건비",
        "ctgr3": "급료와 임금",
        "gl_nm": "급료와임금",
        "prev_year": 629.72,
        "curr_year": 618.96,
        "change": -10.76,
        "change_pct": -1.7,
        "is_new": false,
        "is_discontinued": false
      },
      {
        "ctgr2": "인건비",
        "ctgr3": "복리후생비_의료/건강",
        "gl_nm": "복리후생비_산재보험",
        "prev_year": 6.16,
        "curr_year": 5.9,
        "change": -0.27,
        "change_pct": -4.3,
        "is_new": false,
        "is_discontinued": false
      }
    ],
    "new_investments": [],
    "discontinued": []
  },
  "raw_data": {
    "total_records": [
      {
        "PST_YYYYMM": "202411",
        "TOTAL_AMT": 1006988505.0
      },
      {
        "PST_YYYYMM": "202511",
        "TOTAL_AMT": 1033370663.0
      }
    ],
    "detail_records": [
      {
        "PST_YYYYMM": "202411",
        "BRD_CD": "M",
        "BRD_NM": "MLB",
        "CTGR1": "인건비",
        "CTGR2": "인건비",
        "CTGR3": "급료와 임금",
        "GL_NM": "급료와임금",
        "TTL_USE_AMT": 629719458.0
      },
      {
        "PST_YYYYMM": "202511",
        "BRD_CD": "M",
        "BRD_NM": "MLB",
        "CTGR1": "인건비",
        "CTGR2": "인건비",
        "CTGR3": "급료와 임금",
        "GL_NM": "급료와임금",
        "TTL_USE_AMT": 618955998.0
      },
      {
        "PST_YYYYMM": "202511",
        "BRD_CD": "M",
        "BRD_NM": "MLB",
        "CTGR1": "인건비",
        "CTGR2": "인건비",
        "CTGR3": "급료와 임금",
        "GL_NM": "제수당",
        "TTL_USE_AMT": 203898240.0
      },
      {
        "PST_YYYYMM": "202411",
        "BRD_CD": "M",
        "BRD_NM": "MLB",
        "CTGR1": "인건비",
        "CTGR2": "인건비",
        "CTGR3": "급료와 임금",
        "GL_NM": "제수당",
        "TTL_USE_AMT": 175749102.0
      },
      {
        "PST_YYYYMM": "202511",
        "BRD_CD": "M",
        "BRD_NM": "MLB",
        "CTGR1": "인건비",
        "CTGR2": "인건비",
        "CTGR3": "퇴직급여",
        "GL_NM": "퇴직급여충당금전입액",
        "TTL_USE_AMT": 102856780.0
      },
      {
        "PST_YYYYMM": "202411",
        "BRD_CD": "M",
        "BRD_NM": "MLB",
        "CTGR1": "인건비",
        "CTGR2": "인건비",
        "CTGR3": "퇴직급여",
        "GL_NM": "퇴직급여충당금전입액",
        "TTL_USE_AMT": 100683572.0
      },
      {
        "PST_YYYYMM": "202511",
        "BRD_CD": "M",
        "BRD_NM": "MLB",
        "CTGR1": "인건비",
        "CTGR2": "인건비",
        "CTGR3": "복리후생비_의료/건강",
        "GL_NM": "복리후생비_의료보험",
        "TTL_USE_AMT": 32834960.0
      },
      {
        "PST_YYYYMM": "202511",
        "BRD_CD": "M",
        "BRD_NM": "MLB",
        "CTGR1": "인건비",
        "CTGR2": "인건비",
        "CTGR3": "세금과공과_국민연금",
        "GL_NM": "세금과공과_국민연금",
        "TTL_USE_AMT": 31968400.0
      },
      {
        "PST_YYYYMM": "202411",
        "BRD_CD": "M",
        "BRD_NM": "MLB",
        "CTGR1": "인건비",
        "CTGR2": "인건비",
        "CTGR3": "복리후생비_의료/건강",
        "GL_NM": "복리후생비_의료보험",
        "TTL_USE_AMT": 31267720.0
      },
      {
        "PST_YYYYMM": "202411",
        "BRD_CD": "M",
        "BRD_NM": "MLB",
        "CTGR1": "인건비",
        "CTGR2": "인건비",
        "CTGR3": "세금과공과_국민연금",
        "GL_NM": "세금과공과_국민연금",
        "TTL_USE_AMT": 30982270.0
      },
      {
        "PST_YYYYMM": "202511",
        "BRD_CD": "M",
        "BRD_NM": "MLB",
        "CTGR1": "인건비",
        "CTGR2": "인건비",
        "CTGR3": "잡급",
        "GL_NM": "잡급",
        "TTL_USE_AMT": 24891939.0
      },
      {
        "PST_YYYYMM": "202411",
        "BRD_CD": "M",
        "BRD_NM": "MLB",
        "CTGR1": "인건비",
        "CTGR2": "인건비",
        "CTGR3": "잡급",
        "GL_NM": "잡급",
        "TTL_USE_AMT": 20683336.0
      },
      {
        "PST_YYYYMM": "202511",
        "BRD_CD": "M",
        "BRD_NM": "MLB",
        "CTGR1": "인건비",
        "CTGR2": "인건비",
        "CTGR3": "복리후생비_의료/건강",
        "GL_NM": "복리후생비_고용보험",
        "TTL_USE_AMT": 12067066.0
      },
      {
        "PST_YYYYMM": "202411",
        "BRD_CD": "M",
        "BRD_NM": "MLB",
        "CTGR1": "인건비",
        "CTGR2": "인건비",
        "CTGR3": "복리후생비_의료/건강",
        "GL_NM": "복리후생비_고용보험",
        "TTL_USE_AMT": 11739931.0
      },
      {
        "PST_YYYYMM": "202411",
        "BRD_CD": "M",
        "BRD_NM": "MLB",
        "CTGR1": "인건비",
        "CTGR2": "인건비",
        "CTGR3": "복리후생비_의료/건강",
        "GL_NM": "복리후생비_산재보험",
        "TTL_USE_AMT": 6163116.0
      },
      {
        "PST_YYYYMM": "202511",
        "BRD_CD": "M",
        "BRD_NM": "MLB",
        "CTGR1": "인건비",
        "CTGR2": "인건비",
        "CTGR3": "복리후생비_의료/건강",
        "GL_NM": "복리후생비_산재보험",
        "TTL_USE_AMT": 5897280.0
      }
    ]
  },
  "trend_data": {
    "trend_months": [
      "202412",
      "202501",
      "202502",
      "202503",
      "202504",
      "202505",
      "202506",
      "202507",
      "202508",
      "202509",
      "202510",
      "202511"
    ],
    "monthly_totals": [
      {
        "yyyymm": "202412",
        "total_amount": 979.56
      },
      {
        "yyyymm": "202501",
        "total_amount": 1046.37
      },
      {
        "yyyymm": "202502",
        "total_amount": 1019.16
      },
      {
        "yyyymm": "202503",
        "total_amount": 979.11
      },
      {
        "yyyymm": "202504",
        "total_amount": 1920.26
      },
      {
        "yyyymm": "202505",
        "total_amount": 1001.1
      },
      {
        "yyyymm": "202506",
        "total_amount": 998.18
      },
      {
        "yyyymm": "202507",
        "total_amount": 945.14
      },
      {
        "yyyymm": "202508",
        "total_amount": 961.83
      },
      {
        "yyyymm": "202509",
        "total_amount": 879.73
      },
      {
        "yyyymm": "202510",
        "total_amount": 1843.02
      },
      {
        "yyyymm": "202511",
        "total_amount": 1033.37
      }
    ],
    "monthly_details": [
      {
        "yyyymm": "202412",
        "ctgr2": "인건비",
        "ctgr3": "급료와 임금",
        "gl_nm": "급료와임금",
        "amount": 619.48
      },
      {
        "yyyymm": "202412",
        "ctgr2": "인건비",
        "ctgr3": "급료와 임금",
        "gl_nm": "제수당",
        "amount": 170.46
      },
      {
        "yyyymm": "202412",
        "ctgr2": "인건비",
        "ctgr3": "퇴직급여",
        "gl_nm": "퇴직급여충당금전입액",
        "amount": 86.91
      },
      {
        "yyyymm": "202412",
        "ctgr2": "인건비",
        "ctgr3": "복리후생비_의료/건강",
        "gl_nm": "복리후생비_의료보험",
        "amount": 32.98
      },
      {
        "yyyymm": "202412",
        "ctgr2": "인건비",
        "ctgr3": "세금과공과_국민연금",
        "gl_nm": "세금과공과_국민연금",
        "amount": 32.75
      },
      {
        "yyyymm": "202412",
        "ctgr2": "인건비",
        "ctgr3": "잡급",
        "gl_nm": "잡급",
        "amount": 18.94
      },
      {
        "yyyymm": "202412",
        "ctgr2": "인건비",
        "ctgr3": "복리후생비_의료/건강",
        "gl_nm": "복리후생비_고용보험",
        "amount": 12.08
      },
      {
        "yyyymm": "202412",
        "ctgr2": "인건비",
        "ctgr3": "복리후생비_의료/건강",
        "gl_nm": "복리후생비_산재보험",
        "amount": 5.96
      },
      {
        "yyyymm": "202501",
        "ctgr2": "인건비",
        "ctgr3": "급료와 임금",
        "gl_nm": "급료와임금",
        "amount": 656.29
      },
      {
        "yyyymm": "202501",
        "ctgr2": "인건비",
        "ctgr3": "급료와 임금",
        "gl_nm": "제수당",
        "amount": 181.45
      },
      {
        "yyyymm": "202501",
        "ctgr2": "인건비",
        "ctgr3": "퇴직급여",
        "gl_nm": "퇴직급여충당금전입액",
        "amount": 104.72
      },
      {
        "yyyymm": "202501",
        "ctgr2": "인건비",
        "ctgr3": "복리후생비_의료/건강",
        "gl_nm": "복리후생비_의료보험",
        "amount": 34.06
      },
      {
        "yyyymm": "202501",
        "ctgr2": "인건비",
        "ctgr3": "세금과공과_국민연금",
        "gl_nm": "세금과공과_국민연금",
        "amount": 33.48
      },
      {
        "yyyymm": "202501",
        "ctgr2": "인건비",
        "ctgr3": "잡급",
        "gl_nm": "잡급",
        "amount": 18.48
      },
      {
        "yyyymm": "202501",
        "ctgr2": "인건비",
        "ctgr3": "복리후생비_의료/건강",
        "gl_nm": "복리후생비_고용보험",
        "amount": 11.81
      },
      {
        "yyyymm": "202501",
        "ctgr2": "인건비",
        "ctgr3": "복리후생비_의료/건강",
        "gl_nm": "복리후생비_산재보험",
        "amount": 6.07
      },
      {
        "yyyymm": "202502",
        "ctgr2": "인건비",
        "ctgr3": "급료와 임금",
        "gl_nm": "급료와임금",
        "amount": 652.66
      },
      {
        "yyyymm": "202502",
        "ctgr2": "인건비",
        "ctgr3": "급료와 임금",
        "gl_nm": "제수당",
        "amount": 165.83
      },
      {
        "yyyymm": "202502",
        "ctgr2": "인건비",
        "ctgr3": "퇴직급여",
        "gl_nm": "퇴직급여충당금전입액",
        "amount": 102.31
      },
      {
        "yyyymm": "202502",
        "ctgr2": "인건비",
        "ctgr3": "복리후생비_의료/건강",
        "gl_nm": "복리후생비_의료보험",
        "amount": 32.82
      },
      {
        "yyyymm": "202502",
        "ctgr2": "인건비",
        "ctgr3": "세금과공과_국민연금",
        "gl_nm": "세금과공과_국민연금",
        "amount": 32.68
      },
      {
        "yyyymm": "202502",
        "ctgr2": "인건비",
        "ctgr3": "잡급",
        "gl_nm": "잡급",
        "amount": 14.31
      },
      {
        "yyyymm": "202502",
        "ctgr2": "인건비",
        "ctgr3": "복리후생비_의료/건강",
        "gl_nm": "복리후생비_고용보험",
        "amount": 12.49
      },
      {
        "yyyymm": "202502",
        "ctgr2": "인건비",
        "ctgr3": "복리후생비_의료/건강",
        "gl_nm": "복리후생비_산재보험",
        "amount": 6.05
      },
      {
        "yyyymm": "202503",
        "ctgr2": "인건비",
        "ctgr3": "급료와 임금",
        "gl_nm": "급료와임금",
        "amount": 637.55
      },
      {
        "yyyymm": "202503",
        "ctgr2": "인건비",
        "ctgr3": "급료와 임금",
        "gl_nm": "제수당",
        "amount": 171.93
      },
      {
        "yyyymm": "202503",
        "ctgr2": "인건비",
        "ctgr3": "퇴직급여",
        "gl_nm": "퇴직급여충당금전입액",
        "amount": 69.87
      },
      {
        "yyyymm": "202503",
        "ctgr2": "인건비",
        "ctgr3": "세금과공과_국민연금",
        "gl_nm": "세금과공과_국민연금",
        "amount": 28.89
      },
      {
        "yyyymm": "202503",
        "ctgr2": "인건비",
        "ctgr3": "복리후생비_의료/건강",
        "gl_nm": "복리후생비_의료보험",
        "amount": 27.95
      },
      {
        "yyyymm": "202503",
        "ctgr2": "인건비",
        "ctgr3": "잡급",
        "gl_nm": "잡급",
        "amount": 26.01
      },
      {
        "yyyymm": "202503",
        "ctgr2": "인건비",
        "ctgr3": "복리후생비_의료/건강",
        "gl_nm": "복리후생비_고용보험",
        "amount": 11.32
      },
      {
        "yyyymm": "202503",
        "ctgr2": "인건비",
        "ctgr3": "복리후생비_의료/건강",
        "gl_nm": "복리후생비_산재보험",
        "amount": 5.59
      },
      {
        "yyyymm": "202504",
        "ctgr2": "인건비",
        "ctgr3": "급료와 임금",
        "gl_nm": "제수당",
        "amount": 1036.23
      },
      {
        "yyyymm": "202504",
        "ctgr2": "인건비",
        "ctgr3": "급료와 임금",
        "gl_nm": "급료와임금",
        "amount": 616.35
      },
      {
        "yyyymm": "202504",
        "ctgr2": "인건비",
        "ctgr3": "퇴직급여",
        "gl_nm": "퇴직급여충당금전입액",
        "amount": 102.13
      },
      {
        "yyyymm": "202504",
        "ctgr2": "인건비",
        "ctgr3": "복리후생비_의료/건강",
        "gl_nm": "복리후생비_의료보험",
        "amount": 50.71
      },
      {
        "yyyymm": "202504",
        "ctgr2": "인건비",
        "ctgr3": "복리후생비_의료/건강",
        "gl_nm": "복리후생비_고용보험",
        "amount": 36.3
      },
      {
        "yyyymm": "202504",
        "ctgr2": "인건비",
        "ctgr3": "잡급",
        "gl_nm": "잡급",
        "amount": 31.6
      },
      {
        "yyyymm": "202504",
        "ctgr2": "인건비",
        "ctgr3": "세금과공과_국민연금",
        "gl_nm": "세금과공과_국민연금",
        "amount": 31.44
      },
      {
        "yyyymm": "202504",
        "ctgr2": "인건비",
        "ctgr3": "복리후생비_의료/건강",
        "gl_nm": "복리후생비_산재보험",
        "amount": 15.49
      },
      {
        "yyyymm": "202505",
        "ctgr2": "인건비",
        "ctgr3": "급료와 임금",
        "gl_nm": "급료와임금",
        "amount": 623.83
      },
      {
        "yyyymm": "202505",
        "ctgr2": "인건비",
        "ctgr3": "급료와 임금",
        "gl_nm": "제수당",
        "amount": 167.13
      },
      {
        "yyyymm": "202505",
        "ctgr2": "인건비",
        "ctgr3": "퇴직급여",
        "gl_nm": "퇴직급여충당금전입액",
        "amount": 98.87
      },
      {
        "yyyymm": "202505",
        "ctgr2": "인건비",
        "ctgr3": "복리후생비_의료/건강",
        "gl_nm": "복리후생비_의료보험",
        "amount": 49.68
      },
      {
        "yyyymm": "202505",
        "ctgr2": "인건비",
        "ctgr3": "세금과공과_국민연금",
        "gl_nm": "세금과공과_국민연금",
        "amount": 30.93
      },
      {
        "yyyymm": "202505",
        "ctgr2": "인건비",
        "ctgr3": "잡급",
        "gl_nm": "잡급",
        "amount": 12.44
      },
      {
        "yyyymm": "202505",
        "ctgr2": "인건비",
        "ctgr3": "복리후생비_의료/건강",
        "gl_nm": "복리후생비_고용보험",
        "amount": 12.35
      },
      {
        "yyyymm": "202505",
        "ctgr2": "인건비",
        "ctgr3": "복리후생비_의료/건강",
        "gl_nm": "복리후생비_산재보험",
        "amount": 5.86
      },
      {
        "yyyymm": "202506",
        "ctgr2": "인건비",
        "ctgr3": "급료와 임금",
        "gl_nm": "급료와임금",
        "amount": 662.73
      },
      {
        "yyyymm": "202506",
        "ctgr2": "인건비",
        "ctgr3": "급료와 임금",
        "gl_nm": "제수당",
        "amount": 169.92
      },
      {
        "yyyymm": "202506",
        "ctgr2": "인건비",
        "ctgr3": "퇴직급여",
        "gl_nm": "퇴직급여충당금전입액",
        "amount": 65.65
      },
      {
        "yyyymm": "202506",
        "ctgr2": "인건비",
        "ctgr3": "복리후생비_의료/건강",
        "gl_nm": "복리후생비_의료보험",
        "amount": 45.25
      },
      {
        "yyyymm": "202506",
        "ctgr2": "인건비",
        "ctgr3": "세금과공과_국민연금",
        "gl_nm": "세금과공과_국민연금",
        "amount": 29.69
      },
      {
        "yyyymm": "202506",
        "ctgr2": "인건비",
        "ctgr3": "복리후생비_의료/건강",
        "gl_nm": "복리후생비_고용보험",
        "amount": 12.67
      },
      {
        "yyyymm": "202506",
        "ctgr2": "인건비",
        "ctgr3": "잡급",
        "gl_nm": "잡급",
        "amount": 6.25
      },
      {
        "yyyymm": "202506",
        "ctgr2": "인건비",
        "ctgr3": "복리후생비_의료/건강",
        "gl_nm": "복리후생비_산재보험",
        "amount": 6.02
      },
      {
        "yyyymm": "202507",
        "ctgr2": "인건비",
        "ctgr3": "급료와 임금",
        "gl_nm": "급료와임금",
        "amount": 600.12
      },
      {
        "yyyymm": "202507",
        "ctgr2": "인건비",
        "ctgr3": "급료와 임금",
        "gl_nm": "제수당",
        "amount": 161.5
      },
      {
        "yyyymm": "202507",
        "ctgr2": "인건비",
        "ctgr3": "퇴직급여",
        "gl_nm": "퇴직급여충당금전입액",
        "amount": 95.2
      },
      {
        "yyyymm": "202507",
        "ctgr2": "인건비",
        "ctgr3": "복리후생비_의료/건강",
        "gl_nm": "복리후생비_의료보험",
        "amount": 32.76
      },
      {
        "yyyymm": "202507",
        "ctgr2": "인건비",
        "ctgr3": "세금과공과_국민연금",
        "gl_nm": "세금과공과_국민연금",
        "amount": 31.55
      },
      {
        "yyyymm": "202507",
        "ctgr2": "인건비",
        "ctgr3": "복리후생비_의료/건강",
        "gl_nm": "복리후생비_고용보험",
        "amount": 12.03
      },
      {
        "yyyymm": "202507",
        "ctgr2": "인건비",
        "ctgr3": "잡급",
        "gl_nm": "잡급",
        "amount": 6.25
      },
      {
        "yyyymm": "202507",
        "ctgr2": "인건비",
        "ctgr3": "복리후생비_의료/건강",
        "gl_nm": "복리후생비_산재보험",
        "amount": 5.73
      },
      {
        "yyyymm": "202508",
        "ctgr2": "인건비",
        "ctgr3": "급료와 임금",
        "gl_nm": "급료와임금",
        "amount": 594.06
      },
      {
        "yyyymm": "202508",
        "ctgr2": "인건비",
        "ctgr3": "급료와 임금",
        "gl_nm": "제수당",
        "amount": 177.31
      },
      {
        "yyyymm": "202508",
        "ctgr2": "인건비",
        "ctgr3": "퇴직급여",
        "gl_nm": "퇴직급여충당금전입액",
        "amount": 104.68
      },
      {
        "yyyymm": "202508",
        "ctgr2": "인건비",
        "ctgr3": "복리후생비_의료/건강",
        "gl_nm": "복리후생비_의료보험",
        "amount": 31.41
      },
      {
        "yyyymm": "202508",
        "ctgr2": "인건비",
        "ctgr3": "세금과공과_국민연금",
        "gl_nm": "세금과공과_국민연금",
        "amount": 30.53
      },
      {
        "yyyymm": "202508",
        "ctgr2": "인건비",
        "ctgr3": "복리후생비_의료/건강",
        "gl_nm": "복리후생비_고용보험",
        "amount": 11.88
      },
      {
        "yyyymm": "202508",
        "ctgr2": "인건비",
        "ctgr3": "잡급",
        "gl_nm": "잡급",
        "amount": 6.25
      },
      {
        "yyyymm": "202508",
        "ctgr2": "인건비",
        "ctgr3": "복리후생비_의료/건강",
        "gl_nm": "복리후생비_산재보험",
        "amount": 5.7
      },
      {
        "yyyymm": "202509",
        "ctgr2": "인건비",
        "ctgr3": "급료와 임금",
        "gl_nm": "급료와임금",
        "amount": 551.55
      },
      {
        "yyyymm": "202509",
        "ctgr2": "인건비",
        "ctgr3": "급료와 임금",
        "gl_nm": "제수당",
        "amount": 170.25
      },
      {
        "yyyymm": "202509",
        "ctgr2": "인건비",
        "ctgr3": "퇴직급여",
        "gl_nm": "퇴직급여충당금전입액",
        "amount": 69.13
      },
      {
        "yyyymm": "202509",
        "ctgr2": "인건비",
        "ctgr3": "세금과공과_국민연금",
        "gl_nm": "세금과공과_국민연금",
        "amount": 31.03
      },
      {
        "yyyymm": "202509",
        "ctgr2": "인건비",
        "ctgr3": "복리후생비_의료/건강",
        "gl_nm": "복리후생비_의료보험",
        "amount": 30.5
      },
      {
        "yyyymm": "202509",
        "ctgr2": "인건비",
        "ctgr3": "복리후생비_의료/건강",
        "gl_nm": "복리후생비_고용보험",
        "amount": 11.41
      },
      {
        "yyyymm": "202509",
        "ctgr2": "인건비",
        "ctgr3": "잡급",
        "gl_nm": "잡급",
        "amount": 10.3
      },
      {
        "yyyymm": "202509",
        "ctgr2": "인건비",
        "ctgr3": "복리후생비_의료/건강",
        "gl_nm": "복리후생비_산재보험",
        "amount": 5.57
      },
      {
        "yyyymm": "202510",
        "ctgr2": "인건비",
        "ctgr3": "급료와 임금",
        "gl_nm": "제수당",
        "amount": 1028.45
      },
      {
        "yyyymm": "202510",
        "ctgr2": "인건비",
        "ctgr3": "급료와 임금",
        "gl_nm": "급료와임금",
        "amount": 613.64
      },
      {
        "yyyymm": "202510",
        "ctgr2": "인건비",
        "ctgr3": "퇴직급여",
        "gl_nm": "퇴직급여충당금전입액",
        "amount": 99.71
      },
      {
        "yyyymm": "202510",
        "ctgr2": "인건비",
        "ctgr3": "복리후생비_의료/건강",
        "gl_nm": "복리후생비_의료보험",
        "amount": 31.15
      },
      {
        "yyyymm": "202510",
        "ctgr2": "인건비",
        "ctgr3": "세금과공과_국민연금",
        "gl_nm": "세금과공과_국민연금",
        "amount": 30.62
      },
      {
        "yyyymm": "202510",
        "ctgr2": "인건비",
        "ctgr3": "잡급",
        "gl_nm": "잡급",
        "amount": 19.46
      },
      {
        "yyyymm": "202510",
        "ctgr2": "인건비",
        "ctgr3": "복리후생비_의료/건강",
        "gl_nm": "복리후생비_고용보험",
        "amount": 12.02
      },
      {
        "yyyymm": "202510",
        "ctgr2": "인건비",
        "ctgr3": "복리후생비_의료/건강",
        "gl_nm": "복리후생비_산재보험",
        "amount": 7.97
      },
      {
        "yyyymm": "202511",
        "ctgr2": "인건비",
        "ctgr3": "급료와 임금",
        "gl_nm": "급료와임금",
        "amount": 618.96
      },
      {
        "yyyymm": "202511",
        "ctgr2": "인건비",
        "ctgr3": "급료와 임금",
        "gl_nm": "제수당",
        "amount": 203.9
      },
      {
        "yyyymm": "202511",
        "ctgr2": "인건비",
        "ctgr3": "퇴직급여",
        "gl_nm": "퇴직급여충당금전입액",
        "amount": 102.86
      },
      {
        "yyyymm": "202511",
        "ctgr2": "인건비",
        "ctgr3": "복리후생비_의료/건강",
        "gl_nm": "복리후생비_의료보험",
        "amount": 32.83
      },
      {
        "yyyymm": "202511",
        "ctgr2": "인건비",
        "ctgr3": "세금과공과_국민연금",
        "gl_nm": "세금과공과_국민연금",
        "amount": 31.97
      },
      {
        "yyyymm": "202511",
        "ctgr2": "인건비",
        "ctgr3": "잡급",
        "gl_nm": "잡급",
        "amount": 24.89
      },
      {
        "yyyymm": "202511",
        "ctgr2": "인건비",
        "ctgr3": "복리후생비_의료/건강",
        "gl_nm": "복리후생비_고용보험",
        "amount": 12.07
      },
      {
        "yyyymm": "202511",
        "ctgr2": "인건비",
        "ctgr3": "복리후생비_의료/건강",
        "gl_nm": "복리후생비_산재보험",
        "amount": 5.9
      }
    ]
  }
}