{
  "country": "KR",
  "brand_cd": "X",
  "yyyymm": "202511",
  "key": "영업비",
  "sub_key": "공통비",
  "analysis_data": {
    "title": "공통비 분석",
    "sections": [
      {
        "div": "종합분석-1",
        "sub_title": "투자 방향성 종합 평가",
        "ai_text": "DISCOVERY 브랜드의 2025년 11월 공통비는 3,064백만원으로 전년 동월 대비 217백만원(-6.6%) 감소하여 효율성 중심의 선택적 투자 전략을 수행했습니다. 전체 공통비 규모는 축소되었으나, 공통 인건비는 1,178백만원에서 1,188백만원으로 10백만원(+0.9%) 소폭 증가시켜 핵심 인력 유지에 집중했습니다. 반면 공통비 배부는 2,104백만원에서 1,876백만원으로 228백만원(-10.8%) 대폭 축소하여 운영비 효율화를 통한 수익성 개선 의지를 보여줍니다."
      },
      {
        "div": "종합분석-2",
        "sub_title": "효율적 투자 영역",
        "ai_text": "• 공통 인건비 안정적 유지: 1,188백만원으로 전년 대비 0.9% 소폭 증가하여 핵심 인력 확보 및 조직 안정성 유지\n• 인건비 비중 확대: 전체 공통비 대비 38.8%로 전년(35.9%) 대비 2.9%p 상승하여 인적 자원 중심의 투자 구조로 전환\n• 선택적 투자 전략: 총 공통비 규모는 축소하면서도 핵심 영역인 인건비는 유지하여 투자 효율성 극대화"
      },
      {
        "div": "종합분석-3",
        "sub_title": "주의 필요 영역",
        "ai_text": "• 공통비 배부 급격한 감소: 2,104백만원에서 1,876백만원으로 228백만원(-10.8%) 대폭 축소로 운영 지원 기능 약화 우려\n• 전체 공통비 감소폭 확대: 6.6% 감소로 브랜드 운영 기반 투자 부족 가능성\n• 비용 구조 불균형: 공통비 배부 축소 폭이 인건비 증가 폭을 크게 상회하여 운영비와 인건비 간 균형 조정 필요"
      },
      {
        "div": "종합분석-4",
        "sub_title": "이상징후 및 리스크 감지",
        "ai_text": "• 급격한 구조 변화: 공통비 배부는 10.8% 대폭 감소한 반면 인건비는 증가하여 비용 구조의 극단적 재편이 진행 중입니다\n• 운영 효율성 저하 리스크: 공통비 배부 228백만원 감소로 브랜드 운영 지원 기능이 약화되어 중장기적 경쟁력 저하 우려\n• 투자 지속성 의문: 전체 공통비 지속적 감소 추세가 브랜드 성장 동력 확보에 제약 요인으로 작용할 가능성\n• 비용 절감 압박 신호: 6.6%의 공통비 감소는 수익성 개선을 위한 강도 높은 구조조정 진행을 시사"
      },
      {
        "div": "종합분석-5",
        "sub_title": "마케팅 전략 최적화 방안",
        "ai_text": "### 즉시 실행 방안\n1. 공통비 배부 효율성 점검: 228백만원 감소된 공통비 배부의 세부 항목별 영향도 분석 및 필수 기능 복원 검토\n2. 인건비 생산성 모니터링: 증가된 인건비 대비 성과 창출 지표 설정 및 월별 추적 관리\n3. 운영비 최적화: 축소된 공통비 배부 범위 내에서 핵심 기능 중심 재배분 전략 수립\n\n### 중장기 전략 방향\n1. 균형적 비용 구조 설계: 인건비와 운영비 간 적정 비율 재정립으로 지속가능한 브랜드 운영 기반 구축\n2. 투자 효율성 지표 개발: 공통비 투입 대비 브랜드 성과 측정 체계 구축으로 예산 배분 근거 마련\n3. 단계적 투자 확대: 수익성 개선 성과 확인 후 핵심 성장 동력 확보를 위한 선택적 공통비 증액 검토"
      }
    ]
  },
  "ctgr1": "공통비",
  "summary": {
    "prev_year_total": 3281.72,
    "curr_year_total": 3064.22,
    "change_amount": -217.5,
    "change_pct": -6.6,
    "investment_direction": "축소"
  },
  "categories": [
    {
      "ctgr2": "공통비",
      "ctgr3": "공통비 배부",
      "gl_nm": null,
      "prev_year": 2103.58,
      "curr_year": 1876.02,
      "change": -227.56,
      "change_pct": -10.8,
      "is_new": false,
      "is_discontinued": false
    },
    {
      "ctgr2": "공통비",
      "ctgr3": "공통 인건비",
      "gl_nm": null,
      "prev_year": 1178.14,
      "curr_year": 1188.2,
      "change": 10.06,
      "change_pct": 0.9,
      "is_new": false,
      "is_discontinued": false
    }
  ],
  "category_summary": {
    "increased": [
      {
        "ctgr2": "공통비",
        "ctgr3": "공통 인건비",
        "gl_nm": null,
        "prev_year": 1178.14,
        "curr_year": 1188.2,
        "change": 10.06,
        "change_pct": 0.9,
        "is_new": false,
        "is_discontinued": false
      }
    ],
    "decreased": [
      {
        "ctgr2": "공통비",
        "ctgr3": "공통비 배부",
        "gl_nm": null,
        "prev_year": 2103.58,
        "curr_year": 1876.02,
        "change": -227.56,
        "change_pct": -10.8,
        "is_new": false,
        "is_discontinued": false
      }
    ],
    "new_investments": [],
    "discontinued": []
  },
  "raw_data": {
    "total_records": [
      {
        "PST_YYYYMM": "202411",
        "TOTAL_AMT": 3281721380.0
      },
      {
        "PST_YYYYMM": "202511",
        "TOTAL_AMT": 3064217192.0
      }
    ],
    "detail_records": [
      {
        "PST_YYYYMM": "202411",
        "BRD_CD": "X",
        "BRD_NM": "DISCOVERY",
        "CTGR1": "공통비",
        "CTGR2": "공통비",
        "CTGR3": "공통비 배부",
        "GL_NM": null,
        "TTL_USE_AMT": 2103580221.0
      },
      {
        "PST_YYYYMM": "202511",
        "BRD_CD": "X",
        "BRD_NM": "DISCOVERY",
        "CTGR1": "공통비",
        "CTGR2": "공통비",
        "CTGR3": "공통비 배부",
        "GL_NM": null,
        "TTL_USE_AMT": 1876020274.0
      },
      {
        "PST_YYYYMM": "202511",
        "BRD_CD": "X",
        "BRD_NM": "DISCOVERY",
        "CTGR1": "공통비",
        "CTGR2": "공통비",
        "CTGR3": "공통 인건비",
        "GL_NM": null,
        "TTL_USE_AMT": 1188196918.0
      },
      {
        "PST_YYYYMM": "202411",
        "BRD_CD": "X",
        "BRD_NM": "DISCOVERY",
        "CTGR1": "공통비",
        "CTGR2": "공통비",
        "CTGR3": "공통 인건비",
        "GL_NM": null,
        "TTL_USE_AMT": 1178141159.0
      }
    ]
  },
  "trend_data": {
    "trend_months": [
      "202412",
      "202501",
      "202502",
      "202503",
      "202504",
      "202505",
      "202506",
      "202507",
      "202508",
      "202509",
      "202510",
      "202511"
    ],
    "monthly_totals": [
      {
        "yyyymm": "202412",
        "total_amount": 3813.68
      },
      {
        "yyyymm": "202501",
        "total_amount": 2819.58
      },
      {
        "yyyymm": "202502",
        "total_amount": 2345.5
      },
      {
        "yyyymm": "202503",
        "total_amount": 1873.66
      },
      {
        "yyyymm": "202504",
        "total_amount": 2277.63
      },
      {
        "yyyymm": "202505",
        "total_amount": 1904.87
      },
      {
        "yyyymm": "202506",
        "total_amount": 1964.61
      },
      {
        "yyyymm": "202507",
        "total_amount": 2278.74
      },
      {
        "yyyymm": "202508",
        "total_amount": 1862.9
      },
      {
        "yyyymm": "202509",
        "total_amount": 1823.9
      },
      {
        "yyyymm": "202510",
        "total_amount": 2707.41
      },
      {
        "yyyymm": "202511",
        "total_amount": 3064.22
      }
    ],
    "monthly_details": [
      {
        "yyyymm": "202412",
        "ctgr2": "공통비",
        "ctgr3": "공통비 배부",
        "gl_nm": null,
        "amount": 2507.9
      },
      {
        "yyyymm": "202412",
        "ctgr2": "공통비",
        "ctgr3": "공통 인건비",
        "gl_nm": null,
        "amount": 1305.78
      },
      {
        "yyyymm": "202501",
        "ctgr2": "공통비",
        "ctgr3": "공통비 배부",
        "gl_nm": null,
        "amount": 1722.82
      },
      {
        "yyyymm": "202501",
        "ctgr2": "공통비",
        "ctgr3": "공통 인건비",
        "gl_nm": null,
        "amount": 1096.76
      },
      {
        "yyyymm": "202502",
        "ctgr2": "공통비",
        "ctgr3": "공통비 배부",
        "gl_nm": null,
        "amount": 1458.95
      },
      {
        "yyyymm": "202502",
        "ctgr2": "공통비",
        "ctgr3": "공통 인건비",
        "gl_nm": null,
        "amount": 886.55
      },
      {
        "yyyymm": "202503",
        "ctgr2": "공통비",
        "ctgr3": "공통비 배부",
        "gl_nm": null,
        "amount": 1141.89
      },
      {
        "yyyymm": "202503",
        "ctgr2": "공통비",
        "ctgr3": "공통 인건비",
        "gl_nm": null,
        "amount": 731.78
      },
      {
        "yyyymm": "202504",
        "ctgr2": "공통비",
        "ctgr3": "공통비 배부",
        "gl_nm": null,
        "amount": 1154.09
      },
      {
        "yyyymm": "202504",
        "ctgr2": "공통비",
        "ctgr3": "공통 인건비",
        "gl_nm": null,
        "amount": 1123.53
      },
      {
        "yyyymm": "202505",
        "ctgr2": "공통비",
        "ctgr3": "공통비 배부",
        "gl_nm": null,
        "amount": 1119.76
      },
      {
        "yyyymm": "202505",
        "ctgr2": "공통비",
        "ctgr3": "공통 인건비",
        "gl_nm": null,
        "amount": 785.11
      },
      {
        "yyyymm": "202506",
        "ctgr2": "공통비",
        "ctgr3": "공통비 배부",
        "gl_nm": null,
        "amount": 1120.6
      },
      {
        "yyyymm": "202506",
        "ctgr2": "공통비",
        "ctgr3": "공통 인건비",
        "gl_nm": null,
        "amount": 844.01
      },
      {
        "yyyymm": "202507",
        "ctgr2": "공통비",
        "ctgr3": "공통비 배부",
        "gl_nm": null,
        "amount": 1402.74
      },
      {
        "yyyymm": "202507",
        "ctgr2": "공통비",
        "ctgr3": "공통 인건비",
        "gl_nm": null,
        "amount": 876.0
      },
      {
        "yyyymm": "202508",
        "ctgr2": "공통비",
        "ctgr3": "공통비 배부",
        "gl_nm": null,
        "amount": 1121.52
      },
      {
        "yyyymm": "202508",
        "ctgr2": "공통비",
        "ctgr3": "공통 인건비",
        "gl_nm": null,
        "amount": 741.38
      },
      {
        "yyyymm": "202509",
        "ctgr2": "공통비",
        "ctgr3": "공통비 배부",
        "gl_nm": null,
        "amount": 1100.4
      },
      {
        "yyyymm": "202509",
        "ctgr2": "공통비",
        "ctgr3": "공통 인건비",
        "gl_nm": null,
        "amount": 723.5
      },
      {
        "yyyymm": "202510",
        "ctgr2": "공통비",
        "ctgr3": "공통 인건비",
        "gl_nm": null,
        "amount": 1380.56
      },
      {
        "yyyymm": "202510",
        "ctgr2": "공통비",
        "ctgr3": "공통비 배부",
        "gl_nm": null,
        "amount": 1326.85
      },
      {
        "yyyymm": "202511",
        "ctgr2": "공통비",
        "ctgr3": "공통비 배부",
        "gl_nm": null,
        "amount": 1876.02
      },
      {
        "yyyymm": "202511",
        "ctgr2": "공통비",
        "ctgr3": "공통 인건비",
        "gl_nm": null,
        "amount": 1188.2
      }
    ]
  }
}