{
  "country": "KR",
  "brand_cd": "I",
  "brand_name": "MLB KIDS",
  "yyyymm": "202511",
  "yyyymm_py": "202411",
  "key": "월별아이템별재고추세",
  "analysis_data": {
    "title": "아이템별 재고 종합분석 (당해 1월~현재월)",
    "sections": [
      {
        "div": "종합분석-1",
        "sub_title": "조기경보",
        "ai_text": "• 2025년 1월 신규 재고 도입 후 초기 안정화 단계\n• 8월 118,844백만원 최대 재고액 기록\n• 1월比 6.3% 재고 증가로 관리 필요"
      },
      {
        "div": "종합분석-2",
        "sub_title": "긍정신호",
        "ai_text": "• 8월 고점 이후 지속적 재고 감소 추세\n• 118,844 → 101,279백만원으로 17,565백만원 감소\n• 효과적 재고 관리로 14.8% 감소 달성"
      },
      {
        "div": "종합분석-3",
        "sub_title": "인사이트",
        "ai_text": "• 총재고 11월 101,279백만원 기록\n• 5월 저점 후 여름 시즌 재고 증가 패턴\n• 하반기 재고 감소로 건전한 관리 체계 구축"
      }
    ]
  },
  "summary": {
    "total_stock": 1182511.37,
    "unique_months": 22,
    "unique_items": 9,
    "analysis_period": "2025년 01월 ~ 2025년 11월"
  },
  "monthly_totals": [
    {
      "yyyymm": "202401",
      "total_stock": 0.0
    },
    {
      "yyyymm": "202402",
      "total_stock": 0.0
    },
    {
      "yyyymm": "202403",
      "total_stock": 0.0
    },
    {
      "yyyymm": "202404",
      "total_stock": 0.0
    },
    {
      "yyyymm": "202405",
      "total_stock": 0.0
    },
    {
      "yyyymm": "202406",
      "total_stock": 0.0
    },
    {
      "yyyymm": "202407",
      "total_stock": 0.0
    },
    {
      "yyyymm": "202408",
      "total_stock": 0.0
    },
    {
      "yyyymm": "202409",
      "total_stock": 0.0
    },
    {
      "yyyymm": "202410",
      "total_stock": 0.0
    },
    {
      "yyyymm": "202411",
      "total_stock": 0.0
    },
    {
      "yyyymm": "202501",
      "total_stock": 111778.23
    },
    {
      "yyyymm": "202502",
      "total_stock": 113446.78
    },
    {
      "yyyymm": "202503",
      "total_stock": 107820.48
    },
    {
      "yyyymm": "202504",
      "total_stock": 99313.23
    },
    {
      "yyyymm": "202505",
      "total_stock": 97469.43
    },
    {
      "yyyymm": "202506",
      "total_stock": 98168.03
    },
    {
      "yyyymm": "202507",
      "total_stock": 111669.04
    },
    {
      "yyyymm": "202508",
      "total_stock": 118843.62
    },
    {
      "yyyymm": "202509",
      "total_stock": 113981.49
    },
    {
      "yyyymm": "202510",
      "total_stock": 108742.35
    },
    {
      "yyyymm": "202511",
      "total_stock": 101278.7
    }
  ],
  "early_warning_items": [],
  "positive_signal_items": [],
  "insights": {
    "final_month_total": 101278.7,
    "decreasing_months_count": 6,
    "increasing_months_count": 5,
    "min_month": "202401",
    "min_stock": 0.0
  },
  "raw_data": {
    "sample_records": [
      {
        "YYYYMM": "202401",
        "ITEM_STD": "25S 의류",
        "CY_END_STOCK_TAG_AMT": 0.0,
        "PY_END_STOCK_TAG_AMT": 20911458000.0,
        "YOY": 0.0
      },
      {
        "YYYYMM": "202401",
        "ITEM_STD": "가방",
        "CY_END_STOCK_TAG_AMT": 0.0,
        "PY_END_STOCK_TAG_AMT": 9515709000.0,
        "YOY": 0.0
      },
      {
        "YYYYMM": "202401",
        "ITEM_STD": "과시즌 의류",
        "CY_END_STOCK_TAG_AMT": 0.0,
        "PY_END_STOCK_TAG_AMT": 48704387000.0,
        "YOY": 0.0
      },
      {
        "YYYYMM": "202401",
        "ITEM_STD": "기타ACC",
        "CY_END_STOCK_TAG_AMT": 0.0,
        "PY_END_STOCK_TAG_AMT": 3500398800.0,
        "YOY": 0.0
      },
      {
        "YYYYMM": "202401",
        "ITEM_STD": "모자",
        "CY_END_STOCK_TAG_AMT": 0.0,
        "PY_END_STOCK_TAG_AMT": 12416197000.0,
        "YOY": 0.0
      },
      {
        "YYYYMM": "202401",
        "ITEM_STD": "신발",
        "CY_END_STOCK_TAG_AMT": 0.0,
        "PY_END_STOCK_TAG_AMT": 14909405000.0,
        "YOY": 0.0
      },
      {
        "YYYYMM": "202402",
        "ITEM_STD": "25F 의류",
        "CY_END_STOCK_TAG_AMT": 0.0,
        "PY_END_STOCK_TAG_AMT": 0.0,
        "YOY": 0.0
      },
      {
        "YYYYMM": "202402",
        "ITEM_STD": "25S 의류",
        "CY_END_STOCK_TAG_AMT": 0.0,
        "PY_END_STOCK_TAG_AMT": 31664753000.0,
        "YOY": 0.0
      },
      {
        "YYYYMM": "202402",
        "ITEM_STD": "가방",
        "CY_END_STOCK_TAG_AMT": 0.0,
        "PY_END_STOCK_TAG_AMT": 7574860000.0,
        "YOY": 0.0
      },
      {
        "YYYYMM": "202402",
        "ITEM_STD": "과시즌 의류",
        "CY_END_STOCK_TAG_AMT": 0.0,
        "PY_END_STOCK_TAG_AMT": 44720100000.0,
        "YOY": 0.0
      },
      {
        "YYYYMM": "202402",
        "ITEM_STD": "기타ACC",
        "CY_END_STOCK_TAG_AMT": 0.0,
        "PY_END_STOCK_TAG_AMT": 3462737300.0,
        "YOY": 0.0
      },
      {
        "YYYYMM": "202402",
        "ITEM_STD": "모자",
        "CY_END_STOCK_TAG_AMT": 0.0,
        "PY_END_STOCK_TAG_AMT": 12259287000.0,
        "YOY": 0.0
      },
      {
        "YYYYMM": "202402",
        "ITEM_STD": "신발",
        "CY_END_STOCK_TAG_AMT": 0.0,
        "PY_END_STOCK_TAG_AMT": 15234646000.0,
        "YOY": 0.0
      },
      {
        "YYYYMM": "202403",
        "ITEM_STD": "25F 의류",
        "CY_END_STOCK_TAG_AMT": 0.0,
        "PY_END_STOCK_TAG_AMT": 0.0,
        "YOY": 0.0
      },
      {
        "YYYYMM": "202403",
        "ITEM_STD": "25S 의류",
        "CY_END_STOCK_TAG_AMT": 0.0,
        "PY_END_STOCK_TAG_AMT": 29105388000.0,
        "YOY": 0.0
      },
      {
        "YYYYMM": "202403",
        "ITEM_STD": "가방",
        "CY_END_STOCK_TAG_AMT": 0.0,
        "PY_END_STOCK_TAG_AMT": 7047154000.0,
        "YOY": 0.0
      },
      {
        "YYYYMM": "202403",
        "ITEM_STD": "과시즌 의류",
        "CY_END_STOCK_TAG_AMT": 0.0,
        "PY_END_STOCK_TAG_AMT": 39558343000.0,
        "YOY": 0.0
      },
      {
        "YYYYMM": "202403",
        "ITEM_STD": "기타ACC",
        "CY_END_STOCK_TAG_AMT": 0.0,
        "PY_END_STOCK_TAG_AMT": 3367146000.0,
        "YOY": 0.0
      },
      {
        "YYYYMM": "202403",
        "ITEM_STD": "모자",
        "CY_END_STOCK_TAG_AMT": 0.0,
        "PY_END_STOCK_TAG_AMT": 10874711000.0,
        "YOY": 0.0
      },
      {
        "YYYYMM": "202403",
        "ITEM_STD": "신발",
        "CY_END_STOCK_TAG_AMT": 0.0,
        "PY_END_STOCK_TAG_AMT": 15466838000.0,
        "YOY": 0.0
      },
      {
        "YYYYMM": "202404",
        "ITEM_STD": "25F 의류",
        "CY_END_STOCK_TAG_AMT": 0.0,
        "PY_END_STOCK_TAG_AMT": 0.0,
        "YOY": 0.0
      },
      {
        "YYYYMM": "202404",
        "ITEM_STD": "25S 의류",
        "CY_END_STOCK_TAG_AMT": 0.0,
        "PY_END_STOCK_TAG_AMT": 27765665000.0,
        "YOY": 0.0
      },
      {
        "YYYYMM": "202404",
        "ITEM_STD": "가방",
        "CY_END_STOCK_TAG_AMT": 0.0,
        "PY_END_STOCK_TAG_AMT": 6718045000.0,
        "YOY": 0.0
      },
      {
        "YYYYMM": "202404",
        "ITEM_STD": "과시즌 의류",
        "CY_END_STOCK_TAG_AMT": 0.0,
        "PY_END_STOCK_TAG_AMT": 34301159000.0,
        "YOY": 0.0
      },
      {
        "YYYYMM": "202404",
        "ITEM_STD": "기타ACC",
        "CY_END_STOCK_TAG_AMT": 0.0,
        "PY_END_STOCK_TAG_AMT": 3329644900.0,
        "YOY": 0.0
      },
      {
        "YYYYMM": "202404",
        "ITEM_STD": "모자",
        "CY_END_STOCK_TAG_AMT": 0.0,
        "PY_END_STOCK_TAG_AMT": 10145105000.0,
        "YOY": 0.0
      },
      {
        "YYYYMM": "202404",
        "ITEM_STD": "신발",
        "CY_END_STOCK_TAG_AMT": 0.0,
        "PY_END_STOCK_TAG_AMT": 13660011000.0,
        "YOY": 0.0
      },
      {
        "YYYYMM": "202405",
        "ITEM_STD": "25F 의류",
        "CY_END_STOCK_TAG_AMT": 0.0,
        "PY_END_STOCK_TAG_AMT": 1658923000.0,
        "YOY": 0.0
      },
      {
        "YYYYMM": "202405",
        "ITEM_STD": "25S 의류",
        "CY_END_STOCK_TAG_AMT": 0.0,
        "PY_END_STOCK_TAG_AMT": 26056400000.0,
        "YOY": 0.0
      },
      {
        "YYYYMM": "202405",
        "ITEM_STD": "가방",
        "CY_END_STOCK_TAG_AMT": 0.0,
        "PY_END_STOCK_TAG_AMT": 8269294000.0,
        "YOY": 0.0
      },
      {
        "YYYYMM": "202405",
        "ITEM_STD": "과시즌 의류",
        "CY_END_STOCK_TAG_AMT": 0.0,
        "PY_END_STOCK_TAG_AMT": 33911873000.0,
        "YOY": 0.0
      },
      {
        "YYYYMM": "202405",
        "ITEM_STD": "기타ACC",
        "CY_END_STOCK_TAG_AMT": 0.0,
        "PY_END_STOCK_TAG_AMT": 3382371700.0,
        "YOY": 0.0
      },
      {
        "YYYYMM": "202405",
        "ITEM_STD": "모자",
        "CY_END_STOCK_TAG_AMT": 0.0,
        "PY_END_STOCK_TAG_AMT": 9648743000.0,
        "YOY": 0.0
      },
      {
        "YYYYMM": "202405",
        "ITEM_STD": "신발",
        "CY_END_STOCK_TAG_AMT": 0.0,
        "PY_END_STOCK_TAG_AMT": 12963088000.0,
        "YOY": 0.0
      },
      {
        "YYYYMM": "202406",
        "ITEM_STD": "25F 의류",
        "CY_END_STOCK_TAG_AMT": 0.0,
        "PY_END_STOCK_TAG_AMT": 2748440000.0,
        "YOY": 0.0
      },
      {
        "YYYYMM": "202406",
        "ITEM_STD": "25S 의류",
        "CY_END_STOCK_TAG_AMT": 0.0,
        "PY_END_STOCK_TAG_AMT": 23547336000.0,
        "YOY": 0.0
      },
      {
        "YYYYMM": "202406",
        "ITEM_STD": "가방",
        "CY_END_STOCK_TAG_AMT": 0.0,
        "PY_END_STOCK_TAG_AMT": 7926505000.0,
        "YOY": 0.0
      },
      {
        "YYYYMM": "202406",
        "ITEM_STD": "과시즌 의류",
        "CY_END_STOCK_TAG_AMT": 0.0,
        "PY_END_STOCK_TAG_AMT": 33847957000.0,
        "YOY": 0.0
      },
      {
        "YYYYMM": "202406",
        "ITEM_STD": "기타ACC",
        "CY_END_STOCK_TAG_AMT": 0.0,
        "PY_END_STOCK_TAG_AMT": 3282054100.0,
        "YOY": 0.0
      },
      {
        "YYYYMM": "202406",
        "ITEM_STD": "모자",
        "CY_END_STOCK_TAG_AMT": 0.0,
        "PY_END_STOCK_TAG_AMT": 9819802000.0,
        "YOY": 0.0
      },
      {
        "YYYYMM": "202406",
        "ITEM_STD": "신발",
        "CY_END_STOCK_TAG_AMT": 0.0,
        "PY_END_STOCK_TAG_AMT": 13605204000.0,
        "YOY": 0.0
      },
      {
        "YYYYMM": "202407",
        "ITEM_STD": "25F 의류",
        "CY_END_STOCK_TAG_AMT": 0.0,
        "PY_END_STOCK_TAG_AMT": 18776468000.0,
        "YOY": 0.0
      },
      {
        "YYYYMM": "202407",
        "ITEM_STD": "25S 의류",
        "CY_END_STOCK_TAG_AMT": 0.0,
        "PY_END_STOCK_TAG_AMT": 21718299000.0,
        "YOY": 0.0
      },
      {
        "YYYYMM": "202407",
        "ITEM_STD": "가방",
        "CY_END_STOCK_TAG_AMT": 0.0,
        "PY_END_STOCK_TAG_AMT": 7685847000.0,
        "YOY": 0.0
      },
      {
        "YYYYMM": "202407",
        "ITEM_STD": "과시즌 의류",
        "CY_END_STOCK_TAG_AMT": 0.0,
        "PY_END_STOCK_TAG_AMT": 32698294000.0,
        "YOY": 0.0
      },
      {
        "YYYYMM": "202407",
        "ITEM_STD": "기타ACC",
        "CY_END_STOCK_TAG_AMT": 0.0,
        "PY_END_STOCK_TAG_AMT": 3263204900.0,
        "YOY": 0.0
      },
      {
        "YYYYMM": "202407",
        "ITEM_STD": "모자",
        "CY_END_STOCK_TAG_AMT": 0.0,
        "PY_END_STOCK_TAG_AMT": 10751312000.0,
        "YOY": 0.0
      },
      {
        "YYYYMM": "202407",
        "ITEM_STD": "신발",
        "CY_END_STOCK_TAG_AMT": 0.0,
        "PY_END_STOCK_TAG_AMT": 14927422000.0,
        "YOY": 0.0
      },
      {
        "YYYYMM": "202408",
        "ITEM_STD": "25F 의류",
        "CY_END_STOCK_TAG_AMT": 0.0,
        "PY_END_STOCK_TAG_AMT": 29754283000.0,
        "YOY": 0.0
      },
      {
        "YYYYMM": "202408",
        "ITEM_STD": "25S 의류",
        "CY_END_STOCK_TAG_AMT": 0.0,
        "PY_END_STOCK_TAG_AMT": 21016547000.0,
        "YOY": 0.0
      },
      {
        "YYYYMM": "202408",
        "ITEM_STD": "가방",
        "CY_END_STOCK_TAG_AMT": 0.0,
        "PY_END_STOCK_TAG_AMT": 7690299000.0,
        "YOY": 0.0
      },
      {
        "YYYYMM": "202408",
        "ITEM_STD": "과시즌 의류",
        "CY_END_STOCK_TAG_AMT": 0.0,
        "PY_END_STOCK_TAG_AMT": 27202790000.0,
        "YOY": 0.0
      },
      {
        "YYYYMM": "202408",
        "ITEM_STD": "기타ACC",
        "CY_END_STOCK_TAG_AMT": 0.0,
        "PY_END_STOCK_TAG_AMT": 3729228900.0,
        "YOY": 0.0
      },
      {
        "YYYYMM": "202408",
        "ITEM_STD": "모자",
        "CY_END_STOCK_TAG_AMT": 0.0,
        "PY_END_STOCK_TAG_AMT": 10022080000.0,
        "YOY": 0.0
      },
      {
        "YYYYMM": "202408",
        "ITEM_STD": "신발",
        "CY_END_STOCK_TAG_AMT": 0.0,
        "PY_END_STOCK_TAG_AMT": 13405548000.0,
        "YOY": 0.0
      },
      {
        "YYYYMM": "202408",
        "ITEM_STD": "차기시즌 의류",
        "CY_END_STOCK_TAG_AMT": 0.0,
        "PY_END_STOCK_TAG_AMT": 0.0,
        "YOY": 0.0
      },
      {
        "YYYYMM": "202409",
        "ITEM_STD": "25F 의류",
        "CY_END_STOCK_TAG_AMT": 0.0,
        "PY_END_STOCK_TAG_AMT": 31782693000.0,
        "YOY": 0.0
      },
      {
        "YYYYMM": "202409",
        "ITEM_STD": "25S 의류",
        "CY_END_STOCK_TAG_AMT": 0.0,
        "PY_END_STOCK_TAG_AMT": 20806012000.0,
        "YOY": 0.0
      },
      {
        "YYYYMM": "202409",
        "ITEM_STD": "가방",
        "CY_END_STOCK_TAG_AMT": 0.0,
        "PY_END_STOCK_TAG_AMT": 8487095000.0,
        "YOY": 0.0
      },
      {
        "YYYYMM": "202409",
        "ITEM_STD": "과시즌 의류",
        "CY_END_STOCK_TAG_AMT": 0.0,
        "PY_END_STOCK_TAG_AMT": 21531330000.0,
        "YOY": 0.0
      },
      {
        "YYYYMM": "202409",
        "ITEM_STD": "기타ACC",
        "CY_END_STOCK_TAG_AMT": 0.0,
        "PY_END_STOCK_TAG_AMT": 3630243300.0,
        "YOY": 0.0
      },
      {
        "YYYYMM": "202409",
        "ITEM_STD": "모자",
        "CY_END_STOCK_TAG_AMT": 0.0,
        "PY_END_STOCK_TAG_AMT": 9333958000.0,
        "YOY": 0.0
      },
      {
        "YYYYMM": "202409",
        "ITEM_STD": "신발",
        "CY_END_STOCK_TAG_AMT": 0.0,
        "PY_END_STOCK_TAG_AMT": 14067710000.0,
        "YOY": 0.0
      },
      {
        "YYYYMM": "202409",
        "ITEM_STD": "차기시즌 의류",
        "CY_END_STOCK_TAG_AMT": 0.0,
        "PY_END_STOCK_TAG_AMT": 0.0,
        "YOY": 0.0
      },
      {
        "YYYYMM": "202410",
        "ITEM_STD": "25F 의류",
        "CY_END_STOCK_TAG_AMT": 0.0,
        "PY_END_STOCK_TAG_AMT": 30372696000.0,
        "YOY": 0.0
      },
      {
        "YYYYMM": "202410",
        "ITEM_STD": "25S 의류",
        "CY_END_STOCK_TAG_AMT": 0.0,
        "PY_END_STOCK_TAG_AMT": 20728703000.0,
        "YOY": 0.0
      },
      {
        "YYYYMM": "202410",
        "ITEM_STD": "가방",
        "CY_END_STOCK_TAG_AMT": 0.0,
        "PY_END_STOCK_TAG_AMT": 15850828000.0,
        "YOY": 0.0
      },
      {
        "YYYYMM": "202410",
        "ITEM_STD": "과시즌 의류",
        "CY_END_STOCK_TAG_AMT": 0.0,
        "PY_END_STOCK_TAG_AMT": 11695087000.0,
        "YOY": 0.0
      },
      {
        "YYYYMM": "202410",
        "ITEM_STD": "기타ACC",
        "CY_END_STOCK_TAG_AMT": 0.0,
        "PY_END_STOCK_TAG_AMT": 3798594100.0,
        "YOY": 0.0
      },
      {
        "YYYYMM": "202410",
        "ITEM_STD": "모자",
        "CY_END_STOCK_TAG_AMT": 0.0,
        "PY_END_STOCK_TAG_AMT": 8528469000.0,
        "YOY": 0.0
      },
      {
        "YYYYMM": "202410",
        "ITEM_STD": "신발",
        "CY_END_STOCK_TAG_AMT": 0.0,
        "PY_END_STOCK_TAG_AMT": 12698711000.0,
        "YOY": 0.0
      },
      {
        "YYYYMM": "202410",
        "ITEM_STD": "차기시즌 의류",
        "CY_END_STOCK_TAG_AMT": 0.0,
        "PY_END_STOCK_TAG_AMT": 0.0,
        "YOY": 0.0
      },
      {
        "YYYYMM": "202411",
        "ITEM_STD": "25F 의류",
        "CY_END_STOCK_TAG_AMT": 0.0,
        "PY_END_STOCK_TAG_AMT": 26695144000.0,
        "YOY": 0.0
      },
      {
        "YYYYMM": "202411",
        "ITEM_STD": "25S 의류",
        "CY_END_STOCK_TAG_AMT": 0.0,
        "PY_END_STOCK_TAG_AMT": 20703598000.0,
        "YOY": 0.0
      },
      {
        "YYYYMM": "202411",
        "ITEM_STD": "가방",
        "CY_END_STOCK_TAG_AMT": 0.0,
        "PY_END_STOCK_TAG_AMT": 17443425000.0,
        "YOY": 0.0
      },
      {
        "YYYYMM": "202411",
        "ITEM_STD": "과시즌 의류",
        "CY_END_STOCK_TAG_AMT": 0.0,
        "PY_END_STOCK_TAG_AMT": 8043083000.0,
        "YOY": 0.0
      },
      {
        "YYYYMM": "202411",
        "ITEM_STD": "기타ACC",
        "CY_END_STOCK_TAG_AMT": 0.0,
        "PY_END_STOCK_TAG_AMT": 3756634100.0,
        "YOY": 0.0
      },
      {
        "YYYYMM": "202411",
        "ITEM_STD": "모자",
        "CY_END_STOCK_TAG_AMT": 0.0,
        "PY_END_STOCK_TAG_AMT": 9011719000.0,
        "YOY": 0.0
      },
      {
        "YYYYMM": "202411",
        "ITEM_STD": "신발",
        "CY_END_STOCK_TAG_AMT": 0.0,
        "PY_END_STOCK_TAG_AMT": 12514355000.0,
        "YOY": 0.0
      },
      {
        "YYYYMM": "202411",
        "ITEM_STD": "차기시즌 의류",
        "CY_END_STOCK_TAG_AMT": 0.0,
        "PY_END_STOCK_TAG_AMT": 0.0,
        "YOY": 0.0
      },
      {
        "YYYYMM": "202501",
        "ITEM_STD": "25N 의류",
        "CY_END_STOCK_TAG_AMT": 0.0,
        "PY_END_STOCK_TAG_AMT": 0.0,
        "YOY": 0.0
      },
      {
        "YYYYMM": "202501",
        "ITEM_STD": "25S 의류",
        "CY_END_STOCK_TAG_AMT": 21606815000.0,
        "PY_END_STOCK_TAG_AMT": 0.0,
        "YOY": 0.0
      },
      {
        "YYYYMM": "202501",
        "ITEM_STD": "가방",
        "CY_END_STOCK_TAG_AMT": 13469771000.0,
        "PY_END_STOCK_TAG_AMT": 0.0,
        "YOY": 0.0
      },
      {
        "YYYYMM": "202501",
        "ITEM_STD": "과시즌 의류",
        "CY_END_STOCK_TAG_AMT": 47988058000.0,
        "PY_END_STOCK_TAG_AMT": 0.0,
        "YOY": 0.0
      },
      {
        "YYYYMM": "202501",
        "ITEM_STD": "기타ACC",
        "CY_END_STOCK_TAG_AMT": 3507017900.0,
        "PY_END_STOCK_TAG_AMT": 0.0,
        "YOY": 0.0
      },
      {
        "YYYYMM": "202501",
        "ITEM_STD": "모자",
        "CY_END_STOCK_TAG_AMT": 10029756000.0,
        "PY_END_STOCK_TAG_AMT": 0.0,
        "YOY": 0.0
      },
      {
        "YYYYMM": "202501",
        "ITEM_STD": "신발",
        "CY_END_STOCK_TAG_AMT": 15176808000.0,
        "PY_END_STOCK_TAG_AMT": 0.0,
        "YOY": 0.0
      },
      {
        "YYYYMM": "202502",
        "ITEM_STD": "25F 의류",
        "CY_END_STOCK_TAG_AMT": 0.0,
        "PY_END_STOCK_TAG_AMT": 0.0,
        "YOY": 0.0
      },
      {
        "YYYYMM": "202502",
        "ITEM_STD": "25N 의류",
        "CY_END_STOCK_TAG_AMT": 0.0,
        "PY_END_STOCK_TAG_AMT": 0.0,
        "YOY": 0.0
      },
      {
        "YYYYMM": "202502",
        "ITEM_STD": "25S 의류",
        "CY_END_STOCK_TAG_AMT": 30278561000.0,
        "PY_END_STOCK_TAG_AMT": 0.0,
        "YOY": 0.0
      },
      {
        "YYYYMM": "202502",
        "ITEM_STD": "가방",
        "CY_END_STOCK_TAG_AMT": 12385876000.0,
        "PY_END_STOCK_TAG_AMT": 0.0,
        "YOY": 0.0
      },
      {
        "YYYYMM": "202502",
        "ITEM_STD": "과시즌 의류",
        "CY_END_STOCK_TAG_AMT": 43391565000.0,
        "PY_END_STOCK_TAG_AMT": 0.0,
        "YOY": 0.0
      },
      {
        "YYYYMM": "202502",
        "ITEM_STD": "기타ACC",
        "CY_END_STOCK_TAG_AMT": 3399240700.0,
        "PY_END_STOCK_TAG_AMT": 0.0,
        "YOY": 0.0
      },
      {
        "YYYYMM": "202502",
        "ITEM_STD": "모자",
        "CY_END_STOCK_TAG_AMT": 9597833000.0,
        "PY_END_STOCK_TAG_AMT": 0.0,
        "YOY": 0.0
      },
      {
        "YYYYMM": "202502",
        "ITEM_STD": "신발",
        "CY_END_STOCK_TAG_AMT": 14393706000.0,
        "PY_END_STOCK_TAG_AMT": 0.0,
        "YOY": 0.0
      },
      {
        "YYYYMM": "202503",
        "ITEM_STD": "25F 의류",
        "CY_END_STOCK_TAG_AMT": 0.0,
        "PY_END_STOCK_TAG_AMT": 0.0,
        "YOY": 0.0
      },
      {
        "YYYYMM": "202503",
        "ITEM_STD": "25N 의류",
        "CY_END_STOCK_TAG_AMT": 345681000.0,
        "PY_END_STOCK_TAG_AMT": 0.0,
        "YOY": 0.0
      },
      {
        "YYYYMM": "202503",
        "ITEM_STD": "25S 의류",
        "CY_END_STOCK_TAG_AMT": 27725839000.0,
        "PY_END_STOCK_TAG_AMT": 0.0,
        "YOY": 0.0
      },
      {
        "YYYYMM": "202503",
        "ITEM_STD": "가방",
        "CY_END_STOCK_TAG_AMT": 11793573000.0,
        "PY_END_STOCK_TAG_AMT": 0.0,
        "YOY": 0.0
      },
      {
        "YYYYMM": "202503",
        "ITEM_STD": "과시즌 의류",
        "CY_END_STOCK_TAG_AMT": 38029187000.0,
        "PY_END_STOCK_TAG_AMT": 0.0,
        "YOY": 0.0
      }
    ],
    "total_records_count": 176
  }
}