{
  "country": "KR",
  "brand_cd": "X",
  "brand_name": "DISCOVERY",
  "yyyymm": "202511",
  "yyyymm_py": "202411",
  "key": "월별아이템별매출추세",
  "analysis_data": {
    "title": "아이템별 매출 종합분석 (당해 1월~현재월)",
    "sections": [
      {
        "div": "종합분석-1",
        "sub_title": "시즌 트렌드",
        "ai_text": "• 25F 의류는 7월부터 본격 판매되어 11월 37,624백만원으로 급성장하며 시즌 매출액(v+) 58,759백만원 달성, 전년대비 59.0%로 신규 시즌 강세\n• 25S 의류는 3-7월 피크 시즌에 월평균 10,000백만원 이상 매출을 기록하며 총 64,707백만원 달성, 전년대비 94.5%로 안정적 성장세\n• 과시즌 의류는 연중 가장 높은 매출 비중(38.5%)을 차지하며 131,968백만원 달성, 1월 30,523백만원에서 11월 19,946백만원으로 꾸준한 판매력 유지"
      },
      {
        "div": "종합분석-2",
        "sub_title": "카테고리",
        "ai_text": "• 모자는 연간 3,652백만원으로 소규모이지만 4-7월 성수기에 월 400백만원대 안정적 매출을 기록하며 전년대비 79.8% 수준 유지\n• 신발은 전체 매출의 14.7% 비중으로 41,228백만원 달성, 5-6월 피크 시즌에 월 5,000백만원 이상 매출로 전년대비 83.5% 성장세\n• 가방은 1-2월 집중 매출(총 11,530백만원)로 시작하여 연간 23,121백만원 달성했으나 전년대비 79.5%로 하반기 부진 개선 필요"
      },
      {
        "div": "종합분석-3",
        "sub_title": "핵심액션",
        "ai_text": "• 25F 의류의 성공 모멘텀을 활용하여 12월-내년 2월 겨울 시즌 재고 확보 및 프로모션 강화로 시즌 매출 극대화 추진\n• 가방 카테고리의 3월 이후 매출 급감 원인 분석 후, 신상품 출시 타이밍을 분기별로 분산하여 연중 고른 매출 구조로 개선\n• 신발과 모자의 안정적 성장세를 바탕으로 크로스 머천다이징 전략 도입, 의류 구매 시 액세서리 번들 할인으로 객단가 상승 유도"
      }
    ]
  },
  "summary": {
    "total_sales": 325294.0,
    "unique_months": 11,
    "analysis_period": "2025년 01월 ~ 2025년 11월"
  },
  "season_items": [
    {
      "name": "과시즌 의류",
      "total_sales": 131968.0,
      "months": {
        "01": 30523.0,
        "02": 16770.0,
        "03": 11192.0,
        "04": 8618.0,
        "05": 7792.0,
        "06": 5411.0,
        "07": 4809.0,
        "08": 4371.0,
        "09": 6333.0,
        "10": 16203.0,
        "11": 19946.0
      },
      "avg_ratio": 38.54545454545455,
      "avg_yoy": 84.0909090909091
    },
    {
      "name": "25S 의류",
      "total_sales": 64707.0,
      "months": {
        "01": 547.0,
        "02": 2373.0,
        "03": 8037.0,
        "04": 10651.0,
        "05": 12054.0,
        "06": 9492.0,
        "07": 9815.0,
        "08": 6461.0,
        "09": 3223.0,
        "10": 1539.0,
        "11": 515.0
      },
      "avg_ratio": 25.90909090909091,
      "avg_yoy": 94.54545454545455
    },
    {
      "name": "25F 의류",
      "total_sales": 58759.0,
      "months": {
        "07": 8.0,
        "08": 180.0,
        "09": 4051.0,
        "10": 16896.0,
        "11": 37624.0
      },
      "avg_ratio": 25.2,
      "avg_yoy": 59.0
    }
  ],
  "category_items": [
    {
      "name": "신발",
      "total_sales": 41228.0,
      "months": {
        "01": 3438.0,
        "02": 3728.0,
        "03": 3974.0,
        "04": 3958.0,
        "05": 4444.0,
        "06": 5011.0,
        "07": 4505.0,
        "08": 2904.0,
        "09": 2603.0,
        "10": 3108.0,
        "11": 3555.0
      },
      "avg_ratio": 14.727272727272727,
      "avg_yoy": 83.54545454545455
    },
    {
      "name": "가방",
      "total_sales": 23121.0,
      "months": {
        "01": 4092.0,
        "02": 7438.0,
        "03": 2810.0,
        "04": 964.0,
        "05": 998.0,
        "06": 965.0,
        "07": 1141.0,
        "08": 1316.0,
        "09": 1002.0,
        "10": 1103.0,
        "11": 1292.0
      },
      "avg_ratio": 7.454545454545454,
      "avg_yoy": 79.45454545454545
    },
    {
      "name": "모자",
      "total_sales": 3652.0,
      "months": {
        "01": 285.0,
        "02": 191.0,
        "03": 265.0,
        "04": 360.0,
        "05": 419.0,
        "06": 405.0,
        "07": 408.0,
        "08": 296.0,
        "09": 229.0,
        "10": 325.0,
        "11": 469.0
      },
      "avg_ratio": 1.3636363636363635,
      "avg_yoy": 79.81818181818181
    },
    {
      "name": "기타ACC",
      "total_sales": 1863.0,
      "months": {
        "01": 504.0,
        "02": 117.0,
        "03": 44.0,
        "04": 60.0,
        "05": 78.0,
        "06": 93.0,
        "07": 90.0,
        "08": 53.0,
        "09": 42.0,
        "10": 121.0,
        "11": 661.0
      },
      "avg_ratio": 0.18181818181818182,
      "avg_yoy": 93.0
    }
  ],
  "raw_data": {
    "sample_records": [
      {
        "MONTH": "01",
        "CHNL_NM": "전체",
        "SALE_AMT": 39388.0,
        "RATIO": 100.0,
        "YOY": 100.0,
        "SEQ": 1
      },
      {
        "MONTH": "01",
        "CHNL_NM": "백화점",
        "SALE_AMT": 11323.0,
        "RATIO": 29.0,
        "YOY": 88.0,
        "SEQ": 2
      },
      {
        "MONTH": "01",
        "CHNL_NM": "대리점",
        "SALE_AMT": 11040.0,
        "RATIO": 28.0,
        "YOY": 100.0,
        "SEQ": 2
      },
      {
        "MONTH": "01",
        "CHNL_NM": "직영기타",
        "SALE_AMT": 1111.0,
        "RATIO": 3.0,
        "YOY": 117.0,
        "SEQ": 2
      },
      {
        "MONTH": "01",
        "CHNL_NM": "제휴몰",
        "SALE_AMT": 4611.0,
        "RATIO": 12.0,
        "YOY": 111.0,
        "SEQ": 2
      },
      {
        "MONTH": "01",
        "CHNL_NM": "자사몰",
        "SALE_AMT": 1452.0,
        "RATIO": 4.0,
        "YOY": 83.0,
        "SEQ": 2
      },
      {
        "MONTH": "01",
        "CHNL_NM": "면세점",
        "SALE_AMT": 1846.0,
        "RATIO": 5.0,
        "YOY": 99.0,
        "SEQ": 2
      },
      {
        "MONTH": "01",
        "CHNL_NM": "아울렛",
        "SALE_AMT": 8005.0,
        "RATIO": 20.0,
        "YOY": 117.0,
        "SEQ": 2
      },
      {
        "MONTH": "01",
        "CHNL_NM": "25S 의류",
        "SALE_AMT": 547.0,
        "RATIO": 1.0,
        "YOY": 93.0,
        "SEQ": 3
      },
      {
        "MONTH": "01",
        "CHNL_NM": "과시즌 의류",
        "SALE_AMT": 30523.0,
        "RATIO": 77.0,
        "YOY": 108.0,
        "SEQ": 3
      },
      {
        "MONTH": "01",
        "CHNL_NM": "모자",
        "SALE_AMT": 285.0,
        "RATIO": 1.0,
        "YOY": 90.0,
        "SEQ": 3
      },
      {
        "MONTH": "01",
        "CHNL_NM": "신발",
        "SALE_AMT": 3438.0,
        "RATIO": 9.0,
        "YOY": 73.0,
        "SEQ": 3
      },
      {
        "MONTH": "01",
        "CHNL_NM": "가방",
        "SALE_AMT": 4092.0,
        "RATIO": 10.0,
        "YOY": 78.0,
        "SEQ": 3
      },
      {
        "MONTH": "01",
        "CHNL_NM": "기타ACC",
        "SALE_AMT": 504.0,
        "RATIO": 1.0,
        "YOY": 116.0,
        "SEQ": 3
      },
      {
        "MONTH": "02",
        "CHNL_NM": "전체",
        "SALE_AMT": 30618.0,
        "RATIO": 100.0,
        "YOY": 80.0,
        "SEQ": 1
      },
      {
        "MONTH": "02",
        "CHNL_NM": "백화점",
        "SALE_AMT": 9874.0,
        "RATIO": 32.0,
        "YOY": 79.0,
        "SEQ": 2
      },
      {
        "MONTH": "02",
        "CHNL_NM": "대리점",
        "SALE_AMT": 7881.0,
        "RATIO": 26.0,
        "YOY": 71.0,
        "SEQ": 2
      },
      {
        "MONTH": "02",
        "CHNL_NM": "직영기타",
        "SALE_AMT": 758.0,
        "RATIO": 2.0,
        "YOY": 70.0,
        "SEQ": 2
      },
      {
        "MONTH": "02",
        "CHNL_NM": "제휴몰",
        "SALE_AMT": 3501.0,
        "RATIO": 11.0,
        "YOY": 109.0,
        "SEQ": 2
      },
      {
        "MONTH": "02",
        "CHNL_NM": "자사몰",
        "SALE_AMT": 1410.0,
        "RATIO": 5.0,
        "YOY": 75.0,
        "SEQ": 2
      },
      {
        "MONTH": "02",
        "CHNL_NM": "면세점",
        "SALE_AMT": 1410.0,
        "RATIO": 5.0,
        "YOY": 192.0,
        "SEQ": 2
      },
      {
        "MONTH": "02",
        "CHNL_NM": "아울렛",
        "SALE_AMT": 5784.0,
        "RATIO": 19.0,
        "YOY": 74.0,
        "SEQ": 2
      },
      {
        "MONTH": "02",
        "CHNL_NM": "25S 의류",
        "SALE_AMT": 2373.0,
        "RATIO": 8.0,
        "YOY": 45.0,
        "SEQ": 3
      },
      {
        "MONTH": "02",
        "CHNL_NM": "과시즌 의류",
        "SALE_AMT": 16770.0,
        "RATIO": 55.0,
        "YOY": 93.0,
        "SEQ": 3
      },
      {
        "MONTH": "02",
        "CHNL_NM": "모자",
        "SALE_AMT": 191.0,
        "RATIO": 1.0,
        "YOY": 66.0,
        "SEQ": 3
      },
      {
        "MONTH": "02",
        "CHNL_NM": "신발",
        "SALE_AMT": 3728.0,
        "RATIO": 12.0,
        "YOY": 70.0,
        "SEQ": 3
      },
      {
        "MONTH": "02",
        "CHNL_NM": "가방",
        "SALE_AMT": 7438.0,
        "RATIO": 24.0,
        "YOY": 81.0,
        "SEQ": 3
      },
      {
        "MONTH": "02",
        "CHNL_NM": "기타ACC",
        "SALE_AMT": 117.0,
        "RATIO": 0.0,
        "YOY": 127.0,
        "SEQ": 3
      },
      {
        "MONTH": "03",
        "CHNL_NM": "전체",
        "SALE_AMT": 26322.0,
        "RATIO": 100.0,
        "YOY": 72.0,
        "SEQ": 1
      },
      {
        "MONTH": "03",
        "CHNL_NM": "백화점",
        "SALE_AMT": 7006.0,
        "RATIO": 27.0,
        "YOY": 64.0,
        "SEQ": 2
      },
      {
        "MONTH": "03",
        "CHNL_NM": "대리점",
        "SALE_AMT": 8437.0,
        "RATIO": 32.0,
        "YOY": 71.0,
        "SEQ": 2
      },
      {
        "MONTH": "03",
        "CHNL_NM": "직영기타",
        "SALE_AMT": 704.0,
        "RATIO": 3.0,
        "YOY": 79.0,
        "SEQ": 2
      },
      {
        "MONTH": "03",
        "CHNL_NM": "제휴몰",
        "SALE_AMT": 2357.0,
        "RATIO": 9.0,
        "YOY": 80.0,
        "SEQ": 2
      },
      {
        "MONTH": "03",
        "CHNL_NM": "자사몰",
        "SALE_AMT": 1217.0,
        "RATIO": 5.0,
        "YOY": 84.0,
        "SEQ": 2
      },
      {
        "MONTH": "03",
        "CHNL_NM": "면세점",
        "SALE_AMT": 793.0,
        "RATIO": 3.0,
        "YOY": 92.0,
        "SEQ": 2
      },
      {
        "MONTH": "03",
        "CHNL_NM": "아울렛",
        "SALE_AMT": 5808.0,
        "RATIO": 22.0,
        "YOY": 77.0,
        "SEQ": 2
      },
      {
        "MONTH": "03",
        "CHNL_NM": "25S 의류",
        "SALE_AMT": 8037.0,
        "RATIO": 31.0,
        "YOY": 70.0,
        "SEQ": 3
      },
      {
        "MONTH": "03",
        "CHNL_NM": "과시즌 의류",
        "SALE_AMT": 11192.0,
        "RATIO": 43.0,
        "YOY": 72.0,
        "SEQ": 3
      },
      {
        "MONTH": "03",
        "CHNL_NM": "모자",
        "SALE_AMT": 265.0,
        "RATIO": 1.0,
        "YOY": 61.0,
        "SEQ": 3
      },
      {
        "MONTH": "03",
        "CHNL_NM": "신발",
        "SALE_AMT": 3974.0,
        "RATIO": 15.0,
        "YOY": 73.0,
        "SEQ": 3
      },
      {
        "MONTH": "03",
        "CHNL_NM": "가방",
        "SALE_AMT": 2810.0,
        "RATIO": 11.0,
        "YOY": 78.0,
        "SEQ": 3
      },
      {
        "MONTH": "03",
        "CHNL_NM": "기타ACC",
        "SALE_AMT": 44.0,
        "RATIO": 0.0,
        "YOY": 85.0,
        "SEQ": 3
      },
      {
        "MONTH": "04",
        "CHNL_NM": "전체",
        "SALE_AMT": 24610.0,
        "RATIO": 100.0,
        "YOY": 72.0,
        "SEQ": 1
      },
      {
        "MONTH": "04",
        "CHNL_NM": "백화점",
        "SALE_AMT": 6174.0,
        "RATIO": 25.0,
        "YOY": 63.0,
        "SEQ": 2
      },
      {
        "MONTH": "04",
        "CHNL_NM": "대리점",
        "SALE_AMT": 8392.0,
        "RATIO": 34.0,
        "YOY": 70.0,
        "SEQ": 2
      },
      {
        "MONTH": "04",
        "CHNL_NM": "직영기타",
        "SALE_AMT": 853.0,
        "RATIO": 3.0,
        "YOY": 106.0,
        "SEQ": 2
      },
      {
        "MONTH": "04",
        "CHNL_NM": "제휴몰",
        "SALE_AMT": 2032.0,
        "RATIO": 8.0,
        "YOY": 88.0,
        "SEQ": 2
      },
      {
        "MONTH": "04",
        "CHNL_NM": "자사몰",
        "SALE_AMT": 1144.0,
        "RATIO": 5.0,
        "YOY": 76.0,
        "SEQ": 2
      },
      {
        "MONTH": "04",
        "CHNL_NM": "면세점",
        "SALE_AMT": 719.0,
        "RATIO": 3.0,
        "YOY": 78.0,
        "SEQ": 2
      },
      {
        "MONTH": "04",
        "CHNL_NM": "아울렛",
        "SALE_AMT": 5296.0,
        "RATIO": 22.0,
        "YOY": 76.0,
        "SEQ": 2
      },
      {
        "MONTH": "04",
        "CHNL_NM": "25S 의류",
        "SALE_AMT": 10651.0,
        "RATIO": 43.0,
        "YOY": 72.0,
        "SEQ": 3
      },
      {
        "MONTH": "04",
        "CHNL_NM": "과시즌 의류",
        "SALE_AMT": 8618.0,
        "RATIO": 35.0,
        "YOY": 69.0,
        "SEQ": 3
      },
      {
        "MONTH": "04",
        "CHNL_NM": "모자",
        "SALE_AMT": 360.0,
        "RATIO": 1.0,
        "YOY": 65.0,
        "SEQ": 3
      },
      {
        "MONTH": "04",
        "CHNL_NM": "신발",
        "SALE_AMT": 3958.0,
        "RATIO": 16.0,
        "YOY": 79.0,
        "SEQ": 3
      },
      {
        "MONTH": "04",
        "CHNL_NM": "가방",
        "SALE_AMT": 964.0,
        "RATIO": 4.0,
        "YOY": 67.0,
        "SEQ": 3
      },
      {
        "MONTH": "04",
        "CHNL_NM": "기타ACC",
        "SALE_AMT": 60.0,
        "RATIO": 0.0,
        "YOY": 68.0,
        "SEQ": 3
      },
      {
        "MONTH": "05",
        "CHNL_NM": "전체",
        "SALE_AMT": 25784.0,
        "RATIO": 100.0,
        "YOY": 82.0,
        "SEQ": 1
      },
      {
        "MONTH": "05",
        "CHNL_NM": "백화점",
        "SALE_AMT": 6588.0,
        "RATIO": 26.0,
        "YOY": 77.0,
        "SEQ": 2
      },
      {
        "MONTH": "05",
        "CHNL_NM": "대리점",
        "SALE_AMT": 8957.0,
        "RATIO": 35.0,
        "YOY": 75.0,
        "SEQ": 2
      },
      {
        "MONTH": "05",
        "CHNL_NM": "직영기타",
        "SALE_AMT": 840.0,
        "RATIO": 3.0,
        "YOY": 114.0,
        "SEQ": 2
      },
      {
        "MONTH": "05",
        "CHNL_NM": "제휴몰",
        "SALE_AMT": 2120.0,
        "RATIO": 8.0,
        "YOY": 96.0,
        "SEQ": 2
      },
      {
        "MONTH": "05",
        "CHNL_NM": "자사몰",
        "SALE_AMT": 1170.0,
        "RATIO": 5.0,
        "YOY": 82.0,
        "SEQ": 2
      },
      {
        "MONTH": "05",
        "CHNL_NM": "면세점",
        "SALE_AMT": 757.0,
        "RATIO": 3.0,
        "YOY": 91.0,
        "SEQ": 2
      },
      {
        "MONTH": "05",
        "CHNL_NM": "아울렛",
        "SALE_AMT": 5352.0,
        "RATIO": 21.0,
        "YOY": 95.0,
        "SEQ": 2
      },
      {
        "MONTH": "05",
        "CHNL_NM": "25S 의류",
        "SALE_AMT": 12054.0,
        "RATIO": 47.0,
        "YOY": 79.0,
        "SEQ": 3
      },
      {
        "MONTH": "05",
        "CHNL_NM": "과시즌 의류",
        "SALE_AMT": 7792.0,
        "RATIO": 30.0,
        "YOY": 88.0,
        "SEQ": 3
      },
      {
        "MONTH": "05",
        "CHNL_NM": "모자",
        "SALE_AMT": 419.0,
        "RATIO": 2.0,
        "YOY": 74.0,
        "SEQ": 3
      },
      {
        "MONTH": "05",
        "CHNL_NM": "신발",
        "SALE_AMT": 4444.0,
        "RATIO": 17.0,
        "YOY": 93.0,
        "SEQ": 3
      },
      {
        "MONTH": "05",
        "CHNL_NM": "가방",
        "SALE_AMT": 998.0,
        "RATIO": 4.0,
        "YOY": 57.0,
        "SEQ": 3
      },
      {
        "MONTH": "05",
        "CHNL_NM": "기타ACC",
        "SALE_AMT": 78.0,
        "RATIO": 0.0,
        "YOY": 75.0,
        "SEQ": 3
      },
      {
        "MONTH": "06",
        "CHNL_NM": "전체",
        "SALE_AMT": 21376.0,
        "RATIO": 100.0,
        "YOY": 79.0,
        "SEQ": 1
      },
      {
        "MONTH": "06",
        "CHNL_NM": "백화점",
        "SALE_AMT": 5228.0,
        "RATIO": 24.0,
        "YOY": 71.0,
        "SEQ": 2
      },
      {
        "MONTH": "06",
        "CHNL_NM": "대리점",
        "SALE_AMT": 6856.0,
        "RATIO": 32.0,
        "YOY": 67.0,
        "SEQ": 2
      },
      {
        "MONTH": "06",
        "CHNL_NM": "직영기타",
        "SALE_AMT": 697.0,
        "RATIO": 3.0,
        "YOY": 99.0,
        "SEQ": 2
      },
      {
        "MONTH": "06",
        "CHNL_NM": "제휴몰",
        "SALE_AMT": 2144.0,
        "RATIO": 10.0,
        "YOY": 116.0,
        "SEQ": 2
      },
      {
        "MONTH": "06",
        "CHNL_NM": "자사몰",
        "SALE_AMT": 1207.0,
        "RATIO": 6.0,
        "YOY": 83.0,
        "SEQ": 2
      },
      {
        "MONTH": "06",
        "CHNL_NM": "면세점",
        "SALE_AMT": 1053.0,
        "RATIO": 5.0,
        "YOY": 142.0,
        "SEQ": 2
      },
      {
        "MONTH": "06",
        "CHNL_NM": "아울렛",
        "SALE_AMT": 4191.0,
        "RATIO": 20.0,
        "YOY": 89.0,
        "SEQ": 2
      },
      {
        "MONTH": "06",
        "CHNL_NM": "25S 의류",
        "SALE_AMT": 9492.0,
        "RATIO": 44.0,
        "YOY": 68.0,
        "SEQ": 3
      },
      {
        "MONTH": "06",
        "CHNL_NM": "과시즌 의류",
        "SALE_AMT": 5411.0,
        "RATIO": 25.0,
        "YOY": 89.0,
        "SEQ": 3
      },
      {
        "MONTH": "06",
        "CHNL_NM": "모자",
        "SALE_AMT": 405.0,
        "RATIO": 2.0,
        "YOY": 78.0,
        "SEQ": 3
      },
      {
        "MONTH": "06",
        "CHNL_NM": "신발",
        "SALE_AMT": 5011.0,
        "RATIO": 23.0,
        "YOY": 104.0,
        "SEQ": 3
      },
      {
        "MONTH": "06",
        "CHNL_NM": "가방",
        "SALE_AMT": 965.0,
        "RATIO": 5.0,
        "YOY": 65.0,
        "SEQ": 3
      },
      {
        "MONTH": "06",
        "CHNL_NM": "기타ACC",
        "SALE_AMT": 93.0,
        "RATIO": 0.0,
        "YOY": 77.0,
        "SEQ": 3
      },
      {
        "MONTH": "07",
        "CHNL_NM": "전체",
        "SALE_AMT": 20775.0,
        "RATIO": 100.0,
        "YOY": 81.0,
        "SEQ": 1
      },
      {
        "MONTH": "07",
        "CHNL_NM": "백화점",
        "SALE_AMT": 5077.0,
        "RATIO": 24.0,
        "YOY": 72.0,
        "SEQ": 2
      },
      {
        "MONTH": "07",
        "CHNL_NM": "대리점",
        "SALE_AMT": 6741.0,
        "RATIO": 32.0,
        "YOY": 79.0,
        "SEQ": 2
      },
      {
        "MONTH": "07",
        "CHNL_NM": "직영기타",
        "SALE_AMT": 667.0,
        "RATIO": 3.0,
        "YOY": 99.0,
        "SEQ": 2
      },
      {
        "MONTH": "07",
        "CHNL_NM": "제휴몰",
        "SALE_AMT": 2486.0,
        "RATIO": 12.0,
        "YOY": 117.0,
        "SEQ": 2
      },
      {
        "MONTH": "07",
        "CHNL_NM": "자사몰",
        "SALE_AMT": 1115.0,
        "RATIO": 5.0,
        "YOY": 76.0,
        "SEQ": 2
      },
      {
        "MONTH": "07",
        "CHNL_NM": "면세점",
        "SALE_AMT": 1033.0,
        "RATIO": 5.0,
        "YOY": 66.0,
        "SEQ": 2
      },
      {
        "MONTH": "07",
        "CHNL_NM": "아울렛",
        "SALE_AMT": 3655.0,
        "RATIO": 18.0,
        "YOY": 85.0,
        "SEQ": 2
      },
      {
        "MONTH": "07",
        "CHNL_NM": "25F 의류",
        "SALE_AMT": 8.0,
        "RATIO": 0.0,
        "YOY": 0.0,
        "SEQ": 3
      },
      {
        "MONTH": "07",
        "CHNL_NM": "25S 의류",
        "SALE_AMT": 9815.0,
        "RATIO": 47.0,
        "YOY": 76.0,
        "SEQ": 3
      },
      {
        "MONTH": "07",
        "CHNL_NM": "과시즌 의류",
        "SALE_AMT": 4809.0,
        "RATIO": 23.0,
        "YOY": 73.0,
        "SEQ": 3
      },
      {
        "MONTH": "07",
        "CHNL_NM": "모자",
        "SALE_AMT": 408.0,
        "RATIO": 2.0,
        "YOY": 94.0,
        "SEQ": 3
      },
      {
        "MONTH": "07",
        "CHNL_NM": "신발",
        "SALE_AMT": 4505.0,
        "RATIO": 22.0,
        "YOY": 102.0,
        "SEQ": 3
      },
      {
        "MONTH": "07",
        "CHNL_NM": "가방",
        "SALE_AMT": 1141.0,
        "RATIO": 5.0,
        "YOY": 86.0,
        "SEQ": 3
      },
      {
        "MONTH": "07",
        "CHNL_NM": "기타ACC",
        "SALE_AMT": 90.0,
        "RATIO": 0.0,
        "YOY": 121.0,
        "SEQ": 3
      },
      {
        "MONTH": "08",
        "CHNL_NM": "전체",
        "SALE_AMT": 15581.0,
        "RATIO": 100.0,
        "YOY": 76.0,
        "SEQ": 1
      }
    ],
    "total_records_count": 159
  }
}