{
  "country": "KR",
  "brand_cd": "M",
  "yyyymm": "202511",
  "key": "영업비",
  "sub_key": "VMD__매장보수대",
  "analysis_data": {
    "title": "VMD/ 매장보수대 분석",
    "sections": [
      {
        "div": "종합분석-1",
        "sub_title": "투자 방향성 종합 평가",
        "ai_text": "MLB 브랜드의 VMD/매장보수대 투자가 전년대비 211.6% 급증하여 28백만원에서 86백만원으로 확대되었습니다. 이는 매장 운영 효율성과 고객 경험 개선에 대한 전략적 투자 강화를 의미합니다.\n\n특히 지급수수료_매장보수대가 12백만원에서 73백만원으로 506.2% 급증한 반면, 소모품비_VMD소모품은 15백만원에서 12백만원으로 19.4% 감소하여 운영비 효율화와 전문 서비스 투자 확대라는 명확한 방향성을 보여줍니다."
      },
      {
        "div": "종합분석-2",
        "sub_title": "효율적 투자 영역",
        "ai_text": "• 지급수수료_매장보수대 대폭 확대: 12백만원→73백만원(+506.2%)으로 전문적 매장 관리 서비스 투입을 통한 운영 품질 향상\n• 전체 투자 규모 확대: 28백만원→86백만원으로 매장 경쟁력 강화를 위한 적극적 투자 전환\n• 매장 운영 전문성 강화: 외부 전문 서비스 활용을 통한 매장 관리 품질 및 고객 만족도 제고 기대"
      },
      {
        "div": "종합분석-3",
        "sub_title": "주의 필요 영역",
        "ai_text": "• 지급수수료 급격한 증가: 506.2% 증가로 인한 운영비 부담 가중 및 ROI 모니터링 필요\n• 투자 불균형 심화: 매장보수대 투자 집중으로 인한 다른 VMD 영역 투자 상대적 축소\n• 소모품비 절감 효과 검증: VMD소모품 19.4% 감소가 매장 운영 효율성에 미치는 영향 점검 필요"
      },
      {
        "div": "종합분석-4",
        "sub_title": "이상징후 및 리스크 감지",
        "ai_text": "• 극단적 투자 구조 변화: 지급수수료의 500% 이상 급증은 매장 운영 전략의 근본적 변화를 시사하며, 예산 계획의 급격한 수정 가능성\n• 비용 구조 변화 리스크: 고정비성 지급수수료 증가로 인한 손익분기점 상승 및 수익성 악화 위험\n• 투자 효과 불확실성: 대규모 매장보수대 투입에 대한 명확한 성과 지표 및 측정 체계 부재 시 투자 효율성 검증 어려움"
      },
      {
        "div": "종합분석-5",
        "sub_title": "마케팅 전략 최적화 방안",
        "ai_text": "### 즉시 실행 방안\n1. 매장보수대 투자 효과 측정: 매장별 매출 증가율, 고객 만족도, 재방문율 등 KPI 설정 및 월별 모니터링 체계 구축\n2. 비용 효율성 검토: 지급수수료 73백만원 투입 대비 매출 기여도 분석 및 적정 투자 규모 재검토\n3. 소모품비 절감 영향 분석: VMD소모품 감소가 매장 디스플레이 품질에 미치는 영향 점검\n\n### 중장기 전략 방향\n1. 단계적 투자 확대: 매장보수대 효과 검증 후 우수 성과 매장 모델 확산 및 투자 최적화\n2. 통합 VMD 전략 수립: 매장보수대와 VMD소모품 간 시너지 극대화를 위한 통합 운영 모델 개발\n3. 성과 기반 예산 배분: 매장별 성과 데이터 기반 차등 투자 시스템 도입으로 투자 효율성 극대화"
      }
    ]
  },
  "ctgr1": "VMD/ 매장보수대",
  "summary": {
    "prev_year_total": 27.53,
    "curr_year_total": 85.78,
    "change_amount": 58.26,
    "change_pct": 211.6,
    "investment_direction": "증가"
  },
  "categories": [
    {
      "ctgr2": "VMD/ 매장보수대",
      "ctgr3": "소모품비_VMD소모품",
      "gl_nm": "소모품비_VMD소모품",
      "prev_year": 15.43,
      "curr_year": 12.44,
      "change": -2.99,
      "change_pct": -19.4,
      "is_new": false,
      "is_discontinued": false
    },
    {
      "ctgr2": "VMD/ 매장보수대",
      "ctgr3": "지급수수료_매장보수대",
      "gl_nm": "지급수수료_매장보수대",
      "prev_year": 12.1,
      "curr_year": 73.34,
      "change": 61.24,
      "change_pct": 506.2,
      "is_new": false,
      "is_discontinued": false
    }
  ],
  "category_summary": {
    "increased": [
      {
        "ctgr2": "VMD/ 매장보수대",
        "ctgr3": "지급수수료_매장보수대",
        "gl_nm": "지급수수료_매장보수대",
        "prev_year": 12.1,
        "curr_year": 73.34,
        "change": 61.24,
        "change_pct": 506.2,
        "is_new": false,
        "is_discontinued": false
      }
    ],
    "decreased": [
      {
        "ctgr2": "VMD/ 매장보수대",
        "ctgr3": "소모품비_VMD소모품",
        "gl_nm": "소모품비_VMD소모품",
        "prev_year": 15.43,
        "curr_year": 12.44,
        "change": -2.99,
        "change_pct": -19.4,
        "is_new": false,
        "is_discontinued": false
      }
    ],
    "new_investments": [],
    "discontinued": []
  },
  "raw_data": {
    "total_records": [
      {
        "PST_YYYYMM": "202411",
        "TOTAL_AMT": 27525845.0
      },
      {
        "PST_YYYYMM": "202511",
        "TOTAL_AMT": 85781484.0
      }
    ],
    "detail_records": [
      {
        "PST_YYYYMM": "202511",
        "BRD_CD": "M",
        "BRD_NM": "MLB",
        "CTGR1": "VMD/ 매장보수대",
        "CTGR2": "VMD/ 매장보수대",
        "CTGR3": "지급수수료_매장보수대",
        "GL_NM": "지급수수료_매장보수대",
        "TTL_USE_AMT": 73344500.0
      },
      {
        "PST_YYYYMM": "202411",
        "BRD_CD": "M",
        "BRD_NM": "MLB",
        "CTGR1": "VMD/ 매장보수대",
        "CTGR2": "VMD/ 매장보수대",
        "CTGR3": "소모품비_VMD소모품",
        "GL_NM": "소모품비_VMD소모품",
        "TTL_USE_AMT": 15425845.0
      },
      {
        "PST_YYYYMM": "202511",
        "BRD_CD": "M",
        "BRD_NM": "MLB",
        "CTGR1": "VMD/ 매장보수대",
        "CTGR2": "VMD/ 매장보수대",
        "CTGR3": "소모품비_VMD소모품",
        "GL_NM": "소모품비_VMD소모품",
        "TTL_USE_AMT": 12436984.0
      },
      {
        "PST_YYYYMM": "202411",
        "BRD_CD": "M",
        "BRD_NM": "MLB",
        "CTGR1": "VMD/ 매장보수대",
        "CTGR2": "VMD/ 매장보수대",
        "CTGR3": "지급수수료_매장보수대",
        "GL_NM": "지급수수료_매장보수대",
        "TTL_USE_AMT": 12100000.0
      }
    ]
  },
  "trend_data": {
    "trend_months": [
      "202412",
      "202501",
      "202502",
      "202503",
      "202504",
      "202505",
      "202506",
      "202507",
      "202508",
      "202509",
      "202510",
      "202511"
    ],
    "monthly_totals": [
      {
        "yyyymm": "202412",
        "total_amount": 14.77
      },
      {
        "yyyymm": "202501",
        "total_amount": 55.14
      },
      {
        "yyyymm": "202502",
        "total_amount": 50.8
      },
      {
        "yyyymm": "202503",
        "total_amount": 19.18
      },
      {
        "yyyymm": "202504",
        "total_amount": 30.22
      },
      {
        "yyyymm": "202505",
        "total_amount": 62.96
      },
      {
        "yyyymm": "202506",
        "total_amount": 31.67
      },
      {
        "yyyymm": "202507",
        "total_amount": 23.18
      },
      {
        "yyyymm": "202508",
        "total_amount": 19.41
      },
      {
        "yyyymm": "202509",
        "total_amount": 72.58
      },
      {
        "yyyymm": "202510",
        "total_amount": 29.13
      },
      {
        "yyyymm": "202511",
        "total_amount": 85.78
      }
    ],
    "monthly_details": [
      {
        "yyyymm": "202412",
        "ctgr2": "VMD/ 매장보수대",
        "ctgr3": "지급수수료_매장보수대",
        "gl_nm": "지급수수료_매장보수대",
        "amount": 8.04
      },
      {
        "yyyymm": "202412",
        "ctgr2": "VMD/ 매장보수대",
        "ctgr3": "소모품비_VMD소모품",
        "gl_nm": "소모품비_VMD소모품",
        "amount": 6.72
      },
      {
        "yyyymm": "202501",
        "ctgr2": "VMD/ 매장보수대",
        "ctgr3": "지급수수료_매장보수대",
        "gl_nm": "지급수수료_매장보수대",
        "amount": 54.37
      },
      {
        "yyyymm": "202501",
        "ctgr2": "VMD/ 매장보수대",
        "ctgr3": "소모품비_VMD소모품",
        "gl_nm": "소모품비_VMD소모품",
        "amount": 0.78
      },
      {
        "yyyymm": "202502",
        "ctgr2": "VMD/ 매장보수대",
        "ctgr3": "지급수수료_매장보수대",
        "gl_nm": "지급수수료_매장보수대",
        "amount": 31.43
      },
      {
        "yyyymm": "202502",
        "ctgr2": "VMD/ 매장보수대",
        "ctgr3": "소모품비_VMD소모품",
        "gl_nm": "소모품비_VMD소모품",
        "amount": 19.37
      },
      {
        "yyyymm": "202503",
        "ctgr2": "VMD/ 매장보수대",
        "ctgr3": "소모품비_VMD소모품",
        "gl_nm": "소모품비_VMD소모품",
        "amount": 12.06
      },
      {
        "yyyymm": "202503",
        "ctgr2": "VMD/ 매장보수대",
        "ctgr3": "지급수수료_매장보수대",
        "gl_nm": "지급수수료_매장보수대",
        "amount": 7.12
      },
      {
        "yyyymm": "202504",
        "ctgr2": "VMD/ 매장보수대",
        "ctgr3": "지급수수료_매장보수대",
        "gl_nm": "지급수수료_매장보수대",
        "amount": 28.86
      },
      {
        "yyyymm": "202504",
        "ctgr2": "VMD/ 매장보수대",
        "ctgr3": "소모품비_VMD소모품",
        "gl_nm": "소모품비_VMD소모품",
        "amount": 1.36
      },
      {
        "yyyymm": "202505",
        "ctgr2": "VMD/ 매장보수대",
        "ctgr3": "지급수수료_매장보수대",
        "gl_nm": "지급수수료_매장보수대",
        "amount": 58.0
      },
      {
        "yyyymm": "202505",
        "ctgr2": "VMD/ 매장보수대",
        "ctgr3": "소모품비_VMD소모품",
        "gl_nm": "소모품비_VMD소모품",
        "amount": 4.97
      },
      {
        "yyyymm": "202506",
        "ctgr2": "VMD/ 매장보수대",
        "ctgr3": "지급수수료_매장보수대",
        "gl_nm": "지급수수료_매장보수대",
        "amount": 30.17
      },
      {
        "yyyymm": "202506",
        "ctgr2": "VMD/ 매장보수대",
        "ctgr3": "소모품비_VMD소모품",
        "gl_nm": "소모품비_VMD소모품",
        "amount": 1.5
      },
      {
        "yyyymm": "202507",
        "ctgr2": "VMD/ 매장보수대",
        "ctgr3": "지급수수료_매장보수대",
        "gl_nm": "지급수수료_매장보수대",
        "amount": 19.71
      },
      {
        "yyyymm": "202507",
        "ctgr2": "VMD/ 매장보수대",
        "ctgr3": "소모품비_VMD소모품",
        "gl_nm": "소모품비_VMD소모품",
        "amount": 3.47
      },
      {
        "yyyymm": "202508",
        "ctgr2": "VMD/ 매장보수대",
        "ctgr3": "지급수수료_매장보수대",
        "gl_nm": "지급수수료_매장보수대",
        "amount": 17.81
      },
      {
        "yyyymm": "202508",
        "ctgr2": "VMD/ 매장보수대",
        "ctgr3": "소모품비_VMD소모품",
        "gl_nm": "소모품비_VMD소모품",
        "amount": 1.6
      },
      {
        "yyyymm": "202509",
        "ctgr2": "VMD/ 매장보수대",
        "ctgr3": "지급수수료_매장보수대",
        "gl_nm": "지급수수료_매장보수대",
        "amount": 55.32
      },
      {
        "yyyymm": "202509",
        "ctgr2": "VMD/ 매장보수대",
        "ctgr3": "소모품비_VMD소모품",
        "gl_nm": "소모품비_VMD소모품",
        "amount": 17.26
      },
      {
        "yyyymm": "202510",
        "ctgr2": "VMD/ 매장보수대",
        "ctgr3": "지급수수료_매장보수대",
        "gl_nm": "지급수수료_매장보수대",
        "amount": 23.0
      },
      {
        "yyyymm": "202510",
        "ctgr2": "VMD/ 매장보수대",
        "ctgr3": "소모품비_VMD소모품",
        "gl_nm": "소모품비_VMD소모품",
        "amount": 6.13
      },
      {
        "yyyymm": "202511",
        "ctgr2": "VMD/ 매장보수대",
        "ctgr3": "지급수수료_매장보수대",
        "gl_nm": "지급수수료_매장보수대",
        "amount": 73.34
      },
      {
        "yyyymm": "202511",
        "ctgr2": "VMD/ 매장보수대",
        "ctgr3": "소모품비_VMD소모품",
        "gl_nm": "소모품비_VMD소모품",
        "amount": 12.44
      }
    ]
  }
}