{
  "country": "KR",
  "brand_cd": "V",
  "yyyymm": "202511",
  "key": "영업비",
  "sub_key": "제간비",
  "analysis_data": {
    "title": "제간비 분석",
    "sections": [
      {
        "div": "종합분석-1",
        "sub_title": "투자 방향성 종합 평가",
        "ai_text": "DUVETICA 브랜드의 2024년 11월과 2025년 11월 제간비 투자는 모두 0백만원으로 동일하게 유지되고 있습니다. 물류용역비와 물류운송비 모두 투입되지 않아 현재 제간비 영역에서는 비용 절약 또는 운영 효율화 전략을 취하고 있는 것으로 판단됩니다. 이는 DUVETICA 브랜드의 물류 운영이 타 브랜드와 통합 운영되거나, 별도의 물류 파트너십을 통해 직접 비용이 발생하지 않는 구조임을 시사합니다."
      },
      {
        "div": "종합분석-2",
        "sub_title": "효율적 투자 영역",
        "ai_text": "• 물류비용 최적화: 제간비 0백만원 유지로 물류 운영의 효율성을 극대화\n• 통합 물류 시너지: F&F 그룹 내 브랜드 간 물류 인프라 공유를 통한 비용 절감 효과\n• 운영비 절약: 물류용역비와 운송비 미발생으로 순이익률 개선에 기여\n• 자원 집중: 제간비 절약을 통해 마케팅이나 상품 개발 등 핵심 영역에 예산 집중 가능"
      },
      {
        "div": "종합분석-3",
        "sub_title": "주의 필요 영역",
        "ai_text": "• 물류 서비스 품질 모니터링: 비용 절감이 고객 서비스 품질 저하로 이어지지 않도록 지속적 점검 필요\n• 성장 대비 물류 역량: 향후 매출 증가 시 현재의 물류 구조가 확장성을 지원할 수 있는지 검토 필요\n• 물류 파트너 의존도: 외부 물류 파트너에 대한 과도한 의존이 리스크 요인이 될 수 있음\n• 비용 투명성: 물류비용이 다른 계정에 분산 계상되어 실제 물류비용 파악이 어려울 가능성"
      },
      {
        "div": "종합분석-4",
        "sub_title": "이상징후 및 리스크 감지",
        "ai_text": "• 물류비용 부재의 지속성: 2개년 연속 제간비 0백만원은 일반적이지 않은 패턴으로, 물류 운영 구조에 대한 정확한 파악이 필요합니다\n• 회계 처리 검토 필요: 실제 물류 활동이 있음에도 불구하고 제간비가 발생하지 않는다면 회계 분류 또는 배분 방식의 재검토가 필요합니다\n• 운영 리스크 잠재: 물류비용이 타 계정에서 처리되거나 그룹 차원에서 흡수되고 있다면, 실제 브랜드별 수익성 분석에 왜곡이 발생할 수 있습니다\n• 확장성 제약: 현재 구조가 브랜드 성장 시 물류 병목현상을 야기할 가능성이 있습니다"
      },
      {
        "div": "종합분석-5",
        "sub_title": "마케팅 전략 최적화 방안",
        "ai_text": "### 즉시 실행 방안\n1. 물류 운영 현황 정밀 분석: 실제 물류 프로세스와 비용 발생 구조를 상세히 파악하여 숨겨진 비용이나 리스크 요인을 식별\n2. 회계 처리 방식 점검: 물류 관련 비용이 다른 계정과목에 분류되어 있는지 검토하고 브랜드별 정확한 손익 구조 파악\n3. 물류 서비스 품질 지표 설정: 배송 속도, 정확도, 고객 만족도 등 핵심 지표를 설정하여 월별 모니터링 체계 구축\n\n### 중장기 전략 방향\n1. 물류 역량 확장성 검토: 향후 3-5년간 예상 성장률을 고려한 물류 인프라 확장 계획 수립\n2. 물류비용 최적화 모델 구축: 그룹 내 브랜드별 물류비 배분 기준을 명확히 하고 투명한 원가 관리 체계 도입\n3. 디지털 물류 플랫폼 도입: AI 기반 재고 관리 및 배송 최적화 시스템 구축으로 장기적 경쟁력 확보"
      }
    ]
  },
  "ctgr1": "제간비",
  "summary": {
    "prev_year_total": 0.0,
    "curr_year_total": 0.0,
    "change_amount": 0.0,
    "change_pct": 0,
    "investment_direction": "유지"
  },
  "categories": [
    {
      "ctgr2": "제간비",
      "ctgr3": "지급수수료_물류용역비",
      "gl_nm": "지급수수료_물류용역비",
      "prev_year": 0.0,
      "curr_year": 0.0,
      "change": 0.0,
      "change_pct": 0,
      "is_new": false,
      "is_discontinued": false
    },
    {
      "ctgr2": "제간비",
      "ctgr3": "지급수수료_물류운송비",
      "gl_nm": "지급수수료_물류운송비",
      "prev_year": 0.0,
      "curr_year": 0.0,
      "change": 0.0,
      "change_pct": 0,
      "is_new": false,
      "is_discontinued": false
    }
  ],
  "category_summary": {
    "increased": [],
    "decreased": [],
    "new_investments": [],
    "discontinued": []
  },
  "raw_data": {
    "total_records": [
      {
        "PST_YYYYMM": "202411",
        "TOTAL_AMT": 0.0
      },
      {
        "PST_YYYYMM": "202511",
        "TOTAL_AMT": 0.0
      }
    ],
    "detail_records": [
      {
        "PST_YYYYMM": "202511",
        "BRD_CD": "V",
        "BRD_NM": "DUVETICA",
        "CTGR1": "제간비",
        "CTGR2": "제간비",
        "CTGR3": "지급수수료_물류용역비",
        "GL_NM": "지급수수료_물류용역비",
        "TTL_USE_AMT": 0.0
      },
      {
        "PST_YYYYMM": "202511",
        "BRD_CD": "V",
        "BRD_NM": "DUVETICA",
        "CTGR1": "제간비",
        "CTGR2": "제간비",
        "CTGR3": "지급수수료_물류운송비",
        "GL_NM": "지급수수료_물류운송비",
        "TTL_USE_AMT": 0.0
      },
      {
        "PST_YYYYMM": "202411",
        "BRD_CD": "V",
        "BRD_NM": "DUVETICA",
        "CTGR1": "제간비",
        "CTGR2": "제간비",
        "CTGR3": "지급수수료_물류운송비",
        "GL_NM": "지급수수료_물류운송비",
        "TTL_USE_AMT": 0.0
      },
      {
        "PST_YYYYMM": "202411",
        "BRD_CD": "V",
        "BRD_NM": "DUVETICA",
        "CTGR1": "제간비",
        "CTGR2": "제간비",
        "CTGR3": "지급수수료_물류용역비",
        "GL_NM": "지급수수료_물류용역비",
        "TTL_USE_AMT": 0.0
      }
    ]
  },
  "trend_data": {
    "trend_months": [
      "202412",
      "202501",
      "202502",
      "202503",
      "202504",
      "202505",
      "202506",
      "202507",
      "202508",
      "202509",
      "202510",
      "202511"
    ],
    "monthly_totals": [
      {
        "yyyymm": "202412",
        "total_amount": 0.0
      },
      {
        "yyyymm": "202501",
        "total_amount": 0.0
      },
      {
        "yyyymm": "202502",
        "total_amount": 0.0
      },
      {
        "yyyymm": "202503",
        "total_amount": 0.0
      },
      {
        "yyyymm": "202504",
        "total_amount": 0.0
      },
      {
        "yyyymm": "202505",
        "total_amount": 0.0
      },
      {
        "yyyymm": "202506",
        "total_amount": 0.08
      },
      {
        "yyyymm": "202507",
        "total_amount": 0.02
      },
      {
        "yyyymm": "202508",
        "total_amount": 0.03
      },
      {
        "yyyymm": "202509",
        "total_amount": 0.41
      },
      {
        "yyyymm": "202510",
        "total_amount": 0.04
      },
      {
        "yyyymm": "202511",
        "total_amount": 0.0
      }
    ],
    "monthly_details": [
      {
        "yyyymm": "202412",
        "ctgr2": "제간비",
        "ctgr3": "지급수수료_물류운송비",
        "gl_nm": "지급수수료_물류운송비",
        "amount": 0.0
      },
      {
        "yyyymm": "202412",
        "ctgr2": "제간비",
        "ctgr3": "지급수수료_물류용역비",
        "gl_nm": "지급수수료_물류용역비",
        "amount": 0.0
      },
      {
        "yyyymm": "202501",
        "ctgr2": "제간비",
        "ctgr3": "지급수수료_물류용역비",
        "gl_nm": "지급수수료_물류용역비",
        "amount": 0.0
      },
      {
        "yyyymm": "202501",
        "ctgr2": "제간비",
        "ctgr3": "지급수수료_물류운송비",
        "gl_nm": "지급수수료_물류운송비",
        "amount": 0.0
      },
      {
        "yyyymm": "202502",
        "ctgr2": "제간비",
        "ctgr3": "지급수수료_물류용역비",
        "gl_nm": "지급수수료_물류용역비",
        "amount": 0.0
      },
      {
        "yyyymm": "202502",
        "ctgr2": "제간비",
        "ctgr3": "지급수수료_물류운송비",
        "gl_nm": "지급수수료_물류운송비",
        "amount": 0.0
      },
      {
        "yyyymm": "202503",
        "ctgr2": "제간비",
        "ctgr3": "지급수수료_물류용역비",
        "gl_nm": "지급수수료_물류용역비",
        "amount": 0.0
      },
      {
        "yyyymm": "202503",
        "ctgr2": "제간비",
        "ctgr3": "지급수수료_물류운송비",
        "gl_nm": "지급수수료_물류운송비",
        "amount": 0.0
      },
      {
        "yyyymm": "202504",
        "ctgr2": "제간비",
        "ctgr3": "지급수수료_물류운송비",
        "gl_nm": "지급수수료_물류운송비",
        "amount": 0.0
      },
      {
        "yyyymm": "202504",
        "ctgr2": "제간비",
        "ctgr3": "지급수수료_물류용역비",
        "gl_nm": "지급수수료_물류용역비",
        "amount": 0.0
      },
      {
        "yyyymm": "202505",
        "ctgr2": "제간비",
        "ctgr3": "지급수수료_물류용역비",
        "gl_nm": "지급수수료_물류용역비",
        "amount": 0.0
      },
      {
        "yyyymm": "202505",
        "ctgr2": "제간비",
        "ctgr3": "지급수수료_물류운송비",
        "gl_nm": "지급수수료_물류운송비",
        "amount": 0.0
      },
      {
        "yyyymm": "202506",
        "ctgr2": "제간비",
        "ctgr3": "지급수수료_물류운송비",
        "gl_nm": "지급수수료_물류운송비",
        "amount": 0.08
      },
      {
        "yyyymm": "202506",
        "ctgr2": "제간비",
        "ctgr3": "지급수수료_물류용역비",
        "gl_nm": "지급수수료_물류용역비",
        "amount": 0.0
      },
      {
        "yyyymm": "202507",
        "ctgr2": "제간비",
        "ctgr3": "지급수수료_물류운송비",
        "gl_nm": "지급수수료_물류운송비",
        "amount": 0.02
      },
      {
        "yyyymm": "202507",
        "ctgr2": "제간비",
        "ctgr3": "지급수수료_물류용역비",
        "gl_nm": "지급수수료_물류용역비",
        "amount": 0.0
      },
      {
        "yyyymm": "202508",
        "ctgr2": "제간비",
        "ctgr3": "지급수수료_물류운송비",
        "gl_nm": "지급수수료_물류운송비",
        "amount": 0.03
      },
      {
        "yyyymm": "202508",
        "ctgr2": "제간비",
        "ctgr3": "지급수수료_물류용역비",
        "gl_nm": "지급수수료_물류용역비",
        "amount": 0.0
      },
      {
        "yyyymm": "202509",
        "ctgr2": "제간비",
        "ctgr3": "지급수수료_물류용역비",
        "gl_nm": "지급수수료_물류용역비",
        "amount": 0.41
      },
      {
        "yyyymm": "202509",
        "ctgr2": "제간비",
        "ctgr3": "지급수수료_물류운송비",
        "gl_nm": "지급수수료_물류운송비",
        "amount": 0.0
      },
      {
        "yyyymm": "202510",
        "ctgr2": "제간비",
        "ctgr3": "지급수수료_물류운송비",
        "gl_nm": "지급수수료_물류운송비",
        "amount": 0.04
      },
      {
        "yyyymm": "202510",
        "ctgr2": "제간비",
        "ctgr3": "지급수수료_물류용역비",
        "gl_nm": "지급수수료_물류용역비",
        "amount": 0.0
      },
      {
        "yyyymm": "202511",
        "ctgr2": "제간비",
        "ctgr3": "지급수수료_물류용역비",
        "gl_nm": "지급수수료_물류용역비",
        "amount": 0.0
      },
      {
        "yyyymm": "202511",
        "ctgr2": "제간비",
        "ctgr3": "지급수수료_물류운송비",
        "gl_nm": "지급수수료_물류운송비",
        "amount": 0.0
      }
    ]
  }
}