{
  "country": "KR",
  "brand_cd": "X",
  "yyyymm": "202511",
  "key": "영업비",
  "sub_key": "인건비",
  "analysis_data": {
    "title": "인건비 분석",
    "sections": [
      {
        "div": "종합분석-1",
        "sub_title": "투자 방향성 종합 평가",
        "ai_text": "DISCOVERY 브랜드의 2025년 11월 인건비는 964백만원으로 전년 동월(832백만원) 대비 132백만원(15.8%) 증가하여 조직 확장과 인력 투자 강화 정책을 보여줍니다. 급료와임금 595백만원(+9.7%), 제수당 189백만원(+44.2%), 퇴직급여충당금 98백만원(+16.4%) 등 모든 주요 인건비 항목이 증가하여 체계적인 조직 역량 강화 전략이 실행되고 있습니다. 특히 제수당의 급격한 증가는 성과 보상 체계 개선과 우수 인재 유지를 위한 적극적 투자로 해석됩니다."
      },
      {
        "div": "종합분석-2",
        "sub_title": "효율적 투자 영역",
        "ai_text": "• 급료와임금 안정적 증가: 595백만원(+9.7%)로 적정 수준의 기본급 상승을 통한 조직 안정성 확보\n• 복리후생비 체계적 확대: 의료보험 28백만원(+13.7%), 국민연금 28백만원(+18.8%), 고용보험 11백만원(+15.4%)로 직원 복지 향상\n• 퇴직급여 적립 강화: 98백만원(+16.4%)으로 장기 인력 유지와 재무 안정성 동시 확보\n• 산재보험 적정 관리: 5백만원(+7.4%)으로 안전한 근무환경 조성을 위한 합리적 투자"
      },
      {
        "div": "종합분석-3",
        "sub_title": "주의 필요 영역",
        "ai_text": "• 제수당 급격한 증가: 189백만원(+44.2%)로 57백만원 증가하여 성과급 정책 변화나 특별 보상 지급 원인 분석 필요\n• 잡급 감소 추세: 10백만원(-20.4%)으로 2백만원 감소하여 임시직 또는 아르바이트 인력 운영 효율화 검토 필요\n• 인건비 증가율 모니터링: 전체 15.8% 증가가 매출 성장률과 비례하는지 생산성 지표와의 연계 분석 필요\n• 복리후생비 증가율 편차: 국민연금(+18.8%) vs 고용보험(+15.4%) vs 의료보험(+13.7%)으로 급여 구조 변화 점검 필요"
      },
      {
        "div": "종합분석-4",
        "sub_title": "이상징후 및 리스크 감지",
        "ai_text": "• 제수당 비중 급증 리스크: 전체 인건비 대비 제수당 비중이 19.6%로 상승하여 고정비 대비 변동비 증가로 인한 비용 관리 복잡성 증대 우려\n• 인건비 총액 관리 한계점: 월 964백만원 수준으로 연간 약 115억원 추정되어 브랜드 수익성 대비 인건비 부담 적정성 검토 필요\n• 조직 확장 속도 점검: 급료와임금 9.7% 증가가 신규 채용인지 기존 직원 처우 개선인지 불분명하여 조직 규모 변화 추적 필요\n• 성과 보상 체계 지속가능성: 제수당 44.2% 증가 수준이 지속될 경우 향후 예산 압박과 직원 기대치 관리 이슈 발생 가능"
      },
      {
        "div": "종합분석-5",
        "sub_title": "마케팅 전략 최적화 방안",
        "ai_text": "### 즉시 실행 방안\n1. 제수당 지급 기준 재정립: 44.2% 증가 원인 분석 후 성과 KPI 연동 체계 구축으로 투자 효율성 제고\n2. 인건비 생산성 지표 도입: 직원 1인당 매출 기여도, ROI 측정을 통한 인력 투자 효과 정량화\n3. 조직 구조 최적화: 급료와임금 증가가 신규 채용인지 기존 직원 처우 개선인지 파악 후 적정 인력 규모 설정\n\n### 중장기 전략 방향\n1. 성과 기반 보상 체계 고도화: 브랜드 성과와 연동된 변동 보상 시스템 구축으로 고정비 부담 완화\n2. 인재 개발 투자 확대: 복리후생비 증가 추세를 활용한 교육훈련비 확충으로 조직 역량 강화\n3. 디지털 전환 대응 조직: 마케팅 환경 변화에 맞는 전문 인력 확보와 기존 인력 리스킬링 투자 확대\n4. 인건비 예산 관리 시스템: 월별 인건비 변동 요인 실시간 모니터링과 연간 예산 대비 집행률 관리 체계 구축"
      }
    ]
  },
  "ctgr1": "인건비",
  "summary": {
    "prev_year_total": 832.48,
    "curr_year_total": 964.04,
    "change_amount": 131.56,
    "change_pct": 15.8,
    "investment_direction": "증가"
  },
  "categories": [
    {
      "ctgr2": "인건비",
      "ctgr3": "잡급",
      "gl_nm": "잡급",
      "prev_year": 11.99,
      "curr_year": 9.55,
      "change": -2.44,
      "change_pct": -20.4,
      "is_new": false,
      "is_discontinued": false
    },
    {
      "ctgr2": "인건비",
      "ctgr3": "급료와 임금",
      "gl_nm": "급료와임금",
      "prev_year": 542.55,
      "curr_year": 595.24,
      "change": 52.69,
      "change_pct": 9.7,
      "is_new": false,
      "is_discontinued": false
    },
    {
      "ctgr2": "인건비",
      "ctgr3": "복리후생비_의료/건강",
      "gl_nm": "복리후생비_의료보험",
      "prev_year": 25.03,
      "curr_year": 28.45,
      "change": 3.42,
      "change_pct": 13.7,
      "is_new": false,
      "is_discontinued": false
    },
    {
      "ctgr2": "인건비",
      "ctgr3": "급료와 임금",
      "gl_nm": "제수당",
      "prev_year": 130.8,
      "curr_year": 188.63,
      "change": 57.83,
      "change_pct": 44.2,
      "is_new": false,
      "is_discontinued": false
    },
    {
      "ctgr2": "인건비",
      "ctgr3": "복리후생비_의료/건강",
      "gl_nm": "복리후생비_산재보험",
      "prev_year": 5.01,
      "curr_year": 5.38,
      "change": 0.37,
      "change_pct": 7.4,
      "is_new": false,
      "is_discontinued": false
    },
    {
      "ctgr2": "인건비",
      "ctgr3": "복리후생비_의료/건강",
      "gl_nm": "복리후생비_고용보험",
      "prev_year": 9.53,
      "curr_year": 11.0,
      "change": 1.47,
      "change_pct": 15.4,
      "is_new": false,
      "is_discontinued": false
    },
    {
      "ctgr2": "인건비",
      "ctgr3": "세금과공과_국민연금",
      "gl_nm": "세금과공과_국민연금",
      "prev_year": 23.4,
      "curr_year": 27.81,
      "change": 4.41,
      "change_pct": 18.9,
      "is_new": false,
      "is_discontinued": false
    },
    {
      "ctgr2": "인건비",
      "ctgr3": "퇴직급여",
      "gl_nm": "퇴직급여충당금전입액",
      "prev_year": 84.17,
      "curr_year": 97.98,
      "change": 13.81,
      "change_pct": 16.4,
      "is_new": false,
      "is_discontinued": false
    }
  ],
  "category_summary": {
    "increased": [
      {
        "ctgr2": "인건비",
        "ctgr3": "급료와 임금",
        "gl_nm": "급료와임금",
        "prev_year": 542.55,
        "curr_year": 595.24,
        "change": 52.69,
        "change_pct": 9.7,
        "is_new": false,
        "is_discontinued": false
      },
      {
        "ctgr2": "인건비",
        "ctgr3": "복리후생비_의료/건강",
        "gl_nm": "복리후생비_의료보험",
        "prev_year": 25.03,
        "curr_year": 28.45,
        "change": 3.42,
        "change_pct": 13.7,
        "is_new": false,
        "is_discontinued": false
      },
      {
        "ctgr2": "인건비",
        "ctgr3": "급료와 임금",
        "gl_nm": "제수당",
        "prev_year": 130.8,
        "curr_year": 188.63,
        "change": 57.83,
        "change_pct": 44.2,
        "is_new": false,
        "is_discontinued": false
      },
      {
        "ctgr2": "인건비",
        "ctgr3": "복리후생비_의료/건강",
        "gl_nm": "복리후생비_산재보험",
        "prev_year": 5.01,
        "curr_year": 5.38,
        "change": 0.37,
        "change_pct": 7.4,
        "is_new": false,
        "is_discontinued": false
      },
      {
        "ctgr2": "인건비",
        "ctgr3": "복리후생비_의료/건강",
        "gl_nm": "복리후생비_고용보험",
        "prev_year": 9.53,
        "curr_year": 11.0,
        "change": 1.47,
        "change_pct": 15.4,
        "is_new": false,
        "is_discontinued": false
      },
      {
        "ctgr2": "인건비",
        "ctgr3": "세금과공과_국민연금",
        "gl_nm": "세금과공과_국민연금",
        "prev_year": 23.4,
        "curr_year": 27.81,
        "change": 4.41,
        "change_pct": 18.9,
        "is_new": false,
        "is_discontinued": false
      },
      {
        "ctgr2": "인건비",
        "ctgr3": "퇴직급여",
        "gl_nm": "퇴직급여충당금전입액",
        "prev_year": 84.17,
        "curr_year": 97.98,
        "change": 13.81,
        "change_pct": 16.4,
        "is_new": false,
        "is_discontinued": false
      }
    ],
    "decreased": [
      {
        "ctgr2": "인건비",
        "ctgr3": "잡급",
        "gl_nm": "잡급",
        "prev_year": 11.99,
        "curr_year": 9.55,
        "change": -2.44,
        "change_pct": -20.4,
        "is_new": false,
        "is_discontinued": false
      }
    ],
    "new_investments": [],
    "discontinued": []
  },
  "raw_data": {
    "total_records": [
      {
        "PST_YYYYMM": "202411",
        "TOTAL_AMT": 832481840.0
      },
      {
        "PST_YYYYMM": "202511",
        "TOTAL_AMT": 964042298.0
      }
    ],
    "detail_records": [
      {
        "PST_YYYYMM": "202511",
        "BRD_CD": "X",
        "BRD_NM": "DISCOVERY",
        "CTGR1": "인건비",
        "CTGR2": "인건비",
        "CTGR3": "급료와 임금",
        "GL_NM": "급료와임금",
        "TTL_USE_AMT": 595242931.0
      },
      {
        "PST_YYYYMM": "202411",
        "BRD_CD": "X",
        "BRD_NM": "DISCOVERY",
        "CTGR1": "인건비",
        "CTGR2": "인건비",
        "CTGR3": "급료와 임금",
        "GL_NM": "급료와임금",
        "TTL_USE_AMT": 542552814.0
      },
      {
        "PST_YYYYMM": "202511",
        "BRD_CD": "X",
        "BRD_NM": "DISCOVERY",
        "CTGR1": "인건비",
        "CTGR2": "인건비",
        "CTGR3": "급료와 임금",
        "GL_NM": "제수당",
        "TTL_USE_AMT": 188631901.0
      },
      {
        "PST_YYYYMM": "202411",
        "BRD_CD": "X",
        "BRD_NM": "DISCOVERY",
        "CTGR1": "인건비",
        "CTGR2": "인건비",
        "CTGR3": "급료와 임금",
        "GL_NM": "제수당",
        "TTL_USE_AMT": 130804916.0
      },
      {
        "PST_YYYYMM": "202511",
        "BRD_CD": "X",
        "BRD_NM": "DISCOVERY",
        "CTGR1": "인건비",
        "CTGR2": "인건비",
        "CTGR3": "퇴직급여",
        "GL_NM": "퇴직급여충당금전입액",
        "TTL_USE_AMT": 97984355.0
      },
      {
        "PST_YYYYMM": "202411",
        "BRD_CD": "X",
        "BRD_NM": "DISCOVERY",
        "CTGR1": "인건비",
        "CTGR2": "인건비",
        "CTGR3": "퇴직급여",
        "GL_NM": "퇴직급여충당금전입액",
        "TTL_USE_AMT": 84169716.0
      },
      {
        "PST_YYYYMM": "202511",
        "BRD_CD": "X",
        "BRD_NM": "DISCOVERY",
        "CTGR1": "인건비",
        "CTGR2": "인건비",
        "CTGR3": "복리후생비_의료/건강",
        "GL_NM": "복리후생비_의료보험",
        "TTL_USE_AMT": 28448150.0
      },
      {
        "PST_YYYYMM": "202511",
        "BRD_CD": "X",
        "BRD_NM": "DISCOVERY",
        "CTGR1": "인건비",
        "CTGR2": "인건비",
        "CTGR3": "세금과공과_국민연금",
        "GL_NM": "세금과공과_국민연금",
        "TTL_USE_AMT": 27806780.0
      },
      {
        "PST_YYYYMM": "202411",
        "BRD_CD": "X",
        "BRD_NM": "DISCOVERY",
        "CTGR1": "인건비",
        "CTGR2": "인건비",
        "CTGR3": "복리후생비_의료/건강",
        "GL_NM": "복리후생비_의료보험",
        "TTL_USE_AMT": 25025390.0
      },
      {
        "PST_YYYYMM": "202411",
        "BRD_CD": "X",
        "BRD_NM": "DISCOVERY",
        "CTGR1": "인건비",
        "CTGR2": "인건비",
        "CTGR3": "세금과공과_국민연금",
        "GL_NM": "세금과공과_국민연금",
        "TTL_USE_AMT": 23395640.0
      },
      {
        "PST_YYYYMM": "202411",
        "BRD_CD": "X",
        "BRD_NM": "DISCOVERY",
        "CTGR1": "인건비",
        "CTGR2": "인건비",
        "CTGR3": "잡급",
        "GL_NM": "잡급",
        "TTL_USE_AMT": 11994168.0
      },
      {
        "PST_YYYYMM": "202511",
        "BRD_CD": "X",
        "BRD_NM": "DISCOVERY",
        "CTGR1": "인건비",
        "CTGR2": "인건비",
        "CTGR3": "복리후생비_의료/건강",
        "GL_NM": "복리후생비_고용보험",
        "TTL_USE_AMT": 11001842.0
      },
      {
        "PST_YYYYMM": "202511",
        "BRD_CD": "X",
        "BRD_NM": "DISCOVERY",
        "CTGR1": "인건비",
        "CTGR2": "인건비",
        "CTGR3": "잡급",
        "GL_NM": "잡급",
        "TTL_USE_AMT": 9549642.0
      },
      {
        "PST_YYYYMM": "202411",
        "BRD_CD": "X",
        "BRD_NM": "DISCOVERY",
        "CTGR1": "인건비",
        "CTGR2": "인건비",
        "CTGR3": "복리후생비_의료/건강",
        "GL_NM": "복리후생비_고용보험",
        "TTL_USE_AMT": 9534086.0
      },
      {
        "PST_YYYYMM": "202511",
        "BRD_CD": "X",
        "BRD_NM": "DISCOVERY",
        "CTGR1": "인건비",
        "CTGR2": "인건비",
        "CTGR3": "복리후생비_의료/건강",
        "GL_NM": "복리후생비_산재보험",
        "TTL_USE_AMT": 5376697.0
      },
      {
        "PST_YYYYMM": "202411",
        "BRD_CD": "X",
        "BRD_NM": "DISCOVERY",
        "CTGR1": "인건비",
        "CTGR2": "인건비",
        "CTGR3": "복리후생비_의료/건강",
        "GL_NM": "복리후생비_산재보험",
        "TTL_USE_AMT": 5005110.0
      }
    ]
  },
  "trend_data": {
    "trend_months": [
      "202412",
      "202501",
      "202502",
      "202503",
      "202504",
      "202505",
      "202506",
      "202507",
      "202508",
      "202509",
      "202510",
      "202511"
    ],
    "monthly_totals": [
      {
        "yyyymm": "202412",
        "total_amount": 805.2
      },
      {
        "yyyymm": "202501",
        "total_amount": 866.92
      },
      {
        "yyyymm": "202502",
        "total_amount": 874.86
      },
      {
        "yyyymm": "202503",
        "total_amount": 912.1
      },
      {
        "yyyymm": "202504",
        "total_amount": 1219.99
      },
      {
        "yyyymm": "202505",
        "total_amount": 1020.44
      },
      {
        "yyyymm": "202506",
        "total_amount": 877.54
      },
      {
        "yyyymm": "202507",
        "total_amount": 905.21
      },
      {
        "yyyymm": "202508",
        "total_amount": 942.4
      },
      {
        "yyyymm": "202509",
        "total_amount": 861.34
      },
      {
        "yyyymm": "202510",
        "total_amount": 1099.85
      },
      {
        "yyyymm": "202511",
        "total_amount": 964.04
      }
    ],
    "monthly_details": [
      {
        "yyyymm": "202412",
        "ctgr2": "인건비",
        "ctgr3": "급료와 임금",
        "gl_nm": "급료와임금",
        "amount": 518.2
      },
      {
        "yyyymm": "202412",
        "ctgr2": "인건비",
        "ctgr3": "급료와 임금",
        "gl_nm": "제수당",
        "amount": 130.25
      },
      {
        "yyyymm": "202412",
        "ctgr2": "인건비",
        "ctgr3": "퇴직급여",
        "gl_nm": "퇴직급여충당금전입액",
        "amount": 79.52
      },
      {
        "yyyymm": "202412",
        "ctgr2": "인건비",
        "ctgr3": "복리후생비_의료/건강",
        "gl_nm": "복리후생비_의료보험",
        "amount": 26.72
      },
      {
        "yyyymm": "202412",
        "ctgr2": "인건비",
        "ctgr3": "세금과공과_국민연금",
        "gl_nm": "세금과공과_국민연금",
        "amount": 24.26
      },
      {
        "yyyymm": "202412",
        "ctgr2": "인건비",
        "ctgr3": "잡급",
        "gl_nm": "잡급",
        "amount": 11.9
      },
      {
        "yyyymm": "202412",
        "ctgr2": "인건비",
        "ctgr3": "복리후생비_의료/건강",
        "gl_nm": "복리후생비_고용보험",
        "amount": 9.62
      },
      {
        "yyyymm": "202412",
        "ctgr2": "인건비",
        "ctgr3": "복리후생비_의료/건강",
        "gl_nm": "복리후생비_산재보험",
        "amount": 4.74
      },
      {
        "yyyymm": "202501",
        "ctgr2": "인건비",
        "ctgr3": "급료와 임금",
        "gl_nm": "급료와임금",
        "amount": 568.86
      },
      {
        "yyyymm": "202501",
        "ctgr2": "인건비",
        "ctgr3": "급료와 임금",
        "gl_nm": "제수당",
        "amount": 135.99
      },
      {
        "yyyymm": "202501",
        "ctgr2": "인건비",
        "ctgr3": "퇴직급여",
        "gl_nm": "퇴직급여충당금전입액",
        "amount": 88.11
      },
      {
        "yyyymm": "202501",
        "ctgr2": "인건비",
        "ctgr3": "복리후생비_의료/건강",
        "gl_nm": "복리후생비_의료보험",
        "amount": 28.0
      },
      {
        "yyyymm": "202501",
        "ctgr2": "인건비",
        "ctgr3": "세금과공과_국민연금",
        "gl_nm": "세금과공과_국민연금",
        "amount": 25.0
      },
      {
        "yyyymm": "202501",
        "ctgr2": "인건비",
        "ctgr3": "복리후생비_의료/건강",
        "gl_nm": "복리후생비_고용보험",
        "amount": 9.64
      },
      {
        "yyyymm": "202501",
        "ctgr2": "인건비",
        "ctgr3": "잡급",
        "gl_nm": "잡급",
        "amount": 6.37
      },
      {
        "yyyymm": "202501",
        "ctgr2": "인건비",
        "ctgr3": "복리후생비_의료/건강",
        "gl_nm": "복리후생비_산재보험",
        "amount": 4.95
      },
      {
        "yyyymm": "202502",
        "ctgr2": "인건비",
        "ctgr3": "급료와 임금",
        "gl_nm": "급료와임금",
        "amount": 574.21
      },
      {
        "yyyymm": "202502",
        "ctgr2": "인건비",
        "ctgr3": "급료와 임금",
        "gl_nm": "제수당",
        "amount": 138.84
      },
      {
        "yyyymm": "202502",
        "ctgr2": "인건비",
        "ctgr3": "퇴직급여",
        "gl_nm": "퇴직급여충당금전입액",
        "amount": 89.13
      },
      {
        "yyyymm": "202502",
        "ctgr2": "인건비",
        "ctgr3": "복리후생비_의료/건강",
        "gl_nm": "복리후생비_의료보험",
        "amount": 27.78
      },
      {
        "yyyymm": "202502",
        "ctgr2": "인건비",
        "ctgr3": "세금과공과_국민연금",
        "gl_nm": "세금과공과_국민연금",
        "amount": 27.42
      },
      {
        "yyyymm": "202502",
        "ctgr2": "인건비",
        "ctgr3": "복리후생비_의료/건강",
        "gl_nm": "복리후생비_고용보험",
        "amount": 10.56
      },
      {
        "yyyymm": "202502",
        "ctgr2": "인건비",
        "ctgr3": "복리후생비_의료/건강",
        "gl_nm": "복리후생비_산재보험",
        "amount": 5.12
      },
      {
        "yyyymm": "202502",
        "ctgr2": "인건비",
        "ctgr3": "잡급",
        "gl_nm": "잡급",
        "amount": 1.8
      },
      {
        "yyyymm": "202503",
        "ctgr2": "인건비",
        "ctgr3": "급료와 임금",
        "gl_nm": "급료와임금",
        "amount": 638.15
      },
      {
        "yyyymm": "202503",
        "ctgr2": "인건비",
        "ctgr3": "급료와 임금",
        "gl_nm": "제수당",
        "amount": 141.69
      },
      {
        "yyyymm": "202503",
        "ctgr2": "인건비",
        "ctgr3": "퇴직급여",
        "gl_nm": "퇴직급여충당금전입액",
        "amount": 64.29
      },
      {
        "yyyymm": "202503",
        "ctgr2": "인건비",
        "ctgr3": "복리후생비_의료/건강",
        "gl_nm": "복리후생비_의료보험",
        "amount": 26.15
      },
      {
        "yyyymm": "202503",
        "ctgr2": "인건비",
        "ctgr3": "세금과공과_국민연금",
        "gl_nm": "세금과공과_국민연금",
        "amount": 23.12
      },
      {
        "yyyymm": "202503",
        "ctgr2": "인건비",
        "ctgr3": "복리후생비_의료/건강",
        "gl_nm": "복리후생비_고용보험",
        "amount": 10.08
      },
      {
        "yyyymm": "202503",
        "ctgr2": "인건비",
        "ctgr3": "복리후생비_의료/건강",
        "gl_nm": "복리후생비_산재보험",
        "amount": 4.97
      },
      {
        "yyyymm": "202503",
        "ctgr2": "인건비",
        "ctgr3": "잡급",
        "gl_nm": "잡급",
        "amount": 3.64
      },
      {
        "yyyymm": "202504",
        "ctgr2": "인건비",
        "ctgr3": "급료와 임금",
        "gl_nm": "급료와임금",
        "amount": 614.6
      },
      {
        "yyyymm": "202504",
        "ctgr2": "인건비",
        "ctgr3": "급료와 임금",
        "gl_nm": "제수당",
        "amount": 402.18
      },
      {
        "yyyymm": "202504",
        "ctgr2": "인건비",
        "ctgr3": "퇴직급여",
        "gl_nm": "퇴직급여충당금전입액",
        "amount": 99.29
      },
      {
        "yyyymm": "202504",
        "ctgr2": "인건비",
        "ctgr3": "복리후생비_의료/건강",
        "gl_nm": "복리후생비_의료보험",
        "amount": 41.63
      },
      {
        "yyyymm": "202504",
        "ctgr2": "인건비",
        "ctgr3": "세금과공과_국민연금",
        "gl_nm": "세금과공과_국민연금",
        "amount": 26.35
      },
      {
        "yyyymm": "202504",
        "ctgr2": "인건비",
        "ctgr3": "복리후생비_의료/건강",
        "gl_nm": "복리후생비_고용보험",
        "amount": 22.01
      },
      {
        "yyyymm": "202504",
        "ctgr2": "인건비",
        "ctgr3": "복리후생비_의료/건강",
        "gl_nm": "복리후생비_산재보험",
        "amount": 9.39
      },
      {
        "yyyymm": "202504",
        "ctgr2": "인건비",
        "ctgr3": "잡급",
        "gl_nm": "잡급",
        "amount": 4.53
      },
      {
        "yyyymm": "202505",
        "ctgr2": "인건비",
        "ctgr3": "급료와 임금",
        "gl_nm": "급료와임금",
        "amount": 609.24
      },
      {
        "yyyymm": "202505",
        "ctgr2": "인건비",
        "ctgr3": "급료와 임금",
        "gl_nm": "제수당",
        "amount": 222.14
      },
      {
        "yyyymm": "202505",
        "ctgr2": "인건비",
        "ctgr3": "퇴직급여",
        "gl_nm": "퇴직급여충당금전입액",
        "amount": 103.92
      },
      {
        "yyyymm": "202505",
        "ctgr2": "인건비",
        "ctgr3": "복리후생비_의료/건강",
        "gl_nm": "복리후생비_의료보험",
        "amount": 39.24
      },
      {
        "yyyymm": "202505",
        "ctgr2": "인건비",
        "ctgr3": "세금과공과_국민연금",
        "gl_nm": "세금과공과_국민연금",
        "amount": 25.47
      },
      {
        "yyyymm": "202505",
        "ctgr2": "인건비",
        "ctgr3": "복리후생비_의료/건강",
        "gl_nm": "복리후생비_고용보험",
        "amount": 12.49
      },
      {
        "yyyymm": "202505",
        "ctgr2": "인건비",
        "ctgr3": "복리후생비_의료/건강",
        "gl_nm": "복리후생비_산재보험",
        "amount": 6.04
      },
      {
        "yyyymm": "202505",
        "ctgr2": "인건비",
        "ctgr3": "잡급",
        "gl_nm": "잡급",
        "amount": 1.9
      },
      {
        "yyyymm": "202506",
        "ctgr2": "인건비",
        "ctgr3": "급료와 임금",
        "gl_nm": "급료와임금",
        "amount": 596.03
      },
      {
        "yyyymm": "202506",
        "ctgr2": "인건비",
        "ctgr3": "급료와 임금",
        "gl_nm": "제수당",
        "amount": 158.62
      },
      {
        "yyyymm": "202506",
        "ctgr2": "인건비",
        "ctgr3": "퇴직급여",
        "gl_nm": "퇴직급여충당금전입액",
        "amount": 38.48
      },
      {
        "yyyymm": "202506",
        "ctgr2": "인건비",
        "ctgr3": "복리후생비_의료/건강",
        "gl_nm": "복리후생비_의료보험",
        "amount": 35.34
      },
      {
        "yyyymm": "202506",
        "ctgr2": "인건비",
        "ctgr3": "세금과공과_국민연금",
        "gl_nm": "세금과공과_국민연금",
        "amount": 25.44
      },
      {
        "yyyymm": "202506",
        "ctgr2": "인건비",
        "ctgr3": "복리후생비_의료/건강",
        "gl_nm": "복리후생비_고용보험",
        "amount": 11.66
      },
      {
        "yyyymm": "202506",
        "ctgr2": "인건비",
        "ctgr3": "잡급",
        "gl_nm": "잡급",
        "amount": 6.43
      },
      {
        "yyyymm": "202506",
        "ctgr2": "인건비",
        "ctgr3": "복리후생비_의료/건강",
        "gl_nm": "복리후생비_산재보험",
        "amount": 5.54
      },
      {
        "yyyymm": "202507",
        "ctgr2": "인건비",
        "ctgr3": "급료와 임금",
        "gl_nm": "급료와임금",
        "amount": 576.57
      },
      {
        "yyyymm": "202507",
        "ctgr2": "인건비",
        "ctgr3": "급료와 임금",
        "gl_nm": "제수당",
        "amount": 149.59
      },
      {
        "yyyymm": "202507",
        "ctgr2": "인건비",
        "ctgr3": "퇴직급여",
        "gl_nm": "퇴직급여충당금전입액",
        "amount": 90.77
      },
      {
        "yyyymm": "202507",
        "ctgr2": "인건비",
        "ctgr3": "복리후생비_의료/건강",
        "gl_nm": "복리후생비_의료보험",
        "amount": 28.39
      },
      {
        "yyyymm": "202507",
        "ctgr2": "인건비",
        "ctgr3": "세금과공과_국민연금",
        "gl_nm": "세금과공과_국민연금",
        "amount": 26.77
      },
      {
        "yyyymm": "202507",
        "ctgr2": "인건비",
        "ctgr3": "잡급",
        "gl_nm": "잡급",
        "amount": 16.25
      },
      {
        "yyyymm": "202507",
        "ctgr2": "인건비",
        "ctgr3": "복리후생비_의료/건강",
        "gl_nm": "복리후생비_고용보험",
        "amount": 11.42
      },
      {
        "yyyymm": "202507",
        "ctgr2": "인건비",
        "ctgr3": "복리후생비_의료/건강",
        "gl_nm": "복리후생비_산재보험",
        "amount": 5.44
      },
      {
        "yyyymm": "202508",
        "ctgr2": "인건비",
        "ctgr3": "급료와 임금",
        "gl_nm": "급료와임금",
        "amount": 577.36
      },
      {
        "yyyymm": "202508",
        "ctgr2": "인건비",
        "ctgr3": "급료와 임금",
        "gl_nm": "제수당",
        "amount": 177.96
      },
      {
        "yyyymm": "202508",
        "ctgr2": "인건비",
        "ctgr3": "퇴직급여",
        "gl_nm": "퇴직급여충당금전입액",
        "amount": 101.03
      },
      {
        "yyyymm": "202508",
        "ctgr2": "인건비",
        "ctgr3": "복리후생비_의료/건강",
        "gl_nm": "복리후생비_의료보험",
        "amount": 28.17
      },
      {
        "yyyymm": "202508",
        "ctgr2": "인건비",
        "ctgr3": "세금과공과_국민연금",
        "gl_nm": "세금과공과_국민연금",
        "amount": 26.65
      },
      {
        "yyyymm": "202508",
        "ctgr2": "인건비",
        "ctgr3": "잡급",
        "gl_nm": "잡급",
        "amount": 14.66
      },
      {
        "yyyymm": "202508",
        "ctgr2": "인건비",
        "ctgr3": "복리후생비_의료/건강",
        "gl_nm": "복리후생비_고용보험",
        "amount": 11.21
      },
      {
        "yyyymm": "202508",
        "ctgr2": "인건비",
        "ctgr3": "복리후생비_의료/건강",
        "gl_nm": "복리후생비_산재보험",
        "amount": 5.38
      },
      {
        "yyyymm": "202509",
        "ctgr2": "인건비",
        "ctgr3": "급료와 임금",
        "gl_nm": "급료와임금",
        "amount": 591.69
      },
      {
        "yyyymm": "202509",
        "ctgr2": "인건비",
        "ctgr3": "급료와 임금",
        "gl_nm": "제수당",
        "amount": 164.58
      },
      {
        "yyyymm": "202509",
        "ctgr2": "인건비",
        "ctgr3": "퇴직급여",
        "gl_nm": "퇴직급여충당금전입액",
        "amount": 27.75
      },
      {
        "yyyymm": "202509",
        "ctgr2": "인건비",
        "ctgr3": "복리후생비_의료/건강",
        "gl_nm": "복리후생비_의료보험",
        "amount": 26.55
      },
      {
        "yyyymm": "202509",
        "ctgr2": "인건비",
        "ctgr3": "세금과공과_국민연금",
        "gl_nm": "세금과공과_국민연금",
        "amount": 25.61
      },
      {
        "yyyymm": "202509",
        "ctgr2": "인건비",
        "ctgr3": "복리후생비_의료/건강",
        "gl_nm": "복리후생비_고용보험",
        "amount": 11.0
      },
      {
        "yyyymm": "202509",
        "ctgr2": "인건비",
        "ctgr3": "잡급",
        "gl_nm": "잡급",
        "amount": 8.78
      },
      {
        "yyyymm": "202509",
        "ctgr2": "인건비",
        "ctgr3": "복리후생비_의료/건강",
        "gl_nm": "복리후생비_산재보험",
        "amount": 5.37
      },
      {
        "yyyymm": "202510",
        "ctgr2": "인건비",
        "ctgr3": "급료와 임금",
        "gl_nm": "급료와임금",
        "amount": 606.4
      },
      {
        "yyyymm": "202510",
        "ctgr2": "인건비",
        "ctgr3": "급료와 임금",
        "gl_nm": "제수당",
        "amount": 316.36
      },
      {
        "yyyymm": "202510",
        "ctgr2": "인건비",
        "ctgr3": "퇴직급여",
        "gl_nm": "퇴직급여충당금전입액",
        "amount": 96.78
      },
      {
        "yyyymm": "202510",
        "ctgr2": "인건비",
        "ctgr3": "복리후생비_의료/건강",
        "gl_nm": "복리후생비_의료보험",
        "amount": 30.63
      },
      {
        "yyyymm": "202510",
        "ctgr2": "인건비",
        "ctgr3": "세금과공과_국민연금",
        "gl_nm": "세금과공과_국민연금",
        "amount": 30.22
      },
      {
        "yyyymm": "202510",
        "ctgr2": "인건비",
        "ctgr3": "잡급",
        "gl_nm": "잡급",
        "amount": 8.47
      },
      {
        "yyyymm": "202510",
        "ctgr2": "인건비",
        "ctgr3": "복리후생비_의료/건강",
        "gl_nm": "복리후생비_고용보험",
        "amount": 6.61
      },
      {
        "yyyymm": "202510",
        "ctgr2": "인건비",
        "ctgr3": "복리후생비_의료/건강",
        "gl_nm": "복리후생비_산재보험",
        "amount": 4.38
      },
      {
        "yyyymm": "202511",
        "ctgr2": "인건비",
        "ctgr3": "급료와 임금",
        "gl_nm": "급료와임금",
        "amount": 595.24
      },
      {
        "yyyymm": "202511",
        "ctgr2": "인건비",
        "ctgr3": "급료와 임금",
        "gl_nm": "제수당",
        "amount": 188.63
      },
      {
        "yyyymm": "202511",
        "ctgr2": "인건비",
        "ctgr3": "퇴직급여",
        "gl_nm": "퇴직급여충당금전입액",
        "amount": 97.98
      },
      {
        "yyyymm": "202511",
        "ctgr2": "인건비",
        "ctgr3": "복리후생비_의료/건강",
        "gl_nm": "복리후생비_의료보험",
        "amount": 28.45
      },
      {
        "yyyymm": "202511",
        "ctgr2": "인건비",
        "ctgr3": "세금과공과_국민연금",
        "gl_nm": "세금과공과_국민연금",
        "amount": 27.81
      },
      {
        "yyyymm": "202511",
        "ctgr2": "인건비",
        "ctgr3": "복리후생비_의료/건강",
        "gl_nm": "복리후생비_고용보험",
        "amount": 11.0
      },
      {
        "yyyymm": "202511",
        "ctgr2": "인건비",
        "ctgr3": "잡급",
        "gl_nm": "잡급",
        "amount": 9.55
      },
      {
        "yyyymm": "202511",
        "ctgr2": "인건비",
        "ctgr3": "복리후생비_의료/건강",
        "gl_nm": "복리후생비_산재보험",
        "amount": 5.38
      }
    ]
  }
}