{
  "country": "KR",
  "brand_cd": "ST",
  "brand_name": "SERGIO TACCHINI",
  "yyyymm": "202511",
  "yyyymm_py": "202411",
  "key": "매장효율성",
  "sub_key": "종합분석",
  "analysis_data": {
    "title": "매장효율성 종합분석",
    "sections": [
      {
        "div": "종합분석-1",
        "sub_title": "우수 점포 생산성",
        "ai_text": "SERGIO TACCHINI 브랜드의 11월 매장효율성 분석 결과, 우수 점포로 식별된 채널이 없는 상황입니다.\n면세점이 점포당 매출 78백만원으로 가장 높은 수치를 보이지만 전년 130백만원 대비 59.7% 수준으로 크게 악화되었습니다.\n직영점은 점포당 매출 38백만원으로 전년 40백만원 대비 95.2% 수준을 유지하여 상대적으로 안정적인 성과를 보입니다.\n전체적으로 모든 채널에서 전년 대비 매장효율성이 하락하여 근본적인 개선 전략이 필요한 상황입니다."
      },
      {
        "div": "종합분석-2",
        "sub_title": "대응 필요 매장",
        "ai_text": "백화점 채널이 가장 심각한 상황으로 점포당 매출이 2백만원에 불과하며 전년 13백만원 대비 18.3%로 급락했습니다.\n면세점은 점포당 매출 78백만원이지만 전년 130백만원 대비 59.7% 수준으로 52백만원 감소하여 절대 손실액이 가장 큽니다.\n아울렛은 점포당 매출 31백만원으로 전년 38백만원 대비 83.1% 수준이며, 점포 수가 2개에서 4개로 증가했음에도 개별 효율성이 하락했습니다.\n직영점은 상대적으로 양호하나 점포당 매출 38백만원으로 전년 40백만원 대비 95.2% 수준으로 소폭 하락세입니다."
      },
      {
        "div": "종합분석-3",
        "sub_title": "AI 권장사항",
        "ai_text": "백화점 채널의 긴급 구조조정이 필요하며, 점포당 매출 2백만원의 저효율 점포 4개 중 일부 폐점을 검토하고 나머지는 상품구성 및 운영방식 전면 개편을 실시해야 합니다.\n면세점은 중국 관광객 감소 등 외부 요인을 고려하여 내국인 대상 마케팅 강화 및 온라인 면세 채널 확대를 통한 매출 회복 전략을 수립해야 합니다.\n아울렛 채널은 점포 수 확대(2→4개) 대비 개별 효율성 하락을 개선하기 위해 신규 점포의 입지 재검토 및 기존 점포 대비 차별화된 상품 구성을 적용해야 합니다.\n직영점의 상대적 안정성을 활용하여 성공 운영 모델을 다른 채널에 벤치마킹하고, 점포 수 확대를 통한 전체 매출 기여도 향상을 추진해야 합니다."
      },
      {
        "div": "종합분석-4",
        "sub_title": "최적의 시나리오",
        "ai_text": "백화점 채널은 저효율 2개 점포 폐점 후 2개 점포로 운영하되 점포당 매출을 10백만원 이상으로 개선하여 채널 총 매출 20백만원 달성을 목표로 합니다.\n면세점은 마케팅 및 상품 다양화를 통해 점포당 매출을 100백만원 수준으로 회복시키고, 직영점은 현재 5개에서 7개로 확대하여 점포당 매출 40백만원 유지 시 총 280백만원 달성을 목표로 합니다.\n아울렛은 4개 점포 중 입지가 우수한 3개 점포로 집중 운영하여 점포당 매출 40백만원 달성을 통해 총 120백만원 목표를 설정합니다.\n전체적으로 점포당 평균 매출을 35백만원 이상으로 개선하여 총 14개 점포 기준 490백만원의 총 매출 달성을 목표로 합니다."
      }
    ]
  },
  "summary": {
    "total_shop_amt_cy": 29.0,
    "total_shop_amt_py": 31.0,
    "total_shop_cnt_cy": 14,
    "total_shop_cnt_py": 14,
    "yoy": 93.5,
    "unique_channels": 4,
    "analysis_period": "2024년 11월 vs 2025년 11월"
  },
  "channel_summary": {
    "백화점": {
      "shop_amt_cy": 2.0,
      "shop_amt_py": 13.0,
      "shop_cnt_cy": 4,
      "shop_cnt_py": 8,
      "yoy": 18.3
    },
    "직영점": {
      "shop_amt_cy": 38.0,
      "shop_amt_py": 40.0,
      "shop_cnt_cy": 5,
      "shop_cnt_py": 3,
      "yoy": 95.2
    },
    "면세점": {
      "shop_amt_cy": 78.0,
      "shop_amt_py": 130.0,
      "shop_cnt_cy": 1,
      "shop_cnt_py": 1,
      "yoy": 59.7
    },
    "아울렛": {
      "shop_amt_cy": 31.0,
      "shop_amt_py": 38.0,
      "shop_cnt_cy": 4,
      "shop_cnt_py": 2,
      "yoy": 83.1
    }
  },
  "excellent_channels": [],
  "warning_channels": [
    {
      "chnl_nm": "백화점",
      "shop_amt_cy": 2.0,
      "shop_amt_py": 13.0,
      "yoy": 18.3,
      "shop_cnt_cy": 4
    },
    {
      "chnl_nm": "아울렛",
      "shop_amt_cy": 31.0,
      "shop_amt_py": 38.0,
      "yoy": 83.1,
      "shop_cnt_cy": 4
    },
    {
      "chnl_nm": "직영점",
      "shop_amt_cy": 38.0,
      "shop_amt_py": 40.0,
      "yoy": 95.2,
      "shop_cnt_cy": 5
    },
    {
      "chnl_nm": "면세점",
      "shop_amt_cy": 78.0,
      "shop_amt_py": 130.0,
      "yoy": 59.7,
      "shop_cnt_cy": 1
    }
  ],
  "raw_data": {
    "sample_records": [
      {
        "CHNL_NM": "백화점",
        "SHOP_CNT_CY": 4,
        "SHOP_CNT_PY": 8,
        "SHOP_AMT_CY": 2.0,
        "SHOP_AMT_PY": 13.0,
        "YOY": 18.3,
        "SEQ": 2
      },
      {
        "CHNL_NM": "직영점",
        "SHOP_CNT_CY": 5,
        "SHOP_CNT_PY": 3,
        "SHOP_AMT_CY": 38.0,
        "SHOP_AMT_PY": 40.0,
        "YOY": 95.2,
        "SEQ": 2
      },
      {
        "CHNL_NM": "면세점",
        "SHOP_CNT_CY": 1,
        "SHOP_CNT_PY": 1,
        "SHOP_AMT_CY": 78.0,
        "SHOP_AMT_PY": 130.0,
        "YOY": 59.7,
        "SEQ": 2
      },
      {
        "CHNL_NM": "전체",
        "SHOP_CNT_CY": 14,
        "SHOP_CNT_PY": 14,
        "SHOP_AMT_CY": 29.0,
        "SHOP_AMT_PY": 31.0,
        "YOY": 92.9,
        "SEQ": 1
      },
      {
        "CHNL_NM": "면세 제외",
        "SHOP_CNT_CY": 13,
        "SHOP_CNT_PY": 13,
        "SHOP_AMT_CY": 25.0,
        "SHOP_AMT_PY": 23.0,
        "YOY": 107.2,
        "SEQ": 3
      },
      {
        "CHNL_NM": "아울렛",
        "SHOP_CNT_CY": 4,
        "SHOP_CNT_PY": 2,
        "SHOP_AMT_CY": 31.0,
        "SHOP_AMT_PY": 38.0,
        "YOY": 83.1,
        "SEQ": 2
      }
    ],
    "total_records_count": 6
  }
}