{
  "country": "KR",
  "brand_cd": "M",
  "brand_name": "MLB",
  "yyyymm": "202511",
  "yyyymm_py": "202411",
  "key": "매장효율성",
  "sub_key": "종합분석",
  "analysis_data": {
    "title": "매장효율성 종합분석",
    "sections": [
      {
        "div": "종합분석-1",
        "sub_title": "우수 점포 생산성",
        "ai_text": "면세점은 점포당 매출 1,284백만원으로 최고 수준이며 전년대비 5.9% 성장으로 안정적 운영을 보여줍니다.\n플래그쉽은 723백만원으로 34.0% 급성장하여 브랜드 플래그쉽 전략의 성공을 입증했습니다.\nRF는 284백만원으로 8.3% 성장하며 안정적인 수익성을 유지하고 있습니다.\n이들 채널은 높은 매출 생산성과 지속적 성장으로 MLB 브랜드의 핵심 수익원으로 자리잡았습니다."
      },
      {
        "div": "종합분석-2",
        "sub_title": "대응 필요 매장",
        "ai_text": "직영점은 점포당 매출 96백만원으로 가장 낮은 수준이며, 13.1% 성장에도 불구하고 절대 매출액이 부족합니다.\n대리점은 97백만원으로 24.2% 성장했으나 여전히 평균 이하 수준에 머물러 있습니다.\n백화점은 125백만원으로 10.9% 성장에 그쳤으며, 점포 수도 68개에서 64개로 감소했습니다.\n이들 채널은 전체 점포의 87.5%를 차지하지만 낮은 매출 생산성으로 수익성 개선이 시급합니다."
      },
      {
        "div": "종합분석-3",
        "sub_title": "AI 권장사항",
        "ai_text": "• 플래그쉽 성공 모델을 직영점에 적용하여 매장 운영 노하우 전수 및 점포당 매출 150백만원 목표 설정\n• 대리점 대상 집중 교육 프로그램 운영으로 상품 진열, 고객 서비스, 재고 관리 역량 강화\n• 백화점 내 저성과 점포 선별하여 위치 이전 또는 매장 면적 조정을 통한 효율성 개선\n• 면세점과 RF의 성공 요인 분석하여 타 채널 적용 가능한 베스트 프랙티스 도출 및 확산"
      },
      {
        "div": "종합분석-4",
        "sub_title": "최적의 시나리오",
        "ai_text": "2026년 목표: 전체 점포당 매출 220백만원 달성으로 전년대비 14.0% 성장 목표 설정\n채널별 목표 - 직영점 120백만원(25% 성장), 대리점 130백만원(34% 성장), 백화점 140백만원(12% 성장)\n저성과 점포 20개 정리 및 고성과 입지 5개 신규 개점으로 총 137개 점포 운영\n분기별 점검을 통해 목표 미달 점포 대상 즉시 개선 조치 실행 및 우수 점포 인센티브 제도 도입"
      }
    ]
  },
  "summary": {
    "total_shop_amt_cy": 193.0,
    "total_shop_amt_py": 169.0,
    "total_shop_cnt_cy": 152,
    "total_shop_cnt_py": 163,
    "yoy": 114.2,
    "unique_channels": 6,
    "analysis_period": "2024년 11월 vs 2025년 11월"
  },
  "channel_summary": {
    "플래그쉽": {
      "shop_amt_cy": 723.0,
      "shop_amt_py": 539.0,
      "shop_cnt_cy": 3,
      "shop_cnt_py": 2,
      "yoy": 134.0
    },
    "백화점": {
      "shop_amt_cy": 125.0,
      "shop_amt_py": 112.0,
      "shop_cnt_cy": 64,
      "shop_cnt_py": 68,
      "yoy": 110.9
    },
    "대리점": {
      "shop_amt_cy": 97.0,
      "shop_amt_py": 78.0,
      "shop_cnt_cy": 59,
      "shop_cnt_py": 65,
      "yoy": 124.2
    },
    "직영점": {
      "shop_amt_cy": 96.0,
      "shop_amt_py": 85.0,
      "shop_cnt_cy": 10,
      "shop_cnt_py": 12,
      "yoy": 113.1
    },
    "면세점": {
      "shop_amt_cy": 1284.0,
      "shop_amt_py": 1212.0,
      "shop_cnt_cy": 8,
      "shop_cnt_py": 9,
      "yoy": 105.9
    },
    "RF": {
      "shop_amt_cy": 284.0,
      "shop_amt_py": 262.0,
      "shop_cnt_cy": 8,
      "shop_cnt_py": 7,
      "yoy": 108.3
    }
  },
  "excellent_channels": [
    {
      "chnl_nm": "면세점",
      "shop_amt_cy": 1284.0,
      "shop_amt_py": 1212.0,
      "yoy": 105.9,
      "shop_cnt_cy": 8
    },
    {
      "chnl_nm": "플래그쉽",
      "shop_amt_cy": 723.0,
      "shop_amt_py": 539.0,
      "yoy": 134.0,
      "shop_cnt_cy": 3
    },
    {
      "chnl_nm": "RF",
      "shop_amt_cy": 284.0,
      "shop_amt_py": 262.0,
      "yoy": 108.3,
      "shop_cnt_cy": 8
    }
  ],
  "warning_channels": [
    {
      "chnl_nm": "직영점",
      "shop_amt_cy": 96.0,
      "shop_amt_py": 85.0,
      "yoy": 113.1,
      "shop_cnt_cy": 10
    },
    {
      "chnl_nm": "대리점",
      "shop_amt_cy": 97.0,
      "shop_amt_py": 78.0,
      "yoy": 124.2,
      "shop_cnt_cy": 59
    },
    {
      "chnl_nm": "백화점",
      "shop_amt_cy": 125.0,
      "shop_amt_py": 112.0,
      "yoy": 110.9,
      "shop_cnt_cy": 64
    }
  ],
  "raw_data": {
    "sample_records": [
      {
        "CHNL_NM": "플래그쉽",
        "SHOP_CNT_CY": 3,
        "SHOP_CNT_PY": 2,
        "SHOP_AMT_CY": 723.0,
        "SHOP_AMT_PY": 539.0,
        "YOY": 134.0,
        "SEQ": 2
      },
      {
        "CHNL_NM": "백화점",
        "SHOP_CNT_CY": 64,
        "SHOP_CNT_PY": 68,
        "SHOP_AMT_CY": 125.0,
        "SHOP_AMT_PY": 112.0,
        "YOY": 110.9,
        "SEQ": 2
      },
      {
        "CHNL_NM": "대리점",
        "SHOP_CNT_CY": 59,
        "SHOP_CNT_PY": 65,
        "SHOP_AMT_CY": 97.0,
        "SHOP_AMT_PY": 78.0,
        "YOY": 124.2,
        "SEQ": 2
      },
      {
        "CHNL_NM": "직영점",
        "SHOP_CNT_CY": 10,
        "SHOP_CNT_PY": 12,
        "SHOP_AMT_CY": 96.0,
        "SHOP_AMT_PY": 85.0,
        "YOY": 113.1,
        "SEQ": 2
      },
      {
        "CHNL_NM": "면세점",
        "SHOP_CNT_CY": 8,
        "SHOP_CNT_PY": 9,
        "SHOP_AMT_CY": 1284.0,
        "SHOP_AMT_PY": 1212.0,
        "YOY": 105.9,
        "SEQ": 2
      },
      {
        "CHNL_NM": "RF",
        "SHOP_CNT_CY": 8,
        "SHOP_CNT_PY": 7,
        "SHOP_AMT_CY": 284.0,
        "SHOP_AMT_PY": 262.0,
        "YOY": 108.3,
        "SEQ": 2
      },
      {
        "CHNL_NM": "전체",
        "SHOP_CNT_CY": 152,
        "SHOP_CNT_PY": 163,
        "SHOP_AMT_CY": 193.0,
        "SHOP_AMT_PY": 169.0,
        "YOY": 114.3,
        "SEQ": 1
      },
      {
        "CHNL_NM": "면세 제외",
        "SHOP_CNT_CY": 144,
        "SHOP_CNT_PY": 154,
        "SHOP_AMT_CY": 133.0,
        "SHOP_AMT_PY": 108.0,
        "YOY": 122.7,
        "SEQ": 3
      }
    ],
    "total_records_count": 8
  }
}