{
  "country": "KR",
  "brand_cd": "W",
  "yyyymm": "202511",
  "key": "영업비",
  "sub_key": "공통비",
  "analysis_data": {
    "title": "공통비 분석",
    "sections": [
      {
        "div": "종합분석-1",
        "sub_title": "투자 방향성 종합 평가",
        "ai_text": "SUPRA 브랜드의 2025년 11월 공통비가 전년 동월 53백만원에서 0원으로 전액 중단되어 극단적인 비용 축소 전략을 시행하고 있습니다. 이는 브랜드 운영 구조의 근본적 변화를 시사하며, 공통 인건비(48백만원)와 공통비 배부(5백만원) 모두 중단된 상황입니다. 브랜드 운영 효율성 극대화를 위한 구조조정 또는 사업 방향 전환의 신호로 해석됩니다."
      },
      {
        "div": "종합분석-2",
        "sub_title": "효율적 투자 영역",
        "ai_text": "현재 데이터상 2025년 11월 투자 영역이 전무한 상황이나, 향후 재투자 시 고려할 효율적 영역을 제시합니다:\n\n• 선택적 공통비 배부: 기존 5백만원 규모의 배부 비용을 핵심 기능에만 집중하여 운영\n• 최소 필수 인력 운영: 브랜드 유지를 위한 핵심 인력만 선별적으로 배치하여 비용 효율성 확보\n• 아웃소싱 활용: 고정 인건비 대신 프로젝트 기반 외부 전문가 활용으로 유연한 비용 구조 구축"
      },
      {
        "div": "종합분석-3",
        "sub_title": "주의 필요 영역",
        "ai_text": "공통비 전액 중단으로 인한 운영상 리스크가 집중되고 있습니다:\n\n• 브랜드 운영 연속성 위험: 공통 인건비 48백만원 전액 삭감으로 브랜드 관리 공백 발생 우려\n• 조직 운영 기반 약화: 공통비 배부 5백만원 중단으로 기본적인 운영 인프라 지원 체계 붕괴\n• 급격한 비용 절감의 부작용: 100% 비용 삭감이 브랜드 가치와 시장 포지션에 미치는 장기적 영향 검토 필요"
      },
      {
        "div": "종합분석-4",
        "sub_title": "이상징후 및 리스크 감지",
        "ai_text": "• 극단적 비용 삭감: 전년 53백만원에서 0원으로 100% 삭감은 정상적인 예산 조정 범위를 초과하는 이상 신호\n• 브랜드 운영 중단 가능성: 공통 인건비와 배부비 전액 삭감은 브랜드 운영 자체의 중단 또는 대폭적인 구조 변화를 암시\n• 데이터 집계 오류 가능성: 모든 공통비가 정확히 0원인 상황은 시스템 오류나 데이터 미반영 가능성도 배제할 수 없음\n• 전략적 방향 전환 신호: SUPRA 브랜드의 사업 모델 변경, 매각, 또는 통폐합 등의 구조적 변화 진행 중일 가능성"
      },
      {
        "div": "종합분석-5",
        "sub_title": "마케팅 전략 최적화 방안",
        "ai_text": "### 즉시 실행 방안\n1. 현황 정확성 검증: 2025년 11월 공통비 0원 상태가 실제 운영 현황인지 데이터 정합성 재점검\n2. 최소 운영 체계 구축: 브랜드 유지를 위한 필수 공통비 항목 재정의 및 예산 확보\n3. 비상 운영 계획 수립: 공통비 중단 상황에서도 브랜드 가치를 보호할 수 있는 대안적 운영 방식 마련\n\n### 중장기 전략 방향\n1. 브랜드 포지셔닝 재정립: SUPRA 브랜드의 향후 역할과 시장 내 위치 재검토\n2. 효율적 운영 모델 설계: 기존 53백만원 대비 30-50% 절감된 예산으로도 효과적 운영이 가능한 새로운 구조 구축\n3. 성과 기반 예산 배분: 공통비 재투입 시 명확한 KPI와 ROI 측정 체계 도입으로 투자 효율성 극대화"
      }
    ]
  },
  "ctgr1": "공통비",
  "summary": {
    "prev_year_total": 52.66,
    "curr_year_total": 0.0,
    "change_amount": -52.66,
    "change_pct": -100.0,
    "investment_direction": "축소"
  },
  "categories": [
    {
      "ctgr2": "공통비",
      "ctgr3": "공통비 배부",
      "gl_nm": null,
      "prev_year": 5.07,
      "curr_year": 0.0,
      "change": -5.07,
      "change_pct": -100.0,
      "is_new": false,
      "is_discontinued": true
    },
    {
      "ctgr2": "공통비",
      "ctgr3": "공통 인건비",
      "gl_nm": null,
      "prev_year": 47.59,
      "curr_year": 0.0,
      "change": -47.59,
      "change_pct": -100.0,
      "is_new": false,
      "is_discontinued": true
    }
  ],
  "category_summary": {
    "increased": [],
    "decreased": [
      {
        "ctgr2": "공통비",
        "ctgr3": "공통비 배부",
        "gl_nm": null,
        "prev_year": 5.07,
        "curr_year": 0.0,
        "change": -5.07,
        "change_pct": -100.0,
        "is_new": false,
        "is_discontinued": true
      },
      {
        "ctgr2": "공통비",
        "ctgr3": "공통 인건비",
        "gl_nm": null,
        "prev_year": 47.59,
        "curr_year": 0.0,
        "change": -47.59,
        "change_pct": -100.0,
        "is_new": false,
        "is_discontinued": true
      }
    ],
    "new_investments": [],
    "discontinued": [
      {
        "ctgr2": "공통비",
        "ctgr3": "공통비 배부",
        "gl_nm": null,
        "prev_year": 5.07,
        "curr_year": 0.0,
        "change": -5.07,
        "change_pct": -100.0,
        "is_new": false,
        "is_discontinued": true
      },
      {
        "ctgr2": "공통비",
        "ctgr3": "공통 인건비",
        "gl_nm": null,
        "prev_year": 47.59,
        "curr_year": 0.0,
        "change": -47.59,
        "change_pct": -100.0,
        "is_new": false,
        "is_discontinued": true
      }
    ]
  },
  "raw_data": {
    "total_records": [
      {
        "PST_YYYYMM": "202411",
        "TOTAL_AMT": 52661018.0
      },
      {
        "PST_YYYYMM": "202511",
        "TOTAL_AMT": 0.0
      }
    ],
    "detail_records": [
      {
        "PST_YYYYMM": "202411",
        "BRD_CD": "W",
        "BRD_NM": "SUPRA",
        "CTGR1": "공통비",
        "CTGR2": "공통비",
        "CTGR3": "공통 인건비",
        "GL_NM": null,
        "TTL_USE_AMT": 47591684.0
      },
      {
        "PST_YYYYMM": "202411",
        "BRD_CD": "W",
        "BRD_NM": "SUPRA",
        "CTGR1": "공통비",
        "CTGR2": "공통비",
        "CTGR3": "공통비 배부",
        "GL_NM": null,
        "TTL_USE_AMT": 5069334.0
      },
      {
        "PST_YYYYMM": "202511",
        "BRD_CD": "W",
        "BRD_NM": "SUPRA",
        "CTGR1": "공통비",
        "CTGR2": "공통비",
        "CTGR3": "공통비 배부",
        "GL_NM": null,
        "TTL_USE_AMT": 0.0
      },
      {
        "PST_YYYYMM": "202511",
        "BRD_CD": "W",
        "BRD_NM": "SUPRA",
        "CTGR1": "공통비",
        "CTGR2": "공통비",
        "CTGR3": "공통 인건비",
        "GL_NM": null,
        "TTL_USE_AMT": 0.0
      }
    ]
  },
  "trend_data": {
    "trend_months": [
      "202412",
      "202501",
      "202502",
      "202503",
      "202504",
      "202505",
      "202506",
      "202507",
      "202508",
      "202509",
      "202510",
      "202511"
    ],
    "monthly_totals": [
      {
        "yyyymm": "202412",
        "total_amount": 49.57
      },
      {
        "yyyymm": "202501",
        "total_amount": 96.95
      },
      {
        "yyyymm": "202502",
        "total_amount": 102.37
      },
      {
        "yyyymm": "202503",
        "total_amount": 105.35
      },
      {
        "yyyymm": "202504",
        "total_amount": 104.87
      },
      {
        "yyyymm": "202505",
        "total_amount": 87.06
      },
      {
        "yyyymm": "202506",
        "total_amount": 67.67
      },
      {
        "yyyymm": "202507",
        "total_amount": 67.52
      },
      {
        "yyyymm": "202508",
        "total_amount": 64.05
      },
      {
        "yyyymm": "202509",
        "total_amount": 0.0
      },
      {
        "yyyymm": "202510",
        "total_amount": 0.0
      },
      {
        "yyyymm": "202511",
        "total_amount": 0.0
      }
    ],
    "monthly_details": [
      {
        "yyyymm": "202412",
        "ctgr2": "공통비",
        "ctgr3": "공통 인건비",
        "gl_nm": null,
        "amount": 45.2
      },
      {
        "yyyymm": "202412",
        "ctgr2": "공통비",
        "ctgr3": "공통비 배부",
        "gl_nm": null,
        "amount": 4.37
      },
      {
        "yyyymm": "202501",
        "ctgr2": "공통비",
        "ctgr3": "공통 인건비",
        "gl_nm": null,
        "amount": 89.37
      },
      {
        "yyyymm": "202501",
        "ctgr2": "공통비",
        "ctgr3": "공통비 배부",
        "gl_nm": null,
        "amount": 7.58
      },
      {
        "yyyymm": "202502",
        "ctgr2": "공통비",
        "ctgr3": "공통 인건비",
        "gl_nm": null,
        "amount": 89.72
      },
      {
        "yyyymm": "202502",
        "ctgr2": "공통비",
        "ctgr3": "공통비 배부",
        "gl_nm": null,
        "amount": 12.65
      },
      {
        "yyyymm": "202503",
        "ctgr2": "공통비",
        "ctgr3": "공통 인건비",
        "gl_nm": null,
        "amount": 90.27
      },
      {
        "yyyymm": "202503",
        "ctgr2": "공통비",
        "ctgr3": "공통비 배부",
        "gl_nm": null,
        "amount": 15.07
      },
      {
        "yyyymm": "202504",
        "ctgr2": "공통비",
        "ctgr3": "공통 인건비",
        "gl_nm": null,
        "amount": 95.35
      },
      {
        "yyyymm": "202504",
        "ctgr2": "공통비",
        "ctgr3": "공통비 배부",
        "gl_nm": null,
        "amount": 9.52
      },
      {
        "yyyymm": "202505",
        "ctgr2": "공통비",
        "ctgr3": "공통 인건비",
        "gl_nm": null,
        "amount": 71.31
      },
      {
        "yyyymm": "202505",
        "ctgr2": "공통비",
        "ctgr3": "공통비 배부",
        "gl_nm": null,
        "amount": 15.75
      },
      {
        "yyyymm": "202506",
        "ctgr2": "공통비",
        "ctgr3": "공통 인건비",
        "gl_nm": null,
        "amount": 58.73
      },
      {
        "yyyymm": "202506",
        "ctgr2": "공통비",
        "ctgr3": "공통비 배부",
        "gl_nm": null,
        "amount": 8.95
      },
      {
        "yyyymm": "202507",
        "ctgr2": "공통비",
        "ctgr3": "공통 인건비",
        "gl_nm": null,
        "amount": 56.81
      },
      {
        "yyyymm": "202507",
        "ctgr2": "공통비",
        "ctgr3": "공통비 배부",
        "gl_nm": null,
        "amount": 10.71
      },
      {
        "yyyymm": "202508",
        "ctgr2": "공통비",
        "ctgr3": "공통 인건비",
        "gl_nm": null,
        "amount": 54.68
      },
      {
        "yyyymm": "202508",
        "ctgr2": "공통비",
        "ctgr3": "공통비 배부",
        "gl_nm": null,
        "amount": 9.37
      },
      {
        "yyyymm": "202509",
        "ctgr2": "공통비",
        "ctgr3": "공통 인건비",
        "gl_nm": null,
        "amount": 0.0
      },
      {
        "yyyymm": "202509",
        "ctgr2": "공통비",
        "ctgr3": "공통비 배부",
        "gl_nm": null,
        "amount": 0.0
      },
      {
        "yyyymm": "202510",
        "ctgr2": "공통비",
        "ctgr3": "공통비 배부",
        "gl_nm": null,
        "amount": 0.0
      },
      {
        "yyyymm": "202510",
        "ctgr2": "공통비",
        "ctgr3": "공통 인건비",
        "gl_nm": null,
        "amount": 0.0
      },
      {
        "yyyymm": "202511",
        "ctgr2": "공통비",
        "ctgr3": "공통 인건비",
        "gl_nm": null,
        "amount": 0.0
      },
      {
        "yyyymm": "202511",
        "ctgr2": "공통비",
        "ctgr3": "공통비 배부",
        "gl_nm": null,
        "amount": 0.0
      }
    ]
  }
}