{
  "country": "KR",
  "brand_cd": "W",
  "brand_name": "SUPRA",
  "yyyymm": "202511",
  "yyyymm_py": "202411",
  "key": "월별아이템별재고추세",
  "analysis_data": {
    "title": "아이템별 재고 종합분석 (당해 1월~현재월)",
    "sections": [
      {
        "div": "종합분석-1",
        "sub_title": "조기경보",
        "ai_text": "• 2025년 1월 재고 신규 발생으로 급격한 증가 시작\n• 2025년 2월 15,816백만원으로 최대 재고액 기록\n• 브랜드 론칭 초기 재고 급증으로 관리체계 구축 필요"
      },
      {
        "div": "종합분석-2",
        "sub_title": "긍정신호",
        "ai_text": "• 2025년 2월 이후 지속적인 재고 감소 추세\n• 15,816백만원 → 6,508백만원으로 58.9% 대폭 감소\n• 효과적인 재고 소진으로 건전한 재고 회전율 달성"
      },
      {
        "div": "종합분석-3",
        "sub_title": "인사이트",
        "ai_text": "• 총재고 2025년 11월 6,508백만원으로 안정화\n• 2월 고점 후 9개월 연속 하락으로 재고 정상화\n• 브랜드 런칭 후 재고 최적화 단계 진입"
      }
    ]
  },
  "summary": {
    "total_stock": 128253.13,
    "unique_months": 22,
    "unique_items": 8,
    "analysis_period": "2025년 01월 ~ 2025년 11월"
  },
  "monthly_totals": [
    {
      "yyyymm": "202401",
      "total_stock": 0.0
    },
    {
      "yyyymm": "202402",
      "total_stock": 0.0
    },
    {
      "yyyymm": "202403",
      "total_stock": 0.0
    },
    {
      "yyyymm": "202404",
      "total_stock": 0.0
    },
    {
      "yyyymm": "202405",
      "total_stock": 0.0
    },
    {
      "yyyymm": "202406",
      "total_stock": 0.0
    },
    {
      "yyyymm": "202407",
      "total_stock": 0.0
    },
    {
      "yyyymm": "202408",
      "total_stock": 0.0
    },
    {
      "yyyymm": "202409",
      "total_stock": 0.0
    },
    {
      "yyyymm": "202410",
      "total_stock": 0.0
    },
    {
      "yyyymm": "202411",
      "total_stock": 0.0
    },
    {
      "yyyymm": "202501",
      "total_stock": 15528.04
    },
    {
      "yyyymm": "202502",
      "total_stock": 15816.07
    },
    {
      "yyyymm": "202503",
      "total_stock": 15258.1
    },
    {
      "yyyymm": "202504",
      "total_stock": 14665.61
    },
    {
      "yyyymm": "202505",
      "total_stock": 12936.39
    },
    {
      "yyyymm": "202506",
      "total_stock": 11638.95
    },
    {
      "yyyymm": "202507",
      "total_stock": 10419.24
    },
    {
      "yyyymm": "202508",
      "total_stock": 9647.91
    },
    {
      "yyyymm": "202509",
      "total_stock": 8454.01
    },
    {
      "yyyymm": "202510",
      "total_stock": 7381.31
    },
    {
      "yyyymm": "202511",
      "total_stock": 6507.5
    }
  ],
  "early_warning_items": [],
  "positive_signal_items": [],
  "insights": {
    "final_month_total": 6507.5,
    "decreasing_months_count": 9,
    "increasing_months_count": 2,
    "min_month": "202401",
    "min_stock": 0.0
  },
  "raw_data": {
    "sample_records": [
      {
        "YYYYMM": "202401",
        "ITEM_STD": "25S 의류",
        "CY_END_STOCK_TAG_AMT": 0.0,
        "PY_END_STOCK_TAG_AMT": 421783000.0,
        "YOY": 0.0
      },
      {
        "YYYYMM": "202401",
        "ITEM_STD": "가방",
        "CY_END_STOCK_TAG_AMT": 0.0,
        "PY_END_STOCK_TAG_AMT": 935010000.0,
        "YOY": 0.0
      },
      {
        "YYYYMM": "202401",
        "ITEM_STD": "과시즌 의류",
        "CY_END_STOCK_TAG_AMT": 0.0,
        "PY_END_STOCK_TAG_AMT": 6431260000.0,
        "YOY": 0.0
      },
      {
        "YYYYMM": "202401",
        "ITEM_STD": "기타ACC",
        "CY_END_STOCK_TAG_AMT": 0.0,
        "PY_END_STOCK_TAG_AMT": 152180200.0,
        "YOY": 0.0
      },
      {
        "YYYYMM": "202401",
        "ITEM_STD": "모자",
        "CY_END_STOCK_TAG_AMT": 0.0,
        "PY_END_STOCK_TAG_AMT": 951201000.0,
        "YOY": 0.0
      },
      {
        "YYYYMM": "202401",
        "ITEM_STD": "신발",
        "CY_END_STOCK_TAG_AMT": 0.0,
        "PY_END_STOCK_TAG_AMT": 2005576000.0,
        "YOY": 0.0
      },
      {
        "YYYYMM": "202402",
        "ITEM_STD": "25S 의류",
        "CY_END_STOCK_TAG_AMT": 0.0,
        "PY_END_STOCK_TAG_AMT": 1200849000.0,
        "YOY": 0.0
      },
      {
        "YYYYMM": "202402",
        "ITEM_STD": "가방",
        "CY_END_STOCK_TAG_AMT": 0.0,
        "PY_END_STOCK_TAG_AMT": 928105000.0,
        "YOY": 0.0
      },
      {
        "YYYYMM": "202402",
        "ITEM_STD": "과시즌 의류",
        "CY_END_STOCK_TAG_AMT": 0.0,
        "PY_END_STOCK_TAG_AMT": 6355309000.0,
        "YOY": 0.0
      },
      {
        "YYYYMM": "202402",
        "ITEM_STD": "기타ACC",
        "CY_END_STOCK_TAG_AMT": 0.0,
        "PY_END_STOCK_TAG_AMT": 151572300.0,
        "YOY": 0.0
      },
      {
        "YYYYMM": "202402",
        "ITEM_STD": "모자",
        "CY_END_STOCK_TAG_AMT": 0.0,
        "PY_END_STOCK_TAG_AMT": 1041057000.0,
        "YOY": 0.0
      },
      {
        "YYYYMM": "202402",
        "ITEM_STD": "신발",
        "CY_END_STOCK_TAG_AMT": 0.0,
        "PY_END_STOCK_TAG_AMT": 2265286000.0,
        "YOY": 0.0
      },
      {
        "YYYYMM": "202403",
        "ITEM_STD": "25F 의류",
        "CY_END_STOCK_TAG_AMT": 0.0,
        "PY_END_STOCK_TAG_AMT": 0.0,
        "YOY": 0.0
      },
      {
        "YYYYMM": "202403",
        "ITEM_STD": "25S 의류",
        "CY_END_STOCK_TAG_AMT": 0.0,
        "PY_END_STOCK_TAG_AMT": 2091451000.0,
        "YOY": 0.0
      },
      {
        "YYYYMM": "202403",
        "ITEM_STD": "가방",
        "CY_END_STOCK_TAG_AMT": 0.0,
        "PY_END_STOCK_TAG_AMT": 900714000.0,
        "YOY": 0.0
      },
      {
        "YYYYMM": "202403",
        "ITEM_STD": "과시즌 의류",
        "CY_END_STOCK_TAG_AMT": 0.0,
        "PY_END_STOCK_TAG_AMT": 6296715000.0,
        "YOY": 0.0
      },
      {
        "YYYYMM": "202403",
        "ITEM_STD": "기타ACC",
        "CY_END_STOCK_TAG_AMT": 0.0,
        "PY_END_STOCK_TAG_AMT": 103809300.0,
        "YOY": 0.0
      },
      {
        "YYYYMM": "202403",
        "ITEM_STD": "모자",
        "CY_END_STOCK_TAG_AMT": 0.0,
        "PY_END_STOCK_TAG_AMT": 1068025000.0,
        "YOY": 0.0
      },
      {
        "YYYYMM": "202403",
        "ITEM_STD": "신발",
        "CY_END_STOCK_TAG_AMT": 0.0,
        "PY_END_STOCK_TAG_AMT": 2262151000.0,
        "YOY": 0.0
      },
      {
        "YYYYMM": "202404",
        "ITEM_STD": "25F 의류",
        "CY_END_STOCK_TAG_AMT": 0.0,
        "PY_END_STOCK_TAG_AMT": 147245000.0,
        "YOY": 0.0
      },
      {
        "YYYYMM": "202404",
        "ITEM_STD": "25S 의류",
        "CY_END_STOCK_TAG_AMT": 0.0,
        "PY_END_STOCK_TAG_AMT": 2275130000.0,
        "YOY": 0.0
      },
      {
        "YYYYMM": "202404",
        "ITEM_STD": "가방",
        "CY_END_STOCK_TAG_AMT": 0.0,
        "PY_END_STOCK_TAG_AMT": 888392000.0,
        "YOY": 0.0
      },
      {
        "YYYYMM": "202404",
        "ITEM_STD": "과시즌 의류",
        "CY_END_STOCK_TAG_AMT": 0.0,
        "PY_END_STOCK_TAG_AMT": 6228480000.0,
        "YOY": 0.0
      },
      {
        "YYYYMM": "202404",
        "ITEM_STD": "기타ACC",
        "CY_END_STOCK_TAG_AMT": 0.0,
        "PY_END_STOCK_TAG_AMT": 102651000.0,
        "YOY": 0.0
      },
      {
        "YYYYMM": "202404",
        "ITEM_STD": "모자",
        "CY_END_STOCK_TAG_AMT": 0.0,
        "PY_END_STOCK_TAG_AMT": 1062532000.0,
        "YOY": 0.0
      },
      {
        "YYYYMM": "202404",
        "ITEM_STD": "신발",
        "CY_END_STOCK_TAG_AMT": 0.0,
        "PY_END_STOCK_TAG_AMT": 2024647000.0,
        "YOY": 0.0
      },
      {
        "YYYYMM": "202405",
        "ITEM_STD": "25F 의류",
        "CY_END_STOCK_TAG_AMT": 0.0,
        "PY_END_STOCK_TAG_AMT": 126665000.0,
        "YOY": 0.0
      },
      {
        "YYYYMM": "202405",
        "ITEM_STD": "25S 의류",
        "CY_END_STOCK_TAG_AMT": 0.0,
        "PY_END_STOCK_TAG_AMT": 2079439000.0,
        "YOY": 0.0
      },
      {
        "YYYYMM": "202405",
        "ITEM_STD": "가방",
        "CY_END_STOCK_TAG_AMT": 0.0,
        "PY_END_STOCK_TAG_AMT": 875842000.0,
        "YOY": 0.0
      },
      {
        "YYYYMM": "202405",
        "ITEM_STD": "과시즌 의류",
        "CY_END_STOCK_TAG_AMT": 0.0,
        "PY_END_STOCK_TAG_AMT": 6126767000.0,
        "YOY": 0.0
      },
      {
        "YYYYMM": "202405",
        "ITEM_STD": "기타ACC",
        "CY_END_STOCK_TAG_AMT": 0.0,
        "PY_END_STOCK_TAG_AMT": 99980700.0,
        "YOY": 0.0
      },
      {
        "YYYYMM": "202405",
        "ITEM_STD": "모자",
        "CY_END_STOCK_TAG_AMT": 0.0,
        "PY_END_STOCK_TAG_AMT": 1050019000.0,
        "YOY": 0.0
      },
      {
        "YYYYMM": "202405",
        "ITEM_STD": "신발",
        "CY_END_STOCK_TAG_AMT": 0.0,
        "PY_END_STOCK_TAG_AMT": 2266061000.0,
        "YOY": 0.0
      },
      {
        "YYYYMM": "202406",
        "ITEM_STD": "25F 의류",
        "CY_END_STOCK_TAG_AMT": 0.0,
        "PY_END_STOCK_TAG_AMT": 113190000.0,
        "YOY": 0.0
      },
      {
        "YYYYMM": "202406",
        "ITEM_STD": "25S 의류",
        "CY_END_STOCK_TAG_AMT": 0.0,
        "PY_END_STOCK_TAG_AMT": 1923745000.0,
        "YOY": 0.0
      },
      {
        "YYYYMM": "202406",
        "ITEM_STD": "가방",
        "CY_END_STOCK_TAG_AMT": 0.0,
        "PY_END_STOCK_TAG_AMT": 868242000.0,
        "YOY": 0.0
      },
      {
        "YYYYMM": "202406",
        "ITEM_STD": "과시즌 의류",
        "CY_END_STOCK_TAG_AMT": 0.0,
        "PY_END_STOCK_TAG_AMT": 6115985000.0,
        "YOY": 0.0
      },
      {
        "YYYYMM": "202406",
        "ITEM_STD": "기타ACC",
        "CY_END_STOCK_TAG_AMT": 0.0,
        "PY_END_STOCK_TAG_AMT": 98636500.0,
        "YOY": 0.0
      },
      {
        "YYYYMM": "202406",
        "ITEM_STD": "모자",
        "CY_END_STOCK_TAG_AMT": 0.0,
        "PY_END_STOCK_TAG_AMT": 1034842000.0,
        "YOY": 0.0
      },
      {
        "YYYYMM": "202406",
        "ITEM_STD": "신발",
        "CY_END_STOCK_TAG_AMT": 0.0,
        "PY_END_STOCK_TAG_AMT": 2305217000.0,
        "YOY": 0.0
      },
      {
        "YYYYMM": "202407",
        "ITEM_STD": "25F 의류",
        "CY_END_STOCK_TAG_AMT": 0.0,
        "PY_END_STOCK_TAG_AMT": 942916000.0,
        "YOY": 0.0
      },
      {
        "YYYYMM": "202407",
        "ITEM_STD": "25S 의류",
        "CY_END_STOCK_TAG_AMT": 0.0,
        "PY_END_STOCK_TAG_AMT": 1813282000.0,
        "YOY": 0.0
      },
      {
        "YYYYMM": "202407",
        "ITEM_STD": "가방",
        "CY_END_STOCK_TAG_AMT": 0.0,
        "PY_END_STOCK_TAG_AMT": 926527000.0,
        "YOY": 0.0
      },
      {
        "YYYYMM": "202407",
        "ITEM_STD": "과시즌 의류",
        "CY_END_STOCK_TAG_AMT": 0.0,
        "PY_END_STOCK_TAG_AMT": 6102687000.0,
        "YOY": 0.0
      },
      {
        "YYYYMM": "202407",
        "ITEM_STD": "기타ACC",
        "CY_END_STOCK_TAG_AMT": 0.0,
        "PY_END_STOCK_TAG_AMT": 106569900.0,
        "YOY": 0.0
      },
      {
        "YYYYMM": "202407",
        "ITEM_STD": "모자",
        "CY_END_STOCK_TAG_AMT": 0.0,
        "PY_END_STOCK_TAG_AMT": 1129131000.0,
        "YOY": 0.0
      },
      {
        "YYYYMM": "202407",
        "ITEM_STD": "신발",
        "CY_END_STOCK_TAG_AMT": 0.0,
        "PY_END_STOCK_TAG_AMT": 2386747000.0,
        "YOY": 0.0
      },
      {
        "YYYYMM": "202408",
        "ITEM_STD": "25F 의류",
        "CY_END_STOCK_TAG_AMT": 0.0,
        "PY_END_STOCK_TAG_AMT": 2126278000.0,
        "YOY": 0.0
      },
      {
        "YYYYMM": "202408",
        "ITEM_STD": "25S 의류",
        "CY_END_STOCK_TAG_AMT": 0.0,
        "PY_END_STOCK_TAG_AMT": 1727960000.0,
        "YOY": 0.0
      },
      {
        "YYYYMM": "202408",
        "ITEM_STD": "가방",
        "CY_END_STOCK_TAG_AMT": 0.0,
        "PY_END_STOCK_TAG_AMT": 913038000.0,
        "YOY": 0.0
      },
      {
        "YYYYMM": "202408",
        "ITEM_STD": "과시즌 의류",
        "CY_END_STOCK_TAG_AMT": 0.0,
        "PY_END_STOCK_TAG_AMT": 6082220000.0,
        "YOY": 0.0
      },
      {
        "YYYYMM": "202408",
        "ITEM_STD": "기타ACC",
        "CY_END_STOCK_TAG_AMT": 0.0,
        "PY_END_STOCK_TAG_AMT": 105074500.0,
        "YOY": 0.0
      },
      {
        "YYYYMM": "202408",
        "ITEM_STD": "모자",
        "CY_END_STOCK_TAG_AMT": 0.0,
        "PY_END_STOCK_TAG_AMT": 1118156000.0,
        "YOY": 0.0
      },
      {
        "YYYYMM": "202408",
        "ITEM_STD": "신발",
        "CY_END_STOCK_TAG_AMT": 0.0,
        "PY_END_STOCK_TAG_AMT": 2303291000.0,
        "YOY": 0.0
      },
      {
        "YYYYMM": "202408",
        "ITEM_STD": "차기시즌 의류",
        "CY_END_STOCK_TAG_AMT": 0.0,
        "PY_END_STOCK_TAG_AMT": 0.0,
        "YOY": 0.0
      },
      {
        "YYYYMM": "202409",
        "ITEM_STD": "25F 의류",
        "CY_END_STOCK_TAG_AMT": 0.0,
        "PY_END_STOCK_TAG_AMT": 3117332000.0,
        "YOY": 0.0
      },
      {
        "YYYYMM": "202409",
        "ITEM_STD": "25S 의류",
        "CY_END_STOCK_TAG_AMT": 0.0,
        "PY_END_STOCK_TAG_AMT": 1673198000.0,
        "YOY": 0.0
      },
      {
        "YYYYMM": "202409",
        "ITEM_STD": "가방",
        "CY_END_STOCK_TAG_AMT": 0.0,
        "PY_END_STOCK_TAG_AMT": 962543000.0,
        "YOY": 0.0
      },
      {
        "YYYYMM": "202409",
        "ITEM_STD": "과시즌 의류",
        "CY_END_STOCK_TAG_AMT": 0.0,
        "PY_END_STOCK_TAG_AMT": 6026052000.0,
        "YOY": 0.0
      },
      {
        "YYYYMM": "202409",
        "ITEM_STD": "기타ACC",
        "CY_END_STOCK_TAG_AMT": 0.0,
        "PY_END_STOCK_TAG_AMT": 35062400.0,
        "YOY": 0.0
      },
      {
        "YYYYMM": "202409",
        "ITEM_STD": "모자",
        "CY_END_STOCK_TAG_AMT": 0.0,
        "PY_END_STOCK_TAG_AMT": 1126348000.0,
        "YOY": 0.0
      },
      {
        "YYYYMM": "202409",
        "ITEM_STD": "신발",
        "CY_END_STOCK_TAG_AMT": 0.0,
        "PY_END_STOCK_TAG_AMT": 2211667000.0,
        "YOY": 0.0
      },
      {
        "YYYYMM": "202409",
        "ITEM_STD": "차기시즌 의류",
        "CY_END_STOCK_TAG_AMT": 0.0,
        "PY_END_STOCK_TAG_AMT": 0.0,
        "YOY": 0.0
      },
      {
        "YYYYMM": "202410",
        "ITEM_STD": "25F 의류",
        "CY_END_STOCK_TAG_AMT": 0.0,
        "PY_END_STOCK_TAG_AMT": 3001928000.0,
        "YOY": 0.0
      },
      {
        "YYYYMM": "202410",
        "ITEM_STD": "25S 의류",
        "CY_END_STOCK_TAG_AMT": 0.0,
        "PY_END_STOCK_TAG_AMT": 1617272000.0,
        "YOY": 0.0
      },
      {
        "YYYYMM": "202410",
        "ITEM_STD": "가방",
        "CY_END_STOCK_TAG_AMT": 0.0,
        "PY_END_STOCK_TAG_AMT": 967427000.0,
        "YOY": 0.0
      },
      {
        "YYYYMM": "202410",
        "ITEM_STD": "과시즌 의류",
        "CY_END_STOCK_TAG_AMT": 0.0,
        "PY_END_STOCK_TAG_AMT": 5980927000.0,
        "YOY": 0.0
      },
      {
        "YYYYMM": "202410",
        "ITEM_STD": "기타ACC",
        "CY_END_STOCK_TAG_AMT": 0.0,
        "PY_END_STOCK_TAG_AMT": 33357400.0,
        "YOY": 0.0
      },
      {
        "YYYYMM": "202410",
        "ITEM_STD": "모자",
        "CY_END_STOCK_TAG_AMT": 0.0,
        "PY_END_STOCK_TAG_AMT": 1170332000.0,
        "YOY": 0.0
      },
      {
        "YYYYMM": "202410",
        "ITEM_STD": "신발",
        "CY_END_STOCK_TAG_AMT": 0.0,
        "PY_END_STOCK_TAG_AMT": 2399389000.0,
        "YOY": 0.0
      },
      {
        "YYYYMM": "202410",
        "ITEM_STD": "차기시즌 의류",
        "CY_END_STOCK_TAG_AMT": 0.0,
        "PY_END_STOCK_TAG_AMT": 96031000.0,
        "YOY": 0.0
      },
      {
        "YYYYMM": "202411",
        "ITEM_STD": "25F 의류",
        "CY_END_STOCK_TAG_AMT": 0.0,
        "PY_END_STOCK_TAG_AMT": 2757353000.0,
        "YOY": 0.0
      },
      {
        "YYYYMM": "202411",
        "ITEM_STD": "25S 의류",
        "CY_END_STOCK_TAG_AMT": 0.0,
        "PY_END_STOCK_TAG_AMT": 1580726000.0,
        "YOY": 0.0
      },
      {
        "YYYYMM": "202411",
        "ITEM_STD": "가방",
        "CY_END_STOCK_TAG_AMT": 0.0,
        "PY_END_STOCK_TAG_AMT": 1049650000.0,
        "YOY": 0.0
      },
      {
        "YYYYMM": "202411",
        "ITEM_STD": "과시즌 의류",
        "CY_END_STOCK_TAG_AMT": 0.0,
        "PY_END_STOCK_TAG_AMT": 5783298000.0,
        "YOY": 0.0
      },
      {
        "YYYYMM": "202411",
        "ITEM_STD": "기타ACC",
        "CY_END_STOCK_TAG_AMT": 0.0,
        "PY_END_STOCK_TAG_AMT": 40816400.0,
        "YOY": 0.0
      },
      {
        "YYYYMM": "202411",
        "ITEM_STD": "모자",
        "CY_END_STOCK_TAG_AMT": 0.0,
        "PY_END_STOCK_TAG_AMT": 1126510000.0,
        "YOY": 0.0
      },
      {
        "YYYYMM": "202411",
        "ITEM_STD": "신발",
        "CY_END_STOCK_TAG_AMT": 0.0,
        "PY_END_STOCK_TAG_AMT": 2426607000.0,
        "YOY": 0.0
      },
      {
        "YYYYMM": "202411",
        "ITEM_STD": "차기시즌 의류",
        "CY_END_STOCK_TAG_AMT": 0.0,
        "PY_END_STOCK_TAG_AMT": 233703000.0,
        "YOY": 0.0
      },
      {
        "YYYYMM": "202501",
        "ITEM_STD": "25S 의류",
        "CY_END_STOCK_TAG_AMT": 1877921000.0,
        "PY_END_STOCK_TAG_AMT": 0.0,
        "YOY": 0.0
      },
      {
        "YYYYMM": "202501",
        "ITEM_STD": "가방",
        "CY_END_STOCK_TAG_AMT": 1034588000.0,
        "PY_END_STOCK_TAG_AMT": 0.0,
        "YOY": 0.0
      },
      {
        "YYYYMM": "202501",
        "ITEM_STD": "과시즌 의류",
        "CY_END_STOCK_TAG_AMT": 9279152000.0,
        "PY_END_STOCK_TAG_AMT": 0.0,
        "YOY": 0.0
      },
      {
        "YYYYMM": "202501",
        "ITEM_STD": "기타ACC",
        "CY_END_STOCK_TAG_AMT": 35456800.0,
        "PY_END_STOCK_TAG_AMT": 0.0,
        "YOY": 0.0
      },
      {
        "YYYYMM": "202501",
        "ITEM_STD": "모자",
        "CY_END_STOCK_TAG_AMT": 1093241000.0,
        "PY_END_STOCK_TAG_AMT": 0.0,
        "YOY": 0.0
      },
      {
        "YYYYMM": "202501",
        "ITEM_STD": "신발",
        "CY_END_STOCK_TAG_AMT": 2207681000.0,
        "PY_END_STOCK_TAG_AMT": 0.0,
        "YOY": 0.0
      },
      {
        "YYYYMM": "202502",
        "ITEM_STD": "25F 의류",
        "CY_END_STOCK_TAG_AMT": 0.0,
        "PY_END_STOCK_TAG_AMT": 0.0,
        "YOY": 0.0
      },
      {
        "YYYYMM": "202502",
        "ITEM_STD": "25S 의류",
        "CY_END_STOCK_TAG_AMT": 2580530000.0,
        "PY_END_STOCK_TAG_AMT": 0.0,
        "YOY": 0.0
      },
      {
        "YYYYMM": "202502",
        "ITEM_STD": "가방",
        "CY_END_STOCK_TAG_AMT": 1013600000.0,
        "PY_END_STOCK_TAG_AMT": 0.0,
        "YOY": 0.0
      },
      {
        "YYYYMM": "202502",
        "ITEM_STD": "과시즌 의류",
        "CY_END_STOCK_TAG_AMT": 8995339000.0,
        "PY_END_STOCK_TAG_AMT": 0.0,
        "YOY": 0.0
      },
      {
        "YYYYMM": "202502",
        "ITEM_STD": "기타ACC",
        "CY_END_STOCK_TAG_AMT": 34741800.0,
        "PY_END_STOCK_TAG_AMT": 0.0,
        "YOY": 0.0
      },
      {
        "YYYYMM": "202502",
        "ITEM_STD": "모자",
        "CY_END_STOCK_TAG_AMT": 1085494000.0,
        "PY_END_STOCK_TAG_AMT": 0.0,
        "YOY": 0.0
      },
      {
        "YYYYMM": "202502",
        "ITEM_STD": "신발",
        "CY_END_STOCK_TAG_AMT": 2106361000.0,
        "PY_END_STOCK_TAG_AMT": 0.0,
        "YOY": 0.0
      },
      {
        "YYYYMM": "202503",
        "ITEM_STD": "25F 의류",
        "CY_END_STOCK_TAG_AMT": 27651000.0,
        "PY_END_STOCK_TAG_AMT": 0.0,
        "YOY": 0.0
      },
      {
        "YYYYMM": "202503",
        "ITEM_STD": "25S 의류",
        "CY_END_STOCK_TAG_AMT": 2522878000.0,
        "PY_END_STOCK_TAG_AMT": 0.0,
        "YOY": 0.0
      },
      {
        "YYYYMM": "202503",
        "ITEM_STD": "가방",
        "CY_END_STOCK_TAG_AMT": 982887000.0,
        "PY_END_STOCK_TAG_AMT": 0.0,
        "YOY": 0.0
      },
      {
        "YYYYMM": "202503",
        "ITEM_STD": "과시즌 의류",
        "CY_END_STOCK_TAG_AMT": 8673674000.0,
        "PY_END_STOCK_TAG_AMT": 0.0,
        "YOY": 0.0
      },
      {
        "YYYYMM": "202503",
        "ITEM_STD": "기타ACC",
        "CY_END_STOCK_TAG_AMT": 33213800.0,
        "PY_END_STOCK_TAG_AMT": 0.0,
        "YOY": 0.0
      },
      {
        "YYYYMM": "202503",
        "ITEM_STD": "모자",
        "CY_END_STOCK_TAG_AMT": 1067900000.0,
        "PY_END_STOCK_TAG_AMT": 0.0,
        "YOY": 0.0
      },
      {
        "YYYYMM": "202503",
        "ITEM_STD": "신발",
        "CY_END_STOCK_TAG_AMT": 1949895000.0,
        "PY_END_STOCK_TAG_AMT": 0.0,
        "YOY": 0.0
      },
      {
        "YYYYMM": "202504",
        "ITEM_STD": "25F 의류",
        "CY_END_STOCK_TAG_AMT": 24218000.0,
        "PY_END_STOCK_TAG_AMT": 0.0,
        "YOY": 0.0
      }
    ],
    "total_records_count": 155
  }
}