{
  "country": "KR",
  "brand_cd": "V",
  "yyyymm": "202511",
  "key": "영업비",
  "sub_key": "공통비",
  "analysis_data": {
    "title": "공통비 분석",
    "sections": [
      {
        "div": "종합분석-1",
        "sub_title": "투자 방향성 종합 평가",
        "ai_text": "DUVETICA 브랜드의 공통비는 2024년 11월 53백만원에서 2025년 11월 94백만원으로 79.3% 급증하며 조직 확장과 운영 강화에 집중 투자하는 전략적 방향성을 보입니다. 특히 공통 인건비가 48백만원에서 82백만원으로 73.0% 증가하여 조직 역량 강화에 우선순위를 두고 있으며, 공통비 배부 또한 5백만원에서 12백만원으로 138.6% 증가하여 인프라 투자를 확대하고 있습니다. 이는 브랜드 성장 기반 구축을 위한 선제적 투자로 해석됩니다."
      },
      {
        "div": "종합분석-2",
        "sub_title": "효율적 투자 영역",
        "ai_text": "• 공통 인건비 전략적 확대: 48백만원→82백만원(+35백만원)으로 핵심 인력 충원 및 조직 역량 강화를 통한 브랜드 운영 기반 확충\n• 공통비 배부 체계화: 5백만원→12백만원(+7백만원)으로 시스템 인프라 및 공용 자원 투자 확대를 통한 운영 효율성 제고\n• 균형적 투자 구조: 인건비와 배부비가 모두 증가하여 조직 확장과 인프라 강화를 동시에 추진하는 체계적 접근"
      },
      {
        "div": "종합분석-3",
        "sub_title": "주의 필요 영역",
        "ai_text": "• 공통비 급격한 증가율: 전년대비 79.3% 증가로 매출 성장률 대비 과도한 고정비 증가 가능성 검토 필요\n• 인건비 부담 확대: 공통 인건비가 전체 공통비의 87.2%를 차지하여 고정비 구조의 경직성 심화 우려\n• 투자 수익률 모니터링: 대폭 증가한 공통비 투자 대비 브랜드 성과 창출 효과 측정 체계 필요"
      },
      {
        "div": "종합분석-4",
        "sub_title": "이상징후 및 리스크 감지",
        "ai_text": "• 공통비 구조의 불균형: 공통 인건비가 전체의 87.2%를 차지하여 과도한 인건비 집중으로 인한 운영 유연성 저하 리스크 존재\n• 급격한 비용 증가: 두 계정 모두 70% 이상의 높은 증가율을 보여 비용 통제 관리 체계 점검 필요\n• 매출 연동성 부족: 고정비 성격의 공통비 급증으로 매출 변동 시 수익성 악화 가능성 증대\n• 예산 계획 검증: 전년 대비 2배 가까운 증가가 전략적 계획에 따른 것인지 예산 통제 시스템 점검 필요"
      },
      {
        "div": "종합분석-5",
        "sub_title": "마케팅 전략 최적화 방안",
        "ai_text": "### 즉시 실행 방안\n1. 공통비 ROI 측정 체계 구축: 증가한 인건비와 배부비 대비 브랜드 성과 지표 연동 모니터링 시스템 도입\n2. 인건비 효율성 점검: 신규 인력의 역할과 성과 기여도 평가를 통한 조직 운영 최적화\n3. 비용 구조 재검토: 공통비 배부 기준과 항목별 필요성 재평가를 통한 예산 효율화\n\n### 중장기 전략 방향\n1. 변동비 비중 확대: 고정비 중심 구조에서 성과 연동형 변동비 비중을 높여 운영 유연성 제고\n2. 공통비 최적 비중 설정: 브랜드 매출 규모 대비 적정 공통비 비율 기준 수립 및 관리\n3. 조직 확장성 계획: 단계별 인력 증원 계획과 성과 목표 연동을 통한 체계적 조직 성장 전략 수립"
      }
    ]
  },
  "ctgr1": "공통비",
  "summary": {
    "prev_year_total": 52.68,
    "curr_year_total": 94.43,
    "change_amount": 41.76,
    "change_pct": 79.3,
    "investment_direction": "증가"
  },
  "categories": [
    {
      "ctgr2": "공통비",
      "ctgr3": "공통비 배부",
      "gl_nm": null,
      "prev_year": 5.07,
      "curr_year": 12.1,
      "change": 7.03,
      "change_pct": 138.6,
      "is_new": false,
      "is_discontinued": false
    },
    {
      "ctgr2": "공통비",
      "ctgr3": "공통 인건비",
      "gl_nm": null,
      "prev_year": 47.61,
      "curr_year": 82.33,
      "change": 34.73,
      "change_pct": 72.9,
      "is_new": false,
      "is_discontinued": false
    }
  ],
  "category_summary": {
    "increased": [
      {
        "ctgr2": "공통비",
        "ctgr3": "공통비 배부",
        "gl_nm": null,
        "prev_year": 5.07,
        "curr_year": 12.1,
        "change": 7.03,
        "change_pct": 138.6,
        "is_new": false,
        "is_discontinued": false
      },
      {
        "ctgr2": "공통비",
        "ctgr3": "공통 인건비",
        "gl_nm": null,
        "prev_year": 47.61,
        "curr_year": 82.33,
        "change": 34.73,
        "change_pct": 72.9,
        "is_new": false,
        "is_discontinued": false
      }
    ],
    "decreased": [],
    "new_investments": [],
    "discontinued": []
  },
  "raw_data": {
    "total_records": [
      {
        "PST_YYYYMM": "202411",
        "TOTAL_AMT": 52676818.0
      },
      {
        "PST_YYYYMM": "202511",
        "TOTAL_AMT": 94434107.0
      }
    ],
    "detail_records": [
      {
        "PST_YYYYMM": "202511",
        "BRD_CD": "V",
        "BRD_NM": "DUVETICA",
        "CTGR1": "공통비",
        "CTGR2": "공통비",
        "CTGR3": "공통 인건비",
        "GL_NM": null,
        "TTL_USE_AMT": 82333179.0
      },
      {
        "PST_YYYYMM": "202411",
        "BRD_CD": "V",
        "BRD_NM": "DUVETICA",
        "CTGR1": "공통비",
        "CTGR2": "공통비",
        "CTGR3": "공통 인건비",
        "GL_NM": null,
        "TTL_USE_AMT": 47605962.0
      },
      {
        "PST_YYYYMM": "202511",
        "BRD_CD": "V",
        "BRD_NM": "DUVETICA",
        "CTGR1": "공통비",
        "CTGR2": "공통비",
        "CTGR3": "공통비 배부",
        "GL_NM": null,
        "TTL_USE_AMT": 12100928.0
      },
      {
        "PST_YYYYMM": "202411",
        "BRD_CD": "V",
        "BRD_NM": "DUVETICA",
        "CTGR1": "공통비",
        "CTGR2": "공통비",
        "CTGR3": "공통비 배부",
        "GL_NM": null,
        "TTL_USE_AMT": 5070856.0
      }
    ]
  },
  "trend_data": {
    "trend_months": [
      "202412",
      "202501",
      "202502",
      "202503",
      "202504",
      "202505",
      "202506",
      "202507",
      "202508",
      "202509",
      "202510",
      "202511"
    ],
    "monthly_totals": [
      {
        "yyyymm": "202412",
        "total_amount": 49.58
      },
      {
        "yyyymm": "202501",
        "total_amount": 96.98
      },
      {
        "yyyymm": "202502",
        "total_amount": 102.4
      },
      {
        "yyyymm": "202503",
        "total_amount": 105.38
      },
      {
        "yyyymm": "202504",
        "total_amount": 104.9
      },
      {
        "yyyymm": "202505",
        "total_amount": 87.09
      },
      {
        "yyyymm": "202506",
        "total_amount": 67.7
      },
      {
        "yyyymm": "202507",
        "total_amount": 67.54
      },
      {
        "yyyymm": "202508",
        "total_amount": 64.06
      },
      {
        "yyyymm": "202509",
        "total_amount": 90.84
      },
      {
        "yyyymm": "202510",
        "total_amount": 125.86
      },
      {
        "yyyymm": "202511",
        "total_amount": 94.43
      }
    ],
    "monthly_details": [
      {
        "yyyymm": "202412",
        "ctgr2": "공통비",
        "ctgr3": "공통 인건비",
        "gl_nm": null,
        "amount": 45.21
      },
      {
        "yyyymm": "202412",
        "ctgr2": "공통비",
        "ctgr3": "공통비 배부",
        "gl_nm": null,
        "amount": 4.38
      },
      {
        "yyyymm": "202501",
        "ctgr2": "공통비",
        "ctgr3": "공통 인건비",
        "gl_nm": null,
        "amount": 89.4
      },
      {
        "yyyymm": "202501",
        "ctgr2": "공통비",
        "ctgr3": "공통비 배부",
        "gl_nm": null,
        "amount": 7.58
      },
      {
        "yyyymm": "202502",
        "ctgr2": "공통비",
        "ctgr3": "공통 인건비",
        "gl_nm": null,
        "amount": 89.75
      },
      {
        "yyyymm": "202502",
        "ctgr2": "공통비",
        "ctgr3": "공통비 배부",
        "gl_nm": null,
        "amount": 12.65
      },
      {
        "yyyymm": "202503",
        "ctgr2": "공통비",
        "ctgr3": "공통 인건비",
        "gl_nm": null,
        "amount": 90.3
      },
      {
        "yyyymm": "202503",
        "ctgr2": "공통비",
        "ctgr3": "공통비 배부",
        "gl_nm": null,
        "amount": 15.08
      },
      {
        "yyyymm": "202504",
        "ctgr2": "공통비",
        "ctgr3": "공통 인건비",
        "gl_nm": null,
        "amount": 95.37
      },
      {
        "yyyymm": "202504",
        "ctgr2": "공통비",
        "ctgr3": "공통비 배부",
        "gl_nm": null,
        "amount": 9.53
      },
      {
        "yyyymm": "202505",
        "ctgr2": "공통비",
        "ctgr3": "공통 인건비",
        "gl_nm": null,
        "amount": 71.33
      },
      {
        "yyyymm": "202505",
        "ctgr2": "공통비",
        "ctgr3": "공통비 배부",
        "gl_nm": null,
        "amount": 15.76
      },
      {
        "yyyymm": "202506",
        "ctgr2": "공통비",
        "ctgr3": "공통 인건비",
        "gl_nm": null,
        "amount": 58.74
      },
      {
        "yyyymm": "202506",
        "ctgr2": "공통비",
        "ctgr3": "공통비 배부",
        "gl_nm": null,
        "amount": 8.95
      },
      {
        "yyyymm": "202507",
        "ctgr2": "공통비",
        "ctgr3": "공통 인건비",
        "gl_nm": null,
        "amount": 56.82
      },
      {
        "yyyymm": "202507",
        "ctgr2": "공통비",
        "ctgr3": "공통비 배부",
        "gl_nm": null,
        "amount": 10.72
      },
      {
        "yyyymm": "202508",
        "ctgr2": "공통비",
        "ctgr3": "공통 인건비",
        "gl_nm": null,
        "amount": 54.69
      },
      {
        "yyyymm": "202508",
        "ctgr2": "공통비",
        "ctgr3": "공통비 배부",
        "gl_nm": null,
        "amount": 9.37
      },
      {
        "yyyymm": "202509",
        "ctgr2": "공통비",
        "ctgr3": "공통 인건비",
        "gl_nm": null,
        "amount": 75.46
      },
      {
        "yyyymm": "202509",
        "ctgr2": "공통비",
        "ctgr3": "공통비 배부",
        "gl_nm": null,
        "amount": 15.39
      },
      {
        "yyyymm": "202510",
        "ctgr2": "공통비",
        "ctgr3": "공통 인건비",
        "gl_nm": null,
        "amount": 101.94
      },
      {
        "yyyymm": "202510",
        "ctgr2": "공통비",
        "ctgr3": "공통비 배부",
        "gl_nm": null,
        "amount": 23.92
      },
      {
        "yyyymm": "202511",
        "ctgr2": "공통비",
        "ctgr3": "공통 인건비",
        "gl_nm": null,
        "amount": 82.33
      },
      {
        "yyyymm": "202511",
        "ctgr2": "공통비",
        "ctgr3": "공통비 배부",
        "gl_nm": null,
        "amount": 12.1
      }
    ]
  }
}