{
  "country": "KR",
  "brand_cd": "W",
  "yyyymm": "202511",
  "key": "영업비",
  "sub_key": "샘플대_제작_구입_",
  "analysis_data": {
    "title": "샘플대(제작/구입) 분석",
    "sections": [
      {
        "div": "종합분석-1",
        "sub_title": "투자 방향성 종합 평가",
        "ai_text": "SUPRA 브랜드 샘플대(제작/구입) 투자가 2024년 11월 1,127백만원에서 2025년 11월 0백만원으로 100% 전액 중단되었습니다. 이는 단순한 예산 축소가 아닌 샘플 기반 마케팅 전략의 완전한 방향 전환을 의미합니다. 기존 샘플구입대(국내) 726백만원과 소모품비 401백만원 투입이 전면 중단되어 전통적인 샘플 배포 마케팅에서 탈피한 것으로 판단됩니다. 이러한 급진적 변화는 디지털 마케팅 전환 또는 브랜드 전략 재편의 신호로 해석됩니다."
      },
      {
        "div": "종합분석-2",
        "sub_title": "효율적 투자 영역",
        "ai_text": "• 예산 효율성 극대화: 1,127백만원의 샘플대 투입 중단으로 ROI 측정이 어려웠던 전통적 샘플 마케팅 비용을 완전히 절감\n• 디지털 전환 기반 마련: 물리적 샘플 제작/구입 비용 절약으로 디지털 마케팅 예산 재배분 여력 확보\n• 운영비용 최적화: 소모품비 401백만원 절감으로 마케팅 운영 효율성 개선\n• 전략적 자원 재배치: 샘플 기반에서 체험형 또는 디지털 마케팅으로의 전략 전환 가능성 확보"
      },
      {
        "div": "종합분석-3",
        "sub_title": "주의 필요 영역",
        "ai_text": "• 고객 체험 기회 상실: 샘플구입대 726백만원 중단으로 제품 직접 체험을 통한 구매 전환 기회 완전 소실\n• 브랜드 노출도 급감: 물리적 샘플 배포 중단으로 오프라인 브랜드 인지도 및 접점 감소 우려\n• 경쟁사 대비 열세: 타 브랜드가 샘플 마케팅을 지속할 경우 상대적 마케팅 활동 공백 발생\n• 고객 데이터 수집 한계: 샘플 신청/배포 과정에서 확보되던 잠재고객 정보 수집 채널 상실\n• 신제품 런칭 제약: 샘플을 통한 신제품 테스트 마케팅 기회 부재로 시장 반응 사전 파악 어려움"
      },
      {
        "div": "종합분석-4",
        "sub_title": "이상징후 및 리스크 감지",
        "ai_text": "• 급진적 전략 변화: 1,127백만원 전액 중단은 점진적 조정이 아닌 극단적 의사결정으로, 내부 전략 갈등이나 예산 압박 상황을 시사합니다\n• 마케팅 연속성 단절: 기존 샘플 기반 고객 관계 유지 채널이 완전 차단되어 브랜드 충성도 관리에 공백 발생\n• 의사결정 근거 불분명: 샘플 마케팅 효과 분석 없이 전면 중단된 것으로 보여 데이터 기반 의사결정 프로세스 미흡 우려\n• 시장 대응력 저하: 경쟁사 샘플 공세나 시장 변화에 대한 즉시 대응 수단 상실로 마케팅 민첩성 제약\n• 예산 재배분 불투명: 절약된 1,127백만원의 대체 투자처가 명확하지 않아 예산 효율성 검증 필요"
      },
      {
        "div": "종합분석-5",
        "sub_title": "마케팅 전략 최적화 방안",
        "ai_text": "### 즉시 실행 방안\n1. 대체 체험 마케팅 구축: 절약된 예산의 30%(338백만원)를 활용해 팝업스토어, 체험존 운영으로 샘플 효과 대체\n2. 디지털 샘플링 도입: VR/AR 기술 활용한 가상 체험 서비스 개발로 물리적 샘플 한계 극복\n3. 인플루언서 협업 강화: 기존 샘플구입대 예산을 마이크로 인플루언서 제품 체험 콘텐츠 제작으로 전환\n\n### 중장기 전략 방향\n1. 하이브리드 샘플링 전략: 핵심 제품군은 선택적 샘플링 유지, 일반 제품은 디지털 체험으로 이원화\n2. 데이터 기반 효과 측정: 샘플 마케팅 ROI 추적 시스템 구축 후 단계적 재투입 검토\n3. 고객 여정 재설계: 샘플 없는 구매 전환 경로 최적화를 위한 옴니채널 전략 수립\n4. 예산 배분 모델 혁신: 절약 예산을 퍼포먼스 마케팅과 브랜드 마케팅에 7:3 비율로 재투입하여 측정 가능한 성과 창출"
      }
    ]
  },
  "ctgr1": "샘플대(제작/구입)",
  "summary": {
    "prev_year_total": 1.13,
    "curr_year_total": 0.0,
    "change_amount": -1.13,
    "change_pct": -100.0,
    "investment_direction": "축소"
  },
  "categories": [
    {
      "ctgr2": "샘플대(제작/구입)",
      "ctgr3": "소모품비_샘플대",
      "gl_nm": "소모품비_샘플대",
      "prev_year": 0.4,
      "curr_year": 0.0,
      "change": -0.4,
      "change_pct": -100.0,
      "is_new": false,
      "is_discontinued": true
    },
    {
      "ctgr2": "샘플대(제작/구입)",
      "ctgr3": "소모품비_샘플대",
      "gl_nm": "소모품비_샘플대_재고대체",
      "prev_year": 0.0,
      "curr_year": 0.0,
      "change": 0.0,
      "change_pct": 0,
      "is_new": false,
      "is_discontinued": false
    },
    {
      "ctgr2": "샘플대(제작/구입)",
      "ctgr3": "샘플구입대",
      "gl_nm": "샘플구입대_해외",
      "prev_year": 0.0,
      "curr_year": 0.0,
      "change": 0.0,
      "change_pct": 0,
      "is_new": false,
      "is_discontinued": false
    },
    {
      "ctgr2": "샘플대(제작/구입)",
      "ctgr3": "샘플구입대",
      "gl_nm": "샘플구입대_국내",
      "prev_year": 0.73,
      "curr_year": 0.0,
      "change": -0.73,
      "change_pct": -100.0,
      "is_new": false,
      "is_discontinued": true
    }
  ],
  "category_summary": {
    "increased": [],
    "decreased": [
      {
        "ctgr2": "샘플대(제작/구입)",
        "ctgr3": "소모품비_샘플대",
        "gl_nm": "소모품비_샘플대",
        "prev_year": 0.4,
        "curr_year": 0.0,
        "change": -0.4,
        "change_pct": -100.0,
        "is_new": false,
        "is_discontinued": true
      },
      {
        "ctgr2": "샘플대(제작/구입)",
        "ctgr3": "샘플구입대",
        "gl_nm": "샘플구입대_국내",
        "prev_year": 0.73,
        "curr_year": 0.0,
        "change": -0.73,
        "change_pct": -100.0,
        "is_new": false,
        "is_discontinued": true
      }
    ],
    "new_investments": [],
    "discontinued": [
      {
        "ctgr2": "샘플대(제작/구입)",
        "ctgr3": "소모품비_샘플대",
        "gl_nm": "소모품비_샘플대",
        "prev_year": 0.4,
        "curr_year": 0.0,
        "change": -0.4,
        "change_pct": -100.0,
        "is_new": false,
        "is_discontinued": true
      },
      {
        "ctgr2": "샘플대(제작/구입)",
        "ctgr3": "샘플구입대",
        "gl_nm": "샘플구입대_국내",
        "prev_year": 0.73,
        "curr_year": 0.0,
        "change": -0.73,
        "change_pct": -100.0,
        "is_new": false,
        "is_discontinued": true
      }
    ]
  },
  "raw_data": {
    "total_records": [
      {
        "PST_YYYYMM": "202411",
        "TOTAL_AMT": 1127179.0
      },
      {
        "PST_YYYYMM": "202511",
        "TOTAL_AMT": 0.0
      }
    ],
    "detail_records": [
      {
        "PST_YYYYMM": "202411",
        "BRD_CD": "W",
        "BRD_NM": "SUPRA",
        "CTGR1": "샘플대(제작/구입)",
        "CTGR2": "샘플대(제작/구입)",
        "CTGR3": "샘플구입대",
        "GL_NM": "샘플구입대_국내",
        "TTL_USE_AMT": 725927.0
      },
      {
        "PST_YYYYMM": "202411",
        "BRD_CD": "W",
        "BRD_NM": "SUPRA",
        "CTGR1": "샘플대(제작/구입)",
        "CTGR2": "샘플대(제작/구입)",
        "CTGR3": "소모품비_샘플대",
        "GL_NM": "소모품비_샘플대",
        "TTL_USE_AMT": 401252.0
      },
      {
        "PST_YYYYMM": "202511",
        "BRD_CD": "W",
        "BRD_NM": "SUPRA",
        "CTGR1": "샘플대(제작/구입)",
        "CTGR2": "샘플대(제작/구입)",
        "CTGR3": "샘플구입대",
        "GL_NM": "샘플구입대_국내",
        "TTL_USE_AMT": 0.0
      },
      {
        "PST_YYYYMM": "202511",
        "BRD_CD": "W",
        "BRD_NM": "SUPRA",
        "CTGR1": "샘플대(제작/구입)",
        "CTGR2": "샘플대(제작/구입)",
        "CTGR3": "소모품비_샘플대",
        "GL_NM": "소모품비_샘플대_재고대체",
        "TTL_USE_AMT": 0.0
      },
      {
        "PST_YYYYMM": "202411",
        "BRD_CD": "W",
        "BRD_NM": "SUPRA",
        "CTGR1": "샘플대(제작/구입)",
        "CTGR2": "샘플대(제작/구입)",
        "CTGR3": "소모품비_샘플대",
        "GL_NM": "소모품비_샘플대_재고대체",
        "TTL_USE_AMT": 0.0
      },
      {
        "PST_YYYYMM": "202411",
        "BRD_CD": "W",
        "BRD_NM": "SUPRA",
        "CTGR1": "샘플대(제작/구입)",
        "CTGR2": "샘플대(제작/구입)",
        "CTGR3": "샘플구입대",
        "GL_NM": "샘플구입대_해외",
        "TTL_USE_AMT": 0.0
      },
      {
        "PST_YYYYMM": "202511",
        "BRD_CD": "W",
        "BRD_NM": "SUPRA",
        "CTGR1": "샘플대(제작/구입)",
        "CTGR2": "샘플대(제작/구입)",
        "CTGR3": "샘플구입대",
        "GL_NM": "샘플구입대_해외",
        "TTL_USE_AMT": 0.0
      },
      {
        "PST_YYYYMM": "202511",
        "BRD_CD": "W",
        "BRD_NM": "SUPRA",
        "CTGR1": "샘플대(제작/구입)",
        "CTGR2": "샘플대(제작/구입)",
        "CTGR3": "소모품비_샘플대",
        "GL_NM": "소모품비_샘플대",
        "TTL_USE_AMT": 0.0
      }
    ]
  },
  "trend_data": {
    "trend_months": [
      "202412",
      "202501",
      "202502",
      "202503",
      "202504",
      "202505",
      "202506",
      "202507",
      "202508",
      "202509",
      "202510",
      "202511"
    ],
    "monthly_totals": [
      {
        "yyyymm": "202412",
        "total_amount": 38.79
      },
      {
        "yyyymm": "202501",
        "total_amount": 26.36
      },
      {
        "yyyymm": "202502",
        "total_amount": 34.15
      },
      {
        "yyyymm": "202503",
        "total_amount": 13.02
      },
      {
        "yyyymm": "202504",
        "total_amount": 0.08
      },
      {
        "yyyymm": "202505",
        "total_amount": 0.1
      },
      {
        "yyyymm": "202506",
        "total_amount": 0.0
      },
      {
        "yyyymm": "202507",
        "total_amount": 0.0
      },
      {
        "yyyymm": "202508",
        "total_amount": 0.0
      },
      {
        "yyyymm": "202509",
        "total_amount": 0.0
      },
      {
        "yyyymm": "202510",
        "total_amount": 0.0
      },
      {
        "yyyymm": "202511",
        "total_amount": 0.0
      }
    ],
    "monthly_details": [
      {
        "yyyymm": "202412",
        "ctgr2": "샘플대(제작/구입)",
        "ctgr3": "소모품비_샘플대",
        "gl_nm": "소모품비_샘플대",
        "amount": 36.91
      },
      {
        "yyyymm": "202412",
        "ctgr2": "샘플대(제작/구입)",
        "ctgr3": "샘플구입대",
        "gl_nm": "샘플구입대_국내",
        "amount": 1.76
      },
      {
        "yyyymm": "202412",
        "ctgr2": "샘플대(제작/구입)",
        "ctgr3": "샘플구입대",
        "gl_nm": "샘플구입대_해외",
        "amount": 0.12
      },
      {
        "yyyymm": "202412",
        "ctgr2": "샘플대(제작/구입)",
        "ctgr3": "소모품비_샘플대",
        "gl_nm": "소모품비_샘플대_재고대체",
        "amount": 0.0
      },
      {
        "yyyymm": "202501",
        "ctgr2": "샘플대(제작/구입)",
        "ctgr3": "소모품비_샘플대",
        "gl_nm": "소모품비_샘플대",
        "amount": 25.54
      },
      {
        "yyyymm": "202501",
        "ctgr2": "샘플대(제작/구입)",
        "ctgr3": "소모품비_샘플대",
        "gl_nm": "소모품비_샘플대_재고대체",
        "amount": 0.35
      },
      {
        "yyyymm": "202501",
        "ctgr2": "샘플대(제작/구입)",
        "ctgr3": "샘플구입대",
        "gl_nm": "샘플구입대_국내",
        "amount": 0.31
      },
      {
        "yyyymm": "202501",
        "ctgr2": "샘플대(제작/구입)",
        "ctgr3": "샘플구입대",
        "gl_nm": "샘플구입대_해외",
        "amount": 0.15
      },
      {
        "yyyymm": "202502",
        "ctgr2": "샘플대(제작/구입)",
        "ctgr3": "소모품비_샘플대",
        "gl_nm": "소모품비_샘플대",
        "amount": 32.46
      },
      {
        "yyyymm": "202502",
        "ctgr2": "샘플대(제작/구입)",
        "ctgr3": "샘플구입대",
        "gl_nm": "샘플구입대_국내",
        "amount": 1.61
      },
      {
        "yyyymm": "202502",
        "ctgr2": "샘플대(제작/구입)",
        "ctgr3": "샘플구입대",
        "gl_nm": "샘플구입대_해외",
        "amount": 0.09
      },
      {
        "yyyymm": "202502",
        "ctgr2": "샘플대(제작/구입)",
        "ctgr3": "소모품비_샘플대",
        "gl_nm": "소모품비_샘플대_재고대체",
        "amount": 0.0
      },
      {
        "yyyymm": "202503",
        "ctgr2": "샘플대(제작/구입)",
        "ctgr3": "소모품비_샘플대",
        "gl_nm": "소모품비_샘플대",
        "amount": 13.02
      },
      {
        "yyyymm": "202503",
        "ctgr2": "샘플대(제작/구입)",
        "ctgr3": "소모품비_샘플대",
        "gl_nm": "소모품비_샘플대_재고대체",
        "amount": 0.0
      },
      {
        "yyyymm": "202503",
        "ctgr2": "샘플대(제작/구입)",
        "ctgr3": "샘플구입대",
        "gl_nm": "샘플구입대_해외",
        "amount": 0.0
      },
      {
        "yyyymm": "202503",
        "ctgr2": "샘플대(제작/구입)",
        "ctgr3": "샘플구입대",
        "gl_nm": "샘플구입대_국내",
        "amount": 0.0
      },
      {
        "yyyymm": "202504",
        "ctgr2": "샘플대(제작/구입)",
        "ctgr3": "소모품비_샘플대",
        "gl_nm": "소모품비_샘플대_재고대체",
        "amount": 0.08
      },
      {
        "yyyymm": "202504",
        "ctgr2": "샘플대(제작/구입)",
        "ctgr3": "샘플구입대",
        "gl_nm": "샘플구입대_국내",
        "amount": 0.0
      },
      {
        "yyyymm": "202504",
        "ctgr2": "샘플대(제작/구입)",
        "ctgr3": "샘플구입대",
        "gl_nm": "샘플구입대_해외",
        "amount": 0.0
      },
      {
        "yyyymm": "202504",
        "ctgr2": "샘플대(제작/구입)",
        "ctgr3": "소모품비_샘플대",
        "gl_nm": "소모품비_샘플대",
        "amount": 0.0
      },
      {
        "yyyymm": "202505",
        "ctgr2": "샘플대(제작/구입)",
        "ctgr3": "소모품비_샘플대",
        "gl_nm": "소모품비_샘플대",
        "amount": 0.1
      },
      {
        "yyyymm": "202505",
        "ctgr2": "샘플대(제작/구입)",
        "ctgr3": "소모품비_샘플대",
        "gl_nm": "소모품비_샘플대_재고대체",
        "amount": 0.0
      },
      {
        "yyyymm": "202505",
        "ctgr2": "샘플대(제작/구입)",
        "ctgr3": "샘플구입대",
        "gl_nm": "샘플구입대_해외",
        "amount": 0.0
      },
      {
        "yyyymm": "202505",
        "ctgr2": "샘플대(제작/구입)",
        "ctgr3": "샘플구입대",
        "gl_nm": "샘플구입대_국내",
        "amount": 0.0
      },
      {
        "yyyymm": "202506",
        "ctgr2": "샘플대(제작/구입)",
        "ctgr3": "샘플구입대",
        "gl_nm": "샘플구입대_국내",
        "amount": 0.0
      },
      {
        "yyyymm": "202506",
        "ctgr2": "샘플대(제작/구입)",
        "ctgr3": "샘플구입대",
        "gl_nm": "샘플구입대_해외",
        "amount": 0.0
      },
      {
        "yyyymm": "202506",
        "ctgr2": "샘플대(제작/구입)",
        "ctgr3": "소모품비_샘플대",
        "gl_nm": "소모품비_샘플대",
        "amount": 0.0
      },
      {
        "yyyymm": "202506",
        "ctgr2": "샘플대(제작/구입)",
        "ctgr3": "소모품비_샘플대",
        "gl_nm": "소모품비_샘플대_재고대체",
        "amount": 0.0
      },
      {
        "yyyymm": "202507",
        "ctgr2": "샘플대(제작/구입)",
        "ctgr3": "샘플구입대",
        "gl_nm": "샘플구입대_국내",
        "amount": 0.0
      },
      {
        "yyyymm": "202507",
        "ctgr2": "샘플대(제작/구입)",
        "ctgr3": "샘플구입대",
        "gl_nm": "샘플구입대_해외",
        "amount": 0.0
      },
      {
        "yyyymm": "202507",
        "ctgr2": "샘플대(제작/구입)",
        "ctgr3": "소모품비_샘플대",
        "gl_nm": "소모품비_샘플대_재고대체",
        "amount": 0.0
      },
      {
        "yyyymm": "202507",
        "ctgr2": "샘플대(제작/구입)",
        "ctgr3": "소모품비_샘플대",
        "gl_nm": "소모품비_샘플대",
        "amount": 0.0
      },
      {
        "yyyymm": "202508",
        "ctgr2": "샘플대(제작/구입)",
        "ctgr3": "샘플구입대",
        "gl_nm": "샘플구입대_해외",
        "amount": 0.0
      },
      {
        "yyyymm": "202508",
        "ctgr2": "샘플대(제작/구입)",
        "ctgr3": "소모품비_샘플대",
        "gl_nm": "소모품비_샘플대",
        "amount": 0.0
      },
      {
        "yyyymm": "202508",
        "ctgr2": "샘플대(제작/구입)",
        "ctgr3": "샘플구입대",
        "gl_nm": "샘플구입대_국내",
        "amount": 0.0
      },
      {
        "yyyymm": "202508",
        "ctgr2": "샘플대(제작/구입)",
        "ctgr3": "소모품비_샘플대",
        "gl_nm": "소모품비_샘플대_재고대체",
        "amount": 0.0
      },
      {
        "yyyymm": "202509",
        "ctgr2": "샘플대(제작/구입)",
        "ctgr3": "샘플구입대",
        "gl_nm": "샘플구입대_해외",
        "amount": 0.0
      },
      {
        "yyyymm": "202509",
        "ctgr2": "샘플대(제작/구입)",
        "ctgr3": "소모품비_샘플대",
        "gl_nm": "소모품비_샘플대",
        "amount": 0.0
      },
      {
        "yyyymm": "202509",
        "ctgr2": "샘플대(제작/구입)",
        "ctgr3": "샘플구입대",
        "gl_nm": "샘플구입대_국내",
        "amount": 0.0
      },
      {
        "yyyymm": "202509",
        "ctgr2": "샘플대(제작/구입)",
        "ctgr3": "소모품비_샘플대",
        "gl_nm": "소모품비_샘플대_재고대체",
        "amount": 0.0
      },
      {
        "yyyymm": "202510",
        "ctgr2": "샘플대(제작/구입)",
        "ctgr3": "소모품비_샘플대",
        "gl_nm": "소모품비_샘플대",
        "amount": 0.0
      },
      {
        "yyyymm": "202510",
        "ctgr2": "샘플대(제작/구입)",
        "ctgr3": "소모품비_샘플대",
        "gl_nm": "소모품비_샘플대_재고대체",
        "amount": 0.0
      },
      {
        "yyyymm": "202510",
        "ctgr2": "샘플대(제작/구입)",
        "ctgr3": "샘플구입대",
        "gl_nm": "샘플구입대_국내",
        "amount": 0.0
      },
      {
        "yyyymm": "202510",
        "ctgr2": "샘플대(제작/구입)",
        "ctgr3": "샘플구입대",
        "gl_nm": "샘플구입대_해외",
        "amount": 0.0
      },
      {
        "yyyymm": "202511",
        "ctgr2": "샘플대(제작/구입)",
        "ctgr3": "샘플구입대",
        "gl_nm": "샘플구입대_국내",
        "amount": 0.0
      },
      {
        "yyyymm": "202511",
        "ctgr2": "샘플대(제작/구입)",
        "ctgr3": "소모품비_샘플대",
        "gl_nm": "소모품비_샘플대",
        "amount": 0.0
      },
      {
        "yyyymm": "202511",
        "ctgr2": "샘플대(제작/구입)",
        "ctgr3": "소모품비_샘플대",
        "gl_nm": "소모품비_샘플대_재고대체",
        "amount": 0.0
      },
      {
        "yyyymm": "202511",
        "ctgr2": "샘플대(제작/구입)",
        "ctgr3": "샘플구입대",
        "gl_nm": "샘플구입대_해외",
        "amount": 0.0
      }
    ]
  }
}