{
  "country": "KR",
  "brand_cd": "W",
  "yyyymm": "202511",
  "key": "영업비",
  "sub_key": "광고선전비",
  "analysis_data": {
    "title": "광고선전비 분석",
    "sections": [
      {
        "div": "종합분석-1",
        "sub_title": "투자 방향성 종합 평가",
        "ai_text": "SUPRA 브랜드의 2025년 11월 광고선전비는 41백만원으로 전년 동월 155백만원 대비 73.4% 급감하여 극도로 보수적인 예산 운영을 보이고 있습니다. 이는 단순한 비용 절감을 넘어 마케팅 전략의 근본적 변화를 의미합니다.\n\n특히 온라인 매체집행에만 41백만원을 집중 투입하고 나머지 모든 항목(협찬/제휴 50백만원, 콘텐츠제작 7백만원, PR/홍보 4백만원 등)을 전액 중단한 것은 디지털 퍼스트 전략으로의 급격한 전환을 시사합니다. 이러한 선택과 집중 전략이 브랜드 인지도와 매출에 미치는 영향에 대한 면밀한 모니터링이 필요한 상황입니다."
      },
      {
        "div": "종합분석-2",
        "sub_title": "효율적 투자 영역",
        "ai_text": "• 온라인 매체집행 집중: 전체 예산의 100%를 온라인 매체에 집중하여 측정 가능한 디지털 성과 창출에 특화\n• 예산 효율성 극대화: 114백만원(-73.4%) 절감을 통한 마케팅 ROI 개선 기대\n• 데이터 기반 의사결정: 단일 채널 집중으로 성과 측정 및 최적화가 용이한 구조 구축\n• 비용 대비 효과 검증: 최소 투자로 브랜드 노출 효과를 검증할 수 있는 테스트 마케팅 환경 조성"
      },
      {
        "div": "종합분석-3",
        "sub_title": "주의 필요 영역",
        "ai_text": "• 협찬/제휴 전액 중단: 50백만원 규모의 파트너십 마케팅 중단으로 브랜드 확장성 제약 우려\n• 콘텐츠제작 중단: 7백만원의 자체 콘텐츠 제작 중단으로 브랜드 스토리텔링 역량 약화 가능성\n• PR/홍보 활동 전면 중단: 4백만원의 PR 예산 삭감으로 언론 노출 및 브랜드 신뢰도 구축 기회 상실\n• E-BIZ 관련 예산 전액 삭감: 온라인 비즈니스 확장을 위한 전용 예산(1.4백만원) 중단으로 디지털 전환 역설적 제약"
      },
      {
        "div": "종합분석-4",
        "sub_title": "이상징후 및 리스크 감지",
        "ai_text": "• 극단적 예산 재배분: 73.4%의 급격한 예산 감소는 브랜드 전략의 근본적 변화이거나 재정적 제약을 시사\n• 마케팅 믹스 불균형: 단일 채널(온라인 매체) 의존도 100%로 리스크 분산 부족 및 고객 접점 다양성 상실\n• 브랜드 빌딩 활동 전면 중단: PR, 콘텐츠, 협찬 등 브랜드 자산 구축 활동 중단으로 장기적 브랜드 가치 훼손 위험\n• 경쟁력 약화 우려: 업계 평균 마케팅 투자 대비 과도한 절감으로 시장 내 브랜드 존재감 약화 가능성\n• 성장 동력 부족: 신규 고객 유입을 위한 다각화된 마케팅 활동 부재로 성장 정체 리스크 증가"
      },
      {
        "div": "종합분석-5",
        "sub_title": "마케팅 전략 최적화 방안",
        "ai_text": "### 즉시 실행 방안\n1. 온라인 매체 성과 정밀 분석: 41백만원 투자 대비 정확한 ROI, CPA, ROAS 측정으로 효율성 검증\n2. 핵심 KPI 재정의: 제한된 예산 하에서 달성 가능한 현실적 목표 설정 및 주간 단위 모니터링\n3. 긴급 리스크 관리: 브랜드 인지도, 고객 이탈률, 경쟁사 대비 점유율 변화 실시간 추적\n\n### 중장기 전략 방향\n1. 단계적 예산 확대 로드맵: 온라인 성과 검증 후 협찬/제휴(Q1), 콘텐츠제작(Q2) 순차 재투입 계획 수립\n2. 통합 마케팅 전략 재구축: 디지털 중심의 효율적 마케팅 믹스 재설계로 예산 대비 최대 효과 창출\n3. 브랜드 자산 복원 계획: 중단된 PR/홍보 활동을 디지털 PR로 전환하여 비용 효율성과 브랜드 빌딩 동시 달성\n4. 데이터 기반 예산 배분 시스템: 각 채널별 성과 데이터 축적을 통한 과학적 마케팅 투자 의사결정 체계 구축"
      }
    ]
  },
  "ctgr1": "광고선전비",
  "summary": {
    "prev_year_total": 155.0,
    "curr_year_total": 41.26,
    "change_amount": -113.74,
    "change_pct": -73.4,
    "investment_direction": "축소"
  },
  "categories": [
    {
      "ctgr2": "광고선전비",
      "ctgr3": "광고선전비_PR/홍보",
      "gl_nm": "광고선전비_PR/홍보",
      "prev_year": 4.0,
      "curr_year": 0.0,
      "change": -4.0,
      "change_pct": -100.0,
      "is_new": false,
      "is_discontinued": true
    },
    {
      "ctgr2": "광고선전비",
      "ctgr3": "광고선전비_협찬/제휴",
      "gl_nm": "광고선전비_협찬/제휴",
      "prev_year": 50.15,
      "curr_year": 0.0,
      "change": -50.15,
      "change_pct": -100.0,
      "is_new": false,
      "is_discontinued": true
    },
    {
      "ctgr2": "광고선전비",
      "ctgr3": "광고선전비_콘텐츠제작",
      "gl_nm": "광고선전비_콘텐츠제작",
      "prev_year": 7.48,
      "curr_year": 0.0,
      "change": -7.48,
      "change_pct": -100.0,
      "is_new": false,
      "is_discontinued": true
    },
    {
      "ctgr2": "광고선전비",
      "ctgr3": "광고선전비_매체집행_온라인",
      "gl_nm": "광고선전비_매체집행_온라인",
      "prev_year": 81.8,
      "curr_year": 41.26,
      "change": -40.54,
      "change_pct": -49.6,
      "is_new": false,
      "is_discontinued": false
    },
    {
      "ctgr2": "광고선전비",
      "ctgr3": "광고선전비_기타",
      "gl_nm": "광고선전비_기타",
      "prev_year": 9.72,
      "curr_year": 0.0,
      "change": -9.72,
      "change_pct": -100.0,
      "is_new": false,
      "is_discontinued": true
    },
    {
      "ctgr2": "광고선전비",
      "ctgr3": "(E-BIZ)광고선전비_촬영/기타",
      "gl_nm": "(E-BIZ)광고선전비_촬영/기타",
      "prev_year": 0.56,
      "curr_year": 0.0,
      "change": -0.56,
      "change_pct": -100.0,
      "is_new": false,
      "is_discontinued": true
    },
    {
      "ctgr2": "광고선전비",
      "ctgr3": "광고선전비_기타",
      "gl_nm": "광고선전비_물류_재고대체",
      "prev_year": 0.39,
      "curr_year": 0.0,
      "change": -0.39,
      "change_pct": -100.0,
      "is_new": false,
      "is_discontinued": true
    },
    {
      "ctgr2": "광고선전비",
      "ctgr3": "(E-BIZ)광고선전비_매체광고",
      "gl_nm": "(E-BIZ)광고선전비_매체광고",
      "prev_year": 0.8,
      "curr_year": 0.0,
      "change": -0.8,
      "change_pct": -100.0,
      "is_new": false,
      "is_discontinued": true
    },
    {
      "ctgr2": "광고선전비",
      "ctgr3": "광고선전비_협찬/제휴",
      "gl_nm": "광고선전비_물류",
      "prev_year": 0.1,
      "curr_year": 0.0,
      "change": -0.1,
      "change_pct": -100.0,
      "is_new": false,
      "is_discontinued": true
    },
    {
      "ctgr2": "광고선전비",
      "ctgr3": "광고선전비_모델료",
      "gl_nm": "광고선전비_모델료",
      "prev_year": 0.0,
      "curr_year": 0.0,
      "change": 0.0,
      "change_pct": 0,
      "is_new": false,
      "is_discontinued": false
    }
  ],
  "category_summary": {
    "increased": [],
    "decreased": [
      {
        "ctgr2": "광고선전비",
        "ctgr3": "광고선전비_PR/홍보",
        "gl_nm": "광고선전비_PR/홍보",
        "prev_year": 4.0,
        "curr_year": 0.0,
        "change": -4.0,
        "change_pct": -100.0,
        "is_new": false,
        "is_discontinued": true
      },
      {
        "ctgr2": "광고선전비",
        "ctgr3": "광고선전비_협찬/제휴",
        "gl_nm": "광고선전비_협찬/제휴",
        "prev_year": 50.15,
        "curr_year": 0.0,
        "change": -50.15,
        "change_pct": -100.0,
        "is_new": false,
        "is_discontinued": true
      },
      {
        "ctgr2": "광고선전비",
        "ctgr3": "광고선전비_콘텐츠제작",
        "gl_nm": "광고선전비_콘텐츠제작",
        "prev_year": 7.48,
        "curr_year": 0.0,
        "change": -7.48,
        "change_pct": -100.0,
        "is_new": false,
        "is_discontinued": true
      },
      {
        "ctgr2": "광고선전비",
        "ctgr3": "광고선전비_매체집행_온라인",
        "gl_nm": "광고선전비_매체집행_온라인",
        "prev_year": 81.8,
        "curr_year": 41.26,
        "change": -40.54,
        "change_pct": -49.6,
        "is_new": false,
        "is_discontinued": false
      },
      {
        "ctgr2": "광고선전비",
        "ctgr3": "광고선전비_기타",
        "gl_nm": "광고선전비_기타",
        "prev_year": 9.72,
        "curr_year": 0.0,
        "change": -9.72,
        "change_pct": -100.0,
        "is_new": false,
        "is_discontinued": true
      },
      {
        "ctgr2": "광고선전비",
        "ctgr3": "(E-BIZ)광고선전비_촬영/기타",
        "gl_nm": "(E-BIZ)광고선전비_촬영/기타",
        "prev_year": 0.56,
        "curr_year": 0.0,
        "change": -0.56,
        "change_pct": -100.0,
        "is_new": false,
        "is_discontinued": true
      },
      {
        "ctgr2": "광고선전비",
        "ctgr3": "광고선전비_기타",
        "gl_nm": "광고선전비_물류_재고대체",
        "prev_year": 0.39,
        "curr_year": 0.0,
        "change": -0.39,
        "change_pct": -100.0,
        "is_new": false,
        "is_discontinued": true
      },
      {
        "ctgr2": "광고선전비",
        "ctgr3": "(E-BIZ)광고선전비_매체광고",
        "gl_nm": "(E-BIZ)광고선전비_매체광고",
        "prev_year": 0.8,
        "curr_year": 0.0,
        "change": -0.8,
        "change_pct": -100.0,
        "is_new": false,
        "is_discontinued": true
      },
      {
        "ctgr2": "광고선전비",
        "ctgr3": "광고선전비_협찬/제휴",
        "gl_nm": "광고선전비_물류",
        "prev_year": 0.1,
        "curr_year": 0.0,
        "change": -0.1,
        "change_pct": -100.0,
        "is_new": false,
        "is_discontinued": true
      }
    ],
    "new_investments": [],
    "discontinued": [
      {
        "ctgr2": "광고선전비",
        "ctgr3": "광고선전비_PR/홍보",
        "gl_nm": "광고선전비_PR/홍보",
        "prev_year": 4.0,
        "curr_year": 0.0,
        "change": -4.0,
        "change_pct": -100.0,
        "is_new": false,
        "is_discontinued": true
      },
      {
        "ctgr2": "광고선전비",
        "ctgr3": "광고선전비_협찬/제휴",
        "gl_nm": "광고선전비_협찬/제휴",
        "prev_year": 50.15,
        "curr_year": 0.0,
        "change": -50.15,
        "change_pct": -100.0,
        "is_new": false,
        "is_discontinued": true
      },
      {
        "ctgr2": "광고선전비",
        "ctgr3": "광고선전비_콘텐츠제작",
        "gl_nm": "광고선전비_콘텐츠제작",
        "prev_year": 7.48,
        "curr_year": 0.0,
        "change": -7.48,
        "change_pct": -100.0,
        "is_new": false,
        "is_discontinued": true
      },
      {
        "ctgr2": "광고선전비",
        "ctgr3": "광고선전비_기타",
        "gl_nm": "광고선전비_기타",
        "prev_year": 9.72,
        "curr_year": 0.0,
        "change": -9.72,
        "change_pct": -100.0,
        "is_new": false,
        "is_discontinued": true
      },
      {
        "ctgr2": "광고선전비",
        "ctgr3": "(E-BIZ)광고선전비_촬영/기타",
        "gl_nm": "(E-BIZ)광고선전비_촬영/기타",
        "prev_year": 0.56,
        "curr_year": 0.0,
        "change": -0.56,
        "change_pct": -100.0,
        "is_new": false,
        "is_discontinued": true
      },
      {
        "ctgr2": "광고선전비",
        "ctgr3": "광고선전비_기타",
        "gl_nm": "광고선전비_물류_재고대체",
        "prev_year": 0.39,
        "curr_year": 0.0,
        "change": -0.39,
        "change_pct": -100.0,
        "is_new": false,
        "is_discontinued": true
      },
      {
        "ctgr2": "광고선전비",
        "ctgr3": "(E-BIZ)광고선전비_매체광고",
        "gl_nm": "(E-BIZ)광고선전비_매체광고",
        "prev_year": 0.8,
        "curr_year": 0.0,
        "change": -0.8,
        "change_pct": -100.0,
        "is_new": false,
        "is_discontinued": true
      },
      {
        "ctgr2": "광고선전비",
        "ctgr3": "광고선전비_협찬/제휴",
        "gl_nm": "광고선전비_물류",
        "prev_year": 0.1,
        "curr_year": 0.0,
        "change": -0.1,
        "change_pct": -100.0,
        "is_new": false,
        "is_discontinued": true
      }
    ]
  },
  "raw_data": {
    "total_records": [
      {
        "PST_YYYYMM": "202411",
        "TOTAL_AMT": 154999774.0
      },
      {
        "PST_YYYYMM": "202511",
        "TOTAL_AMT": 41260328.0
      }
    ],
    "detail_records": [
      {
        "PST_YYYYMM": "202411",
        "BRD_CD": "W",
        "BRD_NM": "SUPRA",
        "CTGR1": "광고선전비",
        "CTGR2": "광고선전비",
        "CTGR3": "광고선전비_매체집행_온라인",
        "GL_NM": "광고선전비_매체집행_온라인",
        "TTL_USE_AMT": 81800213.0
      },
      {
        "PST_YYYYMM": "202411",
        "BRD_CD": "W",
        "BRD_NM": "SUPRA",
        "CTGR1": "광고선전비",
        "CTGR2": "광고선전비",
        "CTGR3": "광고선전비_협찬/제휴",
        "GL_NM": "광고선전비_협찬/제휴",
        "TTL_USE_AMT": 50153500.0
      },
      {
        "PST_YYYYMM": "202511",
        "BRD_CD": "W",
        "BRD_NM": "SUPRA",
        "CTGR1": "광고선전비",
        "CTGR2": "광고선전비",
        "CTGR3": "광고선전비_매체집행_온라인",
        "GL_NM": "광고선전비_매체집행_온라인",
        "TTL_USE_AMT": 41260328.0
      },
      {
        "PST_YYYYMM": "202411",
        "BRD_CD": "W",
        "BRD_NM": "SUPRA",
        "CTGR1": "광고선전비",
        "CTGR2": "광고선전비",
        "CTGR3": "광고선전비_기타",
        "GL_NM": "광고선전비_기타",
        "TTL_USE_AMT": 9720575.0
      },
      {
        "PST_YYYYMM": "202411",
        "BRD_CD": "W",
        "BRD_NM": "SUPRA",
        "CTGR1": "광고선전비",
        "CTGR2": "광고선전비",
        "CTGR3": "광고선전비_콘텐츠제작",
        "GL_NM": "광고선전비_콘텐츠제작",
        "TTL_USE_AMT": 7476734.0
      },
      {
        "PST_YYYYMM": "202411",
        "BRD_CD": "W",
        "BRD_NM": "SUPRA",
        "CTGR1": "광고선전비",
        "CTGR2": "광고선전비",
        "CTGR3": "광고선전비_PR/홍보",
        "GL_NM": "광고선전비_PR/홍보",
        "TTL_USE_AMT": 4000000.0
      },
      {
        "PST_YYYYMM": "202411",
        "BRD_CD": "W",
        "BRD_NM": "SUPRA",
        "CTGR1": "광고선전비",
        "CTGR2": "광고선전비",
        "CTGR3": "(E-BIZ)광고선전비_매체광고",
        "GL_NM": "(E-BIZ)광고선전비_매체광고",
        "TTL_USE_AMT": 800000.0
      },
      {
        "PST_YYYYMM": "202411",
        "BRD_CD": "W",
        "BRD_NM": "SUPRA",
        "CTGR1": "광고선전비",
        "CTGR2": "광고선전비",
        "CTGR3": "(E-BIZ)광고선전비_촬영/기타",
        "GL_NM": "(E-BIZ)광고선전비_촬영/기타",
        "TTL_USE_AMT": 561000.0
      },
      {
        "PST_YYYYMM": "202411",
        "BRD_CD": "W",
        "BRD_NM": "SUPRA",
        "CTGR1": "광고선전비",
        "CTGR2": "광고선전비",
        "CTGR3": "광고선전비_기타",
        "GL_NM": "광고선전비_물류_재고대체",
        "TTL_USE_AMT": 386031.0
      },
      {
        "PST_YYYYMM": "202411",
        "BRD_CD": "W",
        "BRD_NM": "SUPRA",
        "CTGR1": "광고선전비",
        "CTGR2": "광고선전비",
        "CTGR3": "광고선전비_협찬/제휴",
        "GL_NM": "광고선전비_물류",
        "TTL_USE_AMT": 101721.0
      },
      {
        "PST_YYYYMM": "202511",
        "BRD_CD": "W",
        "BRD_NM": "SUPRA",
        "CTGR1": "광고선전비",
        "CTGR2": "광고선전비",
        "CTGR3": "광고선전비_기타",
        "GL_NM": "광고선전비_물류_재고대체",
        "TTL_USE_AMT": 0.0
      },
      {
        "PST_YYYYMM": "202511",
        "BRD_CD": "W",
        "BRD_NM": "SUPRA",
        "CTGR1": "광고선전비",
        "CTGR2": "광고선전비",
        "CTGR3": "광고선전비_협찬/제휴",
        "GL_NM": "광고선전비_협찬/제휴",
        "TTL_USE_AMT": 0.0
      },
      {
        "PST_YYYYMM": "202511",
        "BRD_CD": "W",
        "BRD_NM": "SUPRA",
        "CTGR1": "광고선전비",
        "CTGR2": "광고선전비",
        "CTGR3": "광고선전비_PR/홍보",
        "GL_NM": "광고선전비_PR/홍보",
        "TTL_USE_AMT": 0.0
      },
      {
        "PST_YYYYMM": "202511",
        "BRD_CD": "W",
        "BRD_NM": "SUPRA",
        "CTGR1": "광고선전비",
        "CTGR2": "광고선전비",
        "CTGR3": "광고선전비_모델료",
        "GL_NM": "광고선전비_모델료",
        "TTL_USE_AMT": 0.0
      },
      {
        "PST_YYYYMM": "202511",
        "BRD_CD": "W",
        "BRD_NM": "SUPRA",
        "CTGR1": "광고선전비",
        "CTGR2": "광고선전비",
        "CTGR3": "(E-BIZ)광고선전비_촬영/기타",
        "GL_NM": "(E-BIZ)광고선전비_촬영/기타",
        "TTL_USE_AMT": 0.0
      },
      {
        "PST_YYYYMM": "202511",
        "BRD_CD": "W",
        "BRD_NM": "SUPRA",
        "CTGR1": "광고선전비",
        "CTGR2": "광고선전비",
        "CTGR3": "광고선전비_콘텐츠제작",
        "GL_NM": "광고선전비_콘텐츠제작",
        "TTL_USE_AMT": 0.0
      },
      {
        "PST_YYYYMM": "202511",
        "BRD_CD": "W",
        "BRD_NM": "SUPRA",
        "CTGR1": "광고선전비",
        "CTGR2": "광고선전비",
        "CTGR3": "광고선전비_기타",
        "GL_NM": "광고선전비_기타",
        "TTL_USE_AMT": 0.0
      },
      {
        "PST_YYYYMM": "202511",
        "BRD_CD": "W",
        "BRD_NM": "SUPRA",
        "CTGR1": "광고선전비",
        "CTGR2": "광고선전비",
        "CTGR3": "광고선전비_협찬/제휴",
        "GL_NM": "광고선전비_물류",
        "TTL_USE_AMT": 0.0
      },
      {
        "PST_YYYYMM": "202511",
        "BRD_CD": "W",
        "BRD_NM": "SUPRA",
        "CTGR1": "광고선전비",
        "CTGR2": "광고선전비",
        "CTGR3": "(E-BIZ)광고선전비_매체광고",
        "GL_NM": "(E-BIZ)광고선전비_매체광고",
        "TTL_USE_AMT": 0.0
      }
    ]
  },
  "trend_data": {
    "trend_months": [
      "202412",
      "202501",
      "202502",
      "202503",
      "202504",
      "202505",
      "202506",
      "202507",
      "202508",
      "202509",
      "202510",
      "202511"
    ],
    "monthly_totals": [
      {
        "yyyymm": "202412",
        "total_amount": 68.78
      },
      {
        "yyyymm": "202501",
        "total_amount": 122.2
      },
      {
        "yyyymm": "202502",
        "total_amount": 52.06
      },
      {
        "yyyymm": "202503",
        "total_amount": 62.25
      },
      {
        "yyyymm": "202504",
        "total_amount": 46.83
      },
      {
        "yyyymm": "202505",
        "total_amount": 33.82
      },
      {
        "yyyymm": "202506",
        "total_amount": 56.66
      },
      {
        "yyyymm": "202507",
        "total_amount": 46.55
      },
      {
        "yyyymm": "202508",
        "total_amount": 30.97
      },
      {
        "yyyymm": "202509",
        "total_amount": 49.88
      },
      {
        "yyyymm": "202510",
        "total_amount": 22.8
      },
      {
        "yyyymm": "202511",
        "total_amount": 41.26
      }
    ],
    "monthly_details": [
      {
        "yyyymm": "202412",
        "ctgr2": "광고선전비",
        "ctgr3": "광고선전비_매체집행_온라인",
        "gl_nm": "광고선전비_매체집행_온라인",
        "amount": 41.13
      },
      {
        "yyyymm": "202412",
        "ctgr2": "광고선전비",
        "ctgr3": "광고선전비_기타",
        "gl_nm": "광고선전비_기타",
        "amount": 10.4
      },
      {
        "yyyymm": "202412",
        "ctgr2": "광고선전비",
        "ctgr3": "광고선전비_협찬/제휴",
        "gl_nm": "광고선전비_협찬/제휴",
        "amount": 7.8
      },
      {
        "yyyymm": "202412",
        "ctgr2": "광고선전비",
        "ctgr3": "광고선전비_PR/홍보",
        "gl_nm": "광고선전비_PR/홍보",
        "amount": 4.0
      },
      {
        "yyyymm": "202412",
        "ctgr2": "광고선전비",
        "ctgr3": "(E-BIZ)광고선전비_촬영/기타",
        "gl_nm": "(E-BIZ)광고선전비_촬영/기타",
        "amount": 3.89
      },
      {
        "yyyymm": "202412",
        "ctgr2": "광고선전비",
        "ctgr3": "(E-BIZ)광고선전비_매체광고",
        "gl_nm": "(E-BIZ)광고선전비_매체광고",
        "amount": 0.8
      },
      {
        "yyyymm": "202412",
        "ctgr2": "광고선전비",
        "ctgr3": "광고선전비_기타",
        "gl_nm": "광고선전비_물류_재고대체",
        "amount": 0.57
      },
      {
        "yyyymm": "202412",
        "ctgr2": "광고선전비",
        "ctgr3": "광고선전비_협찬/제휴",
        "gl_nm": "광고선전비_물류",
        "amount": 0.19
      },
      {
        "yyyymm": "202412",
        "ctgr2": "광고선전비",
        "ctgr3": "광고선전비_콘텐츠제작",
        "gl_nm": "광고선전비_콘텐츠제작",
        "amount": 0.0
      },
      {
        "yyyymm": "202501",
        "ctgr2": "광고선전비",
        "ctgr3": "광고선전비_기타",
        "gl_nm": "광고선전비_물류_재고대체",
        "amount": 43.26
      },
      {
        "yyyymm": "202501",
        "ctgr2": "광고선전비",
        "ctgr3": "광고선전비_콘텐츠제작",
        "gl_nm": "광고선전비_콘텐츠제작",
        "amount": 21.38
      },
      {
        "yyyymm": "202501",
        "ctgr2": "광고선전비",
        "ctgr3": "(E-BIZ)광고선전비_촬영/기타",
        "gl_nm": "(E-BIZ)광고선전비_촬영/기타",
        "amount": 16.21
      },
      {
        "yyyymm": "202501",
        "ctgr2": "광고선전비",
        "ctgr3": "광고선전비_매체집행_온라인",
        "gl_nm": "광고선전비_매체집행_온라인",
        "amount": 15.14
      },
      {
        "yyyymm": "202501",
        "ctgr2": "광고선전비",
        "ctgr3": "광고선전비_협찬/제휴",
        "gl_nm": "광고선전비_물류",
        "amount": 13.79
      },
      {
        "yyyymm": "202501",
        "ctgr2": "광고선전비",
        "ctgr3": "광고선전비_기타",
        "gl_nm": "광고선전비_기타",
        "amount": 6.99
      },
      {
        "yyyymm": "202501",
        "ctgr2": "광고선전비",
        "ctgr3": "광고선전비_PR/홍보",
        "gl_nm": "광고선전비_PR/홍보",
        "amount": 4.03
      },
      {
        "yyyymm": "202501",
        "ctgr2": "광고선전비",
        "ctgr3": "(E-BIZ)광고선전비_매체광고",
        "gl_nm": "(E-BIZ)광고선전비_매체광고",
        "amount": 0.8
      },
      {
        "yyyymm": "202501",
        "ctgr2": "광고선전비",
        "ctgr3": "광고선전비_협찬/제휴",
        "gl_nm": "광고선전비_협찬/제휴",
        "amount": 0.6
      },
      {
        "yyyymm": "202501",
        "ctgr2": "광고선전비",
        "ctgr3": "광고선전비_모델료",
        "gl_nm": "광고선전비_모델료",
        "amount": 0.0
      },
      {
        "yyyymm": "202502",
        "ctgr2": "광고선전비",
        "ctgr3": "광고선전비_콘텐츠제작",
        "gl_nm": "광고선전비_콘텐츠제작",
        "amount": 16.75
      },
      {
        "yyyymm": "202502",
        "ctgr2": "광고선전비",
        "ctgr3": "광고선전비_매체집행_온라인",
        "gl_nm": "광고선전비_매체집행_온라인",
        "amount": 14.57
      },
      {
        "yyyymm": "202502",
        "ctgr2": "광고선전비",
        "ctgr3": "(E-BIZ)광고선전비_촬영/기타",
        "gl_nm": "(E-BIZ)광고선전비_촬영/기타",
        "amount": 10.87
      },
      {
        "yyyymm": "202502",
        "ctgr2": "광고선전비",
        "ctgr3": "광고선전비_PR/홍보",
        "gl_nm": "광고선전비_PR/홍보",
        "amount": 4.06
      },
      {
        "yyyymm": "202502",
        "ctgr2": "광고선전비",
        "ctgr3": "광고선전비_기타",
        "gl_nm": "광고선전비_기타",
        "amount": 2.74
      },
      {
        "yyyymm": "202502",
        "ctgr2": "광고선전비",
        "ctgr3": "광고선전비_기타",
        "gl_nm": "광고선전비_물류_재고대체",
        "amount": 1.56
      },
      {
        "yyyymm": "202502",
        "ctgr2": "광고선전비",
        "ctgr3": "(E-BIZ)광고선전비_매체광고",
        "gl_nm": "(E-BIZ)광고선전비_매체광고",
        "amount": 0.8
      },
      {
        "yyyymm": "202502",
        "ctgr2": "광고선전비",
        "ctgr3": "광고선전비_협찬/제휴",
        "gl_nm": "광고선전비_물류",
        "amount": 0.56
      },
      {
        "yyyymm": "202502",
        "ctgr2": "광고선전비",
        "ctgr3": "광고선전비_협찬/제휴",
        "gl_nm": "광고선전비_협찬/제휴",
        "amount": 0.15
      },
      {
        "yyyymm": "202502",
        "ctgr2": "광고선전비",
        "ctgr3": "광고선전비_모델료",
        "gl_nm": "광고선전비_모델료",
        "amount": 0.0
      },
      {
        "yyyymm": "202503",
        "ctgr2": "광고선전비",
        "ctgr3": "광고선전비_매체집행_온라인",
        "gl_nm": "광고선전비_매체집행_온라인",
        "amount": 21.08
      },
      {
        "yyyymm": "202503",
        "ctgr2": "광고선전비",
        "ctgr3": "(E-BIZ)광고선전비_촬영/기타",
        "gl_nm": "(E-BIZ)광고선전비_촬영/기타",
        "amount": 17.76
      },
      {
        "yyyymm": "202503",
        "ctgr2": "광고선전비",
        "ctgr3": "광고선전비_모델료",
        "gl_nm": "광고선전비_모델료",
        "amount": 13.48
      },
      {
        "yyyymm": "202503",
        "ctgr2": "광고선전비",
        "ctgr3": "광고선전비_기타",
        "gl_nm": "광고선전비_기타",
        "amount": 8.63
      },
      {
        "yyyymm": "202503",
        "ctgr2": "광고선전비",
        "ctgr3": "(E-BIZ)광고선전비_매체광고",
        "gl_nm": "(E-BIZ)광고선전비_매체광고",
        "amount": 0.8
      },
      {
        "yyyymm": "202503",
        "ctgr2": "광고선전비",
        "ctgr3": "광고선전비_협찬/제휴",
        "gl_nm": "광고선전비_협찬/제휴",
        "amount": 0.5
      },
      {
        "yyyymm": "202503",
        "ctgr2": "광고선전비",
        "ctgr3": "광고선전비_기타",
        "gl_nm": "광고선전비_물류_재고대체",
        "amount": 0.0
      },
      {
        "yyyymm": "202503",
        "ctgr2": "광고선전비",
        "ctgr3": "광고선전비_PR/홍보",
        "gl_nm": "광고선전비_PR/홍보",
        "amount": 0.0
      },
      {
        "yyyymm": "202503",
        "ctgr2": "광고선전비",
        "ctgr3": "광고선전비_콘텐츠제작",
        "gl_nm": "광고선전비_콘텐츠제작",
        "amount": 0.0
      },
      {
        "yyyymm": "202503",
        "ctgr2": "광고선전비",
        "ctgr3": "광고선전비_협찬/제휴",
        "gl_nm": "광고선전비_물류",
        "amount": 0.0
      },
      {
        "yyyymm": "202504",
        "ctgr2": "광고선전비",
        "ctgr3": "광고선전비_매체집행_온라인",
        "gl_nm": "광고선전비_매체집행_온라인",
        "amount": 16.28
      },
      {
        "yyyymm": "202504",
        "ctgr2": "광고선전비",
        "ctgr3": "광고선전비_모델료",
        "gl_nm": "광고선전비_모델료",
        "amount": 13.04
      },
      {
        "yyyymm": "202504",
        "ctgr2": "광고선전비",
        "ctgr3": "광고선전비_기타",
        "gl_nm": "광고선전비_물류_재고대체",
        "amount": 8.45
      },
      {
        "yyyymm": "202504",
        "ctgr2": "광고선전비",
        "ctgr3": "광고선전비_콘텐츠제작",
        "gl_nm": "광고선전비_콘텐츠제작",
        "amount": 4.62
      },
      {
        "yyyymm": "202504",
        "ctgr2": "광고선전비",
        "ctgr3": "광고선전비_협찬/제휴",
        "gl_nm": "광고선전비_물류",
        "amount": 3.03
      },
      {
        "yyyymm": "202504",
        "ctgr2": "광고선전비",
        "ctgr3": "(E-BIZ)광고선전비_매체광고",
        "gl_nm": "(E-BIZ)광고선전비_매체광고",
        "amount": 0.8
      },
      {
        "yyyymm": "202504",
        "ctgr2": "광고선전비",
        "ctgr3": "(E-BIZ)광고선전비_촬영/기타",
        "gl_nm": "(E-BIZ)광고선전비_촬영/기타",
        "amount": 0.43
      },
      {
        "yyyymm": "202504",
        "ctgr2": "광고선전비",
        "ctgr3": "광고선전비_기타",
        "gl_nm": "광고선전비_기타",
        "amount": 0.18
      },
      {
        "yyyymm": "202504",
        "ctgr2": "광고선전비",
        "ctgr3": "광고선전비_PR/홍보",
        "gl_nm": "광고선전비_PR/홍보",
        "amount": 0.0
      },
      {
        "yyyymm": "202504",
        "ctgr2": "광고선전비",
        "ctgr3": "광고선전비_협찬/제휴",
        "gl_nm": "광고선전비_협찬/제휴",
        "amount": 0.0
      },
      {
        "yyyymm": "202505",
        "ctgr2": "광고선전비",
        "ctgr3": "광고선전비_매체집행_온라인",
        "gl_nm": "광고선전비_매체집행_온라인",
        "amount": 19.54
      },
      {
        "yyyymm": "202505",
        "ctgr2": "광고선전비",
        "ctgr3": "광고선전비_모델료",
        "gl_nm": "광고선전비_모델료",
        "amount": 13.48
      },
      {
        "yyyymm": "202505",
        "ctgr2": "광고선전비",
        "ctgr3": "(E-BIZ)광고선전비_매체광고",
        "gl_nm": "(E-BIZ)광고선전비_매체광고",
        "amount": 0.8
      },
      {
        "yyyymm": "202505",
        "ctgr2": "광고선전비",
        "ctgr3": "광고선전비_기타",
        "gl_nm": "광고선전비_물류_재고대체",
        "amount": 0.0
      },
      {
        "yyyymm": "202505",
        "ctgr2": "광고선전비",
        "ctgr3": "광고선전비_기타",
        "gl_nm": "광고선전비_기타",
        "amount": 0.0
      },
      {
        "yyyymm": "202505",
        "ctgr2": "광고선전비",
        "ctgr3": "광고선전비_콘텐츠제작",
        "gl_nm": "광고선전비_콘텐츠제작",
        "amount": 0.0
      },
      {
        "yyyymm": "202505",
        "ctgr2": "광고선전비",
        "ctgr3": "광고선전비_협찬/제휴",
        "gl_nm": "광고선전비_협찬/제휴",
        "amount": 0.0
      },
      {
        "yyyymm": "202505",
        "ctgr2": "광고선전비",
        "ctgr3": "광고선전비_PR/홍보",
        "gl_nm": "광고선전비_PR/홍보",
        "amount": 0.0
      },
      {
        "yyyymm": "202505",
        "ctgr2": "광고선전비",
        "ctgr3": "(E-BIZ)광고선전비_촬영/기타",
        "gl_nm": "(E-BIZ)광고선전비_촬영/기타",
        "amount": 0.0
      },
      {
        "yyyymm": "202505",
        "ctgr2": "광고선전비",
        "ctgr3": "광고선전비_협찬/제휴",
        "gl_nm": "광고선전비_물류",
        "amount": 0.0
      },
      {
        "yyyymm": "202506",
        "ctgr2": "광고선전비",
        "ctgr3": "광고선전비_매체집행_온라인",
        "gl_nm": "광고선전비_매체집행_온라인",
        "amount": 22.06
      },
      {
        "yyyymm": "202506",
        "ctgr2": "광고선전비",
        "ctgr3": "광고선전비_기타",
        "gl_nm": "광고선전비_기타",
        "amount": 16.2
      },
      {
        "yyyymm": "202506",
        "ctgr2": "광고선전비",
        "ctgr3": "광고선전비_모델료",
        "gl_nm": "광고선전비_모델료",
        "amount": 13.04
      },
      {
        "yyyymm": "202506",
        "ctgr2": "광고선전비",
        "ctgr3": "광고선전비_기타",
        "gl_nm": "광고선전비_물류_재고대체",
        "amount": 2.89
      },
      {
        "yyyymm": "202506",
        "ctgr2": "광고선전비",
        "ctgr3": "광고선전비_협찬/제휴",
        "gl_nm": "광고선전비_물류",
        "amount": 1.66
      },
      {
        "yyyymm": "202506",
        "ctgr2": "광고선전비",
        "ctgr3": "(E-BIZ)광고선전비_매체광고",
        "gl_nm": "(E-BIZ)광고선전비_매체광고",
        "amount": 0.8
      },
      {
        "yyyymm": "202506",
        "ctgr2": "광고선전비",
        "ctgr3": "광고선전비_협찬/제휴",
        "gl_nm": "광고선전비_협찬/제휴",
        "amount": 0.0
      },
      {
        "yyyymm": "202506",
        "ctgr2": "광고선전비",
        "ctgr3": "광고선전비_PR/홍보",
        "gl_nm": "광고선전비_PR/홍보",
        "amount": 0.0
      },
      {
        "yyyymm": "202506",
        "ctgr2": "광고선전비",
        "ctgr3": "(E-BIZ)광고선전비_촬영/기타",
        "gl_nm": "(E-BIZ)광고선전비_촬영/기타",
        "amount": 0.0
      },
      {
        "yyyymm": "202506",
        "ctgr2": "광고선전비",
        "ctgr3": "광고선전비_콘텐츠제작",
        "gl_nm": "광고선전비_콘텐츠제작",
        "amount": 0.0
      },
      {
        "yyyymm": "202507",
        "ctgr2": "광고선전비",
        "ctgr3": "광고선전비_매체집행_온라인",
        "gl_nm": "광고선전비_매체집행_온라인",
        "amount": 21.33
      },
      {
        "yyyymm": "202507",
        "ctgr2": "광고선전비",
        "ctgr3": "광고선전비_모델료",
        "gl_nm": "광고선전비_모델료",
        "amount": 13.48
      },
      {
        "yyyymm": "202507",
        "ctgr2": "광고선전비",
        "ctgr3": "광고선전비_기타",
        "gl_nm": "광고선전비_물류_재고대체",
        "amount": 7.21
      },
      {
        "yyyymm": "202507",
        "ctgr2": "광고선전비",
        "ctgr3": "광고선전비_협찬/제휴",
        "gl_nm": "광고선전비_물류",
        "amount": 2.73
      },
      {
        "yyyymm": "202507",
        "ctgr2": "광고선전비",
        "ctgr3": "광고선전비_콘텐츠제작",
        "gl_nm": "광고선전비_콘텐츠제작",
        "amount": 1.0
      },
      {
        "yyyymm": "202507",
        "ctgr2": "광고선전비",
        "ctgr3": "(E-BIZ)광고선전비_매체광고",
        "gl_nm": "(E-BIZ)광고선전비_매체광고",
        "amount": 0.8
      },
      {
        "yyyymm": "202507",
        "ctgr2": "광고선전비",
        "ctgr3": "광고선전비_기타",
        "gl_nm": "광고선전비_기타",
        "amount": 0.0
      },
      {
        "yyyymm": "202507",
        "ctgr2": "광고선전비",
        "ctgr3": "광고선전비_협찬/제휴",
        "gl_nm": "광고선전비_협찬/제휴",
        "amount": 0.0
      },
      {
        "yyyymm": "202507",
        "ctgr2": "광고선전비",
        "ctgr3": "광고선전비_PR/홍보",
        "gl_nm": "광고선전비_PR/홍보",
        "amount": 0.0
      },
      {
        "yyyymm": "202507",
        "ctgr2": "광고선전비",
        "ctgr3": "(E-BIZ)광고선전비_촬영/기타",
        "gl_nm": "(E-BIZ)광고선전비_촬영/기타",
        "amount": 0.0
      },
      {
        "yyyymm": "202508",
        "ctgr2": "광고선전비",
        "ctgr3": "광고선전비_매체집행_온라인",
        "gl_nm": "광고선전비_매체집행_온라인",
        "amount": 18.49
      },
      {
        "yyyymm": "202508",
        "ctgr2": "광고선전비",
        "ctgr3": "광고선전비_모델료",
        "gl_nm": "광고선전비_모델료",
        "amount": 13.48
      },
      {
        "yyyymm": "202508",
        "ctgr2": "광고선전비",
        "ctgr3": "광고선전비_협찬/제휴",
        "gl_nm": "광고선전비_물류",
        "amount": 0.0
      },
      {
        "yyyymm": "202508",
        "ctgr2": "광고선전비",
        "ctgr3": "광고선전비_협찬/제휴",
        "gl_nm": "광고선전비_협찬/제휴",
        "amount": 0.0
      },
      {
        "yyyymm": "202508",
        "ctgr2": "광고선전비",
        "ctgr3": "광고선전비_PR/홍보",
        "gl_nm": "광고선전비_PR/홍보",
        "amount": 0.0
      },
      {
        "yyyymm": "202508",
        "ctgr2": "광고선전비",
        "ctgr3": "(E-BIZ)광고선전비_촬영/기타",
        "gl_nm": "(E-BIZ)광고선전비_촬영/기타",
        "amount": 0.0
      },
      {
        "yyyymm": "202508",
        "ctgr2": "광고선전비",
        "ctgr3": "광고선전비_기타",
        "gl_nm": "광고선전비_물류_재고대체",
        "amount": 0.0
      },
      {
        "yyyymm": "202508",
        "ctgr2": "광고선전비",
        "ctgr3": "광고선전비_기타",
        "gl_nm": "광고선전비_기타",
        "amount": 0.0
      },
      {
        "yyyymm": "202508",
        "ctgr2": "광고선전비",
        "ctgr3": "(E-BIZ)광고선전비_매체광고",
        "gl_nm": "(E-BIZ)광고선전비_매체광고",
        "amount": 0.0
      },
      {
        "yyyymm": "202508",
        "ctgr2": "광고선전비",
        "ctgr3": "광고선전비_콘텐츠제작",
        "gl_nm": "광고선전비_콘텐츠제작",
        "amount": -1.0
      },
      {
        "yyyymm": "202509",
        "ctgr2": "광고선전비",
        "ctgr3": "광고선전비_기타",
        "gl_nm": "광고선전비_기타",
        "amount": 27.95
      },
      {
        "yyyymm": "202509",
        "ctgr2": "광고선전비",
        "ctgr3": "광고선전비_매체집행_온라인",
        "gl_nm": "광고선전비_매체집행_온라인",
        "amount": 21.93
      },
      {
        "yyyymm": "202509",
        "ctgr2": "광고선전비",
        "ctgr3": "광고선전비_협찬/제휴",
        "gl_nm": "광고선전비_협찬/제휴",
        "amount": 0.0
      },
      {
        "yyyymm": "202509",
        "ctgr2": "광고선전비",
        "ctgr3": "(E-BIZ)광고선전비_매체광고",
        "gl_nm": "(E-BIZ)광고선전비_매체광고",
        "amount": 0.0
      },
      {
        "yyyymm": "202509",
        "ctgr2": "광고선전비",
        "ctgr3": "광고선전비_협찬/제휴",
        "gl_nm": "광고선전비_물류",
        "amount": 0.0
      },
      {
        "yyyymm": "202509",
        "ctgr2": "광고선전비",
        "ctgr3": "광고선전비_콘텐츠제작",
        "gl_nm": "광고선전비_콘텐츠제작",
        "amount": 0.0
      },
      {
        "yyyymm": "202509",
        "ctgr2": "광고선전비",
        "ctgr3": "광고선전비_기타",
        "gl_nm": "광고선전비_물류_재고대체",
        "amount": 0.0
      },
      {
        "yyyymm": "202509",
        "ctgr2": "광고선전비",
        "ctgr3": "광고선전비_모델료",
        "gl_nm": "광고선전비_모델료",
        "amount": 0.0
      },
      {
        "yyyymm": "202509",
        "ctgr2": "광고선전비",
        "ctgr3": "(E-BIZ)광고선전비_촬영/기타",
        "gl_nm": "(E-BIZ)광고선전비_촬영/기타",
        "amount": 0.0
      },
      {
        "yyyymm": "202509",
        "ctgr2": "광고선전비",
        "ctgr3": "광고선전비_PR/홍보",
        "gl_nm": "광고선전비_PR/홍보",
        "amount": 0.0
      },
      {
        "yyyymm": "202510",
        "ctgr2": "광고선전비",
        "ctgr3": "광고선전비_매체집행_온라인",
        "gl_nm": "광고선전비_매체집행_온라인",
        "amount": 22.8
      },
      {
        "yyyymm": "202510",
        "ctgr2": "광고선전비",
        "ctgr3": "광고선전비_기타",
        "gl_nm": "광고선전비_물류_재고대체",
        "amount": 0.0
      },
      {
        "yyyymm": "202510",
        "ctgr2": "광고선전비",
        "ctgr3": "광고선전비_협찬/제휴",
        "gl_nm": "광고선전비_협찬/제휴",
        "amount": 0.0
      },
      {
        "yyyymm": "202510",
        "ctgr2": "광고선전비",
        "ctgr3": "(E-BIZ)광고선전비_촬영/기타",
        "gl_nm": "(E-BIZ)광고선전비_촬영/기타",
        "amount": 0.0
      },
      {
        "yyyymm": "202510",
        "ctgr2": "광고선전비",
        "ctgr3": "광고선전비_콘텐츠제작",
        "gl_nm": "광고선전비_콘텐츠제작",
        "amount": 0.0
      },
      {
        "yyyymm": "202510",
        "ctgr2": "광고선전비",
        "ctgr3": "광고선전비_기타",
        "gl_nm": "광고선전비_기타",
        "amount": 0.0
      },
      {
        "yyyymm": "202510",
        "ctgr2": "광고선전비",
        "ctgr3": "광고선전비_PR/홍보",
        "gl_nm": "광고선전비_PR/홍보",
        "amount": 0.0
      },
      {
        "yyyymm": "202510",
        "ctgr2": "광고선전비",
        "ctgr3": "광고선전비_모델료",
        "gl_nm": "광고선전비_모델료",
        "amount": 0.0
      },
      {
        "yyyymm": "202510",
        "ctgr2": "광고선전비",
        "ctgr3": "광고선전비_협찬/제휴",
        "gl_nm": "광고선전비_물류",
        "amount": 0.0
      },
      {
        "yyyymm": "202510",
        "ctgr2": "광고선전비",
        "ctgr3": "(E-BIZ)광고선전비_매체광고",
        "gl_nm": "(E-BIZ)광고선전비_매체광고",
        "amount": 0.0
      },
      {
        "yyyymm": "202511",
        "ctgr2": "광고선전비",
        "ctgr3": "광고선전비_매체집행_온라인",
        "gl_nm": "광고선전비_매체집행_온라인",
        "amount": 41.26
      },
      {
        "yyyymm": "202511",
        "ctgr2": "광고선전비",
        "ctgr3": "광고선전비_PR/홍보",
        "gl_nm": "광고선전비_PR/홍보",
        "amount": 0.0
      },
      {
        "yyyymm": "202511",
        "ctgr2": "광고선전비",
        "ctgr3": "광고선전비_콘텐츠제작",
        "gl_nm": "광고선전비_콘텐츠제작",
        "amount": 0.0
      },
      {
        "yyyymm": "202511",
        "ctgr2": "광고선전비",
        "ctgr3": "광고선전비_협찬/제휴",
        "gl_nm": "광고선전비_물류",
        "amount": 0.0
      },
      {
        "yyyymm": "202511",
        "ctgr2": "광고선전비",
        "ctgr3": "광고선전비_협찬/제휴",
        "gl_nm": "광고선전비_협찬/제휴",
        "amount": 0.0
      },
      {
        "yyyymm": "202511",
        "ctgr2": "광고선전비",
        "ctgr3": "(E-BIZ)광고선전비_매체광고",
        "gl_nm": "(E-BIZ)광고선전비_매체광고",
        "amount": 0.0
      },
      {
        "yyyymm": "202511",
        "ctgr2": "광고선전비",
        "ctgr3": "광고선전비_기타",
        "gl_nm": "광고선전비_물류_재고대체",
        "amount": 0.0
      },
      {
        "yyyymm": "202511",
        "ctgr2": "광고선전비",
        "ctgr3": "(E-BIZ)광고선전비_촬영/기타",
        "gl_nm": "(E-BIZ)광고선전비_촬영/기타",
        "amount": 0.0
      },
      {
        "yyyymm": "202511",
        "ctgr2": "광고선전비",
        "ctgr3": "광고선전비_모델료",
        "gl_nm": "광고선전비_모델료",
        "amount": 0.0
      },
      {
        "yyyymm": "202511",
        "ctgr2": "광고선전비",
        "ctgr3": "광고선전비_기타",
        "gl_nm": "광고선전비_기타",
        "amount": 0.0
      }
    ]
  }
}