{
  "country": "KR",
  "brand_cd": "M",
  "yyyymm": "202511",
  "key": "영업비",
  "sub_key": "공통비",
  "analysis_data": {
    "title": "공통비 분석",
    "sections": [
      {
        "div": "종합분석-1",
        "sub_title": "투자 방향성 종합 평가",
        "ai_text": "MLB 브랜드의 2025년 11월 공통비는 1,874백만원으로 전년대비 128백만원(+7.3%) 증가했습니다. 이는 전체적으로 확장적 투자 기조를 나타내며, 특히 인건비 중심의 조직 역량 강화에 집중한 전략적 투자 패턴을 보입니다. 공통비 배부는 소폭 감소(-4백만원)한 반면, 공통 인건비는 133백만원(+20.0%) 대폭 증가하여 인적 자원 투자에 대한 강력한 의지를 확인할 수 있습니다."
      },
      {
        "div": "종합분석-2",
        "sub_title": "효율적 투자 영역",
        "ai_text": "• 공통 인건비 전략적 확대: 665백만원→798백만원(+133백만원, +20.0%)으로 핵심 인재 확보 및 조직 경쟁력 강화\n• 균형잡힌 투자 구조: 공통비 배부의 안정적 유지(1,081백만원→1,076백만원)로 기존 운영 효율성 보존\n• 선택적 집중 전략: 총 공통비 증가율(7.3%)이 인건비 증가율(20.0%)보다 낮아 효율적 예산 재배분 실현\n• 미래 성장 기반 구축: 인적 자원 투자 확대를 통한 브랜드 운영 역량 및 마케팅 전문성 제고"
      },
      {
        "div": "종합분석-3",
        "sub_title": "주의 필요 영역",
        "ai_text": "• 인건비 급증에 따른 ROI 관리: 20.0% 증가한 인건비 투자 대비 매출 성과 창출 압박 증가\n• 고정비 부담 확대: 인건비 증가로 인한 손익분기점 상승 및 경영 유연성 제약 우려\n• 투자 효과 검증 필요: 대규모 인건비 투입에 대한 정량적 성과 측정 체계 구축 시급\n• 예산 배분 불균형: 공통비 배부 감소와 인건비 급증의 상반된 패턴으로 인한 운영 효율성 점검 필요"
      },
      {
        "div": "종합분석-4",
        "sub_title": "이상징후 및 리스크 감지",
        "ai_text": "• 투자 구조의 급격한 변화: 인건비 20.0% 급증과 공통비 배부 소폭 감소의 상반된 움직임이 조직 운영 전략의 근본적 변화를 시사\n• 고정비 리스크 확대: 총 공통비 중 인건비 비중이 37.8%→42.6%로 증가하여 경기 변동에 따른 수익성 악화 위험 증대\n• 투자 회수 압박: 133백만원의 추가 인건비 투입에 대한 단기 성과 창출 압박과 장기 투자 관점의 균형 필요\n• 예산 통제 이슈: 인건비 급증이 계획된 전략적 투자인지 예산 관리 이슈인지에 대한 정밀 검토 요구"
      },
      {
        "div": "종합분석-5",
        "sub_title": "마케팅 전략 최적화 방안",
        "ai_text": "### 즉시 실행 방안\n1. 인건비 투자 효과 측정: 신규 채용 및 인건비 증가 대비 마케팅 성과 KPI 설정 및 분기별 모니터링 체계 구축\n2. 공통비 배부 효율화: 4백만원 감소한 공통비 배부의 세부 내역 분석을 통한 추가 절감 기회 발굴\n3. ROI 기반 예산 재검토: 인건비 증가분에 대한 구체적 성과 목표 설정 및 달성 로드맵 수립\n\n### 중장기 전략 방향\n1. 인적 자원 투자 체계화: 마케팅 전문 인력 확보를 통한 브랜드 경쟁력 강화 및 디지털 마케팅 역량 내재화\n2. 비용 구조 최적화: 고정비 증가에 따른 변동비 효율화 및 매출 증대를 통한 레버리지 효과 극대화\n3. 성과 연동 예산 시스템: 공통비 투자와 브랜드 성과 간 연계성 강화를 위한 데이터 기반 의사결정 체계 도입"
      }
    ]
  },
  "ctgr1": "공통비",
  "summary": {
    "prev_year_total": 1746.19,
    "curr_year_total": 1874.34,
    "change_amount": 128.16,
    "change_pct": 7.3,
    "investment_direction": "증가"
  },
  "categories": [
    {
      "ctgr2": "공통비",
      "ctgr3": "공통비 배부",
      "gl_nm": null,
      "prev_year": 1080.9,
      "curr_year": 1076.31,
      "change": -4.59,
      "change_pct": -0.4,
      "is_new": false,
      "is_discontinued": false
    },
    {
      "ctgr2": "공통비",
      "ctgr3": "공통 인건비",
      "gl_nm": null,
      "prev_year": 665.29,
      "curr_year": 798.03,
      "change": 132.74,
      "change_pct": 20.0,
      "is_new": false,
      "is_discontinued": false
    }
  ],
  "category_summary": {
    "increased": [
      {
        "ctgr2": "공통비",
        "ctgr3": "공통 인건비",
        "gl_nm": null,
        "prev_year": 665.29,
        "curr_year": 798.03,
        "change": 132.74,
        "change_pct": 20.0,
        "is_new": false,
        "is_discontinued": false
      }
    ],
    "decreased": [
      {
        "ctgr2": "공통비",
        "ctgr3": "공통비 배부",
        "gl_nm": null,
        "prev_year": 1080.9,
        "curr_year": 1076.31,
        "change": -4.59,
        "change_pct": -0.4,
        "is_new": false,
        "is_discontinued": false
      }
    ],
    "new_investments": [],
    "discontinued": []
  },
  "raw_data": {
    "total_records": [
      {
        "PST_YYYYMM": "202411",
        "TOTAL_AMT": 1746187054.0
      },
      {
        "PST_YYYYMM": "202511",
        "TOTAL_AMT": 1874342505.0
      }
    ],
    "detail_records": [
      {
        "PST_YYYYMM": "202411",
        "BRD_CD": "M",
        "BRD_NM": "MLB",
        "CTGR1": "공통비",
        "CTGR2": "공통비",
        "CTGR3": "공통비 배부",
        "GL_NM": null,
        "TTL_USE_AMT": 1080901255.0
      },
      {
        "PST_YYYYMM": "202511",
        "BRD_CD": "M",
        "BRD_NM": "MLB",
        "CTGR1": "공통비",
        "CTGR2": "공통비",
        "CTGR3": "공통비 배부",
        "GL_NM": null,
        "TTL_USE_AMT": 1076313663.0
      },
      {
        "PST_YYYYMM": "202511",
        "BRD_CD": "M",
        "BRD_NM": "MLB",
        "CTGR1": "공통비",
        "CTGR2": "공통비",
        "CTGR3": "공통 인건비",
        "GL_NM": null,
        "TTL_USE_AMT": 798028842.0
      },
      {
        "PST_YYYYMM": "202411",
        "BRD_CD": "M",
        "BRD_NM": "MLB",
        "CTGR1": "공통비",
        "CTGR2": "공통비",
        "CTGR3": "공통 인건비",
        "GL_NM": null,
        "TTL_USE_AMT": 665285799.0
      }
    ]
  },
  "trend_data": {
    "trend_months": [
      "202412",
      "202501",
      "202502",
      "202503",
      "202504",
      "202505",
      "202506",
      "202507",
      "202508",
      "202509",
      "202510",
      "202511"
    ],
    "monthly_totals": [
      {
        "yyyymm": "202412",
        "total_amount": 1775.83
      },
      {
        "yyyymm": "202501",
        "total_amount": 2176.92
      },
      {
        "yyyymm": "202502",
        "total_amount": 2185.23
      },
      {
        "yyyymm": "202503",
        "total_amount": 2515.75
      },
      {
        "yyyymm": "202504",
        "total_amount": 3249.02
      },
      {
        "yyyymm": "202505",
        "total_amount": 2489.41
      },
      {
        "yyyymm": "202506",
        "total_amount": 2289.22
      },
      {
        "yyyymm": "202507",
        "total_amount": 2452.61
      },
      {
        "yyyymm": "202508",
        "total_amount": 2858.71
      },
      {
        "yyyymm": "202509",
        "total_amount": 2884.09
      },
      {
        "yyyymm": "202510",
        "total_amount": 2547.2
      },
      {
        "yyyymm": "202511",
        "total_amount": 1874.34
      }
    ],
    "monthly_details": [
      {
        "yyyymm": "202412",
        "ctgr2": "공통비",
        "ctgr3": "공통비 배부",
        "gl_nm": null,
        "amount": 1122.65
      },
      {
        "yyyymm": "202412",
        "ctgr2": "공통비",
        "ctgr3": "공통 인건비",
        "gl_nm": null,
        "amount": 653.18
      },
      {
        "yyyymm": "202501",
        "ctgr2": "공통비",
        "ctgr3": "공통비 배부",
        "gl_nm": null,
        "amount": 1346.23
      },
      {
        "yyyymm": "202501",
        "ctgr2": "공통비",
        "ctgr3": "공통 인건비",
        "gl_nm": null,
        "amount": 830.69
      },
      {
        "yyyymm": "202502",
        "ctgr2": "공통비",
        "ctgr3": "공통비 배부",
        "gl_nm": null,
        "amount": 1342.06
      },
      {
        "yyyymm": "202502",
        "ctgr2": "공통비",
        "ctgr3": "공통 인건비",
        "gl_nm": null,
        "amount": 843.17
      },
      {
        "yyyymm": "202503",
        "ctgr2": "공통비",
        "ctgr3": "공통비 배부",
        "gl_nm": null,
        "amount": 1492.36
      },
      {
        "yyyymm": "202503",
        "ctgr2": "공통비",
        "ctgr3": "공통 인건비",
        "gl_nm": null,
        "amount": 1023.39
      },
      {
        "yyyymm": "202504",
        "ctgr2": "공통비",
        "ctgr3": "공통 인건비",
        "gl_nm": null,
        "amount": 1687.87
      },
      {
        "yyyymm": "202504",
        "ctgr2": "공통비",
        "ctgr3": "공통비 배부",
        "gl_nm": null,
        "amount": 1561.15
      },
      {
        "yyyymm": "202505",
        "ctgr2": "공통비",
        "ctgr3": "공통비 배부",
        "gl_nm": null,
        "amount": 1410.83
      },
      {
        "yyyymm": "202505",
        "ctgr2": "공통비",
        "ctgr3": "공통 인건비",
        "gl_nm": null,
        "amount": 1078.58
      },
      {
        "yyyymm": "202506",
        "ctgr2": "공통비",
        "ctgr3": "공통비 배부",
        "gl_nm": null,
        "amount": 1245.83
      },
      {
        "yyyymm": "202506",
        "ctgr2": "공통비",
        "ctgr3": "공통 인건비",
        "gl_nm": null,
        "amount": 1043.39
      },
      {
        "yyyymm": "202507",
        "ctgr2": "공통비",
        "ctgr3": "공통비 배부",
        "gl_nm": null,
        "amount": 1450.93
      },
      {
        "yyyymm": "202507",
        "ctgr2": "공통비",
        "ctgr3": "공통 인건비",
        "gl_nm": null,
        "amount": 1001.67
      },
      {
        "yyyymm": "202508",
        "ctgr2": "공통비",
        "ctgr3": "공통비 배부",
        "gl_nm": null,
        "amount": 1679.85
      },
      {
        "yyyymm": "202508",
        "ctgr2": "공통비",
        "ctgr3": "공통 인건비",
        "gl_nm": null,
        "amount": 1178.85
      },
      {
        "yyyymm": "202509",
        "ctgr2": "공통비",
        "ctgr3": "공통비 배부",
        "gl_nm": null,
        "amount": 1722.66
      },
      {
        "yyyymm": "202509",
        "ctgr2": "공통비",
        "ctgr3": "공통 인건비",
        "gl_nm": null,
        "amount": 1161.42
      },
      {
        "yyyymm": "202510",
        "ctgr2": "공통비",
        "ctgr3": "공통 인건비",
        "gl_nm": null,
        "amount": 1369.71
      },
      {
        "yyyymm": "202510",
        "ctgr2": "공통비",
        "ctgr3": "공통비 배부",
        "gl_nm": null,
        "amount": 1177.49
      },
      {
        "yyyymm": "202511",
        "ctgr2": "공통비",
        "ctgr3": "공통비 배부",
        "gl_nm": null,
        "amount": 1076.31
      },
      {
        "yyyymm": "202511",
        "ctgr2": "공통비",
        "ctgr3": "공통 인건비",
        "gl_nm": null,
        "amount": 798.03
      }
    ]
  }
}