{
  "country": "KR",
  "brand_cd": "M",
  "brand_name": "MLB",
  "yyyymm": "202511",
  "yyyymm_py": "202411",
  "key": "월별아이템별매출추세",
  "analysis_data": {
    "title": "아이템별 매출 종합분석 (당해 1월~현재월)",
    "sections": [
      {
        "div": "종합분석-1",
        "sub_title": "시즌 트렌드",
        "ai_text": "• 25S 의류는 45,033백만원으로 전체 매출의 15.1%를 차지하며, 3-5월 피크 후 하반기 급감하는 전형적인 봄여름 패턴을 보이고 전년 대비 127.2% 성장\n• 25F 의류는 25,814백만원으로 8-11월 집중 판매되며, 10-11월 급성장(8,407백만원→11,654백만원)하여 가을겨울 시즌 강세를 보이나 전년 대비 83.0%로 다소 부진\n• 과시즌 의류는 6,613백만원으로 1월 집중(4,216백만원) 후 연중 저조한 매출을 유지하며, 전년 대비 74.0%로 가장 큰 하락세"
      },
      {
        "div": "종합분석-2",
        "sub_title": "카테고리",
        "ai_text": "• 모자는 129,207백만원으로 전체 매출의 42.7%를 차지하는 핵심 카테고리이며, 4-5월과 10월 피크를 보이며 전년 대비 111.3% 안정적 성장\n• 신발은 66,344백만원으로 21.6% 비중을 차지하나, 상반기 강세(1-4월 평균 7,928백만원) 대비 하반기 부진(6-8월 평균 3,842백만원)하며 전년 대비 81.1%로 하락\n• 가방은 29,675백만원으로 10.0% 비중이며 월별 변동폭이 적어 안정적 매출을 유지하고 전년 대비 98.4%로 현상 유지 수준"
      },
      {
        "div": "종합분석-3",
        "sub_title": "핵심액션",
        "ai_text": "• F시즌 의류 조기 입점 및 프로모션 강화로 8-9월 매출 확대를 통해 전년 대비 부진(83.0%) 개선 및 겨울 시즌 대비 강화\n• 신발 카테고리 하반기 부진 해결을 위해 6-8월 여름 신발 라인업 확대 및 스포츠 마케팅 연계한 시즌별 차별화 상품 기획\n• 모자 카테고리 우위를 활용한 크로스셀링 전략으로 가방·기타ACC 연관 판매 확대 및 세트 상품 기획을 통한 객단가 상승"
      }
    ]
  },
  "summary": {
    "total_sales": 303955.0,
    "unique_months": 11,
    "analysis_period": "2025년 01월 ~ 2025년 11월"
  },
  "season_items": [
    {
      "name": "25S 의류",
      "total_sales": 45033.0,
      "months": {
        "01": 2967.0,
        "02": 4980.0,
        "03": 8513.0,
        "04": 7229.0,
        "05": 7151.0,
        "06": 5426.0,
        "07": 4890.0,
        "08": 2692.0,
        "09": 854.0,
        "10": 304.0,
        "11": 27.0
      },
      "avg_ratio": 15.090909090909092,
      "avg_yoy": 127.18181818181819
    },
    {
      "name": "25F 의류",
      "total_sales": 25814.0,
      "months": {
        "05": 0.0,
        "06": 165.0,
        "07": 457.0,
        "08": 1438.0,
        "09": 3693.0,
        "10": 8407.0,
        "11": 11654.0
      },
      "avg_ratio": 12.285714285714286,
      "avg_yoy": 83.0
    },
    {
      "name": "과시즌 의류",
      "total_sales": 6613.0,
      "months": {
        "01": 4216.0,
        "02": 1279.0,
        "03": 312.0,
        "04": 63.0,
        "05": 23.0,
        "06": 15.0,
        "07": 89.0,
        "08": 104.0,
        "09": 159.0,
        "10": 192.0,
        "11": 161.0
      },
      "avg_ratio": 2.1818181818181817,
      "avg_yoy": 74.0
    }
  ],
  "category_items": [
    {
      "name": "모자",
      "total_sales": 129207.0,
      "months": {
        "01": 8170.0,
        "02": 8908.0,
        "03": 12748.0,
        "04": 13680.0,
        "05": 14614.0,
        "06": 10814.0,
        "07": 9495.0,
        "08": 10519.0,
        "09": 11987.0,
        "10": 15226.0,
        "11": 13046.0
      },
      "avg_ratio": 42.72727272727273,
      "avg_yoy": 111.27272727272727
    },
    {
      "name": "신발",
      "total_sales": 66344.0,
      "months": {
        "01": 7992.0,
        "02": 7317.0,
        "03": 7942.0,
        "04": 8460.0,
        "05": 6605.0,
        "06": 3640.0,
        "07": 3963.0,
        "08": 3923.0,
        "09": 5210.0,
        "10": 5775.0,
        "11": 5517.0
      },
      "avg_ratio": 21.636363636363637,
      "avg_yoy": 81.0909090909091
    },
    {
      "name": "가방",
      "total_sales": 29675.0,
      "months": {
        "01": 2799.0,
        "02": 3223.0,
        "03": 3650.0,
        "04": 2336.0,
        "05": 2887.0,
        "06": 2869.0,
        "07": 2516.0,
        "08": 2738.0,
        "09": 2432.0,
        "10": 1762.0,
        "11": 2463.0
      },
      "avg_ratio": 10.0,
      "avg_yoy": 98.36363636363636
    },
    {
      "name": "기타ACC",
      "total_sales": 1272.0,
      "months": {
        "01": 141.0,
        "02": 79.0,
        "03": 86.0,
        "04": 97.0,
        "05": 119.0,
        "06": 117.0,
        "07": 115.0,
        "08": 105.0,
        "09": 83.0,
        "10": 89.0,
        "11": 241.0
      },
      "avg_ratio": 0.36363636363636365,
      "avg_yoy": 146.9090909090909
    }
  ],
  "raw_data": {
    "sample_records": [
      {
        "MONTH": "01",
        "CHNL_NM": "전체",
        "SALE_AMT": 26285.0,
        "RATIO": 100.0,
        "YOY": 94.0,
        "SEQ": 1
      },
      {
        "MONTH": "01",
        "CHNL_NM": "플래그쉽",
        "SALE_AMT": 985.0,
        "RATIO": 4.0,
        "YOY": 129.0,
        "SEQ": 2
      },
      {
        "MONTH": "01",
        "CHNL_NM": "백화점",
        "SALE_AMT": 6456.0,
        "RATIO": 25.0,
        "YOY": 103.0,
        "SEQ": 2
      },
      {
        "MONTH": "01",
        "CHNL_NM": "대리점",
        "SALE_AMT": 4506.0,
        "RATIO": 17.0,
        "YOY": 111.0,
        "SEQ": 2
      },
      {
        "MONTH": "01",
        "CHNL_NM": "직영기타",
        "SALE_AMT": 789.0,
        "RATIO": 3.0,
        "YOY": 116.0,
        "SEQ": 2
      },
      {
        "MONTH": "01",
        "CHNL_NM": "제휴몰",
        "SALE_AMT": 1806.0,
        "RATIO": 7.0,
        "YOY": 130.0,
        "SEQ": 2
      },
      {
        "MONTH": "01",
        "CHNL_NM": "자사몰",
        "SALE_AMT": 532.0,
        "RATIO": 2.0,
        "YOY": 77.0,
        "SEQ": 2
      },
      {
        "MONTH": "01",
        "CHNL_NM": "면세점",
        "SALE_AMT": 9646.0,
        "RATIO": 37.0,
        "YOY": 78.0,
        "SEQ": 2
      },
      {
        "MONTH": "01",
        "CHNL_NM": "RF",
        "SALE_AMT": 1565.0,
        "RATIO": 6.0,
        "YOY": 98.0,
        "SEQ": 2
      },
      {
        "MONTH": "01",
        "CHNL_NM": "25S 의류",
        "SALE_AMT": 2967.0,
        "RATIO": 11.0,
        "YOY": 122.0,
        "SEQ": 3
      },
      {
        "MONTH": "01",
        "CHNL_NM": "과시즌 의류",
        "SALE_AMT": 4216.0,
        "RATIO": 16.0,
        "YOY": 115.0,
        "SEQ": 3
      },
      {
        "MONTH": "01",
        "CHNL_NM": "모자",
        "SALE_AMT": 8170.0,
        "RATIO": 31.0,
        "YOY": 100.0,
        "SEQ": 3
      },
      {
        "MONTH": "01",
        "CHNL_NM": "신발",
        "SALE_AMT": 7992.0,
        "RATIO": 30.0,
        "YOY": 76.0,
        "SEQ": 3
      },
      {
        "MONTH": "01",
        "CHNL_NM": "가방",
        "SALE_AMT": 2799.0,
        "RATIO": 11.0,
        "YOY": 90.0,
        "SEQ": 3
      },
      {
        "MONTH": "01",
        "CHNL_NM": "기타ACC",
        "SALE_AMT": 141.0,
        "RATIO": 1.0,
        "YOY": 226.0,
        "SEQ": 3
      },
      {
        "MONTH": "02",
        "CHNL_NM": "전체",
        "SALE_AMT": 25785.0,
        "RATIO": 100.0,
        "YOY": 92.0,
        "SEQ": 1
      },
      {
        "MONTH": "02",
        "CHNL_NM": "플래그쉽",
        "SALE_AMT": 1005.0,
        "RATIO": 4.0,
        "YOY": 101.0,
        "SEQ": 2
      },
      {
        "MONTH": "02",
        "CHNL_NM": "백화점",
        "SALE_AMT": 6461.0,
        "RATIO": 25.0,
        "YOY": 104.0,
        "SEQ": 2
      },
      {
        "MONTH": "02",
        "CHNL_NM": "대리점",
        "SALE_AMT": 4098.0,
        "RATIO": 16.0,
        "YOY": 99.0,
        "SEQ": 2
      },
      {
        "MONTH": "02",
        "CHNL_NM": "직영기타",
        "SALE_AMT": 604.0,
        "RATIO": 2.0,
        "YOY": 66.0,
        "SEQ": 2
      },
      {
        "MONTH": "02",
        "CHNL_NM": "제휴몰",
        "SALE_AMT": 1490.0,
        "RATIO": 6.0,
        "YOY": 117.0,
        "SEQ": 2
      },
      {
        "MONTH": "02",
        "CHNL_NM": "자사몰",
        "SALE_AMT": 559.0,
        "RATIO": 2.0,
        "YOY": 96.0,
        "SEQ": 2
      },
      {
        "MONTH": "02",
        "CHNL_NM": "면세점",
        "SALE_AMT": 9839.0,
        "RATIO": 38.0,
        "YOY": 79.0,
        "SEQ": 2
      },
      {
        "MONTH": "02",
        "CHNL_NM": "RF",
        "SALE_AMT": 1729.0,
        "RATIO": 7.0,
        "YOY": 121.0,
        "SEQ": 2
      },
      {
        "MONTH": "02",
        "CHNL_NM": "25S 의류",
        "SALE_AMT": 4980.0,
        "RATIO": 19.0,
        "YOY": 88.0,
        "SEQ": 3
      },
      {
        "MONTH": "02",
        "CHNL_NM": "과시즌 의류",
        "SALE_AMT": 1279.0,
        "RATIO": 5.0,
        "YOY": 159.0,
        "SEQ": 3
      },
      {
        "MONTH": "02",
        "CHNL_NM": "모자",
        "SALE_AMT": 8908.0,
        "RATIO": 35.0,
        "YOY": 123.0,
        "SEQ": 3
      },
      {
        "MONTH": "02",
        "CHNL_NM": "신발",
        "SALE_AMT": 7317.0,
        "RATIO": 28.0,
        "YOY": 64.0,
        "SEQ": 3
      },
      {
        "MONTH": "02",
        "CHNL_NM": "가방",
        "SALE_AMT": 3223.0,
        "RATIO": 12.0,
        "YOY": 123.0,
        "SEQ": 3
      },
      {
        "MONTH": "02",
        "CHNL_NM": "기타ACC",
        "SALE_AMT": 79.0,
        "RATIO": 0.0,
        "YOY": 154.0,
        "SEQ": 3
      },
      {
        "MONTH": "03",
        "CHNL_NM": "전체",
        "SALE_AMT": 33251.0,
        "RATIO": 100.0,
        "YOY": 95.0,
        "SEQ": 1
      },
      {
        "MONTH": "03",
        "CHNL_NM": "플래그쉽",
        "SALE_AMT": 1648.0,
        "RATIO": 5.0,
        "YOY": 120.0,
        "SEQ": 2
      },
      {
        "MONTH": "03",
        "CHNL_NM": "백화점",
        "SALE_AMT": 8536.0,
        "RATIO": 26.0,
        "YOY": 105.0,
        "SEQ": 2
      },
      {
        "MONTH": "03",
        "CHNL_NM": "대리점",
        "SALE_AMT": 6007.0,
        "RATIO": 18.0,
        "YOY": 106.0,
        "SEQ": 2
      },
      {
        "MONTH": "03",
        "CHNL_NM": "직영기타",
        "SALE_AMT": 791.0,
        "RATIO": 2.0,
        "YOY": 80.0,
        "SEQ": 2
      },
      {
        "MONTH": "03",
        "CHNL_NM": "제휴몰",
        "SALE_AMT": 1593.0,
        "RATIO": 5.0,
        "YOY": 108.0,
        "SEQ": 2
      },
      {
        "MONTH": "03",
        "CHNL_NM": "자사몰",
        "SALE_AMT": 777.0,
        "RATIO": 2.0,
        "YOY": 84.0,
        "SEQ": 2
      },
      {
        "MONTH": "03",
        "CHNL_NM": "면세점",
        "SALE_AMT": 11909.0,
        "RATIO": 36.0,
        "YOY": 84.0,
        "SEQ": 2
      },
      {
        "MONTH": "03",
        "CHNL_NM": "RF",
        "SALE_AMT": 1990.0,
        "RATIO": 6.0,
        "YOY": 94.0,
        "SEQ": 2
      },
      {
        "MONTH": "03",
        "CHNL_NM": "25S 의류",
        "SALE_AMT": 8513.0,
        "RATIO": 26.0,
        "YOY": 90.0,
        "SEQ": 3
      },
      {
        "MONTH": "03",
        "CHNL_NM": "과시즌 의류",
        "SALE_AMT": 312.0,
        "RATIO": 1.0,
        "YOY": 236.0,
        "SEQ": 3
      },
      {
        "MONTH": "03",
        "CHNL_NM": "모자",
        "SALE_AMT": 12748.0,
        "RATIO": 38.0,
        "YOY": 103.0,
        "SEQ": 3
      },
      {
        "MONTH": "03",
        "CHNL_NM": "신발",
        "SALE_AMT": 7942.0,
        "RATIO": 24.0,
        "YOY": 74.0,
        "SEQ": 3
      },
      {
        "MONTH": "03",
        "CHNL_NM": "가방",
        "SALE_AMT": 3650.0,
        "RATIO": 11.0,
        "YOY": 168.0,
        "SEQ": 3
      },
      {
        "MONTH": "03",
        "CHNL_NM": "기타ACC",
        "SALE_AMT": 86.0,
        "RATIO": 0.0,
        "YOY": 155.0,
        "SEQ": 3
      },
      {
        "MONTH": "04",
        "CHNL_NM": "전체",
        "SALE_AMT": 31864.0,
        "RATIO": 100.0,
        "YOY": 92.0,
        "SEQ": 1
      },
      {
        "MONTH": "04",
        "CHNL_NM": "플래그쉽",
        "SALE_AMT": 1852.0,
        "RATIO": 6.0,
        "YOY": 142.0,
        "SEQ": 2
      },
      {
        "MONTH": "04",
        "CHNL_NM": "백화점",
        "SALE_AMT": 7983.0,
        "RATIO": 25.0,
        "YOY": 99.0,
        "SEQ": 2
      },
      {
        "MONTH": "04",
        "CHNL_NM": "대리점",
        "SALE_AMT": 5595.0,
        "RATIO": 18.0,
        "YOY": 104.0,
        "SEQ": 2
      },
      {
        "MONTH": "04",
        "CHNL_NM": "직영기타",
        "SALE_AMT": 566.0,
        "RATIO": 2.0,
        "YOY": 63.0,
        "SEQ": 2
      },
      {
        "MONTH": "04",
        "CHNL_NM": "제휴몰",
        "SALE_AMT": 1528.0,
        "RATIO": 5.0,
        "YOY": 95.0,
        "SEQ": 2
      },
      {
        "MONTH": "04",
        "CHNL_NM": "자사몰",
        "SALE_AMT": 798.0,
        "RATIO": 3.0,
        "YOY": 88.0,
        "SEQ": 2
      },
      {
        "MONTH": "04",
        "CHNL_NM": "면세점",
        "SALE_AMT": 11329.0,
        "RATIO": 36.0,
        "YOY": 79.0,
        "SEQ": 2
      },
      {
        "MONTH": "04",
        "CHNL_NM": "RF",
        "SALE_AMT": 2214.0,
        "RATIO": 7.0,
        "YOY": 99.0,
        "SEQ": 2
      },
      {
        "MONTH": "04",
        "CHNL_NM": "아울렛",
        "SALE_AMT": 0.0,
        "RATIO": 0.0,
        "YOY": 0.0,
        "SEQ": 2
      },
      {
        "MONTH": "04",
        "CHNL_NM": "25S 의류",
        "SALE_AMT": 7229.0,
        "RATIO": 23.0,
        "YOY": 81.0,
        "SEQ": 3
      },
      {
        "MONTH": "04",
        "CHNL_NM": "과시즌 의류",
        "SALE_AMT": 63.0,
        "RATIO": 0.0,
        "YOY": 32.0,
        "SEQ": 3
      },
      {
        "MONTH": "04",
        "CHNL_NM": "모자",
        "SALE_AMT": 13680.0,
        "RATIO": 43.0,
        "YOY": 98.0,
        "SEQ": 3
      },
      {
        "MONTH": "04",
        "CHNL_NM": "신발",
        "SALE_AMT": 8460.0,
        "RATIO": 27.0,
        "YOY": 92.0,
        "SEQ": 3
      },
      {
        "MONTH": "04",
        "CHNL_NM": "가방",
        "SALE_AMT": 2336.0,
        "RATIO": 7.0,
        "YOY": 96.0,
        "SEQ": 3
      },
      {
        "MONTH": "04",
        "CHNL_NM": "기타ACC",
        "SALE_AMT": 97.0,
        "RATIO": 0.0,
        "YOY": 188.0,
        "SEQ": 3
      },
      {
        "MONTH": "05",
        "CHNL_NM": "전체",
        "SALE_AMT": 31398.0,
        "RATIO": 100.0,
        "YOY": 97.0,
        "SEQ": 1
      },
      {
        "MONTH": "05",
        "CHNL_NM": "플래그쉽",
        "SALE_AMT": 2076.0,
        "RATIO": 7.0,
        "YOY": 179.0,
        "SEQ": 2
      },
      {
        "MONTH": "05",
        "CHNL_NM": "백화점",
        "SALE_AMT": 7569.0,
        "RATIO": 24.0,
        "YOY": 97.0,
        "SEQ": 2
      },
      {
        "MONTH": "05",
        "CHNL_NM": "대리점",
        "SALE_AMT": 4484.0,
        "RATIO": 14.0,
        "YOY": 90.0,
        "SEQ": 2
      },
      {
        "MONTH": "05",
        "CHNL_NM": "직영기타",
        "SALE_AMT": 814.0,
        "RATIO": 3.0,
        "YOY": 86.0,
        "SEQ": 2
      },
      {
        "MONTH": "05",
        "CHNL_NM": "제휴몰",
        "SALE_AMT": 1635.0,
        "RATIO": 5.0,
        "YOY": 70.0,
        "SEQ": 2
      },
      {
        "MONTH": "05",
        "CHNL_NM": "자사몰",
        "SALE_AMT": 862.0,
        "RATIO": 3.0,
        "YOY": 99.0,
        "SEQ": 2
      },
      {
        "MONTH": "05",
        "CHNL_NM": "면세점",
        "SALE_AMT": 11844.0,
        "RATIO": 38.0,
        "YOY": 95.0,
        "SEQ": 2
      },
      {
        "MONTH": "05",
        "CHNL_NM": "RF",
        "SALE_AMT": 2115.0,
        "RATIO": 7.0,
        "YOY": 126.0,
        "SEQ": 2
      },
      {
        "MONTH": "05",
        "CHNL_NM": "25F 의류",
        "SALE_AMT": 0.0,
        "RATIO": 0.0,
        "YOY": 0.0,
        "SEQ": 3
      },
      {
        "MONTH": "05",
        "CHNL_NM": "25S 의류",
        "SALE_AMT": 7151.0,
        "RATIO": 23.0,
        "YOY": 97.0,
        "SEQ": 3
      },
      {
        "MONTH": "05",
        "CHNL_NM": "과시즌 의류",
        "SALE_AMT": 23.0,
        "RATIO": 0.0,
        "YOY": 12.0,
        "SEQ": 3
      },
      {
        "MONTH": "05",
        "CHNL_NM": "모자",
        "SALE_AMT": 14614.0,
        "RATIO": 47.0,
        "YOY": 103.0,
        "SEQ": 3
      },
      {
        "MONTH": "05",
        "CHNL_NM": "신발",
        "SALE_AMT": 6605.0,
        "RATIO": 21.0,
        "YOY": 93.0,
        "SEQ": 3
      },
      {
        "MONTH": "05",
        "CHNL_NM": "가방",
        "SALE_AMT": 2887.0,
        "RATIO": 9.0,
        "YOY": 87.0,
        "SEQ": 3
      },
      {
        "MONTH": "05",
        "CHNL_NM": "기타ACC",
        "SALE_AMT": 119.0,
        "RATIO": 0.0,
        "YOY": 201.0,
        "SEQ": 3
      },
      {
        "MONTH": "06",
        "CHNL_NM": "전체",
        "SALE_AMT": 23046.0,
        "RATIO": 100.0,
        "YOY": 86.0,
        "SEQ": 1
      },
      {
        "MONTH": "06",
        "CHNL_NM": "플래그쉽",
        "SALE_AMT": 1889.0,
        "RATIO": 8.0,
        "YOY": 169.0,
        "SEQ": 2
      },
      {
        "MONTH": "06",
        "CHNL_NM": "백화점",
        "SALE_AMT": 5088.0,
        "RATIO": 22.0,
        "YOY": 76.0,
        "SEQ": 2
      },
      {
        "MONTH": "06",
        "CHNL_NM": "대리점",
        "SALE_AMT": 2879.0,
        "RATIO": 12.0,
        "YOY": 67.0,
        "SEQ": 2
      },
      {
        "MONTH": "06",
        "CHNL_NM": "직영기타",
        "SALE_AMT": 718.0,
        "RATIO": 3.0,
        "YOY": 86.0,
        "SEQ": 2
      },
      {
        "MONTH": "06",
        "CHNL_NM": "제휴몰",
        "SALE_AMT": 1984.0,
        "RATIO": 9.0,
        "YOY": 118.0,
        "SEQ": 2
      },
      {
        "MONTH": "06",
        "CHNL_NM": "자사몰",
        "SALE_AMT": 634.0,
        "RATIO": 3.0,
        "YOY": 83.0,
        "SEQ": 2
      },
      {
        "MONTH": "06",
        "CHNL_NM": "면세점",
        "SALE_AMT": 8055.0,
        "RATIO": 35.0,
        "YOY": 83.0,
        "SEQ": 2
      },
      {
        "MONTH": "06",
        "CHNL_NM": "RF",
        "SALE_AMT": 1800.0,
        "RATIO": 8.0,
        "YOY": 113.0,
        "SEQ": 2
      },
      {
        "MONTH": "06",
        "CHNL_NM": "25F 의류",
        "SALE_AMT": 165.0,
        "RATIO": 1.0,
        "YOY": 172.0,
        "SEQ": 3
      },
      {
        "MONTH": "06",
        "CHNL_NM": "25S 의류",
        "SALE_AMT": 5426.0,
        "RATIO": 24.0,
        "YOY": 107.0,
        "SEQ": 3
      },
      {
        "MONTH": "06",
        "CHNL_NM": "과시즌 의류",
        "SALE_AMT": 15.0,
        "RATIO": 0.0,
        "YOY": 11.0,
        "SEQ": 3
      },
      {
        "MONTH": "06",
        "CHNL_NM": "모자",
        "SALE_AMT": 10814.0,
        "RATIO": 47.0,
        "YOY": 94.0,
        "SEQ": 3
      },
      {
        "MONTH": "06",
        "CHNL_NM": "신발",
        "SALE_AMT": 3640.0,
        "RATIO": 16.0,
        "YOY": 61.0,
        "SEQ": 3
      },
      {
        "MONTH": "06",
        "CHNL_NM": "가방",
        "SALE_AMT": 2869.0,
        "RATIO": 12.0,
        "YOY": 78.0,
        "SEQ": 3
      },
      {
        "MONTH": "06",
        "CHNL_NM": "기타ACC",
        "SALE_AMT": 117.0,
        "RATIO": 1.0,
        "YOY": 117.0,
        "SEQ": 3
      },
      {
        "MONTH": "07",
        "CHNL_NM": "전체",
        "SALE_AMT": 21525.0,
        "RATIO": 100.0,
        "YOY": 97.0,
        "SEQ": 1
      },
      {
        "MONTH": "07",
        "CHNL_NM": "플래그쉽",
        "SALE_AMT": 1977.0,
        "RATIO": 9.0,
        "YOY": 187.0,
        "SEQ": 2
      },
      {
        "MONTH": "07",
        "CHNL_NM": "백화점",
        "SALE_AMT": 4771.0,
        "RATIO": 22.0,
        "YOY": 90.0,
        "SEQ": 2
      },
      {
        "MONTH": "07",
        "CHNL_NM": "대리점",
        "SALE_AMT": 2875.0,
        "RATIO": 13.0,
        "YOY": 77.0,
        "SEQ": 2
      },
      {
        "MONTH": "07",
        "CHNL_NM": "직영기타",
        "SALE_AMT": 794.0,
        "RATIO": 4.0,
        "YOY": 105.0,
        "SEQ": 2
      },
      {
        "MONTH": "07",
        "CHNL_NM": "제휴몰",
        "SALE_AMT": 1731.0,
        "RATIO": 8.0,
        "YOY": 102.0,
        "SEQ": 2
      },
      {
        "MONTH": "07",
        "CHNL_NM": "자사몰",
        "SALE_AMT": 559.0,
        "RATIO": 3.0,
        "YOY": 76.0,
        "SEQ": 2
      }
    ],
    "total_records_count": 174
  }
}