{
  "country": "KR",
  "brand_cd": "M",
  "brand_name": "MLB",
  "yyyymm": "202511",
  "yyyymm_py": "202411",
  "key": "할인율",
  "sub_key": "종합분석",
  "analysis_data": {
    "title": "할인율 종합분석",
    "sections": [
      {
        "div": "종합분석-1",
        "sub_title": "전략 우수 채널",
        "ai_text": "면세점과 제휴몰이 할인율 관리 우수 채널로 확인됩니다.\n• 면세점: 할인율 0.6%로 가장 낮으며, 전년대비 0.3%p 개선\n• 제휴몰: 할인율 2.7%로 낮은 수준이며, 전년대비 1.1%p 대폭 개선\n두 채널 모두 브랜드 가치 보호와 수익성 확보에 성공적인 가격 전략을 구현하고 있습니다."
      },
      {
        "div": "종합분석-2",
        "sub_title": "주의 필요 채널",
        "ai_text": "RF채널과 자사몰의 할인율 관리가 시급한 상황입니다.\n• RF: 할인율 17.8%로 최고 수준 (개선되고 있으나 여전히 과도)\n• 자사몰: 할인율 11.1%로 높으며, 전년대비 1.3%p 악화\n• 대리점(5.4%, +1.0%p), 직영점(4.5%, +0.9%p), 백화점(6.2%, +0.7%p) 모두 할인율 상승세로 수익성 압박 우려"
      },
      {
        "div": "종합분석-3",
        "sub_title": "AI 권장 사항",
        "ai_text": "채널별 차별화된 할인율 최적화 전략 실행이 필요합니다.\n• 자사몰: 프로모션 빈도 조정 및 회원 등급별 차등 할인 체계 도입\n• 대리점/직영점: 할인 가이드라인 강화 및 정가 판매 인센티브 제도 구축\n• RF채널: 재고 관리 체계 개선으로 과도한 할인 의존도 감소 추진"
      }
    ]
  },
  "summary": {
    "total_discount_cy": 4.9,
    "total_discount_py": 4.6,
    "change_pct": 0.3,
    "unique_channels": 9,
    "unique_items": 8,
    "analysis_period": "2024년 11월 vs 2025년 11월"
  },
  "channel_summary": {
    "플래그쉽": {
      "discount_cy": 2.5,
      "discount_py": 2.3,
      "yoy": 0.2
    },
    "백화점": {
      "discount_cy": 6.2,
      "discount_py": 5.5,
      "yoy": 0.7
    },
    "대리점": {
      "discount_cy": 5.4,
      "discount_py": 4.4,
      "yoy": 1.0
    },
    "직영점": {
      "discount_cy": 4.5,
      "discount_py": 3.6,
      "yoy": 0.9
    },
    "자사몰": {
      "discount_cy": 11.1,
      "discount_py": 9.8,
      "yoy": 1.3
    },
    "제휴몰": {
      "discount_cy": 2.7,
      "discount_py": 3.8,
      "yoy": -1.1
    },
    "아울렛": {
      "discount_cy": 0.0,
      "discount_py": 0.0,
      "yoy": 0.0
    },
    "면세점": {
      "discount_cy": 0.6,
      "discount_py": 0.9,
      "yoy": -0.3
    },
    "RF": {
      "discount_cy": 17.8,
      "discount_py": 20.1,
      "yoy": -2.3
    }
  },
  "excellent_channels": [
    {
      "chnl_nm": "면세점",
      "discount_cy": 0.6,
      "yoy": -0.3
    },
    {
      "chnl_nm": "제휴몰",
      "discount_cy": 2.7,
      "yoy": -1.1
    }
  ],
  "warning_channels": [
    {
      "chnl_nm": "RF",
      "discount_cy": 17.8,
      "yoy": -2.3
    },
    {
      "chnl_nm": "자사몰",
      "discount_cy": 11.1,
      "yoy": 1.3
    },
    {
      "chnl_nm": "백화점",
      "discount_cy": 6.2,
      "yoy": 0.7
    },
    {
      "chnl_nm": "대리점",
      "discount_cy": 5.4,
      "yoy": 1.0
    },
    {
      "chnl_nm": "직영점",
      "discount_cy": 4.5,
      "yoy": 0.9
    }
  ],
  "raw_data": {
    "sample_records": [
      {
        "CHNL_NM": "전체",
        "DISCOUNT": 4.9,
        "YOY": 0.3,
        "SEQ": 1
      },
      {
        "CHNL_NM": "플래그쉽",
        "DISCOUNT": 2.5,
        "YOY": 0.2,
        "SEQ": 2
      },
      {
        "CHNL_NM": "백화점",
        "DISCOUNT": 6.2,
        "YOY": 0.7,
        "SEQ": 2
      },
      {
        "CHNL_NM": "대리점",
        "DISCOUNT": 5.4,
        "YOY": 1.0,
        "SEQ": 2
      },
      {
        "CHNL_NM": "직영점",
        "DISCOUNT": 4.5,
        "YOY": 0.9,
        "SEQ": 2
      },
      {
        "CHNL_NM": "자사몰",
        "DISCOUNT": 11.1,
        "YOY": 1.3,
        "SEQ": 2
      },
      {
        "CHNL_NM": "제휴몰",
        "DISCOUNT": 2.7,
        "YOY": -1.1,
        "SEQ": 2
      },
      {
        "CHNL_NM": "아울렛",
        "DISCOUNT": 0.0,
        "YOY": 0.0,
        "SEQ": 2
      },
      {
        "CHNL_NM": "면세점",
        "DISCOUNT": 0.6,
        "YOY": -0.3,
        "SEQ": 2
      },
      {
        "CHNL_NM": "RF",
        "DISCOUNT": 17.8,
        "YOY": -2.3,
        "SEQ": 2
      },
      {
        "CHNL_NM": "25F 의류",
        "DISCOUNT": 5.5,
        "YOY": 1.2,
        "SEQ": 4
      },
      {
        "CHNL_NM": "25S 의류",
        "DISCOUNT": 6.1,
        "YOY": -2.5,
        "SEQ": 4
      },
      {
        "CHNL_NM": "과시즌 의류",
        "DISCOUNT": 13.0,
        "YOY": -17.1,
        "SEQ": 4
      },
      {
        "CHNL_NM": "모자",
        "DISCOUNT": 3.3,
        "YOY": 1.0,
        "SEQ": 4
      },
      {
        "CHNL_NM": "신발",
        "DISCOUNT": 6.8,
        "YOY": -0.3,
        "SEQ": 4
      },
      {
        "CHNL_NM": "가방",
        "DISCOUNT": 5.2,
        "YOY": 1.7,
        "SEQ": 4
      },
      {
        "CHNL_NM": "기타ACC",
        "DISCOUNT": 14.3,
        "YOY": 12.5,
        "SEQ": 4
      },
      {
        "CHNL_NM": "기타",
        "DISCOUNT": 0.0,
        "YOY": 0.0,
        "SEQ": 4
      }
    ],
    "total_records_count": 18
  }
}