{
  "country": "KR",
  "brand_cd": "X",
  "yyyymm": "202511",
  "key": "영업비",
  "sub_key": "VMD__매장보수대",
  "analysis_data": {
    "title": "VMD/ 매장보수대 분석",
    "sections": [
      {
        "div": "종합분석-1",
        "sub_title": "투자 방향성 종합 평가",
        "ai_text": "DISCOVERY 브랜드의 VMD/매장보수대 투자는 2024년 11월 43백만원에서 2025년 11월 25백만원으로 43.0% 감소하여 비용 효율성 중심의 전략적 축소를 실행했습니다. 이는 매장 운영 최적화와 VMD 활동의 선택적 집중을 통한 투자 효율성 개선 의도로 해석됩니다. 전체적으로 보수적 예산 운용과 핵심 매장 중심의 VMD 투자 전략으로 전환된 것으로 판단됩니다."
      },
      {
        "div": "종합분석-2",
        "sub_title": "효율적 투자 영역",
        "ai_text": "• 지급수수료 매장보수대: 21백만원→13백만원으로 37.0% 절감하여 매장 보수 비용 효율성을 크게 개선\n• VMD소모품비 최적화: 23백만원→12백만원으로 48.4% 절감하여 소모품 사용량 합리화 및 재고 관리 효율성 향상\n• 투자 구조 단순화: 두 핵심 계정으로 집중하여 예산 관리 투명성과 효과 측정 용이성 확보\n• 매장 운영비 절감: 전체적인 매장 운영 관련 비용을 체계적으로 절감하여 수익성 개선에 기여"
      },
      {
        "div": "종합분석-3",
        "sub_title": "주의 필요 영역",
        "ai_text": "• VMD 활동 품질 저하 위험: 소모품비 48.4% 절감으로 인한 매장 디스플레이 품질 및 고객 경험 저하 가능성\n• 매장 유지보수 수준 점검: 보수대 37.0% 절감이 매장 시설 상태와 브랜드 이미지에 미치는 영향 모니터링 필요\n• 경쟁력 약화 우려: VMD 투자 축소가 타 브랜드 대비 매장 경쟁력과 고객 어필에 부정적 영향 가능성\n• 절감 수준의 적정성: 43.0%라는 대폭 절감이 과도한 수준인지 매장 성과와 연계하여 검토 필요"
      },
      {
        "div": "종합분석-4",
        "sub_title": "이상징후 및 리스크 감지",
        "ai_text": "• 급격한 투자 축소: 전년대비 43.0% 감소는 일반적인 예산 조정 범위를 초과하는 수준으로, 브랜드 전략의 급격한 변화나 재정적 압박을 시사\n• 균등 절감 패턴: 두 주요 계정 모두 35-50% 범위에서 절감되어, 체계적 축소보다는 일괄적 비용 절감의 성격이 강함\n• 매장 경험 품질 리스크: VMD와 매장보수 동시 축소로 인한 고객 매장 경험 저하와 브랜드 이미지 손상 위험\n• 중장기 브랜드 가치 훼손 가능성: 단기 비용 절감이 브랜드 프리미엄과 고객 충성도에 미치는 부정적 영향 우려"
      },
      {
        "div": "종합분석-5",
        "sub_title": "마케팅 전략 최적화 방안",
        "ai_text": "### 즉시 실행 방안\n1. 매장별 성과 연계 VMD 투자: 매출 기여도가 높은 핵심 매장을 선별하여 VMD 예산을 집중 배분\n2. 소모품 사용 효율성 점검: 월별 소모품 사용량과 매장 디스플레이 효과를 정량적으로 측정하여 최적 사용량 도출\n3. 보수 우선순위 체계 구축: 매장별 시설 상태를 평가하여 브랜드 이미지 영향도가 높은 매장부터 보수 실행\n\n### 중장기 전략 방향\n1. 디지털 VMD 도구 도입: 물리적 소모품 의존도를 줄이고 디지털 디스플레이 솔루션으로 비용 효율성과 효과를 동시 확보\n2. 매장 등급별 차등 투자: A급 매장은 프리미엄 VMD, B급 매장은 효율성 중심으로 차등화된 투자 전략 수립\n3. 성과 기반 예산 체계: 매장별 매출 기여도와 고객 만족도를 기준으로 한 동적 예산 배분 시스템 구축"
      }
    ]
  },
  "ctgr1": "VMD/ 매장보수대",
  "summary": {
    "prev_year_total": 43.47,
    "curr_year_total": 24.78,
    "change_amount": -18.69,
    "change_pct": -43.0,
    "investment_direction": "축소"
  },
  "categories": [
    {
      "ctgr2": "VMD/ 매장보수대",
      "ctgr3": "소모품비_VMD소모품",
      "gl_nm": "소모품비_VMD소모품",
      "prev_year": 22.74,
      "curr_year": 11.72,
      "change": -11.01,
      "change_pct": -48.4,
      "is_new": false,
      "is_discontinued": false
    },
    {
      "ctgr2": "VMD/ 매장보수대",
      "ctgr3": "지급수수료_매장보수대",
      "gl_nm": "지급수수료_매장보수대",
      "prev_year": 20.73,
      "curr_year": 13.05,
      "change": -7.68,
      "change_pct": -37.0,
      "is_new": false,
      "is_discontinued": false
    }
  ],
  "category_summary": {
    "increased": [],
    "decreased": [
      {
        "ctgr2": "VMD/ 매장보수대",
        "ctgr3": "소모품비_VMD소모품",
        "gl_nm": "소모품비_VMD소모품",
        "prev_year": 22.74,
        "curr_year": 11.72,
        "change": -11.01,
        "change_pct": -48.4,
        "is_new": false,
        "is_discontinued": false
      },
      {
        "ctgr2": "VMD/ 매장보수대",
        "ctgr3": "지급수수료_매장보수대",
        "gl_nm": "지급수수료_매장보수대",
        "prev_year": 20.73,
        "curr_year": 13.05,
        "change": -7.68,
        "change_pct": -37.0,
        "is_new": false,
        "is_discontinued": false
      }
    ],
    "new_investments": [],
    "discontinued": []
  },
  "raw_data": {
    "total_records": [
      {
        "PST_YYYYMM": "202411",
        "TOTAL_AMT": 43466060.0
      },
      {
        "PST_YYYYMM": "202511",
        "TOTAL_AMT": 24775682.0
      }
    ],
    "detail_records": [
      {
        "PST_YYYYMM": "202411",
        "BRD_CD": "X",
        "BRD_NM": "DISCOVERY",
        "CTGR1": "VMD/ 매장보수대",
        "CTGR2": "VMD/ 매장보수대",
        "CTGR3": "소모품비_VMD소모품",
        "GL_NM": "소모품비_VMD소모품",
        "TTL_USE_AMT": 22735060.0
      },
      {
        "PST_YYYYMM": "202411",
        "BRD_CD": "X",
        "BRD_NM": "DISCOVERY",
        "CTGR1": "VMD/ 매장보수대",
        "CTGR2": "VMD/ 매장보수대",
        "CTGR3": "지급수수료_매장보수대",
        "GL_NM": "지급수수료_매장보수대",
        "TTL_USE_AMT": 20731000.0
      },
      {
        "PST_YYYYMM": "202511",
        "BRD_CD": "X",
        "BRD_NM": "DISCOVERY",
        "CTGR1": "VMD/ 매장보수대",
        "CTGR2": "VMD/ 매장보수대",
        "CTGR3": "지급수수료_매장보수대",
        "GL_NM": "지급수수료_매장보수대",
        "TTL_USE_AMT": 13051432.0
      },
      {
        "PST_YYYYMM": "202511",
        "BRD_CD": "X",
        "BRD_NM": "DISCOVERY",
        "CTGR1": "VMD/ 매장보수대",
        "CTGR2": "VMD/ 매장보수대",
        "CTGR3": "소모품비_VMD소모품",
        "GL_NM": "소모품비_VMD소모품",
        "TTL_USE_AMT": 11724250.0
      }
    ]
  },
  "trend_data": {
    "trend_months": [
      "202412",
      "202501",
      "202502",
      "202503",
      "202504",
      "202505",
      "202506",
      "202507",
      "202508",
      "202509",
      "202510",
      "202511"
    ],
    "monthly_totals": [
      {
        "yyyymm": "202412",
        "total_amount": 34.05
      },
      {
        "yyyymm": "202501",
        "total_amount": 40.59
      },
      {
        "yyyymm": "202502",
        "total_amount": 30.09
      },
      {
        "yyyymm": "202503",
        "total_amount": 33.89
      },
      {
        "yyyymm": "202504",
        "total_amount": 29.37
      },
      {
        "yyyymm": "202505",
        "total_amount": 21.05
      },
      {
        "yyyymm": "202506",
        "total_amount": 31.34
      },
      {
        "yyyymm": "202507",
        "total_amount": 42.06
      },
      {
        "yyyymm": "202508",
        "total_amount": 28.33
      },
      {
        "yyyymm": "202509",
        "total_amount": 25.19
      },
      {
        "yyyymm": "202510",
        "total_amount": 31.33
      },
      {
        "yyyymm": "202511",
        "total_amount": 24.78
      }
    ],
    "monthly_details": [
      {
        "yyyymm": "202412",
        "ctgr2": "VMD/ 매장보수대",
        "ctgr3": "지급수수료_매장보수대",
        "gl_nm": "지급수수료_매장보수대",
        "amount": 21.21
      },
      {
        "yyyymm": "202412",
        "ctgr2": "VMD/ 매장보수대",
        "ctgr3": "소모품비_VMD소모품",
        "gl_nm": "소모품비_VMD소모품",
        "amount": 12.84
      },
      {
        "yyyymm": "202501",
        "ctgr2": "VMD/ 매장보수대",
        "ctgr3": "소모품비_VMD소모품",
        "gl_nm": "소모품비_VMD소모품",
        "amount": 22.84
      },
      {
        "yyyymm": "202501",
        "ctgr2": "VMD/ 매장보수대",
        "ctgr3": "지급수수료_매장보수대",
        "gl_nm": "지급수수료_매장보수대",
        "amount": 17.75
      },
      {
        "yyyymm": "202502",
        "ctgr2": "VMD/ 매장보수대",
        "ctgr3": "지급수수료_매장보수대",
        "gl_nm": "지급수수료_매장보수대",
        "amount": 23.93
      },
      {
        "yyyymm": "202502",
        "ctgr2": "VMD/ 매장보수대",
        "ctgr3": "소모품비_VMD소모품",
        "gl_nm": "소모품비_VMD소모품",
        "amount": 6.16
      },
      {
        "yyyymm": "202503",
        "ctgr2": "VMD/ 매장보수대",
        "ctgr3": "지급수수료_매장보수대",
        "gl_nm": "지급수수료_매장보수대",
        "amount": 26.05
      },
      {
        "yyyymm": "202503",
        "ctgr2": "VMD/ 매장보수대",
        "ctgr3": "소모품비_VMD소모품",
        "gl_nm": "소모품비_VMD소모품",
        "amount": 7.84
      },
      {
        "yyyymm": "202504",
        "ctgr2": "VMD/ 매장보수대",
        "ctgr3": "소모품비_VMD소모품",
        "gl_nm": "소모품비_VMD소모품",
        "amount": 17.66
      },
      {
        "yyyymm": "202504",
        "ctgr2": "VMD/ 매장보수대",
        "ctgr3": "지급수수료_매장보수대",
        "gl_nm": "지급수수료_매장보수대",
        "amount": 11.71
      },
      {
        "yyyymm": "202505",
        "ctgr2": "VMD/ 매장보수대",
        "ctgr3": "지급수수료_매장보수대",
        "gl_nm": "지급수수료_매장보수대",
        "amount": 20.75
      },
      {
        "yyyymm": "202505",
        "ctgr2": "VMD/ 매장보수대",
        "ctgr3": "소모품비_VMD소모품",
        "gl_nm": "소모품비_VMD소모품",
        "amount": 0.3
      },
      {
        "yyyymm": "202506",
        "ctgr2": "VMD/ 매장보수대",
        "ctgr3": "소모품비_VMD소모품",
        "gl_nm": "소모품비_VMD소모품",
        "amount": 16.08
      },
      {
        "yyyymm": "202506",
        "ctgr2": "VMD/ 매장보수대",
        "ctgr3": "지급수수료_매장보수대",
        "gl_nm": "지급수수료_매장보수대",
        "amount": 15.26
      },
      {
        "yyyymm": "202507",
        "ctgr2": "VMD/ 매장보수대",
        "ctgr3": "지급수수료_매장보수대",
        "gl_nm": "지급수수료_매장보수대",
        "amount": 27.05
      },
      {
        "yyyymm": "202507",
        "ctgr2": "VMD/ 매장보수대",
        "ctgr3": "소모품비_VMD소모품",
        "gl_nm": "소모품비_VMD소모품",
        "amount": 15.01
      },
      {
        "yyyymm": "202508",
        "ctgr2": "VMD/ 매장보수대",
        "ctgr3": "소모품비_VMD소모품",
        "gl_nm": "소모품비_VMD소모품",
        "amount": 17.85
      },
      {
        "yyyymm": "202508",
        "ctgr2": "VMD/ 매장보수대",
        "ctgr3": "지급수수료_매장보수대",
        "gl_nm": "지급수수료_매장보수대",
        "amount": 10.47
      },
      {
        "yyyymm": "202509",
        "ctgr2": "VMD/ 매장보수대",
        "ctgr3": "지급수수료_매장보수대",
        "gl_nm": "지급수수료_매장보수대",
        "amount": 14.55
      },
      {
        "yyyymm": "202509",
        "ctgr2": "VMD/ 매장보수대",
        "ctgr3": "소모품비_VMD소모품",
        "gl_nm": "소모품비_VMD소모품",
        "amount": 10.64
      },
      {
        "yyyymm": "202510",
        "ctgr2": "VMD/ 매장보수대",
        "ctgr3": "지급수수료_매장보수대",
        "gl_nm": "지급수수료_매장보수대",
        "amount": 21.97
      },
      {
        "yyyymm": "202510",
        "ctgr2": "VMD/ 매장보수대",
        "ctgr3": "소모품비_VMD소모품",
        "gl_nm": "소모품비_VMD소모품",
        "amount": 9.36
      },
      {
        "yyyymm": "202511",
        "ctgr2": "VMD/ 매장보수대",
        "ctgr3": "지급수수료_매장보수대",
        "gl_nm": "지급수수료_매장보수대",
        "amount": 13.05
      },
      {
        "yyyymm": "202511",
        "ctgr2": "VMD/ 매장보수대",
        "ctgr3": "소모품비_VMD소모품",
        "gl_nm": "소모품비_VMD소모품",
        "amount": 11.72
      }
    ]
  }
}