{
  "country": "KR",
  "brand_cd": "I",
  "yyyymm": "202511",
  "key": "영업비",
  "sub_key": "자가임차료_사옥_",
  "analysis_data": {
    "title": "자가임차료(사옥) 분석",
    "sections": [
      {
        "div": "종합분석-1",
        "sub_title": "투자 방향성 종합 평가",
        "ai_text": "MLB KIDS 브랜드의 자가임차료(사옥) 투자는 2024년 11월 62백만원에서 2025년 11월 111백만원으로 80.2% 대폭 증가했습니다. 이는 사업 확장 및 인프라 강화를 위한 전략적 투자로 해석되며, 브랜드 성장에 따른 필수적 고정비 증가 양상을 보이고 있습니다. 49백만원의 추가 투입은 조직 확대, 사무공간 확장, 또는 임차료 단가 상승에 따른 것으로 분석됩니다."
      },
      {
        "div": "종합분석-2",
        "sub_title": "효율적 투자 영역",
        "ai_text": "• 사업 기반 인프라 확충: 111백만원 투입으로 MLB KIDS 브랜드 운영 기반 강화\n• 조직 확장 지원: 증가된 사옥 임차료는 인력 확대 및 업무 공간 확보를 통한 사업 역량 강화\n• 안정적 운영 환경: 자가임차료 투자를 통한 장기적 사업 운영 안정성 확보\n• 브랜드 성장 대응: 사업 규모 확대에 따른 필수적 인프라 투자로 지속가능한 성장 기반 마련"
      },
      {
        "div": "종합분석-3",
        "sub_title": "주의 필요 영역",
        "ai_text": "• 급격한 고정비 증가: 전년 대비 80.2% 증가로 손익분기점 상승 및 수익성 압박 요인\n• 비용 효율성 검토: 49백만원 추가 투입 대비 실제 공간 활용도 및 생산성 향상 효과 검증 필요\n• 임차료 단가 상승: 부동산 시장 변화에 따른 임차료 인상이 예산 계획에 미치는 영향 모니터링\n• 장기 계약 리스크: 고정적 성격의 임차료 증가가 향후 사업 유연성에 미치는 제약 검토"
      },
      {
        "div": "종합분석-4",
        "sub_title": "이상징후 및 리스크 감지",
        "ai_text": "• 예산 계획 대비 실제 집행률 점검: 80.2%의 급격한 증가가 예산 계획 범위 내인지 검증 필요\n• 공간 활용도 불균형: 임차료 증가 대비 실제 인력 증가율 및 공간 활용 효율성 분석 요구\n• 수익성 압박 가능성: 고정비 대폭 증가로 인한 매출 대비 비용 구조 악화 리스크 존재\n• 시장 변동성 노출: 부동산 시장 불안정성이 향후 임차료에 미칠 추가적 영향 우려"
      },
      {
        "div": "종합분석-5",
        "sub_title": "마케팅 전략 최적화 방안",
        "ai_text": "### 즉시 실행 방안\n1. 공간 효율성 진단: 현재 사무공간 활용도 및 인력 배치 최적화 검토\n2. 임차료 협상: 장기 계약을 통한 임차료 안정화 및 우대 조건 협상\n3. 비용 모니터링: 월별 임차료 집행 현황 및 예산 대비 실적 관리 체계 구축\n\n### 중장기 전략 방향\n1. 스마트 오피스 도입: 공간 효율성 극대화를 위한 유연 근무제 및 공유 오피스 활용 검토\n2. 사업 확장 연계: 임차료 증가에 상응하는 매출 성장 및 수익성 개선 전략 수립\n3. 대안적 공간 전략: 향후 사업 확장 시 임차료 부담 최소화를 위한 다양한 공간 활용 방안 모색"
      }
    ]
  },
  "ctgr1": "자가임차료(사옥)",
  "summary": {
    "prev_year_total": 61.7,
    "curr_year_total": 111.21,
    "change_amount": 49.51,
    "change_pct": 80.2,
    "investment_direction": "증가"
  },
  "categories": [
    {
      "ctgr2": "자가임차료(사옥)",
      "ctgr3": "자가임차료",
      "gl_nm": "지급임차료_자가임차료",
      "prev_year": 61.7,
      "curr_year": 111.21,
      "change": 49.51,
      "change_pct": 80.2,
      "is_new": false,
      "is_discontinued": false
    }
  ],
  "category_summary": {
    "increased": [
      {
        "ctgr2": "자가임차료(사옥)",
        "ctgr3": "자가임차료",
        "gl_nm": "지급임차료_자가임차료",
        "prev_year": 61.7,
        "curr_year": 111.21,
        "change": 49.51,
        "change_pct": 80.2,
        "is_new": false,
        "is_discontinued": false
      }
    ],
    "decreased": [],
    "new_investments": [],
    "discontinued": []
  },
  "raw_data": {
    "total_records": [
      {
        "PST_YYYYMM": "202411",
        "TOTAL_AMT": 61697000.0
      },
      {
        "PST_YYYYMM": "202511",
        "TOTAL_AMT": 111207000.0
      }
    ],
    "detail_records": [
      {
        "PST_YYYYMM": "202511",
        "BRD_CD": "I",
        "BRD_NM": "MLB KIDS",
        "CTGR1": "자가임차료(사옥)",
        "CTGR2": "자가임차료(사옥)",
        "CTGR3": "자가임차료",
        "GL_NM": "지급임차료_자가임차료",
        "TTL_USE_AMT": 111207000.0
      },
      {
        "PST_YYYYMM": "202411",
        "BRD_CD": "I",
        "BRD_NM": "MLB KIDS",
        "CTGR1": "자가임차료(사옥)",
        "CTGR2": "자가임차료(사옥)",
        "CTGR3": "자가임차료",
        "GL_NM": "지급임차료_자가임차료",
        "TTL_USE_AMT": 61697000.0
      }
    ]
  },
  "trend_data": {
    "trend_months": [
      "202412",
      "202501",
      "202502",
      "202503",
      "202504",
      "202505",
      "202506",
      "202507",
      "202508",
      "202509",
      "202510",
      "202511"
    ],
    "monthly_totals": [
      {
        "yyyymm": "202412",
        "total_amount": 61.7
      },
      {
        "yyyymm": "202501",
        "total_amount": 61.7
      },
      {
        "yyyymm": "202502",
        "total_amount": 61.7
      },
      {
        "yyyymm": "202503",
        "total_amount": 61.7
      },
      {
        "yyyymm": "202504",
        "total_amount": 93.05
      },
      {
        "yyyymm": "202505",
        "total_amount": 111.21
      },
      {
        "yyyymm": "202506",
        "total_amount": 111.21
      },
      {
        "yyyymm": "202507",
        "total_amount": 111.21
      },
      {
        "yyyymm": "202508",
        "total_amount": 111.21
      },
      {
        "yyyymm": "202509",
        "total_amount": 111.21
      },
      {
        "yyyymm": "202510",
        "total_amount": 111.21
      },
      {
        "yyyymm": "202511",
        "total_amount": 111.21
      }
    ],
    "monthly_details": [
      {
        "yyyymm": "202412",
        "ctgr2": "자가임차료(사옥)",
        "ctgr3": "자가임차료",
        "gl_nm": "지급임차료_자가임차료",
        "amount": 61.7
      },
      {
        "yyyymm": "202501",
        "ctgr2": "자가임차료(사옥)",
        "ctgr3": "자가임차료",
        "gl_nm": "지급임차료_자가임차료",
        "amount": 61.7
      },
      {
        "yyyymm": "202502",
        "ctgr2": "자가임차료(사옥)",
        "ctgr3": "자가임차료",
        "gl_nm": "지급임차료_자가임차료",
        "amount": 61.7
      },
      {
        "yyyymm": "202503",
        "ctgr2": "자가임차료(사옥)",
        "ctgr3": "자가임차료",
        "gl_nm": "지급임차료_자가임차료",
        "amount": 61.7
      },
      {
        "yyyymm": "202504",
        "ctgr2": "자가임차료(사옥)",
        "ctgr3": "자가임차료",
        "gl_nm": "지급임차료_자가임차료",
        "amount": 93.05
      },
      {
        "yyyymm": "202505",
        "ctgr2": "자가임차료(사옥)",
        "ctgr3": "자가임차료",
        "gl_nm": "지급임차료_자가임차료",
        "amount": 111.21
      },
      {
        "yyyymm": "202506",
        "ctgr2": "자가임차료(사옥)",
        "ctgr3": "자가임차료",
        "gl_nm": "지급임차료_자가임차료",
        "amount": 111.21
      },
      {
        "yyyymm": "202507",
        "ctgr2": "자가임차료(사옥)",
        "ctgr3": "자가임차료",
        "gl_nm": "지급임차료_자가임차료",
        "amount": 111.21
      },
      {
        "yyyymm": "202508",
        "ctgr2": "자가임차료(사옥)",
        "ctgr3": "자가임차료",
        "gl_nm": "지급임차료_자가임차료",
        "amount": 111.21
      },
      {
        "yyyymm": "202509",
        "ctgr2": "자가임차료(사옥)",
        "ctgr3": "자가임차료",
        "gl_nm": "지급임차료_자가임차료",
        "amount": 111.21
      },
      {
        "yyyymm": "202510",
        "ctgr2": "자가임차료(사옥)",
        "ctgr3": "자가임차료",
        "gl_nm": "지급임차료_자가임차료",
        "amount": 111.21
      },
      {
        "yyyymm": "202511",
        "ctgr2": "자가임차료(사옥)",
        "ctgr3": "자가임차료",
        "gl_nm": "지급임차료_자가임차료",
        "amount": 111.21
      }
    ]
  }
}