{
  "country": "KR",
  "brand_cd": "V",
  "brand_name": "DUVETICA",
  "yyyymm": "202511",
  "yyyymm_py": "202411",
  "key": "실판매출",
  "sub_key": "채널별매출분석",
  "analysis_data": {
    "title": "채널별 매출 top3 분석 (당해 전년 주요변화)",
    "sections": [
      {
        "div": "백화점",
        "sub_title": "백화점 전년대비 주요 변화",
        "ai_text": "• 다운점퍼: 2,271백만원으로 전체 80.0% 비중, 전년 대비 +129.6% 폭증으로 겨울 시즌 핵심 아이템 지위 확고\n• 반팔다운: 233백만원(8.0% 비중)으로 전년 대비 +17.0% 성장, 레이어링 트렌드에 부합한 꾸준한 성장세\n• 팬츠: 103백만원(4.0% 비중)으로 전년 대비 +140.2% 급성장, 토털룩 제안 전략의 성공적 결과\n\n백화점 채널 전체 매출이 2,834백만원으로 전년(1,430백만원) 대비 +98.2% 성장하며 프리미엄 고객층 공략이 성공적으로 진행됨. 다운점퍼의 압도적 성장과 함께 팬츠류의 급성장은 상하의 세트 구매 패턴 확산을 시사하며, 단기적으로는 다운점퍼 중심의 윈터 컬렉션 강화, 중장기적으로는 토털룩 라인업 확대 전략 필요"
      },
      {
        "div": "제휴몰",
        "sub_title": "제휴몰 전년대비 주요 변화",
        "ai_text": "• 다운점퍼: 780백만원으로 전체 64.0% 비중, 온라인 채널 특성상 합리적 가격대 제품 중심 성장\n• 반팔다운: 92백만원(8.0% 비중)으로 레이어링 아이템 수요 지속 증가\n• 방한화: 64백만원(5.0% 비중)으로 액세서리 카테고리 중 최고 매출 달성\n\n제휴몰 전체 매출이 1,223백만원으로 전년(485백만원) 대비 +152.3% 폭증하며 온라인 채널 중 가장 높은 성장률 기록. 방한화가 TOP3에 진입한 것은 겨울 액세서리 수요 증가와 온라인 구매 편의성이 결합된 결과. 단기적으로는 온라인 전용 상품 라인업 강화, 중장기적으로는 제휴몰별 차별화된 상품 믹스 전략 수립 필요"
      },
      {
        "div": "아울렛",
        "sub_title": "아울렛 전년대비 주요 변화",
        "ai_text": "• 다운점퍼: 872백만원으로 전체 79.0% 비중, 가격 민감 고객층의 프리미엄 다운 수요 충족\n• 반팔다운: 57백만원(5.0% 비중)으로 합리적 가격대 레이어링 아이템 인기\n• 다운베스트: 54백만원(5.0% 비중)으로 아울렛 채널 특화 아이템으로 성장\n\n아울렛 전체 매출이 1,101백만원으로 전년(1,032백만원) 대비 +6.7% 안정적 성장세 유지. 다운베스트가 TOP3에 진입한 것은 아울렛 고객의 실용적 구매 패턴을 반영. 다운점퍼 비중이 79%로 높아 계절성에 대한 의존도가 높은 상황. 단기적으로는 사계절 상품 믹스 다양화, 중장기적으로는 아울렛 전용 가성비 라인 개발 전략 필요"
      },
      {
        "div": "자사몰",
        "sub_title": "자사몰 전년대비 주요 변화",
        "ai_text": "• 다운점퍼: 279백만원으로 전체 63.0% 비중, 자사몰 고객의 브랜드 충성도 높은 구매 패턴\n• 반팔다운: 92백만원(21.0% 비중)으로 타 채널 대비 높은 비중, 온라인 고객의 레이어링 선호도 반영\n• 방한화: 20백만원(5.0% 비중)으로 겨울 액세서리 카테고리 성장\n\n자사몰 전체 매출이 440백만원으로 전년(206백만원) 대비 +113.3% 급성장하며 DTC 채널 강화 전략의 성과 가시화. 반팔다운 비중이 21%로 타 채널 대비 높은 것은 자사몰 고객의 스타일링 의식이 높음을 시사. 단기적으로는 자사몰 독점 상품 출시 및 멤버십 혜택 강화, 중장기적으로는 개인화된 추천 시스템 구축 및 커스터마이징 서비스 도입 전략 필요"
      },
      {
        "div": "직영점",
        "sub_title": "직영점 전년대비 주요 변화",
        "ai_text": "• 다운점퍼: 294백만원으로 전체 82.0% 비중, 직영점 고객의 프리미엄 제품 선호도 최고 수준\n• 반팔다운: 23백만원(7.0% 비중)으로 매장 내 스타일링 제안을 통한 판매 증가\n• 방한화: 7백만원(2.0% 비중)으로 직영점 특성상 액세서리 교차 판매 효과\n\n직영점 전체 매출이 359백만원으로 전년(184백만원) 대비 +94.7% 성장하며 오프라인 채널 중 가장 높은 다운점퍼 비중(82%) 기록. 이는 직영점 고객의 높은 구매력과 매장 직원의 전문적 상담 서비스가 결합된 결과. 단기적으로는 VIP 고객 대상 프리미엄 서비스 강화 및 한정판 상품 우선 판매, 중장기적으로는 플래그십 스토어 확대 및 브랜드 체험 공간 구축 전략 필요"
      },
      {
        "div": "종합분석-1",
        "sub_title": "최고 성과 채널",
        "ai_text": "제휴몰이 152.4% 성장으로 최고 성장률을 기록하며 1,223백만원 달성, 자사몰도 113.2% 성장으로 440백만원을 기록했습니다.\n백화점은 98.2% 성장으로 2,834백만원의 최대 매출 규모를 달성하여 전체 매출의 47.6%를 차지하는 핵심 채널로 자리잡았습니다."
      },
      {
        "div": "종합분석-2",
        "sub_title": "개선 필요 채널",
        "ai_text": "아울렛은 6.6% 성장에 그쳐 1,101백만원으로 가장 낮은 성장률을 보이며, 전년 대비 성장 둔화가 뚜렷합니다.\n직영점은 94.7% 성장으로 양호하나 359백만원의 상대적으로 작은 매출 규모로 인해 브랜드 전체 성장에 대한 기여도가 제한적입니다."
      },
      {
        "div": "종합분석-3",
        "sub_title": "핵심 제안",
        "ai_text": "아울렛 채널의 상품 구성 및 마케팅 전략 재점검을 통해 성장 동력 확보가 필요하며, 제휴몰의 성공 요인을 벤치마킹해야 합니다.\n직영점 매출 확대를 위한 입지 다각화 및 백화점-자사몰 연계 전략을 통해 옴니채널 시너지 극대화 방안을 수립해야 합니다."
      }
    ]
  },
  "summary": {
    "total_sales": 9294.56,
    "total_sales_cy": 5957.04,
    "total_sales_py": 3337.52,
    "change_pct": 78.5,
    "unique_channels": 5,
    "unique_items": 53,
    "unique_months": 2,
    "analysis_period": "2024년 11월 vs 2025년 11월"
  },
  "channel_summary": {
    "백화점": {
      "total_sales": 4264.47,
      "months": {
        "202511": 2834374090.0,
        "202411": 1430094540.0
      },
      "top_items": [
        {
          "class3": "다운점퍼",
          "total_sales": 3260.39
        },
        {
          "class3": "반팔다운",
          "total_sales": 431.49
        },
        {
          "class3": "팬츠",
          "total_sales": 146.18
        },
        {
          "class3": "다운베스트",
          "total_sales": 76.64
        },
        {
          "class3": "방한화",
          "total_sales": 54.56
        }
      ]
    },
    "제휴몰": {
      "total_sales": 1707.25,
      "months": {
        "202511": 1222783850.0,
        "202411": 484469300.0
      },
      "top_items": [
        {
          "class3": "다운점퍼",
          "total_sales": 1065.47
        },
        {
          "class3": "반팔다운",
          "total_sales": 149.95
        },
        {
          "class3": "방한화",
          "total_sales": 97.43
        },
        {
          "class3": "다운베스트",
          "total_sales": 64.74
        },
        {
          "class3": "팬츠",
          "total_sales": 50.68
        }
      ]
    },
    "아울렛": {
      "total_sales": 2133.0,
      "months": {
        "202511": 1100812050.0,
        "202411": 1032183080.0
      },
      "top_items": [
        {
          "class3": "다운점퍼",
          "total_sales": 1599.6
        },
        {
          "class3": "다운베스트",
          "total_sales": 188.33
        },
        {
          "class3": "반팔다운",
          "total_sales": 114.0
        },
        {
          "class3": "니트풀오버",
          "total_sales": 31.3
        },
        {
          "class3": "패딩",
          "total_sales": 24.14
        }
      ]
    },
    "자사몰": {
      "total_sales": 646.6,
      "months": {
        "202511": 440179980.0,
        "202411": 206415380.0
      },
      "top_items": [
        {
          "class3": "다운점퍼",
          "total_sales": 425.74
        },
        {
          "class3": "반팔다운",
          "total_sales": 105.12
        },
        {
          "class3": "방한화",
          "total_sales": 36.1
        },
        {
          "class3": "다운베스트",
          "total_sales": 11.43
        },
        {
          "class3": "팬츠",
          "total_sales": 10.56
        }
      ]
    },
    "직영점": {
      "total_sales": 543.25,
      "months": {
        "202511": 358892900.0,
        "202411": 184359800.0
      },
      "top_items": [
        {
          "class3": "다운점퍼",
          "total_sales": 438.87
        },
        {
          "class3": "반팔다운",
          "total_sales": 42.85
        },
        {
          "class3": "방한화",
          "total_sales": 12.77
        },
        {
          "class3": "팬츠",
          "total_sales": 8.38
        },
        {
          "class3": "니트풀오버",
          "total_sales": 6.73
        }
      ]
    }
  },
  "channel_summary_overall": {
    "백화점": {
      "current_sales": 2834.37,
      "previous_sales": 1430.09,
      "all_items": [
        {
          "class3": "다운점퍼",
          "total_sales": 2271.06
        },
        {
          "class3": "반팔다운",
          "total_sales": 232.63
        },
        {
          "class3": "팬츠",
          "total_sales": 103.21
        },
        {
          "class3": "다운베스트",
          "total_sales": 34.76
        },
        {
          "class3": "니트풀오버",
          "total_sales": 28.71
        },
        {
          "class3": "방한화",
          "total_sales": 25.24
        },
        {
          "class3": "후드티",
          "total_sales": 22.71
        },
        {
          "class3": "토드백",
          "total_sales": 17.99
        },
        {
          "class3": "백팩",
          "total_sales": 11.57
        },
        {
          "class3": "햇",
          "total_sales": 10.9
        },
        {
          "class3": "집업티",
          "total_sales": 8.42
        },
        {
          "class3": "맨투맨",
          "total_sales": 6.78
        },
        {
          "class3": "베스트",
          "total_sales": 6.68
        },
        {
          "class3": "소프트쉘",
          "total_sales": 5.85
        },
        {
          "class3": "니트베스트",
          "total_sales": 4.9
        },
        {
          "class3": "방풍자켓",
          "total_sales": 4.43
        },
        {
          "class3": "머플러(스카프)",
          "total_sales": 4.33
        },
        {
          "class3": "다운 스카프",
          "total_sales": 3.92
        },
        {
          "class3": "운동모",
          "total_sales": 3.79
        },
        {
          "class3": "반바지",
          "total_sales": 3.73
        },
        {
          "class3": "니트가디건",
          "total_sales": 3.16
        },
        {
          "class3": "비니",
          "total_sales": 3.14
        },
        {
          "class3": "크로스백",
          "total_sales": 3.06
        },
        {
          "class3": "토시",
          "total_sales": 2.6
        },
        {
          "class3": "장갑",
          "total_sales": 2.11
        },
        {
          "class3": "방수자켓",
          "total_sales": 2.05
        },
        {
          "class3": "가방",
          "total_sales": 1.89
        },
        {
          "class3": "긴팔티셔츠",
          "total_sales": 1.48
        },
        {
          "class3": "스커트",
          "total_sales": 1.23
        },
        {
          "class3": "패딩",
          "total_sales": 1.05
        },
        {
          "class3": "방한모",
          "total_sales": 0.63
        },
        {
          "class3": "양말",
          "total_sales": 0.36
        },
        {
          "class3": "우븐셔츠",
          "total_sales": 0.0
        },
        {
          "class3": "반팔티셔츠",
          "total_sales": 0.0
        }
      ],
      "change_pct": 98.2
    },
    "제휴몰": {
      "current_sales": 1222.78,
      "previous_sales": 484.47,
      "all_items": [
        {
          "class3": "다운점퍼",
          "total_sales": 779.56
        },
        {
          "class3": "반팔다운",
          "total_sales": 92.21
        },
        {
          "class3": "방한화",
          "total_sales": 63.89
        },
        {
          "class3": "팬츠",
          "total_sales": 41.99
        },
        {
          "class3": "다운베스트",
          "total_sales": 35.59
        },
        {
          "class3": "니트풀오버",
          "total_sales": 29.85
        },
        {
          "class3": "방풍자켓",
          "total_sales": 18.08
        },
        {
          "class3": "후드티",
          "total_sales": 15.63
        },
        {
          "class3": "맨투맨",
          "total_sales": 13.98
        },
        {
          "class3": "토드백",
          "total_sales": 13.18
        },
        {
          "class3": "집업티",
          "total_sales": 13.02
        },
        {
          "class3": "패딩",
          "total_sales": 10.47
        },
        {
          "class3": "소프트쉘",
          "total_sales": 10.1
        },
        {
          "class3": "스커트",
          "total_sales": 8.97
        },
        {
          "class3": "방수자켓",
          "total_sales": 7.18
        },
        {
          "class3": "트레이닝(상의)",
          "total_sales": 6.47
        },
        {
          "class3": "반바지",
          "total_sales": 6.17
        },
        {
          "class3": "백팩",
          "total_sales": 6.1
        },
        {
          "class3": "크로스백",
          "total_sales": 6.1
        },
        {
          "class3": "햇",
          "total_sales": 5.65
        },
        {
          "class3": "운동모",
          "total_sales": 5.01
        },
        {
          "class3": "신발",
          "total_sales": 4.3
        },
        {
          "class3": "비니",
          "total_sales": 3.73
        },
        {
          "class3": "트레이닝(하의)",
          "total_sales": 3.18
        },
        {
          "class3": "토시",
          "total_sales": 2.76
        },
        {
          "class3": "머플러(스카프)",
          "total_sales": 2.31
        },
        {
          "class3": "다운 스카프",
          "total_sales": 2.01
        },
        {
          "class3": "반팔티셔츠",
          "total_sales": 1.65
        },
        {
          "class3": "장갑",
          "total_sales": 1.56
        },
        {
          "class3": "니트가디건",
          "total_sales": 1.56
        },
        {
          "class3": "방한모",
          "total_sales": 1.35
        },
        {
          "class3": "양말",
          "total_sales": 1.22
        },
        {
          "class3": "반팔카라티셔츠",
          "total_sales": 1.07
        },
        {
          "class3": "레깅스",
          "total_sales": 1.06
        },
        {
          "class3": "힙색",
          "total_sales": 0.73
        },
        {
          "class3": "가방",
          "total_sales": 0.6
        },
        {
          "class3": "긴팔티셔츠",
          "total_sales": 0.59
        },
        {
          "class3": "트레이닝 숏팬츠",
          "total_sales": 0.54
        },
        {
          "class3": "뮬",
          "total_sales": 0.54
        },
        {
          "class3": "베스트",
          "total_sales": 0.53
        },
        {
          "class3": "니트베스트",
          "total_sales": 0.49
        },
        {
          "class3": "벨트백",
          "total_sales": 0.46
        },
        {
          "class3": "긴팔카라티셔츠",
          "total_sales": 0.46
        },
        {
          "class3": "니트반팔티셔츠",
          "total_sales": 0.18
        },
        {
          "class3": "원피스",
          "total_sales": 0.18
        },
        {
          "class3": "브라",
          "total_sales": 0.17
        },
        {
          "class3": "우븐셔츠",
          "total_sales": 0.16
        },
        {
          "class3": "선캡",
          "total_sales": 0.1
        },
        {
          "class3": "라운드티",
          "total_sales": 0.07
        },
        {
          "class3": "스웨트팬츠",
          "total_sales": 0.0
        }
      ],
      "change_pct": 152.4
    },
    "아울렛": {
      "current_sales": 1100.81,
      "previous_sales": 1032.18,
      "all_items": [
        {
          "class3": "다운점퍼",
          "total_sales": 871.91
        },
        {
          "class3": "반팔다운",
          "total_sales": 57.42
        },
        {
          "class3": "다운베스트",
          "total_sales": 54.44
        },
        {
          "class3": "니트풀오버",
          "total_sales": 17.07
        },
        {
          "class3": "팬츠",
          "total_sales": 14.0
        },
        {
          "class3": "패딩",
          "total_sales": 12.68
        },
        {
          "class3": "소프트쉘",
          "total_sales": 8.91
        },
        {
          "class3": "집업티",
          "total_sales": 7.63
        },
        {
          "class3": "맨투맨",
          "total_sales": 7.12
        },
        {
          "class3": "후드티",
          "total_sales": 5.53
        },
        {
          "class3": "방풍자켓",
          "total_sales": 5.39
        },
        {
          "class3": "방한화",
          "total_sales": 5.22
        },
        {
          "class3": "신발",
          "total_sales": 4.48
        },
        {
          "class3": "방수자켓",
          "total_sales": 4.05
        },
        {
          "class3": "트레이닝(상의)",
          "total_sales": 3.75
        },
        {
          "class3": "스커트",
          "total_sales": 3.37
        },
        {
          "class3": "토드백",
          "total_sales": 2.91
        },
        {
          "class3": "반바지",
          "total_sales": 2.42
        },
        {
          "class3": "트레이닝(하의)",
          "total_sales": 2.11
        },
        {
          "class3": "크로스백",
          "total_sales": 1.97
        },
        {
          "class3": "햇",
          "total_sales": 1.54
        },
        {
          "class3": "비니",
          "total_sales": 1.27
        },
        {
          "class3": "장갑",
          "total_sales": 1.14
        },
        {
          "class3": "레깅스",
          "total_sales": 0.76
        },
        {
          "class3": "백팩",
          "total_sales": 0.72
        },
        {
          "class3": "힙색",
          "total_sales": 0.7
        },
        {
          "class3": "반팔티셔츠",
          "total_sales": 0.45
        },
        {
          "class3": "니트가디건",
          "total_sales": 0.39
        },
        {
          "class3": "운동모",
          "total_sales": 0.37
        },
        {
          "class3": "반팔카라티셔츠",
          "total_sales": 0.22
        },
        {
          "class3": "트레이닝 숏팬츠",
          "total_sales": 0.2
        },
        {
          "class3": "양말",
          "total_sales": 0.16
        },
        {
          "class3": "우븐셔츠",
          "total_sales": 0.15
        },
        {
          "class3": "긴팔티셔츠",
          "total_sales": 0.14
        },
        {
          "class3": "뮬",
          "total_sales": 0.11
        },
        {
          "class3": "벨트백",
          "total_sales": 0.1
        }
      ],
      "change_pct": 6.6
    },
    "자사몰": {
      "current_sales": 440.18,
      "previous_sales": 206.42,
      "all_items": [
        {
          "class3": "다운점퍼",
          "total_sales": 279.34
        },
        {
          "class3": "반팔다운",
          "total_sales": 92.11
        },
        {
          "class3": "방한화",
          "total_sales": 20.49
        },
        {
          "class3": "팬츠",
          "total_sales": 9.14
        },
        {
          "class3": "토드백",
          "total_sales": 6.12
        },
        {
          "class3": "니트풀오버",
          "total_sales": 5.98
        },
        {
          "class3": "후드티",
          "total_sales": 4.26
        },
        {
          "class3": "신발",
          "total_sales": 1.95
        },
        {
          "class3": "소프트쉘",
          "total_sales": 1.86
        },
        {
          "class3": "햇",
          "total_sales": 1.81
        },
        {
          "class3": "크로스백",
          "total_sales": 1.69
        },
        {
          "class3": "맨투맨",
          "total_sales": 1.6
        },
        {
          "class3": "백팩",
          "total_sales": 1.42
        },
        {
          "class3": "다운베스트",
          "total_sales": 1.3
        },
        {
          "class3": "집업티",
          "total_sales": 1.27
        },
        {
          "class3": "반바지",
          "total_sales": 1.21
        },
        {
          "class3": "니트가디건",
          "total_sales": 1.05
        },
        {
          "class3": "방풍자켓",
          "total_sales": 0.91
        },
        {
          "class3": "토시",
          "total_sales": 0.67
        },
        {
          "class3": "장갑",
          "total_sales": 0.66
        },
        {
          "class3": "운동모",
          "total_sales": 0.64
        },
        {
          "class3": "방한모",
          "total_sales": 0.62
        },
        {
          "class3": "비니",
          "total_sales": 0.57
        },
        {
          "class3": "다운 스카프",
          "total_sales": 0.55
        },
        {
          "class3": "베스트",
          "total_sales": 0.48
        },
        {
          "class3": "방수자켓",
          "total_sales": 0.37
        },
        {
          "class3": "긴팔티셔츠",
          "total_sales": 0.36
        },
        {
          "class3": "반팔티셔츠",
          "total_sales": 0.35
        },
        {
          "class3": "스커트",
          "total_sales": 0.35
        },
        {
          "class3": "패딩",
          "total_sales": 0.32
        },
        {
          "class3": "머플러(스카프)",
          "total_sales": 0.21
        },
        {
          "class3": "우븐셔츠",
          "total_sales": 0.14
        },
        {
          "class3": "트레이닝(상의)",
          "total_sales": 0.14
        },
        {
          "class3": "뮬",
          "total_sales": 0.11
        },
        {
          "class3": "브라",
          "total_sales": 0.1
        },
        {
          "class3": "양말",
          "total_sales": 0.03
        },
        {
          "class3": "가방",
          "total_sales": 0.0
        },
        {
          "class3": "반팔카라티셔츠",
          "total_sales": 0.0
        }
      ],
      "change_pct": 113.2
    },
    "직영점": {
      "current_sales": 358.89,
      "previous_sales": 184.36,
      "all_items": [
        {
          "class3": "다운점퍼",
          "total_sales": 293.87
        },
        {
          "class3": "반팔다운",
          "total_sales": 23.4
        },
        {
          "class3": "방한화",
          "total_sales": 6.7
        },
        {
          "class3": "팬츠",
          "total_sales": 6.03
        },
        {
          "class3": "니트풀오버",
          "total_sales": 5.65
        },
        {
          "class3": "다운베스트",
          "total_sales": 3.22
        },
        {
          "class3": "방풍자켓",
          "total_sales": 3.09
        },
        {
          "class3": "토드백",
          "total_sales": 3.06
        },
        {
          "class3": "반바지",
          "total_sales": 2.02
        },
        {
          "class3": "니트가디건",
          "total_sales": 1.44
        },
        {
          "class3": "백팩",
          "total_sales": 1.41
        },
        {
          "class3": "후드티",
          "total_sales": 1.35
        },
        {
          "class3": "햇",
          "total_sales": 1.34
        },
        {
          "class3": "크로스백",
          "total_sales": 1.12
        },
        {
          "class3": "소프트쉘",
          "total_sales": 1.08
        },
        {
          "class3": "머플러(스카프)",
          "total_sales": 0.9
        },
        {
          "class3": "스커트",
          "total_sales": 0.59
        },
        {
          "class3": "베스트",
          "total_sales": 0.53
        },
        {
          "class3": "운동모",
          "total_sales": 0.51
        },
        {
          "class3": "니트베스트",
          "total_sales": 0.44
        },
        {
          "class3": "토시",
          "total_sales": 0.3
        },
        {
          "class3": "다운 스카프",
          "total_sales": 0.23
        },
        {
          "class3": "반팔티셔츠",
          "total_sales": 0.23
        },
        {
          "class3": "방한모",
          "total_sales": 0.15
        },
        {
          "class3": "장갑",
          "total_sales": 0.15
        },
        {
          "class3": "맨투맨",
          "total_sales": 0.11
        }
      ],
      "change_pct": 94.7
    }
  },
  "raw_data": {
    "sample_records": [
      {
        "PST_YYYYMM": "202511",
        "CHNL_NM": "백화점",
        "CLASS3": "다운점퍼",
        "SALE_AMT": 2271063100.0,
        "SALE_AMT_CHNL_TTL": 2834374090.0,
        "SALE_RATIO": 80.0,
        "IN_YMM_RNK": 0,
        "IN_CHNL_RNK": 1
      },
      {
        "PST_YYYYMM": "202511",
        "CHNL_NM": "백화점",
        "CLASS3": "반팔다운",
        "SALE_AMT": 232634760.0,
        "SALE_AMT_CHNL_TTL": 2834374090.0,
        "SALE_RATIO": 8.0,
        "IN_YMM_RNK": 0,
        "IN_CHNL_RNK": 2
      },
      {
        "PST_YYYYMM": "202511",
        "CHNL_NM": "백화점",
        "CLASS3": "팬츠",
        "SALE_AMT": 103208350.0,
        "SALE_AMT_CHNL_TTL": 2834374090.0,
        "SALE_RATIO": 4.0,
        "IN_YMM_RNK": 0,
        "IN_CHNL_RNK": 3
      },
      {
        "PST_YYYYMM": "202511",
        "CHNL_NM": "백화점",
        "CLASS3": "다운베스트",
        "SALE_AMT": 34762330.0,
        "SALE_AMT_CHNL_TTL": 2834374090.0,
        "SALE_RATIO": 1.0,
        "IN_YMM_RNK": 0,
        "IN_CHNL_RNK": 4
      },
      {
        "PST_YYYYMM": "202511",
        "CHNL_NM": "백화점",
        "CLASS3": "니트풀오버",
        "SALE_AMT": 28714500.0,
        "SALE_AMT_CHNL_TTL": 2834374090.0,
        "SALE_RATIO": 1.0,
        "IN_YMM_RNK": 0,
        "IN_CHNL_RNK": 5
      },
      {
        "PST_YYYYMM": "202511",
        "CHNL_NM": "백화점",
        "CLASS3": "방한화",
        "SALE_AMT": 25241520.0,
        "SALE_AMT_CHNL_TTL": 2834374090.0,
        "SALE_RATIO": 1.0,
        "IN_YMM_RNK": 0,
        "IN_CHNL_RNK": 6
      },
      {
        "PST_YYYYMM": "202511",
        "CHNL_NM": "백화점",
        "CLASS3": "후드티",
        "SALE_AMT": 22713600.0,
        "SALE_AMT_CHNL_TTL": 2834374090.0,
        "SALE_RATIO": 1.0,
        "IN_YMM_RNK": 0,
        "IN_CHNL_RNK": 7
      },
      {
        "PST_YYYYMM": "202511",
        "CHNL_NM": "백화점",
        "CLASS3": "토드백",
        "SALE_AMT": 17985520.0,
        "SALE_AMT_CHNL_TTL": 2834374090.0,
        "SALE_RATIO": 1.0,
        "IN_YMM_RNK": 0,
        "IN_CHNL_RNK": 8
      },
      {
        "PST_YYYYMM": "202511",
        "CHNL_NM": "백화점",
        "CLASS3": "백팩",
        "SALE_AMT": 11574000.0,
        "SALE_AMT_CHNL_TTL": 2834374090.0,
        "SALE_RATIO": 0.0,
        "IN_YMM_RNK": 0,
        "IN_CHNL_RNK": 9
      },
      {
        "PST_YYYYMM": "202511",
        "CHNL_NM": "백화점",
        "CLASS3": "햇",
        "SALE_AMT": 10897600.0,
        "SALE_AMT_CHNL_TTL": 2834374090.0,
        "SALE_RATIO": 0.0,
        "IN_YMM_RNK": 0,
        "IN_CHNL_RNK": 10
      },
      {
        "PST_YYYYMM": "202511",
        "CHNL_NM": "백화점",
        "CLASS3": "집업티",
        "SALE_AMT": 8420510.0,
        "SALE_AMT_CHNL_TTL": 2834374090.0,
        "SALE_RATIO": 0.0,
        "IN_YMM_RNK": 0,
        "IN_CHNL_RNK": 11
      },
      {
        "PST_YYYYMM": "202511",
        "CHNL_NM": "백화점",
        "CLASS3": "맨투맨",
        "SALE_AMT": 6777400.0,
        "SALE_AMT_CHNL_TTL": 2834374090.0,
        "SALE_RATIO": 0.0,
        "IN_YMM_RNK": 0,
        "IN_CHNL_RNK": 12
      },
      {
        "PST_YYYYMM": "202511",
        "CHNL_NM": "백화점",
        "CLASS3": "베스트",
        "SALE_AMT": 6678000.0,
        "SALE_AMT_CHNL_TTL": 2834374090.0,
        "SALE_RATIO": 0.0,
        "IN_YMM_RNK": 0,
        "IN_CHNL_RNK": 13
      },
      {
        "PST_YYYYMM": "202511",
        "CHNL_NM": "백화점",
        "CLASS3": "소프트쉘",
        "SALE_AMT": 5850980.0,
        "SALE_AMT_CHNL_TTL": 2834374090.0,
        "SALE_RATIO": 0.0,
        "IN_YMM_RNK": 0,
        "IN_CHNL_RNK": 14
      },
      {
        "PST_YYYYMM": "202511",
        "CHNL_NM": "백화점",
        "CLASS3": "니트베스트",
        "SALE_AMT": 4900000.0,
        "SALE_AMT_CHNL_TTL": 2834374090.0,
        "SALE_RATIO": 0.0,
        "IN_YMM_RNK": 0,
        "IN_CHNL_RNK": 15
      },
      {
        "PST_YYYYMM": "202511",
        "CHNL_NM": "백화점",
        "CLASS3": "방풍자켓",
        "SALE_AMT": 4432900.0,
        "SALE_AMT_CHNL_TTL": 2834374090.0,
        "SALE_RATIO": 0.0,
        "IN_YMM_RNK": 0,
        "IN_CHNL_RNK": 16
      },
      {
        "PST_YYYYMM": "202511",
        "CHNL_NM": "백화점",
        "CLASS3": "머플러(스카프)",
        "SALE_AMT": 4326000.0,
        "SALE_AMT_CHNL_TTL": 2834374090.0,
        "SALE_RATIO": 0.0,
        "IN_YMM_RNK": 0,
        "IN_CHNL_RNK": 17
      },
      {
        "PST_YYYYMM": "202511",
        "CHNL_NM": "백화점",
        "CLASS3": "다운 스카프",
        "SALE_AMT": 3915000.0,
        "SALE_AMT_CHNL_TTL": 2834374090.0,
        "SALE_RATIO": 0.0,
        "IN_YMM_RNK": 0,
        "IN_CHNL_RNK": 18
      },
      {
        "PST_YYYYMM": "202511",
        "CHNL_NM": "백화점",
        "CLASS3": "운동모",
        "SALE_AMT": 3788320.0,
        "SALE_AMT_CHNL_TTL": 2834374090.0,
        "SALE_RATIO": 0.0,
        "IN_YMM_RNK": 0,
        "IN_CHNL_RNK": 19
      },
      {
        "PST_YYYYMM": "202511",
        "CHNL_NM": "백화점",
        "CLASS3": "반바지",
        "SALE_AMT": 3730500.0,
        "SALE_AMT_CHNL_TTL": 2834374090.0,
        "SALE_RATIO": 0.0,
        "IN_YMM_RNK": 0,
        "IN_CHNL_RNK": 20
      },
      {
        "PST_YYYYMM": "202511",
        "CHNL_NM": "백화점",
        "CLASS3": "니트가디건",
        "SALE_AMT": 3159000.0,
        "SALE_AMT_CHNL_TTL": 2834374090.0,
        "SALE_RATIO": 0.0,
        "IN_YMM_RNK": 0,
        "IN_CHNL_RNK": 21
      },
      {
        "PST_YYYYMM": "202511",
        "CHNL_NM": "백화점",
        "CLASS3": "비니",
        "SALE_AMT": 3139800.0,
        "SALE_AMT_CHNL_TTL": 2834374090.0,
        "SALE_RATIO": 0.0,
        "IN_YMM_RNK": 0,
        "IN_CHNL_RNK": 22
      },
      {
        "PST_YYYYMM": "202511",
        "CHNL_NM": "백화점",
        "CLASS3": "크로스백",
        "SALE_AMT": 3063600.0,
        "SALE_AMT_CHNL_TTL": 2834374090.0,
        "SALE_RATIO": 0.0,
        "IN_YMM_RNK": 0,
        "IN_CHNL_RNK": 23
      },
      {
        "PST_YYYYMM": "202511",
        "CHNL_NM": "백화점",
        "CLASS3": "토시",
        "SALE_AMT": 2595000.0,
        "SALE_AMT_CHNL_TTL": 2834374090.0,
        "SALE_RATIO": 0.0,
        "IN_YMM_RNK": 0,
        "IN_CHNL_RNK": 24
      },
      {
        "PST_YYYYMM": "202511",
        "CHNL_NM": "백화점",
        "CLASS3": "장갑",
        "SALE_AMT": 2111000.0,
        "SALE_AMT_CHNL_TTL": 2834374090.0,
        "SALE_RATIO": 0.0,
        "IN_YMM_RNK": 0,
        "IN_CHNL_RNK": 25
      },
      {
        "PST_YYYYMM": "202511",
        "CHNL_NM": "백화점",
        "CLASS3": "방수자켓",
        "SALE_AMT": 2053800.0,
        "SALE_AMT_CHNL_TTL": 2834374090.0,
        "SALE_RATIO": 0.0,
        "IN_YMM_RNK": 0,
        "IN_CHNL_RNK": 26
      },
      {
        "PST_YYYYMM": "202511",
        "CHNL_NM": "백화점",
        "CLASS3": "가방",
        "SALE_AMT": 1890000.0,
        "SALE_AMT_CHNL_TTL": 2834374090.0,
        "SALE_RATIO": 0.0,
        "IN_YMM_RNK": 0,
        "IN_CHNL_RNK": 27
      },
      {
        "PST_YYYYMM": "202511",
        "CHNL_NM": "백화점",
        "CLASS3": "긴팔티셔츠",
        "SALE_AMT": 1482000.0,
        "SALE_AMT_CHNL_TTL": 2834374090.0,
        "SALE_RATIO": 0.0,
        "IN_YMM_RNK": 0,
        "IN_CHNL_RNK": 28
      },
      {
        "PST_YYYYMM": "202511",
        "CHNL_NM": "백화점",
        "CLASS3": "스커트",
        "SALE_AMT": 1233900.0,
        "SALE_AMT_CHNL_TTL": 2834374090.0,
        "SALE_RATIO": 0.0,
        "IN_YMM_RNK": 0,
        "IN_CHNL_RNK": 29
      },
      {
        "PST_YYYYMM": "202511",
        "CHNL_NM": "백화점",
        "CLASS3": "패딩",
        "SALE_AMT": 1045800.0,
        "SALE_AMT_CHNL_TTL": 2834374090.0,
        "SALE_RATIO": 0.0,
        "IN_YMM_RNK": 0,
        "IN_CHNL_RNK": 30
      },
      {
        "PST_YYYYMM": "202511",
        "CHNL_NM": "백화점",
        "CLASS3": "방한모",
        "SALE_AMT": 630000.0,
        "SALE_AMT_CHNL_TTL": 2834374090.0,
        "SALE_RATIO": 0.0,
        "IN_YMM_RNK": 0,
        "IN_CHNL_RNK": 31
      },
      {
        "PST_YYYYMM": "202511",
        "CHNL_NM": "백화점",
        "CLASS3": "양말",
        "SALE_AMT": 355300.0,
        "SALE_AMT_CHNL_TTL": 2834374090.0,
        "SALE_RATIO": 0.0,
        "IN_YMM_RNK": 0,
        "IN_CHNL_RNK": 32
      },
      {
        "PST_YYYYMM": "202511",
        "CHNL_NM": "백화점",
        "CLASS3": "우븐셔츠",
        "SALE_AMT": 0.0,
        "SALE_AMT_CHNL_TTL": 2834374090.0,
        "SALE_RATIO": 0.0,
        "IN_YMM_RNK": 0,
        "IN_CHNL_RNK": 33
      },
      {
        "PST_YYYYMM": "202511",
        "CHNL_NM": "백화점",
        "CLASS3": "반팔티셔츠",
        "SALE_AMT": 0.0,
        "SALE_AMT_CHNL_TTL": 2834374090.0,
        "SALE_RATIO": 0.0,
        "IN_YMM_RNK": 0,
        "IN_CHNL_RNK": 33
      },
      {
        "PST_YYYYMM": "202511",
        "CHNL_NM": "제휴몰",
        "CLASS3": "다운점퍼",
        "SALE_AMT": 779557340.0,
        "SALE_AMT_CHNL_TTL": 1222783850.0,
        "SALE_RATIO": 64.0,
        "IN_YMM_RNK": 0,
        "IN_CHNL_RNK": 1
      },
      {
        "PST_YYYYMM": "202511",
        "CHNL_NM": "제휴몰",
        "CLASS3": "반팔다운",
        "SALE_AMT": 92212500.0,
        "SALE_AMT_CHNL_TTL": 1222783850.0,
        "SALE_RATIO": 8.0,
        "IN_YMM_RNK": 0,
        "IN_CHNL_RNK": 2
      },
      {
        "PST_YYYYMM": "202511",
        "CHNL_NM": "제휴몰",
        "CLASS3": "방한화",
        "SALE_AMT": 63893400.0,
        "SALE_AMT_CHNL_TTL": 1222783850.0,
        "SALE_RATIO": 5.0,
        "IN_YMM_RNK": 0,
        "IN_CHNL_RNK": 3
      },
      {
        "PST_YYYYMM": "202511",
        "CHNL_NM": "제휴몰",
        "CLASS3": "팬츠",
        "SALE_AMT": 41993010.0,
        "SALE_AMT_CHNL_TTL": 1222783850.0,
        "SALE_RATIO": 3.0,
        "IN_YMM_RNK": 0,
        "IN_CHNL_RNK": 4
      },
      {
        "PST_YYYYMM": "202511",
        "CHNL_NM": "제휴몰",
        "CLASS3": "다운베스트",
        "SALE_AMT": 35594000.0,
        "SALE_AMT_CHNL_TTL": 1222783850.0,
        "SALE_RATIO": 3.0,
        "IN_YMM_RNK": 0,
        "IN_CHNL_RNK": 5
      },
      {
        "PST_YYYYMM": "202511",
        "CHNL_NM": "제휴몰",
        "CLASS3": "니트풀오버",
        "SALE_AMT": 29851000.0,
        "SALE_AMT_CHNL_TTL": 1222783850.0,
        "SALE_RATIO": 2.0,
        "IN_YMM_RNK": 0,
        "IN_CHNL_RNK": 6
      },
      {
        "PST_YYYYMM": "202511",
        "CHNL_NM": "제휴몰",
        "CLASS3": "방풍자켓",
        "SALE_AMT": 18084000.0,
        "SALE_AMT_CHNL_TTL": 1222783850.0,
        "SALE_RATIO": 1.0,
        "IN_YMM_RNK": 0,
        "IN_CHNL_RNK": 7
      },
      {
        "PST_YYYYMM": "202511",
        "CHNL_NM": "제휴몰",
        "CLASS3": "후드티",
        "SALE_AMT": 15632000.0,
        "SALE_AMT_CHNL_TTL": 1222783850.0,
        "SALE_RATIO": 1.0,
        "IN_YMM_RNK": 0,
        "IN_CHNL_RNK": 8
      },
      {
        "PST_YYYYMM": "202511",
        "CHNL_NM": "제휴몰",
        "CLASS3": "맨투맨",
        "SALE_AMT": 13979000.0,
        "SALE_AMT_CHNL_TTL": 1222783850.0,
        "SALE_RATIO": 1.0,
        "IN_YMM_RNK": 0,
        "IN_CHNL_RNK": 9
      },
      {
        "PST_YYYYMM": "202511",
        "CHNL_NM": "제휴몰",
        "CLASS3": "토드백",
        "SALE_AMT": 13183500.0,
        "SALE_AMT_CHNL_TTL": 1222783850.0,
        "SALE_RATIO": 1.0,
        "IN_YMM_RNK": 0,
        "IN_CHNL_RNK": 10
      },
      {
        "PST_YYYYMM": "202511",
        "CHNL_NM": "제휴몰",
        "CLASS3": "집업티",
        "SALE_AMT": 13020000.0,
        "SALE_AMT_CHNL_TTL": 1222783850.0,
        "SALE_RATIO": 1.0,
        "IN_YMM_RNK": 0,
        "IN_CHNL_RNK": 11
      },
      {
        "PST_YYYYMM": "202511",
        "CHNL_NM": "제휴몰",
        "CLASS3": "패딩",
        "SALE_AMT": 10469000.0,
        "SALE_AMT_CHNL_TTL": 1222783850.0,
        "SALE_RATIO": 1.0,
        "IN_YMM_RNK": 0,
        "IN_CHNL_RNK": 12
      },
      {
        "PST_YYYYMM": "202511",
        "CHNL_NM": "제휴몰",
        "CLASS3": "소프트쉘",
        "SALE_AMT": 10102000.0,
        "SALE_AMT_CHNL_TTL": 1222783850.0,
        "SALE_RATIO": 1.0,
        "IN_YMM_RNK": 0,
        "IN_CHNL_RNK": 13
      },
      {
        "PST_YYYYMM": "202511",
        "CHNL_NM": "제휴몰",
        "CLASS3": "스커트",
        "SALE_AMT": 8975000.0,
        "SALE_AMT_CHNL_TTL": 1222783850.0,
        "SALE_RATIO": 1.0,
        "IN_YMM_RNK": 0,
        "IN_CHNL_RNK": 14
      },
      {
        "PST_YYYYMM": "202511",
        "CHNL_NM": "제휴몰",
        "CLASS3": "방수자켓",
        "SALE_AMT": 7176000.0,
        "SALE_AMT_CHNL_TTL": 1222783850.0,
        "SALE_RATIO": 1.0,
        "IN_YMM_RNK": 0,
        "IN_CHNL_RNK": 15
      },
      {
        "PST_YYYYMM": "202511",
        "CHNL_NM": "제휴몰",
        "CLASS3": "트레이닝(상의)",
        "SALE_AMT": 6468000.0,
        "SALE_AMT_CHNL_TTL": 1222783850.0,
        "SALE_RATIO": 1.0,
        "IN_YMM_RNK": 0,
        "IN_CHNL_RNK": 16
      }
    ],
    "total_records_count": 340
  },
  "trend_data": {
    "trend_months": [
      "202411",
      "202511"
    ],
    "monthly_totals": [
      {
        "yyyymm": "202411",
        "total_amount": 3337.52
      },
      {
        "yyyymm": "202511",
        "total_amount": 5957.04
      }
    ],
    "monthly_details": [
      {
        "yyyymm": "202511",
        "chnl_nm": "백화점",
        "class3": "다운점퍼",
        "sale_amt": 2271.06,
        "sale_ratio": 80.0
      },
      {
        "yyyymm": "202511",
        "chnl_nm": "백화점",
        "class3": "반팔다운",
        "sale_amt": 232.63,
        "sale_ratio": 8.0
      },
      {
        "yyyymm": "202511",
        "chnl_nm": "백화점",
        "class3": "팬츠",
        "sale_amt": 103.21,
        "sale_ratio": 4.0
      },
      {
        "yyyymm": "202511",
        "chnl_nm": "백화점",
        "class3": "다운베스트",
        "sale_amt": 34.76,
        "sale_ratio": 1.0
      },
      {
        "yyyymm": "202511",
        "chnl_nm": "백화점",
        "class3": "니트풀오버",
        "sale_amt": 28.71,
        "sale_ratio": 1.0
      },
      {
        "yyyymm": "202511",
        "chnl_nm": "백화점",
        "class3": "방한화",
        "sale_amt": 25.24,
        "sale_ratio": 1.0
      },
      {
        "yyyymm": "202511",
        "chnl_nm": "백화점",
        "class3": "후드티",
        "sale_amt": 22.71,
        "sale_ratio": 1.0
      },
      {
        "yyyymm": "202511",
        "chnl_nm": "백화점",
        "class3": "토드백",
        "sale_amt": 17.99,
        "sale_ratio": 1.0
      },
      {
        "yyyymm": "202511",
        "chnl_nm": "백화점",
        "class3": "백팩",
        "sale_amt": 11.57,
        "sale_ratio": 0.0
      },
      {
        "yyyymm": "202511",
        "chnl_nm": "백화점",
        "class3": "햇",
        "sale_amt": 10.9,
        "sale_ratio": 0.0
      },
      {
        "yyyymm": "202511",
        "chnl_nm": "백화점",
        "class3": "집업티",
        "sale_amt": 8.42,
        "sale_ratio": 0.0
      },
      {
        "yyyymm": "202511",
        "chnl_nm": "백화점",
        "class3": "맨투맨",
        "sale_amt": 6.78,
        "sale_ratio": 0.0
      },
      {
        "yyyymm": "202511",
        "chnl_nm": "백화점",
        "class3": "베스트",
        "sale_amt": 6.68,
        "sale_ratio": 0.0
      },
      {
        "yyyymm": "202511",
        "chnl_nm": "백화점",
        "class3": "소프트쉘",
        "sale_amt": 5.85,
        "sale_ratio": 0.0
      },
      {
        "yyyymm": "202511",
        "chnl_nm": "백화점",
        "class3": "니트베스트",
        "sale_amt": 4.9,
        "sale_ratio": 0.0
      },
      {
        "yyyymm": "202511",
        "chnl_nm": "백화점",
        "class3": "방풍자켓",
        "sale_amt": 4.43,
        "sale_ratio": 0.0
      },
      {
        "yyyymm": "202511",
        "chnl_nm": "백화점",
        "class3": "머플러(스카프)",
        "sale_amt": 4.33,
        "sale_ratio": 0.0
      },
      {
        "yyyymm": "202511",
        "chnl_nm": "백화점",
        "class3": "다운 스카프",
        "sale_amt": 3.92,
        "sale_ratio": 0.0
      },
      {
        "yyyymm": "202511",
        "chnl_nm": "백화점",
        "class3": "운동모",
        "sale_amt": 3.79,
        "sale_ratio": 0.0
      },
      {
        "yyyymm": "202511",
        "chnl_nm": "백화점",
        "class3": "반바지",
        "sale_amt": 3.73,
        "sale_ratio": 0.0
      },
      {
        "yyyymm": "202511",
        "chnl_nm": "백화점",
        "class3": "니트가디건",
        "sale_amt": 3.16,
        "sale_ratio": 0.0
      },
      {
        "yyyymm": "202511",
        "chnl_nm": "백화점",
        "class3": "비니",
        "sale_amt": 3.14,
        "sale_ratio": 0.0
      },
      {
        "yyyymm": "202511",
        "chnl_nm": "백화점",
        "class3": "크로스백",
        "sale_amt": 3.06,
        "sale_ratio": 0.0
      },
      {
        "yyyymm": "202511",
        "chnl_nm": "백화점",
        "class3": "토시",
        "sale_amt": 2.6,
        "sale_ratio": 0.0
      },
      {
        "yyyymm": "202511",
        "chnl_nm": "백화점",
        "class3": "장갑",
        "sale_amt": 2.11,
        "sale_ratio": 0.0
      },
      {
        "yyyymm": "202511",
        "chnl_nm": "백화점",
        "class3": "방수자켓",
        "sale_amt": 2.05,
        "sale_ratio": 0.0
      },
      {
        "yyyymm": "202511",
        "chnl_nm": "백화점",
        "class3": "가방",
        "sale_amt": 1.89,
        "sale_ratio": 0.0
      },
      {
        "yyyymm": "202511",
        "chnl_nm": "백화점",
        "class3": "긴팔티셔츠",
        "sale_amt": 1.48,
        "sale_ratio": 0.0
      },
      {
        "yyyymm": "202511",
        "chnl_nm": "백화점",
        "class3": "스커트",
        "sale_amt": 1.23,
        "sale_ratio": 0.0
      },
      {
        "yyyymm": "202511",
        "chnl_nm": "백화점",
        "class3": "패딩",
        "sale_amt": 1.05,
        "sale_ratio": 0.0
      },
      {
        "yyyymm": "202511",
        "chnl_nm": "백화점",
        "class3": "방한모",
        "sale_amt": 0.63,
        "sale_ratio": 0.0
      },
      {
        "yyyymm": "202511",
        "chnl_nm": "백화점",
        "class3": "양말",
        "sale_amt": 0.36,
        "sale_ratio": 0.0
      },
      {
        "yyyymm": "202511",
        "chnl_nm": "백화점",
        "class3": "우븐셔츠",
        "sale_amt": 0.0,
        "sale_ratio": 0.0
      },
      {
        "yyyymm": "202511",
        "chnl_nm": "백화점",
        "class3": "반팔티셔츠",
        "sale_amt": 0.0,
        "sale_ratio": 0.0
      },
      {
        "yyyymm": "202511",
        "chnl_nm": "제휴몰",
        "class3": "다운점퍼",
        "sale_amt": 779.56,
        "sale_ratio": 64.0
      },
      {
        "yyyymm": "202511",
        "chnl_nm": "제휴몰",
        "class3": "반팔다운",
        "sale_amt": 92.21,
        "sale_ratio": 8.0
      },
      {
        "yyyymm": "202511",
        "chnl_nm": "제휴몰",
        "class3": "방한화",
        "sale_amt": 63.89,
        "sale_ratio": 5.0
      },
      {
        "yyyymm": "202511",
        "chnl_nm": "제휴몰",
        "class3": "팬츠",
        "sale_amt": 41.99,
        "sale_ratio": 3.0
      },
      {
        "yyyymm": "202511",
        "chnl_nm": "제휴몰",
        "class3": "다운베스트",
        "sale_amt": 35.59,
        "sale_ratio": 3.0
      },
      {
        "yyyymm": "202511",
        "chnl_nm": "제휴몰",
        "class3": "니트풀오버",
        "sale_amt": 29.85,
        "sale_ratio": 2.0
      },
      {
        "yyyymm": "202511",
        "chnl_nm": "제휴몰",
        "class3": "방풍자켓",
        "sale_amt": 18.08,
        "sale_ratio": 1.0
      },
      {
        "yyyymm": "202511",
        "chnl_nm": "제휴몰",
        "class3": "후드티",
        "sale_amt": 15.63,
        "sale_ratio": 1.0
      },
      {
        "yyyymm": "202511",
        "chnl_nm": "제휴몰",
        "class3": "맨투맨",
        "sale_amt": 13.98,
        "sale_ratio": 1.0
      },
      {
        "yyyymm": "202511",
        "chnl_nm": "제휴몰",
        "class3": "토드백",
        "sale_amt": 13.18,
        "sale_ratio": 1.0
      },
      {
        "yyyymm": "202511",
        "chnl_nm": "제휴몰",
        "class3": "집업티",
        "sale_amt": 13.02,
        "sale_ratio": 1.0
      },
      {
        "yyyymm": "202511",
        "chnl_nm": "제휴몰",
        "class3": "패딩",
        "sale_amt": 10.47,
        "sale_ratio": 1.0
      },
      {
        "yyyymm": "202511",
        "chnl_nm": "제휴몰",
        "class3": "소프트쉘",
        "sale_amt": 10.1,
        "sale_ratio": 1.0
      },
      {
        "yyyymm": "202511",
        "chnl_nm": "제휴몰",
        "class3": "스커트",
        "sale_amt": 8.97,
        "sale_ratio": 1.0
      },
      {
        "yyyymm": "202511",
        "chnl_nm": "제휴몰",
        "class3": "방수자켓",
        "sale_amt": 7.18,
        "sale_ratio": 1.0
      },
      {
        "yyyymm": "202511",
        "chnl_nm": "제휴몰",
        "class3": "트레이닝(상의)",
        "sale_amt": 6.47,
        "sale_ratio": 1.0
      },
      {
        "yyyymm": "202511",
        "chnl_nm": "제휴몰",
        "class3": "반바지",
        "sale_amt": 6.17,
        "sale_ratio": 1.0
      },
      {
        "yyyymm": "202511",
        "chnl_nm": "제휴몰",
        "class3": "백팩",
        "sale_amt": 6.1,
        "sale_ratio": 0.0
      },
      {
        "yyyymm": "202511",
        "chnl_nm": "제휴몰",
        "class3": "크로스백",
        "sale_amt": 6.1,
        "sale_ratio": 0.0
      },
      {
        "yyyymm": "202511",
        "chnl_nm": "제휴몰",
        "class3": "햇",
        "sale_amt": 5.65,
        "sale_ratio": 0.0
      },
      {
        "yyyymm": "202511",
        "chnl_nm": "제휴몰",
        "class3": "운동모",
        "sale_amt": 5.01,
        "sale_ratio": 0.0
      },
      {
        "yyyymm": "202511",
        "chnl_nm": "제휴몰",
        "class3": "신발",
        "sale_amt": 4.3,
        "sale_ratio": 0.0
      },
      {
        "yyyymm": "202511",
        "chnl_nm": "제휴몰",
        "class3": "비니",
        "sale_amt": 3.73,
        "sale_ratio": 0.0
      },
      {
        "yyyymm": "202511",
        "chnl_nm": "제휴몰",
        "class3": "트레이닝(하의)",
        "sale_amt": 3.18,
        "sale_ratio": 0.0
      },
      {
        "yyyymm": "202511",
        "chnl_nm": "제휴몰",
        "class3": "토시",
        "sale_amt": 2.76,
        "sale_ratio": 0.0
      },
      {
        "yyyymm": "202511",
        "chnl_nm": "제휴몰",
        "class3": "머플러(스카프)",
        "sale_amt": 2.31,
        "sale_ratio": 0.0
      },
      {
        "yyyymm": "202511",
        "chnl_nm": "제휴몰",
        "class3": "다운 스카프",
        "sale_amt": 2.01,
        "sale_ratio": 0.0
      },
      {
        "yyyymm": "202511",
        "chnl_nm": "제휴몰",
        "class3": "반팔티셔츠",
        "sale_amt": 1.65,
        "sale_ratio": 0.0
      },
      {
        "yyyymm": "202511",
        "chnl_nm": "제휴몰",
        "class3": "장갑",
        "sale_amt": 1.56,
        "sale_ratio": 0.0
      },
      {
        "yyyymm": "202511",
        "chnl_nm": "제휴몰",
        "class3": "니트가디건",
        "sale_amt": 1.56,
        "sale_ratio": 0.0
      },
      {
        "yyyymm": "202511",
        "chnl_nm": "제휴몰",
        "class3": "방한모",
        "sale_amt": 1.35,
        "sale_ratio": 0.0
      },
      {
        "yyyymm": "202511",
        "chnl_nm": "제휴몰",
        "class3": "양말",
        "sale_amt": 1.22,
        "sale_ratio": 0.0
      },
      {
        "yyyymm": "202511",
        "chnl_nm": "제휴몰",
        "class3": "반팔카라티셔츠",
        "sale_amt": 1.07,
        "sale_ratio": 0.0
      },
      {
        "yyyymm": "202511",
        "chnl_nm": "제휴몰",
        "class3": "레깅스",
        "sale_amt": 1.06,
        "sale_ratio": 0.0
      },
      {
        "yyyymm": "202511",
        "chnl_nm": "제휴몰",
        "class3": "힙색",
        "sale_amt": 0.73,
        "sale_ratio": 0.0
      },
      {
        "yyyymm": "202511",
        "chnl_nm": "제휴몰",
        "class3": "가방",
        "sale_amt": 0.6,
        "sale_ratio": 0.0
      },
      {
        "yyyymm": "202511",
        "chnl_nm": "제휴몰",
        "class3": "긴팔티셔츠",
        "sale_amt": 0.59,
        "sale_ratio": 0.0
      },
      {
        "yyyymm": "202511",
        "chnl_nm": "제휴몰",
        "class3": "트레이닝 숏팬츠",
        "sale_amt": 0.54,
        "sale_ratio": 0.0
      },
      {
        "yyyymm": "202511",
        "chnl_nm": "제휴몰",
        "class3": "뮬",
        "sale_amt": 0.54,
        "sale_ratio": 0.0
      },
      {
        "yyyymm": "202511",
        "chnl_nm": "제휴몰",
        "class3": "베스트",
        "sale_amt": 0.53,
        "sale_ratio": 0.0
      },
      {
        "yyyymm": "202511",
        "chnl_nm": "제휴몰",
        "class3": "니트베스트",
        "sale_amt": 0.49,
        "sale_ratio": 0.0
      },
      {
        "yyyymm": "202511",
        "chnl_nm": "제휴몰",
        "class3": "벨트백",
        "sale_amt": 0.46,
        "sale_ratio": 0.0
      },
      {
        "yyyymm": "202511",
        "chnl_nm": "제휴몰",
        "class3": "긴팔카라티셔츠",
        "sale_amt": 0.46,
        "sale_ratio": 0.0
      },
      {
        "yyyymm": "202511",
        "chnl_nm": "제휴몰",
        "class3": "니트반팔티셔츠",
        "sale_amt": 0.18,
        "sale_ratio": 0.0
      },
      {
        "yyyymm": "202511",
        "chnl_nm": "제휴몰",
        "class3": "원피스",
        "sale_amt": 0.18,
        "sale_ratio": 0.0
      },
      {
        "yyyymm": "202511",
        "chnl_nm": "제휴몰",
        "class3": "브라",
        "sale_amt": 0.17,
        "sale_ratio": 0.0
      },
      {
        "yyyymm": "202511",
        "chnl_nm": "제휴몰",
        "class3": "우븐셔츠",
        "sale_amt": 0.16,
        "sale_ratio": 0.0
      },
      {
        "yyyymm": "202511",
        "chnl_nm": "제휴몰",
        "class3": "선캡",
        "sale_amt": 0.1,
        "sale_ratio": 0.0
      },
      {
        "yyyymm": "202511",
        "chnl_nm": "제휴몰",
        "class3": "라운드티",
        "sale_amt": 0.07,
        "sale_ratio": 0.0
      },
      {
        "yyyymm": "202511",
        "chnl_nm": "제휴몰",
        "class3": "스웨트팬츠",
        "sale_amt": 0.0,
        "sale_ratio": 0.0
      },
      {
        "yyyymm": "202511",
        "chnl_nm": "아울렛",
        "class3": "다운점퍼",
        "sale_amt": 871.91,
        "sale_ratio": 79.0
      },
      {
        "yyyymm": "202511",
        "chnl_nm": "아울렛",
        "class3": "반팔다운",
        "sale_amt": 57.42,
        "sale_ratio": 5.0
      },
      {
        "yyyymm": "202511",
        "chnl_nm": "아울렛",
        "class3": "다운베스트",
        "sale_amt": 54.44,
        "sale_ratio": 5.0
      },
      {
        "yyyymm": "202511",
        "chnl_nm": "아울렛",
        "class3": "니트풀오버",
        "sale_amt": 17.07,
        "sale_ratio": 2.0
      },
      {
        "yyyymm": "202511",
        "chnl_nm": "아울렛",
        "class3": "팬츠",
        "sale_amt": 14.0,
        "sale_ratio": 1.0
      },
      {
        "yyyymm": "202511",
        "chnl_nm": "아울렛",
        "class3": "패딩",
        "sale_amt": 12.68,
        "sale_ratio": 1.0
      },
      {
        "yyyymm": "202511",
        "chnl_nm": "아울렛",
        "class3": "소프트쉘",
        "sale_amt": 8.91,
        "sale_ratio": 1.0
      },
      {
        "yyyymm": "202511",
        "chnl_nm": "아울렛",
        "class3": "집업티",
        "sale_amt": 7.63,
        "sale_ratio": 1.0
      },
      {
        "yyyymm": "202511",
        "chnl_nm": "아울렛",
        "class3": "맨투맨",
        "sale_amt": 7.12,
        "sale_ratio": 1.0
      },
      {
        "yyyymm": "202511",
        "chnl_nm": "아울렛",
        "class3": "후드티",
        "sale_amt": 5.53,
        "sale_ratio": 1.0
      },
      {
        "yyyymm": "202511",
        "chnl_nm": "아울렛",
        "class3": "방풍자켓",
        "sale_amt": 5.39,
        "sale_ratio": 0.0
      },
      {
        "yyyymm": "202511",
        "chnl_nm": "아울렛",
        "class3": "방한화",
        "sale_amt": 5.22,
        "sale_ratio": 0.0
      },
      {
        "yyyymm": "202511",
        "chnl_nm": "아울렛",
        "class3": "신발",
        "sale_amt": 4.48,
        "sale_ratio": 0.0
      },
      {
        "yyyymm": "202511",
        "chnl_nm": "아울렛",
        "class3": "방수자켓",
        "sale_amt": 4.05,
        "sale_ratio": 0.0
      },
      {
        "yyyymm": "202511",
        "chnl_nm": "아울렛",
        "class3": "트레이닝(상의)",
        "sale_amt": 3.75,
        "sale_ratio": 0.0
      },
      {
        "yyyymm": "202511",
        "chnl_nm": "아울렛",
        "class3": "스커트",
        "sale_amt": 3.37,
        "sale_ratio": 0.0
      },
      {
        "yyyymm": "202511",
        "chnl_nm": "아울렛",
        "class3": "토드백",
        "sale_amt": 2.91,
        "sale_ratio": 0.0
      },
      {
        "yyyymm": "202511",
        "chnl_nm": "아울렛",
        "class3": "반바지",
        "sale_amt": 2.42,
        "sale_ratio": 0.0
      },
      {
        "yyyymm": "202511",
        "chnl_nm": "아울렛",
        "class3": "트레이닝(하의)",
        "sale_amt": 2.11,
        "sale_ratio": 0.0
      },
      {
        "yyyymm": "202511",
        "chnl_nm": "아울렛",
        "class3": "크로스백",
        "sale_amt": 1.97,
        "sale_ratio": 0.0
      },
      {
        "yyyymm": "202511",
        "chnl_nm": "아울렛",
        "class3": "햇",
        "sale_amt": 1.54,
        "sale_ratio": 0.0
      },
      {
        "yyyymm": "202511",
        "chnl_nm": "아울렛",
        "class3": "비니",
        "sale_amt": 1.27,
        "sale_ratio": 0.0
      },
      {
        "yyyymm": "202511",
        "chnl_nm": "아울렛",
        "class3": "장갑",
        "sale_amt": 1.14,
        "sale_ratio": 0.0
      },
      {
        "yyyymm": "202511",
        "chnl_nm": "아울렛",
        "class3": "레깅스",
        "sale_amt": 0.76,
        "sale_ratio": 0.0
      },
      {
        "yyyymm": "202511",
        "chnl_nm": "아울렛",
        "class3": "백팩",
        "sale_amt": 0.72,
        "sale_ratio": 0.0
      },
      {
        "yyyymm": "202511",
        "chnl_nm": "아울렛",
        "class3": "힙색",
        "sale_amt": 0.7,
        "sale_ratio": 0.0
      },
      {
        "yyyymm": "202511",
        "chnl_nm": "아울렛",
        "class3": "반팔티셔츠",
        "sale_amt": 0.45,
        "sale_ratio": 0.0
      },
      {
        "yyyymm": "202511",
        "chnl_nm": "아울렛",
        "class3": "니트가디건",
        "sale_amt": 0.39,
        "sale_ratio": 0.0
      },
      {
        "yyyymm": "202511",
        "chnl_nm": "아울렛",
        "class3": "운동모",
        "sale_amt": 0.37,
        "sale_ratio": 0.0
      },
      {
        "yyyymm": "202511",
        "chnl_nm": "아울렛",
        "class3": "반팔카라티셔츠",
        "sale_amt": 0.22,
        "sale_ratio": 0.0
      },
      {
        "yyyymm": "202511",
        "chnl_nm": "아울렛",
        "class3": "트레이닝 숏팬츠",
        "sale_amt": 0.2,
        "sale_ratio": 0.0
      },
      {
        "yyyymm": "202511",
        "chnl_nm": "아울렛",
        "class3": "양말",
        "sale_amt": 0.16,
        "sale_ratio": 0.0
      },
      {
        "yyyymm": "202511",
        "chnl_nm": "아울렛",
        "class3": "우븐셔츠",
        "sale_amt": 0.15,
        "sale_ratio": 0.0
      },
      {
        "yyyymm": "202511",
        "chnl_nm": "아울렛",
        "class3": "긴팔티셔츠",
        "sale_amt": 0.14,
        "sale_ratio": 0.0
      },
      {
        "yyyymm": "202511",
        "chnl_nm": "아울렛",
        "class3": "뮬",
        "sale_amt": 0.11,
        "sale_ratio": 0.0
      },
      {
        "yyyymm": "202511",
        "chnl_nm": "아울렛",
        "class3": "벨트백",
        "sale_amt": 0.1,
        "sale_ratio": 0.0
      },
      {
        "yyyymm": "202511",
        "chnl_nm": "자사몰",
        "class3": "다운점퍼",
        "sale_amt": 279.34,
        "sale_ratio": 63.0
      },
      {
        "yyyymm": "202511",
        "chnl_nm": "자사몰",
        "class3": "반팔다운",
        "sale_amt": 92.11,
        "sale_ratio": 21.0
      },
      {
        "yyyymm": "202511",
        "chnl_nm": "자사몰",
        "class3": "방한화",
        "sale_amt": 20.49,
        "sale_ratio": 5.0
      },
      {
        "yyyymm": "202511",
        "chnl_nm": "자사몰",
        "class3": "팬츠",
        "sale_amt": 9.14,
        "sale_ratio": 2.0
      },
      {
        "yyyymm": "202511",
        "chnl_nm": "자사몰",
        "class3": "토드백",
        "sale_amt": 6.12,
        "sale_ratio": 1.0
      },
      {
        "yyyymm": "202511",
        "chnl_nm": "자사몰",
        "class3": "니트풀오버",
        "sale_amt": 5.98,
        "sale_ratio": 1.0
      },
      {
        "yyyymm": "202511",
        "chnl_nm": "자사몰",
        "class3": "후드티",
        "sale_amt": 4.26,
        "sale_ratio": 1.0
      },
      {
        "yyyymm": "202511",
        "chnl_nm": "자사몰",
        "class3": "신발",
        "sale_amt": 1.95,
        "sale_ratio": 0.0
      },
      {
        "yyyymm": "202511",
        "chnl_nm": "자사몰",
        "class3": "소프트쉘",
        "sale_amt": 1.86,
        "sale_ratio": 0.0
      },
      {
        "yyyymm": "202511",
        "chnl_nm": "자사몰",
        "class3": "햇",
        "sale_amt": 1.81,
        "sale_ratio": 0.0
      },
      {
        "yyyymm": "202511",
        "chnl_nm": "자사몰",
        "class3": "크로스백",
        "sale_amt": 1.69,
        "sale_ratio": 0.0
      },
      {
        "yyyymm": "202511",
        "chnl_nm": "자사몰",
        "class3": "맨투맨",
        "sale_amt": 1.6,
        "sale_ratio": 0.0
      },
      {
        "yyyymm": "202511",
        "chnl_nm": "자사몰",
        "class3": "백팩",
        "sale_amt": 1.42,
        "sale_ratio": 0.0
      },
      {
        "yyyymm": "202511",
        "chnl_nm": "자사몰",
        "class3": "다운베스트",
        "sale_amt": 1.3,
        "sale_ratio": 0.0
      },
      {
        "yyyymm": "202511",
        "chnl_nm": "자사몰",
        "class3": "집업티",
        "sale_amt": 1.27,
        "sale_ratio": 0.0
      },
      {
        "yyyymm": "202511",
        "chnl_nm": "자사몰",
        "class3": "반바지",
        "sale_amt": 1.21,
        "sale_ratio": 0.0
      },
      {
        "yyyymm": "202511",
        "chnl_nm": "자사몰",
        "class3": "니트가디건",
        "sale_amt": 1.05,
        "sale_ratio": 0.0
      },
      {
        "yyyymm": "202511",
        "chnl_nm": "자사몰",
        "class3": "방풍자켓",
        "sale_amt": 0.91,
        "sale_ratio": 0.0
      },
      {
        "yyyymm": "202511",
        "chnl_nm": "자사몰",
        "class3": "토시",
        "sale_amt": 0.67,
        "sale_ratio": 0.0
      },
      {
        "yyyymm": "202511",
        "chnl_nm": "자사몰",
        "class3": "장갑",
        "sale_amt": 0.66,
        "sale_ratio": 0.0
      },
      {
        "yyyymm": "202511",
        "chnl_nm": "자사몰",
        "class3": "운동모",
        "sale_amt": 0.64,
        "sale_ratio": 0.0
      },
      {
        "yyyymm": "202511",
        "chnl_nm": "자사몰",
        "class3": "방한모",
        "sale_amt": 0.62,
        "sale_ratio": 0.0
      },
      {
        "yyyymm": "202511",
        "chnl_nm": "자사몰",
        "class3": "비니",
        "sale_amt": 0.57,
        "sale_ratio": 0.0
      },
      {
        "yyyymm": "202511",
        "chnl_nm": "자사몰",
        "class3": "다운 스카프",
        "sale_amt": 0.55,
        "sale_ratio": 0.0
      },
      {
        "yyyymm": "202511",
        "chnl_nm": "자사몰",
        "class3": "베스트",
        "sale_amt": 0.48,
        "sale_ratio": 0.0
      },
      {
        "yyyymm": "202511",
        "chnl_nm": "자사몰",
        "class3": "방수자켓",
        "sale_amt": 0.37,
        "sale_ratio": 0.0
      },
      {
        "yyyymm": "202511",
        "chnl_nm": "자사몰",
        "class3": "긴팔티셔츠",
        "sale_amt": 0.36,
        "sale_ratio": 0.0
      },
      {
        "yyyymm": "202511",
        "chnl_nm": "자사몰",
        "class3": "반팔티셔츠",
        "sale_amt": 0.35,
        "sale_ratio": 0.0
      },
      {
        "yyyymm": "202511",
        "chnl_nm": "자사몰",
        "class3": "스커트",
        "sale_amt": 0.35,
        "sale_ratio": 0.0
      },
      {
        "yyyymm": "202511",
        "chnl_nm": "자사몰",
        "class3": "패딩",
        "sale_amt": 0.32,
        "sale_ratio": 0.0
      },
      {
        "yyyymm": "202511",
        "chnl_nm": "자사몰",
        "class3": "머플러(스카프)",
        "sale_amt": 0.21,
        "sale_ratio": 0.0
      },
      {
        "yyyymm": "202511",
        "chnl_nm": "자사몰",
        "class3": "우븐셔츠",
        "sale_amt": 0.14,
        "sale_ratio": 0.0
      },
      {
        "yyyymm": "202511",
        "chnl_nm": "자사몰",
        "class3": "트레이닝(상의)",
        "sale_amt": 0.14,
        "sale_ratio": 0.0
      },
      {
        "yyyymm": "202511",
        "chnl_nm": "자사몰",
        "class3": "뮬",
        "sale_amt": 0.11,
        "sale_ratio": 0.0
      },
      {
        "yyyymm": "202511",
        "chnl_nm": "자사몰",
        "class3": "브라",
        "sale_amt": 0.1,
        "sale_ratio": 0.0
      },
      {
        "yyyymm": "202511",
        "chnl_nm": "자사몰",
        "class3": "양말",
        "sale_amt": 0.03,
        "sale_ratio": 0.0
      },
      {
        "yyyymm": "202511",
        "chnl_nm": "자사몰",
        "class3": "가방",
        "sale_amt": 0.0,
        "sale_ratio": 0.0
      },
      {
        "yyyymm": "202511",
        "chnl_nm": "자사몰",
        "class3": "반팔카라티셔츠",
        "sale_amt": 0.0,
        "sale_ratio": 0.0
      },
      {
        "yyyymm": "202511",
        "chnl_nm": "직영점",
        "class3": "다운점퍼",
        "sale_amt": 293.87,
        "sale_ratio": 82.0
      },
      {
        "yyyymm": "202511",
        "chnl_nm": "직영점",
        "class3": "반팔다운",
        "sale_amt": 23.4,
        "sale_ratio": 7.0
      },
      {
        "yyyymm": "202511",
        "chnl_nm": "직영점",
        "class3": "방한화",
        "sale_amt": 6.7,
        "sale_ratio": 2.0
      },
      {
        "yyyymm": "202511",
        "chnl_nm": "직영점",
        "class3": "팬츠",
        "sale_amt": 6.03,
        "sale_ratio": 2.0
      },
      {
        "yyyymm": "202511",
        "chnl_nm": "직영점",
        "class3": "니트풀오버",
        "sale_amt": 5.65,
        "sale_ratio": 2.0
      },
      {
        "yyyymm": "202511",
        "chnl_nm": "직영점",
        "class3": "다운베스트",
        "sale_amt": 3.22,
        "sale_ratio": 1.0
      },
      {
        "yyyymm": "202511",
        "chnl_nm": "직영점",
        "class3": "방풍자켓",
        "sale_amt": 3.09,
        "sale_ratio": 1.0
      },
      {
        "yyyymm": "202511",
        "chnl_nm": "직영점",
        "class3": "토드백",
        "sale_amt": 3.06,
        "sale_ratio": 1.0
      },
      {
        "yyyymm": "202511",
        "chnl_nm": "직영점",
        "class3": "반바지",
        "sale_amt": 2.02,
        "sale_ratio": 1.0
      },
      {
        "yyyymm": "202511",
        "chnl_nm": "직영점",
        "class3": "니트가디건",
        "sale_amt": 1.44,
        "sale_ratio": 0.0
      },
      {
        "yyyymm": "202511",
        "chnl_nm": "직영점",
        "class3": "백팩",
        "sale_amt": 1.41,
        "sale_ratio": 0.0
      },
      {
        "yyyymm": "202511",
        "chnl_nm": "직영점",
        "class3": "후드티",
        "sale_amt": 1.35,
        "sale_ratio": 0.0
      },
      {
        "yyyymm": "202511",
        "chnl_nm": "직영점",
        "class3": "햇",
        "sale_amt": 1.34,
        "sale_ratio": 0.0
      },
      {
        "yyyymm": "202511",
        "chnl_nm": "직영점",
        "class3": "크로스백",
        "sale_amt": 1.12,
        "sale_ratio": 0.0
      },
      {
        "yyyymm": "202511",
        "chnl_nm": "직영점",
        "class3": "소프트쉘",
        "sale_amt": 1.08,
        "sale_ratio": 0.0
      },
      {
        "yyyymm": "202511",
        "chnl_nm": "직영점",
        "class3": "머플러(스카프)",
        "sale_amt": 0.9,
        "sale_ratio": 0.0
      },
      {
        "yyyymm": "202511",
        "chnl_nm": "직영점",
        "class3": "스커트",
        "sale_amt": 0.59,
        "sale_ratio": 0.0
      },
      {
        "yyyymm": "202511",
        "chnl_nm": "직영점",
        "class3": "베스트",
        "sale_amt": 0.53,
        "sale_ratio": 0.0
      },
      {
        "yyyymm": "202511",
        "chnl_nm": "직영점",
        "class3": "운동모",
        "sale_amt": 0.51,
        "sale_ratio": 0.0
      },
      {
        "yyyymm": "202511",
        "chnl_nm": "직영점",
        "class3": "니트베스트",
        "sale_amt": 0.44,
        "sale_ratio": 0.0
      },
      {
        "yyyymm": "202511",
        "chnl_nm": "직영점",
        "class3": "토시",
        "sale_amt": 0.3,
        "sale_ratio": 0.0
      },
      {
        "yyyymm": "202511",
        "chnl_nm": "직영점",
        "class3": "다운 스카프",
        "sale_amt": 0.23,
        "sale_ratio": 0.0
      },
      {
        "yyyymm": "202511",
        "chnl_nm": "직영점",
        "class3": "반팔티셔츠",
        "sale_amt": 0.23,
        "sale_ratio": 0.0
      },
      {
        "yyyymm": "202511",
        "chnl_nm": "직영점",
        "class3": "방한모",
        "sale_amt": 0.15,
        "sale_ratio": 0.0
      },
      {
        "yyyymm": "202511",
        "chnl_nm": "직영점",
        "class3": "장갑",
        "sale_amt": 0.15,
        "sale_ratio": 0.0
      },
      {
        "yyyymm": "202511",
        "chnl_nm": "직영점",
        "class3": "맨투맨",
        "sale_amt": 0.11,
        "sale_ratio": 0.0
      },
      {
        "yyyymm": "202411",
        "chnl_nm": "백화점",
        "class3": "다운점퍼",
        "sale_amt": 989.32,
        "sale_ratio": 69.0
      },
      {
        "yyyymm": "202411",
        "chnl_nm": "백화점",
        "class3": "반팔다운",
        "sale_amt": 198.85,
        "sale_ratio": 14.0
      },
      {
        "yyyymm": "202411",
        "chnl_nm": "백화점",
        "class3": "팬츠",
        "sale_amt": 42.98,
        "sale_ratio": 3.0
      },
      {
        "yyyymm": "202411",
        "chnl_nm": "백화점",
        "class3": "다운베스트",
        "sale_amt": 41.88,
        "sale_ratio": 3.0
      },
      {
        "yyyymm": "202411",
        "chnl_nm": "백화점",
        "class3": "소프트쉘",
        "sale_amt": 33.3,
        "sale_ratio": 2.0
      },
      {
        "yyyymm": "202411",
        "chnl_nm": "백화점",
        "class3": "방한화",
        "sale_amt": 29.32,
        "sale_ratio": 2.0
      },
      {
        "yyyymm": "202411",
        "chnl_nm": "백화점",
        "class3": "니트풀오버",
        "sale_amt": 20.6,
        "sale_ratio": 1.0
      },
      {
        "yyyymm": "202411",
        "chnl_nm": "백화점",
        "class3": "토드백",
        "sale_amt": 10.97,
        "sale_ratio": 1.0
      },
      {
        "yyyymm": "202411",
        "chnl_nm": "백화점",
        "class3": "햇",
        "sale_amt": 8.81,
        "sale_ratio": 1.0
      },
      {
        "yyyymm": "202411",
        "chnl_nm": "백화점",
        "class3": "맨투맨",
        "sale_amt": 6.94,
        "sale_ratio": 0.0
      },
      {
        "yyyymm": "202411",
        "chnl_nm": "백화점",
        "class3": "백팩",
        "sale_amt": 6.68,
        "sale_ratio": 0.0
      },
      {
        "yyyymm": "202411",
        "chnl_nm": "백화점",
        "class3": "반바지",
        "sale_amt": 6.2,
        "sale_ratio": 0.0
      },
      {
        "yyyymm": "202411",
        "chnl_nm": "백화점",
        "class3": "후드티",
        "sale_amt": 5.97,
        "sale_ratio": 0.0
      },
      {
        "yyyymm": "202411",
        "chnl_nm": "백화점",
        "class3": "집업티",
        "sale_amt": 4.39,
        "sale_ratio": 0.0
      },
      {
        "yyyymm": "202411",
        "chnl_nm": "백화점",
        "class3": "신발",
        "sale_amt": 4.22,
        "sale_ratio": 0.0
      },
      {
        "yyyymm": "202411",
        "chnl_nm": "백화점",
        "class3": "크로스백",
        "sale_amt": 3.26,
        "sale_ratio": 0.0
      },
      {
        "yyyymm": "202411",
        "chnl_nm": "백화점",
        "class3": "트레이닝(하의)",
        "sale_amt": 2.83,
        "sale_ratio": 0.0
      },
      {
        "yyyymm": "202411",
        "chnl_nm": "백화점",
        "class3": "패딩",
        "sale_amt": 2.74,
        "sale_ratio": 0.0
      },
      {
        "yyyymm": "202411",
        "chnl_nm": "백화점",
        "class3": "비니",
        "sale_amt": 1.95,
        "sale_ratio": 0.0
      },
      {
        "yyyymm": "202411",
        "chnl_nm": "백화점",
        "class3": "트레이닝(상의)",
        "sale_amt": 1.89,
        "sale_ratio": 0.0
      },
      {
        "yyyymm": "202411",
        "chnl_nm": "백화점",
        "class3": "방풍자켓",
        "sale_amt": 1.58,
        "sale_ratio": 0.0
      },
      {
        "yyyymm": "202411",
        "chnl_nm": "백화점",
        "class3": "방수자켓",
        "sale_amt": 1.42,
        "sale_ratio": 0.0
      },
      {
        "yyyymm": "202411",
        "chnl_nm": "백화점",
        "class3": "방한모",
        "sale_amt": 0.9,
        "sale_ratio": 0.0
      },
      {
        "yyyymm": "202411",
        "chnl_nm": "백화점",
        "class3": "양말",
        "sale_amt": 0.78,
        "sale_ratio": 0.0
      },
      {
        "yyyymm": "202411",
        "chnl_nm": "백화점",
        "class3": "장갑",
        "sale_amt": 0.77,
        "sale_ratio": 0.0
      },
      {
        "yyyymm": "202411",
        "chnl_nm": "백화점",
        "class3": "토시",
        "sale_amt": 0.66,
        "sale_ratio": 0.0
      },
      {
        "yyyymm": "202411",
        "chnl_nm": "백화점",
        "class3": "운동모",
        "sale_amt": 0.61,
        "sale_ratio": 0.0
      },
      {
        "yyyymm": "202411",
        "chnl_nm": "백화점",
        "class3": "뮬",
        "sale_amt": 0.16,
        "sale_ratio": 0.0
      },
      {
        "yyyymm": "202411",
        "chnl_nm": "백화점",
        "class3": "반팔티셔츠",
        "sale_amt": 0.12,
        "sale_ratio": 0.0
      },
      {
        "yyyymm": "202411",
        "chnl_nm": "백화점",
        "class3": "선캡",
        "sale_amt": 0.0,
        "sale_ratio": 0.0
      },
      {
        "yyyymm": "202411",
        "chnl_nm": "아울렛",
        "class3": "다운점퍼",
        "sale_amt": 727.69,
        "sale_ratio": 71.0
      },
      {
        "yyyymm": "202411",
        "chnl_nm": "아울렛",
        "class3": "다운베스트",
        "sale_amt": 133.9,
        "sale_ratio": 13.0
      },
      {
        "yyyymm": "202411",
        "chnl_nm": "아울렛",
        "class3": "반팔다운",
        "sale_amt": 56.58,
        "sale_ratio": 5.0
      },
      {
        "yyyymm": "202411",
        "chnl_nm": "아울렛",
        "class3": "니트풀오버",
        "sale_amt": 14.23,
        "sale_ratio": 1.0
      },
      {
        "yyyymm": "202411",
        "chnl_nm": "아울렛",
        "class3": "방한화",
        "sale_amt": 11.92,
        "sale_ratio": 1.0
      },
      {
        "yyyymm": "202411",
        "chnl_nm": "아울렛",
        "class3": "패딩",
        "sale_amt": 11.46,
        "sale_ratio": 1.0
      },
      {
        "yyyymm": "202411",
        "chnl_nm": "아울렛",
        "class3": "팬츠",
        "sale_amt": 9.69,
        "sale_ratio": 1.0
      },
      {
        "yyyymm": "202411",
        "chnl_nm": "아울렛",
        "class3": "맨투맨",
        "sale_amt": 8.8,
        "sale_ratio": 1.0
      },
      {
        "yyyymm": "202411",
        "chnl_nm": "아울렛",
        "class3": "트레이닝(하의)",
        "sale_amt": 8.48,
        "sale_ratio": 1.0
      },
      {
        "yyyymm": "202411",
        "chnl_nm": "아울렛",
        "class3": "소프트쉘",
        "sale_amt": 7.52,
        "sale_ratio": 1.0
      },
      {
        "yyyymm": "202411",
        "chnl_nm": "아울렛",
        "class3": "트레이닝(상의)",
        "sale_amt": 7.45,
        "sale_ratio": 1.0
      },
      {
        "yyyymm": "202411",
        "chnl_nm": "아울렛",
        "class3": "후드티",
        "sale_amt": 4.9,
        "sale_ratio": 0.0
      },
      {
        "yyyymm": "202411",
        "chnl_nm": "아울렛",
        "class3": "신발",
        "sale_amt": 4.75,
        "sale_ratio": 0.0
      },
      {
        "yyyymm": "202411",
        "chnl_nm": "아울렛",
        "class3": "스커트",
        "sale_amt": 4.7,
        "sale_ratio": 0.0
      },
      {
        "yyyymm": "202411",
        "chnl_nm": "아울렛",
        "class3": "토드백",
        "sale_amt": 3.85,
        "sale_ratio": 0.0
      },
      {
        "yyyymm": "202411",
        "chnl_nm": "아울렛",
        "class3": "방풍자켓",
        "sale_amt": 3.28,
        "sale_ratio": 0.0
      },
      {
        "yyyymm": "202411",
        "chnl_nm": "아울렛",
        "class3": "크로스백",
        "sale_amt": 2.62,
        "sale_ratio": 0.0
      },
      {
        "yyyymm": "202411",
        "chnl_nm": "아울렛",
        "class3": "비니",
        "sale_amt": 2.29,
        "sale_ratio": 0.0
      },
      {
        "yyyymm": "202411",
        "chnl_nm": "아울렛",
        "class3": "백팩",
        "sale_amt": 2.01,
        "sale_ratio": 0.0
      },
      {
        "yyyymm": "202411",
        "chnl_nm": "아울렛",
        "class3": "운동모",
        "sale_amt": 1.61,
        "sale_ratio": 0.0
      },
      {
        "yyyymm": "202411",
        "chnl_nm": "아울렛",
        "class3": "햇",
        "sale_amt": 1.34,
        "sale_ratio": 0.0
      },
      {
        "yyyymm": "202411",
        "chnl_nm": "아울렛",
        "class3": "레깅스",
        "sale_amt": 1.1,
        "sale_ratio": 0.0
      },
      {
        "yyyymm": "202411",
        "chnl_nm": "아울렛",
        "class3": "벨트백",
        "sale_amt": 0.55,
        "sale_ratio": 0.0
      },
      {
        "yyyymm": "202411",
        "chnl_nm": "아울렛",
        "class3": "선캡",
        "sale_amt": 0.42,
        "sale_ratio": 0.0
      },
      {
        "yyyymm": "202411",
        "chnl_nm": "아울렛",
        "class3": "스웨트팬츠",
        "sale_amt": 0.37,
        "sale_ratio": 0.0
      },
      {
        "yyyymm": "202411",
        "chnl_nm": "아울렛",
        "class3": "기타가방",
        "sale_amt": 0.26,
        "sale_ratio": 0.0
      },
      {
        "yyyymm": "202411",
        "chnl_nm": "아울렛",
        "class3": "양말",
        "sale_amt": 0.19,
        "sale_ratio": 0.0
      },
      {
        "yyyymm": "202411",
        "chnl_nm": "아울렛",
        "class3": "반팔티셔츠",
        "sale_amt": 0.11,
        "sale_ratio": 0.0
      },
      {
        "yyyymm": "202411",
        "chnl_nm": "아울렛",
        "class3": "라운드티",
        "sale_amt": 0.08,
        "sale_ratio": 0.0
      },
      {
        "yyyymm": "202411",
        "chnl_nm": "아울렛",
        "class3": "장갑",
        "sale_amt": 0.04,
        "sale_ratio": 0.0
      },
      {
        "yyyymm": "202411",
        "chnl_nm": "제휴몰",
        "class3": "다운점퍼",
        "sale_amt": 285.92,
        "sale_ratio": 59.0
      },
      {
        "yyyymm": "202411",
        "chnl_nm": "제휴몰",
        "class3": "반팔다운",
        "sale_amt": 57.74,
        "sale_ratio": 12.0
      },
      {
        "yyyymm": "202411",
        "chnl_nm": "제휴몰",
        "class3": "방한화",
        "sale_amt": 33.53,
        "sale_ratio": 7.0
      },
      {
        "yyyymm": "202411",
        "chnl_nm": "제휴몰",
        "class3": "다운베스트",
        "sale_amt": 29.15,
        "sale_ratio": 6.0
      },
      {
        "yyyymm": "202411",
        "chnl_nm": "제휴몰",
        "class3": "방풍자켓",
        "sale_amt": 9.1,
        "sale_ratio": 2.0
      },
      {
        "yyyymm": "202411",
        "chnl_nm": "제휴몰",
        "class3": "팬츠",
        "sale_amt": 8.69,
        "sale_ratio": 2.0
      },
      {
        "yyyymm": "202411",
        "chnl_nm": "제휴몰",
        "class3": "소프트쉘",
        "sale_amt": 8.07,
        "sale_ratio": 2.0
      },
      {
        "yyyymm": "202411",
        "chnl_nm": "제휴몰",
        "class3": "맨투맨",
        "sale_amt": 7.25,
        "sale_ratio": 1.0
      },
      {
        "yyyymm": "202411",
        "chnl_nm": "제휴몰",
        "class3": "트레이닝(상의)",
        "sale_amt": 5.43,
        "sale_ratio": 1.0
      },
      {
        "yyyymm": "202411",
        "chnl_nm": "제휴몰",
        "class3": "후드티",
        "sale_amt": 4.77,
        "sale_ratio": 1.0
      },
      {
        "yyyymm": "202411",
        "chnl_nm": "제휴몰",
        "class3": "백팩",
        "sale_amt": 4.13,
        "sale_ratio": 1.0
      },
      {
        "yyyymm": "202411",
        "chnl_nm": "제휴몰",
        "class3": "스커트",
        "sale_amt": 3.83,
        "sale_ratio": 1.0
      },
      {
        "yyyymm": "202411",
        "chnl_nm": "제휴몰",
        "class3": "신발",
        "sale_amt": 3.66,
        "sale_ratio": 1.0
      },
      {
        "yyyymm": "202411",
        "chnl_nm": "제휴몰",
        "class3": "니트풀오버",
        "sale_amt": 3.33,
        "sale_ratio": 1.0
      },
      {
        "yyyymm": "202411",
        "chnl_nm": "제휴몰",
        "class3": "트레이닝(하의)",
        "sale_amt": 2.32,
        "sale_ratio": 0.0
      },
      {
        "yyyymm": "202411",
        "chnl_nm": "제휴몰",
        "class3": "토드백",
        "sale_amt": 1.92,
        "sale_ratio": 0.0
      },
      {
        "yyyymm": "202411",
        "chnl_nm": "제휴몰",
        "class3": "패딩",
        "sale_amt": 1.88,
        "sale_ratio": 0.0
      },
      {
        "yyyymm": "202411",
        "chnl_nm": "제휴몰",
        "class3": "크로스백",
        "sale_amt": 1.71,
        "sale_ratio": 0.0
      },
      {
        "yyyymm": "202411",
        "chnl_nm": "제휴몰",
        "class3": "운동모",
        "sale_amt": 1.53,
        "sale_ratio": 0.0
      },
      {
        "yyyymm": "202411",
        "chnl_nm": "제휴몰",
        "class3": "반바지",
        "sale_amt": 1.31,
        "sale_ratio": 0.0
      },
      {
        "yyyymm": "202411",
        "chnl_nm": "제휴몰",
        "class3": "선캡",
        "sale_amt": 1.01,
        "sale_ratio": 0.0
      },
      {
        "yyyymm": "202411",
        "chnl_nm": "제휴몰",
        "class3": "반팔카라티셔츠",
        "sale_amt": 0.95,
        "sale_ratio": 0.0
      },
      {
        "yyyymm": "202411",
        "chnl_nm": "제휴몰",
        "class3": "반팔티셔츠",
        "sale_amt": 0.88,
        "sale_ratio": 0.0
      },
      {
        "yyyymm": "202411",
        "chnl_nm": "제휴몰",
        "class3": "레깅스",
        "sale_amt": 0.88,
        "sale_ratio": 0.0
      },
      {
        "yyyymm": "202411",
        "chnl_nm": "제휴몰",
        "class3": "니트반팔티셔츠",
        "sale_amt": 0.65,
        "sale_ratio": 0.0
      },
      {
        "yyyymm": "202411",
        "chnl_nm": "제휴몰",
        "class3": "양말",
        "sale_amt": 0.63,
        "sale_ratio": 0.0
      },
      {
        "yyyymm": "202411",
        "chnl_nm": "제휴몰",
        "class3": "집업티",
        "sale_amt": 0.61,
        "sale_ratio": 0.0
      },
      {
        "yyyymm": "202411",
        "chnl_nm": "제휴몰",
        "class3": "비니",
        "sale_amt": 0.6,
        "sale_ratio": 0.0
      },
      {
        "yyyymm": "202411",
        "chnl_nm": "제휴몰",
        "class3": "햇",
        "sale_amt": 0.56,
        "sale_ratio": 0.0
      },
      {
        "yyyymm": "202411",
        "chnl_nm": "제휴몰",
        "class3": "스웨트팬츠",
        "sale_amt": 0.54,
        "sale_ratio": 0.0
      },
      {
        "yyyymm": "202411",
        "chnl_nm": "제휴몰",
        "class3": "토시",
        "sale_amt": 0.52,
        "sale_ratio": 0.0
      },
      {
        "yyyymm": "202411",
        "chnl_nm": "제휴몰",
        "class3": "트레이닝 숏팬츠",
        "sale_amt": 0.29,
        "sale_ratio": 0.0
      },
      {
        "yyyymm": "202411",
        "chnl_nm": "제휴몰",
        "class3": "다운 스카프",
        "sale_amt": 0.29,
        "sale_ratio": 0.0
      },
      {
        "yyyymm": "202411",
        "chnl_nm": "제휴몰",
        "class3": "보스톤백",
        "sale_amt": 0.23,
        "sale_ratio": 0.0
      },
      {
        "yyyymm": "202411",
        "chnl_nm": "제휴몰",
        "class3": "벨트백",
        "sale_amt": 0.17,
        "sale_ratio": 0.0
      },
      {
        "yyyymm": "202411",
        "chnl_nm": "제휴몰",
        "class3": "기타가방",
        "sale_amt": 0.16,
        "sale_ratio": 0.0
      },
      {
        "yyyymm": "202411",
        "chnl_nm": "제휴몰",
        "class3": "파우치",
        "sale_amt": 0.14,
        "sale_ratio": 0.0
      },
      {
        "yyyymm": "202411",
        "chnl_nm": "제휴몰",
        "class3": "장갑",
        "sale_amt": 0.11,
        "sale_ratio": 0.0
      },
      {
        "yyyymm": "202411",
        "chnl_nm": "제휴몰",
        "class3": "베스트",
        "sale_amt": 0.0,
        "sale_ratio": 0.0
      },
      {
        "yyyymm": "202411",
        "chnl_nm": "자사몰",
        "class3": "다운점퍼",
        "sale_amt": 146.4,
        "sale_ratio": 71.0
      },
      {
        "yyyymm": "202411",
        "chnl_nm": "자사몰",
        "class3": "방한화",
        "sale_amt": 15.61,
        "sale_ratio": 8.0
      },
      {
        "yyyymm": "202411",
        "chnl_nm": "자사몰",
        "class3": "반팔다운",
        "sale_amt": 13.01,
        "sale_ratio": 6.0
      },
      {
        "yyyymm": "202411",
        "chnl_nm": "자사몰",
        "class3": "다운베스트",
        "sale_amt": 10.13,
        "sale_ratio": 5.0
      },
      {
        "yyyymm": "202411",
        "chnl_nm": "자사몰",
        "class3": "니트풀오버",
        "sale_amt": 3.83,
        "sale_ratio": 2.0
      },
      {
        "yyyymm": "202411",
        "chnl_nm": "자사몰",
        "class3": "백팩",
        "sale_amt": 3.08,
        "sale_ratio": 1.0
      },
      {
        "yyyymm": "202411",
        "chnl_nm": "자사몰",
        "class3": "스커트",
        "sale_amt": 1.95,
        "sale_ratio": 1.0
      },
      {
        "yyyymm": "202411",
        "chnl_nm": "자사몰",
        "class3": "팬츠",
        "sale_amt": 1.42,
        "sale_ratio": 1.0
      },
      {
        "yyyymm": "202411",
        "chnl_nm": "자사몰",
        "class3": "맨투맨",
        "sale_amt": 1.34,
        "sale_ratio": 1.0
      },
      {
        "yyyymm": "202411",
        "chnl_nm": "자사몰",
        "class3": "방풍자켓",
        "sale_amt": 1.3,
        "sale_ratio": 1.0
      },
      {
        "yyyymm": "202411",
        "chnl_nm": "자사몰",
        "class3": "토드백",
        "sale_amt": 0.93,
        "sale_ratio": 0.0
      },
      {
        "yyyymm": "202411",
        "chnl_nm": "자사몰",
        "class3": "햇",
        "sale_amt": 0.93,
        "sale_ratio": 0.0
      },
      {
        "yyyymm": "202411",
        "chnl_nm": "자사몰",
        "class3": "트레이닝(하의)",
        "sale_amt": 0.81,
        "sale_ratio": 0.0
      },
      {
        "yyyymm": "202411",
        "chnl_nm": "자사몰",
        "class3": "신발",
        "sale_amt": 0.76,
        "sale_ratio": 0.0
      },
      {
        "yyyymm": "202411",
        "chnl_nm": "자사몰",
        "class3": "후드티",
        "sale_amt": 0.72,
        "sale_ratio": 0.0
      },
      {
        "yyyymm": "202411",
        "chnl_nm": "자사몰",
        "class3": "비니",
        "sale_amt": 0.66,
        "sale_ratio": 0.0
      },
      {
        "yyyymm": "202411",
        "chnl_nm": "자사몰",
        "class3": "트레이닝(상의)",
        "sale_amt": 0.52,
        "sale_ratio": 0.0
      },
      {
        "yyyymm": "202411",
        "chnl_nm": "자사몰",
        "class3": "원피스",
        "sale_amt": 0.49,
        "sale_ratio": 0.0
      },
      {
        "yyyymm": "202411",
        "chnl_nm": "자사몰",
        "class3": "소프트쉘",
        "sale_amt": 0.36,
        "sale_ratio": 0.0
      },
      {
        "yyyymm": "202411",
        "chnl_nm": "자사몰",
        "class3": "운동모",
        "sale_amt": 0.32,
        "sale_ratio": 0.0
      },
      {
        "yyyymm": "202411",
        "chnl_nm": "자사몰",
        "class3": "크로스백",
        "sale_amt": 0.27,
        "sale_ratio": 0.0
      },
      {
        "yyyymm": "202411",
        "chnl_nm": "자사몰",
        "class3": "장갑",
        "sale_amt": 0.27,
        "sale_ratio": 0.0
      },
      {
        "yyyymm": "202411",
        "chnl_nm": "자사몰",
        "class3": "집업티",
        "sale_amt": 0.25,
        "sale_ratio": 0.0
      },
      {
        "yyyymm": "202411",
        "chnl_nm": "자사몰",
        "class3": "선캡",
        "sale_amt": 0.21,
        "sale_ratio": 0.0
      },
      {
        "yyyymm": "202411",
        "chnl_nm": "자사몰",
        "class3": "양말",
        "sale_amt": 0.18,
        "sale_ratio": 0.0
      },
      {
        "yyyymm": "202411",
        "chnl_nm": "자사몰",
        "class3": "레깅스",
        "sale_amt": 0.14,
        "sale_ratio": 0.0
      },
      {
        "yyyymm": "202411",
        "chnl_nm": "자사몰",
        "class3": "반팔티셔츠",
        "sale_amt": 0.14,
        "sale_ratio": 0.0
      },
      {
        "yyyymm": "202411",
        "chnl_nm": "자사몰",
        "class3": "벨트백",
        "sale_amt": 0.13,
        "sale_ratio": 0.0
      },
      {
        "yyyymm": "202411",
        "chnl_nm": "자사몰",
        "class3": "다운 스카프",
        "sale_amt": 0.13,
        "sale_ratio": 0.0
      },
      {
        "yyyymm": "202411",
        "chnl_nm": "자사몰",
        "class3": "뮬",
        "sale_amt": 0.13,
        "sale_ratio": 0.0
      },
      {
        "yyyymm": "202411",
        "chnl_nm": "자사몰",
        "class3": "패딩",
        "sale_amt": 0.0,
        "sale_ratio": 0.0
      },
      {
        "yyyymm": "202411",
        "chnl_nm": "직영점",
        "class3": "다운점퍼",
        "sale_amt": 145.0,
        "sale_ratio": 79.0
      },
      {
        "yyyymm": "202411",
        "chnl_nm": "직영점",
        "class3": "반팔다운",
        "sale_amt": 19.45,
        "sale_ratio": 11.0
      },
      {
        "yyyymm": "202411",
        "chnl_nm": "직영점",
        "class3": "방한화",
        "sale_amt": 6.07,
        "sale_ratio": 3.0
      },
      {
        "yyyymm": "202411",
        "chnl_nm": "직영점",
        "class3": "팬츠",
        "sale_amt": 2.35,
        "sale_ratio": 1.0
      },
      {
        "yyyymm": "202411",
        "chnl_nm": "직영점",
        "class3": "다운베스트",
        "sale_amt": 2.17,
        "sale_ratio": 1.0
      },
      {
        "yyyymm": "202411",
        "chnl_nm": "직영점",
        "class3": "집업티",
        "sale_amt": 1.26,
        "sale_ratio": 1.0
      },
      {
        "yyyymm": "202411",
        "chnl_nm": "직영점",
        "class3": "니트풀오버",
        "sale_amt": 1.08,
        "sale_ratio": 1.0
      },
      {
        "yyyymm": "202411",
        "chnl_nm": "직영점",
        "class3": "방풍자켓",
        "sale_amt": 0.67,
        "sale_ratio": 0.0
      },
      {
        "yyyymm": "202411",
        "chnl_nm": "직영점",
        "class3": "크로스백",
        "sale_amt": 0.67,
        "sale_ratio": 0.0
      },
      {
        "yyyymm": "202411",
        "chnl_nm": "직영점",
        "class3": "방한모",
        "sale_amt": 0.64,
        "sale_ratio": 0.0
      },
      {
        "yyyymm": "202411",
        "chnl_nm": "직영점",
        "class3": "비니",
        "sale_amt": 0.64,
        "sale_ratio": 0.0
      },
      {
        "yyyymm": "202411",
        "chnl_nm": "직영점",
        "class3": "방수자켓",
        "sale_amt": 0.59,
        "sale_ratio": 0.0
      },
      {
        "yyyymm": "202411",
        "chnl_nm": "직영점",
        "class3": "햇",
        "sale_amt": 0.53,
        "sale_ratio": 0.0
      },
      {
        "yyyymm": "202411",
        "chnl_nm": "직영점",
        "class3": "소프트쉘",
        "sale_amt": 0.5,
        "sale_ratio": 0.0
      },
      {
        "yyyymm": "202411",
        "chnl_nm": "직영점",
        "class3": "트레이닝(상의)",
        "sale_amt": 0.49,
        "sale_ratio": 0.0
      },
      {
        "yyyymm": "202411",
        "chnl_nm": "직영점",
        "class3": "토드백",
        "sale_amt": 0.42,
        "sale_ratio": 0.0
      },
      {
        "yyyymm": "202411",
        "chnl_nm": "직영점",
        "class3": "반바지",
        "sale_amt": 0.42,
        "sale_ratio": 0.0
      },
      {
        "yyyymm": "202411",
        "chnl_nm": "직영점",
        "class3": "후드티",
        "sale_amt": 0.28,
        "sale_ratio": 0.0
      },
      {
        "yyyymm": "202411",
        "chnl_nm": "직영점",
        "class3": "백팩",
        "sale_amt": 0.22,
        "sale_ratio": 0.0
      },
      {
        "yyyymm": "202411",
        "chnl_nm": "직영점",
        "class3": "트레이닝(하의)",
        "sale_amt": 0.21,
        "sale_ratio": 0.0
      },
      {
        "yyyymm": "202411",
        "chnl_nm": "직영점",
        "class3": "레깅스",
        "sale_amt": 0.2,
        "sale_ratio": 0.0
      },
      {
        "yyyymm": "202411",
        "chnl_nm": "직영점",
        "class3": "장갑",
        "sale_amt": 0.16,
        "sale_ratio": 0.0
      },
      {
        "yyyymm": "202411",
        "chnl_nm": "직영점",
        "class3": "뮬",
        "sale_amt": 0.15,
        "sale_ratio": 0.0
      },
      {
        "yyyymm": "202411",
        "chnl_nm": "직영점",
        "class3": "선캡",
        "sale_amt": 0.11,
        "sale_ratio": 0.0
      },
      {
        "yyyymm": "202411",
        "chnl_nm": "직영점",
        "class3": "운동모",
        "sale_amt": 0.07,
        "sale_ratio": 0.0
      },
      {
        "yyyymm": "202411",
        "chnl_nm": "직영점",
        "class3": "맨투맨",
        "sale_amt": 0.0,
        "sale_ratio": 0.0
      }
    ]
  }
}