{
  "country": "KR",
  "brand_cd": "W",
  "brand_name": "SUPRA",
  "yyyymm": "202511",
  "yyyymm_py": "202411",
  "key": "매장효율성",
  "sub_key": "종합분석",
  "analysis_data": {
    "title": "매장효율성 종합분석",
    "sections": [
      {
        "div": "종합분석-1",
        "sub_title": "우수 점포 생산성",
        "ai_text": "SUPRA 브랜드는 현재 우수한 점포 생산성을 보이는 채널이 없는 상황입니다.\n전년 11월 대비 모든 채널에서 매장 운영이 중단되거나 신규 개점만 있는 상태로,\n직영점(전년 점포당 66백만원)과 면세점(전년 점포당 59백만원)의 높은 생산성 기반을 활용한 재진입 전략이 필요합니다.\n과거 직영점의 우수한 매장 효율성을 벤치마크로 활용하여 신규 매장 운영 모델을 구축해야 합니다."
      },
      {
        "div": "종합분석-2",
        "sub_title": "대응 필요 매장",
        "ai_text": "백화점 채널은 신규 1개 점포가 개점했으나 매출 실적이 0백만원으로 즉시 개선이 필요합니다.\n직영점 채널은 전년 3개 점포(점포당 66백만원)에서 모두 철수하여 채널 전략 재검토가 시급합니다.\n면세점 채널도 전년 2개 점포(점포당 59백만원)에서 완전 철수하여 재진입 방안 모색이 필요합니다.\n전체적으로 매장 운영 기반이 크게 축소되어 브랜드 존재감 회복을 위한 긴급 대응이 요구됩니다."
      },
      {
        "div": "종합분석-3",
        "sub_title": "AI 권장사항",
        "ai_text": "• 백화점 신규 매장의 상품 구성과 마케팅 전략을 즉시 점검하여 매출 창출 방안을 마련하세요.\n• 과거 직영점의 성공 모델(점포당 66백만원)을 분석하여 선별적 재진입 전략을 수립하세요.\n• 면세점 채널은 인바운드 관광 회복세에 맞춰 파트너십 재구축을 통한 단계적 재진입을 검토하세요.\n• 온라인 채널 강화를 통해 오프라인 매장의 부족분을 보완하고 브랜드 인지도를 회복하세요."
      },
      {
        "div": "종합분석-4",
        "sub_title": "최적의 시나리오",
        "ai_text": "백화점 신규 매장을 통해 월 30백만원 이상의 매출 달성을 목표로 상품 믹스와 고객 서비스를 개선하세요.\n직영점은 과거 성과가 우수했던 2-3개 핵심 입지를 선별하여 단계적 재진입을 통해 점포당 50백만원 이상 목표를 설정하세요.\n면세점은 2025년 하반기 인바운드 관광 회복에 맞춰 1-2개 핵심 공항 면세점 재진입을 추진하세요.\n전체적으로 6개월 내 총 3-4개 매장 운영을 통해 점포당 평균 40백만원 이상의 매출 달성을 목표로 하세요."
      }
    ]
  },
  "summary": {
    "total_shop_amt_cy": 0.0,
    "total_shop_amt_py": 63.0,
    "total_shop_cnt_cy": 1,
    "total_shop_cnt_py": 5,
    "yoy": 0.0,
    "unique_channels": 3,
    "analysis_period": "2024년 11월 vs 2025년 11월"
  },
  "channel_summary": {
    "백화점": {
      "shop_amt_cy": 0.0,
      "shop_amt_py": 0.0,
      "shop_cnt_cy": 1,
      "shop_cnt_py": 0,
      "yoy": 0.0
    },
    "직영점": {
      "shop_amt_cy": 0.0,
      "shop_amt_py": 66.0,
      "shop_cnt_cy": 0,
      "shop_cnt_py": 3,
      "yoy": 0.0
    },
    "면세점": {
      "shop_amt_cy": 0.0,
      "shop_amt_py": 59.0,
      "shop_cnt_cy": 0,
      "shop_cnt_py": 2,
      "yoy": 0.0
    }
  },
  "excellent_channels": [],
  "warning_channels": [
    {
      "chnl_nm": "백화점",
      "shop_amt_cy": 0.0,
      "shop_amt_py": 0.0,
      "yoy": 0.0,
      "shop_cnt_cy": 1
    },
    {
      "chnl_nm": "직영점",
      "shop_amt_cy": 0.0,
      "shop_amt_py": 66.0,
      "yoy": 0.0,
      "shop_cnt_cy": 0
    },
    {
      "chnl_nm": "면세점",
      "shop_amt_cy": 0.0,
      "shop_amt_py": 59.0,
      "yoy": 0.0,
      "shop_cnt_cy": 0
    }
  ],
  "raw_data": {
    "sample_records": [
      {
        "CHNL_NM": "백화점",
        "SHOP_CNT_CY": 1,
        "SHOP_CNT_PY": 0,
        "SHOP_AMT_CY": 0.0,
        "SHOP_AMT_PY": 0.0,
        "YOY": 0.0,
        "SEQ": 2
      },
      {
        "CHNL_NM": "직영점",
        "SHOP_CNT_CY": 0,
        "SHOP_CNT_PY": 3,
        "SHOP_AMT_CY": 0.0,
        "SHOP_AMT_PY": 66.0,
        "YOY": 0.0,
        "SEQ": 2
      },
      {
        "CHNL_NM": "면세점",
        "SHOP_CNT_CY": 0,
        "SHOP_CNT_PY": 2,
        "SHOP_AMT_CY": 0.0,
        "SHOP_AMT_PY": 59.0,
        "YOY": 0.0,
        "SEQ": 2
      },
      {
        "CHNL_NM": "전체",
        "SHOP_CNT_CY": 1,
        "SHOP_CNT_PY": 5,
        "SHOP_AMT_CY": 0.0,
        "SHOP_AMT_PY": 63.0,
        "YOY": 0.2,
        "SEQ": 1
      },
      {
        "CHNL_NM": "면세 제외",
        "SHOP_CNT_CY": 1,
        "SHOP_CNT_PY": 3,
        "SHOP_AMT_CY": 0.0,
        "SHOP_AMT_PY": 66.0,
        "YOY": 0.2,
        "SEQ": 3
      }
    ],
    "total_records_count": 5
  }
}