{
  "country": "KR",
  "brand_cd": "X",
  "brand_name": "DISCOVERY",
  "yyyymm": "202511",
  "yyyymm_py": "202411",
  "key": "매장효율성",
  "sub_key": "종합분석",
  "analysis_data": {
    "title": "매장효율성 종합분석",
    "sections": [
      {
        "div": "종합분석-1",
        "sub_title": "우수 점포 생산성",
        "ai_text": "면세점 채널이 유일한 성장 채널로 점포당 매출이 607백만원에서 760백만원으로 25.2% 증가하여 전체 채널 중 가장 높은 생산성을 보임\n• 4개 점포 운영으로 소수정예 전략이 효과적으로 작동\n• 인바운드 관광객 회복과 면세 혜택이 주요 성장 동력으로 작용\n• 높은 객단가와 프리미엄 제품 판매가 매출 증대에 기여"
      },
      {
        "div": "종합분석-2",
        "sub_title": "대응 필요 매장",
        "ai_text": "전체 4개 채널이 매출 감소세를 보이며, 아울렛(90.0%), 직영점(91.1%), 대리점(92.6%), 백화점(93.1%) 순으로 악화\n• 대리점: 144백만원으로 가장 낮은 점포당 매출과 9개 점포 감소로 이중 타격\n• 아울렛: 432백만원에서 389백만원으로 10.0% 감소하며 가장 큰 하락폭\n• 직영점: 209백만원으로 중간 수준이나 8.9% 감소로 관리 필요"
      },
      {
        "div": "종합분석-3",
        "sub_title": "AI 권장사항",
        "ai_text": "면세점 성공 모델을 타 채널에 적용하여 프리미엄 상품 라인업 강화 및 VIP 고객 관리 시스템 도입\n• 대리점: 저효율 매장 정리 후 우수 입지 집중 투자 및 디지털 마케팅 강화\n• 아울렛: 시즌 오프 상품 기획력 향상과 가격 경쟁력 확보를 통한 고객 유입 증대\n• 백화점/직영점: 매장 VMD 개선과 개인 맞춤 서비스 도입으로 고객 경험 향상"
      },
      {
        "div": "종합분석-4",
        "sub_title": "최적의 시나리오",
        "ai_text": "2026년 목표: 전체 점포당 매출 220백만원 달성 (10% 성장)을 위한 채널별 차별화 전략 수립\n• 면세점: 800백만원 목표로 신규 면세점 입점 검토 및 기존점 확장\n• 아울렛: 420백만원 회복을 위한 상품 기획력 강화 및 프로모션 최적화\n• 백화점/대리점: 각각 190백만원, 160백만원 목표로 디지털 전환 가속화"
      }
    ]
  },
  "summary": {
    "total_shop_amt_cy": 200.0,
    "total_shop_amt_py": 211.0,
    "total_shop_cnt_cy": 269,
    "total_shop_cnt_py": 277,
    "yoy": 94.8,
    "unique_channels": 5,
    "analysis_period": "2024년 11월 vs 2025년 11월"
  },
  "channel_summary": {
    "백화점": {
      "shop_amt_cy": 172.0,
      "shop_amt_py": 184.0,
      "shop_cnt_cy": 93,
      "shop_cnt_py": 95,
      "yoy": 93.1
    },
    "대리점": {
      "shop_amt_cy": 144.0,
      "shop_amt_py": 155.0,
      "shop_cnt_cy": 124,
      "shop_cnt_py": 133,
      "yoy": 92.6
    },
    "직영점": {
      "shop_amt_cy": 209.0,
      "shop_amt_py": 229.0,
      "shop_cnt_cy": 10,
      "shop_cnt_py": 8,
      "yoy": 91.1
    },
    "면세점": {
      "shop_amt_cy": 760.0,
      "shop_amt_py": 607.0,
      "shop_cnt_cy": 4,
      "shop_cnt_py": 4,
      "yoy": 125.2
    },
    "아울렛": {
      "shop_amt_cy": 389.0,
      "shop_amt_py": 432.0,
      "shop_cnt_cy": 38,
      "shop_cnt_py": 37,
      "yoy": 90.0
    }
  },
  "excellent_channels": [
    {
      "chnl_nm": "면세점",
      "shop_amt_cy": 760.0,
      "shop_amt_py": 607.0,
      "yoy": 125.2,
      "shop_cnt_cy": 4
    }
  ],
  "warning_channels": [
    {
      "chnl_nm": "대리점",
      "shop_amt_cy": 144.0,
      "shop_amt_py": 155.0,
      "yoy": 92.6,
      "shop_cnt_cy": 124
    },
    {
      "chnl_nm": "백화점",
      "shop_amt_cy": 172.0,
      "shop_amt_py": 184.0,
      "yoy": 93.1,
      "shop_cnt_cy": 93
    },
    {
      "chnl_nm": "직영점",
      "shop_amt_cy": 209.0,
      "shop_amt_py": 229.0,
      "yoy": 91.1,
      "shop_cnt_cy": 10
    },
    {
      "chnl_nm": "아울렛",
      "shop_amt_cy": 389.0,
      "shop_amt_py": 432.0,
      "yoy": 90.0,
      "shop_cnt_cy": 38
    }
  ],
  "raw_data": {
    "sample_records": [
      {
        "CHNL_NM": "백화점",
        "SHOP_CNT_CY": 93,
        "SHOP_CNT_PY": 95,
        "SHOP_AMT_CY": 172.0,
        "SHOP_AMT_PY": 184.0,
        "YOY": 93.1,
        "SEQ": 2
      },
      {
        "CHNL_NM": "대리점",
        "SHOP_CNT_CY": 124,
        "SHOP_CNT_PY": 133,
        "SHOP_AMT_CY": 144.0,
        "SHOP_AMT_PY": 155.0,
        "YOY": 92.6,
        "SEQ": 2
      },
      {
        "CHNL_NM": "직영점",
        "SHOP_CNT_CY": 10,
        "SHOP_CNT_PY": 8,
        "SHOP_AMT_CY": 209.0,
        "SHOP_AMT_PY": 229.0,
        "YOY": 91.1,
        "SEQ": 2
      },
      {
        "CHNL_NM": "면세점",
        "SHOP_CNT_CY": 4,
        "SHOP_CNT_PY": 4,
        "SHOP_AMT_CY": 760.0,
        "SHOP_AMT_PY": 607.0,
        "YOY": 125.2,
        "SEQ": 2
      },
      {
        "CHNL_NM": "전체",
        "SHOP_CNT_CY": 269,
        "SHOP_CNT_PY": 277,
        "SHOP_AMT_CY": 200.0,
        "SHOP_AMT_PY": 211.0,
        "YOY": 94.6,
        "SEQ": 1
      },
      {
        "CHNL_NM": "면세 제외",
        "SHOP_CNT_CY": 265,
        "SHOP_CNT_PY": 273,
        "SHOP_AMT_CY": 191.0,
        "SHOP_AMT_PY": 205.0,
        "YOY": 93.2,
        "SEQ": 3
      },
      {
        "CHNL_NM": "아울렛",
        "SHOP_CNT_CY": 38,
        "SHOP_CNT_PY": 37,
        "SHOP_AMT_CY": 389.0,
        "SHOP_AMT_PY": 432.0,
        "YOY": 90.0,
        "SEQ": 2
      }
    ],
    "total_records_count": 7
  }
}