{
  "country": "KR",
  "brand_cd": "I",
  "yyyymm": "202511",
  "key": "영업비",
  "sub_key": "지급수수료",
  "analysis_data": {
    "title": "지급수수료 분석",
    "sections": [
      {
        "div": "종합분석-1",
        "sub_title": "투자 방향성 종합 평가",
        "ai_text": "MLB KIDS 브랜드는 2025년 11월 지급수수료를 전년 대비 24.7% 감축(70백만원 → 53백만원)하며 효율성 중심의 선택적 비용 최적화 전략을 실행했습니다. 총 17백만원 절감을 달성하면서도 핵심 운영 기능은 유지하는 균형잡힌 접근을 보여줍니다. 특히 지급용역비는 오히려 25.0% 증가(13백만원 → 16백만원)시켜 외부 전문 서비스 활용을 강화하는 전략적 변화가 감지됩니다."
      },
      {
        "div": "종합분석-2",
        "sub_title": "효율적 투자 영역",
        "ai_text": "• 지급용역비 확대: 13백만원 → 16백만원(+25.0%)으로 외부 전문 서비스 활용 강화\n• IT사용료 증액: 3백만원 → 3백만원(+11.9%)으로 디지털 인프라 투자 지속\n• 렌탈료 확대: 1백만원 → 1백만원(+41.6%)으로 유연한 자산 운용 전략 채택\n• 수출입관련 신규 투입: 0백만원 → 2백만원으로 글로벌 비즈니스 확장 대비\n• 퀵서비스 안정 유지: 4백만원 수준 유지로 물류 효율성 지속 확보"
      },
      {
        "div": "종합분석-3",
        "sub_title": "주의 필요 영역",
        "ai_text": "• 지급수수료_기타 급감: 48백만원 → 25백만원(-48.0%)으로 과도한 절감 위험\n• 보안비 축소: 1백만원 → 0백만원(-15.1%)으로 보안 투자 소홀 우려\n• 재고조사비 감소: 0백만원 → 0백만원(-12.5%)으로 재고 관리 정확성 저하 가능성\n• IT유지보수비 축소: 0백만원 → 0백만원(-13.6%)으로 시스템 안정성 리스크\n• 공사비 전액 삭감: 0백만원 → 0백만원으로 시설 개선 투자 중단"
      },
      {
        "div": "종합분석-4",
        "sub_title": "이상징후 및 리스크 감지",
        "ai_text": "• 비용 구조의 극단적 변화: 지급수수료_기타 항목에서 23백만원 대폭 감축과 동시에 지급용역비 3백만원 증액으로 비용 재배분의 급격한 변화가 감지됩니다.\n• 운영 안정성 우려: 보안, IT유지보수, 공사비 등 기반 운영 비용의 동시 축소로 중장기 운영 리스크가 증가할 가능성이 있습니다.\n• 예산 집중화 현상: 전체 지급수수료 중 지급용역비 비중이 25.0% → 31.1%로 급증하여 특정 영역 의존도가 심화되고 있습니다.\n• 수출입관련 비용 신규 발생: 전년 0백만원에서 2백만원으로 신규 발생한 항목에 대한 명확한 사업 방향성 검토가 필요합니다."
      },
      {
        "div": "종합분석-5",
        "sub_title": "마케팅 전략 최적화 방안",
        "ai_text": "### 즉시 실행 방안\n1. 비용 효율성 검증: 지급용역비 25% 증가에 대한 ROI 측정 및 성과 지표 설정\n2. 운영 리스크 점검: 보안, IT유지보수 축소로 인한 잠재 리스크 사전 진단\n3. 수출입 전략 명확화: 신규 수출입관련 비용 2백만원의 구체적 활용 계획 수립\n\n### 중장기 전략 방향\n1. 스마트 비용 관리: 지급수수료_기타 항목의 세부 분석을 통한 불필요 비용 지속 제거\n2. 디지털 전환 가속화: IT사용료 증액 트렌드를 활용한 디지털 마케팅 역량 강화\n3. 글로벌 확장 준비: 수출입관련 비용 투입을 기반으로 한 해외 시장 진출 로드맵 구축\n4. 예방적 투자 전략: 보안, 유지보수 등 기반 비용의 적정 수준 유지로 안정적 성장 기반 확보"
      }
    ]
  },
  "ctgr1": "지급수수료",
  "summary": {
    "prev_year_total": 70.03,
    "curr_year_total": 52.75,
    "change_amount": -17.29,
    "change_pct": -24.7,
    "investment_direction": "축소"
  },
  "categories": [
    {
      "ctgr2": "지급수수료",
      "ctgr3": "지급수수료_기타",
      "gl_nm": "지급수수료_지급용역비",
      "prev_year": 13.13,
      "curr_year": 16.4,
      "change": 3.27,
      "change_pct": 24.9,
      "is_new": false,
      "is_discontinued": false
    },
    {
      "ctgr2": "지급수수료",
      "ctgr3": "지급수수료_IT사용료",
      "gl_nm": "지급수수료_IT사용료",
      "prev_year": 3.1,
      "curr_year": 3.46,
      "change": 0.37,
      "change_pct": 11.9,
      "is_new": false,
      "is_discontinued": false
    },
    {
      "ctgr2": "지급수수료",
      "ctgr3": "지급수수료_퀵서비스",
      "gl_nm": "지급수수료_퀵서비스",
      "prev_year": 3.81,
      "curr_year": 3.84,
      "change": 0.03,
      "change_pct": 0.8,
      "is_new": false,
      "is_discontinued": false
    },
    {
      "ctgr2": "지급수수료",
      "ctgr3": "지급수수료_기타",
      "gl_nm": "지급수수료_수출입관련",
      "prev_year": 0.0,
      "curr_year": 2.44,
      "change": 2.44,
      "change_pct": 0,
      "is_new": true,
      "is_discontinued": false
    },
    {
      "ctgr2": "지급수수료",
      "ctgr3": "지급수수료_기타",
      "gl_nm": "지급수수료_폐기물처리",
      "prev_year": 0.0,
      "curr_year": 0.0,
      "change": 0.0,
      "change_pct": 0,
      "is_new": false,
      "is_discontinued": false
    },
    {
      "ctgr2": "지급수수료",
      "ctgr3": "지급수수료_보안",
      "gl_nm": "지급수수료_보안",
      "prev_year": 0.58,
      "curr_year": 0.49,
      "change": -0.09,
      "change_pct": -15.1,
      "is_new": false,
      "is_discontinued": false
    },
    {
      "ctgr2": "지급수수료",
      "ctgr3": "지급수수료_리스료(차량)",
      "gl_nm": "지급수수료_렌탈료(차량)",
      "prev_year": 0.0,
      "curr_year": 0.0,
      "change": 0.0,
      "change_pct": 0,
      "is_new": false,
      "is_discontinued": false
    },
    {
      "ctgr2": "지급수수료",
      "ctgr3": "지급수수료_인사채용",
      "gl_nm": "지급수수료_인사채용",
      "prev_year": 0.0,
      "curr_year": 0.0,
      "change": 0.0,
      "change_pct": 0,
      "is_new": false,
      "is_discontinued": false
    },
    {
      "ctgr2": "지급수수료",
      "ctgr3": "지급수수료_기타",
      "gl_nm": "지급수수료_기타",
      "prev_year": 47.8,
      "curr_year": 24.85,
      "change": -22.95,
      "change_pct": -48.0,
      "is_new": false,
      "is_discontinued": false
    },
    {
      "ctgr2": "지급수수료",
      "ctgr3": "지급수수료_IT유지보수비",
      "gl_nm": "지급수수료_IT유지보수비",
      "prev_year": 0.23,
      "curr_year": 0.2,
      "change": -0.03,
      "change_pct": -13.6,
      "is_new": false,
      "is_discontinued": false
    },
    {
      "ctgr2": "지급수수료",
      "ctgr3": "지급수수료_리스료(차량제외)",
      "gl_nm": "지급수수료_렌탈료(차량제외)",
      "prev_year": 0.51,
      "curr_year": 0.72,
      "change": 0.21,
      "change_pct": 41.6,
      "is_new": false,
      "is_discontinued": false
    },
    {
      "ctgr2": "지급수수료",
      "ctgr3": "지급수수료_재고조사",
      "gl_nm": "지급수수료_재고조사",
      "prev_year": 0.39,
      "curr_year": 0.34,
      "change": -0.05,
      "change_pct": -12.4,
      "is_new": false,
      "is_discontinued": false
    },
    {
      "ctgr2": "지급수수료",
      "ctgr3": "지급수수료_교육훈련",
      "gl_nm": "지급수수료_교육훈련",
      "prev_year": 0.0,
      "curr_year": 0.0,
      "change": 0.0,
      "change_pct": 0,
      "is_new": false,
      "is_discontinued": false
    },
    {
      "ctgr2": "지급수수료",
      "ctgr3": "지급수수료_공사비",
      "gl_nm": "지급수수료_공사비",
      "prev_year": 0.48,
      "curr_year": 0.0,
      "change": -0.48,
      "change_pct": -100.0,
      "is_new": false,
      "is_discontinued": true
    }
  ],
  "category_summary": {
    "increased": [
      {
        "ctgr2": "지급수수료",
        "ctgr3": "지급수수료_기타",
        "gl_nm": "지급수수료_지급용역비",
        "prev_year": 13.13,
        "curr_year": 16.4,
        "change": 3.27,
        "change_pct": 24.9,
        "is_new": false,
        "is_discontinued": false
      },
      {
        "ctgr2": "지급수수료",
        "ctgr3": "지급수수료_IT사용료",
        "gl_nm": "지급수수료_IT사용료",
        "prev_year": 3.1,
        "curr_year": 3.46,
        "change": 0.37,
        "change_pct": 11.9,
        "is_new": false,
        "is_discontinued": false
      },
      {
        "ctgr2": "지급수수료",
        "ctgr3": "지급수수료_퀵서비스",
        "gl_nm": "지급수수료_퀵서비스",
        "prev_year": 3.81,
        "curr_year": 3.84,
        "change": 0.03,
        "change_pct": 0.8,
        "is_new": false,
        "is_discontinued": false
      },
      {
        "ctgr2": "지급수수료",
        "ctgr3": "지급수수료_기타",
        "gl_nm": "지급수수료_수출입관련",
        "prev_year": 0.0,
        "curr_year": 2.44,
        "change": 2.44,
        "change_pct": 0,
        "is_new": true,
        "is_discontinued": false
      },
      {
        "ctgr2": "지급수수료",
        "ctgr3": "지급수수료_리스료(차량제외)",
        "gl_nm": "지급수수료_렌탈료(차량제외)",
        "prev_year": 0.51,
        "curr_year": 0.72,
        "change": 0.21,
        "change_pct": 41.6,
        "is_new": false,
        "is_discontinued": false
      }
    ],
    "decreased": [
      {
        "ctgr2": "지급수수료",
        "ctgr3": "지급수수료_보안",
        "gl_nm": "지급수수료_보안",
        "prev_year": 0.58,
        "curr_year": 0.49,
        "change": -0.09,
        "change_pct": -15.1,
        "is_new": false,
        "is_discontinued": false
      },
      {
        "ctgr2": "지급수수료",
        "ctgr3": "지급수수료_기타",
        "gl_nm": "지급수수료_기타",
        "prev_year": 47.8,
        "curr_year": 24.85,
        "change": -22.95,
        "change_pct": -48.0,
        "is_new": false,
        "is_discontinued": false
      },
      {
        "ctgr2": "지급수수료",
        "ctgr3": "지급수수료_IT유지보수비",
        "gl_nm": "지급수수료_IT유지보수비",
        "prev_year": 0.23,
        "curr_year": 0.2,
        "change": -0.03,
        "change_pct": -13.6,
        "is_new": false,
        "is_discontinued": false
      },
      {
        "ctgr2": "지급수수료",
        "ctgr3": "지급수수료_재고조사",
        "gl_nm": "지급수수료_재고조사",
        "prev_year": 0.39,
        "curr_year": 0.34,
        "change": -0.05,
        "change_pct": -12.4,
        "is_new": false,
        "is_discontinued": false
      },
      {
        "ctgr2": "지급수수료",
        "ctgr3": "지급수수료_공사비",
        "gl_nm": "지급수수료_공사비",
        "prev_year": 0.48,
        "curr_year": 0.0,
        "change": -0.48,
        "change_pct": -100.0,
        "is_new": false,
        "is_discontinued": true
      }
    ],
    "new_investments": [
      {
        "ctgr2": "지급수수료",
        "ctgr3": "지급수수료_기타",
        "gl_nm": "지급수수료_수출입관련",
        "prev_year": 0.0,
        "curr_year": 2.44,
        "change": 2.44,
        "change_pct": 0,
        "is_new": true,
        "is_discontinued": false
      }
    ],
    "discontinued": [
      {
        "ctgr2": "지급수수료",
        "ctgr3": "지급수수료_공사비",
        "gl_nm": "지급수수료_공사비",
        "prev_year": 0.48,
        "curr_year": 0.0,
        "change": -0.48,
        "change_pct": -100.0,
        "is_new": false,
        "is_discontinued": true
      }
    ]
  },
  "raw_data": {
    "total_records": [
      {
        "PST_YYYYMM": "202411",
        "TOTAL_AMT": 70031951.0
      },
      {
        "PST_YYYYMM": "202511",
        "TOTAL_AMT": 52746626.0
      }
    ],
    "detail_records": [
      {
        "PST_YYYYMM": "202411",
        "BRD_CD": "I",
        "BRD_NM": "MLB KIDS",
        "CTGR1": "지급수수료",
        "CTGR2": "지급수수료",
        "CTGR3": "지급수수료_기타",
        "GL_NM": "지급수수료_기타",
        "TTL_USE_AMT": 47804028.0
      },
      {
        "PST_YYYYMM": "202511",
        "BRD_CD": "I",
        "BRD_NM": "MLB KIDS",
        "CTGR1": "지급수수료",
        "CTGR2": "지급수수료",
        "CTGR3": "지급수수료_기타",
        "GL_NM": "지급수수료_기타",
        "TTL_USE_AMT": 24851970.0
      },
      {
        "PST_YYYYMM": "202511",
        "BRD_CD": "I",
        "BRD_NM": "MLB KIDS",
        "CTGR1": "지급수수료",
        "CTGR2": "지급수수료",
        "CTGR3": "지급수수료_기타",
        "GL_NM": "지급수수료_지급용역비",
        "TTL_USE_AMT": 16401200.0
      },
      {
        "PST_YYYYMM": "202411",
        "BRD_CD": "I",
        "BRD_NM": "MLB KIDS",
        "CTGR1": "지급수수료",
        "CTGR2": "지급수수료",
        "CTGR3": "지급수수료_기타",
        "GL_NM": "지급수수료_지급용역비",
        "TTL_USE_AMT": 13126400.0
      },
      {
        "PST_YYYYMM": "202511",
        "BRD_CD": "I",
        "BRD_NM": "MLB KIDS",
        "CTGR1": "지급수수료",
        "CTGR2": "지급수수료",
        "CTGR3": "지급수수료_퀵서비스",
        "GL_NM": "지급수수료_퀵서비스",
        "TTL_USE_AMT": 3840000.0
      },
      {
        "PST_YYYYMM": "202411",
        "BRD_CD": "I",
        "BRD_NM": "MLB KIDS",
        "CTGR1": "지급수수료",
        "CTGR2": "지급수수료",
        "CTGR3": "지급수수료_퀵서비스",
        "GL_NM": "지급수수료_퀵서비스",
        "TTL_USE_AMT": 3811000.0
      },
      {
        "PST_YYYYMM": "202511",
        "BRD_CD": "I",
        "BRD_NM": "MLB KIDS",
        "CTGR1": "지급수수료",
        "CTGR2": "지급수수료",
        "CTGR3": "지급수수료_IT사용료",
        "GL_NM": "지급수수료_IT사용료",
        "TTL_USE_AMT": 3464076.0
      },
      {
        "PST_YYYYMM": "202411",
        "BRD_CD": "I",
        "BRD_NM": "MLB KIDS",
        "CTGR1": "지급수수료",
        "CTGR2": "지급수수료",
        "CTGR3": "지급수수료_IT사용료",
        "GL_NM": "지급수수료_IT사용료",
        "TTL_USE_AMT": 3096770.0
      },
      {
        "PST_YYYYMM": "202511",
        "BRD_CD": "I",
        "BRD_NM": "MLB KIDS",
        "CTGR1": "지급수수료",
        "CTGR2": "지급수수료",
        "CTGR3": "지급수수료_기타",
        "GL_NM": "지급수수료_수출입관련",
        "TTL_USE_AMT": 2437688.0
      },
      {
        "PST_YYYYMM": "202511",
        "BRD_CD": "I",
        "BRD_NM": "MLB KIDS",
        "CTGR1": "지급수수료",
        "CTGR2": "지급수수료",
        "CTGR3": "지급수수료_리스료(차량제외)",
        "GL_NM": "지급수수료_렌탈료(차량제외)",
        "TTL_USE_AMT": 717772.0
      },
      {
        "PST_YYYYMM": "202411",
        "BRD_CD": "I",
        "BRD_NM": "MLB KIDS",
        "CTGR1": "지급수수료",
        "CTGR2": "지급수수료",
        "CTGR3": "지급수수료_보안",
        "GL_NM": "지급수수료_보안",
        "TTL_USE_AMT": 581900.0
      },
      {
        "PST_YYYYMM": "202411",
        "BRD_CD": "I",
        "BRD_NM": "MLB KIDS",
        "CTGR1": "지급수수료",
        "CTGR2": "지급수수료",
        "CTGR3": "지급수수료_리스료(차량제외)",
        "GL_NM": "지급수수료_렌탈료(차량제외)",
        "TTL_USE_AMT": 507000.0
      },
      {
        "PST_YYYYMM": "202511",
        "BRD_CD": "I",
        "BRD_NM": "MLB KIDS",
        "CTGR1": "지급수수료",
        "CTGR2": "지급수수료",
        "CTGR3": "지급수수료_보안",
        "GL_NM": "지급수수료_보안",
        "TTL_USE_AMT": 493900.0
      },
      {
        "PST_YYYYMM": "202411",
        "BRD_CD": "I",
        "BRD_NM": "MLB KIDS",
        "CTGR1": "지급수수료",
        "CTGR2": "지급수수료",
        "CTGR3": "지급수수료_공사비",
        "GL_NM": "지급수수료_공사비",
        "TTL_USE_AMT": 485000.0
      },
      {
        "PST_YYYYMM": "202411",
        "BRD_CD": "I",
        "BRD_NM": "MLB KIDS",
        "CTGR1": "지급수수료",
        "CTGR2": "지급수수료",
        "CTGR3": "지급수수료_재고조사",
        "GL_NM": "지급수수료_재고조사",
        "TTL_USE_AMT": 388350.0
      },
      {
        "PST_YYYYMM": "202511",
        "BRD_CD": "I",
        "BRD_NM": "MLB KIDS",
        "CTGR1": "지급수수료",
        "CTGR2": "지급수수료",
        "CTGR3": "지급수수료_재고조사",
        "GL_NM": "지급수수료_재고조사",
        "TTL_USE_AMT": 340020.0
      },
      {
        "PST_YYYYMM": "202411",
        "BRD_CD": "I",
        "BRD_NM": "MLB KIDS",
        "CTGR1": "지급수수료",
        "CTGR2": "지급수수료",
        "CTGR3": "지급수수료_IT유지보수비",
        "GL_NM": "지급수수료_IT유지보수비",
        "TTL_USE_AMT": 231503.0
      },
      {
        "PST_YYYYMM": "202511",
        "BRD_CD": "I",
        "BRD_NM": "MLB KIDS",
        "CTGR1": "지급수수료",
        "CTGR2": "지급수수료",
        "CTGR3": "지급수수료_IT유지보수비",
        "GL_NM": "지급수수료_IT유지보수비",
        "TTL_USE_AMT": 200000.0
      },
      {
        "PST_YYYYMM": "202511",
        "BRD_CD": "I",
        "BRD_NM": "MLB KIDS",
        "CTGR1": "지급수수료",
        "CTGR2": "지급수수료",
        "CTGR3": "지급수수료_인사채용",
        "GL_NM": "지급수수료_인사채용",
        "TTL_USE_AMT": 0.0
      },
      {
        "PST_YYYYMM": "202411",
        "BRD_CD": "I",
        "BRD_NM": "MLB KIDS",
        "CTGR1": "지급수수료",
        "CTGR2": "지급수수료",
        "CTGR3": "지급수수료_기타",
        "GL_NM": "지급수수료_수출입관련",
        "TTL_USE_AMT": 0.0
      },
      {
        "PST_YYYYMM": "202411",
        "BRD_CD": "I",
        "BRD_NM": "MLB KIDS",
        "CTGR1": "지급수수료",
        "CTGR2": "지급수수료",
        "CTGR3": "지급수수료_교육훈련",
        "GL_NM": "지급수수료_교육훈련",
        "TTL_USE_AMT": 0.0
      },
      {
        "PST_YYYYMM": "202411",
        "BRD_CD": "I",
        "BRD_NM": "MLB KIDS",
        "CTGR1": "지급수수료",
        "CTGR2": "지급수수료",
        "CTGR3": "지급수수료_리스료(차량)",
        "GL_NM": "지급수수료_렌탈료(차량)",
        "TTL_USE_AMT": 0.0
      },
      {
        "PST_YYYYMM": "202411",
        "BRD_CD": "I",
        "BRD_NM": "MLB KIDS",
        "CTGR1": "지급수수료",
        "CTGR2": "지급수수료",
        "CTGR3": "지급수수료_인사채용",
        "GL_NM": "지급수수료_인사채용",
        "TTL_USE_AMT": 0.0
      },
      {
        "PST_YYYYMM": "202411",
        "BRD_CD": "I",
        "BRD_NM": "MLB KIDS",
        "CTGR1": "지급수수료",
        "CTGR2": "지급수수료",
        "CTGR3": "지급수수료_기타",
        "GL_NM": "지급수수료_폐기물처리",
        "TTL_USE_AMT": 0.0
      }
    ]
  },
  "trend_data": {
    "trend_months": [
      "202412",
      "202501",
      "202502",
      "202503",
      "202504",
      "202505",
      "202506",
      "202507",
      "202508",
      "202509",
      "202510",
      "202511"
    ],
    "monthly_totals": [
      {
        "yyyymm": "202412",
        "total_amount": 71.95
      },
      {
        "yyyymm": "202501",
        "total_amount": 61.38
      },
      {
        "yyyymm": "202502",
        "total_amount": 52.07
      },
      {
        "yyyymm": "202503",
        "total_amount": 42.03
      },
      {
        "yyyymm": "202504",
        "total_amount": 52.83
      },
      {
        "yyyymm": "202505",
        "total_amount": 48.71
      },
      {
        "yyyymm": "202506",
        "total_amount": 65.2
      },
      {
        "yyyymm": "202507",
        "total_amount": 45.95
      },
      {
        "yyyymm": "202508",
        "total_amount": 25.08
      },
      {
        "yyyymm": "202509",
        "total_amount": 51.77
      },
      {
        "yyyymm": "202510",
        "total_amount": 47.98
      },
      {
        "yyyymm": "202511",
        "total_amount": 52.75
      }
    ],
    "monthly_details": [
      {
        "yyyymm": "202412",
        "ctgr2": "지급수수료",
        "ctgr3": "지급수수료_기타",
        "gl_nm": "지급수수료_기타",
        "amount": 48.61
      },
      {
        "yyyymm": "202412",
        "ctgr2": "지급수수료",
        "ctgr3": "지급수수료_기타",
        "gl_nm": "지급수수료_지급용역비",
        "amount": 9.21
      },
      {
        "yyyymm": "202412",
        "ctgr2": "지급수수료",
        "ctgr3": "지급수수료_재고조사",
        "gl_nm": "지급수수료_재고조사",
        "amount": 5.66
      },
      {
        "yyyymm": "202412",
        "ctgr2": "지급수수료",
        "ctgr3": "지급수수료_IT사용료",
        "gl_nm": "지급수수료_IT사용료",
        "amount": 3.23
      },
      {
        "yyyymm": "202412",
        "ctgr2": "지급수수료",
        "ctgr3": "지급수수료_퀵서비스",
        "gl_nm": "지급수수료_퀵서비스",
        "amount": 2.77
      },
      {
        "yyyymm": "202412",
        "ctgr2": "지급수수료",
        "ctgr3": "지급수수료_기타",
        "gl_nm": "지급수수료_수출입관련",
        "amount": 1.18
      },
      {
        "yyyymm": "202412",
        "ctgr2": "지급수수료",
        "ctgr3": "지급수수료_보안",
        "gl_nm": "지급수수료_보안",
        "amount": 0.58
      },
      {
        "yyyymm": "202412",
        "ctgr2": "지급수수료",
        "ctgr3": "지급수수료_리스료(차량제외)",
        "gl_nm": "지급수수료_렌탈료(차량제외)",
        "amount": 0.51
      },
      {
        "yyyymm": "202412",
        "ctgr2": "지급수수료",
        "ctgr3": "지급수수료_IT유지보수비",
        "gl_nm": "지급수수료_IT유지보수비",
        "amount": 0.2
      },
      {
        "yyyymm": "202412",
        "ctgr2": "지급수수료",
        "ctgr3": "지급수수료_리스료(차량)",
        "gl_nm": "지급수수료_렌탈료(차량)",
        "amount": 0.0
      },
      {
        "yyyymm": "202412",
        "ctgr2": "지급수수료",
        "ctgr3": "지급수수료_교육훈련",
        "gl_nm": "지급수수료_교육훈련",
        "amount": 0.0
      },
      {
        "yyyymm": "202412",
        "ctgr2": "지급수수료",
        "ctgr3": "지급수수료_인사채용",
        "gl_nm": "지급수수료_인사채용",
        "amount": 0.0
      },
      {
        "yyyymm": "202412",
        "ctgr2": "지급수수료",
        "ctgr3": "지급수수료_기타",
        "gl_nm": "지급수수료_폐기물처리",
        "amount": 0.0
      },
      {
        "yyyymm": "202412",
        "ctgr2": "지급수수료",
        "ctgr3": "지급수수료_공사비",
        "gl_nm": "지급수수료_공사비",
        "amount": 0.0
      },
      {
        "yyyymm": "202501",
        "ctgr2": "지급수수료",
        "ctgr3": "지급수수료_기타",
        "gl_nm": "지급수수료_기타",
        "amount": 34.85
      },
      {
        "yyyymm": "202501",
        "ctgr2": "지급수수료",
        "ctgr3": "지급수수료_기타",
        "gl_nm": "지급수수료_지급용역비",
        "amount": 14.08
      },
      {
        "yyyymm": "202501",
        "ctgr2": "지급수수료",
        "ctgr3": "지급수수료_재고조사",
        "gl_nm": "지급수수료_재고조사",
        "amount": 4.67
      },
      {
        "yyyymm": "202501",
        "ctgr2": "지급수수료",
        "ctgr3": "지급수수료_IT사용료",
        "gl_nm": "지급수수료_IT사용료",
        "amount": 3.48
      },
      {
        "yyyymm": "202501",
        "ctgr2": "지급수수료",
        "ctgr3": "지급수수료_퀵서비스",
        "gl_nm": "지급수수료_퀵서비스",
        "amount": 3.01
      },
      {
        "yyyymm": "202501",
        "ctgr2": "지급수수료",
        "ctgr3": "지급수수료_보안",
        "gl_nm": "지급수수료_보안",
        "amount": 0.58
      },
      {
        "yyyymm": "202501",
        "ctgr2": "지급수수료",
        "ctgr3": "지급수수료_리스료(차량제외)",
        "gl_nm": "지급수수료_렌탈료(차량제외)",
        "amount": 0.51
      },
      {
        "yyyymm": "202501",
        "ctgr2": "지급수수료",
        "ctgr3": "지급수수료_IT유지보수비",
        "gl_nm": "지급수수료_IT유지보수비",
        "amount": 0.2
      },
      {
        "yyyymm": "202501",
        "ctgr2": "지급수수료",
        "ctgr3": "지급수수료_기타",
        "gl_nm": "지급수수료_수출입관련",
        "amount": 0.0
      },
      {
        "yyyymm": "202501",
        "ctgr2": "지급수수료",
        "ctgr3": "지급수수료_인사채용",
        "gl_nm": "지급수수료_인사채용",
        "amount": 0.0
      },
      {
        "yyyymm": "202502",
        "ctgr2": "지급수수료",
        "ctgr3": "지급수수료_기타",
        "gl_nm": "지급수수료_기타",
        "amount": 22.29
      },
      {
        "yyyymm": "202502",
        "ctgr2": "지급수수료",
        "ctgr3": "지급수수료_인사채용",
        "gl_nm": "지급수수료_인사채용",
        "amount": 12.4
      },
      {
        "yyyymm": "202502",
        "ctgr2": "지급수수료",
        "ctgr3": "지급수수료_기타",
        "gl_nm": "지급수수료_지급용역비",
        "amount": 9.73
      },
      {
        "yyyymm": "202502",
        "ctgr2": "지급수수료",
        "ctgr3": "지급수수료_IT사용료",
        "gl_nm": "지급수수료_IT사용료",
        "amount": 3.04
      },
      {
        "yyyymm": "202502",
        "ctgr2": "지급수수료",
        "ctgr3": "지급수수료_재고조사",
        "gl_nm": "지급수수료_재고조사",
        "amount": 1.98
      },
      {
        "yyyymm": "202502",
        "ctgr2": "지급수수료",
        "ctgr3": "지급수수료_퀵서비스",
        "gl_nm": "지급수수료_퀵서비스",
        "amount": 1.34
      },
      {
        "yyyymm": "202502",
        "ctgr2": "지급수수료",
        "ctgr3": "지급수수료_보안",
        "gl_nm": "지급수수료_보안",
        "amount": 0.58
      },
      {
        "yyyymm": "202502",
        "ctgr2": "지급수수료",
        "ctgr3": "지급수수료_리스료(차량제외)",
        "gl_nm": "지급수수료_렌탈료(차량제외)",
        "amount": 0.51
      },
      {
        "yyyymm": "202502",
        "ctgr2": "지급수수료",
        "ctgr3": "지급수수료_IT유지보수비",
        "gl_nm": "지급수수료_IT유지보수비",
        "amount": 0.2
      },
      {
        "yyyymm": "202502",
        "ctgr2": "지급수수료",
        "ctgr3": "지급수수료_기타",
        "gl_nm": "지급수수료_수출입관련",
        "amount": 0.0
      },
      {
        "yyyymm": "202503",
        "ctgr2": "지급수수료",
        "ctgr3": "지급수수료_기타",
        "gl_nm": "지급수수료_기타",
        "amount": 24.36
      },
      {
        "yyyymm": "202503",
        "ctgr2": "지급수수료",
        "ctgr3": "지급수수료_기타",
        "gl_nm": "지급수수료_지급용역비",
        "amount": 9.24
      },
      {
        "yyyymm": "202503",
        "ctgr2": "지급수수료",
        "ctgr3": "지급수수료_IT사용료",
        "gl_nm": "지급수수료_IT사용료",
        "amount": 3.56
      },
      {
        "yyyymm": "202503",
        "ctgr2": "지급수수료",
        "ctgr3": "지급수수료_퀵서비스",
        "gl_nm": "지급수수료_퀵서비스",
        "amount": 2.26
      },
      {
        "yyyymm": "202503",
        "ctgr2": "지급수수료",
        "ctgr3": "지급수수료_재고조사",
        "gl_nm": "지급수수료_재고조사",
        "amount": 1.41
      },
      {
        "yyyymm": "202503",
        "ctgr2": "지급수수료",
        "ctgr3": "지급수수료_리스료(차량제외)",
        "gl_nm": "지급수수료_렌탈료(차량제외)",
        "amount": 0.51
      },
      {
        "yyyymm": "202503",
        "ctgr2": "지급수수료",
        "ctgr3": "지급수수료_보안",
        "gl_nm": "지급수수료_보안",
        "amount": 0.49
      },
      {
        "yyyymm": "202503",
        "ctgr2": "지급수수료",
        "ctgr3": "지급수수료_IT유지보수비",
        "gl_nm": "지급수수료_IT유지보수비",
        "amount": 0.2
      },
      {
        "yyyymm": "202503",
        "ctgr2": "지급수수료",
        "ctgr3": "지급수수료_기타",
        "gl_nm": "지급수수료_수출입관련",
        "amount": 0.0
      },
      {
        "yyyymm": "202503",
        "ctgr2": "지급수수료",
        "ctgr3": "지급수수료_인사채용",
        "gl_nm": "지급수수료_인사채용",
        "amount": 0.0
      },
      {
        "yyyymm": "202504",
        "ctgr2": "지급수수료",
        "ctgr3": "지급수수료_기타",
        "gl_nm": "지급수수료_기타",
        "amount": 26.89
      },
      {
        "yyyymm": "202504",
        "ctgr2": "지급수수료",
        "ctgr3": "지급수수료_기타",
        "gl_nm": "지급수수료_지급용역비",
        "amount": 14.69
      },
      {
        "yyyymm": "202504",
        "ctgr2": "지급수수료",
        "ctgr3": "지급수수료_퀵서비스",
        "gl_nm": "지급수수료_퀵서비스",
        "amount": 4.17
      },
      {
        "yyyymm": "202504",
        "ctgr2": "지급수수료",
        "ctgr3": "지급수수료_IT사용료",
        "gl_nm": "지급수수료_IT사용료",
        "amount": 3.35
      },
      {
        "yyyymm": "202504",
        "ctgr2": "지급수수료",
        "ctgr3": "지급수수료_재고조사",
        "gl_nm": "지급수수료_재고조사",
        "amount": 2.54
      },
      {
        "yyyymm": "202504",
        "ctgr2": "지급수수료",
        "ctgr3": "지급수수료_리스료(차량제외)",
        "gl_nm": "지급수수료_렌탈료(차량제외)",
        "amount": 0.51
      },
      {
        "yyyymm": "202504",
        "ctgr2": "지급수수료",
        "ctgr3": "지급수수료_보안",
        "gl_nm": "지급수수료_보안",
        "amount": 0.49
      },
      {
        "yyyymm": "202504",
        "ctgr2": "지급수수료",
        "ctgr3": "지급수수료_IT유지보수비",
        "gl_nm": "지급수수료_IT유지보수비",
        "amount": 0.2
      },
      {
        "yyyymm": "202504",
        "ctgr2": "지급수수료",
        "ctgr3": "지급수수료_인사채용",
        "gl_nm": "지급수수료_인사채용",
        "amount": 0.0
      },
      {
        "yyyymm": "202504",
        "ctgr2": "지급수수료",
        "ctgr3": "지급수수료_기타",
        "gl_nm": "지급수수료_수출입관련",
        "amount": 0.0
      },
      {
        "yyyymm": "202505",
        "ctgr2": "지급수수료",
        "ctgr3": "지급수수료_기타",
        "gl_nm": "지급수수료_기타",
        "amount": 32.3
      },
      {
        "yyyymm": "202505",
        "ctgr2": "지급수수료",
        "ctgr3": "지급수수료_기타",
        "gl_nm": "지급수수료_지급용역비",
        "amount": 9.24
      },
      {
        "yyyymm": "202505",
        "ctgr2": "지급수수료",
        "ctgr3": "지급수수료_IT사용료",
        "gl_nm": "지급수수료_IT사용료",
        "amount": 3.46
      },
      {
        "yyyymm": "202505",
        "ctgr2": "지급수수료",
        "ctgr3": "지급수수료_퀵서비스",
        "gl_nm": "지급수수료_퀵서비스",
        "amount": 2.29
      },
      {
        "yyyymm": "202505",
        "ctgr2": "지급수수료",
        "ctgr3": "지급수수료_리스료(차량제외)",
        "gl_nm": "지급수수료_렌탈료(차량제외)",
        "amount": 0.72
      },
      {
        "yyyymm": "202505",
        "ctgr2": "지급수수료",
        "ctgr3": "지급수수료_보안",
        "gl_nm": "지급수수료_보안",
        "amount": 0.49
      },
      {
        "yyyymm": "202505",
        "ctgr2": "지급수수료",
        "ctgr3": "지급수수료_IT유지보수비",
        "gl_nm": "지급수수료_IT유지보수비",
        "amount": 0.2
      },
      {
        "yyyymm": "202505",
        "ctgr2": "지급수수료",
        "ctgr3": "지급수수료_재고조사",
        "gl_nm": "지급수수료_재고조사",
        "amount": 0.0
      },
      {
        "yyyymm": "202505",
        "ctgr2": "지급수수료",
        "ctgr3": "지급수수료_기타",
        "gl_nm": "지급수수료_수출입관련",
        "amount": 0.0
      },
      {
        "yyyymm": "202505",
        "ctgr2": "지급수수료",
        "ctgr3": "지급수수료_인사채용",
        "gl_nm": "지급수수료_인사채용",
        "amount": 0.0
      },
      {
        "yyyymm": "202506",
        "ctgr2": "지급수수료",
        "ctgr3": "지급수수료_기타",
        "gl_nm": "지급수수료_기타",
        "amount": 45.79
      },
      {
        "yyyymm": "202506",
        "ctgr2": "지급수수료",
        "ctgr3": "지급수수료_기타",
        "gl_nm": "지급수수료_지급용역비",
        "amount": 7.8
      },
      {
        "yyyymm": "202506",
        "ctgr2": "지급수수료",
        "ctgr3": "지급수수료_재고조사",
        "gl_nm": "지급수수료_재고조사",
        "amount": 4.77
      },
      {
        "yyyymm": "202506",
        "ctgr2": "지급수수료",
        "ctgr3": "지급수수료_IT사용료",
        "gl_nm": "지급수수료_IT사용료",
        "amount": 3.49
      },
      {
        "yyyymm": "202506",
        "ctgr2": "지급수수료",
        "ctgr3": "지급수수료_퀵서비스",
        "gl_nm": "지급수수료_퀵서비스",
        "amount": 1.98
      },
      {
        "yyyymm": "202506",
        "ctgr2": "지급수수료",
        "ctgr3": "지급수수료_리스료(차량제외)",
        "gl_nm": "지급수수료_렌탈료(차량제외)",
        "amount": 0.68
      },
      {
        "yyyymm": "202506",
        "ctgr2": "지급수수료",
        "ctgr3": "지급수수료_보안",
        "gl_nm": "지급수수료_보안",
        "amount": 0.49
      },
      {
        "yyyymm": "202506",
        "ctgr2": "지급수수료",
        "ctgr3": "지급수수료_IT유지보수비",
        "gl_nm": "지급수수료_IT유지보수비",
        "amount": 0.2
      },
      {
        "yyyymm": "202506",
        "ctgr2": "지급수수료",
        "ctgr3": "지급수수료_기타",
        "gl_nm": "지급수수료_수출입관련",
        "amount": 0.0
      },
      {
        "yyyymm": "202506",
        "ctgr2": "지급수수료",
        "ctgr3": "지급수수료_인사채용",
        "gl_nm": "지급수수료_인사채용",
        "amount": 0.0
      },
      {
        "yyyymm": "202507",
        "ctgr2": "지급수수료",
        "ctgr3": "지급수수료_기타",
        "gl_nm": "지급수수료_기타",
        "amount": 26.56
      },
      {
        "yyyymm": "202507",
        "ctgr2": "지급수수료",
        "ctgr3": "지급수수료_기타",
        "gl_nm": "지급수수료_지급용역비",
        "amount": 11.54
      },
      {
        "yyyymm": "202507",
        "ctgr2": "지급수수료",
        "ctgr3": "지급수수료_재고조사",
        "gl_nm": "지급수수료_재고조사",
        "amount": 5.78
      },
      {
        "yyyymm": "202507",
        "ctgr2": "지급수수료",
        "ctgr3": "지급수수료_IT사용료",
        "gl_nm": "지급수수료_IT사용료",
        "amount": 4.13
      },
      {
        "yyyymm": "202507",
        "ctgr2": "지급수수료",
        "ctgr3": "지급수수료_리스료(차량제외)",
        "gl_nm": "지급수수료_렌탈료(차량제외)",
        "amount": 0.9
      },
      {
        "yyyymm": "202507",
        "ctgr2": "지급수수료",
        "ctgr3": "지급수수료_퀵서비스",
        "gl_nm": "지급수수료_퀵서비스",
        "amount": 0.89
      },
      {
        "yyyymm": "202507",
        "ctgr2": "지급수수료",
        "ctgr3": "지급수수료_보안",
        "gl_nm": "지급수수료_보안",
        "amount": 0.49
      },
      {
        "yyyymm": "202507",
        "ctgr2": "지급수수료",
        "ctgr3": "지급수수료_IT유지보수비",
        "gl_nm": "지급수수료_IT유지보수비",
        "amount": 0.2
      },
      {
        "yyyymm": "202507",
        "ctgr2": "지급수수료",
        "ctgr3": "지급수수료_기타",
        "gl_nm": "지급수수료_수출입관련",
        "amount": 0.0
      },
      {
        "yyyymm": "202507",
        "ctgr2": "지급수수료",
        "ctgr3": "지급수수료_인사채용",
        "gl_nm": "지급수수료_인사채용",
        "amount": -4.55
      },
      {
        "yyyymm": "202508",
        "ctgr2": "지급수수료",
        "ctgr3": "지급수수료_기타",
        "gl_nm": "지급수수료_기타",
        "amount": 10.01
      },
      {
        "yyyymm": "202508",
        "ctgr2": "지급수수료",
        "ctgr3": "지급수수료_기타",
        "gl_nm": "지급수수료_지급용역비",
        "amount": 7.74
      },
      {
        "yyyymm": "202508",
        "ctgr2": "지급수수료",
        "ctgr3": "지급수수료_IT사용료",
        "gl_nm": "지급수수료_IT사용료",
        "amount": 4.03
      },
      {
        "yyyymm": "202508",
        "ctgr2": "지급수수료",
        "ctgr3": "지급수수료_퀵서비스",
        "gl_nm": "지급수수료_퀵서비스",
        "amount": 1.89
      },
      {
        "yyyymm": "202508",
        "ctgr2": "지급수수료",
        "ctgr3": "지급수수료_리스료(차량제외)",
        "gl_nm": "지급수수료_렌탈료(차량제외)",
        "amount": 0.7
      },
      {
        "yyyymm": "202508",
        "ctgr2": "지급수수료",
        "ctgr3": "지급수수료_보안",
        "gl_nm": "지급수수료_보안",
        "amount": 0.49
      },
      {
        "yyyymm": "202508",
        "ctgr2": "지급수수료",
        "ctgr3": "지급수수료_IT유지보수비",
        "gl_nm": "지급수수료_IT유지보수비",
        "amount": 0.2
      },
      {
        "yyyymm": "202508",
        "ctgr2": "지급수수료",
        "ctgr3": "지급수수료_인사채용",
        "gl_nm": "지급수수료_인사채용",
        "amount": 0.0
      },
      {
        "yyyymm": "202508",
        "ctgr2": "지급수수료",
        "ctgr3": "지급수수료_재고조사",
        "gl_nm": "지급수수료_재고조사",
        "amount": 0.0
      },
      {
        "yyyymm": "202508",
        "ctgr2": "지급수수료",
        "ctgr3": "지급수수료_기타",
        "gl_nm": "지급수수료_수출입관련",
        "amount": 0.0
      },
      {
        "yyyymm": "202509",
        "ctgr2": "지급수수료",
        "ctgr3": "지급수수료_기타",
        "gl_nm": "지급수수료_기타",
        "amount": 34.15
      },
      {
        "yyyymm": "202509",
        "ctgr2": "지급수수료",
        "ctgr3": "지급수수료_기타",
        "gl_nm": "지급수수료_지급용역비",
        "amount": 12.27
      },
      {
        "yyyymm": "202509",
        "ctgr2": "지급수수료",
        "ctgr3": "지급수수료_IT사용료",
        "gl_nm": "지급수수료_IT사용료",
        "amount": 2.33
      },
      {
        "yyyymm": "202509",
        "ctgr2": "지급수수료",
        "ctgr3": "지급수수료_퀵서비스",
        "gl_nm": "지급수수료_퀵서비스",
        "amount": 1.56
      },
      {
        "yyyymm": "202509",
        "ctgr2": "지급수수료",
        "ctgr3": "지급수수료_리스료(차량제외)",
        "gl_nm": "지급수수료_렌탈료(차량제외)",
        "amount": 0.76
      },
      {
        "yyyymm": "202509",
        "ctgr2": "지급수수료",
        "ctgr3": "지급수수료_보안",
        "gl_nm": "지급수수료_보안",
        "amount": 0.49
      },
      {
        "yyyymm": "202509",
        "ctgr2": "지급수수료",
        "ctgr3": "지급수수료_IT유지보수비",
        "gl_nm": "지급수수료_IT유지보수비",
        "amount": 0.2
      },
      {
        "yyyymm": "202509",
        "ctgr2": "지급수수료",
        "ctgr3": "지급수수료_기타",
        "gl_nm": "지급수수료_수출입관련",
        "amount": 0.0
      },
      {
        "yyyymm": "202509",
        "ctgr2": "지급수수료",
        "ctgr3": "지급수수료_재고조사",
        "gl_nm": "지급수수료_재고조사",
        "amount": 0.0
      },
      {
        "yyyymm": "202509",
        "ctgr2": "지급수수료",
        "ctgr3": "지급수수료_인사채용",
        "gl_nm": "지급수수료_인사채용",
        "amount": 0.0
      },
      {
        "yyyymm": "202510",
        "ctgr2": "지급수수료",
        "ctgr3": "지급수수료_기타",
        "gl_nm": "지급수수료_기타",
        "amount": 17.37
      },
      {
        "yyyymm": "202510",
        "ctgr2": "지급수수료",
        "ctgr3": "지급수수료_기타",
        "gl_nm": "지급수수료_지급용역비",
        "amount": 13.67
      },
      {
        "yyyymm": "202510",
        "ctgr2": "지급수수료",
        "ctgr3": "지급수수료_인사채용",
        "gl_nm": "지급수수료_인사채용",
        "amount": 11.0
      },
      {
        "yyyymm": "202510",
        "ctgr2": "지급수수료",
        "ctgr3": "지급수수료_IT사용료",
        "gl_nm": "지급수수료_IT사용료",
        "amount": 2.85
      },
      {
        "yyyymm": "202510",
        "ctgr2": "지급수수료",
        "ctgr3": "지급수수료_퀵서비스",
        "gl_nm": "지급수수료_퀵서비스",
        "amount": 1.42
      },
      {
        "yyyymm": "202510",
        "ctgr2": "지급수수료",
        "ctgr3": "지급수수료_리스료(차량제외)",
        "gl_nm": "지급수수료_렌탈료(차량제외)",
        "amount": 0.66
      },
      {
        "yyyymm": "202510",
        "ctgr2": "지급수수료",
        "ctgr3": "지급수수료_보안",
        "gl_nm": "지급수수료_보안",
        "amount": 0.49
      },
      {
        "yyyymm": "202510",
        "ctgr2": "지급수수료",
        "ctgr3": "지급수수료_IT유지보수비",
        "gl_nm": "지급수수료_IT유지보수비",
        "amount": 0.47
      },
      {
        "yyyymm": "202510",
        "ctgr2": "지급수수료",
        "ctgr3": "지급수수료_기타",
        "gl_nm": "지급수수료_수출입관련",
        "amount": 0.04
      },
      {
        "yyyymm": "202510",
        "ctgr2": "지급수수료",
        "ctgr3": "지급수수료_재고조사",
        "gl_nm": "지급수수료_재고조사",
        "amount": 0.0
      },
      {
        "yyyymm": "202511",
        "ctgr2": "지급수수료",
        "ctgr3": "지급수수료_기타",
        "gl_nm": "지급수수료_기타",
        "amount": 24.85
      },
      {
        "yyyymm": "202511",
        "ctgr2": "지급수수료",
        "ctgr3": "지급수수료_기타",
        "gl_nm": "지급수수료_지급용역비",
        "amount": 16.4
      },
      {
        "yyyymm": "202511",
        "ctgr2": "지급수수료",
        "ctgr3": "지급수수료_퀵서비스",
        "gl_nm": "지급수수료_퀵서비스",
        "amount": 3.84
      },
      {
        "yyyymm": "202511",
        "ctgr2": "지급수수료",
        "ctgr3": "지급수수료_IT사용료",
        "gl_nm": "지급수수료_IT사용료",
        "amount": 3.46
      },
      {
        "yyyymm": "202511",
        "ctgr2": "지급수수료",
        "ctgr3": "지급수수료_기타",
        "gl_nm": "지급수수료_수출입관련",
        "amount": 2.44
      },
      {
        "yyyymm": "202511",
        "ctgr2": "지급수수료",
        "ctgr3": "지급수수료_리스료(차량제외)",
        "gl_nm": "지급수수료_렌탈료(차량제외)",
        "amount": 0.72
      },
      {
        "yyyymm": "202511",
        "ctgr2": "지급수수료",
        "ctgr3": "지급수수료_보안",
        "gl_nm": "지급수수료_보안",
        "amount": 0.49
      },
      {
        "yyyymm": "202511",
        "ctgr2": "지급수수료",
        "ctgr3": "지급수수료_재고조사",
        "gl_nm": "지급수수료_재고조사",
        "amount": 0.34
      },
      {
        "yyyymm": "202511",
        "ctgr2": "지급수수료",
        "ctgr3": "지급수수료_IT유지보수비",
        "gl_nm": "지급수수료_IT유지보수비",
        "amount": 0.2
      },
      {
        "yyyymm": "202511",
        "ctgr2": "지급수수료",
        "ctgr3": "지급수수료_인사채용",
        "gl_nm": "지급수수료_인사채용",
        "amount": 0.0
      }
    ]
  }
}