{
  "country": "KR",
  "brand_cd": "W",
  "yyyymm": "202511",
  "key": "영업비",
  "sub_key": "자가임차료_사옥_",
  "analysis_data": {
    "title": "자가임차료(사옥) 분석",
    "sections": [
      {
        "div": "종합분석-1",
        "sub_title": "투자 방향성 종합 평가",
        "ai_text": "SUPRA 브랜드의 자가임차료(사옥) 투자가 2024년 11월 38백만원에서 2025년 11월 0백만원으로 100% 전액 삭감되었습니다. 이는 단순한 비용 절감을 넘어 근본적인 운영 전략 변화를 의미합니다. F&F 그룹 차원에서 SUPRA 브랜드의 사옥 운영 방식을 전면 재검토하여 임차 방식에서 탈피하거나, 본사 통합 운영으로 전환한 것으로 판단됩니다. 이러한 변화는 고정비용 구조 개선과 운영 효율성 극대화를 목표로 한 전략적 의사결정으로 평가됩니다."
      },
      {
        "div": "종합분석-2",
        "sub_title": "효율적 투자 영역",
        "ai_text": "• 고정비용 완전 제거: 38백만원의 자가임차료 전액 삭감으로 연간 456백만원 규모의 고정비용 절감 효과 창출\n• 운영비 효율성 극대화: 사옥 관련 부대비용(관리비, 유지보수비 등) 동반 절감으로 실질적 비용 절감 효과는 더욱 클 것으로 예상\n• 자본 배분 최적화: 절감된 예산을 마케팅, R&D, 유통망 확대 등 매출 직결 영역으로 재배분 가능한 여유 자금 확보\n• 조직 운영 효율성: 본사 통합 운영 시 커뮤니케이션 효율성 증대 및 시너지 효과 기대"
      },
      {
        "div": "종합분석-3",
        "sub_title": "주의 필요 영역",
        "ai_text": "• 브랜드 독립성 약화 우려: 독립 사옥 운영 중단으로 SUPRA 브랜드만의 고유한 기업 문화와 독립적 의사결정 구조에 영향 가능\n• 직원 근무 환경 변화: 사옥 이전이나 통합 운영으로 인한 직원들의 업무 환경 변화 및 적응 기간 필요\n• 고객 접점 영향: 독립 사옥이 고객 미팅이나 브랜드 이미지 구축에 활용되었다면 대안적 공간 확보 필요\n• 장기 계약 해지 비용: 기존 임차 계약의 중도 해지에 따른 위약금이나 보증금 회수 지연 가능성"
      },
      {
        "div": "종합분석-4",
        "sub_title": "이상징후 및 리스크 감지",
        "ai_text": "• 급격한 운영 방식 변화: 자가임차료의 100% 삭감은 SUPRA 브랜드 운영 전략의 근본적 변화를 시사하며, 이러한 급격한 변화가 브랜드 정체성이나 조직 문화에 미칠 영향에 대한 면밀한 모니터링이 필요합니다.\n• 비용 절감 압박 신호: 고정비용의 전면 삭감이 브랜드 성과 부진이나 그룹 차원의 비용 절감 압박에서 비롯된 것인지 원인 분석이 필요합니다.\n• 조직 구조 변화 리스크: 사옥 통합이나 이전 과정에서 핵심 인력 이탈이나 업무 연속성 저해 가능성을 사전에 관리해야 합니다.\n• 브랜드 포지셔닝 영향: 독립적 사옥 운영이 SUPRA 브랜드의 프리미엄 이미지 구축에 기여했다면, 이의 상실이 브랜드 인식에 미칠 장기적 영향을 검토해야 합니다."
      },
      {
        "div": "종합분석-5",
        "sub_title": "마케팅 전략 최적화 방안",
        "ai_text": "### 즉시 실행 방안\n1. 절감 예산 재배분 전략 수립: 38백만원 절감액을 디지털 마케팅, 브랜드 경험 공간 구축 등 ROI가 높은 영역으로 즉시 재투자\n2. 브랜드 독립성 유지 방안: 물리적 독립 공간 상실을 보완할 브랜드 전용 쇼룸이나 체험 공간 확보로 브랜드 아이덴티티 유지\n3. 조직 안정화 조치: 사옥 변경에 따른 직원 만족도 조사 및 업무 환경 개선 방안 마련\n\n### 중장기 전략 방향\n1. 스마트 오피스 구축: 절감된 고정비용으로 디지털 워크스페이스 및 원격 협업 인프라 구축하여 미래형 업무 환경 조성\n2. 브랜드 경험 공간 투자: 기존 사옥 비용을 고객 접점 공간(플래그십 스토어, 팝업 스토어) 확대에 활용하여 브랜드 체험 기회 증대\n3. 유연한 공간 운영 전략: 필요시 단기 임차나 공유 오피스 활용으로 고정비용 부담 없이 독립적 업무 공간 확보하는 하이브리드 모델 구축\n4. 성과 기반 재투자 계획: 절감 효과가 실제 매출 증대로 연결되는지 분기별 모니터링 후, 성과에 따라 브랜드 전용 공간 재확보 여부 결정"
      }
    ]
  },
  "ctgr1": "자가임차료(사옥)",
  "summary": {
    "prev_year_total": 37.7,
    "curr_year_total": 0.0,
    "change_amount": -37.7,
    "change_pct": -100.0,
    "investment_direction": "축소"
  },
  "categories": [
    {
      "ctgr2": "자가임차료(사옥)",
      "ctgr3": "자가임차료",
      "gl_nm": "지급임차료_자가임차료",
      "prev_year": 37.7,
      "curr_year": 0.0,
      "change": -37.7,
      "change_pct": -100.0,
      "is_new": false,
      "is_discontinued": true
    }
  ],
  "category_summary": {
    "increased": [],
    "decreased": [
      {
        "ctgr2": "자가임차료(사옥)",
        "ctgr3": "자가임차료",
        "gl_nm": "지급임차료_자가임차료",
        "prev_year": 37.7,
        "curr_year": 0.0,
        "change": -37.7,
        "change_pct": -100.0,
        "is_new": false,
        "is_discontinued": true
      }
    ],
    "new_investments": [],
    "discontinued": [
      {
        "ctgr2": "자가임차료(사옥)",
        "ctgr3": "자가임차료",
        "gl_nm": "지급임차료_자가임차료",
        "prev_year": 37.7,
        "curr_year": 0.0,
        "change": -37.7,
        "change_pct": -100.0,
        "is_new": false,
        "is_discontinued": true
      }
    ]
  },
  "raw_data": {
    "total_records": [
      {
        "PST_YYYYMM": "202411",
        "TOTAL_AMT": 37703000.0
      },
      {
        "PST_YYYYMM": "202511",
        "TOTAL_AMT": 0.0
      }
    ],
    "detail_records": [
      {
        "PST_YYYYMM": "202411",
        "BRD_CD": "W",
        "BRD_NM": "SUPRA",
        "CTGR1": "자가임차료(사옥)",
        "CTGR2": "자가임차료(사옥)",
        "CTGR3": "자가임차료",
        "GL_NM": "지급임차료_자가임차료",
        "TTL_USE_AMT": 37703000.0
      },
      {
        "PST_YYYYMM": "202511",
        "BRD_CD": "W",
        "BRD_NM": "SUPRA",
        "CTGR1": "자가임차료(사옥)",
        "CTGR2": "자가임차료(사옥)",
        "CTGR3": "자가임차료",
        "GL_NM": "지급임차료_자가임차료",
        "TTL_USE_AMT": 0.0
      }
    ]
  },
  "trend_data": {
    "trend_months": [
      "202412",
      "202501",
      "202502",
      "202503",
      "202504",
      "202505",
      "202506",
      "202507",
      "202508",
      "202509",
      "202510",
      "202511"
    ],
    "monthly_totals": [
      {
        "yyyymm": "202412",
        "total_amount": 37.7
      },
      {
        "yyyymm": "202501",
        "total_amount": 37.7
      },
      {
        "yyyymm": "202502",
        "total_amount": 37.7
      },
      {
        "yyyymm": "202503",
        "total_amount": 37.7
      },
      {
        "yyyymm": "202504",
        "total_amount": 13.82
      },
      {
        "yyyymm": "202505",
        "total_amount": 0.0
      },
      {
        "yyyymm": "202506",
        "total_amount": 0.0
      },
      {
        "yyyymm": "202507",
        "total_amount": 0.0
      },
      {
        "yyyymm": "202508",
        "total_amount": 0.0
      },
      {
        "yyyymm": "202509",
        "total_amount": 0.0
      },
      {
        "yyyymm": "202510",
        "total_amount": 0.0
      },
      {
        "yyyymm": "202511",
        "total_amount": 0.0
      }
    ],
    "monthly_details": [
      {
        "yyyymm": "202412",
        "ctgr2": "자가임차료(사옥)",
        "ctgr3": "자가임차료",
        "gl_nm": "지급임차료_자가임차료",
        "amount": 37.7
      },
      {
        "yyyymm": "202501",
        "ctgr2": "자가임차료(사옥)",
        "ctgr3": "자가임차료",
        "gl_nm": "지급임차료_자가임차료",
        "amount": 37.7
      },
      {
        "yyyymm": "202502",
        "ctgr2": "자가임차료(사옥)",
        "ctgr3": "자가임차료",
        "gl_nm": "지급임차료_자가임차료",
        "amount": 37.7
      },
      {
        "yyyymm": "202503",
        "ctgr2": "자가임차료(사옥)",
        "ctgr3": "자가임차료",
        "gl_nm": "지급임차료_자가임차료",
        "amount": 37.7
      },
      {
        "yyyymm": "202504",
        "ctgr2": "자가임차료(사옥)",
        "ctgr3": "자가임차료",
        "gl_nm": "지급임차료_자가임차료",
        "amount": 13.82
      },
      {
        "yyyymm": "202505",
        "ctgr2": "자가임차료(사옥)",
        "ctgr3": "자가임차료",
        "gl_nm": "지급임차료_자가임차료",
        "amount": 0.0
      },
      {
        "yyyymm": "202506",
        "ctgr2": "자가임차료(사옥)",
        "ctgr3": "자가임차료",
        "gl_nm": "지급임차료_자가임차료",
        "amount": 0.0
      },
      {
        "yyyymm": "202507",
        "ctgr2": "자가임차료(사옥)",
        "ctgr3": "자가임차료",
        "gl_nm": "지급임차료_자가임차료",
        "amount": 0.0
      },
      {
        "yyyymm": "202508",
        "ctgr2": "자가임차료(사옥)",
        "ctgr3": "자가임차료",
        "gl_nm": "지급임차료_자가임차료",
        "amount": 0.0
      },
      {
        "yyyymm": "202509",
        "ctgr2": "자가임차료(사옥)",
        "ctgr3": "자가임차료",
        "gl_nm": "지급임차료_자가임차료",
        "amount": 0.0
      },
      {
        "yyyymm": "202510",
        "ctgr2": "자가임차료(사옥)",
        "ctgr3": "자가임차료",
        "gl_nm": "지급임차료_자가임차료",
        "amount": 0.0
      },
      {
        "yyyymm": "202511",
        "ctgr2": "자가임차료(사옥)",
        "ctgr3": "자가임차료",
        "gl_nm": "지급임차료_자가임차료",
        "amount": 0.0
      }
    ]
  }
}