{
  "country": "KR",
  "brand_cd": "I",
  "brand_name": "MLB KIDS",
  "yyyymm": "202511",
  "yyyymm_py": "202411",
  "key": "월별아이템별매출추세",
  "analysis_data": {
    "title": "아이템별 매출 종합분석 (당해 1월~현재월)",
    "sections": [
      {
        "div": "종합분석-1",
        "sub_title": "시즌 트렌드",
        "ai_text": "• 25F 의류는 11,346백만원(18.1% 비중)으로 7-11월 집중 판매되며 평균 할인율 37.2%로 가격 경쟁력 확보, 전년 대비 77.4% 성장\n• 25S 의류는 17,898백만원(28.6% 비중)으로 3-5월 피크 시즌에 강세를 보이며 평균 할인율 28.7%로 프리미엄 포지셔닝, 전년 대비 107.8% 성장\n• 과시즌 의류는 4,557백만원(7.3% 비중)으로 연중 안정적 판매되나 1월 집중도 높음, 전년 대비 134.3% 성장으로 가장 높은 성장률 기록"
      },
      {
        "div": "종합분석-2",
        "sub_title": "카테고리",
        "ai_text": "• 가방은 10,586백만원(16.9% 비중)으로 1-2월, 6-7월 성수기 집중되며 평균 할인율 18.0%로 수익성 우수, 전년 대비 152.1% 성장\n• 신발은 10,368백만원(16.6% 비중)으로 4-5월 피크 후 하반기 회복세를 보이며 평균 할인율 16.1%로 안정적 수익 창출, 전년 대비 106.5% 성장\n• 모자는 7,135백만원(11.4% 비중)으로 4-6월 성수기 집중되나 평균 할인율 11.5%로 마진율 높음, 전년 대비 91.3%로 유일한 역성장"
      },
      {
        "div": "종합분석-3",
        "sub_title": "핵심액션",
        "ai_text": "• 과시즌 의류의 134.3% 성장률을 활용하여 연중 안정적 판매 가능한 베이직 라인 확대 및 재고 운영 최적화 전략 수립\n• 모자 카테고리의 역성장(-8.7%) 해결을 위해 4-6월 성수기 집중 마케팅과 신상품 런칭 타이밍 조정으로 판매 회복 추진\n• 가방과 신발의 높은 성장률(152.1%, 106.5%)을 바탕으로 교차판매 전략과 세트 상품 기획을 통한 객단가 상승 및 매출 극대화"
      }
    ]
  },
  "summary": {
    "total_sales": 62558.0,
    "unique_months": 11,
    "analysis_period": "2025년 01월 ~ 2025년 11월"
  },
  "season_items": [
    {
      "name": "25S 의류",
      "total_sales": 17898.0,
      "months": {
        "01": 935.0,
        "02": 1876.0,
        "03": 3437.0,
        "04": 3040.0,
        "05": 3144.0,
        "06": 2067.0,
        "07": 1965.0,
        "08": 925.0,
        "09": 383.0,
        "10": 103.0,
        "11": 23.0
      },
      "avg_ratio": 28.727272727272727,
      "avg_yoy": 107.81818181818181
    },
    {
      "name": "25F 의류",
      "total_sales": 11346.0,
      "months": {
        "07": 5.0,
        "08": 479.0,
        "09": 2262.0,
        "10": 4164.0,
        "11": 4436.0
      },
      "avg_ratio": 37.2,
      "avg_yoy": 77.4
    },
    {
      "name": "과시즌 의류",
      "total_sales": 4557.0,
      "months": {
        "01": 1612.0,
        "02": 916.0,
        "03": 645.0,
        "04": 270.0,
        "05": 65.0,
        "06": 41.0,
        "07": 333.0,
        "08": 134.0,
        "09": 263.0,
        "10": 150.0,
        "11": 128.0
      },
      "avg_ratio": 7.454545454545454,
      "avg_yoy": 134.27272727272728
    }
  ],
  "category_items": [
    {
      "name": "가방",
      "total_sales": 10586.0,
      "months": {
        "01": 1626.0,
        "02": 1598.0,
        "03": 557.0,
        "04": 484.0,
        "05": 1032.0,
        "06": 1098.0,
        "07": 1282.0,
        "08": 997.0,
        "09": 553.0,
        "10": 459.0,
        "11": 900.0
      },
      "avg_ratio": 18.0,
      "avg_yoy": 152.0909090909091
    },
    {
      "name": "신발",
      "total_sales": 10368.0,
      "months": {
        "01": 795.0,
        "02": 879.0,
        "03": 1183.0,
        "04": 1430.0,
        "05": 1575.0,
        "06": 839.0,
        "07": 500.0,
        "08": 531.0,
        "09": 657.0,
        "10": 815.0,
        "11": 1164.0
      },
      "avg_ratio": 16.09090909090909,
      "avg_yoy": 106.54545454545455
    },
    {
      "name": "모자",
      "total_sales": 7135.0,
      "months": {
        "01": 462.0,
        "02": 412.0,
        "03": 685.0,
        "04": 868.0,
        "05": 894.0,
        "06": 718.0,
        "07": 683.0,
        "08": 582.0,
        "09": 530.0,
        "10": 644.0,
        "11": 657.0
      },
      "avg_ratio": 11.545454545454545,
      "avg_yoy": 91.27272727272727
    },
    {
      "name": "기타ACC",
      "total_sales": 451.0,
      "months": {
        "01": 56.0,
        "02": 31.0,
        "03": 37.0,
        "04": 38.0,
        "05": 41.0,
        "06": 33.0,
        "07": 41.0,
        "08": 25.0,
        "09": 25.0,
        "10": 47.0,
        "11": 77.0
      },
      "avg_ratio": 1.0,
      "avg_yoy": 68.63636363636364
    }
  ],
  "raw_data": {
    "sample_records": [
      {
        "MONTH": "01",
        "CHNL_NM": "전체",
        "SALE_AMT": 5485.0,
        "RATIO": 100.0,
        "YOY": 95.0,
        "SEQ": 1
      },
      {
        "MONTH": "01",
        "CHNL_NM": "백화점",
        "SALE_AMT": 2689.0,
        "RATIO": 49.0,
        "YOY": 98.0,
        "SEQ": 2
      },
      {
        "MONTH": "01",
        "CHNL_NM": "대리점",
        "SALE_AMT": 463.0,
        "RATIO": 8.0,
        "YOY": 98.0,
        "SEQ": 2
      },
      {
        "MONTH": "01",
        "CHNL_NM": "직영기타",
        "SALE_AMT": 419.0,
        "RATIO": 8.0,
        "YOY": 115.0,
        "SEQ": 2
      },
      {
        "MONTH": "01",
        "CHNL_NM": "제휴몰",
        "SALE_AMT": 601.0,
        "RATIO": 11.0,
        "YOY": 100.0,
        "SEQ": 2
      },
      {
        "MONTH": "01",
        "CHNL_NM": "자사몰",
        "SALE_AMT": 213.0,
        "RATIO": 4.0,
        "YOY": 77.0,
        "SEQ": 2
      },
      {
        "MONTH": "01",
        "CHNL_NM": "면세점",
        "SALE_AMT": 1101.0,
        "RATIO": 20.0,
        "YOY": 86.0,
        "SEQ": 2
      },
      {
        "MONTH": "01",
        "CHNL_NM": "25S 의류",
        "SALE_AMT": 935.0,
        "RATIO": 17.0,
        "YOY": 92.0,
        "SEQ": 3
      },
      {
        "MONTH": "01",
        "CHNL_NM": "과시즌 의류",
        "SALE_AMT": 1612.0,
        "RATIO": 29.0,
        "YOY": 108.0,
        "SEQ": 3
      },
      {
        "MONTH": "01",
        "CHNL_NM": "모자",
        "SALE_AMT": 462.0,
        "RATIO": 8.0,
        "YOY": 99.0,
        "SEQ": 3
      },
      {
        "MONTH": "01",
        "CHNL_NM": "신발",
        "SALE_AMT": 795.0,
        "RATIO": 14.0,
        "YOY": 92.0,
        "SEQ": 3
      },
      {
        "MONTH": "01",
        "CHNL_NM": "가방",
        "SALE_AMT": 1626.0,
        "RATIO": 30.0,
        "YOY": 89.0,
        "SEQ": 3
      },
      {
        "MONTH": "01",
        "CHNL_NM": "기타ACC",
        "SALE_AMT": 56.0,
        "RATIO": 1.0,
        "YOY": 73.0,
        "SEQ": 3
      },
      {
        "MONTH": "02",
        "CHNL_NM": "전체",
        "SALE_AMT": 5712.0,
        "RATIO": 100.0,
        "YOY": 90.0,
        "SEQ": 1
      },
      {
        "MONTH": "02",
        "CHNL_NM": "백화점",
        "SALE_AMT": 3079.0,
        "RATIO": 54.0,
        "YOY": 88.0,
        "SEQ": 2
      },
      {
        "MONTH": "02",
        "CHNL_NM": "대리점",
        "SALE_AMT": 493.0,
        "RATIO": 9.0,
        "YOY": 64.0,
        "SEQ": 2
      },
      {
        "MONTH": "02",
        "CHNL_NM": "직영기타",
        "SALE_AMT": 396.0,
        "RATIO": 7.0,
        "YOY": 68.0,
        "SEQ": 2
      },
      {
        "MONTH": "02",
        "CHNL_NM": "제휴몰",
        "SALE_AMT": 825.0,
        "RATIO": 14.0,
        "YOY": 128.0,
        "SEQ": 2
      },
      {
        "MONTH": "02",
        "CHNL_NM": "자사몰",
        "SALE_AMT": 272.0,
        "RATIO": 5.0,
        "YOY": 84.0,
        "SEQ": 2
      },
      {
        "MONTH": "02",
        "CHNL_NM": "면세점",
        "SALE_AMT": 647.0,
        "RATIO": 11.0,
        "YOY": 118.0,
        "SEQ": 2
      },
      {
        "MONTH": "02",
        "CHNL_NM": "25S 의류",
        "SALE_AMT": 1876.0,
        "RATIO": 33.0,
        "YOY": 70.0,
        "SEQ": 3
      },
      {
        "MONTH": "02",
        "CHNL_NM": "과시즌 의류",
        "SALE_AMT": 916.0,
        "RATIO": 16.0,
        "YOY": 187.0,
        "SEQ": 3
      },
      {
        "MONTH": "02",
        "CHNL_NM": "모자",
        "SALE_AMT": 412.0,
        "RATIO": 7.0,
        "YOY": 85.0,
        "SEQ": 3
      },
      {
        "MONTH": "02",
        "CHNL_NM": "신발",
        "SALE_AMT": 879.0,
        "RATIO": 15.0,
        "YOY": 85.0,
        "SEQ": 3
      },
      {
        "MONTH": "02",
        "CHNL_NM": "가방",
        "SALE_AMT": 1598.0,
        "RATIO": 28.0,
        "YOY": 98.0,
        "SEQ": 3
      },
      {
        "MONTH": "02",
        "CHNL_NM": "기타ACC",
        "SALE_AMT": 31.0,
        "RATIO": 1.0,
        "YOY": 59.0,
        "SEQ": 3
      },
      {
        "MONTH": "03",
        "CHNL_NM": "전체",
        "SALE_AMT": 6552.0,
        "RATIO": 100.0,
        "YOY": 99.0,
        "SEQ": 1
      },
      {
        "MONTH": "03",
        "CHNL_NM": "백화점",
        "SALE_AMT": 3359.0,
        "RATIO": 51.0,
        "YOY": 100.0,
        "SEQ": 2
      },
      {
        "MONTH": "03",
        "CHNL_NM": "대리점",
        "SALE_AMT": 611.0,
        "RATIO": 9.0,
        "YOY": 91.0,
        "SEQ": 2
      },
      {
        "MONTH": "03",
        "CHNL_NM": "직영기타",
        "SALE_AMT": 420.0,
        "RATIO": 6.0,
        "YOY": 89.0,
        "SEQ": 2
      },
      {
        "MONTH": "03",
        "CHNL_NM": "제휴몰",
        "SALE_AMT": 988.0,
        "RATIO": 15.0,
        "YOY": 148.0,
        "SEQ": 2
      },
      {
        "MONTH": "03",
        "CHNL_NM": "자사몰",
        "SALE_AMT": 307.0,
        "RATIO": 5.0,
        "YOY": 108.0,
        "SEQ": 2
      },
      {
        "MONTH": "03",
        "CHNL_NM": "면세점",
        "SALE_AMT": 867.0,
        "RATIO": 13.0,
        "YOY": 77.0,
        "SEQ": 2
      },
      {
        "MONTH": "03",
        "CHNL_NM": "25S 의류",
        "SALE_AMT": 3437.0,
        "RATIO": 52.0,
        "YOY": 92.0,
        "SEQ": 3
      },
      {
        "MONTH": "03",
        "CHNL_NM": "과시즌 의류",
        "SALE_AMT": 645.0,
        "RATIO": 10.0,
        "YOY": 347.0,
        "SEQ": 3
      },
      {
        "MONTH": "03",
        "CHNL_NM": "모자",
        "SALE_AMT": 685.0,
        "RATIO": 10.0,
        "YOY": 83.0,
        "SEQ": 3
      },
      {
        "MONTH": "03",
        "CHNL_NM": "신발",
        "SALE_AMT": 1183.0,
        "RATIO": 18.0,
        "YOY": 108.0,
        "SEQ": 3
      },
      {
        "MONTH": "03",
        "CHNL_NM": "가방",
        "SALE_AMT": 557.0,
        "RATIO": 9.0,
        "YOY": 82.0,
        "SEQ": 3
      },
      {
        "MONTH": "03",
        "CHNL_NM": "기타ACC",
        "SALE_AMT": 37.0,
        "RATIO": 1.0,
        "YOY": 60.0,
        "SEQ": 3
      },
      {
        "MONTH": "03",
        "CHNL_NM": "25N 의류",
        "SALE_AMT": 8.0,
        "RATIO": 0.0,
        "YOY": 0.0,
        "SEQ": 3
      },
      {
        "MONTH": "04",
        "CHNL_NM": "전체",
        "SALE_AMT": 6149.0,
        "RATIO": 100.0,
        "YOY": 91.0,
        "SEQ": 1
      },
      {
        "MONTH": "04",
        "CHNL_NM": "백화점",
        "SALE_AMT": 2870.0,
        "RATIO": 47.0,
        "YOY": 88.0,
        "SEQ": 2
      },
      {
        "MONTH": "04",
        "CHNL_NM": "대리점",
        "SALE_AMT": 611.0,
        "RATIO": 10.0,
        "YOY": 82.0,
        "SEQ": 2
      },
      {
        "MONTH": "04",
        "CHNL_NM": "직영기타",
        "SALE_AMT": 335.0,
        "RATIO": 5.0,
        "YOY": 69.0,
        "SEQ": 2
      },
      {
        "MONTH": "04",
        "CHNL_NM": "제휴몰",
        "SALE_AMT": 908.0,
        "RATIO": 15.0,
        "YOY": 164.0,
        "SEQ": 2
      },
      {
        "MONTH": "04",
        "CHNL_NM": "자사몰",
        "SALE_AMT": 338.0,
        "RATIO": 5.0,
        "YOY": 96.0,
        "SEQ": 2
      },
      {
        "MONTH": "04",
        "CHNL_NM": "면세점",
        "SALE_AMT": 1085.0,
        "RATIO": 18.0,
        "YOY": 80.0,
        "SEQ": 2
      },
      {
        "MONTH": "04",
        "CHNL_NM": "25S 의류",
        "SALE_AMT": 3040.0,
        "RATIO": 49.0,
        "YOY": 82.0,
        "SEQ": 3
      },
      {
        "MONTH": "04",
        "CHNL_NM": "과시즌 의류",
        "SALE_AMT": 270.0,
        "RATIO": 4.0,
        "YOY": 114.0,
        "SEQ": 3
      },
      {
        "MONTH": "04",
        "CHNL_NM": "모자",
        "SALE_AMT": 868.0,
        "RATIO": 14.0,
        "YOY": 79.0,
        "SEQ": 3
      },
      {
        "MONTH": "04",
        "CHNL_NM": "신발",
        "SALE_AMT": 1430.0,
        "RATIO": 23.0,
        "YOY": 136.0,
        "SEQ": 3
      },
      {
        "MONTH": "04",
        "CHNL_NM": "가방",
        "SALE_AMT": 484.0,
        "RATIO": 8.0,
        "YOY": 84.0,
        "SEQ": 3
      },
      {
        "MONTH": "04",
        "CHNL_NM": "기타ACC",
        "SALE_AMT": 38.0,
        "RATIO": 1.0,
        "YOY": 56.0,
        "SEQ": 3
      },
      {
        "MONTH": "04",
        "CHNL_NM": "25N 의류",
        "SALE_AMT": 19.0,
        "RATIO": 0.0,
        "YOY": 0.0,
        "SEQ": 3
      },
      {
        "MONTH": "05",
        "CHNL_NM": "전체",
        "SALE_AMT": 6773.0,
        "RATIO": 100.0,
        "YOY": 104.0,
        "SEQ": 1
      },
      {
        "MONTH": "05",
        "CHNL_NM": "백화점",
        "SALE_AMT": 3446.0,
        "RATIO": 51.0,
        "YOY": 109.0,
        "SEQ": 2
      },
      {
        "MONTH": "05",
        "CHNL_NM": "대리점",
        "SALE_AMT": 661.0,
        "RATIO": 10.0,
        "YOY": 89.0,
        "SEQ": 2
      },
      {
        "MONTH": "05",
        "CHNL_NM": "직영기타",
        "SALE_AMT": 414.0,
        "RATIO": 6.0,
        "YOY": 87.0,
        "SEQ": 2
      },
      {
        "MONTH": "05",
        "CHNL_NM": "제휴몰",
        "SALE_AMT": 1132.0,
        "RATIO": 17.0,
        "YOY": 117.0,
        "SEQ": 2
      },
      {
        "MONTH": "05",
        "CHNL_NM": "자사몰",
        "SALE_AMT": 293.0,
        "RATIO": 4.0,
        "YOY": 85.0,
        "SEQ": 2
      },
      {
        "MONTH": "05",
        "CHNL_NM": "면세점",
        "SALE_AMT": 827.0,
        "RATIO": 12.0,
        "YOY": 100.0,
        "SEQ": 2
      },
      {
        "MONTH": "05",
        "CHNL_NM": "25S 의류",
        "SALE_AMT": 3144.0,
        "RATIO": 46.0,
        "YOY": 82.0,
        "SEQ": 3
      },
      {
        "MONTH": "05",
        "CHNL_NM": "과시즌 의류",
        "SALE_AMT": 65.0,
        "RATIO": 1.0,
        "YOY": 172.0,
        "SEQ": 3
      },
      {
        "MONTH": "05",
        "CHNL_NM": "모자",
        "SALE_AMT": 894.0,
        "RATIO": 13.0,
        "YOY": 76.0,
        "SEQ": 3
      },
      {
        "MONTH": "05",
        "CHNL_NM": "신발",
        "SALE_AMT": 1575.0,
        "RATIO": 23.0,
        "YOY": 144.0,
        "SEQ": 3
      },
      {
        "MONTH": "05",
        "CHNL_NM": "가방",
        "SALE_AMT": 1032.0,
        "RATIO": 15.0,
        "YOY": 354.0,
        "SEQ": 3
      },
      {
        "MONTH": "05",
        "CHNL_NM": "기타ACC",
        "SALE_AMT": 41.0,
        "RATIO": 1.0,
        "YOY": 60.0,
        "SEQ": 3
      },
      {
        "MONTH": "05",
        "CHNL_NM": "25N 의류",
        "SALE_AMT": 22.0,
        "RATIO": 0.0,
        "YOY": 0.0,
        "SEQ": 3
      },
      {
        "MONTH": "06",
        "CHNL_NM": "전체",
        "SALE_AMT": 4809.0,
        "RATIO": 100.0,
        "YOY": 102.0,
        "SEQ": 1
      },
      {
        "MONTH": "06",
        "CHNL_NM": "백화점",
        "SALE_AMT": 2083.0,
        "RATIO": 43.0,
        "YOY": 99.0,
        "SEQ": 2
      },
      {
        "MONTH": "06",
        "CHNL_NM": "대리점",
        "SALE_AMT": 562.0,
        "RATIO": 12.0,
        "YOY": 116.0,
        "SEQ": 2
      },
      {
        "MONTH": "06",
        "CHNL_NM": "직영기타",
        "SALE_AMT": 303.0,
        "RATIO": 6.0,
        "YOY": 88.0,
        "SEQ": 2
      },
      {
        "MONTH": "06",
        "CHNL_NM": "제휴몰",
        "SALE_AMT": 678.0,
        "RATIO": 14.0,
        "YOY": 145.0,
        "SEQ": 2
      },
      {
        "MONTH": "06",
        "CHNL_NM": "자사몰",
        "SALE_AMT": 171.0,
        "RATIO": 4.0,
        "YOY": 83.0,
        "SEQ": 2
      },
      {
        "MONTH": "06",
        "CHNL_NM": "면세점",
        "SALE_AMT": 1012.0,
        "RATIO": 21.0,
        "YOY": 93.0,
        "SEQ": 2
      },
      {
        "MONTH": "06",
        "CHNL_NM": "25S 의류",
        "SALE_AMT": 2067.0,
        "RATIO": 43.0,
        "YOY": 86.0,
        "SEQ": 3
      },
      {
        "MONTH": "06",
        "CHNL_NM": "과시즌 의류",
        "SALE_AMT": 41.0,
        "RATIO": 1.0,
        "YOY": 299.0,
        "SEQ": 3
      },
      {
        "MONTH": "06",
        "CHNL_NM": "모자",
        "SALE_AMT": 718.0,
        "RATIO": 15.0,
        "YOY": 85.0,
        "SEQ": 3
      },
      {
        "MONTH": "06",
        "CHNL_NM": "신발",
        "SALE_AMT": 839.0,
        "RATIO": 17.0,
        "YOY": 124.0,
        "SEQ": 3
      },
      {
        "MONTH": "06",
        "CHNL_NM": "가방",
        "SALE_AMT": 1098.0,
        "RATIO": 23.0,
        "YOY": 151.0,
        "SEQ": 3
      },
      {
        "MONTH": "06",
        "CHNL_NM": "기타ACC",
        "SALE_AMT": 33.0,
        "RATIO": 1.0,
        "YOY": 66.0,
        "SEQ": 3
      },
      {
        "MONTH": "06",
        "CHNL_NM": "25N 의류",
        "SALE_AMT": 13.0,
        "RATIO": 0.0,
        "YOY": 0.0,
        "SEQ": 3
      },
      {
        "MONTH": "07",
        "CHNL_NM": "전체",
        "SALE_AMT": 4831.0,
        "RATIO": 100.0,
        "YOY": 104.0,
        "SEQ": 1
      },
      {
        "MONTH": "07",
        "CHNL_NM": "백화점",
        "SALE_AMT": 2188.0,
        "RATIO": 45.0,
        "YOY": 117.0,
        "SEQ": 2
      },
      {
        "MONTH": "07",
        "CHNL_NM": "대리점",
        "SALE_AMT": 538.0,
        "RATIO": 11.0,
        "YOY": 138.0,
        "SEQ": 2
      },
      {
        "MONTH": "07",
        "CHNL_NM": "직영기타",
        "SALE_AMT": 300.0,
        "RATIO": 6.0,
        "YOY": 106.0,
        "SEQ": 2
      },
      {
        "MONTH": "07",
        "CHNL_NM": "제휴몰",
        "SALE_AMT": 719.0,
        "RATIO": 15.0,
        "YOY": 74.0,
        "SEQ": 2
      },
      {
        "MONTH": "07",
        "CHNL_NM": "자사몰",
        "SALE_AMT": 171.0,
        "RATIO": 4.0,
        "YOY": 148.0,
        "SEQ": 2
      },
      {
        "MONTH": "07",
        "CHNL_NM": "면세점",
        "SALE_AMT": 914.0,
        "RATIO": 19.0,
        "YOY": 89.0,
        "SEQ": 2
      },
      {
        "MONTH": "07",
        "CHNL_NM": "25F 의류",
        "SALE_AMT": 5.0,
        "RATIO": 0.0,
        "YOY": 10.0,
        "SEQ": 3
      },
      {
        "MONTH": "07",
        "CHNL_NM": "25S 의류",
        "SALE_AMT": 1965.0,
        "RATIO": 41.0,
        "YOY": 109.0,
        "SEQ": 3
      },
      {
        "MONTH": "07",
        "CHNL_NM": "과시즌 의류",
        "SALE_AMT": 333.0,
        "RATIO": 7.0,
        "YOY": 37.0,
        "SEQ": 3
      },
      {
        "MONTH": "07",
        "CHNL_NM": "모자",
        "SALE_AMT": 683.0,
        "RATIO": 14.0,
        "YOY": 115.0,
        "SEQ": 3
      },
      {
        "MONTH": "07",
        "CHNL_NM": "신발",
        "SALE_AMT": 500.0,
        "RATIO": 10.0,
        "YOY": 107.0,
        "SEQ": 3
      },
      {
        "MONTH": "07",
        "CHNL_NM": "가방",
        "SALE_AMT": 1282.0,
        "RATIO": 27.0,
        "YOY": 162.0,
        "SEQ": 3
      },
      {
        "MONTH": "07",
        "CHNL_NM": "기타ACC",
        "SALE_AMT": 41.0,
        "RATIO": 1.0,
        "YOY": 111.0,
        "SEQ": 3
      },
      {
        "MONTH": "07",
        "CHNL_NM": "25N 의류",
        "SALE_AMT": 21.0,
        "RATIO": 0.0,
        "YOY": 0.0,
        "SEQ": 3
      },
      {
        "MONTH": "08",
        "CHNL_NM": "전체",
        "SALE_AMT": 3701.0,
        "RATIO": 100.0,
        "YOY": 107.0,
        "SEQ": 1
      },
      {
        "MONTH": "08",
        "CHNL_NM": "백화점",
        "SALE_AMT": 1664.0,
        "RATIO": 45.0,
        "YOY": 107.0,
        "SEQ": 2
      },
      {
        "MONTH": "08",
        "CHNL_NM": "대리점",
        "SALE_AMT": 532.0,
        "RATIO": 14.0,
        "YOY": 163.0,
        "SEQ": 2
      }
    ],
    "total_records_count": 157
  }
}