{
  "country": "KR",
  "brand_cd": "I",
  "brand_name": "MLB KIDS",
  "yyyymm": "202511",
  "yyyymm_py": "202411",
  "key": "할인율",
  "sub_key": "종합분석",
  "analysis_data": {
    "title": "할인율 종합분석",
    "sections": [
      {
        "div": "종합분석-1",
        "sub_title": "전략 우수 채널",
        "ai_text": "**백화점**이 유일한 전략 우수 채널로 식별됩니다.\n• 백화점: 할인율 10.0% → 5.5%로 4.5%p 대폭 개선, 가격 정상화 전략이 성공적으로 작동\n• 면세점은 할인율 0.1%로 매우 낮지만 전년 0.0%에서 소폭 상승하여 우수 채널에서 제외\n• 백화점의 할인율 개선은 브랜드 가치 제고 및 수익성 강화에 긍정적 영향을 미치고 있음"
      },
      {
        "div": "종합분석-2",
        "sub_title": "주의 필요 채널",
        "ai_text": "**자사몰**과 **직영점**이 최우선 관리 대상입니다.\n• 자사몰: 할인율 13.7%(전년대비 +2.7%p)로 가장 높은 할인율과 악화 추세\n• 직영점: 할인율 5.9%(전년대비 +3.5%p)로 가장 큰 폭의 할인율 악화\n• 대리점: 할인율 4.7%(+1.6%p), 제휴몰: 할인율 5.6%(+0.5%p)로 소폭 악화"
      },
      {
        "div": "종합분석-3",
        "sub_title": "AI 권장 사항",
        "ai_text": "**채널별 차별화된 할인 정책 수립이 시급합니다.**\n• 자사몰: 과도한 할인(13.7%) 억제를 위한 정가 판매 비중 확대 및 멤버십 혜택 개편\n• 직영점: 할인율 급증(+3.5%p) 원인 분석 후 매장별 할인 가이드라인 강화\n• 백화점 성공 모델을 직영점과 대리점에 벤치마킹하여 브랜드 가치 일관성 유지"
      }
    ]
  },
  "summary": {
    "total_discount_cy": 5.5,
    "total_discount_py": 6.6,
    "change_pct": -1.1,
    "unique_channels": 6,
    "unique_items": 9,
    "analysis_period": "2024년 11월 vs 2025년 11월"
  },
  "channel_summary": {
    "백화점": {
      "discount_cy": 5.5,
      "discount_py": 10.0,
      "yoy": -4.5
    },
    "대리점": {
      "discount_cy": 4.7,
      "discount_py": 3.1,
      "yoy": 1.6
    },
    "직영점": {
      "discount_cy": 5.9,
      "discount_py": 2.4,
      "yoy": 3.5
    },
    "자사몰": {
      "discount_cy": 13.7,
      "discount_py": 11.0,
      "yoy": 2.7
    },
    "제휴몰": {
      "discount_cy": 5.6,
      "discount_py": 5.1,
      "yoy": 0.5
    },
    "면세점": {
      "discount_cy": 0.1,
      "discount_py": 0.0,
      "yoy": 0.1
    }
  },
  "excellent_channels": [],
  "warning_channels": [
    {
      "chnl_nm": "자사몰",
      "discount_cy": 13.7,
      "yoy": 2.7
    },
    {
      "chnl_nm": "직영점",
      "discount_cy": 5.9,
      "yoy": 3.5
    },
    {
      "chnl_nm": "제휴몰",
      "discount_cy": 5.6,
      "yoy": 0.5
    },
    {
      "chnl_nm": "대리점",
      "discount_cy": 4.7,
      "yoy": 1.6
    },
    {
      "chnl_nm": "면세점",
      "discount_cy": 0.1,
      "yoy": 0.1
    }
  ],
  "raw_data": {
    "sample_records": [
      {
        "CHNL_NM": "전체",
        "DISCOUNT": 5.5,
        "YOY": -1.1,
        "SEQ": 1
      },
      {
        "CHNL_NM": "백화점",
        "DISCOUNT": 5.5,
        "YOY": -4.5,
        "SEQ": 2
      },
      {
        "CHNL_NM": "대리점",
        "DISCOUNT": 4.7,
        "YOY": 1.6,
        "SEQ": 2
      },
      {
        "CHNL_NM": "직영점",
        "DISCOUNT": 5.9,
        "YOY": 3.5,
        "SEQ": 2
      },
      {
        "CHNL_NM": "자사몰",
        "DISCOUNT": 13.7,
        "YOY": 2.7,
        "SEQ": 2
      },
      {
        "CHNL_NM": "제휴몰",
        "DISCOUNT": 5.6,
        "YOY": 0.5,
        "SEQ": 2
      },
      {
        "CHNL_NM": "면세점",
        "DISCOUNT": 0.1,
        "YOY": 0.1,
        "SEQ": 2
      },
      {
        "CHNL_NM": "25F 의류",
        "DISCOUNT": 3.9,
        "YOY": -0.2,
        "SEQ": 4
      },
      {
        "CHNL_NM": "25S 의류",
        "DISCOUNT": 5.1,
        "YOY": 2.2,
        "SEQ": 4
      },
      {
        "CHNL_NM": "과시즌 의류",
        "DISCOUNT": 47.7,
        "YOY": -2.2,
        "SEQ": 4
      },
      {
        "CHNL_NM": "모자",
        "DISCOUNT": 2.2,
        "YOY": -1.0,
        "SEQ": 4
      },
      {
        "CHNL_NM": "신발",
        "DISCOUNT": 4.0,
        "YOY": 0.2,
        "SEQ": 4
      },
      {
        "CHNL_NM": "가방",
        "DISCOUNT": 6.7,
        "YOY": 5.5,
        "SEQ": 4
      },
      {
        "CHNL_NM": "기타ACC",
        "DISCOUNT": 3.3,
        "YOY": -0.2,
        "SEQ": 4
      },
      {
        "CHNL_NM": "기타",
        "DISCOUNT": 0.0,
        "YOY": 0.0,
        "SEQ": 4
      },
      {
        "CHNL_NM": "25N 의류",
        "DISCOUNT": 3.5,
        "YOY": 3.5,
        "SEQ": 4
      }
    ],
    "total_records_count": 16
  }
}