{
  "country": "KR",
  "brand_cd": "I",
  "yyyymm": "202511",
  "key": "영업비",
  "sub_key": "제간비",
  "analysis_data": {
    "title": "제간비 분석",
    "sections": [
      {
        "div": "종합분석-1",
        "sub_title": "투자 방향성 종합 평가",
        "ai_text": "MLB KIDS 브랜드의 제간비 투자는 2024년 11월 338백만원에서 2025년 11월 0원으로 전면 중단되었습니다. 이는 100% 감소로 물류비용 구조의 근본적 변화를 의미합니다. 제간비 전액 삭감은 비용 효율성 극대화 전략의 일환으로 보이며, 물류 운영 방식의 혁신적 개선이나 외부 파트너십 변화가 있었을 가능성이 높습니다."
      },
      {
        "div": "종합분석-2",
        "sub_title": "효율적 투자 영역",
        "ai_text": "• 물류비용 최적화 달성: 기존 338백만원의 물류운송비를 전액 절감하여 브랜드 수익성 개선에 직접 기여\n• 비용 구조 혁신: 제간비 제로화를 통한 운영 효율성 극대화로 타 브랜드 벤치마킹 모델 구축\n• 자원 재배분 기회: 절감된 338백만원을 마케팅이나 상품개발 등 성장 동력 강화 영역으로 전환 가능"
      },
      {
        "div": "종합분석-3",
        "sub_title": "주의 필요 영역",
        "ai_text": "• 물류 서비스 품질 모니터링: 비용 절감이 배송 지연이나 고객 만족도 저하로 이어지지 않도록 지속적 관찰 필요\n• 물류 파트너 의존도 증가: 외부 업체 활용 시 리스크 관리 체계 강화 요구\n• 계절적 변동 대응력: 성수기 물류 처리 능력 확보를 위한 대안 방안 검토 필요"
      },
      {
        "div": "종합분석-4",
        "sub_title": "이상징후 및 리스크 감지",
        "ai_text": "• 급격한 비용 구조 변화: 338백만원 전액 삭감은 물류 운영 방식의 근본적 변화를 시사하며, 이로 인한 운영 리스크 발생 가능성 존재\n• 데이터 정확성 검증 필요: 2025년 11월 제간비가 완전히 0원인 것이 실제 운영 현실을 정확히 반영하는지 재확인 요구\n• 고객 서비스 영향도 불투명: 물류비 절감이 최종 고객 경험에 미치는 영향에 대한 모니터링 체계 부재"
      },
      {
        "div": "종합분석-5",
        "sub_title": "마케팅 전략 최적화 방안",
        "ai_text": "### 즉시 실행 방안\n1. 물류 품질 KPI 모니터링: 배송 시간, 정확도, 고객 만족도 지표 주간 단위 추적\n2. 절감 예산 재배분 계획: 338백만원을 디지털 마케팅, 상품개발, 고객 경험 개선에 전략적 투입\n3. 리스크 관리 체계 구축: 물류 파트너 성과 평가 및 백업 계획 수립\n\n### 중장기 전략 방향\n1. 통합 물류 플랫폼 구축: F&F 그룹 차원의 물류 시너지 극대화\n2. 고객 경험 중심 투자: 절감된 비용을 브랜드 가치 제고와 고객 만족도 향상에 집중\n3. 데이터 기반 의사결정: 물류 효율성과 고객 만족도 균형점 최적화를 위한 분석 체계 강화"
      }
    ]
  },
  "ctgr1": "제간비",
  "summary": {
    "prev_year_total": 0.34,
    "curr_year_total": 0.0,
    "change_amount": -0.34,
    "change_pct": -100.0,
    "investment_direction": "축소"
  },
  "categories": [
    {
      "ctgr2": "제간비",
      "ctgr3": "지급수수료_물류용역비",
      "gl_nm": "지급수수료_물류용역비",
      "prev_year": 0.0,
      "curr_year": 0.0,
      "change": 0.0,
      "change_pct": 0,
      "is_new": false,
      "is_discontinued": false
    },
    {
      "ctgr2": "제간비",
      "ctgr3": "지급수수료_물류운송비",
      "gl_nm": "지급수수료_물류운송비",
      "prev_year": 0.34,
      "curr_year": 0.0,
      "change": -0.34,
      "change_pct": -100.0,
      "is_new": false,
      "is_discontinued": true
    }
  ],
  "category_summary": {
    "increased": [],
    "decreased": [
      {
        "ctgr2": "제간비",
        "ctgr3": "지급수수료_물류운송비",
        "gl_nm": "지급수수료_물류운송비",
        "prev_year": 0.34,
        "curr_year": 0.0,
        "change": -0.34,
        "change_pct": -100.0,
        "is_new": false,
        "is_discontinued": true
      }
    ],
    "new_investments": [],
    "discontinued": [
      {
        "ctgr2": "제간비",
        "ctgr3": "지급수수료_물류운송비",
        "gl_nm": "지급수수료_물류운송비",
        "prev_year": 0.34,
        "curr_year": 0.0,
        "change": -0.34,
        "change_pct": -100.0,
        "is_new": false,
        "is_discontinued": true
      }
    ]
  },
  "raw_data": {
    "total_records": [
      {
        "PST_YYYYMM": "202411",
        "TOTAL_AMT": 337750.0
      },
      {
        "PST_YYYYMM": "202511",
        "TOTAL_AMT": 0.0
      }
    ],
    "detail_records": [
      {
        "PST_YYYYMM": "202411",
        "BRD_CD": "I",
        "BRD_NM": "MLB KIDS",
        "CTGR1": "제간비",
        "CTGR2": "제간비",
        "CTGR3": "지급수수료_물류운송비",
        "GL_NM": "지급수수료_물류운송비",
        "TTL_USE_AMT": 337750.0
      },
      {
        "PST_YYYYMM": "202511",
        "BRD_CD": "I",
        "BRD_NM": "MLB KIDS",
        "CTGR1": "제간비",
        "CTGR2": "제간비",
        "CTGR3": "지급수수료_물류용역비",
        "GL_NM": "지급수수료_물류용역비",
        "TTL_USE_AMT": 0.0
      },
      {
        "PST_YYYYMM": "202411",
        "BRD_CD": "I",
        "BRD_NM": "MLB KIDS",
        "CTGR1": "제간비",
        "CTGR2": "제간비",
        "CTGR3": "지급수수료_물류용역비",
        "GL_NM": "지급수수료_물류용역비",
        "TTL_USE_AMT": 0.0
      },
      {
        "PST_YYYYMM": "202511",
        "BRD_CD": "I",
        "BRD_NM": "MLB KIDS",
        "CTGR1": "제간비",
        "CTGR2": "제간비",
        "CTGR3": "지급수수료_물류운송비",
        "GL_NM": "지급수수료_물류운송비",
        "TTL_USE_AMT": 0.0
      }
    ]
  },
  "trend_data": {
    "trend_months": [
      "202412",
      "202501",
      "202502",
      "202503",
      "202504",
      "202505",
      "202506",
      "202507",
      "202508",
      "202509",
      "202510",
      "202511"
    ],
    "monthly_totals": [
      {
        "yyyymm": "202412",
        "total_amount": 0.1
      },
      {
        "yyyymm": "202501",
        "total_amount": 1.69
      },
      {
        "yyyymm": "202502",
        "total_amount": 0.96
      },
      {
        "yyyymm": "202503",
        "total_amount": 1.7
      },
      {
        "yyyymm": "202504",
        "total_amount": 1.47
      },
      {
        "yyyymm": "202505",
        "total_amount": 1.31
      },
      {
        "yyyymm": "202506",
        "total_amount": 0.59
      },
      {
        "yyyymm": "202507",
        "total_amount": 1.45
      },
      {
        "yyyymm": "202508",
        "total_amount": 1.11
      },
      {
        "yyyymm": "202509",
        "total_amount": 3.29
      },
      {
        "yyyymm": "202510",
        "total_amount": 1.12
      },
      {
        "yyyymm": "202511",
        "total_amount": 0.0
      }
    ],
    "monthly_details": [
      {
        "yyyymm": "202412",
        "ctgr2": "제간비",
        "ctgr3": "지급수수료_물류운송비",
        "gl_nm": "지급수수료_물류운송비",
        "amount": 0.1
      },
      {
        "yyyymm": "202412",
        "ctgr2": "제간비",
        "ctgr3": "지급수수료_물류용역비",
        "gl_nm": "지급수수료_물류용역비",
        "amount": 0.0
      },
      {
        "yyyymm": "202501",
        "ctgr2": "제간비",
        "ctgr3": "지급수수료_물류운송비",
        "gl_nm": "지급수수료_물류운송비",
        "amount": 1.69
      },
      {
        "yyyymm": "202501",
        "ctgr2": "제간비",
        "ctgr3": "지급수수료_물류용역비",
        "gl_nm": "지급수수료_물류용역비",
        "amount": 0.0
      },
      {
        "yyyymm": "202502",
        "ctgr2": "제간비",
        "ctgr3": "지급수수료_물류운송비",
        "gl_nm": "지급수수료_물류운송비",
        "amount": 0.96
      },
      {
        "yyyymm": "202502",
        "ctgr2": "제간비",
        "ctgr3": "지급수수료_물류용역비",
        "gl_nm": "지급수수료_물류용역비",
        "amount": 0.0
      },
      {
        "yyyymm": "202503",
        "ctgr2": "제간비",
        "ctgr3": "지급수수료_물류운송비",
        "gl_nm": "지급수수료_물류운송비",
        "amount": 1.7
      },
      {
        "yyyymm": "202503",
        "ctgr2": "제간비",
        "ctgr3": "지급수수료_물류용역비",
        "gl_nm": "지급수수료_물류용역비",
        "amount": 0.0
      },
      {
        "yyyymm": "202504",
        "ctgr2": "제간비",
        "ctgr3": "지급수수료_물류용역비",
        "gl_nm": "지급수수료_물류용역비",
        "amount": 1.42
      },
      {
        "yyyymm": "202504",
        "ctgr2": "제간비",
        "ctgr3": "지급수수료_물류운송비",
        "gl_nm": "지급수수료_물류운송비",
        "amount": 0.05
      },
      {
        "yyyymm": "202505",
        "ctgr2": "제간비",
        "ctgr3": "지급수수료_물류운송비",
        "gl_nm": "지급수수료_물류운송비",
        "amount": 1.31
      },
      {
        "yyyymm": "202505",
        "ctgr2": "제간비",
        "ctgr3": "지급수수료_물류용역비",
        "gl_nm": "지급수수료_물류용역비",
        "amount": 0.0
      },
      {
        "yyyymm": "202506",
        "ctgr2": "제간비",
        "ctgr3": "지급수수료_물류운송비",
        "gl_nm": "지급수수료_물류운송비",
        "amount": 0.59
      },
      {
        "yyyymm": "202506",
        "ctgr2": "제간비",
        "ctgr3": "지급수수료_물류용역비",
        "gl_nm": "지급수수료_물류용역비",
        "amount": 0.0
      },
      {
        "yyyymm": "202507",
        "ctgr2": "제간비",
        "ctgr3": "지급수수료_물류운송비",
        "gl_nm": "지급수수료_물류운송비",
        "amount": 1.45
      },
      {
        "yyyymm": "202507",
        "ctgr2": "제간비",
        "ctgr3": "지급수수료_물류용역비",
        "gl_nm": "지급수수료_물류용역비",
        "amount": 0.0
      },
      {
        "yyyymm": "202508",
        "ctgr2": "제간비",
        "ctgr3": "지급수수료_물류운송비",
        "gl_nm": "지급수수료_물류운송비",
        "amount": 1.11
      },
      {
        "yyyymm": "202508",
        "ctgr2": "제간비",
        "ctgr3": "지급수수료_물류용역비",
        "gl_nm": "지급수수료_물류용역비",
        "amount": 0.0
      },
      {
        "yyyymm": "202509",
        "ctgr2": "제간비",
        "ctgr3": "지급수수료_물류운송비",
        "gl_nm": "지급수수료_물류운송비",
        "amount": 3.29
      },
      {
        "yyyymm": "202509",
        "ctgr2": "제간비",
        "ctgr3": "지급수수료_물류용역비",
        "gl_nm": "지급수수료_물류용역비",
        "amount": 0.0
      },
      {
        "yyyymm": "202510",
        "ctgr2": "제간비",
        "ctgr3": "지급수수료_물류운송비",
        "gl_nm": "지급수수료_물류운송비",
        "amount": 1.12
      },
      {
        "yyyymm": "202510",
        "ctgr2": "제간비",
        "ctgr3": "지급수수료_물류용역비",
        "gl_nm": "지급수수료_물류용역비",
        "amount": 0.0
      },
      {
        "yyyymm": "202511",
        "ctgr2": "제간비",
        "ctgr3": "지급수수료_물류용역비",
        "gl_nm": "지급수수료_물류용역비",
        "amount": 0.0
      },
      {
        "yyyymm": "202511",
        "ctgr2": "제간비",
        "ctgr3": "지급수수료_물류운송비",
        "gl_nm": "지급수수료_물류운송비",
        "amount": 0.0
      }
    ]
  }
}