{
  "country": "KR",
  "brand_cd": "X",
  "brand_name": "DISCOVERY",
  "yyyymm": "202511",
  "yyyymm_py": "202411",
  "key": "할인율",
  "sub_key": "종합분석",
  "analysis_data": {
    "title": "할인율 종합분석",
    "sections": [
      {
        "div": "종합분석-1",
        "sub_title": "전략 우수 채널",
        "ai_text": "자사몰(11.8%, -0.9%p)과 대리점(13.3%, -1.0%p)이 전략 우수 채널로 식별됩니다.\n자사몰은 온라인 채널 중 가장 낮은 할인율을 유지하며 고객 직접 접촉을 통한 가격 통제력이 우수합니다.\n대리점은 오프라인 채널 중 상대적으로 낮은 할인율과 지속적인 개선세를 보이며 안정적인 파트너십 관리가 효과적입니다.\n두 채널 모두 브랜드 가치 보호와 수익성 확보에 기여하는 핵심 채널로 평가됩니다."
      },
      {
        "div": "종합분석-2",
        "sub_title": "주의 필요 채널",
        "ai_text": "아울렛(33.9%)은 할인율이 가장 높아 브랜드 이미지 훼손 리스크가 큽니다.\n직영점(8.0%, +1.8%p)과 면세점(7.9%, +1.1%p)은 할인율이 낮지만 전년대비 악화 추세가 우려됩니다.\n제휴몰(23.1%)과 백화점(22.4%)은 높은 할인율 수준에서 개선 속도가 느려 적극적인 개선이 필요합니다.\n특히 직영점의 할인율 상승은 직접 통제 가능한 채널임에도 불구하고 관리 부실을 시사합니다."
      },
      {
        "div": "종합분석-3",
        "sub_title": "AI 권장 사항",
        "ai_text": "자사몰과 대리점의 성공 모델을 타 채널에 확산하여 통합 가격 관리 시스템을 구축하세요.\n직영점은 즉시 할인 정책을 재검토하고 매장별 할인 승인 프로세스를 강화하여 할인율 상승을 차단하세요.\n아울렛은 과시즌 상품 비중을 줄이고 전용 상품 라인 확대를 통해 할인 의존도를 낮추세요.\n제휴몰과 백화점은 파트너사와의 할인 가이드라인 재협상을 통해 단계적 할인율 개선 로드맵을 수립하세요."
      }
    ]
  },
  "summary": {
    "total_discount_cy": 21.7,
    "total_discount_py": 22.8,
    "change_pct": -1.1,
    "unique_channels": 7,
    "unique_items": 8,
    "analysis_period": "2024년 11월 vs 2025년 11월"
  },
  "channel_summary": {
    "백화점": {
      "discount_cy": 22.4,
      "discount_py": 23.3,
      "yoy": -0.9
    },
    "대리점": {
      "discount_cy": 13.3,
      "discount_py": 14.3,
      "yoy": -1.0
    },
    "직영점": {
      "discount_cy": 8.0,
      "discount_py": 6.2,
      "yoy": 1.8
    },
    "자사몰": {
      "discount_cy": 11.8,
      "discount_py": 12.7,
      "yoy": -0.9
    },
    "제휴몰": {
      "discount_cy": 23.1,
      "discount_py": 25.0,
      "yoy": -1.9
    },
    "아울렛": {
      "discount_cy": 33.9,
      "discount_py": 34.9,
      "yoy": -1.0
    },
    "면세점": {
      "discount_cy": 7.9,
      "discount_py": 6.8,
      "yoy": 1.1
    }
  },
  "excellent_channels": [
    {
      "chnl_nm": "자사몰",
      "discount_cy": 11.8,
      "yoy": -0.9
    },
    {
      "chnl_nm": "대리점",
      "discount_cy": 13.3,
      "yoy": -1.0
    }
  ],
  "warning_channels": [
    {
      "chnl_nm": "아울렛",
      "discount_cy": 33.9,
      "yoy": -1.0
    },
    {
      "chnl_nm": "제휴몰",
      "discount_cy": 23.1,
      "yoy": -1.9
    },
    {
      "chnl_nm": "백화점",
      "discount_cy": 22.4,
      "yoy": -0.9
    },
    {
      "chnl_nm": "직영점",
      "discount_cy": 8.0,
      "yoy": 1.8
    },
    {
      "chnl_nm": "면세점",
      "discount_cy": 7.9,
      "yoy": 1.1
    }
  ],
  "raw_data": {
    "sample_records": [
      {
        "CHNL_NM": "전체",
        "DISCOUNT": 21.7,
        "YOY": -1.1,
        "SEQ": 1
      },
      {
        "CHNL_NM": "백화점",
        "DISCOUNT": 22.4,
        "YOY": -0.9,
        "SEQ": 2
      },
      {
        "CHNL_NM": "대리점",
        "DISCOUNT": 13.3,
        "YOY": -1.0,
        "SEQ": 2
      },
      {
        "CHNL_NM": "직영점",
        "DISCOUNT": 8.0,
        "YOY": 1.8,
        "SEQ": 2
      },
      {
        "CHNL_NM": "자사몰",
        "DISCOUNT": 11.8,
        "YOY": -0.9,
        "SEQ": 2
      },
      {
        "CHNL_NM": "제휴몰",
        "DISCOUNT": 23.1,
        "YOY": -1.9,
        "SEQ": 2
      },
      {
        "CHNL_NM": "아울렛",
        "DISCOUNT": 33.9,
        "YOY": -1.0,
        "SEQ": 2
      },
      {
        "CHNL_NM": "면세점",
        "DISCOUNT": 7.9,
        "YOY": 1.1,
        "SEQ": 2
      },
      {
        "CHNL_NM": "25F 의류",
        "DISCOUNT": 7.0,
        "YOY": -2.7,
        "SEQ": 4
      },
      {
        "CHNL_NM": "25S 의류",
        "DISCOUNT": 28.6,
        "YOY": 7.2,
        "SEQ": 4
      },
      {
        "CHNL_NM": "과시즌 의류",
        "DISCOUNT": 39.2,
        "YOY": -1.4,
        "SEQ": 4
      },
      {
        "CHNL_NM": "모자",
        "DISCOUNT": 26.5,
        "YOY": 5.0,
        "SEQ": 4
      },
      {
        "CHNL_NM": "신발",
        "DISCOUNT": 20.2,
        "YOY": 7.3,
        "SEQ": 4
      },
      {
        "CHNL_NM": "가방",
        "DISCOUNT": 26.8,
        "YOY": 12.0,
        "SEQ": 4
      },
      {
        "CHNL_NM": "기타ACC",
        "DISCOUNT": 32.9,
        "YOY": 18.1,
        "SEQ": 4
      },
      {
        "CHNL_NM": "기타",
        "DISCOUNT": 0.0,
        "YOY": 0.0,
        "SEQ": 4
      }
    ],
    "total_records_count": 16
  }
}