{
  "country": "KR",
  "brand_cd": "ST",
  "yyyymm": "202511",
  "key": "영업비",
  "sub_key": "VMD__매장보수대",
  "analysis_data": {
    "title": "VMD/ 매장보수대 분석",
    "sections": [
      {
        "div": "종합분석-1",
        "sub_title": "투자 방향성 종합 평가",
        "ai_text": "SERGIO TACCHINI 브랜드의 VMD/ 매장보수대 투자는 전년대비 18.6% 증가(40백만원 → 48백만원)하며 적극적 투자 확대 전략을 보이고 있습니다. 특히 주목할 점은 투자 구조의 근본적 변화로, 2024년 11월에는 VMD소모품에만 집중 투자했으나 2025년 11월에는 매장보수대가 주력 투자처(30백만원, 62.4%)로 부상하며 매장 인프라 개선에 전략적 중점을 두고 있습니다. 이는 브랜드 체험 강화를 위한 매장 환경 투자로의 패러다임 전환을 의미합니다."
      },
      {
        "div": "종합분석-2",
        "sub_title": "효율적 투자 영역",
        "ai_text": "• 매장보수대 신규 투입: 30백만원으로 매장 인프라 개선을 통한 고객 체험 향상 및 브랜드 이미지 제고\n• 투자 다각화 성공: 단일 계정(VMD소모품) 의존에서 벤치된 투자 포트폴리오로 전환하여 리스크 분산\n• VMD소모품 효율화: 40백만원에서 18백만원으로 55.4% 절감하면서도 필수 VMD 운영 유지\n• 총 투자액 적정 증가: 18.6% 증가로 과도하지 않은 수준에서 매장 경쟁력 강화"
      },
      {
        "div": "종합분석-3",
        "sub_title": "주의 필요 영역",
        "ai_text": "• 매장보수대 투자 효과 검증: 신규 30백만원 투입에 대한 ROI 측정 체계 부재로 투자 효과성 평가 어려움\n• VMD소모품 급격한 축소: 55.4% 감소로 매장 VMD 품질 저하 우려 및 고객 경험에 미칠 영향 모니터링 필요\n• 투자 구조 급변: 전년 대비 투자 패턴의 극적 변화로 인한 운영 연속성 리스크\n• 예산 배분 불균형: 매장보수대 62.4% vs VMD소모품 37.6%로 편중된 배분 구조"
      },
      {
        "div": "종합분석-4",
        "sub_title": "이상징후 및 리스크 감지",
        "ai_text": "• 투자 전략의 급진적 전환: 2024년 매장보수대 0원에서 2025년 30백만원으로의 극단적 변화는 매장 전략의 근본적 재검토를 시사\n• VMD 운영 품질 리스크: VMD소모품 55.4% 대폭 감축으로 매장 디스플레이 품질 저하 및 브랜드 일관성 훼손 가능성\n• 예산 집행 패턴 불일치: 전년 단순 구조(VMD소모품 100%)에서 복합 구조로 급변하여 예산 관리 복잡성 증가\n• 투자 효과 측정 공백: 신규 매장보수대 투입에 대한 성과 지표 및 모니터링 체계 부재로 투자 효율성 검증 불가"
      },
      {
        "div": "종합분석-5",
        "sub_title": "마케팅 전략 최적화 방안",
        "ai_text": "### 즉시 실행 방안\n1. 매장보수대 투자 효과 측정: 매장별 매출 증가율, 고객 체류시간, 브랜드 인지도 변화 등 KPI 설정 및 월별 모니터링\n2. VMD소모품 최적 수준 재검토: 현재 18백만원 수준이 매장 VMD 품질 유지에 충분한지 매장 현장 점검 및 피드백 수집\n3. 투자 배분 밸런스 조정: 매장보수대와 VMD소모품 간 7:3 비율의 적정성 검증 및 분기별 조정 방안 마련\n\n### 중장기 전략 방향\n1. 통합 매장 투자 전략 수립: 매장보수대와 VMD소모품의 시너지 효과 극대화를 위한 통합 운영 가이드라인 구축\n2. 투자 효율성 최적화: 매장별 특성(위치, 규모, 고객층)을 고려한 차별화된 투자 배분 모델 개발\n3. 예산 증액 근거 마련: 현재 48백만원 수준의 투자 효과가 검증되면 2026년 60-70백만원 수준으로 확대 투자 검토"
      }
    ]
  },
  "ctgr1": "VMD/ 매장보수대",
  "summary": {
    "prev_year_total": 40.41,
    "curr_year_total": 47.95,
    "change_amount": 7.54,
    "change_pct": 18.6,
    "investment_direction": "증가"
  },
  "categories": [
    {
      "ctgr2": "VMD/ 매장보수대",
      "ctgr3": "소모품비_VMD소모품",
      "gl_nm": "소모품비_VMD소모품",
      "prev_year": 40.41,
      "curr_year": 18.02,
      "change": -22.39,
      "change_pct": -55.4,
      "is_new": false,
      "is_discontinued": false
    },
    {
      "ctgr2": "VMD/ 매장보수대",
      "ctgr3": "지급수수료_매장보수대",
      "gl_nm": "지급수수료_매장보수대",
      "prev_year": 0.0,
      "curr_year": 29.92,
      "change": 29.92,
      "change_pct": 0,
      "is_new": true,
      "is_discontinued": false
    }
  ],
  "category_summary": {
    "increased": [
      {
        "ctgr2": "VMD/ 매장보수대",
        "ctgr3": "지급수수료_매장보수대",
        "gl_nm": "지급수수료_매장보수대",
        "prev_year": 0.0,
        "curr_year": 29.92,
        "change": 29.92,
        "change_pct": 0,
        "is_new": true,
        "is_discontinued": false
      }
    ],
    "decreased": [
      {
        "ctgr2": "VMD/ 매장보수대",
        "ctgr3": "소모품비_VMD소모품",
        "gl_nm": "소모품비_VMD소모품",
        "prev_year": 40.41,
        "curr_year": 18.02,
        "change": -22.39,
        "change_pct": -55.4,
        "is_new": false,
        "is_discontinued": false
      }
    ],
    "new_investments": [
      {
        "ctgr2": "VMD/ 매장보수대",
        "ctgr3": "지급수수료_매장보수대",
        "gl_nm": "지급수수료_매장보수대",
        "prev_year": 0.0,
        "curr_year": 29.92,
        "change": 29.92,
        "change_pct": 0,
        "is_new": true,
        "is_discontinued": false
      }
    ],
    "discontinued": []
  },
  "raw_data": {
    "total_records": [
      {
        "PST_YYYYMM": "202411",
        "TOTAL_AMT": 40409450.0
      },
      {
        "PST_YYYYMM": "202511",
        "TOTAL_AMT": 47945508.0
      }
    ],
    "detail_records": [
      {
        "PST_YYYYMM": "202411",
        "BRD_CD": "ST",
        "BRD_NM": "SERGIO TACCHINI",
        "CTGR1": "VMD/ 매장보수대",
        "CTGR2": "VMD/ 매장보수대",
        "CTGR3": "소모품비_VMD소모품",
        "GL_NM": "소모품비_VMD소모품",
        "TTL_USE_AMT": 40409450.0
      },
      {
        "PST_YYYYMM": "202511",
        "BRD_CD": "ST",
        "BRD_NM": "SERGIO TACCHINI",
        "CTGR1": "VMD/ 매장보수대",
        "CTGR2": "VMD/ 매장보수대",
        "CTGR3": "지급수수료_매장보수대",
        "GL_NM": "지급수수료_매장보수대",
        "TTL_USE_AMT": 29923736.0
      },
      {
        "PST_YYYYMM": "202511",
        "BRD_CD": "ST",
        "BRD_NM": "SERGIO TACCHINI",
        "CTGR1": "VMD/ 매장보수대",
        "CTGR2": "VMD/ 매장보수대",
        "CTGR3": "소모품비_VMD소모품",
        "GL_NM": "소모품비_VMD소모품",
        "TTL_USE_AMT": 18021772.0
      },
      {
        "PST_YYYYMM": "202411",
        "BRD_CD": "ST",
        "BRD_NM": "SERGIO TACCHINI",
        "CTGR1": "VMD/ 매장보수대",
        "CTGR2": "VMD/ 매장보수대",
        "CTGR3": "지급수수료_매장보수대",
        "GL_NM": "지급수수료_매장보수대",
        "TTL_USE_AMT": 0.0
      }
    ]
  },
  "trend_data": {
    "trend_months": [
      "202412",
      "202501",
      "202502",
      "202503",
      "202504",
      "202505",
      "202506",
      "202507",
      "202508",
      "202509",
      "202510",
      "202511"
    ],
    "monthly_totals": [
      {
        "yyyymm": "202412",
        "total_amount": 9.93
      },
      {
        "yyyymm": "202501",
        "total_amount": 4.67
      },
      {
        "yyyymm": "202502",
        "total_amount": 9.3
      },
      {
        "yyyymm": "202503",
        "total_amount": 37.72
      },
      {
        "yyyymm": "202504",
        "total_amount": 15.85
      },
      {
        "yyyymm": "202505",
        "total_amount": 5.29
      },
      {
        "yyyymm": "202506",
        "total_amount": 24.58
      },
      {
        "yyyymm": "202507",
        "total_amount": 6.87
      },
      {
        "yyyymm": "202508",
        "total_amount": 18.98
      },
      {
        "yyyymm": "202509",
        "total_amount": 20.66
      },
      {
        "yyyymm": "202510",
        "total_amount": 17.77
      },
      {
        "yyyymm": "202511",
        "total_amount": 47.95
      }
    ],
    "monthly_details": [
      {
        "yyyymm": "202412",
        "ctgr2": "VMD/ 매장보수대",
        "ctgr3": "소모품비_VMD소모품",
        "gl_nm": "소모품비_VMD소모품",
        "amount": 9.72
      },
      {
        "yyyymm": "202412",
        "ctgr2": "VMD/ 매장보수대",
        "ctgr3": "지급수수료_매장보수대",
        "gl_nm": "지급수수료_매장보수대",
        "amount": 0.22
      },
      {
        "yyyymm": "202501",
        "ctgr2": "VMD/ 매장보수대",
        "ctgr3": "소모품비_VMD소모품",
        "gl_nm": "소모품비_VMD소모품",
        "amount": 4.67
      },
      {
        "yyyymm": "202501",
        "ctgr2": "VMD/ 매장보수대",
        "ctgr3": "지급수수료_매장보수대",
        "gl_nm": "지급수수료_매장보수대",
        "amount": 0.0
      },
      {
        "yyyymm": "202502",
        "ctgr2": "VMD/ 매장보수대",
        "ctgr3": "소모품비_VMD소모품",
        "gl_nm": "소모품비_VMD소모품",
        "amount": 9.03
      },
      {
        "yyyymm": "202502",
        "ctgr2": "VMD/ 매장보수대",
        "ctgr3": "지급수수료_매장보수대",
        "gl_nm": "지급수수료_매장보수대",
        "amount": 0.27
      },
      {
        "yyyymm": "202503",
        "ctgr2": "VMD/ 매장보수대",
        "ctgr3": "소모품비_VMD소모품",
        "gl_nm": "소모품비_VMD소모품",
        "amount": 36.48
      },
      {
        "yyyymm": "202503",
        "ctgr2": "VMD/ 매장보수대",
        "ctgr3": "지급수수료_매장보수대",
        "gl_nm": "지급수수료_매장보수대",
        "amount": 1.24
      },
      {
        "yyyymm": "202504",
        "ctgr2": "VMD/ 매장보수대",
        "ctgr3": "소모품비_VMD소모품",
        "gl_nm": "소모품비_VMD소모품",
        "amount": 14.61
      },
      {
        "yyyymm": "202504",
        "ctgr2": "VMD/ 매장보수대",
        "ctgr3": "지급수수료_매장보수대",
        "gl_nm": "지급수수료_매장보수대",
        "amount": 1.24
      },
      {
        "yyyymm": "202505",
        "ctgr2": "VMD/ 매장보수대",
        "ctgr3": "소모품비_VMD소모품",
        "gl_nm": "소모품비_VMD소모품",
        "amount": 5.22
      },
      {
        "yyyymm": "202505",
        "ctgr2": "VMD/ 매장보수대",
        "ctgr3": "지급수수료_매장보수대",
        "gl_nm": "지급수수료_매장보수대",
        "amount": 0.07
      },
      {
        "yyyymm": "202506",
        "ctgr2": "VMD/ 매장보수대",
        "ctgr3": "소모품비_VMD소모품",
        "gl_nm": "소모품비_VMD소모품",
        "amount": 17.2
      },
      {
        "yyyymm": "202506",
        "ctgr2": "VMD/ 매장보수대",
        "ctgr3": "지급수수료_매장보수대",
        "gl_nm": "지급수수료_매장보수대",
        "amount": 7.38
      },
      {
        "yyyymm": "202507",
        "ctgr2": "VMD/ 매장보수대",
        "ctgr3": "지급수수료_매장보수대",
        "gl_nm": "지급수수료_매장보수대",
        "amount": 4.81
      },
      {
        "yyyymm": "202507",
        "ctgr2": "VMD/ 매장보수대",
        "ctgr3": "소모품비_VMD소모품",
        "gl_nm": "소모품비_VMD소모품",
        "amount": 2.06
      },
      {
        "yyyymm": "202508",
        "ctgr2": "VMD/ 매장보수대",
        "ctgr3": "소모품비_VMD소모품",
        "gl_nm": "소모품비_VMD소모품",
        "amount": 17.64
      },
      {
        "yyyymm": "202508",
        "ctgr2": "VMD/ 매장보수대",
        "ctgr3": "지급수수료_매장보수대",
        "gl_nm": "지급수수료_매장보수대",
        "amount": 1.34
      },
      {
        "yyyymm": "202509",
        "ctgr2": "VMD/ 매장보수대",
        "ctgr3": "소모품비_VMD소모품",
        "gl_nm": "소모품비_VMD소모품",
        "amount": 17.5
      },
      {
        "yyyymm": "202509",
        "ctgr2": "VMD/ 매장보수대",
        "ctgr3": "지급수수료_매장보수대",
        "gl_nm": "지급수수료_매장보수대",
        "amount": 3.16
      },
      {
        "yyyymm": "202510",
        "ctgr2": "VMD/ 매장보수대",
        "ctgr3": "소모품비_VMD소모품",
        "gl_nm": "소모품비_VMD소모품",
        "amount": 12.48
      },
      {
        "yyyymm": "202510",
        "ctgr2": "VMD/ 매장보수대",
        "ctgr3": "지급수수료_매장보수대",
        "gl_nm": "지급수수료_매장보수대",
        "amount": 5.29
      },
      {
        "yyyymm": "202511",
        "ctgr2": "VMD/ 매장보수대",
        "ctgr3": "지급수수료_매장보수대",
        "gl_nm": "지급수수료_매장보수대",
        "amount": 29.92
      },
      {
        "yyyymm": "202511",
        "ctgr2": "VMD/ 매장보수대",
        "ctgr3": "소모품비_VMD소모품",
        "gl_nm": "소모품비_VMD소모품",
        "amount": 18.02
      }
    ]
  }
}