{
  "country": "KR",
  "brand_cd": "I",
  "yyyymm": "202511",
  "key": "영업비",
  "sub_key": "인건비",
  "analysis_data": {
    "title": "인건비 분석",
    "sections": [
      {
        "div": "종합분석-1",
        "sub_title": "투자 방향성 종합 평가",
        "ai_text": "MLB KIDS 브랜드 인건비는 전년 대비 30백만원 증가(382백만원→412백만원, +7.9%)하여 안정적인 성장세를 보이고 있습니다. 이는 최저임금 인상(9,860원→10,030원, +1.7%) 및 물가상승률을 상회하는 수준으로, 조직 확장 또는 성과급 지급 확대를 시사합니다. 특히 제수당의 급격한 증가(66백만원→86백만원, +31.0%)가 전체 인건비 증가를 주도하고 있어, 성과 기반 보상 체계 강화에 따른 전략적 투자로 판단됩니다."
      },
      {
        "div": "종합분석-2",
        "sub_title": "효율적 투자 영역",
        "ai_text": "• 성과급 확대: 제수당 20백만원 증가로 직원 동기부여 및 성과 향상 기대\n• 기본급 안정화: 급료와임금 9백만원 증가(3.5%)로 적정 수준의 인상률 유지\n• 복리후생 강화: 의료보험 5백만원 증가(41.0%)로 직원 복지 향상\n• 퇴직급여 적립: 4백만원 증가로 미래 부담 완화 및 재무 안정성 확보\n• 고용보험 확대: 4백만원 증가로 고용 안정성 제고"
      },
      {
        "div": "종합분석-3",
        "sub_title": "주의 필요 영역",
        "ai_text": "• 제수당 급증: 전년 대비 31.0% 증가로 성과급 기준 및 지급 체계 점검 필요\n• 의료보험비 급증: 41.0% 증가로 인원 증가 또는 보험료율 상승 원인 분석 필요\n• 잡급 전액 삭감: 3백만원에서 0원으로 감소하여 임시직 운영 정책 변화 확인 요구\n• 전체 인건비율 관리: 매출액 대비 인건비율이 적정 수준을 유지하는지 모니터링 필요"
      },
      {
        "div": "종합분석-4",
        "sub_title": "이상징후 및 리스크 감지",
        "ai_text": "• 제수당 비중 확대: 전체 인건비 대비 제수당 비중이 17.2%→20.9%로 증가하여 변동비 성격의 인건비 확대로 인한 손익 변동성 증가 리스크\n• 잡급 완전 삭감: 임시직 또는 일용직 운영 중단으로 인한 업무 공백 및 정규직 업무 부담 가중 우려\n• 복리후생비 급증: 의료보험 41.0%, 고용보험 8.8% 증가로 인원 확충 또는 급여 수준 상승을 시사하나 구체적 원인 파악 필요\n• 인건비 증가율 vs 매출 증가율: 인건비 증가가 매출 성장을 상회할 경우 수익성 악화 가능성"
      },
      {
        "div": "종합분석-5",
        "sub_title": "마케팅 전략 최적화 방안",
        "ai_text": "### 즉시 실행 방안\n1. 제수당 체계 점검: 성과 지표별 지급 기준 재검토 및 목표 대비 실적 분석\n2. 인력 운영 효율화: 잡급 삭감에 따른 업무 공백 보완 방안 수립\n3. 복리후생비 원인 분석: 의료보험료 급증 원인 파악 및 적정성 검토\n4. 인건비 대비 생산성 측정: 직원 1인당 매출액 및 이익 기여도 분석\n\n### 중장기 전략 방향\n1. 성과 기반 보상 체계 고도화: 개인/팀 성과와 연동된 인센티브 제도 구축\n2. 인력 구조 최적화: 정규직 중심 조직으로 전환하되 핵심 인재 확보에 집중\n3. 디지털 역량 강화: 직원 교육 투자 확대로 1인당 생산성 향상\n4. 예산 관리 체계 강화: 인건비 증가율을 매출 성장률 이내로 관리하는 KPI 설정"
      }
    ]
  },
  "ctgr1": "인건비",
  "summary": {
    "prev_year_total": 381.77,
    "curr_year_total": 412.12,
    "change_amount": 30.35,
    "change_pct": 7.9,
    "investment_direction": "증가"
  },
  "categories": [
    {
      "ctgr2": "인건비",
      "ctgr3": "잡급",
      "gl_nm": "잡급",
      "prev_year": 3.15,
      "curr_year": 0.0,
      "change": -3.15,
      "change_pct": -100.0,
      "is_new": false,
      "is_discontinued": true
    },
    {
      "ctgr2": "인건비",
      "ctgr3": "급료와 임금",
      "gl_nm": "급료와임금",
      "prev_year": 244.19,
      "curr_year": 252.84,
      "change": 8.65,
      "change_pct": 3.5,
      "is_new": false,
      "is_discontinued": false
    },
    {
      "ctgr2": "인건비",
      "ctgr3": "복리후생비_의료/건강",
      "gl_nm": "복리후생비_의료보험",
      "prev_year": 11.57,
      "curr_year": 12.05,
      "change": 0.47,
      "change_pct": 4.1,
      "is_new": false,
      "is_discontinued": false
    },
    {
      "ctgr2": "인건비",
      "ctgr3": "급료와 임금",
      "gl_nm": "제수당",
      "prev_year": 65.69,
      "curr_year": 86.02,
      "change": 20.33,
      "change_pct": 31.0,
      "is_new": false,
      "is_discontinued": false
    },
    {
      "ctgr2": "인건비",
      "ctgr3": "복리후생비_의료/건강",
      "gl_nm": "복리후생비_산재보험",
      "prev_year": 2.23,
      "curr_year": 2.26,
      "change": 0.03,
      "change_pct": 1.3,
      "is_new": false,
      "is_discontinued": false
    },
    {
      "ctgr2": "인건비",
      "ctgr3": "복리후생비_의료/건강",
      "gl_nm": "복리후생비_고용보험",
      "prev_year": 4.24,
      "curr_year": 4.61,
      "change": 0.37,
      "change_pct": 8.8,
      "is_new": false,
      "is_discontinued": false
    },
    {
      "ctgr2": "인건비",
      "ctgr3": "세금과공과_국민연금",
      "gl_nm": "세금과공과_국민연금",
      "prev_year": 11.97,
      "curr_year": 11.98,
      "change": 0.02,
      "change_pct": 0.1,
      "is_new": false,
      "is_discontinued": false
    },
    {
      "ctgr2": "인건비",
      "ctgr3": "퇴직급여",
      "gl_nm": "퇴직급여충당금전입액",
      "prev_year": 38.73,
      "curr_year": 42.36,
      "change": 3.62,
      "change_pct": 9.4,
      "is_new": false,
      "is_discontinued": false
    }
  ],
  "category_summary": {
    "increased": [
      {
        "ctgr2": "인건비",
        "ctgr3": "급료와 임금",
        "gl_nm": "급료와임금",
        "prev_year": 244.19,
        "curr_year": 252.84,
        "change": 8.65,
        "change_pct": 3.5,
        "is_new": false,
        "is_discontinued": false
      },
      {
        "ctgr2": "인건비",
        "ctgr3": "복리후생비_의료/건강",
        "gl_nm": "복리후생비_의료보험",
        "prev_year": 11.57,
        "curr_year": 12.05,
        "change": 0.47,
        "change_pct": 4.1,
        "is_new": false,
        "is_discontinued": false
      },
      {
        "ctgr2": "인건비",
        "ctgr3": "급료와 임금",
        "gl_nm": "제수당",
        "prev_year": 65.69,
        "curr_year": 86.02,
        "change": 20.33,
        "change_pct": 31.0,
        "is_new": false,
        "is_discontinued": false
      },
      {
        "ctgr2": "인건비",
        "ctgr3": "복리후생비_의료/건강",
        "gl_nm": "복리후생비_산재보험",
        "prev_year": 2.23,
        "curr_year": 2.26,
        "change": 0.03,
        "change_pct": 1.3,
        "is_new": false,
        "is_discontinued": false
      },
      {
        "ctgr2": "인건비",
        "ctgr3": "복리후생비_의료/건강",
        "gl_nm": "복리후생비_고용보험",
        "prev_year": 4.24,
        "curr_year": 4.61,
        "change": 0.37,
        "change_pct": 8.8,
        "is_new": false,
        "is_discontinued": false
      },
      {
        "ctgr2": "인건비",
        "ctgr3": "세금과공과_국민연금",
        "gl_nm": "세금과공과_국민연금",
        "prev_year": 11.97,
        "curr_year": 11.98,
        "change": 0.02,
        "change_pct": 0.1,
        "is_new": false,
        "is_discontinued": false
      },
      {
        "ctgr2": "인건비",
        "ctgr3": "퇴직급여",
        "gl_nm": "퇴직급여충당금전입액",
        "prev_year": 38.73,
        "curr_year": 42.36,
        "change": 3.62,
        "change_pct": 9.4,
        "is_new": false,
        "is_discontinued": false
      }
    ],
    "decreased": [
      {
        "ctgr2": "인건비",
        "ctgr3": "잡급",
        "gl_nm": "잡급",
        "prev_year": 3.15,
        "curr_year": 0.0,
        "change": -3.15,
        "change_pct": -100.0,
        "is_new": false,
        "is_discontinued": true
      }
    ],
    "new_investments": [],
    "discontinued": [
      {
        "ctgr2": "인건비",
        "ctgr3": "잡급",
        "gl_nm": "잡급",
        "prev_year": 3.15,
        "curr_year": 0.0,
        "change": -3.15,
        "change_pct": -100.0,
        "is_new": false,
        "is_discontinued": true
      }
    ]
  },
  "raw_data": {
    "total_records": [
      {
        "PST_YYYYMM": "202411",
        "TOTAL_AMT": 381773162.0
      },
      {
        "PST_YYYYMM": "202511",
        "TOTAL_AMT": 412123130.0
      }
    ],
    "detail_records": [
      {
        "PST_YYYYMM": "202511",
        "BRD_CD": "I",
        "BRD_NM": "MLB KIDS",
        "CTGR1": "인건비",
        "CTGR2": "인건비",
        "CTGR3": "급료와 임금",
        "GL_NM": "급료와임금",
        "TTL_USE_AMT": 252842544.0
      },
      {
        "PST_YYYYMM": "202411",
        "BRD_CD": "I",
        "BRD_NM": "MLB KIDS",
        "CTGR1": "인건비",
        "CTGR2": "인건비",
        "CTGR3": "급료와 임금",
        "GL_NM": "급료와임금",
        "TTL_USE_AMT": 244189593.0
      },
      {
        "PST_YYYYMM": "202511",
        "BRD_CD": "I",
        "BRD_NM": "MLB KIDS",
        "CTGR1": "인건비",
        "CTGR2": "인건비",
        "CTGR3": "급료와 임금",
        "GL_NM": "제수당",
        "TTL_USE_AMT": 86022943.0
      },
      {
        "PST_YYYYMM": "202411",
        "BRD_CD": "I",
        "BRD_NM": "MLB KIDS",
        "CTGR1": "인건비",
        "CTGR2": "인건비",
        "CTGR3": "급료와 임금",
        "GL_NM": "제수당",
        "TTL_USE_AMT": 65688166.0
      },
      {
        "PST_YYYYMM": "202511",
        "BRD_CD": "I",
        "BRD_NM": "MLB KIDS",
        "CTGR1": "인건비",
        "CTGR2": "인건비",
        "CTGR3": "퇴직급여",
        "GL_NM": "퇴직급여충당금전입액",
        "TTL_USE_AMT": 42358186.0
      },
      {
        "PST_YYYYMM": "202411",
        "BRD_CD": "I",
        "BRD_NM": "MLB KIDS",
        "CTGR1": "인건비",
        "CTGR2": "인건비",
        "CTGR3": "퇴직급여",
        "GL_NM": "퇴직급여충당금전입액",
        "TTL_USE_AMT": 38734721.0
      },
      {
        "PST_YYYYMM": "202511",
        "BRD_CD": "I",
        "BRD_NM": "MLB KIDS",
        "CTGR1": "인건비",
        "CTGR2": "인건비",
        "CTGR3": "복리후생비_의료/건강",
        "GL_NM": "복리후생비_의료보험",
        "TTL_USE_AMT": 12045660.0
      },
      {
        "PST_YYYYMM": "202511",
        "BRD_CD": "I",
        "BRD_NM": "MLB KIDS",
        "CTGR1": "인건비",
        "CTGR2": "인건비",
        "CTGR3": "세금과공과_국민연금",
        "GL_NM": "세금과공과_국민연금",
        "TTL_USE_AMT": 11983680.0
      },
      {
        "PST_YYYYMM": "202411",
        "BRD_CD": "I",
        "BRD_NM": "MLB KIDS",
        "CTGR1": "인건비",
        "CTGR2": "인건비",
        "CTGR3": "세금과공과_국민연금",
        "GL_NM": "세금과공과_국민연금",
        "TTL_USE_AMT": 11965900.0
      },
      {
        "PST_YYYYMM": "202411",
        "BRD_CD": "I",
        "BRD_NM": "MLB KIDS",
        "CTGR1": "인건비",
        "CTGR2": "인건비",
        "CTGR3": "복리후생비_의료/건강",
        "GL_NM": "복리후생비_의료보험",
        "TTL_USE_AMT": 11573090.0
      },
      {
        "PST_YYYYMM": "202511",
        "BRD_CD": "I",
        "BRD_NM": "MLB KIDS",
        "CTGR1": "인건비",
        "CTGR2": "인건비",
        "CTGR3": "복리후생비_의료/건강",
        "GL_NM": "복리후생비_고용보험",
        "TTL_USE_AMT": 4614816.0
      },
      {
        "PST_YYYYMM": "202411",
        "BRD_CD": "I",
        "BRD_NM": "MLB KIDS",
        "CTGR1": "인건비",
        "CTGR2": "인건비",
        "CTGR3": "복리후생비_의료/건강",
        "GL_NM": "복리후생비_고용보험",
        "TTL_USE_AMT": 4242897.0
      },
      {
        "PST_YYYYMM": "202411",
        "BRD_CD": "I",
        "BRD_NM": "MLB KIDS",
        "CTGR1": "인건비",
        "CTGR2": "인건비",
        "CTGR3": "잡급",
        "GL_NM": "잡급",
        "TTL_USE_AMT": 3151400.0
      },
      {
        "PST_YYYYMM": "202511",
        "BRD_CD": "I",
        "BRD_NM": "MLB KIDS",
        "CTGR1": "인건비",
        "CTGR2": "인건비",
        "CTGR3": "복리후생비_의료/건강",
        "GL_NM": "복리후생비_산재보험",
        "TTL_USE_AMT": 2255301.0
      },
      {
        "PST_YYYYMM": "202411",
        "BRD_CD": "I",
        "BRD_NM": "MLB KIDS",
        "CTGR1": "인건비",
        "CTGR2": "인건비",
        "CTGR3": "복리후생비_의료/건강",
        "GL_NM": "복리후생비_산재보험",
        "TTL_USE_AMT": 2227395.0
      },
      {
        "PST_YYYYMM": "202511",
        "BRD_CD": "I",
        "BRD_NM": "MLB KIDS",
        "CTGR1": "인건비",
        "CTGR2": "인건비",
        "CTGR3": "잡급",
        "GL_NM": "잡급",
        "TTL_USE_AMT": 0.0
      }
    ]
  },
  "trend_data": {
    "trend_months": [
      "202412",
      "202501",
      "202502",
      "202503",
      "202504",
      "202505",
      "202506",
      "202507",
      "202508",
      "202509",
      "202510",
      "202511"
    ],
    "monthly_totals": [
      {
        "yyyymm": "202412",
        "total_amount": 353.99
      },
      {
        "yyyymm": "202501",
        "total_amount": 371.1
      },
      {
        "yyyymm": "202502",
        "total_amount": 374.79
      },
      {
        "yyyymm": "202503",
        "total_amount": 379.92
      },
      {
        "yyyymm": "202504",
        "total_amount": 518.99
      },
      {
        "yyyymm": "202505",
        "total_amount": 402.76
      },
      {
        "yyyymm": "202506",
        "total_amount": 397.46
      },
      {
        "yyyymm": "202507",
        "total_amount": 381.27
      },
      {
        "yyyymm": "202508",
        "total_amount": 402.27
      },
      {
        "yyyymm": "202509",
        "total_amount": 353.93
      },
      {
        "yyyymm": "202510",
        "total_amount": 411.32
      },
      {
        "yyyymm": "202511",
        "total_amount": 412.12
      }
    ],
    "monthly_details": [
      {
        "yyyymm": "202412",
        "ctgr2": "인건비",
        "ctgr3": "급료와 임금",
        "gl_nm": "급료와임금",
        "amount": 239.58
      },
      {
        "yyyymm": "202412",
        "ctgr2": "인건비",
        "ctgr3": "급료와 임금",
        "gl_nm": "제수당",
        "amount": 61.44
      },
      {
        "yyyymm": "202412",
        "ctgr2": "인건비",
        "ctgr3": "퇴직급여",
        "gl_nm": "퇴직급여충당금전입액",
        "amount": 21.19
      },
      {
        "yyyymm": "202412",
        "ctgr2": "인건비",
        "ctgr3": "세금과공과_국민연금",
        "gl_nm": "세금과공과_국민연금",
        "amount": 11.18
      },
      {
        "yyyymm": "202412",
        "ctgr2": "인건비",
        "ctgr3": "복리후생비_의료/건강",
        "gl_nm": "복리후생비_의료보험",
        "amount": 11.0
      },
      {
        "yyyymm": "202412",
        "ctgr2": "인건비",
        "ctgr3": "복리후생비_의료/건강",
        "gl_nm": "복리후생비_고용보험",
        "amount": 4.15
      },
      {
        "yyyymm": "202412",
        "ctgr2": "인건비",
        "ctgr3": "잡급",
        "gl_nm": "잡급",
        "amount": 3.42
      },
      {
        "yyyymm": "202412",
        "ctgr2": "인건비",
        "ctgr3": "복리후생비_의료/건강",
        "gl_nm": "복리후생비_산재보험",
        "amount": 2.05
      },
      {
        "yyyymm": "202501",
        "ctgr2": "인건비",
        "ctgr3": "급료와 임금",
        "gl_nm": "급료와임금",
        "amount": 233.85
      },
      {
        "yyyymm": "202501",
        "ctgr2": "인건비",
        "ctgr3": "급료와 임금",
        "gl_nm": "제수당",
        "amount": 67.58
      },
      {
        "yyyymm": "202501",
        "ctgr2": "인건비",
        "ctgr3": "퇴직급여",
        "gl_nm": "퇴직급여충당금전입액",
        "amount": 37.68
      },
      {
        "yyyymm": "202501",
        "ctgr2": "인건비",
        "ctgr3": "복리후생비_의료/건강",
        "gl_nm": "복리후생비_의료보험",
        "amount": 11.96
      },
      {
        "yyyymm": "202501",
        "ctgr2": "인건비",
        "ctgr3": "세금과공과_국민연금",
        "gl_nm": "세금과공과_국민연금",
        "amount": 11.67
      },
      {
        "yyyymm": "202501",
        "ctgr2": "인건비",
        "ctgr3": "복리후생비_의료/건강",
        "gl_nm": "복리후생비_고용보험",
        "amount": 4.01
      },
      {
        "yyyymm": "202501",
        "ctgr2": "인건비",
        "ctgr3": "잡급",
        "gl_nm": "잡급",
        "amount": 2.3
      },
      {
        "yyyymm": "202501",
        "ctgr2": "인건비",
        "ctgr3": "복리후생비_의료/건강",
        "gl_nm": "복리후생비_산재보험",
        "amount": 2.06
      },
      {
        "yyyymm": "202502",
        "ctgr2": "인건비",
        "ctgr3": "급료와 임금",
        "gl_nm": "급료와임금",
        "amount": 237.2
      },
      {
        "yyyymm": "202502",
        "ctgr2": "인건비",
        "ctgr3": "급료와 임금",
        "gl_nm": "제수당",
        "amount": 69.52
      },
      {
        "yyyymm": "202502",
        "ctgr2": "인건비",
        "ctgr3": "퇴직급여",
        "gl_nm": "퇴직급여충당금전입액",
        "amount": 38.34
      },
      {
        "yyyymm": "202502",
        "ctgr2": "인건비",
        "ctgr3": "세금과공과_국민연금",
        "gl_nm": "세금과공과_국민연금",
        "amount": 11.2
      },
      {
        "yyyymm": "202502",
        "ctgr2": "인건비",
        "ctgr3": "복리후생비_의료/건강",
        "gl_nm": "복리후생비_의료보험",
        "amount": 10.31
      },
      {
        "yyyymm": "202502",
        "ctgr2": "인건비",
        "ctgr3": "복리후생비_의료/건강",
        "gl_nm": "복리후생비_고용보험",
        "amount": 4.42
      },
      {
        "yyyymm": "202502",
        "ctgr2": "인건비",
        "ctgr3": "복리후생비_의료/건강",
        "gl_nm": "복리후생비_산재보험",
        "amount": 2.14
      },
      {
        "yyyymm": "202502",
        "ctgr2": "인건비",
        "ctgr3": "잡급",
        "gl_nm": "잡급",
        "amount": 1.64
      },
      {
        "yyyymm": "202503",
        "ctgr2": "인건비",
        "ctgr3": "급료와 임금",
        "gl_nm": "급료와임금",
        "amount": 260.9
      },
      {
        "yyyymm": "202503",
        "ctgr2": "인건비",
        "ctgr3": "급료와 임금",
        "gl_nm": "제수당",
        "amount": 66.74
      },
      {
        "yyyymm": "202503",
        "ctgr2": "인건비",
        "ctgr3": "퇴직급여",
        "gl_nm": "퇴직급여충당금전입액",
        "amount": 23.83
      },
      {
        "yyyymm": "202503",
        "ctgr2": "인건비",
        "ctgr3": "세금과공과_국민연금",
        "gl_nm": "세금과공과_국민연금",
        "amount": 11.33
      },
      {
        "yyyymm": "202503",
        "ctgr2": "인건비",
        "ctgr3": "복리후생비_의료/건강",
        "gl_nm": "복리후생비_의료보험",
        "amount": 10.84
      },
      {
        "yyyymm": "202503",
        "ctgr2": "인건비",
        "ctgr3": "복리후생비_의료/건강",
        "gl_nm": "복리후생비_고용보험",
        "amount": 4.2
      },
      {
        "yyyymm": "202503",
        "ctgr2": "인건비",
        "ctgr3": "복리후생비_의료/건강",
        "gl_nm": "복리후생비_산재보험",
        "amount": 2.07
      },
      {
        "yyyymm": "202503",
        "ctgr2": "인건비",
        "ctgr3": "잡급",
        "gl_nm": "잡급",
        "amount": 0.0
      },
      {
        "yyyymm": "202504",
        "ctgr2": "인건비",
        "ctgr3": "급료와 임금",
        "gl_nm": "급료와임금",
        "amount": 253.02
      },
      {
        "yyyymm": "202504",
        "ctgr2": "인건비",
        "ctgr3": "급료와 임금",
        "gl_nm": "제수당",
        "amount": 179.45
      },
      {
        "yyyymm": "202504",
        "ctgr2": "인건비",
        "ctgr3": "퇴직급여",
        "gl_nm": "퇴직급여충당금전입액",
        "amount": 41.51
      },
      {
        "yyyymm": "202504",
        "ctgr2": "인건비",
        "ctgr3": "복리후생비_의료/건강",
        "gl_nm": "복리후생비_의료보험",
        "amount": 20.41
      },
      {
        "yyyymm": "202504",
        "ctgr2": "인건비",
        "ctgr3": "세금과공과_국민연금",
        "gl_nm": "세금과공과_국민연금",
        "amount": 11.58
      },
      {
        "yyyymm": "202504",
        "ctgr2": "인건비",
        "ctgr3": "복리후생비_의료/건강",
        "gl_nm": "복리후생비_고용보험",
        "amount": 9.12
      },
      {
        "yyyymm": "202504",
        "ctgr2": "인건비",
        "ctgr3": "복리후생비_의료/건강",
        "gl_nm": "복리후생비_산재보험",
        "amount": 3.89
      },
      {
        "yyyymm": "202504",
        "ctgr2": "인건비",
        "ctgr3": "잡급",
        "gl_nm": "잡급",
        "amount": 0.0
      },
      {
        "yyyymm": "202505",
        "ctgr2": "인건비",
        "ctgr3": "급료와 임금",
        "gl_nm": "급료와임금",
        "amount": 252.76
      },
      {
        "yyyymm": "202505",
        "ctgr2": "인건비",
        "ctgr3": "급료와 임금",
        "gl_nm": "제수당",
        "amount": 71.63
      },
      {
        "yyyymm": "202505",
        "ctgr2": "인건비",
        "ctgr3": "퇴직급여",
        "gl_nm": "퇴직급여충당금전입액",
        "amount": 40.55
      },
      {
        "yyyymm": "202505",
        "ctgr2": "인건비",
        "ctgr3": "복리후생비_의료/건강",
        "gl_nm": "복리후생비_의료보험",
        "amount": 19.3
      },
      {
        "yyyymm": "202505",
        "ctgr2": "인건비",
        "ctgr3": "세금과공과_국민연금",
        "gl_nm": "세금과공과_국민연금",
        "amount": 11.58
      },
      {
        "yyyymm": "202505",
        "ctgr2": "인건비",
        "ctgr3": "복리후생비_의료/건강",
        "gl_nm": "복리후생비_고용보험",
        "amount": 4.67
      },
      {
        "yyyymm": "202505",
        "ctgr2": "인건비",
        "ctgr3": "복리후생비_의료/건강",
        "gl_nm": "복리후생비_산재보험",
        "amount": 2.26
      },
      {
        "yyyymm": "202505",
        "ctgr2": "인건비",
        "ctgr3": "잡급",
        "gl_nm": "잡급",
        "amount": 0.0
      },
      {
        "yyyymm": "202506",
        "ctgr2": "인건비",
        "ctgr3": "급료와 임금",
        "gl_nm": "급료와임금",
        "amount": 272.62
      },
      {
        "yyyymm": "202506",
        "ctgr2": "인건비",
        "ctgr3": "급료와 임금",
        "gl_nm": "제수당",
        "amount": 66.88
      },
      {
        "yyyymm": "202506",
        "ctgr2": "인건비",
        "ctgr3": "퇴직급여",
        "gl_nm": "퇴직급여충당금전입액",
        "amount": 19.93
      },
      {
        "yyyymm": "202506",
        "ctgr2": "인건비",
        "ctgr3": "복리후생비_의료/건강",
        "gl_nm": "복리후생비_의료보험",
        "amount": 19.26
      },
      {
        "yyyymm": "202506",
        "ctgr2": "인건비",
        "ctgr3": "세금과공과_국민연금",
        "gl_nm": "세금과공과_국민연금",
        "amount": 11.63
      },
      {
        "yyyymm": "202506",
        "ctgr2": "인건비",
        "ctgr3": "복리후생비_의료/건강",
        "gl_nm": "복리후생비_고용보험",
        "amount": 4.85
      },
      {
        "yyyymm": "202506",
        "ctgr2": "인건비",
        "ctgr3": "복리후생비_의료/건강",
        "gl_nm": "복리후생비_산재보험",
        "amount": 2.31
      },
      {
        "yyyymm": "202506",
        "ctgr2": "인건비",
        "ctgr3": "잡급",
        "gl_nm": "잡급",
        "amount": 0.0
      },
      {
        "yyyymm": "202507",
        "ctgr2": "인건비",
        "ctgr3": "급료와 임금",
        "gl_nm": "급료와임금",
        "amount": 245.07
      },
      {
        "yyyymm": "202507",
        "ctgr2": "인건비",
        "ctgr3": "급료와 임금",
        "gl_nm": "제수당",
        "amount": 65.95
      },
      {
        "yyyymm": "202507",
        "ctgr2": "인건비",
        "ctgr3": "퇴직급여",
        "gl_nm": "퇴직급여충당금전입액",
        "amount": 38.88
      },
      {
        "yyyymm": "202507",
        "ctgr2": "인건비",
        "ctgr3": "세금과공과_국민연금",
        "gl_nm": "세금과공과_국민연금",
        "amount": 12.46
      },
      {
        "yyyymm": "202507",
        "ctgr2": "인건비",
        "ctgr3": "복리후생비_의료/건강",
        "gl_nm": "복리후생비_의료보험",
        "amount": 12.05
      },
      {
        "yyyymm": "202507",
        "ctgr2": "인건비",
        "ctgr3": "복리후생비_의료/건강",
        "gl_nm": "복리후생비_고용보험",
        "amount": 4.65
      },
      {
        "yyyymm": "202507",
        "ctgr2": "인건비",
        "ctgr3": "복리후생비_의료/건강",
        "gl_nm": "복리후생비_산재보험",
        "amount": 2.22
      },
      {
        "yyyymm": "202507",
        "ctgr2": "인건비",
        "ctgr3": "잡급",
        "gl_nm": "잡급",
        "amount": 0.0
      },
      {
        "yyyymm": "202508",
        "ctgr2": "인건비",
        "ctgr3": "급료와 임금",
        "gl_nm": "급료와임금",
        "amount": 247.08
      },
      {
        "yyyymm": "202508",
        "ctgr2": "인건비",
        "ctgr3": "급료와 임금",
        "gl_nm": "제수당",
        "amount": 78.7
      },
      {
        "yyyymm": "202508",
        "ctgr2": "인건비",
        "ctgr3": "퇴직급여",
        "gl_nm": "퇴직급여충당금전입액",
        "amount": 44.89
      },
      {
        "yyyymm": "202508",
        "ctgr2": "인건비",
        "ctgr3": "세금과공과_국민연금",
        "gl_nm": "세금과공과_국민연금",
        "amount": 12.28
      },
      {
        "yyyymm": "202508",
        "ctgr2": "인건비",
        "ctgr3": "복리후생비_의료/건강",
        "gl_nm": "복리후생비_의료보험",
        "amount": 12.15
      },
      {
        "yyyymm": "202508",
        "ctgr2": "인건비",
        "ctgr3": "복리후생비_의료/건강",
        "gl_nm": "복리후생비_고용보험",
        "amount": 4.84
      },
      {
        "yyyymm": "202508",
        "ctgr2": "인건비",
        "ctgr3": "복리후생비_의료/건강",
        "gl_nm": "복리후생비_산재보험",
        "amount": 2.32
      },
      {
        "yyyymm": "202508",
        "ctgr2": "인건비",
        "ctgr3": "잡급",
        "gl_nm": "잡급",
        "amount": 0.0
      },
      {
        "yyyymm": "202509",
        "ctgr2": "인건비",
        "ctgr3": "급료와 임금",
        "gl_nm": "급료와임금",
        "amount": 227.55
      },
      {
        "yyyymm": "202509",
        "ctgr2": "인건비",
        "ctgr3": "급료와 임금",
        "gl_nm": "제수당",
        "amount": 71.07
      },
      {
        "yyyymm": "202509",
        "ctgr2": "인건비",
        "ctgr3": "퇴직급여",
        "gl_nm": "퇴직급여충당금전입액",
        "amount": 22.79
      },
      {
        "yyyymm": "202509",
        "ctgr2": "인건비",
        "ctgr3": "복리후생비_의료/건강",
        "gl_nm": "복리후생비_의료보험",
        "amount": 13.68
      },
      {
        "yyyymm": "202509",
        "ctgr2": "인건비",
        "ctgr3": "세금과공과_국민연금",
        "gl_nm": "세금과공과_국민연금",
        "amount": 12.25
      },
      {
        "yyyymm": "202509",
        "ctgr2": "인건비",
        "ctgr3": "복리후생비_의료/건강",
        "gl_nm": "복리후생비_고용보험",
        "amount": 4.43
      },
      {
        "yyyymm": "202509",
        "ctgr2": "인건비",
        "ctgr3": "복리후생비_의료/건강",
        "gl_nm": "복리후생비_산재보험",
        "amount": 2.16
      },
      {
        "yyyymm": "202509",
        "ctgr2": "인건비",
        "ctgr3": "잡급",
        "gl_nm": "잡급",
        "amount": 0.0
      },
      {
        "yyyymm": "202510",
        "ctgr2": "인건비",
        "ctgr3": "급료와 임금",
        "gl_nm": "급료와임금",
        "amount": 244.02
      },
      {
        "yyyymm": "202510",
        "ctgr2": "인건비",
        "ctgr3": "급료와 임금",
        "gl_nm": "제수당",
        "amount": 100.11
      },
      {
        "yyyymm": "202510",
        "ctgr2": "인건비",
        "ctgr3": "퇴직급여",
        "gl_nm": "퇴직급여충당금전입액",
        "amount": 38.96
      },
      {
        "yyyymm": "202510",
        "ctgr2": "인건비",
        "ctgr3": "복리후생비_의료/건강",
        "gl_nm": "복리후생비_의료보험",
        "amount": 12.13
      },
      {
        "yyyymm": "202510",
        "ctgr2": "인건비",
        "ctgr3": "세금과공과_국민연금",
        "gl_nm": "세금과공과_국민연금",
        "amount": 12.11
      },
      {
        "yyyymm": "202510",
        "ctgr2": "인건비",
        "ctgr3": "복리후생비_의료/건강",
        "gl_nm": "복리후생비_고용보험",
        "amount": 2.4
      },
      {
        "yyyymm": "202510",
        "ctgr2": "인건비",
        "ctgr3": "복리후생비_의료/건강",
        "gl_nm": "복리후생비_산재보험",
        "amount": 1.59
      },
      {
        "yyyymm": "202510",
        "ctgr2": "인건비",
        "ctgr3": "잡급",
        "gl_nm": "잡급",
        "amount": 0.0
      },
      {
        "yyyymm": "202511",
        "ctgr2": "인건비",
        "ctgr3": "급료와 임금",
        "gl_nm": "급료와임금",
        "amount": 252.84
      },
      {
        "yyyymm": "202511",
        "ctgr2": "인건비",
        "ctgr3": "급료와 임금",
        "gl_nm": "제수당",
        "amount": 86.02
      },
      {
        "yyyymm": "202511",
        "ctgr2": "인건비",
        "ctgr3": "퇴직급여",
        "gl_nm": "퇴직급여충당금전입액",
        "amount": 42.36
      },
      {
        "yyyymm": "202511",
        "ctgr2": "인건비",
        "ctgr3": "복리후생비_의료/건강",
        "gl_nm": "복리후생비_의료보험",
        "amount": 12.05
      },
      {
        "yyyymm": "202511",
        "ctgr2": "인건비",
        "ctgr3": "세금과공과_국민연금",
        "gl_nm": "세금과공과_국민연금",
        "amount": 11.98
      },
      {
        "yyyymm": "202511",
        "ctgr2": "인건비",
        "ctgr3": "복리후생비_의료/건강",
        "gl_nm": "복리후생비_고용보험",
        "amount": 4.61
      },
      {
        "yyyymm": "202511",
        "ctgr2": "인건비",
        "ctgr3": "복리후생비_의료/건강",
        "gl_nm": "복리후생비_산재보험",
        "amount": 2.26
      },
      {
        "yyyymm": "202511",
        "ctgr2": "인건비",
        "ctgr3": "잡급",
        "gl_nm": "잡급",
        "amount": 0.0
      }
    ]
  }
}