{
  "country": "KR",
  "brand_cd": "I",
  "brand_name": "MLB KIDS",
  "yyyymm": "202511",
  "yyyymm_py": "202411",
  "key": "매장효율성",
  "sub_key": "종합분석",
  "analysis_data": {
    "title": "매장효율성 종합분석",
    "sections": [
      {
        "div": "종합분석-1",
        "sub_title": "우수 점포 생산성",
        "ai_text": "대리점 채널이 유일한 우수 성과를 보이며 점포당 매출 1,211백만원으로 전년(1,029백만원) 대비 117.7% 성장했습니다.\n대리점은 MLB KIDS 브랜드 전체 평균(86백만원)을 크게 상회하는 압도적 생산성을 보이고 있습니다.\n1개 점포 운영으로 집중도가 높아 효율적 관리가 가능한 구조적 장점을 활용하고 있습니다.\n대리점의 성공 요인은 전문성 있는 운영 노하우와 타겟 고객층에 최적화된 상품 구성으로 분석됩니다."
      },
      {
        "div": "종합분석-2",
        "sub_title": "대응 필요 매장",
        "ai_text": "면세점이 가장 심각한 하락세로 점포당 매출이 239백만원(전년 312백만원, 76.6%)이며 점포수도 4개→3개로 축소되었습니다.\n백화점은 55개 점포로 최대 규모이나 점포당 매출 57백만원(전년 58백만원, 97.1%)으로 전체 평균을 크게 하회합니다.\n직영점도 점포당 매출 91백만원(전년 97백만원, 94.0%)으로 하락 추세를 보이고 있습니다.\n전체 점포수가 69개→64개로 감소하면서 매장 효율성 저하가 구조적 문제로 대두되고 있습니다."
      },
      {
        "div": "종합분석-3",
        "sub_title": "AI 권장사항",
        "ai_text": "• 대리점 성공 모델을 직영점에 벤치마킹하여 전문 매장 관리자 육성 및 상품 구성 최적화 추진\n• 백화점 55개 점포 중 하위 20% 점포 대상 집중 개선 프로그램 실시 또는 구조조정 검토\n• 면세점은 인바운드 관광객 감소 영향 분석 후 온라인 면세점 진출 등 대안 채널 모색\n• 전 채널 대상 디지털 마케팅 강화 및 옴니채널 연계를 통한 고객 유입 확대 전략 실행"
      },
      {
        "div": "종합분석-4",
        "sub_title": "최적의 시나리오",
        "ai_text": "2026년 목표: 전체 점포당 매출을 100백만원 이상으로 향상시켜 전년동월 90백만원을 상회하는 성장 달성\n백화점 점포당 매출을 70백만원(현재 57백만원 대비 23% 향상), 직영점을 110백만원(현재 91백만원 대비 21% 향상)으로 개선\n우수 점포 5개소를 추가 발굴하여 대리점 수준의 생산성(800백만원 이상) 달성 목표 설정\n전체 점포수를 65개로 최적화하되 총 매출액은 6,500백만원 이상 유지하는 질적 성장 전략 추진"
      }
    ]
  },
  "summary": {
    "total_shop_amt_cy": 86.0,
    "total_shop_amt_py": 90.0,
    "total_shop_cnt_cy": 64,
    "total_shop_cnt_py": 69,
    "yoy": 95.6,
    "unique_channels": 4,
    "analysis_period": "2024년 11월 vs 2025년 11월"
  },
  "channel_summary": {
    "백화점": {
      "shop_amt_cy": 57.0,
      "shop_amt_py": 58.0,
      "shop_cnt_cy": 55,
      "shop_cnt_py": 59,
      "yoy": 97.1
    },
    "대리점": {
      "shop_amt_cy": 1211.0,
      "shop_amt_py": 1029.0,
      "shop_cnt_cy": 1,
      "shop_cnt_py": 1,
      "yoy": 117.7
    },
    "직영점": {
      "shop_amt_cy": 91.0,
      "shop_amt_py": 97.0,
      "shop_cnt_cy": 5,
      "shop_cnt_py": 5,
      "yoy": 94.0
    },
    "면세점": {
      "shop_amt_cy": 239.0,
      "shop_amt_py": 312.0,
      "shop_cnt_cy": 3,
      "shop_cnt_py": 4,
      "yoy": 76.6
    }
  },
  "excellent_channels": [
    {
      "chnl_nm": "대리점",
      "shop_amt_cy": 1211.0,
      "shop_amt_py": 1029.0,
      "yoy": 117.7,
      "shop_cnt_cy": 1
    }
  ],
  "warning_channels": [
    {
      "chnl_nm": "백화점",
      "shop_amt_cy": 57.0,
      "shop_amt_py": 58.0,
      "yoy": 97.1,
      "shop_cnt_cy": 55
    },
    {
      "chnl_nm": "직영점",
      "shop_amt_cy": 91.0,
      "shop_amt_py": 97.0,
      "yoy": 94.0,
      "shop_cnt_cy": 5
    },
    {
      "chnl_nm": "면세점",
      "shop_amt_cy": 239.0,
      "shop_amt_py": 312.0,
      "yoy": 76.6,
      "shop_cnt_cy": 3
    }
  ],
  "raw_data": {
    "sample_records": [
      {
        "CHNL_NM": "백화점",
        "SHOP_CNT_CY": 55,
        "SHOP_CNT_PY": 59,
        "SHOP_AMT_CY": 57.0,
        "SHOP_AMT_PY": 58.0,
        "YOY": 97.1,
        "SEQ": 2
      },
      {
        "CHNL_NM": "대리점",
        "SHOP_CNT_CY": 1,
        "SHOP_CNT_PY": 1,
        "SHOP_AMT_CY": 1211.0,
        "SHOP_AMT_PY": 1029.0,
        "YOY": 117.7,
        "SEQ": 2
      },
      {
        "CHNL_NM": "직영점",
        "SHOP_CNT_CY": 5,
        "SHOP_CNT_PY": 5,
        "SHOP_AMT_CY": 91.0,
        "SHOP_AMT_PY": 97.0,
        "YOY": 94.0,
        "SEQ": 2
      },
      {
        "CHNL_NM": "면세점",
        "SHOP_CNT_CY": 3,
        "SHOP_CNT_PY": 4,
        "SHOP_AMT_CY": 239.0,
        "SHOP_AMT_PY": 312.0,
        "YOY": 76.6,
        "SEQ": 2
      },
      {
        "CHNL_NM": "전체",
        "SHOP_CNT_CY": 64,
        "SHOP_CNT_PY": 69,
        "SHOP_AMT_CY": 86.0,
        "SHOP_AMT_PY": 90.0,
        "YOY": 95.6,
        "SEQ": 1
      },
      {
        "CHNL_NM": "면세 제외",
        "SHOP_CNT_CY": 61,
        "SHOP_CNT_PY": 65,
        "SHOP_AMT_CY": 78.0,
        "SHOP_AMT_PY": 76.0,
        "YOY": 102.8,
        "SEQ": 3
      }
    ],
    "total_records_count": 6
  }
}