{
  "country": "KR",
  "brand_cd": "ST",
  "brand_name": "SERGIO TACCHINI",
  "yyyymm": "202511",
  "yyyymm_py": "202411",
  "key": "할인율",
  "sub_key": "종합분석",
  "analysis_data": {
    "title": "할인율 종합분석",
    "sections": [
      {
        "div": "종합분석-1",
        "sub_title": "전략 우수 채널",
        "ai_text": "백화점과 직영점이 할인율 관리에서 우수한 성과를 보이고 있습니다.\n백화점은 할인율 16.8%로 가장 낮은 수준을 유지하며 전년대비 6.9%p 개선되었습니다.\n직영점은 할인율 27.7%로 전년대비 18.5%p 대폭 개선하며 가격 전략이 효과적으로 작동하고 있습니다.\n두 채널 모두 브랜드 프리미엄 유지와 수익성 확보에 성공적인 모델을 제시하고 있습니다."
      },
      {
        "div": "종합분석-2",
        "sub_title": "주의 필요 채널",
        "ai_text": "온라인 채널과 아울렛, 면세점에서 할인율 급증으로 긴급 개선이 필요합니다.\n자사몰은 할인율 57.2%로 전년대비 40.8%p 급증하여 가장 심각한 상황입니다.\n제휴몰도 할인율 53.0%로 전년대비 27.1%p 상승하며 온라인 채널 전반의 가격 경쟁력 약화가 우려됩니다.\n면세점은 할인율 23.7%로 상대적으로 낮지만 전년대비 20.1%p 급증하여 모니터링이 필요합니다."
      },
      {
        "div": "종합분석-3",
        "sub_title": "AI 권장 사항",
        "ai_text": "• 온라인 채널 할인율 긴급 조정: 자사몰과 제휴몰의 과도한 할인 정책을 단계적으로 축소하고 상품 믹스 재조정 필요\n• 백화점·직영점 성공 모델 확산: 우수 채널의 가격 전략과 상품 구성을 다른 채널에 적용하여 브랜드 일관성 강화\n• 채널별 차별화 전략 수립: 신발(77.0%) 등 고할인 아이템의 채널별 배치 최적화로 전체 할인율 개선\n• 면세점 할인율 모니터링 강화: 급증 추세를 조기 차단하고 목표 할인율 범위 내 관리체계 구축"
      }
    ]
  },
  "summary": {
    "total_discount_cy": 48.0,
    "total_discount_py": 26.8,
    "change_pct": 21.2,
    "unique_channels": 6,
    "unique_items": 8,
    "analysis_period": "2024년 11월 vs 2025년 11월"
  },
  "channel_summary": {
    "백화점": {
      "discount_cy": 16.8,
      "discount_py": 23.7,
      "yoy": -6.9
    },
    "직영점": {
      "discount_cy": 27.7,
      "discount_py": 46.2,
      "yoy": -18.5
    },
    "자사몰": {
      "discount_cy": 57.2,
      "discount_py": 16.4,
      "yoy": 40.8
    },
    "제휴몰": {
      "discount_cy": 53.0,
      "discount_py": 25.9,
      "yoy": 27.1
    },
    "아울렛": {
      "discount_cy": 55.5,
      "discount_py": 47.3,
      "yoy": 8.2
    },
    "면세점": {
      "discount_cy": 23.7,
      "discount_py": 3.6,
      "yoy": 20.1
    }
  },
  "excellent_channels": [
    {
      "chnl_nm": "백화점",
      "discount_cy": 16.8,
      "yoy": -6.9
    },
    {
      "chnl_nm": "직영점",
      "discount_cy": 27.7,
      "yoy": -18.5
    }
  ],
  "warning_channels": [
    {
      "chnl_nm": "자사몰",
      "discount_cy": 57.2,
      "yoy": 40.8
    },
    {
      "chnl_nm": "아울렛",
      "discount_cy": 55.5,
      "yoy": 8.2
    },
    {
      "chnl_nm": "제휴몰",
      "discount_cy": 53.0,
      "yoy": 27.1
    },
    {
      "chnl_nm": "면세점",
      "discount_cy": 23.7,
      "yoy": 20.1
    }
  ],
  "raw_data": {
    "sample_records": [
      {
        "CHNL_NM": "전체",
        "DISCOUNT": 48.0,
        "YOY": 21.2,
        "SEQ": 1
      },
      {
        "CHNL_NM": "백화점",
        "DISCOUNT": 16.8,
        "YOY": -6.9,
        "SEQ": 2
      },
      {
        "CHNL_NM": "직영점",
        "DISCOUNT": 27.7,
        "YOY": -18.5,
        "SEQ": 2
      },
      {
        "CHNL_NM": "자사몰",
        "DISCOUNT": 57.2,
        "YOY": 40.8,
        "SEQ": 2
      },
      {
        "CHNL_NM": "제휴몰",
        "DISCOUNT": 53.0,
        "YOY": 27.1,
        "SEQ": 2
      },
      {
        "CHNL_NM": "아울렛",
        "DISCOUNT": 55.5,
        "YOY": 8.2,
        "SEQ": 2
      },
      {
        "CHNL_NM": "면세점",
        "DISCOUNT": 23.7,
        "YOY": 20.1,
        "SEQ": 2
      },
      {
        "CHNL_NM": "25F 의류",
        "DISCOUNT": 11.2,
        "YOY": -4.6,
        "SEQ": 4
      },
      {
        "CHNL_NM": "25S 의류",
        "DISCOUNT": 14.4,
        "YOY": -3.2,
        "SEQ": 4
      },
      {
        "CHNL_NM": "과시즌 의류",
        "DISCOUNT": 52.5,
        "YOY": 12.0,
        "SEQ": 4
      },
      {
        "CHNL_NM": "모자",
        "DISCOUNT": 16.6,
        "YOY": 5.6,
        "SEQ": 4
      },
      {
        "CHNL_NM": "신발",
        "DISCOUNT": 77.0,
        "YOY": 38.9,
        "SEQ": 4
      },
      {
        "CHNL_NM": "가방",
        "DISCOUNT": 27.1,
        "YOY": 3.1,
        "SEQ": 4
      },
      {
        "CHNL_NM": "기타ACC",
        "DISCOUNT": 11.8,
        "YOY": 1.4,
        "SEQ": 4
      },
      {
        "CHNL_NM": "차기시즌 의류",
        "DISCOUNT": 13.0,
        "YOY": 13.0,
        "SEQ": 4
      }
    ],
    "total_records_count": 15
  }
}