{
  "country": "KR",
  "brand_cd": "V",
  "yyyymm": "202511",
  "key": "영업비",
  "sub_key": "VMD__매장보수대",
  "analysis_data": {
    "title": "VMD/ 매장보수대 분석",
    "sections": [
      {
        "div": "종합분석-1",
        "sub_title": "투자 방향성 종합 평가",
        "ai_text": "DUVETICA 브랜드의 VMD/매장보수대 투자는 2024년 11월 73백만원에서 2025년 11월 42백만원으로 31백만원(-42.4%) 감소하여 효율성 중심의 선택적 축소 전략을 보여줍니다. 이는 매장 운영 최적화와 불필요한 지출 절감을 통한 수익성 개선 의지를 반영하며, 특히 매장보수대 항목에서 45백만원에서 8백만원으로 대폭 축소(-82.8%)한 것이 주요 변화입니다. 반면 VMD소모품은 28백만원에서 34백만원으로 증가(+22.0%)하여 매장 디스플레이 품질 유지에 집중하는 전략적 재배분을 실행했습니다."
      },
      {
        "div": "종합분석-2",
        "sub_title": "효율적 투자 영역",
        "ai_text": "• VMD소모품 투자 확대: 28백만원→34백만원(+22.0%)으로 증가하여 매장 비주얼 머천다이징 품질 향상에 집중\n• 매장 운영 효율화: 전체 VMD/매장보수대 예산을 42.4% 절감하면서도 핵심 디스플레이 요소는 강화하는 선택적 투자 실행\n• 비용 대비 효과 극대화: 고비용 매장보수대를 대폭 축소하고 상대적으로 저비용 고효율인 VMD소모품에 집중 투자하여 ROI 개선"
      },
      {
        "div": "종합분석-3",
        "sub_title": "주의 필요 영역",
        "ai_text": "• 매장보수대 급격한 축소: 45백만원→8백만원(-82.8%)으로 과도한 절감이 매장 유지보수 품질 저하로 이어질 위험\n• 투자 불균형 심화: VMD소모품 증가와 매장보수대 감소의 극단적 대비로 인한 매장 운영 밸런스 우려\n• 장기적 매장 경쟁력: 보수대 축소가 지속될 경우 매장 시설 노후화와 고객 경험 품질 하락 가능성"
      },
      {
        "div": "종합분석-4",
        "sub_title": "이상징후 및 리스크 감지",
        "ai_text": "• 매장보수대 투자의 극단적 감소: 82.8% 축소는 일반적인 예산 조정 범위를 벗어나 긴급한 비용 절감 압박 또는 매장 전략 변화를 시사합니다\n• 투자 우선순위의 급격한 변화: 매장 인프라 투자에서 디스플레이 소재 투자로의 전환이 단기 성과 중심 전략 전환을 의미할 수 있습니다\n• 예산 배분의 불안정성: 전년 대비 계정별 투자 금액의 극단적 변화가 중장기 매장 운영 계획의 일관성 부족을 나타낼 위험이 있습니다"
      },
      {
        "div": "종합분석-5",
        "sub_title": "마케팅 전략 최적화 방안",
        "ai_text": "### 즉시 실행 방안\n1. 매장 상태 점검: 보수대 축소로 인한 매장 시설 품질 저하 여부를 긴급 점검하고 고객 만족도 모니터링 실시\n2. VMD 효과 측정: 증가한 VMD소모품 투자의 매출 기여도와 고객 반응을 정량적으로 측정하여 투자 효율성 검증\n3. 예산 재조정: 매장보수대 최소 필요 수준을 재산정하여 과도한 절감으로 인한 리스크 방지\n\n### 중장기 전략 방향\n1. 통합 매장 운영 전략 수립: VMD와 매장보수의 시너지 효과를 극대화하는 통합 예산 배분 모델 개발\n2. 성과 기반 투자 체계 구축: 매장별 매출 기여도와 고객 만족도를 기준으로 한 차등 투자 시스템 도입\n3. 디지털 VMD 도구 활용: 물리적 소모품 의존도를 줄이고 디지털 디스플레이 솔루션 도입을 통한 장기 비용 효율성 확보"
      }
    ]
  },
  "ctgr1": "VMD/ 매장보수대",
  "summary": {
    "prev_year_total": 73.36,
    "curr_year_total": 42.23,
    "change_amount": -31.13,
    "change_pct": -42.4,
    "investment_direction": "축소"
  },
  "categories": [
    {
      "ctgr2": "VMD/ 매장보수대",
      "ctgr3": "소모품비_VMD소모품",
      "gl_nm": "소모품비_VMD소모품",
      "prev_year": 28.26,
      "curr_year": 34.47,
      "change": 6.21,
      "change_pct": 22.0,
      "is_new": false,
      "is_discontinued": false
    },
    {
      "ctgr2": "VMD/ 매장보수대",
      "ctgr3": "지급수수료_매장보수대",
      "gl_nm": "지급수수료_매장보수대",
      "prev_year": 45.1,
      "curr_year": 7.76,
      "change": -37.34,
      "change_pct": -82.8,
      "is_new": false,
      "is_discontinued": false
    }
  ],
  "category_summary": {
    "increased": [
      {
        "ctgr2": "VMD/ 매장보수대",
        "ctgr3": "소모품비_VMD소모품",
        "gl_nm": "소모품비_VMD소모품",
        "prev_year": 28.26,
        "curr_year": 34.47,
        "change": 6.21,
        "change_pct": 22.0,
        "is_new": false,
        "is_discontinued": false
      }
    ],
    "decreased": [
      {
        "ctgr2": "VMD/ 매장보수대",
        "ctgr3": "지급수수료_매장보수대",
        "gl_nm": "지급수수료_매장보수대",
        "prev_year": 45.1,
        "curr_year": 7.76,
        "change": -37.34,
        "change_pct": -82.8,
        "is_new": false,
        "is_discontinued": false
      }
    ],
    "new_investments": [],
    "discontinued": []
  },
  "raw_data": {
    "total_records": [
      {
        "PST_YYYYMM": "202411",
        "TOTAL_AMT": 73361347.0
      },
      {
        "PST_YYYYMM": "202511",
        "TOTAL_AMT": 42233276.0
      }
    ],
    "detail_records": [
      {
        "PST_YYYYMM": "202411",
        "BRD_CD": "V",
        "BRD_NM": "DUVETICA",
        "CTGR1": "VMD/ 매장보수대",
        "CTGR2": "VMD/ 매장보수대",
        "CTGR3": "지급수수료_매장보수대",
        "GL_NM": "지급수수료_매장보수대",
        "TTL_USE_AMT": 45104859.0
      },
      {
        "PST_YYYYMM": "202511",
        "BRD_CD": "V",
        "BRD_NM": "DUVETICA",
        "CTGR1": "VMD/ 매장보수대",
        "CTGR2": "VMD/ 매장보수대",
        "CTGR3": "소모품비_VMD소모품",
        "GL_NM": "소모품비_VMD소모품",
        "TTL_USE_AMT": 34470296.0
      },
      {
        "PST_YYYYMM": "202411",
        "BRD_CD": "V",
        "BRD_NM": "DUVETICA",
        "CTGR1": "VMD/ 매장보수대",
        "CTGR2": "VMD/ 매장보수대",
        "CTGR3": "소모품비_VMD소모품",
        "GL_NM": "소모품비_VMD소모품",
        "TTL_USE_AMT": 28256488.0
      },
      {
        "PST_YYYYMM": "202511",
        "BRD_CD": "V",
        "BRD_NM": "DUVETICA",
        "CTGR1": "VMD/ 매장보수대",
        "CTGR2": "VMD/ 매장보수대",
        "CTGR3": "지급수수료_매장보수대",
        "GL_NM": "지급수수료_매장보수대",
        "TTL_USE_AMT": 7762980.0
      }
    ]
  },
  "trend_data": {
    "trend_months": [
      "202412",
      "202501",
      "202502",
      "202503",
      "202504",
      "202505",
      "202506",
      "202507",
      "202508",
      "202509",
      "202510",
      "202511"
    ],
    "monthly_totals": [
      {
        "yyyymm": "202412",
        "total_amount": 85.57
      },
      {
        "yyyymm": "202501",
        "total_amount": 17.22
      },
      {
        "yyyymm": "202502",
        "total_amount": 14.74
      },
      {
        "yyyymm": "202503",
        "total_amount": 73.29
      },
      {
        "yyyymm": "202504",
        "total_amount": 37.47
      },
      {
        "yyyymm": "202505",
        "total_amount": 9.58
      },
      {
        "yyyymm": "202506",
        "total_amount": 15.83
      },
      {
        "yyyymm": "202507",
        "total_amount": 4.81
      },
      {
        "yyyymm": "202508",
        "total_amount": 3.53
      },
      {
        "yyyymm": "202509",
        "total_amount": 16.28
      },
      {
        "yyyymm": "202510",
        "total_amount": 20.37
      },
      {
        "yyyymm": "202511",
        "total_amount": 42.23
      }
    ],
    "monthly_details": [
      {
        "yyyymm": "202412",
        "ctgr2": "VMD/ 매장보수대",
        "ctgr3": "소모품비_VMD소모품",
        "gl_nm": "소모품비_VMD소모품",
        "amount": 74.5
      },
      {
        "yyyymm": "202412",
        "ctgr2": "VMD/ 매장보수대",
        "ctgr3": "지급수수료_매장보수대",
        "gl_nm": "지급수수료_매장보수대",
        "amount": 11.07
      },
      {
        "yyyymm": "202501",
        "ctgr2": "VMD/ 매장보수대",
        "ctgr3": "소모품비_VMD소모품",
        "gl_nm": "소모품비_VMD소모품",
        "amount": 15.72
      },
      {
        "yyyymm": "202501",
        "ctgr2": "VMD/ 매장보수대",
        "ctgr3": "지급수수료_매장보수대",
        "gl_nm": "지급수수료_매장보수대",
        "amount": 1.5
      },
      {
        "yyyymm": "202502",
        "ctgr2": "VMD/ 매장보수대",
        "ctgr3": "지급수수료_매장보수대",
        "gl_nm": "지급수수료_매장보수대",
        "amount": 9.26
      },
      {
        "yyyymm": "202502",
        "ctgr2": "VMD/ 매장보수대",
        "ctgr3": "소모품비_VMD소모품",
        "gl_nm": "소모품비_VMD소모품",
        "amount": 5.48
      },
      {
        "yyyymm": "202503",
        "ctgr2": "VMD/ 매장보수대",
        "ctgr3": "소모품비_VMD소모품",
        "gl_nm": "소모품비_VMD소모품",
        "amount": 56.57
      },
      {
        "yyyymm": "202503",
        "ctgr2": "VMD/ 매장보수대",
        "ctgr3": "지급수수료_매장보수대",
        "gl_nm": "지급수수료_매장보수대",
        "amount": 16.72
      },
      {
        "yyyymm": "202504",
        "ctgr2": "VMD/ 매장보수대",
        "ctgr3": "소모품비_VMD소모품",
        "gl_nm": "소모품비_VMD소모품",
        "amount": 19.39
      },
      {
        "yyyymm": "202504",
        "ctgr2": "VMD/ 매장보수대",
        "ctgr3": "지급수수료_매장보수대",
        "gl_nm": "지급수수료_매장보수대",
        "amount": 18.09
      },
      {
        "yyyymm": "202505",
        "ctgr2": "VMD/ 매장보수대",
        "ctgr3": "소모품비_VMD소모품",
        "gl_nm": "소모품비_VMD소모품",
        "amount": 6.57
      },
      {
        "yyyymm": "202505",
        "ctgr2": "VMD/ 매장보수대",
        "ctgr3": "지급수수료_매장보수대",
        "gl_nm": "지급수수료_매장보수대",
        "amount": 3.01
      },
      {
        "yyyymm": "202506",
        "ctgr2": "VMD/ 매장보수대",
        "ctgr3": "소모품비_VMD소모품",
        "gl_nm": "소모품비_VMD소모품",
        "amount": 9.91
      },
      {
        "yyyymm": "202506",
        "ctgr2": "VMD/ 매장보수대",
        "ctgr3": "지급수수료_매장보수대",
        "gl_nm": "지급수수료_매장보수대",
        "amount": 5.93
      },
      {
        "yyyymm": "202507",
        "ctgr2": "VMD/ 매장보수대",
        "ctgr3": "지급수수료_매장보수대",
        "gl_nm": "지급수수료_매장보수대",
        "amount": 4.81
      },
      {
        "yyyymm": "202507",
        "ctgr2": "VMD/ 매장보수대",
        "ctgr3": "소모품비_VMD소모품",
        "gl_nm": "소모품비_VMD소모품",
        "amount": 0.0
      },
      {
        "yyyymm": "202508",
        "ctgr2": "VMD/ 매장보수대",
        "ctgr3": "지급수수료_매장보수대",
        "gl_nm": "지급수수료_매장보수대",
        "amount": 3.53
      },
      {
        "yyyymm": "202508",
        "ctgr2": "VMD/ 매장보수대",
        "ctgr3": "소모품비_VMD소모품",
        "gl_nm": "소모품비_VMD소모품",
        "amount": 0.0
      },
      {
        "yyyymm": "202509",
        "ctgr2": "VMD/ 매장보수대",
        "ctgr3": "소모품비_VMD소모품",
        "gl_nm": "소모품비_VMD소모품",
        "amount": 11.85
      },
      {
        "yyyymm": "202509",
        "ctgr2": "VMD/ 매장보수대",
        "ctgr3": "지급수수료_매장보수대",
        "gl_nm": "지급수수료_매장보수대",
        "amount": 4.43
      },
      {
        "yyyymm": "202510",
        "ctgr2": "VMD/ 매장보수대",
        "ctgr3": "소모품비_VMD소모품",
        "gl_nm": "소모품비_VMD소모품",
        "amount": 19.85
      },
      {
        "yyyymm": "202510",
        "ctgr2": "VMD/ 매장보수대",
        "ctgr3": "지급수수료_매장보수대",
        "gl_nm": "지급수수료_매장보수대",
        "amount": 0.52
      },
      {
        "yyyymm": "202511",
        "ctgr2": "VMD/ 매장보수대",
        "ctgr3": "소모품비_VMD소모품",
        "gl_nm": "소모품비_VMD소모품",
        "amount": 34.47
      },
      {
        "yyyymm": "202511",
        "ctgr2": "VMD/ 매장보수대",
        "ctgr3": "지급수수료_매장보수대",
        "gl_nm": "지급수수료_매장보수대",
        "amount": 7.76
      }
    ]
  }
}