{
  "country": "KR",
  "brand_cd": "M",
  "yyyymm": "202511",
  "key": "영업비",
  "sub_key": "지급수수료",
  "analysis_data": {
    "title": "지급수수료 분석",
    "sections": [
      {
        "div": "종합분석-1",
        "sub_title": "투자 방향성 종합 평가",
        "ai_text": "2025년 11월 MLB 브랜드 지급수수료는 전년대비 8.7% 증가한 101백만원으로, 선택적 확대 전략을 통한 운영 효율성 제고에 집중하고 있습니다. 주요 특징은 수출입관련 수수료의 대폭 증가(78.0% 상승)와 기타 수수료의 신규 편성(12백만원)으로, 글로벌 사업 확장과 다각화된 운영 지원에 투자 우선순위를 두고 있음을 보여줍니다. 반면 퀵서비스(-46.1%), IT사용료(-4.8%) 등 운영비 절감을 통해 투자 효율성을 개선하는 양면 전략을 구사하고 있습니다."
      },
      {
        "div": "종합분석-2",
        "sub_title": "효율적 투자 영역",
        "ai_text": "• 수출입관련 수수료 확대: 17→31백만원(+78.0%)으로 글로벌 공급망 최적화 및 해외 사업 확장 기반 구축\n• 기타 수수료 신규 투입: 12백만원으로 새로운 사업 영역 지원 및 운영 다각화 추진\n• 보안비 증액: 3→3백만원(+2.9%)으로 안정적인 보안 체계 유지를 통한 리스크 관리 강화\n• 건물유지보수비 확대: 1→1백만원(+34.0%)으로 인프라 안정성 확보를 통한 지속적 운영 기반 마련\n• 차량제외 렌탈료 증액: 0.5→2백만원(+276.4%)으로 업무 효율성 제고를 위한 장비 투자 확대"
      },
      {
        "div": "종합분석-3",
        "sub_title": "주의 필요 영역",
        "ai_text": "• 퀵서비스 급감: 10→5백만원(-46.1%)으로 물류 서비스 품질 저하 우려 및 고객 만족도 영향 점검 필요\n• IT유지보수비 전액 삭감: 6→0백만원(-100%)으로 시스템 안정성 리스크 및 장기적 IT 인프라 관리 공백 발생 가능\n• 재고조사비 전액 삭감: 3→0백만원(-100%)으로 재고 관리 정확성 저하 및 운영 효율성 악화 우려\n• 온라인몰운영비 중단: 0.4→0백만원(-100%)으로 디지털 채널 경쟁력 약화 및 온라인 매출 성장 저해 가능성\n• 차량렌탈료 감소: 4→4백만원(-9.0%)으로 업무 이동성 제약 및 영업 활동 효율성 저하 우려"
      },
      {
        "div": "종합분석-4",
        "sub_title": "이상징후 및 리스크 감지",
        "ai_text": "• 운영비 구조의 극단적 변화: IT유지보수비, 재고조사비, 온라인몰운영비의 전액 삭감과 동시에 수출입관련 수수료의 대폭 증가로 운영 우선순위의 급격한 재편을 시사합니다\n• 디지털 인프라 투자 중단: IT 관련 비용의 전면적 축소(IT사용료 -4.8%, IT유지보수비 -100%)는 디지털 전환 시대에 역행하는 리스크 요소로 작용할 수 있습니다\n• 물류 서비스 품질 저하 신호: 퀵서비스 비용의 절반 수준 감축은 고객 서비스 품질 저하 및 브랜드 이미지 손상으로 연결될 위험성이 높습니다\n• 예산 배분의 불균형: 수출입 중심의 투자 집중과 내부 운영 시스템 투자 축소로 인한 운영 안정성과 성장성 간의 불균형 심화"
      },
      {
        "div": "종합분석-5",
        "sub_title": "마케팅 전략 최적화 방안",
        "ai_text": "### 즉시 실행 방안\n1. IT 인프라 복구 계획 수립: IT유지보수비 예산 재편성을 통한 시스템 안정성 확보 및 디지털 경쟁력 유지\n2. 물류 서비스 품질 모니터링: 퀵서비스 축소에 따른 고객 만족도 측정 및 대체 솔루션 검토\n3. 재고 관리 체계 점검: 재고조사비 삭감에 따른 재고 정확성 영향 분석 및 내부 역량 강화 방안 마련\n\n### 중장기 전략 방향\n1. 글로벌 확장 기반 강화: 수출입관련 수수료 투자 효과 극대화를 위한 해외 시장 진출 로드맵 구체화\n2. 디지털 전환 가속화: 온라인몰 운영 재개 및 IT 투자 확대를 통한 옴니채널 전략 구축\n3. 운영 효율성 제고: 비용 절감 효과를 매출 증대로 연결하는 투자 포트폴리오 최적화\n4. 리스크 관리 체계 구축: 핵심 운영비 삭감에 따른 잠재적 리스크 대응 방안 및 모니터링 시스템 구축"
      }
    ]
  },
  "ctgr1": "지급수수료",
  "summary": {
    "prev_year_total": 92.51,
    "curr_year_total": 100.6,
    "change_amount": 8.08,
    "change_pct": 8.7,
    "investment_direction": "증가"
  },
  "categories": [
    {
      "ctgr2": "지급수수료",
      "ctgr3": "지급수수료_온라인몰운영비",
      "gl_nm": "지급수수료_온라인몰운영비",
      "prev_year": 0.35,
      "curr_year": 0.0,
      "change": -0.35,
      "change_pct": -100.0,
      "is_new": false,
      "is_discontinued": true
    },
    {
      "ctgr2": "지급수수료",
      "ctgr3": "지급수수료_기타",
      "gl_nm": "지급수수료_지급용역비",
      "prev_year": 31.35,
      "curr_year": 31.09,
      "change": -0.26,
      "change_pct": -0.8,
      "is_new": false,
      "is_discontinued": false
    },
    {
      "ctgr2": "지급수수료",
      "ctgr3": "지급수수료_건물유지보수비",
      "gl_nm": "지급수수료_건물유지보수비",
      "prev_year": 0.73,
      "curr_year": 0.98,
      "change": 0.25,
      "change_pct": 34.0,
      "is_new": false,
      "is_discontinued": false
    },
    {
      "ctgr2": "지급수수료",
      "ctgr3": "지급수수료_법률자문료",
      "gl_nm": "지급수수료_법률자문료",
      "prev_year": 0.0,
      "curr_year": 0.0,
      "change": 0.0,
      "change_pct": 0,
      "is_new": false,
      "is_discontinued": false
    },
    {
      "ctgr2": "지급수수료",
      "ctgr3": "지급수수료_IT사용료",
      "gl_nm": "지급수수료_IT사용료",
      "prev_year": 11.25,
      "curr_year": 10.71,
      "change": -0.54,
      "change_pct": -4.8,
      "is_new": false,
      "is_discontinued": false
    },
    {
      "ctgr2": "지급수수료",
      "ctgr3": "지급수수료_기타",
      "gl_nm": "지급수수료_중개수수료",
      "prev_year": 0.0,
      "curr_year": 0.0,
      "change": 0.0,
      "change_pct": 0,
      "is_new": false,
      "is_discontinued": false
    },
    {
      "ctgr2": "지급수수료",
      "ctgr3": "지급수수료_퀵서비스",
      "gl_nm": "지급수수료_퀵서비스",
      "prev_year": 10.2,
      "curr_year": 5.5,
      "change": -4.71,
      "change_pct": -46.1,
      "is_new": false,
      "is_discontinued": false
    },
    {
      "ctgr2": "지급수수료",
      "ctgr3": "지급수수료_기타",
      "gl_nm": "지급수수료_수출입관련",
      "prev_year": 17.48,
      "curr_year": 31.07,
      "change": 13.59,
      "change_pct": 77.7,
      "is_new": false,
      "is_discontinued": false
    },
    {
      "ctgr2": "지급수수료",
      "ctgr3": "지급수수료_기타",
      "gl_nm": "지급수수료_폐기물처리",
      "prev_year": 0.0,
      "curr_year": 0.0,
      "change": 0.0,
      "change_pct": 0,
      "is_new": false,
      "is_discontinued": false
    },
    {
      "ctgr2": "지급수수료",
      "ctgr3": "지급수수료_보안",
      "gl_nm": "지급수수료_보안",
      "prev_year": 3.02,
      "curr_year": 3.11,
      "change": 0.09,
      "change_pct": 2.9,
      "is_new": false,
      "is_discontinued": false
    },
    {
      "ctgr2": "지급수수료",
      "ctgr3": "지급수수료_리스료(차량)",
      "gl_nm": "지급수수료_렌탈료(차량)",
      "prev_year": 4.35,
      "curr_year": 3.96,
      "change": -0.39,
      "change_pct": -9.0,
      "is_new": false,
      "is_discontinued": false
    },
    {
      "ctgr2": "지급수수료",
      "ctgr3": "지급수수료_인사채용",
      "gl_nm": "지급수수료_인사채용",
      "prev_year": 0.0,
      "curr_year": 0.13,
      "change": 0.13,
      "change_pct": 0,
      "is_new": true,
      "is_discontinued": false
    },
    {
      "ctgr2": "지급수수료",
      "ctgr3": "지급수수료_기타",
      "gl_nm": "지급수수료_기타",
      "prev_year": 4.18,
      "curr_year": 12.25,
      "change": 8.07,
      "change_pct": 193.2,
      "is_new": false,
      "is_discontinued": false
    },
    {
      "ctgr2": "지급수수료",
      "ctgr3": "지급수수료_IT유지보수비",
      "gl_nm": "지급수수료_IT유지보수비",
      "prev_year": 6.4,
      "curr_year": 0.0,
      "change": -6.4,
      "change_pct": -100.0,
      "is_new": false,
      "is_discontinued": true
    },
    {
      "ctgr2": "지급수수료",
      "ctgr3": "지급수수료_리스료(차량제외)",
      "gl_nm": "지급수수료_렌탈료(차량제외)",
      "prev_year": 0.48,
      "curr_year": 1.79,
      "change": 1.32,
      "change_pct": 276.5,
      "is_new": false,
      "is_discontinued": false
    },
    {
      "ctgr2": "지급수수료",
      "ctgr3": "지급수수료_기타",
      "gl_nm": "지급수수료_공증/등기",
      "prev_year": 0.0,
      "curr_year": 0.0,
      "change": 0.0,
      "change_pct": 0,
      "is_new": false,
      "is_discontinued": false
    },
    {
      "ctgr2": "지급수수료",
      "ctgr3": "지급수수료_재고조사",
      "gl_nm": "지급수수료_재고조사",
      "prev_year": 2.72,
      "curr_year": 0.0,
      "change": -2.72,
      "change_pct": -100.0,
      "is_new": false,
      "is_discontinued": true
    },
    {
      "ctgr2": "지급수수료",
      "ctgr3": "지급수수료_공사비",
      "gl_nm": "지급수수료_공사비",
      "prev_year": 0.0,
      "curr_year": 0.0,
      "change": 0.0,
      "change_pct": 0,
      "is_new": false,
      "is_discontinued": false
    }
  ],
  "category_summary": {
    "increased": [
      {
        "ctgr2": "지급수수료",
        "ctgr3": "지급수수료_건물유지보수비",
        "gl_nm": "지급수수료_건물유지보수비",
        "prev_year": 0.73,
        "curr_year": 0.98,
        "change": 0.25,
        "change_pct": 34.0,
        "is_new": false,
        "is_discontinued": false
      },
      {
        "ctgr2": "지급수수료",
        "ctgr3": "지급수수료_기타",
        "gl_nm": "지급수수료_수출입관련",
        "prev_year": 17.48,
        "curr_year": 31.07,
        "change": 13.59,
        "change_pct": 77.7,
        "is_new": false,
        "is_discontinued": false
      },
      {
        "ctgr2": "지급수수료",
        "ctgr3": "지급수수료_보안",
        "gl_nm": "지급수수료_보안",
        "prev_year": 3.02,
        "curr_year": 3.11,
        "change": 0.09,
        "change_pct": 2.9,
        "is_new": false,
        "is_discontinued": false
      },
      {
        "ctgr2": "지급수수료",
        "ctgr3": "지급수수료_인사채용",
        "gl_nm": "지급수수료_인사채용",
        "prev_year": 0.0,
        "curr_year": 0.13,
        "change": 0.13,
        "change_pct": 0,
        "is_new": true,
        "is_discontinued": false
      },
      {
        "ctgr2": "지급수수료",
        "ctgr3": "지급수수료_기타",
        "gl_nm": "지급수수료_기타",
        "prev_year": 4.18,
        "curr_year": 12.25,
        "change": 8.07,
        "change_pct": 193.2,
        "is_new": false,
        "is_discontinued": false
      },
      {
        "ctgr2": "지급수수료",
        "ctgr3": "지급수수료_리스료(차량제외)",
        "gl_nm": "지급수수료_렌탈료(차량제외)",
        "prev_year": 0.48,
        "curr_year": 1.79,
        "change": 1.32,
        "change_pct": 276.5,
        "is_new": false,
        "is_discontinued": false
      }
    ],
    "decreased": [
      {
        "ctgr2": "지급수수료",
        "ctgr3": "지급수수료_온라인몰운영비",
        "gl_nm": "지급수수료_온라인몰운영비",
        "prev_year": 0.35,
        "curr_year": 0.0,
        "change": -0.35,
        "change_pct": -100.0,
        "is_new": false,
        "is_discontinued": true
      },
      {
        "ctgr2": "지급수수료",
        "ctgr3": "지급수수료_기타",
        "gl_nm": "지급수수료_지급용역비",
        "prev_year": 31.35,
        "curr_year": 31.09,
        "change": -0.26,
        "change_pct": -0.8,
        "is_new": false,
        "is_discontinued": false
      },
      {
        "ctgr2": "지급수수료",
        "ctgr3": "지급수수료_IT사용료",
        "gl_nm": "지급수수료_IT사용료",
        "prev_year": 11.25,
        "curr_year": 10.71,
        "change": -0.54,
        "change_pct": -4.8,
        "is_new": false,
        "is_discontinued": false
      },
      {
        "ctgr2": "지급수수료",
        "ctgr3": "지급수수료_퀵서비스",
        "gl_nm": "지급수수료_퀵서비스",
        "prev_year": 10.2,
        "curr_year": 5.5,
        "change": -4.71,
        "change_pct": -46.1,
        "is_new": false,
        "is_discontinued": false
      },
      {
        "ctgr2": "지급수수료",
        "ctgr3": "지급수수료_리스료(차량)",
        "gl_nm": "지급수수료_렌탈료(차량)",
        "prev_year": 4.35,
        "curr_year": 3.96,
        "change": -0.39,
        "change_pct": -9.0,
        "is_new": false,
        "is_discontinued": false
      },
      {
        "ctgr2": "지급수수료",
        "ctgr3": "지급수수료_IT유지보수비",
        "gl_nm": "지급수수료_IT유지보수비",
        "prev_year": 6.4,
        "curr_year": 0.0,
        "change": -6.4,
        "change_pct": -100.0,
        "is_new": false,
        "is_discontinued": true
      },
      {
        "ctgr2": "지급수수료",
        "ctgr3": "지급수수료_재고조사",
        "gl_nm": "지급수수료_재고조사",
        "prev_year": 2.72,
        "curr_year": 0.0,
        "change": -2.72,
        "change_pct": -100.0,
        "is_new": false,
        "is_discontinued": true
      }
    ],
    "new_investments": [
      {
        "ctgr2": "지급수수료",
        "ctgr3": "지급수수료_인사채용",
        "gl_nm": "지급수수료_인사채용",
        "prev_year": 0.0,
        "curr_year": 0.13,
        "change": 0.13,
        "change_pct": 0,
        "is_new": true,
        "is_discontinued": false
      }
    ],
    "discontinued": [
      {
        "ctgr2": "지급수수료",
        "ctgr3": "지급수수료_온라인몰운영비",
        "gl_nm": "지급수수료_온라인몰운영비",
        "prev_year": 0.35,
        "curr_year": 0.0,
        "change": -0.35,
        "change_pct": -100.0,
        "is_new": false,
        "is_discontinued": true
      },
      {
        "ctgr2": "지급수수료",
        "ctgr3": "지급수수료_IT유지보수비",
        "gl_nm": "지급수수료_IT유지보수비",
        "prev_year": 6.4,
        "curr_year": 0.0,
        "change": -6.4,
        "change_pct": -100.0,
        "is_new": false,
        "is_discontinued": true
      },
      {
        "ctgr2": "지급수수료",
        "ctgr3": "지급수수료_재고조사",
        "gl_nm": "지급수수료_재고조사",
        "prev_year": 2.72,
        "curr_year": 0.0,
        "change": -2.72,
        "change_pct": -100.0,
        "is_new": false,
        "is_discontinued": true
      }
    ]
  },
  "raw_data": {
    "total_records": [
      {
        "PST_YYYYMM": "202411",
        "TOTAL_AMT": 92512439.0
      },
      {
        "PST_YYYYMM": "202511",
        "TOTAL_AMT": 100596976.0
      }
    ],
    "detail_records": [
      {
        "PST_YYYYMM": "202411",
        "BRD_CD": "M",
        "BRD_NM": "MLB",
        "CTGR1": "지급수수료",
        "CTGR2": "지급수수료",
        "CTGR3": "지급수수료_기타",
        "GL_NM": "지급수수료_지급용역비",
        "TTL_USE_AMT": 31353364.0
      },
      {
        "PST_YYYYMM": "202511",
        "BRD_CD": "M",
        "BRD_NM": "MLB",
        "CTGR1": "지급수수료",
        "CTGR2": "지급수수료",
        "CTGR3": "지급수수료_기타",
        "GL_NM": "지급수수료_지급용역비",
        "TTL_USE_AMT": 31093125.0
      },
      {
        "PST_YYYYMM": "202511",
        "BRD_CD": "M",
        "BRD_NM": "MLB",
        "CTGR1": "지급수수료",
        "CTGR2": "지급수수료",
        "CTGR3": "지급수수료_기타",
        "GL_NM": "지급수수료_수출입관련",
        "TTL_USE_AMT": 31072981.0
      },
      {
        "PST_YYYYMM": "202411",
        "BRD_CD": "M",
        "BRD_NM": "MLB",
        "CTGR1": "지급수수료",
        "CTGR2": "지급수수료",
        "CTGR3": "지급수수료_기타",
        "GL_NM": "지급수수료_수출입관련",
        "TTL_USE_AMT": 17484179.0
      },
      {
        "PST_YYYYMM": "202511",
        "BRD_CD": "M",
        "BRD_NM": "MLB",
        "CTGR1": "지급수수료",
        "CTGR2": "지급수수료",
        "CTGR3": "지급수수료_기타",
        "GL_NM": "지급수수료_기타",
        "TTL_USE_AMT": 12248933.0
      },
      {
        "PST_YYYYMM": "202411",
        "BRD_CD": "M",
        "BRD_NM": "MLB",
        "CTGR1": "지급수수료",
        "CTGR2": "지급수수료",
        "CTGR3": "지급수수료_IT사용료",
        "GL_NM": "지급수수료_IT사용료",
        "TTL_USE_AMT": 11248014.0
      },
      {
        "PST_YYYYMM": "202511",
        "BRD_CD": "M",
        "BRD_NM": "MLB",
        "CTGR1": "지급수수료",
        "CTGR2": "지급수수료",
        "CTGR3": "지급수수료_IT사용료",
        "GL_NM": "지급수수료_IT사용료",
        "TTL_USE_AMT": 10710346.0
      },
      {
        "PST_YYYYMM": "202411",
        "BRD_CD": "M",
        "BRD_NM": "MLB",
        "CTGR1": "지급수수료",
        "CTGR2": "지급수수료",
        "CTGR3": "지급수수료_퀵서비스",
        "GL_NM": "지급수수료_퀵서비스",
        "TTL_USE_AMT": 10204390.0
      },
      {
        "PST_YYYYMM": "202411",
        "BRD_CD": "M",
        "BRD_NM": "MLB",
        "CTGR1": "지급수수료",
        "CTGR2": "지급수수료",
        "CTGR3": "지급수수료_IT유지보수비",
        "GL_NM": "지급수수료_IT유지보수비",
        "TTL_USE_AMT": 6396000.0
      },
      {
        "PST_YYYYMM": "202511",
        "BRD_CD": "M",
        "BRD_NM": "MLB",
        "CTGR1": "지급수수료",
        "CTGR2": "지급수수료",
        "CTGR3": "지급수수료_퀵서비스",
        "GL_NM": "지급수수료_퀵서비스",
        "TTL_USE_AMT": 5498480.0
      },
      {
        "PST_YYYYMM": "202411",
        "BRD_CD": "M",
        "BRD_NM": "MLB",
        "CTGR1": "지급수수료",
        "CTGR2": "지급수수료",
        "CTGR3": "지급수수료_리스료(차량)",
        "GL_NM": "지급수수료_렌탈료(차량)",
        "TTL_USE_AMT": 4351160.0
      },
      {
        "PST_YYYYMM": "202411",
        "BRD_CD": "M",
        "BRD_NM": "MLB",
        "CTGR1": "지급수수료",
        "CTGR2": "지급수수료",
        "CTGR3": "지급수수료_기타",
        "GL_NM": "지급수수료_기타",
        "TTL_USE_AMT": 4177057.0
      },
      {
        "PST_YYYYMM": "202511",
        "BRD_CD": "M",
        "BRD_NM": "MLB",
        "CTGR1": "지급수수료",
        "CTGR2": "지급수수료",
        "CTGR3": "지급수수료_리스료(차량)",
        "GL_NM": "지급수수료_렌탈료(차량)",
        "TTL_USE_AMT": 3960000.0
      },
      {
        "PST_YYYYMM": "202511",
        "BRD_CD": "M",
        "BRD_NM": "MLB",
        "CTGR1": "지급수수료",
        "CTGR2": "지급수수료",
        "CTGR3": "지급수수료_보안",
        "GL_NM": "지급수수료_보안",
        "TTL_USE_AMT": 3109800.0
      },
      {
        "PST_YYYYMM": "202411",
        "BRD_CD": "M",
        "BRD_NM": "MLB",
        "CTGR1": "지급수수료",
        "CTGR2": "지급수수료",
        "CTGR3": "지급수수료_보안",
        "GL_NM": "지급수수료_보안",
        "TTL_USE_AMT": 3020700.0
      },
      {
        "PST_YYYYMM": "202411",
        "BRD_CD": "M",
        "BRD_NM": "MLB",
        "CTGR1": "지급수수료",
        "CTGR2": "지급수수료",
        "CTGR3": "지급수수료_재고조사",
        "GL_NM": "지급수수료_재고조사",
        "TTL_USE_AMT": 2720975.0
      },
      {
        "PST_YYYYMM": "202511",
        "BRD_CD": "M",
        "BRD_NM": "MLB",
        "CTGR1": "지급수수료",
        "CTGR2": "지급수수료",
        "CTGR3": "지급수수료_리스료(차량제외)",
        "GL_NM": "지급수수료_렌탈료(차량제외)",
        "TTL_USE_AMT": 1794429.0
      },
      {
        "PST_YYYYMM": "202511",
        "BRD_CD": "M",
        "BRD_NM": "MLB",
        "CTGR1": "지급수수료",
        "CTGR2": "지급수수료",
        "CTGR3": "지급수수료_건물유지보수비",
        "GL_NM": "지급수수료_건물유지보수비",
        "TTL_USE_AMT": 978000.0
      },
      {
        "PST_YYYYMM": "202411",
        "BRD_CD": "M",
        "BRD_NM": "MLB",
        "CTGR1": "지급수수료",
        "CTGR2": "지급수수료",
        "CTGR3": "지급수수료_건물유지보수비",
        "GL_NM": "지급수수료_건물유지보수비",
        "TTL_USE_AMT": 730000.0
      },
      {
        "PST_YYYYMM": "202411",
        "BRD_CD": "M",
        "BRD_NM": "MLB",
        "CTGR1": "지급수수료",
        "CTGR2": "지급수수료",
        "CTGR3": "지급수수료_리스료(차량제외)",
        "GL_NM": "지급수수료_렌탈료(차량제외)",
        "TTL_USE_AMT": 476600.0
      },
      {
        "PST_YYYYMM": "202411",
        "BRD_CD": "M",
        "BRD_NM": "MLB",
        "CTGR1": "지급수수료",
        "CTGR2": "지급수수료",
        "CTGR3": "지급수수료_온라인몰운영비",
        "GL_NM": "지급수수료_온라인몰운영비",
        "TTL_USE_AMT": 350000.0
      },
      {
        "PST_YYYYMM": "202511",
        "BRD_CD": "M",
        "BRD_NM": "MLB",
        "CTGR1": "지급수수료",
        "CTGR2": "지급수수료",
        "CTGR3": "지급수수료_인사채용",
        "GL_NM": "지급수수료_인사채용",
        "TTL_USE_AMT": 130882.0
      },
      {
        "PST_YYYYMM": "202511",
        "BRD_CD": "M",
        "BRD_NM": "MLB",
        "CTGR1": "지급수수료",
        "CTGR2": "지급수수료",
        "CTGR3": "지급수수료_기타",
        "GL_NM": "지급수수료_중개수수료",
        "TTL_USE_AMT": 0.0
      },
      {
        "PST_YYYYMM": "202411",
        "BRD_CD": "M",
        "BRD_NM": "MLB",
        "CTGR1": "지급수수료",
        "CTGR2": "지급수수료",
        "CTGR3": "지급수수료_기타",
        "GL_NM": "지급수수료_공증/등기",
        "TTL_USE_AMT": 0.0
      },
      {
        "PST_YYYYMM": "202411",
        "BRD_CD": "M",
        "BRD_NM": "MLB",
        "CTGR1": "지급수수료",
        "CTGR2": "지급수수료",
        "CTGR3": "지급수수료_기타",
        "GL_NM": "지급수수료_중개수수료",
        "TTL_USE_AMT": 0.0
      },
      {
        "PST_YYYYMM": "202511",
        "BRD_CD": "M",
        "BRD_NM": "MLB",
        "CTGR1": "지급수수료",
        "CTGR2": "지급수수료",
        "CTGR3": "지급수수료_기타",
        "GL_NM": "지급수수료_공증/등기",
        "TTL_USE_AMT": 0.0
      },
      {
        "PST_YYYYMM": "202511",
        "BRD_CD": "M",
        "BRD_NM": "MLB",
        "CTGR1": "지급수수료",
        "CTGR2": "지급수수료",
        "CTGR3": "지급수수료_재고조사",
        "GL_NM": "지급수수료_재고조사",
        "TTL_USE_AMT": 0.0
      },
      {
        "PST_YYYYMM": "202411",
        "BRD_CD": "M",
        "BRD_NM": "MLB",
        "CTGR1": "지급수수료",
        "CTGR2": "지급수수료",
        "CTGR3": "지급수수료_기타",
        "GL_NM": "지급수수료_폐기물처리",
        "TTL_USE_AMT": 0.0
      },
      {
        "PST_YYYYMM": "202511",
        "BRD_CD": "M",
        "BRD_NM": "MLB",
        "CTGR1": "지급수수료",
        "CTGR2": "지급수수료",
        "CTGR3": "지급수수료_법률자문료",
        "GL_NM": "지급수수료_법률자문료",
        "TTL_USE_AMT": 0.0
      },
      {
        "PST_YYYYMM": "202511",
        "BRD_CD": "M",
        "BRD_NM": "MLB",
        "CTGR1": "지급수수료",
        "CTGR2": "지급수수료",
        "CTGR3": "지급수수료_기타",
        "GL_NM": "지급수수료_폐기물처리",
        "TTL_USE_AMT": 0.0
      },
      {
        "PST_YYYYMM": "202511",
        "BRD_CD": "M",
        "BRD_NM": "MLB",
        "CTGR1": "지급수수료",
        "CTGR2": "지급수수료",
        "CTGR3": "지급수수료_공사비",
        "GL_NM": "지급수수료_공사비",
        "TTL_USE_AMT": 0.0
      },
      {
        "PST_YYYYMM": "202411",
        "BRD_CD": "M",
        "BRD_NM": "MLB",
        "CTGR1": "지급수수료",
        "CTGR2": "지급수수료",
        "CTGR3": "지급수수료_법률자문료",
        "GL_NM": "지급수수료_법률자문료",
        "TTL_USE_AMT": 0.0
      },
      {
        "PST_YYYYMM": "202411",
        "BRD_CD": "M",
        "BRD_NM": "MLB",
        "CTGR1": "지급수수료",
        "CTGR2": "지급수수료",
        "CTGR3": "지급수수료_공사비",
        "GL_NM": "지급수수료_공사비",
        "TTL_USE_AMT": 0.0
      },
      {
        "PST_YYYYMM": "202411",
        "BRD_CD": "M",
        "BRD_NM": "MLB",
        "CTGR1": "지급수수료",
        "CTGR2": "지급수수료",
        "CTGR3": "지급수수료_인사채용",
        "GL_NM": "지급수수료_인사채용",
        "TTL_USE_AMT": 0.0
      },
      {
        "PST_YYYYMM": "202511",
        "BRD_CD": "M",
        "BRD_NM": "MLB",
        "CTGR1": "지급수수료",
        "CTGR2": "지급수수료",
        "CTGR3": "지급수수료_IT유지보수비",
        "GL_NM": "지급수수료_IT유지보수비",
        "TTL_USE_AMT": 0.0
      }
    ]
  },
  "trend_data": {
    "trend_months": [
      "202412",
      "202501",
      "202502",
      "202503",
      "202504",
      "202505",
      "202506",
      "202507",
      "202508",
      "202509",
      "202510",
      "202511"
    ],
    "monthly_totals": [
      {
        "yyyymm": "202412",
        "total_amount": 256.28
      },
      {
        "yyyymm": "202501",
        "total_amount": 263.24
      },
      {
        "yyyymm": "202502",
        "total_amount": 97.79
      },
      {
        "yyyymm": "202503",
        "total_amount": 219.54
      },
      {
        "yyyymm": "202504",
        "total_amount": 82.61
      },
      {
        "yyyymm": "202505",
        "total_amount": 204.56
      },
      {
        "yyyymm": "202506",
        "total_amount": 326.38
      },
      {
        "yyyymm": "202507",
        "total_amount": 88.23
      },
      {
        "yyyymm": "202508",
        "total_amount": 104.83
      },
      {
        "yyyymm": "202509",
        "total_amount": 271.18
      },
      {
        "yyyymm": "202510",
        "total_amount": 207.09
      },
      {
        "yyyymm": "202511",
        "total_amount": 100.6
      }
    ],
    "monthly_details": [
      {
        "yyyymm": "202412",
        "ctgr2": "지급수수료",
        "ctgr3": "지급수수료_기타",
        "gl_nm": "지급수수료_지급용역비",
        "amount": 177.26
      },
      {
        "yyyymm": "202412",
        "ctgr2": "지급수수료",
        "ctgr3": "지급수수료_재고조사",
        "gl_nm": "지급수수료_재고조사",
        "amount": 29.62
      },
      {
        "yyyymm": "202412",
        "ctgr2": "지급수수료",
        "ctgr3": "지급수수료_기타",
        "gl_nm": "지급수수료_수출입관련",
        "amount": 15.85
      },
      {
        "yyyymm": "202412",
        "ctgr2": "지급수수료",
        "ctgr3": "지급수수료_IT사용료",
        "gl_nm": "지급수수료_IT사용료",
        "amount": 12.09
      },
      {
        "yyyymm": "202412",
        "ctgr2": "지급수수료",
        "ctgr3": "지급수수료_퀵서비스",
        "gl_nm": "지급수수료_퀵서비스",
        "amount": 8.3
      },
      {
        "yyyymm": "202412",
        "ctgr2": "지급수수료",
        "ctgr3": "지급수수료_기타",
        "gl_nm": "지급수수료_기타",
        "amount": 4.94
      },
      {
        "yyyymm": "202412",
        "ctgr2": "지급수수료",
        "ctgr3": "지급수수료_보안",
        "gl_nm": "지급수수료_보안",
        "amount": 3.03
      },
      {
        "yyyymm": "202412",
        "ctgr2": "지급수수료",
        "ctgr3": "지급수수료_리스료(차량)",
        "gl_nm": "지급수수료_렌탈료(차량)",
        "amount": 2.83
      },
      {
        "yyyymm": "202412",
        "ctgr2": "지급수수료",
        "ctgr3": "지급수수료_건물유지보수비",
        "gl_nm": "지급수수료_건물유지보수비",
        "amount": 0.73
      },
      {
        "yyyymm": "202412",
        "ctgr2": "지급수수료",
        "ctgr3": "지급수수료_공사비",
        "gl_nm": "지급수수료_공사비",
        "amount": 0.52
      },
      {
        "yyyymm": "202412",
        "ctgr2": "지급수수료",
        "ctgr3": "지급수수료_리스료(차량제외)",
        "gl_nm": "지급수수료_렌탈료(차량제외)",
        "amount": 0.48
      },
      {
        "yyyymm": "202412",
        "ctgr2": "지급수수료",
        "ctgr3": "지급수수료_온라인몰운영비",
        "gl_nm": "지급수수료_온라인몰운영비",
        "amount": 0.35
      },
      {
        "yyyymm": "202412",
        "ctgr2": "지급수수료",
        "ctgr3": "지급수수료_법률자문료",
        "gl_nm": "지급수수료_법률자문료",
        "amount": 0.3
      },
      {
        "yyyymm": "202412",
        "ctgr2": "지급수수료",
        "ctgr3": "지급수수료_기타",
        "gl_nm": "지급수수료_공증/등기",
        "amount": 0.0
      },
      {
        "yyyymm": "202412",
        "ctgr2": "지급수수료",
        "ctgr3": "지급수수료_기타",
        "gl_nm": "지급수수료_중개수수료",
        "amount": 0.0
      },
      {
        "yyyymm": "202412",
        "ctgr2": "지급수수료",
        "ctgr3": "지급수수료_인사채용",
        "gl_nm": "지급수수료_인사채용",
        "amount": 0.0
      },
      {
        "yyyymm": "202412",
        "ctgr2": "지급수수료",
        "ctgr3": "지급수수료_IT유지보수비",
        "gl_nm": "지급수수료_IT유지보수비",
        "amount": 0.0
      },
      {
        "yyyymm": "202412",
        "ctgr2": "지급수수료",
        "ctgr3": "지급수수료_기타",
        "gl_nm": "지급수수료_폐기물처리",
        "amount": 0.0
      },
      {
        "yyyymm": "202501",
        "ctgr2": "지급수수료",
        "ctgr3": "지급수수료_기타",
        "gl_nm": "지급수수료_중개수수료",
        "amount": 118.8
      },
      {
        "yyyymm": "202501",
        "ctgr2": "지급수수료",
        "ctgr3": "지급수수료_기타",
        "gl_nm": "지급수수료_기타",
        "amount": 54.95
      },
      {
        "yyyymm": "202501",
        "ctgr2": "지급수수료",
        "ctgr3": "지급수수료_기타",
        "gl_nm": "지급수수료_지급용역비",
        "amount": 45.84
      },
      {
        "yyyymm": "202501",
        "ctgr2": "지급수수료",
        "ctgr3": "지급수수료_IT사용료",
        "gl_nm": "지급수수료_IT사용료",
        "amount": 12.0
      },
      {
        "yyyymm": "202501",
        "ctgr2": "지급수수료",
        "ctgr3": "지급수수료_기타",
        "gl_nm": "지급수수료_수출입관련",
        "amount": 8.54
      },
      {
        "yyyymm": "202501",
        "ctgr2": "지급수수료",
        "ctgr3": "지급수수료_재고조사",
        "gl_nm": "지급수수료_재고조사",
        "amount": 7.07
      },
      {
        "yyyymm": "202501",
        "ctgr2": "지급수수료",
        "ctgr3": "지급수수료_퀵서비스",
        "gl_nm": "지급수수료_퀵서비스",
        "amount": 5.34
      },
      {
        "yyyymm": "202501",
        "ctgr2": "지급수수료",
        "ctgr3": "지급수수료_보안",
        "gl_nm": "지급수수료_보안",
        "amount": 3.5
      },
      {
        "yyyymm": "202501",
        "ctgr2": "지급수수료",
        "ctgr3": "지급수수료_리스료(차량)",
        "gl_nm": "지급수수료_렌탈료(차량)",
        "amount": 2.73
      },
      {
        "yyyymm": "202501",
        "ctgr2": "지급수수료",
        "ctgr3": "지급수수료_기타",
        "gl_nm": "지급수수료_폐기물처리",
        "amount": 1.6
      },
      {
        "yyyymm": "202501",
        "ctgr2": "지급수수료",
        "ctgr3": "지급수수료_법률자문료",
        "gl_nm": "지급수수료_법률자문료",
        "amount": 0.86
      },
      {
        "yyyymm": "202501",
        "ctgr2": "지급수수료",
        "ctgr3": "지급수수료_건물유지보수비",
        "gl_nm": "지급수수료_건물유지보수비",
        "amount": 0.85
      },
      {
        "yyyymm": "202501",
        "ctgr2": "지급수수료",
        "ctgr3": "지급수수료_공사비",
        "gl_nm": "지급수수료_공사비",
        "amount": 0.7
      },
      {
        "yyyymm": "202501",
        "ctgr2": "지급수수료",
        "ctgr3": "지급수수료_리스료(차량제외)",
        "gl_nm": "지급수수료_렌탈료(차량제외)",
        "amount": 0.48
      },
      {
        "yyyymm": "202501",
        "ctgr2": "지급수수료",
        "ctgr3": "지급수수료_인사채용",
        "gl_nm": "지급수수료_인사채용",
        "amount": 0.0
      },
      {
        "yyyymm": "202501",
        "ctgr2": "지급수수료",
        "ctgr3": "지급수수료_기타",
        "gl_nm": "지급수수료_공증/등기",
        "amount": 0.0
      },
      {
        "yyyymm": "202501",
        "ctgr2": "지급수수료",
        "ctgr3": "지급수수료_IT유지보수비",
        "gl_nm": "지급수수료_IT유지보수비",
        "amount": 0.0
      },
      {
        "yyyymm": "202502",
        "ctgr2": "지급수수료",
        "ctgr3": "지급수수료_기타",
        "gl_nm": "지급수수료_지급용역비",
        "amount": 35.02
      },
      {
        "yyyymm": "202502",
        "ctgr2": "지급수수료",
        "ctgr3": "지급수수료_기타",
        "gl_nm": "지급수수료_수출입관련",
        "amount": 13.18
      },
      {
        "yyyymm": "202502",
        "ctgr2": "지급수수료",
        "ctgr3": "지급수수료_IT사용료",
        "gl_nm": "지급수수료_IT사용료",
        "amount": 11.36
      },
      {
        "yyyymm": "202502",
        "ctgr2": "지급수수료",
        "ctgr3": "지급수수료_인사채용",
        "gl_nm": "지급수수료_인사채용",
        "amount": 11.2
      },
      {
        "yyyymm": "202502",
        "ctgr2": "지급수수료",
        "ctgr3": "지급수수료_재고조사",
        "gl_nm": "지급수수료_재고조사",
        "amount": 7.44
      },
      {
        "yyyymm": "202502",
        "ctgr2": "지급수수료",
        "ctgr3": "지급수수료_퀵서비스",
        "gl_nm": "지급수수료_퀵서비스",
        "amount": 4.22
      },
      {
        "yyyymm": "202502",
        "ctgr2": "지급수수료",
        "ctgr3": "지급수수료_기타",
        "gl_nm": "지급수수료_기타",
        "amount": 4.07
      },
      {
        "yyyymm": "202502",
        "ctgr2": "지급수수료",
        "ctgr3": "지급수수료_기타",
        "gl_nm": "지급수수료_폐기물처리",
        "amount": 4.0
      },
      {
        "yyyymm": "202502",
        "ctgr2": "지급수수료",
        "ctgr3": "지급수수료_보안",
        "gl_nm": "지급수수료_보안",
        "amount": 3.4
      },
      {
        "yyyymm": "202502",
        "ctgr2": "지급수수료",
        "ctgr3": "지급수수료_리스료(차량)",
        "gl_nm": "지급수수료_렌탈료(차량)",
        "amount": 2.7
      },
      {
        "yyyymm": "202502",
        "ctgr2": "지급수수료",
        "ctgr3": "지급수수료_건물유지보수비",
        "gl_nm": "지급수수료_건물유지보수비",
        "amount": 0.73
      },
      {
        "yyyymm": "202502",
        "ctgr2": "지급수수료",
        "ctgr3": "지급수수료_리스료(차량제외)",
        "gl_nm": "지급수수료_렌탈료(차량제외)",
        "amount": 0.48
      },
      {
        "yyyymm": "202502",
        "ctgr2": "지급수수료",
        "ctgr3": "지급수수료_기타",
        "gl_nm": "지급수수료_중개수수료",
        "amount": 0.0
      },
      {
        "yyyymm": "202502",
        "ctgr2": "지급수수료",
        "ctgr3": "지급수수료_공사비",
        "gl_nm": "지급수수료_공사비",
        "amount": 0.0
      },
      {
        "yyyymm": "202502",
        "ctgr2": "지급수수료",
        "ctgr3": "지급수수료_기타",
        "gl_nm": "지급수수료_공증/등기",
        "amount": 0.0
      },
      {
        "yyyymm": "202502",
        "ctgr2": "지급수수료",
        "ctgr3": "지급수수료_법률자문료",
        "gl_nm": "지급수수료_법률자문료",
        "amount": 0.0
      },
      {
        "yyyymm": "202502",
        "ctgr2": "지급수수료",
        "ctgr3": "지급수수료_IT유지보수비",
        "gl_nm": "지급수수료_IT유지보수비",
        "amount": 0.0
      },
      {
        "yyyymm": "202503",
        "ctgr2": "지급수수료",
        "ctgr3": "지급수수료_기타",
        "gl_nm": "지급수수료_지급용역비",
        "amount": 166.75
      },
      {
        "yyyymm": "202503",
        "ctgr2": "지급수수료",
        "ctgr3": "지급수수료_기타",
        "gl_nm": "지급수수료_수출입관련",
        "amount": 12.81
      },
      {
        "yyyymm": "202503",
        "ctgr2": "지급수수료",
        "ctgr3": "지급수수료_IT사용료",
        "gl_nm": "지급수수료_IT사용료",
        "amount": 12.14
      },
      {
        "yyyymm": "202503",
        "ctgr2": "지급수수료",
        "ctgr3": "지급수수료_기타",
        "gl_nm": "지급수수료_기타",
        "amount": 7.6
      },
      {
        "yyyymm": "202503",
        "ctgr2": "지급수수료",
        "ctgr3": "지급수수료_보안",
        "gl_nm": "지급수수료_보안",
        "amount": 6.79
      },
      {
        "yyyymm": "202503",
        "ctgr2": "지급수수료",
        "ctgr3": "지급수수료_재고조사",
        "gl_nm": "지급수수료_재고조사",
        "amount": 5.57
      },
      {
        "yyyymm": "202503",
        "ctgr2": "지급수수료",
        "ctgr3": "지급수수료_리스료(차량)",
        "gl_nm": "지급수수료_렌탈료(차량)",
        "amount": 3.01
      },
      {
        "yyyymm": "202503",
        "ctgr2": "지급수수료",
        "ctgr3": "지급수수료_퀵서비스",
        "gl_nm": "지급수수료_퀵서비스",
        "amount": 2.78
      },
      {
        "yyyymm": "202503",
        "ctgr2": "지급수수료",
        "ctgr3": "지급수수료_공사비",
        "gl_nm": "지급수수료_공사비",
        "amount": 0.9
      },
      {
        "yyyymm": "202503",
        "ctgr2": "지급수수료",
        "ctgr3": "지급수수료_건물유지보수비",
        "gl_nm": "지급수수료_건물유지보수비",
        "amount": 0.73
      },
      {
        "yyyymm": "202503",
        "ctgr2": "지급수수료",
        "ctgr3": "지급수수료_리스료(차량제외)",
        "gl_nm": "지급수수료_렌탈료(차량제외)",
        "amount": 0.48
      },
      {
        "yyyymm": "202503",
        "ctgr2": "지급수수료",
        "ctgr3": "지급수수료_기타",
        "gl_nm": "지급수수료_공증/등기",
        "amount": 0.0
      },
      {
        "yyyymm": "202503",
        "ctgr2": "지급수수료",
        "ctgr3": "지급수수료_법률자문료",
        "gl_nm": "지급수수료_법률자문료",
        "amount": 0.0
      },
      {
        "yyyymm": "202503",
        "ctgr2": "지급수수료",
        "ctgr3": "지급수수료_인사채용",
        "gl_nm": "지급수수료_인사채용",
        "amount": 0.0
      },
      {
        "yyyymm": "202503",
        "ctgr2": "지급수수료",
        "ctgr3": "지급수수료_기타",
        "gl_nm": "지급수수료_폐기물처리",
        "amount": 0.0
      },
      {
        "yyyymm": "202503",
        "ctgr2": "지급수수료",
        "ctgr3": "지급수수료_기타",
        "gl_nm": "지급수수료_중개수수료",
        "amount": 0.0
      },
      {
        "yyyymm": "202503",
        "ctgr2": "지급수수료",
        "ctgr3": "지급수수료_IT유지보수비",
        "gl_nm": "지급수수료_IT유지보수비",
        "amount": 0.0
      },
      {
        "yyyymm": "202504",
        "ctgr2": "지급수수료",
        "ctgr3": "지급수수료_기타",
        "gl_nm": "지급수수료_지급용역비",
        "amount": 28.15
      },
      {
        "yyyymm": "202504",
        "ctgr2": "지급수수료",
        "ctgr3": "지급수수료_기타",
        "gl_nm": "지급수수료_수출입관련",
        "amount": 16.19
      },
      {
        "yyyymm": "202504",
        "ctgr2": "지급수수료",
        "ctgr3": "지급수수료_IT사용료",
        "gl_nm": "지급수수료_IT사용료",
        "amount": 12.18
      },
      {
        "yyyymm": "202504",
        "ctgr2": "지급수수료",
        "ctgr3": "지급수수료_재고조사",
        "gl_nm": "지급수수료_재고조사",
        "amount": 11.42
      },
      {
        "yyyymm": "202504",
        "ctgr2": "지급수수료",
        "ctgr3": "지급수수료_보안",
        "gl_nm": "지급수수료_보안",
        "amount": 3.44
      },
      {
        "yyyymm": "202504",
        "ctgr2": "지급수수료",
        "ctgr3": "지급수수료_기타",
        "gl_nm": "지급수수료_기타",
        "amount": 3.03
      },
      {
        "yyyymm": "202504",
        "ctgr2": "지급수수료",
        "ctgr3": "지급수수료_퀵서비스",
        "gl_nm": "지급수수료_퀵서비스",
        "amount": 2.72
      },
      {
        "yyyymm": "202504",
        "ctgr2": "지급수수료",
        "ctgr3": "지급수수료_리스료(차량)",
        "gl_nm": "지급수수료_렌탈료(차량)",
        "amount": 2.67
      },
      {
        "yyyymm": "202504",
        "ctgr2": "지급수수료",
        "ctgr3": "지급수수료_기타",
        "gl_nm": "지급수수료_폐기물처리",
        "amount": 1.6
      },
      {
        "yyyymm": "202504",
        "ctgr2": "지급수수료",
        "ctgr3": "지급수수료_건물유지보수비",
        "gl_nm": "지급수수료_건물유지보수비",
        "amount": 0.73
      },
      {
        "yyyymm": "202504",
        "ctgr2": "지급수수료",
        "ctgr3": "지급수수료_리스료(차량제외)",
        "gl_nm": "지급수수료_렌탈료(차량제외)",
        "amount": 0.48
      },
      {
        "yyyymm": "202504",
        "ctgr2": "지급수수료",
        "ctgr3": "지급수수료_IT유지보수비",
        "gl_nm": "지급수수료_IT유지보수비",
        "amount": 0.0
      },
      {
        "yyyymm": "202504",
        "ctgr2": "지급수수료",
        "ctgr3": "지급수수료_기타",
        "gl_nm": "지급수수료_중개수수료",
        "amount": 0.0
      },
      {
        "yyyymm": "202504",
        "ctgr2": "지급수수료",
        "ctgr3": "지급수수료_법률자문료",
        "gl_nm": "지급수수료_법률자문료",
        "amount": 0.0
      },
      {
        "yyyymm": "202504",
        "ctgr2": "지급수수료",
        "ctgr3": "지급수수료_인사채용",
        "gl_nm": "지급수수료_인사채용",
        "amount": 0.0
      },
      {
        "yyyymm": "202504",
        "ctgr2": "지급수수료",
        "ctgr3": "지급수수료_기타",
        "gl_nm": "지급수수료_공증/등기",
        "amount": 0.0
      },
      {
        "yyyymm": "202504",
        "ctgr2": "지급수수료",
        "ctgr3": "지급수수료_공사비",
        "gl_nm": "지급수수료_공사비",
        "amount": 0.0
      },
      {
        "yyyymm": "202505",
        "ctgr2": "지급수수료",
        "ctgr3": "지급수수료_기타",
        "gl_nm": "지급수수료_수출입관련",
        "amount": 131.65
      },
      {
        "yyyymm": "202505",
        "ctgr2": "지급수수료",
        "ctgr3": "지급수수료_기타",
        "gl_nm": "지급수수료_지급용역비",
        "amount": 25.18
      },
      {
        "yyyymm": "202505",
        "ctgr2": "지급수수료",
        "ctgr3": "지급수수료_IT사용료",
        "gl_nm": "지급수수료_IT사용료",
        "amount": 13.35
      },
      {
        "yyyymm": "202505",
        "ctgr2": "지급수수료",
        "ctgr3": "지급수수료_인사채용",
        "gl_nm": "지급수수료_인사채용",
        "amount": 10.4
      },
      {
        "yyyymm": "202505",
        "ctgr2": "지급수수료",
        "ctgr3": "지급수수료_기타",
        "gl_nm": "지급수수료_기타",
        "amount": 9.73
      },
      {
        "yyyymm": "202505",
        "ctgr2": "지급수수료",
        "ctgr3": "지급수수료_퀵서비스",
        "gl_nm": "지급수수료_퀵서비스",
        "amount": 4.47
      },
      {
        "yyyymm": "202505",
        "ctgr2": "지급수수료",
        "ctgr3": "지급수수료_보안",
        "gl_nm": "지급수수료_보안",
        "amount": 4.36
      },
      {
        "yyyymm": "202505",
        "ctgr2": "지급수수료",
        "ctgr3": "지급수수료_리스료(차량)",
        "gl_nm": "지급수수료_렌탈료(차량)",
        "amount": 2.42
      },
      {
        "yyyymm": "202505",
        "ctgr2": "지급수수료",
        "ctgr3": "지급수수료_재고조사",
        "gl_nm": "지급수수료_재고조사",
        "amount": 1.56
      },
      {
        "yyyymm": "202505",
        "ctgr2": "지급수수료",
        "ctgr3": "지급수수료_건물유지보수비",
        "gl_nm": "지급수수료_건물유지보수비",
        "amount": 0.73
      },
      {
        "yyyymm": "202505",
        "ctgr2": "지급수수료",
        "ctgr3": "지급수수료_리스료(차량제외)",
        "gl_nm": "지급수수료_렌탈료(차량제외)",
        "amount": 0.69
      },
      {
        "yyyymm": "202505",
        "ctgr2": "지급수수료",
        "ctgr3": "지급수수료_기타",
        "gl_nm": "지급수수료_공증/등기",
        "amount": 0.01
      },
      {
        "yyyymm": "202505",
        "ctgr2": "지급수수료",
        "ctgr3": "지급수수료_기타",
        "gl_nm": "지급수수료_중개수수료",
        "amount": 0.0
      },
      {
        "yyyymm": "202505",
        "ctgr2": "지급수수료",
        "ctgr3": "지급수수료_법률자문료",
        "gl_nm": "지급수수료_법률자문료",
        "amount": 0.0
      },
      {
        "yyyymm": "202505",
        "ctgr2": "지급수수료",
        "ctgr3": "지급수수료_기타",
        "gl_nm": "지급수수료_폐기물처리",
        "amount": 0.0
      },
      {
        "yyyymm": "202505",
        "ctgr2": "지급수수료",
        "ctgr3": "지급수수료_공사비",
        "gl_nm": "지급수수료_공사비",
        "amount": 0.0
      },
      {
        "yyyymm": "202505",
        "ctgr2": "지급수수료",
        "ctgr3": "지급수수료_IT유지보수비",
        "gl_nm": "지급수수료_IT유지보수비",
        "amount": 0.0
      },
      {
        "yyyymm": "202506",
        "ctgr2": "지급수수료",
        "ctgr3": "지급수수료_기타",
        "gl_nm": "지급수수료_지급용역비",
        "amount": 196.71
      },
      {
        "yyyymm": "202506",
        "ctgr2": "지급수수료",
        "ctgr3": "지급수수료_기타",
        "gl_nm": "지급수수료_수출입관련",
        "amount": 63.18
      },
      {
        "yyyymm": "202506",
        "ctgr2": "지급수수료",
        "ctgr3": "지급수수료_재고조사",
        "gl_nm": "지급수수료_재고조사",
        "amount": 35.23
      },
      {
        "yyyymm": "202506",
        "ctgr2": "지급수수료",
        "ctgr3": "지급수수료_IT사용료",
        "gl_nm": "지급수수료_IT사용료",
        "amount": 10.05
      },
      {
        "yyyymm": "202506",
        "ctgr2": "지급수수료",
        "ctgr3": "지급수수료_인사채용",
        "gl_nm": "지급수수료_인사채용",
        "amount": 6.24
      },
      {
        "yyyymm": "202506",
        "ctgr2": "지급수수료",
        "ctgr3": "지급수수료_기타",
        "gl_nm": "지급수수료_기타",
        "amount": 4.4
      },
      {
        "yyyymm": "202506",
        "ctgr2": "지급수수료",
        "ctgr3": "지급수수료_보안",
        "gl_nm": "지급수수료_보안",
        "amount": 3.26
      },
      {
        "yyyymm": "202506",
        "ctgr2": "지급수수료",
        "ctgr3": "지급수수료_퀵서비스",
        "gl_nm": "지급수수료_퀵서비스",
        "amount": 2.46
      },
      {
        "yyyymm": "202506",
        "ctgr2": "지급수수료",
        "ctgr3": "지급수수료_리스료(차량)",
        "gl_nm": "지급수수료_렌탈료(차량)",
        "amount": 2.42
      },
      {
        "yyyymm": "202506",
        "ctgr2": "지급수수료",
        "ctgr3": "지급수수료_리스료(차량제외)",
        "gl_nm": "지급수수료_렌탈료(차량제외)",
        "amount": 1.7
      },
      {
        "yyyymm": "202506",
        "ctgr2": "지급수수료",
        "ctgr3": "지급수수료_건물유지보수비",
        "gl_nm": "지급수수료_건물유지보수비",
        "amount": 0.73
      },
      {
        "yyyymm": "202506",
        "ctgr2": "지급수수료",
        "ctgr3": "지급수수료_기타",
        "gl_nm": "지급수수료_중개수수료",
        "amount": 0.0
      },
      {
        "yyyymm": "202506",
        "ctgr2": "지급수수료",
        "ctgr3": "지급수수료_공사비",
        "gl_nm": "지급수수료_공사비",
        "amount": 0.0
      },
      {
        "yyyymm": "202506",
        "ctgr2": "지급수수료",
        "ctgr3": "지급수수료_기타",
        "gl_nm": "지급수수료_공증/등기",
        "amount": 0.0
      },
      {
        "yyyymm": "202506",
        "ctgr2": "지급수수료",
        "ctgr3": "지급수수료_기타",
        "gl_nm": "지급수수료_폐기물처리",
        "amount": 0.0
      },
      {
        "yyyymm": "202506",
        "ctgr2": "지급수수료",
        "ctgr3": "지급수수료_IT유지보수비",
        "gl_nm": "지급수수료_IT유지보수비",
        "amount": 0.0
      },
      {
        "yyyymm": "202506",
        "ctgr2": "지급수수료",
        "ctgr3": "지급수수료_법률자문료",
        "gl_nm": "지급수수료_법률자문료",
        "amount": 0.0
      },
      {
        "yyyymm": "202507",
        "ctgr2": "지급수수료",
        "ctgr3": "지급수수료_기타",
        "gl_nm": "지급수수료_지급용역비",
        "amount": 24.88
      },
      {
        "yyyymm": "202507",
        "ctgr2": "지급수수료",
        "ctgr3": "지급수수료_기타",
        "gl_nm": "지급수수료_수출입관련",
        "amount": 17.46
      },
      {
        "yyyymm": "202507",
        "ctgr2": "지급수수료",
        "ctgr3": "지급수수료_IT사용료",
        "gl_nm": "지급수수료_IT사용료",
        "amount": 11.67
      },
      {
        "yyyymm": "202507",
        "ctgr2": "지급수수료",
        "ctgr3": "지급수수료_재고조사",
        "gl_nm": "지급수수료_재고조사",
        "amount": 8.9
      },
      {
        "yyyymm": "202507",
        "ctgr2": "지급수수료",
        "ctgr3": "지급수수료_인사채용",
        "gl_nm": "지급수수료_인사채용",
        "amount": 6.6
      },
      {
        "yyyymm": "202507",
        "ctgr2": "지급수수료",
        "ctgr3": "지급수수료_보안",
        "gl_nm": "지급수수료_보안",
        "amount": 3.26
      },
      {
        "yyyymm": "202507",
        "ctgr2": "지급수수료",
        "ctgr3": "지급수수료_리스료(차량)",
        "gl_nm": "지급수수료_렌탈료(차량)",
        "amount": 3.2
      },
      {
        "yyyymm": "202507",
        "ctgr2": "지급수수료",
        "ctgr3": "지급수수료_IT유지보수비",
        "gl_nm": "지급수수료_IT유지보수비",
        "amount": 3.2
      },
      {
        "yyyymm": "202507",
        "ctgr2": "지급수수료",
        "ctgr3": "지급수수료_퀵서비스",
        "gl_nm": "지급수수료_퀵서비스",
        "amount": 3.04
      },
      {
        "yyyymm": "202507",
        "ctgr2": "지급수수료",
        "ctgr3": "지급수수료_기타",
        "gl_nm": "지급수수료_기타",
        "amount": 3.0
      },
      {
        "yyyymm": "202507",
        "ctgr2": "지급수수료",
        "ctgr3": "지급수수료_리스료(차량제외)",
        "gl_nm": "지급수수료_렌탈료(차량제외)",
        "amount": 2.26
      },
      {
        "yyyymm": "202507",
        "ctgr2": "지급수수료",
        "ctgr3": "지급수수료_건물유지보수비",
        "gl_nm": "지급수수료_건물유지보수비",
        "amount": 0.75
      },
      {
        "yyyymm": "202507",
        "ctgr2": "지급수수료",
        "ctgr3": "지급수수료_법률자문료",
        "gl_nm": "지급수수료_법률자문료",
        "amount": 0.0
      },
      {
        "yyyymm": "202507",
        "ctgr2": "지급수수료",
        "ctgr3": "지급수수료_기타",
        "gl_nm": "지급수수료_중개수수료",
        "amount": 0.0
      },
      {
        "yyyymm": "202507",
        "ctgr2": "지급수수료",
        "ctgr3": "지급수수료_공사비",
        "gl_nm": "지급수수료_공사비",
        "amount": 0.0
      },
      {
        "yyyymm": "202507",
        "ctgr2": "지급수수료",
        "ctgr3": "지급수수료_기타",
        "gl_nm": "지급수수료_폐기물처리",
        "amount": 0.0
      },
      {
        "yyyymm": "202507",
        "ctgr2": "지급수수료",
        "ctgr3": "지급수수료_기타",
        "gl_nm": "지급수수료_공증/등기",
        "amount": 0.0
      },
      {
        "yyyymm": "202508",
        "ctgr2": "지급수수료",
        "ctgr3": "지급수수료_기타",
        "gl_nm": "지급수수료_지급용역비",
        "amount": 38.19
      },
      {
        "yyyymm": "202508",
        "ctgr2": "지급수수료",
        "ctgr3": "지급수수료_기타",
        "gl_nm": "지급수수료_수출입관련",
        "amount": 19.59
      },
      {
        "yyyymm": "202508",
        "ctgr2": "지급수수료",
        "ctgr3": "지급수수료_IT사용료",
        "gl_nm": "지급수수료_IT사용료",
        "amount": 13.39
      },
      {
        "yyyymm": "202508",
        "ctgr2": "지급수수료",
        "ctgr3": "지급수수료_인사채용",
        "gl_nm": "지급수수료_인사채용",
        "amount": 12.8
      },
      {
        "yyyymm": "202508",
        "ctgr2": "지급수수료",
        "ctgr3": "지급수수료_기타",
        "gl_nm": "지급수수료_기타",
        "amount": 6.22
      },
      {
        "yyyymm": "202508",
        "ctgr2": "지급수수료",
        "ctgr3": "지급수수료_리스료(차량)",
        "gl_nm": "지급수수료_렌탈료(차량)",
        "amount": 3.58
      },
      {
        "yyyymm": "202508",
        "ctgr2": "지급수수료",
        "ctgr3": "지급수수료_보안",
        "gl_nm": "지급수수료_보안",
        "amount": 3.26
      },
      {
        "yyyymm": "202508",
        "ctgr2": "지급수수료",
        "ctgr3": "지급수수료_재고조사",
        "gl_nm": "지급수수료_재고조사",
        "amount": 3.24
      },
      {
        "yyyymm": "202508",
        "ctgr2": "지급수수료",
        "ctgr3": "지급수수료_퀵서비스",
        "gl_nm": "지급수수료_퀵서비스",
        "amount": 2.06
      },
      {
        "yyyymm": "202508",
        "ctgr2": "지급수수료",
        "ctgr3": "지급수수료_리스료(차량제외)",
        "gl_nm": "지급수수료_렌탈료(차량제외)",
        "amount": 1.75
      },
      {
        "yyyymm": "202508",
        "ctgr2": "지급수수료",
        "ctgr3": "지급수수료_건물유지보수비",
        "gl_nm": "지급수수료_건물유지보수비",
        "amount": 0.75
      },
      {
        "yyyymm": "202508",
        "ctgr2": "지급수수료",
        "ctgr3": "지급수수료_공사비",
        "gl_nm": "지급수수료_공사비",
        "amount": 0.0
      },
      {
        "yyyymm": "202508",
        "ctgr2": "지급수수료",
        "ctgr3": "지급수수료_법률자문료",
        "gl_nm": "지급수수료_법률자문료",
        "amount": 0.0
      },
      {
        "yyyymm": "202508",
        "ctgr2": "지급수수료",
        "ctgr3": "지급수수료_기타",
        "gl_nm": "지급수수료_공증/등기",
        "amount": 0.0
      },
      {
        "yyyymm": "202508",
        "ctgr2": "지급수수료",
        "ctgr3": "지급수수료_IT유지보수비",
        "gl_nm": "지급수수료_IT유지보수비",
        "amount": 0.0
      },
      {
        "yyyymm": "202508",
        "ctgr2": "지급수수료",
        "ctgr3": "지급수수료_기타",
        "gl_nm": "지급수수료_폐기물처리",
        "amount": 0.0
      },
      {
        "yyyymm": "202508",
        "ctgr2": "지급수수료",
        "ctgr3": "지급수수료_기타",
        "gl_nm": "지급수수료_중개수수료",
        "amount": 0.0
      },
      {
        "yyyymm": "202509",
        "ctgr2": "지급수수료",
        "ctgr3": "지급수수료_기타",
        "gl_nm": "지급수수료_지급용역비",
        "amount": 200.41
      },
      {
        "yyyymm": "202509",
        "ctgr2": "지급수수료",
        "ctgr3": "지급수수료_인사채용",
        "gl_nm": "지급수수료_인사채용",
        "amount": 24.0
      },
      {
        "yyyymm": "202509",
        "ctgr2": "지급수수료",
        "ctgr3": "지급수수료_기타",
        "gl_nm": "지급수수료_수출입관련",
        "amount": 18.32
      },
      {
        "yyyymm": "202509",
        "ctgr2": "지급수수료",
        "ctgr3": "지급수수료_IT사용료",
        "gl_nm": "지급수수료_IT사용료",
        "amount": 9.56
      },
      {
        "yyyymm": "202509",
        "ctgr2": "지급수수료",
        "ctgr3": "지급수수료_기타",
        "gl_nm": "지급수수료_기타",
        "amount": 5.19
      },
      {
        "yyyymm": "202509",
        "ctgr2": "지급수수료",
        "ctgr3": "지급수수료_리스료(차량)",
        "gl_nm": "지급수수료_렌탈료(차량)",
        "amount": 4.09
      },
      {
        "yyyymm": "202509",
        "ctgr2": "지급수수료",
        "ctgr3": "지급수수료_보안",
        "gl_nm": "지급수수료_보안",
        "amount": 3.11
      },
      {
        "yyyymm": "202509",
        "ctgr2": "지급수수료",
        "ctgr3": "지급수수료_퀵서비스",
        "gl_nm": "지급수수료_퀵서비스",
        "amount": 2.55
      },
      {
        "yyyymm": "202509",
        "ctgr2": "지급수수료",
        "ctgr3": "지급수수료_리스료(차량제외)",
        "gl_nm": "지급수수료_렌탈료(차량제외)",
        "amount": 1.91
      },
      {
        "yyyymm": "202509",
        "ctgr2": "지급수수료",
        "ctgr3": "지급수수료_재고조사",
        "gl_nm": "지급수수료_재고조사",
        "amount": 1.28
      },
      {
        "yyyymm": "202509",
        "ctgr2": "지급수수료",
        "ctgr3": "지급수수료_건물유지보수비",
        "gl_nm": "지급수수료_건물유지보수비",
        "amount": 0.75
      },
      {
        "yyyymm": "202509",
        "ctgr2": "지급수수료",
        "ctgr3": "지급수수료_기타",
        "gl_nm": "지급수수료_공증/등기",
        "amount": 0.0
      },
      {
        "yyyymm": "202509",
        "ctgr2": "지급수수료",
        "ctgr3": "지급수수료_공사비",
        "gl_nm": "지급수수료_공사비",
        "amount": 0.0
      },
      {
        "yyyymm": "202509",
        "ctgr2": "지급수수료",
        "ctgr3": "지급수수료_IT유지보수비",
        "gl_nm": "지급수수료_IT유지보수비",
        "amount": 0.0
      },
      {
        "yyyymm": "202509",
        "ctgr2": "지급수수료",
        "ctgr3": "지급수수료_기타",
        "gl_nm": "지급수수료_중개수수료",
        "amount": 0.0
      },
      {
        "yyyymm": "202509",
        "ctgr2": "지급수수료",
        "ctgr3": "지급수수료_법률자문료",
        "gl_nm": "지급수수료_법률자문료",
        "amount": 0.0
      },
      {
        "yyyymm": "202509",
        "ctgr2": "지급수수료",
        "ctgr3": "지급수수료_기타",
        "gl_nm": "지급수수료_폐기물처리",
        "amount": 0.0
      },
      {
        "yyyymm": "202510",
        "ctgr2": "지급수수료",
        "ctgr3": "지급수수료_공사비",
        "gl_nm": "지급수수료_공사비",
        "amount": 85.98
      },
      {
        "yyyymm": "202510",
        "ctgr2": "지급수수료",
        "ctgr3": "지급수수료_기타",
        "gl_nm": "지급수수료_중개수수료",
        "amount": 38.85
      },
      {
        "yyyymm": "202510",
        "ctgr2": "지급수수료",
        "ctgr3": "지급수수료_기타",
        "gl_nm": "지급수수료_지급용역비",
        "amount": 28.85
      },
      {
        "yyyymm": "202510",
        "ctgr2": "지급수수료",
        "ctgr3": "지급수수료_기타",
        "gl_nm": "지급수수료_수출입관련",
        "amount": 22.73
      },
      {
        "yyyymm": "202510",
        "ctgr2": "지급수수료",
        "ctgr3": "지급수수료_IT사용료",
        "gl_nm": "지급수수료_IT사용료",
        "amount": 9.87
      },
      {
        "yyyymm": "202510",
        "ctgr2": "지급수수료",
        "ctgr3": "지급수수료_기타",
        "gl_nm": "지급수수료_기타",
        "amount": 8.11
      },
      {
        "yyyymm": "202510",
        "ctgr2": "지급수수료",
        "ctgr3": "지급수수료_리스료(차량)",
        "gl_nm": "지급수수료_렌탈료(차량)",
        "amount": 3.96
      },
      {
        "yyyymm": "202510",
        "ctgr2": "지급수수료",
        "ctgr3": "지급수수료_보안",
        "gl_nm": "지급수수료_보안",
        "amount": 3.11
      },
      {
        "yyyymm": "202510",
        "ctgr2": "지급수수료",
        "ctgr3": "지급수수료_퀵서비스",
        "gl_nm": "지급수수료_퀵서비스",
        "amount": 2.43
      },
      {
        "yyyymm": "202510",
        "ctgr2": "지급수수료",
        "ctgr3": "지급수수료_리스료(차량제외)",
        "gl_nm": "지급수수료_렌탈료(차량제외)",
        "amount": 1.64
      },
      {
        "yyyymm": "202510",
        "ctgr2": "지급수수료",
        "ctgr3": "지급수수료_기타",
        "gl_nm": "지급수수료_폐기물처리",
        "amount": 0.8
      },
      {
        "yyyymm": "202510",
        "ctgr2": "지급수수료",
        "ctgr3": "지급수수료_건물유지보수비",
        "gl_nm": "지급수수료_건물유지보수비",
        "amount": 0.75
      },
      {
        "yyyymm": "202510",
        "ctgr2": "지급수수료",
        "ctgr3": "지급수수료_기타",
        "gl_nm": "지급수수료_공증/등기",
        "amount": 0.0
      },
      {
        "yyyymm": "202510",
        "ctgr2": "지급수수료",
        "ctgr3": "지급수수료_인사채용",
        "gl_nm": "지급수수료_인사채용",
        "amount": 0.0
      },
      {
        "yyyymm": "202510",
        "ctgr2": "지급수수료",
        "ctgr3": "지급수수료_재고조사",
        "gl_nm": "지급수수료_재고조사",
        "amount": 0.0
      },
      {
        "yyyymm": "202510",
        "ctgr2": "지급수수료",
        "ctgr3": "지급수수료_IT유지보수비",
        "gl_nm": "지급수수료_IT유지보수비",
        "amount": 0.0
      },
      {
        "yyyymm": "202510",
        "ctgr2": "지급수수료",
        "ctgr3": "지급수수료_법률자문료",
        "gl_nm": "지급수수료_법률자문료",
        "amount": 0.0
      },
      {
        "yyyymm": "202511",
        "ctgr2": "지급수수료",
        "ctgr3": "지급수수료_기타",
        "gl_nm": "지급수수료_지급용역비",
        "amount": 31.09
      },
      {
        "yyyymm": "202511",
        "ctgr2": "지급수수료",
        "ctgr3": "지급수수료_기타",
        "gl_nm": "지급수수료_수출입관련",
        "amount": 31.07
      },
      {
        "yyyymm": "202511",
        "ctgr2": "지급수수료",
        "ctgr3": "지급수수료_기타",
        "gl_nm": "지급수수료_기타",
        "amount": 12.25
      },
      {
        "yyyymm": "202511",
        "ctgr2": "지급수수료",
        "ctgr3": "지급수수료_IT사용료",
        "gl_nm": "지급수수료_IT사용료",
        "amount": 10.71
      },
      {
        "yyyymm": "202511",
        "ctgr2": "지급수수료",
        "ctgr3": "지급수수료_퀵서비스",
        "gl_nm": "지급수수료_퀵서비스",
        "amount": 5.5
      },
      {
        "yyyymm": "202511",
        "ctgr2": "지급수수료",
        "ctgr3": "지급수수료_리스료(차량)",
        "gl_nm": "지급수수료_렌탈료(차량)",
        "amount": 3.96
      },
      {
        "yyyymm": "202511",
        "ctgr2": "지급수수료",
        "ctgr3": "지급수수료_보안",
        "gl_nm": "지급수수료_보안",
        "amount": 3.11
      },
      {
        "yyyymm": "202511",
        "ctgr2": "지급수수료",
        "ctgr3": "지급수수료_리스료(차량제외)",
        "gl_nm": "지급수수료_렌탈료(차량제외)",
        "amount": 1.79
      },
      {
        "yyyymm": "202511",
        "ctgr2": "지급수수료",
        "ctgr3": "지급수수료_건물유지보수비",
        "gl_nm": "지급수수료_건물유지보수비",
        "amount": 0.98
      },
      {
        "yyyymm": "202511",
        "ctgr2": "지급수수료",
        "ctgr3": "지급수수료_인사채용",
        "gl_nm": "지급수수료_인사채용",
        "amount": 0.13
      },
      {
        "yyyymm": "202511",
        "ctgr2": "지급수수료",
        "ctgr3": "지급수수료_기타",
        "gl_nm": "지급수수료_공증/등기",
        "amount": 0.0
      },
      {
        "yyyymm": "202511",
        "ctgr2": "지급수수료",
        "ctgr3": "지급수수료_법률자문료",
        "gl_nm": "지급수수료_법률자문료",
        "amount": 0.0
      },
      {
        "yyyymm": "202511",
        "ctgr2": "지급수수료",
        "ctgr3": "지급수수료_공사비",
        "gl_nm": "지급수수료_공사비",
        "amount": 0.0
      },
      {
        "yyyymm": "202511",
        "ctgr2": "지급수수료",
        "ctgr3": "지급수수료_기타",
        "gl_nm": "지급수수료_폐기물처리",
        "amount": 0.0
      },
      {
        "yyyymm": "202511",
        "ctgr2": "지급수수료",
        "ctgr3": "지급수수료_재고조사",
        "gl_nm": "지급수수료_재고조사",
        "amount": 0.0
      },
      {
        "yyyymm": "202511",
        "ctgr2": "지급수수료",
        "ctgr3": "지급수수료_IT유지보수비",
        "gl_nm": "지급수수료_IT유지보수비",
        "amount": 0.0
      },
      {
        "yyyymm": "202511",
        "ctgr2": "지급수수료",
        "ctgr3": "지급수수료_기타",
        "gl_nm": "지급수수료_중개수수료",
        "amount": 0.0
      }
    ]
  }
}