{
  "country": "KR",
  "brand_cd": "V",
  "yyyymm": "202511",
  "key": "영업비",
  "sub_key": "인건비",
  "analysis_data": {
    "title": "인건비 분석",
    "sections": [
      {
        "div": "종합분석-1",
        "sub_title": "투자 방향성 종합 평가",
        "ai_text": "DUVETICA 브랜드는 2024년 11월 265백만원에서 2025년 11월 189백만원으로 인건비를 28.5% 축소하는 구조조정을 단행했습니다. 이는 전략적 인력 효율화를 통한 수익성 개선 정책으로 판단되며, 모든 인건비 항목에서 일관된 감소세를 보이고 있습니다. 특히 급료와임금(-33.2%), 퇴직급여충당금(-30.3%) 등 핵심 인건비의 대폭 감소는 조직 슬림화와 함께 운영 효율성 제고를 목표로 한 것으로 분석됩니다."
      },
      {
        "div": "종합분석-2",
        "sub_title": "효율적 투자 영역",
        "ai_text": "• 잡급 비중 확대: 전체 인건비 대비 잡급 비중이 2.9%에서 5.3%로 증가하여 유연한 인력 활용 체계 구축\n• 사회보험료 최적화: 국민연금(-32.0%), 의료보험(-27.6%) 등 법정부담금의 효율적 관리로 간접비 절감 달성\n• 퇴직급여 관리: 퇴직급여충당금 30.3% 감소로 장기 인건비 부담 경감 및 현금흐름 개선 기여\n• 고용보험료 절감: 28.3% 감소로 인력 구조 최적화 효과 확인"
      },
      {
        "div": "종합분석-3",
        "sub_title": "주의 필요 영역",
        "ai_text": "• 급료와임금 급감: 170백만원→114백만원(-33.2%)으로 핵심 인력의 대폭 감소 우려\n• 제수당 축소: 40백만원→33백만원(-18.0%)으로 직원 동기부여 및 성과 인센티브 체계 약화 가능성\n• 전반적 인력 규모 축소: 모든 인건비 항목의 동반 감소로 업무 공백 및 서비스 품질 저하 리스크\n• 산재보험료 감소: 33.2% 감소로 현장 인력 대폭 축소에 따른 운영 역량 제약 우려"
      },
      {
        "div": "종합분석-4",
        "sub_title": "이상징후 및 리스크 감지",
        "ai_text": "• 과도한 인력 감축: 전체 인건비 28.5% 감소는 일반적인 효율화 수준을 초과하는 구조조정으로, 핵심 역량 손실 및 조직 안정성 저해 위험 존재\n• 급격한 조직 변화: 모든 인건비 계정의 동시 감소는 사업 축소 또는 대규모 인력 재편을 의미하며, 브랜드 운영 연속성에 부정적 영향 우려\n• 미래 성장 역량 제약: 인력 투자 축소로 인한 중장기 경쟁력 약화 및 시장 대응력 저하 리스크\n• 직원 사기 저하: 급여 및 수당 감소로 인한 조직 내 불안감 확산 및 우수 인재 이탈 가능성"
      },
      {
        "div": "종합분석-5",
        "sub_title": "마케팅 전략 최적화 방안",
        "ai_text": "### 즉시 실행 방안\n1. 핵심 인력 보강: 급료와임금 33.2% 감소에 따른 필수 역량 공백 분석 및 선별적 충원 계획 수립\n2. 성과 인센티브 복원: 제수당 18.0% 감소분 중 핵심 성과 연동 부분 우선 회복으로 동기부여 체계 재구축\n3. 업무 프로세스 재설계: 인력 감축에 대응한 효율적 업무 분담 및 자동화 시스템 도입\n\n### 중장기 전략 방향\n1. 인력 구조 최적화: 정규직 대비 잡급(계약직/파트타임) 비중 확대를 통한 유연한 인력 운영 체계 구축\n2. 디지털 전환 가속화: 인건비 절감분을 IT 시스템 투자로 전환하여 생산성 향상 및 인력 의존도 감소\n3. 성과 기반 보상 체계: 고정급 축소 대신 성과 연동 변동급 확대로 효율적 인건비 관리 및 동기부여 강화\n4. 아웃소싱 확대: 비핵심 업무의 외부 위탁을 통한 고정 인건비 부담 경감"
      }
    ]
  },
  "ctgr1": "인건비",
  "summary": {
    "prev_year_total": 264.67,
    "curr_year_total": 189.21,
    "change_amount": -75.45,
    "change_pct": -28.5,
    "investment_direction": "축소"
  },
  "categories": [
    {
      "ctgr2": "인건비",
      "ctgr3": "잡급",
      "gl_nm": "잡급",
      "prev_year": 7.56,
      "curr_year": 9.95,
      "change": 2.39,
      "change_pct": 31.6,
      "is_new": false,
      "is_discontinued": false
    },
    {
      "ctgr2": "인건비",
      "ctgr3": "급료와 임금",
      "gl_nm": "급료와임금",
      "prev_year": 170.15,
      "curr_year": 113.63,
      "change": -56.52,
      "change_pct": -33.2,
      "is_new": false,
      "is_discontinued": false
    },
    {
      "ctgr2": "인건비",
      "ctgr3": "복리후생비_의료/건강",
      "gl_nm": "복리후생비_의료보험",
      "prev_year": 8.05,
      "curr_year": 5.82,
      "change": -2.22,
      "change_pct": -27.6,
      "is_new": false,
      "is_discontinued": false
    },
    {
      "ctgr2": "인건비",
      "ctgr3": "급료와 임금",
      "gl_nm": "제수당",
      "prev_year": 39.98,
      "curr_year": 32.8,
      "change": -7.18,
      "change_pct": -18.0,
      "is_new": false,
      "is_discontinued": false
    },
    {
      "ctgr2": "인건비",
      "ctgr3": "복리후생비_의료/건강",
      "gl_nm": "복리후생비_산재보험",
      "prev_year": 1.58,
      "curr_year": 1.06,
      "change": -0.53,
      "change_pct": -33.2,
      "is_new": false,
      "is_discontinued": false
    },
    {
      "ctgr2": "인건비",
      "ctgr3": "복리후생비_의료/건강",
      "gl_nm": "복리후생비_고용보험",
      "prev_year": 3.02,
      "curr_year": 2.17,
      "change": -0.85,
      "change_pct": -28.3,
      "is_new": false,
      "is_discontinued": false
    },
    {
      "ctgr2": "인건비",
      "ctgr3": "세금과공과_국민연금",
      "gl_nm": "세금과공과_국민연금",
      "prev_year": 8.06,
      "curr_year": 5.48,
      "change": -2.58,
      "change_pct": -32.0,
      "is_new": false,
      "is_discontinued": false
    },
    {
      "ctgr2": "인건비",
      "ctgr3": "퇴직급여",
      "gl_nm": "퇴직급여충당금전입액",
      "prev_year": 26.27,
      "curr_year": 18.3,
      "change": -7.96,
      "change_pct": -30.3,
      "is_new": false,
      "is_discontinued": false
    }
  ],
  "category_summary": {
    "increased": [
      {
        "ctgr2": "인건비",
        "ctgr3": "잡급",
        "gl_nm": "잡급",
        "prev_year": 7.56,
        "curr_year": 9.95,
        "change": 2.39,
        "change_pct": 31.6,
        "is_new": false,
        "is_discontinued": false
      }
    ],
    "decreased": [
      {
        "ctgr2": "인건비",
        "ctgr3": "급료와 임금",
        "gl_nm": "급료와임금",
        "prev_year": 170.15,
        "curr_year": 113.63,
        "change": -56.52,
        "change_pct": -33.2,
        "is_new": false,
        "is_discontinued": false
      },
      {
        "ctgr2": "인건비",
        "ctgr3": "복리후생비_의료/건강",
        "gl_nm": "복리후생비_의료보험",
        "prev_year": 8.05,
        "curr_year": 5.82,
        "change": -2.22,
        "change_pct": -27.6,
        "is_new": false,
        "is_discontinued": false
      },
      {
        "ctgr2": "인건비",
        "ctgr3": "급료와 임금",
        "gl_nm": "제수당",
        "prev_year": 39.98,
        "curr_year": 32.8,
        "change": -7.18,
        "change_pct": -18.0,
        "is_new": false,
        "is_discontinued": false
      },
      {
        "ctgr2": "인건비",
        "ctgr3": "복리후생비_의료/건강",
        "gl_nm": "복리후생비_산재보험",
        "prev_year": 1.58,
        "curr_year": 1.06,
        "change": -0.53,
        "change_pct": -33.2,
        "is_new": false,
        "is_discontinued": false
      },
      {
        "ctgr2": "인건비",
        "ctgr3": "복리후생비_의료/건강",
        "gl_nm": "복리후생비_고용보험",
        "prev_year": 3.02,
        "curr_year": 2.17,
        "change": -0.85,
        "change_pct": -28.3,
        "is_new": false,
        "is_discontinued": false
      },
      {
        "ctgr2": "인건비",
        "ctgr3": "세금과공과_국민연금",
        "gl_nm": "세금과공과_국민연금",
        "prev_year": 8.06,
        "curr_year": 5.48,
        "change": -2.58,
        "change_pct": -32.0,
        "is_new": false,
        "is_discontinued": false
      },
      {
        "ctgr2": "인건비",
        "ctgr3": "퇴직급여",
        "gl_nm": "퇴직급여충당금전입액",
        "prev_year": 26.27,
        "curr_year": 18.3,
        "change": -7.96,
        "change_pct": -30.3,
        "is_new": false,
        "is_discontinued": false
      }
    ],
    "new_investments": [],
    "discontinued": []
  },
  "raw_data": {
    "total_records": [
      {
        "PST_YYYYMM": "202411",
        "TOTAL_AMT": 264668057.0
      },
      {
        "PST_YYYYMM": "202511",
        "TOTAL_AMT": 189214786.0
      }
    ],
    "detail_records": [
      {
        "PST_YYYYMM": "202411",
        "BRD_CD": "V",
        "BRD_NM": "DUVETICA",
        "CTGR1": "인건비",
        "CTGR2": "인건비",
        "CTGR3": "급료와 임금",
        "GL_NM": "급료와임금",
        "TTL_USE_AMT": 170152816.0
      },
      {
        "PST_YYYYMM": "202511",
        "BRD_CD": "V",
        "BRD_NM": "DUVETICA",
        "CTGR1": "인건비",
        "CTGR2": "인건비",
        "CTGR3": "급료와 임금",
        "GL_NM": "급료와임금",
        "TTL_USE_AMT": 113634083.0
      },
      {
        "PST_YYYYMM": "202411",
        "BRD_CD": "V",
        "BRD_NM": "DUVETICA",
        "CTGR1": "인건비",
        "CTGR2": "인건비",
        "CTGR3": "급료와 임금",
        "GL_NM": "제수당",
        "TTL_USE_AMT": 39979911.0
      },
      {
        "PST_YYYYMM": "202511",
        "BRD_CD": "V",
        "BRD_NM": "DUVETICA",
        "CTGR1": "인건비",
        "CTGR2": "인건비",
        "CTGR3": "급료와 임금",
        "GL_NM": "제수당",
        "TTL_USE_AMT": 32801767.0
      },
      {
        "PST_YYYYMM": "202411",
        "BRD_CD": "V",
        "BRD_NM": "DUVETICA",
        "CTGR1": "인건비",
        "CTGR2": "인건비",
        "CTGR3": "퇴직급여",
        "GL_NM": "퇴직급여충당금전입액",
        "TTL_USE_AMT": 26266591.0
      },
      {
        "PST_YYYYMM": "202511",
        "BRD_CD": "V",
        "BRD_NM": "DUVETICA",
        "CTGR1": "인건비",
        "CTGR2": "인건비",
        "CTGR3": "퇴직급여",
        "GL_NM": "퇴직급여충당금전입액",
        "TTL_USE_AMT": 18304481.0
      },
      {
        "PST_YYYYMM": "202511",
        "BRD_CD": "V",
        "BRD_NM": "DUVETICA",
        "CTGR1": "인건비",
        "CTGR2": "인건비",
        "CTGR3": "잡급",
        "GL_NM": "잡급",
        "TTL_USE_AMT": 9951335.0
      },
      {
        "PST_YYYYMM": "202411",
        "BRD_CD": "V",
        "BRD_NM": "DUVETICA",
        "CTGR1": "인건비",
        "CTGR2": "인건비",
        "CTGR3": "세금과공과_국민연금",
        "GL_NM": "세금과공과_국민연금",
        "TTL_USE_AMT": 8057390.0
      },
      {
        "PST_YYYYMM": "202411",
        "BRD_CD": "V",
        "BRD_NM": "DUVETICA",
        "CTGR1": "인건비",
        "CTGR2": "인건비",
        "CTGR3": "복리후생비_의료/건강",
        "GL_NM": "복리후생비_의료보험",
        "TTL_USE_AMT": 8045290.0
      },
      {
        "PST_YYYYMM": "202411",
        "BRD_CD": "V",
        "BRD_NM": "DUVETICA",
        "CTGR1": "인건비",
        "CTGR2": "인건비",
        "CTGR3": "잡급",
        "GL_NM": "잡급",
        "TTL_USE_AMT": 7563640.0
      },
      {
        "PST_YYYYMM": "202511",
        "BRD_CD": "V",
        "BRD_NM": "DUVETICA",
        "CTGR1": "인건비",
        "CTGR2": "인건비",
        "CTGR3": "복리후생비_의료/건강",
        "GL_NM": "복리후생비_의료보험",
        "TTL_USE_AMT": 5821470.0
      },
      {
        "PST_YYYYMM": "202511",
        "BRD_CD": "V",
        "BRD_NM": "DUVETICA",
        "CTGR1": "인건비",
        "CTGR2": "인건비",
        "CTGR3": "세금과공과_국민연금",
        "GL_NM": "세금과공과_국민연금",
        "TTL_USE_AMT": 5478200.0
      },
      {
        "PST_YYYYMM": "202411",
        "BRD_CD": "V",
        "BRD_NM": "DUVETICA",
        "CTGR1": "인건비",
        "CTGR2": "인건비",
        "CTGR3": "복리후생비_의료/건강",
        "GL_NM": "복리후생비_고용보험",
        "TTL_USE_AMT": 3018038.0
      },
      {
        "PST_YYYYMM": "202511",
        "BRD_CD": "V",
        "BRD_NM": "DUVETICA",
        "CTGR1": "인건비",
        "CTGR2": "인건비",
        "CTGR3": "복리후생비_의료/건강",
        "GL_NM": "복리후생비_고용보험",
        "TTL_USE_AMT": 2165265.0
      },
      {
        "PST_YYYYMM": "202411",
        "BRD_CD": "V",
        "BRD_NM": "DUVETICA",
        "CTGR1": "인건비",
        "CTGR2": "인건비",
        "CTGR3": "복리후생비_의료/건강",
        "GL_NM": "복리후생비_산재보험",
        "TTL_USE_AMT": 1584381.0
      },
      {
        "PST_YYYYMM": "202511",
        "BRD_CD": "V",
        "BRD_NM": "DUVETICA",
        "CTGR1": "인건비",
        "CTGR2": "인건비",
        "CTGR3": "복리후생비_의료/건강",
        "GL_NM": "복리후생비_산재보험",
        "TTL_USE_AMT": 1058185.0
      }
    ]
  },
  "trend_data": {
    "trend_months": [
      "202412",
      "202501",
      "202502",
      "202503",
      "202504",
      "202505",
      "202506",
      "202507",
      "202508",
      "202509",
      "202510",
      "202511"
    ],
    "monthly_totals": [
      {
        "yyyymm": "202412",
        "total_amount": 231.03
      },
      {
        "yyyymm": "202501",
        "total_amount": 172.83
      },
      {
        "yyyymm": "202502",
        "total_amount": 166.89
      },
      {
        "yyyymm": "202503",
        "total_amount": 177.01
      },
      {
        "yyyymm": "202504",
        "total_amount": 233.82
      },
      {
        "yyyymm": "202505",
        "total_amount": 183.18
      },
      {
        "yyyymm": "202506",
        "total_amount": 175.51
      },
      {
        "yyyymm": "202507",
        "total_amount": 176.15
      },
      {
        "yyyymm": "202508",
        "total_amount": 177.21
      },
      {
        "yyyymm": "202509",
        "total_amount": 173.33
      },
      {
        "yyyymm": "202510",
        "total_amount": 246.34
      },
      {
        "yyyymm": "202511",
        "total_amount": 189.21
      }
    ],
    "monthly_details": [
      {
        "yyyymm": "202412",
        "ctgr2": "인건비",
        "ctgr3": "급료와 임금",
        "gl_nm": "급료와임금",
        "amount": 146.4
      },
      {
        "yyyymm": "202412",
        "ctgr2": "인건비",
        "ctgr3": "급료와 임금",
        "gl_nm": "제수당",
        "amount": 35.53
      },
      {
        "yyyymm": "202412",
        "ctgr2": "인건비",
        "ctgr3": "퇴직급여",
        "gl_nm": "퇴직급여충당금전입액",
        "amount": 20.2
      },
      {
        "yyyymm": "202412",
        "ctgr2": "인건비",
        "ctgr3": "잡급",
        "gl_nm": "잡급",
        "amount": 9.2
      },
      {
        "yyyymm": "202412",
        "ctgr2": "인건비",
        "ctgr3": "복리후생비_의료/건강",
        "gl_nm": "복리후생비_의료보험",
        "amount": 8.58
      },
      {
        "yyyymm": "202412",
        "ctgr2": "인건비",
        "ctgr3": "세금과공과_국민연금",
        "gl_nm": "세금과공과_국민연금",
        "amount": 7.11
      },
      {
        "yyyymm": "202412",
        "ctgr2": "인건비",
        "ctgr3": "복리후생비_의료/건강",
        "gl_nm": "복리후생비_고용보험",
        "amount": 2.68
      },
      {
        "yyyymm": "202412",
        "ctgr2": "인건비",
        "ctgr3": "복리후생비_의료/건강",
        "gl_nm": "복리후생비_산재보험",
        "amount": 1.32
      },
      {
        "yyyymm": "202501",
        "ctgr2": "인건비",
        "ctgr3": "급료와 임금",
        "gl_nm": "급료와임금",
        "amount": 110.12
      },
      {
        "yyyymm": "202501",
        "ctgr2": "인건비",
        "ctgr3": "급료와 임금",
        "gl_nm": "제수당",
        "amount": 24.85
      },
      {
        "yyyymm": "202501",
        "ctgr2": "인건비",
        "ctgr3": "퇴직급여",
        "gl_nm": "퇴직급여충당금전입액",
        "amount": 16.87
      },
      {
        "yyyymm": "202501",
        "ctgr2": "인건비",
        "ctgr3": "잡급",
        "gl_nm": "잡급",
        "amount": 6.67
      },
      {
        "yyyymm": "202501",
        "ctgr2": "인건비",
        "ctgr3": "복리후생비_의료/건강",
        "gl_nm": "복리후생비_의료보험",
        "amount": 6.08
      },
      {
        "yyyymm": "202501",
        "ctgr2": "인건비",
        "ctgr3": "세금과공과_국민연금",
        "gl_nm": "세금과공과_국민연금",
        "amount": 5.37
      },
      {
        "yyyymm": "202501",
        "ctgr2": "인건비",
        "ctgr3": "복리후생비_의료/건강",
        "gl_nm": "복리후생비_고용보험",
        "amount": 1.9
      },
      {
        "yyyymm": "202501",
        "ctgr2": "인건비",
        "ctgr3": "복리후생비_의료/건강",
        "gl_nm": "복리후생비_산재보험",
        "amount": 0.98
      },
      {
        "yyyymm": "202502",
        "ctgr2": "인건비",
        "ctgr3": "급료와 임금",
        "gl_nm": "급료와임금",
        "amount": 107.19
      },
      {
        "yyyymm": "202502",
        "ctgr2": "인건비",
        "ctgr3": "급료와 임금",
        "gl_nm": "제수당",
        "amount": 24.6
      },
      {
        "yyyymm": "202502",
        "ctgr2": "인건비",
        "ctgr3": "퇴직급여",
        "gl_nm": "퇴직급여충당금전입액",
        "amount": 16.47
      },
      {
        "yyyymm": "202502",
        "ctgr2": "인건비",
        "ctgr3": "잡급",
        "gl_nm": "잡급",
        "amount": 5.88
      },
      {
        "yyyymm": "202502",
        "ctgr2": "인건비",
        "ctgr3": "복리후생비_의료/건강",
        "gl_nm": "복리후생비_의료보험",
        "amount": 5.21
      },
      {
        "yyyymm": "202502",
        "ctgr2": "인건비",
        "ctgr3": "세금과공과_국민연금",
        "gl_nm": "세금과공과_국민연금",
        "amount": 4.53
      },
      {
        "yyyymm": "202502",
        "ctgr2": "인건비",
        "ctgr3": "복리후생비_의료/건강",
        "gl_nm": "복리후생비_고용보험",
        "amount": 2.02
      },
      {
        "yyyymm": "202502",
        "ctgr2": "인건비",
        "ctgr3": "복리후생비_의료/건강",
        "gl_nm": "복리후생비_산재보험",
        "amount": 0.98
      },
      {
        "yyyymm": "202503",
        "ctgr2": "인건비",
        "ctgr3": "급료와 임금",
        "gl_nm": "급료와임금",
        "amount": 122.04
      },
      {
        "yyyymm": "202503",
        "ctgr2": "인건비",
        "ctgr3": "급료와 임금",
        "gl_nm": "제수당",
        "amount": 26.13
      },
      {
        "yyyymm": "202503",
        "ctgr2": "인건비",
        "ctgr3": "퇴직급여",
        "gl_nm": "퇴직급여충당금전입액",
        "amount": 12.01
      },
      {
        "yyyymm": "202503",
        "ctgr2": "인건비",
        "ctgr3": "복리후생비_의료/건강",
        "gl_nm": "복리후생비_의료보험",
        "amount": 4.96
      },
      {
        "yyyymm": "202503",
        "ctgr2": "인건비",
        "ctgr3": "잡급",
        "gl_nm": "잡급",
        "amount": 4.5
      },
      {
        "yyyymm": "202503",
        "ctgr2": "인건비",
        "ctgr3": "세금과공과_국민연금",
        "gl_nm": "세금과공과_국민연금",
        "amount": 4.47
      },
      {
        "yyyymm": "202503",
        "ctgr2": "인건비",
        "ctgr3": "복리후생비_의료/건강",
        "gl_nm": "복리후생비_고용보험",
        "amount": 1.95
      },
      {
        "yyyymm": "202503",
        "ctgr2": "인건비",
        "ctgr3": "복리후생비_의료/건강",
        "gl_nm": "복리후생비_산재보험",
        "amount": 0.96
      },
      {
        "yyyymm": "202504",
        "ctgr2": "인건비",
        "ctgr3": "급료와 임금",
        "gl_nm": "급료와임금",
        "amount": 121.75
      },
      {
        "yyyymm": "202504",
        "ctgr2": "인건비",
        "ctgr3": "급료와 임금",
        "gl_nm": "제수당",
        "amount": 68.12
      },
      {
        "yyyymm": "202504",
        "ctgr2": "인건비",
        "ctgr3": "퇴직급여",
        "gl_nm": "퇴직급여충당금전입액",
        "amount": 19.67
      },
      {
        "yyyymm": "202504",
        "ctgr2": "인건비",
        "ctgr3": "복리후생비_의료/건강",
        "gl_nm": "복리후생비_의료보험",
        "amount": 8.46
      },
      {
        "yyyymm": "202504",
        "ctgr2": "인건비",
        "ctgr3": "세금과공과_국민연금",
        "gl_nm": "세금과공과_국민연금",
        "amount": 5.09
      },
      {
        "yyyymm": "202504",
        "ctgr2": "인건비",
        "ctgr3": "잡급",
        "gl_nm": "잡급",
        "amount": 4.73
      },
      {
        "yyyymm": "202504",
        "ctgr2": "인건비",
        "ctgr3": "복리후생비_의료/건강",
        "gl_nm": "복리후생비_고용보험",
        "amount": 4.2
      },
      {
        "yyyymm": "202504",
        "ctgr2": "인건비",
        "ctgr3": "복리후생비_의료/건강",
        "gl_nm": "복리후생비_산재보험",
        "amount": 1.79
      },
      {
        "yyyymm": "202505",
        "ctgr2": "인건비",
        "ctgr3": "급료와 임금",
        "gl_nm": "급료와임금",
        "amount": 112.01
      },
      {
        "yyyymm": "202505",
        "ctgr2": "인건비",
        "ctgr3": "급료와 임금",
        "gl_nm": "제수당",
        "amount": 25.69
      },
      {
        "yyyymm": "202505",
        "ctgr2": "인건비",
        "ctgr3": "퇴직급여",
        "gl_nm": "퇴직급여충당금전입액",
        "amount": 17.21
      },
      {
        "yyyymm": "202505",
        "ctgr2": "인건비",
        "ctgr3": "잡급",
        "gl_nm": "잡급",
        "amount": 12.3
      },
      {
        "yyyymm": "202505",
        "ctgr2": "인건비",
        "ctgr3": "복리후생비_의료/건강",
        "gl_nm": "복리후생비_의료보험",
        "amount": 8.08
      },
      {
        "yyyymm": "202505",
        "ctgr2": "인건비",
        "ctgr3": "세금과공과_국민연금",
        "gl_nm": "세금과공과_국민연금",
        "amount": 4.68
      },
      {
        "yyyymm": "202505",
        "ctgr2": "인건비",
        "ctgr3": "복리후생비_의료/건강",
        "gl_nm": "복리후생비_고용보험",
        "amount": 2.16
      },
      {
        "yyyymm": "202505",
        "ctgr2": "인건비",
        "ctgr3": "복리후생비_의료/건강",
        "gl_nm": "복리후생비_산재보험",
        "amount": 1.05
      },
      {
        "yyyymm": "202506",
        "ctgr2": "인건비",
        "ctgr3": "급료와 임금",
        "gl_nm": "급료와임금",
        "amount": 108.93
      },
      {
        "yyyymm": "202506",
        "ctgr2": "인건비",
        "ctgr3": "급료와 임금",
        "gl_nm": "제수당",
        "amount": 25.1
      },
      {
        "yyyymm": "202506",
        "ctgr2": "인건비",
        "ctgr3": "잡급",
        "gl_nm": "잡급",
        "amount": 14.63
      },
      {
        "yyyymm": "202506",
        "ctgr2": "인건비",
        "ctgr3": "퇴직급여",
        "gl_nm": "퇴직급여충당금전입액",
        "amount": 11.03
      },
      {
        "yyyymm": "202506",
        "ctgr2": "인건비",
        "ctgr3": "복리후생비_의료/건강",
        "gl_nm": "복리후생비_의료보험",
        "amount": 7.64
      },
      {
        "yyyymm": "202506",
        "ctgr2": "인건비",
        "ctgr3": "세금과공과_국민연금",
        "gl_nm": "세금과공과_국민연금",
        "amount": 4.94
      },
      {
        "yyyymm": "202506",
        "ctgr2": "인건비",
        "ctgr3": "복리후생비_의료/건강",
        "gl_nm": "복리후생비_고용보험",
        "amount": 2.2
      },
      {
        "yyyymm": "202506",
        "ctgr2": "인건비",
        "ctgr3": "복리후생비_의료/건강",
        "gl_nm": "복리후생비_산재보험",
        "amount": 1.04
      },
      {
        "yyyymm": "202507",
        "ctgr2": "인건비",
        "ctgr3": "급료와 임금",
        "gl_nm": "급료와임금",
        "amount": 107.92
      },
      {
        "yyyymm": "202507",
        "ctgr2": "인건비",
        "ctgr3": "급료와 임금",
        "gl_nm": "제수당",
        "amount": 27.44
      },
      {
        "yyyymm": "202507",
        "ctgr2": "인건비",
        "ctgr3": "퇴직급여",
        "gl_nm": "퇴직급여충당금전입액",
        "amount": 16.92
      },
      {
        "yyyymm": "202507",
        "ctgr2": "인건비",
        "ctgr3": "잡급",
        "gl_nm": "잡급",
        "amount": 10.39
      },
      {
        "yyyymm": "202507",
        "ctgr2": "인건비",
        "ctgr3": "복리후생비_의료/건강",
        "gl_nm": "복리후생비_의료보험",
        "amount": 5.33
      },
      {
        "yyyymm": "202507",
        "ctgr2": "인건비",
        "ctgr3": "세금과공과_국민연금",
        "gl_nm": "세금과공과_국민연금",
        "amount": 4.88
      },
      {
        "yyyymm": "202507",
        "ctgr2": "인건비",
        "ctgr3": "복리후생비_의료/건강",
        "gl_nm": "복리후생비_고용보험",
        "amount": 2.21
      },
      {
        "yyyymm": "202507",
        "ctgr2": "인건비",
        "ctgr3": "복리후생비_의료/건강",
        "gl_nm": "복리후생비_산재보험",
        "amount": 1.06
      },
      {
        "yyyymm": "202508",
        "ctgr2": "인건비",
        "ctgr3": "급료와 임금",
        "gl_nm": "급료와임금",
        "amount": 107.92
      },
      {
        "yyyymm": "202508",
        "ctgr2": "인건비",
        "ctgr3": "급료와 임금",
        "gl_nm": "제수당",
        "amount": 28.33
      },
      {
        "yyyymm": "202508",
        "ctgr2": "인건비",
        "ctgr3": "퇴직급여",
        "gl_nm": "퇴직급여충당금전입액",
        "amount": 18.18
      },
      {
        "yyyymm": "202508",
        "ctgr2": "인건비",
        "ctgr3": "잡급",
        "gl_nm": "잡급",
        "amount": 8.93
      },
      {
        "yyyymm": "202508",
        "ctgr2": "인건비",
        "ctgr3": "세금과공과_국민연금",
        "gl_nm": "세금과공과_국민연금",
        "amount": 5.37
      },
      {
        "yyyymm": "202508",
        "ctgr2": "인건비",
        "ctgr3": "복리후생비_의료/건강",
        "gl_nm": "복리후생비_의료보험",
        "amount": 5.33
      },
      {
        "yyyymm": "202508",
        "ctgr2": "인건비",
        "ctgr3": "복리후생비_의료/건강",
        "gl_nm": "복리후생비_고용보험",
        "amount": 2.13
      },
      {
        "yyyymm": "202508",
        "ctgr2": "인건비",
        "ctgr3": "복리후생비_의료/건강",
        "gl_nm": "복리후생비_산재보험",
        "amount": 1.02
      },
      {
        "yyyymm": "202509",
        "ctgr2": "인건비",
        "ctgr3": "급료와 임금",
        "gl_nm": "급료와임금",
        "amount": 114.99
      },
      {
        "yyyymm": "202509",
        "ctgr2": "인건비",
        "ctgr3": "급료와 임금",
        "gl_nm": "제수당",
        "amount": 26.61
      },
      {
        "yyyymm": "202509",
        "ctgr2": "인건비",
        "ctgr3": "잡급",
        "gl_nm": "잡급",
        "amount": 9.72
      },
      {
        "yyyymm": "202509",
        "ctgr2": "인건비",
        "ctgr3": "퇴직급여",
        "gl_nm": "퇴직급여충당금전입액",
        "amount": 8.77
      },
      {
        "yyyymm": "202509",
        "ctgr2": "인건비",
        "ctgr3": "복리후생비_의료/건강",
        "gl_nm": "복리후생비_의료보험",
        "amount": 5.23
      },
      {
        "yyyymm": "202509",
        "ctgr2": "인건비",
        "ctgr3": "세금과공과_국민연금",
        "gl_nm": "세금과공과_국민연금",
        "amount": 4.96
      },
      {
        "yyyymm": "202509",
        "ctgr2": "인건비",
        "ctgr3": "복리후생비_의료/건강",
        "gl_nm": "복리후생비_고용보험",
        "amount": 2.05
      },
      {
        "yyyymm": "202509",
        "ctgr2": "인건비",
        "ctgr3": "복리후생비_의료/건강",
        "gl_nm": "복리후생비_산재보험",
        "amount": 1.0
      },
      {
        "yyyymm": "202510",
        "ctgr2": "인건비",
        "ctgr3": "급료와 임금",
        "gl_nm": "급료와임금",
        "amount": 109.71
      },
      {
        "yyyymm": "202510",
        "ctgr2": "인건비",
        "ctgr3": "급료와 임금",
        "gl_nm": "제수당",
        "amount": 97.46
      },
      {
        "yyyymm": "202510",
        "ctgr2": "인건비",
        "ctgr3": "퇴직급여",
        "gl_nm": "퇴직급여충당금전입액",
        "amount": 17.11
      },
      {
        "yyyymm": "202510",
        "ctgr2": "인건비",
        "ctgr3": "잡급",
        "gl_nm": "잡급",
        "amount": 9.45
      },
      {
        "yyyymm": "202510",
        "ctgr2": "인건비",
        "ctgr3": "복리후생비_의료/건강",
        "gl_nm": "복리후생비_의료보험",
        "amount": 5.87
      },
      {
        "yyyymm": "202510",
        "ctgr2": "인건비",
        "ctgr3": "세금과공과_국민연금",
        "gl_nm": "세금과공과_국민연금",
        "amount": 4.18
      },
      {
        "yyyymm": "202510",
        "ctgr2": "인건비",
        "ctgr3": "복리후생비_의료/건강",
        "gl_nm": "복리후생비_고용보험",
        "amount": 1.54
      },
      {
        "yyyymm": "202510",
        "ctgr2": "인건비",
        "ctgr3": "복리후생비_의료/건강",
        "gl_nm": "복리후생비_산재보험",
        "amount": 1.02
      },
      {
        "yyyymm": "202511",
        "ctgr2": "인건비",
        "ctgr3": "급료와 임금",
        "gl_nm": "급료와임금",
        "amount": 113.63
      },
      {
        "yyyymm": "202511",
        "ctgr2": "인건비",
        "ctgr3": "급료와 임금",
        "gl_nm": "제수당",
        "amount": 32.8
      },
      {
        "yyyymm": "202511",
        "ctgr2": "인건비",
        "ctgr3": "퇴직급여",
        "gl_nm": "퇴직급여충당금전입액",
        "amount": 18.3
      },
      {
        "yyyymm": "202511",
        "ctgr2": "인건비",
        "ctgr3": "잡급",
        "gl_nm": "잡급",
        "amount": 9.95
      },
      {
        "yyyymm": "202511",
        "ctgr2": "인건비",
        "ctgr3": "복리후생비_의료/건강",
        "gl_nm": "복리후생비_의료보험",
        "amount": 5.82
      },
      {
        "yyyymm": "202511",
        "ctgr2": "인건비",
        "ctgr3": "세금과공과_국민연금",
        "gl_nm": "세금과공과_국민연금",
        "amount": 5.48
      },
      {
        "yyyymm": "202511",
        "ctgr2": "인건비",
        "ctgr3": "복리후생비_의료/건강",
        "gl_nm": "복리후생비_고용보험",
        "amount": 2.17
      },
      {
        "yyyymm": "202511",
        "ctgr2": "인건비",
        "ctgr3": "복리후생비_의료/건강",
        "gl_nm": "복리후생비_산재보험",
        "amount": 1.06
      }
    ]
  }
}