{
  "country": "KR",
  "brand_cd": "M",
  "brand_name": "MLB",
  "yyyymm": "202511",
  "yyyymm_py": "202411",
  "key": "월별아이템별재고추세",
  "analysis_data": {
    "title": "아이템별 재고 종합분석 (당해 1월~현재월)",
    "sections": [
      {
        "div": "종합분석-1",
        "sub_title": "조기경보",
        "ai_text": "• 2025년 1월부터 재고 데이터가 본격 시작되어 기준점 부재\n• 2월 339,980백만원으로 연중 최고점 기록\n• 하반기 재고 변동성 확대로 관리 난이도 증가"
      },
      {
        "div": "종합분석-2",
        "sub_title": "긍정신호",
        "ai_text": "• 5월 282,076백만원으로 연중 최저점 달성\n• 11월 304,612백만원으로 전월 대비 26,373백만원 감소\n• 하반기 재고 조정을 통한 효과적 재고 관리"
      },
      {
        "div": "종합분석-3",
        "sub_title": "인사이트",
        "ai_text": "• 총재고 11월 304,612백만원\n• 5월 저점 후 하반기 반등세 지속\n• 하반기 재고 증가 후 11월 조정 국면 진입"
      }
    ]
  },
  "summary": {
    "total_stock": 3466261.86,
    "unique_months": 22,
    "unique_items": 8,
    "analysis_period": "2025년 01월 ~ 2025년 11월"
  },
  "monthly_totals": [
    {
      "yyyymm": "202401",
      "total_stock": 0.0
    },
    {
      "yyyymm": "202402",
      "total_stock": 0.0
    },
    {
      "yyyymm": "202403",
      "total_stock": 0.0
    },
    {
      "yyyymm": "202404",
      "total_stock": 0.0
    },
    {
      "yyyymm": "202405",
      "total_stock": 0.0
    },
    {
      "yyyymm": "202406",
      "total_stock": 0.0
    },
    {
      "yyyymm": "202407",
      "total_stock": 0.0
    },
    {
      "yyyymm": "202408",
      "total_stock": 0.0
    },
    {
      "yyyymm": "202409",
      "total_stock": 0.0
    },
    {
      "yyyymm": "202410",
      "total_stock": 0.0
    },
    {
      "yyyymm": "202411",
      "total_stock": 0.0
    },
    {
      "yyyymm": "202501",
      "total_stock": 321297.78
    },
    {
      "yyyymm": "202502",
      "total_stock": 339980.18
    },
    {
      "yyyymm": "202503",
      "total_stock": 317919.5
    },
    {
      "yyyymm": "202504",
      "total_stock": 301255.42
    },
    {
      "yyyymm": "202505",
      "total_stock": 282076.51
    },
    {
      "yyyymm": "202506",
      "total_stock": 285294.3
    },
    {
      "yyyymm": "202507",
      "total_stock": 310684.12
    },
    {
      "yyyymm": "202508",
      "total_stock": 327199.41
    },
    {
      "yyyymm": "202509",
      "total_stock": 344958.22
    },
    {
      "yyyymm": "202510",
      "total_stock": 330984.54
    },
    {
      "yyyymm": "202511",
      "total_stock": 304611.87
    }
  ],
  "early_warning_items": [],
  "positive_signal_items": [],
  "insights": {
    "final_month_total": 304611.87,
    "decreasing_months_count": 5,
    "increasing_months_count": 6,
    "min_month": "202401",
    "min_stock": 0.0
  },
  "raw_data": {
    "sample_records": [
      {
        "YYYYMM": "202401",
        "ITEM_STD": "25S 의류",
        "CY_END_STOCK_TAG_AMT": 0.0,
        "PY_END_STOCK_TAG_AMT": 55305323000.0,
        "YOY": 0.0
      },
      {
        "YYYYMM": "202401",
        "ITEM_STD": "가방",
        "CY_END_STOCK_TAG_AMT": 0.0,
        "PY_END_STOCK_TAG_AMT": 38688608000.0,
        "YOY": 0.0
      },
      {
        "YYYYMM": "202401",
        "ITEM_STD": "과시즌 의류",
        "CY_END_STOCK_TAG_AMT": 0.0,
        "PY_END_STOCK_TAG_AMT": 147511218000.0,
        "YOY": 0.0
      },
      {
        "YYYYMM": "202401",
        "ITEM_STD": "기타ACC",
        "CY_END_STOCK_TAG_AMT": 0.0,
        "PY_END_STOCK_TAG_AMT": 2828952900.0,
        "YOY": 0.0
      },
      {
        "YYYYMM": "202401",
        "ITEM_STD": "모자",
        "CY_END_STOCK_TAG_AMT": 0.0,
        "PY_END_STOCK_TAG_AMT": 60460183000.0,
        "YOY": 0.0
      },
      {
        "YYYYMM": "202401",
        "ITEM_STD": "신발",
        "CY_END_STOCK_TAG_AMT": 0.0,
        "PY_END_STOCK_TAG_AMT": 148946549000.0,
        "YOY": 0.0
      },
      {
        "YYYYMM": "202402",
        "ITEM_STD": "25F 의류",
        "CY_END_STOCK_TAG_AMT": 0.0,
        "PY_END_STOCK_TAG_AMT": 0.0,
        "YOY": 0.0
      },
      {
        "YYYYMM": "202402",
        "ITEM_STD": "25S 의류",
        "CY_END_STOCK_TAG_AMT": 0.0,
        "PY_END_STOCK_TAG_AMT": 78693023000.0,
        "YOY": 0.0
      },
      {
        "YYYYMM": "202402",
        "ITEM_STD": "가방",
        "CY_END_STOCK_TAG_AMT": 0.0,
        "PY_END_STOCK_TAG_AMT": 32397917000.0,
        "YOY": 0.0
      },
      {
        "YYYYMM": "202402",
        "ITEM_STD": "과시즌 의류",
        "CY_END_STOCK_TAG_AMT": 0.0,
        "PY_END_STOCK_TAG_AMT": 133640670000.0,
        "YOY": 0.0
      },
      {
        "YYYYMM": "202402",
        "ITEM_STD": "기타ACC",
        "CY_END_STOCK_TAG_AMT": 0.0,
        "PY_END_STOCK_TAG_AMT": 2536481700.0,
        "YOY": 0.0
      },
      {
        "YYYYMM": "202402",
        "ITEM_STD": "모자",
        "CY_END_STOCK_TAG_AMT": 0.0,
        "PY_END_STOCK_TAG_AMT": 54535863000.0,
        "YOY": 0.0
      },
      {
        "YYYYMM": "202402",
        "ITEM_STD": "신발",
        "CY_END_STOCK_TAG_AMT": 0.0,
        "PY_END_STOCK_TAG_AMT": 130933834000.0,
        "YOY": 0.0
      },
      {
        "YYYYMM": "202403",
        "ITEM_STD": "25F 의류",
        "CY_END_STOCK_TAG_AMT": 0.0,
        "PY_END_STOCK_TAG_AMT": 985307000.0,
        "YOY": 0.0
      },
      {
        "YYYYMM": "202403",
        "ITEM_STD": "25S 의류",
        "CY_END_STOCK_TAG_AMT": 0.0,
        "PY_END_STOCK_TAG_AMT": 76791115000.0,
        "YOY": 0.0
      },
      {
        "YYYYMM": "202403",
        "ITEM_STD": "가방",
        "CY_END_STOCK_TAG_AMT": 0.0,
        "PY_END_STOCK_TAG_AMT": 28732856000.0,
        "YOY": 0.0
      },
      {
        "YYYYMM": "202403",
        "ITEM_STD": "과시즌 의류",
        "CY_END_STOCK_TAG_AMT": 0.0,
        "PY_END_STOCK_TAG_AMT": 121305848000.0,
        "YOY": 0.0
      },
      {
        "YYYYMM": "202403",
        "ITEM_STD": "기타ACC",
        "CY_END_STOCK_TAG_AMT": 0.0,
        "PY_END_STOCK_TAG_AMT": 2626669500.0,
        "YOY": 0.0
      },
      {
        "YYYYMM": "202403",
        "ITEM_STD": "모자",
        "CY_END_STOCK_TAG_AMT": 0.0,
        "PY_END_STOCK_TAG_AMT": 51599575000.0,
        "YOY": 0.0
      },
      {
        "YYYYMM": "202403",
        "ITEM_STD": "신발",
        "CY_END_STOCK_TAG_AMT": 0.0,
        "PY_END_STOCK_TAG_AMT": 122662147000.0,
        "YOY": 0.0
      },
      {
        "YYYYMM": "202404",
        "ITEM_STD": "25F 의류",
        "CY_END_STOCK_TAG_AMT": 0.0,
        "PY_END_STOCK_TAG_AMT": 954133000.0,
        "YOY": 0.0
      },
      {
        "YYYYMM": "202404",
        "ITEM_STD": "25S 의류",
        "CY_END_STOCK_TAG_AMT": 0.0,
        "PY_END_STOCK_TAG_AMT": 62937405000.0,
        "YOY": 0.0
      },
      {
        "YYYYMM": "202404",
        "ITEM_STD": "가방",
        "CY_END_STOCK_TAG_AMT": 0.0,
        "PY_END_STOCK_TAG_AMT": 31078999000.0,
        "YOY": 0.0
      },
      {
        "YYYYMM": "202404",
        "ITEM_STD": "과시즌 의류",
        "CY_END_STOCK_TAG_AMT": 0.0,
        "PY_END_STOCK_TAG_AMT": 102018003000.0,
        "YOY": 0.0
      },
      {
        "YYYYMM": "202404",
        "ITEM_STD": "기타ACC",
        "CY_END_STOCK_TAG_AMT": 0.0,
        "PY_END_STOCK_TAG_AMT": 2481354500.0,
        "YOY": 0.0
      },
      {
        "YYYYMM": "202404",
        "ITEM_STD": "모자",
        "CY_END_STOCK_TAG_AMT": 0.0,
        "PY_END_STOCK_TAG_AMT": 41856312000.0,
        "YOY": 0.0
      },
      {
        "YYYYMM": "202404",
        "ITEM_STD": "신발",
        "CY_END_STOCK_TAG_AMT": 0.0,
        "PY_END_STOCK_TAG_AMT": 111882104000.0,
        "YOY": 0.0
      },
      {
        "YYYYMM": "202405",
        "ITEM_STD": "25F 의류",
        "CY_END_STOCK_TAG_AMT": 0.0,
        "PY_END_STOCK_TAG_AMT": 955060000.0,
        "YOY": 0.0
      },
      {
        "YYYYMM": "202405",
        "ITEM_STD": "25S 의류",
        "CY_END_STOCK_TAG_AMT": 0.0,
        "PY_END_STOCK_TAG_AMT": 53440692000.0,
        "YOY": 0.0
      },
      {
        "YYYYMM": "202405",
        "ITEM_STD": "가방",
        "CY_END_STOCK_TAG_AMT": 0.0,
        "PY_END_STOCK_TAG_AMT": 31005354000.0,
        "YOY": 0.0
      },
      {
        "YYYYMM": "202405",
        "ITEM_STD": "과시즌 의류",
        "CY_END_STOCK_TAG_AMT": 0.0,
        "PY_END_STOCK_TAG_AMT": 94375780000.0,
        "YOY": 0.0
      },
      {
        "YYYYMM": "202405",
        "ITEM_STD": "기타ACC",
        "CY_END_STOCK_TAG_AMT": 0.0,
        "PY_END_STOCK_TAG_AMT": 2592085800.0,
        "YOY": 0.0
      },
      {
        "YYYYMM": "202405",
        "ITEM_STD": "모자",
        "CY_END_STOCK_TAG_AMT": 0.0,
        "PY_END_STOCK_TAG_AMT": 41061626000.0,
        "YOY": 0.0
      },
      {
        "YYYYMM": "202405",
        "ITEM_STD": "신발",
        "CY_END_STOCK_TAG_AMT": 0.0,
        "PY_END_STOCK_TAG_AMT": 108731391000.0,
        "YOY": 0.0
      },
      {
        "YYYYMM": "202406",
        "ITEM_STD": "25F 의류",
        "CY_END_STOCK_TAG_AMT": 0.0,
        "PY_END_STOCK_TAG_AMT": 3196314000.0,
        "YOY": 0.0
      },
      {
        "YYYYMM": "202406",
        "ITEM_STD": "25S 의류",
        "CY_END_STOCK_TAG_AMT": 0.0,
        "PY_END_STOCK_TAG_AMT": 46861771000.0,
        "YOY": 0.0
      },
      {
        "YYYYMM": "202406",
        "ITEM_STD": "가방",
        "CY_END_STOCK_TAG_AMT": 0.0,
        "PY_END_STOCK_TAG_AMT": 32533931000.0,
        "YOY": 0.0
      },
      {
        "YYYYMM": "202406",
        "ITEM_STD": "과시즌 의류",
        "CY_END_STOCK_TAG_AMT": 0.0,
        "PY_END_STOCK_TAG_AMT": 80967858000.0,
        "YOY": 0.0
      },
      {
        "YYYYMM": "202406",
        "ITEM_STD": "기타ACC",
        "CY_END_STOCK_TAG_AMT": 0.0,
        "PY_END_STOCK_TAG_AMT": 4020866100.0,
        "YOY": 0.0
      },
      {
        "YYYYMM": "202406",
        "ITEM_STD": "모자",
        "CY_END_STOCK_TAG_AMT": 0.0,
        "PY_END_STOCK_TAG_AMT": 43848185000.0,
        "YOY": 0.0
      },
      {
        "YYYYMM": "202406",
        "ITEM_STD": "신발",
        "CY_END_STOCK_TAG_AMT": 0.0,
        "PY_END_STOCK_TAG_AMT": 116115182000.0,
        "YOY": 0.0
      },
      {
        "YYYYMM": "202407",
        "ITEM_STD": "25F 의류",
        "CY_END_STOCK_TAG_AMT": 0.0,
        "PY_END_STOCK_TAG_AMT": 21285736000.0,
        "YOY": 0.0
      },
      {
        "YYYYMM": "202407",
        "ITEM_STD": "25S 의류",
        "CY_END_STOCK_TAG_AMT": 0.0,
        "PY_END_STOCK_TAG_AMT": 40677769000.0,
        "YOY": 0.0
      },
      {
        "YYYYMM": "202407",
        "ITEM_STD": "가방",
        "CY_END_STOCK_TAG_AMT": 0.0,
        "PY_END_STOCK_TAG_AMT": 34159715000.0,
        "YOY": 0.0
      },
      {
        "YYYYMM": "202407",
        "ITEM_STD": "과시즌 의류",
        "CY_END_STOCK_TAG_AMT": 0.0,
        "PY_END_STOCK_TAG_AMT": 79101272000.0,
        "YOY": 0.0
      },
      {
        "YYYYMM": "202407",
        "ITEM_STD": "기타ACC",
        "CY_END_STOCK_TAG_AMT": 0.0,
        "PY_END_STOCK_TAG_AMT": 3476085300.0,
        "YOY": 0.0
      },
      {
        "YYYYMM": "202407",
        "ITEM_STD": "모자",
        "CY_END_STOCK_TAG_AMT": 0.0,
        "PY_END_STOCK_TAG_AMT": 45384411000.0,
        "YOY": 0.0
      },
      {
        "YYYYMM": "202407",
        "ITEM_STD": "신발",
        "CY_END_STOCK_TAG_AMT": 0.0,
        "PY_END_STOCK_TAG_AMT": 115570882000.0,
        "YOY": 0.0
      },
      {
        "YYYYMM": "202408",
        "ITEM_STD": "25F 의류",
        "CY_END_STOCK_TAG_AMT": 0.0,
        "PY_END_STOCK_TAG_AMT": 48202502000.0,
        "YOY": 0.0
      },
      {
        "YYYYMM": "202408",
        "ITEM_STD": "25S 의류",
        "CY_END_STOCK_TAG_AMT": 0.0,
        "PY_END_STOCK_TAG_AMT": 38473181000.0,
        "YOY": 0.0
      },
      {
        "YYYYMM": "202408",
        "ITEM_STD": "가방",
        "CY_END_STOCK_TAG_AMT": 0.0,
        "PY_END_STOCK_TAG_AMT": 28466550000.0,
        "YOY": 0.0
      },
      {
        "YYYYMM": "202408",
        "ITEM_STD": "과시즌 의류",
        "CY_END_STOCK_TAG_AMT": 0.0,
        "PY_END_STOCK_TAG_AMT": 70233260000.0,
        "YOY": 0.0
      },
      {
        "YYYYMM": "202408",
        "ITEM_STD": "기타ACC",
        "CY_END_STOCK_TAG_AMT": 0.0,
        "PY_END_STOCK_TAG_AMT": 3147736400.0,
        "YOY": 0.0
      },
      {
        "YYYYMM": "202408",
        "ITEM_STD": "모자",
        "CY_END_STOCK_TAG_AMT": 0.0,
        "PY_END_STOCK_TAG_AMT": 48364039000.0,
        "YOY": 0.0
      },
      {
        "YYYYMM": "202408",
        "ITEM_STD": "신발",
        "CY_END_STOCK_TAG_AMT": 0.0,
        "PY_END_STOCK_TAG_AMT": 113873797000.0,
        "YOY": 0.0
      },
      {
        "YYYYMM": "202409",
        "ITEM_STD": "25F 의류",
        "CY_END_STOCK_TAG_AMT": 0.0,
        "PY_END_STOCK_TAG_AMT": 71210253000.0,
        "YOY": 0.0
      },
      {
        "YYYYMM": "202409",
        "ITEM_STD": "25S 의류",
        "CY_END_STOCK_TAG_AMT": 0.0,
        "PY_END_STOCK_TAG_AMT": 37906828000.0,
        "YOY": 0.0
      },
      {
        "YYYYMM": "202409",
        "ITEM_STD": "가방",
        "CY_END_STOCK_TAG_AMT": 0.0,
        "PY_END_STOCK_TAG_AMT": 27639729000.0,
        "YOY": 0.0
      },
      {
        "YYYYMM": "202409",
        "ITEM_STD": "과시즌 의류",
        "CY_END_STOCK_TAG_AMT": 0.0,
        "PY_END_STOCK_TAG_AMT": 59920187000.0,
        "YOY": 0.0
      },
      {
        "YYYYMM": "202409",
        "ITEM_STD": "기타ACC",
        "CY_END_STOCK_TAG_AMT": 0.0,
        "PY_END_STOCK_TAG_AMT": 3186659000.0,
        "YOY": 0.0
      },
      {
        "YYYYMM": "202409",
        "ITEM_STD": "모자",
        "CY_END_STOCK_TAG_AMT": 0.0,
        "PY_END_STOCK_TAG_AMT": 51089688000.0,
        "YOY": 0.0
      },
      {
        "YYYYMM": "202409",
        "ITEM_STD": "신발",
        "CY_END_STOCK_TAG_AMT": 0.0,
        "PY_END_STOCK_TAG_AMT": 108286758000.0,
        "YOY": 0.0
      },
      {
        "YYYYMM": "202409",
        "ITEM_STD": "차기시즌 의류",
        "CY_END_STOCK_TAG_AMT": 0.0,
        "PY_END_STOCK_TAG_AMT": 0.0,
        "YOY": 0.0
      },
      {
        "YYYYMM": "202410",
        "ITEM_STD": "25F 의류",
        "CY_END_STOCK_TAG_AMT": 0.0,
        "PY_END_STOCK_TAG_AMT": 67210362000.0,
        "YOY": 0.0
      },
      {
        "YYYYMM": "202410",
        "ITEM_STD": "25S 의류",
        "CY_END_STOCK_TAG_AMT": 0.0,
        "PY_END_STOCK_TAG_AMT": 37780485000.0,
        "YOY": 0.0
      },
      {
        "YYYYMM": "202410",
        "ITEM_STD": "가방",
        "CY_END_STOCK_TAG_AMT": 0.0,
        "PY_END_STOCK_TAG_AMT": 29197268000.0,
        "YOY": 0.0
      },
      {
        "YYYYMM": "202410",
        "ITEM_STD": "과시즌 의류",
        "CY_END_STOCK_TAG_AMT": 0.0,
        "PY_END_STOCK_TAG_AMT": 47687718000.0,
        "YOY": 0.0
      },
      {
        "YYYYMM": "202410",
        "ITEM_STD": "기타ACC",
        "CY_END_STOCK_TAG_AMT": 0.0,
        "PY_END_STOCK_TAG_AMT": 3256445900.0,
        "YOY": 0.0
      },
      {
        "YYYYMM": "202410",
        "ITEM_STD": "모자",
        "CY_END_STOCK_TAG_AMT": 0.0,
        "PY_END_STOCK_TAG_AMT": 52200570000.0,
        "YOY": 0.0
      },
      {
        "YYYYMM": "202410",
        "ITEM_STD": "신발",
        "CY_END_STOCK_TAG_AMT": 0.0,
        "PY_END_STOCK_TAG_AMT": 103889272000.0,
        "YOY": 0.0
      },
      {
        "YYYYMM": "202410",
        "ITEM_STD": "차기시즌 의류",
        "CY_END_STOCK_TAG_AMT": 0.0,
        "PY_END_STOCK_TAG_AMT": 0.0,
        "YOY": 0.0
      },
      {
        "YYYYMM": "202411",
        "ITEM_STD": "25F 의류",
        "CY_END_STOCK_TAG_AMT": 0.0,
        "PY_END_STOCK_TAG_AMT": 52749366000.0,
        "YOY": 0.0
      },
      {
        "YYYYMM": "202411",
        "ITEM_STD": "25S 의류",
        "CY_END_STOCK_TAG_AMT": 0.0,
        "PY_END_STOCK_TAG_AMT": 32639489000.0,
        "YOY": 0.0
      },
      {
        "YYYYMM": "202411",
        "ITEM_STD": "가방",
        "CY_END_STOCK_TAG_AMT": 0.0,
        "PY_END_STOCK_TAG_AMT": 30831164000.0,
        "YOY": 0.0
      },
      {
        "YYYYMM": "202411",
        "ITEM_STD": "과시즌 의류",
        "CY_END_STOCK_TAG_AMT": 0.0,
        "PY_END_STOCK_TAG_AMT": 32789292000.0,
        "YOY": 0.0
      },
      {
        "YYYYMM": "202411",
        "ITEM_STD": "기타ACC",
        "CY_END_STOCK_TAG_AMT": 0.0,
        "PY_END_STOCK_TAG_AMT": 3860137400.0,
        "YOY": 0.0
      },
      {
        "YYYYMM": "202411",
        "ITEM_STD": "모자",
        "CY_END_STOCK_TAG_AMT": 0.0,
        "PY_END_STOCK_TAG_AMT": 47747500000.0,
        "YOY": 0.0
      },
      {
        "YYYYMM": "202411",
        "ITEM_STD": "신발",
        "CY_END_STOCK_TAG_AMT": 0.0,
        "PY_END_STOCK_TAG_AMT": 98694101000.0,
        "YOY": 0.0
      },
      {
        "YYYYMM": "202411",
        "ITEM_STD": "차기시즌 의류",
        "CY_END_STOCK_TAG_AMT": 0.0,
        "PY_END_STOCK_TAG_AMT": 2218251000.0,
        "YOY": 0.0
      },
      {
        "YYYYMM": "202501",
        "ITEM_STD": "25S 의류",
        "CY_END_STOCK_TAG_AMT": 45088460000.0,
        "PY_END_STOCK_TAG_AMT": 0.0,
        "YOY": 0.0
      },
      {
        "YYYYMM": "202501",
        "ITEM_STD": "가방",
        "CY_END_STOCK_TAG_AMT": 32188709000.0,
        "PY_END_STOCK_TAG_AMT": 0.0,
        "YOY": 0.0
      },
      {
        "YYYYMM": "202501",
        "ITEM_STD": "과시즌 의류",
        "CY_END_STOCK_TAG_AMT": 94797132000.0,
        "PY_END_STOCK_TAG_AMT": 0.0,
        "YOY": 0.0
      },
      {
        "YYYYMM": "202501",
        "ITEM_STD": "기타ACC",
        "CY_END_STOCK_TAG_AMT": 2996545900.0,
        "PY_END_STOCK_TAG_AMT": 0.0,
        "YOY": 0.0
      },
      {
        "YYYYMM": "202501",
        "ITEM_STD": "모자",
        "CY_END_STOCK_TAG_AMT": 46818260000.0,
        "PY_END_STOCK_TAG_AMT": 0.0,
        "YOY": 0.0
      },
      {
        "YYYYMM": "202501",
        "ITEM_STD": "신발",
        "CY_END_STOCK_TAG_AMT": 99408677000.0,
        "PY_END_STOCK_TAG_AMT": 0.0,
        "YOY": 0.0
      },
      {
        "YYYYMM": "202502",
        "ITEM_STD": "25S 의류",
        "CY_END_STOCK_TAG_AMT": 78151982000.0,
        "PY_END_STOCK_TAG_AMT": 0.0,
        "YOY": 0.0
      },
      {
        "YYYYMM": "202502",
        "ITEM_STD": "가방",
        "CY_END_STOCK_TAG_AMT": 30285588000.0,
        "PY_END_STOCK_TAG_AMT": 0.0,
        "YOY": 0.0
      },
      {
        "YYYYMM": "202502",
        "ITEM_STD": "과시즌 의류",
        "CY_END_STOCK_TAG_AMT": 88359058000.0,
        "PY_END_STOCK_TAG_AMT": 0.0,
        "YOY": 0.0
      },
      {
        "YYYYMM": "202502",
        "ITEM_STD": "기타ACC",
        "CY_END_STOCK_TAG_AMT": 2948792700.0,
        "PY_END_STOCK_TAG_AMT": 0.0,
        "YOY": 0.0
      },
      {
        "YYYYMM": "202502",
        "ITEM_STD": "모자",
        "CY_END_STOCK_TAG_AMT": 45672676000.0,
        "PY_END_STOCK_TAG_AMT": 0.0,
        "YOY": 0.0
      },
      {
        "YYYYMM": "202502",
        "ITEM_STD": "신발",
        "CY_END_STOCK_TAG_AMT": 94562079000.0,
        "PY_END_STOCK_TAG_AMT": 0.0,
        "YOY": 0.0
      },
      {
        "YYYYMM": "202503",
        "ITEM_STD": "25F 의류",
        "CY_END_STOCK_TAG_AMT": 0.0,
        "PY_END_STOCK_TAG_AMT": 0.0,
        "YOY": 0.0
      },
      {
        "YYYYMM": "202503",
        "ITEM_STD": "25S 의류",
        "CY_END_STOCK_TAG_AMT": 69714832000.0,
        "PY_END_STOCK_TAG_AMT": 0.0,
        "YOY": 0.0
      },
      {
        "YYYYMM": "202503",
        "ITEM_STD": "가방",
        "CY_END_STOCK_TAG_AMT": 29563531000.0,
        "PY_END_STOCK_TAG_AMT": 0.0,
        "YOY": 0.0
      },
      {
        "YYYYMM": "202503",
        "ITEM_STD": "과시즌 의류",
        "CY_END_STOCK_TAG_AMT": 81037227000.0,
        "PY_END_STOCK_TAG_AMT": 0.0,
        "YOY": 0.0
      },
      {
        "YYYYMM": "202503",
        "ITEM_STD": "기타ACC",
        "CY_END_STOCK_TAG_AMT": 2824368900.0,
        "PY_END_STOCK_TAG_AMT": 0.0,
        "YOY": 0.0
      },
      {
        "YYYYMM": "202503",
        "ITEM_STD": "모자",
        "CY_END_STOCK_TAG_AMT": 44622576000.0,
        "PY_END_STOCK_TAG_AMT": 0.0,
        "YOY": 0.0
      },
      {
        "YYYYMM": "202503",
        "ITEM_STD": "신발",
        "CY_END_STOCK_TAG_AMT": 90156965000.0,
        "PY_END_STOCK_TAG_AMT": 0.0,
        "YOY": 0.0
      },
      {
        "YYYYMM": "202504",
        "ITEM_STD": "25F 의류",
        "CY_END_STOCK_TAG_AMT": 0.0,
        "PY_END_STOCK_TAG_AMT": 0.0,
        "YOY": 0.0
      },
      {
        "YYYYMM": "202504",
        "ITEM_STD": "25S 의류",
        "CY_END_STOCK_TAG_AMT": 62693207000.0,
        "PY_END_STOCK_TAG_AMT": 0.0,
        "YOY": 0.0
      }
    ],
    "total_records_count": 156
  }
}