{
  "country": "KR",
  "brand_cd": "M",
  "yyyymm": "202511",
  "key": "영업비",
  "sub_key": "샘플대_제작_구입_",
  "analysis_data": {
    "title": "샘플대(제작/구입) 분석",
    "sections": [
      {
        "div": "종합분석-1",
        "sub_title": "투자 방향성 종합 평가",
        "ai_text": "MLB 브랜드의 샘플대(제작/구입) 투자는 전년 동월 대비 66.6% 증가한 83백만원으로 확대되었습니다. 이는 제품 개발 및 품질 검증에 대한 투자 강화를 의미하며, 특히 소모품비_샘플대가 43백만원에서 77백만원으로 77.3% 급증하여 내부 샘플 제작 역량 강화에 집중하고 있음을 보여줍니다. 반면 해외 샘플구입은 4백만원에서 0.2백만원으로 95.2% 감소하여 해외 의존도를 줄이고 내재화 전략을 추진하고 있는 것으로 판단됩니다."
      },
      {
        "div": "종합분석-2",
        "sub_title": "효율적 투자 영역",
        "ai_text": "• 소모품비_샘플대 집중 투자: 43백만원→77백만원(+77.3%)으로 내부 샘플 제작 역량 강화를 통한 품질 관리 및 개발 속도 향상\n• 국내 샘플구입 확대: 2백만원→5백만원(+118.8%)으로 국내 협력업체 활용을 통한 공급망 안정성 확보\n• 재고대체 시스템 활용: 0.1백만원→0.7백만원으로 기존 재고 활용을 통한 비용 효율성 제고\n• 통합적 샘플 전략: 제작과 구입의 균형적 배분을 통한 리스크 분산 및 품질 다양성 확보"
      },
      {
        "div": "종합분석-3",
        "sub_title": "주의 필요 영역",
        "ai_text": "• 해외 샘플구입 급감: 4백만원→0.2백만원(-95.2%)으로 글로벌 트렌드 파악 및 해외 소재 접근성 제약 우려\n• 소모품비 급증: 전체 예산의 93.6%를 차지하여 예산 집중도가 과도하게 높아 리스크 분산 필요\n• 샘플 제작 의존도 심화: 내부 제작 비중이 과도하게 높아져 외부 혁신 아이디어 수용 기회 제한 가능성\n• 예산 증가율 관리: 66.6% 증가는 매출 증가율 대비 과도할 수 있어 투자 효율성 모니터링 필요"
      },
      {
        "div": "종합분석-4",
        "sub_title": "이상징후 및 리스크 감지",
        "ai_text": "• 해외 샘플 의존도 급격한 감소: 95.2% 감소는 글로벌 공급망 이슈나 전략적 방향 전환을 시사하며, 해외 트렌드 반영 능력 저하 리스크 존재\n• 예산 배분의 극단적 변화: 소모품비가 전체의 93.6%를 차지하는 쏠림 현상으로 포트폴리오 다양성 부족\n• 투자 규모의 급격한 확대: 33백만원 증가(+66.6%)는 시장 상황 변화나 신제품 개발 압박을 반영할 수 있으나, ROI 검증 체계 부족 시 비효율 초래 가능\n• 재고대체 활용도 미흡: 전체 대비 0.8%에 불과하여 기존 자산 활용 최적화 여지 존재"
      },
      {
        "div": "종합분석-5",
        "sub_title": "마케팅 전략 최적화 방안",
        "ai_text": "### 즉시 실행 방안\n1. 샘플 투자 효율성 측정 체계 구축: 샘플별 활용도, 제품화 성공률, 비용 대비 효과 지표 개발 및 월별 모니터링\n2. 해외 샘플 소싱 전략 재검토: 최소 투자 규모 유지를 통한 글로벌 트렌드 모니터링 체계 구축\n3. 재고대체 활용 확대: 기존 샘플 재활용 프로세스 개선으로 5-10% 비용 절감 목표\n\n### 중장기 전략 방향\n1. 하이브리드 샘플 전략: 내부 제작 70%, 국내 구입 20%, 해외 구입 10% 비율로 포트폴리오 다각화\n2. 디지털 샘플링 도입: 3D 모델링, AR/VR 기술 활용으로 물리적 샘플 의존도 점진적 감소\n3. 협력업체 네트워크 강화: 국내외 우수 샘플 제작업체와의 전략적 파트너십 구축으로 품질과 효율성 동시 확보\n4. 예산 최적화 모델 개발: 매출 대비 적정 샘플비 기준 설정 및 분기별 예산 배분 최적화 시스템 구축"
      }
    ]
  },
  "ctgr1": "샘플대(제작/구입)",
  "summary": {
    "prev_year_total": 49.92,
    "curr_year_total": 83.17,
    "change_amount": 33.25,
    "change_pct": 66.6,
    "investment_direction": "증가"
  },
  "categories": [
    {
      "ctgr2": "샘플대(제작/구입)",
      "ctgr3": "소모품비_샘플대",
      "gl_nm": "소모품비_샘플대",
      "prev_year": 43.43,
      "curr_year": 77.04,
      "change": 33.61,
      "change_pct": 77.4,
      "is_new": false,
      "is_discontinued": false
    },
    {
      "ctgr2": "샘플대(제작/구입)",
      "ctgr3": "소모품비_샘플대",
      "gl_nm": "소모품비_샘플대_재고대체",
      "prev_year": 0.07,
      "curr_year": 0.67,
      "change": 0.6,
      "change_pct": 816.1,
      "is_new": false,
      "is_discontinued": false
    },
    {
      "ctgr2": "샘플대(제작/구입)",
      "ctgr3": "샘플구입대",
      "gl_nm": "샘플구입대_해외",
      "prev_year": 4.01,
      "curr_year": 0.19,
      "change": -3.82,
      "change_pct": -95.2,
      "is_new": false,
      "is_discontinued": false
    },
    {
      "ctgr2": "샘플대(제작/구입)",
      "ctgr3": "샘플구입대",
      "gl_nm": "샘플구입대_국내",
      "prev_year": 2.41,
      "curr_year": 5.27,
      "change": 2.86,
      "change_pct": 118.7,
      "is_new": false,
      "is_discontinued": false
    }
  ],
  "category_summary": {
    "increased": [
      {
        "ctgr2": "샘플대(제작/구입)",
        "ctgr3": "소모품비_샘플대",
        "gl_nm": "소모품비_샘플대",
        "prev_year": 43.43,
        "curr_year": 77.04,
        "change": 33.61,
        "change_pct": 77.4,
        "is_new": false,
        "is_discontinued": false
      },
      {
        "ctgr2": "샘플대(제작/구입)",
        "ctgr3": "소모품비_샘플대",
        "gl_nm": "소모품비_샘플대_재고대체",
        "prev_year": 0.07,
        "curr_year": 0.67,
        "change": 0.6,
        "change_pct": 816.1,
        "is_new": false,
        "is_discontinued": false
      },
      {
        "ctgr2": "샘플대(제작/구입)",
        "ctgr3": "샘플구입대",
        "gl_nm": "샘플구입대_국내",
        "prev_year": 2.41,
        "curr_year": 5.27,
        "change": 2.86,
        "change_pct": 118.7,
        "is_new": false,
        "is_discontinued": false
      }
    ],
    "decreased": [
      {
        "ctgr2": "샘플대(제작/구입)",
        "ctgr3": "샘플구입대",
        "gl_nm": "샘플구입대_해외",
        "prev_year": 4.01,
        "curr_year": 0.19,
        "change": -3.82,
        "change_pct": -95.2,
        "is_new": false,
        "is_discontinued": false
      }
    ],
    "new_investments": [],
    "discontinued": []
  },
  "raw_data": {
    "total_records": [
      {
        "PST_YYYYMM": "202411",
        "TOTAL_AMT": 49924677.0
      },
      {
        "PST_YYYYMM": "202511",
        "TOTAL_AMT": 83172168.0
      }
    ],
    "detail_records": [
      {
        "PST_YYYYMM": "202511",
        "BRD_CD": "M",
        "BRD_NM": "MLB",
        "CTGR1": "샘플대(제작/구입)",
        "CTGR2": "샘플대(제작/구입)",
        "CTGR3": "소모품비_샘플대",
        "GL_NM": "소모품비_샘플대",
        "TTL_USE_AMT": 77039150.0
      },
      {
        "PST_YYYYMM": "202411",
        "BRD_CD": "M",
        "BRD_NM": "MLB",
        "CTGR1": "샘플대(제작/구입)",
        "CTGR2": "샘플대(제작/구입)",
        "CTGR3": "소모품비_샘플대",
        "GL_NM": "소모품비_샘플대",
        "TTL_USE_AMT": 43430969.0
      },
      {
        "PST_YYYYMM": "202511",
        "BRD_CD": "M",
        "BRD_NM": "MLB",
        "CTGR1": "샘플대(제작/구입)",
        "CTGR2": "샘플대(제작/구입)",
        "CTGR3": "샘플구입대",
        "GL_NM": "샘플구입대_국내",
        "TTL_USE_AMT": 5271023.0
      },
      {
        "PST_YYYYMM": "202411",
        "BRD_CD": "M",
        "BRD_NM": "MLB",
        "CTGR1": "샘플대(제작/구입)",
        "CTGR2": "샘플대(제작/구입)",
        "CTGR3": "샘플구입대",
        "GL_NM": "샘플구입대_해외",
        "TTL_USE_AMT": 4011058.0
      },
      {
        "PST_YYYYMM": "202411",
        "BRD_CD": "M",
        "BRD_NM": "MLB",
        "CTGR1": "샘플대(제작/구입)",
        "CTGR2": "샘플대(제작/구입)",
        "CTGR3": "샘플구입대",
        "GL_NM": "샘플구입대_국내",
        "TTL_USE_AMT": 2409721.0
      },
      {
        "PST_YYYYMM": "202511",
        "BRD_CD": "M",
        "BRD_NM": "MLB",
        "CTGR1": "샘플대(제작/구입)",
        "CTGR2": "샘플대(제작/구입)",
        "CTGR3": "소모품비_샘플대",
        "GL_NM": "소모품비_샘플대_재고대체",
        "TTL_USE_AMT": 668131.0
      },
      {
        "PST_YYYYMM": "202511",
        "BRD_CD": "M",
        "BRD_NM": "MLB",
        "CTGR1": "샘플대(제작/구입)",
        "CTGR2": "샘플대(제작/구입)",
        "CTGR3": "샘플구입대",
        "GL_NM": "샘플구입대_해외",
        "TTL_USE_AMT": 193864.0
      },
      {
        "PST_YYYYMM": "202411",
        "BRD_CD": "M",
        "BRD_NM": "MLB",
        "CTGR1": "샘플대(제작/구입)",
        "CTGR2": "샘플대(제작/구입)",
        "CTGR3": "소모품비_샘플대",
        "GL_NM": "소모품비_샘플대_재고대체",
        "TTL_USE_AMT": 72929.0
      }
    ]
  },
  "trend_data": {
    "trend_months": [
      "202412",
      "202501",
      "202502",
      "202503",
      "202504",
      "202505",
      "202506",
      "202507",
      "202508",
      "202509",
      "202510",
      "202511"
    ],
    "monthly_totals": [
      {
        "yyyymm": "202412",
        "total_amount": -3.2
      },
      {
        "yyyymm": "202501",
        "total_amount": 4.14
      },
      {
        "yyyymm": "202502",
        "total_amount": 130.12
      },
      {
        "yyyymm": "202503",
        "total_amount": 0.5
      },
      {
        "yyyymm": "202504",
        "total_amount": 8.74
      },
      {
        "yyyymm": "202505",
        "total_amount": 30.2
      },
      {
        "yyyymm": "202506",
        "total_amount": 7.99
      },
      {
        "yyyymm": "202507",
        "total_amount": 18.3
      },
      {
        "yyyymm": "202508",
        "total_amount": 2.23
      },
      {
        "yyyymm": "202509",
        "total_amount": 11.39
      },
      {
        "yyyymm": "202510",
        "total_amount": 68.02
      },
      {
        "yyyymm": "202511",
        "total_amount": 83.17
      }
    ],
    "monthly_details": [
      {
        "yyyymm": "202412",
        "ctgr2": "샘플대(제작/구입)",
        "ctgr3": "샘플구입대",
        "gl_nm": "샘플구입대_국내",
        "amount": 4.93
      },
      {
        "yyyymm": "202412",
        "ctgr2": "샘플대(제작/구입)",
        "ctgr3": "샘플구입대",
        "gl_nm": "샘플구입대_해외",
        "amount": 1.04
      },
      {
        "yyyymm": "202412",
        "ctgr2": "샘플대(제작/구입)",
        "ctgr3": "소모품비_샘플대",
        "gl_nm": "소모품비_샘플대_재고대체",
        "amount": 0.56
      },
      {
        "yyyymm": "202412",
        "ctgr2": "샘플대(제작/구입)",
        "ctgr3": "소모품비_샘플대",
        "gl_nm": "소모품비_샘플대",
        "amount": -9.74
      },
      {
        "yyyymm": "202501",
        "ctgr2": "샘플대(제작/구입)",
        "ctgr3": "샘플구입대",
        "gl_nm": "샘플구입대_국내",
        "amount": 2.74
      },
      {
        "yyyymm": "202501",
        "ctgr2": "샘플대(제작/구입)",
        "ctgr3": "샘플구입대",
        "gl_nm": "샘플구입대_해외",
        "amount": 0.75
      },
      {
        "yyyymm": "202501",
        "ctgr2": "샘플대(제작/구입)",
        "ctgr3": "소모품비_샘플대",
        "gl_nm": "소모품비_샘플대",
        "amount": 0.66
      },
      {
        "yyyymm": "202501",
        "ctgr2": "샘플대(제작/구입)",
        "ctgr3": "소모품비_샘플대",
        "gl_nm": "소모품비_샘플대_재고대체",
        "amount": -0.02
      },
      {
        "yyyymm": "202502",
        "ctgr2": "샘플대(제작/구입)",
        "ctgr3": "소모품비_샘플대",
        "gl_nm": "소모품비_샘플대",
        "amount": 122.99
      },
      {
        "yyyymm": "202502",
        "ctgr2": "샘플대(제작/구입)",
        "ctgr3": "샘플구입대",
        "gl_nm": "샘플구입대_국내",
        "amount": 6.65
      },
      {
        "yyyymm": "202502",
        "ctgr2": "샘플대(제작/구입)",
        "ctgr3": "소모품비_샘플대",
        "gl_nm": "소모품비_샘플대_재고대체",
        "amount": 0.47
      },
      {
        "yyyymm": "202502",
        "ctgr2": "샘플대(제작/구입)",
        "ctgr3": "샘플구입대",
        "gl_nm": "샘플구입대_해외",
        "amount": 0.0
      },
      {
        "yyyymm": "202503",
        "ctgr2": "샘플대(제작/구입)",
        "ctgr3": "샘플구입대",
        "gl_nm": "샘플구입대_해외",
        "amount": 7.28
      },
      {
        "yyyymm": "202503",
        "ctgr2": "샘플대(제작/구입)",
        "ctgr3": "샘플구입대",
        "gl_nm": "샘플구입대_국내",
        "amount": 1.25
      },
      {
        "yyyymm": "202503",
        "ctgr2": "샘플대(제작/구입)",
        "ctgr3": "소모품비_샘플대",
        "gl_nm": "소모품비_샘플대_재고대체",
        "amount": 0.0
      },
      {
        "yyyymm": "202503",
        "ctgr2": "샘플대(제작/구입)",
        "ctgr3": "소모품비_샘플대",
        "gl_nm": "소모품비_샘플대",
        "amount": -8.03
      },
      {
        "yyyymm": "202504",
        "ctgr2": "샘플대(제작/구입)",
        "ctgr3": "소모품비_샘플대",
        "gl_nm": "소모품비_샘플대_재고대체",
        "amount": 3.4
      },
      {
        "yyyymm": "202504",
        "ctgr2": "샘플대(제작/구입)",
        "ctgr3": "소모품비_샘플대",
        "gl_nm": "소모품비_샘플대",
        "amount": 2.73
      },
      {
        "yyyymm": "202504",
        "ctgr2": "샘플대(제작/구입)",
        "ctgr3": "샘플구입대",
        "gl_nm": "샘플구입대_국내",
        "amount": 2.61
      },
      {
        "yyyymm": "202504",
        "ctgr2": "샘플대(제작/구입)",
        "ctgr3": "샘플구입대",
        "gl_nm": "샘플구입대_해외",
        "amount": 0.0
      },
      {
        "yyyymm": "202505",
        "ctgr2": "샘플대(제작/구입)",
        "ctgr3": "소모품비_샘플대",
        "gl_nm": "소모품비_샘플대",
        "amount": 17.01
      },
      {
        "yyyymm": "202505",
        "ctgr2": "샘플대(제작/구입)",
        "ctgr3": "샘플구입대",
        "gl_nm": "샘플구입대_국내",
        "amount": 12.73
      },
      {
        "yyyymm": "202505",
        "ctgr2": "샘플대(제작/구입)",
        "ctgr3": "샘플구입대",
        "gl_nm": "샘플구입대_해외",
        "amount": 0.4
      },
      {
        "yyyymm": "202505",
        "ctgr2": "샘플대(제작/구입)",
        "ctgr3": "소모품비_샘플대",
        "gl_nm": "소모품비_샘플대_재고대체",
        "amount": 0.06
      },
      {
        "yyyymm": "202506",
        "ctgr2": "샘플대(제작/구입)",
        "ctgr3": "샘플구입대",
        "gl_nm": "샘플구입대_국내",
        "amount": 3.76
      },
      {
        "yyyymm": "202506",
        "ctgr2": "샘플대(제작/구입)",
        "ctgr3": "소모품비_샘플대",
        "gl_nm": "소모품비_샘플대",
        "amount": 3.59
      },
      {
        "yyyymm": "202506",
        "ctgr2": "샘플대(제작/구입)",
        "ctgr3": "샘플구입대",
        "gl_nm": "샘플구입대_해외",
        "amount": 0.56
      },
      {
        "yyyymm": "202506",
        "ctgr2": "샘플대(제작/구입)",
        "ctgr3": "소모품비_샘플대",
        "gl_nm": "소모품비_샘플대_재고대체",
        "amount": 0.08
      },
      {
        "yyyymm": "202507",
        "ctgr2": "샘플대(제작/구입)",
        "ctgr3": "샘플구입대",
        "gl_nm": "샘플구입대_국내",
        "amount": 8.93
      },
      {
        "yyyymm": "202507",
        "ctgr2": "샘플대(제작/구입)",
        "ctgr3": "소모품비_샘플대",
        "gl_nm": "소모품비_샘플대",
        "amount": 3.95
      },
      {
        "yyyymm": "202507",
        "ctgr2": "샘플대(제작/구입)",
        "ctgr3": "소모품비_샘플대",
        "gl_nm": "소모품비_샘플대_재고대체",
        "amount": 3.0
      },
      {
        "yyyymm": "202507",
        "ctgr2": "샘플대(제작/구입)",
        "ctgr3": "샘플구입대",
        "gl_nm": "샘플구입대_해외",
        "amount": 2.42
      },
      {
        "yyyymm": "202508",
        "ctgr2": "샘플대(제작/구입)",
        "ctgr3": "샘플구입대",
        "gl_nm": "샘플구입대_국내",
        "amount": 0.87
      },
      {
        "yyyymm": "202508",
        "ctgr2": "샘플대(제작/구입)",
        "ctgr3": "소모품비_샘플대",
        "gl_nm": "소모품비_샘플대_재고대체",
        "amount": 0.54
      },
      {
        "yyyymm": "202508",
        "ctgr2": "샘플대(제작/구입)",
        "ctgr3": "소모품비_샘플대",
        "gl_nm": "소모품비_샘플대",
        "amount": 0.54
      },
      {
        "yyyymm": "202508",
        "ctgr2": "샘플대(제작/구입)",
        "ctgr3": "샘플구입대",
        "gl_nm": "샘플구입대_해외",
        "amount": 0.28
      },
      {
        "yyyymm": "202509",
        "ctgr2": "샘플대(제작/구입)",
        "ctgr3": "소모품비_샘플대",
        "gl_nm": "소모품비_샘플대",
        "amount": 7.4
      },
      {
        "yyyymm": "202509",
        "ctgr2": "샘플대(제작/구입)",
        "ctgr3": "샘플구입대",
        "gl_nm": "샘플구입대_해외",
        "amount": 2.18
      },
      {
        "yyyymm": "202509",
        "ctgr2": "샘플대(제작/구입)",
        "ctgr3": "샘플구입대",
        "gl_nm": "샘플구입대_국내",
        "amount": 1.67
      },
      {
        "yyyymm": "202509",
        "ctgr2": "샘플대(제작/구입)",
        "ctgr3": "소모품비_샘플대",
        "gl_nm": "소모품비_샘플대_재고대체",
        "amount": 0.13
      },
      {
        "yyyymm": "202510",
        "ctgr2": "샘플대(제작/구입)",
        "ctgr3": "소모품비_샘플대",
        "gl_nm": "소모품비_샘플대",
        "amount": 60.02
      },
      {
        "yyyymm": "202510",
        "ctgr2": "샘플대(제작/구입)",
        "ctgr3": "샘플구입대",
        "gl_nm": "샘플구입대_국내",
        "amount": 6.62
      },
      {
        "yyyymm": "202510",
        "ctgr2": "샘플대(제작/구입)",
        "ctgr3": "샘플구입대",
        "gl_nm": "샘플구입대_해외",
        "amount": 1.24
      },
      {
        "yyyymm": "202510",
        "ctgr2": "샘플대(제작/구입)",
        "ctgr3": "소모품비_샘플대",
        "gl_nm": "소모품비_샘플대_재고대체",
        "amount": 0.13
      },
      {
        "yyyymm": "202511",
        "ctgr2": "샘플대(제작/구입)",
        "ctgr3": "소모품비_샘플대",
        "gl_nm": "소모품비_샘플대",
        "amount": 77.04
      },
      {
        "yyyymm": "202511",
        "ctgr2": "샘플대(제작/구입)",
        "ctgr3": "샘플구입대",
        "gl_nm": "샘플구입대_국내",
        "amount": 5.27
      },
      {
        "yyyymm": "202511",
        "ctgr2": "샘플대(제작/구입)",
        "ctgr3": "소모품비_샘플대",
        "gl_nm": "소모품비_샘플대_재고대체",
        "amount": 0.67
      },
      {
        "yyyymm": "202511",
        "ctgr2": "샘플대(제작/구입)",
        "ctgr3": "샘플구입대",
        "gl_nm": "샘플구입대_해외",
        "amount": 0.19
      }
    ]
  }
}