{
  "country": "KR",
  "brand_cd": "M",
  "yyyymm": "202511",
  "key": "영업비",
  "sub_key": "자가임차료_사옥_",
  "analysis_data": {
    "title": "자가임차료(사옥) 분석",
    "sections": [
      {
        "div": "종합분석-1",
        "sub_title": "투자 방향성 종합 평가",
        "ai_text": "MLB 브랜드의 자가임차료(사옥) 투자가 전년 129백만원에서 금년 280백만원으로 117.2% 급증하여 대폭적인 인프라 투자 확대 전략을 보여줍니다. 이는 사옥 운영 규모 확대 또는 임차 공간 증가를 의미하며, 브랜드 성장에 따른 조직 확장과 운영 기반 강화에 집중하고 있음을 시사합니다. 단일 계정으로 구성된 명확한 투자 구조로 예산 관리의 투명성과 집중도가 높은 상태입니다."
      },
      {
        "div": "종합분석-2",
        "sub_title": "효율적 투자 영역",
        "ai_text": "• 조직 성장 기반 구축: 151백만원 증액으로 MLB 브랜드 확장에 필요한 물리적 인프라 확보\n• 운영 효율성 제고: 자가임차료 통합 관리를 통한 부동산 운영 비용의 체계적 관리\n• 브랜드 성장 대응: 사업 규모 확대에 선제적으로 대응하는 공간 확보 전략\n• 장기적 안정성: 사옥 기반 확충을 통한 지속가능한 운영 기반 마련"
      },
      {
        "div": "종합분석-3",
        "sub_title": "주의 필요 영역",
        "ai_text": "• 급격한 비용 증가: 전년대비 117.2% 증가로 고정비 부담 급증에 따른 손익분기점 상승 리스크\n• 공간 활용도 모니터링: 확장된 사옥 공간의 실제 활용률과 투자 대비 효과 검증 필요\n• 매출 연동성 점검: 사옥 투자 증가가 매출 성장률과 비례하는지 지속적 모니터링 요구\n• 고정비 구조 변화: 임차료 증가로 인한 운영 레버리지 변화와 수익성 영향 분석 필요"
      },
      {
        "div": "종합분석-4",
        "sub_title": "이상징후 및 리스크 감지",
        "ai_text": "• 과도한 투자 규모: 117.2%의 급격한 증가율은 일반적인 인플레이션 수준을 크게 상회하여 투자 타당성 재검토가 필요합니다\n• 고정비 부담 가중: 자가임차료는 매출 변동과 무관한 고정비로, 급격한 증가는 경기 둔화 시 수익성 악화 요인이 될 수 있습니다\n• 투자 집중도 리스크: 단일 부동산 관련 비용 항목에 대한 대규모 투자로 포트폴리오 다변화 부족을 나타냅니다\n• ROI 검증 부재: 사옥 투자 대비 구체적인 성과 지표나 효과 측정 기준이 명확하지 않아 투자 효율성 평가가 어려운 상황입니다"
      },
      {
        "div": "종합분석-5",
        "sub_title": "마케팅 전략 최적화 방안",
        "ai_text": "### 즉시 실행 방안\n1. 공간 활용도 분석: 확장된 사옥 공간의 실제 사용률과 직원 1인당 공간 효율성 측정\n2. 비용 대비 효과 검증: 임차료 증가 대비 업무 효율성, 직원 만족도, 브랜드 이미지 개선 효과 정량 분석\n3. 월별 모니터링 체계: 사옥 관련 비용의 월별 추이 분석과 예산 대비 실적 관리 강화\n\n### 중장기 전략 방향\n1. 스마트 오피스 전환: 공간 효율성 극대화를 위한 유연근무제와 스마트 오피스 시스템 도입\n2. 수익 연동 모델: 사옥 투자와 매출/수익성 간 상관관계 분석을 통한 최적 투자 규모 산정\n3. 다목적 활용 전략: 사옥 공간을 브랜드 체험관, 고객 미팅 공간 등으로 활용하여 마케팅 효과 창출\n4. 장기 부동산 전략: 임차에서 자가 보유로의 전환 검토를 통한 장기적 비용 절감 방안 수립"
      }
    ]
  },
  "ctgr1": "자가임차료(사옥)",
  "summary": {
    "prev_year_total": 128.98,
    "curr_year_total": 280.07,
    "change_amount": 151.09,
    "change_pct": 117.1,
    "investment_direction": "증가"
  },
  "categories": [
    {
      "ctgr2": "자가임차료(사옥)",
      "ctgr3": "자가임차료",
      "gl_nm": "지급임차료_자가임차료",
      "prev_year": 128.98,
      "curr_year": 280.07,
      "change": 151.09,
      "change_pct": 117.1,
      "is_new": false,
      "is_discontinued": false
    }
  ],
  "category_summary": {
    "increased": [
      {
        "ctgr2": "자가임차료(사옥)",
        "ctgr3": "자가임차료",
        "gl_nm": "지급임차료_자가임차료",
        "prev_year": 128.98,
        "curr_year": 280.07,
        "change": 151.09,
        "change_pct": 117.1,
        "is_new": false,
        "is_discontinued": false
      }
    ],
    "decreased": [],
    "new_investments": [],
    "discontinued": []
  },
  "raw_data": {
    "total_records": [
      {
        "PST_YYYYMM": "202411",
        "TOTAL_AMT": 128976000.0
      },
      {
        "PST_YYYYMM": "202511",
        "TOTAL_AMT": 280068000.0
      }
    ],
    "detail_records": [
      {
        "PST_YYYYMM": "202511",
        "BRD_CD": "M",
        "BRD_NM": "MLB",
        "CTGR1": "자가임차료(사옥)",
        "CTGR2": "자가임차료(사옥)",
        "CTGR3": "자가임차료",
        "GL_NM": "지급임차료_자가임차료",
        "TTL_USE_AMT": 280068000.0
      },
      {
        "PST_YYYYMM": "202411",
        "BRD_CD": "M",
        "BRD_NM": "MLB",
        "CTGR1": "자가임차료(사옥)",
        "CTGR2": "자가임차료(사옥)",
        "CTGR3": "자가임차료",
        "GL_NM": "지급임차료_자가임차료",
        "TTL_USE_AMT": 128976000.0
      }
    ]
  },
  "trend_data": {
    "trend_months": [
      "202412",
      "202501",
      "202502",
      "202503",
      "202504",
      "202505",
      "202506",
      "202507",
      "202508",
      "202509",
      "202510",
      "202511"
    ],
    "monthly_totals": [
      {
        "yyyymm": "202412",
        "total_amount": 128.98
      },
      {
        "yyyymm": "202501",
        "total_amount": 128.98
      },
      {
        "yyyymm": "202502",
        "total_amount": 128.98
      },
      {
        "yyyymm": "202503",
        "total_amount": 128.98
      },
      {
        "yyyymm": "202504",
        "total_amount": 224.67
      },
      {
        "yyyymm": "202505",
        "total_amount": 280.07
      },
      {
        "yyyymm": "202506",
        "total_amount": 280.07
      },
      {
        "yyyymm": "202507",
        "total_amount": 280.07
      },
      {
        "yyyymm": "202508",
        "total_amount": 280.07
      },
      {
        "yyyymm": "202509",
        "total_amount": 280.07
      },
      {
        "yyyymm": "202510",
        "total_amount": 280.07
      },
      {
        "yyyymm": "202511",
        "total_amount": 280.07
      }
    ],
    "monthly_details": [
      {
        "yyyymm": "202412",
        "ctgr2": "자가임차료(사옥)",
        "ctgr3": "자가임차료",
        "gl_nm": "지급임차료_자가임차료",
        "amount": 128.98
      },
      {
        "yyyymm": "202501",
        "ctgr2": "자가임차료(사옥)",
        "ctgr3": "자가임차료",
        "gl_nm": "지급임차료_자가임차료",
        "amount": 128.98
      },
      {
        "yyyymm": "202502",
        "ctgr2": "자가임차료(사옥)",
        "ctgr3": "자가임차료",
        "gl_nm": "지급임차료_자가임차료",
        "amount": 128.98
      },
      {
        "yyyymm": "202503",
        "ctgr2": "자가임차료(사옥)",
        "ctgr3": "자가임차료",
        "gl_nm": "지급임차료_자가임차료",
        "amount": 128.98
      },
      {
        "yyyymm": "202504",
        "ctgr2": "자가임차료(사옥)",
        "ctgr3": "자가임차료",
        "gl_nm": "지급임차료_자가임차료",
        "amount": 224.67
      },
      {
        "yyyymm": "202505",
        "ctgr2": "자가임차료(사옥)",
        "ctgr3": "자가임차료",
        "gl_nm": "지급임차료_자가임차료",
        "amount": 280.07
      },
      {
        "yyyymm": "202506",
        "ctgr2": "자가임차료(사옥)",
        "ctgr3": "자가임차료",
        "gl_nm": "지급임차료_자가임차료",
        "amount": 280.07
      },
      {
        "yyyymm": "202507",
        "ctgr2": "자가임차료(사옥)",
        "ctgr3": "자가임차료",
        "gl_nm": "지급임차료_자가임차료",
        "amount": 280.07
      },
      {
        "yyyymm": "202508",
        "ctgr2": "자가임차료(사옥)",
        "ctgr3": "자가임차료",
        "gl_nm": "지급임차료_자가임차료",
        "amount": 280.07
      },
      {
        "yyyymm": "202509",
        "ctgr2": "자가임차료(사옥)",
        "ctgr3": "자가임차료",
        "gl_nm": "지급임차료_자가임차료",
        "amount": 280.07
      },
      {
        "yyyymm": "202510",
        "ctgr2": "자가임차료(사옥)",
        "ctgr3": "자가임차료",
        "gl_nm": "지급임차료_자가임차료",
        "amount": 280.07
      },
      {
        "yyyymm": "202511",
        "ctgr2": "자가임차료(사옥)",
        "ctgr3": "자가임차료",
        "gl_nm": "지급임차료_자가임차료",
        "amount": 280.07
      }
    ]
  }
}