{
  "country": "KR",
  "brand_cd": "W",
  "brand_name": "SUPRA",
  "yyyymm": "202511",
  "yyyymm_py": "202411",
  "key": "할인율",
  "sub_key": "종합분석",
  "analysis_data": {
    "title": "할인율 종합분석",
    "sections": [
      {
        "div": "종합분석-1",
        "sub_title": "전략 우수 채널",
        "ai_text": "직영점과 면세점이 할인율 관리 우수 채널로 나타났습니다.\n직영점은 할인율이 0.0%로 정가 판매를 유지하며 전년 48.7% 대비 48.7%p 개선되었습니다.\n면세점 역시 할인율 0.0%로 정가 판매 체계를 확립하며 전년 14.7% 대비 14.7%p 개선을 달성했습니다.\n두 채널 모두 브랜드 가치 보호와 수익성 극대화에 성공한 모범 사례로 평가됩니다."
      },
      {
        "div": "종합분석-2",
        "sub_title": "주의 필요 채널",
        "ai_text": "대리점의 할인율이 92.4%로 가장 심각한 수준이며, 전년 0.0% 대비 92.4%p 급격히 악화되었습니다.\n자사몰은 75.9% 할인율로 전년 3.5% 대비 72.4%p 악화되어 온라인 채널 전략 재검토가 필요합니다.\n제휴몰은 74.2% 할인율로 전년 20.7% 대비 53.5%p 악화되어 파트너사와의 가격 정책 조율이 시급합니다.\n백화점은 49.0% 할인율로 전년 0.0% 대비 49.0%p 악화되어 프리미엄 포지셔닝 전략 재수립이 요구됩니다."
      },
      {
        "div": "종합분석-3",
        "sub_title": "AI 권장 사항",
        "ai_text": "• 대리점 할인율 92.4% 긴급 개선: 재고 관리 시스템 도입 및 판매 인센티브 구조 재설계 필요\n• 온라인 채널(자사몰 75.9%, 제휴몰 74.2%) 통합 가격 정책 수립 및 할인 한도 설정\n• 직영점·면세점 성공 모델을 백화점에 적용하여 프리미엄 브랜드 포지셔닝 강화\n• 아이템별 차별화 전략: 차기시즌 의류(0.0%)와 기타ACC(47.4%) 모델을 타 카테고리에 확산"
      }
    ]
  },
  "summary": {
    "total_discount_cy": 75.0,
    "total_discount_py": 34.8,
    "change_pct": 40.2,
    "unique_channels": 6,
    "unique_items": 8,
    "analysis_period": "2024년 11월 vs 2025년 11월"
  },
  "channel_summary": {
    "백화점": {
      "discount_cy": 49.0,
      "discount_py": 0.0,
      "yoy": 49.0
    },
    "대리점": {
      "discount_cy": 92.4,
      "discount_py": 0.0,
      "yoy": 92.4
    },
    "직영점": {
      "discount_cy": 0.0,
      "discount_py": 48.7,
      "yoy": -48.7
    },
    "자사몰": {
      "discount_cy": 75.9,
      "discount_py": 3.5,
      "yoy": 72.4
    },
    "제휴몰": {
      "discount_cy": 74.2,
      "discount_py": 20.7,
      "yoy": 53.5
    },
    "면세점": {
      "discount_cy": 0.0,
      "discount_py": 14.7,
      "yoy": -14.7
    }
  },
  "excellent_channels": [
    {
      "chnl_nm": "직영점",
      "discount_cy": 0.0,
      "yoy": -48.7
    },
    {
      "chnl_nm": "면세점",
      "discount_cy": 0.0,
      "yoy": -14.7
    }
  ],
  "warning_channels": [
    {
      "chnl_nm": "대리점",
      "discount_cy": 92.4,
      "yoy": 92.4
    },
    {
      "chnl_nm": "자사몰",
      "discount_cy": 75.9,
      "yoy": 72.4
    },
    {
      "chnl_nm": "제휴몰",
      "discount_cy": 74.2,
      "yoy": 53.5
    },
    {
      "chnl_nm": "백화점",
      "discount_cy": 49.0,
      "yoy": 49.0
    }
  ],
  "raw_data": {
    "sample_records": [
      {
        "CHNL_NM": "전체",
        "DISCOUNT": 75.0,
        "YOY": 40.2,
        "SEQ": 1
      },
      {
        "CHNL_NM": "백화점",
        "DISCOUNT": 49.0,
        "YOY": 49.0,
        "SEQ": 2
      },
      {
        "CHNL_NM": "대리점",
        "DISCOUNT": 92.4,
        "YOY": 92.4,
        "SEQ": 2
      },
      {
        "CHNL_NM": "직영점",
        "DISCOUNT": 0.0,
        "YOY": -48.7,
        "SEQ": 2
      },
      {
        "CHNL_NM": "자사몰",
        "DISCOUNT": 75.9,
        "YOY": 72.4,
        "SEQ": 2
      },
      {
        "CHNL_NM": "제휴몰",
        "DISCOUNT": 74.2,
        "YOY": 53.5,
        "SEQ": 2
      },
      {
        "CHNL_NM": "면세점",
        "DISCOUNT": 0.0,
        "YOY": -14.7,
        "SEQ": 2
      },
      {
        "CHNL_NM": "25F 의류",
        "DISCOUNT": 61.2,
        "YOY": 44.7,
        "SEQ": 4
      },
      {
        "CHNL_NM": "25S 의류",
        "DISCOUNT": 60.0,
        "YOY": 45.8,
        "SEQ": 4
      },
      {
        "CHNL_NM": "과시즌 의류",
        "DISCOUNT": 76.3,
        "YOY": 16.0,
        "SEQ": 4
      },
      {
        "CHNL_NM": "모자",
        "DISCOUNT": 73.5,
        "YOY": 25.3,
        "SEQ": 4
      },
      {
        "CHNL_NM": "신발",
        "DISCOUNT": 73.8,
        "YOY": 35.1,
        "SEQ": 4
      },
      {
        "CHNL_NM": "가방",
        "DISCOUNT": 75.9,
        "YOY": 65.2,
        "SEQ": 4
      },
      {
        "CHNL_NM": "기타ACC",
        "DISCOUNT": 47.4,
        "YOY": 24.8,
        "SEQ": 4
      },
      {
        "CHNL_NM": "차기시즌 의류",
        "DISCOUNT": 0.0,
        "YOY": -16.0,
        "SEQ": 4
      }
    ],
    "total_records_count": 15
  }
}