{
  "country": "KR",
  "brand_cd": "ST",
  "yyyymm": "202511",
  "key": "영업비",
  "sub_key": "공통비",
  "analysis_data": {
    "title": "공통비 분석",
    "sections": [
      {
        "div": "종합분석-1",
        "sub_title": "투자 방향성 종합 평가",
        "ai_text": "SERGIO TACCHINI 브랜드의 2025년 11월 공통비는 94백만원으로 전년 동월(53백만원) 대비 79.3% 급증했습니다. 이는 브랜드 강화를 위한 적극적 투자 전략으로 해석되며, 특히 공통 인건비가 47백만원에서 82백만원으로 73.0% 증가하여 조직 확대와 전문 인력 충원에 집중하고 있음을 보여줍니다. 공통비 배부 또한 5백만원에서 12백만원으로 138.7% 증가하여 브랜드 운영 인프라 강화에 투자하고 있습니다."
      },
      {
        "div": "종합분석-2",
        "sub_title": "효율적 투자 영역",
        "ai_text": "• 공통 인건비 전략적 확대: 82백만원으로 73.0% 증가하여 브랜드 전담 조직 구축 및 전문성 강화\n• 균형적 투자 배분: 인건비(87.2%)와 배부비(12.8%)의 안정적 비중으로 운영 효율성 확보\n• 브랜드 인프라 투자: 공통비 배부 138.7% 증가로 시스템 및 운영 기반 강화\n• 성장 기반 구축: 전년 대비 약 2배 수준의 투자로 브랜드 경쟁력 제고를 위한 토대 마련"
      },
      {
        "div": "종합분석-3",
        "sub_title": "주의 필요 영역",
        "ai_text": "• 급격한 비용 증가율: 전년 대비 79.3% 증가로 예산 통제 및 ROI 모니터링 필요\n• 인건비 집중도 심화: 전체 공통비의 87.2%를 차지하여 비용 구조의 경직성 우려\n• 단기 수익성 압박: 대폭 증가한 고정비가 단기 수익성에 미치는 영향 검토 필요\n• 투자 효과 불확실성: 인력 확대에 따른 브랜드 성과 개선 효과의 가시적 성과 측정 체계 부재"
      },
      {
        "div": "종합분석-4",
        "sub_title": "이상징후 및 리스크 감지",
        "ai_text": "• 비용 구조의 급격한 변화: 공통비 79.3% 증가는 브랜드 전략의 근본적 변화를 시사하며, 이에 따른 매출 성장률과의 정합성 검증이 필요합니다\n• 고정비 부담 가중: 인건비 중심의 비용 증가로 손익분기점 상승 및 경기 변동에 대한 취약성 증대\n• 예산 계획의 급진성: 전년 대비 2배 가까운 투자 증가가 중장기 재무 계획과 정렬되어 있는지 점검 필요\n• 성과 측정 체계 부재: 대규모 투자 대비 명확한 KPI 및 성과 측정 지표 설정이 미흡할 가능성"
      },
      {
        "div": "종합분석-5",
        "sub_title": "마케팅 전략 최적화 방안",
        "ai_text": "### 즉시 실행 방안\n1. 투자 효과 측정 체계 구축: 인건비 증가 대비 브랜드 인지도, 매출 기여도 등 정량적 KPI 설정 및 월별 모니터링\n2. 비용 효율성 점검: 공통 인건비 82백만원의 세부 배분 현황 및 개별 투자 항목별 ROI 분석\n3. 예산 통제 시스템 강화: 월별 예산 대비 실적 관리 및 분기별 재예측을 통한 비용 통제력 제고\n\n### 중장기 전략 방향\n1. 단계적 성과 창출: 1분기 내 브랜드 인지도 개선, 6개월 내 매출 기여 효과 가시화 목표 설정\n2. 비용 구조 최적화: 변동비 비중 확대를 통한 손익분기점 하향 조정 및 수익성 안정성 확보\n3. 브랜드 포트폴리오 시너지: 타 브랜드와의 공통비 효율화를 통한 전체 그룹 차원의 비용 최적화 추진"
      }
    ]
  },
  "ctgr1": "공통비",
  "summary": {
    "prev_year_total": 52.66,
    "curr_year_total": 94.43,
    "change_amount": 41.77,
    "change_pct": 79.3,
    "investment_direction": "증가"
  },
  "categories": [
    {
      "ctgr2": "공통비",
      "ctgr3": "공통비 배부",
      "gl_nm": null,
      "prev_year": 5.07,
      "curr_year": 12.1,
      "change": 7.03,
      "change_pct": 138.7,
      "is_new": false,
      "is_discontinued": false
    },
    {
      "ctgr2": "공통비",
      "ctgr3": "공통 인건비",
      "gl_nm": null,
      "prev_year": 47.59,
      "curr_year": 82.33,
      "change": 34.74,
      "change_pct": 73.0,
      "is_new": false,
      "is_discontinued": false
    }
  ],
  "category_summary": {
    "increased": [
      {
        "ctgr2": "공통비",
        "ctgr3": "공통비 배부",
        "gl_nm": null,
        "prev_year": 5.07,
        "curr_year": 12.1,
        "change": 7.03,
        "change_pct": 138.7,
        "is_new": false,
        "is_discontinued": false
      },
      {
        "ctgr2": "공통비",
        "ctgr3": "공통 인건비",
        "gl_nm": null,
        "prev_year": 47.59,
        "curr_year": 82.33,
        "change": 34.74,
        "change_pct": 73.0,
        "is_new": false,
        "is_discontinued": false
      }
    ],
    "decreased": [],
    "new_investments": [],
    "discontinued": []
  },
  "raw_data": {
    "total_records": [
      {
        "PST_YYYYMM": "202411",
        "TOTAL_AMT": 52661018.0
      },
      {
        "PST_YYYYMM": "202511",
        "TOTAL_AMT": 94434110.0
      }
    ],
    "detail_records": [
      {
        "PST_YYYYMM": "202511",
        "BRD_CD": "ST",
        "BRD_NM": "SERGIO TACCHINI",
        "CTGR1": "공통비",
        "CTGR2": "공통비",
        "CTGR3": "공통 인건비",
        "GL_NM": null,
        "TTL_USE_AMT": 82333180.0
      },
      {
        "PST_YYYYMM": "202411",
        "BRD_CD": "ST",
        "BRD_NM": "SERGIO TACCHINI",
        "CTGR1": "공통비",
        "CTGR2": "공통비",
        "CTGR3": "공통 인건비",
        "GL_NM": null,
        "TTL_USE_AMT": 47591683.0
      },
      {
        "PST_YYYYMM": "202511",
        "BRD_CD": "ST",
        "BRD_NM": "SERGIO TACCHINI",
        "CTGR1": "공통비",
        "CTGR2": "공통비",
        "CTGR3": "공통비 배부",
        "GL_NM": null,
        "TTL_USE_AMT": 12100930.0
      },
      {
        "PST_YYYYMM": "202411",
        "BRD_CD": "ST",
        "BRD_NM": "SERGIO TACCHINI",
        "CTGR1": "공통비",
        "CTGR2": "공통비",
        "CTGR3": "공통비 배부",
        "GL_NM": null,
        "TTL_USE_AMT": 5069335.0
      }
    ]
  },
  "trend_data": {
    "trend_months": [
      "202412",
      "202501",
      "202502",
      "202503",
      "202504",
      "202505",
      "202506",
      "202507",
      "202508",
      "202509",
      "202510",
      "202511"
    ],
    "monthly_totals": [
      {
        "yyyymm": "202412",
        "total_amount": 49.57
      },
      {
        "yyyymm": "202501",
        "total_amount": 96.95
      },
      {
        "yyyymm": "202502",
        "total_amount": 102.37
      },
      {
        "yyyymm": "202503",
        "total_amount": 105.35
      },
      {
        "yyyymm": "202504",
        "total_amount": 104.87
      },
      {
        "yyyymm": "202505",
        "total_amount": 87.06
      },
      {
        "yyyymm": "202506",
        "total_amount": 67.67
      },
      {
        "yyyymm": "202507",
        "total_amount": 67.52
      },
      {
        "yyyymm": "202508",
        "total_amount": 64.05
      },
      {
        "yyyymm": "202509",
        "total_amount": 90.84
      },
      {
        "yyyymm": "202510",
        "total_amount": 125.86
      },
      {
        "yyyymm": "202511",
        "total_amount": 94.43
      }
    ],
    "monthly_details": [
      {
        "yyyymm": "202412",
        "ctgr2": "공통비",
        "ctgr3": "공통 인건비",
        "gl_nm": null,
        "amount": 45.2
      },
      {
        "yyyymm": "202412",
        "ctgr2": "공통비",
        "ctgr3": "공통비 배부",
        "gl_nm": null,
        "amount": 4.37
      },
      {
        "yyyymm": "202501",
        "ctgr2": "공통비",
        "ctgr3": "공통 인건비",
        "gl_nm": null,
        "amount": 89.37
      },
      {
        "yyyymm": "202501",
        "ctgr2": "공통비",
        "ctgr3": "공통비 배부",
        "gl_nm": null,
        "amount": 7.58
      },
      {
        "yyyymm": "202502",
        "ctgr2": "공통비",
        "ctgr3": "공통 인건비",
        "gl_nm": null,
        "amount": 89.72
      },
      {
        "yyyymm": "202502",
        "ctgr2": "공통비",
        "ctgr3": "공통비 배부",
        "gl_nm": null,
        "amount": 12.65
      },
      {
        "yyyymm": "202503",
        "ctgr2": "공통비",
        "ctgr3": "공통 인건비",
        "gl_nm": null,
        "amount": 90.27
      },
      {
        "yyyymm": "202503",
        "ctgr2": "공통비",
        "ctgr3": "공통비 배부",
        "gl_nm": null,
        "amount": 15.07
      },
      {
        "yyyymm": "202504",
        "ctgr2": "공통비",
        "ctgr3": "공통 인건비",
        "gl_nm": null,
        "amount": 95.35
      },
      {
        "yyyymm": "202504",
        "ctgr2": "공통비",
        "ctgr3": "공통비 배부",
        "gl_nm": null,
        "amount": 9.52
      },
      {
        "yyyymm": "202505",
        "ctgr2": "공통비",
        "ctgr3": "공통 인건비",
        "gl_nm": null,
        "amount": 71.31
      },
      {
        "yyyymm": "202505",
        "ctgr2": "공통비",
        "ctgr3": "공통비 배부",
        "gl_nm": null,
        "amount": 15.75
      },
      {
        "yyyymm": "202506",
        "ctgr2": "공통비",
        "ctgr3": "공통 인건비",
        "gl_nm": null,
        "amount": 58.73
      },
      {
        "yyyymm": "202506",
        "ctgr2": "공통비",
        "ctgr3": "공통비 배부",
        "gl_nm": null,
        "amount": 8.95
      },
      {
        "yyyymm": "202507",
        "ctgr2": "공통비",
        "ctgr3": "공통 인건비",
        "gl_nm": null,
        "amount": 56.81
      },
      {
        "yyyymm": "202507",
        "ctgr2": "공통비",
        "ctgr3": "공통비 배부",
        "gl_nm": null,
        "amount": 10.71
      },
      {
        "yyyymm": "202508",
        "ctgr2": "공통비",
        "ctgr3": "공통 인건비",
        "gl_nm": null,
        "amount": 54.68
      },
      {
        "yyyymm": "202508",
        "ctgr2": "공통비",
        "ctgr3": "공통비 배부",
        "gl_nm": null,
        "amount": 9.37
      },
      {
        "yyyymm": "202509",
        "ctgr2": "공통비",
        "ctgr3": "공통 인건비",
        "gl_nm": null,
        "amount": 75.46
      },
      {
        "yyyymm": "202509",
        "ctgr2": "공통비",
        "ctgr3": "공통비 배부",
        "gl_nm": null,
        "amount": 15.39
      },
      {
        "yyyymm": "202510",
        "ctgr2": "공통비",
        "ctgr3": "공통 인건비",
        "gl_nm": null,
        "amount": 101.94
      },
      {
        "yyyymm": "202510",
        "ctgr2": "공통비",
        "ctgr3": "공통비 배부",
        "gl_nm": null,
        "amount": 23.92
      },
      {
        "yyyymm": "202511",
        "ctgr2": "공통비",
        "ctgr3": "공통 인건비",
        "gl_nm": null,
        "amount": 82.33
      },
      {
        "yyyymm": "202511",
        "ctgr2": "공통비",
        "ctgr3": "공통비 배부",
        "gl_nm": null,
        "amount": 12.1
      }
    ]
  }
}