{
  "country": "KR",
  "brand_cd": "W",
  "brand_name": "SUPRA",
  "yyyymm": "202511",
  "yyyymm_py": "202411",
  "key": "실판매출",
  "sub_key": "채널별매출분석",
  "analysis_data": {
    "title": "채널별 매출 top3 분석 (당해 전년 주요변화)",
    "sections": [
      {
        "div": "제휴몰",
        "sub_title": "제휴몰 전년대비 주요 변화",
        "ai_text": "제휴몰 채널은 전년대비 271.1% 폭증한 119백만원을 기록하며 급격한 성장세를 보임. 당해 11월 TOP3 아이템 분석:\n\n• 다운점퍼: 32백만원(27.0%) - 동절기 시즌 진입으로 방한용품 수요 급증, 제휴몰 특성상 가격 경쟁력으로 인한 집중 구매 발생\n• 맨투맨: 13백만원(11.0%) - 캐주얼 트렌드와 레이어링 스타일 확산으로 기본 아이템 수요 지속 증가\n• 팬츠: 11백만원(9.0%) - 사계절 필수 아이템으로 안정적 매출 기여, 특히 활동성과 편의성 중심 제품 선호\n\n⚠️ 전년 32백만원 → 당해 119백만원으로 3.7배 급성장은 제휴몰 채널 확대 전략의 성공적 결과로 분석됨. 단기적으로는 동절기 시즌 특성을 활용한 아우터 중심 마케팅 강화가 필요하며, 중장기적으로는 제휴몰 채널의 지속적 확장과 플랫폼별 맞춤형 상품 구성 전략 수립이 요구됨."
      },
      {
        "div": "자사몰",
        "sub_title": "자사몰 전년대비 주요 변화",
        "ai_text": "자사몰 채널은 전년대비 56.0% 증가한 100백만원을 달성하며 안정적 성장세 유지. 당해 11월 TOP3 아이템 분석:\n\n• 다운점퍼: 23백만원(23.0%) - 자사몰 고객층의 프리미엄 제품 선호도 반영, 브랜드 직접 구매를 통한 품질 신뢰도 확보\n• 팬츠: 13백만원(13.0%) - 기본 아이템 중심의 꾸준한 수요, 사이즈 교환 등 서비스 편의성으로 자사몰 선택 증가\n• 맨투맨: 13백만원(13.0%) - 브랜드 정체성이 강한 시그니처 아이템으로 자사몰 고객 충성도 기여\n\n전년 64백만원 → 당해 100백만원 성장은 브랜드 직접 채널 강화 전략의 효과로 판단됨. 단기적으로는 동절기 아우터 카테고리 집중 프로모션과 회원 전용 혜택 확대가 필요하며, 중장기적으로는 자사몰만의 차별화된 상품 라인업 구축과 개인화 서비스 강화를 통한 고객 생애가치 증대 전략이 핵심임."
      },
      {
        "div": "종합분석-1",
        "sub_title": "최고 성과 채널",
        "ai_text": "제휴몰이 271.1% 급성장하며 119백만원으로 최고 성과 달성, 다운점퍼(32백만원)와 맨투맨(13백만원) 중심의 겨울 상품 강세 확인\n자사몰도 56.0% 성장하며 100백만원 돌파, 팬츠(13백만원)와 맨투맨(13백만원)이 균형잡힌 성장세로 안정적 채널 역할 수행"
      },
      {
        "div": "종합분석-2",
        "sub_title": "개선 필요 채널",
        "ai_text": "전체 브랜드 매출이 412백만원에서 218백만원으로 47.1% 급락하며 전년 대비 절반 수준으로 축소, 주력 채널 외 다각화 필요\n대리점 채널에서 음수 매출(-63천원) 발생으로 반품/환불 처리 및 재고 관리 시스템 점검과 채널 운영 전략 재검토 시급"
      },
      {
        "div": "종합분석-3",
        "sub_title": "핵심 제안",
        "ai_text": "제휴몰 성공 요인(다운점퍼 32백만원 히트)을 자사몰에 적용하여 겨울 상품 라인업 확대 및 크로스 프로모션 강화로 시너지 창출\n백화점(156천원) 등 소규모 채널 확대와 대리점 운영 정상화를 통해 총 매출 회복 및 200백만원 이상 목표 달성 전략 수립"
      }
    ]
  },
  "summary": {
    "total_sales": 630.77,
    "total_sales_cy": 218.34,
    "total_sales_py": 412.43,
    "change_pct": -47.1,
    "unique_channels": 6,
    "unique_items": 44,
    "unique_months": 2,
    "analysis_period": "2024년 11월 vs 2025년 11월"
  },
  "channel_summary": {
    "제휴몰": {
      "total_sales": 150.54,
      "months": {
        "202511": 118587010.0,
        "202411": 31956300.0
      },
      "top_items": [
        {
          "class3": "다운점퍼",
          "total_sales": 43.42
        },
        {
          "class3": "맨투맨",
          "total_sales": 15.38
        },
        {
          "class3": "신발",
          "total_sales": 14.7
        },
        {
          "class3": "후드티",
          "total_sales": 13.28
        },
        {
          "class3": "팬츠",
          "total_sales": 11.54
        }
      ]
    },
    "자사몰": {
      "total_sales": 163.53,
      "months": {
        "202511": 99658445.0,
        "202411": 63874894.0
      },
      "top_items": [
        {
          "class3": "다운점퍼",
          "total_sales": 66.82
        },
        {
          "class3": "맨투맨",
          "total_sales": 14.96
        },
        {
          "class3": "팬츠",
          "total_sales": 13.6
        },
        {
          "class3": "후드티",
          "total_sales": 12.34
        },
        {
          "class3": "신발",
          "total_sales": 9.76
        }
      ]
    },
    "백화점": {
      "total_sales": 0.16,
      "months": {
        "202511": 156000.0
      },
      "top_items": [
        {
          "class3": "반팔티셔츠",
          "total_sales": 0.12
        },
        {
          "class3": "폴로 티셔츠",
          "total_sales": 0.04
        }
      ]
    },
    "대리점": {
      "total_sales": -0.06,
      "months": {
        "202511": -63000.0
      },
      "top_items": [
        {
          "class3": "반팔티셔츠",
          "total_sales": 0.22
        },
        {
          "class3": "우븐반바지",
          "total_sales": 0.09
        },
        {
          "class3": "슬리퍼",
          "total_sales": 0.06
        },
        {
          "class3": "가방",
          "total_sales": 0.05
        },
        {
          "class3": "백팩",
          "total_sales": 0.04
        }
      ]
    },
    "직영점": {
      "total_sales": 199.33,
      "months": {
        "202411": 199331320.0
      },
      "top_items": [
        {
          "class3": "다운점퍼",
          "total_sales": 46.94
        },
        {
          "class3": "반팔티셔츠",
          "total_sales": 29.55
        },
        {
          "class3": "신발",
          "total_sales": 22.56
        },
        {
          "class3": "맨투맨",
          "total_sales": 16.16
        },
        {
          "class3": "후드티",
          "total_sales": 15.81
        }
      ]
    },
    "면세점": {
      "total_sales": 117.27,
      "months": {
        "202411": 117268850.0
      },
      "top_items": [
        {
          "class3": "반팔티셔츠",
          "total_sales": 67.08
        },
        {
          "class3": "신발",
          "total_sales": 19.8
        },
        {
          "class3": "맨투맨",
          "total_sales": 15.61
        },
        {
          "class3": "다운점퍼",
          "total_sales": 4.99
        },
        {
          "class3": "가방",
          "total_sales": 2.31
        }
      ]
    }
  },
  "channel_summary_overall": {
    "제휴몰": {
      "current_sales": 118.59,
      "previous_sales": 31.96,
      "all_items": [
        {
          "class3": "다운점퍼",
          "total_sales": 32.39
        },
        {
          "class3": "맨투맨",
          "total_sales": 12.82
        },
        {
          "class3": "팬츠",
          "total_sales": 11.04
        },
        {
          "class3": "후드티",
          "total_sales": 10.77
        },
        {
          "class3": "점퍼",
          "total_sales": 10.17
        },
        {
          "class3": "신발",
          "total_sales": 8.74
        },
        {
          "class3": "패딩",
          "total_sales": 6.61
        },
        {
          "class3": "다운베스트",
          "total_sales": 3.12
        },
        {
          "class3": "긴팔티셔츠",
          "total_sales": 2.58
        },
        {
          "class3": "우븐팬츠",
          "total_sales": 2.5
        },
        {
          "class3": "방풍자켓",
          "total_sales": 2.44
        },
        {
          "class3": "운동모",
          "total_sales": 2.43
        },
        {
          "class3": "가방",
          "total_sales": 2.04
        },
        {
          "class3": "소프트쉘",
          "total_sales": 1.74
        },
        {
          "class3": "보스톤백",
          "total_sales": 1.08
        },
        {
          "class3": "방한화",
          "total_sales": 0.99
        },
        {
          "class3": "폴라폴리스점퍼",
          "total_sales": 0.94
        },
        {
          "class3": "트레이닝(하의)",
          "total_sales": 0.89
        },
        {
          "class3": "트레이닝(상의)",
          "total_sales": 0.84
        },
        {
          "class3": "진바지",
          "total_sales": 0.72
        },
        {
          "class3": "반팔티셔츠",
          "total_sales": 0.68
        },
        {
          "class3": "백팩",
          "total_sales": 0.52
        },
        {
          "class3": "베스트",
          "total_sales": 0.44
        },
        {
          "class3": "비니",
          "total_sales": 0.34
        },
        {
          "class3": "크로스백",
          "total_sales": 0.31
        },
        {
          "class3": "햇",
          "total_sales": 0.28
        },
        {
          "class3": "우븐반바지",
          "total_sales": 0.26
        },
        {
          "class3": "탱크탑",
          "total_sales": 0.16
        },
        {
          "class3": "양말",
          "total_sales": 0.14
        },
        {
          "class3": "토드백",
          "total_sales": 0.13
        },
        {
          "class3": "상하의 세트",
          "total_sales": 0.12
        },
        {
          "class3": "슬리퍼",
          "total_sales": 0.12
        },
        {
          "class3": "스커트",
          "total_sales": 0.06
        },
        {
          "class3": "반바지",
          "total_sales": 0.06
        },
        {
          "class3": "레깅스",
          "total_sales": 0.05
        },
        {
          "class3": "힙색",
          "total_sales": 0.03
        },
        {
          "class3": "트레이닝 숏팬츠",
          "total_sales": 0.03
        },
        {
          "class3": "니트베스트",
          "total_sales": 0.02
        },
        {
          "class3": "우븐셔츠",
          "total_sales": -0.0
        }
      ],
      "change_pct": 271.1
    },
    "자사몰": {
      "current_sales": 99.66,
      "previous_sales": 63.87,
      "all_items": [
        {
          "class3": "다운점퍼",
          "total_sales": 22.98
        },
        {
          "class3": "팬츠",
          "total_sales": 12.91
        },
        {
          "class3": "맨투맨",
          "total_sales": 12.57
        },
        {
          "class3": "후드티",
          "total_sales": 8.58
        },
        {
          "class3": "신발",
          "total_sales": 5.67
        },
        {
          "class3": "점퍼",
          "total_sales": 5.24
        },
        {
          "class3": "우븐팬츠",
          "total_sales": 4.33
        },
        {
          "class3": "운동모",
          "total_sales": 4.08
        },
        {
          "class3": "방풍자켓",
          "total_sales": 4.03
        },
        {
          "class3": "긴팔티셔츠",
          "total_sales": 2.92
        },
        {
          "class3": "폴라폴리스점퍼",
          "total_sales": 2.21
        },
        {
          "class3": "트레이닝(하의)",
          "total_sales": 2.17
        },
        {
          "class3": "패딩",
          "total_sales": 1.87
        },
        {
          "class3": "소프트쉘",
          "total_sales": 1.72
        },
        {
          "class3": "보스톤백",
          "total_sales": 1.2
        },
        {
          "class3": "트레이닝(상의)",
          "total_sales": 0.98
        },
        {
          "class3": "가방",
          "total_sales": 0.78
        },
        {
          "class3": "반팔티셔츠",
          "total_sales": 0.54
        },
        {
          "class3": "다운베스트",
          "total_sales": 0.5
        },
        {
          "class3": "베스트",
          "total_sales": 0.49
        },
        {
          "class3": "진바지",
          "total_sales": 0.47
        },
        {
          "class3": "백팩",
          "total_sales": 0.44
        },
        {
          "class3": "비니",
          "total_sales": 0.43
        },
        {
          "class3": "방한화",
          "total_sales": 0.37
        },
        {
          "class3": "햇",
          "total_sales": 0.37
        },
        {
          "class3": "우븐반바지",
          "total_sales": 0.35
        },
        {
          "class3": "상하의 세트",
          "total_sales": 0.27
        },
        {
          "class3": "반바지",
          "total_sales": 0.25
        },
        {
          "class3": "힙색",
          "total_sales": 0.2
        },
        {
          "class3": "크로스백",
          "total_sales": 0.2
        },
        {
          "class3": "슬리퍼",
          "total_sales": 0.13
        },
        {
          "class3": "토드백",
          "total_sales": 0.06
        },
        {
          "class3": "우븐셔츠",
          "total_sales": 0.06
        },
        {
          "class3": "스커트",
          "total_sales": 0.05
        },
        {
          "class3": "반팔카라티셔츠",
          "total_sales": 0.04
        },
        {
          "class3": "데님셔츠",
          "total_sales": 0.04
        },
        {
          "class3": "니트베스트",
          "total_sales": 0.04
        },
        {
          "class3": "양말",
          "total_sales": 0.03
        },
        {
          "class3": "폴로 티셔츠",
          "total_sales": 0.03
        },
        {
          "class3": "레깅스",
          "total_sales": 0.03
        },
        {
          "class3": "선캡",
          "total_sales": 0.02
        },
        {
          "class3": "트레이닝 숏팬츠",
          "total_sales": 0.02
        }
      ],
      "change_pct": 56.0
    },
    "백화점": {
      "current_sales": 0.16,
      "previous_sales": 0.0,
      "all_items": [
        {
          "class3": "반팔티셔츠",
          "total_sales": 0.12
        },
        {
          "class3": "폴로 티셔츠",
          "total_sales": 0.04
        }
      ],
      "change_pct": 0
    },
    "대리점": {
      "current_sales": -0.06,
      "previous_sales": 0.0,
      "all_items": [
        {
          "class3": "반팔티셔츠",
          "total_sales": 0.22
        },
        {
          "class3": "우븐반바지",
          "total_sales": 0.09
        },
        {
          "class3": "슬리퍼",
          "total_sales": 0.06
        },
        {
          "class3": "가방",
          "total_sales": 0.05
        },
        {
          "class3": "백팩",
          "total_sales": 0.04
        },
        {
          "class3": "운동모",
          "total_sales": 0.04
        },
        {
          "class3": "보스톤백",
          "total_sales": 0.03
        },
        {
          "class3": "크로스백",
          "total_sales": 0.01
        },
        {
          "class3": "힙색",
          "total_sales": 0.0
        },
        {
          "class3": "신발",
          "total_sales": -0.59
        }
      ],
      "change_pct": 0
    },
    "직영점": {
      "current_sales": 0.0,
      "previous_sales": 199.33,
      "all_items": [],
      "change_pct": -100.0
    },
    "면세점": {
      "current_sales": 0.0,
      "previous_sales": 117.27,
      "all_items": [],
      "change_pct": -100.0
    }
  },
  "raw_data": {
    "sample_records": [
      {
        "PST_YYYYMM": "202511",
        "CHNL_NM": "제휴몰",
        "CLASS3": "다운점퍼",
        "SALE_AMT": 32388000.0,
        "SALE_AMT_CHNL_TTL": 118587010.0,
        "SALE_RATIO": 27.0,
        "IN_YMM_RNK": 0,
        "IN_CHNL_RNK": 1
      },
      {
        "PST_YYYYMM": "202511",
        "CHNL_NM": "제휴몰",
        "CLASS3": "맨투맨",
        "SALE_AMT": 12817000.0,
        "SALE_AMT_CHNL_TTL": 118587010.0,
        "SALE_RATIO": 11.0,
        "IN_YMM_RNK": 0,
        "IN_CHNL_RNK": 2
      },
      {
        "PST_YYYYMM": "202511",
        "CHNL_NM": "제휴몰",
        "CLASS3": "팬츠",
        "SALE_AMT": 11041010.0,
        "SALE_AMT_CHNL_TTL": 118587010.0,
        "SALE_RATIO": 9.0,
        "IN_YMM_RNK": 0,
        "IN_CHNL_RNK": 3
      },
      {
        "PST_YYYYMM": "202511",
        "CHNL_NM": "제휴몰",
        "CLASS3": "후드티",
        "SALE_AMT": 10772000.0,
        "SALE_AMT_CHNL_TTL": 118587010.0,
        "SALE_RATIO": 9.0,
        "IN_YMM_RNK": 0,
        "IN_CHNL_RNK": 4
      },
      {
        "PST_YYYYMM": "202511",
        "CHNL_NM": "제휴몰",
        "CLASS3": "점퍼",
        "SALE_AMT": 10172000.0,
        "SALE_AMT_CHNL_TTL": 118587010.0,
        "SALE_RATIO": 9.0,
        "IN_YMM_RNK": 0,
        "IN_CHNL_RNK": 5
      },
      {
        "PST_YYYYMM": "202511",
        "CHNL_NM": "제휴몰",
        "CLASS3": "신발",
        "SALE_AMT": 8742000.0,
        "SALE_AMT_CHNL_TTL": 118587010.0,
        "SALE_RATIO": 7.0,
        "IN_YMM_RNK": 0,
        "IN_CHNL_RNK": 6
      },
      {
        "PST_YYYYMM": "202511",
        "CHNL_NM": "제휴몰",
        "CLASS3": "패딩",
        "SALE_AMT": 6606000.0,
        "SALE_AMT_CHNL_TTL": 118587010.0,
        "SALE_RATIO": 6.0,
        "IN_YMM_RNK": 0,
        "IN_CHNL_RNK": 7
      },
      {
        "PST_YYYYMM": "202511",
        "CHNL_NM": "제휴몰",
        "CLASS3": "다운베스트",
        "SALE_AMT": 3117000.0,
        "SALE_AMT_CHNL_TTL": 118587010.0,
        "SALE_RATIO": 3.0,
        "IN_YMM_RNK": 0,
        "IN_CHNL_RNK": 8
      },
      {
        "PST_YYYYMM": "202511",
        "CHNL_NM": "제휴몰",
        "CLASS3": "긴팔티셔츠",
        "SALE_AMT": 2585000.0,
        "SALE_AMT_CHNL_TTL": 118587010.0,
        "SALE_RATIO": 2.0,
        "IN_YMM_RNK": 0,
        "IN_CHNL_RNK": 9
      },
      {
        "PST_YYYYMM": "202511",
        "CHNL_NM": "제휴몰",
        "CLASS3": "우븐팬츠",
        "SALE_AMT": 2497000.0,
        "SALE_AMT_CHNL_TTL": 118587010.0,
        "SALE_RATIO": 2.0,
        "IN_YMM_RNK": 0,
        "IN_CHNL_RNK": 10
      },
      {
        "PST_YYYYMM": "202511",
        "CHNL_NM": "제휴몰",
        "CLASS3": "방풍자켓",
        "SALE_AMT": 2440000.0,
        "SALE_AMT_CHNL_TTL": 118587010.0,
        "SALE_RATIO": 2.0,
        "IN_YMM_RNK": 0,
        "IN_CHNL_RNK": 11
      },
      {
        "PST_YYYYMM": "202511",
        "CHNL_NM": "제휴몰",
        "CLASS3": "운동모",
        "SALE_AMT": 2432000.0,
        "SALE_AMT_CHNL_TTL": 118587010.0,
        "SALE_RATIO": 2.0,
        "IN_YMM_RNK": 0,
        "IN_CHNL_RNK": 12
      },
      {
        "PST_YYYYMM": "202511",
        "CHNL_NM": "제휴몰",
        "CLASS3": "가방",
        "SALE_AMT": 2040000.0,
        "SALE_AMT_CHNL_TTL": 118587010.0,
        "SALE_RATIO": 2.0,
        "IN_YMM_RNK": 0,
        "IN_CHNL_RNK": 13
      },
      {
        "PST_YYYYMM": "202511",
        "CHNL_NM": "제휴몰",
        "CLASS3": "소프트쉘",
        "SALE_AMT": 1738000.0,
        "SALE_AMT_CHNL_TTL": 118587010.0,
        "SALE_RATIO": 1.0,
        "IN_YMM_RNK": 0,
        "IN_CHNL_RNK": 14
      },
      {
        "PST_YYYYMM": "202511",
        "CHNL_NM": "제휴몰",
        "CLASS3": "보스톤백",
        "SALE_AMT": 1084000.0,
        "SALE_AMT_CHNL_TTL": 118587010.0,
        "SALE_RATIO": 1.0,
        "IN_YMM_RNK": 0,
        "IN_CHNL_RNK": 15
      },
      {
        "PST_YYYYMM": "202511",
        "CHNL_NM": "제휴몰",
        "CLASS3": "방한화",
        "SALE_AMT": 986000.0,
        "SALE_AMT_CHNL_TTL": 118587010.0,
        "SALE_RATIO": 1.0,
        "IN_YMM_RNK": 0,
        "IN_CHNL_RNK": 16
      },
      {
        "PST_YYYYMM": "202511",
        "CHNL_NM": "제휴몰",
        "CLASS3": "폴라폴리스점퍼",
        "SALE_AMT": 944000.0,
        "SALE_AMT_CHNL_TTL": 118587010.0,
        "SALE_RATIO": 1.0,
        "IN_YMM_RNK": 0,
        "IN_CHNL_RNK": 17
      },
      {
        "PST_YYYYMM": "202511",
        "CHNL_NM": "제휴몰",
        "CLASS3": "트레이닝(하의)",
        "SALE_AMT": 890000.0,
        "SALE_AMT_CHNL_TTL": 118587010.0,
        "SALE_RATIO": 1.0,
        "IN_YMM_RNK": 0,
        "IN_CHNL_RNK": 18
      },
      {
        "PST_YYYYMM": "202511",
        "CHNL_NM": "제휴몰",
        "CLASS3": "트레이닝(상의)",
        "SALE_AMT": 843000.0,
        "SALE_AMT_CHNL_TTL": 118587010.0,
        "SALE_RATIO": 1.0,
        "IN_YMM_RNK": 0,
        "IN_CHNL_RNK": 19
      },
      {
        "PST_YYYYMM": "202511",
        "CHNL_NM": "제휴몰",
        "CLASS3": "진바지",
        "SALE_AMT": 725000.0,
        "SALE_AMT_CHNL_TTL": 118587010.0,
        "SALE_RATIO": 1.0,
        "IN_YMM_RNK": 0,
        "IN_CHNL_RNK": 20
      },
      {
        "PST_YYYYMM": "202511",
        "CHNL_NM": "제휴몰",
        "CLASS3": "반팔티셔츠",
        "SALE_AMT": 678000.0,
        "SALE_AMT_CHNL_TTL": 118587010.0,
        "SALE_RATIO": 1.0,
        "IN_YMM_RNK": 0,
        "IN_CHNL_RNK": 21
      },
      {
        "PST_YYYYMM": "202511",
        "CHNL_NM": "제휴몰",
        "CLASS3": "백팩",
        "SALE_AMT": 520000.0,
        "SALE_AMT_CHNL_TTL": 118587010.0,
        "SALE_RATIO": 0.0,
        "IN_YMM_RNK": 0,
        "IN_CHNL_RNK": 22
      },
      {
        "PST_YYYYMM": "202511",
        "CHNL_NM": "제휴몰",
        "CLASS3": "베스트",
        "SALE_AMT": 441000.0,
        "SALE_AMT_CHNL_TTL": 118587010.0,
        "SALE_RATIO": 0.0,
        "IN_YMM_RNK": 0,
        "IN_CHNL_RNK": 23
      },
      {
        "PST_YYYYMM": "202511",
        "CHNL_NM": "제휴몰",
        "CLASS3": "비니",
        "SALE_AMT": 342000.0,
        "SALE_AMT_CHNL_TTL": 118587010.0,
        "SALE_RATIO": 0.0,
        "IN_YMM_RNK": 0,
        "IN_CHNL_RNK": 24
      },
      {
        "PST_YYYYMM": "202511",
        "CHNL_NM": "제휴몰",
        "CLASS3": "크로스백",
        "SALE_AMT": 311000.0,
        "SALE_AMT_CHNL_TTL": 118587010.0,
        "SALE_RATIO": 0.0,
        "IN_YMM_RNK": 0,
        "IN_CHNL_RNK": 25
      },
      {
        "PST_YYYYMM": "202511",
        "CHNL_NM": "제휴몰",
        "CLASS3": "햇",
        "SALE_AMT": 277000.0,
        "SALE_AMT_CHNL_TTL": 118587010.0,
        "SALE_RATIO": 0.0,
        "IN_YMM_RNK": 0,
        "IN_CHNL_RNK": 26
      },
      {
        "PST_YYYYMM": "202511",
        "CHNL_NM": "제휴몰",
        "CLASS3": "우븐반바지",
        "SALE_AMT": 261000.0,
        "SALE_AMT_CHNL_TTL": 118587010.0,
        "SALE_RATIO": 0.0,
        "IN_YMM_RNK": 0,
        "IN_CHNL_RNK": 27
      },
      {
        "PST_YYYYMM": "202511",
        "CHNL_NM": "제휴몰",
        "CLASS3": "탱크탑",
        "SALE_AMT": 158000.0,
        "SALE_AMT_CHNL_TTL": 118587010.0,
        "SALE_RATIO": 0.0,
        "IN_YMM_RNK": 0,
        "IN_CHNL_RNK": 28
      },
      {
        "PST_YYYYMM": "202511",
        "CHNL_NM": "제휴몰",
        "CLASS3": "양말",
        "SALE_AMT": 135000.0,
        "SALE_AMT_CHNL_TTL": 118587010.0,
        "SALE_RATIO": 0.0,
        "IN_YMM_RNK": 0,
        "IN_CHNL_RNK": 29
      },
      {
        "PST_YYYYMM": "202511",
        "CHNL_NM": "제휴몰",
        "CLASS3": "토드백",
        "SALE_AMT": 126000.0,
        "SALE_AMT_CHNL_TTL": 118587010.0,
        "SALE_RATIO": 0.0,
        "IN_YMM_RNK": 0,
        "IN_CHNL_RNK": 30
      },
      {
        "PST_YYYYMM": "202511",
        "CHNL_NM": "제휴몰",
        "CLASS3": "상하의 세트",
        "SALE_AMT": 117000.0,
        "SALE_AMT_CHNL_TTL": 118587010.0,
        "SALE_RATIO": 0.0,
        "IN_YMM_RNK": 0,
        "IN_CHNL_RNK": 31
      },
      {
        "PST_YYYYMM": "202511",
        "CHNL_NM": "제휴몰",
        "CLASS3": "슬리퍼",
        "SALE_AMT": 116000.0,
        "SALE_AMT_CHNL_TTL": 118587010.0,
        "SALE_RATIO": 0.0,
        "IN_YMM_RNK": 0,
        "IN_CHNL_RNK": 32
      },
      {
        "PST_YYYYMM": "202511",
        "CHNL_NM": "제휴몰",
        "CLASS3": "스커트",
        "SALE_AMT": 59000.0,
        "SALE_AMT_CHNL_TTL": 118587010.0,
        "SALE_RATIO": 0.0,
        "IN_YMM_RNK": 0,
        "IN_CHNL_RNK": 33
      },
      {
        "PST_YYYYMM": "202511",
        "CHNL_NM": "제휴몰",
        "CLASS3": "반바지",
        "SALE_AMT": 58000.0,
        "SALE_AMT_CHNL_TTL": 118587010.0,
        "SALE_RATIO": 0.0,
        "IN_YMM_RNK": 0,
        "IN_CHNL_RNK": 34
      },
      {
        "PST_YYYYMM": "202511",
        "CHNL_NM": "제휴몰",
        "CLASS3": "레깅스",
        "SALE_AMT": 54000.0,
        "SALE_AMT_CHNL_TTL": 118587010.0,
        "SALE_RATIO": 0.0,
        "IN_YMM_RNK": 0,
        "IN_CHNL_RNK": 35
      },
      {
        "PST_YYYYMM": "202511",
        "CHNL_NM": "제휴몰",
        "CLASS3": "힙색",
        "SALE_AMT": 29000.0,
        "SALE_AMT_CHNL_TTL": 118587010.0,
        "SALE_RATIO": 0.0,
        "IN_YMM_RNK": 0,
        "IN_CHNL_RNK": 36
      },
      {
        "PST_YYYYMM": "202511",
        "CHNL_NM": "제휴몰",
        "CLASS3": "트레이닝 숏팬츠",
        "SALE_AMT": 28000.0,
        "SALE_AMT_CHNL_TTL": 118587010.0,
        "SALE_RATIO": 0.0,
        "IN_YMM_RNK": 0,
        "IN_CHNL_RNK": 37
      },
      {
        "PST_YYYYMM": "202511",
        "CHNL_NM": "제휴몰",
        "CLASS3": "니트베스트",
        "SALE_AMT": 19000.0,
        "SALE_AMT_CHNL_TTL": 118587010.0,
        "SALE_RATIO": 0.0,
        "IN_YMM_RNK": 0,
        "IN_CHNL_RNK": 38
      },
      {
        "PST_YYYYMM": "202511",
        "CHNL_NM": "제휴몰",
        "CLASS3": "우븐셔츠",
        "SALE_AMT": -1000.0,
        "SALE_AMT_CHNL_TTL": 118587010.0,
        "SALE_RATIO": 0.0,
        "IN_YMM_RNK": 0,
        "IN_CHNL_RNK": 39
      },
      {
        "PST_YYYYMM": "202511",
        "CHNL_NM": "자사몰",
        "CLASS3": "다운점퍼",
        "SALE_AMT": 22976540.0,
        "SALE_AMT_CHNL_TTL": 99658445.0,
        "SALE_RATIO": 23.0,
        "IN_YMM_RNK": 0,
        "IN_CHNL_RNK": 1
      },
      {
        "PST_YYYYMM": "202511",
        "CHNL_NM": "자사몰",
        "CLASS3": "팬츠",
        "SALE_AMT": 12905990.0,
        "SALE_AMT_CHNL_TTL": 99658445.0,
        "SALE_RATIO": 13.0,
        "IN_YMM_RNK": 0,
        "IN_CHNL_RNK": 2
      },
      {
        "PST_YYYYMM": "202511",
        "CHNL_NM": "자사몰",
        "CLASS3": "맨투맨",
        "SALE_AMT": 12574460.0,
        "SALE_AMT_CHNL_TTL": 99658445.0,
        "SALE_RATIO": 13.0,
        "IN_YMM_RNK": 0,
        "IN_CHNL_RNK": 3
      },
      {
        "PST_YYYYMM": "202511",
        "CHNL_NM": "자사몰",
        "CLASS3": "후드티",
        "SALE_AMT": 8575890.0,
        "SALE_AMT_CHNL_TTL": 99658445.0,
        "SALE_RATIO": 9.0,
        "IN_YMM_RNK": 0,
        "IN_CHNL_RNK": 4
      },
      {
        "PST_YYYYMM": "202511",
        "CHNL_NM": "자사몰",
        "CLASS3": "신발",
        "SALE_AMT": 5667820.0,
        "SALE_AMT_CHNL_TTL": 99658445.0,
        "SALE_RATIO": 6.0,
        "IN_YMM_RNK": 0,
        "IN_CHNL_RNK": 5
      },
      {
        "PST_YYYYMM": "202511",
        "CHNL_NM": "자사몰",
        "CLASS3": "점퍼",
        "SALE_AMT": 5240934.0,
        "SALE_AMT_CHNL_TTL": 99658445.0,
        "SALE_RATIO": 5.0,
        "IN_YMM_RNK": 0,
        "IN_CHNL_RNK": 6
      },
      {
        "PST_YYYYMM": "202511",
        "CHNL_NM": "자사몰",
        "CLASS3": "우븐팬츠",
        "SALE_AMT": 4325440.0,
        "SALE_AMT_CHNL_TTL": 99658445.0,
        "SALE_RATIO": 4.0,
        "IN_YMM_RNK": 0,
        "IN_CHNL_RNK": 7
      },
      {
        "PST_YYYYMM": "202511",
        "CHNL_NM": "자사몰",
        "CLASS3": "운동모",
        "SALE_AMT": 4083561.0,
        "SALE_AMT_CHNL_TTL": 99658445.0,
        "SALE_RATIO": 4.0,
        "IN_YMM_RNK": 0,
        "IN_CHNL_RNK": 8
      },
      {
        "PST_YYYYMM": "202511",
        "CHNL_NM": "자사몰",
        "CLASS3": "방풍자켓",
        "SALE_AMT": 4029330.0,
        "SALE_AMT_CHNL_TTL": 99658445.0,
        "SALE_RATIO": 4.0,
        "IN_YMM_RNK": 0,
        "IN_CHNL_RNK": 9
      },
      {
        "PST_YYYYMM": "202511",
        "CHNL_NM": "자사몰",
        "CLASS3": "긴팔티셔츠",
        "SALE_AMT": 2917370.0,
        "SALE_AMT_CHNL_TTL": 99658445.0,
        "SALE_RATIO": 3.0,
        "IN_YMM_RNK": 0,
        "IN_CHNL_RNK": 10
      },
      {
        "PST_YYYYMM": "202511",
        "CHNL_NM": "자사몰",
        "CLASS3": "폴라폴리스점퍼",
        "SALE_AMT": 2214400.0,
        "SALE_AMT_CHNL_TTL": 99658445.0,
        "SALE_RATIO": 2.0,
        "IN_YMM_RNK": 0,
        "IN_CHNL_RNK": 11
      }
    ],
    "total_records_count": 178
  },
  "trend_data": {
    "trend_months": [
      "202411",
      "202511"
    ],
    "monthly_totals": [
      {
        "yyyymm": "202411",
        "total_amount": 412.43
      },
      {
        "yyyymm": "202511",
        "total_amount": 218.34
      }
    ],
    "monthly_details": [
      {
        "yyyymm": "202511",
        "chnl_nm": "제휴몰",
        "class3": "다운점퍼",
        "sale_amt": 32.39,
        "sale_ratio": 27.0
      },
      {
        "yyyymm": "202511",
        "chnl_nm": "제휴몰",
        "class3": "맨투맨",
        "sale_amt": 12.82,
        "sale_ratio": 11.0
      },
      {
        "yyyymm": "202511",
        "chnl_nm": "제휴몰",
        "class3": "팬츠",
        "sale_amt": 11.04,
        "sale_ratio": 9.0
      },
      {
        "yyyymm": "202511",
        "chnl_nm": "제휴몰",
        "class3": "후드티",
        "sale_amt": 10.77,
        "sale_ratio": 9.0
      },
      {
        "yyyymm": "202511",
        "chnl_nm": "제휴몰",
        "class3": "점퍼",
        "sale_amt": 10.17,
        "sale_ratio": 9.0
      },
      {
        "yyyymm": "202511",
        "chnl_nm": "제휴몰",
        "class3": "신발",
        "sale_amt": 8.74,
        "sale_ratio": 7.0
      },
      {
        "yyyymm": "202511",
        "chnl_nm": "제휴몰",
        "class3": "패딩",
        "sale_amt": 6.61,
        "sale_ratio": 6.0
      },
      {
        "yyyymm": "202511",
        "chnl_nm": "제휴몰",
        "class3": "다운베스트",
        "sale_amt": 3.12,
        "sale_ratio": 3.0
      },
      {
        "yyyymm": "202511",
        "chnl_nm": "제휴몰",
        "class3": "긴팔티셔츠",
        "sale_amt": 2.58,
        "sale_ratio": 2.0
      },
      {
        "yyyymm": "202511",
        "chnl_nm": "제휴몰",
        "class3": "우븐팬츠",
        "sale_amt": 2.5,
        "sale_ratio": 2.0
      },
      {
        "yyyymm": "202511",
        "chnl_nm": "제휴몰",
        "class3": "방풍자켓",
        "sale_amt": 2.44,
        "sale_ratio": 2.0
      },
      {
        "yyyymm": "202511",
        "chnl_nm": "제휴몰",
        "class3": "운동모",
        "sale_amt": 2.43,
        "sale_ratio": 2.0
      },
      {
        "yyyymm": "202511",
        "chnl_nm": "제휴몰",
        "class3": "가방",
        "sale_amt": 2.04,
        "sale_ratio": 2.0
      },
      {
        "yyyymm": "202511",
        "chnl_nm": "제휴몰",
        "class3": "소프트쉘",
        "sale_amt": 1.74,
        "sale_ratio": 1.0
      },
      {
        "yyyymm": "202511",
        "chnl_nm": "제휴몰",
        "class3": "보스톤백",
        "sale_amt": 1.08,
        "sale_ratio": 1.0
      },
      {
        "yyyymm": "202511",
        "chnl_nm": "제휴몰",
        "class3": "방한화",
        "sale_amt": 0.99,
        "sale_ratio": 1.0
      },
      {
        "yyyymm": "202511",
        "chnl_nm": "제휴몰",
        "class3": "폴라폴리스점퍼",
        "sale_amt": 0.94,
        "sale_ratio": 1.0
      },
      {
        "yyyymm": "202511",
        "chnl_nm": "제휴몰",
        "class3": "트레이닝(하의)",
        "sale_amt": 0.89,
        "sale_ratio": 1.0
      },
      {
        "yyyymm": "202511",
        "chnl_nm": "제휴몰",
        "class3": "트레이닝(상의)",
        "sale_amt": 0.84,
        "sale_ratio": 1.0
      },
      {
        "yyyymm": "202511",
        "chnl_nm": "제휴몰",
        "class3": "진바지",
        "sale_amt": 0.72,
        "sale_ratio": 1.0
      },
      {
        "yyyymm": "202511",
        "chnl_nm": "제휴몰",
        "class3": "반팔티셔츠",
        "sale_amt": 0.68,
        "sale_ratio": 1.0
      },
      {
        "yyyymm": "202511",
        "chnl_nm": "제휴몰",
        "class3": "백팩",
        "sale_amt": 0.52,
        "sale_ratio": 0.0
      },
      {
        "yyyymm": "202511",
        "chnl_nm": "제휴몰",
        "class3": "베스트",
        "sale_amt": 0.44,
        "sale_ratio": 0.0
      },
      {
        "yyyymm": "202511",
        "chnl_nm": "제휴몰",
        "class3": "비니",
        "sale_amt": 0.34,
        "sale_ratio": 0.0
      },
      {
        "yyyymm": "202511",
        "chnl_nm": "제휴몰",
        "class3": "크로스백",
        "sale_amt": 0.31,
        "sale_ratio": 0.0
      },
      {
        "yyyymm": "202511",
        "chnl_nm": "제휴몰",
        "class3": "햇",
        "sale_amt": 0.28,
        "sale_ratio": 0.0
      },
      {
        "yyyymm": "202511",
        "chnl_nm": "제휴몰",
        "class3": "우븐반바지",
        "sale_amt": 0.26,
        "sale_ratio": 0.0
      },
      {
        "yyyymm": "202511",
        "chnl_nm": "제휴몰",
        "class3": "탱크탑",
        "sale_amt": 0.16,
        "sale_ratio": 0.0
      },
      {
        "yyyymm": "202511",
        "chnl_nm": "제휴몰",
        "class3": "양말",
        "sale_amt": 0.14,
        "sale_ratio": 0.0
      },
      {
        "yyyymm": "202511",
        "chnl_nm": "제휴몰",
        "class3": "토드백",
        "sale_amt": 0.13,
        "sale_ratio": 0.0
      },
      {
        "yyyymm": "202511",
        "chnl_nm": "제휴몰",
        "class3": "상하의 세트",
        "sale_amt": 0.12,
        "sale_ratio": 0.0
      },
      {
        "yyyymm": "202511",
        "chnl_nm": "제휴몰",
        "class3": "슬리퍼",
        "sale_amt": 0.12,
        "sale_ratio": 0.0
      },
      {
        "yyyymm": "202511",
        "chnl_nm": "제휴몰",
        "class3": "스커트",
        "sale_amt": 0.06,
        "sale_ratio": 0.0
      },
      {
        "yyyymm": "202511",
        "chnl_nm": "제휴몰",
        "class3": "반바지",
        "sale_amt": 0.06,
        "sale_ratio": 0.0
      },
      {
        "yyyymm": "202511",
        "chnl_nm": "제휴몰",
        "class3": "레깅스",
        "sale_amt": 0.05,
        "sale_ratio": 0.0
      },
      {
        "yyyymm": "202511",
        "chnl_nm": "제휴몰",
        "class3": "힙색",
        "sale_amt": 0.03,
        "sale_ratio": 0.0
      },
      {
        "yyyymm": "202511",
        "chnl_nm": "제휴몰",
        "class3": "트레이닝 숏팬츠",
        "sale_amt": 0.03,
        "sale_ratio": 0.0
      },
      {
        "yyyymm": "202511",
        "chnl_nm": "제휴몰",
        "class3": "니트베스트",
        "sale_amt": 0.02,
        "sale_ratio": 0.0
      },
      {
        "yyyymm": "202511",
        "chnl_nm": "제휴몰",
        "class3": "우븐셔츠",
        "sale_amt": -0.0,
        "sale_ratio": 0.0
      },
      {
        "yyyymm": "202511",
        "chnl_nm": "자사몰",
        "class3": "다운점퍼",
        "sale_amt": 22.98,
        "sale_ratio": 23.0
      },
      {
        "yyyymm": "202511",
        "chnl_nm": "자사몰",
        "class3": "팬츠",
        "sale_amt": 12.91,
        "sale_ratio": 13.0
      },
      {
        "yyyymm": "202511",
        "chnl_nm": "자사몰",
        "class3": "맨투맨",
        "sale_amt": 12.57,
        "sale_ratio": 13.0
      },
      {
        "yyyymm": "202511",
        "chnl_nm": "자사몰",
        "class3": "후드티",
        "sale_amt": 8.58,
        "sale_ratio": 9.0
      },
      {
        "yyyymm": "202511",
        "chnl_nm": "자사몰",
        "class3": "신발",
        "sale_amt": 5.67,
        "sale_ratio": 6.0
      },
      {
        "yyyymm": "202511",
        "chnl_nm": "자사몰",
        "class3": "점퍼",
        "sale_amt": 5.24,
        "sale_ratio": 5.0
      },
      {
        "yyyymm": "202511",
        "chnl_nm": "자사몰",
        "class3": "우븐팬츠",
        "sale_amt": 4.33,
        "sale_ratio": 4.0
      },
      {
        "yyyymm": "202511",
        "chnl_nm": "자사몰",
        "class3": "운동모",
        "sale_amt": 4.08,
        "sale_ratio": 4.0
      },
      {
        "yyyymm": "202511",
        "chnl_nm": "자사몰",
        "class3": "방풍자켓",
        "sale_amt": 4.03,
        "sale_ratio": 4.0
      },
      {
        "yyyymm": "202511",
        "chnl_nm": "자사몰",
        "class3": "긴팔티셔츠",
        "sale_amt": 2.92,
        "sale_ratio": 3.0
      },
      {
        "yyyymm": "202511",
        "chnl_nm": "자사몰",
        "class3": "폴라폴리스점퍼",
        "sale_amt": 2.21,
        "sale_ratio": 2.0
      },
      {
        "yyyymm": "202511",
        "chnl_nm": "자사몰",
        "class3": "트레이닝(하의)",
        "sale_amt": 2.17,
        "sale_ratio": 2.0
      },
      {
        "yyyymm": "202511",
        "chnl_nm": "자사몰",
        "class3": "패딩",
        "sale_amt": 1.87,
        "sale_ratio": 2.0
      },
      {
        "yyyymm": "202511",
        "chnl_nm": "자사몰",
        "class3": "소프트쉘",
        "sale_amt": 1.72,
        "sale_ratio": 2.0
      },
      {
        "yyyymm": "202511",
        "chnl_nm": "자사몰",
        "class3": "보스톤백",
        "sale_amt": 1.2,
        "sale_ratio": 1.0
      },
      {
        "yyyymm": "202511",
        "chnl_nm": "자사몰",
        "class3": "트레이닝(상의)",
        "sale_amt": 0.98,
        "sale_ratio": 1.0
      },
      {
        "yyyymm": "202511",
        "chnl_nm": "자사몰",
        "class3": "가방",
        "sale_amt": 0.78,
        "sale_ratio": 1.0
      },
      {
        "yyyymm": "202511",
        "chnl_nm": "자사몰",
        "class3": "반팔티셔츠",
        "sale_amt": 0.54,
        "sale_ratio": 1.0
      },
      {
        "yyyymm": "202511",
        "chnl_nm": "자사몰",
        "class3": "다운베스트",
        "sale_amt": 0.5,
        "sale_ratio": 1.0
      },
      {
        "yyyymm": "202511",
        "chnl_nm": "자사몰",
        "class3": "베스트",
        "sale_amt": 0.49,
        "sale_ratio": 0.0
      },
      {
        "yyyymm": "202511",
        "chnl_nm": "자사몰",
        "class3": "진바지",
        "sale_amt": 0.47,
        "sale_ratio": 0.0
      },
      {
        "yyyymm": "202511",
        "chnl_nm": "자사몰",
        "class3": "백팩",
        "sale_amt": 0.44,
        "sale_ratio": 0.0
      },
      {
        "yyyymm": "202511",
        "chnl_nm": "자사몰",
        "class3": "비니",
        "sale_amt": 0.43,
        "sale_ratio": 0.0
      },
      {
        "yyyymm": "202511",
        "chnl_nm": "자사몰",
        "class3": "방한화",
        "sale_amt": 0.37,
        "sale_ratio": 0.0
      },
      {
        "yyyymm": "202511",
        "chnl_nm": "자사몰",
        "class3": "햇",
        "sale_amt": 0.37,
        "sale_ratio": 0.0
      },
      {
        "yyyymm": "202511",
        "chnl_nm": "자사몰",
        "class3": "우븐반바지",
        "sale_amt": 0.35,
        "sale_ratio": 0.0
      },
      {
        "yyyymm": "202511",
        "chnl_nm": "자사몰",
        "class3": "상하의 세트",
        "sale_amt": 0.27,
        "sale_ratio": 0.0
      },
      {
        "yyyymm": "202511",
        "chnl_nm": "자사몰",
        "class3": "반바지",
        "sale_amt": 0.25,
        "sale_ratio": 0.0
      },
      {
        "yyyymm": "202511",
        "chnl_nm": "자사몰",
        "class3": "힙색",
        "sale_amt": 0.2,
        "sale_ratio": 0.0
      },
      {
        "yyyymm": "202511",
        "chnl_nm": "자사몰",
        "class3": "크로스백",
        "sale_amt": 0.2,
        "sale_ratio": 0.0
      },
      {
        "yyyymm": "202511",
        "chnl_nm": "자사몰",
        "class3": "슬리퍼",
        "sale_amt": 0.13,
        "sale_ratio": 0.0
      },
      {
        "yyyymm": "202511",
        "chnl_nm": "자사몰",
        "class3": "토드백",
        "sale_amt": 0.06,
        "sale_ratio": 0.0
      },
      {
        "yyyymm": "202511",
        "chnl_nm": "자사몰",
        "class3": "우븐셔츠",
        "sale_amt": 0.06,
        "sale_ratio": 0.0
      },
      {
        "yyyymm": "202511",
        "chnl_nm": "자사몰",
        "class3": "스커트",
        "sale_amt": 0.05,
        "sale_ratio": 0.0
      },
      {
        "yyyymm": "202511",
        "chnl_nm": "자사몰",
        "class3": "반팔카라티셔츠",
        "sale_amt": 0.04,
        "sale_ratio": 0.0
      },
      {
        "yyyymm": "202511",
        "chnl_nm": "자사몰",
        "class3": "데님셔츠",
        "sale_amt": 0.04,
        "sale_ratio": 0.0
      },
      {
        "yyyymm": "202511",
        "chnl_nm": "자사몰",
        "class3": "니트베스트",
        "sale_amt": 0.04,
        "sale_ratio": 0.0
      },
      {
        "yyyymm": "202511",
        "chnl_nm": "자사몰",
        "class3": "양말",
        "sale_amt": 0.03,
        "sale_ratio": 0.0
      },
      {
        "yyyymm": "202511",
        "chnl_nm": "자사몰",
        "class3": "폴로 티셔츠",
        "sale_amt": 0.03,
        "sale_ratio": 0.0
      },
      {
        "yyyymm": "202511",
        "chnl_nm": "자사몰",
        "class3": "레깅스",
        "sale_amt": 0.03,
        "sale_ratio": 0.0
      },
      {
        "yyyymm": "202511",
        "chnl_nm": "자사몰",
        "class3": "선캡",
        "sale_amt": 0.02,
        "sale_ratio": 0.0
      },
      {
        "yyyymm": "202511",
        "chnl_nm": "자사몰",
        "class3": "트레이닝 숏팬츠",
        "sale_amt": 0.02,
        "sale_ratio": 0.0
      },
      {
        "yyyymm": "202511",
        "chnl_nm": "백화점",
        "class3": "반팔티셔츠",
        "sale_amt": 0.12,
        "sale_ratio": 75.0
      },
      {
        "yyyymm": "202511",
        "chnl_nm": "백화점",
        "class3": "폴로 티셔츠",
        "sale_amt": 0.04,
        "sale_ratio": 25.0
      },
      {
        "yyyymm": "202511",
        "chnl_nm": "대리점",
        "class3": "반팔티셔츠",
        "sale_amt": 0.22,
        "sale_ratio": -344.0
      },
      {
        "yyyymm": "202511",
        "chnl_nm": "대리점",
        "class3": "우븐반바지",
        "sale_amt": 0.09,
        "sale_ratio": -138.0
      },
      {
        "yyyymm": "202511",
        "chnl_nm": "대리점",
        "class3": "슬리퍼",
        "sale_amt": 0.06,
        "sale_ratio": -92.0
      },
      {
        "yyyymm": "202511",
        "chnl_nm": "대리점",
        "class3": "가방",
        "sale_amt": 0.05,
        "sale_ratio": -76.0
      },
      {
        "yyyymm": "202511",
        "chnl_nm": "대리점",
        "class3": "백팩",
        "sale_amt": 0.04,
        "sale_ratio": -62.0
      },
      {
        "yyyymm": "202511",
        "chnl_nm": "대리점",
        "class3": "운동모",
        "sale_amt": 0.04,
        "sale_ratio": -62.0
      },
      {
        "yyyymm": "202511",
        "chnl_nm": "대리점",
        "class3": "보스톤백",
        "sale_amt": 0.03,
        "sale_ratio": -46.0
      },
      {
        "yyyymm": "202511",
        "chnl_nm": "대리점",
        "class3": "크로스백",
        "sale_amt": 0.01,
        "sale_ratio": -16.0
      },
      {
        "yyyymm": "202511",
        "chnl_nm": "대리점",
        "class3": "힙색",
        "sale_amt": 0.0,
        "sale_ratio": 0.0
      },
      {
        "yyyymm": "202511",
        "chnl_nm": "대리점",
        "class3": "신발",
        "sale_amt": -0.59,
        "sale_ratio": 937.0
      },
      {
        "yyyymm": "202411",
        "chnl_nm": "직영점",
        "class3": "다운점퍼",
        "sale_amt": 46.94,
        "sale_ratio": 24.0
      },
      {
        "yyyymm": "202411",
        "chnl_nm": "직영점",
        "class3": "반팔티셔츠",
        "sale_amt": 29.55,
        "sale_ratio": 15.0
      },
      {
        "yyyymm": "202411",
        "chnl_nm": "직영점",
        "class3": "신발",
        "sale_amt": 22.56,
        "sale_ratio": 11.0
      },
      {
        "yyyymm": "202411",
        "chnl_nm": "직영점",
        "class3": "맨투맨",
        "sale_amt": 16.16,
        "sale_ratio": 8.0
      },
      {
        "yyyymm": "202411",
        "chnl_nm": "직영점",
        "class3": "후드티",
        "sale_amt": 15.81,
        "sale_ratio": 8.0
      },
      {
        "yyyymm": "202411",
        "chnl_nm": "직영점",
        "class3": "긴팔티셔츠",
        "sale_amt": 9.81,
        "sale_ratio": 5.0
      },
      {
        "yyyymm": "202411",
        "chnl_nm": "직영점",
        "class3": "운동모",
        "sale_amt": 9.61,
        "sale_ratio": 5.0
      },
      {
        "yyyymm": "202411",
        "chnl_nm": "직영점",
        "class3": "팬츠",
        "sale_amt": 7.56,
        "sale_ratio": 4.0
      },
      {
        "yyyymm": "202411",
        "chnl_nm": "직영점",
        "class3": "우븐팬츠",
        "sale_amt": 7.51,
        "sale_ratio": 4.0
      },
      {
        "yyyymm": "202411",
        "chnl_nm": "직영점",
        "class3": "방풍자켓",
        "sale_amt": 5.63,
        "sale_ratio": 3.0
      },
      {
        "yyyymm": "202411",
        "chnl_nm": "직영점",
        "class3": "다운베스트",
        "sale_amt": 4.2,
        "sale_ratio": 2.0
      },
      {
        "yyyymm": "202411",
        "chnl_nm": "직영점",
        "class3": "비니",
        "sale_amt": 4.11,
        "sale_ratio": 2.0
      },
      {
        "yyyymm": "202411",
        "chnl_nm": "직영점",
        "class3": "진바지",
        "sale_amt": 2.86,
        "sale_ratio": 1.0
      },
      {
        "yyyymm": "202411",
        "chnl_nm": "직영점",
        "class3": "점퍼",
        "sale_amt": 2.73,
        "sale_ratio": 1.0
      },
      {
        "yyyymm": "202411",
        "chnl_nm": "직영점",
        "class3": "스커트",
        "sale_amt": 2.17,
        "sale_ratio": 1.0
      },
      {
        "yyyymm": "202411",
        "chnl_nm": "직영점",
        "class3": "백팩",
        "sale_amt": 2.01,
        "sale_ratio": 1.0
      },
      {
        "yyyymm": "202411",
        "chnl_nm": "직영점",
        "class3": "소프트쉘",
        "sale_amt": 1.79,
        "sale_ratio": 1.0
      },
      {
        "yyyymm": "202411",
        "chnl_nm": "직영점",
        "class3": "양말",
        "sale_amt": 1.41,
        "sale_ratio": 1.0
      },
      {
        "yyyymm": "202411",
        "chnl_nm": "직영점",
        "class3": "가방",
        "sale_amt": 1.35,
        "sale_ratio": 1.0
      },
      {
        "yyyymm": "202411",
        "chnl_nm": "직영점",
        "class3": "폴로 티셔츠",
        "sale_amt": 1.25,
        "sale_ratio": 1.0
      },
      {
        "yyyymm": "202411",
        "chnl_nm": "직영점",
        "class3": "폴라폴리스점퍼",
        "sale_amt": 1.17,
        "sale_ratio": 1.0
      },
      {
        "yyyymm": "202411",
        "chnl_nm": "직영점",
        "class3": "방한화",
        "sale_amt": 0.85,
        "sale_ratio": 0.0
      },
      {
        "yyyymm": "202411",
        "chnl_nm": "직영점",
        "class3": "햇",
        "sale_amt": 0.79,
        "sale_ratio": 0.0
      },
      {
        "yyyymm": "202411",
        "chnl_nm": "직영점",
        "class3": "크로스백",
        "sale_amt": 0.51,
        "sale_ratio": 0.0
      },
      {
        "yyyymm": "202411",
        "chnl_nm": "직영점",
        "class3": "트레이닝(하의)",
        "sale_amt": 0.45,
        "sale_ratio": 0.0
      },
      {
        "yyyymm": "202411",
        "chnl_nm": "직영점",
        "class3": "패딩",
        "sale_amt": 0.23,
        "sale_ratio": 0.0
      },
      {
        "yyyymm": "202411",
        "chnl_nm": "직영점",
        "class3": "방한모",
        "sale_amt": 0.18,
        "sale_ratio": 0.0
      },
      {
        "yyyymm": "202411",
        "chnl_nm": "직영점",
        "class3": "슬리퍼",
        "sale_amt": 0.16,
        "sale_ratio": 0.0
      },
      {
        "yyyymm": "202411",
        "chnl_nm": "면세점",
        "class3": "반팔티셔츠",
        "sale_amt": 67.08,
        "sale_ratio": 57.0
      },
      {
        "yyyymm": "202411",
        "chnl_nm": "면세점",
        "class3": "신발",
        "sale_amt": 19.8,
        "sale_ratio": 17.0
      },
      {
        "yyyymm": "202411",
        "chnl_nm": "면세점",
        "class3": "맨투맨",
        "sale_amt": 15.61,
        "sale_ratio": 13.0
      },
      {
        "yyyymm": "202411",
        "chnl_nm": "면세점",
        "class3": "다운점퍼",
        "sale_amt": 4.99,
        "sale_ratio": 4.0
      },
      {
        "yyyymm": "202411",
        "chnl_nm": "면세점",
        "class3": "가방",
        "sale_amt": 2.31,
        "sale_ratio": 2.0
      },
      {
        "yyyymm": "202411",
        "chnl_nm": "면세점",
        "class3": "긴팔티셔츠",
        "sale_amt": 1.54,
        "sale_ratio": 1.0
      },
      {
        "yyyymm": "202411",
        "chnl_nm": "면세점",
        "class3": "후드티",
        "sale_amt": 1.15,
        "sale_ratio": 1.0
      },
      {
        "yyyymm": "202411",
        "chnl_nm": "면세점",
        "class3": "운동모",
        "sale_amt": 0.98,
        "sale_ratio": 1.0
      },
      {
        "yyyymm": "202411",
        "chnl_nm": "면세점",
        "class3": "양말",
        "sale_amt": 0.86,
        "sale_ratio": 1.0
      },
      {
        "yyyymm": "202411",
        "chnl_nm": "면세점",
        "class3": "방풍자켓",
        "sale_amt": 0.66,
        "sale_ratio": 1.0
      },
      {
        "yyyymm": "202411",
        "chnl_nm": "면세점",
        "class3": "우븐팬츠",
        "sale_amt": 0.48,
        "sale_ratio": 0.0
      },
      {
        "yyyymm": "202411",
        "chnl_nm": "면세점",
        "class3": "백팩",
        "sale_amt": 0.44,
        "sale_ratio": 0.0
      },
      {
        "yyyymm": "202411",
        "chnl_nm": "면세점",
        "class3": "팬츠",
        "sale_amt": 0.37,
        "sale_ratio": 0.0
      },
      {
        "yyyymm": "202411",
        "chnl_nm": "면세점",
        "class3": "우븐반바지",
        "sale_amt": 0.35,
        "sale_ratio": 0.0
      },
      {
        "yyyymm": "202411",
        "chnl_nm": "면세점",
        "class3": "소프트쉘",
        "sale_amt": 0.2,
        "sale_ratio": 0.0
      },
      {
        "yyyymm": "202411",
        "chnl_nm": "면세점",
        "class3": "다운베스트",
        "sale_amt": 0.15,
        "sale_ratio": 0.0
      },
      {
        "yyyymm": "202411",
        "chnl_nm": "면세점",
        "class3": "방한모",
        "sale_amt": 0.1,
        "sale_ratio": 0.0
      },
      {
        "yyyymm": "202411",
        "chnl_nm": "면세점",
        "class3": "슬리퍼",
        "sale_amt": 0.1,
        "sale_ratio": 0.0
      },
      {
        "yyyymm": "202411",
        "chnl_nm": "면세점",
        "class3": "트레이닝(하의)",
        "sale_amt": 0.09,
        "sale_ratio": 0.0
      },
      {
        "yyyymm": "202411",
        "chnl_nm": "자사몰",
        "class3": "다운점퍼",
        "sale_amt": 43.84,
        "sale_ratio": 69.0
      },
      {
        "yyyymm": "202411",
        "chnl_nm": "자사몰",
        "class3": "신발",
        "sale_amt": 4.09,
        "sale_ratio": 6.0
      },
      {
        "yyyymm": "202411",
        "chnl_nm": "자사몰",
        "class3": "후드티",
        "sale_amt": 3.76,
        "sale_ratio": 6.0
      },
      {
        "yyyymm": "202411",
        "chnl_nm": "자사몰",
        "class3": "맨투맨",
        "sale_amt": 2.38,
        "sale_ratio": 4.0
      },
      {
        "yyyymm": "202411",
        "chnl_nm": "자사몰",
        "class3": "다운베스트",
        "sale_amt": 2.36,
        "sale_ratio": 4.0
      },
      {
        "yyyymm": "202411",
        "chnl_nm": "자사몰",
        "class3": "방풍자켓",
        "sale_amt": 1.67,
        "sale_ratio": 3.0
      },
      {
        "yyyymm": "202411",
        "chnl_nm": "자사몰",
        "class3": "소프트쉘",
        "sale_amt": 1.16,
        "sale_ratio": 2.0
      },
      {
        "yyyymm": "202411",
        "chnl_nm": "자사몰",
        "class3": "백팩",
        "sale_amt": 0.76,
        "sale_ratio": 1.0
      },
      {
        "yyyymm": "202411",
        "chnl_nm": "자사몰",
        "class3": "운동모",
        "sale_amt": 0.72,
        "sale_ratio": 1.0
      },
      {
        "yyyymm": "202411",
        "chnl_nm": "자사몰",
        "class3": "우븐팬츠",
        "sale_amt": 0.72,
        "sale_ratio": 1.0
      },
      {
        "yyyymm": "202411",
        "chnl_nm": "자사몰",
        "class3": "팬츠",
        "sale_amt": 0.69,
        "sale_ratio": 1.0
      },
      {
        "yyyymm": "202411",
        "chnl_nm": "자사몰",
        "class3": "긴팔티셔츠",
        "sale_amt": 0.62,
        "sale_ratio": 1.0
      },
      {
        "yyyymm": "202411",
        "chnl_nm": "자사몰",
        "class3": "비니",
        "sale_amt": 0.45,
        "sale_ratio": 1.0
      },
      {
        "yyyymm": "202411",
        "chnl_nm": "자사몰",
        "class3": "반팔티셔츠",
        "sale_amt": 0.43,
        "sale_ratio": 1.0
      },
      {
        "yyyymm": "202411",
        "chnl_nm": "자사몰",
        "class3": "슬리퍼",
        "sale_amt": 0.13,
        "sale_ratio": 0.0
      },
      {
        "yyyymm": "202411",
        "chnl_nm": "자사몰",
        "class3": "방한모",
        "sale_amt": 0.1,
        "sale_ratio": 0.0
      },
      {
        "yyyymm": "202411",
        "chnl_nm": "자사몰",
        "class3": "햇",
        "sale_amt": 0.07,
        "sale_ratio": 0.0
      },
      {
        "yyyymm": "202411",
        "chnl_nm": "자사몰",
        "class3": "양말",
        "sale_amt": 0.04,
        "sale_ratio": 0.0
      },
      {
        "yyyymm": "202411",
        "chnl_nm": "자사몰",
        "class3": "진바지",
        "sale_amt": -0.14,
        "sale_ratio": 0.0
      },
      {
        "yyyymm": "202411",
        "chnl_nm": "제휴몰",
        "class3": "다운점퍼",
        "sale_amt": 11.03,
        "sale_ratio": 35.0
      },
      {
        "yyyymm": "202411",
        "chnl_nm": "제휴몰",
        "class3": "신발",
        "sale_amt": 5.96,
        "sale_ratio": 19.0
      },
      {
        "yyyymm": "202411",
        "chnl_nm": "제휴몰",
        "class3": "맨투맨",
        "sale_amt": 2.56,
        "sale_ratio": 8.0
      },
      {
        "yyyymm": "202411",
        "chnl_nm": "제휴몰",
        "class3": "후드티",
        "sale_amt": 2.51,
        "sale_ratio": 8.0
      },
      {
        "yyyymm": "202411",
        "chnl_nm": "제휴몰",
        "class3": "소프트쉘",
        "sale_amt": 2.15,
        "sale_ratio": 7.0
      },
      {
        "yyyymm": "202411",
        "chnl_nm": "제휴몰",
        "class3": "방풍자켓",
        "sale_amt": 1.61,
        "sale_ratio": 5.0
      },
      {
        "yyyymm": "202411",
        "chnl_nm": "제휴몰",
        "class3": "운동모",
        "sale_amt": 1.54,
        "sale_ratio": 5.0
      },
      {
        "yyyymm": "202411",
        "chnl_nm": "제휴몰",
        "class3": "다운베스트",
        "sale_amt": 1.16,
        "sale_ratio": 4.0
      },
      {
        "yyyymm": "202411",
        "chnl_nm": "제휴몰",
        "class3": "우븐팬츠",
        "sale_amt": 0.7,
        "sale_ratio": 2.0
      },
      {
        "yyyymm": "202411",
        "chnl_nm": "제휴몰",
        "class3": "백팩",
        "sale_amt": 0.61,
        "sale_ratio": 2.0
      },
      {
        "yyyymm": "202411",
        "chnl_nm": "제휴몰",
        "class3": "팬츠",
        "sale_amt": 0.5,
        "sale_ratio": 2.0
      },
      {
        "yyyymm": "202411",
        "chnl_nm": "제휴몰",
        "class3": "가방",
        "sale_amt": 0.44,
        "sale_ratio": 1.0
      },
      {
        "yyyymm": "202411",
        "chnl_nm": "제휴몰",
        "class3": "반팔티셔츠",
        "sale_amt": 0.39,
        "sale_ratio": 1.0
      },
      {
        "yyyymm": "202411",
        "chnl_nm": "제휴몰",
        "class3": "긴팔티셔츠",
        "sale_amt": 0.31,
        "sale_ratio": 1.0
      },
      {
        "yyyymm": "202411",
        "chnl_nm": "제휴몰",
        "class3": "슬리퍼",
        "sale_amt": 0.3,
        "sale_ratio": 1.0
      },
      {
        "yyyymm": "202411",
        "chnl_nm": "제휴몰",
        "class3": "비니",
        "sale_amt": 0.16,
        "sale_ratio": 0.0
      },
      {
        "yyyymm": "202411",
        "chnl_nm": "제휴몰",
        "class3": "양말",
        "sale_amt": 0.05,
        "sale_ratio": 0.0
      },
      {
        "yyyymm": "202411",
        "chnl_nm": "제휴몰",
        "class3": "방한모",
        "sale_amt": 0.0,
        "sale_ratio": 0.0
      },
      {
        "yyyymm": "202411",
        "chnl_nm": "제휴몰",
        "class3": "햇",
        "sale_amt": 0.0,
        "sale_ratio": 0.0
      }
    ]
  }
}