{
  "country": "KR",
  "brand_cd": "X",
  "yyyymm": "202511",
  "key": "영업비",
  "sub_key": "자가임차료_사옥_",
  "analysis_data": {
    "title": "자가임차료(사옥) 분석",
    "sections": [
      {
        "div": "종합분석-1",
        "sub_title": "투자 방향성 종합 평가",
        "ai_text": "DISCOVERY 브랜드의 자가임차료(사옥) 투자는 전년 대비 대폭 확대 전략을 실행하고 있습니다. 2024년 11월 117백만원에서 2025년 11월 196백만원으로 79백만원(+67.9%) 증가하여 사옥 운영비 투자를 크게 늘렸습니다.\n\n이는 브랜드 인프라 확장과 운영 기반 강화에 중점을 둔 전략적 투자로 판단되며, 조직 확대 또는 사옥 시설 개선을 통한 브랜드 경쟁력 제고 의도가 명확합니다. 다만 67.9%라는 급격한 증가율은 투자 효율성에 대한 면밀한 검토가 필요한 수준입니다."
      },
      {
        "div": "종합분석-2",
        "sub_title": "효율적 투자 영역",
        "ai_text": "• 브랜드 인프라 강화: 자가임차료 196백만원 투입으로 DISCOVERY 브랜드의 운영 기반을 대폭 확충하여 장기적 성장 동력 확보\n• 조직 역량 확대: 사옥 운영비 증가를 통한 인력 확충 및 업무 환경 개선으로 브랜드 운영 효율성 제고\n• 운영 안정성 확보: 충분한 사옥 운영 예산 확보로 브랜드 운영의 지속성과 안정성 강화"
      },
      {
        "div": "종합분석-3",
        "sub_title": "주의 필요 영역",
        "ai_text": "• 급격한 비용 증가: 전년 대비 67.9% 증가한 자가임차료는 브랜드 수익성에 부담으로 작용할 수 있어 ROI 모니터링 필요\n• 고정비 부담 증가: 임차료는 매출 변동과 무관한 고정비 성격으로 매출 감소 시 수익성 악화 리스크 존재\n• 예산 집중도 심화: 단일 계정(지급임차료_자가임차료)에 전액이 집중되어 비용 구조의 경직성 우려"
      },
      {
        "div": "종합분석-4",
        "sub_title": "이상징후 및 리스크 감지",
        "ai_text": "• 비정상적 증가율: 67.9%의 급격한 임차료 증가는 일반적인 물가상승률을 크게 상회하여 특별한 사유(사옥 이전, 면적 확장 등) 검토 필요\n• 단일 계정 집중: 모든 자가임차료가 '지급임차료_자가임차료' 단일 계정에 집중되어 비용 관리의 세분화 부족\n• 수익성 압박 우려: 고정비 성격의 임차료 급증으로 매출 대비 비용 부담률 상승 및 브랜드 수익성 악화 가능성\n• 예산 통제 리스크: 대폭적인 비용 증가에 대한 명확한 근거와 효과 측정 체계 부재 시 예산 관리 통제력 약화"
      },
      {
        "div": "종합분석-5",
        "sub_title": "마케팅 전략 최적화 방안",
        "ai_text": "### 즉시 실행 방안\n1. 임차료 증가 근거 검증: 사옥 이전, 면적 확장, 시설 개선 등 구체적 투자 사유와 기대 효과 명확화\n2. 비용 효율성 분석: 임차료 대비 업무 효율성, 직원 만족도, 브랜드 이미지 개선 효과 정량적 측정\n3. 월별 모니터링 체계 구축: 임차료 대비 브랜드 성과 지표 추적을 위한 KPI 설정 및 정기 리뷰\n\n### 중장기 전략 방향\n1. 비용 구조 최적화: 임차료 세부 계정 분류를 통한 비용 관리 고도화 및 불필요 지출 식별\n2. ROI 기반 투자 전략: 사옥 투자 대비 브랜드 매출 및 수익성 개선 효과 측정 체계 구축\n3. 유연한 비용 관리: 고정비 비중 증가에 대응한 변동비 최적화 및 손익분기점 관리 강화\n4. 브랜드 시너지 창출: 사옥 투자를 활용한 브랜드 마케팅 및 고객 경험 개선 방안 모색"
      }
    ]
  },
  "ctgr1": "자가임차료(사옥)",
  "summary": {
    "prev_year_total": 116.87,
    "curr_year_total": 196.24,
    "change_amount": 79.37,
    "change_pct": 67.9,
    "investment_direction": "증가"
  },
  "categories": [
    {
      "ctgr2": "자가임차료(사옥)",
      "ctgr3": "자가임차료",
      "gl_nm": "지급임차료_자가임차료",
      "prev_year": 116.87,
      "curr_year": 196.24,
      "change": 79.37,
      "change_pct": 67.9,
      "is_new": false,
      "is_discontinued": false
    }
  ],
  "category_summary": {
    "increased": [
      {
        "ctgr2": "자가임차료(사옥)",
        "ctgr3": "자가임차료",
        "gl_nm": "지급임차료_자가임차료",
        "prev_year": 116.87,
        "curr_year": 196.24,
        "change": 79.37,
        "change_pct": 67.9,
        "is_new": false,
        "is_discontinued": false
      }
    ],
    "decreased": [],
    "new_investments": [],
    "discontinued": []
  },
  "raw_data": {
    "total_records": [
      {
        "PST_YYYYMM": "202411",
        "TOTAL_AMT": 116873000.0
      },
      {
        "PST_YYYYMM": "202511",
        "TOTAL_AMT": 196244000.0
      }
    ],
    "detail_records": [
      {
        "PST_YYYYMM": "202511",
        "BRD_CD": "X",
        "BRD_NM": "DISCOVERY",
        "CTGR1": "자가임차료(사옥)",
        "CTGR2": "자가임차료(사옥)",
        "CTGR3": "자가임차료",
        "GL_NM": "지급임차료_자가임차료",
        "TTL_USE_AMT": 196244000.0
      },
      {
        "PST_YYYYMM": "202411",
        "BRD_CD": "X",
        "BRD_NM": "DISCOVERY",
        "CTGR1": "자가임차료(사옥)",
        "CTGR2": "자가임차료(사옥)",
        "CTGR3": "자가임차료",
        "GL_NM": "지급임차료_자가임차료",
        "TTL_USE_AMT": 116873000.0
      }
    ]
  },
  "trend_data": {
    "trend_months": [
      "202412",
      "202501",
      "202502",
      "202503",
      "202504",
      "202505",
      "202506",
      "202507",
      "202508",
      "202509",
      "202510",
      "202511"
    ],
    "monthly_totals": [
      {
        "yyyymm": "202412",
        "total_amount": 116.87
      },
      {
        "yyyymm": "202501",
        "total_amount": 116.87
      },
      {
        "yyyymm": "202502",
        "total_amount": 116.87
      },
      {
        "yyyymm": "202503",
        "total_amount": 116.87
      },
      {
        "yyyymm": "202504",
        "total_amount": 167.14
      },
      {
        "yyyymm": "202505",
        "total_amount": 196.24
      },
      {
        "yyyymm": "202506",
        "total_amount": 196.24
      },
      {
        "yyyymm": "202507",
        "total_amount": 196.24
      },
      {
        "yyyymm": "202508",
        "total_amount": 196.24
      },
      {
        "yyyymm": "202509",
        "total_amount": 196.24
      },
      {
        "yyyymm": "202510",
        "total_amount": 196.24
      },
      {
        "yyyymm": "202511",
        "total_amount": 196.24
      }
    ],
    "monthly_details": [
      {
        "yyyymm": "202412",
        "ctgr2": "자가임차료(사옥)",
        "ctgr3": "자가임차료",
        "gl_nm": "지급임차료_자가임차료",
        "amount": 116.87
      },
      {
        "yyyymm": "202501",
        "ctgr2": "자가임차료(사옥)",
        "ctgr3": "자가임차료",
        "gl_nm": "지급임차료_자가임차료",
        "amount": 116.87
      },
      {
        "yyyymm": "202502",
        "ctgr2": "자가임차료(사옥)",
        "ctgr3": "자가임차료",
        "gl_nm": "지급임차료_자가임차료",
        "amount": 116.87
      },
      {
        "yyyymm": "202503",
        "ctgr2": "자가임차료(사옥)",
        "ctgr3": "자가임차료",
        "gl_nm": "지급임차료_자가임차료",
        "amount": 116.87
      },
      {
        "yyyymm": "202504",
        "ctgr2": "자가임차료(사옥)",
        "ctgr3": "자가임차료",
        "gl_nm": "지급임차료_자가임차료",
        "amount": 167.14
      },
      {
        "yyyymm": "202505",
        "ctgr2": "자가임차료(사옥)",
        "ctgr3": "자가임차료",
        "gl_nm": "지급임차료_자가임차료",
        "amount": 196.24
      },
      {
        "yyyymm": "202506",
        "ctgr2": "자가임차료(사옥)",
        "ctgr3": "자가임차료",
        "gl_nm": "지급임차료_자가임차료",
        "amount": 196.24
      },
      {
        "yyyymm": "202507",
        "ctgr2": "자가임차료(사옥)",
        "ctgr3": "자가임차료",
        "gl_nm": "지급임차료_자가임차료",
        "amount": 196.24
      },
      {
        "yyyymm": "202508",
        "ctgr2": "자가임차료(사옥)",
        "ctgr3": "자가임차료",
        "gl_nm": "지급임차료_자가임차료",
        "amount": 196.24
      },
      {
        "yyyymm": "202509",
        "ctgr2": "자가임차료(사옥)",
        "ctgr3": "자가임차료",
        "gl_nm": "지급임차료_자가임차료",
        "amount": 196.24
      },
      {
        "yyyymm": "202510",
        "ctgr2": "자가임차료(사옥)",
        "ctgr3": "자가임차료",
        "gl_nm": "지급임차료_자가임차료",
        "amount": 196.24
      },
      {
        "yyyymm": "202511",
        "ctgr2": "자가임차료(사옥)",
        "ctgr3": "자가임차료",
        "gl_nm": "지급임차료_자가임차료",
        "amount": 196.24
      }
    ]
  }
}