{
  "country": "KR",
  "brand_cd": "ST",
  "yyyymm": "202511",
  "key": "영업비",
  "sub_key": "광고선전비",
  "analysis_data": {
    "title": "광고선전비 분석",
    "sections": [
      {
        "div": "종합분석-1",
        "sub_title": "투자 방향성 종합 평가",
        "ai_text": "SERGIO TACCHINI 브랜드의 2025년 11월 광고선전비는 204백만원으로 전년 동월 226백만원 대비 22백만원(-9.8%) 감소하였습니다. 이는 무분별한 예산 확대보다는 효율성 중심의 선택적 투자 전략으로 전환된 것으로 평가됩니다. 특히 온라인 매체집행 비중을 높이고(62.2%→69.0%), 협찬/제휴 예산을 대폭 축소(61백만원→33백만원, -46.6%)하여 ROI 중심의 마케팅 믹스로 재편하였습니다."
      },
      {
        "div": "종합분석-2",
        "sub_title": "효율적 투자 영역",
        "ai_text": "• 온라인 매체집행 강화: 126백만원→141백만원(+11.5%)으로 확대하여 디지털 전환 대응력 제고\n• E-BIZ 매체광고 확대: 1백만원→7백만원(+766.0%)으로 온라인 채널 집중 투자\n• PR/홍보 신규 투입: 5백만원 투입으로 브랜드 인지도 제고 및 미디어 노출 확대\n• 이벤트/행사 재개: 2백만원 투입으로 고객 접점 다양화 및 체험 마케팅 강화\n• 콘텐츠제작 신규 투입: 1백만원으로 자체 콘텐츠 역량 구축 시작"
      },
      {
        "div": "종합분석-3",
        "sub_title": "주의 필요 영역",
        "ai_text": "• 협찬/제휴 급격한 축소: 61백만원→33백만원(-46.6%)으로 파트너십 마케팅 약화 우려\n• 광고선전비_기타 대폭 감소: 25백만원→13백만원(-47.5%)으로 유연성 있는 마케팅 예산 축소\n• E-BIZ 촬영/기타 급감: 13백만원→2백만원(-82.2%)으로 온라인 콘텐츠 제작 역량 저하 가능성\n• 소액 예산 항목들의 분산: 다수의 소규모 예산(1-7백만원)으로 분산되어 임팩트 제한적"
      },
      {
        "div": "종합분석-4",
        "sub_title": "이상징후 및 리스크 감지",
        "ai_text": "• 예산 배분의 극단적 변화: 협찬/제휴(-46.6%)와 E-BIZ 촬영/기타(-82.2%)의 급격한 축소와 동시에 다수 항목의 신규 투입이 발생하여 마케팅 전략의 급진적 방향 전환을 시사합니다\n• 온라인 집중도 심화: 전체 예산의 69.0%가 온라인 매체집행에 집중되어 채널 다양성 부족 및 리스크 집중 우려\n• 소액 예산 분산 현상: 5백만원 이하 항목이 5개로 증가하여 예산 효율성 저하 및 관리 복잡성 증가\n• 오프라인 마케팅 약화: 협찬/제휴, E-BIZ 촬영 등 오프라인 연계 예산 축소로 통합 마케팅 시너지 저하 가능성"
      },
      {
        "div": "종합분석-5",
        "sub_title": "마케팅 전략 최적화 방안",
        "ai_text": "### 즉시 실행 방안\n1. 온라인 매체 효율성 모니터링: 141백만원 투입 대비 ROAS 측정 체계 구축 및 월별 성과 추적\n2. 소액 예산 통합 관리: 1-5백만원 규모 예산들의 통합 운영으로 임팩트 극대화 방안 수립\n3. 협찬/제휴 ROI 재평가: 축소된 33백만원 예산의 선별적 투입을 위한 파트너 우선순위 재정립\n\n### 중장기 전략 방향\n1. 옴니채널 마케팅 복원: 온라인 중심에서 온-오프라인 균형 잡힌 포트폴리오로 전환\n2. 콘텐츠 마케팅 역량 강화: 자체 콘텐츠 제작 예산 확대 및 내재화 추진\n3. 데이터 기반 예산 배분: 각 채널별 고객 획득 비용 및 생애 가치 분석을 통한 과학적 예산 배분 체계 구축"
      }
    ]
  },
  "ctgr1": "광고선전비",
  "summary": {
    "prev_year_total": 225.63,
    "curr_year_total": 203.56,
    "change_amount": -22.07,
    "change_pct": -9.8,
    "investment_direction": "축소"
  },
  "categories": [
    {
      "ctgr2": "광고선전비",
      "ctgr3": "광고선전비_PR/홍보",
      "gl_nm": "광고선전비_PR/홍보",
      "prev_year": 0.0,
      "curr_year": 5.0,
      "change": 5.0,
      "change_pct": 0,
      "is_new": true,
      "is_discontinued": false
    },
    {
      "ctgr2": "광고선전비",
      "ctgr3": "광고선전비_협찬/제휴",
      "gl_nm": "광고선전비_협찬/제휴",
      "prev_year": 61.01,
      "curr_year": 32.59,
      "change": -28.43,
      "change_pct": -46.6,
      "is_new": false,
      "is_discontinued": false
    },
    {
      "ctgr2": "광고선전비",
      "ctgr3": "광고선전비_콘텐츠제작",
      "gl_nm": "광고선전비_콘텐츠제작",
      "prev_year": 0.0,
      "curr_year": 1.0,
      "change": 1.0,
      "change_pct": 0,
      "is_new": true,
      "is_discontinued": false
    },
    {
      "ctgr2": "광고선전비",
      "ctgr3": "광고선전비_매체집행_온라인",
      "gl_nm": "광고선전비_매체집행_온라인",
      "prev_year": 126.02,
      "curr_year": 140.51,
      "change": 14.49,
      "change_pct": 11.5,
      "is_new": false,
      "is_discontinued": false
    },
    {
      "ctgr2": "광고선전비",
      "ctgr3": "(E-BIZ)광고선전비_촬영/기타",
      "gl_nm": "(E-BIZ)광고선전비_촬영/기타",
      "prev_year": 13.29,
      "curr_year": 2.36,
      "change": -10.93,
      "change_pct": -82.2,
      "is_new": false,
      "is_discontinued": false
    },
    {
      "ctgr2": "광고선전비",
      "ctgr3": "광고선전비_기타",
      "gl_nm": "광고선전비_기타",
      "prev_year": 24.51,
      "curr_year": 12.88,
      "change": -11.64,
      "change_pct": -47.5,
      "is_new": false,
      "is_discontinued": false
    },
    {
      "ctgr2": "광고선전비",
      "ctgr3": "광고선전비_기타",
      "gl_nm": "광고선전비_물류_재고대체",
      "prev_year": 0.0,
      "curr_year": 0.0,
      "change": 0.0,
      "change_pct": 0,
      "is_new": false,
      "is_discontinued": false
    },
    {
      "ctgr2": "광고선전비",
      "ctgr3": "(E-BIZ)광고선전비_매체광고",
      "gl_nm": "(E-BIZ)광고선전비_매체광고",
      "prev_year": 0.8,
      "curr_year": 6.93,
      "change": 6.13,
      "change_pct": 765.8,
      "is_new": false,
      "is_discontinued": false
    },
    {
      "ctgr2": "광고선전비",
      "ctgr3": "광고선전비_협찬/제휴",
      "gl_nm": "광고선전비_물류",
      "prev_year": 0.0,
      "curr_year": 0.0,
      "change": 0.0,
      "change_pct": 0,
      "is_new": false,
      "is_discontinued": false
    },
    {
      "ctgr2": "광고선전비",
      "ctgr3": "광고선전비_매체집행_기타",
      "gl_nm": "광고선전비_매체집행_기타",
      "prev_year": 0.0,
      "curr_year": 0.0,
      "change": 0.0,
      "change_pct": 0,
      "is_new": false,
      "is_discontinued": false
    },
    {
      "ctgr2": "광고선전비",
      "ctgr3": "광고선전비_모델료",
      "gl_nm": "광고선전비_모델료",
      "prev_year": 0.0,
      "curr_year": 0.0,
      "change": 0.0,
      "change_pct": 0,
      "is_new": false,
      "is_discontinued": false
    },
    {
      "ctgr2": "광고선전비",
      "ctgr3": "광고선전비_이벤트/행사",
      "gl_nm": "광고선전비_이벤트/행사",
      "prev_year": 0.0,
      "curr_year": 2.3,
      "change": 2.3,
      "change_pct": 0,
      "is_new": true,
      "is_discontinued": false
    }
  ],
  "category_summary": {
    "increased": [
      {
        "ctgr2": "광고선전비",
        "ctgr3": "광고선전비_PR/홍보",
        "gl_nm": "광고선전비_PR/홍보",
        "prev_year": 0.0,
        "curr_year": 5.0,
        "change": 5.0,
        "change_pct": 0,
        "is_new": true,
        "is_discontinued": false
      },
      {
        "ctgr2": "광고선전비",
        "ctgr3": "광고선전비_콘텐츠제작",
        "gl_nm": "광고선전비_콘텐츠제작",
        "prev_year": 0.0,
        "curr_year": 1.0,
        "change": 1.0,
        "change_pct": 0,
        "is_new": true,
        "is_discontinued": false
      },
      {
        "ctgr2": "광고선전비",
        "ctgr3": "광고선전비_매체집행_온라인",
        "gl_nm": "광고선전비_매체집행_온라인",
        "prev_year": 126.02,
        "curr_year": 140.51,
        "change": 14.49,
        "change_pct": 11.5,
        "is_new": false,
        "is_discontinued": false
      },
      {
        "ctgr2": "광고선전비",
        "ctgr3": "(E-BIZ)광고선전비_매체광고",
        "gl_nm": "(E-BIZ)광고선전비_매체광고",
        "prev_year": 0.8,
        "curr_year": 6.93,
        "change": 6.13,
        "change_pct": 765.8,
        "is_new": false,
        "is_discontinued": false
      },
      {
        "ctgr2": "광고선전비",
        "ctgr3": "광고선전비_이벤트/행사",
        "gl_nm": "광고선전비_이벤트/행사",
        "prev_year": 0.0,
        "curr_year": 2.3,
        "change": 2.3,
        "change_pct": 0,
        "is_new": true,
        "is_discontinued": false
      }
    ],
    "decreased": [
      {
        "ctgr2": "광고선전비",
        "ctgr3": "광고선전비_협찬/제휴",
        "gl_nm": "광고선전비_협찬/제휴",
        "prev_year": 61.01,
        "curr_year": 32.59,
        "change": -28.43,
        "change_pct": -46.6,
        "is_new": false,
        "is_discontinued": false
      },
      {
        "ctgr2": "광고선전비",
        "ctgr3": "(E-BIZ)광고선전비_촬영/기타",
        "gl_nm": "(E-BIZ)광고선전비_촬영/기타",
        "prev_year": 13.29,
        "curr_year": 2.36,
        "change": -10.93,
        "change_pct": -82.2,
        "is_new": false,
        "is_discontinued": false
      },
      {
        "ctgr2": "광고선전비",
        "ctgr3": "광고선전비_기타",
        "gl_nm": "광고선전비_기타",
        "prev_year": 24.51,
        "curr_year": 12.88,
        "change": -11.64,
        "change_pct": -47.5,
        "is_new": false,
        "is_discontinued": false
      }
    ],
    "new_investments": [
      {
        "ctgr2": "광고선전비",
        "ctgr3": "광고선전비_PR/홍보",
        "gl_nm": "광고선전비_PR/홍보",
        "prev_year": 0.0,
        "curr_year": 5.0,
        "change": 5.0,
        "change_pct": 0,
        "is_new": true,
        "is_discontinued": false
      },
      {
        "ctgr2": "광고선전비",
        "ctgr3": "광고선전비_콘텐츠제작",
        "gl_nm": "광고선전비_콘텐츠제작",
        "prev_year": 0.0,
        "curr_year": 1.0,
        "change": 1.0,
        "change_pct": 0,
        "is_new": true,
        "is_discontinued": false
      },
      {
        "ctgr2": "광고선전비",
        "ctgr3": "광고선전비_이벤트/행사",
        "gl_nm": "광고선전비_이벤트/행사",
        "prev_year": 0.0,
        "curr_year": 2.3,
        "change": 2.3,
        "change_pct": 0,
        "is_new": true,
        "is_discontinued": false
      }
    ],
    "discontinued": []
  },
  "raw_data": {
    "total_records": [
      {
        "PST_YYYYMM": "202411",
        "TOTAL_AMT": 225633389.0
      },
      {
        "PST_YYYYMM": "202511",
        "TOTAL_AMT": 203559898.0
      }
    ],
    "detail_records": [
      {
        "PST_YYYYMM": "202511",
        "BRD_CD": "ST",
        "BRD_NM": "SERGIO TACCHINI",
        "CTGR1": "광고선전비",
        "CTGR2": "광고선전비",
        "CTGR3": "광고선전비_매체집행_온라인",
        "GL_NM": "광고선전비_매체집행_온라인",
        "TTL_USE_AMT": 140511113.0
      },
      {
        "PST_YYYYMM": "202411",
        "BRD_CD": "ST",
        "BRD_NM": "SERGIO TACCHINI",
        "CTGR1": "광고선전비",
        "CTGR2": "광고선전비",
        "CTGR3": "광고선전비_매체집행_온라인",
        "GL_NM": "광고선전비_매체집행_온라인",
        "TTL_USE_AMT": 126018544.0
      },
      {
        "PST_YYYYMM": "202411",
        "BRD_CD": "ST",
        "BRD_NM": "SERGIO TACCHINI",
        "CTGR1": "광고선전비",
        "CTGR2": "광고선전비",
        "CTGR3": "광고선전비_협찬/제휴",
        "GL_NM": "광고선전비_협찬/제휴",
        "TTL_USE_AMT": 61014546.0
      },
      {
        "PST_YYYYMM": "202511",
        "BRD_CD": "ST",
        "BRD_NM": "SERGIO TACCHINI",
        "CTGR1": "광고선전비",
        "CTGR2": "광고선전비",
        "CTGR3": "광고선전비_협찬/제휴",
        "GL_NM": "광고선전비_협찬/제휴",
        "TTL_USE_AMT": 32586227.0
      },
      {
        "PST_YYYYMM": "202411",
        "BRD_CD": "ST",
        "BRD_NM": "SERGIO TACCHINI",
        "CTGR1": "광고선전비",
        "CTGR2": "광고선전비",
        "CTGR3": "광고선전비_기타",
        "GL_NM": "광고선전비_기타",
        "TTL_USE_AMT": 24513532.0
      },
      {
        "PST_YYYYMM": "202411",
        "BRD_CD": "ST",
        "BRD_NM": "SERGIO TACCHINI",
        "CTGR1": "광고선전비",
        "CTGR2": "광고선전비",
        "CTGR3": "(E-BIZ)광고선전비_촬영/기타",
        "GL_NM": "(E-BIZ)광고선전비_촬영/기타",
        "TTL_USE_AMT": 13286767.0
      },
      {
        "PST_YYYYMM": "202511",
        "BRD_CD": "ST",
        "BRD_NM": "SERGIO TACCHINI",
        "CTGR1": "광고선전비",
        "CTGR2": "광고선전비",
        "CTGR3": "광고선전비_기타",
        "GL_NM": "광고선전비_기타",
        "TTL_USE_AMT": 12875778.0
      },
      {
        "PST_YYYYMM": "202511",
        "BRD_CD": "ST",
        "BRD_NM": "SERGIO TACCHINI",
        "CTGR1": "광고선전비",
        "CTGR2": "광고선전비",
        "CTGR3": "(E-BIZ)광고선전비_매체광고",
        "GL_NM": "(E-BIZ)광고선전비_매체광고",
        "TTL_USE_AMT": 6926398.0
      },
      {
        "PST_YYYYMM": "202511",
        "BRD_CD": "ST",
        "BRD_NM": "SERGIO TACCHINI",
        "CTGR1": "광고선전비",
        "CTGR2": "광고선전비",
        "CTGR3": "광고선전비_PR/홍보",
        "GL_NM": "광고선전비_PR/홍보",
        "TTL_USE_AMT": 5000000.0
      },
      {
        "PST_YYYYMM": "202511",
        "BRD_CD": "ST",
        "BRD_NM": "SERGIO TACCHINI",
        "CTGR1": "광고선전비",
        "CTGR2": "광고선전비",
        "CTGR3": "(E-BIZ)광고선전비_촬영/기타",
        "GL_NM": "(E-BIZ)광고선전비_촬영/기타",
        "TTL_USE_AMT": 2360382.0
      },
      {
        "PST_YYYYMM": "202511",
        "BRD_CD": "ST",
        "BRD_NM": "SERGIO TACCHINI",
        "CTGR1": "광고선전비",
        "CTGR2": "광고선전비",
        "CTGR3": "광고선전비_이벤트/행사",
        "GL_NM": "광고선전비_이벤트/행사",
        "TTL_USE_AMT": 2300000.0
      },
      {
        "PST_YYYYMM": "202511",
        "BRD_CD": "ST",
        "BRD_NM": "SERGIO TACCHINI",
        "CTGR1": "광고선전비",
        "CTGR2": "광고선전비",
        "CTGR3": "광고선전비_콘텐츠제작",
        "GL_NM": "광고선전비_콘텐츠제작",
        "TTL_USE_AMT": 1000000.0
      },
      {
        "PST_YYYYMM": "202411",
        "BRD_CD": "ST",
        "BRD_NM": "SERGIO TACCHINI",
        "CTGR1": "광고선전비",
        "CTGR2": "광고선전비",
        "CTGR3": "(E-BIZ)광고선전비_매체광고",
        "GL_NM": "(E-BIZ)광고선전비_매체광고",
        "TTL_USE_AMT": 800000.0
      },
      {
        "PST_YYYYMM": "202511",
        "BRD_CD": "ST",
        "BRD_NM": "SERGIO TACCHINI",
        "CTGR1": "광고선전비",
        "CTGR2": "광고선전비",
        "CTGR3": "광고선전비_기타",
        "GL_NM": "광고선전비_물류_재고대체",
        "TTL_USE_AMT": 0.0
      },
      {
        "PST_YYYYMM": "202411",
        "BRD_CD": "ST",
        "BRD_NM": "SERGIO TACCHINI",
        "CTGR1": "광고선전비",
        "CTGR2": "광고선전비",
        "CTGR3": "광고선전비_이벤트/행사",
        "GL_NM": "광고선전비_이벤트/행사",
        "TTL_USE_AMT": 0.0
      },
      {
        "PST_YYYYMM": "202411",
        "BRD_CD": "ST",
        "BRD_NM": "SERGIO TACCHINI",
        "CTGR1": "광고선전비",
        "CTGR2": "광고선전비",
        "CTGR3": "광고선전비_PR/홍보",
        "GL_NM": "광고선전비_PR/홍보",
        "TTL_USE_AMT": 0.0
      },
      {
        "PST_YYYYMM": "202411",
        "BRD_CD": "ST",
        "BRD_NM": "SERGIO TACCHINI",
        "CTGR1": "광고선전비",
        "CTGR2": "광고선전비",
        "CTGR3": "광고선전비_매체집행_기타",
        "GL_NM": "광고선전비_매체집행_기타",
        "TTL_USE_AMT": 0.0
      },
      {
        "PST_YYYYMM": "202411",
        "BRD_CD": "ST",
        "BRD_NM": "SERGIO TACCHINI",
        "CTGR1": "광고선전비",
        "CTGR2": "광고선전비",
        "CTGR3": "광고선전비_협찬/제휴",
        "GL_NM": "광고선전비_물류",
        "TTL_USE_AMT": 0.0
      },
      {
        "PST_YYYYMM": "202411",
        "BRD_CD": "ST",
        "BRD_NM": "SERGIO TACCHINI",
        "CTGR1": "광고선전비",
        "CTGR2": "광고선전비",
        "CTGR3": "광고선전비_기타",
        "GL_NM": "광고선전비_물류_재고대체",
        "TTL_USE_AMT": 0.0
      },
      {
        "PST_YYYYMM": "202511",
        "BRD_CD": "ST",
        "BRD_NM": "SERGIO TACCHINI",
        "CTGR1": "광고선전비",
        "CTGR2": "광고선전비",
        "CTGR3": "광고선전비_모델료",
        "GL_NM": "광고선전비_모델료",
        "TTL_USE_AMT": 0.0
      },
      {
        "PST_YYYYMM": "202511",
        "BRD_CD": "ST",
        "BRD_NM": "SERGIO TACCHINI",
        "CTGR1": "광고선전비",
        "CTGR2": "광고선전비",
        "CTGR3": "광고선전비_협찬/제휴",
        "GL_NM": "광고선전비_물류",
        "TTL_USE_AMT": 0.0
      },
      {
        "PST_YYYYMM": "202411",
        "BRD_CD": "ST",
        "BRD_NM": "SERGIO TACCHINI",
        "CTGR1": "광고선전비",
        "CTGR2": "광고선전비",
        "CTGR3": "광고선전비_콘텐츠제작",
        "GL_NM": "광고선전비_콘텐츠제작",
        "TTL_USE_AMT": 0.0
      },
      {
        "PST_YYYYMM": "202411",
        "BRD_CD": "ST",
        "BRD_NM": "SERGIO TACCHINI",
        "CTGR1": "광고선전비",
        "CTGR2": "광고선전비",
        "CTGR3": "광고선전비_모델료",
        "GL_NM": "광고선전비_모델료",
        "TTL_USE_AMT": 0.0
      }
    ]
  },
  "trend_data": {
    "trend_months": [
      "202412",
      "202501",
      "202502",
      "202503",
      "202504",
      "202505",
      "202506",
      "202507",
      "202508",
      "202509",
      "202510",
      "202511"
    ],
    "monthly_totals": [
      {
        "yyyymm": "202412",
        "total_amount": 155.36
      },
      {
        "yyyymm": "202501",
        "total_amount": 109.0
      },
      {
        "yyyymm": "202502",
        "total_amount": 154.4
      },
      {
        "yyyymm": "202503",
        "total_amount": 266.12
      },
      {
        "yyyymm": "202504",
        "total_amount": 261.72
      },
      {
        "yyyymm": "202505",
        "total_amount": 243.5
      },
      {
        "yyyymm": "202506",
        "total_amount": 217.55
      },
      {
        "yyyymm": "202507",
        "total_amount": 149.65
      },
      {
        "yyyymm": "202508",
        "total_amount": 233.47
      },
      {
        "yyyymm": "202509",
        "total_amount": 335.68
      },
      {
        "yyyymm": "202510",
        "total_amount": 254.91
      },
      {
        "yyyymm": "202511",
        "total_amount": 203.56
      }
    ],
    "monthly_details": [
      {
        "yyyymm": "202412",
        "ctgr2": "광고선전비",
        "ctgr3": "광고선전비_매체집행_온라인",
        "gl_nm": "광고선전비_매체집행_온라인",
        "amount": 61.51
      },
      {
        "yyyymm": "202412",
        "ctgr2": "광고선전비",
        "ctgr3": "광고선전비_기타",
        "gl_nm": "광고선전비_물류_재고대체",
        "amount": 47.46
      },
      {
        "yyyymm": "202412",
        "ctgr2": "광고선전비",
        "ctgr3": "광고선전비_기타",
        "gl_nm": "광고선전비_기타",
        "amount": 24.23
      },
      {
        "yyyymm": "202412",
        "ctgr2": "광고선전비",
        "ctgr3": "광고선전비_협찬/제휴",
        "gl_nm": "광고선전비_물류",
        "amount": 17.86
      },
      {
        "yyyymm": "202412",
        "ctgr2": "광고선전비",
        "ctgr3": "(E-BIZ)광고선전비_촬영/기타",
        "gl_nm": "(E-BIZ)광고선전비_촬영/기타",
        "amount": 2.84
      },
      {
        "yyyymm": "202412",
        "ctgr2": "광고선전비",
        "ctgr3": "(E-BIZ)광고선전비_매체광고",
        "gl_nm": "(E-BIZ)광고선전비_매체광고",
        "amount": 0.95
      },
      {
        "yyyymm": "202412",
        "ctgr2": "광고선전비",
        "ctgr3": "광고선전비_협찬/제휴",
        "gl_nm": "광고선전비_협찬/제휴",
        "amount": 0.5
      },
      {
        "yyyymm": "202412",
        "ctgr2": "광고선전비",
        "ctgr3": "광고선전비_콘텐츠제작",
        "gl_nm": "광고선전비_콘텐츠제작",
        "amount": 0.0
      },
      {
        "yyyymm": "202412",
        "ctgr2": "광고선전비",
        "ctgr3": "광고선전비_이벤트/행사",
        "gl_nm": "광고선전비_이벤트/행사",
        "amount": 0.0
      },
      {
        "yyyymm": "202412",
        "ctgr2": "광고선전비",
        "ctgr3": "광고선전비_매체집행_기타",
        "gl_nm": "광고선전비_매체집행_기타",
        "amount": 0.0
      },
      {
        "yyyymm": "202412",
        "ctgr2": "광고선전비",
        "ctgr3": "광고선전비_모델료",
        "gl_nm": "광고선전비_모델료",
        "amount": 0.0
      },
      {
        "yyyymm": "202412",
        "ctgr2": "광고선전비",
        "ctgr3": "광고선전비_PR/홍보",
        "gl_nm": "광고선전비_PR/홍보",
        "amount": 0.0
      },
      {
        "yyyymm": "202501",
        "ctgr2": "광고선전비",
        "ctgr3": "광고선전비_기타",
        "gl_nm": "광고선전비_물류_재고대체",
        "amount": 40.82
      },
      {
        "yyyymm": "202501",
        "ctgr2": "광고선전비",
        "ctgr3": "광고선전비_매체집행_온라인",
        "gl_nm": "광고선전비_매체집행_온라인",
        "amount": 40.15
      },
      {
        "yyyymm": "202501",
        "ctgr2": "광고선전비",
        "ctgr3": "광고선전비_협찬/제휴",
        "gl_nm": "광고선전비_물류",
        "amount": 15.37
      },
      {
        "yyyymm": "202501",
        "ctgr2": "광고선전비",
        "ctgr3": "(E-BIZ)광고선전비_촬영/기타",
        "gl_nm": "(E-BIZ)광고선전비_촬영/기타",
        "amount": 11.86
      },
      {
        "yyyymm": "202501",
        "ctgr2": "광고선전비",
        "ctgr3": "(E-BIZ)광고선전비_매체광고",
        "gl_nm": "(E-BIZ)광고선전비_매체광고",
        "amount": 0.8
      },
      {
        "yyyymm": "202501",
        "ctgr2": "광고선전비",
        "ctgr3": "광고선전비_이벤트/행사",
        "gl_nm": "광고선전비_이벤트/행사",
        "amount": 0.0
      },
      {
        "yyyymm": "202501",
        "ctgr2": "광고선전비",
        "ctgr3": "광고선전비_기타",
        "gl_nm": "광고선전비_기타",
        "amount": 0.0
      },
      {
        "yyyymm": "202501",
        "ctgr2": "광고선전비",
        "ctgr3": "광고선전비_협찬/제휴",
        "gl_nm": "광고선전비_협찬/제휴",
        "amount": 0.0
      },
      {
        "yyyymm": "202501",
        "ctgr2": "광고선전비",
        "ctgr3": "광고선전비_PR/홍보",
        "gl_nm": "광고선전비_PR/홍보",
        "amount": 0.0
      },
      {
        "yyyymm": "202501",
        "ctgr2": "광고선전비",
        "ctgr3": "광고선전비_콘텐츠제작",
        "gl_nm": "광고선전비_콘텐츠제작",
        "amount": 0.0
      },
      {
        "yyyymm": "202501",
        "ctgr2": "광고선전비",
        "ctgr3": "광고선전비_모델료",
        "gl_nm": "광고선전비_모델료",
        "amount": 0.0
      },
      {
        "yyyymm": "202502",
        "ctgr2": "광고선전비",
        "ctgr3": "(E-BIZ)광고선전비_촬영/기타",
        "gl_nm": "(E-BIZ)광고선전비_촬영/기타",
        "amount": 40.92
      },
      {
        "yyyymm": "202502",
        "ctgr2": "광고선전비",
        "ctgr3": "광고선전비_매체집행_온라인",
        "gl_nm": "광고선전비_매체집행_온라인",
        "amount": 39.91
      },
      {
        "yyyymm": "202502",
        "ctgr2": "광고선전비",
        "ctgr3": "광고선전비_이벤트/행사",
        "gl_nm": "광고선전비_이벤트/행사",
        "amount": 27.24
      },
      {
        "yyyymm": "202502",
        "ctgr2": "광고선전비",
        "ctgr3": "광고선전비_콘텐츠제작",
        "gl_nm": "광고선전비_콘텐츠제작",
        "amount": 18.38
      },
      {
        "yyyymm": "202502",
        "ctgr2": "광고선전비",
        "ctgr3": "광고선전비_협찬/제휴",
        "gl_nm": "광고선전비_협찬/제휴",
        "amount": 17.52
      },
      {
        "yyyymm": "202502",
        "ctgr2": "광고선전비",
        "ctgr3": "광고선전비_기타",
        "gl_nm": "광고선전비_기타",
        "amount": 8.63
      },
      {
        "yyyymm": "202502",
        "ctgr2": "광고선전비",
        "ctgr3": "(E-BIZ)광고선전비_매체광고",
        "gl_nm": "(E-BIZ)광고선전비_매체광고",
        "amount": 0.8
      },
      {
        "yyyymm": "202502",
        "ctgr2": "광고선전비",
        "ctgr3": "광고선전비_기타",
        "gl_nm": "광고선전비_물류_재고대체",
        "amount": 0.75
      },
      {
        "yyyymm": "202502",
        "ctgr2": "광고선전비",
        "ctgr3": "광고선전비_협찬/제휴",
        "gl_nm": "광고선전비_물류",
        "amount": 0.25
      },
      {
        "yyyymm": "202502",
        "ctgr2": "광고선전비",
        "ctgr3": "광고선전비_모델료",
        "gl_nm": "광고선전비_모델료",
        "amount": 0.0
      },
      {
        "yyyymm": "202502",
        "ctgr2": "광고선전비",
        "ctgr3": "광고선전비_PR/홍보",
        "gl_nm": "광고선전비_PR/홍보",
        "amount": 0.0
      },
      {
        "yyyymm": "202503",
        "ctgr2": "광고선전비",
        "ctgr3": "광고선전비_매체집행_온라인",
        "gl_nm": "광고선전비_매체집행_온라인",
        "amount": 90.88
      },
      {
        "yyyymm": "202503",
        "ctgr2": "광고선전비",
        "ctgr3": "광고선전비_콘텐츠제작",
        "gl_nm": "광고선전비_콘텐츠제작",
        "amount": 51.15
      },
      {
        "yyyymm": "202503",
        "ctgr2": "광고선전비",
        "ctgr3": "광고선전비_협찬/제휴",
        "gl_nm": "광고선전비_협찬/제휴",
        "amount": 49.1
      },
      {
        "yyyymm": "202503",
        "ctgr2": "광고선전비",
        "ctgr3": "(E-BIZ)광고선전비_촬영/기타",
        "gl_nm": "(E-BIZ)광고선전비_촬영/기타",
        "amount": 34.39
      },
      {
        "yyyymm": "202503",
        "ctgr2": "광고선전비",
        "ctgr3": "광고선전비_기타",
        "gl_nm": "광고선전비_기타",
        "amount": 33.45
      },
      {
        "yyyymm": "202503",
        "ctgr2": "광고선전비",
        "ctgr3": "광고선전비_이벤트/행사",
        "gl_nm": "광고선전비_이벤트/행사",
        "amount": 6.7
      },
      {
        "yyyymm": "202503",
        "ctgr2": "광고선전비",
        "ctgr3": "(E-BIZ)광고선전비_매체광고",
        "gl_nm": "(E-BIZ)광고선전비_매체광고",
        "amount": 1.18
      },
      {
        "yyyymm": "202503",
        "ctgr2": "광고선전비",
        "ctgr3": "광고선전비_PR/홍보",
        "gl_nm": "광고선전비_PR/홍보",
        "amount": 0.0
      },
      {
        "yyyymm": "202503",
        "ctgr2": "광고선전비",
        "ctgr3": "광고선전비_모델료",
        "gl_nm": "광고선전비_모델료",
        "amount": 0.0
      },
      {
        "yyyymm": "202503",
        "ctgr2": "광고선전비",
        "ctgr3": "광고선전비_기타",
        "gl_nm": "광고선전비_물류_재고대체",
        "amount": 0.0
      },
      {
        "yyyymm": "202503",
        "ctgr2": "광고선전비",
        "ctgr3": "광고선전비_협찬/제휴",
        "gl_nm": "광고선전비_물류",
        "amount": -0.71
      },
      {
        "yyyymm": "202504",
        "ctgr2": "광고선전비",
        "ctgr3": "광고선전비_매체집행_온라인",
        "gl_nm": "광고선전비_매체집행_온라인",
        "amount": 136.22
      },
      {
        "yyyymm": "202504",
        "ctgr2": "광고선전비",
        "ctgr3": "광고선전비_이벤트/행사",
        "gl_nm": "광고선전비_이벤트/행사",
        "amount": 52.38
      },
      {
        "yyyymm": "202504",
        "ctgr2": "광고선전비",
        "ctgr3": "(E-BIZ)광고선전비_촬영/기타",
        "gl_nm": "(E-BIZ)광고선전비_촬영/기타",
        "amount": 23.77
      },
      {
        "yyyymm": "202504",
        "ctgr2": "광고선전비",
        "ctgr3": "광고선전비_콘텐츠제작",
        "gl_nm": "광고선전비_콘텐츠제작",
        "amount": 20.0
      },
      {
        "yyyymm": "202504",
        "ctgr2": "광고선전비",
        "ctgr3": "광고선전비_협찬/제휴",
        "gl_nm": "광고선전비_협찬/제휴",
        "amount": 19.55
      },
      {
        "yyyymm": "202504",
        "ctgr2": "광고선전비",
        "ctgr3": "광고선전비_모델료",
        "gl_nm": "광고선전비_모델료",
        "amount": 4.1
      },
      {
        "yyyymm": "202504",
        "ctgr2": "광고선전비",
        "ctgr3": "광고선전비_기타",
        "gl_nm": "광고선전비_물류_재고대체",
        "amount": 2.35
      },
      {
        "yyyymm": "202504",
        "ctgr2": "광고선전비",
        "ctgr3": "광고선전비_기타",
        "gl_nm": "광고선전비_기타",
        "amount": 1.31
      },
      {
        "yyyymm": "202504",
        "ctgr2": "광고선전비",
        "ctgr3": "(E-BIZ)광고선전비_매체광고",
        "gl_nm": "(E-BIZ)광고선전비_매체광고",
        "amount": 1.16
      },
      {
        "yyyymm": "202504",
        "ctgr2": "광고선전비",
        "ctgr3": "광고선전비_협찬/제휴",
        "gl_nm": "광고선전비_물류",
        "amount": 0.88
      },
      {
        "yyyymm": "202504",
        "ctgr2": "광고선전비",
        "ctgr3": "광고선전비_PR/홍보",
        "gl_nm": "광고선전비_PR/홍보",
        "amount": 0.0
      },
      {
        "yyyymm": "202505",
        "ctgr2": "광고선전비",
        "ctgr3": "광고선전비_매체집행_온라인",
        "gl_nm": "광고선전비_매체집행_온라인",
        "amount": 148.77
      },
      {
        "yyyymm": "202505",
        "ctgr2": "광고선전비",
        "ctgr3": "광고선전비_기타",
        "gl_nm": "광고선전비_기타",
        "amount": 23.61
      },
      {
        "yyyymm": "202505",
        "ctgr2": "광고선전비",
        "ctgr3": "광고선전비_모델료",
        "gl_nm": "광고선전비_모델료",
        "amount": 21.17
      },
      {
        "yyyymm": "202505",
        "ctgr2": "광고선전비",
        "ctgr3": "광고선전비_협찬/제휴",
        "gl_nm": "광고선전비_협찬/제휴",
        "amount": 19.79
      },
      {
        "yyyymm": "202505",
        "ctgr2": "광고선전비",
        "ctgr3": "(E-BIZ)광고선전비_촬영/기타",
        "gl_nm": "(E-BIZ)광고선전비_촬영/기타",
        "amount": 15.95
      },
      {
        "yyyymm": "202505",
        "ctgr2": "광고선전비",
        "ctgr3": "광고선전비_콘텐츠제작",
        "gl_nm": "광고선전비_콘텐츠제작",
        "amount": 10.1
      },
      {
        "yyyymm": "202505",
        "ctgr2": "광고선전비",
        "ctgr3": "(E-BIZ)광고선전비_매체광고",
        "gl_nm": "(E-BIZ)광고선전비_매체광고",
        "amount": 1.54
      },
      {
        "yyyymm": "202505",
        "ctgr2": "광고선전비",
        "ctgr3": "광고선전비_기타",
        "gl_nm": "광고선전비_물류_재고대체",
        "amount": 1.17
      },
      {
        "yyyymm": "202505",
        "ctgr2": "광고선전비",
        "ctgr3": "광고선전비_이벤트/행사",
        "gl_nm": "광고선전비_이벤트/행사",
        "amount": 0.93
      },
      {
        "yyyymm": "202505",
        "ctgr2": "광고선전비",
        "ctgr3": "광고선전비_협찬/제휴",
        "gl_nm": "광고선전비_물류",
        "amount": 0.47
      },
      {
        "yyyymm": "202505",
        "ctgr2": "광고선전비",
        "ctgr3": "광고선전비_PR/홍보",
        "gl_nm": "광고선전비_PR/홍보",
        "amount": 0.0
      },
      {
        "yyyymm": "202506",
        "ctgr2": "광고선전비",
        "ctgr3": "광고선전비_매체집행_온라인",
        "gl_nm": "광고선전비_매체집행_온라인",
        "amount": 98.18
      },
      {
        "yyyymm": "202506",
        "ctgr2": "광고선전비",
        "ctgr3": "광고선전비_기타",
        "gl_nm": "광고선전비_기타",
        "amount": 31.88
      },
      {
        "yyyymm": "202506",
        "ctgr2": "광고선전비",
        "ctgr3": "광고선전비_협찬/제휴",
        "gl_nm": "광고선전비_협찬/제휴",
        "amount": 30.83
      },
      {
        "yyyymm": "202506",
        "ctgr2": "광고선전비",
        "ctgr3": "광고선전비_기타",
        "gl_nm": "광고선전비_물류_재고대체",
        "amount": 21.05
      },
      {
        "yyyymm": "202506",
        "ctgr2": "광고선전비",
        "ctgr3": "광고선전비_모델료",
        "gl_nm": "광고선전비_모델료",
        "amount": 20.49
      },
      {
        "yyyymm": "202506",
        "ctgr2": "광고선전비",
        "ctgr3": "광고선전비_콘텐츠제작",
        "gl_nm": "광고선전비_콘텐츠제작",
        "amount": 6.75
      },
      {
        "yyyymm": "202506",
        "ctgr2": "광고선전비",
        "ctgr3": "(E-BIZ)광고선전비_촬영/기타",
        "gl_nm": "(E-BIZ)광고선전비_촬영/기타",
        "amount": 4.63
      },
      {
        "yyyymm": "202506",
        "ctgr2": "광고선전비",
        "ctgr3": "(E-BIZ)광고선전비_매체광고",
        "gl_nm": "(E-BIZ)광고선전비_매체광고",
        "amount": 3.57
      },
      {
        "yyyymm": "202506",
        "ctgr2": "광고선전비",
        "ctgr3": "광고선전비_협찬/제휴",
        "gl_nm": "광고선전비_물류",
        "amount": 0.16
      },
      {
        "yyyymm": "202506",
        "ctgr2": "광고선전비",
        "ctgr3": "광고선전비_이벤트/행사",
        "gl_nm": "광고선전비_이벤트/행사",
        "amount": 0.0
      },
      {
        "yyyymm": "202506",
        "ctgr2": "광고선전비",
        "ctgr3": "광고선전비_PR/홍보",
        "gl_nm": "광고선전비_PR/홍보",
        "amount": 0.0
      },
      {
        "yyyymm": "202507",
        "ctgr2": "광고선전비",
        "ctgr3": "광고선전비_매체집행_온라인",
        "gl_nm": "광고선전비_매체집행_온라인",
        "amount": 63.28
      },
      {
        "yyyymm": "202507",
        "ctgr2": "광고선전비",
        "ctgr3": "광고선전비_기타",
        "gl_nm": "광고선전비_기타",
        "amount": 32.12
      },
      {
        "yyyymm": "202507",
        "ctgr2": "광고선전비",
        "ctgr3": "광고선전비_모델료",
        "gl_nm": "광고선전비_모델료",
        "amount": 21.17
      },
      {
        "yyyymm": "202507",
        "ctgr2": "광고선전비",
        "ctgr3": "광고선전비_콘텐츠제작",
        "gl_nm": "광고선전비_콘텐츠제작",
        "amount": 12.79
      },
      {
        "yyyymm": "202507",
        "ctgr2": "광고선전비",
        "ctgr3": "(E-BIZ)광고선전비_촬영/기타",
        "gl_nm": "(E-BIZ)광고선전비_촬영/기타",
        "amount": 7.78
      },
      {
        "yyyymm": "202507",
        "ctgr2": "광고선전비",
        "ctgr3": "광고선전비_협찬/제휴",
        "gl_nm": "광고선전비_협찬/제휴",
        "amount": 7.34
      },
      {
        "yyyymm": "202507",
        "ctgr2": "광고선전비",
        "ctgr3": "(E-BIZ)광고선전비_매체광고",
        "gl_nm": "(E-BIZ)광고선전비_매체광고",
        "amount": 4.91
      },
      {
        "yyyymm": "202507",
        "ctgr2": "광고선전비",
        "ctgr3": "광고선전비_기타",
        "gl_nm": "광고선전비_물류_재고대체",
        "amount": 0.18
      },
      {
        "yyyymm": "202507",
        "ctgr2": "광고선전비",
        "ctgr3": "광고선전비_협찬/제휴",
        "gl_nm": "광고선전비_물류",
        "amount": 0.07
      },
      {
        "yyyymm": "202507",
        "ctgr2": "광고선전비",
        "ctgr3": "광고선전비_PR/홍보",
        "gl_nm": "광고선전비_PR/홍보",
        "amount": 0.0
      },
      {
        "yyyymm": "202507",
        "ctgr2": "광고선전비",
        "ctgr3": "광고선전비_이벤트/행사",
        "gl_nm": "광고선전비_이벤트/행사",
        "amount": 0.0
      },
      {
        "yyyymm": "202508",
        "ctgr2": "광고선전비",
        "ctgr3": "광고선전비_매체집행_온라인",
        "gl_nm": "광고선전비_매체집행_온라인",
        "amount": 67.61
      },
      {
        "yyyymm": "202508",
        "ctgr2": "광고선전비",
        "ctgr3": "광고선전비_기타",
        "gl_nm": "광고선전비_기타",
        "amount": 50.12
      },
      {
        "yyyymm": "202508",
        "ctgr2": "광고선전비",
        "ctgr3": "광고선전비_콘텐츠제작",
        "gl_nm": "광고선전비_콘텐츠제작",
        "amount": 44.94
      },
      {
        "yyyymm": "202508",
        "ctgr2": "광고선전비",
        "ctgr3": "(E-BIZ)광고선전비_촬영/기타",
        "gl_nm": "(E-BIZ)광고선전비_촬영/기타",
        "amount": 26.78
      },
      {
        "yyyymm": "202508",
        "ctgr2": "광고선전비",
        "ctgr3": "광고선전비_모델료",
        "gl_nm": "광고선전비_모델료",
        "amount": 21.17
      },
      {
        "yyyymm": "202508",
        "ctgr2": "광고선전비",
        "ctgr3": "광고선전비_협찬/제휴",
        "gl_nm": "광고선전비_협찬/제휴",
        "amount": 18.57
      },
      {
        "yyyymm": "202508",
        "ctgr2": "광고선전비",
        "ctgr3": "(E-BIZ)광고선전비_매체광고",
        "gl_nm": "(E-BIZ)광고선전비_매체광고",
        "amount": 3.61
      },
      {
        "yyyymm": "202508",
        "ctgr2": "광고선전비",
        "ctgr3": "광고선전비_기타",
        "gl_nm": "광고선전비_물류_재고대체",
        "amount": 0.49
      },
      {
        "yyyymm": "202508",
        "ctgr2": "광고선전비",
        "ctgr3": "광고선전비_협찬/제휴",
        "gl_nm": "광고선전비_물류",
        "amount": 0.19
      },
      {
        "yyyymm": "202508",
        "ctgr2": "광고선전비",
        "ctgr3": "광고선전비_PR/홍보",
        "gl_nm": "광고선전비_PR/홍보",
        "amount": 0.0
      },
      {
        "yyyymm": "202508",
        "ctgr2": "광고선전비",
        "ctgr3": "광고선전비_이벤트/행사",
        "gl_nm": "광고선전비_이벤트/행사",
        "amount": 0.0
      },
      {
        "yyyymm": "202509",
        "ctgr2": "광고선전비",
        "ctgr3": "광고선전비_매체집행_온라인",
        "gl_nm": "광고선전비_매체집행_온라인",
        "amount": 137.87
      },
      {
        "yyyymm": "202509",
        "ctgr2": "광고선전비",
        "ctgr3": "광고선전비_협찬/제휴",
        "gl_nm": "광고선전비_협찬/제휴",
        "amount": 37.47
      },
      {
        "yyyymm": "202509",
        "ctgr2": "광고선전비",
        "ctgr3": "광고선전비_기타",
        "gl_nm": "광고선전비_기타",
        "amount": 36.45
      },
      {
        "yyyymm": "202509",
        "ctgr2": "광고선전비",
        "ctgr3": "광고선전비_기타",
        "gl_nm": "광고선전비_물류_재고대체",
        "amount": 28.28
      },
      {
        "yyyymm": "202509",
        "ctgr2": "광고선전비",
        "ctgr3": "광고선전비_콘텐츠제작",
        "gl_nm": "광고선전비_콘텐츠제작",
        "amount": 22.57
      },
      {
        "yyyymm": "202509",
        "ctgr2": "광고선전비",
        "ctgr3": "광고선전비_모델료",
        "gl_nm": "광고선전비_모델료",
        "amount": 20.49
      },
      {
        "yyyymm": "202509",
        "ctgr2": "광고선전비",
        "ctgr3": "(E-BIZ)광고선전비_촬영/기타",
        "gl_nm": "(E-BIZ)광고선전비_촬영/기타",
        "amount": 19.4
      },
      {
        "yyyymm": "202509",
        "ctgr2": "광고선전비",
        "ctgr3": "광고선전비_이벤트/행사",
        "gl_nm": "광고선전비_이벤트/행사",
        "amount": 15.66
      },
      {
        "yyyymm": "202509",
        "ctgr2": "광고선전비",
        "ctgr3": "광고선전비_협찬/제휴",
        "gl_nm": "광고선전비_물류",
        "amount": 11.44
      },
      {
        "yyyymm": "202509",
        "ctgr2": "광고선전비",
        "ctgr3": "광고선전비_PR/홍보",
        "gl_nm": "광고선전비_PR/홍보",
        "amount": 5.0
      },
      {
        "yyyymm": "202509",
        "ctgr2": "광고선전비",
        "ctgr3": "(E-BIZ)광고선전비_매체광고",
        "gl_nm": "(E-BIZ)광고선전비_매체광고",
        "amount": 1.04
      },
      {
        "yyyymm": "202510",
        "ctgr2": "광고선전비",
        "ctgr3": "광고선전비_매체집행_온라인",
        "gl_nm": "광고선전비_매체집행_온라인",
        "amount": 137.49
      },
      {
        "yyyymm": "202510",
        "ctgr2": "광고선전비",
        "ctgr3": "광고선전비_협찬/제휴",
        "gl_nm": "광고선전비_협찬/제휴",
        "amount": 48.35
      },
      {
        "yyyymm": "202510",
        "ctgr2": "광고선전비",
        "ctgr3": "(E-BIZ)광고선전비_촬영/기타",
        "gl_nm": "(E-BIZ)광고선전비_촬영/기타",
        "amount": 19.98
      },
      {
        "yyyymm": "202510",
        "ctgr2": "광고선전비",
        "ctgr3": "광고선전비_모델료",
        "gl_nm": "광고선전비_모델료",
        "amount": 16.39
      },
      {
        "yyyymm": "202510",
        "ctgr2": "광고선전비",
        "ctgr3": "광고선전비_콘텐츠제작",
        "gl_nm": "광고선전비_콘텐츠제작",
        "amount": 13.8
      },
      {
        "yyyymm": "202510",
        "ctgr2": "광고선전비",
        "ctgr3": "광고선전비_기타",
        "gl_nm": "광고선전비_기타",
        "amount": 12.16
      },
      {
        "yyyymm": "202510",
        "ctgr2": "광고선전비",
        "ctgr3": "광고선전비_PR/홍보",
        "gl_nm": "광고선전비_PR/홍보",
        "amount": 5.0
      },
      {
        "yyyymm": "202510",
        "ctgr2": "광고선전비",
        "ctgr3": "(E-BIZ)광고선전비_매체광고",
        "gl_nm": "(E-BIZ)광고선전비_매체광고",
        "amount": 1.32
      },
      {
        "yyyymm": "202510",
        "ctgr2": "광고선전비",
        "ctgr3": "광고선전비_기타",
        "gl_nm": "광고선전비_물류_재고대체",
        "amount": 0.29
      },
      {
        "yyyymm": "202510",
        "ctgr2": "광고선전비",
        "ctgr3": "광고선전비_협찬/제휴",
        "gl_nm": "광고선전비_물류",
        "amount": 0.13
      },
      {
        "yyyymm": "202510",
        "ctgr2": "광고선전비",
        "ctgr3": "광고선전비_이벤트/행사",
        "gl_nm": "광고선전비_이벤트/행사",
        "amount": 0.0
      },
      {
        "yyyymm": "202511",
        "ctgr2": "광고선전비",
        "ctgr3": "광고선전비_매체집행_온라인",
        "gl_nm": "광고선전비_매체집행_온라인",
        "amount": 140.51
      },
      {
        "yyyymm": "202511",
        "ctgr2": "광고선전비",
        "ctgr3": "광고선전비_협찬/제휴",
        "gl_nm": "광고선전비_협찬/제휴",
        "amount": 32.59
      },
      {
        "yyyymm": "202511",
        "ctgr2": "광고선전비",
        "ctgr3": "광고선전비_기타",
        "gl_nm": "광고선전비_기타",
        "amount": 12.88
      },
      {
        "yyyymm": "202511",
        "ctgr2": "광고선전비",
        "ctgr3": "(E-BIZ)광고선전비_매체광고",
        "gl_nm": "(E-BIZ)광고선전비_매체광고",
        "amount": 6.93
      },
      {
        "yyyymm": "202511",
        "ctgr2": "광고선전비",
        "ctgr3": "광고선전비_PR/홍보",
        "gl_nm": "광고선전비_PR/홍보",
        "amount": 5.0
      },
      {
        "yyyymm": "202511",
        "ctgr2": "광고선전비",
        "ctgr3": "(E-BIZ)광고선전비_촬영/기타",
        "gl_nm": "(E-BIZ)광고선전비_촬영/기타",
        "amount": 2.36
      },
      {
        "yyyymm": "202511",
        "ctgr2": "광고선전비",
        "ctgr3": "광고선전비_이벤트/행사",
        "gl_nm": "광고선전비_이벤트/행사",
        "amount": 2.3
      },
      {
        "yyyymm": "202511",
        "ctgr2": "광고선전비",
        "ctgr3": "광고선전비_콘텐츠제작",
        "gl_nm": "광고선전비_콘텐츠제작",
        "amount": 1.0
      },
      {
        "yyyymm": "202511",
        "ctgr2": "광고선전비",
        "ctgr3": "광고선전비_협찬/제휴",
        "gl_nm": "광고선전비_물류",
        "amount": 0.0
      },
      {
        "yyyymm": "202511",
        "ctgr2": "광고선전비",
        "ctgr3": "광고선전비_기타",
        "gl_nm": "광고선전비_물류_재고대체",
        "amount": 0.0
      },
      {
        "yyyymm": "202511",
        "ctgr2": "광고선전비",
        "ctgr3": "광고선전비_모델료",
        "gl_nm": "광고선전비_모델료",
        "amount": 0.0
      }
    ]
  }
}