{
  "country": "KR",
  "brand_cd": "W",
  "brand_name": "SUPRA",
  "yyyymm": "202511",
  "yyyymm_py": "202411",
  "key": "월별아이템별매출추세",
  "analysis_data": {
    "title": "아이템별 매출 종합분석 (당해 1월~현재월)",
    "sections": [
      {
        "div": "종합분석-1",
        "sub_title": "시즌 트렌드",
        "ai_text": "• 25F 의류는 11백만원(0.3% 비중)으로 극히 미미한 수준이며 8월 이후 매출이 중단되어 상품 라인업 재검토가 필요함\n• 25S 의류는 925백만원(28.9% 비중)으로 3-7월 집중 판매되었으나 8월 이후 급격히 감소하여 시즌 종료 후 재고 관리가 중요함\n• 과시즌 의류는 1,435백만원(44.8% 비중)으로 가장 큰 매출 기여도를 보이며 9-10월 피크(374백만원)를 기록해 연중 안정적 수요를 확인함"
      },
      {
        "div": "종합분석-2",
        "sub_title": "카테고리",
        "ai_text": "• 모자는 167백만원(5.2% 비중)으로 5-7월 성수기(81백만원) 집중 판매되며 계절성이 뚜렷한 카테고리로 확인됨\n• 신발은 534백만원(16.7% 비중)으로 5월 피크(136백만원) 이후 지속 감소하여 하반기 신상품 출시 및 마케팅 강화가 필요함\n• 가방은 122백만원(3.8% 비중)으로 상대적으로 안정적 판매를 보이나 규모 확대를 위한 상품 다양화 전략이 요구됨"
      },
      {
        "div": "종합분석-3",
        "sub_title": "핵심액션",
        "ai_text": "• 과시즌 의류 중심의 상품 포트폴리오 확대 및 9-10월 성수기 대비 재고 확보 전략 수립으로 안정적 매출 기반 강화\n• 신발 카테고리 하반기 부진 해결을 위해 트렌드 반영 신상품 출시 및 온라인 마케팅 집중 투자로 판매 활성화\n• 25F 의류 라인 전면 재검토 및 25S 의류 시즌 연장 전략을 통해 계절별 매출 공백 최소화 방안 마련"
      }
    ]
  },
  "summary": {
    "total_sales": 3203.0,
    "unique_months": 11,
    "analysis_period": "2025년 01월 ~ 2025년 11월"
  },
  "season_items": [
    {
      "name": "과시즌 의류",
      "total_sales": 1435.0,
      "months": {
        "01": 96.0,
        "02": 102.0,
        "03": 106.0,
        "04": 92.0,
        "05": 169.0,
        "06": 120.0,
        "07": 121.0,
        "08": 89.0,
        "09": 174.0,
        "10": 200.0,
        "11": 166.0
      },
      "avg_ratio": 49.0,
      "avg_yoy": 913.0
    },
    {
      "name": "25S 의류",
      "total_sales": 925.0,
      "months": {
        "01": 30.0,
        "02": 66.0,
        "03": 151.0,
        "04": 121.0,
        "05": 178.0,
        "06": 138.0,
        "07": 142.0,
        "08": 32.0,
        "09": 23.0,
        "10": 22.0,
        "11": 22.0
      },
      "avg_ratio": 26.0,
      "avg_yoy": 173.63636363636363
    },
    {
      "name": "25F 의류",
      "total_sales": 11.0,
      "months": {
        "03": 1.0,
        "04": 2.0,
        "05": 3.0,
        "06": 3.0,
        "07": 2.0,
        "08": 0.0,
        "09": 0.0,
        "10": 0.0,
        "11": 0.0
      },
      "avg_ratio": 0.4444444444444444,
      "avg_yoy": 16.22222222222222
    }
  ],
  "category_items": [
    {
      "name": "신발",
      "total_sales": 534.0,
      "months": {
        "01": 34.0,
        "02": 49.0,
        "03": 81.0,
        "04": 66.0,
        "05": 136.0,
        "06": 59.0,
        "07": 42.0,
        "08": 18.0,
        "09": 19.0,
        "10": 15.0,
        "11": 15.0
      },
      "avg_ratio": 15.272727272727273,
      "avg_yoy": 101.0909090909091
    },
    {
      "name": "모자",
      "total_sales": 167.0,
      "months": {
        "01": 8.0,
        "02": 6.0,
        "03": 12.0,
        "04": 16.0,
        "05": 29.0,
        "06": 27.0,
        "07": 25.0,
        "08": 14.0,
        "09": 13.0,
        "10": 9.0,
        "11": 8.0
      },
      "avg_ratio": 5.0,
      "avg_yoy": 120.81818181818181
    },
    {
      "name": "가방",
      "total_sales": 122.0,
      "months": {
        "01": 4.0,
        "02": 8.0,
        "03": 11.0,
        "04": 9.0,
        "05": 17.0,
        "06": 15.0,
        "07": 17.0,
        "08": 15.0,
        "09": 12.0,
        "10": 7.0,
        "11": 7.0
      },
      "avg_ratio": 3.909090909090909,
      "avg_yoy": 147.45454545454547
    },
    {
      "name": "기타ACC",
      "total_sales": 12.0,
      "months": {
        "01": 0.0,
        "02": 1.0,
        "03": 1.0,
        "04": 5.0,
        "05": 4.0,
        "06": 1.0,
        "07": 0.0,
        "08": 0.0,
        "09": 0.0,
        "10": 0.0,
        "11": 0.0
      },
      "avg_ratio": 0.2727272727272727,
      "avg_yoy": 80.27272727272727
    }
  ],
  "raw_data": {
    "sample_records": [
      {
        "MONTH": "01",
        "CHNL_NM": "전체",
        "SALE_AMT": 172.0,
        "RATIO": 100.0,
        "YOY": 87.0,
        "SEQ": 1
      },
      {
        "MONTH": "01",
        "CHNL_NM": "백화점",
        "SALE_AMT": 3.0,
        "RATIO": 2.0,
        "YOY": 0.0,
        "SEQ": 2
      },
      {
        "MONTH": "01",
        "CHNL_NM": "직영기타",
        "SALE_AMT": 82.0,
        "RATIO": 48.0,
        "YOY": 120.0,
        "SEQ": 2
      },
      {
        "MONTH": "01",
        "CHNL_NM": "제휴몰",
        "SALE_AMT": 34.0,
        "RATIO": 20.0,
        "YOY": 212.0,
        "SEQ": 2
      },
      {
        "MONTH": "01",
        "CHNL_NM": "자사몰",
        "SALE_AMT": 16.0,
        "RATIO": 9.0,
        "YOY": 130.0,
        "SEQ": 2
      },
      {
        "MONTH": "01",
        "CHNL_NM": "면세점",
        "SALE_AMT": 36.0,
        "RATIO": 21.0,
        "YOY": 36.0,
        "SEQ": 2
      },
      {
        "MONTH": "01",
        "CHNL_NM": "25S 의류",
        "SALE_AMT": 30.0,
        "RATIO": 18.0,
        "YOY": 909.0,
        "SEQ": 3
      },
      {
        "MONTH": "01",
        "CHNL_NM": "과시즌 의류",
        "SALE_AMT": 96.0,
        "RATIO": 56.0,
        "YOY": 71.0,
        "SEQ": 3
      },
      {
        "MONTH": "01",
        "CHNL_NM": "모자",
        "SALE_AMT": 8.0,
        "RATIO": 4.0,
        "YOY": 127.0,
        "SEQ": 3
      },
      {
        "MONTH": "01",
        "CHNL_NM": "신발",
        "SALE_AMT": 34.0,
        "RATIO": 20.0,
        "YOY": 73.0,
        "SEQ": 3
      },
      {
        "MONTH": "01",
        "CHNL_NM": "가방",
        "SALE_AMT": 4.0,
        "RATIO": 2.0,
        "YOY": 54.0,
        "SEQ": 3
      },
      {
        "MONTH": "01",
        "CHNL_NM": "기타ACC",
        "SALE_AMT": 0.0,
        "RATIO": 0.0,
        "YOY": 55.0,
        "SEQ": 3
      },
      {
        "MONTH": "02",
        "CHNL_NM": "전체",
        "SALE_AMT": 231.0,
        "RATIO": 100.0,
        "YOY": 172.0,
        "SEQ": 1
      },
      {
        "MONTH": "02",
        "CHNL_NM": "백화점",
        "SALE_AMT": 5.0,
        "RATIO": 2.0,
        "YOY": 0.0,
        "SEQ": 2
      },
      {
        "MONTH": "02",
        "CHNL_NM": "직영기타",
        "SALE_AMT": 57.0,
        "RATIO": 25.0,
        "YOY": 61.0,
        "SEQ": 2
      },
      {
        "MONTH": "02",
        "CHNL_NM": "제휴몰",
        "SALE_AMT": 28.0,
        "RATIO": 12.0,
        "YOY": 404.0,
        "SEQ": 2
      },
      {
        "MONTH": "02",
        "CHNL_NM": "자사몰",
        "SALE_AMT": 18.0,
        "RATIO": 8.0,
        "YOY": 613.0,
        "SEQ": 2
      },
      {
        "MONTH": "02",
        "CHNL_NM": "면세점",
        "SALE_AMT": 123.0,
        "RATIO": 53.0,
        "YOY": 402.0,
        "SEQ": 2
      },
      {
        "MONTH": "02",
        "CHNL_NM": "25S 의류",
        "SALE_AMT": 66.0,
        "RATIO": 28.0,
        "YOY": 238.0,
        "SEQ": 3
      },
      {
        "MONTH": "02",
        "CHNL_NM": "과시즌 의류",
        "SALE_AMT": 102.0,
        "RATIO": 44.0,
        "YOY": 159.0,
        "SEQ": 3
      },
      {
        "MONTH": "02",
        "CHNL_NM": "모자",
        "SALE_AMT": 6.0,
        "RATIO": 3.0,
        "YOY": 88.0,
        "SEQ": 3
      },
      {
        "MONTH": "02",
        "CHNL_NM": "신발",
        "SALE_AMT": 49.0,
        "RATIO": 21.0,
        "YOY": 174.0,
        "SEQ": 3
      },
      {
        "MONTH": "02",
        "CHNL_NM": "가방",
        "SALE_AMT": 8.0,
        "RATIO": 3.0,
        "YOY": 119.0,
        "SEQ": 3
      },
      {
        "MONTH": "02",
        "CHNL_NM": "기타ACC",
        "SALE_AMT": 1.0,
        "RATIO": 0.0,
        "YOY": 113.0,
        "SEQ": 3
      },
      {
        "MONTH": "03",
        "CHNL_NM": "전체",
        "SALE_AMT": 363.0,
        "RATIO": 100.0,
        "YOY": 125.0,
        "SEQ": 1
      },
      {
        "MONTH": "03",
        "CHNL_NM": "백화점",
        "SALE_AMT": 35.0,
        "RATIO": 10.0,
        "YOY": 0.0,
        "SEQ": 2
      },
      {
        "MONTH": "03",
        "CHNL_NM": "직영기타",
        "SALE_AMT": 70.0,
        "RATIO": 19.0,
        "YOY": 41.0,
        "SEQ": 2
      },
      {
        "MONTH": "03",
        "CHNL_NM": "제휴몰",
        "SALE_AMT": 45.0,
        "RATIO": 13.0,
        "YOY": 280.0,
        "SEQ": 2
      },
      {
        "MONTH": "03",
        "CHNL_NM": "자사몰",
        "SALE_AMT": 24.0,
        "RATIO": 7.0,
        "YOY": 464.0,
        "SEQ": 2
      },
      {
        "MONTH": "03",
        "CHNL_NM": "면세점",
        "SALE_AMT": 188.0,
        "RATIO": 52.0,
        "YOY": 190.0,
        "SEQ": 2
      },
      {
        "MONTH": "03",
        "CHNL_NM": "25F 의류",
        "SALE_AMT": 1.0,
        "RATIO": 0.0,
        "YOY": 0.0,
        "SEQ": 3
      },
      {
        "MONTH": "03",
        "CHNL_NM": "25S 의류",
        "SALE_AMT": 151.0,
        "RATIO": 42.0,
        "YOY": 92.0,
        "SEQ": 3
      },
      {
        "MONTH": "03",
        "CHNL_NM": "과시즌 의류",
        "SALE_AMT": 106.0,
        "RATIO": 29.0,
        "YOY": 221.0,
        "SEQ": 3
      },
      {
        "MONTH": "03",
        "CHNL_NM": "모자",
        "SALE_AMT": 12.0,
        "RATIO": 3.0,
        "YOY": 71.0,
        "SEQ": 3
      },
      {
        "MONTH": "03",
        "CHNL_NM": "신발",
        "SALE_AMT": 81.0,
        "RATIO": 22.0,
        "YOY": 177.0,
        "SEQ": 3
      },
      {
        "MONTH": "03",
        "CHNL_NM": "가방",
        "SALE_AMT": 11.0,
        "RATIO": 3.0,
        "YOY": 88.0,
        "SEQ": 3
      },
      {
        "MONTH": "03",
        "CHNL_NM": "기타ACC",
        "SALE_AMT": 1.0,
        "RATIO": 0.0,
        "YOY": 31.0,
        "SEQ": 3
      },
      {
        "MONTH": "04",
        "CHNL_NM": "전체",
        "SALE_AMT": 311.0,
        "RATIO": 100.0,
        "YOY": 95.0,
        "SEQ": 1
      },
      {
        "MONTH": "04",
        "CHNL_NM": "백화점",
        "SALE_AMT": 31.0,
        "RATIO": 10.0,
        "YOY": 0.0,
        "SEQ": 2
      },
      {
        "MONTH": "04",
        "CHNL_NM": "직영기타",
        "SALE_AMT": 95.0,
        "RATIO": 31.0,
        "YOY": 72.0,
        "SEQ": 2
      },
      {
        "MONTH": "04",
        "CHNL_NM": "제휴몰",
        "SALE_AMT": 65.0,
        "RATIO": 21.0,
        "YOY": 338.0,
        "SEQ": 2
      },
      {
        "MONTH": "04",
        "CHNL_NM": "자사몰",
        "SALE_AMT": 44.0,
        "RATIO": 14.0,
        "YOY": 708.0,
        "SEQ": 2
      },
      {
        "MONTH": "04",
        "CHNL_NM": "면세점",
        "SALE_AMT": 70.0,
        "RATIO": 23.0,
        "YOY": 41.0,
        "SEQ": 2
      },
      {
        "MONTH": "04",
        "CHNL_NM": "아울렛",
        "SALE_AMT": 6.0,
        "RATIO": 2.0,
        "YOY": 0.0,
        "SEQ": 2
      },
      {
        "MONTH": "04",
        "CHNL_NM": "25F 의류",
        "SALE_AMT": 2.0,
        "RATIO": 1.0,
        "YOY": 93.0,
        "SEQ": 3
      },
      {
        "MONTH": "04",
        "CHNL_NM": "25S 의류",
        "SALE_AMT": 121.0,
        "RATIO": 39.0,
        "YOY": 60.0,
        "SEQ": 3
      },
      {
        "MONTH": "04",
        "CHNL_NM": "과시즌 의류",
        "SALE_AMT": 92.0,
        "RATIO": 30.0,
        "YOY": 218.0,
        "SEQ": 3
      },
      {
        "MONTH": "04",
        "CHNL_NM": "모자",
        "SALE_AMT": 16.0,
        "RATIO": 5.0,
        "YOY": 103.0,
        "SEQ": 3
      },
      {
        "MONTH": "04",
        "CHNL_NM": "신발",
        "SALE_AMT": 66.0,
        "RATIO": 21.0,
        "YOY": 130.0,
        "SEQ": 3
      },
      {
        "MONTH": "04",
        "CHNL_NM": "가방",
        "SALE_AMT": 9.0,
        "RATIO": 3.0,
        "YOY": 79.0,
        "SEQ": 3
      },
      {
        "MONTH": "04",
        "CHNL_NM": "기타ACC",
        "SALE_AMT": 5.0,
        "RATIO": 2.0,
        "YOY": 414.0,
        "SEQ": 3
      },
      {
        "MONTH": "05",
        "CHNL_NM": "전체",
        "SALE_AMT": 535.0,
        "RATIO": 100.0,
        "YOY": 178.0,
        "SEQ": 1
      },
      {
        "MONTH": "05",
        "CHNL_NM": "백화점",
        "SALE_AMT": 18.0,
        "RATIO": 3.0,
        "YOY": 0.0,
        "SEQ": 2
      },
      {
        "MONTH": "05",
        "CHNL_NM": "직영기타",
        "SALE_AMT": 61.0,
        "RATIO": 11.0,
        "YOY": 36.0,
        "SEQ": 2
      },
      {
        "MONTH": "05",
        "CHNL_NM": "제휴몰",
        "SALE_AMT": 123.0,
        "RATIO": 23.0,
        "YOY": 534.0,
        "SEQ": 2
      },
      {
        "MONTH": "05",
        "CHNL_NM": "자사몰",
        "SALE_AMT": 55.0,
        "RATIO": 10.0,
        "YOY": 386.0,
        "SEQ": 2
      },
      {
        "MONTH": "05",
        "CHNL_NM": "면세점",
        "SALE_AMT": 270.0,
        "RATIO": 50.0,
        "YOY": 293.0,
        "SEQ": 2
      },
      {
        "MONTH": "05",
        "CHNL_NM": "아울렛",
        "SALE_AMT": 7.0,
        "RATIO": 1.0,
        "YOY": 0.0,
        "SEQ": 2
      },
      {
        "MONTH": "05",
        "CHNL_NM": "25F 의류",
        "SALE_AMT": 3.0,
        "RATIO": 1.0,
        "YOY": 17.0,
        "SEQ": 3
      },
      {
        "MONTH": "05",
        "CHNL_NM": "25S 의류",
        "SALE_AMT": 178.0,
        "RATIO": 33.0,
        "YOY": 99.0,
        "SEQ": 3
      },
      {
        "MONTH": "05",
        "CHNL_NM": "과시즌 의류",
        "SALE_AMT": 169.0,
        "RATIO": 32.0,
        "YOY": 921.0,
        "SEQ": 3
      },
      {
        "MONTH": "05",
        "CHNL_NM": "모자",
        "SALE_AMT": 29.0,
        "RATIO": 5.0,
        "YOY": 153.0,
        "SEQ": 3
      },
      {
        "MONTH": "05",
        "CHNL_NM": "신발",
        "SALE_AMT": 136.0,
        "RATIO": 25.0,
        "YOY": 249.0,
        "SEQ": 3
      },
      {
        "MONTH": "05",
        "CHNL_NM": "가방",
        "SALE_AMT": 17.0,
        "RATIO": 3.0,
        "YOY": 173.0,
        "SEQ": 3
      },
      {
        "MONTH": "05",
        "CHNL_NM": "기타ACC",
        "SALE_AMT": 4.0,
        "RATIO": 1.0,
        "YOY": 170.0,
        "SEQ": 3
      },
      {
        "MONTH": "06",
        "CHNL_NM": "전체",
        "SALE_AMT": 363.0,
        "RATIO": 100.0,
        "YOY": 165.0,
        "SEQ": 1
      },
      {
        "MONTH": "06",
        "CHNL_NM": "백화점",
        "SALE_AMT": 6.0,
        "RATIO": 2.0,
        "YOY": 0.0,
        "SEQ": 2
      },
      {
        "MONTH": "06",
        "CHNL_NM": "직영기타",
        "SALE_AMT": 82.0,
        "RATIO": 23.0,
        "YOY": 60.0,
        "SEQ": 2
      },
      {
        "MONTH": "06",
        "CHNL_NM": "제휴몰",
        "SALE_AMT": 124.0,
        "RATIO": 34.0,
        "YOY": 606.0,
        "SEQ": 2
      },
      {
        "MONTH": "06",
        "CHNL_NM": "자사몰",
        "SALE_AMT": 53.0,
        "RATIO": 15.0,
        "YOY": 398.0,
        "SEQ": 2
      },
      {
        "MONTH": "06",
        "CHNL_NM": "면세점",
        "SALE_AMT": 97.0,
        "RATIO": 27.0,
        "YOY": 202.0,
        "SEQ": 2
      },
      {
        "MONTH": "06",
        "CHNL_NM": "25F 의류",
        "SALE_AMT": 3.0,
        "RATIO": 1.0,
        "YOY": 25.0,
        "SEQ": 3
      },
      {
        "MONTH": "06",
        "CHNL_NM": "25S 의류",
        "SALE_AMT": 138.0,
        "RATIO": 38.0,
        "YOY": 107.0,
        "SEQ": 3
      },
      {
        "MONTH": "06",
        "CHNL_NM": "과시즌 의류",
        "SALE_AMT": 120.0,
        "RATIO": 33.0,
        "YOY": 1341.0,
        "SEQ": 3
      },
      {
        "MONTH": "06",
        "CHNL_NM": "모자",
        "SALE_AMT": 27.0,
        "RATIO": 7.0,
        "YOY": 251.0,
        "SEQ": 3
      },
      {
        "MONTH": "06",
        "CHNL_NM": "신발",
        "SALE_AMT": 59.0,
        "RATIO": 16.0,
        "YOY": 117.0,
        "SEQ": 3
      },
      {
        "MONTH": "06",
        "CHNL_NM": "가방",
        "SALE_AMT": 15.0,
        "RATIO": 4.0,
        "YOY": 210.0,
        "SEQ": 3
      },
      {
        "MONTH": "06",
        "CHNL_NM": "기타ACC",
        "SALE_AMT": 1.0,
        "RATIO": 0.0,
        "YOY": 41.0,
        "SEQ": 3
      },
      {
        "MONTH": "07",
        "CHNL_NM": "전체",
        "SALE_AMT": 348.0,
        "RATIO": 100.0,
        "YOY": 171.0,
        "SEQ": 1
      },
      {
        "MONTH": "07",
        "CHNL_NM": "백화점",
        "SALE_AMT": 63.0,
        "RATIO": 18.0,
        "YOY": 0.0,
        "SEQ": 2
      },
      {
        "MONTH": "07",
        "CHNL_NM": "대리점",
        "SALE_AMT": 27.0,
        "RATIO": 8.0,
        "YOY": 0.0,
        "SEQ": 2
      },
      {
        "MONTH": "07",
        "CHNL_NM": "직영기타",
        "SALE_AMT": 30.0,
        "RATIO": 9.0,
        "YOY": 28.0,
        "SEQ": 2
      },
      {
        "MONTH": "07",
        "CHNL_NM": "제휴몰",
        "SALE_AMT": 119.0,
        "RATIO": 34.0,
        "YOY": 526.0,
        "SEQ": 2
      },
      {
        "MONTH": "07",
        "CHNL_NM": "자사몰",
        "SALE_AMT": 43.0,
        "RATIO": 12.0,
        "YOY": 400.0,
        "SEQ": 2
      },
      {
        "MONTH": "07",
        "CHNL_NM": "면세점",
        "SALE_AMT": 66.0,
        "RATIO": 19.0,
        "YOY": 102.0,
        "SEQ": 2
      },
      {
        "MONTH": "07",
        "CHNL_NM": "25F 의류",
        "SALE_AMT": 2.0,
        "RATIO": 1.0,
        "YOY": 10.0,
        "SEQ": 3
      },
      {
        "MONTH": "07",
        "CHNL_NM": "25S 의류",
        "SALE_AMT": 142.0,
        "RATIO": 41.0,
        "YOY": 151.0,
        "SEQ": 3
      },
      {
        "MONTH": "07",
        "CHNL_NM": "과시즌 의류",
        "SALE_AMT": 121.0,
        "RATIO": 35.0,
        "YOY": 1319.0,
        "SEQ": 3
      },
      {
        "MONTH": "07",
        "CHNL_NM": "모자",
        "SALE_AMT": 25.0,
        "RATIO": 7.0,
        "YOY": 219.0,
        "SEQ": 3
      },
      {
        "MONTH": "07",
        "CHNL_NM": "신발",
        "SALE_AMT": 42.0,
        "RATIO": 12.0,
        "YOY": 72.0,
        "SEQ": 3
      },
      {
        "MONTH": "07",
        "CHNL_NM": "가방",
        "SALE_AMT": 17.0,
        "RATIO": 5.0,
        "YOY": 314.0,
        "SEQ": 3
      },
      {
        "MONTH": "07",
        "CHNL_NM": "기타ACC",
        "SALE_AMT": 0.0,
        "RATIO": 0.0,
        "YOY": 14.0,
        "SEQ": 3
      },
      {
        "MONTH": "08",
        "CHNL_NM": "전체",
        "SALE_AMT": 168.0,
        "RATIO": 100.0,
        "YOY": 98.0,
        "SEQ": 1
      },
      {
        "MONTH": "08",
        "CHNL_NM": "백화점",
        "SALE_AMT": 3.0,
        "RATIO": 2.0,
        "YOY": 0.0,
        "SEQ": 2
      },
      {
        "MONTH": "08",
        "CHNL_NM": "대리점",
        "SALE_AMT": 14.0,
        "RATIO": 8.0,
        "YOY": 0.0,
        "SEQ": 2
      },
      {
        "MONTH": "08",
        "CHNL_NM": "직영기타",
        "SALE_AMT": 0.0,
        "RATIO": 0.0,
        "YOY": 0.0,
        "SEQ": 2
      },
      {
        "MONTH": "08",
        "CHNL_NM": "제휴몰",
        "SALE_AMT": 119.0,
        "RATIO": 71.0,
        "YOY": 738.0,
        "SEQ": 2
      },
      {
        "MONTH": "08",
        "CHNL_NM": "자사몰",
        "SALE_AMT": 32.0,
        "RATIO": 19.0,
        "YOY": 148.0,
        "SEQ": 2
      },
      {
        "MONTH": "08",
        "CHNL_NM": "면세점",
        "SALE_AMT": 0.0,
        "RATIO": 0.0,
        "YOY": 0.0,
        "SEQ": 2
      },
      {
        "MONTH": "08",
        "CHNL_NM": "25F 의류",
        "SALE_AMT": 0.0,
        "RATIO": 0.0,
        "YOY": 1.0,
        "SEQ": 3
      }
    ],
    "total_records_count": 150
  }
}