{
  "country": "KR",
  "brand_cd": "I",
  "yyyymm": "202511",
  "key": "영업비",
  "sub_key": "샘플대_제작_구입_",
  "analysis_data": {
    "title": "샘플대(제작/구입) 분석",
    "sections": [
      {
        "div": "종합분석-1",
        "sub_title": "투자 방향성 종합 평가",
        "ai_text": "MLB KIDS 브랜드의 샘플대(제작/구입) 투자는 2024년 11월 74백만원에서 2025년 11월 43백만원으로 31백만원(-41.6%) 감소하여 대폭적인 예산 축소가 이루어졌습니다. 이는 효율성 중심의 선택적 투자 전략으로 해석되며, 샘플 제작 프로세스의 최적화와 불필요한 비용 절감을 통한 예산 재배분 전략이 시행된 것으로 판단됩니다. 특히 소모품비_샘플대가 73백만원에서 42백만원으로 43.3% 감소한 반면, 샘플구입대_국내는 1백만원에서 2백만원으로 165.4% 증가하여 내부 제작에서 외부 구매로의 전략적 전환이 감지됩니다."
      },
      {
        "div": "종합분석-2",
        "sub_title": "효율적 투자 영역",
        "ai_text": "• 샘플구입대_국내 확대: 1백만원→2백만원(+165.4%)으로 외부 전문업체 활용을 통한 품질 향상 및 제작 시간 단축 효과 기대\n• 비용 효율성 개선: 전체 샘플대 41.6% 절감으로 동일 품질 대비 낮은 비용으로 샘플 확보 가능한 체계 구축\n• 리소스 재배분 여력 확보: 31백만원 절감 예산을 다른 마케팅 활동이나 상품 개발비로 재투자 가능한 여력 창출\n• 프로세스 최적화: 내부 제작 비중 축소를 통한 인력 및 설비 운영 효율성 제고"
      },
      {
        "div": "종합분석-3",
        "sub_title": "주의 필요 영역",
        "ai_text": "• 과도한 예산 축소 리스크: 41.6% 대폭 감소로 인한 샘플 품질 저하 및 신상품 개발 속도 둔화 우려\n• 소모품비_샘플대 급감: 73백만원→42백만원(-43.3%)으로 내부 샘플 제작 역량 약화 가능성\n• 샘플구입대_해외 투자 부재: 글로벌 트렌드 반영 및 해외 소싱 다각화 기회 상실 위험\n• 재고대체 활용도 제로: 기존 재고를 활용한 샘플 제작 최적화 방안 미활용으로 추가 비용 절감 기회 상실"
      },
      {
        "div": "종합분석-4",
        "sub_title": "이상징후 및 리스크 감지",
        "ai_text": "• 극단적 예산 축소 패턴: 전체 샘플대의 41.6% 급감은 일반적인 예산 조정 범위를 초과하여 경영상 특별한 상황이나 전략적 방향 전환을 시사합니다\n• 투자 구조의 급격한 변화: 소모품비는 대폭 축소하면서 구입대는 크게 증가하는 상반된 패턴으로 샘플 조달 전략의 근본적 변화가 감지됩니다\n• 해외 샘플 투자 전무: 키즈 패션의 글로벌 트렌드 반영 및 차별화된 디자인 확보에 제약이 발생할 수 있어 중장기적 경쟁력 약화 우려가 있습니다\n• 재고 활용 체계 부재: 재고대체를 통한 샘플 제작이 전혀 이루어지지 않아 재고 관리 효율성과 비용 최적화 기회를 놓치고 있습니다"
      },
      {
        "div": "종합분석-5",
        "sub_title": "마케팅 전략 최적화 방안",
        "ai_text": "### 즉시 실행 방안\n1. 샘플 품질 모니터링 체계 구축: 예산 축소에 따른 샘플 품질 저하 방지를 위한 품질 기준 재정립 및 정기 점검 시스템 도입\n2. 외부 업체 관리 강화: 샘플구입대 증가에 따른 협력업체 품질 관리 및 납기 준수 모니터링 체계 강화\n3. 재고대체 활용 방안 수립: 기존 재고를 활용한 샘플 제작 프로세스 도입으로 추가 5-10% 비용 절감 가능\n\n### 중장기 전략 방향\n1. 하이브리드 샘플링 전략: 내부 제작(핵심 아이템)과 외부 구매(서포팅 아이템)의 최적 조합으로 비용 효율성과 품질 확보 동시 달성\n2. 해외 샘플 소싱 채널 구축: 2026년부터 해외 샘플구입대 예산 5-7백만원 배정하여 글로벌 트렌드 반영 강화\n3. 디지털 샘플링 도입: 3D 모델링 및 가상 샘플 기술 활용으로 물리적 샘플 제작 비용 20-30% 절감 목표"
      }
    ]
  },
  "ctgr1": "샘플대(제작/구입)",
  "summary": {
    "prev_year_total": 73.84,
    "curr_year_total": 43.11,
    "change_amount": -30.73,
    "change_pct": -41.6,
    "investment_direction": "축소"
  },
  "categories": [
    {
      "ctgr2": "샘플대(제작/구입)",
      "ctgr3": "소모품비_샘플대",
      "gl_nm": "소모품비_샘플대",
      "prev_year": 73.25,
      "curr_year": 41.53,
      "change": -31.72,
      "change_pct": -43.3,
      "is_new": false,
      "is_discontinued": false
    },
    {
      "ctgr2": "샘플대(제작/구입)",
      "ctgr3": "소모품비_샘플대",
      "gl_nm": "소모품비_샘플대_재고대체",
      "prev_year": 0.0,
      "curr_year": 0.0,
      "change": 0.0,
      "change_pct": 0,
      "is_new": false,
      "is_discontinued": false
    },
    {
      "ctgr2": "샘플대(제작/구입)",
      "ctgr3": "샘플구입대",
      "gl_nm": "샘플구입대_해외",
      "prev_year": 0.0,
      "curr_year": 0.0,
      "change": 0.0,
      "change_pct": 0,
      "is_new": false,
      "is_discontinued": false
    },
    {
      "ctgr2": "샘플대(제작/구입)",
      "ctgr3": "샘플구입대",
      "gl_nm": "샘플구입대_국내",
      "prev_year": 0.59,
      "curr_year": 1.58,
      "change": 0.98,
      "change_pct": 165.5,
      "is_new": false,
      "is_discontinued": false
    }
  ],
  "category_summary": {
    "increased": [
      {
        "ctgr2": "샘플대(제작/구입)",
        "ctgr3": "샘플구입대",
        "gl_nm": "샘플구입대_국내",
        "prev_year": 0.59,
        "curr_year": 1.58,
        "change": 0.98,
        "change_pct": 165.5,
        "is_new": false,
        "is_discontinued": false
      }
    ],
    "decreased": [
      {
        "ctgr2": "샘플대(제작/구입)",
        "ctgr3": "소모품비_샘플대",
        "gl_nm": "소모품비_샘플대",
        "prev_year": 73.25,
        "curr_year": 41.53,
        "change": -31.72,
        "change_pct": -43.3,
        "is_new": false,
        "is_discontinued": false
      }
    ],
    "new_investments": [],
    "discontinued": []
  },
  "raw_data": {
    "total_records": [
      {
        "PST_YYYYMM": "202411",
        "TOTAL_AMT": 73841201.0
      },
      {
        "PST_YYYYMM": "202511",
        "TOTAL_AMT": 43106982.0
      }
    ],
    "detail_records": [
      {
        "PST_YYYYMM": "202411",
        "BRD_CD": "I",
        "BRD_NM": "MLB KIDS",
        "CTGR1": "샘플대(제작/구입)",
        "CTGR2": "샘플대(제작/구입)",
        "CTGR3": "소모품비_샘플대",
        "GL_NM": "소모품비_샘플대",
        "TTL_USE_AMT": 73246383.0
      },
      {
        "PST_YYYYMM": "202511",
        "BRD_CD": "I",
        "BRD_NM": "MLB KIDS",
        "CTGR1": "샘플대(제작/구입)",
        "CTGR2": "샘플대(제작/구입)",
        "CTGR3": "소모품비_샘플대",
        "GL_NM": "소모품비_샘플대",
        "TTL_USE_AMT": 41527978.0
      },
      {
        "PST_YYYYMM": "202511",
        "BRD_CD": "I",
        "BRD_NM": "MLB KIDS",
        "CTGR1": "샘플대(제작/구입)",
        "CTGR2": "샘플대(제작/구입)",
        "CTGR3": "샘플구입대",
        "GL_NM": "샘플구입대_국내",
        "TTL_USE_AMT": 1579004.0
      },
      {
        "PST_YYYYMM": "202411",
        "BRD_CD": "I",
        "BRD_NM": "MLB KIDS",
        "CTGR1": "샘플대(제작/구입)",
        "CTGR2": "샘플대(제작/구입)",
        "CTGR3": "샘플구입대",
        "GL_NM": "샘플구입대_국내",
        "TTL_USE_AMT": 594818.0
      },
      {
        "PST_YYYYMM": "202411",
        "BRD_CD": "I",
        "BRD_NM": "MLB KIDS",
        "CTGR1": "샘플대(제작/구입)",
        "CTGR2": "샘플대(제작/구입)",
        "CTGR3": "샘플구입대",
        "GL_NM": "샘플구입대_해외",
        "TTL_USE_AMT": 0.0
      },
      {
        "PST_YYYYMM": "202411",
        "BRD_CD": "I",
        "BRD_NM": "MLB KIDS",
        "CTGR1": "샘플대(제작/구입)",
        "CTGR2": "샘플대(제작/구입)",
        "CTGR3": "소모품비_샘플대",
        "GL_NM": "소모품비_샘플대_재고대체",
        "TTL_USE_AMT": 0.0
      },
      {
        "PST_YYYYMM": "202511",
        "BRD_CD": "I",
        "BRD_NM": "MLB KIDS",
        "CTGR1": "샘플대(제작/구입)",
        "CTGR2": "샘플대(제작/구입)",
        "CTGR3": "소모품비_샘플대",
        "GL_NM": "소모품비_샘플대_재고대체",
        "TTL_USE_AMT": 0.0
      },
      {
        "PST_YYYYMM": "202511",
        "BRD_CD": "I",
        "BRD_NM": "MLB KIDS",
        "CTGR1": "샘플대(제작/구입)",
        "CTGR2": "샘플대(제작/구입)",
        "CTGR3": "샘플구입대",
        "GL_NM": "샘플구입대_해외",
        "TTL_USE_AMT": 0.0
      }
    ]
  },
  "trend_data": {
    "trend_months": [
      "202412",
      "202501",
      "202502",
      "202503",
      "202504",
      "202505",
      "202506",
      "202507",
      "202508",
      "202509",
      "202510",
      "202511"
    ],
    "monthly_totals": [
      {
        "yyyymm": "202412",
        "total_amount": 8.06
      },
      {
        "yyyymm": "202501",
        "total_amount": 21.09
      },
      {
        "yyyymm": "202502",
        "total_amount": 93.97
      },
      {
        "yyyymm": "202503",
        "total_amount": -0.92
      },
      {
        "yyyymm": "202504",
        "total_amount": 19.02
      },
      {
        "yyyymm": "202505",
        "total_amount": 42.48
      },
      {
        "yyyymm": "202506",
        "total_amount": 50.71
      },
      {
        "yyyymm": "202507",
        "total_amount": 32.45
      },
      {
        "yyyymm": "202508",
        "total_amount": 62.78
      },
      {
        "yyyymm": "202509",
        "total_amount": 11.39
      },
      {
        "yyyymm": "202510",
        "total_amount": 49.91
      },
      {
        "yyyymm": "202511",
        "total_amount": 43.11
      }
    ],
    "monthly_details": [
      {
        "yyyymm": "202412",
        "ctgr2": "샘플대(제작/구입)",
        "ctgr3": "소모품비_샘플대",
        "gl_nm": "소모품비_샘플대",
        "amount": 6.87
      },
      {
        "yyyymm": "202412",
        "ctgr2": "샘플대(제작/구입)",
        "ctgr3": "샘플구입대",
        "gl_nm": "샘플구입대_국내",
        "amount": 0.7
      },
      {
        "yyyymm": "202412",
        "ctgr2": "샘플대(제작/구입)",
        "ctgr3": "소모품비_샘플대",
        "gl_nm": "소모품비_샘플대_재고대체",
        "amount": 0.49
      },
      {
        "yyyymm": "202412",
        "ctgr2": "샘플대(제작/구입)",
        "ctgr3": "샘플구입대",
        "gl_nm": "샘플구입대_해외",
        "amount": 0.0
      },
      {
        "yyyymm": "202501",
        "ctgr2": "샘플대(제작/구입)",
        "ctgr3": "소모품비_샘플대",
        "gl_nm": "소모품비_샘플대",
        "amount": 17.54
      },
      {
        "yyyymm": "202501",
        "ctgr2": "샘플대(제작/구입)",
        "ctgr3": "샘플구입대",
        "gl_nm": "샘플구입대_해외",
        "amount": 2.61
      },
      {
        "yyyymm": "202501",
        "ctgr2": "샘플대(제작/구입)",
        "ctgr3": "샘플구입대",
        "gl_nm": "샘플구입대_국내",
        "amount": 0.56
      },
      {
        "yyyymm": "202501",
        "ctgr2": "샘플대(제작/구입)",
        "ctgr3": "소모품비_샘플대",
        "gl_nm": "소모품비_샘플대_재고대체",
        "amount": 0.38
      },
      {
        "yyyymm": "202502",
        "ctgr2": "샘플대(제작/구입)",
        "ctgr3": "소모품비_샘플대",
        "gl_nm": "소모품비_샘플대",
        "amount": 89.12
      },
      {
        "yyyymm": "202502",
        "ctgr2": "샘플대(제작/구입)",
        "ctgr3": "샘플구입대",
        "gl_nm": "샘플구입대_국내",
        "amount": 4.36
      },
      {
        "yyyymm": "202502",
        "ctgr2": "샘플대(제작/구입)",
        "ctgr3": "소모품비_샘플대",
        "gl_nm": "소모품비_샘플대_재고대체",
        "amount": 0.49
      },
      {
        "yyyymm": "202502",
        "ctgr2": "샘플대(제작/구입)",
        "ctgr3": "샘플구입대",
        "gl_nm": "샘플구입대_해외",
        "amount": 0.0
      },
      {
        "yyyymm": "202503",
        "ctgr2": "샘플대(제작/구입)",
        "ctgr3": "샘플구입대",
        "gl_nm": "샘플구입대_국내",
        "amount": 1.19
      },
      {
        "yyyymm": "202503",
        "ctgr2": "샘플대(제작/구입)",
        "ctgr3": "샘플구입대",
        "gl_nm": "샘플구입대_해외",
        "amount": 1.15
      },
      {
        "yyyymm": "202503",
        "ctgr2": "샘플대(제작/구입)",
        "ctgr3": "소모품비_샘플대",
        "gl_nm": "소모품비_샘플대_재고대체",
        "amount": 0.08
      },
      {
        "yyyymm": "202503",
        "ctgr2": "샘플대(제작/구입)",
        "ctgr3": "소모품비_샘플대",
        "gl_nm": "소모품비_샘플대",
        "amount": -3.34
      },
      {
        "yyyymm": "202504",
        "ctgr2": "샘플대(제작/구입)",
        "ctgr3": "소모품비_샘플대",
        "gl_nm": "소모품비_샘플대",
        "amount": 18.09
      },
      {
        "yyyymm": "202504",
        "ctgr2": "샘플대(제작/구입)",
        "ctgr3": "샘플구입대",
        "gl_nm": "샘플구입대_국내",
        "amount": 0.92
      },
      {
        "yyyymm": "202504",
        "ctgr2": "샘플대(제작/구입)",
        "ctgr3": "소모품비_샘플대",
        "gl_nm": "소모품비_샘플대_재고대체",
        "amount": 0.01
      },
      {
        "yyyymm": "202504",
        "ctgr2": "샘플대(제작/구입)",
        "ctgr3": "샘플구입대",
        "gl_nm": "샘플구입대_해외",
        "amount": 0.0
      },
      {
        "yyyymm": "202505",
        "ctgr2": "샘플대(제작/구입)",
        "ctgr3": "소모품비_샘플대",
        "gl_nm": "소모품비_샘플대",
        "amount": 41.87
      },
      {
        "yyyymm": "202505",
        "ctgr2": "샘플대(제작/구입)",
        "ctgr3": "샘플구입대",
        "gl_nm": "샘플구입대_국내",
        "amount": 0.58
      },
      {
        "yyyymm": "202505",
        "ctgr2": "샘플대(제작/구입)",
        "ctgr3": "소모품비_샘플대",
        "gl_nm": "소모품비_샘플대_재고대체",
        "amount": 0.03
      },
      {
        "yyyymm": "202505",
        "ctgr2": "샘플대(제작/구입)",
        "ctgr3": "샘플구입대",
        "gl_nm": "샘플구입대_해외",
        "amount": 0.0
      },
      {
        "yyyymm": "202506",
        "ctgr2": "샘플대(제작/구입)",
        "ctgr3": "소모품비_샘플대",
        "gl_nm": "소모품비_샘플대",
        "amount": 49.28
      },
      {
        "yyyymm": "202506",
        "ctgr2": "샘플대(제작/구입)",
        "ctgr3": "샘플구입대",
        "gl_nm": "샘플구입대_해외",
        "amount": 0.68
      },
      {
        "yyyymm": "202506",
        "ctgr2": "샘플대(제작/구입)",
        "ctgr3": "소모품비_샘플대",
        "gl_nm": "소모품비_샘플대_재고대체",
        "amount": 0.57
      },
      {
        "yyyymm": "202506",
        "ctgr2": "샘플대(제작/구입)",
        "ctgr3": "샘플구입대",
        "gl_nm": "샘플구입대_국내",
        "amount": 0.18
      },
      {
        "yyyymm": "202507",
        "ctgr2": "샘플대(제작/구입)",
        "ctgr3": "소모품비_샘플대",
        "gl_nm": "소모품비_샘플대",
        "amount": 31.25
      },
      {
        "yyyymm": "202507",
        "ctgr2": "샘플대(제작/구입)",
        "ctgr3": "샘플구입대",
        "gl_nm": "샘플구입대_국내",
        "amount": 1.11
      },
      {
        "yyyymm": "202507",
        "ctgr2": "샘플대(제작/구입)",
        "ctgr3": "소모품비_샘플대",
        "gl_nm": "소모품비_샘플대_재고대체",
        "amount": 0.1
      },
      {
        "yyyymm": "202507",
        "ctgr2": "샘플대(제작/구입)",
        "ctgr3": "샘플구입대",
        "gl_nm": "샘플구입대_해외",
        "amount": 0.0
      },
      {
        "yyyymm": "202508",
        "ctgr2": "샘플대(제작/구입)",
        "ctgr3": "소모품비_샘플대",
        "gl_nm": "소모품비_샘플대",
        "amount": 59.03
      },
      {
        "yyyymm": "202508",
        "ctgr2": "샘플대(제작/구입)",
        "ctgr3": "샘플구입대",
        "gl_nm": "샘플구입대_국내",
        "amount": 3.34
      },
      {
        "yyyymm": "202508",
        "ctgr2": "샘플대(제작/구입)",
        "ctgr3": "소모품비_샘플대",
        "gl_nm": "소모품비_샘플대_재고대체",
        "amount": 0.41
      },
      {
        "yyyymm": "202508",
        "ctgr2": "샘플대(제작/구입)",
        "ctgr3": "샘플구입대",
        "gl_nm": "샘플구입대_해외",
        "amount": 0.0
      },
      {
        "yyyymm": "202509",
        "ctgr2": "샘플대(제작/구입)",
        "ctgr3": "소모품비_샘플대",
        "gl_nm": "소모품비_샘플대",
        "amount": 10.06
      },
      {
        "yyyymm": "202509",
        "ctgr2": "샘플대(제작/구입)",
        "ctgr3": "샘플구입대",
        "gl_nm": "샘플구입대_국내",
        "amount": 1.33
      },
      {
        "yyyymm": "202509",
        "ctgr2": "샘플대(제작/구입)",
        "ctgr3": "샘플구입대",
        "gl_nm": "샘플구입대_해외",
        "amount": 0.0
      },
      {
        "yyyymm": "202509",
        "ctgr2": "샘플대(제작/구입)",
        "ctgr3": "소모품비_샘플대",
        "gl_nm": "소모품비_샘플대_재고대체",
        "amount": 0.0
      },
      {
        "yyyymm": "202510",
        "ctgr2": "샘플대(제작/구입)",
        "ctgr3": "소모품비_샘플대",
        "gl_nm": "소모품비_샘플대",
        "amount": 49.56
      },
      {
        "yyyymm": "202510",
        "ctgr2": "샘플대(제작/구입)",
        "ctgr3": "샘플구입대",
        "gl_nm": "샘플구입대_국내",
        "amount": 0.22
      },
      {
        "yyyymm": "202510",
        "ctgr2": "샘플대(제작/구입)",
        "ctgr3": "소모품비_샘플대",
        "gl_nm": "소모품비_샘플대_재고대체",
        "amount": 0.14
      },
      {
        "yyyymm": "202510",
        "ctgr2": "샘플대(제작/구입)",
        "ctgr3": "샘플구입대",
        "gl_nm": "샘플구입대_해외",
        "amount": 0.0
      },
      {
        "yyyymm": "202511",
        "ctgr2": "샘플대(제작/구입)",
        "ctgr3": "소모품비_샘플대",
        "gl_nm": "소모품비_샘플대",
        "amount": 41.53
      },
      {
        "yyyymm": "202511",
        "ctgr2": "샘플대(제작/구입)",
        "ctgr3": "샘플구입대",
        "gl_nm": "샘플구입대_국내",
        "amount": 1.58
      },
      {
        "yyyymm": "202511",
        "ctgr2": "샘플대(제작/구입)",
        "ctgr3": "소모품비_샘플대",
        "gl_nm": "소모품비_샘플대_재고대체",
        "amount": 0.0
      },
      {
        "yyyymm": "202511",
        "ctgr2": "샘플대(제작/구입)",
        "ctgr3": "샘플구입대",
        "gl_nm": "샘플구입대_해외",
        "amount": 0.0
      }
    ]
  }
}