{
  "country": "KR",
  "brand_cd": "X",
  "yyyymm": "202511",
  "key": "영업비",
  "sub_key": "지급수수료",
  "analysis_data": {
    "title": "지급수수료 분석",
    "sections": [
      {
        "div": "종합분석-1",
        "sub_title": "투자 방향성 종합 평가",
        "ai_text": "DISCOVERY 브랜드의 2025년 11월 지급수수료는 142백만원으로 전년 동월 104백만원 대비 37백만원(+36.0%) 증가했습니다. 이는 디지털 인프라 확대와 운영 효율성 제고를 위한 전략적 투자 확대를 의미합니다. 특히 IT사용료(+49.0%)와 지급용역비(+9.2%) 증가가 주요 동력으로, 브랜드의 디지털 전환 가속화와 외부 전문 서비스 활용 확대 전략이 반영된 것으로 분석됩니다."
      },
      {
        "div": "종합분석-2",
        "sub_title": "효율적 투자 영역",
        "ai_text": "• IT사용료 확대: 12백만원→18백만원(+49.0%)으로 디지털 인프라 투자 강화를 통한 운영 효율성 제고\n• 지급용역비 증가: 44백만원→48백만원(+9.2%)으로 전문 서비스 활용을 통한 업무 품질 향상\n• 수수료_기타 대폭 확대: 24백만원→54백만원(+122.0%)으로 새로운 사업 영역 개척을 위한 투자\n• 공사비 증가: 1백만원→5백만원으로 시설 개선 및 매장 환경 업그레이드 투자\n• 건물유지보수비 증가: 4백만원→4백만원으로 안정적 유지"
      },
      {
        "div": "종합분석-3",
        "sub_title": "주의 필요 영역",
        "ai_text": "• IT유지보수비 전액 삭감: 6백만원→0원으로 IT 시스템 안정성 리스크 증대 우려\n• 퀵서비스 비용 감소: 4백만원→2백만원(-44.8%)으로 물류 서비스 품질 저하 가능성\n• 수출입관련 수수료 감소: 3백만원→3백만원(-11.5%)으로 글로벌 사업 활동 위축 신호\n• 재고조사 비용 전액 삭감: 0.3백만원→0원으로 재고 관리 체계 공백 발생\n• 온라인몰운영비 전액 삭감: 0.4백만원→0원으로 디지털 채널 운영 효율성 저하 우려"
      },
      {
        "div": "종합분석-4",
        "sub_title": "이상징후 및 리스크 감지",
        "ai_text": "• 극단적 예산 재배분: IT유지보수비, 재고조사, 온라인몰운영비 등 핵심 운영비용의 전액 삭감과 동시에 수수료_기타 항목의 122% 급증은 예산 관리의 일관성 부족을 시사\n• IT 투자 불균형: IT사용료는 대폭 증가했으나 IT유지보수비는 전액 삭감되어 시스템 안정성과 확장성 간 불균형 발생\n• 운영 효율성 저하 위험: 퀵서비스, 재고조사 등 일상 운영 필수 서비스 비용 삭감으로 운영 품질 저하 및 고객 서비스 수준 하락 우려\n• 디지털 전략 혼재: 온라인몰운영비 삭감과 IT사용료 증가가 동시 발생하여 디지털 전략의 방향성 불명확"
      },
      {
        "div": "종합분석-5",
        "sub_title": "마케팅 전략 최적화 방안",
        "ai_text": "### 즉시 실행 방안\n1. IT 투자 균형 조정: IT유지보수비 최소 3백만원 복구하여 시스템 안정성 확보\n2. 운영 필수비용 재검토: 재고조사(월 0.3백만원), 온라인몰운영비(월 0.4백만원) 복구를 통한 운영 품질 유지\n3. 수수료_기타 세부 내역 분석: 54백만원의 구체적 사용처 파악 및 ROI 측정 체계 구축\n\n### 중장기 전략 방향\n1. 통합 디지털 인프라 구축: IT사용료와 유지보수비를 통합 관리하여 시너지 효과 극대화\n2. 스마트 운영 시스템 도입: 퀵서비스, 재고조사 등을 디지털화하여 비용 절감과 효율성 동시 달성\n3. 예산 배분 최적화 모델 수립: 각 수수료 항목별 성과 지표 연동을 통한 데이터 기반 예산 배분 체계 구축\n4. 글로벌 사업 재활성화: 수출입관련 수수료 증액을 통한 해외 시장 확대 전략 수립"
      }
    ]
  },
  "ctgr1": "지급수수료",
  "summary": {
    "prev_year_total": 104.03,
    "curr_year_total": 141.5,
    "change_amount": 37.48,
    "change_pct": 36.0,
    "investment_direction": "증가"
  },
  "categories": [
    {
      "ctgr2": "지급수수료",
      "ctgr3": "지급수수료_온라인몰운영비",
      "gl_nm": "지급수수료_온라인몰운영비",
      "prev_year": 0.35,
      "curr_year": 0.0,
      "change": -0.35,
      "change_pct": -100.0,
      "is_new": false,
      "is_discontinued": true
    },
    {
      "ctgr2": "지급수수료",
      "ctgr3": "지급수수료_기타",
      "gl_nm": "지급수수료_지급용역비",
      "prev_year": 43.73,
      "curr_year": 47.74,
      "change": 4.01,
      "change_pct": 9.2,
      "is_new": false,
      "is_discontinued": false
    },
    {
      "ctgr2": "지급수수료",
      "ctgr3": "지급수수료_건물유지보수비",
      "gl_nm": "지급수수료_건물유지보수비",
      "prev_year": 3.72,
      "curr_year": 4.0,
      "change": 0.28,
      "change_pct": 7.5,
      "is_new": false,
      "is_discontinued": false
    },
    {
      "ctgr2": "지급수수료",
      "ctgr3": "지급수수료_IT사용료",
      "gl_nm": "지급수수료_IT사용료",
      "prev_year": 11.88,
      "curr_year": 17.67,
      "change": 5.79,
      "change_pct": 48.7,
      "is_new": false,
      "is_discontinued": false
    },
    {
      "ctgr2": "지급수수료",
      "ctgr3": "지급수수료_퀵서비스",
      "gl_nm": "지급수수료_퀵서비스",
      "prev_year": 4.42,
      "curr_year": 2.44,
      "change": -1.98,
      "change_pct": -44.8,
      "is_new": false,
      "is_discontinued": false
    },
    {
      "ctgr2": "지급수수료",
      "ctgr3": "지급수수료_기타",
      "gl_nm": "지급수수료_수출입관련",
      "prev_year": 3.15,
      "curr_year": 2.79,
      "change": -0.36,
      "change_pct": -11.5,
      "is_new": false,
      "is_discontinued": false
    },
    {
      "ctgr2": "지급수수료",
      "ctgr3": "지급수수료_기타",
      "gl_nm": "지급수수료_폐기물처리",
      "prev_year": 0.0,
      "curr_year": 0.0,
      "change": 0.0,
      "change_pct": 0,
      "is_new": false,
      "is_discontinued": false
    },
    {
      "ctgr2": "지급수수료",
      "ctgr3": "지급수수료_보안",
      "gl_nm": "지급수수료_보안",
      "prev_year": 1.45,
      "curr_year": 1.75,
      "change": 0.3,
      "change_pct": 20.7,
      "is_new": false,
      "is_discontinued": false
    },
    {
      "ctgr2": "지급수수료",
      "ctgr3": "지급수수료_리스료(차량)",
      "gl_nm": "지급수수료_렌탈료(차량)",
      "prev_year": 3.11,
      "curr_year": 3.92,
      "change": 0.81,
      "change_pct": 26.0,
      "is_new": false,
      "is_discontinued": false
    },
    {
      "ctgr2": "지급수수료",
      "ctgr3": "지급수수료_인사채용",
      "gl_nm": "지급수수료_인사채용",
      "prev_year": 0.0,
      "curr_year": 0.02,
      "change": 0.02,
      "change_pct": 0,
      "is_new": true,
      "is_discontinued": false
    },
    {
      "ctgr2": "지급수수료",
      "ctgr3": "지급수수료_기타",
      "gl_nm": "지급수수료_기타",
      "prev_year": 24.21,
      "curr_year": 53.7,
      "change": 29.49,
      "change_pct": 121.8,
      "is_new": false,
      "is_discontinued": false
    },
    {
      "ctgr2": "지급수수료",
      "ctgr3": "지급수수료_IT유지보수비",
      "gl_nm": "지급수수료_IT유지보수비",
      "prev_year": 6.4,
      "curr_year": 0.0,
      "change": -6.4,
      "change_pct": -100.0,
      "is_new": false,
      "is_discontinued": true
    },
    {
      "ctgr2": "지급수수료",
      "ctgr3": "지급수수료_리스료(차량제외)",
      "gl_nm": "지급수수료_렌탈료(차량제외)",
      "prev_year": 0.57,
      "curr_year": 1.13,
      "change": 0.56,
      "change_pct": 98.0,
      "is_new": false,
      "is_discontinued": false
    },
    {
      "ctgr2": "지급수수료",
      "ctgr3": "지급수수료_기타",
      "gl_nm": "지급수수료_공증/등기",
      "prev_year": 0.0,
      "curr_year": 1.49,
      "change": 1.49,
      "change_pct": 0,
      "is_new": true,
      "is_discontinued": false
    },
    {
      "ctgr2": "지급수수료",
      "ctgr3": "지급수수료_재고조사",
      "gl_nm": "지급수수료_재고조사",
      "prev_year": 0.29,
      "curr_year": 0.0,
      "change": -0.29,
      "change_pct": -100.0,
      "is_new": false,
      "is_discontinued": true
    },
    {
      "ctgr2": "지급수수료",
      "ctgr3": "지급수수료_교육훈련",
      "gl_nm": "지급수수료_교육훈련",
      "prev_year": 0.0,
      "curr_year": 0.0,
      "change": 0.0,
      "change_pct": 0,
      "is_new": false,
      "is_discontinued": false
    },
    {
      "ctgr2": "지급수수료",
      "ctgr3": "지급수수료_공사비",
      "gl_nm": "지급수수료_공사비",
      "prev_year": 0.74,
      "curr_year": 4.86,
      "change": 4.12,
      "change_pct": 559.6,
      "is_new": false,
      "is_discontinued": false
    }
  ],
  "category_summary": {
    "increased": [
      {
        "ctgr2": "지급수수료",
        "ctgr3": "지급수수료_기타",
        "gl_nm": "지급수수료_지급용역비",
        "prev_year": 43.73,
        "curr_year": 47.74,
        "change": 4.01,
        "change_pct": 9.2,
        "is_new": false,
        "is_discontinued": false
      },
      {
        "ctgr2": "지급수수료",
        "ctgr3": "지급수수료_건물유지보수비",
        "gl_nm": "지급수수료_건물유지보수비",
        "prev_year": 3.72,
        "curr_year": 4.0,
        "change": 0.28,
        "change_pct": 7.5,
        "is_new": false,
        "is_discontinued": false
      },
      {
        "ctgr2": "지급수수료",
        "ctgr3": "지급수수료_IT사용료",
        "gl_nm": "지급수수료_IT사용료",
        "prev_year": 11.88,
        "curr_year": 17.67,
        "change": 5.79,
        "change_pct": 48.7,
        "is_new": false,
        "is_discontinued": false
      },
      {
        "ctgr2": "지급수수료",
        "ctgr3": "지급수수료_보안",
        "gl_nm": "지급수수료_보안",
        "prev_year": 1.45,
        "curr_year": 1.75,
        "change": 0.3,
        "change_pct": 20.7,
        "is_new": false,
        "is_discontinued": false
      },
      {
        "ctgr2": "지급수수료",
        "ctgr3": "지급수수료_리스료(차량)",
        "gl_nm": "지급수수료_렌탈료(차량)",
        "prev_year": 3.11,
        "curr_year": 3.92,
        "change": 0.81,
        "change_pct": 26.0,
        "is_new": false,
        "is_discontinued": false
      },
      {
        "ctgr2": "지급수수료",
        "ctgr3": "지급수수료_인사채용",
        "gl_nm": "지급수수료_인사채용",
        "prev_year": 0.0,
        "curr_year": 0.02,
        "change": 0.02,
        "change_pct": 0,
        "is_new": true,
        "is_discontinued": false
      },
      {
        "ctgr2": "지급수수료",
        "ctgr3": "지급수수료_기타",
        "gl_nm": "지급수수료_기타",
        "prev_year": 24.21,
        "curr_year": 53.7,
        "change": 29.49,
        "change_pct": 121.8,
        "is_new": false,
        "is_discontinued": false
      },
      {
        "ctgr2": "지급수수료",
        "ctgr3": "지급수수료_리스료(차량제외)",
        "gl_nm": "지급수수료_렌탈료(차량제외)",
        "prev_year": 0.57,
        "curr_year": 1.13,
        "change": 0.56,
        "change_pct": 98.0,
        "is_new": false,
        "is_discontinued": false
      },
      {
        "ctgr2": "지급수수료",
        "ctgr3": "지급수수료_기타",
        "gl_nm": "지급수수료_공증/등기",
        "prev_year": 0.0,
        "curr_year": 1.49,
        "change": 1.49,
        "change_pct": 0,
        "is_new": true,
        "is_discontinued": false
      },
      {
        "ctgr2": "지급수수료",
        "ctgr3": "지급수수료_공사비",
        "gl_nm": "지급수수료_공사비",
        "prev_year": 0.74,
        "curr_year": 4.86,
        "change": 4.12,
        "change_pct": 559.6,
        "is_new": false,
        "is_discontinued": false
      }
    ],
    "decreased": [
      {
        "ctgr2": "지급수수료",
        "ctgr3": "지급수수료_온라인몰운영비",
        "gl_nm": "지급수수료_온라인몰운영비",
        "prev_year": 0.35,
        "curr_year": 0.0,
        "change": -0.35,
        "change_pct": -100.0,
        "is_new": false,
        "is_discontinued": true
      },
      {
        "ctgr2": "지급수수료",
        "ctgr3": "지급수수료_퀵서비스",
        "gl_nm": "지급수수료_퀵서비스",
        "prev_year": 4.42,
        "curr_year": 2.44,
        "change": -1.98,
        "change_pct": -44.8,
        "is_new": false,
        "is_discontinued": false
      },
      {
        "ctgr2": "지급수수료",
        "ctgr3": "지급수수료_기타",
        "gl_nm": "지급수수료_수출입관련",
        "prev_year": 3.15,
        "curr_year": 2.79,
        "change": -0.36,
        "change_pct": -11.5,
        "is_new": false,
        "is_discontinued": false
      },
      {
        "ctgr2": "지급수수료",
        "ctgr3": "지급수수료_IT유지보수비",
        "gl_nm": "지급수수료_IT유지보수비",
        "prev_year": 6.4,
        "curr_year": 0.0,
        "change": -6.4,
        "change_pct": -100.0,
        "is_new": false,
        "is_discontinued": true
      },
      {
        "ctgr2": "지급수수료",
        "ctgr3": "지급수수료_재고조사",
        "gl_nm": "지급수수료_재고조사",
        "prev_year": 0.29,
        "curr_year": 0.0,
        "change": -0.29,
        "change_pct": -100.0,
        "is_new": false,
        "is_discontinued": true
      }
    ],
    "new_investments": [
      {
        "ctgr2": "지급수수료",
        "ctgr3": "지급수수료_인사채용",
        "gl_nm": "지급수수료_인사채용",
        "prev_year": 0.0,
        "curr_year": 0.02,
        "change": 0.02,
        "change_pct": 0,
        "is_new": true,
        "is_discontinued": false
      },
      {
        "ctgr2": "지급수수료",
        "ctgr3": "지급수수료_기타",
        "gl_nm": "지급수수료_공증/등기",
        "prev_year": 0.0,
        "curr_year": 1.49,
        "change": 1.49,
        "change_pct": 0,
        "is_new": true,
        "is_discontinued": false
      }
    ],
    "discontinued": [
      {
        "ctgr2": "지급수수료",
        "ctgr3": "지급수수료_온라인몰운영비",
        "gl_nm": "지급수수료_온라인몰운영비",
        "prev_year": 0.35,
        "curr_year": 0.0,
        "change": -0.35,
        "change_pct": -100.0,
        "is_new": false,
        "is_discontinued": true
      },
      {
        "ctgr2": "지급수수료",
        "ctgr3": "지급수수료_IT유지보수비",
        "gl_nm": "지급수수료_IT유지보수비",
        "prev_year": 6.4,
        "curr_year": 0.0,
        "change": -6.4,
        "change_pct": -100.0,
        "is_new": false,
        "is_discontinued": true
      },
      {
        "ctgr2": "지급수수료",
        "ctgr3": "지급수수료_재고조사",
        "gl_nm": "지급수수료_재고조사",
        "prev_year": 0.29,
        "curr_year": 0.0,
        "change": -0.29,
        "change_pct": -100.0,
        "is_new": false,
        "is_discontinued": true
      }
    ]
  },
  "raw_data": {
    "total_records": [
      {
        "PST_YYYYMM": "202411",
        "TOTAL_AMT": 104026684.0
      },
      {
        "PST_YYYYMM": "202511",
        "TOTAL_AMT": 141503971.0
      }
    ],
    "detail_records": [
      {
        "PST_YYYYMM": "202511",
        "BRD_CD": "X",
        "BRD_NM": "DISCOVERY",
        "CTGR1": "지급수수료",
        "CTGR2": "지급수수료",
        "CTGR3": "지급수수료_기타",
        "GL_NM": "지급수수료_기타",
        "TTL_USE_AMT": 53699936.0
      },
      {
        "PST_YYYYMM": "202511",
        "BRD_CD": "X",
        "BRD_NM": "DISCOVERY",
        "CTGR1": "지급수수료",
        "CTGR2": "지급수수료",
        "CTGR3": "지급수수료_기타",
        "GL_NM": "지급수수료_지급용역비",
        "TTL_USE_AMT": 47739597.0
      },
      {
        "PST_YYYYMM": "202411",
        "BRD_CD": "X",
        "BRD_NM": "DISCOVERY",
        "CTGR1": "지급수수료",
        "CTGR2": "지급수수료",
        "CTGR3": "지급수수료_기타",
        "GL_NM": "지급수수료_지급용역비",
        "TTL_USE_AMT": 43729660.0
      },
      {
        "PST_YYYYMM": "202411",
        "BRD_CD": "X",
        "BRD_NM": "DISCOVERY",
        "CTGR1": "지급수수료",
        "CTGR2": "지급수수료",
        "CTGR3": "지급수수료_기타",
        "GL_NM": "지급수수료_기타",
        "TTL_USE_AMT": 24212579.0
      },
      {
        "PST_YYYYMM": "202511",
        "BRD_CD": "X",
        "BRD_NM": "DISCOVERY",
        "CTGR1": "지급수수료",
        "CTGR2": "지급수수료",
        "CTGR3": "지급수수료_IT사용료",
        "GL_NM": "지급수수료_IT사용료",
        "TTL_USE_AMT": 17670557.0
      },
      {
        "PST_YYYYMM": "202411",
        "BRD_CD": "X",
        "BRD_NM": "DISCOVERY",
        "CTGR1": "지급수수료",
        "CTGR2": "지급수수료",
        "CTGR3": "지급수수료_IT사용료",
        "GL_NM": "지급수수료_IT사용료",
        "TTL_USE_AMT": 11883100.0
      },
      {
        "PST_YYYYMM": "202411",
        "BRD_CD": "X",
        "BRD_NM": "DISCOVERY",
        "CTGR1": "지급수수료",
        "CTGR2": "지급수수료",
        "CTGR3": "지급수수료_IT유지보수비",
        "GL_NM": "지급수수료_IT유지보수비",
        "TTL_USE_AMT": 6396000.0
      },
      {
        "PST_YYYYMM": "202511",
        "BRD_CD": "X",
        "BRD_NM": "DISCOVERY",
        "CTGR1": "지급수수료",
        "CTGR2": "지급수수료",
        "CTGR3": "지급수수료_공사비",
        "GL_NM": "지급수수료_공사비",
        "TTL_USE_AMT": 4858000.0
      },
      {
        "PST_YYYYMM": "202411",
        "BRD_CD": "X",
        "BRD_NM": "DISCOVERY",
        "CTGR1": "지급수수료",
        "CTGR2": "지급수수료",
        "CTGR3": "지급수수료_퀵서비스",
        "GL_NM": "지급수수료_퀵서비스",
        "TTL_USE_AMT": 4421000.0
      },
      {
        "PST_YYYYMM": "202511",
        "BRD_CD": "X",
        "BRD_NM": "DISCOVERY",
        "CTGR1": "지급수수료",
        "CTGR2": "지급수수료",
        "CTGR3": "지급수수료_건물유지보수비",
        "GL_NM": "지급수수료_건물유지보수비",
        "TTL_USE_AMT": 4000000.0
      },
      {
        "PST_YYYYMM": "202511",
        "BRD_CD": "X",
        "BRD_NM": "DISCOVERY",
        "CTGR1": "지급수수료",
        "CTGR2": "지급수수료",
        "CTGR3": "지급수수료_리스료(차량)",
        "GL_NM": "지급수수료_렌탈료(차량)",
        "TTL_USE_AMT": 3922050.0
      },
      {
        "PST_YYYYMM": "202411",
        "BRD_CD": "X",
        "BRD_NM": "DISCOVERY",
        "CTGR1": "지급수수료",
        "CTGR2": "지급수수료",
        "CTGR3": "지급수수료_건물유지보수비",
        "GL_NM": "지급수수료_건물유지보수비",
        "TTL_USE_AMT": 3720000.0
      },
      {
        "PST_YYYYMM": "202411",
        "BRD_CD": "X",
        "BRD_NM": "DISCOVERY",
        "CTGR1": "지급수수료",
        "CTGR2": "지급수수료",
        "CTGR3": "지급수수료_기타",
        "GL_NM": "지급수수료_수출입관련",
        "TTL_USE_AMT": 3150165.0
      },
      {
        "PST_YYYYMM": "202411",
        "BRD_CD": "X",
        "BRD_NM": "DISCOVERY",
        "CTGR1": "지급수수료",
        "CTGR2": "지급수수료",
        "CTGR3": "지급수수료_리스료(차량)",
        "GL_NM": "지급수수료_렌탈료(차량)",
        "TTL_USE_AMT": 3113000.0
      },
      {
        "PST_YYYYMM": "202511",
        "BRD_CD": "X",
        "BRD_NM": "DISCOVERY",
        "CTGR1": "지급수수료",
        "CTGR2": "지급수수료",
        "CTGR3": "지급수수료_기타",
        "GL_NM": "지급수수료_수출입관련",
        "TTL_USE_AMT": 2789094.0
      },
      {
        "PST_YYYYMM": "202511",
        "BRD_CD": "X",
        "BRD_NM": "DISCOVERY",
        "CTGR1": "지급수수료",
        "CTGR2": "지급수수료",
        "CTGR3": "지급수수료_퀵서비스",
        "GL_NM": "지급수수료_퀵서비스",
        "TTL_USE_AMT": 2441000.0
      },
      {
        "PST_YYYYMM": "202511",
        "BRD_CD": "X",
        "BRD_NM": "DISCOVERY",
        "CTGR1": "지급수수료",
        "CTGR2": "지급수수료",
        "CTGR3": "지급수수료_보안",
        "GL_NM": "지급수수료_보안",
        "TTL_USE_AMT": 1749500.0
      },
      {
        "PST_YYYYMM": "202511",
        "BRD_CD": "X",
        "BRD_NM": "DISCOVERY",
        "CTGR1": "지급수수료",
        "CTGR2": "지급수수료",
        "CTGR3": "지급수수료_기타",
        "GL_NM": "지급수수료_공증/등기",
        "TTL_USE_AMT": 1488000.0
      },
      {
        "PST_YYYYMM": "202411",
        "BRD_CD": "X",
        "BRD_NM": "DISCOVERY",
        "CTGR1": "지급수수료",
        "CTGR2": "지급수수료",
        "CTGR3": "지급수수료_보안",
        "GL_NM": "지급수수료_보안",
        "TTL_USE_AMT": 1449500.0
      },
      {
        "PST_YYYYMM": "202511",
        "BRD_CD": "X",
        "BRD_NM": "DISCOVERY",
        "CTGR1": "지급수수료",
        "CTGR2": "지급수수료",
        "CTGR3": "지급수수료_리스료(차량제외)",
        "GL_NM": "지급수수료_렌탈료(차량제외)",
        "TTL_USE_AMT": 1130837.0
      },
      {
        "PST_YYYYMM": "202411",
        "BRD_CD": "X",
        "BRD_NM": "DISCOVERY",
        "CTGR1": "지급수수료",
        "CTGR2": "지급수수료",
        "CTGR3": "지급수수료_공사비",
        "GL_NM": "지급수수료_공사비",
        "TTL_USE_AMT": 736500.0
      },
      {
        "PST_YYYYMM": "202411",
        "BRD_CD": "X",
        "BRD_NM": "DISCOVERY",
        "CTGR1": "지급수수료",
        "CTGR2": "지급수수료",
        "CTGR3": "지급수수료_리스료(차량제외)",
        "GL_NM": "지급수수료_렌탈료(차량제외)",
        "TTL_USE_AMT": 571180.0
      },
      {
        "PST_YYYYMM": "202411",
        "BRD_CD": "X",
        "BRD_NM": "DISCOVERY",
        "CTGR1": "지급수수료",
        "CTGR2": "지급수수료",
        "CTGR3": "지급수수료_온라인몰운영비",
        "GL_NM": "지급수수료_온라인몰운영비",
        "TTL_USE_AMT": 350000.0
      },
      {
        "PST_YYYYMM": "202411",
        "BRD_CD": "X",
        "BRD_NM": "DISCOVERY",
        "CTGR1": "지급수수료",
        "CTGR2": "지급수수료",
        "CTGR3": "지급수수료_재고조사",
        "GL_NM": "지급수수료_재고조사",
        "TTL_USE_AMT": 294000.0
      },
      {
        "PST_YYYYMM": "202511",
        "BRD_CD": "X",
        "BRD_NM": "DISCOVERY",
        "CTGR1": "지급수수료",
        "CTGR2": "지급수수료",
        "CTGR3": "지급수수료_인사채용",
        "GL_NM": "지급수수료_인사채용",
        "TTL_USE_AMT": 15400.0
      },
      {
        "PST_YYYYMM": "202411",
        "BRD_CD": "X",
        "BRD_NM": "DISCOVERY",
        "CTGR1": "지급수수료",
        "CTGR2": "지급수수료",
        "CTGR3": "지급수수료_인사채용",
        "GL_NM": "지급수수료_인사채용",
        "TTL_USE_AMT": 0.0
      },
      {
        "PST_YYYYMM": "202511",
        "BRD_CD": "X",
        "BRD_NM": "DISCOVERY",
        "CTGR1": "지급수수료",
        "CTGR2": "지급수수료",
        "CTGR3": "지급수수료_IT유지보수비",
        "GL_NM": "지급수수료_IT유지보수비",
        "TTL_USE_AMT": 0.0
      },
      {
        "PST_YYYYMM": "202411",
        "BRD_CD": "X",
        "BRD_NM": "DISCOVERY",
        "CTGR1": "지급수수료",
        "CTGR2": "지급수수료",
        "CTGR3": "지급수수료_기타",
        "GL_NM": "지급수수료_공증/등기",
        "TTL_USE_AMT": 0.0
      },
      {
        "PST_YYYYMM": "202511",
        "BRD_CD": "X",
        "BRD_NM": "DISCOVERY",
        "CTGR1": "지급수수료",
        "CTGR2": "지급수수료",
        "CTGR3": "지급수수료_기타",
        "GL_NM": "지급수수료_폐기물처리",
        "TTL_USE_AMT": 0.0
      },
      {
        "PST_YYYYMM": "202511",
        "BRD_CD": "X",
        "BRD_NM": "DISCOVERY",
        "CTGR1": "지급수수료",
        "CTGR2": "지급수수료",
        "CTGR3": "지급수수료_교육훈련",
        "GL_NM": "지급수수료_교육훈련",
        "TTL_USE_AMT": 0.0
      },
      {
        "PST_YYYYMM": "202511",
        "BRD_CD": "X",
        "BRD_NM": "DISCOVERY",
        "CTGR1": "지급수수료",
        "CTGR2": "지급수수료",
        "CTGR3": "지급수수료_재고조사",
        "GL_NM": "지급수수료_재고조사",
        "TTL_USE_AMT": 0.0
      },
      {
        "PST_YYYYMM": "202411",
        "BRD_CD": "X",
        "BRD_NM": "DISCOVERY",
        "CTGR1": "지급수수료",
        "CTGR2": "지급수수료",
        "CTGR3": "지급수수료_기타",
        "GL_NM": "지급수수료_폐기물처리",
        "TTL_USE_AMT": 0.0
      }
    ]
  },
  "trend_data": {
    "trend_months": [
      "202412",
      "202501",
      "202502",
      "202503",
      "202504",
      "202505",
      "202506",
      "202507",
      "202508",
      "202509",
      "202510",
      "202511"
    ],
    "monthly_totals": [
      {
        "yyyymm": "202412",
        "total_amount": 119.95
      },
      {
        "yyyymm": "202501",
        "total_amount": 161.77
      },
      {
        "yyyymm": "202502",
        "total_amount": 127.95
      },
      {
        "yyyymm": "202503",
        "total_amount": 132.72
      },
      {
        "yyyymm": "202504",
        "total_amount": 116.75
      },
      {
        "yyyymm": "202505",
        "total_amount": 94.15
      },
      {
        "yyyymm": "202506",
        "total_amount": 117.61
      },
      {
        "yyyymm": "202507",
        "total_amount": 155.8
      },
      {
        "yyyymm": "202508",
        "total_amount": 148.0
      },
      {
        "yyyymm": "202509",
        "total_amount": 172.34
      },
      {
        "yyyymm": "202510",
        "total_amount": 125.81
      },
      {
        "yyyymm": "202511",
        "total_amount": 141.5
      }
    ],
    "monthly_details": [
      {
        "yyyymm": "202412",
        "ctgr2": "지급수수료",
        "ctgr3": "지급수수료_기타",
        "gl_nm": "지급수수료_지급용역비",
        "amount": 47.34
      },
      {
        "yyyymm": "202412",
        "ctgr2": "지급수수료",
        "ctgr3": "지급수수료_기타",
        "gl_nm": "지급수수료_기타",
        "amount": 26.5
      },
      {
        "yyyymm": "202412",
        "ctgr2": "지급수수료",
        "ctgr3": "지급수수료_인사채용",
        "gl_nm": "지급수수료_인사채용",
        "amount": 23.0
      },
      {
        "yyyymm": "202412",
        "ctgr2": "지급수수료",
        "ctgr3": "지급수수료_IT사용료",
        "gl_nm": "지급수수료_IT사용료",
        "amount": 9.46
      },
      {
        "yyyymm": "202412",
        "ctgr2": "지급수수료",
        "ctgr3": "지급수수료_리스료(차량)",
        "gl_nm": "지급수수료_렌탈료(차량)",
        "amount": 3.69
      },
      {
        "yyyymm": "202412",
        "ctgr2": "지급수수료",
        "ctgr3": "지급수수료_퀵서비스",
        "gl_nm": "지급수수료_퀵서비스",
        "amount": 3.38
      },
      {
        "yyyymm": "202412",
        "ctgr2": "지급수수료",
        "ctgr3": "지급수수료_기타",
        "gl_nm": "지급수수료_수출입관련",
        "amount": 2.3
      },
      {
        "yyyymm": "202412",
        "ctgr2": "지급수수료",
        "ctgr3": "지급수수료_재고조사",
        "gl_nm": "지급수수료_재고조사",
        "amount": 1.7
      },
      {
        "yyyymm": "202412",
        "ctgr2": "지급수수료",
        "ctgr3": "지급수수료_보안",
        "gl_nm": "지급수수료_보안",
        "amount": 1.45
      },
      {
        "yyyymm": "202412",
        "ctgr2": "지급수수료",
        "ctgr3": "지급수수료_리스료(차량제외)",
        "gl_nm": "지급수수료_렌탈료(차량제외)",
        "amount": 0.57
      },
      {
        "yyyymm": "202412",
        "ctgr2": "지급수수료",
        "ctgr3": "지급수수료_온라인몰운영비",
        "gl_nm": "지급수수료_온라인몰운영비",
        "amount": 0.35
      },
      {
        "yyyymm": "202412",
        "ctgr2": "지급수수료",
        "ctgr3": "지급수수료_건물유지보수비",
        "gl_nm": "지급수수료_건물유지보수비",
        "amount": 0.22
      },
      {
        "yyyymm": "202412",
        "ctgr2": "지급수수료",
        "ctgr3": "지급수수료_기타",
        "gl_nm": "지급수수료_폐기물처리",
        "amount": 0.0
      },
      {
        "yyyymm": "202412",
        "ctgr2": "지급수수료",
        "ctgr3": "지급수수료_IT유지보수비",
        "gl_nm": "지급수수료_IT유지보수비",
        "amount": 0.0
      },
      {
        "yyyymm": "202412",
        "ctgr2": "지급수수료",
        "ctgr3": "지급수수료_공사비",
        "gl_nm": "지급수수료_공사비",
        "amount": 0.0
      },
      {
        "yyyymm": "202412",
        "ctgr2": "지급수수료",
        "ctgr3": "지급수수료_기타",
        "gl_nm": "지급수수료_공증/등기",
        "amount": 0.0
      },
      {
        "yyyymm": "202501",
        "ctgr2": "지급수수료",
        "ctgr3": "지급수수료_기타",
        "gl_nm": "지급수수료_기타",
        "amount": 55.49
      },
      {
        "yyyymm": "202501",
        "ctgr2": "지급수수료",
        "ctgr3": "지급수수료_기타",
        "gl_nm": "지급수수료_수출입관련",
        "amount": 38.93
      },
      {
        "yyyymm": "202501",
        "ctgr2": "지급수수료",
        "ctgr3": "지급수수료_기타",
        "gl_nm": "지급수수료_지급용역비",
        "amount": 35.88
      },
      {
        "yyyymm": "202501",
        "ctgr2": "지급수수료",
        "ctgr3": "지급수수료_IT사용료",
        "gl_nm": "지급수수료_IT사용료",
        "amount": 9.73
      },
      {
        "yyyymm": "202501",
        "ctgr2": "지급수수료",
        "ctgr3": "지급수수료_재고조사",
        "gl_nm": "지급수수료_재고조사",
        "amount": 8.91
      },
      {
        "yyyymm": "202501",
        "ctgr2": "지급수수료",
        "ctgr3": "지급수수료_리스료(차량)",
        "gl_nm": "지급수수료_렌탈료(차량)",
        "amount": 3.69
      },
      {
        "yyyymm": "202501",
        "ctgr2": "지급수수료",
        "ctgr3": "지급수수료_인사채용",
        "gl_nm": "지급수수료_인사채용",
        "amount": 2.6
      },
      {
        "yyyymm": "202501",
        "ctgr2": "지급수수료",
        "ctgr3": "지급수수료_퀵서비스",
        "gl_nm": "지급수수료_퀵서비스",
        "amount": 2.53
      },
      {
        "yyyymm": "202501",
        "ctgr2": "지급수수료",
        "ctgr3": "지급수수료_공사비",
        "gl_nm": "지급수수료_공사비",
        "amount": 1.78
      },
      {
        "yyyymm": "202501",
        "ctgr2": "지급수수료",
        "ctgr3": "지급수수료_보안",
        "gl_nm": "지급수수료_보안",
        "amount": 1.45
      },
      {
        "yyyymm": "202501",
        "ctgr2": "지급수수료",
        "ctgr3": "지급수수료_리스료(차량제외)",
        "gl_nm": "지급수수료_렌탈료(차량제외)",
        "amount": 0.57
      },
      {
        "yyyymm": "202501",
        "ctgr2": "지급수수료",
        "ctgr3": "지급수수료_건물유지보수비",
        "gl_nm": "지급수수료_건물유지보수비",
        "amount": 0.22
      },
      {
        "yyyymm": "202501",
        "ctgr2": "지급수수료",
        "ctgr3": "지급수수료_IT유지보수비",
        "gl_nm": "지급수수료_IT유지보수비",
        "amount": 0.0
      },
      {
        "yyyymm": "202501",
        "ctgr2": "지급수수료",
        "ctgr3": "지급수수료_기타",
        "gl_nm": "지급수수료_폐기물처리",
        "amount": 0.0
      },
      {
        "yyyymm": "202501",
        "ctgr2": "지급수수료",
        "ctgr3": "지급수수료_기타",
        "gl_nm": "지급수수료_공증/등기",
        "amount": 0.0
      },
      {
        "yyyymm": "202501",
        "ctgr2": "지급수수료",
        "ctgr3": "지급수수료_교육훈련",
        "gl_nm": "지급수수료_교육훈련",
        "amount": 0.0
      },
      {
        "yyyymm": "202502",
        "ctgr2": "지급수수료",
        "ctgr3": "지급수수료_기타",
        "gl_nm": "지급수수료_기타",
        "amount": 47.97
      },
      {
        "yyyymm": "202502",
        "ctgr2": "지급수수료",
        "ctgr3": "지급수수료_기타",
        "gl_nm": "지급수수료_지급용역비",
        "amount": 37.11
      },
      {
        "yyyymm": "202502",
        "ctgr2": "지급수수료",
        "ctgr3": "지급수수료_기타",
        "gl_nm": "지급수수료_수출입관련",
        "amount": 19.95
      },
      {
        "yyyymm": "202502",
        "ctgr2": "지급수수료",
        "ctgr3": "지급수수료_IT사용료",
        "gl_nm": "지급수수료_IT사용료",
        "amount": 9.41
      },
      {
        "yyyymm": "202502",
        "ctgr2": "지급수수료",
        "ctgr3": "지급수수료_재고조사",
        "gl_nm": "지급수수료_재고조사",
        "amount": 4.7
      },
      {
        "yyyymm": "202502",
        "ctgr2": "지급수수료",
        "ctgr3": "지급수수료_리스료(차량)",
        "gl_nm": "지급수수료_렌탈료(차량)",
        "amount": 3.69
      },
      {
        "yyyymm": "202502",
        "ctgr2": "지급수수료",
        "ctgr3": "지급수수료_퀵서비스",
        "gl_nm": "지급수수료_퀵서비스",
        "amount": 1.75
      },
      {
        "yyyymm": "202502",
        "ctgr2": "지급수수료",
        "ctgr3": "지급수수료_보안",
        "gl_nm": "지급수수료_보안",
        "amount": 1.67
      },
      {
        "yyyymm": "202502",
        "ctgr2": "지급수수료",
        "ctgr3": "지급수수료_기타",
        "gl_nm": "지급수수료_공증/등기",
        "amount": 0.83
      },
      {
        "yyyymm": "202502",
        "ctgr2": "지급수수료",
        "ctgr3": "지급수수료_리스료(차량제외)",
        "gl_nm": "지급수수료_렌탈료(차량제외)",
        "amount": 0.57
      },
      {
        "yyyymm": "202502",
        "ctgr2": "지급수수료",
        "ctgr3": "지급수수료_건물유지보수비",
        "gl_nm": "지급수수료_건물유지보수비",
        "amount": 0.3
      },
      {
        "yyyymm": "202502",
        "ctgr2": "지급수수료",
        "ctgr3": "지급수수료_교육훈련",
        "gl_nm": "지급수수료_교육훈련",
        "amount": 0.0
      },
      {
        "yyyymm": "202502",
        "ctgr2": "지급수수료",
        "ctgr3": "지급수수료_공사비",
        "gl_nm": "지급수수료_공사비",
        "amount": 0.0
      },
      {
        "yyyymm": "202502",
        "ctgr2": "지급수수료",
        "ctgr3": "지급수수료_인사채용",
        "gl_nm": "지급수수료_인사채용",
        "amount": 0.0
      },
      {
        "yyyymm": "202502",
        "ctgr2": "지급수수료",
        "ctgr3": "지급수수료_IT유지보수비",
        "gl_nm": "지급수수료_IT유지보수비",
        "amount": 0.0
      },
      {
        "yyyymm": "202502",
        "ctgr2": "지급수수료",
        "ctgr3": "지급수수료_기타",
        "gl_nm": "지급수수료_폐기물처리",
        "amount": 0.0
      },
      {
        "yyyymm": "202503",
        "ctgr2": "지급수수료",
        "ctgr3": "지급수수료_기타",
        "gl_nm": "지급수수료_지급용역비",
        "amount": 45.35
      },
      {
        "yyyymm": "202503",
        "ctgr2": "지급수수료",
        "ctgr3": "지급수수료_기타",
        "gl_nm": "지급수수료_기타",
        "amount": 39.05
      },
      {
        "yyyymm": "202503",
        "ctgr2": "지급수수료",
        "ctgr3": "지급수수료_재고조사",
        "gl_nm": "지급수수료_재고조사",
        "amount": 14.45
      },
      {
        "yyyymm": "202503",
        "ctgr2": "지급수수료",
        "ctgr3": "지급수수료_기타",
        "gl_nm": "지급수수료_수출입관련",
        "amount": 10.86
      },
      {
        "yyyymm": "202503",
        "ctgr2": "지급수수료",
        "ctgr3": "지급수수료_IT사용료",
        "gl_nm": "지급수수료_IT사용료",
        "amount": 10.76
      },
      {
        "yyyymm": "202503",
        "ctgr2": "지급수수료",
        "ctgr3": "지급수수료_건물유지보수비",
        "gl_nm": "지급수수료_건물유지보수비",
        "amount": 4.0
      },
      {
        "yyyymm": "202503",
        "ctgr2": "지급수수료",
        "ctgr3": "지급수수료_리스료(차량)",
        "gl_nm": "지급수수료_렌탈료(차량)",
        "amount": 3.69
      },
      {
        "yyyymm": "202503",
        "ctgr2": "지급수수료",
        "ctgr3": "지급수수료_보안",
        "gl_nm": "지급수수료_보안",
        "amount": 1.75
      },
      {
        "yyyymm": "202503",
        "ctgr2": "지급수수료",
        "ctgr3": "지급수수료_퀵서비스",
        "gl_nm": "지급수수료_퀵서비스",
        "amount": 1.75
      },
      {
        "yyyymm": "202503",
        "ctgr2": "지급수수료",
        "ctgr3": "지급수수료_리스료(차량제외)",
        "gl_nm": "지급수수료_렌탈료(차량제외)",
        "amount": 0.57
      },
      {
        "yyyymm": "202503",
        "ctgr2": "지급수수료",
        "ctgr3": "지급수수료_공사비",
        "gl_nm": "지급수수료_공사비",
        "amount": 0.51
      },
      {
        "yyyymm": "202503",
        "ctgr2": "지급수수료",
        "ctgr3": "지급수수료_인사채용",
        "gl_nm": "지급수수료_인사채용",
        "amount": 0.0
      },
      {
        "yyyymm": "202503",
        "ctgr2": "지급수수료",
        "ctgr3": "지급수수료_기타",
        "gl_nm": "지급수수료_폐기물처리",
        "amount": 0.0
      },
      {
        "yyyymm": "202503",
        "ctgr2": "지급수수료",
        "ctgr3": "지급수수료_교육훈련",
        "gl_nm": "지급수수료_교육훈련",
        "amount": 0.0
      },
      {
        "yyyymm": "202503",
        "ctgr2": "지급수수료",
        "ctgr3": "지급수수료_기타",
        "gl_nm": "지급수수료_공증/등기",
        "amount": 0.0
      },
      {
        "yyyymm": "202503",
        "ctgr2": "지급수수료",
        "ctgr3": "지급수수료_IT유지보수비",
        "gl_nm": "지급수수료_IT유지보수비",
        "amount": 0.0
      },
      {
        "yyyymm": "202504",
        "ctgr2": "지급수수료",
        "ctgr3": "지급수수료_기타",
        "gl_nm": "지급수수료_지급용역비",
        "amount": 34.9
      },
      {
        "yyyymm": "202504",
        "ctgr2": "지급수수료",
        "ctgr3": "지급수수료_기타",
        "gl_nm": "지급수수료_기타",
        "amount": 26.3
      },
      {
        "yyyymm": "202504",
        "ctgr2": "지급수수료",
        "ctgr3": "지급수수료_인사채용",
        "gl_nm": "지급수수료_인사채용",
        "amount": 18.3
      },
      {
        "yyyymm": "202504",
        "ctgr2": "지급수수료",
        "ctgr3": "지급수수료_IT사용료",
        "gl_nm": "지급수수료_IT사용료",
        "amount": 10.98
      },
      {
        "yyyymm": "202504",
        "ctgr2": "지급수수료",
        "ctgr3": "지급수수료_기타",
        "gl_nm": "지급수수료_수출입관련",
        "amount": 7.22
      },
      {
        "yyyymm": "202504",
        "ctgr2": "지급수수료",
        "ctgr3": "지급수수료_재고조사",
        "gl_nm": "지급수수료_재고조사",
        "amount": 6.05
      },
      {
        "yyyymm": "202504",
        "ctgr2": "지급수수료",
        "ctgr3": "지급수수료_리스료(차량)",
        "gl_nm": "지급수수료_렌탈료(차량)",
        "amount": 3.69
      },
      {
        "yyyymm": "202504",
        "ctgr2": "지급수수료",
        "ctgr3": "지급수수료_퀵서비스",
        "gl_nm": "지급수수료_퀵서비스",
        "amount": 3.31
      },
      {
        "yyyymm": "202504",
        "ctgr2": "지급수수료",
        "ctgr3": "지급수수료_기타",
        "gl_nm": "지급수수료_폐기물처리",
        "amount": 3.2
      },
      {
        "yyyymm": "202504",
        "ctgr2": "지급수수료",
        "ctgr3": "지급수수료_보안",
        "gl_nm": "지급수수료_보안",
        "amount": 1.75
      },
      {
        "yyyymm": "202504",
        "ctgr2": "지급수수료",
        "ctgr3": "지급수수료_리스료(차량제외)",
        "gl_nm": "지급수수료_렌탈료(차량제외)",
        "amount": 0.57
      },
      {
        "yyyymm": "202504",
        "ctgr2": "지급수수료",
        "ctgr3": "지급수수료_건물유지보수비",
        "gl_nm": "지급수수료_건물유지보수비",
        "amount": 0.5
      },
      {
        "yyyymm": "202504",
        "ctgr2": "지급수수료",
        "ctgr3": "지급수수료_IT유지보수비",
        "gl_nm": "지급수수료_IT유지보수비",
        "amount": 0.0
      },
      {
        "yyyymm": "202504",
        "ctgr2": "지급수수료",
        "ctgr3": "지급수수료_공사비",
        "gl_nm": "지급수수료_공사비",
        "amount": 0.0
      },
      {
        "yyyymm": "202504",
        "ctgr2": "지급수수료",
        "ctgr3": "지급수수료_교육훈련",
        "gl_nm": "지급수수료_교육훈련",
        "amount": 0.0
      },
      {
        "yyyymm": "202504",
        "ctgr2": "지급수수료",
        "ctgr3": "지급수수료_기타",
        "gl_nm": "지급수수료_공증/등기",
        "amount": 0.0
      },
      {
        "yyyymm": "202505",
        "ctgr2": "지급수수료",
        "ctgr3": "지급수수료_기타",
        "gl_nm": "지급수수료_기타",
        "amount": 33.8
      },
      {
        "yyyymm": "202505",
        "ctgr2": "지급수수료",
        "ctgr3": "지급수수료_기타",
        "gl_nm": "지급수수료_지급용역비",
        "amount": 31.26
      },
      {
        "yyyymm": "202505",
        "ctgr2": "지급수수료",
        "ctgr3": "지급수수료_IT사용료",
        "gl_nm": "지급수수료_IT사용료",
        "amount": 10.92
      },
      {
        "yyyymm": "202505",
        "ctgr2": "지급수수료",
        "ctgr3": "지급수수료_재고조사",
        "gl_nm": "지급수수료_재고조사",
        "amount": 6.65
      },
      {
        "yyyymm": "202505",
        "ctgr2": "지급수수료",
        "ctgr3": "지급수수료_기타",
        "gl_nm": "지급수수료_수출입관련",
        "amount": 4.85
      },
      {
        "yyyymm": "202505",
        "ctgr2": "지급수수료",
        "ctgr3": "지급수수료_보안",
        "gl_nm": "지급수수료_보안",
        "amount": 2.25
      },
      {
        "yyyymm": "202505",
        "ctgr2": "지급수수료",
        "ctgr3": "지급수수료_퀵서비스",
        "gl_nm": "지급수수료_퀵서비스",
        "amount": 1.61
      },
      {
        "yyyymm": "202505",
        "ctgr2": "지급수수료",
        "ctgr3": "지급수수료_리스료(차량)",
        "gl_nm": "지급수수료_렌탈료(차량)",
        "amount": 1.16
      },
      {
        "yyyymm": "202505",
        "ctgr2": "지급수수료",
        "ctgr3": "지급수수료_건물유지보수비",
        "gl_nm": "지급수수료_건물유지보수비",
        "amount": 0.87
      },
      {
        "yyyymm": "202505",
        "ctgr2": "지급수수료",
        "ctgr3": "지급수수료_리스료(차량제외)",
        "gl_nm": "지급수수료_렌탈료(차량제외)",
        "amount": 0.79
      },
      {
        "yyyymm": "202505",
        "ctgr2": "지급수수료",
        "ctgr3": "지급수수료_기타",
        "gl_nm": "지급수수료_공증/등기",
        "amount": 0.0
      },
      {
        "yyyymm": "202505",
        "ctgr2": "지급수수료",
        "ctgr3": "지급수수료_교육훈련",
        "gl_nm": "지급수수료_교육훈련",
        "amount": 0.0
      },
      {
        "yyyymm": "202505",
        "ctgr2": "지급수수료",
        "ctgr3": "지급수수료_IT유지보수비",
        "gl_nm": "지급수수료_IT유지보수비",
        "amount": 0.0
      },
      {
        "yyyymm": "202505",
        "ctgr2": "지급수수료",
        "ctgr3": "지급수수료_기타",
        "gl_nm": "지급수수료_폐기물처리",
        "amount": 0.0
      },
      {
        "yyyymm": "202505",
        "ctgr2": "지급수수료",
        "ctgr3": "지급수수료_공사비",
        "gl_nm": "지급수수료_공사비",
        "amount": 0.0
      },
      {
        "yyyymm": "202505",
        "ctgr2": "지급수수료",
        "ctgr3": "지급수수료_인사채용",
        "gl_nm": "지급수수료_인사채용",
        "amount": 0.0
      },
      {
        "yyyymm": "202506",
        "ctgr2": "지급수수료",
        "ctgr3": "지급수수료_기타",
        "gl_nm": "지급수수료_지급용역비",
        "amount": 36.21
      },
      {
        "yyyymm": "202506",
        "ctgr2": "지급수수료",
        "ctgr3": "지급수수료_기타",
        "gl_nm": "지급수수료_기타",
        "amount": 26.05
      },
      {
        "yyyymm": "202506",
        "ctgr2": "지급수수료",
        "ctgr3": "지급수수료_인사채용",
        "gl_nm": "지급수수료_인사채용",
        "amount": 16.8
      },
      {
        "yyyymm": "202506",
        "ctgr2": "지급수수료",
        "ctgr3": "지급수수료_재고조사",
        "gl_nm": "지급수수료_재고조사",
        "amount": 12.9
      },
      {
        "yyyymm": "202506",
        "ctgr2": "지급수수료",
        "ctgr3": "지급수수료_IT사용료",
        "gl_nm": "지급수수료_IT사용료",
        "amount": 12.06
      },
      {
        "yyyymm": "202506",
        "ctgr2": "지급수수료",
        "ctgr3": "지급수수료_리스료(차량)",
        "gl_nm": "지급수수료_렌탈료(차량)",
        "amount": 3.58
      },
      {
        "yyyymm": "202506",
        "ctgr2": "지급수수료",
        "ctgr3": "지급수수료_공사비",
        "gl_nm": "지급수수료_공사비",
        "amount": 2.62
      },
      {
        "yyyymm": "202506",
        "ctgr2": "지급수수료",
        "ctgr3": "지급수수료_퀵서비스",
        "gl_nm": "지급수수료_퀵서비스",
        "amount": 2.58
      },
      {
        "yyyymm": "202506",
        "ctgr2": "지급수수료",
        "ctgr3": "지급수수료_보안",
        "gl_nm": "지급수수료_보안",
        "amount": 1.75
      },
      {
        "yyyymm": "202506",
        "ctgr2": "지급수수료",
        "ctgr3": "지급수수료_기타",
        "gl_nm": "지급수수료_수출입관련",
        "amount": 1.49
      },
      {
        "yyyymm": "202506",
        "ctgr2": "지급수수료",
        "ctgr3": "지급수수료_리스료(차량제외)",
        "gl_nm": "지급수수료_렌탈료(차량제외)",
        "amount": 1.07
      },
      {
        "yyyymm": "202506",
        "ctgr2": "지급수수료",
        "ctgr3": "지급수수료_건물유지보수비",
        "gl_nm": "지급수수료_건물유지보수비",
        "amount": 0.5
      },
      {
        "yyyymm": "202506",
        "ctgr2": "지급수수료",
        "ctgr3": "지급수수료_기타",
        "gl_nm": "지급수수료_폐기물처리",
        "amount": 0.0
      },
      {
        "yyyymm": "202506",
        "ctgr2": "지급수수료",
        "ctgr3": "지급수수료_기타",
        "gl_nm": "지급수수료_공증/등기",
        "amount": 0.0
      },
      {
        "yyyymm": "202506",
        "ctgr2": "지급수수료",
        "ctgr3": "지급수수료_교육훈련",
        "gl_nm": "지급수수료_교육훈련",
        "amount": 0.0
      },
      {
        "yyyymm": "202506",
        "ctgr2": "지급수수료",
        "ctgr3": "지급수수료_IT유지보수비",
        "gl_nm": "지급수수료_IT유지보수비",
        "amount": 0.0
      },
      {
        "yyyymm": "202507",
        "ctgr2": "지급수수료",
        "ctgr3": "지급수수료_기타",
        "gl_nm": "지급수수료_지급용역비",
        "amount": 47.01
      },
      {
        "yyyymm": "202507",
        "ctgr2": "지급수수료",
        "ctgr3": "지급수수료_기타",
        "gl_nm": "지급수수료_기타",
        "amount": 33.86
      },
      {
        "yyyymm": "202507",
        "ctgr2": "지급수수료",
        "ctgr3": "지급수수료_공사비",
        "gl_nm": "지급수수료_공사비",
        "amount": 19.88
      },
      {
        "yyyymm": "202507",
        "ctgr2": "지급수수료",
        "ctgr3": "지급수수료_인사채용",
        "gl_nm": "지급수수료_인사채용",
        "amount": 17.4
      },
      {
        "yyyymm": "202507",
        "ctgr2": "지급수수료",
        "ctgr3": "지급수수료_IT사용료",
        "gl_nm": "지급수수료_IT사용료",
        "amount": 14.02
      },
      {
        "yyyymm": "202507",
        "ctgr2": "지급수수료",
        "ctgr3": "지급수수료_재고조사",
        "gl_nm": "지급수수료_재고조사",
        "amount": 8.08
      },
      {
        "yyyymm": "202507",
        "ctgr2": "지급수수료",
        "ctgr3": "지급수수료_리스료(차량)",
        "gl_nm": "지급수수료_렌탈료(차량)",
        "amount": 3.91
      },
      {
        "yyyymm": "202507",
        "ctgr2": "지급수수료",
        "ctgr3": "지급수수료_IT유지보수비",
        "gl_nm": "지급수수료_IT유지보수비",
        "amount": 3.2
      },
      {
        "yyyymm": "202507",
        "ctgr2": "지급수수료",
        "ctgr3": "지급수수료_기타",
        "gl_nm": "지급수수료_수출입관련",
        "amount": 2.46
      },
      {
        "yyyymm": "202507",
        "ctgr2": "지급수수료",
        "ctgr3": "지급수수료_퀵서비스",
        "gl_nm": "지급수수료_퀵서비스",
        "amount": 2.33
      },
      {
        "yyyymm": "202507",
        "ctgr2": "지급수수료",
        "ctgr3": "지급수수료_보안",
        "gl_nm": "지급수수료_보안",
        "amount": 1.75
      },
      {
        "yyyymm": "202507",
        "ctgr2": "지급수수료",
        "ctgr3": "지급수수료_리스료(차량제외)",
        "gl_nm": "지급수수료_렌탈료(차량제외)",
        "amount": 1.41
      },
      {
        "yyyymm": "202507",
        "ctgr2": "지급수수료",
        "ctgr3": "지급수수료_건물유지보수비",
        "gl_nm": "지급수수료_건물유지보수비",
        "amount": 0.5
      },
      {
        "yyyymm": "202507",
        "ctgr2": "지급수수료",
        "ctgr3": "지급수수료_기타",
        "gl_nm": "지급수수료_공증/등기",
        "amount": 0.0
      },
      {
        "yyyymm": "202507",
        "ctgr2": "지급수수료",
        "ctgr3": "지급수수료_교육훈련",
        "gl_nm": "지급수수료_교육훈련",
        "amount": 0.0
      },
      {
        "yyyymm": "202507",
        "ctgr2": "지급수수료",
        "ctgr3": "지급수수료_기타",
        "gl_nm": "지급수수료_폐기물처리",
        "amount": 0.0
      },
      {
        "yyyymm": "202508",
        "ctgr2": "지급수수료",
        "ctgr3": "지급수수료_기타",
        "gl_nm": "지급수수료_기타",
        "amount": 60.2
      },
      {
        "yyyymm": "202508",
        "ctgr2": "지급수수료",
        "ctgr3": "지급수수료_기타",
        "gl_nm": "지급수수료_지급용역비",
        "amount": 35.3
      },
      {
        "yyyymm": "202508",
        "ctgr2": "지급수수료",
        "ctgr3": "지급수수료_IT사용료",
        "gl_nm": "지급수수료_IT사용료",
        "amount": 17.72
      },
      {
        "yyyymm": "202508",
        "ctgr2": "지급수수료",
        "ctgr3": "지급수수료_인사채용",
        "gl_nm": "지급수수료_인사채용",
        "amount": 14.42
      },
      {
        "yyyymm": "202508",
        "ctgr2": "지급수수료",
        "ctgr3": "지급수수료_기타",
        "gl_nm": "지급수수료_수출입관련",
        "amount": 4.41
      },
      {
        "yyyymm": "202508",
        "ctgr2": "지급수수료",
        "ctgr3": "지급수수료_건물유지보수비",
        "gl_nm": "지급수수료_건물유지보수비",
        "amount": 4.0
      },
      {
        "yyyymm": "202508",
        "ctgr2": "지급수수료",
        "ctgr3": "지급수수료_재고조사",
        "gl_nm": "지급수수료_재고조사",
        "amount": 3.87
      },
      {
        "yyyymm": "202508",
        "ctgr2": "지급수수료",
        "ctgr3": "지급수수료_리스료(차량)",
        "gl_nm": "지급수수료_렌탈료(차량)",
        "amount": 3.58
      },
      {
        "yyyymm": "202508",
        "ctgr2": "지급수수료",
        "ctgr3": "지급수수료_보안",
        "gl_nm": "지급수수료_보안",
        "amount": 1.75
      },
      {
        "yyyymm": "202508",
        "ctgr2": "지급수수료",
        "ctgr3": "지급수수료_퀵서비스",
        "gl_nm": "지급수수료_퀵서비스",
        "amount": 1.44
      },
      {
        "yyyymm": "202508",
        "ctgr2": "지급수수료",
        "ctgr3": "지급수수료_리스료(차량제외)",
        "gl_nm": "지급수수료_렌탈료(차량제외)",
        "amount": 1.11
      },
      {
        "yyyymm": "202508",
        "ctgr2": "지급수수료",
        "ctgr3": "지급수수료_IT유지보수비",
        "gl_nm": "지급수수료_IT유지보수비",
        "amount": 0.15
      },
      {
        "yyyymm": "202508",
        "ctgr2": "지급수수료",
        "ctgr3": "지급수수료_교육훈련",
        "gl_nm": "지급수수료_교육훈련",
        "amount": 0.06
      },
      {
        "yyyymm": "202508",
        "ctgr2": "지급수수료",
        "ctgr3": "지급수수료_기타",
        "gl_nm": "지급수수료_폐기물처리",
        "amount": 0.0
      },
      {
        "yyyymm": "202508",
        "ctgr2": "지급수수료",
        "ctgr3": "지급수수료_공사비",
        "gl_nm": "지급수수료_공사비",
        "amount": 0.0
      },
      {
        "yyyymm": "202508",
        "ctgr2": "지급수수료",
        "ctgr3": "지급수수료_기타",
        "gl_nm": "지급수수료_공증/등기",
        "amount": 0.0
      },
      {
        "yyyymm": "202509",
        "ctgr2": "지급수수료",
        "ctgr3": "지급수수료_기타",
        "gl_nm": "지급수수료_기타",
        "amount": 65.41
      },
      {
        "yyyymm": "202509",
        "ctgr2": "지급수수료",
        "ctgr3": "지급수수료_기타",
        "gl_nm": "지급수수료_지급용역비",
        "amount": 36.54
      },
      {
        "yyyymm": "202509",
        "ctgr2": "지급수수료",
        "ctgr3": "지급수수료_인사채용",
        "gl_nm": "지급수수료_인사채용",
        "amount": 35.02
      },
      {
        "yyyymm": "202509",
        "ctgr2": "지급수수료",
        "ctgr3": "지급수수료_IT사용료",
        "gl_nm": "지급수수료_IT사용료",
        "amount": 19.05
      },
      {
        "yyyymm": "202509",
        "ctgr2": "지급수수료",
        "ctgr3": "지급수수료_기타",
        "gl_nm": "지급수수료_수출입관련",
        "amount": 5.3
      },
      {
        "yyyymm": "202509",
        "ctgr2": "지급수수료",
        "ctgr3": "지급수수료_리스료(차량)",
        "gl_nm": "지급수수료_렌탈료(차량)",
        "amount": 4.22
      },
      {
        "yyyymm": "202509",
        "ctgr2": "지급수수료",
        "ctgr3": "지급수수료_퀵서비스",
        "gl_nm": "지급수수료_퀵서비스",
        "amount": 2.54
      },
      {
        "yyyymm": "202509",
        "ctgr2": "지급수수료",
        "ctgr3": "지급수수료_보안",
        "gl_nm": "지급수수료_보안",
        "amount": 1.75
      },
      {
        "yyyymm": "202509",
        "ctgr2": "지급수수료",
        "ctgr3": "지급수수료_리스료(차량제외)",
        "gl_nm": "지급수수료_렌탈료(차량제외)",
        "amount": 1.2
      },
      {
        "yyyymm": "202509",
        "ctgr2": "지급수수료",
        "ctgr3": "지급수수료_재고조사",
        "gl_nm": "지급수수료_재고조사",
        "amount": 0.82
      },
      {
        "yyyymm": "202509",
        "ctgr2": "지급수수료",
        "ctgr3": "지급수수료_건물유지보수비",
        "gl_nm": "지급수수료_건물유지보수비",
        "amount": 0.5
      },
      {
        "yyyymm": "202509",
        "ctgr2": "지급수수료",
        "ctgr3": "지급수수료_기타",
        "gl_nm": "지급수수료_폐기물처리",
        "amount": 0.0
      },
      {
        "yyyymm": "202509",
        "ctgr2": "지급수수료",
        "ctgr3": "지급수수료_IT유지보수비",
        "gl_nm": "지급수수료_IT유지보수비",
        "amount": 0.0
      },
      {
        "yyyymm": "202509",
        "ctgr2": "지급수수료",
        "ctgr3": "지급수수료_기타",
        "gl_nm": "지급수수료_공증/등기",
        "amount": 0.0
      },
      {
        "yyyymm": "202509",
        "ctgr2": "지급수수료",
        "ctgr3": "지급수수료_교육훈련",
        "gl_nm": "지급수수료_교육훈련",
        "amount": 0.0
      },
      {
        "yyyymm": "202509",
        "ctgr2": "지급수수료",
        "ctgr3": "지급수수료_공사비",
        "gl_nm": "지급수수료_공사비",
        "amount": 0.0
      },
      {
        "yyyymm": "202510",
        "ctgr2": "지급수수료",
        "ctgr3": "지급수수료_기타",
        "gl_nm": "지급수수료_지급용역비",
        "amount": 43.32
      },
      {
        "yyyymm": "202510",
        "ctgr2": "지급수수료",
        "ctgr3": "지급수수료_기타",
        "gl_nm": "지급수수료_기타",
        "amount": 34.7
      },
      {
        "yyyymm": "202510",
        "ctgr2": "지급수수료",
        "ctgr3": "지급수수료_IT사용료",
        "gl_nm": "지급수수료_IT사용료",
        "amount": 18.06
      },
      {
        "yyyymm": "202510",
        "ctgr2": "지급수수료",
        "ctgr3": "지급수수료_인사채용",
        "gl_nm": "지급수수료_인사채용",
        "amount": 13.0
      },
      {
        "yyyymm": "202510",
        "ctgr2": "지급수수료",
        "ctgr3": "지급수수료_기타",
        "gl_nm": "지급수수료_수출입관련",
        "amount": 5.62
      },
      {
        "yyyymm": "202510",
        "ctgr2": "지급수수료",
        "ctgr3": "지급수수료_리스료(차량)",
        "gl_nm": "지급수수료_렌탈료(차량)",
        "amount": 3.58
      },
      {
        "yyyymm": "202510",
        "ctgr2": "지급수수료",
        "ctgr3": "지급수수료_퀵서비스",
        "gl_nm": "지급수수료_퀵서비스",
        "amount": 2.41
      },
      {
        "yyyymm": "202510",
        "ctgr2": "지급수수료",
        "ctgr3": "지급수수료_보안",
        "gl_nm": "지급수수료_보안",
        "amount": 1.75
      },
      {
        "yyyymm": "202510",
        "ctgr2": "지급수수료",
        "ctgr3": "지급수수료_리스료(차량제외)",
        "gl_nm": "지급수수료_렌탈료(차량제외)",
        "amount": 1.04
      },
      {
        "yyyymm": "202510",
        "ctgr2": "지급수수료",
        "ctgr3": "지급수수료_공사비",
        "gl_nm": "지급수수료_공사비",
        "amount": 1.03
      },
      {
        "yyyymm": "202510",
        "ctgr2": "지급수수료",
        "ctgr3": "지급수수료_기타",
        "gl_nm": "지급수수료_폐기물처리",
        "amount": 0.8
      },
      {
        "yyyymm": "202510",
        "ctgr2": "지급수수료",
        "ctgr3": "지급수수료_건물유지보수비",
        "gl_nm": "지급수수료_건물유지보수비",
        "amount": 0.5
      },
      {
        "yyyymm": "202510",
        "ctgr2": "지급수수료",
        "ctgr3": "지급수수료_교육훈련",
        "gl_nm": "지급수수료_교육훈련",
        "amount": 0.0
      },
      {
        "yyyymm": "202510",
        "ctgr2": "지급수수료",
        "ctgr3": "지급수수료_기타",
        "gl_nm": "지급수수료_공증/등기",
        "amount": 0.0
      },
      {
        "yyyymm": "202510",
        "ctgr2": "지급수수료",
        "ctgr3": "지급수수료_재고조사",
        "gl_nm": "지급수수료_재고조사",
        "amount": 0.0
      },
      {
        "yyyymm": "202510",
        "ctgr2": "지급수수료",
        "ctgr3": "지급수수료_IT유지보수비",
        "gl_nm": "지급수수료_IT유지보수비",
        "amount": 0.0
      },
      {
        "yyyymm": "202511",
        "ctgr2": "지급수수료",
        "ctgr3": "지급수수료_기타",
        "gl_nm": "지급수수료_기타",
        "amount": 53.7
      },
      {
        "yyyymm": "202511",
        "ctgr2": "지급수수료",
        "ctgr3": "지급수수료_기타",
        "gl_nm": "지급수수료_지급용역비",
        "amount": 47.74
      },
      {
        "yyyymm": "202511",
        "ctgr2": "지급수수료",
        "ctgr3": "지급수수료_IT사용료",
        "gl_nm": "지급수수료_IT사용료",
        "amount": 17.67
      },
      {
        "yyyymm": "202511",
        "ctgr2": "지급수수료",
        "ctgr3": "지급수수료_공사비",
        "gl_nm": "지급수수료_공사비",
        "amount": 4.86
      },
      {
        "yyyymm": "202511",
        "ctgr2": "지급수수료",
        "ctgr3": "지급수수료_건물유지보수비",
        "gl_nm": "지급수수료_건물유지보수비",
        "amount": 4.0
      },
      {
        "yyyymm": "202511",
        "ctgr2": "지급수수료",
        "ctgr3": "지급수수료_리스료(차량)",
        "gl_nm": "지급수수료_렌탈료(차량)",
        "amount": 3.92
      },
      {
        "yyyymm": "202511",
        "ctgr2": "지급수수료",
        "ctgr3": "지급수수료_기타",
        "gl_nm": "지급수수료_수출입관련",
        "amount": 2.79
      },
      {
        "yyyymm": "202511",
        "ctgr2": "지급수수료",
        "ctgr3": "지급수수료_퀵서비스",
        "gl_nm": "지급수수료_퀵서비스",
        "amount": 2.44
      },
      {
        "yyyymm": "202511",
        "ctgr2": "지급수수료",
        "ctgr3": "지급수수료_보안",
        "gl_nm": "지급수수료_보안",
        "amount": 1.75
      },
      {
        "yyyymm": "202511",
        "ctgr2": "지급수수료",
        "ctgr3": "지급수수료_기타",
        "gl_nm": "지급수수료_공증/등기",
        "amount": 1.49
      },
      {
        "yyyymm": "202511",
        "ctgr2": "지급수수료",
        "ctgr3": "지급수수료_리스료(차량제외)",
        "gl_nm": "지급수수료_렌탈료(차량제외)",
        "amount": 1.13
      },
      {
        "yyyymm": "202511",
        "ctgr2": "지급수수료",
        "ctgr3": "지급수수료_인사채용",
        "gl_nm": "지급수수료_인사채용",
        "amount": 0.02
      },
      {
        "yyyymm": "202511",
        "ctgr2": "지급수수료",
        "ctgr3": "지급수수료_IT유지보수비",
        "gl_nm": "지급수수료_IT유지보수비",
        "amount": 0.0
      },
      {
        "yyyymm": "202511",
        "ctgr2": "지급수수료",
        "ctgr3": "지급수수료_기타",
        "gl_nm": "지급수수료_폐기물처리",
        "amount": 0.0
      },
      {
        "yyyymm": "202511",
        "ctgr2": "지급수수료",
        "ctgr3": "지급수수료_재고조사",
        "gl_nm": "지급수수료_재고조사",
        "amount": 0.0
      },
      {
        "yyyymm": "202511",
        "ctgr2": "지급수수료",
        "ctgr3": "지급수수료_교육훈련",
        "gl_nm": "지급수수료_교육훈련",
        "amount": 0.0
      }
    ]
  }
}