{
  "country": "KR",
  "brand_cd": "W",
  "yyyymm": "202511",
  "key": "영업비",
  "sub_key": "VMD__매장보수대",
  "analysis_data": {
    "title": "VMD/ 매장보수대 분석",
    "sections": [
      {
        "div": "종합분석-1",
        "sub_title": "투자 방향성 종합 평가",
        "ai_text": "SUPRA 브랜드의 VMD/ 매장보수대 투자가 2024년 11월 15,219백만원에서 2025년 11월 0백만원으로 전액 중단되어 극단적인 예산 축소 정책을 시행하고 있습니다. 이는 매장 운영 전략의 근본적 변화 또는 예산 배분 우선순위의 대폭 조정을 의미하며, 브랜드의 매장 내 고객 경험과 시각적 머천다이징 품질에 직접적인 영향을 미칠 것으로 예상됩니다."
      },
      {
        "div": "종합분석-2",
        "sub_title": "효율적 투자 영역",
        "ai_text": "• 비용 절감 효과: VMD/ 매장보수대 전액 중단으로 15,219백만원의 직접적인 비용 절감 달성\n• 예산 재배분 기회: 절감된 예산을 디지털 마케팅이나 온라인 채널 강화 등 더 효율적인 영역으로 전환 가능\n• 운영 효율성 개선: 매장보수대 지급 프로세스 간소화로 관리 업무 효율성 향상"
      },
      {
        "div": "종합분석-3",
        "sub_title": "주의 필요 영역",
        "ai_text": "• 매장 VMD 품질 저하 위험: VMD소모품 11,429백만원 전액 중단으로 매장 내 디스플레이 및 시각적 요소 품질 하락 우려\n• 매장보수대 지급 중단: 3,790백만원 매장보수대 미지급으로 인한 매장 직원 동기부여 저하 및 서비스 품질 악화 가능성\n• 브랜드 이미지 일관성 훼손: 매장별 VMD 표준화 미흡으로 브랜드 아이덴티티 통일성 저해 위험"
      },
      {
        "div": "종합분석-4",
        "sub_title": "이상징후 및 리스크 감지",
        "ai_text": "• 급격한 투자 중단의 배경 불분명: 전년 대비 100% 감소는 일반적인 예산 조정 범위를 초과하여 경영상 특별한 사유나 전략적 판단이 있었을 것으로 추정\n• 매장 운영 연속성 위험: VMD 소모품 공급 중단으로 기존 매장의 정상적인 디스플레이 유지 및 업데이트 불가능\n• 경쟁력 약화 우려: 타 브랜드 대비 매장 내 고객 경험 품질 격차 확대로 시장 경쟁력 저하 가능성\n• 매장 파트너십 관계 악화: 매장보수대 지급 중단으로 인한 매장 운영진과의 관계 손상 및 협력 의지 저하"
      },
      {
        "div": "종합분석-5",
        "sub_title": "마케팅 전략 최적화 방안",
        "ai_text": "### 즉시 실행 방안\n1. 핵심 매장 선별 투자: 매출 기여도 상위 30% 매장에 대해서만 선택적 VMD 지원으로 효율성 극대화\n2. 디지털 VMD 도구 도입: 태블릿 기반 디지털 사이니지로 물리적 소모품 대체 및 업데이트 비용 절감\n3. 매장 자체 역량 강화: 매장 직원 VMD 교육 프로그램 운영으로 외부 의존도 감소\n\n### 중장기 전략 방향\n1. 옴니채널 통합 전략: 오프라인 매장을 온라인 연계 거점으로 전환하여 VMD 투자 효율성 제고\n2. 파트너십 모델 재구축: 성과 기반 매장보수대 지급 체계로 전환하여 투자 대비 효과 극대화\n3. 브랜드 경험 혁신: AR/VR 기술 활용한 차세대 매장 경험 구축으로 물리적 VMD 한계 극복"
      }
    ]
  },
  "ctgr1": "VMD/ 매장보수대",
  "summary": {
    "prev_year_total": 15.22,
    "curr_year_total": 0.0,
    "change_amount": -15.22,
    "change_pct": -100.0,
    "investment_direction": "축소"
  },
  "categories": [
    {
      "ctgr2": "VMD/ 매장보수대",
      "ctgr3": "소모품비_VMD소모품",
      "gl_nm": "소모품비_VMD소모품",
      "prev_year": 11.43,
      "curr_year": 0.0,
      "change": -11.43,
      "change_pct": -100.0,
      "is_new": false,
      "is_discontinued": true
    },
    {
      "ctgr2": "VMD/ 매장보수대",
      "ctgr3": "지급수수료_매장보수대",
      "gl_nm": "지급수수료_매장보수대",
      "prev_year": 3.79,
      "curr_year": 0.0,
      "change": -3.79,
      "change_pct": -100.0,
      "is_new": false,
      "is_discontinued": true
    }
  ],
  "category_summary": {
    "increased": [],
    "decreased": [
      {
        "ctgr2": "VMD/ 매장보수대",
        "ctgr3": "소모품비_VMD소모품",
        "gl_nm": "소모품비_VMD소모품",
        "prev_year": 11.43,
        "curr_year": 0.0,
        "change": -11.43,
        "change_pct": -100.0,
        "is_new": false,
        "is_discontinued": true
      },
      {
        "ctgr2": "VMD/ 매장보수대",
        "ctgr3": "지급수수료_매장보수대",
        "gl_nm": "지급수수료_매장보수대",
        "prev_year": 3.79,
        "curr_year": 0.0,
        "change": -3.79,
        "change_pct": -100.0,
        "is_new": false,
        "is_discontinued": true
      }
    ],
    "new_investments": [],
    "discontinued": [
      {
        "ctgr2": "VMD/ 매장보수대",
        "ctgr3": "소모품비_VMD소모품",
        "gl_nm": "소모품비_VMD소모품",
        "prev_year": 11.43,
        "curr_year": 0.0,
        "change": -11.43,
        "change_pct": -100.0,
        "is_new": false,
        "is_discontinued": true
      },
      {
        "ctgr2": "VMD/ 매장보수대",
        "ctgr3": "지급수수료_매장보수대",
        "gl_nm": "지급수수료_매장보수대",
        "prev_year": 3.79,
        "curr_year": 0.0,
        "change": -3.79,
        "change_pct": -100.0,
        "is_new": false,
        "is_discontinued": true
      }
    ]
  },
  "raw_data": {
    "total_records": [
      {
        "PST_YYYYMM": "202411",
        "TOTAL_AMT": 15219388.0
      },
      {
        "PST_YYYYMM": "202511",
        "TOTAL_AMT": 0.0
      }
    ],
    "detail_records": [
      {
        "PST_YYYYMM": "202411",
        "BRD_CD": "W",
        "BRD_NM": "SUPRA",
        "CTGR1": "VMD/ 매장보수대",
        "CTGR2": "VMD/ 매장보수대",
        "CTGR3": "소모품비_VMD소모품",
        "GL_NM": "소모품비_VMD소모품",
        "TTL_USE_AMT": 11429388.0
      },
      {
        "PST_YYYYMM": "202411",
        "BRD_CD": "W",
        "BRD_NM": "SUPRA",
        "CTGR1": "VMD/ 매장보수대",
        "CTGR2": "VMD/ 매장보수대",
        "CTGR3": "지급수수료_매장보수대",
        "GL_NM": "지급수수료_매장보수대",
        "TTL_USE_AMT": 3790000.0
      },
      {
        "PST_YYYYMM": "202511",
        "BRD_CD": "W",
        "BRD_NM": "SUPRA",
        "CTGR1": "VMD/ 매장보수대",
        "CTGR2": "VMD/ 매장보수대",
        "CTGR3": "소모품비_VMD소모품",
        "GL_NM": "소모품비_VMD소모품",
        "TTL_USE_AMT": 0.0
      },
      {
        "PST_YYYYMM": "202511",
        "BRD_CD": "W",
        "BRD_NM": "SUPRA",
        "CTGR1": "VMD/ 매장보수대",
        "CTGR2": "VMD/ 매장보수대",
        "CTGR3": "지급수수료_매장보수대",
        "GL_NM": "지급수수료_매장보수대",
        "TTL_USE_AMT": 0.0
      }
    ]
  },
  "trend_data": {
    "trend_months": [
      "202412",
      "202501",
      "202502",
      "202503",
      "202504",
      "202505",
      "202506",
      "202507",
      "202508",
      "202509",
      "202510",
      "202511"
    ],
    "monthly_totals": [
      {
        "yyyymm": "202412",
        "total_amount": 6.01
      },
      {
        "yyyymm": "202501",
        "total_amount": 14.6
      },
      {
        "yyyymm": "202502",
        "total_amount": 2.12
      },
      {
        "yyyymm": "202503",
        "total_amount": 3.44
      },
      {
        "yyyymm": "202504",
        "total_amount": 2.19
      },
      {
        "yyyymm": "202505",
        "total_amount": 8.95
      },
      {
        "yyyymm": "202506",
        "total_amount": 9.74
      },
      {
        "yyyymm": "202507",
        "total_amount": 0.25
      },
      {
        "yyyymm": "202508",
        "total_amount": 40.8
      },
      {
        "yyyymm": "202509",
        "total_amount": 0.0
      },
      {
        "yyyymm": "202510",
        "total_amount": 0.0
      },
      {
        "yyyymm": "202511",
        "total_amount": 0.0
      }
    ],
    "monthly_details": [
      {
        "yyyymm": "202412",
        "ctgr2": "VMD/ 매장보수대",
        "ctgr3": "소모품비_VMD소모품",
        "gl_nm": "소모품비_VMD소모품",
        "amount": 4.11
      },
      {
        "yyyymm": "202412",
        "ctgr2": "VMD/ 매장보수대",
        "ctgr3": "지급수수료_매장보수대",
        "gl_nm": "지급수수료_매장보수대",
        "amount": 1.9
      },
      {
        "yyyymm": "202501",
        "ctgr2": "VMD/ 매장보수대",
        "ctgr3": "지급수수료_매장보수대",
        "gl_nm": "지급수수료_매장보수대",
        "amount": 14.48
      },
      {
        "yyyymm": "202501",
        "ctgr2": "VMD/ 매장보수대",
        "ctgr3": "소모품비_VMD소모품",
        "gl_nm": "소모품비_VMD소모품",
        "amount": 0.12
      },
      {
        "yyyymm": "202502",
        "ctgr2": "VMD/ 매장보수대",
        "ctgr3": "지급수수료_매장보수대",
        "gl_nm": "지급수수료_매장보수대",
        "amount": 1.8
      },
      {
        "yyyymm": "202502",
        "ctgr2": "VMD/ 매장보수대",
        "ctgr3": "소모품비_VMD소모품",
        "gl_nm": "소모품비_VMD소모품",
        "amount": 0.32
      },
      {
        "yyyymm": "202503",
        "ctgr2": "VMD/ 매장보수대",
        "ctgr3": "소모품비_VMD소모품",
        "gl_nm": "소모품비_VMD소모품",
        "amount": 2.54
      },
      {
        "yyyymm": "202503",
        "ctgr2": "VMD/ 매장보수대",
        "ctgr3": "지급수수료_매장보수대",
        "gl_nm": "지급수수료_매장보수대",
        "amount": 0.9
      },
      {
        "yyyymm": "202504",
        "ctgr2": "VMD/ 매장보수대",
        "ctgr3": "소모품비_VMD소모품",
        "gl_nm": "소모품비_VMD소모품",
        "amount": 2.19
      },
      {
        "yyyymm": "202504",
        "ctgr2": "VMD/ 매장보수대",
        "ctgr3": "지급수수료_매장보수대",
        "gl_nm": "지급수수료_매장보수대",
        "amount": 0.0
      },
      {
        "yyyymm": "202505",
        "ctgr2": "VMD/ 매장보수대",
        "ctgr3": "소모품비_VMD소모품",
        "gl_nm": "소모품비_VMD소모품",
        "amount": 4.51
      },
      {
        "yyyymm": "202505",
        "ctgr2": "VMD/ 매장보수대",
        "ctgr3": "지급수수료_매장보수대",
        "gl_nm": "지급수수료_매장보수대",
        "amount": 4.44
      },
      {
        "yyyymm": "202506",
        "ctgr2": "VMD/ 매장보수대",
        "ctgr3": "지급수수료_매장보수대",
        "gl_nm": "지급수수료_매장보수대",
        "amount": 9.74
      },
      {
        "yyyymm": "202506",
        "ctgr2": "VMD/ 매장보수대",
        "ctgr3": "소모품비_VMD소모품",
        "gl_nm": "소모품비_VMD소모품",
        "amount": 0.0
      },
      {
        "yyyymm": "202507",
        "ctgr2": "VMD/ 매장보수대",
        "ctgr3": "지급수수료_매장보수대",
        "gl_nm": "지급수수료_매장보수대",
        "amount": 0.25
      },
      {
        "yyyymm": "202507",
        "ctgr2": "VMD/ 매장보수대",
        "ctgr3": "소모품비_VMD소모품",
        "gl_nm": "소모품비_VMD소모품",
        "amount": 0.0
      },
      {
        "yyyymm": "202508",
        "ctgr2": "VMD/ 매장보수대",
        "ctgr3": "지급수수료_매장보수대",
        "gl_nm": "지급수수료_매장보수대",
        "amount": 40.8
      },
      {
        "yyyymm": "202508",
        "ctgr2": "VMD/ 매장보수대",
        "ctgr3": "소모품비_VMD소모품",
        "gl_nm": "소모품비_VMD소모품",
        "amount": 0.0
      },
      {
        "yyyymm": "202509",
        "ctgr2": "VMD/ 매장보수대",
        "ctgr3": "지급수수료_매장보수대",
        "gl_nm": "지급수수료_매장보수대",
        "amount": 0.0
      },
      {
        "yyyymm": "202509",
        "ctgr2": "VMD/ 매장보수대",
        "ctgr3": "소모품비_VMD소모품",
        "gl_nm": "소모품비_VMD소모품",
        "amount": 0.0
      },
      {
        "yyyymm": "202510",
        "ctgr2": "VMD/ 매장보수대",
        "ctgr3": "소모품비_VMD소모품",
        "gl_nm": "소모품비_VMD소모품",
        "amount": 0.0
      },
      {
        "yyyymm": "202510",
        "ctgr2": "VMD/ 매장보수대",
        "ctgr3": "지급수수료_매장보수대",
        "gl_nm": "지급수수료_매장보수대",
        "amount": 0.0
      },
      {
        "yyyymm": "202511",
        "ctgr2": "VMD/ 매장보수대",
        "ctgr3": "지급수수료_매장보수대",
        "gl_nm": "지급수수료_매장보수대",
        "amount": 0.0
      },
      {
        "yyyymm": "202511",
        "ctgr2": "VMD/ 매장보수대",
        "ctgr3": "소모품비_VMD소모품",
        "gl_nm": "소모품비_VMD소모품",
        "amount": 0.0
      }
    ]
  }
}