{
  "country": "KR",
  "brand_cd": "V",
  "brand_name": "DUVETICA",
  "yyyymm": "202410",
  "yyyymm_py": "202310",
  "key": "월별아이템별매출추세",
  "analysis_data": {
    "title": "아이템별 매출 종합분석 (당해 1월~현재월)",
    "sections": [
      {
        "div": "종합분석-1",
        "sub_title": "시즌 트렌드",
        "ai_text": "• 24F 의류는 8-10월 본격 시즌 진입으로 1,071백만원 매출을 기록하며 10월 단월 530백만원으로 급성장세를 보임\n• 24S 의류는 3-5월 피크 시즌에 834백만원 매출을 집중시키며 총 1,612백만원 달성 후 9-10월 급격한 감소세 진입\n• 과시즌 의류는 전체 매출의 62.5%인 5,461백만원으로 최대 비중을 차지하며, 9-10월 2,232백만원으로 하반기 강세 지속"
      },
      {
        "div": "종합분석-2",
        "sub_title": "카테고리",
        "ai_text": "• 모자는 월평균 12백만원 수준의 안정적 매출을 유지하며 총 117백만원으로 전년대비 151.5% 성장한 꾸준한 성장 카테고리\n• 신발은 1월 62백만원에서 점진적 감소하여 267백만원 총매출을 기록했으나 10월 40백만원으로 회복세 조짐을 보임\n• 가방은 월평균 18백만원의 안정적 매출 패턴으로 182백만원을 달성하며 전년대비 336.4% 급성장한 핵심 성장 동력"
      },
      {
        "div": "종합분석-3",
        "sub_title": "핵심액션",
        "ai_text": "• 과시즌 의류의 높은 매출 비중(62.5%)을 활용하여 연중 판매 가능한 베이직 아이템 라인업 확대 및 재고 최적화 전략 수립\n• 가방 카테고리의 336.4% 성장률을 기반으로 프리미엄 가방 라인 확장 및 계절별 컬렉션 강화를 통한 매출 극대화 추진\n• 24F 시즌 10월 급성장(530백만원) 모멘텀을 활용하여 11-12월 겨울 성수기 대비 아우터 중심의 집중 마케팅 및 재고 확보 전략 실행"
      }
    ]
  },
  "summary": {
    "total_sales": 8733.0,
    "unique_months": 10,
    "analysis_period": "2024년 01월 ~ 2024년 10월"
  },
  "season_items": [
    {
      "name": "과시즌 의류",
      "total_sales": 5461.0,
      "months": {
        "01": 861.0,
        "02": 437.0,
        "03": 393.0,
        "04": 400.0,
        "05": 226.0,
        "06": 166.0,
        "07": 328.0,
        "08": 418.0,
        "09": 1036.0,
        "10": 1196.0
      },
      "avg_ratio": 58.9,
      "avg_yoy": 234.5
    },
    {
      "name": "24S 의류",
      "total_sales": 1612.0,
      "months": {
        "01": 85.0,
        "02": 196.0,
        "03": 318.0,
        "04": 258.0,
        "05": 258.0,
        "06": 171.0,
        "07": 101.0,
        "08": 127.0,
        "09": 61.0,
        "10": 37.0
      },
      "avg_ratio": 23.7,
      "avg_yoy": 267.6
    },
    {
      "name": "24F 의류",
      "total_sales": 1071.0,
      "months": {
        "04": 0.0,
        "05": 64.0,
        "06": 62.0,
        "07": 65.0,
        "08": 86.0,
        "09": 264.0,
        "10": 530.0
      },
      "avg_ratio": 14.0,
      "avg_yoy": 108.0
    }
  ],
  "category_items": [
    {
      "name": "신발",
      "total_sales": 267.0,
      "months": {
        "01": 62.0,
        "02": 25.0,
        "03": 33.0,
        "04": 19.0,
        "05": 19.0,
        "06": 20.0,
        "07": 22.0,
        "08": 16.0,
        "09": 11.0,
        "10": 40.0
      },
      "avg_ratio": 3.4,
      "avg_yoy": 0.0
    },
    {
      "name": "가방",
      "total_sales": 182.0,
      "months": {
        "01": 15.0,
        "02": 11.0,
        "03": 17.0,
        "04": 22.0,
        "05": 14.0,
        "06": 14.0,
        "07": 19.0,
        "08": 25.0,
        "09": 18.0,
        "10": 27.0
      },
      "avg_ratio": 2.2,
      "avg_yoy": 336.4
    },
    {
      "name": "모자",
      "total_sales": 117.0,
      "months": {
        "01": 8.0,
        "02": 8.0,
        "03": 10.0,
        "04": 14.0,
        "05": 13.0,
        "06": 13.0,
        "07": 13.0,
        "08": 13.0,
        "09": 10.0,
        "10": 15.0
      },
      "avg_ratio": 1.6,
      "avg_yoy": 151.5
    },
    {
      "name": "기타ACC",
      "total_sales": 21.0,
      "months": {
        "01": 4.0,
        "02": 1.0,
        "03": 1.0,
        "04": 3.0,
        "05": 1.0,
        "06": 1.0,
        "07": 2.0,
        "08": 3.0,
        "09": 2.0,
        "10": 3.0
      },
      "avg_ratio": 0.0,
      "avg_yoy": 131.1
    }
  ],
  "raw_data": {
    "sample_records": [
      {
        "MONTH": "01",
        "CHNL_NM": "전체",
        "SALE_AMT": 1034.0,
        "RATIO": 100.0,
        "YOY": 93.0,
        "SEQ": 1
      },
      {
        "MONTH": "01",
        "CHNL_NM": "백화점",
        "SALE_AMT": 506.0,
        "RATIO": 49.0,
        "YOY": 97.0,
        "SEQ": 2
      },
      {
        "MONTH": "01",
        "CHNL_NM": "직영기타",
        "SALE_AMT": 83.0,
        "RATIO": 8.0,
        "YOY": 142.0,
        "SEQ": 2
      },
      {
        "MONTH": "01",
        "CHNL_NM": "제휴몰",
        "SALE_AMT": 79.0,
        "RATIO": 8.0,
        "YOY": 254.0,
        "SEQ": 2
      },
      {
        "MONTH": "01",
        "CHNL_NM": "자사몰",
        "SALE_AMT": 79.0,
        "RATIO": 8.0,
        "YOY": 890.0,
        "SEQ": 2
      },
      {
        "MONTH": "01",
        "CHNL_NM": "아울렛",
        "SALE_AMT": 287.0,
        "RATIO": 28.0,
        "YOY": 59.0,
        "SEQ": 2
      },
      {
        "MONTH": "01",
        "CHNL_NM": "24S 의류",
        "SALE_AMT": 85.0,
        "RATIO": 8.0,
        "YOY": 1061.0,
        "SEQ": 3
      },
      {
        "MONTH": "01",
        "CHNL_NM": "과시즌 의류",
        "SALE_AMT": 861.0,
        "RATIO": 83.0,
        "YOY": 79.0,
        "SEQ": 3
      },
      {
        "MONTH": "01",
        "CHNL_NM": "모자",
        "SALE_AMT": 8.0,
        "RATIO": 1.0,
        "YOY": 185.0,
        "SEQ": 3
      },
      {
        "MONTH": "01",
        "CHNL_NM": "신발",
        "SALE_AMT": 62.0,
        "RATIO": 6.0,
        "YOY": 0.0,
        "SEQ": 3
      },
      {
        "MONTH": "01",
        "CHNL_NM": "가방",
        "SALE_AMT": 15.0,
        "RATIO": 1.0,
        "YOY": 431.0,
        "SEQ": 3
      },
      {
        "MONTH": "01",
        "CHNL_NM": "기타ACC",
        "SALE_AMT": 4.0,
        "RATIO": 0.0,
        "YOY": 116.0,
        "SEQ": 3
      },
      {
        "MONTH": "02",
        "CHNL_NM": "전체",
        "SALE_AMT": 678.0,
        "RATIO": 100.0,
        "YOY": 120.0,
        "SEQ": 1
      },
      {
        "MONTH": "02",
        "CHNL_NM": "백화점",
        "SALE_AMT": 279.0,
        "RATIO": 41.0,
        "YOY": 129.0,
        "SEQ": 2
      },
      {
        "MONTH": "02",
        "CHNL_NM": "직영기타",
        "SALE_AMT": 96.0,
        "RATIO": 14.0,
        "YOY": 378.0,
        "SEQ": 2
      },
      {
        "MONTH": "02",
        "CHNL_NM": "제휴몰",
        "SALE_AMT": 74.0,
        "RATIO": 11.0,
        "YOY": 541.0,
        "SEQ": 2
      },
      {
        "MONTH": "02",
        "CHNL_NM": "자사몰",
        "SALE_AMT": 36.0,
        "RATIO": 5.0,
        "YOY": 780.0,
        "SEQ": 2
      },
      {
        "MONTH": "02",
        "CHNL_NM": "아울렛",
        "SALE_AMT": 194.0,
        "RATIO": 29.0,
        "YOY": 63.0,
        "SEQ": 2
      },
      {
        "MONTH": "02",
        "CHNL_NM": "24S 의류",
        "SALE_AMT": 196.0,
        "RATIO": 29.0,
        "YOY": 212.0,
        "SEQ": 3
      },
      {
        "MONTH": "02",
        "CHNL_NM": "과시즌 의류",
        "SALE_AMT": 437.0,
        "RATIO": 64.0,
        "YOY": 94.0,
        "SEQ": 3
      },
      {
        "MONTH": "02",
        "CHNL_NM": "모자",
        "SALE_AMT": 8.0,
        "RATIO": 1.0,
        "YOY": 171.0,
        "SEQ": 3
      },
      {
        "MONTH": "02",
        "CHNL_NM": "신발",
        "SALE_AMT": 25.0,
        "RATIO": 4.0,
        "YOY": 0.0,
        "SEQ": 3
      },
      {
        "MONTH": "02",
        "CHNL_NM": "가방",
        "SALE_AMT": 11.0,
        "RATIO": 2.0,
        "YOY": 280.0,
        "SEQ": 3
      },
      {
        "MONTH": "02",
        "CHNL_NM": "기타ACC",
        "SALE_AMT": 1.0,
        "RATIO": 0.0,
        "YOY": 75.0,
        "SEQ": 3
      },
      {
        "MONTH": "03",
        "CHNL_NM": "전체",
        "SALE_AMT": 771.0,
        "RATIO": 100.0,
        "YOY": 244.0,
        "SEQ": 1
      },
      {
        "MONTH": "03",
        "CHNL_NM": "백화점",
        "SALE_AMT": 311.0,
        "RATIO": 40.0,
        "YOY": 205.0,
        "SEQ": 2
      },
      {
        "MONTH": "03",
        "CHNL_NM": "직영기타",
        "SALE_AMT": 85.0,
        "RATIO": 11.0,
        "YOY": 283.0,
        "SEQ": 2
      },
      {
        "MONTH": "03",
        "CHNL_NM": "제휴몰",
        "SALE_AMT": 81.0,
        "RATIO": 10.0,
        "YOY": 636.0,
        "SEQ": 2
      },
      {
        "MONTH": "03",
        "CHNL_NM": "자사몰",
        "SALE_AMT": 64.0,
        "RATIO": 8.0,
        "YOY": 423.0,
        "SEQ": 2
      },
      {
        "MONTH": "03",
        "CHNL_NM": "아울렛",
        "SALE_AMT": 230.0,
        "RATIO": 30.0,
        "YOY": 217.0,
        "SEQ": 2
      },
      {
        "MONTH": "03",
        "CHNL_NM": "24S 의류",
        "SALE_AMT": 318.0,
        "RATIO": 41.0,
        "YOY": 215.0,
        "SEQ": 3
      },
      {
        "MONTH": "03",
        "CHNL_NM": "과시즌 의류",
        "SALE_AMT": 393.0,
        "RATIO": 51.0,
        "YOY": 253.0,
        "SEQ": 3
      },
      {
        "MONTH": "03",
        "CHNL_NM": "모자",
        "SALE_AMT": 10.0,
        "RATIO": 1.0,
        "YOY": 143.0,
        "SEQ": 3
      },
      {
        "MONTH": "03",
        "CHNL_NM": "신발",
        "SALE_AMT": 33.0,
        "RATIO": 4.0,
        "YOY": 0.0,
        "SEQ": 3
      },
      {
        "MONTH": "03",
        "CHNL_NM": "가방",
        "SALE_AMT": 17.0,
        "RATIO": 2.0,
        "YOY": 320.0,
        "SEQ": 3
      },
      {
        "MONTH": "03",
        "CHNL_NM": "기타ACC",
        "SALE_AMT": 1.0,
        "RATIO": 0.0,
        "YOY": 102.0,
        "SEQ": 3
      },
      {
        "MONTH": "04",
        "CHNL_NM": "전체",
        "SALE_AMT": 716.0,
        "RATIO": 100.0,
        "YOY": 161.0,
        "SEQ": 1
      },
      {
        "MONTH": "04",
        "CHNL_NM": "백화점",
        "SALE_AMT": 301.0,
        "RATIO": 42.0,
        "YOY": 189.0,
        "SEQ": 2
      },
      {
        "MONTH": "04",
        "CHNL_NM": "직영기타",
        "SALE_AMT": 82.0,
        "RATIO": 11.0,
        "YOY": 359.0,
        "SEQ": 2
      },
      {
        "MONTH": "04",
        "CHNL_NM": "제휴몰",
        "SALE_AMT": 94.0,
        "RATIO": 13.0,
        "YOY": 633.0,
        "SEQ": 2
      },
      {
        "MONTH": "04",
        "CHNL_NM": "자사몰",
        "SALE_AMT": 48.0,
        "RATIO": 7.0,
        "YOY": 111.0,
        "SEQ": 2
      },
      {
        "MONTH": "04",
        "CHNL_NM": "아울렛",
        "SALE_AMT": 190.0,
        "RATIO": 27.0,
        "YOY": 93.0,
        "SEQ": 2
      },
      {
        "MONTH": "04",
        "CHNL_NM": "24F 의류",
        "SALE_AMT": 0.0,
        "RATIO": 0.0,
        "YOY": 0.0,
        "SEQ": 3
      },
      {
        "MONTH": "04",
        "CHNL_NM": "24S 의류",
        "SALE_AMT": 258.0,
        "RATIO": 36.0,
        "YOY": 111.0,
        "SEQ": 3
      },
      {
        "MONTH": "04",
        "CHNL_NM": "과시즌 의류",
        "SALE_AMT": 400.0,
        "RATIO": 56.0,
        "YOY": 211.0,
        "SEQ": 3
      },
      {
        "MONTH": "04",
        "CHNL_NM": "모자",
        "SALE_AMT": 14.0,
        "RATIO": 2.0,
        "YOY": 126.0,
        "SEQ": 3
      },
      {
        "MONTH": "04",
        "CHNL_NM": "신발",
        "SALE_AMT": 19.0,
        "RATIO": 3.0,
        "YOY": 0.0,
        "SEQ": 3
      },
      {
        "MONTH": "04",
        "CHNL_NM": "가방",
        "SALE_AMT": 22.0,
        "RATIO": 3.0,
        "YOY": 239.0,
        "SEQ": 3
      },
      {
        "MONTH": "04",
        "CHNL_NM": "기타ACC",
        "SALE_AMT": 3.0,
        "RATIO": 0.0,
        "YOY": 115.0,
        "SEQ": 3
      },
      {
        "MONTH": "05",
        "CHNL_NM": "전체",
        "SALE_AMT": 596.0,
        "RATIO": 100.0,
        "YOY": 196.0,
        "SEQ": 1
      },
      {
        "MONTH": "05",
        "CHNL_NM": "백화점",
        "SALE_AMT": 293.0,
        "RATIO": 49.0,
        "YOY": 289.0,
        "SEQ": 2
      },
      {
        "MONTH": "05",
        "CHNL_NM": "직영기타",
        "SALE_AMT": 63.0,
        "RATIO": 11.0,
        "YOY": 818.0,
        "SEQ": 2
      },
      {
        "MONTH": "05",
        "CHNL_NM": "제휴몰",
        "SALE_AMT": 58.0,
        "RATIO": 10.0,
        "YOY": 223.0,
        "SEQ": 2
      },
      {
        "MONTH": "05",
        "CHNL_NM": "자사몰",
        "SALE_AMT": 42.0,
        "RATIO": 7.0,
        "YOY": 236.0,
        "SEQ": 2
      },
      {
        "MONTH": "05",
        "CHNL_NM": "아울렛",
        "SALE_AMT": 141.0,
        "RATIO": 24.0,
        "YOY": 93.0,
        "SEQ": 2
      },
      {
        "MONTH": "05",
        "CHNL_NM": "24F 의류",
        "SALE_AMT": 64.0,
        "RATIO": 11.0,
        "YOY": 0.0,
        "SEQ": 3
      },
      {
        "MONTH": "05",
        "CHNL_NM": "24S 의류",
        "SALE_AMT": 258.0,
        "RATIO": 43.0,
        "YOY": 167.0,
        "SEQ": 3
      },
      {
        "MONTH": "05",
        "CHNL_NM": "과시즌 의류",
        "SALE_AMT": 226.0,
        "RATIO": 38.0,
        "YOY": 186.0,
        "SEQ": 3
      },
      {
        "MONTH": "05",
        "CHNL_NM": "모자",
        "SALE_AMT": 13.0,
        "RATIO": 2.0,
        "YOY": 84.0,
        "SEQ": 3
      },
      {
        "MONTH": "05",
        "CHNL_NM": "신발",
        "SALE_AMT": 19.0,
        "RATIO": 3.0,
        "YOY": 0.0,
        "SEQ": 3
      },
      {
        "MONTH": "05",
        "CHNL_NM": "가방",
        "SALE_AMT": 14.0,
        "RATIO": 2.0,
        "YOY": 148.0,
        "SEQ": 3
      },
      {
        "MONTH": "05",
        "CHNL_NM": "기타ACC",
        "SALE_AMT": 1.0,
        "RATIO": 0.0,
        "YOY": 71.0,
        "SEQ": 3
      },
      {
        "MONTH": "06",
        "CHNL_NM": "전체",
        "SALE_AMT": 448.0,
        "RATIO": 100.0,
        "YOY": 187.0,
        "SEQ": 1
      },
      {
        "MONTH": "06",
        "CHNL_NM": "백화점",
        "SALE_AMT": 246.0,
        "RATIO": 55.0,
        "YOY": 176.0,
        "SEQ": 2
      },
      {
        "MONTH": "06",
        "CHNL_NM": "직영기타",
        "SALE_AMT": 40.0,
        "RATIO": 9.0,
        "YOY": 984.0,
        "SEQ": 2
      },
      {
        "MONTH": "06",
        "CHNL_NM": "제휴몰",
        "SALE_AMT": 47.0,
        "RATIO": 10.0,
        "YOY": 530.0,
        "SEQ": 2
      },
      {
        "MONTH": "06",
        "CHNL_NM": "자사몰",
        "SALE_AMT": 34.0,
        "RATIO": 8.0,
        "YOY": 174.0,
        "SEQ": 2
      },
      {
        "MONTH": "06",
        "CHNL_NM": "아울렛",
        "SALE_AMT": 82.0,
        "RATIO": 18.0,
        "YOY": 120.0,
        "SEQ": 2
      },
      {
        "MONTH": "06",
        "CHNL_NM": "24F 의류",
        "SALE_AMT": 62.0,
        "RATIO": 14.0,
        "YOY": 0.0,
        "SEQ": 3
      },
      {
        "MONTH": "06",
        "CHNL_NM": "24S 의류",
        "SALE_AMT": 171.0,
        "RATIO": 38.0,
        "YOY": 235.0,
        "SEQ": 3
      },
      {
        "MONTH": "06",
        "CHNL_NM": "과시즌 의류",
        "SALE_AMT": 166.0,
        "RATIO": 37.0,
        "YOY": 111.0,
        "SEQ": 3
      },
      {
        "MONTH": "06",
        "CHNL_NM": "모자",
        "SALE_AMT": 13.0,
        "RATIO": 3.0,
        "YOY": 152.0,
        "SEQ": 3
      },
      {
        "MONTH": "06",
        "CHNL_NM": "신발",
        "SALE_AMT": 20.0,
        "RATIO": 5.0,
        "YOY": 0.0,
        "SEQ": 3
      },
      {
        "MONTH": "06",
        "CHNL_NM": "가방",
        "SALE_AMT": 14.0,
        "RATIO": 3.0,
        "YOY": 182.0,
        "SEQ": 3
      },
      {
        "MONTH": "06",
        "CHNL_NM": "기타ACC",
        "SALE_AMT": 1.0,
        "RATIO": 0.0,
        "YOY": 101.0,
        "SEQ": 3
      },
      {
        "MONTH": "07",
        "CHNL_NM": "전체",
        "SALE_AMT": 549.0,
        "RATIO": 100.0,
        "YOY": 302.0,
        "SEQ": 1
      },
      {
        "MONTH": "07",
        "CHNL_NM": "백화점",
        "SALE_AMT": 257.0,
        "RATIO": 47.0,
        "YOY": 370.0,
        "SEQ": 2
      },
      {
        "MONTH": "07",
        "CHNL_NM": "직영기타",
        "SALE_AMT": 31.0,
        "RATIO": 6.0,
        "YOY": 242.0,
        "SEQ": 2
      },
      {
        "MONTH": "07",
        "CHNL_NM": "제휴몰",
        "SALE_AMT": 94.0,
        "RATIO": 17.0,
        "YOY": 1708.0,
        "SEQ": 2
      },
      {
        "MONTH": "07",
        "CHNL_NM": "자사몰",
        "SALE_AMT": 37.0,
        "RATIO": 7.0,
        "YOY": 159.0,
        "SEQ": 2
      },
      {
        "MONTH": "07",
        "CHNL_NM": "아울렛",
        "SALE_AMT": 130.0,
        "RATIO": 24.0,
        "YOY": 183.0,
        "SEQ": 2
      },
      {
        "MONTH": "07",
        "CHNL_NM": "24F 의류",
        "SALE_AMT": 65.0,
        "RATIO": 12.0,
        "YOY": 0.0,
        "SEQ": 3
      },
      {
        "MONTH": "07",
        "CHNL_NM": "24S 의류",
        "SALE_AMT": 101.0,
        "RATIO": 18.0,
        "YOY": 119.0,
        "SEQ": 3
      },
      {
        "MONTH": "07",
        "CHNL_NM": "과시즌 의류",
        "SALE_AMT": 328.0,
        "RATIO": 60.0,
        "YOY": 402.0,
        "SEQ": 3
      },
      {
        "MONTH": "07",
        "CHNL_NM": "모자",
        "SALE_AMT": 13.0,
        "RATIO": 2.0,
        "YOY": 208.0,
        "SEQ": 3
      },
      {
        "MONTH": "07",
        "CHNL_NM": "신발",
        "SALE_AMT": 22.0,
        "RATIO": 4.0,
        "YOY": 0.0,
        "SEQ": 3
      },
      {
        "MONTH": "07",
        "CHNL_NM": "가방",
        "SALE_AMT": 19.0,
        "RATIO": 3.0,
        "YOY": 223.0,
        "SEQ": 3
      },
      {
        "MONTH": "07",
        "CHNL_NM": "기타ACC",
        "SALE_AMT": 2.0,
        "RATIO": 0.0,
        "YOY": 156.0,
        "SEQ": 3
      },
      {
        "MONTH": "08",
        "CHNL_NM": "전체",
        "SALE_AMT": 688.0,
        "RATIO": 100.0,
        "YOY": 352.0,
        "SEQ": 1
      },
      {
        "MONTH": "08",
        "CHNL_NM": "백화점",
        "SALE_AMT": 192.0,
        "RATIO": 28.0,
        "YOY": 326.0,
        "SEQ": 2
      },
      {
        "MONTH": "08",
        "CHNL_NM": "직영기타",
        "SALE_AMT": 33.0,
        "RATIO": 5.0,
        "YOY": 202.0,
        "SEQ": 2
      },
      {
        "MONTH": "08",
        "CHNL_NM": "제휴몰",
        "SALE_AMT": 108.0,
        "RATIO": 16.0,
        "YOY": 1170.0,
        "SEQ": 2
      },
      {
        "MONTH": "08",
        "CHNL_NM": "자사몰",
        "SALE_AMT": 53.0,
        "RATIO": 8.0,
        "YOY": 405.0,
        "SEQ": 2
      },
      {
        "MONTH": "08",
        "CHNL_NM": "아울렛",
        "SALE_AMT": 302.0,
        "RATIO": 44.0,
        "YOY": 308.0,
        "SEQ": 2
      },
      {
        "MONTH": "08",
        "CHNL_NM": "24F 의류",
        "SALE_AMT": 86.0,
        "RATIO": 13.0,
        "YOY": 476.0,
        "SEQ": 3
      },
      {
        "MONTH": "08",
        "CHNL_NM": "24S 의류",
        "SALE_AMT": 127.0,
        "RATIO": 18.0,
        "YOY": 239.0,
        "SEQ": 3
      },
      {
        "MONTH": "08",
        "CHNL_NM": "과시즌 의류",
        "SALE_AMT": 418.0,
        "RATIO": 61.0,
        "YOY": 366.0,
        "SEQ": 3
      },
      {
        "MONTH": "08",
        "CHNL_NM": "모자",
        "SALE_AMT": 13.0,
        "RATIO": 2.0,
        "YOY": 223.0,
        "SEQ": 3
      },
      {
        "MONTH": "08",
        "CHNL_NM": "신발",
        "SALE_AMT": 16.0,
        "RATIO": 2.0,
        "YOY": 0.0,
        "SEQ": 3
      },
      {
        "MONTH": "08",
        "CHNL_NM": "가방",
        "SALE_AMT": 25.0,
        "RATIO": 4.0,
        "YOY": 761.0,
        "SEQ": 3
      }
    ],
    "total_records_count": 128
  }
}