{
  "country": "KR",
  "brand_cd": "W",
  "brand_name": "SUPRA",
  "yyyymm": "202409",
  "yyyymm_py": "202309",
  "key": "월별아이템별재고추세",
  "analysis_data": {
    "title": "아이템별 재고 종합분석 (당해 1월~현재월)",
    "sections": [
      {
        "div": "종합분석-1",
        "sub_title": "조기경보",
        "ai_text": "• 2024년 1월 첫 재고 입고 후 지속적 증가 추세\n• 9월 15,152백만원으로 최대 재고액 기록\n• 1월比 39.1% 증가로 재고 관리 악화"
      },
      {
        "div": "종합분석-2",
        "sub_title": "긍정신호",
        "ai_text": "• 4-6월 기간 중 재고 소폭 감소 확인\n• 12,729백만원 → 12,460백만원으로 269백만원 감소\n• 봄 시즌 효과적 재고 소화 성과"
      },
      {
        "div": "종합분석-3",
        "sub_title": "인사이트",
        "ai_text": "• 총재고 9월 15,152백만원 기준\n• 6월 저점 후 하반기 반등 가속화\n• 하반기 재고 증가로 연말 재고 관리 주의 필요"
      }
    ]
  },
  "summary": {
    "total_stock": 116311.84,
    "unique_months": 18,
    "unique_items": 8,
    "analysis_period": "2024년 01월 ~ 2024년 09월"
  },
  "monthly_totals": [
    {
      "yyyymm": "202301",
      "total_stock": 0.0
    },
    {
      "yyyymm": "202302",
      "total_stock": 0.0
    },
    {
      "yyyymm": "202303",
      "total_stock": 0.0
    },
    {
      "yyyymm": "202304",
      "total_stock": 0.0
    },
    {
      "yyyymm": "202305",
      "total_stock": 0.0
    },
    {
      "yyyymm": "202306",
      "total_stock": 0.0
    },
    {
      "yyyymm": "202307",
      "total_stock": 0.0
    },
    {
      "yyyymm": "202308",
      "total_stock": 0.0
    },
    {
      "yyyymm": "202309",
      "total_stock": 0.0
    },
    {
      "yyyymm": "202401",
      "total_stock": 10897.01
    },
    {
      "yyyymm": "202402",
      "total_stock": 11942.18
    },
    {
      "yyyymm": "202403",
      "total_stock": 12722.87
    },
    {
      "yyyymm": "202404",
      "total_stock": 12729.08
    },
    {
      "yyyymm": "202405",
      "total_stock": 12624.77
    },
    {
      "yyyymm": "202406",
      "total_stock": 12459.86
    },
    {
      "yyyymm": "202407",
      "total_stock": 13407.86
    },
    {
      "yyyymm": "202408",
      "total_stock": 14376.02
    },
    {
      "yyyymm": "202409",
      "total_stock": 15152.2
    }
  ],
  "early_warning_items": [],
  "positive_signal_items": [],
  "insights": {
    "final_month_total": 15152.2,
    "decreasing_months_count": 2,
    "increasing_months_count": 7,
    "min_month": "202301",
    "min_stock": 0.0
  },
  "raw_data": {
    "sample_records": [
      {
        "YYYYMM": "202301",
        "ITEM_STD": "24S 의류",
        "CY_END_STOCK_TAG_AMT": 0.0,
        "PY_END_STOCK_TAG_AMT": 273357000.0,
        "YOY": 0.0
      },
      {
        "YYYYMM": "202301",
        "ITEM_STD": "가방",
        "CY_END_STOCK_TAG_AMT": 0.0,
        "PY_END_STOCK_TAG_AMT": 72103000.0,
        "YOY": 0.0
      },
      {
        "YYYYMM": "202301",
        "ITEM_STD": "과시즌 의류",
        "CY_END_STOCK_TAG_AMT": 0.0,
        "PY_END_STOCK_TAG_AMT": 3067706000.0,
        "YOY": 0.0
      },
      {
        "YYYYMM": "202301",
        "ITEM_STD": "기타ACC",
        "CY_END_STOCK_TAG_AMT": 0.0,
        "PY_END_STOCK_TAG_AMT": 36091200.0,
        "YOY": 0.0
      },
      {
        "YYYYMM": "202301",
        "ITEM_STD": "모자",
        "CY_END_STOCK_TAG_AMT": 0.0,
        "PY_END_STOCK_TAG_AMT": 116959000.0,
        "YOY": 0.0
      },
      {
        "YYYYMM": "202301",
        "ITEM_STD": "신발",
        "CY_END_STOCK_TAG_AMT": 0.0,
        "PY_END_STOCK_TAG_AMT": 0.0,
        "YOY": 0.0
      },
      {
        "YYYYMM": "202302",
        "ITEM_STD": "24S 의류",
        "CY_END_STOCK_TAG_AMT": 0.0,
        "PY_END_STOCK_TAG_AMT": 1918185000.0,
        "YOY": 0.0
      },
      {
        "YYYYMM": "202302",
        "ITEM_STD": "가방",
        "CY_END_STOCK_TAG_AMT": 0.0,
        "PY_END_STOCK_TAG_AMT": 72054000.0,
        "YOY": 0.0
      },
      {
        "YYYYMM": "202302",
        "ITEM_STD": "과시즌 의류",
        "CY_END_STOCK_TAG_AMT": 0.0,
        "PY_END_STOCK_TAG_AMT": 3063144000.0,
        "YOY": 0.0
      },
      {
        "YYYYMM": "202302",
        "ITEM_STD": "기타ACC",
        "CY_END_STOCK_TAG_AMT": 0.0,
        "PY_END_STOCK_TAG_AMT": 36091200.0,
        "YOY": 0.0
      },
      {
        "YYYYMM": "202302",
        "ITEM_STD": "모자",
        "CY_END_STOCK_TAG_AMT": 0.0,
        "PY_END_STOCK_TAG_AMT": 139969000.0,
        "YOY": 0.0
      },
      {
        "YYYYMM": "202302",
        "ITEM_STD": "신발",
        "CY_END_STOCK_TAG_AMT": 0.0,
        "PY_END_STOCK_TAG_AMT": 0.0,
        "YOY": 0.0
      },
      {
        "YYYYMM": "202303",
        "ITEM_STD": "24S 의류",
        "CY_END_STOCK_TAG_AMT": 0.0,
        "PY_END_STOCK_TAG_AMT": 2555327000.0,
        "YOY": 0.0
      },
      {
        "YYYYMM": "202303",
        "ITEM_STD": "가방",
        "CY_END_STOCK_TAG_AMT": 0.0,
        "PY_END_STOCK_TAG_AMT": 71907000.0,
        "YOY": 0.0
      },
      {
        "YYYYMM": "202303",
        "ITEM_STD": "과시즌 의류",
        "CY_END_STOCK_TAG_AMT": 0.0,
        "PY_END_STOCK_TAG_AMT": 3033354000.0,
        "YOY": 0.0
      },
      {
        "YYYYMM": "202303",
        "ITEM_STD": "기타ACC",
        "CY_END_STOCK_TAG_AMT": 0.0,
        "PY_END_STOCK_TAG_AMT": 102811200.0,
        "YOY": 0.0
      },
      {
        "YYYYMM": "202303",
        "ITEM_STD": "모자",
        "CY_END_STOCK_TAG_AMT": 0.0,
        "PY_END_STOCK_TAG_AMT": 252010000.0,
        "YOY": 0.0
      },
      {
        "YYYYMM": "202303",
        "ITEM_STD": "신발",
        "CY_END_STOCK_TAG_AMT": 0.0,
        "PY_END_STOCK_TAG_AMT": 323244000.0,
        "YOY": 0.0
      },
      {
        "YYYYMM": "202304",
        "ITEM_STD": "24S 의류",
        "CY_END_STOCK_TAG_AMT": 0.0,
        "PY_END_STOCK_TAG_AMT": 2545194000.0,
        "YOY": 0.0
      },
      {
        "YYYYMM": "202304",
        "ITEM_STD": "가방",
        "CY_END_STOCK_TAG_AMT": 0.0,
        "PY_END_STOCK_TAG_AMT": 71907000.0,
        "YOY": 0.0
      },
      {
        "YYYYMM": "202304",
        "ITEM_STD": "과시즌 의류",
        "CY_END_STOCK_TAG_AMT": 0.0,
        "PY_END_STOCK_TAG_AMT": 3031283000.0,
        "YOY": 0.0
      },
      {
        "YYYYMM": "202304",
        "ITEM_STD": "기타ACC",
        "CY_END_STOCK_TAG_AMT": 0.0,
        "PY_END_STOCK_TAG_AMT": 102755600.0,
        "YOY": 0.0
      },
      {
        "YYYYMM": "202304",
        "ITEM_STD": "모자",
        "CY_END_STOCK_TAG_AMT": 0.0,
        "PY_END_STOCK_TAG_AMT": 655113000.0,
        "YOY": 0.0
      },
      {
        "YYYYMM": "202304",
        "ITEM_STD": "신발",
        "CY_END_STOCK_TAG_AMT": 0.0,
        "PY_END_STOCK_TAG_AMT": 502605000.0,
        "YOY": 0.0
      },
      {
        "YYYYMM": "202305",
        "ITEM_STD": "24S 의류",
        "CY_END_STOCK_TAG_AMT": 0.0,
        "PY_END_STOCK_TAG_AMT": 2532175000.0,
        "YOY": 0.0
      },
      {
        "YYYYMM": "202305",
        "ITEM_STD": "가방",
        "CY_END_STOCK_TAG_AMT": 0.0,
        "PY_END_STOCK_TAG_AMT": 71760000.0,
        "YOY": 0.0
      },
      {
        "YYYYMM": "202305",
        "ITEM_STD": "과시즌 의류",
        "CY_END_STOCK_TAG_AMT": 0.0,
        "PY_END_STOCK_TAG_AMT": 3017195000.0,
        "YOY": 0.0
      },
      {
        "YYYYMM": "202305",
        "ITEM_STD": "기타ACC",
        "CY_END_STOCK_TAG_AMT": 0.0,
        "PY_END_STOCK_TAG_AMT": 102479800.0,
        "YOY": 0.0
      },
      {
        "YYYYMM": "202305",
        "ITEM_STD": "모자",
        "CY_END_STOCK_TAG_AMT": 0.0,
        "PY_END_STOCK_TAG_AMT": 654505000.0,
        "YOY": 0.0
      },
      {
        "YYYYMM": "202305",
        "ITEM_STD": "신발",
        "CY_END_STOCK_TAG_AMT": 0.0,
        "PY_END_STOCK_TAG_AMT": 1099410000.0,
        "YOY": 0.0
      },
      {
        "YYYYMM": "202306",
        "ITEM_STD": "24S 의류",
        "CY_END_STOCK_TAG_AMT": 0.0,
        "PY_END_STOCK_TAG_AMT": 2498902000.0,
        "YOY": 0.0
      },
      {
        "YYYYMM": "202306",
        "ITEM_STD": "가방",
        "CY_END_STOCK_TAG_AMT": 0.0,
        "PY_END_STOCK_TAG_AMT": 71760000.0,
        "YOY": 0.0
      },
      {
        "YYYYMM": "202306",
        "ITEM_STD": "과시즌 의류",
        "CY_END_STOCK_TAG_AMT": 0.0,
        "PY_END_STOCK_TAG_AMT": 2984925000.0,
        "YOY": 0.0
      },
      {
        "YYYYMM": "202306",
        "ITEM_STD": "기타ACC",
        "CY_END_STOCK_TAG_AMT": 0.0,
        "PY_END_STOCK_TAG_AMT": 98958200.0,
        "YOY": 0.0
      },
      {
        "YYYYMM": "202306",
        "ITEM_STD": "모자",
        "CY_END_STOCK_TAG_AMT": 0.0,
        "PY_END_STOCK_TAG_AMT": 653698000.0,
        "YOY": 0.0
      },
      {
        "YYYYMM": "202306",
        "ITEM_STD": "신발",
        "CY_END_STOCK_TAG_AMT": 0.0,
        "PY_END_STOCK_TAG_AMT": 1692474000.0,
        "YOY": 0.0
      },
      {
        "YYYYMM": "202307",
        "ITEM_STD": "24F 의류",
        "CY_END_STOCK_TAG_AMT": 0.0,
        "PY_END_STOCK_TAG_AMT": 0.0,
        "YOY": 0.0
      },
      {
        "YYYYMM": "202307",
        "ITEM_STD": "24S 의류",
        "CY_END_STOCK_TAG_AMT": 0.0,
        "PY_END_STOCK_TAG_AMT": 2413433000.0,
        "YOY": 0.0
      },
      {
        "YYYYMM": "202307",
        "ITEM_STD": "가방",
        "CY_END_STOCK_TAG_AMT": 0.0,
        "PY_END_STOCK_TAG_AMT": 70985000.0,
        "YOY": 0.0
      },
      {
        "YYYYMM": "202307",
        "ITEM_STD": "과시즌 의류",
        "CY_END_STOCK_TAG_AMT": 0.0,
        "PY_END_STOCK_TAG_AMT": 2931115000.0,
        "YOY": 0.0
      },
      {
        "YYYYMM": "202307",
        "ITEM_STD": "기타ACC",
        "CY_END_STOCK_TAG_AMT": 0.0,
        "PY_END_STOCK_TAG_AMT": 98127200.0,
        "YOY": 0.0
      },
      {
        "YYYYMM": "202307",
        "ITEM_STD": "모자",
        "CY_END_STOCK_TAG_AMT": 0.0,
        "PY_END_STOCK_TAG_AMT": 643276000.0,
        "YOY": 0.0
      },
      {
        "YYYYMM": "202307",
        "ITEM_STD": "신발",
        "CY_END_STOCK_TAG_AMT": 0.0,
        "PY_END_STOCK_TAG_AMT": 1627914000.0,
        "YOY": 0.0
      },
      {
        "YYYYMM": "202308",
        "ITEM_STD": "24F 의류",
        "CY_END_STOCK_TAG_AMT": 0.0,
        "PY_END_STOCK_TAG_AMT": 50260000.0,
        "YOY": 0.0
      },
      {
        "YYYYMM": "202308",
        "ITEM_STD": "24S 의류",
        "CY_END_STOCK_TAG_AMT": 0.0,
        "PY_END_STOCK_TAG_AMT": 1433468000.0,
        "YOY": 0.0
      },
      {
        "YYYYMM": "202308",
        "ITEM_STD": "가방",
        "CY_END_STOCK_TAG_AMT": 0.0,
        "PY_END_STOCK_TAG_AMT": 70985000.0,
        "YOY": 0.0
      },
      {
        "YYYYMM": "202308",
        "ITEM_STD": "과시즌 의류",
        "CY_END_STOCK_TAG_AMT": 0.0,
        "PY_END_STOCK_TAG_AMT": 1838195000.0,
        "YOY": 0.0
      },
      {
        "YYYYMM": "202308",
        "ITEM_STD": "기타ACC",
        "CY_END_STOCK_TAG_AMT": 0.0,
        "PY_END_STOCK_TAG_AMT": 162033300.0,
        "YOY": 0.0
      },
      {
        "YYYYMM": "202308",
        "ITEM_STD": "모자",
        "CY_END_STOCK_TAG_AMT": 0.0,
        "PY_END_STOCK_TAG_AMT": 641741000.0,
        "YOY": 0.0
      },
      {
        "YYYYMM": "202308",
        "ITEM_STD": "신발",
        "CY_END_STOCK_TAG_AMT": 0.0,
        "PY_END_STOCK_TAG_AMT": 1605627000.0,
        "YOY": 0.0
      },
      {
        "YYYYMM": "202309",
        "ITEM_STD": "24F 의류",
        "CY_END_STOCK_TAG_AMT": 0.0,
        "PY_END_STOCK_TAG_AMT": 3425148000.0,
        "YOY": 0.0
      },
      {
        "YYYYMM": "202309",
        "ITEM_STD": "24S 의류",
        "CY_END_STOCK_TAG_AMT": 0.0,
        "PY_END_STOCK_TAG_AMT": 1340315000.0,
        "YOY": 0.0
      },
      {
        "YYYYMM": "202309",
        "ITEM_STD": "가방",
        "CY_END_STOCK_TAG_AMT": 0.0,
        "PY_END_STOCK_TAG_AMT": 612906000.0,
        "YOY": 0.0
      },
      {
        "YYYYMM": "202309",
        "ITEM_STD": "과시즌 의류",
        "CY_END_STOCK_TAG_AMT": 0.0,
        "PY_END_STOCK_TAG_AMT": 1807120000.0,
        "YOY": 0.0
      },
      {
        "YYYYMM": "202309",
        "ITEM_STD": "기타ACC",
        "CY_END_STOCK_TAG_AMT": 0.0,
        "PY_END_STOCK_TAG_AMT": 150394100.0,
        "YOY": 0.0
      },
      {
        "YYYYMM": "202309",
        "ITEM_STD": "모자",
        "CY_END_STOCK_TAG_AMT": 0.0,
        "PY_END_STOCK_TAG_AMT": 849142000.0,
        "YOY": 0.0
      },
      {
        "YYYYMM": "202309",
        "ITEM_STD": "신발",
        "CY_END_STOCK_TAG_AMT": 0.0,
        "PY_END_STOCK_TAG_AMT": 4189322000.0,
        "YOY": 0.0
      },
      {
        "YYYYMM": "202401",
        "ITEM_STD": "24S 의류",
        "CY_END_STOCK_TAG_AMT": 421783000.0,
        "PY_END_STOCK_TAG_AMT": 0.0,
        "YOY": 0.0
      },
      {
        "YYYYMM": "202401",
        "ITEM_STD": "가방",
        "CY_END_STOCK_TAG_AMT": 935010000.0,
        "PY_END_STOCK_TAG_AMT": 0.0,
        "YOY": 0.0
      },
      {
        "YYYYMM": "202401",
        "ITEM_STD": "과시즌 의류",
        "CY_END_STOCK_TAG_AMT": 6431260000.0,
        "PY_END_STOCK_TAG_AMT": 0.0,
        "YOY": 0.0
      },
      {
        "YYYYMM": "202401",
        "ITEM_STD": "기타ACC",
        "CY_END_STOCK_TAG_AMT": 152180200.0,
        "PY_END_STOCK_TAG_AMT": 0.0,
        "YOY": 0.0
      },
      {
        "YYYYMM": "202401",
        "ITEM_STD": "모자",
        "CY_END_STOCK_TAG_AMT": 951201000.0,
        "PY_END_STOCK_TAG_AMT": 0.0,
        "YOY": 0.0
      },
      {
        "YYYYMM": "202401",
        "ITEM_STD": "신발",
        "CY_END_STOCK_TAG_AMT": 2005576000.0,
        "PY_END_STOCK_TAG_AMT": 0.0,
        "YOY": 0.0
      },
      {
        "YYYYMM": "202402",
        "ITEM_STD": "24S 의류",
        "CY_END_STOCK_TAG_AMT": 1200849000.0,
        "PY_END_STOCK_TAG_AMT": 0.0,
        "YOY": 0.0
      },
      {
        "YYYYMM": "202402",
        "ITEM_STD": "가방",
        "CY_END_STOCK_TAG_AMT": 928105000.0,
        "PY_END_STOCK_TAG_AMT": 0.0,
        "YOY": 0.0
      },
      {
        "YYYYMM": "202402",
        "ITEM_STD": "과시즌 의류",
        "CY_END_STOCK_TAG_AMT": 6355309000.0,
        "PY_END_STOCK_TAG_AMT": 0.0,
        "YOY": 0.0
      },
      {
        "YYYYMM": "202402",
        "ITEM_STD": "기타ACC",
        "CY_END_STOCK_TAG_AMT": 151572300.0,
        "PY_END_STOCK_TAG_AMT": 0.0,
        "YOY": 0.0
      },
      {
        "YYYYMM": "202402",
        "ITEM_STD": "모자",
        "CY_END_STOCK_TAG_AMT": 1041057000.0,
        "PY_END_STOCK_TAG_AMT": 0.0,
        "YOY": 0.0
      },
      {
        "YYYYMM": "202402",
        "ITEM_STD": "신발",
        "CY_END_STOCK_TAG_AMT": 2265286000.0,
        "PY_END_STOCK_TAG_AMT": 0.0,
        "YOY": 0.0
      },
      {
        "YYYYMM": "202403",
        "ITEM_STD": "24F 의류",
        "CY_END_STOCK_TAG_AMT": 0.0,
        "PY_END_STOCK_TAG_AMT": 0.0,
        "YOY": 0.0
      },
      {
        "YYYYMM": "202403",
        "ITEM_STD": "24S 의류",
        "CY_END_STOCK_TAG_AMT": 2091451000.0,
        "PY_END_STOCK_TAG_AMT": 0.0,
        "YOY": 0.0
      },
      {
        "YYYYMM": "202403",
        "ITEM_STD": "가방",
        "CY_END_STOCK_TAG_AMT": 900714000.0,
        "PY_END_STOCK_TAG_AMT": 0.0,
        "YOY": 0.0
      },
      {
        "YYYYMM": "202403",
        "ITEM_STD": "과시즌 의류",
        "CY_END_STOCK_TAG_AMT": 6296715000.0,
        "PY_END_STOCK_TAG_AMT": 0.0,
        "YOY": 0.0
      },
      {
        "YYYYMM": "202403",
        "ITEM_STD": "기타ACC",
        "CY_END_STOCK_TAG_AMT": 103809300.0,
        "PY_END_STOCK_TAG_AMT": 0.0,
        "YOY": 0.0
      },
      {
        "YYYYMM": "202403",
        "ITEM_STD": "모자",
        "CY_END_STOCK_TAG_AMT": 1068025000.0,
        "PY_END_STOCK_TAG_AMT": 0.0,
        "YOY": 0.0
      },
      {
        "YYYYMM": "202403",
        "ITEM_STD": "신발",
        "CY_END_STOCK_TAG_AMT": 2262151000.0,
        "PY_END_STOCK_TAG_AMT": 0.0,
        "YOY": 0.0
      },
      {
        "YYYYMM": "202404",
        "ITEM_STD": "24F 의류",
        "CY_END_STOCK_TAG_AMT": 147245000.0,
        "PY_END_STOCK_TAG_AMT": 0.0,
        "YOY": 0.0
      },
      {
        "YYYYMM": "202404",
        "ITEM_STD": "24S 의류",
        "CY_END_STOCK_TAG_AMT": 2275130000.0,
        "PY_END_STOCK_TAG_AMT": 0.0,
        "YOY": 0.0
      },
      {
        "YYYYMM": "202404",
        "ITEM_STD": "가방",
        "CY_END_STOCK_TAG_AMT": 888392000.0,
        "PY_END_STOCK_TAG_AMT": 0.0,
        "YOY": 0.0
      },
      {
        "YYYYMM": "202404",
        "ITEM_STD": "과시즌 의류",
        "CY_END_STOCK_TAG_AMT": 6228480000.0,
        "PY_END_STOCK_TAG_AMT": 0.0,
        "YOY": 0.0
      },
      {
        "YYYYMM": "202404",
        "ITEM_STD": "기타ACC",
        "CY_END_STOCK_TAG_AMT": 102651000.0,
        "PY_END_STOCK_TAG_AMT": 0.0,
        "YOY": 0.0
      },
      {
        "YYYYMM": "202404",
        "ITEM_STD": "모자",
        "CY_END_STOCK_TAG_AMT": 1062532000.0,
        "PY_END_STOCK_TAG_AMT": 0.0,
        "YOY": 0.0
      },
      {
        "YYYYMM": "202404",
        "ITEM_STD": "신발",
        "CY_END_STOCK_TAG_AMT": 2024647000.0,
        "PY_END_STOCK_TAG_AMT": 0.0,
        "YOY": 0.0
      },
      {
        "YYYYMM": "202405",
        "ITEM_STD": "24F 의류",
        "CY_END_STOCK_TAG_AMT": 126665000.0,
        "PY_END_STOCK_TAG_AMT": 0.0,
        "YOY": 0.0
      },
      {
        "YYYYMM": "202405",
        "ITEM_STD": "24S 의류",
        "CY_END_STOCK_TAG_AMT": 2079439000.0,
        "PY_END_STOCK_TAG_AMT": 0.0,
        "YOY": 0.0
      },
      {
        "YYYYMM": "202405",
        "ITEM_STD": "가방",
        "CY_END_STOCK_TAG_AMT": 875842000.0,
        "PY_END_STOCK_TAG_AMT": 0.0,
        "YOY": 0.0
      },
      {
        "YYYYMM": "202405",
        "ITEM_STD": "과시즌 의류",
        "CY_END_STOCK_TAG_AMT": 6126767000.0,
        "PY_END_STOCK_TAG_AMT": 0.0,
        "YOY": 0.0
      },
      {
        "YYYYMM": "202405",
        "ITEM_STD": "기타ACC",
        "CY_END_STOCK_TAG_AMT": 99980700.0,
        "PY_END_STOCK_TAG_AMT": 0.0,
        "YOY": 0.0
      },
      {
        "YYYYMM": "202405",
        "ITEM_STD": "모자",
        "CY_END_STOCK_TAG_AMT": 1050019000.0,
        "PY_END_STOCK_TAG_AMT": 0.0,
        "YOY": 0.0
      },
      {
        "YYYYMM": "202405",
        "ITEM_STD": "신발",
        "CY_END_STOCK_TAG_AMT": 2266061000.0,
        "PY_END_STOCK_TAG_AMT": 0.0,
        "YOY": 0.0
      },
      {
        "YYYYMM": "202406",
        "ITEM_STD": "24F 의류",
        "CY_END_STOCK_TAG_AMT": 113190000.0,
        "PY_END_STOCK_TAG_AMT": 0.0,
        "YOY": 0.0
      },
      {
        "YYYYMM": "202406",
        "ITEM_STD": "24S 의류",
        "CY_END_STOCK_TAG_AMT": 1923745000.0,
        "PY_END_STOCK_TAG_AMT": 0.0,
        "YOY": 0.0
      },
      {
        "YYYYMM": "202406",
        "ITEM_STD": "가방",
        "CY_END_STOCK_TAG_AMT": 868242000.0,
        "PY_END_STOCK_TAG_AMT": 0.0,
        "YOY": 0.0
      },
      {
        "YYYYMM": "202406",
        "ITEM_STD": "과시즌 의류",
        "CY_END_STOCK_TAG_AMT": 6115985000.0,
        "PY_END_STOCK_TAG_AMT": 0.0,
        "YOY": 0.0
      },
      {
        "YYYYMM": "202406",
        "ITEM_STD": "기타ACC",
        "CY_END_STOCK_TAG_AMT": 98636500.0,
        "PY_END_STOCK_TAG_AMT": 0.0,
        "YOY": 0.0
      },
      {
        "YYYYMM": "202406",
        "ITEM_STD": "모자",
        "CY_END_STOCK_TAG_AMT": 1034842000.0,
        "PY_END_STOCK_TAG_AMT": 0.0,
        "YOY": 0.0
      },
      {
        "YYYYMM": "202406",
        "ITEM_STD": "신발",
        "CY_END_STOCK_TAG_AMT": 2305217000.0,
        "PY_END_STOCK_TAG_AMT": 0.0,
        "YOY": 0.0
      },
      {
        "YYYYMM": "202407",
        "ITEM_STD": "24F 의류",
        "CY_END_STOCK_TAG_AMT": 942916000.0,
        "PY_END_STOCK_TAG_AMT": 0.0,
        "YOY": 0.0
      },
      {
        "YYYYMM": "202407",
        "ITEM_STD": "24S 의류",
        "CY_END_STOCK_TAG_AMT": 1813282000.0,
        "PY_END_STOCK_TAG_AMT": 0.0,
        "YOY": 0.0
      },
      {
        "YYYYMM": "202407",
        "ITEM_STD": "가방",
        "CY_END_STOCK_TAG_AMT": 926527000.0,
        "PY_END_STOCK_TAG_AMT": 0.0,
        "YOY": 0.0
      }
    ],
    "total_records_count": 120
  }
}