{
  "country": "KR",
  "brand_cd": "I",
  "yyyymm": "202408",
  "key": "영업비",
  "sub_key": "광고선전비",
  "analysis_data": {
    "title": "광고선전비 분석",
    "sections": [
      {
        "div": "종합분석-1",
        "sub_title": "투자 방향성 종합 평가",
        "ai_text": "MLB KIDS 브랜드의 광고선전비는 2023년 8월 205백만원에서 2024년 8월 208백만원으로 1.7% 소폭 증가하였으나, 투자 포트폴리오는 디지털 중심으로 전면 재편되었습니다. 온라인 매체집행이 70백만원에서 108백만원으로 53.5% 대폭 증가한 반면, E-BIZ 매체광고는 39백만원에서 8백만원으로 80.5% 급감하여 온라인 마케팅의 통합 운영 전략이 명확히 나타납니다. 콘텐츠제작비는 65백만원에서 58백만원으로 10.6% 절감하여 제작 효율성을 높이는 동시에, 신규 물류 관련 예산 12백만원을 투입하여 고객 경험 개선에 집중하고 있습니다."
      },
      {
        "div": "종합분석-2",
        "sub_title": "효율적 투자 영역",
        "ai_text": "• 온라인 매체집행 확대: 70백만원→108백만원(+53.5%)으로 디지털 마케팅 강화를 통한 타겟 고객 도달률 극대화\n• 물류 관련 신규 투자: 12백만원 투입으로 배송 경험 개선 및 브랜드 만족도 제고\n• PR/홍보 안정적 유지: 3백만원 수준을 유지하여 브랜드 인지도 관리의 일관성 확보\n• E-BIZ 촬영/기타 효율화: 25백만원→19백만원으로 24.0% 절감하여 불필요한 제작비 최적화\n• 통합 마케팅 운영: 분산되었던 E-BIZ 예산을 온라인 매체집행으로 통합하여 시너지 효과 창출"
      },
      {
        "div": "종합분석-3",
        "sub_title": "주의 필요 영역",
        "ai_text": "• 콘텐츠제작비 감소: 65백만원→58백만원(-10.6%)으로 크리에이티브 품질 저하 우려\n• E-BIZ 매체광고 급감: 39백만원→8백만원(-80.5%)으로 이커머스 채널 노출 부족 리스크\n• 물류 예산 급증: 1백만원→12백만원(+634.0%)으로 예상치 못한 물류비용 발생 가능성\n• 이벤트/행사 예산 전무: 고객 참여형 마케팅 기회 상실로 브랜드 충성도 구축 한계\n• 협찬/제휴 예산 불안정: 1백만원→3백만원으로 파트너십 전략의 일관성 부족"
      },
      {
        "div": "종합분석-4",
        "sub_title": "이상징후 및 리스크 감지",
        "ai_text": "• 예산 배분의 극단적 변화: E-BIZ 매체광고 80.5% 급감과 온라인 매체집행 53.5% 급증이 동시 발생하여 마케팅 채널 전략의 급진적 변화를 시사합니다\n• 물류비 폭증 현상: 물류 관련 예산이 634.0% 급증한 것은 운영 효율성 저하나 예상치 못한 비용 발생을 의미할 수 있습니다\n• 크리에이티브 투자 축소: 콘텐츠제작비와 촬영비 동시 감소로 브랜드 차별화 요소 약화 우려\n• 고객 접점 다양성 감소: 이벤트/행사 예산 전무로 오프라인 고객 경험 기회 상실\n• 예산 집중도 심화: 상위 2개 항목(온라인 매체집행, 콘텐츠제작)이 전체 예산의 79.8%를 차지하여 리스크 분산 부족"
      },
      {
        "div": "종합분석-5",
        "sub_title": "마케팅 전략 최적화 방안",
        "ai_text": "### 즉시 실행 방안\n1. 온라인 매체집행 ROI 정밀 측정: 108백만원 투자 대비 매출 기여도 및 고객 획득비용 분석\n2. 물류비 급증 원인 조사: 12백만원 물류 예산의 세부 내역 검토 및 비용 최적화 방안 수립\n3. E-BIZ 채널 보완책 마련: 급감한 E-BIZ 매체광고 효과를 온라인 매체집행으로 대체 가능한지 검증\n\n### 중장기 전략 방향\n1. 통합 디지털 마케팅 플랫폼 구축: 온라인과 E-BIZ 채널을 통합 운영하여 시너지 극대화\n2. 크리에이티브 품질 관리 체계 강화: 제작비 절감 상황에서도 브랜드 차별화 요소 유지\n3. 고객 여정 기반 예산 재배분: 인지→고려→구매→재구매 단계별 최적 채널 믹스 설계\n4. 성과 측정 KPI 체계 고도화: 채널별 기여도 측정을 통한 데이터 기반 예산 배분 시스템 구축"
      }
    ]
  },
  "ctgr1": "광고선전비",
  "summary": {
    "prev_year_total": 204.56,
    "curr_year_total": 208.1,
    "change_amount": 3.55,
    "change_pct": 1.7,
    "investment_direction": "증가"
  },
  "categories": [
    {
      "ctgr2": "광고선전비",
      "ctgr3": "(E-BIZ)광고선전비_촬영/기타",
      "gl_nm": "(E-BIZ)광고선전비_촬영/기타",
      "prev_year": 25.06,
      "curr_year": 19.08,
      "change": -5.98,
      "change_pct": -23.9,
      "is_new": false,
      "is_discontinued": false
    },
    {
      "ctgr2": "광고선전비",
      "ctgr3": "광고선전비_이벤트/행사",
      "gl_nm": "광고선전비_이벤트/행사",
      "prev_year": 0.0,
      "curr_year": 0.0,
      "change": 0.0,
      "change_pct": 0,
      "is_new": false,
      "is_discontinued": false
    },
    {
      "ctgr2": "광고선전비",
      "ctgr3": "광고선전비_PR/홍보",
      "gl_nm": "광고선전비_PR/홍보",
      "prev_year": 3.06,
      "curr_year": 3.01,
      "change": -0.05,
      "change_pct": -1.7,
      "is_new": false,
      "is_discontinued": false
    },
    {
      "ctgr2": "광고선전비",
      "ctgr3": "광고선전비_협찬/제휴",
      "gl_nm": "광고선전비_물류",
      "prev_year": 0.48,
      "curr_year": 3.49,
      "change": 3.02,
      "change_pct": 634.2,
      "is_new": false,
      "is_discontinued": false
    },
    {
      "ctgr2": "광고선전비",
      "ctgr3": "광고선전비_기타",
      "gl_nm": "광고선전비_기타",
      "prev_year": 0.0,
      "curr_year": 0.0,
      "change": 0.0,
      "change_pct": 0,
      "is_new": false,
      "is_discontinued": false
    },
    {
      "ctgr2": "광고선전비",
      "ctgr3": "광고선전비_기타",
      "gl_nm": "광고선전비_물류_재고대체",
      "prev_year": 1.21,
      "curr_year": 8.83,
      "change": 7.62,
      "change_pct": 630.8,
      "is_new": false,
      "is_discontinued": false
    },
    {
      "ctgr2": "광고선전비",
      "ctgr3": "(E-BIZ)광고선전비_매체광고",
      "gl_nm": "(E-BIZ)광고선전비_매체광고",
      "prev_year": 39.31,
      "curr_year": 7.65,
      "change": -31.66,
      "change_pct": -80.5,
      "is_new": false,
      "is_discontinued": false
    },
    {
      "ctgr2": "광고선전비",
      "ctgr3": "광고선전비_매체집행_온라인",
      "gl_nm": "광고선전비_매체집행_온라인",
      "prev_year": 70.17,
      "curr_year": 107.68,
      "change": 37.51,
      "change_pct": 53.5,
      "is_new": false,
      "is_discontinued": false
    },
    {
      "ctgr2": "광고선전비",
      "ctgr3": "광고선전비_콘텐츠제작",
      "gl_nm": "광고선전비_콘텐츠제작",
      "prev_year": 65.27,
      "curr_year": 58.36,
      "change": -6.91,
      "change_pct": -10.6,
      "is_new": false,
      "is_discontinued": false
    }
  ],
  "category_summary": {
    "increased": [
      {
        "ctgr2": "광고선전비",
        "ctgr3": "광고선전비_협찬/제휴",
        "gl_nm": "광고선전비_물류",
        "prev_year": 0.48,
        "curr_year": 3.49,
        "change": 3.02,
        "change_pct": 634.2,
        "is_new": false,
        "is_discontinued": false
      },
      {
        "ctgr2": "광고선전비",
        "ctgr3": "광고선전비_기타",
        "gl_nm": "광고선전비_물류_재고대체",
        "prev_year": 1.21,
        "curr_year": 8.83,
        "change": 7.62,
        "change_pct": 630.8,
        "is_new": false,
        "is_discontinued": false
      },
      {
        "ctgr2": "광고선전비",
        "ctgr3": "광고선전비_매체집행_온라인",
        "gl_nm": "광고선전비_매체집행_온라인",
        "prev_year": 70.17,
        "curr_year": 107.68,
        "change": 37.51,
        "change_pct": 53.5,
        "is_new": false,
        "is_discontinued": false
      }
    ],
    "decreased": [
      {
        "ctgr2": "광고선전비",
        "ctgr3": "(E-BIZ)광고선전비_촬영/기타",
        "gl_nm": "(E-BIZ)광고선전비_촬영/기타",
        "prev_year": 25.06,
        "curr_year": 19.08,
        "change": -5.98,
        "change_pct": -23.9,
        "is_new": false,
        "is_discontinued": false
      },
      {
        "ctgr2": "광고선전비",
        "ctgr3": "광고선전비_PR/홍보",
        "gl_nm": "광고선전비_PR/홍보",
        "prev_year": 3.06,
        "curr_year": 3.01,
        "change": -0.05,
        "change_pct": -1.7,
        "is_new": false,
        "is_discontinued": false
      },
      {
        "ctgr2": "광고선전비",
        "ctgr3": "(E-BIZ)광고선전비_매체광고",
        "gl_nm": "(E-BIZ)광고선전비_매체광고",
        "prev_year": 39.31,
        "curr_year": 7.65,
        "change": -31.66,
        "change_pct": -80.5,
        "is_new": false,
        "is_discontinued": false
      },
      {
        "ctgr2": "광고선전비",
        "ctgr3": "광고선전비_콘텐츠제작",
        "gl_nm": "광고선전비_콘텐츠제작",
        "prev_year": 65.27,
        "curr_year": 58.36,
        "change": -6.91,
        "change_pct": -10.6,
        "is_new": false,
        "is_discontinued": false
      }
    ],
    "new_investments": [],
    "discontinued": []
  },
  "raw_data": {
    "total_records": [
      {
        "PST_YYYYMM": "202308",
        "TOTAL_AMT": 204555308.0
      },
      {
        "PST_YYYYMM": "202408",
        "TOTAL_AMT": 208104533.0
      }
    ],
    "detail_records": [
      {
        "PST_YYYYMM": "202408",
        "BRD_CD": "I",
        "BRD_NM": "MLB KIDS",
        "CTGR1": "광고선전비",
        "CTGR2": "광고선전비",
        "CTGR3": "광고선전비_매체집행_온라인",
        "GL_NM": "광고선전비_매체집행_온라인",
        "TTL_USE_AMT": 107683655.0
      },
      {
        "PST_YYYYMM": "202308",
        "BRD_CD": "I",
        "BRD_NM": "MLB KIDS",
        "CTGR1": "광고선전비",
        "CTGR2": "광고선전비",
        "CTGR3": "광고선전비_매체집행_온라인",
        "GL_NM": "광고선전비_매체집행_온라인",
        "TTL_USE_AMT": 70170414.0
      },
      {
        "PST_YYYYMM": "202308",
        "BRD_CD": "I",
        "BRD_NM": "MLB KIDS",
        "CTGR1": "광고선전비",
        "CTGR2": "광고선전비",
        "CTGR3": "광고선전비_콘텐츠제작",
        "GL_NM": "광고선전비_콘텐츠제작",
        "TTL_USE_AMT": 65272474.0
      },
      {
        "PST_YYYYMM": "202408",
        "BRD_CD": "I",
        "BRD_NM": "MLB KIDS",
        "CTGR1": "광고선전비",
        "CTGR2": "광고선전비",
        "CTGR3": "광고선전비_콘텐츠제작",
        "GL_NM": "광고선전비_콘텐츠제작",
        "TTL_USE_AMT": 58359921.0
      },
      {
        "PST_YYYYMM": "202308",
        "BRD_CD": "I",
        "BRD_NM": "MLB KIDS",
        "CTGR1": "광고선전비",
        "CTGR2": "광고선전비",
        "CTGR3": "(E-BIZ)광고선전비_매체광고",
        "GL_NM": "(E-BIZ)광고선전비_매체광고",
        "TTL_USE_AMT": 39309472.0
      },
      {
        "PST_YYYYMM": "202308",
        "BRD_CD": "I",
        "BRD_NM": "MLB KIDS",
        "CTGR1": "광고선전비",
        "CTGR2": "광고선전비",
        "CTGR3": "(E-BIZ)광고선전비_촬영/기타",
        "GL_NM": "(E-BIZ)광고선전비_촬영/기타",
        "TTL_USE_AMT": 25060274.0
      },
      {
        "PST_YYYYMM": "202408",
        "BRD_CD": "I",
        "BRD_NM": "MLB KIDS",
        "CTGR1": "광고선전비",
        "CTGR2": "광고선전비",
        "CTGR3": "(E-BIZ)광고선전비_촬영/기타",
        "GL_NM": "(E-BIZ)광고선전비_촬영/기타",
        "TTL_USE_AMT": 19076355.0
      },
      {
        "PST_YYYYMM": "202408",
        "BRD_CD": "I",
        "BRD_NM": "MLB KIDS",
        "CTGR1": "광고선전비",
        "CTGR2": "광고선전비",
        "CTGR3": "광고선전비_기타",
        "GL_NM": "광고선전비_물류_재고대체",
        "TTL_USE_AMT": 8830565.0
      },
      {
        "PST_YYYYMM": "202408",
        "BRD_CD": "I",
        "BRD_NM": "MLB KIDS",
        "CTGR1": "광고선전비",
        "CTGR2": "광고선전비",
        "CTGR3": "(E-BIZ)광고선전비_매체광고",
        "GL_NM": "(E-BIZ)광고선전비_매체광고",
        "TTL_USE_AMT": 7653425.0
      },
      {
        "PST_YYYYMM": "202408",
        "BRD_CD": "I",
        "BRD_NM": "MLB KIDS",
        "CTGR1": "광고선전비",
        "CTGR2": "광고선전비",
        "CTGR3": "광고선전비_협찬/제휴",
        "GL_NM": "광고선전비_물류",
        "TTL_USE_AMT": 3493612.0
      },
      {
        "PST_YYYYMM": "202308",
        "BRD_CD": "I",
        "BRD_NM": "MLB KIDS",
        "CTGR1": "광고선전비",
        "CTGR2": "광고선전비",
        "CTGR3": "광고선전비_PR/홍보",
        "GL_NM": "광고선전비_PR/홍보",
        "TTL_USE_AMT": 3058500.0
      },
      {
        "PST_YYYYMM": "202408",
        "BRD_CD": "I",
        "BRD_NM": "MLB KIDS",
        "CTGR1": "광고선전비",
        "CTGR2": "광고선전비",
        "CTGR3": "광고선전비_PR/홍보",
        "GL_NM": "광고선전비_PR/홍보",
        "TTL_USE_AMT": 3007000.0
      },
      {
        "PST_YYYYMM": "202308",
        "BRD_CD": "I",
        "BRD_NM": "MLB KIDS",
        "CTGR1": "광고선전비",
        "CTGR2": "광고선전비",
        "CTGR3": "광고선전비_기타",
        "GL_NM": "광고선전비_물류_재고대체",
        "TTL_USE_AMT": 1208367.0
      },
      {
        "PST_YYYYMM": "202308",
        "BRD_CD": "I",
        "BRD_NM": "MLB KIDS",
        "CTGR1": "광고선전비",
        "CTGR2": "광고선전비",
        "CTGR3": "광고선전비_협찬/제휴",
        "GL_NM": "광고선전비_물류",
        "TTL_USE_AMT": 475807.0
      },
      {
        "PST_YYYYMM": "202408",
        "BRD_CD": "I",
        "BRD_NM": "MLB KIDS",
        "CTGR1": "광고선전비",
        "CTGR2": "광고선전비",
        "CTGR3": "광고선전비_이벤트/행사",
        "GL_NM": "광고선전비_이벤트/행사",
        "TTL_USE_AMT": 0.0
      },
      {
        "PST_YYYYMM": "202308",
        "BRD_CD": "I",
        "BRD_NM": "MLB KIDS",
        "CTGR1": "광고선전비",
        "CTGR2": "광고선전비",
        "CTGR3": "광고선전비_기타",
        "GL_NM": "광고선전비_기타",
        "TTL_USE_AMT": 0.0
      }
    ]
  },
  "trend_data": {
    "trend_months": [
      "202309",
      "202310",
      "202311",
      "202312",
      "202401",
      "202402",
      "202403",
      "202404",
      "202405",
      "202406",
      "202407",
      "202408"
    ],
    "monthly_totals": [
      {
        "yyyymm": "202309",
        "total_amount": 303.48
      },
      {
        "yyyymm": "202310",
        "total_amount": 374.19
      },
      {
        "yyyymm": "202311",
        "total_amount": 336.86
      },
      {
        "yyyymm": "202312",
        "total_amount": 387.0
      },
      {
        "yyyymm": "202401",
        "total_amount": 246.95
      },
      {
        "yyyymm": "202402",
        "total_amount": 344.96
      },
      {
        "yyyymm": "202403",
        "total_amount": 311.6
      },
      {
        "yyyymm": "202404",
        "total_amount": 449.43
      },
      {
        "yyyymm": "202405",
        "total_amount": 404.73
      },
      {
        "yyyymm": "202406",
        "total_amount": 326.78
      },
      {
        "yyyymm": "202407",
        "total_amount": 157.63
      },
      {
        "yyyymm": "202408",
        "total_amount": 208.1
      }
    ],
    "monthly_details": [
      {
        "yyyymm": "202309",
        "ctgr2": "광고선전비",
        "ctgr3": "광고선전비_매체집행_온라인",
        "gl_nm": "광고선전비_매체집행_온라인",
        "amount": 146.31
      },
      {
        "yyyymm": "202309",
        "ctgr2": "광고선전비",
        "ctgr3": "(E-BIZ)광고선전비_매체광고",
        "gl_nm": "(E-BIZ)광고선전비_매체광고",
        "amount": 75.63
      },
      {
        "yyyymm": "202309",
        "ctgr2": "광고선전비",
        "ctgr3": "광고선전비_콘텐츠제작",
        "gl_nm": "광고선전비_콘텐츠제작",
        "amount": 62.76
      },
      {
        "yyyymm": "202309",
        "ctgr2": "광고선전비",
        "ctgr3": "(E-BIZ)광고선전비_촬영/기타",
        "gl_nm": "(E-BIZ)광고선전비_촬영/기타",
        "amount": 15.48
      },
      {
        "yyyymm": "202309",
        "ctgr2": "광고선전비",
        "ctgr3": "광고선전비_PR/홍보",
        "gl_nm": "광고선전비_PR/홍보",
        "amount": 3.23
      },
      {
        "yyyymm": "202309",
        "ctgr2": "광고선전비",
        "ctgr3": "광고선전비_기타",
        "gl_nm": "광고선전비_물류_재고대체",
        "amount": 0.05
      },
      {
        "yyyymm": "202309",
        "ctgr2": "광고선전비",
        "ctgr3": "광고선전비_협찬/제휴",
        "gl_nm": "광고선전비_물류",
        "amount": 0.02
      },
      {
        "yyyymm": "202309",
        "ctgr2": "광고선전비",
        "ctgr3": "광고선전비_기타",
        "gl_nm": "광고선전비_기타",
        "amount": 0.0
      },
      {
        "yyyymm": "202310",
        "ctgr2": "광고선전비",
        "ctgr3": "광고선전비_매체집행_온라인",
        "gl_nm": "광고선전비_매체집행_온라인",
        "amount": 135.45
      },
      {
        "yyyymm": "202310",
        "ctgr2": "광고선전비",
        "ctgr3": "(E-BIZ)광고선전비_매체광고",
        "gl_nm": "(E-BIZ)광고선전비_매체광고",
        "amount": 87.57
      },
      {
        "yyyymm": "202310",
        "ctgr2": "광고선전비",
        "ctgr3": "광고선전비_콘텐츠제작",
        "gl_nm": "광고선전비_콘텐츠제작",
        "amount": 78.7
      },
      {
        "yyyymm": "202310",
        "ctgr2": "광고선전비",
        "ctgr3": "(E-BIZ)광고선전비_촬영/기타",
        "gl_nm": "(E-BIZ)광고선전비_촬영/기타",
        "amount": 33.13
      },
      {
        "yyyymm": "202310",
        "ctgr2": "광고선전비",
        "ctgr3": "광고선전비_기타",
        "gl_nm": "광고선전비_물류_재고대체",
        "amount": 26.04
      },
      {
        "yyyymm": "202310",
        "ctgr2": "광고선전비",
        "ctgr3": "광고선전비_협찬/제휴",
        "gl_nm": "광고선전비_물류",
        "amount": 10.12
      },
      {
        "yyyymm": "202310",
        "ctgr2": "광고선전비",
        "ctgr3": "광고선전비_PR/홍보",
        "gl_nm": "광고선전비_PR/홍보",
        "amount": 3.18
      },
      {
        "yyyymm": "202310",
        "ctgr2": "광고선전비",
        "ctgr3": "광고선전비_기타",
        "gl_nm": "광고선전비_기타",
        "amount": 0.0
      },
      {
        "yyyymm": "202311",
        "ctgr2": "광고선전비",
        "ctgr3": "광고선전비_매체집행_온라인",
        "gl_nm": "광고선전비_매체집행_온라인",
        "amount": 153.88
      },
      {
        "yyyymm": "202311",
        "ctgr2": "광고선전비",
        "ctgr3": "(E-BIZ)광고선전비_매체광고",
        "gl_nm": "(E-BIZ)광고선전비_매체광고",
        "amount": 87.75
      },
      {
        "yyyymm": "202311",
        "ctgr2": "광고선전비",
        "ctgr3": "광고선전비_콘텐츠제작",
        "gl_nm": "광고선전비_콘텐츠제작",
        "amount": 62.17
      },
      {
        "yyyymm": "202311",
        "ctgr2": "광고선전비",
        "ctgr3": "광고선전비_기타",
        "gl_nm": "광고선전비_물류_재고대체",
        "amount": 13.94
      },
      {
        "yyyymm": "202311",
        "ctgr2": "광고선전비",
        "ctgr3": "(E-BIZ)광고선전비_촬영/기타",
        "gl_nm": "(E-BIZ)광고선전비_촬영/기타",
        "amount": 9.72
      },
      {
        "yyyymm": "202311",
        "ctgr2": "광고선전비",
        "ctgr3": "광고선전비_협찬/제휴",
        "gl_nm": "광고선전비_물류",
        "amount": 5.84
      },
      {
        "yyyymm": "202311",
        "ctgr2": "광고선전비",
        "ctgr3": "광고선전비_PR/홍보",
        "gl_nm": "광고선전비_PR/홍보",
        "amount": 3.56
      },
      {
        "yyyymm": "202311",
        "ctgr2": "광고선전비",
        "ctgr3": "광고선전비_기타",
        "gl_nm": "광고선전비_기타",
        "amount": 0.0
      },
      {
        "yyyymm": "202312",
        "ctgr2": "광고선전비",
        "ctgr3": "광고선전비_매체집행_온라인",
        "gl_nm": "광고선전비_매체집행_온라인",
        "amount": 165.26
      },
      {
        "yyyymm": "202312",
        "ctgr2": "광고선전비",
        "ctgr3": "(E-BIZ)광고선전비_매체광고",
        "gl_nm": "(E-BIZ)광고선전비_매체광고",
        "amount": 114.03
      },
      {
        "yyyymm": "202312",
        "ctgr2": "광고선전비",
        "ctgr3": "광고선전비_콘텐츠제작",
        "gl_nm": "광고선전비_콘텐츠제작",
        "amount": 65.99
      },
      {
        "yyyymm": "202312",
        "ctgr2": "광고선전비",
        "ctgr3": "광고선전비_기타",
        "gl_nm": "광고선전비_물류_재고대체",
        "amount": 20.97
      },
      {
        "yyyymm": "202312",
        "ctgr2": "광고선전비",
        "ctgr3": "(E-BIZ)광고선전비_촬영/기타",
        "gl_nm": "(E-BIZ)광고선전비_촬영/기타",
        "amount": 9.81
      },
      {
        "yyyymm": "202312",
        "ctgr2": "광고선전비",
        "ctgr3": "광고선전비_협찬/제휴",
        "gl_nm": "광고선전비_물류",
        "amount": 7.9
      },
      {
        "yyyymm": "202312",
        "ctgr2": "광고선전비",
        "ctgr3": "광고선전비_PR/홍보",
        "gl_nm": "광고선전비_PR/홍보",
        "amount": 3.04
      },
      {
        "yyyymm": "202312",
        "ctgr2": "광고선전비",
        "ctgr3": "광고선전비_기타",
        "gl_nm": "광고선전비_기타",
        "amount": 0.0
      },
      {
        "yyyymm": "202401",
        "ctgr2": "광고선전비",
        "ctgr3": "광고선전비_매체집행_온라인",
        "gl_nm": "광고선전비_매체집행_온라인",
        "amount": 97.96
      },
      {
        "yyyymm": "202401",
        "ctgr2": "광고선전비",
        "ctgr3": "(E-BIZ)광고선전비_매체광고",
        "gl_nm": "(E-BIZ)광고선전비_매체광고",
        "amount": 61.73
      },
      {
        "yyyymm": "202401",
        "ctgr2": "광고선전비",
        "ctgr3": "광고선전비_콘텐츠제작",
        "gl_nm": "광고선전비_콘텐츠제작",
        "amount": 45.4
      },
      {
        "yyyymm": "202401",
        "ctgr2": "광고선전비",
        "ctgr3": "(E-BIZ)광고선전비_촬영/기타",
        "gl_nm": "(E-BIZ)광고선전비_촬영/기타",
        "amount": 24.52
      },
      {
        "yyyymm": "202401",
        "ctgr2": "광고선전비",
        "ctgr3": "광고선전비_기타",
        "gl_nm": "광고선전비_물류_재고대체",
        "amount": 10.15
      },
      {
        "yyyymm": "202401",
        "ctgr2": "광고선전비",
        "ctgr3": "광고선전비_협찬/제휴",
        "gl_nm": "광고선전비_물류",
        "amount": 4.16
      },
      {
        "yyyymm": "202401",
        "ctgr2": "광고선전비",
        "ctgr3": "광고선전비_PR/홍보",
        "gl_nm": "광고선전비_PR/홍보",
        "amount": 3.02
      },
      {
        "yyyymm": "202401",
        "ctgr2": "광고선전비",
        "ctgr3": "광고선전비_이벤트/행사",
        "gl_nm": "광고선전비_이벤트/행사",
        "amount": 0.0
      },
      {
        "yyyymm": "202402",
        "ctgr2": "광고선전비",
        "ctgr3": "광고선전비_콘텐츠제작",
        "gl_nm": "광고선전비_콘텐츠제작",
        "amount": 124.33
      },
      {
        "yyyymm": "202402",
        "ctgr2": "광고선전비",
        "ctgr3": "광고선전비_매체집행_온라인",
        "gl_nm": "광고선전비_매체집행_온라인",
        "amount": 119.15
      },
      {
        "yyyymm": "202402",
        "ctgr2": "광고선전비",
        "ctgr3": "(E-BIZ)광고선전비_매체광고",
        "gl_nm": "(E-BIZ)광고선전비_매체광고",
        "amount": 78.89
      },
      {
        "yyyymm": "202402",
        "ctgr2": "광고선전비",
        "ctgr3": "광고선전비_기타",
        "gl_nm": "광고선전비_물류_재고대체",
        "amount": 12.41
      },
      {
        "yyyymm": "202402",
        "ctgr2": "광고선전비",
        "ctgr3": "(E-BIZ)광고선전비_촬영/기타",
        "gl_nm": "(E-BIZ)광고선전비_촬영/기타",
        "amount": 6.93
      },
      {
        "yyyymm": "202402",
        "ctgr2": "광고선전비",
        "ctgr3": "광고선전비_PR/홍보",
        "gl_nm": "광고선전비_PR/홍보",
        "amount": 3.17
      },
      {
        "yyyymm": "202402",
        "ctgr2": "광고선전비",
        "ctgr3": "광고선전비_협찬/제휴",
        "gl_nm": "광고선전비_물류",
        "amount": 0.08
      },
      {
        "yyyymm": "202402",
        "ctgr2": "광고선전비",
        "ctgr3": "광고선전비_이벤트/행사",
        "gl_nm": "광고선전비_이벤트/행사",
        "amount": 0.0
      },
      {
        "yyyymm": "202403",
        "ctgr2": "광고선전비",
        "ctgr3": "광고선전비_매체집행_온라인",
        "gl_nm": "광고선전비_매체집행_온라인",
        "amount": 162.42
      },
      {
        "yyyymm": "202403",
        "ctgr2": "광고선전비",
        "ctgr3": "(E-BIZ)광고선전비_매체광고",
        "gl_nm": "(E-BIZ)광고선전비_매체광고",
        "amount": 73.26
      },
      {
        "yyyymm": "202403",
        "ctgr2": "광고선전비",
        "ctgr3": "광고선전비_콘텐츠제작",
        "gl_nm": "광고선전비_콘텐츠제작",
        "amount": 28.59
      },
      {
        "yyyymm": "202403",
        "ctgr2": "광고선전비",
        "ctgr3": "(E-BIZ)광고선전비_촬영/기타",
        "gl_nm": "(E-BIZ)광고선전비_촬영/기타",
        "amount": 25.36
      },
      {
        "yyyymm": "202403",
        "ctgr2": "광고선전비",
        "ctgr3": "광고선전비_기타",
        "gl_nm": "광고선전비_물류_재고대체",
        "amount": 9.65
      },
      {
        "yyyymm": "202403",
        "ctgr2": "광고선전비",
        "ctgr3": "광고선전비_협찬/제휴",
        "gl_nm": "광고선전비_물류",
        "amount": 9.19
      },
      {
        "yyyymm": "202403",
        "ctgr2": "광고선전비",
        "ctgr3": "광고선전비_PR/홍보",
        "gl_nm": "광고선전비_PR/홍보",
        "amount": 3.12
      },
      {
        "yyyymm": "202403",
        "ctgr2": "광고선전비",
        "ctgr3": "광고선전비_이벤트/행사",
        "gl_nm": "광고선전비_이벤트/행사",
        "amount": 0.0
      },
      {
        "yyyymm": "202404",
        "ctgr2": "광고선전비",
        "ctgr3": "광고선전비_매체집행_온라인",
        "gl_nm": "광고선전비_매체집행_온라인",
        "amount": 303.36
      },
      {
        "yyyymm": "202404",
        "ctgr2": "광고선전비",
        "ctgr3": "광고선전비_콘텐츠제작",
        "gl_nm": "광고선전비_콘텐츠제작",
        "amount": 93.28
      },
      {
        "yyyymm": "202404",
        "ctgr2": "광고선전비",
        "ctgr3": "(E-BIZ)광고선전비_촬영/기타",
        "gl_nm": "(E-BIZ)광고선전비_촬영/기타",
        "amount": 25.48
      },
      {
        "yyyymm": "202404",
        "ctgr2": "광고선전비",
        "ctgr3": "광고선전비_기타",
        "gl_nm": "광고선전비_물류_재고대체",
        "amount": 12.36
      },
      {
        "yyyymm": "202404",
        "ctgr2": "광고선전비",
        "ctgr3": "(E-BIZ)광고선전비_매체광고",
        "gl_nm": "(E-BIZ)광고선전비_매체광고",
        "amount": 6.95
      },
      {
        "yyyymm": "202404",
        "ctgr2": "광고선전비",
        "ctgr3": "광고선전비_협찬/제휴",
        "gl_nm": "광고선전비_물류",
        "amount": 4.99
      },
      {
        "yyyymm": "202404",
        "ctgr2": "광고선전비",
        "ctgr3": "광고선전비_PR/홍보",
        "gl_nm": "광고선전비_PR/홍보",
        "amount": 3.0
      },
      {
        "yyyymm": "202404",
        "ctgr2": "광고선전비",
        "ctgr3": "광고선전비_이벤트/행사",
        "gl_nm": "광고선전비_이벤트/행사",
        "amount": 0.0
      },
      {
        "yyyymm": "202405",
        "ctgr2": "광고선전비",
        "ctgr3": "광고선전비_매체집행_온라인",
        "gl_nm": "광고선전비_매체집행_온라인",
        "amount": 315.27
      },
      {
        "yyyymm": "202405",
        "ctgr2": "광고선전비",
        "ctgr3": "광고선전비_콘텐츠제작",
        "gl_nm": "광고선전비_콘텐츠제작",
        "amount": 54.96
      },
      {
        "yyyymm": "202405",
        "ctgr2": "광고선전비",
        "ctgr3": "광고선전비_기타",
        "gl_nm": "광고선전비_물류_재고대체",
        "amount": 16.59
      },
      {
        "yyyymm": "202405",
        "ctgr2": "광고선전비",
        "ctgr3": "(E-BIZ)광고선전비_매체광고",
        "gl_nm": "(E-BIZ)광고선전비_매체광고",
        "amount": 8.34
      },
      {
        "yyyymm": "202405",
        "ctgr2": "광고선전비",
        "ctgr3": "광고선전비_협찬/제휴",
        "gl_nm": "광고선전비_물류",
        "amount": 6.53
      },
      {
        "yyyymm": "202405",
        "ctgr2": "광고선전비",
        "ctgr3": "광고선전비_PR/홍보",
        "gl_nm": "광고선전비_PR/홍보",
        "amount": 3.05
      },
      {
        "yyyymm": "202405",
        "ctgr2": "광고선전비",
        "ctgr3": "광고선전비_이벤트/행사",
        "gl_nm": "광고선전비_이벤트/행사",
        "amount": 0.0
      },
      {
        "yyyymm": "202405",
        "ctgr2": "광고선전비",
        "ctgr3": "(E-BIZ)광고선전비_촬영/기타",
        "gl_nm": "(E-BIZ)광고선전비_촬영/기타",
        "amount": 0.0
      },
      {
        "yyyymm": "202406",
        "ctgr2": "광고선전비",
        "ctgr3": "광고선전비_매체집행_온라인",
        "gl_nm": "광고선전비_매체집행_온라인",
        "amount": 198.55
      },
      {
        "yyyymm": "202406",
        "ctgr2": "광고선전비",
        "ctgr3": "광고선전비_콘텐츠제작",
        "gl_nm": "광고선전비_콘텐츠제작",
        "amount": 75.06
      },
      {
        "yyyymm": "202406",
        "ctgr2": "광고선전비",
        "ctgr3": "광고선전비_기타",
        "gl_nm": "광고선전비_물류_재고대체",
        "amount": 25.34
      },
      {
        "yyyymm": "202406",
        "ctgr2": "광고선전비",
        "ctgr3": "(E-BIZ)광고선전비_매체광고",
        "gl_nm": "(E-BIZ)광고선전비_매체광고",
        "amount": 10.85
      },
      {
        "yyyymm": "202406",
        "ctgr2": "광고선전비",
        "ctgr3": "광고선전비_협찬/제휴",
        "gl_nm": "광고선전비_물류",
        "amount": 10.27
      },
      {
        "yyyymm": "202406",
        "ctgr2": "광고선전비",
        "ctgr3": "(E-BIZ)광고선전비_촬영/기타",
        "gl_nm": "(E-BIZ)광고선전비_촬영/기타",
        "amount": 3.68
      },
      {
        "yyyymm": "202406",
        "ctgr2": "광고선전비",
        "ctgr3": "광고선전비_PR/홍보",
        "gl_nm": "광고선전비_PR/홍보",
        "amount": 3.02
      },
      {
        "yyyymm": "202406",
        "ctgr2": "광고선전비",
        "ctgr3": "광고선전비_이벤트/행사",
        "gl_nm": "광고선전비_이벤트/행사",
        "amount": 0.0
      },
      {
        "yyyymm": "202407",
        "ctgr2": "광고선전비",
        "ctgr3": "광고선전비_매체집행_온라인",
        "gl_nm": "광고선전비_매체집행_온라인",
        "amount": 99.09
      },
      {
        "yyyymm": "202407",
        "ctgr2": "광고선전비",
        "ctgr3": "(E-BIZ)광고선전비_촬영/기타",
        "gl_nm": "(E-BIZ)광고선전비_촬영/기타",
        "amount": 33.55
      },
      {
        "yyyymm": "202407",
        "ctgr2": "광고선전비",
        "ctgr3": "광고선전비_콘텐츠제작",
        "gl_nm": "광고선전비_콘텐츠제작",
        "amount": 12.4
      },
      {
        "yyyymm": "202407",
        "ctgr2": "광고선전비",
        "ctgr3": "(E-BIZ)광고선전비_매체광고",
        "gl_nm": "(E-BIZ)광고선전비_매체광고",
        "amount": 4.63
      },
      {
        "yyyymm": "202407",
        "ctgr2": "광고선전비",
        "ctgr3": "광고선전비_PR/홍보",
        "gl_nm": "광고선전비_PR/홍보",
        "amount": 3.01
      },
      {
        "yyyymm": "202407",
        "ctgr2": "광고선전비",
        "ctgr3": "광고선전비_기타",
        "gl_nm": "광고선전비_물류_재고대체",
        "amount": 2.4
      },
      {
        "yyyymm": "202407",
        "ctgr2": "광고선전비",
        "ctgr3": "광고선전비_이벤트/행사",
        "gl_nm": "광고선전비_이벤트/행사",
        "amount": 1.61
      },
      {
        "yyyymm": "202407",
        "ctgr2": "광고선전비",
        "ctgr3": "광고선전비_협찬/제휴",
        "gl_nm": "광고선전비_물류",
        "amount": 0.94
      },
      {
        "yyyymm": "202408",
        "ctgr2": "광고선전비",
        "ctgr3": "광고선전비_매체집행_온라인",
        "gl_nm": "광고선전비_매체집행_온라인",
        "amount": 107.68
      },
      {
        "yyyymm": "202408",
        "ctgr2": "광고선전비",
        "ctgr3": "광고선전비_콘텐츠제작",
        "gl_nm": "광고선전비_콘텐츠제작",
        "amount": 58.36
      },
      {
        "yyyymm": "202408",
        "ctgr2": "광고선전비",
        "ctgr3": "(E-BIZ)광고선전비_촬영/기타",
        "gl_nm": "(E-BIZ)광고선전비_촬영/기타",
        "amount": 19.08
      },
      {
        "yyyymm": "202408",
        "ctgr2": "광고선전비",
        "ctgr3": "광고선전비_기타",
        "gl_nm": "광고선전비_물류_재고대체",
        "amount": 8.83
      },
      {
        "yyyymm": "202408",
        "ctgr2": "광고선전비",
        "ctgr3": "(E-BIZ)광고선전비_매체광고",
        "gl_nm": "(E-BIZ)광고선전비_매체광고",
        "amount": 7.65
      },
      {
        "yyyymm": "202408",
        "ctgr2": "광고선전비",
        "ctgr3": "광고선전비_협찬/제휴",
        "gl_nm": "광고선전비_물류",
        "amount": 3.49
      },
      {
        "yyyymm": "202408",
        "ctgr2": "광고선전비",
        "ctgr3": "광고선전비_PR/홍보",
        "gl_nm": "광고선전비_PR/홍보",
        "amount": 3.01
      },
      {
        "yyyymm": "202408",
        "ctgr2": "광고선전비",
        "ctgr3": "광고선전비_이벤트/행사",
        "gl_nm": "광고선전비_이벤트/행사",
        "amount": 0.0
      }
    ]
  }
}