{
  "country": "KR",
  "brand_cd": "I",
  "brand_name": "MLB KIDS",
  "yyyymm": "202409",
  "yyyymm_py": "202309",
  "key": "할인율",
  "sub_key": "종합분석",
  "analysis_data": {
    "title": "할인율 종합분석",
    "sections": [
      {
        "div": "종합분석-1",
        "sub_title": "전략 우수 채널",
        "ai_text": "자사몰이 유일한 전략 우수 채널로 식별되었습니다.\n• 자사몰: 할인율 11.2%로 전년 16.8% 대비 5.6%p 개선\n• 자사몰의 성공 요인은 직접 고객 관리를 통한 효율적 가격 정책과 재고 관리 최적화로 분석됩니다.\n• 자사몰의 할인율 개선 노하우를 다른 채널에 적용할 수 있는 벤치마킹 모델로 활용 가능합니다."
      },
      {
        "div": "종합분석-2",
        "sub_title": "주의 필요 채널",
        "ai_text": "백화점과 제휴몰이 가장 심각한 주의 채널로 나타났습니다.\n• 백화점: 할인율 16.6%로 전년 5.0% 대비 11.6%p 급격히 악화\n• 제휴몰: 할인율 14.7%로 전년 -0.1% 대비 14.8%p 대폭 상승\n• 대리점(4.4%, +2.4%p)과 직영점(2.2%, +1.8%p)도 할인율 증가 추세로 관리 필요합니다."
      },
      {
        "div": "종합분석-3",
        "sub_title": "AI 권장 사항",
        "ai_text": "채널별 맞춤형 할인율 관리 체계 구축이 시급합니다.\n• 백화점/제휴몰: 과도한 할인 억제를 위한 채널 파트너와의 가격 정책 재협상 및 브랜드 포지셔닝 강화\n• 자사몰 성공 모델 확산: 데이터 기반 수요 예측과 적정 재고 관리를 통한 할인 최소화 전략을 타 채널에 적용\n• 과시즌 의류(48.1% 할인율) 중심의 재고 관리 개선과 시즌 전 예약 판매 확대로 할인 압박 완화"
      }
    ]
  },
  "summary": {
    "total_discount_cy": 11.9,
    "total_discount_py": 3.9,
    "change_pct": 8.0,
    "unique_channels": 6,
    "unique_items": 8,
    "analysis_period": "2023년 9월 vs 2024년 9월"
  },
  "channel_summary": {
    "백화점": {
      "discount_cy": 16.6,
      "discount_py": 5.0,
      "yoy": 11.6
    },
    "대리점": {
      "discount_cy": 4.4,
      "discount_py": 2.0,
      "yoy": 2.4
    },
    "직영점": {
      "discount_cy": 2.2,
      "discount_py": 0.4,
      "yoy": 1.8
    },
    "자사몰": {
      "discount_cy": 11.2,
      "discount_py": 16.8,
      "yoy": -5.6
    },
    "제휴몰": {
      "discount_cy": 14.7,
      "discount_py": -0.1,
      "yoy": 14.8
    },
    "면세점": {
      "discount_cy": 0.0,
      "discount_py": 0.0,
      "yoy": 0.0
    }
  },
  "excellent_channels": [
    {
      "chnl_nm": "자사몰",
      "discount_cy": 11.2,
      "yoy": -5.6
    }
  ],
  "warning_channels": [
    {
      "chnl_nm": "백화점",
      "discount_cy": 16.6,
      "yoy": 11.6
    },
    {
      "chnl_nm": "제휴몰",
      "discount_cy": 14.7,
      "yoy": 14.8
    },
    {
      "chnl_nm": "대리점",
      "discount_cy": 4.4,
      "yoy": 2.4
    },
    {
      "chnl_nm": "직영점",
      "discount_cy": 2.2,
      "yoy": 1.8
    }
  ],
  "raw_data": {
    "sample_records": [
      {
        "CHNL_NM": "전체",
        "DISCOUNT": 11.9,
        "YOY": 8.0,
        "SEQ": 1
      },
      {
        "CHNL_NM": "백화점",
        "DISCOUNT": 16.6,
        "YOY": 11.6,
        "SEQ": 2
      },
      {
        "CHNL_NM": "대리점",
        "DISCOUNT": 4.4,
        "YOY": 2.4,
        "SEQ": 2
      },
      {
        "CHNL_NM": "직영점",
        "DISCOUNT": 2.2,
        "YOY": 1.8,
        "SEQ": 2
      },
      {
        "CHNL_NM": "자사몰",
        "DISCOUNT": 11.2,
        "YOY": -5.6,
        "SEQ": 2
      },
      {
        "CHNL_NM": "제휴몰",
        "DISCOUNT": 14.7,
        "YOY": 14.8,
        "SEQ": 2
      },
      {
        "CHNL_NM": "면세점",
        "DISCOUNT": 0.0,
        "YOY": 0.0,
        "SEQ": 2
      },
      {
        "CHNL_NM": "24F 의류",
        "DISCOUNT": 4.7,
        "YOY": 1.8,
        "SEQ": 4
      },
      {
        "CHNL_NM": "24S 의류",
        "DISCOUNT": 4.4,
        "YOY": -2.4,
        "SEQ": 4
      },
      {
        "CHNL_NM": "과시즌 의류",
        "DISCOUNT": 48.1,
        "YOY": 5.2,
        "SEQ": 4
      },
      {
        "CHNL_NM": "모자",
        "DISCOUNT": 3.0,
        "YOY": 1.2,
        "SEQ": 4
      },
      {
        "CHNL_NM": "신발",
        "DISCOUNT": 4.0,
        "YOY": 1.8,
        "SEQ": 4
      },
      {
        "CHNL_NM": "가방",
        "DISCOUNT": 2.5,
        "YOY": 0.8,
        "SEQ": 4
      },
      {
        "CHNL_NM": "기타ACC",
        "DISCOUNT": 3.6,
        "YOY": 0.8,
        "SEQ": 4
      },
      {
        "CHNL_NM": "기타",
        "DISCOUNT": 0.0,
        "YOY": 0.0,
        "SEQ": 4
      }
    ],
    "total_records_count": 15
  }
}