{
  "country": "KR",
  "brand_cd": "W",
  "brand_name": "SUPRA",
  "yyyymm": "202406",
  "yyyymm_py": "202306",
  "key": "실판매출",
  "sub_key": "채널별매출분석",
  "analysis_data": {
    "title": "채널별 매출 top3 분석 (당해 전년 주요변화)",
    "sections": [
      {
        "div": "면세점",
        "sub_title": "면세점 전년대비 주요 변화",
        "ai_text": "• 반팔티셔츠: 22백만원(45.0%) 1위 유지하며 전년대비 +13.7% 성장세 지속\n• 신발: 11백만원(23.0%) 2위 유지, 전년대비 -31.9% 급락으로 주력 제품 재검토 필요\n• 슬리퍼: 2백만원(4.0%) 3위로 전년 14%에서 4%로 급락(-69.1%), 여름 시즌 제품력 보강 시급\n\n면세점 채널 전체 매출이 51백만원에서 48백만원으로 -4.8% 감소한 가운데, 반팔티셔츠 외 주력 카테고리의 부진이 뚜렷함. 특히 슬리퍼의 급격한 매출 하락은 여름철 핵심 아이템 경쟁력 약화를 시사하며, 신발 카테고리도 30% 이상 하락으로 제품 포트폴리오 재구성이 필요한 상황임."
      },
      {
        "div": "제휴몰",
        "sub_title": "제휴몰 전년대비 주요 변화",
        "ai_text": "• 신발: 8백만원(40.0%) 1위로 급상승, 전년 2위에서 점유율 34%→40% 확대\n• 반팔티셔츠: 6백만원(28.0%) 2위, 전년 1위에서 하락하며 점유율 51%→28% 축소\n• 방풍자켓: 2백만원(9.0%) 3위 신규 진입, 시즌 아이템 강세로 새로운 성장 동력 확보\n\n제휴몰 채널은 전체 매출이 8백만원에서 20백만원으로 +163.9% 폭증하며 가장 높은 성장률 기록. 신발이 핵심 성장 동력으로 부상하며 채널 특성에 맞는 제품 믹스 최적화 성공. 반팔티셔츠 의존도가 줄어들며 카테고리 다변화가 진행되고 있어 지속적인 성장 모멘텀 확보 가능."
      },
      {
        "div": "자사몰",
        "sub_title": "자사몰 전년대비 주요 변화",
        "ai_text": "• 신발: 6백만원(42.0%) 1위 유지, 전년대비 +187.6% 폭증으로 채널 성장 견인\n• 반팔티셔츠: 5백만원(36.0%) 2위, 전년 1위에서 하락하며 점유율 52%→36% 축소\n• 우븐반바지: 1백만원(5.0%) 3위 신규 진입, 여름 시즌 아이템으로 성장 잠재력 확인\n\n자사몰 채널은 전체 매출이 9백만원에서 13백만원으로 +50.0% 성장하며 안정적 확장세 지속. 신발 카테고리가 압도적 성장률을 기록하며 자사몰 고객층에 최적화된 상품 전략 성공. 반팔티셔츠 의존도 감소와 함께 다양한 카테고리로 매출 분산이 이루어지고 있어 리스크 분산 효과 기대."
      },
      {
        "div": "종합분석-1",
        "sub_title": "최고 성과 채널",
        "ai_text": "제휴몰이 163.9% 성장으로 최고 성과를 달성하며 매출액이 8백만원에서 20백만원으로 급증했습니다.\n자사몰도 50.0% 성장하여 9백만원에서 13백만원으로 안정적 성장세를 보이며 온라인 채널의 강세가 두드러집니다."
      },
      {
        "div": "종합분석-2",
        "sub_title": "개선 필요 채널",
        "ai_text": "면세점이 유일하게 -4.8% 감소하여 51백만원에서 48백만원으로 하락했으며, 전체 매출 비중도 65.5%에서 21.9%로 크게 축소되었습니다.\n반팔티셔츠와 신발 중심의 매출 구조에서 탈피하여 상품 다각화가 시급합니다."
      },
      {
        "div": "종합분석-3",
        "sub_title": "핵심 제안",
        "ai_text": "온라인 채널(제휴몰, 자사몰) 중심의 성장 전략을 강화하고, 면세점 채널의 상품 포트폴리오 다각화를 통한 회복 방안을 마련해야 합니다.\n신발과 반팔티셔츠가 전 채널 공통 주력 상품이므로 이를 중심으로 한 크로스 채널 마케팅 전략을 수립하여 시너지를 극대화해야 합니다."
      }
    ]
  },
  "summary": {
    "total_sales": 297.42,
    "total_sales_cy": 220.17,
    "total_sales_py": 77.25,
    "change_pct": 185.0,
    "unique_channels": 5,
    "unique_items": 29,
    "unique_months": 2,
    "analysis_period": "2023년 6월 vs 2024년 6월"
  },
  "channel_summary": {
    "직영점": {
      "total_sales": 138.09,
      "months": {
        "202406": 138091320.0
      },
      "top_items": [
        {
          "class3": "반팔티셔츠",
          "total_sales": 53.34
        },
        {
          "class3": "신발",
          "total_sales": 19.86
        },
        {
          "class3": "우븐반바지",
          "total_sales": 10.79
        },
        {
          "class3": "방풍자켓",
          "total_sales": 9.07
        },
        {
          "class3": "우븐팬츠",
          "total_sales": 8.01
        }
      ]
    },
    "면세점": {
      "total_sales": 98.77,
      "months": {
        "202406": 48179990.0,
        "202306": 50589920.0
      },
      "top_items": [
        {
          "class3": "반팔티셔츠",
          "total_sales": 41.09
        },
        {
          "class3": "신발",
          "total_sales": 27.05
        },
        {
          "class3": "슬리퍼",
          "total_sales": 9.01
        },
        {
          "class3": "우븐반바지",
          "total_sales": 3.38
        },
        {
          "class3": "방풍자켓",
          "total_sales": 2.85
        }
      ]
    },
    "제휴몰": {
      "total_sales": 28.2,
      "months": {
        "202406": 20454290.0,
        "202306": 7745400.0
      },
      "top_items": [
        {
          "class3": "신발",
          "total_sales": 10.8
        },
        {
          "class3": "반팔티셔츠",
          "total_sales": 9.78
        },
        {
          "class3": "방풍자켓",
          "total_sales": 1.93
        },
        {
          "class3": "운동모",
          "total_sales": 1.26
        },
        {
          "class3": "폴로 티셔츠",
          "total_sales": 0.89
        }
      ]
    },
    "자사몰": {
      "total_sales": 22.4,
      "months": {
        "202406": 13441295.0,
        "202306": 8955704.0
      },
      "top_items": [
        {
          "class3": "반팔티셔츠",
          "total_sales": 9.47
        },
        {
          "class3": "신발",
          "total_sales": 7.64
        },
        {
          "class3": "우븐반바지",
          "total_sales": 1.21
        },
        {
          "class3": "반바지",
          "total_sales": 0.82
        },
        {
          "class3": "운동모",
          "total_sales": 0.66
        }
      ]
    },
    "백화점": {
      "total_sales": 9.96,
      "months": {
        "202306": 9960020.0
      },
      "top_items": [
        {
          "class3": "반팔티셔츠",
          "total_sales": 4.69
        },
        {
          "class3": "신발",
          "total_sales": 1.03
        },
        {
          "class3": "슬리퍼",
          "total_sales": 0.93
        },
        {
          "class3": "우븐반바지",
          "total_sales": 0.73
        },
        {
          "class3": "점퍼",
          "total_sales": 0.62
        }
      ]
    }
  },
  "channel_summary_overall": {
    "직영점": {
      "current_sales": 138.09,
      "previous_sales": 0.0,
      "all_items": [
        {
          "class3": "반팔티셔츠",
          "total_sales": 53.34
        },
        {
          "class3": "신발",
          "total_sales": 19.86
        },
        {
          "class3": "우븐반바지",
          "total_sales": 10.79
        },
        {
          "class3": "방풍자켓",
          "total_sales": 9.07
        },
        {
          "class3": "우븐팬츠",
          "total_sales": 8.01
        },
        {
          "class3": "운동모",
          "total_sales": 7.02
        },
        {
          "class3": "맨투맨",
          "total_sales": 4.41
        },
        {
          "class3": "반바지",
          "total_sales": 4.35
        },
        {
          "class3": "가방",
          "total_sales": 3.24
        },
        {
          "class3": "슬리퍼",
          "total_sales": 3.02
        },
        {
          "class3": "팬츠",
          "total_sales": 2.48
        },
        {
          "class3": "후드티",
          "total_sales": 1.91
        },
        {
          "class3": "데님셔츠",
          "total_sales": 1.61
        },
        {
          "class3": "우븐셔츠",
          "total_sales": 1.45
        },
        {
          "class3": "햇",
          "total_sales": 1.18
        },
        {
          "class3": "점퍼",
          "total_sales": 1.08
        },
        {
          "class3": "양말",
          "total_sales": 1.06
        },
        {
          "class3": "크로스백",
          "total_sales": 0.84
        },
        {
          "class3": "진바지",
          "total_sales": 0.81
        },
        {
          "class3": "힙색",
          "total_sales": 0.72
        },
        {
          "class3": "스커트",
          "total_sales": 0.7
        },
        {
          "class3": "백팩",
          "total_sales": 0.41
        },
        {
          "class3": "폴로 티셔츠",
          "total_sales": 0.38
        },
        {
          "class3": "긴팔티셔츠",
          "total_sales": 0.23
        },
        {
          "class3": "탱크탑",
          "total_sales": 0.11
        }
      ],
      "change_pct": 0
    },
    "면세점": {
      "current_sales": 48.18,
      "previous_sales": 50.59,
      "all_items": [
        {
          "class3": "반팔티셔츠",
          "total_sales": 21.89
        },
        {
          "class3": "신발",
          "total_sales": 10.96
        },
        {
          "class3": "슬리퍼",
          "total_sales": 2.13
        },
        {
          "class3": "스커트",
          "total_sales": 2.05
        },
        {
          "class3": "방풍자켓",
          "total_sales": 1.82
        },
        {
          "class3": "우븐팬츠",
          "total_sales": 1.61
        },
        {
          "class3": "우븐반바지",
          "total_sales": 1.55
        },
        {
          "class3": "반바지",
          "total_sales": 1.24
        },
        {
          "class3": "가방",
          "total_sales": 1.04
        },
        {
          "class3": "우븐셔츠",
          "total_sales": 0.89
        },
        {
          "class3": "운동모",
          "total_sales": 0.59
        },
        {
          "class3": "맨투맨",
          "total_sales": 0.33
        },
        {
          "class3": "팬츠",
          "total_sales": 0.31
        },
        {
          "class3": "백팩",
          "total_sales": 0.3
        },
        {
          "class3": "트레이닝(상의)",
          "total_sales": 0.3
        },
        {
          "class3": "햇",
          "total_sales": 0.24
        },
        {
          "class3": "힙색",
          "total_sales": 0.21
        },
        {
          "class3": "탱크탑",
          "total_sales": 0.2
        },
        {
          "class3": "진바지",
          "total_sales": 0.16
        },
        {
          "class3": "데님셔츠",
          "total_sales": 0.13
        },
        {
          "class3": "후드티",
          "total_sales": 0.13
        },
        {
          "class3": "크로스백",
          "total_sales": 0.07
        },
        {
          "class3": "양말",
          "total_sales": 0.05
        }
      ],
      "change_pct": -4.8
    },
    "제휴몰": {
      "current_sales": 20.45,
      "previous_sales": 7.75,
      "all_items": [
        {
          "class3": "신발",
          "total_sales": 8.17
        },
        {
          "class3": "반팔티셔츠",
          "total_sales": 5.8
        },
        {
          "class3": "방풍자켓",
          "total_sales": 1.93
        },
        {
          "class3": "운동모",
          "total_sales": 1.2
        },
        {
          "class3": "폴로 티셔츠",
          "total_sales": 0.89
        },
        {
          "class3": "슬리퍼",
          "total_sales": 0.49
        },
        {
          "class3": "우븐반바지",
          "total_sales": 0.48
        },
        {
          "class3": "우븐팬츠",
          "total_sales": 0.28
        },
        {
          "class3": "반바지",
          "total_sales": 0.28
        },
        {
          "class3": "가방",
          "total_sales": 0.24
        },
        {
          "class3": "팬츠",
          "total_sales": 0.2
        },
        {
          "class3": "양말",
          "total_sales": 0.17
        },
        {
          "class3": "우븐셔츠",
          "total_sales": 0.13
        },
        {
          "class3": "스커트",
          "total_sales": 0.11
        },
        {
          "class3": "햇",
          "total_sales": 0.06
        },
        {
          "class3": "탱크탑",
          "total_sales": 0.03
        }
      ],
      "change_pct": 163.9
    },
    "자사몰": {
      "current_sales": 13.44,
      "previous_sales": 8.96,
      "all_items": [
        {
          "class3": "신발",
          "total_sales": 5.67
        },
        {
          "class3": "반팔티셔츠",
          "total_sales": 4.83
        },
        {
          "class3": "우븐반바지",
          "total_sales": 0.68
        },
        {
          "class3": "운동모",
          "total_sales": 0.55
        },
        {
          "class3": "방풍자켓",
          "total_sales": 0.46
        },
        {
          "class3": "우븐셔츠",
          "total_sales": 0.39
        },
        {
          "class3": "우븐팬츠",
          "total_sales": 0.26
        },
        {
          "class3": "슬리퍼",
          "total_sales": 0.25
        },
        {
          "class3": "반바지",
          "total_sales": 0.21
        },
        {
          "class3": "가방",
          "total_sales": 0.13
        },
        {
          "class3": "양말",
          "total_sales": 0.02
        }
      ],
      "change_pct": 50.0
    },
    "백화점": {
      "current_sales": 0.0,
      "previous_sales": 9.96,
      "all_items": [],
      "change_pct": -100.0
    }
  },
  "raw_data": {
    "sample_records": [
      {
        "PST_YYYYMM": "202406",
        "CHNL_NM": "직영점",
        "CLASS3": "반팔티셔츠",
        "SALE_AMT": 53339160.0,
        "SALE_AMT_CHNL_TTL": 138091320.0,
        "SALE_RATIO": 39.0,
        "IN_YMM_RNK": 0,
        "IN_CHNL_RNK": 1
      },
      {
        "PST_YYYYMM": "202406",
        "CHNL_NM": "직영점",
        "CLASS3": "신발",
        "SALE_AMT": 19860100.0,
        "SALE_AMT_CHNL_TTL": 138091320.0,
        "SALE_RATIO": 14.0,
        "IN_YMM_RNK": 0,
        "IN_CHNL_RNK": 2
      },
      {
        "PST_YYYYMM": "202406",
        "CHNL_NM": "직영점",
        "CLASS3": "우븐반바지",
        "SALE_AMT": 10792820.0,
        "SALE_AMT_CHNL_TTL": 138091320.0,
        "SALE_RATIO": 8.0,
        "IN_YMM_RNK": 0,
        "IN_CHNL_RNK": 3
      },
      {
        "PST_YYYYMM": "202406",
        "CHNL_NM": "직영점",
        "CLASS3": "방풍자켓",
        "SALE_AMT": 9068340.0,
        "SALE_AMT_CHNL_TTL": 138091320.0,
        "SALE_RATIO": 7.0,
        "IN_YMM_RNK": 0,
        "IN_CHNL_RNK": 4
      },
      {
        "PST_YYYYMM": "202406",
        "CHNL_NM": "직영점",
        "CLASS3": "우븐팬츠",
        "SALE_AMT": 8013240.0,
        "SALE_AMT_CHNL_TTL": 138091320.0,
        "SALE_RATIO": 6.0,
        "IN_YMM_RNK": 0,
        "IN_CHNL_RNK": 5
      },
      {
        "PST_YYYYMM": "202406",
        "CHNL_NM": "직영점",
        "CLASS3": "운동모",
        "SALE_AMT": 7020980.0,
        "SALE_AMT_CHNL_TTL": 138091320.0,
        "SALE_RATIO": 5.0,
        "IN_YMM_RNK": 0,
        "IN_CHNL_RNK": 6
      },
      {
        "PST_YYYYMM": "202406",
        "CHNL_NM": "직영점",
        "CLASS3": "맨투맨",
        "SALE_AMT": 4409400.0,
        "SALE_AMT_CHNL_TTL": 138091320.0,
        "SALE_RATIO": 3.0,
        "IN_YMM_RNK": 0,
        "IN_CHNL_RNK": 7
      },
      {
        "PST_YYYYMM": "202406",
        "CHNL_NM": "직영점",
        "CLASS3": "반바지",
        "SALE_AMT": 4348830.0,
        "SALE_AMT_CHNL_TTL": 138091320.0,
        "SALE_RATIO": 3.0,
        "IN_YMM_RNK": 0,
        "IN_CHNL_RNK": 8
      },
      {
        "PST_YYYYMM": "202406",
        "CHNL_NM": "직영점",
        "CLASS3": "가방",
        "SALE_AMT": 3236500.0,
        "SALE_AMT_CHNL_TTL": 138091320.0,
        "SALE_RATIO": 2.0,
        "IN_YMM_RNK": 0,
        "IN_CHNL_RNK": 9
      },
      {
        "PST_YYYYMM": "202406",
        "CHNL_NM": "직영점",
        "CLASS3": "슬리퍼",
        "SALE_AMT": 3022820.0,
        "SALE_AMT_CHNL_TTL": 138091320.0,
        "SALE_RATIO": 2.0,
        "IN_YMM_RNK": 0,
        "IN_CHNL_RNK": 10
      },
      {
        "PST_YYYYMM": "202406",
        "CHNL_NM": "직영점",
        "CLASS3": "팬츠",
        "SALE_AMT": 2480400.0,
        "SALE_AMT_CHNL_TTL": 138091320.0,
        "SALE_RATIO": 2.0,
        "IN_YMM_RNK": 0,
        "IN_CHNL_RNK": 11
      },
      {
        "PST_YYYYMM": "202406",
        "CHNL_NM": "직영점",
        "CLASS3": "후드티",
        "SALE_AMT": 1911100.0,
        "SALE_AMT_CHNL_TTL": 138091320.0,
        "SALE_RATIO": 1.0,
        "IN_YMM_RNK": 0,
        "IN_CHNL_RNK": 12
      },
      {
        "PST_YYYYMM": "202406",
        "CHNL_NM": "직영점",
        "CLASS3": "데님셔츠",
        "SALE_AMT": 1612500.0,
        "SALE_AMT_CHNL_TTL": 138091320.0,
        "SALE_RATIO": 1.0,
        "IN_YMM_RNK": 0,
        "IN_CHNL_RNK": 13
      },
      {
        "PST_YYYYMM": "202406",
        "CHNL_NM": "직영점",
        "CLASS3": "우븐셔츠",
        "SALE_AMT": 1450700.0,
        "SALE_AMT_CHNL_TTL": 138091320.0,
        "SALE_RATIO": 1.0,
        "IN_YMM_RNK": 0,
        "IN_CHNL_RNK": 14
      },
      {
        "PST_YYYYMM": "202406",
        "CHNL_NM": "직영점",
        "CLASS3": "햇",
        "SALE_AMT": 1175600.0,
        "SALE_AMT_CHNL_TTL": 138091320.0,
        "SALE_RATIO": 1.0,
        "IN_YMM_RNK": 0,
        "IN_CHNL_RNK": 15
      },
      {
        "PST_YYYYMM": "202406",
        "CHNL_NM": "직영점",
        "CLASS3": "점퍼",
        "SALE_AMT": 1085000.0,
        "SALE_AMT_CHNL_TTL": 138091320.0,
        "SALE_RATIO": 1.0,
        "IN_YMM_RNK": 0,
        "IN_CHNL_RNK": 16
      },
      {
        "PST_YYYYMM": "202406",
        "CHNL_NM": "직영점",
        "CLASS3": "양말",
        "SALE_AMT": 1062130.0,
        "SALE_AMT_CHNL_TTL": 138091320.0,
        "SALE_RATIO": 1.0,
        "IN_YMM_RNK": 0,
        "IN_CHNL_RNK": 17
      },
      {
        "PST_YYYYMM": "202406",
        "CHNL_NM": "직영점",
        "CLASS3": "크로스백",
        "SALE_AMT": 838000.0,
        "SALE_AMT_CHNL_TTL": 138091320.0,
        "SALE_RATIO": 1.0,
        "IN_YMM_RNK": 0,
        "IN_CHNL_RNK": 18
      },
      {
        "PST_YYYYMM": "202406",
        "CHNL_NM": "직영점",
        "CLASS3": "진바지",
        "SALE_AMT": 809080.0,
        "SALE_AMT_CHNL_TTL": 138091320.0,
        "SALE_RATIO": 1.0,
        "IN_YMM_RNK": 0,
        "IN_CHNL_RNK": 19
      },
      {
        "PST_YYYYMM": "202406",
        "CHNL_NM": "직영점",
        "CLASS3": "힙색",
        "SALE_AMT": 717330.0,
        "SALE_AMT_CHNL_TTL": 138091320.0,
        "SALE_RATIO": 1.0,
        "IN_YMM_RNK": 0,
        "IN_CHNL_RNK": 20
      },
      {
        "PST_YYYYMM": "202406",
        "CHNL_NM": "직영점",
        "CLASS3": "스커트",
        "SALE_AMT": 701400.0,
        "SALE_AMT_CHNL_TTL": 138091320.0,
        "SALE_RATIO": 1.0,
        "IN_YMM_RNK": 0,
        "IN_CHNL_RNK": 21
      },
      {
        "PST_YYYYMM": "202406",
        "CHNL_NM": "직영점",
        "CLASS3": "백팩",
        "SALE_AMT": 411100.0,
        "SALE_AMT_CHNL_TTL": 138091320.0,
        "SALE_RATIO": 0.0,
        "IN_YMM_RNK": 0,
        "IN_CHNL_RNK": 22
      },
      {
        "PST_YYYYMM": "202406",
        "CHNL_NM": "직영점",
        "CLASS3": "폴로 티셔츠",
        "SALE_AMT": 384090.0,
        "SALE_AMT_CHNL_TTL": 138091320.0,
        "SALE_RATIO": 0.0,
        "IN_YMM_RNK": 0,
        "IN_CHNL_RNK": 23
      },
      {
        "PST_YYYYMM": "202406",
        "CHNL_NM": "직영점",
        "CLASS3": "긴팔티셔츠",
        "SALE_AMT": 227600.0,
        "SALE_AMT_CHNL_TTL": 138091320.0,
        "SALE_RATIO": 0.0,
        "IN_YMM_RNK": 0,
        "IN_CHNL_RNK": 24
      },
      {
        "PST_YYYYMM": "202406",
        "CHNL_NM": "직영점",
        "CLASS3": "탱크탑",
        "SALE_AMT": 113100.0,
        "SALE_AMT_CHNL_TTL": 138091320.0,
        "SALE_RATIO": 0.0,
        "IN_YMM_RNK": 0,
        "IN_CHNL_RNK": 25
      },
      {
        "PST_YYYYMM": "202406",
        "CHNL_NM": "면세점",
        "CLASS3": "반팔티셔츠",
        "SALE_AMT": 21889000.0,
        "SALE_AMT_CHNL_TTL": 48179990.0,
        "SALE_RATIO": 45.0,
        "IN_YMM_RNK": 0,
        "IN_CHNL_RNK": 1
      },
      {
        "PST_YYYYMM": "202406",
        "CHNL_NM": "면세점",
        "CLASS3": "신발",
        "SALE_AMT": 10957990.0,
        "SALE_AMT_CHNL_TTL": 48179990.0,
        "SALE_RATIO": 23.0,
        "IN_YMM_RNK": 0,
        "IN_CHNL_RNK": 2
      },
      {
        "PST_YYYYMM": "202406",
        "CHNL_NM": "면세점",
        "CLASS3": "슬리퍼",
        "SALE_AMT": 2130000.0,
        "SALE_AMT_CHNL_TTL": 48179990.0,
        "SALE_RATIO": 4.0,
        "IN_YMM_RNK": 0,
        "IN_CHNL_RNK": 3
      },
      {
        "PST_YYYYMM": "202406",
        "CHNL_NM": "면세점",
        "CLASS3": "스커트",
        "SALE_AMT": 2047000.0,
        "SALE_AMT_CHNL_TTL": 48179990.0,
        "SALE_RATIO": 4.0,
        "IN_YMM_RNK": 0,
        "IN_CHNL_RNK": 4
      },
      {
        "PST_YYYYMM": "202406",
        "CHNL_NM": "면세점",
        "CLASS3": "방풍자켓",
        "SALE_AMT": 1819000.0,
        "SALE_AMT_CHNL_TTL": 48179990.0,
        "SALE_RATIO": 4.0,
        "IN_YMM_RNK": 0,
        "IN_CHNL_RNK": 5
      },
      {
        "PST_YYYYMM": "202406",
        "CHNL_NM": "면세점",
        "CLASS3": "우븐팬츠",
        "SALE_AMT": 1608000.0,
        "SALE_AMT_CHNL_TTL": 48179990.0,
        "SALE_RATIO": 3.0,
        "IN_YMM_RNK": 0,
        "IN_CHNL_RNK": 6
      },
      {
        "PST_YYYYMM": "202406",
        "CHNL_NM": "면세점",
        "CLASS3": "우븐반바지",
        "SALE_AMT": 1552000.0,
        "SALE_AMT_CHNL_TTL": 48179990.0,
        "SALE_RATIO": 3.0,
        "IN_YMM_RNK": 0,
        "IN_CHNL_RNK": 7
      },
      {
        "PST_YYYYMM": "202406",
        "CHNL_NM": "면세점",
        "CLASS3": "반바지",
        "SALE_AMT": 1242000.0,
        "SALE_AMT_CHNL_TTL": 48179990.0,
        "SALE_RATIO": 3.0,
        "IN_YMM_RNK": 0,
        "IN_CHNL_RNK": 8
      },
      {
        "PST_YYYYMM": "202406",
        "CHNL_NM": "면세점",
        "CLASS3": "가방",
        "SALE_AMT": 1044000.0,
        "SALE_AMT_CHNL_TTL": 48179990.0,
        "SALE_RATIO": 2.0,
        "IN_YMM_RNK": 0,
        "IN_CHNL_RNK": 9
      },
      {
        "PST_YYYYMM": "202406",
        "CHNL_NM": "면세점",
        "CLASS3": "우븐셔츠",
        "SALE_AMT": 890000.0,
        "SALE_AMT_CHNL_TTL": 48179990.0,
        "SALE_RATIO": 2.0,
        "IN_YMM_RNK": 0,
        "IN_CHNL_RNK": 10
      },
      {
        "PST_YYYYMM": "202406",
        "CHNL_NM": "면세점",
        "CLASS3": "운동모",
        "SALE_AMT": 588000.0,
        "SALE_AMT_CHNL_TTL": 48179990.0,
        "SALE_RATIO": 1.0,
        "IN_YMM_RNK": 0,
        "IN_CHNL_RNK": 11
      },
      {
        "PST_YYYYMM": "202406",
        "CHNL_NM": "면세점",
        "CLASS3": "맨투맨",
        "SALE_AMT": 326000.0,
        "SALE_AMT_CHNL_TTL": 48179990.0,
        "SALE_RATIO": 1.0,
        "IN_YMM_RNK": 0,
        "IN_CHNL_RNK": 12
      },
      {
        "PST_YYYYMM": "202406",
        "CHNL_NM": "면세점",
        "CLASS3": "팬츠",
        "SALE_AMT": 307000.0,
        "SALE_AMT_CHNL_TTL": 48179990.0,
        "SALE_RATIO": 1.0,
        "IN_YMM_RNK": 0,
        "IN_CHNL_RNK": 13
      },
      {
        "PST_YYYYMM": "202406",
        "CHNL_NM": "면세점",
        "CLASS3": "백팩",
        "SALE_AMT": 297000.0,
        "SALE_AMT_CHNL_TTL": 48179990.0,
        "SALE_RATIO": 1.0,
        "IN_YMM_RNK": 0,
        "IN_CHNL_RNK": 14
      },
      {
        "PST_YYYYMM": "202406",
        "CHNL_NM": "면세점",
        "CLASS3": "트레이닝(상의)",
        "SALE_AMT": 297000.0,
        "SALE_AMT_CHNL_TTL": 48179990.0,
        "SALE_RATIO": 1.0,
        "IN_YMM_RNK": 0,
        "IN_CHNL_RNK": 14
      },
      {
        "PST_YYYYMM": "202406",
        "CHNL_NM": "면세점",
        "CLASS3": "햇",
        "SALE_AMT": 243000.0,
        "SALE_AMT_CHNL_TTL": 48179990.0,
        "SALE_RATIO": 1.0,
        "IN_YMM_RNK": 0,
        "IN_CHNL_RNK": 15
      },
      {
        "PST_YYYYMM": "202406",
        "CHNL_NM": "면세점",
        "CLASS3": "힙색",
        "SALE_AMT": 207000.0,
        "SALE_AMT_CHNL_TTL": 48179990.0,
        "SALE_RATIO": 0.0,
        "IN_YMM_RNK": 0,
        "IN_CHNL_RNK": 16
      },
      {
        "PST_YYYYMM": "202406",
        "CHNL_NM": "면세점",
        "CLASS3": "탱크탑",
        "SALE_AMT": 203000.0,
        "SALE_AMT_CHNL_TTL": 48179990.0,
        "SALE_RATIO": 0.0,
        "IN_YMM_RNK": 0,
        "IN_CHNL_RNK": 17
      },
      {
        "PST_YYYYMM": "202406",
        "CHNL_NM": "면세점",
        "CLASS3": "진바지",
        "SALE_AMT": 159000.0,
        "SALE_AMT_CHNL_TTL": 48179990.0,
        "SALE_RATIO": 0.0,
        "IN_YMM_RNK": 0,
        "IN_CHNL_RNK": 18
      },
      {
        "PST_YYYYMM": "202406",
        "CHNL_NM": "면세점",
        "CLASS3": "데님셔츠",
        "SALE_AMT": 129000.0,
        "SALE_AMT_CHNL_TTL": 48179990.0,
        "SALE_RATIO": 0.0,
        "IN_YMM_RNK": 0,
        "IN_CHNL_RNK": 19
      },
      {
        "PST_YYYYMM": "202406",
        "CHNL_NM": "면세점",
        "CLASS3": "후드티",
        "SALE_AMT": 129000.0,
        "SALE_AMT_CHNL_TTL": 48179990.0,
        "SALE_RATIO": 0.0,
        "IN_YMM_RNK": 0,
        "IN_CHNL_RNK": 19
      },
      {
        "PST_YYYYMM": "202406",
        "CHNL_NM": "면세점",
        "CLASS3": "크로스백",
        "SALE_AMT": 69000.0,
        "SALE_AMT_CHNL_TTL": 48179990.0,
        "SALE_RATIO": 0.0,
        "IN_YMM_RNK": 0,
        "IN_CHNL_RNK": 20
      },
      {
        "PST_YYYYMM": "202406",
        "CHNL_NM": "면세점",
        "CLASS3": "양말",
        "SALE_AMT": 47000.0,
        "SALE_AMT_CHNL_TTL": 48179990.0,
        "SALE_RATIO": 0.0,
        "IN_YMM_RNK": 0,
        "IN_CHNL_RNK": 21
      },
      {
        "PST_YYYYMM": "202406",
        "CHNL_NM": "제휴몰",
        "CLASS3": "신발",
        "SALE_AMT": 8174000.0,
        "SALE_AMT_CHNL_TTL": 20454290.0,
        "SALE_RATIO": 40.0,
        "IN_YMM_RNK": 0,
        "IN_CHNL_RNK": 1
      },
      {
        "PST_YYYYMM": "202406",
        "CHNL_NM": "제휴몰",
        "CLASS3": "반팔티셔츠",
        "SALE_AMT": 5796390.0,
        "SALE_AMT_CHNL_TTL": 20454290.0,
        "SALE_RATIO": 28.0,
        "IN_YMM_RNK": 0,
        "IN_CHNL_RNK": 2
      }
    ],
    "total_records_count": 127
  },
  "trend_data": {
    "trend_months": [
      "202306",
      "202406"
    ],
    "monthly_totals": [
      {
        "yyyymm": "202306",
        "total_amount": 77.25
      },
      {
        "yyyymm": "202406",
        "total_amount": 220.17
      }
    ],
    "monthly_details": [
      {
        "yyyymm": "202406",
        "chnl_nm": "직영점",
        "class3": "반팔티셔츠",
        "sale_amt": 53.34,
        "sale_ratio": 39.0
      },
      {
        "yyyymm": "202406",
        "chnl_nm": "직영점",
        "class3": "신발",
        "sale_amt": 19.86,
        "sale_ratio": 14.0
      },
      {
        "yyyymm": "202406",
        "chnl_nm": "직영점",
        "class3": "우븐반바지",
        "sale_amt": 10.79,
        "sale_ratio": 8.0
      },
      {
        "yyyymm": "202406",
        "chnl_nm": "직영점",
        "class3": "방풍자켓",
        "sale_amt": 9.07,
        "sale_ratio": 7.0
      },
      {
        "yyyymm": "202406",
        "chnl_nm": "직영점",
        "class3": "우븐팬츠",
        "sale_amt": 8.01,
        "sale_ratio": 6.0
      },
      {
        "yyyymm": "202406",
        "chnl_nm": "직영점",
        "class3": "운동모",
        "sale_amt": 7.02,
        "sale_ratio": 5.0
      },
      {
        "yyyymm": "202406",
        "chnl_nm": "직영점",
        "class3": "맨투맨",
        "sale_amt": 4.41,
        "sale_ratio": 3.0
      },
      {
        "yyyymm": "202406",
        "chnl_nm": "직영점",
        "class3": "반바지",
        "sale_amt": 4.35,
        "sale_ratio": 3.0
      },
      {
        "yyyymm": "202406",
        "chnl_nm": "직영점",
        "class3": "가방",
        "sale_amt": 3.24,
        "sale_ratio": 2.0
      },
      {
        "yyyymm": "202406",
        "chnl_nm": "직영점",
        "class3": "슬리퍼",
        "sale_amt": 3.02,
        "sale_ratio": 2.0
      },
      {
        "yyyymm": "202406",
        "chnl_nm": "직영점",
        "class3": "팬츠",
        "sale_amt": 2.48,
        "sale_ratio": 2.0
      },
      {
        "yyyymm": "202406",
        "chnl_nm": "직영점",
        "class3": "후드티",
        "sale_amt": 1.91,
        "sale_ratio": 1.0
      },
      {
        "yyyymm": "202406",
        "chnl_nm": "직영점",
        "class3": "데님셔츠",
        "sale_amt": 1.61,
        "sale_ratio": 1.0
      },
      {
        "yyyymm": "202406",
        "chnl_nm": "직영점",
        "class3": "우븐셔츠",
        "sale_amt": 1.45,
        "sale_ratio": 1.0
      },
      {
        "yyyymm": "202406",
        "chnl_nm": "직영점",
        "class3": "햇",
        "sale_amt": 1.18,
        "sale_ratio": 1.0
      },
      {
        "yyyymm": "202406",
        "chnl_nm": "직영점",
        "class3": "점퍼",
        "sale_amt": 1.08,
        "sale_ratio": 1.0
      },
      {
        "yyyymm": "202406",
        "chnl_nm": "직영점",
        "class3": "양말",
        "sale_amt": 1.06,
        "sale_ratio": 1.0
      },
      {
        "yyyymm": "202406",
        "chnl_nm": "직영점",
        "class3": "크로스백",
        "sale_amt": 0.84,
        "sale_ratio": 1.0
      },
      {
        "yyyymm": "202406",
        "chnl_nm": "직영점",
        "class3": "진바지",
        "sale_amt": 0.81,
        "sale_ratio": 1.0
      },
      {
        "yyyymm": "202406",
        "chnl_nm": "직영점",
        "class3": "힙색",
        "sale_amt": 0.72,
        "sale_ratio": 1.0
      },
      {
        "yyyymm": "202406",
        "chnl_nm": "직영점",
        "class3": "스커트",
        "sale_amt": 0.7,
        "sale_ratio": 1.0
      },
      {
        "yyyymm": "202406",
        "chnl_nm": "직영점",
        "class3": "백팩",
        "sale_amt": 0.41,
        "sale_ratio": 0.0
      },
      {
        "yyyymm": "202406",
        "chnl_nm": "직영점",
        "class3": "폴로 티셔츠",
        "sale_amt": 0.38,
        "sale_ratio": 0.0
      },
      {
        "yyyymm": "202406",
        "chnl_nm": "직영점",
        "class3": "긴팔티셔츠",
        "sale_amt": 0.23,
        "sale_ratio": 0.0
      },
      {
        "yyyymm": "202406",
        "chnl_nm": "직영점",
        "class3": "탱크탑",
        "sale_amt": 0.11,
        "sale_ratio": 0.0
      },
      {
        "yyyymm": "202406",
        "chnl_nm": "면세점",
        "class3": "반팔티셔츠",
        "sale_amt": 21.89,
        "sale_ratio": 45.0
      },
      {
        "yyyymm": "202406",
        "chnl_nm": "면세점",
        "class3": "신발",
        "sale_amt": 10.96,
        "sale_ratio": 23.0
      },
      {
        "yyyymm": "202406",
        "chnl_nm": "면세점",
        "class3": "슬리퍼",
        "sale_amt": 2.13,
        "sale_ratio": 4.0
      },
      {
        "yyyymm": "202406",
        "chnl_nm": "면세점",
        "class3": "스커트",
        "sale_amt": 2.05,
        "sale_ratio": 4.0
      },
      {
        "yyyymm": "202406",
        "chnl_nm": "면세점",
        "class3": "방풍자켓",
        "sale_amt": 1.82,
        "sale_ratio": 4.0
      },
      {
        "yyyymm": "202406",
        "chnl_nm": "면세점",
        "class3": "우븐팬츠",
        "sale_amt": 1.61,
        "sale_ratio": 3.0
      },
      {
        "yyyymm": "202406",
        "chnl_nm": "면세점",
        "class3": "우븐반바지",
        "sale_amt": 1.55,
        "sale_ratio": 3.0
      },
      {
        "yyyymm": "202406",
        "chnl_nm": "면세점",
        "class3": "반바지",
        "sale_amt": 1.24,
        "sale_ratio": 3.0
      },
      {
        "yyyymm": "202406",
        "chnl_nm": "면세점",
        "class3": "가방",
        "sale_amt": 1.04,
        "sale_ratio": 2.0
      },
      {
        "yyyymm": "202406",
        "chnl_nm": "면세점",
        "class3": "우븐셔츠",
        "sale_amt": 0.89,
        "sale_ratio": 2.0
      },
      {
        "yyyymm": "202406",
        "chnl_nm": "면세점",
        "class3": "운동모",
        "sale_amt": 0.59,
        "sale_ratio": 1.0
      },
      {
        "yyyymm": "202406",
        "chnl_nm": "면세점",
        "class3": "맨투맨",
        "sale_amt": 0.33,
        "sale_ratio": 1.0
      },
      {
        "yyyymm": "202406",
        "chnl_nm": "면세점",
        "class3": "팬츠",
        "sale_amt": 0.31,
        "sale_ratio": 1.0
      },
      {
        "yyyymm": "202406",
        "chnl_nm": "면세점",
        "class3": "백팩",
        "sale_amt": 0.3,
        "sale_ratio": 1.0
      },
      {
        "yyyymm": "202406",
        "chnl_nm": "면세점",
        "class3": "트레이닝(상의)",
        "sale_amt": 0.3,
        "sale_ratio": 1.0
      },
      {
        "yyyymm": "202406",
        "chnl_nm": "면세점",
        "class3": "햇",
        "sale_amt": 0.24,
        "sale_ratio": 1.0
      },
      {
        "yyyymm": "202406",
        "chnl_nm": "면세점",
        "class3": "힙색",
        "sale_amt": 0.21,
        "sale_ratio": 0.0
      },
      {
        "yyyymm": "202406",
        "chnl_nm": "면세점",
        "class3": "탱크탑",
        "sale_amt": 0.2,
        "sale_ratio": 0.0
      },
      {
        "yyyymm": "202406",
        "chnl_nm": "면세점",
        "class3": "진바지",
        "sale_amt": 0.16,
        "sale_ratio": 0.0
      },
      {
        "yyyymm": "202406",
        "chnl_nm": "면세점",
        "class3": "데님셔츠",
        "sale_amt": 0.13,
        "sale_ratio": 0.0
      },
      {
        "yyyymm": "202406",
        "chnl_nm": "면세점",
        "class3": "후드티",
        "sale_amt": 0.13,
        "sale_ratio": 0.0
      },
      {
        "yyyymm": "202406",
        "chnl_nm": "면세점",
        "class3": "크로스백",
        "sale_amt": 0.07,
        "sale_ratio": 0.0
      },
      {
        "yyyymm": "202406",
        "chnl_nm": "면세점",
        "class3": "양말",
        "sale_amt": 0.05,
        "sale_ratio": 0.0
      },
      {
        "yyyymm": "202406",
        "chnl_nm": "제휴몰",
        "class3": "신발",
        "sale_amt": 8.17,
        "sale_ratio": 40.0
      },
      {
        "yyyymm": "202406",
        "chnl_nm": "제휴몰",
        "class3": "반팔티셔츠",
        "sale_amt": 5.8,
        "sale_ratio": 28.0
      },
      {
        "yyyymm": "202406",
        "chnl_nm": "제휴몰",
        "class3": "방풍자켓",
        "sale_amt": 1.93,
        "sale_ratio": 9.0
      },
      {
        "yyyymm": "202406",
        "chnl_nm": "제휴몰",
        "class3": "운동모",
        "sale_amt": 1.2,
        "sale_ratio": 6.0
      },
      {
        "yyyymm": "202406",
        "chnl_nm": "제휴몰",
        "class3": "폴로 티셔츠",
        "sale_amt": 0.89,
        "sale_ratio": 4.0
      },
      {
        "yyyymm": "202406",
        "chnl_nm": "제휴몰",
        "class3": "슬리퍼",
        "sale_amt": 0.49,
        "sale_ratio": 2.0
      },
      {
        "yyyymm": "202406",
        "chnl_nm": "제휴몰",
        "class3": "우븐반바지",
        "sale_amt": 0.48,
        "sale_ratio": 2.0
      },
      {
        "yyyymm": "202406",
        "chnl_nm": "제휴몰",
        "class3": "우븐팬츠",
        "sale_amt": 0.28,
        "sale_ratio": 1.0
      },
      {
        "yyyymm": "202406",
        "chnl_nm": "제휴몰",
        "class3": "반바지",
        "sale_amt": 0.28,
        "sale_ratio": 1.0
      },
      {
        "yyyymm": "202406",
        "chnl_nm": "제휴몰",
        "class3": "가방",
        "sale_amt": 0.24,
        "sale_ratio": 1.0
      },
      {
        "yyyymm": "202406",
        "chnl_nm": "제휴몰",
        "class3": "팬츠",
        "sale_amt": 0.2,
        "sale_ratio": 1.0
      },
      {
        "yyyymm": "202406",
        "chnl_nm": "제휴몰",
        "class3": "양말",
        "sale_amt": 0.17,
        "sale_ratio": 1.0
      },
      {
        "yyyymm": "202406",
        "chnl_nm": "제휴몰",
        "class3": "우븐셔츠",
        "sale_amt": 0.13,
        "sale_ratio": 1.0
      },
      {
        "yyyymm": "202406",
        "chnl_nm": "제휴몰",
        "class3": "스커트",
        "sale_amt": 0.11,
        "sale_ratio": 1.0
      },
      {
        "yyyymm": "202406",
        "chnl_nm": "제휴몰",
        "class3": "햇",
        "sale_amt": 0.06,
        "sale_ratio": 0.0
      },
      {
        "yyyymm": "202406",
        "chnl_nm": "제휴몰",
        "class3": "탱크탑",
        "sale_amt": 0.03,
        "sale_ratio": 0.0
      },
      {
        "yyyymm": "202406",
        "chnl_nm": "자사몰",
        "class3": "신발",
        "sale_amt": 5.67,
        "sale_ratio": 42.0
      },
      {
        "yyyymm": "202406",
        "chnl_nm": "자사몰",
        "class3": "반팔티셔츠",
        "sale_amt": 4.83,
        "sale_ratio": 36.0
      },
      {
        "yyyymm": "202406",
        "chnl_nm": "자사몰",
        "class3": "우븐반바지",
        "sale_amt": 0.68,
        "sale_ratio": 5.0
      },
      {
        "yyyymm": "202406",
        "chnl_nm": "자사몰",
        "class3": "운동모",
        "sale_amt": 0.55,
        "sale_ratio": 4.0
      },
      {
        "yyyymm": "202406",
        "chnl_nm": "자사몰",
        "class3": "방풍자켓",
        "sale_amt": 0.46,
        "sale_ratio": 3.0
      },
      {
        "yyyymm": "202406",
        "chnl_nm": "자사몰",
        "class3": "우븐셔츠",
        "sale_amt": 0.39,
        "sale_ratio": 3.0
      },
      {
        "yyyymm": "202406",
        "chnl_nm": "자사몰",
        "class3": "우븐팬츠",
        "sale_amt": 0.26,
        "sale_ratio": 2.0
      },
      {
        "yyyymm": "202406",
        "chnl_nm": "자사몰",
        "class3": "슬리퍼",
        "sale_amt": 0.25,
        "sale_ratio": 2.0
      },
      {
        "yyyymm": "202406",
        "chnl_nm": "자사몰",
        "class3": "반바지",
        "sale_amt": 0.21,
        "sale_ratio": 2.0
      },
      {
        "yyyymm": "202406",
        "chnl_nm": "자사몰",
        "class3": "가방",
        "sale_amt": 0.13,
        "sale_ratio": 1.0
      },
      {
        "yyyymm": "202406",
        "chnl_nm": "자사몰",
        "class3": "양말",
        "sale_amt": 0.02,
        "sale_ratio": 0.0
      },
      {
        "yyyymm": "202306",
        "chnl_nm": "면세점",
        "class3": "반팔티셔츠",
        "sale_amt": 19.2,
        "sale_ratio": 38.0
      },
      {
        "yyyymm": "202306",
        "chnl_nm": "면세점",
        "class3": "신발",
        "sale_amt": 16.09,
        "sale_ratio": 32.0
      },
      {
        "yyyymm": "202306",
        "chnl_nm": "면세점",
        "class3": "슬리퍼",
        "sale_amt": 6.88,
        "sale_ratio": 14.0
      },
      {
        "yyyymm": "202306",
        "chnl_nm": "면세점",
        "class3": "우븐반바지",
        "sale_amt": 1.82,
        "sale_ratio": 4.0
      },
      {
        "yyyymm": "202306",
        "chnl_nm": "면세점",
        "class3": "팬츠",
        "sale_amt": 1.49,
        "sale_ratio": 3.0
      },
      {
        "yyyymm": "202306",
        "chnl_nm": "면세점",
        "class3": "반바지",
        "sale_amt": 1.17,
        "sale_ratio": 2.0
      },
      {
        "yyyymm": "202306",
        "chnl_nm": "면세점",
        "class3": "방풍자켓",
        "sale_amt": 1.04,
        "sale_ratio": 2.0
      },
      {
        "yyyymm": "202306",
        "chnl_nm": "면세점",
        "class3": "트레이닝 숏팬츠",
        "sale_amt": 0.92,
        "sale_ratio": 2.0
      },
      {
        "yyyymm": "202306",
        "chnl_nm": "면세점",
        "class3": "우븐팬츠",
        "sale_amt": 0.64,
        "sale_ratio": 1.0
      },
      {
        "yyyymm": "202306",
        "chnl_nm": "면세점",
        "class3": "점퍼",
        "sale_amt": 0.36,
        "sale_ratio": 1.0
      },
      {
        "yyyymm": "202306",
        "chnl_nm": "면세점",
        "class3": "우븐셔츠",
        "sale_amt": 0.32,
        "sale_ratio": 1.0
      },
      {
        "yyyymm": "202306",
        "chnl_nm": "면세점",
        "class3": "운동모",
        "sale_amt": 0.29,
        "sale_ratio": 1.0
      },
      {
        "yyyymm": "202306",
        "chnl_nm": "면세점",
        "class3": "후드티",
        "sale_amt": 0.2,
        "sale_ratio": 0.0
      },
      {
        "yyyymm": "202306",
        "chnl_nm": "면세점",
        "class3": "탱크탑",
        "sale_amt": 0.09,
        "sale_ratio": 0.0
      },
      {
        "yyyymm": "202306",
        "chnl_nm": "면세점",
        "class3": "햇",
        "sale_amt": 0.08,
        "sale_ratio": 0.0
      },
      {
        "yyyymm": "202306",
        "chnl_nm": "면세점",
        "class3": "양말",
        "sale_amt": 0.01,
        "sale_ratio": 0.0
      },
      {
        "yyyymm": "202306",
        "chnl_nm": "면세점",
        "class3": "트레이닝(하의)",
        "sale_amt": 0.0,
        "sale_ratio": 0.0
      },
      {
        "yyyymm": "202306",
        "chnl_nm": "백화점",
        "class3": "반팔티셔츠",
        "sale_amt": 4.69,
        "sale_ratio": 47.0
      },
      {
        "yyyymm": "202306",
        "chnl_nm": "백화점",
        "class3": "신발",
        "sale_amt": 1.03,
        "sale_ratio": 10.0
      },
      {
        "yyyymm": "202306",
        "chnl_nm": "백화점",
        "class3": "슬리퍼",
        "sale_amt": 0.93,
        "sale_ratio": 9.0
      },
      {
        "yyyymm": "202306",
        "chnl_nm": "백화점",
        "class3": "우븐반바지",
        "sale_amt": 0.73,
        "sale_ratio": 7.0
      },
      {
        "yyyymm": "202306",
        "chnl_nm": "백화점",
        "class3": "점퍼",
        "sale_amt": 0.62,
        "sale_ratio": 6.0
      },
      {
        "yyyymm": "202306",
        "chnl_nm": "백화점",
        "class3": "반바지",
        "sale_amt": 0.5,
        "sale_ratio": 5.0
      },
      {
        "yyyymm": "202306",
        "chnl_nm": "백화점",
        "class3": "우븐셔츠",
        "sale_amt": 0.44,
        "sale_ratio": 4.0
      },
      {
        "yyyymm": "202306",
        "chnl_nm": "백화점",
        "class3": "트레이닝 숏팬츠",
        "sale_amt": 0.38,
        "sale_ratio": 4.0
      },
      {
        "yyyymm": "202306",
        "chnl_nm": "백화점",
        "class3": "긴팔티셔츠",
        "sale_amt": 0.2,
        "sale_ratio": 2.0
      },
      {
        "yyyymm": "202306",
        "chnl_nm": "백화점",
        "class3": "맨투맨",
        "sale_amt": 0.16,
        "sale_ratio": 2.0
      },
      {
        "yyyymm": "202306",
        "chnl_nm": "백화점",
        "class3": "햇",
        "sale_amt": 0.14,
        "sale_ratio": 1.0
      },
      {
        "yyyymm": "202306",
        "chnl_nm": "백화점",
        "class3": "운동모",
        "sale_amt": 0.12,
        "sale_ratio": 1.0
      },
      {
        "yyyymm": "202306",
        "chnl_nm": "백화점",
        "class3": "양말",
        "sale_amt": 0.04,
        "sale_ratio": 0.0
      },
      {
        "yyyymm": "202306",
        "chnl_nm": "백화점",
        "class3": "쇼핑백",
        "sale_amt": 0.0,
        "sale_ratio": 0.0
      },
      {
        "yyyymm": "202306",
        "chnl_nm": "자사몰",
        "class3": "반팔티셔츠",
        "sale_amt": 4.64,
        "sale_ratio": 52.0
      },
      {
        "yyyymm": "202306",
        "chnl_nm": "자사몰",
        "class3": "신발",
        "sale_amt": 1.97,
        "sale_ratio": 22.0
      },
      {
        "yyyymm": "202306",
        "chnl_nm": "자사몰",
        "class3": "반바지",
        "sale_amt": 0.61,
        "sale_ratio": 7.0
      },
      {
        "yyyymm": "202306",
        "chnl_nm": "자사몰",
        "class3": "우븐반바지",
        "sale_amt": 0.53,
        "sale_ratio": 6.0
      },
      {
        "yyyymm": "202306",
        "chnl_nm": "자사몰",
        "class3": "우븐팬츠",
        "sale_amt": 0.33,
        "sale_ratio": 4.0
      },
      {
        "yyyymm": "202306",
        "chnl_nm": "자사몰",
        "class3": "점퍼",
        "sale_amt": 0.26,
        "sale_ratio": 3.0
      },
      {
        "yyyymm": "202306",
        "chnl_nm": "자사몰",
        "class3": "슬리퍼",
        "sale_amt": 0.22,
        "sale_ratio": 2.0
      },
      {
        "yyyymm": "202306",
        "chnl_nm": "자사몰",
        "class3": "후드티",
        "sale_amt": 0.18,
        "sale_ratio": 2.0
      },
      {
        "yyyymm": "202306",
        "chnl_nm": "자사몰",
        "class3": "운동모",
        "sale_amt": 0.12,
        "sale_ratio": 1.0
      },
      {
        "yyyymm": "202306",
        "chnl_nm": "자사몰",
        "class3": "팬츠",
        "sale_amt": 0.1,
        "sale_ratio": 1.0
      },
      {
        "yyyymm": "202306",
        "chnl_nm": "자사몰",
        "class3": "맨투맨",
        "sale_amt": 0.0,
        "sale_ratio": 0.0
      },
      {
        "yyyymm": "202306",
        "chnl_nm": "제휴몰",
        "class3": "반팔티셔츠",
        "sale_amt": 3.98,
        "sale_ratio": 51.0
      },
      {
        "yyyymm": "202306",
        "chnl_nm": "제휴몰",
        "class3": "신발",
        "sale_amt": 2.63,
        "sale_ratio": 34.0
      },
      {
        "yyyymm": "202306",
        "chnl_nm": "제휴몰",
        "class3": "반바지",
        "sale_amt": 0.27,
        "sale_ratio": 3.0
      },
      {
        "yyyymm": "202306",
        "chnl_nm": "제휴몰",
        "class3": "점퍼",
        "sale_amt": 0.26,
        "sale_ratio": 3.0
      },
      {
        "yyyymm": "202306",
        "chnl_nm": "제휴몰",
        "class3": "양말",
        "sale_amt": 0.21,
        "sale_ratio": 3.0
      },
      {
        "yyyymm": "202306",
        "chnl_nm": "제휴몰",
        "class3": "후드티",
        "sale_amt": 0.18,
        "sale_ratio": 2.0
      },
      {
        "yyyymm": "202306",
        "chnl_nm": "제휴몰",
        "class3": "팬츠",
        "sale_amt": 0.16,
        "sale_ratio": 2.0
      },
      {
        "yyyymm": "202306",
        "chnl_nm": "제휴몰",
        "class3": "운동모",
        "sale_amt": 0.06,
        "sale_ratio": 1.0
      },
      {
        "yyyymm": "202306",
        "chnl_nm": "제휴몰",
        "class3": "슬리퍼",
        "sale_amt": 0.0,
        "sale_ratio": 0.0
      },
      {
        "yyyymm": "202306",
        "chnl_nm": "제휴몰",
        "class3": "햇",
        "sale_amt": 0.0,
        "sale_ratio": 0.0
      }
    ]
  }
}