{
  "country": "KR",
  "brand_cd": "V",
  "brand_name": "DUVETICA",
  "yyyymm": "202409",
  "yyyymm_py": "202309",
  "key": "월별아이템별매출추세",
  "analysis_data": {
    "title": "아이템별 매출 종합분석 (당해 1월~현재월)",
    "sections": [
      {
        "div": "종합분석-1",
        "sub_title": "시즌 트렌드",
        "ai_text": "• 24F 의류는 5월부터 본격 판매 시작하여 9월 264백만원으로 급성장하며 총 541백만원 매출을 기록, 전년대비 109.8% 증가로 견조한 성장세\n• 24S 의류는 3-5월 피크(318-258백만원)를 보인 후 하락세로 총 1,575백만원 매출, 전년대비 282.6% 대폭 증가하여 강력한 성장 모멘텀 확인\n• 과시즌 의류는 총 4,265백만원으로 전체 매출의 62.0%를 차지하는 핵심 카테고리이며, 1월(861백만원)과 9월(1,036백만원) 높은 매출로 연중 안정적 수요 유지"
      },
      {
        "div": "종합분석-2",
        "sub_title": "카테고리",
        "ai_text": "• 모자는 총 102백만원으로 4-8월 안정적인 13-14백만원 수준 유지하며 전년대비 156.8% 증가, 꾸준한 성장세와 계절별 균등한 판매 패턴 보임\n• 신발은 총 227백만원으로 1월 62백만원에서 지속 하락하여 9월 11백만원까지 감소, 전년대비 성장률 0%로 카테고리 내 가장 부진한 성과\n• 가방은 총 155백만원으로 월평균 17백만원 수준의 안정적 매출과 전년대비 329.2% 폭발적 성장을 기록하여 액세서리 중 가장 높은 성장률 달성"
      },
      {
        "div": "종합분석-3",
        "sub_title": "핵심액션",
        "ai_text": "• 과시즌 의류의 62% 매출 비중을 활용하여 연중 상시 프로모션 강화 및 시즌리스 아이템 라인업 확대로 안정적 매출 기반 구축\n• 신발 카테고리 부진 타개를 위해 트렌드 분석 기반 신상품 개발 및 타겟 고객층 재정의를 통한 마케팅 전략 전면 개편 필요\n• 가방(329% 성장)과 모자(157% 성장) 카테고리의 성공 요인 분석 후 신발 및 기타ACC에 적용하여 액세서리 전체 매출 시너지 극대화"
      }
    ]
  },
  "summary": {
    "total_sales": 6882.0,
    "unique_months": 9,
    "analysis_period": "2024년 01월 ~ 2024년 09월"
  },
  "season_items": [
    {
      "name": "과시즌 의류",
      "total_sales": 4265.0,
      "months": {
        "01": 861.0,
        "02": 437.0,
        "03": 393.0,
        "04": 400.0,
        "05": 226.0,
        "06": 166.0,
        "07": 328.0,
        "08": 418.0,
        "09": 1036.0
      },
      "avg_ratio": 58.22222222222222,
      "avg_yoy": 231.33333333333334
    },
    {
      "name": "24S 의류",
      "total_sales": 1575.0,
      "months": {
        "01": 85.0,
        "02": 196.0,
        "03": 318.0,
        "04": 258.0,
        "05": 258.0,
        "06": 171.0,
        "07": 101.0,
        "08": 127.0,
        "09": 61.0
      },
      "avg_ratio": 26.11111111111111,
      "avg_yoy": 282.55555555555554
    },
    {
      "name": "24F 의류",
      "total_sales": 541.0,
      "months": {
        "04": 0.0,
        "05": 64.0,
        "06": 62.0,
        "07": 65.0,
        "08": 86.0,
        "09": 264.0
      },
      "avg_ratio": 11.5,
      "avg_yoy": 109.83333333333333
    }
  ],
  "category_items": [
    {
      "name": "신발",
      "total_sales": 227.0,
      "months": {
        "01": 62.0,
        "02": 25.0,
        "03": 33.0,
        "04": 19.0,
        "05": 19.0,
        "06": 20.0,
        "07": 22.0,
        "08": 16.0,
        "09": 11.0
      },
      "avg_ratio": 3.5555555555555554,
      "avg_yoy": 0.0
    },
    {
      "name": "가방",
      "total_sales": 155.0,
      "months": {
        "01": 15.0,
        "02": 11.0,
        "03": 17.0,
        "04": 22.0,
        "05": 14.0,
        "06": 14.0,
        "07": 19.0,
        "08": 25.0,
        "09": 18.0
      },
      "avg_ratio": 2.3333333333333335,
      "avg_yoy": 329.22222222222223
    },
    {
      "name": "모자",
      "total_sales": 102.0,
      "months": {
        "01": 8.0,
        "02": 8.0,
        "03": 10.0,
        "04": 14.0,
        "05": 13.0,
        "06": 13.0,
        "07": 13.0,
        "08": 13.0,
        "09": 10.0
      },
      "avg_ratio": 1.6666666666666667,
      "avg_yoy": 156.77777777777777
    },
    {
      "name": "기타ACC",
      "total_sales": 18.0,
      "months": {
        "01": 4.0,
        "02": 1.0,
        "03": 1.0,
        "04": 3.0,
        "05": 1.0,
        "06": 1.0,
        "07": 2.0,
        "08": 3.0,
        "09": 2.0
      },
      "avg_ratio": 0.0,
      "avg_yoy": 135.55555555555554
    }
  ],
  "raw_data": {
    "sample_records": [
      {
        "MONTH": "01",
        "CHNL_NM": "전체",
        "SALE_AMT": 1034.0,
        "RATIO": 100.0,
        "YOY": 93.0,
        "SEQ": 1
      },
      {
        "MONTH": "01",
        "CHNL_NM": "백화점",
        "SALE_AMT": 506.0,
        "RATIO": 49.0,
        "YOY": 97.0,
        "SEQ": 2
      },
      {
        "MONTH": "01",
        "CHNL_NM": "직영기타",
        "SALE_AMT": 83.0,
        "RATIO": 8.0,
        "YOY": 142.0,
        "SEQ": 2
      },
      {
        "MONTH": "01",
        "CHNL_NM": "제휴몰",
        "SALE_AMT": 79.0,
        "RATIO": 8.0,
        "YOY": 254.0,
        "SEQ": 2
      },
      {
        "MONTH": "01",
        "CHNL_NM": "자사몰",
        "SALE_AMT": 79.0,
        "RATIO": 8.0,
        "YOY": 890.0,
        "SEQ": 2
      },
      {
        "MONTH": "01",
        "CHNL_NM": "아울렛",
        "SALE_AMT": 287.0,
        "RATIO": 28.0,
        "YOY": 59.0,
        "SEQ": 2
      },
      {
        "MONTH": "01",
        "CHNL_NM": "24S 의류",
        "SALE_AMT": 85.0,
        "RATIO": 8.0,
        "YOY": 1061.0,
        "SEQ": 3
      },
      {
        "MONTH": "01",
        "CHNL_NM": "과시즌 의류",
        "SALE_AMT": 861.0,
        "RATIO": 83.0,
        "YOY": 79.0,
        "SEQ": 3
      },
      {
        "MONTH": "01",
        "CHNL_NM": "모자",
        "SALE_AMT": 8.0,
        "RATIO": 1.0,
        "YOY": 185.0,
        "SEQ": 3
      },
      {
        "MONTH": "01",
        "CHNL_NM": "신발",
        "SALE_AMT": 62.0,
        "RATIO": 6.0,
        "YOY": 0.0,
        "SEQ": 3
      },
      {
        "MONTH": "01",
        "CHNL_NM": "가방",
        "SALE_AMT": 15.0,
        "RATIO": 1.0,
        "YOY": 431.0,
        "SEQ": 3
      },
      {
        "MONTH": "01",
        "CHNL_NM": "기타ACC",
        "SALE_AMT": 4.0,
        "RATIO": 0.0,
        "YOY": 116.0,
        "SEQ": 3
      },
      {
        "MONTH": "02",
        "CHNL_NM": "전체",
        "SALE_AMT": 678.0,
        "RATIO": 100.0,
        "YOY": 120.0,
        "SEQ": 1
      },
      {
        "MONTH": "02",
        "CHNL_NM": "백화점",
        "SALE_AMT": 279.0,
        "RATIO": 41.0,
        "YOY": 129.0,
        "SEQ": 2
      },
      {
        "MONTH": "02",
        "CHNL_NM": "직영기타",
        "SALE_AMT": 96.0,
        "RATIO": 14.0,
        "YOY": 378.0,
        "SEQ": 2
      },
      {
        "MONTH": "02",
        "CHNL_NM": "제휴몰",
        "SALE_AMT": 74.0,
        "RATIO": 11.0,
        "YOY": 541.0,
        "SEQ": 2
      },
      {
        "MONTH": "02",
        "CHNL_NM": "자사몰",
        "SALE_AMT": 36.0,
        "RATIO": 5.0,
        "YOY": 780.0,
        "SEQ": 2
      },
      {
        "MONTH": "02",
        "CHNL_NM": "아울렛",
        "SALE_AMT": 194.0,
        "RATIO": 29.0,
        "YOY": 63.0,
        "SEQ": 2
      },
      {
        "MONTH": "02",
        "CHNL_NM": "24S 의류",
        "SALE_AMT": 196.0,
        "RATIO": 29.0,
        "YOY": 212.0,
        "SEQ": 3
      },
      {
        "MONTH": "02",
        "CHNL_NM": "과시즌 의류",
        "SALE_AMT": 437.0,
        "RATIO": 64.0,
        "YOY": 94.0,
        "SEQ": 3
      },
      {
        "MONTH": "02",
        "CHNL_NM": "모자",
        "SALE_AMT": 8.0,
        "RATIO": 1.0,
        "YOY": 171.0,
        "SEQ": 3
      },
      {
        "MONTH": "02",
        "CHNL_NM": "신발",
        "SALE_AMT": 25.0,
        "RATIO": 4.0,
        "YOY": 0.0,
        "SEQ": 3
      },
      {
        "MONTH": "02",
        "CHNL_NM": "가방",
        "SALE_AMT": 11.0,
        "RATIO": 2.0,
        "YOY": 280.0,
        "SEQ": 3
      },
      {
        "MONTH": "02",
        "CHNL_NM": "기타ACC",
        "SALE_AMT": 1.0,
        "RATIO": 0.0,
        "YOY": 75.0,
        "SEQ": 3
      },
      {
        "MONTH": "03",
        "CHNL_NM": "전체",
        "SALE_AMT": 771.0,
        "RATIO": 100.0,
        "YOY": 244.0,
        "SEQ": 1
      },
      {
        "MONTH": "03",
        "CHNL_NM": "백화점",
        "SALE_AMT": 311.0,
        "RATIO": 40.0,
        "YOY": 205.0,
        "SEQ": 2
      },
      {
        "MONTH": "03",
        "CHNL_NM": "직영기타",
        "SALE_AMT": 85.0,
        "RATIO": 11.0,
        "YOY": 283.0,
        "SEQ": 2
      },
      {
        "MONTH": "03",
        "CHNL_NM": "제휴몰",
        "SALE_AMT": 81.0,
        "RATIO": 10.0,
        "YOY": 636.0,
        "SEQ": 2
      },
      {
        "MONTH": "03",
        "CHNL_NM": "자사몰",
        "SALE_AMT": 64.0,
        "RATIO": 8.0,
        "YOY": 423.0,
        "SEQ": 2
      },
      {
        "MONTH": "03",
        "CHNL_NM": "아울렛",
        "SALE_AMT": 230.0,
        "RATIO": 30.0,
        "YOY": 217.0,
        "SEQ": 2
      },
      {
        "MONTH": "03",
        "CHNL_NM": "24S 의류",
        "SALE_AMT": 318.0,
        "RATIO": 41.0,
        "YOY": 215.0,
        "SEQ": 3
      },
      {
        "MONTH": "03",
        "CHNL_NM": "과시즌 의류",
        "SALE_AMT": 393.0,
        "RATIO": 51.0,
        "YOY": 253.0,
        "SEQ": 3
      },
      {
        "MONTH": "03",
        "CHNL_NM": "모자",
        "SALE_AMT": 10.0,
        "RATIO": 1.0,
        "YOY": 143.0,
        "SEQ": 3
      },
      {
        "MONTH": "03",
        "CHNL_NM": "신발",
        "SALE_AMT": 33.0,
        "RATIO": 4.0,
        "YOY": 0.0,
        "SEQ": 3
      },
      {
        "MONTH": "03",
        "CHNL_NM": "가방",
        "SALE_AMT": 17.0,
        "RATIO": 2.0,
        "YOY": 320.0,
        "SEQ": 3
      },
      {
        "MONTH": "03",
        "CHNL_NM": "기타ACC",
        "SALE_AMT": 1.0,
        "RATIO": 0.0,
        "YOY": 102.0,
        "SEQ": 3
      },
      {
        "MONTH": "04",
        "CHNL_NM": "전체",
        "SALE_AMT": 716.0,
        "RATIO": 100.0,
        "YOY": 161.0,
        "SEQ": 1
      },
      {
        "MONTH": "04",
        "CHNL_NM": "백화점",
        "SALE_AMT": 301.0,
        "RATIO": 42.0,
        "YOY": 189.0,
        "SEQ": 2
      },
      {
        "MONTH": "04",
        "CHNL_NM": "직영기타",
        "SALE_AMT": 82.0,
        "RATIO": 11.0,
        "YOY": 359.0,
        "SEQ": 2
      },
      {
        "MONTH": "04",
        "CHNL_NM": "제휴몰",
        "SALE_AMT": 94.0,
        "RATIO": 13.0,
        "YOY": 633.0,
        "SEQ": 2
      },
      {
        "MONTH": "04",
        "CHNL_NM": "자사몰",
        "SALE_AMT": 48.0,
        "RATIO": 7.0,
        "YOY": 111.0,
        "SEQ": 2
      },
      {
        "MONTH": "04",
        "CHNL_NM": "아울렛",
        "SALE_AMT": 190.0,
        "RATIO": 27.0,
        "YOY": 93.0,
        "SEQ": 2
      },
      {
        "MONTH": "04",
        "CHNL_NM": "24F 의류",
        "SALE_AMT": 0.0,
        "RATIO": 0.0,
        "YOY": 0.0,
        "SEQ": 3
      },
      {
        "MONTH": "04",
        "CHNL_NM": "24S 의류",
        "SALE_AMT": 258.0,
        "RATIO": 36.0,
        "YOY": 111.0,
        "SEQ": 3
      },
      {
        "MONTH": "04",
        "CHNL_NM": "과시즌 의류",
        "SALE_AMT": 400.0,
        "RATIO": 56.0,
        "YOY": 211.0,
        "SEQ": 3
      },
      {
        "MONTH": "04",
        "CHNL_NM": "모자",
        "SALE_AMT": 14.0,
        "RATIO": 2.0,
        "YOY": 126.0,
        "SEQ": 3
      },
      {
        "MONTH": "04",
        "CHNL_NM": "신발",
        "SALE_AMT": 19.0,
        "RATIO": 3.0,
        "YOY": 0.0,
        "SEQ": 3
      },
      {
        "MONTH": "04",
        "CHNL_NM": "가방",
        "SALE_AMT": 22.0,
        "RATIO": 3.0,
        "YOY": 239.0,
        "SEQ": 3
      },
      {
        "MONTH": "04",
        "CHNL_NM": "기타ACC",
        "SALE_AMT": 3.0,
        "RATIO": 0.0,
        "YOY": 115.0,
        "SEQ": 3
      },
      {
        "MONTH": "05",
        "CHNL_NM": "전체",
        "SALE_AMT": 596.0,
        "RATIO": 100.0,
        "YOY": 196.0,
        "SEQ": 1
      },
      {
        "MONTH": "05",
        "CHNL_NM": "백화점",
        "SALE_AMT": 293.0,
        "RATIO": 49.0,
        "YOY": 289.0,
        "SEQ": 2
      },
      {
        "MONTH": "05",
        "CHNL_NM": "직영기타",
        "SALE_AMT": 63.0,
        "RATIO": 11.0,
        "YOY": 818.0,
        "SEQ": 2
      },
      {
        "MONTH": "05",
        "CHNL_NM": "제휴몰",
        "SALE_AMT": 58.0,
        "RATIO": 10.0,
        "YOY": 223.0,
        "SEQ": 2
      },
      {
        "MONTH": "05",
        "CHNL_NM": "자사몰",
        "SALE_AMT": 42.0,
        "RATIO": 7.0,
        "YOY": 236.0,
        "SEQ": 2
      },
      {
        "MONTH": "05",
        "CHNL_NM": "아울렛",
        "SALE_AMT": 141.0,
        "RATIO": 24.0,
        "YOY": 93.0,
        "SEQ": 2
      },
      {
        "MONTH": "05",
        "CHNL_NM": "24F 의류",
        "SALE_AMT": 64.0,
        "RATIO": 11.0,
        "YOY": 0.0,
        "SEQ": 3
      },
      {
        "MONTH": "05",
        "CHNL_NM": "24S 의류",
        "SALE_AMT": 258.0,
        "RATIO": 43.0,
        "YOY": 167.0,
        "SEQ": 3
      },
      {
        "MONTH": "05",
        "CHNL_NM": "과시즌 의류",
        "SALE_AMT": 226.0,
        "RATIO": 38.0,
        "YOY": 186.0,
        "SEQ": 3
      },
      {
        "MONTH": "05",
        "CHNL_NM": "모자",
        "SALE_AMT": 13.0,
        "RATIO": 2.0,
        "YOY": 84.0,
        "SEQ": 3
      },
      {
        "MONTH": "05",
        "CHNL_NM": "신발",
        "SALE_AMT": 19.0,
        "RATIO": 3.0,
        "YOY": 0.0,
        "SEQ": 3
      },
      {
        "MONTH": "05",
        "CHNL_NM": "가방",
        "SALE_AMT": 14.0,
        "RATIO": 2.0,
        "YOY": 148.0,
        "SEQ": 3
      },
      {
        "MONTH": "05",
        "CHNL_NM": "기타ACC",
        "SALE_AMT": 1.0,
        "RATIO": 0.0,
        "YOY": 71.0,
        "SEQ": 3
      },
      {
        "MONTH": "06",
        "CHNL_NM": "전체",
        "SALE_AMT": 448.0,
        "RATIO": 100.0,
        "YOY": 187.0,
        "SEQ": 1
      },
      {
        "MONTH": "06",
        "CHNL_NM": "백화점",
        "SALE_AMT": 246.0,
        "RATIO": 55.0,
        "YOY": 176.0,
        "SEQ": 2
      },
      {
        "MONTH": "06",
        "CHNL_NM": "직영기타",
        "SALE_AMT": 40.0,
        "RATIO": 9.0,
        "YOY": 984.0,
        "SEQ": 2
      },
      {
        "MONTH": "06",
        "CHNL_NM": "제휴몰",
        "SALE_AMT": 47.0,
        "RATIO": 10.0,
        "YOY": 530.0,
        "SEQ": 2
      },
      {
        "MONTH": "06",
        "CHNL_NM": "자사몰",
        "SALE_AMT": 34.0,
        "RATIO": 8.0,
        "YOY": 174.0,
        "SEQ": 2
      },
      {
        "MONTH": "06",
        "CHNL_NM": "아울렛",
        "SALE_AMT": 82.0,
        "RATIO": 18.0,
        "YOY": 120.0,
        "SEQ": 2
      },
      {
        "MONTH": "06",
        "CHNL_NM": "24F 의류",
        "SALE_AMT": 62.0,
        "RATIO": 14.0,
        "YOY": 0.0,
        "SEQ": 3
      },
      {
        "MONTH": "06",
        "CHNL_NM": "24S 의류",
        "SALE_AMT": 171.0,
        "RATIO": 38.0,
        "YOY": 235.0,
        "SEQ": 3
      },
      {
        "MONTH": "06",
        "CHNL_NM": "과시즌 의류",
        "SALE_AMT": 166.0,
        "RATIO": 37.0,
        "YOY": 111.0,
        "SEQ": 3
      },
      {
        "MONTH": "06",
        "CHNL_NM": "모자",
        "SALE_AMT": 13.0,
        "RATIO": 3.0,
        "YOY": 152.0,
        "SEQ": 3
      },
      {
        "MONTH": "06",
        "CHNL_NM": "신발",
        "SALE_AMT": 20.0,
        "RATIO": 5.0,
        "YOY": 0.0,
        "SEQ": 3
      },
      {
        "MONTH": "06",
        "CHNL_NM": "가방",
        "SALE_AMT": 14.0,
        "RATIO": 3.0,
        "YOY": 182.0,
        "SEQ": 3
      },
      {
        "MONTH": "06",
        "CHNL_NM": "기타ACC",
        "SALE_AMT": 1.0,
        "RATIO": 0.0,
        "YOY": 101.0,
        "SEQ": 3
      },
      {
        "MONTH": "07",
        "CHNL_NM": "전체",
        "SALE_AMT": 549.0,
        "RATIO": 100.0,
        "YOY": 302.0,
        "SEQ": 1
      },
      {
        "MONTH": "07",
        "CHNL_NM": "백화점",
        "SALE_AMT": 257.0,
        "RATIO": 47.0,
        "YOY": 370.0,
        "SEQ": 2
      },
      {
        "MONTH": "07",
        "CHNL_NM": "직영기타",
        "SALE_AMT": 31.0,
        "RATIO": 6.0,
        "YOY": 242.0,
        "SEQ": 2
      },
      {
        "MONTH": "07",
        "CHNL_NM": "제휴몰",
        "SALE_AMT": 94.0,
        "RATIO": 17.0,
        "YOY": 1708.0,
        "SEQ": 2
      },
      {
        "MONTH": "07",
        "CHNL_NM": "자사몰",
        "SALE_AMT": 37.0,
        "RATIO": 7.0,
        "YOY": 159.0,
        "SEQ": 2
      },
      {
        "MONTH": "07",
        "CHNL_NM": "아울렛",
        "SALE_AMT": 130.0,
        "RATIO": 24.0,
        "YOY": 183.0,
        "SEQ": 2
      },
      {
        "MONTH": "07",
        "CHNL_NM": "24F 의류",
        "SALE_AMT": 65.0,
        "RATIO": 12.0,
        "YOY": 0.0,
        "SEQ": 3
      },
      {
        "MONTH": "07",
        "CHNL_NM": "24S 의류",
        "SALE_AMT": 101.0,
        "RATIO": 18.0,
        "YOY": 119.0,
        "SEQ": 3
      },
      {
        "MONTH": "07",
        "CHNL_NM": "과시즌 의류",
        "SALE_AMT": 328.0,
        "RATIO": 60.0,
        "YOY": 402.0,
        "SEQ": 3
      },
      {
        "MONTH": "07",
        "CHNL_NM": "모자",
        "SALE_AMT": 13.0,
        "RATIO": 2.0,
        "YOY": 208.0,
        "SEQ": 3
      },
      {
        "MONTH": "07",
        "CHNL_NM": "신발",
        "SALE_AMT": 22.0,
        "RATIO": 4.0,
        "YOY": 0.0,
        "SEQ": 3
      },
      {
        "MONTH": "07",
        "CHNL_NM": "가방",
        "SALE_AMT": 19.0,
        "RATIO": 3.0,
        "YOY": 223.0,
        "SEQ": 3
      },
      {
        "MONTH": "07",
        "CHNL_NM": "기타ACC",
        "SALE_AMT": 2.0,
        "RATIO": 0.0,
        "YOY": 156.0,
        "SEQ": 3
      },
      {
        "MONTH": "08",
        "CHNL_NM": "전체",
        "SALE_AMT": 688.0,
        "RATIO": 100.0,
        "YOY": 352.0,
        "SEQ": 1
      },
      {
        "MONTH": "08",
        "CHNL_NM": "백화점",
        "SALE_AMT": 192.0,
        "RATIO": 28.0,
        "YOY": 326.0,
        "SEQ": 2
      },
      {
        "MONTH": "08",
        "CHNL_NM": "직영기타",
        "SALE_AMT": 33.0,
        "RATIO": 5.0,
        "YOY": 202.0,
        "SEQ": 2
      },
      {
        "MONTH": "08",
        "CHNL_NM": "제휴몰",
        "SALE_AMT": 108.0,
        "RATIO": 16.0,
        "YOY": 1170.0,
        "SEQ": 2
      },
      {
        "MONTH": "08",
        "CHNL_NM": "자사몰",
        "SALE_AMT": 53.0,
        "RATIO": 8.0,
        "YOY": 405.0,
        "SEQ": 2
      },
      {
        "MONTH": "08",
        "CHNL_NM": "아울렛",
        "SALE_AMT": 302.0,
        "RATIO": 44.0,
        "YOY": 308.0,
        "SEQ": 2
      },
      {
        "MONTH": "08",
        "CHNL_NM": "24F 의류",
        "SALE_AMT": 86.0,
        "RATIO": 13.0,
        "YOY": 476.0,
        "SEQ": 3
      },
      {
        "MONTH": "08",
        "CHNL_NM": "24S 의류",
        "SALE_AMT": 127.0,
        "RATIO": 18.0,
        "YOY": 239.0,
        "SEQ": 3
      },
      {
        "MONTH": "08",
        "CHNL_NM": "과시즌 의류",
        "SALE_AMT": 418.0,
        "RATIO": 61.0,
        "YOY": 366.0,
        "SEQ": 3
      },
      {
        "MONTH": "08",
        "CHNL_NM": "모자",
        "SALE_AMT": 13.0,
        "RATIO": 2.0,
        "YOY": 223.0,
        "SEQ": 3
      },
      {
        "MONTH": "08",
        "CHNL_NM": "신발",
        "SALE_AMT": 16.0,
        "RATIO": 2.0,
        "YOY": 0.0,
        "SEQ": 3
      },
      {
        "MONTH": "08",
        "CHNL_NM": "가방",
        "SALE_AMT": 25.0,
        "RATIO": 4.0,
        "YOY": 761.0,
        "SEQ": 3
      }
    ],
    "total_records_count": 114
  }
}