{
  "country": "KR",
  "brand_cd": "I",
  "brand_name": "MLB KIDS",
  "yyyymm": "202404",
  "yyyymm_py": "202304",
  "key": "매장효율성",
  "sub_key": "종합분석",
  "analysis_data": {
    "title": "매장효율성 종합분석",
    "sections": [
      {
        "div": "종합분석-1",
        "sub_title": "우수 점포 생산성",
        "ai_text": "대리점이 점포당 매출 743백만원으로 전년(384백만원) 대비 93.6% 급성장하며 최고 효율성을 보임\n면세점은 점포당 매출 339백만원으로 전년(335백만원) 대비 1.4% 소폭 개선되어 안정적 성장세 유지\n대리점의 경우 점포 수는 감소(2개→1개)했으나 매출 효율성이 극대화되어 선택과 집중 전략의 성공 사례로 평가\n면세점은 4개 점포 모두 유지하면서 꾸준한 성장을 달성하여 지속가능한 운영 모델 구축"
      },
      {
        "div": "종합분석-2",
        "sub_title": "대응 필요 매장",
        "ai_text": "백화점이 점포당 매출 52백만원으로 전년(66백만원) 대비 20.3% 하락하여 가장 심각한 효율성 저하 상황\n직영점은 점포당 매출 97백만원으로 전년(104백만원) 대비 6.8% 감소하며 점포 수 증가(4개→5개)에도 불구하고 매출 효율 악화\n백화점의 경우 62개 점포로 전체의 86%를 차지하지만 가장 낮은 점포당 매출을 기록하여 전체 브랜드 성과에 부정적 영향\n직영점은 상대적으로 높은 점포당 매출을 유지하고 있으나 하락 추세로 전환되어 운영 방식 점검 필요"
      },
      {
        "div": "종합분석-3",
        "sub_title": "AI 권장사항",
        "ai_text": "백화점 채널의 저효율 점포 선별 후 입지 재검토 및 운영 개선을 통한 점포당 매출 70백만원 이상 목표 설정\n대리점의 성공 모델을 벤치마킹하여 고효율 입지 중심의 선택적 매장 운영 전략 도입\n면세점의 안정적 성장 모델을 직영점에 적용하여 점포 확장보다는 기존 점포 효율성 향상에 집중\n채널별 차별화된 상품 구성과 마케팅 전략을 통해 각 채널의 고객 특성에 맞는 최적화 운영 실시"
      },
      {
        "div": "종합분석-4",
        "sub_title": "최적의 시나리오",
        "ai_text": "2024년 하반기까지 백화점 점포당 매출을 70백만원으로 개선하고 직영점은 110백만원 수준 회복 목표\n대리점의 고효율 모델 확대를 통해 2-3개 점포로 늘리되 점포당 매출 500백만원 이상 유지\n면세점은 현재 수준(339백만원) 유지하면서 추가 입점 기회 발굴로 5-6개 점포 확장 검토\n전체 점포당 매출을 95백만원 이상으로 끌어올려 전년 수준(91백만원) 초과 달성 및 지속적 성장 기반 구축"
      }
    ]
  },
  "summary": {
    "total_shop_amt_cy": 81.0,
    "total_shop_amt_py": 91.0,
    "total_shop_cnt_cy": 72,
    "total_shop_cnt_py": 73,
    "yoy": 89.0,
    "unique_channels": 4,
    "analysis_period": "2023년 4월 vs 2024년 4월"
  },
  "channel_summary": {
    "백화점": {
      "shop_amt_cy": 52.0,
      "shop_amt_py": 66.0,
      "shop_cnt_cy": 62,
      "shop_cnt_py": 63,
      "yoy": 79.7
    },
    "대리점": {
      "shop_amt_cy": 743.0,
      "shop_amt_py": 384.0,
      "shop_cnt_cy": 1,
      "shop_cnt_py": 2,
      "yoy": 193.6
    },
    "직영점": {
      "shop_amt_cy": 97.0,
      "shop_amt_py": 104.0,
      "shop_cnt_cy": 5,
      "shop_cnt_py": 4,
      "yoy": 93.2
    },
    "면세점": {
      "shop_amt_cy": 339.0,
      "shop_amt_py": 335.0,
      "shop_cnt_cy": 4,
      "shop_cnt_py": 4,
      "yoy": 101.4
    }
  },
  "excellent_channels": [
    {
      "chnl_nm": "대리점",
      "shop_amt_cy": 743.0,
      "shop_amt_py": 384.0,
      "yoy": 193.6,
      "shop_cnt_cy": 1
    },
    {
      "chnl_nm": "면세점",
      "shop_amt_cy": 339.0,
      "shop_amt_py": 335.0,
      "yoy": 101.4,
      "shop_cnt_cy": 4
    }
  ],
  "warning_channels": [
    {
      "chnl_nm": "백화점",
      "shop_amt_cy": 52.0,
      "shop_amt_py": 66.0,
      "yoy": 79.7,
      "shop_cnt_cy": 62
    },
    {
      "chnl_nm": "직영점",
      "shop_amt_cy": 97.0,
      "shop_amt_py": 104.0,
      "yoy": 93.2,
      "shop_cnt_cy": 5
    }
  ],
  "raw_data": {
    "sample_records": [
      {
        "CHNL_NM": "백화점",
        "SHOP_CNT_CY": 62,
        "SHOP_CNT_PY": 63,
        "SHOP_AMT_CY": 52.0,
        "SHOP_AMT_PY": 66.0,
        "YOY": 79.7,
        "SEQ": 2
      },
      {
        "CHNL_NM": "대리점",
        "SHOP_CNT_CY": 1,
        "SHOP_CNT_PY": 2,
        "SHOP_AMT_CY": 743.0,
        "SHOP_AMT_PY": 384.0,
        "YOY": 193.6,
        "SEQ": 2
      },
      {
        "CHNL_NM": "직영점",
        "SHOP_CNT_CY": 5,
        "SHOP_CNT_PY": 4,
        "SHOP_AMT_CY": 97.0,
        "SHOP_AMT_PY": 104.0,
        "YOY": 93.2,
        "SEQ": 2
      },
      {
        "CHNL_NM": "면세점",
        "SHOP_CNT_CY": 4,
        "SHOP_CNT_PY": 4,
        "SHOP_AMT_CY": 339.0,
        "SHOP_AMT_PY": 335.0,
        "YOY": 101.4,
        "SEQ": 2
      },
      {
        "CHNL_NM": "전체",
        "SHOP_CNT_CY": 72,
        "SHOP_CNT_PY": 73,
        "SHOP_AMT_CY": 81.0,
        "SHOP_AMT_PY": 91.0,
        "YOY": 88.8,
        "SEQ": 1
      },
      {
        "CHNL_NM": "면세 제외",
        "SHOP_CNT_CY": 68,
        "SHOP_CNT_PY": 69,
        "SHOP_AMT_CY": 66.0,
        "SHOP_AMT_PY": 77.0,
        "YOY": 85.3,
        "SEQ": 3
      }
    ],
    "total_records_count": 6
  }
}