{
  "country": "KR",
  "brand_cd": "X",
  "brand_name": "DISCOVERY",
  "yyyymm": "202406",
  "yyyymm_py": "202306",
  "key": "월별아이템별매출추세",
  "analysis_data": {
    "title": "아이템별 매출 종합분석 (당해 1월~현재월)",
    "sections": [
      {
        "div": "종합분석-1",
        "sub_title": "시즌 트렌드",
        "ai_text": "• 23F 의류는 1월 19,891백만원에서 6월 499백만원으로 급감하며 자연스러운 시즌 종료 패턴을 보이나, 전년대비 102% 수준으로 안정적 성과 달성\n• 24S 의류는 3~5월 피크 시즌(월평균 13,808백만원)에서 강력한 성장세를 보이며 총 61,241백만원으로 전체의 30% 차지, 전년대비 81% 성장\n• 과시즌 의류는 53,963백만원(26% 비중)으로 안정적 매출을 유지하되 4월 이후 하락 추세로 재고 관리와 프로모션 강화 필요"
      },
      {
        "div": "종합분석-2",
        "sub_title": "카테고리",
        "ai_text": "• 모자는 316백만원에서 570백만원으로 지속 성장하며 S시즌 진입과 함께 월평균 447백만원의 안정적 매출 달성, 전년대비 101% 수준 유지\n• 신발은 30,095백만원으로 가장 큰 비중(15%)을 차지하며 월평균 5,016백만원의 일관된 매출을 보이나, 전년대비 76% 수준으로 성장 둔화\n• 가방은 2월 9,185백만원 피크 이후 급락하여 4~6월 월평균 1,555백만원으로 하락, 전년대비 106% 성장에도 불구하고 시즌별 편차가 과도하게 큰 상황"
      },
      {
        "div": "종합분석-3",
        "sub_title": "핵심액션",
        "ai_text": "• 24S 의류의 성장 모멘텀 활용하여 7~8월 하절기 핵심 아이템 재고 확보 및 마케팅 집중 투자로 시즌 매출 극대화 추진\n• 신발 카테고리 성장 둔화 해결을 위해 트렌드 분석 기반 신상품 라인업 강화 및 기존 인기 모델의 컬러/소재 확장 전략 실행\n• 가방 매출의 월별 편차 완화를 위해 과시즌 베이직 라인 확대 및 2~3월 집중 판매 시기의 재고 분산 판매 프로모션 기획"
      }
    ]
  },
  "summary": {
    "total_sales": 206970.0,
    "unique_months": 6,
    "analysis_period": "2024년 01월 ~ 2024년 06월"
  },
  "season_items": [
    {
      "name": "24S 의류",
      "total_sales": 61241.0,
      "months": {
        "01": 589.0,
        "02": 5278.0,
        "03": 11449.0,
        "04": 14702.0,
        "05": 15250.0,
        "06": 13973.0
      },
      "avg_ratio": 31.666666666666668,
      "avg_yoy": 81.16666666666667
    },
    {
      "name": "과시즌 의류",
      "total_sales": 53963.0,
      "months": {
        "01": 8275.0,
        "02": 8359.0,
        "03": 10897.0,
        "04": 12146.0,
        "05": 8673.0,
        "06": 5613.0
      },
      "avg_ratio": 26.166666666666668,
      "avg_yoy": 172.16666666666666
    },
    {
      "name": "23F 의류",
      "total_sales": 35385.0,
      "months": {
        "01": 19891.0,
        "02": 9755.0,
        "03": 4682.0,
        "04": 331.0,
        "05": 227.0,
        "06": 499.0
      },
      "avg_ratio": 15.333333333333334,
      "avg_yoy": 102.16666666666667
    }
  ],
  "category_items": [
    {
      "name": "신발",
      "total_sales": 30095.0,
      "months": {
        "01": 4695.0,
        "02": 5332.0,
        "03": 5451.0,
        "04": 5003.0,
        "05": 4773.0,
        "06": 4841.0
      },
      "avg_ratio": 14.833333333333334,
      "avg_yoy": 76.33333333333333
    },
    {
      "name": "가방",
      "total_sales": 22714.0,
      "months": {
        "01": 5247.0,
        "02": 9185.0,
        "03": 3618.0,
        "04": 1440.0,
        "05": 1745.0,
        "06": 1479.0
      },
      "avg_ratio": 10.333333333333334,
      "avg_yoy": 105.66666666666667
    },
    {
      "name": "모자",
      "total_sales": 2681.0,
      "months": {
        "01": 316.0,
        "02": 289.0,
        "03": 435.0,
        "04": 551.0,
        "05": 570.0,
        "06": 520.0
      },
      "avg_ratio": 1.5,
      "avg_yoy": 101.16666666666667
    },
    {
      "name": "기타ACC",
      "total_sales": 891.0,
      "months": {
        "01": 435.0,
        "02": 92.0,
        "03": 51.0,
        "04": 88.0,
        "05": 104.0,
        "06": 121.0
      },
      "avg_ratio": 0.16666666666666666,
      "avg_yoy": 123.0
    }
  ],
  "raw_data": {
    "sample_records": [
      {
        "MONTH": "01",
        "CHNL_NM": "전체",
        "SALE_AMT": 39448.0,
        "RATIO": 100.0,
        "YOY": 91.0,
        "SEQ": 1
      },
      {
        "MONTH": "01",
        "CHNL_NM": "백화점",
        "SALE_AMT": 12815.0,
        "RATIO": 32.0,
        "YOY": 91.0,
        "SEQ": 2
      },
      {
        "MONTH": "01",
        "CHNL_NM": "대리점",
        "SALE_AMT": 11094.0,
        "RATIO": 28.0,
        "YOY": 79.0,
        "SEQ": 2
      },
      {
        "MONTH": "01",
        "CHNL_NM": "직영기타",
        "SALE_AMT": 949.0,
        "RATIO": 2.0,
        "YOY": 74.0,
        "SEQ": 2
      },
      {
        "MONTH": "01",
        "CHNL_NM": "제휴몰",
        "SALE_AMT": 4144.0,
        "RATIO": 11.0,
        "YOY": 143.0,
        "SEQ": 2
      },
      {
        "MONTH": "01",
        "CHNL_NM": "자사몰",
        "SALE_AMT": 1750.0,
        "RATIO": 4.0,
        "YOY": 77.0,
        "SEQ": 2
      },
      {
        "MONTH": "01",
        "CHNL_NM": "면세점",
        "SALE_AMT": 1874.0,
        "RATIO": 5.0,
        "YOY": 257.0,
        "SEQ": 2
      },
      {
        "MONTH": "01",
        "CHNL_NM": "아울렛",
        "SALE_AMT": 6822.0,
        "RATIO": 17.0,
        "YOY": 87.0,
        "SEQ": 2
      },
      {
        "MONTH": "01",
        "CHNL_NM": "24S 의류",
        "SALE_AMT": 589.0,
        "RATIO": 1.0,
        "YOY": 63.0,
        "SEQ": 3
      },
      {
        "MONTH": "01",
        "CHNL_NM": "23F 의류",
        "SALE_AMT": 19891.0,
        "RATIO": 50.0,
        "YOY": 75.0,
        "SEQ": 3
      },
      {
        "MONTH": "01",
        "CHNL_NM": "과시즌 의류",
        "SALE_AMT": 8275.0,
        "RATIO": 21.0,
        "YOY": 255.0,
        "SEQ": 3
      },
      {
        "MONTH": "01",
        "CHNL_NM": "모자",
        "SALE_AMT": 316.0,
        "RATIO": 1.0,
        "YOY": 98.0,
        "SEQ": 3
      },
      {
        "MONTH": "01",
        "CHNL_NM": "신발",
        "SALE_AMT": 4695.0,
        "RATIO": 12.0,
        "YOY": 75.0,
        "SEQ": 3
      },
      {
        "MONTH": "01",
        "CHNL_NM": "가방",
        "SALE_AMT": 5247.0,
        "RATIO": 13.0,
        "YOY": 96.0,
        "SEQ": 3
      },
      {
        "MONTH": "01",
        "CHNL_NM": "기타ACC",
        "SALE_AMT": 435.0,
        "RATIO": 1.0,
        "YOY": 198.0,
        "SEQ": 3
      },
      {
        "MONTH": "02",
        "CHNL_NM": "전체",
        "SALE_AMT": 38291.0,
        "RATIO": 100.0,
        "YOY": 101.0,
        "SEQ": 1
      },
      {
        "MONTH": "02",
        "CHNL_NM": "백화점",
        "SALE_AMT": 12488.0,
        "RATIO": 33.0,
        "YOY": 94.0,
        "SEQ": 2
      },
      {
        "MONTH": "02",
        "CHNL_NM": "대리점",
        "SALE_AMT": 11088.0,
        "RATIO": 29.0,
        "YOY": 96.0,
        "SEQ": 2
      },
      {
        "MONTH": "02",
        "CHNL_NM": "직영기타",
        "SALE_AMT": 1077.0,
        "RATIO": 3.0,
        "YOY": 106.0,
        "SEQ": 2
      },
      {
        "MONTH": "02",
        "CHNL_NM": "제휴몰",
        "SALE_AMT": 3210.0,
        "RATIO": 8.0,
        "YOY": 138.0,
        "SEQ": 2
      },
      {
        "MONTH": "02",
        "CHNL_NM": "자사몰",
        "SALE_AMT": 1881.0,
        "RATIO": 5.0,
        "YOY": 82.0,
        "SEQ": 2
      },
      {
        "MONTH": "02",
        "CHNL_NM": "면세점",
        "SALE_AMT": 733.0,
        "RATIO": 2.0,
        "YOY": 79.0,
        "SEQ": 2
      },
      {
        "MONTH": "02",
        "CHNL_NM": "아울렛",
        "SALE_AMT": 7813.0,
        "RATIO": 20.0,
        "YOY": 118.0,
        "SEQ": 2
      },
      {
        "MONTH": "02",
        "CHNL_NM": "24S 의류",
        "SALE_AMT": 5278.0,
        "RATIO": 14.0,
        "YOY": 82.0,
        "SEQ": 3
      },
      {
        "MONTH": "02",
        "CHNL_NM": "23F 의류",
        "SALE_AMT": 9755.0,
        "RATIO": 25.0,
        "YOY": 90.0,
        "SEQ": 3
      },
      {
        "MONTH": "02",
        "CHNL_NM": "과시즌 의류",
        "SALE_AMT": 8359.0,
        "RATIO": 22.0,
        "YOY": 190.0,
        "SEQ": 3
      },
      {
        "MONTH": "02",
        "CHNL_NM": "모자",
        "SALE_AMT": 289.0,
        "RATIO": 1.0,
        "YOY": 117.0,
        "SEQ": 3
      },
      {
        "MONTH": "02",
        "CHNL_NM": "신발",
        "SALE_AMT": 5332.0,
        "RATIO": 14.0,
        "YOY": 75.0,
        "SEQ": 3
      },
      {
        "MONTH": "02",
        "CHNL_NM": "가방",
        "SALE_AMT": 9185.0,
        "RATIO": 24.0,
        "YOY": 105.0,
        "SEQ": 3
      },
      {
        "MONTH": "02",
        "CHNL_NM": "기타ACC",
        "SALE_AMT": 92.0,
        "RATIO": 0.0,
        "YOY": 116.0,
        "SEQ": 3
      },
      {
        "MONTH": "03",
        "CHNL_NM": "전체",
        "SALE_AMT": 36582.0,
        "RATIO": 100.0,
        "YOY": 100.0,
        "SEQ": 1
      },
      {
        "MONTH": "03",
        "CHNL_NM": "백화점",
        "SALE_AMT": 10900.0,
        "RATIO": 30.0,
        "YOY": 97.0,
        "SEQ": 2
      },
      {
        "MONTH": "03",
        "CHNL_NM": "대리점",
        "SALE_AMT": 11940.0,
        "RATIO": 33.0,
        "YOY": 89.0,
        "SEQ": 2
      },
      {
        "MONTH": "03",
        "CHNL_NM": "직영기타",
        "SALE_AMT": 890.0,
        "RATIO": 2.0,
        "YOY": 102.0,
        "SEQ": 2
      },
      {
        "MONTH": "03",
        "CHNL_NM": "제휴몰",
        "SALE_AMT": 2946.0,
        "RATIO": 8.0,
        "YOY": 138.0,
        "SEQ": 2
      },
      {
        "MONTH": "03",
        "CHNL_NM": "자사몰",
        "SALE_AMT": 1451.0,
        "RATIO": 4.0,
        "YOY": 70.0,
        "SEQ": 2
      },
      {
        "MONTH": "03",
        "CHNL_NM": "면세점",
        "SALE_AMT": 865.0,
        "RATIO": 2.0,
        "YOY": 112.0,
        "SEQ": 2
      },
      {
        "MONTH": "03",
        "CHNL_NM": "아울렛",
        "SALE_AMT": 7590.0,
        "RATIO": 21.0,
        "YOY": 124.0,
        "SEQ": 2
      },
      {
        "MONTH": "03",
        "CHNL_NM": "24S 의류",
        "SALE_AMT": 11449.0,
        "RATIO": 31.0,
        "YOY": 76.0,
        "SEQ": 3
      },
      {
        "MONTH": "03",
        "CHNL_NM": "23F 의류",
        "SALE_AMT": 4682.0,
        "RATIO": 13.0,
        "YOY": 139.0,
        "SEQ": 3
      },
      {
        "MONTH": "03",
        "CHNL_NM": "과시즌 의류",
        "SALE_AMT": 10897.0,
        "RATIO": 30.0,
        "YOY": 154.0,
        "SEQ": 3
      },
      {
        "MONTH": "03",
        "CHNL_NM": "모자",
        "SALE_AMT": 435.0,
        "RATIO": 1.0,
        "YOY": 117.0,
        "SEQ": 3
      },
      {
        "MONTH": "03",
        "CHNL_NM": "신발",
        "SALE_AMT": 5451.0,
        "RATIO": 15.0,
        "YOY": 70.0,
        "SEQ": 3
      },
      {
        "MONTH": "03",
        "CHNL_NM": "가방",
        "SALE_AMT": 3618.0,
        "RATIO": 10.0,
        "YOY": 124.0,
        "SEQ": 3
      },
      {
        "MONTH": "03",
        "CHNL_NM": "기타ACC",
        "SALE_AMT": 51.0,
        "RATIO": 0.0,
        "YOY": 104.0,
        "SEQ": 3
      },
      {
        "MONTH": "04",
        "CHNL_NM": "전체",
        "SALE_AMT": 34262.0,
        "RATIO": 100.0,
        "YOY": 99.0,
        "SEQ": 1
      },
      {
        "MONTH": "04",
        "CHNL_NM": "백화점",
        "SALE_AMT": 9741.0,
        "RATIO": 28.0,
        "YOY": 97.0,
        "SEQ": 2
      },
      {
        "MONTH": "04",
        "CHNL_NM": "대리점",
        "SALE_AMT": 12049.0,
        "RATIO": 35.0,
        "YOY": 90.0,
        "SEQ": 2
      },
      {
        "MONTH": "04",
        "CHNL_NM": "직영기타",
        "SALE_AMT": 807.0,
        "RATIO": 2.0,
        "YOY": 91.0,
        "SEQ": 2
      },
      {
        "MONTH": "04",
        "CHNL_NM": "제휴몰",
        "SALE_AMT": 2311.0,
        "RATIO": 7.0,
        "YOY": 144.0,
        "SEQ": 2
      },
      {
        "MONTH": "04",
        "CHNL_NM": "자사몰",
        "SALE_AMT": 1506.0,
        "RATIO": 4.0,
        "YOY": 83.0,
        "SEQ": 2
      },
      {
        "MONTH": "04",
        "CHNL_NM": "면세점",
        "SALE_AMT": 922.0,
        "RATIO": 3.0,
        "YOY": 151.0,
        "SEQ": 2
      },
      {
        "MONTH": "04",
        "CHNL_NM": "아울렛",
        "SALE_AMT": 6925.0,
        "RATIO": 20.0,
        "YOY": 109.0,
        "SEQ": 2
      },
      {
        "MONTH": "04",
        "CHNL_NM": "24S 의류",
        "SALE_AMT": 14702.0,
        "RATIO": 43.0,
        "YOY": 83.0,
        "SEQ": 3
      },
      {
        "MONTH": "04",
        "CHNL_NM": "23F 의류",
        "SALE_AMT": 331.0,
        "RATIO": 1.0,
        "YOY": 131.0,
        "SEQ": 3
      },
      {
        "MONTH": "04",
        "CHNL_NM": "과시즌 의류",
        "SALE_AMT": 12146.0,
        "RATIO": 35.0,
        "YOY": 153.0,
        "SEQ": 3
      },
      {
        "MONTH": "04",
        "CHNL_NM": "모자",
        "SALE_AMT": 551.0,
        "RATIO": 2.0,
        "YOY": 106.0,
        "SEQ": 3
      },
      {
        "MONTH": "04",
        "CHNL_NM": "신발",
        "SALE_AMT": 5003.0,
        "RATIO": 15.0,
        "YOY": 74.0,
        "SEQ": 3
      },
      {
        "MONTH": "04",
        "CHNL_NM": "가방",
        "SALE_AMT": 1440.0,
        "RATIO": 4.0,
        "YOY": 95.0,
        "SEQ": 3
      },
      {
        "MONTH": "04",
        "CHNL_NM": "기타ACC",
        "SALE_AMT": 88.0,
        "RATIO": 0.0,
        "YOY": 156.0,
        "SEQ": 3
      },
      {
        "MONTH": "05",
        "CHNL_NM": "전체",
        "SALE_AMT": 31341.0,
        "RATIO": 100.0,
        "YOY": 92.0,
        "SEQ": 1
      },
      {
        "MONTH": "05",
        "CHNL_NM": "백화점",
        "SALE_AMT": 8515.0,
        "RATIO": 27.0,
        "YOY": 84.0,
        "SEQ": 2
      },
      {
        "MONTH": "05",
        "CHNL_NM": "대리점",
        "SALE_AMT": 11987.0,
        "RATIO": 38.0,
        "YOY": 90.0,
        "SEQ": 2
      },
      {
        "MONTH": "05",
        "CHNL_NM": "직영기타",
        "SALE_AMT": 740.0,
        "RATIO": 2.0,
        "YOY": 88.0,
        "SEQ": 2
      },
      {
        "MONTH": "05",
        "CHNL_NM": "제휴몰",
        "SALE_AMT": 2204.0,
        "RATIO": 7.0,
        "YOY": 138.0,
        "SEQ": 2
      },
      {
        "MONTH": "05",
        "CHNL_NM": "자사몰",
        "SALE_AMT": 1434.0,
        "RATIO": 5.0,
        "YOY": 86.0,
        "SEQ": 2
      },
      {
        "MONTH": "05",
        "CHNL_NM": "면세점",
        "SALE_AMT": 834.0,
        "RATIO": 3.0,
        "YOY": 91.0,
        "SEQ": 2
      },
      {
        "MONTH": "05",
        "CHNL_NM": "아울렛",
        "SALE_AMT": 5626.0,
        "RATIO": 18.0,
        "YOY": 100.0,
        "SEQ": 2
      },
      {
        "MONTH": "05",
        "CHNL_NM": "24S 의류",
        "SALE_AMT": 15250.0,
        "RATIO": 49.0,
        "YOY": 81.0,
        "SEQ": 3
      },
      {
        "MONTH": "05",
        "CHNL_NM": "23F 의류",
        "SALE_AMT": 227.0,
        "RATIO": 1.0,
        "YOY": 91.0,
        "SEQ": 3
      },
      {
        "MONTH": "05",
        "CHNL_NM": "과시즌 의류",
        "SALE_AMT": 8673.0,
        "RATIO": 28.0,
        "YOY": 141.0,
        "SEQ": 3
      },
      {
        "MONTH": "05",
        "CHNL_NM": "모자",
        "SALE_AMT": 570.0,
        "RATIO": 2.0,
        "YOY": 86.0,
        "SEQ": 3
      },
      {
        "MONTH": "05",
        "CHNL_NM": "신발",
        "SALE_AMT": 4773.0,
        "RATIO": 15.0,
        "YOY": 74.0,
        "SEQ": 3
      },
      {
        "MONTH": "05",
        "CHNL_NM": "가방",
        "SALE_AMT": 1745.0,
        "RATIO": 6.0,
        "YOY": 107.0,
        "SEQ": 3
      },
      {
        "MONTH": "05",
        "CHNL_NM": "기타ACC",
        "SALE_AMT": 104.0,
        "RATIO": 0.0,
        "YOY": 83.0,
        "SEQ": 3
      },
      {
        "MONTH": "06",
        "CHNL_NM": "전체",
        "SALE_AMT": 27046.0,
        "RATIO": 100.0,
        "YOY": 105.0,
        "SEQ": 1
      },
      {
        "MONTH": "06",
        "CHNL_NM": "백화점",
        "SALE_AMT": 7330.0,
        "RATIO": 27.0,
        "YOY": 99.0,
        "SEQ": 2
      },
      {
        "MONTH": "06",
        "CHNL_NM": "대리점",
        "SALE_AMT": 10279.0,
        "RATIO": 38.0,
        "YOY": 103.0,
        "SEQ": 2
      },
      {
        "MONTH": "06",
        "CHNL_NM": "직영기타",
        "SALE_AMT": 704.0,
        "RATIO": 3.0,
        "YOY": 105.0,
        "SEQ": 2
      },
      {
        "MONTH": "06",
        "CHNL_NM": "제휴몰",
        "SALE_AMT": 1841.0,
        "RATIO": 7.0,
        "YOY": 139.0,
        "SEQ": 2
      },
      {
        "MONTH": "06",
        "CHNL_NM": "자사몰",
        "SALE_AMT": 1458.0,
        "RATIO": 5.0,
        "YOY": 102.0,
        "SEQ": 2
      },
      {
        "MONTH": "06",
        "CHNL_NM": "면세점",
        "SALE_AMT": 741.0,
        "RATIO": 3.0,
        "YOY": 85.0,
        "SEQ": 2
      },
      {
        "MONTH": "06",
        "CHNL_NM": "아울렛",
        "SALE_AMT": 4693.0,
        "RATIO": 17.0,
        "YOY": 112.0,
        "SEQ": 2
      },
      {
        "MONTH": "06",
        "CHNL_NM": "24S 의류",
        "SALE_AMT": 13973.0,
        "RATIO": 52.0,
        "YOY": 102.0,
        "SEQ": 3
      },
      {
        "MONTH": "06",
        "CHNL_NM": "23F 의류",
        "SALE_AMT": 499.0,
        "RATIO": 2.0,
        "YOY": 87.0,
        "SEQ": 3
      },
      {
        "MONTH": "06",
        "CHNL_NM": "과시즌 의류",
        "SALE_AMT": 5613.0,
        "RATIO": 21.0,
        "YOY": 140.0,
        "SEQ": 3
      },
      {
        "MONTH": "06",
        "CHNL_NM": "모자",
        "SALE_AMT": 520.0,
        "RATIO": 2.0,
        "YOY": 83.0,
        "SEQ": 3
      },
      {
        "MONTH": "06",
        "CHNL_NM": "신발",
        "SALE_AMT": 4841.0,
        "RATIO": 18.0,
        "YOY": 90.0,
        "SEQ": 3
      },
      {
        "MONTH": "06",
        "CHNL_NM": "가방",
        "SALE_AMT": 1479.0,
        "RATIO": 5.0,
        "YOY": 107.0,
        "SEQ": 3
      },
      {
        "MONTH": "06",
        "CHNL_NM": "기타ACC",
        "SALE_AMT": 121.0,
        "RATIO": 0.0,
        "YOY": 81.0,
        "SEQ": 3
      }
    ],
    "total_records_count": 90
  }
}