{
  "country": "KR",
  "brand_cd": "V",
  "brand_name": "DUVETICA",
  "yyyymm": "202407",
  "yyyymm_py": "202307",
  "key": "월별아이템별재고추세",
  "analysis_data": {
    "title": "아이템별 재고 종합분석 (당해 1월~현재월)",
    "sections": [
      {
        "div": "종합분석-1",
        "sub_title": "조기경보",
        "ai_text": "• 2024년 1월 재고 도입 이후 지속적인 재고 보유\n• 3월 46,691백만원 최대 재고액 기록\n• 1월 대비 3.9% 재고 증가로 초기 재고 관리 부족"
      },
      {
        "div": "종합분석-2",
        "sub_title": "긍정신호",
        "ai_text": "• 3월 고점 이후 재고 감소 추세 전환\n• 46,691백만원 → 45,624백만원으로 1,067백만원 감소\n• 4-6월 연속 재고 감소로 효과적 재고 관리 시작"
      },
      {
        "div": "종합분석-3",
        "sub_title": "인사이트",
        "ai_text": "• 총재고 7월 45,624백만원으로 안정화 구간 진입\n• 3월 고점 후 하락 추세로 재고 정상화 진행\n• 봄시즌 재고 증가 후 여름시즌 재고 최적화 성공"
      }
    ]
  },
  "summary": {
    "total_stock": 320813.68,
    "unique_months": 14,
    "unique_items": 8,
    "analysis_period": "2024년 01월 ~ 2024년 07월"
  },
  "monthly_totals": [
    {
      "yyyymm": "202301",
      "total_stock": 0.0
    },
    {
      "yyyymm": "202302",
      "total_stock": 0.0
    },
    {
      "yyyymm": "202303",
      "total_stock": 0.0
    },
    {
      "yyyymm": "202304",
      "total_stock": 0.0
    },
    {
      "yyyymm": "202305",
      "total_stock": 0.0
    },
    {
      "yyyymm": "202306",
      "total_stock": 0.0
    },
    {
      "yyyymm": "202307",
      "total_stock": 0.0
    },
    {
      "yyyymm": "202401",
      "total_stock": 44890.35
    },
    {
      "yyyymm": "202402",
      "total_stock": 46411.39
    },
    {
      "yyyymm": "202403",
      "total_stock": 46690.64
    },
    {
      "yyyymm": "202404",
      "total_stock": 45908.49
    },
    {
      "yyyymm": "202405",
      "total_stock": 45847.49
    },
    {
      "yyyymm": "202406",
      "total_stock": 45441.5
    },
    {
      "yyyymm": "202407",
      "total_stock": 45623.81
    }
  ],
  "early_warning_items": [],
  "positive_signal_items": [],
  "insights": {
    "final_month_total": 45623.81,
    "decreasing_months_count": 3,
    "increasing_months_count": 4,
    "min_month": "202301",
    "min_stock": 0.0
  },
  "raw_data": {
    "sample_records": [
      {
        "YYYYMM": "202301",
        "ITEM_STD": "23F 의류",
        "CY_END_STOCK_TAG_AMT": 0.0,
        "PY_END_STOCK_TAG_AMT": 18749370000.0,
        "YOY": 0.0
      },
      {
        "YYYYMM": "202301",
        "ITEM_STD": "24S 의류",
        "CY_END_STOCK_TAG_AMT": 0.0,
        "PY_END_STOCK_TAG_AMT": 1728930000.0,
        "YOY": 0.0
      },
      {
        "YYYYMM": "202301",
        "ITEM_STD": "가방",
        "CY_END_STOCK_TAG_AMT": 0.0,
        "PY_END_STOCK_TAG_AMT": 396610000.0,
        "YOY": 0.0
      },
      {
        "YYYYMM": "202301",
        "ITEM_STD": "과시즌 의류",
        "CY_END_STOCK_TAG_AMT": 0.0,
        "PY_END_STOCK_TAG_AMT": 11325190000.0,
        "YOY": 0.0
      },
      {
        "YYYYMM": "202301",
        "ITEM_STD": "기타ACC",
        "CY_END_STOCK_TAG_AMT": 0.0,
        "PY_END_STOCK_TAG_AMT": 196652000.0,
        "YOY": 0.0
      },
      {
        "YYYYMM": "202301",
        "ITEM_STD": "모자",
        "CY_END_STOCK_TAG_AMT": 0.0,
        "PY_END_STOCK_TAG_AMT": 247810000.0,
        "YOY": 0.0
      },
      {
        "YYYYMM": "202301",
        "ITEM_STD": "신발",
        "CY_END_STOCK_TAG_AMT": 0.0,
        "PY_END_STOCK_TAG_AMT": 0.0,
        "YOY": 0.0
      },
      {
        "YYYYMM": "202301",
        "ITEM_STD": "차기시즌 의류",
        "CY_END_STOCK_TAG_AMT": 0.0,
        "PY_END_STOCK_TAG_AMT": 0.0,
        "YOY": 0.0
      },
      {
        "YYYYMM": "202302",
        "ITEM_STD": "23F 의류",
        "CY_END_STOCK_TAG_AMT": 0.0,
        "PY_END_STOCK_TAG_AMT": 18150010000.0,
        "YOY": 0.0
      },
      {
        "YYYYMM": "202302",
        "ITEM_STD": "24S 의류",
        "CY_END_STOCK_TAG_AMT": 0.0,
        "PY_END_STOCK_TAG_AMT": 4046480000.0,
        "YOY": 0.0
      },
      {
        "YYYYMM": "202302",
        "ITEM_STD": "가방",
        "CY_END_STOCK_TAG_AMT": 0.0,
        "PY_END_STOCK_TAG_AMT": 388610000.0,
        "YOY": 0.0
      },
      {
        "YYYYMM": "202302",
        "ITEM_STD": "과시즌 의류",
        "CY_END_STOCK_TAG_AMT": 0.0,
        "PY_END_STOCK_TAG_AMT": 10961380000.0,
        "YOY": 0.0
      },
      {
        "YYYYMM": "202302",
        "ITEM_STD": "기타ACC",
        "CY_END_STOCK_TAG_AMT": 0.0,
        "PY_END_STOCK_TAG_AMT": 193948000.0,
        "YOY": 0.0
      },
      {
        "YYYYMM": "202302",
        "ITEM_STD": "모자",
        "CY_END_STOCK_TAG_AMT": 0.0,
        "PY_END_STOCK_TAG_AMT": 238690000.0,
        "YOY": 0.0
      },
      {
        "YYYYMM": "202302",
        "ITEM_STD": "신발",
        "CY_END_STOCK_TAG_AMT": 0.0,
        "PY_END_STOCK_TAG_AMT": 0.0,
        "YOY": 0.0
      },
      {
        "YYYYMM": "202302",
        "ITEM_STD": "차기시즌 의류",
        "CY_END_STOCK_TAG_AMT": 0.0,
        "PY_END_STOCK_TAG_AMT": 0.0,
        "YOY": 0.0
      },
      {
        "YYYYMM": "202303",
        "ITEM_STD": "23F 의류",
        "CY_END_STOCK_TAG_AMT": 0.0,
        "PY_END_STOCK_TAG_AMT": 17727330000.0,
        "YOY": 0.0
      },
      {
        "YYYYMM": "202303",
        "ITEM_STD": "24S 의류",
        "CY_END_STOCK_TAG_AMT": 0.0,
        "PY_END_STOCK_TAG_AMT": 6335450000.0,
        "YOY": 0.0
      },
      {
        "YYYYMM": "202303",
        "ITEM_STD": "가방",
        "CY_END_STOCK_TAG_AMT": 0.0,
        "PY_END_STOCK_TAG_AMT": 374770000.0,
        "YOY": 0.0
      },
      {
        "YYYYMM": "202303",
        "ITEM_STD": "과시즌 의류",
        "CY_END_STOCK_TAG_AMT": 0.0,
        "PY_END_STOCK_TAG_AMT": 10720260000.0,
        "YOY": 0.0
      },
      {
        "YYYYMM": "202303",
        "ITEM_STD": "기타ACC",
        "CY_END_STOCK_TAG_AMT": 0.0,
        "PY_END_STOCK_TAG_AMT": 183687000.0,
        "YOY": 0.0
      },
      {
        "YYYYMM": "202303",
        "ITEM_STD": "모자",
        "CY_END_STOCK_TAG_AMT": 0.0,
        "PY_END_STOCK_TAG_AMT": 417360000.0,
        "YOY": 0.0
      },
      {
        "YYYYMM": "202303",
        "ITEM_STD": "신발",
        "CY_END_STOCK_TAG_AMT": 0.0,
        "PY_END_STOCK_TAG_AMT": 0.0,
        "YOY": 0.0
      },
      {
        "YYYYMM": "202303",
        "ITEM_STD": "차기시즌 의류",
        "CY_END_STOCK_TAG_AMT": 0.0,
        "PY_END_STOCK_TAG_AMT": 0.0,
        "YOY": 0.0
      },
      {
        "YYYYMM": "202304",
        "ITEM_STD": "23F 의류",
        "CY_END_STOCK_TAG_AMT": 0.0,
        "PY_END_STOCK_TAG_AMT": 17652060000.0,
        "YOY": 0.0
      },
      {
        "YYYYMM": "202304",
        "ITEM_STD": "24S 의류",
        "CY_END_STOCK_TAG_AMT": 0.0,
        "PY_END_STOCK_TAG_AMT": 6327510000.0,
        "YOY": 0.0
      },
      {
        "YYYYMM": "202304",
        "ITEM_STD": "가방",
        "CY_END_STOCK_TAG_AMT": 0.0,
        "PY_END_STOCK_TAG_AMT": 401240000.0,
        "YOY": 0.0
      },
      {
        "YYYYMM": "202304",
        "ITEM_STD": "과시즌 의류",
        "CY_END_STOCK_TAG_AMT": 0.0,
        "PY_END_STOCK_TAG_AMT": 10505650000.0,
        "YOY": 0.0
      },
      {
        "YYYYMM": "202304",
        "ITEM_STD": "기타ACC",
        "CY_END_STOCK_TAG_AMT": 0.0,
        "PY_END_STOCK_TAG_AMT": 180574000.0,
        "YOY": 0.0
      },
      {
        "YYYYMM": "202304",
        "ITEM_STD": "모자",
        "CY_END_STOCK_TAG_AMT": 0.0,
        "PY_END_STOCK_TAG_AMT": 404840000.0,
        "YOY": 0.0
      },
      {
        "YYYYMM": "202304",
        "ITEM_STD": "신발",
        "CY_END_STOCK_TAG_AMT": 0.0,
        "PY_END_STOCK_TAG_AMT": 0.0,
        "YOY": 0.0
      },
      {
        "YYYYMM": "202304",
        "ITEM_STD": "차기시즌 의류",
        "CY_END_STOCK_TAG_AMT": 0.0,
        "PY_END_STOCK_TAG_AMT": 0.0,
        "YOY": 0.0
      },
      {
        "YYYYMM": "202305",
        "ITEM_STD": "23F 의류",
        "CY_END_STOCK_TAG_AMT": 0.0,
        "PY_END_STOCK_TAG_AMT": 17598880000.0,
        "YOY": 0.0
      },
      {
        "YYYYMM": "202305",
        "ITEM_STD": "24S 의류",
        "CY_END_STOCK_TAG_AMT": 0.0,
        "PY_END_STOCK_TAG_AMT": 6195220000.0,
        "YOY": 0.0
      },
      {
        "YYYYMM": "202305",
        "ITEM_STD": "가방",
        "CY_END_STOCK_TAG_AMT": 0.0,
        "PY_END_STOCK_TAG_AMT": 388370000.0,
        "YOY": 0.0
      },
      {
        "YYYYMM": "202305",
        "ITEM_STD": "과시즌 의류",
        "CY_END_STOCK_TAG_AMT": 0.0,
        "PY_END_STOCK_TAG_AMT": 10367470000.0,
        "YOY": 0.0
      },
      {
        "YYYYMM": "202305",
        "ITEM_STD": "기타ACC",
        "CY_END_STOCK_TAG_AMT": 0.0,
        "PY_END_STOCK_TAG_AMT": 178264000.0,
        "YOY": 0.0
      },
      {
        "YYYYMM": "202305",
        "ITEM_STD": "모자",
        "CY_END_STOCK_TAG_AMT": 0.0,
        "PY_END_STOCK_TAG_AMT": 384030000.0,
        "YOY": 0.0
      },
      {
        "YYYYMM": "202305",
        "ITEM_STD": "신발",
        "CY_END_STOCK_TAG_AMT": 0.0,
        "PY_END_STOCK_TAG_AMT": 0.0,
        "YOY": 0.0
      },
      {
        "YYYYMM": "202305",
        "ITEM_STD": "차기시즌 의류",
        "CY_END_STOCK_TAG_AMT": 0.0,
        "PY_END_STOCK_TAG_AMT": 0.0,
        "YOY": 0.0
      },
      {
        "YYYYMM": "202306",
        "ITEM_STD": "23F 의류",
        "CY_END_STOCK_TAG_AMT": 0.0,
        "PY_END_STOCK_TAG_AMT": 17573880000.0,
        "YOY": 0.0
      },
      {
        "YYYYMM": "202306",
        "ITEM_STD": "24S 의류",
        "CY_END_STOCK_TAG_AMT": 0.0,
        "PY_END_STOCK_TAG_AMT": 6091930000.0,
        "YOY": 0.0
      },
      {
        "YYYYMM": "202306",
        "ITEM_STD": "가방",
        "CY_END_STOCK_TAG_AMT": 0.0,
        "PY_END_STOCK_TAG_AMT": 378500000.0,
        "YOY": 0.0
      },
      {
        "YYYYMM": "202306",
        "ITEM_STD": "과시즌 의류",
        "CY_END_STOCK_TAG_AMT": 0.0,
        "PY_END_STOCK_TAG_AMT": 10145240000.0,
        "YOY": 0.0
      },
      {
        "YYYYMM": "202306",
        "ITEM_STD": "기타ACC",
        "CY_END_STOCK_TAG_AMT": 0.0,
        "PY_END_STOCK_TAG_AMT": 176528000.0,
        "YOY": 0.0
      },
      {
        "YYYYMM": "202306",
        "ITEM_STD": "모자",
        "CY_END_STOCK_TAG_AMT": 0.0,
        "PY_END_STOCK_TAG_AMT": 371310000.0,
        "YOY": 0.0
      },
      {
        "YYYYMM": "202306",
        "ITEM_STD": "신발",
        "CY_END_STOCK_TAG_AMT": 0.0,
        "PY_END_STOCK_TAG_AMT": 753685200.0,
        "YOY": 0.0
      },
      {
        "YYYYMM": "202306",
        "ITEM_STD": "차기시즌 의류",
        "CY_END_STOCK_TAG_AMT": 0.0,
        "PY_END_STOCK_TAG_AMT": 422450000.0,
        "YOY": 0.0
      },
      {
        "YYYYMM": "202307",
        "ITEM_STD": "23F 의류",
        "CY_END_STOCK_TAG_AMT": 0.0,
        "PY_END_STOCK_TAG_AMT": 17523970000.0,
        "YOY": 0.0
      },
      {
        "YYYYMM": "202307",
        "ITEM_STD": "24S 의류",
        "CY_END_STOCK_TAG_AMT": 0.0,
        "PY_END_STOCK_TAG_AMT": 5827220000.0,
        "YOY": 0.0
      },
      {
        "YYYYMM": "202307",
        "ITEM_STD": "가방",
        "CY_END_STOCK_TAG_AMT": 0.0,
        "PY_END_STOCK_TAG_AMT": 368680000.0,
        "YOY": 0.0
      },
      {
        "YYYYMM": "202307",
        "ITEM_STD": "과시즌 의류",
        "CY_END_STOCK_TAG_AMT": 0.0,
        "PY_END_STOCK_TAG_AMT": 9933030000.0,
        "YOY": 0.0
      },
      {
        "YYYYMM": "202307",
        "ITEM_STD": "기타ACC",
        "CY_END_STOCK_TAG_AMT": 0.0,
        "PY_END_STOCK_TAG_AMT": 245041000.0,
        "YOY": 0.0
      },
      {
        "YYYYMM": "202307",
        "ITEM_STD": "모자",
        "CY_END_STOCK_TAG_AMT": 0.0,
        "PY_END_STOCK_TAG_AMT": 364060000.0,
        "YOY": 0.0
      },
      {
        "YYYYMM": "202307",
        "ITEM_STD": "신발",
        "CY_END_STOCK_TAG_AMT": 0.0,
        "PY_END_STOCK_TAG_AMT": 0.0,
        "YOY": 0.0
      },
      {
        "YYYYMM": "202307",
        "ITEM_STD": "차기시즌 의류",
        "CY_END_STOCK_TAG_AMT": 0.0,
        "PY_END_STOCK_TAG_AMT": 1658220000.0,
        "YOY": 0.0
      },
      {
        "YYYYMM": "202401",
        "ITEM_STD": "23F 의류",
        "CY_END_STOCK_TAG_AMT": 9635730000.0,
        "PY_END_STOCK_TAG_AMT": 0.0,
        "YOY": 0.0
      },
      {
        "YYYYMM": "202401",
        "ITEM_STD": "24S 의류",
        "CY_END_STOCK_TAG_AMT": 3857650000.0,
        "PY_END_STOCK_TAG_AMT": 0.0,
        "YOY": 0.0
      },
      {
        "YYYYMM": "202401",
        "ITEM_STD": "가방",
        "CY_END_STOCK_TAG_AMT": 665710000.0,
        "PY_END_STOCK_TAG_AMT": 0.0,
        "YOY": 0.0
      },
      {
        "YYYYMM": "202401",
        "ITEM_STD": "과시즌 의류",
        "CY_END_STOCK_TAG_AMT": 28178790000.0,
        "PY_END_STOCK_TAG_AMT": 0.0,
        "YOY": 0.0
      },
      {
        "YYYYMM": "202401",
        "ITEM_STD": "기타ACC",
        "CY_END_STOCK_TAG_AMT": 232827000.0,
        "PY_END_STOCK_TAG_AMT": 0.0,
        "YOY": 0.0
      },
      {
        "YYYYMM": "202401",
        "ITEM_STD": "모자",
        "CY_END_STOCK_TAG_AMT": 541278000.0,
        "PY_END_STOCK_TAG_AMT": 0.0,
        "YOY": 0.0
      },
      {
        "YYYYMM": "202401",
        "ITEM_STD": "신발",
        "CY_END_STOCK_TAG_AMT": 1778368000.0,
        "PY_END_STOCK_TAG_AMT": 0.0,
        "YOY": 0.0
      },
      {
        "YYYYMM": "202402",
        "ITEM_STD": "23F 의류",
        "CY_END_STOCK_TAG_AMT": 9509290000.0,
        "PY_END_STOCK_TAG_AMT": 0.0,
        "YOY": 0.0
      },
      {
        "YYYYMM": "202402",
        "ITEM_STD": "24S 의류",
        "CY_END_STOCK_TAG_AMT": 6399050000.0,
        "PY_END_STOCK_TAG_AMT": 0.0,
        "YOY": 0.0
      },
      {
        "YYYYMM": "202402",
        "ITEM_STD": "가방",
        "CY_END_STOCK_TAG_AMT": 647270000.0,
        "PY_END_STOCK_TAG_AMT": 0.0,
        "YOY": 0.0
      },
      {
        "YYYYMM": "202402",
        "ITEM_STD": "과시즌 의류",
        "CY_END_STOCK_TAG_AMT": 27327260000.0,
        "PY_END_STOCK_TAG_AMT": 0.0,
        "YOY": 0.0
      },
      {
        "YYYYMM": "202402",
        "ITEM_STD": "기타ACC",
        "CY_END_STOCK_TAG_AMT": 227547000.0,
        "PY_END_STOCK_TAG_AMT": 0.0,
        "YOY": 0.0
      },
      {
        "YYYYMM": "202402",
        "ITEM_STD": "모자",
        "CY_END_STOCK_TAG_AMT": 551754000.0,
        "PY_END_STOCK_TAG_AMT": 0.0,
        "YOY": 0.0
      },
      {
        "YYYYMM": "202402",
        "ITEM_STD": "신발",
        "CY_END_STOCK_TAG_AMT": 1749223000.0,
        "PY_END_STOCK_TAG_AMT": 0.0,
        "YOY": 0.0
      },
      {
        "YYYYMM": "202403",
        "ITEM_STD": "23F 의류",
        "CY_END_STOCK_TAG_AMT": 9456140000.0,
        "PY_END_STOCK_TAG_AMT": 0.0,
        "YOY": 0.0
      },
      {
        "YYYYMM": "202403",
        "ITEM_STD": "24S 의류",
        "CY_END_STOCK_TAG_AMT": 7514200000.0,
        "PY_END_STOCK_TAG_AMT": 0.0,
        "YOY": 0.0
      },
      {
        "YYYYMM": "202403",
        "ITEM_STD": "가방",
        "CY_END_STOCK_TAG_AMT": 624860000.0,
        "PY_END_STOCK_TAG_AMT": 0.0,
        "YOY": 0.0
      },
      {
        "YYYYMM": "202403",
        "ITEM_STD": "과시즌 의류",
        "CY_END_STOCK_TAG_AMT": 26635430000.0,
        "PY_END_STOCK_TAG_AMT": 0.0,
        "YOY": 0.0
      },
      {
        "YYYYMM": "202403",
        "ITEM_STD": "기타ACC",
        "CY_END_STOCK_TAG_AMT": 224285000.0,
        "PY_END_STOCK_TAG_AMT": 0.0,
        "YOY": 0.0
      },
      {
        "YYYYMM": "202403",
        "ITEM_STD": "모자",
        "CY_END_STOCK_TAG_AMT": 540596000.0,
        "PY_END_STOCK_TAG_AMT": 0.0,
        "YOY": 0.0
      },
      {
        "YYYYMM": "202403",
        "ITEM_STD": "신발",
        "CY_END_STOCK_TAG_AMT": 1695129000.0,
        "PY_END_STOCK_TAG_AMT": 0.0,
        "YOY": 0.0
      },
      {
        "YYYYMM": "202403",
        "ITEM_STD": "차기시즌 의류",
        "CY_END_STOCK_TAG_AMT": 0.0,
        "PY_END_STOCK_TAG_AMT": 0.0,
        "YOY": 0.0
      },
      {
        "YYYYMM": "202404",
        "ITEM_STD": "23F 의류",
        "CY_END_STOCK_TAG_AMT": 9366780000.0,
        "PY_END_STOCK_TAG_AMT": 0.0,
        "YOY": 0.0
      },
      {
        "YYYYMM": "202404",
        "ITEM_STD": "24S 의류",
        "CY_END_STOCK_TAG_AMT": 7601400000.0,
        "PY_END_STOCK_TAG_AMT": 0.0,
        "YOY": 0.0
      },
      {
        "YYYYMM": "202404",
        "ITEM_STD": "가방",
        "CY_END_STOCK_TAG_AMT": 594820000.0,
        "PY_END_STOCK_TAG_AMT": 0.0,
        "YOY": 0.0
      },
      {
        "YYYYMM": "202404",
        "ITEM_STD": "과시즌 의류",
        "CY_END_STOCK_TAG_AMT": 25855500000.0,
        "PY_END_STOCK_TAG_AMT": 0.0,
        "YOY": 0.0
      },
      {
        "YYYYMM": "202404",
        "ITEM_STD": "기타ACC",
        "CY_END_STOCK_TAG_AMT": 219444000.0,
        "PY_END_STOCK_TAG_AMT": 0.0,
        "YOY": 0.0
      },
      {
        "YYYYMM": "202404",
        "ITEM_STD": "모자",
        "CY_END_STOCK_TAG_AMT": 516856000.0,
        "PY_END_STOCK_TAG_AMT": 0.0,
        "YOY": 0.0
      },
      {
        "YYYYMM": "202404",
        "ITEM_STD": "신발",
        "CY_END_STOCK_TAG_AMT": 1456135000.0,
        "PY_END_STOCK_TAG_AMT": 0.0,
        "YOY": 0.0
      },
      {
        "YYYYMM": "202404",
        "ITEM_STD": "차기시즌 의류",
        "CY_END_STOCK_TAG_AMT": 297550000.0,
        "PY_END_STOCK_TAG_AMT": 0.0,
        "YOY": 0.0
      },
      {
        "YYYYMM": "202405",
        "ITEM_STD": "23F 의류",
        "CY_END_STOCK_TAG_AMT": 9355600000.0,
        "PY_END_STOCK_TAG_AMT": 0.0,
        "YOY": 0.0
      },
      {
        "YYYYMM": "202405",
        "ITEM_STD": "24S 의류",
        "CY_END_STOCK_TAG_AMT": 7357920000.0,
        "PY_END_STOCK_TAG_AMT": 0.0,
        "YOY": 0.0
      },
      {
        "YYYYMM": "202405",
        "ITEM_STD": "가방",
        "CY_END_STOCK_TAG_AMT": 569040000.0,
        "PY_END_STOCK_TAG_AMT": 0.0,
        "YOY": 0.0
      },
      {
        "YYYYMM": "202405",
        "ITEM_STD": "과시즌 의류",
        "CY_END_STOCK_TAG_AMT": 25441260000.0,
        "PY_END_STOCK_TAG_AMT": 0.0,
        "YOY": 0.0
      },
      {
        "YYYYMM": "202405",
        "ITEM_STD": "기타ACC",
        "CY_END_STOCK_TAG_AMT": 217279000.0,
        "PY_END_STOCK_TAG_AMT": 0.0,
        "YOY": 0.0
      },
      {
        "YYYYMM": "202405",
        "ITEM_STD": "모자",
        "CY_END_STOCK_TAG_AMT": 531884000.0,
        "PY_END_STOCK_TAG_AMT": 0.0,
        "YOY": 0.0
      },
      {
        "YYYYMM": "202405",
        "ITEM_STD": "신발",
        "CY_END_STOCK_TAG_AMT": 1435070000.0,
        "PY_END_STOCK_TAG_AMT": 0.0,
        "YOY": 0.0
      },
      {
        "YYYYMM": "202405",
        "ITEM_STD": "차기시즌 의류",
        "CY_END_STOCK_TAG_AMT": 939440000.0,
        "PY_END_STOCK_TAG_AMT": 0.0,
        "YOY": 0.0
      },
      {
        "YYYYMM": "202406",
        "ITEM_STD": "23F 의류",
        "CY_END_STOCK_TAG_AMT": 9251460000.0,
        "PY_END_STOCK_TAG_AMT": 0.0,
        "YOY": 0.0
      },
      {
        "YYYYMM": "202406",
        "ITEM_STD": "24S 의류",
        "CY_END_STOCK_TAG_AMT": 7160500000.0,
        "PY_END_STOCK_TAG_AMT": 0.0,
        "YOY": 0.0
      },
      {
        "YYYYMM": "202406",
        "ITEM_STD": "가방",
        "CY_END_STOCK_TAG_AMT": 749100000.0,
        "PY_END_STOCK_TAG_AMT": 0.0,
        "YOY": 0.0
      },
      {
        "YYYYMM": "202406",
        "ITEM_STD": "과시즌 의류",
        "CY_END_STOCK_TAG_AMT": 25098940000.0,
        "PY_END_STOCK_TAG_AMT": 0.0,
        "YOY": 0.0
      },
      {
        "YYYYMM": "202406",
        "ITEM_STD": "기타ACC",
        "CY_END_STOCK_TAG_AMT": 214654000.0,
        "PY_END_STOCK_TAG_AMT": 0.0,
        "YOY": 0.0
      },
      {
        "YYYYMM": "202406",
        "ITEM_STD": "모자",
        "CY_END_STOCK_TAG_AMT": 511646000.0,
        "PY_END_STOCK_TAG_AMT": 0.0,
        "YOY": 0.0
      }
    ],
    "total_records_count": 110
  }
}