{
  "country": "KR",
  "brand_cd": "I",
  "brand_name": "MLB KIDS",
  "yyyymm": "202402",
  "yyyymm_py": "202302",
  "key": "월별아이템별매출추세",
  "analysis_data": {
    "title": "아이템별 매출 종합분석 (당해 1월~현재월)",
    "sections": [
      {
        "div": "종합분석-1",
        "sub_title": "시즌 트렌드",
        "ai_text": "• 23F 의류는 1,970백만원으로 전체 의류 매출의 압도적 비중을 차지하며, 전년 대비 86% 성장으로 강력한 F시즌 트렌드를 보임\n• 23S 의류는 매출이 거의 전무한 상태로 전년 대비 -138% 급감하여 S시즌 상품의 조기 준비 및 상품 기획 전략 재검토가 시급함\n• 과시즌 의류는 6백만원의 미미한 매출로 시즌리스 상품 라인업 확대를 통한 연중 안정적 매출 기반 구축이 필요함"
      },
      {
        "div": "종합분석-2",
        "sub_title": "카테고리",
        "ai_text": "• 가방 카테고리는 3,458백만원으로 전체 매출의 29%를 차지하는 핵심 아이템으로, 전년 대비 94.5% 성장하며 키즈 고객층의 가방 선호도 증가 추세를 확인\n• 신발 카테고리는 1,891백만원 매출로 2월 1,030백만원으로 1월 대비 19.6% 성장하며, 전년 대비 108% 성장으로 가장 높은 성장률을 기록\n• 모자 카테고리는 949백만원으로 안정적인 월별 매출을 유지하고 있으나, 전년 대비 97.5% 성장에 그쳐 상대적으로 낮은 성장세를 보임"
      },
      {
        "div": "종합분석-3",
        "sub_title": "핵심액션",
        "ai_text": "• 가방과 신발의 높은 성장세를 활용하여 해당 카테고리의 상품 라인업을 확대하고, 크로스 세일링을 통한 객단가 상승 전략 실행\n• 23S 시즌 상품의 조기 기획 및 론칭으로 시즌별 매출 공백을 최소화하고, 과시즌 상품 개발을 통한 연중 안정적 매출 기반 확보\n• 모자 카테고리의 상대적 저성장을 개선하기 위해 트렌디한 디자인 도입 및 가방-신발과의 세트 상품 기획으로 판매율 제고"
      }
    ]
  },
  "summary": {
    "total_sales": 12101.0,
    "unique_months": 2,
    "analysis_period": "2024년 01월 ~ 2024년 02월"
  },
  "season_items": [
    {
      "name": "23F 의류",
      "total_sales": 1970.0,
      "months": {
        "01": 1485.0,
        "02": 485.0
      },
      "avg_ratio": 17.0,
      "avg_yoy": 86.0
    },
    {
      "name": "과시즌 의류",
      "total_sales": 6.0,
      "months": {
        "01": 3.0,
        "02": 3.0
      },
      "avg_ratio": 0.0,
      "avg_yoy": 5.0
    },
    {
      "name": "23S 의류",
      "total_sales": 0.0,
      "months": {
        "01": -1.0,
        "02": 1.0
      },
      "avg_ratio": 0.0,
      "avg_yoy": -138.0
    }
  ],
  "category_items": [
    {
      "name": "가방",
      "total_sales": 3458.0,
      "months": {
        "01": 1835.0,
        "02": 1623.0
      },
      "avg_ratio": 29.0,
      "avg_yoy": 94.5
    },
    {
      "name": "신발",
      "total_sales": 1891.0,
      "months": {
        "01": 861.0,
        "02": 1030.0
      },
      "avg_ratio": 15.5,
      "avg_yoy": 108.0
    },
    {
      "name": "모자",
      "total_sales": 949.0,
      "months": {
        "01": 466.0,
        "02": 483.0
      },
      "avg_ratio": 8.0,
      "avg_yoy": 97.5
    },
    {
      "name": "기타ACC",
      "total_sales": 129.0,
      "months": {
        "01": 77.0,
        "02": 52.0
      },
      "avg_ratio": 1.0,
      "avg_yoy": 87.0
    }
  ],
  "raw_data": {
    "sample_records": [
      {
        "MONTH": "01",
        "CHNL_NM": "전체",
        "SALE_AMT": 5746.0,
        "RATIO": 100.0,
        "YOY": 91.0,
        "SEQ": 1
      },
      {
        "MONTH": "01",
        "CHNL_NM": "백화점",
        "SALE_AMT": 2752.0,
        "RATIO": 48.0,
        "YOY": 69.0,
        "SEQ": 2
      },
      {
        "MONTH": "01",
        "CHNL_NM": "대리점",
        "SALE_AMT": 471.0,
        "RATIO": 8.0,
        "YOY": 75.0,
        "SEQ": 2
      },
      {
        "MONTH": "01",
        "CHNL_NM": "직영기타",
        "SALE_AMT": 365.0,
        "RATIO": 6.0,
        "YOY": 87.0,
        "SEQ": 2
      },
      {
        "MONTH": "01",
        "CHNL_NM": "제휴몰",
        "SALE_AMT": 598.0,
        "RATIO": 10.0,
        "YOY": 157.0,
        "SEQ": 2
      },
      {
        "MONTH": "01",
        "CHNL_NM": "자사몰",
        "SALE_AMT": 276.0,
        "RATIO": 5.0,
        "YOY": 74.0,
        "SEQ": 2
      },
      {
        "MONTH": "01",
        "CHNL_NM": "면세점",
        "SALE_AMT": 1285.0,
        "RATIO": 22.0,
        "YOY": 241.0,
        "SEQ": 2
      },
      {
        "MONTH": "01",
        "CHNL_NM": "23F 의류",
        "SALE_AMT": 1485.0,
        "RATIO": 26.0,
        "YOY": 95.0,
        "SEQ": 3
      },
      {
        "MONTH": "01",
        "CHNL_NM": "23S 의류",
        "SALE_AMT": -1.0,
        "RATIO": 0.0,
        "YOY": 51.0,
        "SEQ": 3
      },
      {
        "MONTH": "01",
        "CHNL_NM": "과시즌 의류",
        "SALE_AMT": 3.0,
        "RATIO": 0.0,
        "YOY": 4.0,
        "SEQ": 3
      },
      {
        "MONTH": "01",
        "CHNL_NM": "모자",
        "SALE_AMT": 466.0,
        "RATIO": 8.0,
        "YOY": 113.0,
        "SEQ": 3
      },
      {
        "MONTH": "01",
        "CHNL_NM": "신발",
        "SALE_AMT": 861.0,
        "RATIO": 15.0,
        "YOY": 126.0,
        "SEQ": 3
      },
      {
        "MONTH": "01",
        "CHNL_NM": "가방",
        "SALE_AMT": 1835.0,
        "RATIO": 32.0,
        "YOY": 99.0,
        "SEQ": 3
      },
      {
        "MONTH": "01",
        "CHNL_NM": "기타ACC",
        "SALE_AMT": 77.0,
        "RATIO": 1.0,
        "YOY": 100.0,
        "SEQ": 3
      },
      {
        "MONTH": "01",
        "CHNL_NM": "차기시즌 의류",
        "SALE_AMT": 1019.0,
        "RATIO": 18.0,
        "YOY": 62.0,
        "SEQ": 3
      },
      {
        "MONTH": "02",
        "CHNL_NM": "전체",
        "SALE_AMT": 6355.0,
        "RATIO": 100.0,
        "YOY": 84.0,
        "SEQ": 1
      },
      {
        "MONTH": "02",
        "CHNL_NM": "백화점",
        "SALE_AMT": 3482.0,
        "RATIO": 55.0,
        "YOY": 75.0,
        "SEQ": 2
      },
      {
        "MONTH": "02",
        "CHNL_NM": "대리점",
        "SALE_AMT": 772.0,
        "RATIO": 12.0,
        "YOY": 106.0,
        "SEQ": 2
      },
      {
        "MONTH": "02",
        "CHNL_NM": "직영기타",
        "SALE_AMT": 583.0,
        "RATIO": 9.0,
        "YOY": 126.0,
        "SEQ": 2
      },
      {
        "MONTH": "02",
        "CHNL_NM": "제휴몰",
        "SALE_AMT": 647.0,
        "RATIO": 10.0,
        "YOY": 179.0,
        "SEQ": 2
      },
      {
        "MONTH": "02",
        "CHNL_NM": "자사몰",
        "SALE_AMT": 322.0,
        "RATIO": 5.0,
        "YOY": 61.0,
        "SEQ": 2
      },
      {
        "MONTH": "02",
        "CHNL_NM": "면세점",
        "SALE_AMT": 550.0,
        "RATIO": 9.0,
        "YOY": 62.0,
        "SEQ": 2
      },
      {
        "MONTH": "02",
        "CHNL_NM": "23F 의류",
        "SALE_AMT": 485.0,
        "RATIO": 8.0,
        "YOY": 77.0,
        "SEQ": 3
      },
      {
        "MONTH": "02",
        "CHNL_NM": "23S 의류",
        "SALE_AMT": 1.0,
        "RATIO": 0.0,
        "YOY": -327.0,
        "SEQ": 3
      },
      {
        "MONTH": "02",
        "CHNL_NM": "과시즌 의류",
        "SALE_AMT": 3.0,
        "RATIO": 0.0,
        "YOY": 6.0,
        "SEQ": 3
      },
      {
        "MONTH": "02",
        "CHNL_NM": "모자",
        "SALE_AMT": 483.0,
        "RATIO": 8.0,
        "YOY": 82.0,
        "SEQ": 3
      },
      {
        "MONTH": "02",
        "CHNL_NM": "신발",
        "SALE_AMT": 1030.0,
        "RATIO": 16.0,
        "YOY": 90.0,
        "SEQ": 3
      },
      {
        "MONTH": "02",
        "CHNL_NM": "가방",
        "SALE_AMT": 1623.0,
        "RATIO": 26.0,
        "YOY": 90.0,
        "SEQ": 3
      },
      {
        "MONTH": "02",
        "CHNL_NM": "기타ACC",
        "SALE_AMT": 52.0,
        "RATIO": 1.0,
        "YOY": 74.0,
        "SEQ": 3
      },
      {
        "MONTH": "02",
        "CHNL_NM": "차기시즌 의류",
        "SALE_AMT": 2678.0,
        "RATIO": 42.0,
        "YOY": 81.0,
        "SEQ": 3
      }
    ],
    "total_records_count": 30
  }
}