{
  "country": "KR",
  "brand_cd": "ST",
  "brand_name": "SERGIO TACCHINI",
  "yyyymm": "202406",
  "yyyymm_py": "202306",
  "key": "매장효율성",
  "sub_key": "종합분석",
  "analysis_data": {
    "title": "매장효율성 종합분석",
    "sections": [
      {
        "div": "종합분석-1",
        "sub_title": "우수 점포 생산성",
        "ai_text": "현재 SERGIO TACCHINI 브랜드에서 우수 점포로 분류된 채널은 없는 상황입니다.\n아울렛(48백만원)과 면세점(44백만원)이 상대적으로 높은 점포당 매출을 기록했으나, 전년 데이터가 없어 개선 여부를 판단할 수 없습니다.\n직영점의 경우 점포당 매출이 66백만원에서 31백만원으로 53.5% 감소하여 우수 점포 기준에 미달했습니다.\n전반적인 매장 효율성 개선이 시급한 상황으로 분석됩니다."
      },
      {
        "div": "종합분석-2",
        "sub_title": "대응 필요 매장",
        "ai_text": "직영점이 가장 심각한 상황으로 점포당 매출이 66백만원에서 31백만원으로 53.5% 급감했습니다.\n백화점은 10개 점포 운영 중 점포당 매출이 13백만원에 불과해 채널 내 최저 효율성을 보이고 있습니다.\n면세점(44백만원)과 아울렛(48백만원)은 신규 진입으로 전년 비교는 불가하나, 절대 매출 수준이 목표치 대비 저조합니다.\n전체 점포당 매출이 전년 66백만원에서 21백만원으로 68.2% 감소하여 전면적인 개선이 필요합니다."
      },
      {
        "div": "종합분석-3",
        "sub_title": "AI 권장사항",
        "ai_text": "백화점 채널의 경우 10개 점포 중 저효율 점포 정리 및 우수 입지 점포 집중 투자를 통한 선택과 집중 전략 실행이 필요합니다.\n직영점은 매출 급감 원인 분석 후 상품 구성, 마케팅, 운영 방식의 전면 재검토를 통한 회복 전략을 수립해야 합니다.\n면세점과 아울렛은 신규 채널로서 초기 정착을 위한 프로모션 강화 및 브랜드 인지도 제고 활동이 필요합니다.\n채널별 특성에 맞는 상품 포트폴리오 차별화 및 고객 타겟팅 전략을 통해 점포당 매출 40백만원 이상 달성을 목표로 설정합니다."
      },
      {
        "div": "종합분석-4",
        "sub_title": "최적의 시나리오",
        "ai_text": "3개월 내 백화점 채널 점포 수를 7개로 축소하고 점포당 매출을 25백만원까지 향상시킵니다.\n직영점은 운영 효율성 개선을 통해 6개월 내 점포당 매출 50백만원 회복을 목표로 합니다.\n면세점과 아울렛은 브랜드 정착화를 통해 각각 60백만원, 65백만원 수준까지 점포당 매출 증대를 추진합니다.\n전체적으로 연말까지 점포당 매출 35백만원 달성 및 수익성 기반의 지속가능한 매장 운영 체계를 구축합니다."
      }
    ]
  },
  "summary": {
    "total_shop_amt_cy": 21.0,
    "total_shop_amt_py": 66.0,
    "total_shop_cnt_cy": 15,
    "total_shop_cnt_py": 1,
    "yoy": 31.8,
    "unique_channels": 4,
    "analysis_period": "2023년 6월 vs 2024년 6월"
  },
  "channel_summary": {
    "백화점": {
      "shop_amt_cy": 13.0,
      "shop_amt_py": 0.0,
      "shop_cnt_cy": 10,
      "shop_cnt_py": 0,
      "yoy": 0.0
    },
    "직영점": {
      "shop_amt_cy": 31.0,
      "shop_amt_py": 66.0,
      "shop_cnt_cy": 3,
      "shop_cnt_py": 1,
      "yoy": 46.5
    },
    "면세점": {
      "shop_amt_cy": 44.0,
      "shop_amt_py": 0.0,
      "shop_cnt_cy": 1,
      "shop_cnt_py": 0,
      "yoy": 0.0
    },
    "아울렛": {
      "shop_amt_cy": 48.0,
      "shop_amt_py": 0.0,
      "shop_cnt_cy": 1,
      "shop_cnt_py": 0,
      "yoy": 0.0
    }
  },
  "excellent_channels": [],
  "warning_channels": [
    {
      "chnl_nm": "백화점",
      "shop_amt_cy": 13.0,
      "shop_amt_py": 0.0,
      "yoy": 0.0,
      "shop_cnt_cy": 10
    },
    {
      "chnl_nm": "직영점",
      "shop_amt_cy": 31.0,
      "shop_amt_py": 66.0,
      "yoy": 46.5,
      "shop_cnt_cy": 3
    },
    {
      "chnl_nm": "면세점",
      "shop_amt_cy": 44.0,
      "shop_amt_py": 0.0,
      "yoy": 0.0,
      "shop_cnt_cy": 1
    },
    {
      "chnl_nm": "아울렛",
      "shop_amt_cy": 48.0,
      "shop_amt_py": 0.0,
      "yoy": 0.0,
      "shop_cnt_cy": 1
    }
  ],
  "raw_data": {
    "sample_records": [
      {
        "CHNL_NM": "백화점",
        "SHOP_CNT_CY": 10,
        "SHOP_CNT_PY": 0,
        "SHOP_AMT_CY": 13.0,
        "SHOP_AMT_PY": 0.0,
        "YOY": 0.0,
        "SEQ": 2
      },
      {
        "CHNL_NM": "직영점",
        "SHOP_CNT_CY": 3,
        "SHOP_CNT_PY": 1,
        "SHOP_AMT_CY": 31.0,
        "SHOP_AMT_PY": 66.0,
        "YOY": 46.5,
        "SEQ": 2
      },
      {
        "CHNL_NM": "면세점",
        "SHOP_CNT_CY": 1,
        "SHOP_CNT_PY": 0,
        "SHOP_AMT_CY": 44.0,
        "SHOP_AMT_PY": 0.0,
        "YOY": 0.0,
        "SEQ": 2
      },
      {
        "CHNL_NM": "전체",
        "SHOP_CNT_CY": 15,
        "SHOP_CNT_PY": 1,
        "SHOP_AMT_CY": 21.0,
        "SHOP_AMT_PY": 66.0,
        "YOY": 31.4,
        "SEQ": 1
      },
      {
        "CHNL_NM": "면세 제외",
        "SHOP_CNT_CY": 14,
        "SHOP_CNT_PY": 1,
        "SHOP_AMT_CY": 19.0,
        "SHOP_AMT_PY": 66.0,
        "YOY": 28.9,
        "SEQ": 3
      },
      {
        "CHNL_NM": "아울렛",
        "SHOP_CNT_CY": 1,
        "SHOP_CNT_PY": 0,
        "SHOP_AMT_CY": 48.0,
        "SHOP_AMT_PY": 0.0,
        "YOY": 0.0,
        "SEQ": 2
      }
    ],
    "total_records_count": 6
  }
}