{
  "country": "KR",
  "brand_cd": "X",
  "brand_name": "DISCOVERY",
  "yyyymm": "202401",
  "yyyymm_py": "202301",
  "key": "월별채널별매출추세",
  "analysis_data": {
    "title": "채널별 매출 종합분석 (당해 1월~현재월)",
    "sections": [
      {
        "div": "종합분석-1",
        "sub_title": "주요 인사이트",
        "ai_text": "• 2024년 1월 최대 39,448백만원 - 겨울 시즌 아웃도어 의류 수요 집중으로 다운점퍼가 전체 매출의 40% 이상을 견인\n• 2024년 1월 최저 39,448백만원 - 1개월간 분석으로 월별 변동폭 파악 불가, 단일월 기준 강력한 매출 집중도 확인\n• 단일월 분석으로 턴어라운드 시점 없음 - 백화점(32.5%), 대리점(28.1%), 아울렛(17.3%) 순으로 채널별 안정적 매출 분산 구조 형성"
      },
      {
        "div": "종합분석-2",
        "sub_title": "채널 트렌드",
        "ai_text": "• 백화점: 프리미엄 고객층 중심의 안정적 매출 구조 - 12,815백만원(32.5%), 다운점퍼 50% 집중으로 고가 아웃도어 선호도 확인\n• 대리점: 전국 네트워크 기반 대중적 접근성 강화 - 11,094백만원(28.1%), 다운점퍼 52%로 최고 집중도를 보이며 겨울 시즌 핵심 채널 역할\n• 아울렛: 가격 민감 고객층 대상 효율적 재고 소진 - 6,822백만원(17.3%), 다운점퍼 58%로 최고 비중을 차지하며 시즌 상품 집중 판매 전략 성공"
      },
      {
        "div": "종합분석-3",
        "sub_title": "전략 포인트",
        "ai_text": "• 백화점 채널 백팩·신발 카테고리 확대 전략 - 각각 13%, 12% 비중으로 다운점퍼 의존도 완화 및 연중 매출 안정성 확보\n• 면세점·직영점·백화점의 높은 아이템 집중도 활용 - 핵심 SKU 중심 재고 최적화 및 매장 진열 효율성 극대화 추진\n• 대리점·아울렛 채널 시즌 후 신발·백팩 비중 확대 - 겨울 아웃도어 의존도(50% 이상)에서 탈피하여 사계절 균형 포트폴리오 구축"
      }
    ]
  },
  "summary": {
    "total_sales": 39447.79,
    "unique_channels": 7,
    "unique_items": 55,
    "unique_months": 1,
    "analysis_period": "2024년 01월 ~ 2024년 01월"
  },
  "channel_summary": {
    "백화점": {
      "total_sales": 12814.65,
      "months": {
        "202401": 12814648280.0
      },
      "top_items": [
        {
          "class3": "다운점퍼",
          "total_sales": 6427.66
        },
        {
          "class3": "백팩",
          "total_sales": 1628.78
        },
        {
          "class3": "신발",
          "total_sales": 1523.14
        },
        {
          "class3": "소프트쉘",
          "total_sales": 717.14
        },
        {
          "class3": "트레이닝(하의)",
          "total_sales": 487.97
        }
      ]
    },
    "대리점": {
      "total_sales": 11093.71,
      "months": {
        "202401": 11093709700.0
      },
      "top_items": [
        {
          "class3": "다운점퍼",
          "total_sales": 5714.08
        },
        {
          "class3": "신발",
          "total_sales": 1159.73
        },
        {
          "class3": "백팩",
          "total_sales": 1106.96
        },
        {
          "class3": "트레이닝(하의)",
          "total_sales": 492.89
        },
        {
          "class3": "트레이닝(상의)",
          "total_sales": 428.58
        }
      ]
    },
    "아울렛": {
      "total_sales": 6822.5,
      "months": {
        "202401": 6822497560.0
      },
      "top_items": [
        {
          "class3": "다운점퍼",
          "total_sales": 3945.74
        },
        {
          "class3": "백팩",
          "total_sales": 581.68
        },
        {
          "class3": "소프트쉘",
          "total_sales": 383.31
        },
        {
          "class3": "신발",
          "total_sales": 329.77
        },
        {
          "class3": "트레이닝(상의)",
          "total_sales": 266.34
        }
      ]
    },
    "제휴몰": {
      "total_sales": 4144.45,
      "months": {
        "202401": 4144453770.0
      },
      "top_items": [
        {
          "class3": "다운점퍼",
          "total_sales": 1707.88
        },
        {
          "class3": "신발",
          "total_sales": 789.32
        },
        {
          "class3": "백팩",
          "total_sales": 468.09
        },
        {
          "class3": "다운 스카프",
          "total_sales": 228.75
        },
        {
          "class3": "스윔웨어",
          "total_sales": 210.89
        }
      ]
    },
    "면세점": {
      "total_sales": 1873.57,
      "months": {
        "202401": 1873568240.0
      },
      "top_items": [
        {
          "class3": "다운점퍼",
          "total_sales": 1011.79
        },
        {
          "class3": "백팩",
          "total_sales": 289.47
        },
        {
          "class3": "신발",
          "total_sales": 270.26
        },
        {
          "class3": "반팔티셔츠",
          "total_sales": 66.56
        },
        {
          "class3": "트레이닝(하의)",
          "total_sales": 36.73
        }
      ]
    },
    "자사몰": {
      "total_sales": 1749.71,
      "months": {
        "202401": 1749706910.0
      },
      "top_items": [
        {
          "class3": "다운점퍼",
          "total_sales": 615.15
        },
        {
          "class3": "백팩",
          "total_sales": 333.59
        },
        {
          "class3": "신발",
          "total_sales": 323.03
        },
        {
          "class3": "스윔웨어",
          "total_sales": 68.21
        },
        {
          "class3": "스윔웨어 하의",
          "total_sales": 47.56
        }
      ]
    },
    "직영점": {
      "total_sales": 949.21,
      "months": {
        "202401": 949205930.0
      },
      "top_items": [
        {
          "class3": "다운점퍼",
          "total_sales": 515.02
        },
        {
          "class3": "백팩",
          "total_sales": 132.59
        },
        {
          "class3": "신발",
          "total_sales": 113.31
        },
        {
          "class3": "트레이닝(하의)",
          "total_sales": 25.85
        },
        {
          "class3": "트레이닝(상의)",
          "total_sales": 24.3
        }
      ]
    }
  },
  "raw_data": {
    "sample_records": [
      {
        "PST_YYYYMM": "202401",
        "CHNL_NM": "백화점",
        "CLASS3": "다운점퍼",
        "SALE_AMT": 6427663900.0,
        "SALE_RATIO": 50.0
      },
      {
        "PST_YYYYMM": "202401",
        "CHNL_NM": "백화점",
        "CLASS3": "백팩",
        "SALE_AMT": 1628775550.0,
        "SALE_RATIO": 13.0
      },
      {
        "PST_YYYYMM": "202401",
        "CHNL_NM": "백화점",
        "CLASS3": "신발",
        "SALE_AMT": 1523140440.0,
        "SALE_RATIO": 12.0
      },
      {
        "PST_YYYYMM": "202401",
        "CHNL_NM": "백화점",
        "CLASS3": "소프트쉘",
        "SALE_AMT": 717141940.0,
        "SALE_RATIO": 6.0
      },
      {
        "PST_YYYYMM": "202401",
        "CHNL_NM": "백화점",
        "CLASS3": "트레이닝(하의)",
        "SALE_AMT": 487969090.0,
        "SALE_RATIO": 4.0
      },
      {
        "PST_YYYYMM": "202401",
        "CHNL_NM": "백화점",
        "CLASS3": "트레이닝(상의)",
        "SALE_AMT": 361456010.0,
        "SALE_RATIO": 3.0
      },
      {
        "PST_YYYYMM": "202401",
        "CHNL_NM": "백화점",
        "CLASS3": "맨투맨",
        "SALE_AMT": 358159980.0,
        "SALE_RATIO": 3.0
      },
      {
        "PST_YYYYMM": "202401",
        "CHNL_NM": "백화점",
        "CLASS3": "다운베스트",
        "SALE_AMT": 345343540.0,
        "SALE_RATIO": 3.0
      },
      {
        "PST_YYYYMM": "202401",
        "CHNL_NM": "백화점",
        "CLASS3": "방풍자켓",
        "SALE_AMT": 144645880.0,
        "SALE_RATIO": 1.0
      },
      {
        "PST_YYYYMM": "202401",
        "CHNL_NM": "백화점",
        "CLASS3": "팬츠",
        "SALE_AMT": 139132610.0,
        "SALE_RATIO": 1.0
      },
      {
        "PST_YYYYMM": "202401",
        "CHNL_NM": "백화점",
        "CLASS3": "후드티",
        "SALE_AMT": 121878610.0,
        "SALE_RATIO": 1.0
      },
      {
        "PST_YYYYMM": "202401",
        "CHNL_NM": "백화점",
        "CLASS3": "메신저백",
        "SALE_AMT": 99148090.0,
        "SALE_RATIO": 1.0
      },
      {
        "PST_YYYYMM": "202401",
        "CHNL_NM": "백화점",
        "CLASS3": "패딩",
        "SALE_AMT": 75103870.0,
        "SALE_RATIO": 1.0
      },
      {
        "PST_YYYYMM": "202401",
        "CHNL_NM": "백화점",
        "CLASS3": "토드백",
        "SALE_AMT": 57645140.0,
        "SALE_RATIO": 0.0
      },
      {
        "PST_YYYYMM": "202401",
        "CHNL_NM": "백화점",
        "CLASS3": "슬링백",
        "SALE_AMT": 39413550.0,
        "SALE_RATIO": 0.0
      },
      {
        "PST_YYYYMM": "202401",
        "CHNL_NM": "백화점",
        "CLASS3": "슬리퍼",
        "SALE_AMT": 38164910.0,
        "SALE_RATIO": 0.0
      },
      {
        "PST_YYYYMM": "202401",
        "CHNL_NM": "백화점",
        "CLASS3": "운동모",
        "SALE_AMT": 37665480.0,
        "SALE_RATIO": 0.0
      },
      {
        "PST_YYYYMM": "202401",
        "CHNL_NM": "백화점",
        "CLASS3": "긴팔티셔츠",
        "SALE_AMT": 35744380.0,
        "SALE_RATIO": 0.0
      },
      {
        "PST_YYYYMM": "202401",
        "CHNL_NM": "백화점",
        "CLASS3": "크로스백",
        "SALE_AMT": 28268470.0,
        "SALE_RATIO": 0.0
      },
      {
        "PST_YYYYMM": "202401",
        "CHNL_NM": "백화점",
        "CLASS3": "다운 스카프",
        "SALE_AMT": 23252150.0,
        "SALE_RATIO": 0.0
      },
      {
        "PST_YYYYMM": "202401",
        "CHNL_NM": "백화점",
        "CLASS3": "비니",
        "SALE_AMT": 18692420.0,
        "SALE_RATIO": 0.0
      },
      {
        "PST_YYYYMM": "202401",
        "CHNL_NM": "백화점",
        "CLASS3": "장갑",
        "SALE_AMT": 16699630.0,
        "SALE_RATIO": 0.0
      },
      {
        "PST_YYYYMM": "202401",
        "CHNL_NM": "백화점",
        "CLASS3": "집업티",
        "SALE_AMT": 11757800.0,
        "SALE_RATIO": 0.0
      },
      {
        "PST_YYYYMM": "202401",
        "CHNL_NM": "백화점",
        "CLASS3": "햇",
        "SALE_AMT": 11032990.0,
        "SALE_RATIO": 0.0
      },
      {
        "PST_YYYYMM": "202401",
        "CHNL_NM": "백화점",
        "CLASS3": "상하의 세트",
        "SALE_AMT": 10165340.0,
        "SALE_RATIO": 0.0
      },
      {
        "PST_YYYYMM": "202401",
        "CHNL_NM": "백화점",
        "CLASS3": "긴팔카라티셔츠",
        "SALE_AMT": 10037370.0,
        "SALE_RATIO": 0.0
      },
      {
        "PST_YYYYMM": "202401",
        "CHNL_NM": "백화점",
        "CLASS3": "기타소품류",
        "SALE_AMT": 9586200.0,
        "SALE_RATIO": 0.0
      },
      {
        "PST_YYYYMM": "202401",
        "CHNL_NM": "백화점",
        "CLASS3": "레깅스",
        "SALE_AMT": 9075130.0,
        "SALE_RATIO": 0.0
      },
      {
        "PST_YYYYMM": "202401",
        "CHNL_NM": "백화점",
        "CLASS3": "니트",
        "SALE_AMT": 7090410.0,
        "SALE_RATIO": 0.0
      },
      {
        "PST_YYYYMM": "202401",
        "CHNL_NM": "백화점",
        "CLASS3": "보스톤백",
        "SALE_AMT": 4010410.0,
        "SALE_RATIO": 0.0
      },
      {
        "PST_YYYYMM": "202401",
        "CHNL_NM": "백화점",
        "CLASS3": "양말",
        "SALE_AMT": 3960600.0,
        "SALE_RATIO": 0.0
      },
      {
        "PST_YYYYMM": "202401",
        "CHNL_NM": "백화점",
        "CLASS3": "가방",
        "SALE_AMT": 3177000.0,
        "SALE_RATIO": 0.0
      },
      {
        "PST_YYYYMM": "202401",
        "CHNL_NM": "백화점",
        "CLASS3": "힙색",
        "SALE_AMT": 2940950.0,
        "SALE_RATIO": 0.0
      },
      {
        "PST_YYYYMM": "202401",
        "CHNL_NM": "백화점",
        "CLASS3": "멀티스카프",
        "SALE_AMT": 2166070.0,
        "SALE_RATIO": 0.0
      },
      {
        "PST_YYYYMM": "202401",
        "CHNL_NM": "백화점",
        "CLASS3": "짐백",
        "SALE_AMT": 1438350.0,
        "SALE_RATIO": 0.0
      },
      {
        "PST_YYYYMM": "202401",
        "CHNL_NM": "백화점",
        "CLASS3": "우븐셔츠",
        "SALE_AMT": 1013200.0,
        "SALE_RATIO": 0.0
      },
      {
        "PST_YYYYMM": "202401",
        "CHNL_NM": "백화점",
        "CLASS3": "반팔티셔츠",
        "SALE_AMT": 410700.0,
        "SALE_RATIO": 0.0
      },
      {
        "PST_YYYYMM": "202401",
        "CHNL_NM": "백화점",
        "CLASS3": "스커트",
        "SALE_AMT": 338000.0,
        "SALE_RATIO": 0.0
      },
      {
        "PST_YYYYMM": "202401",
        "CHNL_NM": "백화점",
        "CLASS3": "트레이닝 숏팬츠",
        "SALE_AMT": 311520.0,
        "SALE_RATIO": 0.0
      },
      {
        "PST_YYYYMM": "202401",
        "CHNL_NM": "백화점",
        "CLASS3": "스윔웨어",
        "SALE_AMT": 249000.0,
        "SALE_RATIO": 0.0
      },
      {
        "PST_YYYYMM": "202401",
        "CHNL_NM": "백화점",
        "CLASS3": "토시",
        "SALE_AMT": 225000.0,
        "SALE_RATIO": 0.0
      },
      {
        "PST_YYYYMM": "202401",
        "CHNL_NM": "백화점",
        "CLASS3": "반바지",
        "SALE_AMT": 195600.0,
        "SALE_RATIO": 0.0
      },
      {
        "PST_YYYYMM": "202401",
        "CHNL_NM": "백화점",
        "CLASS3": "원피스",
        "SALE_AMT": 94800.0,
        "SALE_RATIO": 0.0
      },
      {
        "PST_YYYYMM": "202401",
        "CHNL_NM": "백화점",
        "CLASS3": "스윔웨어 하의",
        "SALE_AMT": 94800.0,
        "SALE_RATIO": 0.0
      },
      {
        "PST_YYYYMM": "202401",
        "CHNL_NM": "백화점",
        "CLASS3": "파우치",
        "SALE_AMT": 79000.0,
        "SALE_RATIO": 0.0
      },
      {
        "PST_YYYYMM": "202401",
        "CHNL_NM": "백화점",
        "CLASS3": "반팔카라티셔츠",
        "SALE_AMT": 65400.0,
        "SALE_RATIO": 0.0
      },
      {
        "PST_YYYYMM": "202401",
        "CHNL_NM": "백화점",
        "CLASS3": "슬리브리스",
        "SALE_AMT": 27000.0,
        "SALE_RATIO": 0.0
      },
      {
        "PST_YYYYMM": "202401",
        "CHNL_NM": "대리점",
        "CLASS3": "다운점퍼",
        "SALE_AMT": 5714084880.0,
        "SALE_RATIO": 52.0
      },
      {
        "PST_YYYYMM": "202401",
        "CHNL_NM": "대리점",
        "CLASS3": "신발",
        "SALE_AMT": 1159734620.0,
        "SALE_RATIO": 10.0
      },
      {
        "PST_YYYYMM": "202401",
        "CHNL_NM": "대리점",
        "CLASS3": "백팩",
        "SALE_AMT": 1106955470.0,
        "SALE_RATIO": 10.0
      }
    ],
    "total_records_count": 297
  },
  "trend_data": {
    "trend_months": [
      "202401"
    ],
    "monthly_totals": [
      {
        "yyyymm": "202401",
        "total_amount": 39447.79
      }
    ],
    "monthly_details": [
      {
        "yyyymm": "202401",
        "chnl_nm": "백화점",
        "class3": "다운점퍼",
        "sale_amt": 6427.66,
        "sale_ratio": 50.0
      },
      {
        "yyyymm": "202401",
        "chnl_nm": "백화점",
        "class3": "백팩",
        "sale_amt": 1628.78,
        "sale_ratio": 13.0
      },
      {
        "yyyymm": "202401",
        "chnl_nm": "백화점",
        "class3": "신발",
        "sale_amt": 1523.14,
        "sale_ratio": 12.0
      },
      {
        "yyyymm": "202401",
        "chnl_nm": "백화점",
        "class3": "소프트쉘",
        "sale_amt": 717.14,
        "sale_ratio": 6.0
      },
      {
        "yyyymm": "202401",
        "chnl_nm": "백화점",
        "class3": "트레이닝(하의)",
        "sale_amt": 487.97,
        "sale_ratio": 4.0
      },
      {
        "yyyymm": "202401",
        "chnl_nm": "백화점",
        "class3": "트레이닝(상의)",
        "sale_amt": 361.46,
        "sale_ratio": 3.0
      },
      {
        "yyyymm": "202401",
        "chnl_nm": "백화점",
        "class3": "맨투맨",
        "sale_amt": 358.16,
        "sale_ratio": 3.0
      },
      {
        "yyyymm": "202401",
        "chnl_nm": "백화점",
        "class3": "다운베스트",
        "sale_amt": 345.34,
        "sale_ratio": 3.0
      },
      {
        "yyyymm": "202401",
        "chnl_nm": "백화점",
        "class3": "방풍자켓",
        "sale_amt": 144.65,
        "sale_ratio": 1.0
      },
      {
        "yyyymm": "202401",
        "chnl_nm": "백화점",
        "class3": "팬츠",
        "sale_amt": 139.13,
        "sale_ratio": 1.0
      },
      {
        "yyyymm": "202401",
        "chnl_nm": "백화점",
        "class3": "후드티",
        "sale_amt": 121.88,
        "sale_ratio": 1.0
      },
      {
        "yyyymm": "202401",
        "chnl_nm": "백화점",
        "class3": "메신저백",
        "sale_amt": 99.15,
        "sale_ratio": 1.0
      },
      {
        "yyyymm": "202401",
        "chnl_nm": "백화점",
        "class3": "패딩",
        "sale_amt": 75.1,
        "sale_ratio": 1.0
      },
      {
        "yyyymm": "202401",
        "chnl_nm": "백화점",
        "class3": "토드백",
        "sale_amt": 57.65,
        "sale_ratio": 0.0
      },
      {
        "yyyymm": "202401",
        "chnl_nm": "백화점",
        "class3": "슬링백",
        "sale_amt": 39.41,
        "sale_ratio": 0.0
      },
      {
        "yyyymm": "202401",
        "chnl_nm": "백화점",
        "class3": "슬리퍼",
        "sale_amt": 38.16,
        "sale_ratio": 0.0
      },
      {
        "yyyymm": "202401",
        "chnl_nm": "백화점",
        "class3": "운동모",
        "sale_amt": 37.67,
        "sale_ratio": 0.0
      },
      {
        "yyyymm": "202401",
        "chnl_nm": "백화점",
        "class3": "긴팔티셔츠",
        "sale_amt": 35.74,
        "sale_ratio": 0.0
      },
      {
        "yyyymm": "202401",
        "chnl_nm": "백화점",
        "class3": "크로스백",
        "sale_amt": 28.27,
        "sale_ratio": 0.0
      },
      {
        "yyyymm": "202401",
        "chnl_nm": "백화점",
        "class3": "다운 스카프",
        "sale_amt": 23.25,
        "sale_ratio": 0.0
      },
      {
        "yyyymm": "202401",
        "chnl_nm": "백화점",
        "class3": "비니",
        "sale_amt": 18.69,
        "sale_ratio": 0.0
      },
      {
        "yyyymm": "202401",
        "chnl_nm": "백화점",
        "class3": "장갑",
        "sale_amt": 16.7,
        "sale_ratio": 0.0
      },
      {
        "yyyymm": "202401",
        "chnl_nm": "백화점",
        "class3": "집업티",
        "sale_amt": 11.76,
        "sale_ratio": 0.0
      },
      {
        "yyyymm": "202401",
        "chnl_nm": "백화점",
        "class3": "햇",
        "sale_amt": 11.03,
        "sale_ratio": 0.0
      },
      {
        "yyyymm": "202401",
        "chnl_nm": "백화점",
        "class3": "상하의 세트",
        "sale_amt": 10.17,
        "sale_ratio": 0.0
      },
      {
        "yyyymm": "202401",
        "chnl_nm": "백화점",
        "class3": "긴팔카라티셔츠",
        "sale_amt": 10.04,
        "sale_ratio": 0.0
      },
      {
        "yyyymm": "202401",
        "chnl_nm": "백화점",
        "class3": "기타소품류",
        "sale_amt": 9.59,
        "sale_ratio": 0.0
      },
      {
        "yyyymm": "202401",
        "chnl_nm": "백화점",
        "class3": "레깅스",
        "sale_amt": 9.08,
        "sale_ratio": 0.0
      },
      {
        "yyyymm": "202401",
        "chnl_nm": "백화점",
        "class3": "니트",
        "sale_amt": 7.09,
        "sale_ratio": 0.0
      },
      {
        "yyyymm": "202401",
        "chnl_nm": "백화점",
        "class3": "보스톤백",
        "sale_amt": 4.01,
        "sale_ratio": 0.0
      },
      {
        "yyyymm": "202401",
        "chnl_nm": "백화점",
        "class3": "양말",
        "sale_amt": 3.96,
        "sale_ratio": 0.0
      },
      {
        "yyyymm": "202401",
        "chnl_nm": "백화점",
        "class3": "가방",
        "sale_amt": 3.18,
        "sale_ratio": 0.0
      },
      {
        "yyyymm": "202401",
        "chnl_nm": "백화점",
        "class3": "힙색",
        "sale_amt": 2.94,
        "sale_ratio": 0.0
      },
      {
        "yyyymm": "202401",
        "chnl_nm": "백화점",
        "class3": "멀티스카프",
        "sale_amt": 2.17,
        "sale_ratio": 0.0
      },
      {
        "yyyymm": "202401",
        "chnl_nm": "백화점",
        "class3": "짐백",
        "sale_amt": 1.44,
        "sale_ratio": 0.0
      },
      {
        "yyyymm": "202401",
        "chnl_nm": "백화점",
        "class3": "우븐셔츠",
        "sale_amt": 1.01,
        "sale_ratio": 0.0
      },
      {
        "yyyymm": "202401",
        "chnl_nm": "백화점",
        "class3": "반팔티셔츠",
        "sale_amt": 0.41,
        "sale_ratio": 0.0
      },
      {
        "yyyymm": "202401",
        "chnl_nm": "백화점",
        "class3": "스커트",
        "sale_amt": 0.34,
        "sale_ratio": 0.0
      },
      {
        "yyyymm": "202401",
        "chnl_nm": "백화점",
        "class3": "트레이닝 숏팬츠",
        "sale_amt": 0.31,
        "sale_ratio": 0.0
      },
      {
        "yyyymm": "202401",
        "chnl_nm": "백화점",
        "class3": "스윔웨어",
        "sale_amt": 0.25,
        "sale_ratio": 0.0
      },
      {
        "yyyymm": "202401",
        "chnl_nm": "백화점",
        "class3": "토시",
        "sale_amt": 0.23,
        "sale_ratio": 0.0
      },
      {
        "yyyymm": "202401",
        "chnl_nm": "백화점",
        "class3": "반바지",
        "sale_amt": 0.2,
        "sale_ratio": 0.0
      },
      {
        "yyyymm": "202401",
        "chnl_nm": "백화점",
        "class3": "원피스",
        "sale_amt": 0.09,
        "sale_ratio": 0.0
      },
      {
        "yyyymm": "202401",
        "chnl_nm": "백화점",
        "class3": "스윔웨어 하의",
        "sale_amt": 0.09,
        "sale_ratio": 0.0
      },
      {
        "yyyymm": "202401",
        "chnl_nm": "백화점",
        "class3": "파우치",
        "sale_amt": 0.08,
        "sale_ratio": 0.0
      },
      {
        "yyyymm": "202401",
        "chnl_nm": "백화점",
        "class3": "반팔카라티셔츠",
        "sale_amt": 0.07,
        "sale_ratio": 0.0
      },
      {
        "yyyymm": "202401",
        "chnl_nm": "백화점",
        "class3": "슬리브리스",
        "sale_amt": 0.03,
        "sale_ratio": 0.0
      },
      {
        "yyyymm": "202401",
        "chnl_nm": "대리점",
        "class3": "다운점퍼",
        "sale_amt": 5714.08,
        "sale_ratio": 52.0
      },
      {
        "yyyymm": "202401",
        "chnl_nm": "대리점",
        "class3": "신발",
        "sale_amt": 1159.73,
        "sale_ratio": 10.0
      },
      {
        "yyyymm": "202401",
        "chnl_nm": "대리점",
        "class3": "백팩",
        "sale_amt": 1106.96,
        "sale_ratio": 10.0
      },
      {
        "yyyymm": "202401",
        "chnl_nm": "대리점",
        "class3": "트레이닝(하의)",
        "sale_amt": 492.89,
        "sale_ratio": 4.0
      },
      {
        "yyyymm": "202401",
        "chnl_nm": "대리점",
        "class3": "트레이닝(상의)",
        "sale_amt": 428.58,
        "sale_ratio": 4.0
      },
      {
        "yyyymm": "202401",
        "chnl_nm": "대리점",
        "class3": "맨투맨",
        "sale_amt": 390.49,
        "sale_ratio": 4.0
      },
      {
        "yyyymm": "202401",
        "chnl_nm": "대리점",
        "class3": "다운베스트",
        "sale_amt": 304.99,
        "sale_ratio": 3.0
      },
      {
        "yyyymm": "202401",
        "chnl_nm": "대리점",
        "class3": "소프트쉘",
        "sale_amt": 293.42,
        "sale_ratio": 3.0
      },
      {
        "yyyymm": "202401",
        "chnl_nm": "대리점",
        "class3": "팬츠",
        "sale_amt": 230.09,
        "sale_ratio": 2.0
      },
      {
        "yyyymm": "202401",
        "chnl_nm": "대리점",
        "class3": "후드티",
        "sale_amt": 146.16,
        "sale_ratio": 1.0
      },
      {
        "yyyymm": "202401",
        "chnl_nm": "대리점",
        "class3": "방풍자켓",
        "sale_amt": 109.09,
        "sale_ratio": 1.0
      },
      {
        "yyyymm": "202401",
        "chnl_nm": "대리점",
        "class3": "패딩",
        "sale_amt": 106.76,
        "sale_ratio": 1.0
      },
      {
        "yyyymm": "202401",
        "chnl_nm": "대리점",
        "class3": "슬리퍼",
        "sale_amt": 82.07,
        "sale_ratio": 1.0
      },
      {
        "yyyymm": "202401",
        "chnl_nm": "대리점",
        "class3": "운동모",
        "sale_amt": 70.33,
        "sale_ratio": 1.0
      },
      {
        "yyyymm": "202401",
        "chnl_nm": "대리점",
        "class3": "메신저백",
        "sale_amt": 65.15,
        "sale_ratio": 1.0
      },
      {
        "yyyymm": "202401",
        "chnl_nm": "대리점",
        "class3": "토드백",
        "sale_amt": 47.82,
        "sale_ratio": 0.0
      },
      {
        "yyyymm": "202401",
        "chnl_nm": "대리점",
        "class3": "긴팔티셔츠",
        "sale_amt": 44.73,
        "sale_ratio": 0.0
      },
      {
        "yyyymm": "202401",
        "chnl_nm": "대리점",
        "class3": "비니",
        "sale_amt": 39.63,
        "sale_ratio": 0.0
      },
      {
        "yyyymm": "202401",
        "chnl_nm": "대리점",
        "class3": "슬링백",
        "sale_amt": 39.0,
        "sale_ratio": 0.0
      },
      {
        "yyyymm": "202401",
        "chnl_nm": "대리점",
        "class3": "크로스백",
        "sale_amt": 38.3,
        "sale_ratio": 0.0
      },
      {
        "yyyymm": "202401",
        "chnl_nm": "대리점",
        "class3": "니트",
        "sale_amt": 35.91,
        "sale_ratio": 0.0
      },
      {
        "yyyymm": "202401",
        "chnl_nm": "대리점",
        "class3": "긴팔카라티셔츠",
        "sale_amt": 24.46,
        "sale_ratio": 0.0
      },
      {
        "yyyymm": "202401",
        "chnl_nm": "대리점",
        "class3": "다운 스카프",
        "sale_amt": 23.58,
        "sale_ratio": 0.0
      },
      {
        "yyyymm": "202401",
        "chnl_nm": "대리점",
        "class3": "장갑",
        "sale_amt": 17.96,
        "sale_ratio": 0.0
      },
      {
        "yyyymm": "202401",
        "chnl_nm": "대리점",
        "class3": "햇",
        "sale_amt": 15.66,
        "sale_ratio": 0.0
      },
      {
        "yyyymm": "202401",
        "chnl_nm": "대리점",
        "class3": "레깅스",
        "sale_amt": 15.54,
        "sale_ratio": 0.0
      },
      {
        "yyyymm": "202401",
        "chnl_nm": "대리점",
        "class3": "양말",
        "sale_amt": 12.5,
        "sale_ratio": 0.0
      },
      {
        "yyyymm": "202401",
        "chnl_nm": "대리점",
        "class3": "기타소품류",
        "sale_amt": 8.25,
        "sale_ratio": 0.0
      },
      {
        "yyyymm": "202401",
        "chnl_nm": "대리점",
        "class3": "보스톤백",
        "sale_amt": 5.75,
        "sale_ratio": 0.0
      },
      {
        "yyyymm": "202401",
        "chnl_nm": "대리점",
        "class3": "힙색",
        "sale_amt": 4.72,
        "sale_ratio": 0.0
      },
      {
        "yyyymm": "202401",
        "chnl_nm": "대리점",
        "class3": "멀티스카프",
        "sale_amt": 4.37,
        "sale_ratio": 0.0
      },
      {
        "yyyymm": "202401",
        "chnl_nm": "대리점",
        "class3": "반팔티셔츠",
        "sale_amt": 3.38,
        "sale_ratio": 0.0
      },
      {
        "yyyymm": "202401",
        "chnl_nm": "대리점",
        "class3": "스윔웨어",
        "sale_amt": 2.96,
        "sale_ratio": 0.0
      },
      {
        "yyyymm": "202401",
        "chnl_nm": "대리점",
        "class3": "상하의 세트",
        "sale_amt": 2.34,
        "sale_ratio": 0.0
      },
      {
        "yyyymm": "202401",
        "chnl_nm": "대리점",
        "class3": "스윔웨어 하의",
        "sale_amt": 2.2,
        "sale_ratio": 0.0
      },
      {
        "yyyymm": "202401",
        "chnl_nm": "대리점",
        "class3": "가방",
        "sale_amt": 2.12,
        "sale_ratio": 0.0
      },
      {
        "yyyymm": "202401",
        "chnl_nm": "대리점",
        "class3": "반팔카라티셔츠",
        "sale_amt": 0.33,
        "sale_ratio": 0.0
      },
      {
        "yyyymm": "202401",
        "chnl_nm": "대리점",
        "class3": "집업티",
        "sale_amt": 0.3,
        "sale_ratio": 0.0
      },
      {
        "yyyymm": "202401",
        "chnl_nm": "대리점",
        "class3": "짐백",
        "sale_amt": 0.27,
        "sale_ratio": 0.0
      },
      {
        "yyyymm": "202401",
        "chnl_nm": "대리점",
        "class3": "스커트",
        "sale_amt": 0.23,
        "sale_ratio": 0.0
      },
      {
        "yyyymm": "202401",
        "chnl_nm": "대리점",
        "class3": "우븐셔츠",
        "sale_amt": 0.19,
        "sale_ratio": 0.0
      },
      {
        "yyyymm": "202401",
        "chnl_nm": "대리점",
        "class3": "브라",
        "sale_amt": 0.14,
        "sale_ratio": 0.0
      },
      {
        "yyyymm": "202401",
        "chnl_nm": "대리점",
        "class3": "반바지",
        "sale_amt": 0.11,
        "sale_ratio": 0.0
      },
      {
        "yyyymm": "202401",
        "chnl_nm": "대리점",
        "class3": "토시",
        "sale_amt": 0.1,
        "sale_ratio": 0.0
      },
      {
        "yyyymm": "202401",
        "chnl_nm": "대리점",
        "class3": "파우치",
        "sale_amt": 0.06,
        "sale_ratio": 0.0
      },
      {
        "yyyymm": "202401",
        "chnl_nm": "대리점",
        "class3": "옷걸이",
        "sale_amt": 0.0,
        "sale_ratio": 0.0
      },
      {
        "yyyymm": "202401",
        "chnl_nm": "대리점",
        "class3": "유니폼",
        "sale_amt": 0.0,
        "sale_ratio": 0.0
      },
      {
        "yyyymm": "202401",
        "chnl_nm": "대리점",
        "class3": "쇼핑백",
        "sale_amt": 0.0,
        "sale_ratio": 0.0
      },
      {
        "yyyymm": "202401",
        "chnl_nm": "대리점",
        "class3": "사은품",
        "sale_amt": 0.0,
        "sale_ratio": 0.0
      },
      {
        "yyyymm": "202401",
        "chnl_nm": "대리점",
        "class3": "기타",
        "sale_amt": 0.0,
        "sale_ratio": 0.0
      },
      {
        "yyyymm": "202401",
        "chnl_nm": "대리점",
        "class3": "선물박스",
        "sale_amt": 0.0,
        "sale_ratio": 0.0
      },
      {
        "yyyymm": "202401",
        "chnl_nm": "아울렛",
        "class3": "다운점퍼",
        "sale_amt": 3945.74,
        "sale_ratio": 58.0
      },
      {
        "yyyymm": "202401",
        "chnl_nm": "아울렛",
        "class3": "백팩",
        "sale_amt": 581.68,
        "sale_ratio": 9.0
      },
      {
        "yyyymm": "202401",
        "chnl_nm": "아울렛",
        "class3": "소프트쉘",
        "sale_amt": 383.31,
        "sale_ratio": 6.0
      },
      {
        "yyyymm": "202401",
        "chnl_nm": "아울렛",
        "class3": "신발",
        "sale_amt": 329.77,
        "sale_ratio": 5.0
      },
      {
        "yyyymm": "202401",
        "chnl_nm": "아울렛",
        "class3": "트레이닝(상의)",
        "sale_amt": 266.34,
        "sale_ratio": 4.0
      },
      {
        "yyyymm": "202401",
        "chnl_nm": "아울렛",
        "class3": "트레이닝(하의)",
        "sale_amt": 262.83,
        "sale_ratio": 4.0
      },
      {
        "yyyymm": "202401",
        "chnl_nm": "아울렛",
        "class3": "맨투맨",
        "sale_amt": 251.11,
        "sale_ratio": 4.0
      },
      {
        "yyyymm": "202401",
        "chnl_nm": "아울렛",
        "class3": "다운베스트",
        "sale_amt": 198.55,
        "sale_ratio": 3.0
      },
      {
        "yyyymm": "202401",
        "chnl_nm": "아울렛",
        "class3": "팬츠",
        "sale_amt": 113.8,
        "sale_ratio": 2.0
      },
      {
        "yyyymm": "202401",
        "chnl_nm": "아울렛",
        "class3": "방풍자켓",
        "sale_amt": 111.28,
        "sale_ratio": 2.0
      },
      {
        "yyyymm": "202401",
        "chnl_nm": "아울렛",
        "class3": "후드티",
        "sale_amt": 86.46,
        "sale_ratio": 1.0
      },
      {
        "yyyymm": "202401",
        "chnl_nm": "아울렛",
        "class3": "패딩",
        "sale_amt": 76.34,
        "sale_ratio": 1.0
      },
      {
        "yyyymm": "202401",
        "chnl_nm": "아울렛",
        "class3": "메신저백",
        "sale_amt": 47.36,
        "sale_ratio": 1.0
      },
      {
        "yyyymm": "202401",
        "chnl_nm": "아울렛",
        "class3": "긴팔티셔츠",
        "sale_amt": 28.82,
        "sale_ratio": 0.0
      },
      {
        "yyyymm": "202401",
        "chnl_nm": "아울렛",
        "class3": "운동모",
        "sale_amt": 20.58,
        "sale_ratio": 0.0
      },
      {
        "yyyymm": "202401",
        "chnl_nm": "아울렛",
        "class3": "토드백",
        "sale_amt": 17.44,
        "sale_ratio": 0.0
      },
      {
        "yyyymm": "202401",
        "chnl_nm": "아울렛",
        "class3": "비니",
        "sale_amt": 13.62,
        "sale_ratio": 0.0
      },
      {
        "yyyymm": "202401",
        "chnl_nm": "아울렛",
        "class3": "슬리퍼",
        "sale_amt": 12.85,
        "sale_ratio": 0.0
      },
      {
        "yyyymm": "202401",
        "chnl_nm": "아울렛",
        "class3": "니트",
        "sale_amt": 10.53,
        "sale_ratio": 0.0
      },
      {
        "yyyymm": "202401",
        "chnl_nm": "아울렛",
        "class3": "햇",
        "sale_amt": 8.13,
        "sale_ratio": 0.0
      },
      {
        "yyyymm": "202401",
        "chnl_nm": "아울렛",
        "class3": "긴팔카라티셔츠",
        "sale_amt": 7.73,
        "sale_ratio": 0.0
      },
      {
        "yyyymm": "202401",
        "chnl_nm": "아울렛",
        "class3": "크로스백",
        "sale_amt": 7.38,
        "sale_ratio": 0.0
      },
      {
        "yyyymm": "202401",
        "chnl_nm": "아울렛",
        "class3": "스윔웨어",
        "sale_amt": 6.53,
        "sale_ratio": 0.0
      },
      {
        "yyyymm": "202401",
        "chnl_nm": "아울렛",
        "class3": "반팔티셔츠",
        "sale_amt": 6.23,
        "sale_ratio": 0.0
      },
      {
        "yyyymm": "202401",
        "chnl_nm": "아울렛",
        "class3": "집업티",
        "sale_amt": 5.85,
        "sale_ratio": 0.0
      },
      {
        "yyyymm": "202401",
        "chnl_nm": "아울렛",
        "class3": "스윔웨어 하의",
        "sale_amt": 5.45,
        "sale_ratio": 0.0
      },
      {
        "yyyymm": "202401",
        "chnl_nm": "아울렛",
        "class3": "레깅스",
        "sale_amt": 4.79,
        "sale_ratio": 0.0
      },
      {
        "yyyymm": "202401",
        "chnl_nm": "아울렛",
        "class3": "힙색",
        "sale_amt": 2.31,
        "sale_ratio": 0.0
      },
      {
        "yyyymm": "202401",
        "chnl_nm": "아울렛",
        "class3": "슬링백",
        "sale_amt": 1.98,
        "sale_ratio": 0.0
      },
      {
        "yyyymm": "202401",
        "chnl_nm": "아울렛",
        "class3": "장갑",
        "sale_amt": 1.43,
        "sale_ratio": 0.0
      },
      {
        "yyyymm": "202401",
        "chnl_nm": "아울렛",
        "class3": "짐백",
        "sale_amt": 1.29,
        "sale_ratio": 0.0
      },
      {
        "yyyymm": "202401",
        "chnl_nm": "아울렛",
        "class3": "양말",
        "sale_amt": 1.2,
        "sale_ratio": 0.0
      },
      {
        "yyyymm": "202401",
        "chnl_nm": "아울렛",
        "class3": "우븐셔츠",
        "sale_amt": 0.72,
        "sale_ratio": 0.0
      },
      {
        "yyyymm": "202401",
        "chnl_nm": "아울렛",
        "class3": "멀티스카프",
        "sale_amt": 0.59,
        "sale_ratio": 0.0
      },
      {
        "yyyymm": "202401",
        "chnl_nm": "아울렛",
        "class3": "반팔카라티셔츠",
        "sale_amt": 0.5,
        "sale_ratio": 0.0
      },
      {
        "yyyymm": "202401",
        "chnl_nm": "아울렛",
        "class3": "반바지",
        "sale_amt": 0.46,
        "sale_ratio": 0.0
      },
      {
        "yyyymm": "202401",
        "chnl_nm": "아울렛",
        "class3": "상하의 세트",
        "sale_amt": 0.43,
        "sale_ratio": 0.0
      },
      {
        "yyyymm": "202401",
        "chnl_nm": "아울렛",
        "class3": "스윔웨어 세트",
        "sale_amt": 0.38,
        "sale_ratio": 0.0
      },
      {
        "yyyymm": "202401",
        "chnl_nm": "아울렛",
        "class3": "브라",
        "sale_amt": 0.33,
        "sale_ratio": 0.0
      },
      {
        "yyyymm": "202401",
        "chnl_nm": "아울렛",
        "class3": "가방",
        "sale_amt": 0.2,
        "sale_ratio": 0.0
      },
      {
        "yyyymm": "202401",
        "chnl_nm": "아울렛",
        "class3": "트레이닝 숏팬츠",
        "sale_amt": 0.06,
        "sale_ratio": 0.0
      },
      {
        "yyyymm": "202401",
        "chnl_nm": "아울렛",
        "class3": "다운 스카프",
        "sale_amt": 0.04,
        "sale_ratio": 0.0
      },
      {
        "yyyymm": "202401",
        "chnl_nm": "아울렛",
        "class3": "기타소품류",
        "sale_amt": 0.03,
        "sale_ratio": 0.0
      },
      {
        "yyyymm": "202401",
        "chnl_nm": "아울렛",
        "class3": "파우치",
        "sale_amt": 0.03,
        "sale_ratio": 0.0
      },
      {
        "yyyymm": "202401",
        "chnl_nm": "제휴몰",
        "class3": "다운점퍼",
        "sale_amt": 1707.88,
        "sale_ratio": 41.0
      },
      {
        "yyyymm": "202401",
        "chnl_nm": "제휴몰",
        "class3": "신발",
        "sale_amt": 789.32,
        "sale_ratio": 19.0
      },
      {
        "yyyymm": "202401",
        "chnl_nm": "제휴몰",
        "class3": "백팩",
        "sale_amt": 468.09,
        "sale_ratio": 11.0
      },
      {
        "yyyymm": "202401",
        "chnl_nm": "제휴몰",
        "class3": "다운 스카프",
        "sale_amt": 228.75,
        "sale_ratio": 6.0
      },
      {
        "yyyymm": "202401",
        "chnl_nm": "제휴몰",
        "class3": "스윔웨어",
        "sale_amt": 210.89,
        "sale_ratio": 5.0
      },
      {
        "yyyymm": "202401",
        "chnl_nm": "제휴몰",
        "class3": "스윔웨어 하의",
        "sale_amt": 99.56,
        "sale_ratio": 2.0
      },
      {
        "yyyymm": "202401",
        "chnl_nm": "제휴몰",
        "class3": "소프트쉘",
        "sale_amt": 92.33,
        "sale_ratio": 2.0
      },
      {
        "yyyymm": "202401",
        "chnl_nm": "제휴몰",
        "class3": "맨투맨",
        "sale_amt": 75.97,
        "sale_ratio": 2.0
      },
      {
        "yyyymm": "202401",
        "chnl_nm": "제휴몰",
        "class3": "다운베스트",
        "sale_amt": 54.17,
        "sale_ratio": 1.0
      },
      {
        "yyyymm": "202401",
        "chnl_nm": "제휴몰",
        "class3": "메신저백",
        "sale_amt": 53.58,
        "sale_ratio": 1.0
      },
      {
        "yyyymm": "202401",
        "chnl_nm": "제휴몰",
        "class3": "트레이닝(하의)",
        "sale_amt": 39.38,
        "sale_ratio": 1.0
      },
      {
        "yyyymm": "202401",
        "chnl_nm": "제휴몰",
        "class3": "기타소품류",
        "sale_amt": 38.41,
        "sale_ratio": 1.0
      },
      {
        "yyyymm": "202401",
        "chnl_nm": "제휴몰",
        "class3": "트레이닝(상의)",
        "sale_amt": 31.68,
        "sale_ratio": 1.0
      },
      {
        "yyyymm": "202401",
        "chnl_nm": "제휴몰",
        "class3": "슬리퍼",
        "sale_amt": 28.05,
        "sale_ratio": 1.0
      },
      {
        "yyyymm": "202401",
        "chnl_nm": "제휴몰",
        "class3": "운동모",
        "sale_amt": 27.48,
        "sale_ratio": 1.0
      },
      {
        "yyyymm": "202401",
        "chnl_nm": "제휴몰",
        "class3": "방풍자켓",
        "sale_amt": 23.0,
        "sale_ratio": 1.0
      },
      {
        "yyyymm": "202401",
        "chnl_nm": "제휴몰",
        "class3": "슬링백",
        "sale_amt": 22.27,
        "sale_ratio": 1.0
      },
      {
        "yyyymm": "202401",
        "chnl_nm": "제휴몰",
        "class3": "후드티",
        "sale_amt": 21.06,
        "sale_ratio": 1.0
      },
      {
        "yyyymm": "202401",
        "chnl_nm": "제휴몰",
        "class3": "반팔티셔츠",
        "sale_amt": 20.65,
        "sale_ratio": 0.0
      },
      {
        "yyyymm": "202401",
        "chnl_nm": "제휴몰",
        "class3": "크로스백",
        "sale_amt": 18.77,
        "sale_ratio": 0.0
      },
      {
        "yyyymm": "202401",
        "chnl_nm": "제휴몰",
        "class3": "비니",
        "sale_amt": 16.67,
        "sale_ratio": 0.0
      },
      {
        "yyyymm": "202401",
        "chnl_nm": "제휴몰",
        "class3": "팬츠",
        "sale_amt": 16.63,
        "sale_ratio": 0.0
      },
      {
        "yyyymm": "202401",
        "chnl_nm": "제휴몰",
        "class3": "장갑",
        "sale_amt": 12.25,
        "sale_ratio": 0.0
      },
      {
        "yyyymm": "202401",
        "chnl_nm": "제휴몰",
        "class3": "토드백",
        "sale_amt": 11.33,
        "sale_ratio": 0.0
      },
      {
        "yyyymm": "202401",
        "chnl_nm": "제휴몰",
        "class3": "햇",
        "sale_amt": 6.79,
        "sale_ratio": 0.0
      },
      {
        "yyyymm": "202401",
        "chnl_nm": "제휴몰",
        "class3": "반바지",
        "sale_amt": 5.1,
        "sale_ratio": 0.0
      },
      {
        "yyyymm": "202401",
        "chnl_nm": "제휴몰",
        "class3": "힙색",
        "sale_amt": 4.58,
        "sale_ratio": 0.0
      },
      {
        "yyyymm": "202401",
        "chnl_nm": "제휴몰",
        "class3": "멀티스카프",
        "sale_amt": 3.72,
        "sale_ratio": 0.0
      },
      {
        "yyyymm": "202401",
        "chnl_nm": "제휴몰",
        "class3": "긴팔티셔츠",
        "sale_amt": 3.21,
        "sale_ratio": 0.0
      },
      {
        "yyyymm": "202401",
        "chnl_nm": "제휴몰",
        "class3": "레깅스",
        "sale_amt": 2.42,
        "sale_ratio": 0.0
      },
      {
        "yyyymm": "202401",
        "chnl_nm": "제휴몰",
        "class3": "상하의 세트",
        "sale_amt": 1.94,
        "sale_ratio": 0.0
      },
      {
        "yyyymm": "202401",
        "chnl_nm": "제휴몰",
        "class3": "보스톤백",
        "sale_amt": 1.46,
        "sale_ratio": 0.0
      },
      {
        "yyyymm": "202401",
        "chnl_nm": "제휴몰",
        "class3": "가방",
        "sale_amt": 1.16,
        "sale_ratio": 0.0
      },
      {
        "yyyymm": "202401",
        "chnl_nm": "제휴몰",
        "class3": "양말",
        "sale_amt": 0.88,
        "sale_ratio": 0.0
      },
      {
        "yyyymm": "202401",
        "chnl_nm": "제휴몰",
        "class3": "패딩",
        "sale_amt": 0.82,
        "sale_ratio": 0.0
      },
      {
        "yyyymm": "202401",
        "chnl_nm": "제휴몰",
        "class3": "트레이닝 숏팬츠",
        "sale_amt": 0.76,
        "sale_ratio": 0.0
      },
      {
        "yyyymm": "202401",
        "chnl_nm": "제휴몰",
        "class3": "짐백",
        "sale_amt": 0.64,
        "sale_ratio": 0.0
      },
      {
        "yyyymm": "202401",
        "chnl_nm": "제휴몰",
        "class3": "집업티",
        "sale_amt": 0.52,
        "sale_ratio": 0.0
      },
      {
        "yyyymm": "202401",
        "chnl_nm": "제휴몰",
        "class3": "긴팔카라티셔츠",
        "sale_amt": 0.49,
        "sale_ratio": 0.0
      },
      {
        "yyyymm": "202401",
        "chnl_nm": "제휴몰",
        "class3": "원피스",
        "sale_amt": 0.42,
        "sale_ratio": 0.0
      },
      {
        "yyyymm": "202401",
        "chnl_nm": "제휴몰",
        "class3": "반팔카라티셔츠",
        "sale_amt": 0.42,
        "sale_ratio": 0.0
      },
      {
        "yyyymm": "202401",
        "chnl_nm": "제휴몰",
        "class3": "토시",
        "sale_amt": 0.3,
        "sale_ratio": 0.0
      },
      {
        "yyyymm": "202401",
        "chnl_nm": "제휴몰",
        "class3": "슬리브리스",
        "sale_amt": 0.21,
        "sale_ratio": 0.0
      },
      {
        "yyyymm": "202401",
        "chnl_nm": "제휴몰",
        "class3": "니트",
        "sale_amt": 0.2,
        "sale_ratio": 0.0
      },
      {
        "yyyymm": "202401",
        "chnl_nm": "제휴몰",
        "class3": "우븐셔츠",
        "sale_amt": 0.08,
        "sale_ratio": 0.0
      },
      {
        "yyyymm": "202401",
        "chnl_nm": "제휴몰",
        "class3": "브라",
        "sale_amt": 0.08,
        "sale_ratio": 0.0
      },
      {
        "yyyymm": "202401",
        "chnl_nm": "제휴몰",
        "class3": "파우치",
        "sale_amt": 0.07,
        "sale_ratio": 0.0
      },
      {
        "yyyymm": "202401",
        "chnl_nm": "면세점",
        "class3": "다운점퍼",
        "sale_amt": 1011.79,
        "sale_ratio": 54.0
      },
      {
        "yyyymm": "202401",
        "chnl_nm": "면세점",
        "class3": "백팩",
        "sale_amt": 289.47,
        "sale_ratio": 15.0
      },
      {
        "yyyymm": "202401",
        "chnl_nm": "면세점",
        "class3": "신발",
        "sale_amt": 270.26,
        "sale_ratio": 14.0
      },
      {
        "yyyymm": "202401",
        "chnl_nm": "면세점",
        "class3": "반팔티셔츠",
        "sale_amt": 66.56,
        "sale_ratio": 4.0
      },
      {
        "yyyymm": "202401",
        "chnl_nm": "면세점",
        "class3": "트레이닝(하의)",
        "sale_amt": 36.73,
        "sale_ratio": 2.0
      },
      {
        "yyyymm": "202401",
        "chnl_nm": "면세점",
        "class3": "소프트쉘",
        "sale_amt": 33.93,
        "sale_ratio": 2.0
      },
      {
        "yyyymm": "202401",
        "chnl_nm": "면세점",
        "class3": "트레이닝(상의)",
        "sale_amt": 32.6,
        "sale_ratio": 2.0
      },
      {
        "yyyymm": "202401",
        "chnl_nm": "면세점",
        "class3": "맨투맨",
        "sale_amt": 29.75,
        "sale_ratio": 2.0
      },
      {
        "yyyymm": "202401",
        "chnl_nm": "면세점",
        "class3": "방풍자켓",
        "sale_amt": 21.85,
        "sale_ratio": 1.0
      },
      {
        "yyyymm": "202401",
        "chnl_nm": "면세점",
        "class3": "반팔카라티셔츠",
        "sale_amt": 19.97,
        "sale_ratio": 1.0
      },
      {
        "yyyymm": "202401",
        "chnl_nm": "면세점",
        "class3": "다운베스트",
        "sale_amt": 14.75,
        "sale_ratio": 1.0
      },
      {
        "yyyymm": "202401",
        "chnl_nm": "면세점",
        "class3": "슬리퍼",
        "sale_amt": 10.19,
        "sale_ratio": 1.0
      },
      {
        "yyyymm": "202401",
        "chnl_nm": "면세점",
        "class3": "스윔웨어",
        "sale_amt": 6.53,
        "sale_ratio": 0.0
      },
      {
        "yyyymm": "202401",
        "chnl_nm": "면세점",
        "class3": "후드티",
        "sale_amt": 6.05,
        "sale_ratio": 0.0
      },
      {
        "yyyymm": "202401",
        "chnl_nm": "면세점",
        "class3": "운동모",
        "sale_amt": 4.26,
        "sale_ratio": 0.0
      },
      {
        "yyyymm": "202401",
        "chnl_nm": "면세점",
        "class3": "비니",
        "sale_amt": 3.37,
        "sale_ratio": 0.0
      },
      {
        "yyyymm": "202401",
        "chnl_nm": "면세점",
        "class3": "슬링백",
        "sale_amt": 2.98,
        "sale_ratio": 0.0
      },
      {
        "yyyymm": "202401",
        "chnl_nm": "면세점",
        "class3": "크로스백",
        "sale_amt": 2.48,
        "sale_ratio": 0.0
      },
      {
        "yyyymm": "202401",
        "chnl_nm": "면세점",
        "class3": "긴팔티셔츠",
        "sale_amt": 2.08,
        "sale_ratio": 0.0
      },
      {
        "yyyymm": "202401",
        "chnl_nm": "면세점",
        "class3": "레깅스",
        "sale_amt": 1.94,
        "sale_ratio": 0.0
      },
      {
        "yyyymm": "202401",
        "chnl_nm": "면세점",
        "class3": "트레이닝 숏팬츠",
        "sale_amt": 1.32,
        "sale_ratio": 0.0
      },
      {
        "yyyymm": "202401",
        "chnl_nm": "면세점",
        "class3": "팬츠",
        "sale_amt": 1.11,
        "sale_ratio": 0.0
      },
      {
        "yyyymm": "202401",
        "chnl_nm": "면세점",
        "class3": "보스톤백",
        "sale_amt": 1.07,
        "sale_ratio": 0.0
      },
      {
        "yyyymm": "202401",
        "chnl_nm": "면세점",
        "class3": "토드백",
        "sale_amt": 0.72,
        "sale_ratio": 0.0
      },
      {
        "yyyymm": "202401",
        "chnl_nm": "면세점",
        "class3": "햇",
        "sale_amt": 0.55,
        "sale_ratio": 0.0
      },
      {
        "yyyymm": "202401",
        "chnl_nm": "면세점",
        "class3": "집업티",
        "sale_amt": 0.33,
        "sale_ratio": 0.0
      },
      {
        "yyyymm": "202401",
        "chnl_nm": "면세점",
        "class3": "원피스",
        "sale_amt": 0.31,
        "sale_ratio": 0.0
      },
      {
        "yyyymm": "202401",
        "chnl_nm": "면세점",
        "class3": "니트",
        "sale_amt": 0.2,
        "sale_ratio": 0.0
      },
      {
        "yyyymm": "202401",
        "chnl_nm": "면세점",
        "class3": "우븐셔츠",
        "sale_amt": 0.18,
        "sale_ratio": 0.0
      },
      {
        "yyyymm": "202401",
        "chnl_nm": "면세점",
        "class3": "가방",
        "sale_amt": 0.13,
        "sale_ratio": 0.0
      },
      {
        "yyyymm": "202401",
        "chnl_nm": "면세점",
        "class3": "긴팔카라티셔츠",
        "sale_amt": 0.1,
        "sale_ratio": 0.0
      },
      {
        "yyyymm": "202401",
        "chnl_nm": "자사몰",
        "class3": "다운점퍼",
        "sale_amt": 615.15,
        "sale_ratio": 35.0
      },
      {
        "yyyymm": "202401",
        "chnl_nm": "자사몰",
        "class3": "백팩",
        "sale_amt": 333.59,
        "sale_ratio": 19.0
      },
      {
        "yyyymm": "202401",
        "chnl_nm": "자사몰",
        "class3": "신발",
        "sale_amt": 323.03,
        "sale_ratio": 18.0
      },
      {
        "yyyymm": "202401",
        "chnl_nm": "자사몰",
        "class3": "스윔웨어",
        "sale_amt": 68.21,
        "sale_ratio": 4.0
      },
      {
        "yyyymm": "202401",
        "chnl_nm": "자사몰",
        "class3": "스윔웨어 하의",
        "sale_amt": 47.56,
        "sale_ratio": 3.0
      },
      {
        "yyyymm": "202401",
        "chnl_nm": "자사몰",
        "class3": "트레이닝(하의)",
        "sale_amt": 45.68,
        "sale_ratio": 3.0
      },
      {
        "yyyymm": "202401",
        "chnl_nm": "자사몰",
        "class3": "맨투맨",
        "sale_amt": 45.57,
        "sale_ratio": 3.0
      },
      {
        "yyyymm": "202401",
        "chnl_nm": "자사몰",
        "class3": "트레이닝(상의)",
        "sale_amt": 35.32,
        "sale_ratio": 2.0
      },
      {
        "yyyymm": "202401",
        "chnl_nm": "자사몰",
        "class3": "다운베스트",
        "sale_amt": 24.74,
        "sale_ratio": 1.0
      },
      {
        "yyyymm": "202401",
        "chnl_nm": "자사몰",
        "class3": "후드티",
        "sale_amt": 23.07,
        "sale_ratio": 1.0
      },
      {
        "yyyymm": "202401",
        "chnl_nm": "자사몰",
        "class3": "반팔티셔츠",
        "sale_amt": 19.68,
        "sale_ratio": 1.0
      },
      {
        "yyyymm": "202401",
        "chnl_nm": "자사몰",
        "class3": "소프트쉘",
        "sale_amt": 18.13,
        "sale_ratio": 1.0
      },
      {
        "yyyymm": "202401",
        "chnl_nm": "자사몰",
        "class3": "방풍자켓",
        "sale_amt": 17.72,
        "sale_ratio": 1.0
      },
      {
        "yyyymm": "202401",
        "chnl_nm": "자사몰",
        "class3": "팬츠",
        "sale_amt": 17.14,
        "sale_ratio": 1.0
      },
      {
        "yyyymm": "202401",
        "chnl_nm": "자사몰",
        "class3": "메신저백",
        "sale_amt": 15.13,
        "sale_ratio": 1.0
      },
      {
        "yyyymm": "202401",
        "chnl_nm": "자사몰",
        "class3": "토드백",
        "sale_amt": 11.35,
        "sale_ratio": 1.0
      },
      {
        "yyyymm": "202401",
        "chnl_nm": "자사몰",
        "class3": "슬링백",
        "sale_amt": 10.64,
        "sale_ratio": 1.0
      },
      {
        "yyyymm": "202401",
        "chnl_nm": "자사몰",
        "class3": "슬리퍼",
        "sale_amt": 10.35,
        "sale_ratio": 1.0
      },
      {
        "yyyymm": "202401",
        "chnl_nm": "자사몰",
        "class3": "크로스백",
        "sale_amt": 10.0,
        "sale_ratio": 1.0
      },
      {
        "yyyymm": "202401",
        "chnl_nm": "자사몰",
        "class3": "패딩",
        "sale_amt": 9.38,
        "sale_ratio": 1.0
      },
      {
        "yyyymm": "202401",
        "chnl_nm": "자사몰",
        "class3": "다운 스카프",
        "sale_amt": 7.45,
        "sale_ratio": 0.0
      },
      {
        "yyyymm": "202401",
        "chnl_nm": "자사몰",
        "class3": "운동모",
        "sale_amt": 6.67,
        "sale_ratio": 0.0
      },
      {
        "yyyymm": "202401",
        "chnl_nm": "자사몰",
        "class3": "긴팔티셔츠",
        "sale_amt": 5.47,
        "sale_ratio": 0.0
      },
      {
        "yyyymm": "202401",
        "chnl_nm": "자사몰",
        "class3": "비니",
        "sale_amt": 4.23,
        "sale_ratio": 0.0
      },
      {
        "yyyymm": "202401",
        "chnl_nm": "자사몰",
        "class3": "반바지",
        "sale_amt": 3.62,
        "sale_ratio": 0.0
      },
      {
        "yyyymm": "202401",
        "chnl_nm": "자사몰",
        "class3": "장갑",
        "sale_amt": 3.45,
        "sale_ratio": 0.0
      },
      {
        "yyyymm": "202401",
        "chnl_nm": "자사몰",
        "class3": "햇",
        "sale_amt": 2.91,
        "sale_ratio": 0.0
      },
      {
        "yyyymm": "202401",
        "chnl_nm": "자사몰",
        "class3": "레깅스",
        "sale_amt": 2.54,
        "sale_ratio": 0.0
      },
      {
        "yyyymm": "202401",
        "chnl_nm": "자사몰",
        "class3": "기타소품류",
        "sale_amt": 2.15,
        "sale_ratio": 0.0
      },
      {
        "yyyymm": "202401",
        "chnl_nm": "자사몰",
        "class3": "보스톤백",
        "sale_amt": 1.54,
        "sale_ratio": 0.0
      },
      {
        "yyyymm": "202401",
        "chnl_nm": "자사몰",
        "class3": "멀티스카프",
        "sale_amt": 1.5,
        "sale_ratio": 0.0
      },
      {
        "yyyymm": "202401",
        "chnl_nm": "자사몰",
        "class3": "양말",
        "sale_amt": 1.31,
        "sale_ratio": 0.0
      },
      {
        "yyyymm": "202401",
        "chnl_nm": "자사몰",
        "class3": "상하의 세트",
        "sale_amt": 1.26,
        "sale_ratio": 0.0
      },
      {
        "yyyymm": "202401",
        "chnl_nm": "자사몰",
        "class3": "긴팔카라티셔츠",
        "sale_amt": 1.14,
        "sale_ratio": 0.0
      },
      {
        "yyyymm": "202401",
        "chnl_nm": "자사몰",
        "class3": "집업티",
        "sale_amt": 0.91,
        "sale_ratio": 0.0
      },
      {
        "yyyymm": "202401",
        "chnl_nm": "자사몰",
        "class3": "힙색",
        "sale_amt": 0.74,
        "sale_ratio": 0.0
      },
      {
        "yyyymm": "202401",
        "chnl_nm": "자사몰",
        "class3": "가방",
        "sale_amt": 0.7,
        "sale_ratio": 0.0
      },
      {
        "yyyymm": "202401",
        "chnl_nm": "자사몰",
        "class3": "니트",
        "sale_amt": 0.51,
        "sale_ratio": 0.0
      },
      {
        "yyyymm": "202401",
        "chnl_nm": "자사몰",
        "class3": "토시",
        "sale_amt": 0.09,
        "sale_ratio": 0.0
      },
      {
        "yyyymm": "202401",
        "chnl_nm": "자사몰",
        "class3": "반팔카라티셔츠",
        "sale_amt": 0.05,
        "sale_ratio": 0.0
      },
      {
        "yyyymm": "202401",
        "chnl_nm": "자사몰",
        "class3": "파우치",
        "sale_amt": 0.04,
        "sale_ratio": 0.0
      },
      {
        "yyyymm": "202401",
        "chnl_nm": "자사몰",
        "class3": "짐백",
        "sale_amt": 0.01,
        "sale_ratio": 0.0
      },
      {
        "yyyymm": "202401",
        "chnl_nm": "직영점",
        "class3": "다운점퍼",
        "sale_amt": 515.02,
        "sale_ratio": 54.0
      },
      {
        "yyyymm": "202401",
        "chnl_nm": "직영점",
        "class3": "백팩",
        "sale_amt": 132.59,
        "sale_ratio": 14.0
      },
      {
        "yyyymm": "202401",
        "chnl_nm": "직영점",
        "class3": "신발",
        "sale_amt": 113.31,
        "sale_ratio": 12.0
      },
      {
        "yyyymm": "202401",
        "chnl_nm": "직영점",
        "class3": "트레이닝(하의)",
        "sale_amt": 25.85,
        "sale_ratio": 3.0
      },
      {
        "yyyymm": "202401",
        "chnl_nm": "직영점",
        "class3": "트레이닝(상의)",
        "sale_amt": 24.3,
        "sale_ratio": 3.0
      },
      {
        "yyyymm": "202401",
        "chnl_nm": "직영점",
        "class3": "맨투맨",
        "sale_amt": 22.12,
        "sale_ratio": 2.0
      },
      {
        "yyyymm": "202401",
        "chnl_nm": "직영점",
        "class3": "다운베스트",
        "sale_amt": 20.14,
        "sale_ratio": 2.0
      },
      {
        "yyyymm": "202401",
        "chnl_nm": "직영점",
        "class3": "패딩",
        "sale_amt": 12.66,
        "sale_ratio": 1.0
      },
      {
        "yyyymm": "202401",
        "chnl_nm": "직영점",
        "class3": "팬츠",
        "sale_amt": 10.79,
        "sale_ratio": 1.0
      },
      {
        "yyyymm": "202401",
        "chnl_nm": "직영점",
        "class3": "소프트쉘",
        "sale_amt": 10.61,
        "sale_ratio": 1.0
      },
      {
        "yyyymm": "202401",
        "chnl_nm": "직영점",
        "class3": "후드티",
        "sale_amt": 9.31,
        "sale_ratio": 1.0
      },
      {
        "yyyymm": "202401",
        "chnl_nm": "직영점",
        "class3": "메신저백",
        "sale_amt": 8.99,
        "sale_ratio": 1.0
      },
      {
        "yyyymm": "202401",
        "chnl_nm": "직영점",
        "class3": "방풍자켓",
        "sale_amt": 6.95,
        "sale_ratio": 1.0
      },
      {
        "yyyymm": "202401",
        "chnl_nm": "직영점",
        "class3": "토드백",
        "sale_amt": 5.39,
        "sale_ratio": 1.0
      },
      {
        "yyyymm": "202401",
        "chnl_nm": "직영점",
        "class3": "슬리퍼",
        "sale_amt": 4.31,
        "sale_ratio": 0.0
      },
      {
        "yyyymm": "202401",
        "chnl_nm": "직영점",
        "class3": "운동모",
        "sale_amt": 4.04,
        "sale_ratio": 0.0
      },
      {
        "yyyymm": "202401",
        "chnl_nm": "직영점",
        "class3": "크로스백",
        "sale_amt": 3.63,
        "sale_ratio": 0.0
      },
      {
        "yyyymm": "202401",
        "chnl_nm": "직영점",
        "class3": "슬링백",
        "sale_amt": 2.4,
        "sale_ratio": 0.0
      },
      {
        "yyyymm": "202401",
        "chnl_nm": "직영점",
        "class3": "긴팔카라티셔츠",
        "sale_amt": 1.96,
        "sale_ratio": 0.0
      },
      {
        "yyyymm": "202401",
        "chnl_nm": "직영점",
        "class3": "다운 스카프",
        "sale_amt": 1.93,
        "sale_ratio": 0.0
      },
      {
        "yyyymm": "202401",
        "chnl_nm": "직영점",
        "class3": "비니",
        "sale_amt": 1.92,
        "sale_ratio": 0.0
      },
      {
        "yyyymm": "202401",
        "chnl_nm": "직영점",
        "class3": "니트",
        "sale_amt": 1.69,
        "sale_ratio": 0.0
      },
      {
        "yyyymm": "202401",
        "chnl_nm": "직영점",
        "class3": "긴팔티셔츠",
        "sale_amt": 1.54,
        "sale_ratio": 0.0
      },
      {
        "yyyymm": "202401",
        "chnl_nm": "직영점",
        "class3": "햇",
        "sale_amt": 1.37,
        "sale_ratio": 0.0
      },
      {
        "yyyymm": "202401",
        "chnl_nm": "직영점",
        "class3": "레깅스",
        "sale_amt": 1.21,
        "sale_ratio": 0.0
      },
      {
        "yyyymm": "202401",
        "chnl_nm": "직영점",
        "class3": "장갑",
        "sale_amt": 0.98,
        "sale_ratio": 0.0
      },
      {
        "yyyymm": "202401",
        "chnl_nm": "직영점",
        "class3": "기타소품류",
        "sale_amt": 0.87,
        "sale_ratio": 0.0
      },
      {
        "yyyymm": "202401",
        "chnl_nm": "직영점",
        "class3": "보스톤백",
        "sale_amt": 0.83,
        "sale_ratio": 0.0
      },
      {
        "yyyymm": "202401",
        "chnl_nm": "직영점",
        "class3": "양말",
        "sale_amt": 0.75,
        "sale_ratio": 0.0
      },
      {
        "yyyymm": "202401",
        "chnl_nm": "직영점",
        "class3": "스윔웨어",
        "sale_amt": 0.38,
        "sale_ratio": 0.0
      },
      {
        "yyyymm": "202401",
        "chnl_nm": "직영점",
        "class3": "멀티스카프",
        "sale_amt": 0.36,
        "sale_ratio": 0.0
      },
      {
        "yyyymm": "202401",
        "chnl_nm": "직영점",
        "class3": "스윔웨어 하의",
        "sale_amt": 0.36,
        "sale_ratio": 0.0
      },
      {
        "yyyymm": "202401",
        "chnl_nm": "직영점",
        "class3": "반팔티셔츠",
        "sale_amt": 0.32,
        "sale_ratio": 0.0
      },
      {
        "yyyymm": "202401",
        "chnl_nm": "직영점",
        "class3": "힙색",
        "sale_amt": 0.24,
        "sale_ratio": 0.0
      },
      {
        "yyyymm": "202401",
        "chnl_nm": "직영점",
        "class3": "상하의 세트",
        "sale_amt": 0.12,
        "sale_ratio": 0.0
      }
    ]
  }
}