{
  "country": "KR",
  "brand_cd": "I",
  "yyyymm": "202402",
  "key": "영업비",
  "sub_key": "광고선전비",
  "analysis_data": {
    "title": "광고선전비 분석",
    "sections": [
      {
        "div": "종합분석-1",
        "sub_title": "투자 방향성 종합 평가",
        "ai_text": "MLB KIDS 브랜드의 광고선전비는 2023년 2월 386백만원에서 2024년 2월 345백만원으로 41백만원(-10.6%) 감소했습니다. 이는 선택적 축소를 통한 효율성 중심의 예산 재배분 전략으로 평가됩니다.\n\n주요 변화는 매체집행 중심에서 콘텐츠 제작 강화로의 전략 전환입니다. 온라인 매체집행비는 197백만원에서 119백만원으로 39.6% 감소한 반면, 콘텐츠 제작비는 46백만원에서 124백만원으로 168.0% 대폭 증가하여 자체 콘텐츠 역량 강화에 집중하고 있음을 보여줍니다."
      },
      {
        "div": "종합분석-2",
        "sub_title": "효율적 투자 영역",
        "ai_text": "• 콘텐츠 제작 대폭 강화: 46백만원→124백만원(+168.0%)으로 자체 콘텐츠 경쟁력 확보를 통한 중장기적 브랜드 자산 구축\n• PR/홍보 활동 확대: 3백만원→3백만원으로 소폭 증가하여 브랜드 인지도 제고 지속\n• E-BIZ 촬영/기타 효율화: 13백만원→7백만원(-47.7%)으로 불필요한 제작비 절감 성공\n• 물류 재고대체 최적화: 27백만원→12백만원(-54.8%)으로 운영 효율성 개선"
      },
      {
        "div": "종합분석-3",
        "sub_title": "주의 필요 영역",
        "ai_text": "• 온라인 매체집행 급감: 197백만원→119백만원(-39.6%)으로 디지털 노출 감소에 따른 브랜드 인지도 하락 우려\n• E-BIZ 매체광고 감소: 88백만원→79백만원(-10.5%)으로 온라인 채널 경쟁력 약화 가능성\n• 협찬/제휴 대폭 축소: 10백만원→0.08백만원(-99.2%)으로 외부 파트너십 기회 상실\n• 이벤트/행사 전면 중단: 신규 계정 생성되었으나 실행 없음으로 고객 참여 기회 감소"
      },
      {
        "div": "종합분석-4",
        "sub_title": "이상징후 및 리스크 감지",
        "ai_text": "• 예산 배분의 극단적 변화: 협찬/제휴 99.2% 삭감과 콘텐츠 제작 168% 증가가 동시 발생하여 마케팅 전략의 급격한 방향 전환을 시사합니다.\n• 매체 의존도 감소 리스크: 온라인 매체집행과 E-BIZ 매체광고 동반 감소로 총 매체 노출량이 현저히 줄어들어 브랜드 가시성 약화 우려\n• 신규 계정 미활용: 이벤트/행사 계정이 신설되었으나 예산 집행이 전무하여 계획 대비 실행력 부족 의심\n• 투자 집중도 심화: 콘텐츠 제작이 전체 예산의 36.0%를 차지하여 특정 영역 의존도 과다"
      },
      {
        "div": "종합분석-5",
        "sub_title": "마케팅 전략 최적화 방안",
        "ai_text": "### 즉시 실행 방안\n1. 콘텐츠 ROI 측정 시스템 구축: 124백만원 투입된 콘텐츠 제작의 성과 지표 설정 및 월별 효과 측정\n2. 매체 믹스 재균형: 온라인 매체집행 예산의 단계적 복원을 통한 브랜드 노출 회복(목표: 월 150백만원 수준)\n3. 협찬/제휴 전략 재검토: 중단된 파트너십의 ROI 재평가 후 효과적 채널 선별 재투입\n\n### 중장기 전략 방향\n1. 통합 마케팅 포트폴리오 구축: 콘텐츠-매체-PR의 시너지 극대화를 위한 예산 배분 최적화(40:45:15 비율 목표)\n2. 디지털 전환 가속화: E-BIZ 채널 투자 확대를 통한 온라인 매출 기여도 제고\n3. 성과 기반 예산 배분: 분기별 채널별 ROAS 분석을 통한 동적 예산 재배분 체계 도입"
      }
    ]
  },
  "ctgr1": "광고선전비",
  "summary": {
    "prev_year_total": 385.81,
    "curr_year_total": 344.96,
    "change_amount": -40.85,
    "change_pct": -10.6,
    "investment_direction": "축소"
  },
  "categories": [
    {
      "ctgr2": "광고선전비",
      "ctgr3": "광고선전비_콘텐츠제작",
      "gl_nm": "광고선전비_콘텐츠제작",
      "prev_year": 46.4,
      "curr_year": 124.33,
      "change": 77.93,
      "change_pct": 168.0,
      "is_new": false,
      "is_discontinued": false
    },
    {
      "ctgr2": "광고선전비",
      "ctgr3": "광고선전비_협찬/제휴",
      "gl_nm": "광고선전비_물류",
      "prev_year": 10.25,
      "curr_year": 0.08,
      "change": -10.17,
      "change_pct": -99.2,
      "is_new": false,
      "is_discontinued": false
    },
    {
      "ctgr2": "광고선전비",
      "ctgr3": "광고선전비_PR/홍보",
      "gl_nm": "광고선전비_PR/홍보",
      "prev_year": 3.1,
      "curr_year": 3.17,
      "change": 0.07,
      "change_pct": 2.2,
      "is_new": false,
      "is_discontinued": false
    },
    {
      "ctgr2": "광고선전비",
      "ctgr3": "(E-BIZ)광고선전비_촬영/기타",
      "gl_nm": "(E-BIZ)광고선전비_촬영/기타",
      "prev_year": 13.24,
      "curr_year": 6.93,
      "change": -6.32,
      "change_pct": -47.7,
      "is_new": false,
      "is_discontinued": false
    },
    {
      "ctgr2": "광고선전비",
      "ctgr3": "광고선전비_이벤트/행사",
      "gl_nm": "광고선전비_이벤트/행사",
      "prev_year": 0.0,
      "curr_year": 0.0,
      "change": 0.0,
      "change_pct": 0,
      "is_new": false,
      "is_discontinued": false
    },
    {
      "ctgr2": "광고선전비",
      "ctgr3": "광고선전비_기타",
      "gl_nm": "광고선전비_물류_재고대체",
      "prev_year": 27.5,
      "curr_year": 12.41,
      "change": -15.08,
      "change_pct": -54.8,
      "is_new": false,
      "is_discontinued": false
    },
    {
      "ctgr2": "광고선전비",
      "ctgr3": "(E-BIZ)광고선전비_매체광고",
      "gl_nm": "(E-BIZ)광고선전비_매체광고",
      "prev_year": 88.15,
      "curr_year": 78.89,
      "change": -9.27,
      "change_pct": -10.5,
      "is_new": false,
      "is_discontinued": false
    },
    {
      "ctgr2": "광고선전비",
      "ctgr3": "광고선전비_매체집행_온라인",
      "gl_nm": "광고선전비_매체집행_온라인",
      "prev_year": 197.17,
      "curr_year": 119.15,
      "change": -78.02,
      "change_pct": -39.6,
      "is_new": false,
      "is_discontinued": false
    },
    {
      "ctgr2": "광고선전비",
      "ctgr3": "광고선전비_기타",
      "gl_nm": "광고선전비_기타",
      "prev_year": 0.0,
      "curr_year": 0.0,
      "change": 0.0,
      "change_pct": 0,
      "is_new": false,
      "is_discontinued": false
    }
  ],
  "category_summary": {
    "increased": [
      {
        "ctgr2": "광고선전비",
        "ctgr3": "광고선전비_콘텐츠제작",
        "gl_nm": "광고선전비_콘텐츠제작",
        "prev_year": 46.4,
        "curr_year": 124.33,
        "change": 77.93,
        "change_pct": 168.0,
        "is_new": false,
        "is_discontinued": false
      },
      {
        "ctgr2": "광고선전비",
        "ctgr3": "광고선전비_PR/홍보",
        "gl_nm": "광고선전비_PR/홍보",
        "prev_year": 3.1,
        "curr_year": 3.17,
        "change": 0.07,
        "change_pct": 2.2,
        "is_new": false,
        "is_discontinued": false
      }
    ],
    "decreased": [
      {
        "ctgr2": "광고선전비",
        "ctgr3": "광고선전비_협찬/제휴",
        "gl_nm": "광고선전비_물류",
        "prev_year": 10.25,
        "curr_year": 0.08,
        "change": -10.17,
        "change_pct": -99.2,
        "is_new": false,
        "is_discontinued": false
      },
      {
        "ctgr2": "광고선전비",
        "ctgr3": "(E-BIZ)광고선전비_촬영/기타",
        "gl_nm": "(E-BIZ)광고선전비_촬영/기타",
        "prev_year": 13.24,
        "curr_year": 6.93,
        "change": -6.32,
        "change_pct": -47.7,
        "is_new": false,
        "is_discontinued": false
      },
      {
        "ctgr2": "광고선전비",
        "ctgr3": "광고선전비_기타",
        "gl_nm": "광고선전비_물류_재고대체",
        "prev_year": 27.5,
        "curr_year": 12.41,
        "change": -15.08,
        "change_pct": -54.8,
        "is_new": false,
        "is_discontinued": false
      },
      {
        "ctgr2": "광고선전비",
        "ctgr3": "(E-BIZ)광고선전비_매체광고",
        "gl_nm": "(E-BIZ)광고선전비_매체광고",
        "prev_year": 88.15,
        "curr_year": 78.89,
        "change": -9.27,
        "change_pct": -10.5,
        "is_new": false,
        "is_discontinued": false
      },
      {
        "ctgr2": "광고선전비",
        "ctgr3": "광고선전비_매체집행_온라인",
        "gl_nm": "광고선전비_매체집행_온라인",
        "prev_year": 197.17,
        "curr_year": 119.15,
        "change": -78.02,
        "change_pct": -39.6,
        "is_new": false,
        "is_discontinued": false
      }
    ],
    "new_investments": [],
    "discontinued": []
  },
  "raw_data": {
    "total_records": [
      {
        "PST_YYYYMM": "202302",
        "TOTAL_AMT": 385812823.0
      },
      {
        "PST_YYYYMM": "202402",
        "TOTAL_AMT": 344958808.0
      }
    ],
    "detail_records": [
      {
        "PST_YYYYMM": "202302",
        "BRD_CD": "I",
        "BRD_NM": "MLB KIDS",
        "CTGR1": "광고선전비",
        "CTGR2": "광고선전비",
        "CTGR3": "광고선전비_매체집행_온라인",
        "GL_NM": "광고선전비_매체집행_온라인",
        "TTL_USE_AMT": 197174461.0
      },
      {
        "PST_YYYYMM": "202402",
        "BRD_CD": "I",
        "BRD_NM": "MLB KIDS",
        "CTGR1": "광고선전비",
        "CTGR2": "광고선전비",
        "CTGR3": "광고선전비_콘텐츠제작",
        "GL_NM": "광고선전비_콘텐츠제작",
        "TTL_USE_AMT": 124331457.0
      },
      {
        "PST_YYYYMM": "202402",
        "BRD_CD": "I",
        "BRD_NM": "MLB KIDS",
        "CTGR1": "광고선전비",
        "CTGR2": "광고선전비",
        "CTGR3": "광고선전비_매체집행_온라인",
        "GL_NM": "광고선전비_매체집행_온라인",
        "TTL_USE_AMT": 119151264.0
      },
      {
        "PST_YYYYMM": "202302",
        "BRD_CD": "I",
        "BRD_NM": "MLB KIDS",
        "CTGR1": "광고선전비",
        "CTGR2": "광고선전비",
        "CTGR3": "(E-BIZ)광고선전비_매체광고",
        "GL_NM": "(E-BIZ)광고선전비_매체광고",
        "TTL_USE_AMT": 88154660.0
      },
      {
        "PST_YYYYMM": "202402",
        "BRD_CD": "I",
        "BRD_NM": "MLB KIDS",
        "CTGR1": "광고선전비",
        "CTGR2": "광고선전비",
        "CTGR3": "(E-BIZ)광고선전비_매체광고",
        "GL_NM": "(E-BIZ)광고선전비_매체광고",
        "TTL_USE_AMT": 78885831.0
      },
      {
        "PST_YYYYMM": "202302",
        "BRD_CD": "I",
        "BRD_NM": "MLB KIDS",
        "CTGR1": "광고선전비",
        "CTGR2": "광고선전비",
        "CTGR3": "광고선전비_콘텐츠제작",
        "GL_NM": "광고선전비_콘텐츠제작",
        "TTL_USE_AMT": 46397655.0
      },
      {
        "PST_YYYYMM": "202302",
        "BRD_CD": "I",
        "BRD_NM": "MLB KIDS",
        "CTGR1": "광고선전비",
        "CTGR2": "광고선전비",
        "CTGR3": "광고선전비_기타",
        "GL_NM": "광고선전비_물류_재고대체",
        "TTL_USE_AMT": 27495388.0
      },
      {
        "PST_YYYYMM": "202302",
        "BRD_CD": "I",
        "BRD_NM": "MLB KIDS",
        "CTGR1": "광고선전비",
        "CTGR2": "광고선전비",
        "CTGR3": "(E-BIZ)광고선전비_촬영/기타",
        "GL_NM": "(E-BIZ)광고선전비_촬영/기타",
        "TTL_USE_AMT": 13243091.0
      },
      {
        "PST_YYYYMM": "202402",
        "BRD_CD": "I",
        "BRD_NM": "MLB KIDS",
        "CTGR1": "광고선전비",
        "CTGR2": "광고선전비",
        "CTGR3": "광고선전비_기타",
        "GL_NM": "광고선전비_물류_재고대체",
        "TTL_USE_AMT": 12414765.0
      },
      {
        "PST_YYYYMM": "202302",
        "BRD_CD": "I",
        "BRD_NM": "MLB KIDS",
        "CTGR1": "광고선전비",
        "CTGR2": "광고선전비",
        "CTGR3": "광고선전비_협찬/제휴",
        "GL_NM": "광고선전비_물류",
        "TTL_USE_AMT": 10245568.0
      },
      {
        "PST_YYYYMM": "202402",
        "BRD_CD": "I",
        "BRD_NM": "MLB KIDS",
        "CTGR1": "광고선전비",
        "CTGR2": "광고선전비",
        "CTGR3": "(E-BIZ)광고선전비_촬영/기타",
        "GL_NM": "(E-BIZ)광고선전비_촬영/기타",
        "TTL_USE_AMT": 6926364.0
      },
      {
        "PST_YYYYMM": "202402",
        "BRD_CD": "I",
        "BRD_NM": "MLB KIDS",
        "CTGR1": "광고선전비",
        "CTGR2": "광고선전비",
        "CTGR3": "광고선전비_PR/홍보",
        "GL_NM": "광고선전비_PR/홍보",
        "TTL_USE_AMT": 3170500.0
      },
      {
        "PST_YYYYMM": "202302",
        "BRD_CD": "I",
        "BRD_NM": "MLB KIDS",
        "CTGR1": "광고선전비",
        "CTGR2": "광고선전비",
        "CTGR3": "광고선전비_PR/홍보",
        "GL_NM": "광고선전비_PR/홍보",
        "TTL_USE_AMT": 3102000.0
      },
      {
        "PST_YYYYMM": "202402",
        "BRD_CD": "I",
        "BRD_NM": "MLB KIDS",
        "CTGR1": "광고선전비",
        "CTGR2": "광고선전비",
        "CTGR3": "광고선전비_협찬/제휴",
        "GL_NM": "광고선전비_물류",
        "TTL_USE_AMT": 78627.0
      },
      {
        "PST_YYYYMM": "202302",
        "BRD_CD": "I",
        "BRD_NM": "MLB KIDS",
        "CTGR1": "광고선전비",
        "CTGR2": "광고선전비",
        "CTGR3": "광고선전비_기타",
        "GL_NM": "광고선전비_기타",
        "TTL_USE_AMT": 0.0
      },
      {
        "PST_YYYYMM": "202402",
        "BRD_CD": "I",
        "BRD_NM": "MLB KIDS",
        "CTGR1": "광고선전비",
        "CTGR2": "광고선전비",
        "CTGR3": "광고선전비_이벤트/행사",
        "GL_NM": "광고선전비_이벤트/행사",
        "TTL_USE_AMT": 0.0
      }
    ]
  },
  "trend_data": {
    "trend_months": [
      "202303",
      "202304",
      "202305",
      "202306",
      "202307",
      "202308",
      "202309",
      "202310",
      "202311",
      "202312",
      "202401",
      "202402"
    ],
    "monthly_totals": [
      {
        "yyyymm": "202303",
        "total_amount": 354.06
      },
      {
        "yyyymm": "202304",
        "total_amount": 396.85
      },
      {
        "yyyymm": "202305",
        "total_amount": 370.81
      },
      {
        "yyyymm": "202306",
        "total_amount": 253.7
      },
      {
        "yyyymm": "202307",
        "total_amount": 204.41
      },
      {
        "yyyymm": "202308",
        "total_amount": 204.56
      },
      {
        "yyyymm": "202309",
        "total_amount": 303.48
      },
      {
        "yyyymm": "202310",
        "total_amount": 374.19
      },
      {
        "yyyymm": "202311",
        "total_amount": 336.86
      },
      {
        "yyyymm": "202312",
        "total_amount": 387.0
      },
      {
        "yyyymm": "202401",
        "total_amount": 246.95
      },
      {
        "yyyymm": "202402",
        "total_amount": 344.96
      }
    ],
    "monthly_details": [
      {
        "yyyymm": "202303",
        "ctgr2": "광고선전비",
        "ctgr3": "광고선전비_매체집행_온라인",
        "gl_nm": "광고선전비_매체집행_온라인",
        "amount": 202.72
      },
      {
        "yyyymm": "202303",
        "ctgr2": "광고선전비",
        "ctgr3": "(E-BIZ)광고선전비_매체광고",
        "gl_nm": "(E-BIZ)광고선전비_매체광고",
        "amount": 82.56
      },
      {
        "yyyymm": "202303",
        "ctgr2": "광고선전비",
        "ctgr3": "광고선전비_콘텐츠제작",
        "gl_nm": "광고선전비_콘텐츠제작",
        "amount": 50.57
      },
      {
        "yyyymm": "202303",
        "ctgr2": "광고선전비",
        "ctgr3": "(E-BIZ)광고선전비_촬영/기타",
        "gl_nm": "(E-BIZ)광고선전비_촬영/기타",
        "amount": 15.19
      },
      {
        "yyyymm": "202303",
        "ctgr2": "광고선전비",
        "ctgr3": "광고선전비_PR/홍보",
        "gl_nm": "광고선전비_PR/홍보",
        "amount": 3.02
      },
      {
        "yyyymm": "202303",
        "ctgr2": "광고선전비",
        "ctgr3": "광고선전비_협찬/제휴",
        "gl_nm": "광고선전비_물류",
        "amount": 0.0
      },
      {
        "yyyymm": "202303",
        "ctgr2": "광고선전비",
        "ctgr3": "광고선전비_기타",
        "gl_nm": "광고선전비_물류_재고대체",
        "amount": 0.0
      },
      {
        "yyyymm": "202303",
        "ctgr2": "광고선전비",
        "ctgr3": "광고선전비_기타",
        "gl_nm": "광고선전비_기타",
        "amount": 0.0
      },
      {
        "yyyymm": "202304",
        "ctgr2": "광고선전비",
        "ctgr3": "광고선전비_매체집행_온라인",
        "gl_nm": "광고선전비_매체집행_온라인",
        "amount": 184.96
      },
      {
        "yyyymm": "202304",
        "ctgr2": "광고선전비",
        "ctgr3": "(E-BIZ)광고선전비_매체광고",
        "gl_nm": "(E-BIZ)광고선전비_매체광고",
        "amount": 85.59
      },
      {
        "yyyymm": "202304",
        "ctgr2": "광고선전비",
        "ctgr3": "광고선전비_콘텐츠제작",
        "gl_nm": "광고선전비_콘텐츠제작",
        "amount": 65.67
      },
      {
        "yyyymm": "202304",
        "ctgr2": "광고선전비",
        "ctgr3": "(E-BIZ)광고선전비_촬영/기타",
        "gl_nm": "(E-BIZ)광고선전비_촬영/기타",
        "amount": 24.24
      },
      {
        "yyyymm": "202304",
        "ctgr2": "광고선전비",
        "ctgr3": "광고선전비_기타",
        "gl_nm": "광고선전비_물류_재고대체",
        "amount": 23.51
      },
      {
        "yyyymm": "202304",
        "ctgr2": "광고선전비",
        "ctgr3": "광고선전비_협찬/제휴",
        "gl_nm": "광고선전비_물류",
        "amount": 9.78
      },
      {
        "yyyymm": "202304",
        "ctgr2": "광고선전비",
        "ctgr3": "광고선전비_PR/홍보",
        "gl_nm": "광고선전비_PR/홍보",
        "amount": 3.09
      },
      {
        "yyyymm": "202304",
        "ctgr2": "광고선전비",
        "ctgr3": "광고선전비_기타",
        "gl_nm": "광고선전비_기타",
        "amount": 0.0
      },
      {
        "yyyymm": "202305",
        "ctgr2": "광고선전비",
        "ctgr3": "광고선전비_매체집행_온라인",
        "gl_nm": "광고선전비_매체집행_온라인",
        "amount": 174.71
      },
      {
        "yyyymm": "202305",
        "ctgr2": "광고선전비",
        "ctgr3": "(E-BIZ)광고선전비_매체광고",
        "gl_nm": "(E-BIZ)광고선전비_매체광고",
        "amount": 86.5
      },
      {
        "yyyymm": "202305",
        "ctgr2": "광고선전비",
        "ctgr3": "광고선전비_콘텐츠제작",
        "gl_nm": "광고선전비_콘텐츠제작",
        "amount": 65.17
      },
      {
        "yyyymm": "202305",
        "ctgr2": "광고선전비",
        "ctgr3": "(E-BIZ)광고선전비_촬영/기타",
        "gl_nm": "(E-BIZ)광고선전비_촬영/기타",
        "amount": 19.94
      },
      {
        "yyyymm": "202305",
        "ctgr2": "광고선전비",
        "ctgr3": "광고선전비_기타",
        "gl_nm": "광고선전비_물류_재고대체",
        "amount": 15.1
      },
      {
        "yyyymm": "202305",
        "ctgr2": "광고선전비",
        "ctgr3": "광고선전비_협찬/제휴",
        "gl_nm": "광고선전비_물류",
        "amount": 6.37
      },
      {
        "yyyymm": "202305",
        "ctgr2": "광고선전비",
        "ctgr3": "광고선전비_PR/홍보",
        "gl_nm": "광고선전비_PR/홍보",
        "amount": 3.03
      },
      {
        "yyyymm": "202305",
        "ctgr2": "광고선전비",
        "ctgr3": "광고선전비_기타",
        "gl_nm": "광고선전비_기타",
        "amount": 0.0
      },
      {
        "yyyymm": "202306",
        "ctgr2": "광고선전비",
        "ctgr3": "광고선전비_매체집행_온라인",
        "gl_nm": "광고선전비_매체집행_온라인",
        "amount": 136.32
      },
      {
        "yyyymm": "202306",
        "ctgr2": "광고선전비",
        "ctgr3": "(E-BIZ)광고선전비_매체광고",
        "gl_nm": "(E-BIZ)광고선전비_매체광고",
        "amount": 60.37
      },
      {
        "yyyymm": "202306",
        "ctgr2": "광고선전비",
        "ctgr3": "광고선전비_콘텐츠제작",
        "gl_nm": "광고선전비_콘텐츠제작",
        "amount": 35.12
      },
      {
        "yyyymm": "202306",
        "ctgr2": "광고선전비",
        "ctgr3": "광고선전비_기타",
        "gl_nm": "광고선전비_물류_재고대체",
        "amount": 12.44
      },
      {
        "yyyymm": "202306",
        "ctgr2": "광고선전비",
        "ctgr3": "광고선전비_협찬/제휴",
        "gl_nm": "광고선전비_물류",
        "amount": 5.06
      },
      {
        "yyyymm": "202306",
        "ctgr2": "광고선전비",
        "ctgr3": "광고선전비_PR/홍보",
        "gl_nm": "광고선전비_PR/홍보",
        "amount": 3.01
      },
      {
        "yyyymm": "202306",
        "ctgr2": "광고선전비",
        "ctgr3": "(E-BIZ)광고선전비_촬영/기타",
        "gl_nm": "(E-BIZ)광고선전비_촬영/기타",
        "amount": 1.36
      },
      {
        "yyyymm": "202306",
        "ctgr2": "광고선전비",
        "ctgr3": "광고선전비_기타",
        "gl_nm": "광고선전비_기타",
        "amount": 0.01
      },
      {
        "yyyymm": "202307",
        "ctgr2": "광고선전비",
        "ctgr3": "광고선전비_매체집행_온라인",
        "gl_nm": "광고선전비_매체집행_온라인",
        "amount": 73.4
      },
      {
        "yyyymm": "202307",
        "ctgr2": "광고선전비",
        "ctgr3": "광고선전비_콘텐츠제작",
        "gl_nm": "광고선전비_콘텐츠제작",
        "amount": 54.83
      },
      {
        "yyyymm": "202307",
        "ctgr2": "광고선전비",
        "ctgr3": "(E-BIZ)광고선전비_매체광고",
        "gl_nm": "(E-BIZ)광고선전비_매체광고",
        "amount": 40.5
      },
      {
        "yyyymm": "202307",
        "ctgr2": "광고선전비",
        "ctgr3": "(E-BIZ)광고선전비_촬영/기타",
        "gl_nm": "(E-BIZ)광고선전비_촬영/기타",
        "amount": 14.83
      },
      {
        "yyyymm": "202307",
        "ctgr2": "광고선전비",
        "ctgr3": "광고선전비_기타",
        "gl_nm": "광고선전비_물류_재고대체",
        "amount": 12.55
      },
      {
        "yyyymm": "202307",
        "ctgr2": "광고선전비",
        "ctgr3": "광고선전비_협찬/제휴",
        "gl_nm": "광고선전비_물류",
        "amount": 5.3
      },
      {
        "yyyymm": "202307",
        "ctgr2": "광고선전비",
        "ctgr3": "광고선전비_PR/홍보",
        "gl_nm": "광고선전비_PR/홍보",
        "amount": 3.01
      },
      {
        "yyyymm": "202307",
        "ctgr2": "광고선전비",
        "ctgr3": "광고선전비_기타",
        "gl_nm": "광고선전비_기타",
        "amount": 0.0
      },
      {
        "yyyymm": "202308",
        "ctgr2": "광고선전비",
        "ctgr3": "광고선전비_매체집행_온라인",
        "gl_nm": "광고선전비_매체집행_온라인",
        "amount": 70.17
      },
      {
        "yyyymm": "202308",
        "ctgr2": "광고선전비",
        "ctgr3": "광고선전비_콘텐츠제작",
        "gl_nm": "광고선전비_콘텐츠제작",
        "amount": 65.27
      },
      {
        "yyyymm": "202308",
        "ctgr2": "광고선전비",
        "ctgr3": "(E-BIZ)광고선전비_매체광고",
        "gl_nm": "(E-BIZ)광고선전비_매체광고",
        "amount": 39.31
      },
      {
        "yyyymm": "202308",
        "ctgr2": "광고선전비",
        "ctgr3": "(E-BIZ)광고선전비_촬영/기타",
        "gl_nm": "(E-BIZ)광고선전비_촬영/기타",
        "amount": 25.06
      },
      {
        "yyyymm": "202308",
        "ctgr2": "광고선전비",
        "ctgr3": "광고선전비_PR/홍보",
        "gl_nm": "광고선전비_PR/홍보",
        "amount": 3.06
      },
      {
        "yyyymm": "202308",
        "ctgr2": "광고선전비",
        "ctgr3": "광고선전비_기타",
        "gl_nm": "광고선전비_물류_재고대체",
        "amount": 1.21
      },
      {
        "yyyymm": "202308",
        "ctgr2": "광고선전비",
        "ctgr3": "광고선전비_협찬/제휴",
        "gl_nm": "광고선전비_물류",
        "amount": 0.48
      },
      {
        "yyyymm": "202308",
        "ctgr2": "광고선전비",
        "ctgr3": "광고선전비_기타",
        "gl_nm": "광고선전비_기타",
        "amount": 0.0
      },
      {
        "yyyymm": "202309",
        "ctgr2": "광고선전비",
        "ctgr3": "광고선전비_매체집행_온라인",
        "gl_nm": "광고선전비_매체집행_온라인",
        "amount": 146.31
      },
      {
        "yyyymm": "202309",
        "ctgr2": "광고선전비",
        "ctgr3": "(E-BIZ)광고선전비_매체광고",
        "gl_nm": "(E-BIZ)광고선전비_매체광고",
        "amount": 75.63
      },
      {
        "yyyymm": "202309",
        "ctgr2": "광고선전비",
        "ctgr3": "광고선전비_콘텐츠제작",
        "gl_nm": "광고선전비_콘텐츠제작",
        "amount": 62.76
      },
      {
        "yyyymm": "202309",
        "ctgr2": "광고선전비",
        "ctgr3": "(E-BIZ)광고선전비_촬영/기타",
        "gl_nm": "(E-BIZ)광고선전비_촬영/기타",
        "amount": 15.48
      },
      {
        "yyyymm": "202309",
        "ctgr2": "광고선전비",
        "ctgr3": "광고선전비_PR/홍보",
        "gl_nm": "광고선전비_PR/홍보",
        "amount": 3.23
      },
      {
        "yyyymm": "202309",
        "ctgr2": "광고선전비",
        "ctgr3": "광고선전비_기타",
        "gl_nm": "광고선전비_물류_재고대체",
        "amount": 0.05
      },
      {
        "yyyymm": "202309",
        "ctgr2": "광고선전비",
        "ctgr3": "광고선전비_협찬/제휴",
        "gl_nm": "광고선전비_물류",
        "amount": 0.02
      },
      {
        "yyyymm": "202309",
        "ctgr2": "광고선전비",
        "ctgr3": "광고선전비_기타",
        "gl_nm": "광고선전비_기타",
        "amount": 0.0
      },
      {
        "yyyymm": "202310",
        "ctgr2": "광고선전비",
        "ctgr3": "광고선전비_매체집행_온라인",
        "gl_nm": "광고선전비_매체집행_온라인",
        "amount": 135.45
      },
      {
        "yyyymm": "202310",
        "ctgr2": "광고선전비",
        "ctgr3": "(E-BIZ)광고선전비_매체광고",
        "gl_nm": "(E-BIZ)광고선전비_매체광고",
        "amount": 87.57
      },
      {
        "yyyymm": "202310",
        "ctgr2": "광고선전비",
        "ctgr3": "광고선전비_콘텐츠제작",
        "gl_nm": "광고선전비_콘텐츠제작",
        "amount": 78.7
      },
      {
        "yyyymm": "202310",
        "ctgr2": "광고선전비",
        "ctgr3": "(E-BIZ)광고선전비_촬영/기타",
        "gl_nm": "(E-BIZ)광고선전비_촬영/기타",
        "amount": 33.13
      },
      {
        "yyyymm": "202310",
        "ctgr2": "광고선전비",
        "ctgr3": "광고선전비_기타",
        "gl_nm": "광고선전비_물류_재고대체",
        "amount": 26.04
      },
      {
        "yyyymm": "202310",
        "ctgr2": "광고선전비",
        "ctgr3": "광고선전비_협찬/제휴",
        "gl_nm": "광고선전비_물류",
        "amount": 10.12
      },
      {
        "yyyymm": "202310",
        "ctgr2": "광고선전비",
        "ctgr3": "광고선전비_PR/홍보",
        "gl_nm": "광고선전비_PR/홍보",
        "amount": 3.18
      },
      {
        "yyyymm": "202310",
        "ctgr2": "광고선전비",
        "ctgr3": "광고선전비_기타",
        "gl_nm": "광고선전비_기타",
        "amount": 0.0
      },
      {
        "yyyymm": "202311",
        "ctgr2": "광고선전비",
        "ctgr3": "광고선전비_매체집행_온라인",
        "gl_nm": "광고선전비_매체집행_온라인",
        "amount": 153.88
      },
      {
        "yyyymm": "202311",
        "ctgr2": "광고선전비",
        "ctgr3": "(E-BIZ)광고선전비_매체광고",
        "gl_nm": "(E-BIZ)광고선전비_매체광고",
        "amount": 87.75
      },
      {
        "yyyymm": "202311",
        "ctgr2": "광고선전비",
        "ctgr3": "광고선전비_콘텐츠제작",
        "gl_nm": "광고선전비_콘텐츠제작",
        "amount": 62.17
      },
      {
        "yyyymm": "202311",
        "ctgr2": "광고선전비",
        "ctgr3": "광고선전비_기타",
        "gl_nm": "광고선전비_물류_재고대체",
        "amount": 13.94
      },
      {
        "yyyymm": "202311",
        "ctgr2": "광고선전비",
        "ctgr3": "(E-BIZ)광고선전비_촬영/기타",
        "gl_nm": "(E-BIZ)광고선전비_촬영/기타",
        "amount": 9.72
      },
      {
        "yyyymm": "202311",
        "ctgr2": "광고선전비",
        "ctgr3": "광고선전비_협찬/제휴",
        "gl_nm": "광고선전비_물류",
        "amount": 5.84
      },
      {
        "yyyymm": "202311",
        "ctgr2": "광고선전비",
        "ctgr3": "광고선전비_PR/홍보",
        "gl_nm": "광고선전비_PR/홍보",
        "amount": 3.56
      },
      {
        "yyyymm": "202311",
        "ctgr2": "광고선전비",
        "ctgr3": "광고선전비_기타",
        "gl_nm": "광고선전비_기타",
        "amount": 0.0
      },
      {
        "yyyymm": "202312",
        "ctgr2": "광고선전비",
        "ctgr3": "광고선전비_매체집행_온라인",
        "gl_nm": "광고선전비_매체집행_온라인",
        "amount": 165.26
      },
      {
        "yyyymm": "202312",
        "ctgr2": "광고선전비",
        "ctgr3": "(E-BIZ)광고선전비_매체광고",
        "gl_nm": "(E-BIZ)광고선전비_매체광고",
        "amount": 114.03
      },
      {
        "yyyymm": "202312",
        "ctgr2": "광고선전비",
        "ctgr3": "광고선전비_콘텐츠제작",
        "gl_nm": "광고선전비_콘텐츠제작",
        "amount": 65.99
      },
      {
        "yyyymm": "202312",
        "ctgr2": "광고선전비",
        "ctgr3": "광고선전비_기타",
        "gl_nm": "광고선전비_물류_재고대체",
        "amount": 20.97
      },
      {
        "yyyymm": "202312",
        "ctgr2": "광고선전비",
        "ctgr3": "(E-BIZ)광고선전비_촬영/기타",
        "gl_nm": "(E-BIZ)광고선전비_촬영/기타",
        "amount": 9.81
      },
      {
        "yyyymm": "202312",
        "ctgr2": "광고선전비",
        "ctgr3": "광고선전비_협찬/제휴",
        "gl_nm": "광고선전비_물류",
        "amount": 7.9
      },
      {
        "yyyymm": "202312",
        "ctgr2": "광고선전비",
        "ctgr3": "광고선전비_PR/홍보",
        "gl_nm": "광고선전비_PR/홍보",
        "amount": 3.04
      },
      {
        "yyyymm": "202312",
        "ctgr2": "광고선전비",
        "ctgr3": "광고선전비_기타",
        "gl_nm": "광고선전비_기타",
        "amount": 0.0
      },
      {
        "yyyymm": "202401",
        "ctgr2": "광고선전비",
        "ctgr3": "광고선전비_매체집행_온라인",
        "gl_nm": "광고선전비_매체집행_온라인",
        "amount": 97.96
      },
      {
        "yyyymm": "202401",
        "ctgr2": "광고선전비",
        "ctgr3": "(E-BIZ)광고선전비_매체광고",
        "gl_nm": "(E-BIZ)광고선전비_매체광고",
        "amount": 61.73
      },
      {
        "yyyymm": "202401",
        "ctgr2": "광고선전비",
        "ctgr3": "광고선전비_콘텐츠제작",
        "gl_nm": "광고선전비_콘텐츠제작",
        "amount": 45.4
      },
      {
        "yyyymm": "202401",
        "ctgr2": "광고선전비",
        "ctgr3": "(E-BIZ)광고선전비_촬영/기타",
        "gl_nm": "(E-BIZ)광고선전비_촬영/기타",
        "amount": 24.52
      },
      {
        "yyyymm": "202401",
        "ctgr2": "광고선전비",
        "ctgr3": "광고선전비_기타",
        "gl_nm": "광고선전비_물류_재고대체",
        "amount": 10.15
      },
      {
        "yyyymm": "202401",
        "ctgr2": "광고선전비",
        "ctgr3": "광고선전비_협찬/제휴",
        "gl_nm": "광고선전비_물류",
        "amount": 4.16
      },
      {
        "yyyymm": "202401",
        "ctgr2": "광고선전비",
        "ctgr3": "광고선전비_PR/홍보",
        "gl_nm": "광고선전비_PR/홍보",
        "amount": 3.02
      },
      {
        "yyyymm": "202401",
        "ctgr2": "광고선전비",
        "ctgr3": "광고선전비_이벤트/행사",
        "gl_nm": "광고선전비_이벤트/행사",
        "amount": 0.0
      },
      {
        "yyyymm": "202402",
        "ctgr2": "광고선전비",
        "ctgr3": "광고선전비_콘텐츠제작",
        "gl_nm": "광고선전비_콘텐츠제작",
        "amount": 124.33
      },
      {
        "yyyymm": "202402",
        "ctgr2": "광고선전비",
        "ctgr3": "광고선전비_매체집행_온라인",
        "gl_nm": "광고선전비_매체집행_온라인",
        "amount": 119.15
      },
      {
        "yyyymm": "202402",
        "ctgr2": "광고선전비",
        "ctgr3": "(E-BIZ)광고선전비_매체광고",
        "gl_nm": "(E-BIZ)광고선전비_매체광고",
        "amount": 78.89
      },
      {
        "yyyymm": "202402",
        "ctgr2": "광고선전비",
        "ctgr3": "광고선전비_기타",
        "gl_nm": "광고선전비_물류_재고대체",
        "amount": 12.41
      },
      {
        "yyyymm": "202402",
        "ctgr2": "광고선전비",
        "ctgr3": "(E-BIZ)광고선전비_촬영/기타",
        "gl_nm": "(E-BIZ)광고선전비_촬영/기타",
        "amount": 6.93
      },
      {
        "yyyymm": "202402",
        "ctgr2": "광고선전비",
        "ctgr3": "광고선전비_PR/홍보",
        "gl_nm": "광고선전비_PR/홍보",
        "amount": 3.17
      },
      {
        "yyyymm": "202402",
        "ctgr2": "광고선전비",
        "ctgr3": "광고선전비_협찬/제휴",
        "gl_nm": "광고선전비_물류",
        "amount": 0.08
      },
      {
        "yyyymm": "202402",
        "ctgr2": "광고선전비",
        "ctgr3": "광고선전비_이벤트/행사",
        "gl_nm": "광고선전비_이벤트/행사",
        "amount": 0.0
      }
    ]
  }
}