{
  "country": "KR",
  "brand_cd": "M",
  "brand_name": "MLB",
  "yyyymm": "202402",
  "yyyymm_py": "202302",
  "key": "매장효율성",
  "sub_key": "종합분석",
  "analysis_data": {
    "title": "매장효율성 종합분석",
    "sections": [
      {
        "div": "종합분석-1",
        "sub_title": "우수 점포 생산성",
        "ai_text": "플래그쉽 매장이 유일한 우수 성과를 보이며 점포당 매출 996백만원으로 전년(756백만원) 대비 131.8% 성장을 달성했습니다.\n이는 전체 평균 점포당 매출 153백만원 대비 6.5배 높은 압도적 성과로, 프리미엄 브랜드 경험과 차별화된 상품 구성이 성공 요인으로 분석됩니다.\n플래그쉽 매장의 운영 노하우와 고객 서비스 모델을 다른 채널에 적용할 수 있는 벤치마킹 포인트로 활용해야 합니다.\n단일 매장임에도 불구하고 지속적인 성장세를 보이는 것은 MLB 브랜드의 프리미엄 포지셔닝 전략이 효과적임을 증명합니다."
      },
      {
        "div": "종합분석-2",
        "sub_title": "대응 필요 매장",
        "ai_text": "RF 채널이 가장 심각한 상황으로 점포당 매출이 204백만원에서 465백만원으로 43.9% 급락했으며, 백화점도 132백만원에서 86백만원으로 65.0% 하락했습니다.\n대리점(68백만원→58백만원, 84.5%)과 직영점(82백만원→76백만원, 93.4%)은 상대적으로 양호하나 여전히 하락세를 보이고 있습니다.\n면세점은 점포당 매출 1,378백만원으로 높은 수준이지만 전년 1,573백만원 대비 87.7%로 감소 추세입니다.\n특히 RF와 백화점 채널은 고객 유입 감소와 경쟁 심화로 인한 구조적 문제가 있어 즉시 대응이 필요한 상황입니다."
      },
      {
        "div": "종합분석-3",
        "sub_title": "AI 권장사항",
        "ai_text": "플래그쉽 매장의 성공 모델을 백화점과 직영점에 적용하여 프리미엄 서비스와 차별화된 상품 구성을 강화해야 합니다.\nRF 채널은 온라인 연계 강화와 O2O 서비스 도입을 통해 디지털 전환을 가속화하고, 백화점은 매장 내 체험존과 개인 맞춤 서비스를 확대해야 합니다.\n대리점과 직영점은 지역별 특성을 반영한 상품 구성과 로컬 마케팅을 통해 고객 충성도를 높이는 전략이 필요합니다.\n면세점은 중국 관광객 회복에 대비한 상품 라인업 재정비와 면세 전용 상품 개발로 경쟁력을 강화해야 합니다."
      },
      {
        "div": "종합분석-4",
        "sub_title": "최적의 시나리오",
        "ai_text": "2024년 하반기까지 전체 점포당 매출을 200백만원 수준으로 회복시키고, 우수 채널인 플래그쉽의 성공 모델을 2-3개 주요 도시에 확대 적용합니다.\n백화점과 RF 채널은 점포당 매출을 각각 120백만원, 300백만원 수준으로 개선하여 전년 대비 90% 이상 회복을 목표로 설정합니다.\n면세점은 관광 회복과 함께 점포당 매출 1,600백만원 달성을 통해 채널별 수익성 격차를 줄이고 전체 매장 효율성을 향상시킵니다.\n매장 수 확대보다는 기존 매장의 생산성 향상에 집중하여 총 168개 매장에서 점포당 평균 매출 200백만원 이상 달성을 최우선 목표로 합니다."
      }
    ]
  },
  "summary": {
    "total_shop_amt_cy": 153.0,
    "total_shop_amt_py": 211.0,
    "total_shop_cnt_cy": 168,
    "total_shop_cnt_py": 161,
    "yoy": 72.5,
    "unique_channels": 6,
    "analysis_period": "2023년 2월 vs 2024년 2월"
  },
  "channel_summary": {
    "플래그쉽": {
      "shop_amt_cy": 996.0,
      "shop_amt_py": 756.0,
      "shop_cnt_cy": 1,
      "shop_cnt_py": 1,
      "yoy": 131.8
    },
    "백화점": {
      "shop_amt_cy": 86.0,
      "shop_amt_py": 132.0,
      "shop_cnt_cy": 72,
      "shop_cnt_py": 69,
      "yoy": 65.0
    },
    "대리점": {
      "shop_amt_cy": 58.0,
      "shop_amt_py": 68.0,
      "shop_cnt_cy": 67,
      "shop_cnt_py": 64,
      "yoy": 84.5
    },
    "직영점": {
      "shop_amt_cy": 76.0,
      "shop_amt_py": 82.0,
      "shop_cnt_cy": 12,
      "shop_cnt_py": 10,
      "yoy": 93.4
    },
    "면세점": {
      "shop_amt_cy": 1378.0,
      "shop_amt_py": 1573.0,
      "shop_cnt_cy": 9,
      "shop_cnt_py": 10,
      "yoy": 87.7
    },
    "RF": {
      "shop_amt_cy": 204.0,
      "shop_amt_py": 465.0,
      "shop_cnt_cy": 7,
      "shop_cnt_py": 7,
      "yoy": 43.9
    }
  },
  "excellent_channels": [
    {
      "chnl_nm": "플래그쉽",
      "shop_amt_cy": 996.0,
      "shop_amt_py": 756.0,
      "yoy": 131.8,
      "shop_cnt_cy": 1
    }
  ],
  "warning_channels": [
    {
      "chnl_nm": "대리점",
      "shop_amt_cy": 58.0,
      "shop_amt_py": 68.0,
      "yoy": 84.5,
      "shop_cnt_cy": 67
    },
    {
      "chnl_nm": "직영점",
      "shop_amt_cy": 76.0,
      "shop_amt_py": 82.0,
      "yoy": 93.4,
      "shop_cnt_cy": 12
    },
    {
      "chnl_nm": "백화점",
      "shop_amt_cy": 86.0,
      "shop_amt_py": 132.0,
      "yoy": 65.0,
      "shop_cnt_cy": 72
    },
    {
      "chnl_nm": "RF",
      "shop_amt_cy": 204.0,
      "shop_amt_py": 465.0,
      "yoy": 43.9,
      "shop_cnt_cy": 7
    },
    {
      "chnl_nm": "면세점",
      "shop_amt_cy": 1378.0,
      "shop_amt_py": 1573.0,
      "yoy": 87.7,
      "shop_cnt_cy": 9
    }
  ],
  "raw_data": {
    "sample_records": [
      {
        "CHNL_NM": "플래그쉽",
        "SHOP_CNT_CY": 1,
        "SHOP_CNT_PY": 1,
        "SHOP_AMT_CY": 996.0,
        "SHOP_AMT_PY": 756.0,
        "YOY": 131.8,
        "SEQ": 2
      },
      {
        "CHNL_NM": "백화점",
        "SHOP_CNT_CY": 72,
        "SHOP_CNT_PY": 69,
        "SHOP_AMT_CY": 86.0,
        "SHOP_AMT_PY": 132.0,
        "YOY": 65.0,
        "SEQ": 2
      },
      {
        "CHNL_NM": "대리점",
        "SHOP_CNT_CY": 67,
        "SHOP_CNT_PY": 64,
        "SHOP_AMT_CY": 58.0,
        "SHOP_AMT_PY": 68.0,
        "YOY": 84.5,
        "SEQ": 2
      },
      {
        "CHNL_NM": "직영점",
        "SHOP_CNT_CY": 12,
        "SHOP_CNT_PY": 10,
        "SHOP_AMT_CY": 76.0,
        "SHOP_AMT_PY": 82.0,
        "YOY": 93.4,
        "SEQ": 2
      },
      {
        "CHNL_NM": "면세점",
        "SHOP_CNT_CY": 9,
        "SHOP_CNT_PY": 10,
        "SHOP_AMT_CY": 1378.0,
        "SHOP_AMT_PY": 1573.0,
        "YOY": 87.7,
        "SEQ": 2
      },
      {
        "CHNL_NM": "RF",
        "SHOP_CNT_CY": 7,
        "SHOP_CNT_PY": 7,
        "SHOP_AMT_CY": 204.0,
        "SHOP_AMT_PY": 465.0,
        "YOY": 43.9,
        "SEQ": 2
      },
      {
        "CHNL_NM": "전체",
        "SHOP_CNT_CY": 168,
        "SHOP_CNT_PY": 161,
        "SHOP_AMT_CY": 153.0,
        "SHOP_AMT_PY": 211.0,
        "YOY": 72.6,
        "SEQ": 1
      },
      {
        "CHNL_NM": "면세 제외",
        "SHOP_CNT_CY": 159,
        "SHOP_CNT_PY": 151,
        "SHOP_AMT_CY": 84.0,
        "SHOP_AMT_PY": 121.0,
        "YOY": 69.4,
        "SEQ": 3
      }
    ],
    "total_records_count": 8
  }
}