{
  "country": "KR",
  "brand_cd": "X",
  "brand_name": "DISCOVERY",
  "yyyymm": "202402",
  "yyyymm_py": "202302",
  "key": "월별아이템별매출추세",
  "analysis_data": {
    "title": "아이템별 매출 종합분석 (당해 1월~현재월)",
    "sections": [
      {
        "div": "종합분석-1",
        "sub_title": "시즌 트렌드",
        "ai_text": "• 23F 의류는 29,646백만원으로 전체 매출의 37.5%를 차지하며 전년대비 82.5% 성장했으나 2월 급감세(19,891→9,755백만원)로 시즌 말 재고 소진 필요\n• 23S 의류는 5,480백만원으로 비중은 7.0%에 불과하지만 전년대비 181.0% 급성장하며 2월부터 본격 판매 시작(1,269→4,211백만원)\n• 과시즌 의류는 11,154백만원으로 14.5% 비중을 차지하며 전년대비 252.0%의 폭발적 성장세를 보여 사계절 아이템 전략의 성공을 입증"
      },
      {
        "div": "종합분석-2",
        "sub_title": "카테고리",
        "ai_text": "• 가방은 14,432백만원으로 18.5% 비중을 차지하며 전년대비 100.5% 성장, 2월 급증세(5,247→9,185백만원)로 봄시즌 핵심 카테고리로 부상\n• 신발은 10,027백만원으로 13.0% 비중이지만 전년대비 75.0% 성장에 그쳐 상대적 부진, 2월 소폭 증가(4,695→5,332백만원)로 마케팅 강화 필요\n• 모자는 605백만원으로 1.0% 소규모 비중이나 전년대비 107.5% 성장하며 안정적 성과, 기타ACC는 527백만원으로 전년대비 157.0% 성장했지만 2월 급감(435→92백만원) 우려"
      },
      {
        "div": "종합분석-3",
        "sub_title": "핵심액션",
        "ai_text": "• 23F 의류 재고 소진을 위한 집중 할인 프로모션과 23S 의류 본격 진열 확대로 시즌 전환 매출 극대화 전략 실행\n• 가방 카테고리의 2월 급성장 모멘텀을 활용한 봄시즌 신상품 라인업 확대 및 신발 카테고리 마케팅 투자 집중으로 ACC 매출 균형 개선\n• 과시즌 의류의 폭발적 성장세를 바탕으로 사계절 아이템 포트폴리오 확대 및 기타ACC 카테고리 상품 구성 재검토를 통한 지속 성장 기반 구축"
      }
    ]
  },
  "summary": {
    "total_sales": 77739.0,
    "unique_months": 2,
    "analysis_period": "2024년 01월 ~ 2024년 02월"
  },
  "season_items": [
    {
      "name": "23F 의류",
      "total_sales": 29646.0,
      "months": {
        "01": 19891.0,
        "02": 9755.0
      },
      "avg_ratio": 37.5,
      "avg_yoy": 82.5
    },
    {
      "name": "과시즌 의류",
      "total_sales": 11154.0,
      "months": {
        "01": 7006.0,
        "02": 4148.0
      },
      "avg_ratio": 14.5,
      "avg_yoy": 252.0
    },
    {
      "name": "23S 의류",
      "total_sales": 5480.0,
      "months": {
        "01": 1269.0,
        "02": 4211.0
      },
      "avg_ratio": 7.0,
      "avg_yoy": 181.0
    }
  ],
  "category_items": [
    {
      "name": "가방",
      "total_sales": 14432.0,
      "months": {
        "01": 5247.0,
        "02": 9185.0
      },
      "avg_ratio": 18.5,
      "avg_yoy": 100.5
    },
    {
      "name": "신발",
      "total_sales": 10027.0,
      "months": {
        "01": 4695.0,
        "02": 5332.0
      },
      "avg_ratio": 13.0,
      "avg_yoy": 75.0
    },
    {
      "name": "모자",
      "total_sales": 605.0,
      "months": {
        "01": 316.0,
        "02": 289.0
      },
      "avg_ratio": 1.0,
      "avg_yoy": 107.5
    },
    {
      "name": "기타ACC",
      "total_sales": 527.0,
      "months": {
        "01": 435.0,
        "02": 92.0
      },
      "avg_ratio": 0.5,
      "avg_yoy": 157.0
    }
  ],
  "raw_data": {
    "sample_records": [
      {
        "MONTH": "01",
        "CHNL_NM": "전체",
        "SALE_AMT": 39448.0,
        "RATIO": 100.0,
        "YOY": 91.0,
        "SEQ": 1
      },
      {
        "MONTH": "01",
        "CHNL_NM": "백화점",
        "SALE_AMT": 12815.0,
        "RATIO": 32.0,
        "YOY": 91.0,
        "SEQ": 2
      },
      {
        "MONTH": "01",
        "CHNL_NM": "대리점",
        "SALE_AMT": 11094.0,
        "RATIO": 28.0,
        "YOY": 79.0,
        "SEQ": 2
      },
      {
        "MONTH": "01",
        "CHNL_NM": "직영기타",
        "SALE_AMT": 949.0,
        "RATIO": 2.0,
        "YOY": 74.0,
        "SEQ": 2
      },
      {
        "MONTH": "01",
        "CHNL_NM": "제휴몰",
        "SALE_AMT": 4144.0,
        "RATIO": 11.0,
        "YOY": 143.0,
        "SEQ": 2
      },
      {
        "MONTH": "01",
        "CHNL_NM": "자사몰",
        "SALE_AMT": 1750.0,
        "RATIO": 4.0,
        "YOY": 77.0,
        "SEQ": 2
      },
      {
        "MONTH": "01",
        "CHNL_NM": "면세점",
        "SALE_AMT": 1874.0,
        "RATIO": 5.0,
        "YOY": 257.0,
        "SEQ": 2
      },
      {
        "MONTH": "01",
        "CHNL_NM": "아울렛",
        "SALE_AMT": 6822.0,
        "RATIO": 17.0,
        "YOY": 87.0,
        "SEQ": 2
      },
      {
        "MONTH": "01",
        "CHNL_NM": "23F 의류",
        "SALE_AMT": 19891.0,
        "RATIO": 50.0,
        "YOY": 75.0,
        "SEQ": 3
      },
      {
        "MONTH": "01",
        "CHNL_NM": "23S 의류",
        "SALE_AMT": 1269.0,
        "RATIO": 3.0,
        "YOY": 203.0,
        "SEQ": 3
      },
      {
        "MONTH": "01",
        "CHNL_NM": "과시즌 의류",
        "SALE_AMT": 7006.0,
        "RATIO": 18.0,
        "YOY": 268.0,
        "SEQ": 3
      },
      {
        "MONTH": "01",
        "CHNL_NM": "모자",
        "SALE_AMT": 316.0,
        "RATIO": 1.0,
        "YOY": 98.0,
        "SEQ": 3
      },
      {
        "MONTH": "01",
        "CHNL_NM": "신발",
        "SALE_AMT": 4695.0,
        "RATIO": 12.0,
        "YOY": 75.0,
        "SEQ": 3
      },
      {
        "MONTH": "01",
        "CHNL_NM": "가방",
        "SALE_AMT": 5247.0,
        "RATIO": 13.0,
        "YOY": 96.0,
        "SEQ": 3
      },
      {
        "MONTH": "01",
        "CHNL_NM": "기타ACC",
        "SALE_AMT": 435.0,
        "RATIO": 1.0,
        "YOY": 198.0,
        "SEQ": 3
      },
      {
        "MONTH": "01",
        "CHNL_NM": "차기시즌 의류",
        "SALE_AMT": 589.0,
        "RATIO": 1.0,
        "YOY": 63.0,
        "SEQ": 3
      },
      {
        "MONTH": "02",
        "CHNL_NM": "전체",
        "SALE_AMT": 38291.0,
        "RATIO": 100.0,
        "YOY": 101.0,
        "SEQ": 1
      },
      {
        "MONTH": "02",
        "CHNL_NM": "백화점",
        "SALE_AMT": 12488.0,
        "RATIO": 33.0,
        "YOY": 94.0,
        "SEQ": 2
      },
      {
        "MONTH": "02",
        "CHNL_NM": "대리점",
        "SALE_AMT": 11088.0,
        "RATIO": 29.0,
        "YOY": 96.0,
        "SEQ": 2
      },
      {
        "MONTH": "02",
        "CHNL_NM": "직영기타",
        "SALE_AMT": 1077.0,
        "RATIO": 3.0,
        "YOY": 106.0,
        "SEQ": 2
      },
      {
        "MONTH": "02",
        "CHNL_NM": "제휴몰",
        "SALE_AMT": 3210.0,
        "RATIO": 8.0,
        "YOY": 138.0,
        "SEQ": 2
      },
      {
        "MONTH": "02",
        "CHNL_NM": "자사몰",
        "SALE_AMT": 1881.0,
        "RATIO": 5.0,
        "YOY": 82.0,
        "SEQ": 2
      },
      {
        "MONTH": "02",
        "CHNL_NM": "면세점",
        "SALE_AMT": 733.0,
        "RATIO": 2.0,
        "YOY": 79.0,
        "SEQ": 2
      },
      {
        "MONTH": "02",
        "CHNL_NM": "아울렛",
        "SALE_AMT": 7813.0,
        "RATIO": 20.0,
        "YOY": 118.0,
        "SEQ": 2
      },
      {
        "MONTH": "02",
        "CHNL_NM": "23F 의류",
        "SALE_AMT": 9755.0,
        "RATIO": 25.0,
        "YOY": 90.0,
        "SEQ": 3
      },
      {
        "MONTH": "02",
        "CHNL_NM": "23S 의류",
        "SALE_AMT": 4211.0,
        "RATIO": 11.0,
        "YOY": 159.0,
        "SEQ": 3
      },
      {
        "MONTH": "02",
        "CHNL_NM": "과시즌 의류",
        "SALE_AMT": 4148.0,
        "RATIO": 11.0,
        "YOY": 236.0,
        "SEQ": 3
      },
      {
        "MONTH": "02",
        "CHNL_NM": "모자",
        "SALE_AMT": 289.0,
        "RATIO": 1.0,
        "YOY": 117.0,
        "SEQ": 3
      },
      {
        "MONTH": "02",
        "CHNL_NM": "신발",
        "SALE_AMT": 5332.0,
        "RATIO": 14.0,
        "YOY": 75.0,
        "SEQ": 3
      },
      {
        "MONTH": "02",
        "CHNL_NM": "가방",
        "SALE_AMT": 9185.0,
        "RATIO": 24.0,
        "YOY": 105.0,
        "SEQ": 3
      },
      {
        "MONTH": "02",
        "CHNL_NM": "기타ACC",
        "SALE_AMT": 92.0,
        "RATIO": 0.0,
        "YOY": 116.0,
        "SEQ": 3
      },
      {
        "MONTH": "02",
        "CHNL_NM": "차기시즌 의류",
        "SALE_AMT": 5278.0,
        "RATIO": 14.0,
        "YOY": 82.0,
        "SEQ": 3
      }
    ],
    "total_records_count": 32
  }
}