{
  "country": "KR",
  "brand_cd": "I",
  "brand_name": "MLB KIDS",
  "yyyymm": "202408",
  "yyyymm_py": "202308",
  "key": "월별아이템별매출추세",
  "analysis_data": {
    "title": "아이템별 매출 종합분석 (당해 1월~현재월)",
    "sections": [
      {
        "div": "종합분석-1",
        "sub_title": "시즌 트렌드",
        "ai_text": "• 23F 의류는 3,280백만원(7.8% 비중)으로 1-3월 집중 판매 후 7-8월 신상품 출시로 재상승하며 전년대비 179배 급성장\n• 24S 의류는 19,814백만원(44.3% 비중)으로 3-5월 피크를 보이며 전체 매출의 핵심 동력으로 전년대비 81% 성장\n• 과시즌 의류는 321백만원(0.7% 비중)으로 4월 집중 판매되며 틈새시장 역할을 하고 있으나 전년대비 816% 급성장"
      },
      {
        "div": "종합분석-2",
        "sub_title": "카테고리",
        "ai_text": "• 가방은 7,223백만원(16.1% 비중)으로 1-2월 강세 후 하락했으나 6월부터 회복세를 보이며 전년대비 150% 성장\n• 신발은 6,860백만원(15.3% 비중)으로 3-5월 안정적 성장 후 여름철 둔화되었으나 연중 꾸준한 판매력 유지\n• 모자는 6,039백만원(13.5% 비중)으로 4-5월 성수기에 집중 매출을 보이며 계절성이 뚜렷한 패턴으로 전년대비 91% 성장"
      },
      {
        "div": "종합분석-3",
        "sub_title": "핵심액션",
        "ai_text": "• 24F 시즌 의류 조기 출시로 7-8월 23F 매출 감소 구간을 보완하고, S시즌 성공 경험을 바탕으로 F시즌 라인업 강화 전략 실행\n• 가방과 모자의 계절성을 활용하여 여름 성수기 이후 가을 신상품 집중 론칭 및 크로스셀링으로 객단가 상승 유도\n• 신발 카테고리의 안정적 성장세를 활용하여 연중 상시 프로모션 운영 및 과시즌 의류와의 세트 상품 기획으로 매출 확대"
      }
    ]
  },
  "summary": {
    "total_sales": 44744.0,
    "unique_months": 8,
    "analysis_period": "2024년 01월 ~ 2024년 08월"
  },
  "season_items": [
    {
      "name": "24S 의류",
      "total_sales": 19814.0,
      "months": {
        "01": 1019.0,
        "02": 2678.0,
        "03": 3736.0,
        "04": 3696.0,
        "05": 3835.0,
        "06": 2391.0,
        "07": 1805.0,
        "08": 654.0
      },
      "avg_ratio": 42.5,
      "avg_yoy": 81.25
    },
    {
      "name": "23F 의류",
      "total_sales": 3280.0,
      "months": {
        "01": 1485.0,
        "02": 485.0,
        "03": 150.0,
        "04": 16.0,
        "05": 1.0,
        "06": 0.0,
        "07": 897.0,
        "08": 246.0
      },
      "avg_ratio": 7.75,
      "avg_yoy": 17940.0
    },
    {
      "name": "과시즌 의류",
      "total_sales": 321.0,
      "months": {
        "01": 3.0,
        "02": 4.0,
        "03": 36.0,
        "04": 221.0,
        "05": 37.0,
        "06": 14.0,
        "07": 3.0,
        "08": 3.0
      },
      "avg_ratio": 0.625,
      "avg_yoy": 816.125
    }
  ],
  "category_items": [
    {
      "name": "가방",
      "total_sales": 7223.0,
      "months": {
        "01": 1835.0,
        "02": 1623.0,
        "03": 684.0,
        "04": 577.0,
        "05": 292.0,
        "06": 729.0,
        "07": 794.0,
        "08": 689.0
      },
      "avg_ratio": 16.75,
      "avg_yoy": 150.375
    },
    {
      "name": "신발",
      "total_sales": 6860.0,
      "months": {
        "01": 861.0,
        "02": 1030.0,
        "03": 1099.0,
        "04": 1055.0,
        "05": 1097.0,
        "06": 676.0,
        "07": 468.0,
        "08": 574.0
      },
      "avg_ratio": 15.25,
      "avg_yoy": 98.875
    },
    {
      "name": "모자",
      "total_sales": 6039.0,
      "months": {
        "01": 466.0,
        "02": 483.0,
        "03": 823.0,
        "04": 1100.0,
        "05": 1180.0,
        "06": 840.0,
        "07": 594.0,
        "08": 553.0
      },
      "avg_ratio": 13.625,
      "avg_yoy": 90.875
    },
    {
      "name": "기타ACC",
      "total_sales": 447.0,
      "months": {
        "01": 77.0,
        "02": 52.0,
        "03": 61.0,
        "04": 67.0,
        "05": 68.0,
        "06": 50.0,
        "07": 37.0,
        "08": 35.0
      },
      "avg_ratio": 1.0,
      "avg_yoy": 69.625
    }
  ],
  "raw_data": {
    "sample_records": [
      {
        "MONTH": "01",
        "CHNL_NM": "전체",
        "SALE_AMT": 5746.0,
        "RATIO": 100.0,
        "YOY": 91.0,
        "SEQ": 1
      },
      {
        "MONTH": "01",
        "CHNL_NM": "백화점",
        "SALE_AMT": 2752.0,
        "RATIO": 48.0,
        "YOY": 69.0,
        "SEQ": 2
      },
      {
        "MONTH": "01",
        "CHNL_NM": "대리점",
        "SALE_AMT": 471.0,
        "RATIO": 8.0,
        "YOY": 75.0,
        "SEQ": 2
      },
      {
        "MONTH": "01",
        "CHNL_NM": "직영기타",
        "SALE_AMT": 365.0,
        "RATIO": 6.0,
        "YOY": 87.0,
        "SEQ": 2
      },
      {
        "MONTH": "01",
        "CHNL_NM": "제휴몰",
        "SALE_AMT": 598.0,
        "RATIO": 10.0,
        "YOY": 157.0,
        "SEQ": 2
      },
      {
        "MONTH": "01",
        "CHNL_NM": "자사몰",
        "SALE_AMT": 276.0,
        "RATIO": 5.0,
        "YOY": 74.0,
        "SEQ": 2
      },
      {
        "MONTH": "01",
        "CHNL_NM": "면세점",
        "SALE_AMT": 1285.0,
        "RATIO": 22.0,
        "YOY": 241.0,
        "SEQ": 2
      },
      {
        "MONTH": "01",
        "CHNL_NM": "24S 의류",
        "SALE_AMT": 1019.0,
        "RATIO": 18.0,
        "YOY": 62.0,
        "SEQ": 3
      },
      {
        "MONTH": "01",
        "CHNL_NM": "23F 의류",
        "SALE_AMT": 1485.0,
        "RATIO": 26.0,
        "YOY": 95.0,
        "SEQ": 3
      },
      {
        "MONTH": "01",
        "CHNL_NM": "과시즌 의류",
        "SALE_AMT": 3.0,
        "RATIO": 0.0,
        "YOY": 3.0,
        "SEQ": 3
      },
      {
        "MONTH": "01",
        "CHNL_NM": "모자",
        "SALE_AMT": 466.0,
        "RATIO": 8.0,
        "YOY": 113.0,
        "SEQ": 3
      },
      {
        "MONTH": "01",
        "CHNL_NM": "신발",
        "SALE_AMT": 861.0,
        "RATIO": 15.0,
        "YOY": 126.0,
        "SEQ": 3
      },
      {
        "MONTH": "01",
        "CHNL_NM": "가방",
        "SALE_AMT": 1835.0,
        "RATIO": 32.0,
        "YOY": 99.0,
        "SEQ": 3
      },
      {
        "MONTH": "01",
        "CHNL_NM": "기타ACC",
        "SALE_AMT": 77.0,
        "RATIO": 1.0,
        "YOY": 100.0,
        "SEQ": 3
      },
      {
        "MONTH": "02",
        "CHNL_NM": "전체",
        "SALE_AMT": 6355.0,
        "RATIO": 100.0,
        "YOY": 84.0,
        "SEQ": 1
      },
      {
        "MONTH": "02",
        "CHNL_NM": "백화점",
        "SALE_AMT": 3482.0,
        "RATIO": 55.0,
        "YOY": 75.0,
        "SEQ": 2
      },
      {
        "MONTH": "02",
        "CHNL_NM": "대리점",
        "SALE_AMT": 772.0,
        "RATIO": 12.0,
        "YOY": 106.0,
        "SEQ": 2
      },
      {
        "MONTH": "02",
        "CHNL_NM": "직영기타",
        "SALE_AMT": 583.0,
        "RATIO": 9.0,
        "YOY": 126.0,
        "SEQ": 2
      },
      {
        "MONTH": "02",
        "CHNL_NM": "제휴몰",
        "SALE_AMT": 647.0,
        "RATIO": 10.0,
        "YOY": 179.0,
        "SEQ": 2
      },
      {
        "MONTH": "02",
        "CHNL_NM": "자사몰",
        "SALE_AMT": 322.0,
        "RATIO": 5.0,
        "YOY": 61.0,
        "SEQ": 2
      },
      {
        "MONTH": "02",
        "CHNL_NM": "면세점",
        "SALE_AMT": 550.0,
        "RATIO": 9.0,
        "YOY": 62.0,
        "SEQ": 2
      },
      {
        "MONTH": "02",
        "CHNL_NM": "24S 의류",
        "SALE_AMT": 2678.0,
        "RATIO": 42.0,
        "YOY": 81.0,
        "SEQ": 3
      },
      {
        "MONTH": "02",
        "CHNL_NM": "23F 의류",
        "SALE_AMT": 485.0,
        "RATIO": 8.0,
        "YOY": 77.0,
        "SEQ": 3
      },
      {
        "MONTH": "02",
        "CHNL_NM": "과시즌 의류",
        "SALE_AMT": 4.0,
        "RATIO": 0.0,
        "YOY": 7.0,
        "SEQ": 3
      },
      {
        "MONTH": "02",
        "CHNL_NM": "모자",
        "SALE_AMT": 483.0,
        "RATIO": 8.0,
        "YOY": 82.0,
        "SEQ": 3
      },
      {
        "MONTH": "02",
        "CHNL_NM": "신발",
        "SALE_AMT": 1030.0,
        "RATIO": 16.0,
        "YOY": 90.0,
        "SEQ": 3
      },
      {
        "MONTH": "02",
        "CHNL_NM": "가방",
        "SALE_AMT": 1623.0,
        "RATIO": 26.0,
        "YOY": 90.0,
        "SEQ": 3
      },
      {
        "MONTH": "02",
        "CHNL_NM": "기타ACC",
        "SALE_AMT": 52.0,
        "RATIO": 1.0,
        "YOY": 74.0,
        "SEQ": 3
      },
      {
        "MONTH": "03",
        "CHNL_NM": "전체",
        "SALE_AMT": 6588.0,
        "RATIO": 100.0,
        "YOY": 90.0,
        "SEQ": 1
      },
      {
        "MONTH": "03",
        "CHNL_NM": "백화점",
        "SALE_AMT": 3359.0,
        "RATIO": 51.0,
        "YOY": 80.0,
        "SEQ": 2
      },
      {
        "MONTH": "03",
        "CHNL_NM": "대리점",
        "SALE_AMT": 672.0,
        "RATIO": 10.0,
        "YOY": 91.0,
        "SEQ": 2
      },
      {
        "MONTH": "03",
        "CHNL_NM": "직영기타",
        "SALE_AMT": 475.0,
        "RATIO": 7.0,
        "YOY": 120.0,
        "SEQ": 2
      },
      {
        "MONTH": "03",
        "CHNL_NM": "제휴몰",
        "SALE_AMT": 667.0,
        "RATIO": 10.0,
        "YOY": 136.0,
        "SEQ": 2
      },
      {
        "MONTH": "03",
        "CHNL_NM": "자사몰",
        "SALE_AMT": 285.0,
        "RATIO": 4.0,
        "YOY": 66.0,
        "SEQ": 2
      },
      {
        "MONTH": "03",
        "CHNL_NM": "면세점",
        "SALE_AMT": 1131.0,
        "RATIO": 17.0,
        "YOY": 106.0,
        "SEQ": 2
      },
      {
        "MONTH": "03",
        "CHNL_NM": "24S 의류",
        "SALE_AMT": 3736.0,
        "RATIO": 57.0,
        "YOY": 80.0,
        "SEQ": 3
      },
      {
        "MONTH": "03",
        "CHNL_NM": "23F 의류",
        "SALE_AMT": 150.0,
        "RATIO": 2.0,
        "YOY": 79.0,
        "SEQ": 3
      },
      {
        "MONTH": "03",
        "CHNL_NM": "과시즌 의류",
        "SALE_AMT": 36.0,
        "RATIO": 1.0,
        "YOY": 134.0,
        "SEQ": 3
      },
      {
        "MONTH": "03",
        "CHNL_NM": "모자",
        "SALE_AMT": 823.0,
        "RATIO": 12.0,
        "YOY": 103.0,
        "SEQ": 3
      },
      {
        "MONTH": "03",
        "CHNL_NM": "신발",
        "SALE_AMT": 1099.0,
        "RATIO": 17.0,
        "YOY": 96.0,
        "SEQ": 3
      },
      {
        "MONTH": "03",
        "CHNL_NM": "가방",
        "SALE_AMT": 684.0,
        "RATIO": 10.0,
        "YOY": 180.0,
        "SEQ": 3
      },
      {
        "MONTH": "03",
        "CHNL_NM": "기타ACC",
        "SALE_AMT": 61.0,
        "RATIO": 1.0,
        "YOY": 59.0,
        "SEQ": 3
      },
      {
        "MONTH": "04",
        "CHNL_NM": "전체",
        "SALE_AMT": 6732.0,
        "RATIO": 100.0,
        "YOY": 90.0,
        "SEQ": 1
      },
      {
        "MONTH": "04",
        "CHNL_NM": "백화점",
        "SALE_AMT": 3244.0,
        "RATIO": 48.0,
        "YOY": 78.0,
        "SEQ": 2
      },
      {
        "MONTH": "04",
        "CHNL_NM": "대리점",
        "SALE_AMT": 743.0,
        "RATIO": 11.0,
        "YOY": 97.0,
        "SEQ": 2
      },
      {
        "MONTH": "04",
        "CHNL_NM": "직영기타",
        "SALE_AMT": 483.0,
        "RATIO": 7.0,
        "YOY": 116.0,
        "SEQ": 2
      },
      {
        "MONTH": "04",
        "CHNL_NM": "제휴몰",
        "SALE_AMT": 555.0,
        "RATIO": 8.0,
        "YOY": 153.0,
        "SEQ": 2
      },
      {
        "MONTH": "04",
        "CHNL_NM": "자사몰",
        "SALE_AMT": 350.0,
        "RATIO": 5.0,
        "YOY": 75.0,
        "SEQ": 2
      },
      {
        "MONTH": "04",
        "CHNL_NM": "면세점",
        "SALE_AMT": 1357.0,
        "RATIO": 20.0,
        "YOY": 101.0,
        "SEQ": 2
      },
      {
        "MONTH": "04",
        "CHNL_NM": "24S 의류",
        "SALE_AMT": 3696.0,
        "RATIO": 55.0,
        "YOY": 78.0,
        "SEQ": 3
      },
      {
        "MONTH": "04",
        "CHNL_NM": "23F 의류",
        "SALE_AMT": 16.0,
        "RATIO": 0.0,
        "YOY": 1526.0,
        "SEQ": 3
      },
      {
        "MONTH": "04",
        "CHNL_NM": "과시즌 의류",
        "SALE_AMT": 221.0,
        "RATIO": 3.0,
        "YOY": 5286.0,
        "SEQ": 3
      },
      {
        "MONTH": "04",
        "CHNL_NM": "모자",
        "SALE_AMT": 1100.0,
        "RATIO": 16.0,
        "YOY": 90.0,
        "SEQ": 3
      },
      {
        "MONTH": "04",
        "CHNL_NM": "신발",
        "SALE_AMT": 1055.0,
        "RATIO": 16.0,
        "YOY": 103.0,
        "SEQ": 3
      },
      {
        "MONTH": "04",
        "CHNL_NM": "가방",
        "SALE_AMT": 577.0,
        "RATIO": 9.0,
        "YOY": 152.0,
        "SEQ": 3
      },
      {
        "MONTH": "04",
        "CHNL_NM": "기타ACC",
        "SALE_AMT": 67.0,
        "RATIO": 1.0,
        "YOY": 68.0,
        "SEQ": 3
      },
      {
        "MONTH": "05",
        "CHNL_NM": "전체",
        "SALE_AMT": 6510.0,
        "RATIO": 100.0,
        "YOY": 87.0,
        "SEQ": 1
      },
      {
        "MONTH": "05",
        "CHNL_NM": "백화점",
        "SALE_AMT": 3158.0,
        "RATIO": 49.0,
        "YOY": 77.0,
        "SEQ": 2
      },
      {
        "MONTH": "05",
        "CHNL_NM": "대리점",
        "SALE_AMT": 740.0,
        "RATIO": 11.0,
        "YOY": 91.0,
        "SEQ": 2
      },
      {
        "MONTH": "05",
        "CHNL_NM": "직영기타",
        "SALE_AMT": 474.0,
        "RATIO": 7.0,
        "YOY": 105.0,
        "SEQ": 2
      },
      {
        "MONTH": "05",
        "CHNL_NM": "제휴몰",
        "SALE_AMT": 965.0,
        "RATIO": 15.0,
        "YOY": 162.0,
        "SEQ": 2
      },
      {
        "MONTH": "05",
        "CHNL_NM": "자사몰",
        "SALE_AMT": 347.0,
        "RATIO": 5.0,
        "YOY": 87.0,
        "SEQ": 2
      },
      {
        "MONTH": "05",
        "CHNL_NM": "면세점",
        "SALE_AMT": 826.0,
        "RATIO": 13.0,
        "YOY": 75.0,
        "SEQ": 2
      },
      {
        "MONTH": "05",
        "CHNL_NM": "24S 의류",
        "SALE_AMT": 3835.0,
        "RATIO": 59.0,
        "YOY": 81.0,
        "SEQ": 3
      },
      {
        "MONTH": "05",
        "CHNL_NM": "23F 의류",
        "SALE_AMT": 1.0,
        "RATIO": 0.0,
        "YOY": 91.0,
        "SEQ": 3
      },
      {
        "MONTH": "05",
        "CHNL_NM": "과시즌 의류",
        "SALE_AMT": 37.0,
        "RATIO": 1.0,
        "YOY": 626.0,
        "SEQ": 3
      },
      {
        "MONTH": "05",
        "CHNL_NM": "모자",
        "SALE_AMT": 1180.0,
        "RATIO": 18.0,
        "YOY": 92.0,
        "SEQ": 3
      },
      {
        "MONTH": "05",
        "CHNL_NM": "신발",
        "SALE_AMT": 1097.0,
        "RATIO": 17.0,
        "YOY": 105.0,
        "SEQ": 3
      },
      {
        "MONTH": "05",
        "CHNL_NM": "가방",
        "SALE_AMT": 292.0,
        "RATIO": 4.0,
        "YOY": 112.0,
        "SEQ": 3
      },
      {
        "MONTH": "05",
        "CHNL_NM": "기타ACC",
        "SALE_AMT": 68.0,
        "RATIO": 1.0,
        "YOY": 65.0,
        "SEQ": 3
      },
      {
        "MONTH": "06",
        "CHNL_NM": "전체",
        "SALE_AMT": 4700.0,
        "RATIO": 100.0,
        "YOY": 97.0,
        "SEQ": 1
      },
      {
        "MONTH": "06",
        "CHNL_NM": "백화점",
        "SALE_AMT": 2110.0,
        "RATIO": 45.0,
        "YOY": 88.0,
        "SEQ": 2
      },
      {
        "MONTH": "06",
        "CHNL_NM": "대리점",
        "SALE_AMT": 482.0,
        "RATIO": 10.0,
        "YOY": 94.0,
        "SEQ": 2
      },
      {
        "MONTH": "06",
        "CHNL_NM": "직영기타",
        "SALE_AMT": 346.0,
        "RATIO": 7.0,
        "YOY": 117.0,
        "SEQ": 2
      },
      {
        "MONTH": "06",
        "CHNL_NM": "제휴몰",
        "SALE_AMT": 466.0,
        "RATIO": 10.0,
        "YOY": 132.0,
        "SEQ": 2
      },
      {
        "MONTH": "06",
        "CHNL_NM": "자사몰",
        "SALE_AMT": 208.0,
        "RATIO": 4.0,
        "YOY": 70.0,
        "SEQ": 2
      },
      {
        "MONTH": "06",
        "CHNL_NM": "면세점",
        "SALE_AMT": 1088.0,
        "RATIO": 23.0,
        "YOY": 113.0,
        "SEQ": 2
      },
      {
        "MONTH": "06",
        "CHNL_NM": "24S 의류",
        "SALE_AMT": 2391.0,
        "RATIO": 51.0,
        "YOY": 89.0,
        "SEQ": 3
      },
      {
        "MONTH": "06",
        "CHNL_NM": "23F 의류",
        "SALE_AMT": 0.0,
        "RATIO": 0.0,
        "YOY": 46.0,
        "SEQ": 3
      },
      {
        "MONTH": "06",
        "CHNL_NM": "과시즌 의류",
        "SALE_AMT": 14.0,
        "RATIO": 0.0,
        "YOY": 382.0,
        "SEQ": 3
      },
      {
        "MONTH": "06",
        "CHNL_NM": "모자",
        "SALE_AMT": 840.0,
        "RATIO": 18.0,
        "YOY": 78.0,
        "SEQ": 3
      },
      {
        "MONTH": "06",
        "CHNL_NM": "신발",
        "SALE_AMT": 676.0,
        "RATIO": 14.0,
        "YOY": 91.0,
        "SEQ": 3
      },
      {
        "MONTH": "06",
        "CHNL_NM": "가방",
        "SALE_AMT": 729.0,
        "RATIO": 16.0,
        "YOY": 308.0,
        "SEQ": 3
      },
      {
        "MONTH": "06",
        "CHNL_NM": "기타ACC",
        "SALE_AMT": 50.0,
        "RATIO": 1.0,
        "YOY": 68.0,
        "SEQ": 3
      },
      {
        "MONTH": "07",
        "CHNL_NM": "전체",
        "SALE_AMT": 4656.0,
        "RATIO": 100.0,
        "YOY": 110.0,
        "SEQ": 1
      },
      {
        "MONTH": "07",
        "CHNL_NM": "백화점",
        "SALE_AMT": 1873.0,
        "RATIO": 40.0,
        "YOY": 94.0,
        "SEQ": 2
      },
      {
        "MONTH": "07",
        "CHNL_NM": "대리점",
        "SALE_AMT": 391.0,
        "RATIO": 8.0,
        "YOY": 89.0,
        "SEQ": 2
      },
      {
        "MONTH": "07",
        "CHNL_NM": "직영기타",
        "SALE_AMT": 282.0,
        "RATIO": 6.0,
        "YOY": 104.0,
        "SEQ": 2
      },
      {
        "MONTH": "07",
        "CHNL_NM": "제휴몰",
        "SALE_AMT": 968.0,
        "RATIO": 21.0,
        "YOY": 341.0,
        "SEQ": 2
      },
      {
        "MONTH": "07",
        "CHNL_NM": "자사몰",
        "SALE_AMT": 116.0,
        "RATIO": 2.0,
        "YOY": 65.0,
        "SEQ": 2
      },
      {
        "MONTH": "07",
        "CHNL_NM": "면세점",
        "SALE_AMT": 1025.0,
        "RATIO": 22.0,
        "YOY": 98.0,
        "SEQ": 2
      },
      {
        "MONTH": "07",
        "CHNL_NM": "24S 의류",
        "SALE_AMT": 1805.0,
        "RATIO": 39.0,
        "YOY": 92.0,
        "SEQ": 3
      },
      {
        "MONTH": "07",
        "CHNL_NM": "23F 의류",
        "SALE_AMT": 897.0,
        "RATIO": 19.0,
        "YOY": 89095.0,
        "SEQ": 3
      },
      {
        "MONTH": "07",
        "CHNL_NM": "과시즌 의류",
        "SALE_AMT": 3.0,
        "RATIO": 0.0,
        "YOY": 70.0,
        "SEQ": 3
      },
      {
        "MONTH": "07",
        "CHNL_NM": "모자",
        "SALE_AMT": 594.0,
        "RATIO": 13.0,
        "YOY": 80.0,
        "SEQ": 3
      },
      {
        "MONTH": "07",
        "CHNL_NM": "신발",
        "SALE_AMT": 468.0,
        "RATIO": 10.0,
        "YOY": 83.0,
        "SEQ": 3
      },
      {
        "MONTH": "07",
        "CHNL_NM": "가방",
        "SALE_AMT": 794.0,
        "RATIO": 17.0,
        "YOY": 102.0,
        "SEQ": 3
      },
      {
        "MONTH": "07",
        "CHNL_NM": "기타ACC",
        "SALE_AMT": 37.0,
        "RATIO": 1.0,
        "YOY": 58.0,
        "SEQ": 3
      },
      {
        "MONTH": "07",
        "CHNL_NM": "차기시즌 의류",
        "SALE_AMT": 57.0,
        "RATIO": 1.0,
        "YOY": 52.0,
        "SEQ": 3
      },
      {
        "MONTH": "08",
        "CHNL_NM": "전체",
        "SALE_AMT": 3457.0,
        "RATIO": 100.0,
        "YOY": 94.0,
        "SEQ": 1
      }
    ],
    "total_records_count": 114
  }
}