{
  "country": "KR",
  "brand_cd": "V",
  "brand_name": "DUVETICA",
  "yyyymm": "202402",
  "yyyymm_py": "202302",
  "key": "할인율",
  "sub_key": "종합분석",
  "analysis_data": {
    "title": "할인율 종합분석",
    "sections": [
      {
        "div": "종합분석-1",
        "sub_title": "전략 우수 채널",
        "ai_text": "자사몰이 유일한 우수 채널로 할인율 0.0%를 유지하며 브랜드 가치 보호에 성공했습니다.\n모든 다른 채널에서 할인율이 악화되는 상황에서 자사몰의 정가 판매 전략이 돋보입니다.\n자사몰은 브랜드 직접 통제가 가능한 채널 특성을 활용하여 가격 정책을 일관되게 유지했습니다.\n이는 DUVETICA 브랜드의 프리미엄 포지셔닝 전략이 자사몰에서 성공적으로 실행되고 있음을 시사합니다."
      },
      {
        "div": "종합분석-2",
        "sub_title": "주의 필요 채널",
        "ai_text": "백화점이 가장 심각한 상황으로 할인율이 21.8%에서 53.2%로 31.4%p 급증했습니다.\n아울렛은 45.8% 할인율로 높은 수준이나 전년대비 2.4%p 증가로 상대적으로 안정적입니다.\n직영점과 제휴몰은 각각 24.7%, 24.8% 할인율로 비슷한 수준이나 전년대비 각각 10.6%p, 6.3%p 악화되었습니다.\n특히 백화점의 급격한 할인율 증가는 재고 소진 압박이나 경쟁 심화를 반영하는 것으로 분석됩니다."
      },
      {
        "div": "종합분석-3",
        "sub_title": "AI 권장 사항",
        "ai_text": "백화점 채널의 긴급 개선이 필요하며, 재고 관리 최적화와 시즌별 물량 배분 전략을 재검토해야 합니다.\n자사몰의 성공 모델을 직영점에 적용하여 브랜드 통제력을 강화하고 할인율을 20% 이하로 관리해야 합니다.\n아이템별로는 과시즌 의류(61.0% 할인율) 재고 관리를 개선하고, 신발과 차기시즌 의류의 낮은 할인율 전략을 확산해야 합니다.\n채널별 차별화된 상품 믹스 운영과 정가 판매 인센티브 도입을 통해 전체 할인율을 35% 이하로 관리할 것을 권장합니다."
      }
    ]
  },
  "summary": {
    "total_discount_cy": 44.2,
    "total_discount_py": 34.8,
    "change_pct": 9.4,
    "unique_channels": 5,
    "unique_items": 8,
    "analysis_period": "2023년 2월 vs 2024년 2월"
  },
  "channel_summary": {
    "백화점": {
      "discount_cy": 53.2,
      "discount_py": 21.8,
      "yoy": 31.4
    },
    "직영점": {
      "discount_cy": 24.7,
      "discount_py": 14.1,
      "yoy": 10.6
    },
    "자사몰": {
      "discount_cy": 0.0,
      "discount_py": 0.0,
      "yoy": 0.0
    },
    "제휴몰": {
      "discount_cy": 24.8,
      "discount_py": 18.5,
      "yoy": 6.3
    },
    "아울렛": {
      "discount_cy": 45.8,
      "discount_py": 43.4,
      "yoy": 2.4
    }
  },
  "excellent_channels": [],
  "warning_channels": [
    {
      "chnl_nm": "백화점",
      "discount_cy": 53.2,
      "yoy": 31.4
    },
    {
      "chnl_nm": "아울렛",
      "discount_cy": 45.8,
      "yoy": 2.4
    },
    {
      "chnl_nm": "제휴몰",
      "discount_cy": 24.8,
      "yoy": 6.3
    },
    {
      "chnl_nm": "직영점",
      "discount_cy": 24.7,
      "yoy": 10.6
    }
  ],
  "raw_data": {
    "sample_records": [
      {
        "CHNL_NM": "전체",
        "DISCOUNT": 44.2,
        "YOY": 9.4,
        "SEQ": 1
      },
      {
        "CHNL_NM": "백화점",
        "DISCOUNT": 53.2,
        "YOY": 31.4,
        "SEQ": 2
      },
      {
        "CHNL_NM": "직영점",
        "DISCOUNT": 24.7,
        "YOY": 10.6,
        "SEQ": 2
      },
      {
        "CHNL_NM": "자사몰",
        "DISCOUNT": 0.0,
        "YOY": 0.0,
        "SEQ": 2
      },
      {
        "CHNL_NM": "제휴몰",
        "DISCOUNT": 24.8,
        "YOY": 6.3,
        "SEQ": 2
      },
      {
        "CHNL_NM": "아울렛",
        "DISCOUNT": 45.8,
        "YOY": 2.4,
        "SEQ": 2
      },
      {
        "CHNL_NM": "23F 의류",
        "DISCOUNT": 24.0,
        "YOY": -7.0,
        "SEQ": 4
      },
      {
        "CHNL_NM": "23S 의류",
        "DISCOUNT": 36.5,
        "YOY": 14.9,
        "SEQ": 4
      },
      {
        "CHNL_NM": "과시즌 의류",
        "DISCOUNT": 61.0,
        "YOY": 10.7,
        "SEQ": 4
      },
      {
        "CHNL_NM": "모자",
        "DISCOUNT": 20.8,
        "YOY": -1.3,
        "SEQ": 4
      },
      {
        "CHNL_NM": "신발",
        "DISCOUNT": 14.2,
        "YOY": 14.2,
        "SEQ": 4
      },
      {
        "CHNL_NM": "가방",
        "DISCOUNT": 36.6,
        "YOY": 2.2,
        "SEQ": 4
      },
      {
        "CHNL_NM": "기타ACC",
        "DISCOUNT": 28.9,
        "YOY": 11.4,
        "SEQ": 4
      },
      {
        "CHNL_NM": "차기시즌 의류",
        "DISCOUNT": 15.8,
        "YOY": 5.3,
        "SEQ": 4
      }
    ],
    "total_records_count": 14
  }
}