{
  "country": "KR",
  "brand_cd": "ST",
  "brand_name": "SERGIO TACCHINI",
  "yyyymm": "202409",
  "yyyymm_py": "202309",
  "key": "할인율",
  "sub_key": "종합분석",
  "analysis_data": {
    "title": "할인율 종합분석",
    "sections": [
      {
        "div": "종합분석-1",
        "sub_title": "전략 우수 채널",
        "ai_text": "자사몰은 할인율 0.0%를 유지하며 가격 정책의 일관성을 보여주고 있습니다.\n면세점(8.0%)과 직영점(14.8%)이 상대적으로 낮은 할인율을 기록했으나, 전년대비 각각 8.0%p, 13.2%p 상승하여 개선이 필요한 상황입니다.\n현재 데이터상 할인율이 낮으면서 동시에 전년대비 개선된 우수 채널은 확인되지 않습니다.\n자사몰의 무할인 정책을 다른 채널로 확대 적용할 수 있는 방안을 검토해야 합니다."
      },
      {
        "div": "종합분석-2",
        "sub_title": "주의 필요 채널",
        "ai_text": "아울렛이 58.8% 할인율로 가장 심각한 수준이며, 전년 0.0%에서 급격히 상승했습니다.\n제휴몰(18.1%)과 백화점(18.0%)이 높은 할인율을 보이며, 각각 전년대비 18.1%p, 4.9%p 악화되었습니다.\n직영점은 14.8%로 상대적으로 양호하나 전년 1.6%에서 13.2%p 상승하여 가격 관리 강화가 필요합니다.\n과시즌 의류(53.6%)와 신발(22.1%) 카테고리의 높은 할인율이 전체 수익성에 부정적 영향을 미치고 있습니다."
      },
      {
        "div": "종합분석-3",
        "sub_title": "AI 권장 사항",
        "ai_text": "• 아울렛 채널의 할인율 상한선을 40%로 설정하고 과시즌 재고 관리 시스템을 도입하여 재고 회전율을 개선해야 합니다.\n• 제휴몰과 백화점의 할인 정책을 재검토하여 브랜드 가치 보호를 위한 최소 판매가 기준을 수립하세요.\n• 자사몰의 무할인 정책을 벤치마킹하여 직영점과 면세점의 정가 판매 비중을 확대하는 전략을 추진하세요.\n• 신발과 과시즌 의류의 초기 물량 계획을 보수적으로 조정하고, 시즌 중 가격 조정 타이밍을 앞당겨 과도한 할인을 방지하세요."
      }
    ]
  },
  "summary": {
    "total_discount_cy": 25.7,
    "total_discount_py": 4.1,
    "change_pct": 21.6,
    "unique_channels": 6,
    "unique_items": 7,
    "analysis_period": "2023년 9월 vs 2024년 9월"
  },
  "channel_summary": {
    "백화점": {
      "discount_cy": 18.0,
      "discount_py": 13.1,
      "yoy": 4.9
    },
    "직영점": {
      "discount_cy": 14.8,
      "discount_py": 1.6,
      "yoy": 13.2
    },
    "자사몰": {
      "discount_cy": 0.0,
      "discount_py": 0.0,
      "yoy": 0.0
    },
    "제휴몰": {
      "discount_cy": 18.1,
      "discount_py": 0.0,
      "yoy": 18.1
    },
    "아울렛": {
      "discount_cy": 58.8,
      "discount_py": 0.0,
      "yoy": 58.8
    },
    "면세점": {
      "discount_cy": 8.0,
      "discount_py": 0.0,
      "yoy": 8.0
    }
  },
  "excellent_channels": [],
  "warning_channels": [
    {
      "chnl_nm": "아울렛",
      "discount_cy": 58.8,
      "yoy": 58.8
    },
    {
      "chnl_nm": "제휴몰",
      "discount_cy": 18.1,
      "yoy": 18.1
    },
    {
      "chnl_nm": "백화점",
      "discount_cy": 18.0,
      "yoy": 4.9
    },
    {
      "chnl_nm": "직영점",
      "discount_cy": 14.8,
      "yoy": 13.2
    },
    {
      "chnl_nm": "면세점",
      "discount_cy": 8.0,
      "yoy": 8.0
    }
  ],
  "raw_data": {
    "sample_records": [
      {
        "CHNL_NM": "전체",
        "DISCOUNT": 25.7,
        "YOY": 21.6,
        "SEQ": 1
      },
      {
        "CHNL_NM": "백화점",
        "DISCOUNT": 18.0,
        "YOY": 4.9,
        "SEQ": 2
      },
      {
        "CHNL_NM": "직영점",
        "DISCOUNT": 14.8,
        "YOY": 13.2,
        "SEQ": 2
      },
      {
        "CHNL_NM": "자사몰",
        "DISCOUNT": 0.0,
        "YOY": 0.0,
        "SEQ": 2
      },
      {
        "CHNL_NM": "제휴몰",
        "DISCOUNT": 18.1,
        "YOY": 18.1,
        "SEQ": 2
      },
      {
        "CHNL_NM": "아울렛",
        "DISCOUNT": 58.8,
        "YOY": 58.8,
        "SEQ": 2
      },
      {
        "CHNL_NM": "면세점",
        "DISCOUNT": 8.0,
        "YOY": 8.0,
        "SEQ": 2
      },
      {
        "CHNL_NM": "24F 의류",
        "DISCOUNT": 7.7,
        "YOY": 1.6,
        "SEQ": 4
      },
      {
        "CHNL_NM": "24S 의류",
        "DISCOUNT": 8.0,
        "YOY": 5.8,
        "SEQ": 4
      },
      {
        "CHNL_NM": "과시즌 의류",
        "DISCOUNT": 53.6,
        "YOY": 53.6,
        "SEQ": 4
      },
      {
        "CHNL_NM": "모자",
        "DISCOUNT": 8.5,
        "YOY": 7.1,
        "SEQ": 4
      },
      {
        "CHNL_NM": "신발",
        "DISCOUNT": 22.1,
        "YOY": 17.3,
        "SEQ": 4
      },
      {
        "CHNL_NM": "가방",
        "DISCOUNT": 13.9,
        "YOY": 11.8,
        "SEQ": 4
      },
      {
        "CHNL_NM": "기타ACC",
        "DISCOUNT": 7.9,
        "YOY": 3.6,
        "SEQ": 4
      }
    ],
    "total_records_count": 14
  }
}