{
  "country": "KR",
  "brand_cd": "W",
  "brand_name": "SUPRA",
  "yyyymm": "202402",
  "yyyymm_py": "202302",
  "key": "실판매출",
  "sub_key": "채널별매출분석",
  "analysis_data": {
    "title": "채널별 매출 top3 분석 (당해 전년 주요변화)",
    "sections": [
      {
        "div": "제휴몰",
        "sub_title": "제휴몰 전년대비 주요 변화",
        "ai_text": "제휴몰 채널은 전년대비 +144.2% 성장(3백만원 → 7백만원)하며 폭발적 성장세를 기록했습니다.\n\n• 점퍼: 당해 1위 아이템(2백만원, 25.0%)으로 부상하며 겨울 아우터 카테고리 강세 확인\n• 맨투맨: 전년 1위(1백만원, 23%)에서 당해 2위(1백만원, 19%)로 순위 하락했으나 여전히 핵심 아이템 유지\n• 신발: 당해 3위 신규 진입(1백만원, 18%)하며 풋웨어 카테고리 성장 동력 확보\n\n**단기 전략**: 점퍼 카테고리 재고 확보 및 신발 라인업 확대를 통한 성장 모멘텀 지속\n**중장기 전략**: 제휴몰 특성에 맞는 시즌별 핵심 아이템 포트폴리오 구축 및 파트너십 강화"
      },
      {
        "div": "자사몰",
        "sub_title": "자사몰 전년대비 주요 변화",
        "ai_text": "자사몰 채널은 전년대비 +71.4% 성장(2백만원 → 3백만원)하며 안정적 성장세를 보였습니다.\n\n• 점퍼: 당해 1위 아이템(1백만원, 30.0%)으로 급부상하며 겨울 시즌 대응력 강화\n• 팬츠: 당해 2위 신규 진입(0.4백만원, 14%)하며 하의 카테고리 성장 견인\n• 후드티: 전년 1위(1백만원, 43%)에서 당해 3위(0.4백만원, 13%)로 하락했으나 여전히 주력 아이템\n\n**단기 전략**: 점퍼 중심의 아우터 라인 강화 및 팬츠 카테고리 확대를 통한 매출 다변화\n**중장기 전략**: 자사몰 고객 특성 분석 기반 맞춤형 상품 기획 및 브랜드 충성도 제고"
      },
      {
        "div": "종합분석-1",
        "sub_title": "최고 성과 채널",
        "ai_text": "직영점이 94백만원으로 최대 매출을 기록하며 신발(17백만원), 후드티(13백만원), 팬츠(12백만원) 순으로 안정적인 매출 구조를 보임.\n면세점은 31백만원으로 2위를 차지하며 신발(8백만원, 26%)과 반팔티셔츠(7백만원, 21%)가 주력 아이템으로 해외 고객 대상 성과가 우수함."
      },
      {
        "div": "종합분석-2",
        "sub_title": "개선 필요 채널",
        "ai_text": "제휴몰은 7백만원으로 144.4% 성장했으나 점퍼(2백만원) 외 아이템 다양성이 부족하고 반팔티셔츠, 다운베스트 등 매출 제로 아이템 존재.\n자사몰은 3백만원으로 71.1% 성장에 그쳤으며 점퍼(1백만원) 의존도가 30%로 과도하고 전체 매출 규모가 가장 작아 집중 개선 필요."
      },
      {
        "div": "종합분석-3",
        "sub_title": "핵심 제안",
        "ai_text": "직영점의 성공 아이템(신발, 후드티, 팬츠)을 제휴몰과 자사몰로 확대 전개하여 매출 제로 아이템을 대체하고 포트폴리오 다양화 추진.\n자사몰은 점퍼 의존도를 줄이고 직영점 대비 저조한 신발(0.2백만원 vs 17백만원) 카테고리 강화를 통해 매출 기여도 개선 필요."
      }
    ]
  },
  "summary": {
    "total_sales": 138.75,
    "total_sales_cy": 134.18,
    "total_sales_py": 4.57,
    "change_pct": 2837.5,
    "unique_channels": 4,
    "unique_items": 32,
    "unique_months": 2,
    "analysis_period": "2023년 2월 vs 2024년 2월"
  },
  "channel_summary": {
    "직영점": {
      "total_sales": 93.65,
      "months": {
        "202402": 93647700.0
      },
      "top_items": [
        {
          "class3": "신발",
          "total_sales": 17.22
        },
        {
          "class3": "후드티",
          "total_sales": 13.06
        },
        {
          "class3": "팬츠",
          "total_sales": 12.09
        },
        {
          "class3": "맨투맨",
          "total_sales": 11.67
        },
        {
          "class3": "점퍼",
          "total_sales": 10.47
        }
      ]
    },
    "면세점": {
      "total_sales": 30.64,
      "months": {
        "202402": 30636990.0
      },
      "top_items": [
        {
          "class3": "신발",
          "total_sales": 7.92
        },
        {
          "class3": "반팔티셔츠",
          "total_sales": 6.55
        },
        {
          "class3": "맨투맨",
          "total_sales": 4.32
        },
        {
          "class3": "후드티",
          "total_sales": 2.82
        },
        {
          "class3": "가방",
          "total_sales": 2.19
        }
      ]
    },
    "제휴몰": {
      "total_sales": 9.78,
      "months": {
        "202402": 6938000.0,
        "202302": 2841000.0
      },
      "top_items": [
        {
          "class3": "맨투맨",
          "total_sales": 1.95
        },
        {
          "class3": "점퍼",
          "total_sales": 1.75
        },
        {
          "class3": "신발",
          "total_sales": 1.25
        },
        {
          "class3": "운동모",
          "total_sales": 0.72
        },
        {
          "class3": "후드티",
          "total_sales": 0.68
        }
      ]
    },
    "자사몰": {
      "total_sales": 4.69,
      "months": {
        "202402": 2962040.0,
        "202302": 1727000.0
      },
      "top_items": [
        {
          "class3": "후드티",
          "total_sales": 1.12
        },
        {
          "class3": "점퍼",
          "total_sales": 0.88
        },
        {
          "class3": "맨투맨",
          "total_sales": 0.8
        },
        {
          "class3": "팬츠",
          "total_sales": 0.51
        },
        {
          "class3": "운동모",
          "total_sales": 0.3
        }
      ]
    }
  },
  "channel_summary_overall": {
    "직영점": {
      "current_sales": 93.65,
      "previous_sales": 0.0,
      "all_items": [
        {
          "class3": "신발",
          "total_sales": 17.22
        },
        {
          "class3": "후드티",
          "total_sales": 13.06
        },
        {
          "class3": "팬츠",
          "total_sales": 12.09
        },
        {
          "class3": "맨투맨",
          "total_sales": 11.67
        },
        {
          "class3": "점퍼",
          "total_sales": 10.47
        },
        {
          "class3": "반팔티셔츠",
          "total_sales": 8.05
        },
        {
          "class3": "방풍자켓",
          "total_sales": 6.0
        },
        {
          "class3": "운동모",
          "total_sales": 4.64
        },
        {
          "class3": "가방",
          "total_sales": 1.97
        },
        {
          "class3": "다운베스트",
          "total_sales": 1.61
        },
        {
          "class3": "긴팔티셔츠",
          "total_sales": 1.02
        },
        {
          "class3": "방한화",
          "total_sales": 0.73
        },
        {
          "class3": "크로스백",
          "total_sales": 0.66
        },
        {
          "class3": "힙색",
          "total_sales": 0.64
        },
        {
          "class3": "양말",
          "total_sales": 0.57
        },
        {
          "class3": "햇",
          "total_sales": 0.53
        },
        {
          "class3": "다운점퍼",
          "total_sales": 0.38
        },
        {
          "class3": "우븐팬츠",
          "total_sales": 0.37
        },
        {
          "class3": "트레이닝(하의)",
          "total_sales": 0.36
        },
        {
          "class3": "베스트",
          "total_sales": 0.3
        },
        {
          "class3": "슬리퍼",
          "total_sales": 0.29
        },
        {
          "class3": "백팩",
          "total_sales": 0.28
        },
        {
          "class3": "트레이닝(상의)",
          "total_sales": 0.18
        },
        {
          "class3": "트레이닝 숏팬츠",
          "total_sales": 0.18
        },
        {
          "class3": "비니",
          "total_sales": 0.18
        },
        {
          "class3": "보스톤백",
          "total_sales": 0.13
        },
        {
          "class3": "반바지",
          "total_sales": 0.08
        },
        {
          "class3": "탱크탑",
          "total_sales": 0.0
        }
      ],
      "change_pct": 0
    },
    "면세점": {
      "current_sales": 30.64,
      "previous_sales": 0.0,
      "all_items": [
        {
          "class3": "신발",
          "total_sales": 7.92
        },
        {
          "class3": "반팔티셔츠",
          "total_sales": 6.55
        },
        {
          "class3": "맨투맨",
          "total_sales": 4.32
        },
        {
          "class3": "후드티",
          "total_sales": 2.82
        },
        {
          "class3": "가방",
          "total_sales": 2.19
        },
        {
          "class3": "점퍼",
          "total_sales": 1.99
        },
        {
          "class3": "방풍자켓",
          "total_sales": 1.05
        },
        {
          "class3": "팬츠",
          "total_sales": 0.85
        },
        {
          "class3": "우븐반바지",
          "total_sales": 0.8
        },
        {
          "class3": "반바지",
          "total_sales": 0.55
        },
        {
          "class3": "운동모",
          "total_sales": 0.51
        },
        {
          "class3": "백팩",
          "total_sales": 0.24
        },
        {
          "class3": "햇",
          "total_sales": 0.24
        },
        {
          "class3": "우븐팬츠",
          "total_sales": 0.18
        },
        {
          "class3": "트레이닝(하의)",
          "total_sales": 0.18
        },
        {
          "class3": "슬리퍼",
          "total_sales": 0.16
        },
        {
          "class3": "트레이닝 숏팬츠",
          "total_sales": 0.09
        }
      ],
      "change_pct": 0
    },
    "제휴몰": {
      "current_sales": 6.94,
      "previous_sales": 2.84,
      "all_items": [
        {
          "class3": "점퍼",
          "total_sales": 1.75
        },
        {
          "class3": "맨투맨",
          "total_sales": 1.3
        },
        {
          "class3": "신발",
          "total_sales": 1.25
        },
        {
          "class3": "운동모",
          "total_sales": 0.66
        },
        {
          "class3": "가방",
          "total_sales": 0.62
        },
        {
          "class3": "후드티",
          "total_sales": 0.5
        },
        {
          "class3": "팬츠",
          "total_sales": 0.35
        },
        {
          "class3": "다운점퍼",
          "total_sales": 0.29
        },
        {
          "class3": "트레이닝(상의)",
          "total_sales": 0.18
        },
        {
          "class3": "양말",
          "total_sales": 0.04
        },
        {
          "class3": "반팔티셔츠",
          "total_sales": 0.0
        },
        {
          "class3": "다운베스트",
          "total_sales": 0.0
        }
      ],
      "change_pct": 144.4
    },
    "자사몰": {
      "current_sales": 2.96,
      "previous_sales": 1.73,
      "all_items": [
        {
          "class3": "점퍼",
          "total_sales": 0.88
        },
        {
          "class3": "팬츠",
          "total_sales": 0.41
        },
        {
          "class3": "후드티",
          "total_sales": 0.39
        },
        {
          "class3": "방한화",
          "total_sales": 0.26
        },
        {
          "class3": "운동모",
          "total_sales": 0.24
        },
        {
          "class3": "다운점퍼",
          "total_sales": 0.2
        },
        {
          "class3": "맨투맨",
          "total_sales": 0.2
        },
        {
          "class3": "신발",
          "total_sales": 0.18
        },
        {
          "class3": "방풍자켓",
          "total_sales": 0.16
        },
        {
          "class3": "슬리퍼",
          "total_sales": 0.06
        }
      ],
      "change_pct": 71.1
    }
  },
  "raw_data": {
    "sample_records": [
      {
        "PST_YYYYMM": "202402",
        "CHNL_NM": "직영점",
        "CLASS3": "신발",
        "SALE_AMT": 17217000.0,
        "SALE_AMT_CHNL_TTL": 93647700.0,
        "SALE_RATIO": 18.0,
        "IN_YMM_RNK": 0,
        "IN_CHNL_RNK": 1
      },
      {
        "PST_YYYYMM": "202402",
        "CHNL_NM": "직영점",
        "CLASS3": "후드티",
        "SALE_AMT": 13056760.0,
        "SALE_AMT_CHNL_TTL": 93647700.0,
        "SALE_RATIO": 14.0,
        "IN_YMM_RNK": 0,
        "IN_CHNL_RNK": 2
      },
      {
        "PST_YYYYMM": "202402",
        "CHNL_NM": "직영점",
        "CLASS3": "팬츠",
        "SALE_AMT": 12093510.0,
        "SALE_AMT_CHNL_TTL": 93647700.0,
        "SALE_RATIO": 13.0,
        "IN_YMM_RNK": 0,
        "IN_CHNL_RNK": 3
      },
      {
        "PST_YYYYMM": "202402",
        "CHNL_NM": "직영점",
        "CLASS3": "맨투맨",
        "SALE_AMT": 11673620.0,
        "SALE_AMT_CHNL_TTL": 93647700.0,
        "SALE_RATIO": 12.0,
        "IN_YMM_RNK": 0,
        "IN_CHNL_RNK": 4
      },
      {
        "PST_YYYYMM": "202402",
        "CHNL_NM": "직영점",
        "CLASS3": "점퍼",
        "SALE_AMT": 10474300.0,
        "SALE_AMT_CHNL_TTL": 93647700.0,
        "SALE_RATIO": 11.0,
        "IN_YMM_RNK": 0,
        "IN_CHNL_RNK": 5
      },
      {
        "PST_YYYYMM": "202402",
        "CHNL_NM": "직영점",
        "CLASS3": "반팔티셔츠",
        "SALE_AMT": 8048700.0,
        "SALE_AMT_CHNL_TTL": 93647700.0,
        "SALE_RATIO": 9.0,
        "IN_YMM_RNK": 0,
        "IN_CHNL_RNK": 6
      },
      {
        "PST_YYYYMM": "202402",
        "CHNL_NM": "직영점",
        "CLASS3": "방풍자켓",
        "SALE_AMT": 5996400.0,
        "SALE_AMT_CHNL_TTL": 93647700.0,
        "SALE_RATIO": 6.0,
        "IN_YMM_RNK": 0,
        "IN_CHNL_RNK": 7
      },
      {
        "PST_YYYYMM": "202402",
        "CHNL_NM": "직영점",
        "CLASS3": "운동모",
        "SALE_AMT": 4644210.0,
        "SALE_AMT_CHNL_TTL": 93647700.0,
        "SALE_RATIO": 5.0,
        "IN_YMM_RNK": 0,
        "IN_CHNL_RNK": 8
      },
      {
        "PST_YYYYMM": "202402",
        "CHNL_NM": "직영점",
        "CLASS3": "가방",
        "SALE_AMT": 1966000.0,
        "SALE_AMT_CHNL_TTL": 93647700.0,
        "SALE_RATIO": 2.0,
        "IN_YMM_RNK": 0,
        "IN_CHNL_RNK": 9
      },
      {
        "PST_YYYYMM": "202402",
        "CHNL_NM": "직영점",
        "CLASS3": "다운베스트",
        "SALE_AMT": 1613000.0,
        "SALE_AMT_CHNL_TTL": 93647700.0,
        "SALE_RATIO": 2.0,
        "IN_YMM_RNK": 0,
        "IN_CHNL_RNK": 10
      },
      {
        "PST_YYYYMM": "202402",
        "CHNL_NM": "직영점",
        "CLASS3": "긴팔티셔츠",
        "SALE_AMT": 1024680.0,
        "SALE_AMT_CHNL_TTL": 93647700.0,
        "SALE_RATIO": 1.0,
        "IN_YMM_RNK": 0,
        "IN_CHNL_RNK": 11
      },
      {
        "PST_YYYYMM": "202402",
        "CHNL_NM": "직영점",
        "CLASS3": "방한화",
        "SALE_AMT": 725300.0,
        "SALE_AMT_CHNL_TTL": 93647700.0,
        "SALE_RATIO": 1.0,
        "IN_YMM_RNK": 0,
        "IN_CHNL_RNK": 12
      },
      {
        "PST_YYYYMM": "202402",
        "CHNL_NM": "직영점",
        "CLASS3": "크로스백",
        "SALE_AMT": 663000.0,
        "SALE_AMT_CHNL_TTL": 93647700.0,
        "SALE_RATIO": 1.0,
        "IN_YMM_RNK": 0,
        "IN_CHNL_RNK": 13
      },
      {
        "PST_YYYYMM": "202402",
        "CHNL_NM": "직영점",
        "CLASS3": "힙색",
        "SALE_AMT": 641000.0,
        "SALE_AMT_CHNL_TTL": 93647700.0,
        "SALE_RATIO": 1.0,
        "IN_YMM_RNK": 0,
        "IN_CHNL_RNK": 14
      },
      {
        "PST_YYYYMM": "202402",
        "CHNL_NM": "직영점",
        "CLASS3": "양말",
        "SALE_AMT": 565900.0,
        "SALE_AMT_CHNL_TTL": 93647700.0,
        "SALE_RATIO": 1.0,
        "IN_YMM_RNK": 0,
        "IN_CHNL_RNK": 15
      },
      {
        "PST_YYYYMM": "202402",
        "CHNL_NM": "직영점",
        "CLASS3": "햇",
        "SALE_AMT": 526000.0,
        "SALE_AMT_CHNL_TTL": 93647700.0,
        "SALE_RATIO": 1.0,
        "IN_YMM_RNK": 0,
        "IN_CHNL_RNK": 16
      },
      {
        "PST_YYYYMM": "202402",
        "CHNL_NM": "직영점",
        "CLASS3": "다운점퍼",
        "SALE_AMT": 379000.0,
        "SALE_AMT_CHNL_TTL": 93647700.0,
        "SALE_RATIO": 0.0,
        "IN_YMM_RNK": 0,
        "IN_CHNL_RNK": 17
      },
      {
        "PST_YYYYMM": "202402",
        "CHNL_NM": "직영점",
        "CLASS3": "우븐팬츠",
        "SALE_AMT": 370320.0,
        "SALE_AMT_CHNL_TTL": 93647700.0,
        "SALE_RATIO": 0.0,
        "IN_YMM_RNK": 0,
        "IN_CHNL_RNK": 18
      },
      {
        "PST_YYYYMM": "202402",
        "CHNL_NM": "직영점",
        "CLASS3": "트레이닝(하의)",
        "SALE_AMT": 356000.0,
        "SALE_AMT_CHNL_TTL": 93647700.0,
        "SALE_RATIO": 0.0,
        "IN_YMM_RNK": 0,
        "IN_CHNL_RNK": 19
      },
      {
        "PST_YYYYMM": "202402",
        "CHNL_NM": "직영점",
        "CLASS3": "베스트",
        "SALE_AMT": 299000.0,
        "SALE_AMT_CHNL_TTL": 93647700.0,
        "SALE_RATIO": 0.0,
        "IN_YMM_RNK": 0,
        "IN_CHNL_RNK": 20
      },
      {
        "PST_YYYYMM": "202402",
        "CHNL_NM": "직영점",
        "CLASS3": "슬리퍼",
        "SALE_AMT": 295000.0,
        "SALE_AMT_CHNL_TTL": 93647700.0,
        "SALE_RATIO": 0.0,
        "IN_YMM_RNK": 0,
        "IN_CHNL_RNK": 21
      },
      {
        "PST_YYYYMM": "202402",
        "CHNL_NM": "직영점",
        "CLASS3": "백팩",
        "SALE_AMT": 278000.0,
        "SALE_AMT_CHNL_TTL": 93647700.0,
        "SALE_RATIO": 0.0,
        "IN_YMM_RNK": 0,
        "IN_CHNL_RNK": 22
      },
      {
        "PST_YYYYMM": "202402",
        "CHNL_NM": "직영점",
        "CLASS3": "트레이닝(상의)",
        "SALE_AMT": 179000.0,
        "SALE_AMT_CHNL_TTL": 93647700.0,
        "SALE_RATIO": 0.0,
        "IN_YMM_RNK": 0,
        "IN_CHNL_RNK": 23
      },
      {
        "PST_YYYYMM": "202402",
        "CHNL_NM": "직영점",
        "CLASS3": "트레이닝 숏팬츠",
        "SALE_AMT": 177000.0,
        "SALE_AMT_CHNL_TTL": 93647700.0,
        "SALE_RATIO": 0.0,
        "IN_YMM_RNK": 0,
        "IN_CHNL_RNK": 24
      },
      {
        "PST_YYYYMM": "202402",
        "CHNL_NM": "직영점",
        "CLASS3": "비니",
        "SALE_AMT": 177000.0,
        "SALE_AMT_CHNL_TTL": 93647700.0,
        "SALE_RATIO": 0.0,
        "IN_YMM_RNK": 0,
        "IN_CHNL_RNK": 24
      },
      {
        "PST_YYYYMM": "202402",
        "CHNL_NM": "직영점",
        "CLASS3": "보스톤백",
        "SALE_AMT": 129000.0,
        "SALE_AMT_CHNL_TTL": 93647700.0,
        "SALE_RATIO": 0.0,
        "IN_YMM_RNK": 0,
        "IN_CHNL_RNK": 25
      },
      {
        "PST_YYYYMM": "202402",
        "CHNL_NM": "직영점",
        "CLASS3": "반바지",
        "SALE_AMT": 79000.0,
        "SALE_AMT_CHNL_TTL": 93647700.0,
        "SALE_RATIO": 0.0,
        "IN_YMM_RNK": 0,
        "IN_CHNL_RNK": 26
      },
      {
        "PST_YYYYMM": "202402",
        "CHNL_NM": "직영점",
        "CLASS3": "탱크탑",
        "SALE_AMT": 0.0,
        "SALE_AMT_CHNL_TTL": 93647700.0,
        "SALE_RATIO": 0.0,
        "IN_YMM_RNK": 0,
        "IN_CHNL_RNK": 27
      },
      {
        "PST_YYYYMM": "202402",
        "CHNL_NM": "면세점",
        "CLASS3": "신발",
        "SALE_AMT": 7917000.0,
        "SALE_AMT_CHNL_TTL": 30636990.0,
        "SALE_RATIO": 26.0,
        "IN_YMM_RNK": 0,
        "IN_CHNL_RNK": 1
      },
      {
        "PST_YYYYMM": "202402",
        "CHNL_NM": "면세점",
        "CLASS3": "반팔티셔츠",
        "SALE_AMT": 6550990.0,
        "SALE_AMT_CHNL_TTL": 30636990.0,
        "SALE_RATIO": 21.0,
        "IN_YMM_RNK": 0,
        "IN_CHNL_RNK": 2
      },
      {
        "PST_YYYYMM": "202402",
        "CHNL_NM": "면세점",
        "CLASS3": "맨투맨",
        "SALE_AMT": 4320000.0,
        "SALE_AMT_CHNL_TTL": 30636990.0,
        "SALE_RATIO": 14.0,
        "IN_YMM_RNK": 0,
        "IN_CHNL_RNK": 3
      },
      {
        "PST_YYYYMM": "202402",
        "CHNL_NM": "면세점",
        "CLASS3": "후드티",
        "SALE_AMT": 2817000.0,
        "SALE_AMT_CHNL_TTL": 30636990.0,
        "SALE_RATIO": 9.0,
        "IN_YMM_RNK": 0,
        "IN_CHNL_RNK": 4
      },
      {
        "PST_YYYYMM": "202402",
        "CHNL_NM": "면세점",
        "CLASS3": "가방",
        "SALE_AMT": 2195000.0,
        "SALE_AMT_CHNL_TTL": 30636990.0,
        "SALE_RATIO": 7.0,
        "IN_YMM_RNK": 0,
        "IN_CHNL_RNK": 5
      },
      {
        "PST_YYYYMM": "202402",
        "CHNL_NM": "면세점",
        "CLASS3": "점퍼",
        "SALE_AMT": 1993000.0,
        "SALE_AMT_CHNL_TTL": 30636990.0,
        "SALE_RATIO": 7.0,
        "IN_YMM_RNK": 0,
        "IN_CHNL_RNK": 6
      },
      {
        "PST_YYYYMM": "202402",
        "CHNL_NM": "면세점",
        "CLASS3": "방풍자켓",
        "SALE_AMT": 1051000.0,
        "SALE_AMT_CHNL_TTL": 30636990.0,
        "SALE_RATIO": 3.0,
        "IN_YMM_RNK": 0,
        "IN_CHNL_RNK": 7
      },
      {
        "PST_YYYYMM": "202402",
        "CHNL_NM": "면세점",
        "CLASS3": "팬츠",
        "SALE_AMT": 853000.0,
        "SALE_AMT_CHNL_TTL": 30636990.0,
        "SALE_RATIO": 3.0,
        "IN_YMM_RNK": 0,
        "IN_CHNL_RNK": 8
      },
      {
        "PST_YYYYMM": "202402",
        "CHNL_NM": "면세점",
        "CLASS3": "우븐반바지",
        "SALE_AMT": 797000.0,
        "SALE_AMT_CHNL_TTL": 30636990.0,
        "SALE_RATIO": 3.0,
        "IN_YMM_RNK": 0,
        "IN_CHNL_RNK": 9
      },
      {
        "PST_YYYYMM": "202402",
        "CHNL_NM": "면세점",
        "CLASS3": "반바지",
        "SALE_AMT": 553000.0,
        "SALE_AMT_CHNL_TTL": 30636990.0,
        "SALE_RATIO": 2.0,
        "IN_YMM_RNK": 0,
        "IN_CHNL_RNK": 10
      },
      {
        "PST_YYYYMM": "202402",
        "CHNL_NM": "면세점",
        "CLASS3": "운동모",
        "SALE_AMT": 512000.0,
        "SALE_AMT_CHNL_TTL": 30636990.0,
        "SALE_RATIO": 2.0,
        "IN_YMM_RNK": 0,
        "IN_CHNL_RNK": 11
      },
      {
        "PST_YYYYMM": "202402",
        "CHNL_NM": "면세점",
        "CLASS3": "백팩",
        "SALE_AMT": 238000.0,
        "SALE_AMT_CHNL_TTL": 30636990.0,
        "SALE_RATIO": 1.0,
        "IN_YMM_RNK": 0,
        "IN_CHNL_RNK": 12
      },
      {
        "PST_YYYYMM": "202402",
        "CHNL_NM": "면세점",
        "CLASS3": "햇",
        "SALE_AMT": 237000.0,
        "SALE_AMT_CHNL_TTL": 30636990.0,
        "SALE_RATIO": 1.0,
        "IN_YMM_RNK": 0,
        "IN_CHNL_RNK": 13
      },
      {
        "PST_YYYYMM": "202402",
        "CHNL_NM": "면세점",
        "CLASS3": "우븐팬츠",
        "SALE_AMT": 178000.0,
        "SALE_AMT_CHNL_TTL": 30636990.0,
        "SALE_RATIO": 1.0,
        "IN_YMM_RNK": 0,
        "IN_CHNL_RNK": 14
      },
      {
        "PST_YYYYMM": "202402",
        "CHNL_NM": "면세점",
        "CLASS3": "트레이닝(하의)",
        "SALE_AMT": 178000.0,
        "SALE_AMT_CHNL_TTL": 30636990.0,
        "SALE_RATIO": 1.0,
        "IN_YMM_RNK": 0,
        "IN_CHNL_RNK": 14
      },
      {
        "PST_YYYYMM": "202402",
        "CHNL_NM": "면세점",
        "CLASS3": "슬리퍼",
        "SALE_AMT": 158000.0,
        "SALE_AMT_CHNL_TTL": 30636990.0,
        "SALE_RATIO": 1.0,
        "IN_YMM_RNK": 0,
        "IN_CHNL_RNK": 15
      },
      {
        "PST_YYYYMM": "202402",
        "CHNL_NM": "면세점",
        "CLASS3": "트레이닝 숏팬츠",
        "SALE_AMT": 89000.0,
        "SALE_AMT_CHNL_TTL": 30636990.0,
        "SALE_RATIO": 0.0,
        "IN_YMM_RNK": 0,
        "IN_CHNL_RNK": 16
      },
      {
        "PST_YYYYMM": "202402",
        "CHNL_NM": "제휴몰",
        "CLASS3": "점퍼",
        "SALE_AMT": 1754000.0,
        "SALE_AMT_CHNL_TTL": 6938000.0,
        "SALE_RATIO": 25.0,
        "IN_YMM_RNK": 0,
        "IN_CHNL_RNK": 1
      },
      {
        "PST_YYYYMM": "202402",
        "CHNL_NM": "제휴몰",
        "CLASS3": "맨투맨",
        "SALE_AMT": 1298000.0,
        "SALE_AMT_CHNL_TTL": 6938000.0,
        "SALE_RATIO": 19.0,
        "IN_YMM_RNK": 0,
        "IN_CHNL_RNK": 2
      },
      {
        "PST_YYYYMM": "202402",
        "CHNL_NM": "제휴몰",
        "CLASS3": "신발",
        "SALE_AMT": 1253000.0,
        "SALE_AMT_CHNL_TTL": 6938000.0,
        "SALE_RATIO": 18.0,
        "IN_YMM_RNK": 0,
        "IN_CHNL_RNK": 3
      },
      {
        "PST_YYYYMM": "202402",
        "CHNL_NM": "제휴몰",
        "CLASS3": "운동모",
        "SALE_AMT": 660000.0,
        "SALE_AMT_CHNL_TTL": 6938000.0,
        "SALE_RATIO": 10.0,
        "IN_YMM_RNK": 0,
        "IN_CHNL_RNK": 4
      },
      {
        "PST_YYYYMM": "202402",
        "CHNL_NM": "제휴몰",
        "CLASS3": "가방",
        "SALE_AMT": 616000.0,
        "SALE_AMT_CHNL_TTL": 6938000.0,
        "SALE_RATIO": 9.0,
        "IN_YMM_RNK": 0,
        "IN_CHNL_RNK": 5
      }
    ],
    "total_records_count": 87
  },
  "trend_data": {
    "trend_months": [
      "202302",
      "202402"
    ],
    "monthly_totals": [
      {
        "yyyymm": "202302",
        "total_amount": 4.57
      },
      {
        "yyyymm": "202402",
        "total_amount": 134.18
      }
    ],
    "monthly_details": [
      {
        "yyyymm": "202402",
        "chnl_nm": "직영점",
        "class3": "신발",
        "sale_amt": 17.22,
        "sale_ratio": 18.0
      },
      {
        "yyyymm": "202402",
        "chnl_nm": "직영점",
        "class3": "후드티",
        "sale_amt": 13.06,
        "sale_ratio": 14.0
      },
      {
        "yyyymm": "202402",
        "chnl_nm": "직영점",
        "class3": "팬츠",
        "sale_amt": 12.09,
        "sale_ratio": 13.0
      },
      {
        "yyyymm": "202402",
        "chnl_nm": "직영점",
        "class3": "맨투맨",
        "sale_amt": 11.67,
        "sale_ratio": 12.0
      },
      {
        "yyyymm": "202402",
        "chnl_nm": "직영점",
        "class3": "점퍼",
        "sale_amt": 10.47,
        "sale_ratio": 11.0
      },
      {
        "yyyymm": "202402",
        "chnl_nm": "직영점",
        "class3": "반팔티셔츠",
        "sale_amt": 8.05,
        "sale_ratio": 9.0
      },
      {
        "yyyymm": "202402",
        "chnl_nm": "직영점",
        "class3": "방풍자켓",
        "sale_amt": 6.0,
        "sale_ratio": 6.0
      },
      {
        "yyyymm": "202402",
        "chnl_nm": "직영점",
        "class3": "운동모",
        "sale_amt": 4.64,
        "sale_ratio": 5.0
      },
      {
        "yyyymm": "202402",
        "chnl_nm": "직영점",
        "class3": "가방",
        "sale_amt": 1.97,
        "sale_ratio": 2.0
      },
      {
        "yyyymm": "202402",
        "chnl_nm": "직영점",
        "class3": "다운베스트",
        "sale_amt": 1.61,
        "sale_ratio": 2.0
      },
      {
        "yyyymm": "202402",
        "chnl_nm": "직영점",
        "class3": "긴팔티셔츠",
        "sale_amt": 1.02,
        "sale_ratio": 1.0
      },
      {
        "yyyymm": "202402",
        "chnl_nm": "직영점",
        "class3": "방한화",
        "sale_amt": 0.73,
        "sale_ratio": 1.0
      },
      {
        "yyyymm": "202402",
        "chnl_nm": "직영점",
        "class3": "크로스백",
        "sale_amt": 0.66,
        "sale_ratio": 1.0
      },
      {
        "yyyymm": "202402",
        "chnl_nm": "직영점",
        "class3": "힙색",
        "sale_amt": 0.64,
        "sale_ratio": 1.0
      },
      {
        "yyyymm": "202402",
        "chnl_nm": "직영점",
        "class3": "양말",
        "sale_amt": 0.57,
        "sale_ratio": 1.0
      },
      {
        "yyyymm": "202402",
        "chnl_nm": "직영점",
        "class3": "햇",
        "sale_amt": 0.53,
        "sale_ratio": 1.0
      },
      {
        "yyyymm": "202402",
        "chnl_nm": "직영점",
        "class3": "다운점퍼",
        "sale_amt": 0.38,
        "sale_ratio": 0.0
      },
      {
        "yyyymm": "202402",
        "chnl_nm": "직영점",
        "class3": "우븐팬츠",
        "sale_amt": 0.37,
        "sale_ratio": 0.0
      },
      {
        "yyyymm": "202402",
        "chnl_nm": "직영점",
        "class3": "트레이닝(하의)",
        "sale_amt": 0.36,
        "sale_ratio": 0.0
      },
      {
        "yyyymm": "202402",
        "chnl_nm": "직영점",
        "class3": "베스트",
        "sale_amt": 0.3,
        "sale_ratio": 0.0
      },
      {
        "yyyymm": "202402",
        "chnl_nm": "직영점",
        "class3": "슬리퍼",
        "sale_amt": 0.29,
        "sale_ratio": 0.0
      },
      {
        "yyyymm": "202402",
        "chnl_nm": "직영점",
        "class3": "백팩",
        "sale_amt": 0.28,
        "sale_ratio": 0.0
      },
      {
        "yyyymm": "202402",
        "chnl_nm": "직영점",
        "class3": "트레이닝(상의)",
        "sale_amt": 0.18,
        "sale_ratio": 0.0
      },
      {
        "yyyymm": "202402",
        "chnl_nm": "직영점",
        "class3": "트레이닝 숏팬츠",
        "sale_amt": 0.18,
        "sale_ratio": 0.0
      },
      {
        "yyyymm": "202402",
        "chnl_nm": "직영점",
        "class3": "비니",
        "sale_amt": 0.18,
        "sale_ratio": 0.0
      },
      {
        "yyyymm": "202402",
        "chnl_nm": "직영점",
        "class3": "보스톤백",
        "sale_amt": 0.13,
        "sale_ratio": 0.0
      },
      {
        "yyyymm": "202402",
        "chnl_nm": "직영점",
        "class3": "반바지",
        "sale_amt": 0.08,
        "sale_ratio": 0.0
      },
      {
        "yyyymm": "202402",
        "chnl_nm": "직영점",
        "class3": "탱크탑",
        "sale_amt": 0.0,
        "sale_ratio": 0.0
      },
      {
        "yyyymm": "202402",
        "chnl_nm": "면세점",
        "class3": "신발",
        "sale_amt": 7.92,
        "sale_ratio": 26.0
      },
      {
        "yyyymm": "202402",
        "chnl_nm": "면세점",
        "class3": "반팔티셔츠",
        "sale_amt": 6.55,
        "sale_ratio": 21.0
      },
      {
        "yyyymm": "202402",
        "chnl_nm": "면세점",
        "class3": "맨투맨",
        "sale_amt": 4.32,
        "sale_ratio": 14.0
      },
      {
        "yyyymm": "202402",
        "chnl_nm": "면세점",
        "class3": "후드티",
        "sale_amt": 2.82,
        "sale_ratio": 9.0
      },
      {
        "yyyymm": "202402",
        "chnl_nm": "면세점",
        "class3": "가방",
        "sale_amt": 2.19,
        "sale_ratio": 7.0
      },
      {
        "yyyymm": "202402",
        "chnl_nm": "면세점",
        "class3": "점퍼",
        "sale_amt": 1.99,
        "sale_ratio": 7.0
      },
      {
        "yyyymm": "202402",
        "chnl_nm": "면세점",
        "class3": "방풍자켓",
        "sale_amt": 1.05,
        "sale_ratio": 3.0
      },
      {
        "yyyymm": "202402",
        "chnl_nm": "면세점",
        "class3": "팬츠",
        "sale_amt": 0.85,
        "sale_ratio": 3.0
      },
      {
        "yyyymm": "202402",
        "chnl_nm": "면세점",
        "class3": "우븐반바지",
        "sale_amt": 0.8,
        "sale_ratio": 3.0
      },
      {
        "yyyymm": "202402",
        "chnl_nm": "면세점",
        "class3": "반바지",
        "sale_amt": 0.55,
        "sale_ratio": 2.0
      },
      {
        "yyyymm": "202402",
        "chnl_nm": "면세점",
        "class3": "운동모",
        "sale_amt": 0.51,
        "sale_ratio": 2.0
      },
      {
        "yyyymm": "202402",
        "chnl_nm": "면세점",
        "class3": "백팩",
        "sale_amt": 0.24,
        "sale_ratio": 1.0
      },
      {
        "yyyymm": "202402",
        "chnl_nm": "면세점",
        "class3": "햇",
        "sale_amt": 0.24,
        "sale_ratio": 1.0
      },
      {
        "yyyymm": "202402",
        "chnl_nm": "면세점",
        "class3": "우븐팬츠",
        "sale_amt": 0.18,
        "sale_ratio": 1.0
      },
      {
        "yyyymm": "202402",
        "chnl_nm": "면세점",
        "class3": "트레이닝(하의)",
        "sale_amt": 0.18,
        "sale_ratio": 1.0
      },
      {
        "yyyymm": "202402",
        "chnl_nm": "면세점",
        "class3": "슬리퍼",
        "sale_amt": 0.16,
        "sale_ratio": 1.0
      },
      {
        "yyyymm": "202402",
        "chnl_nm": "면세점",
        "class3": "트레이닝 숏팬츠",
        "sale_amt": 0.09,
        "sale_ratio": 0.0
      },
      {
        "yyyymm": "202402",
        "chnl_nm": "제휴몰",
        "class3": "점퍼",
        "sale_amt": 1.75,
        "sale_ratio": 25.0
      },
      {
        "yyyymm": "202402",
        "chnl_nm": "제휴몰",
        "class3": "맨투맨",
        "sale_amt": 1.3,
        "sale_ratio": 19.0
      },
      {
        "yyyymm": "202402",
        "chnl_nm": "제휴몰",
        "class3": "신발",
        "sale_amt": 1.25,
        "sale_ratio": 18.0
      },
      {
        "yyyymm": "202402",
        "chnl_nm": "제휴몰",
        "class3": "운동모",
        "sale_amt": 0.66,
        "sale_ratio": 10.0
      },
      {
        "yyyymm": "202402",
        "chnl_nm": "제휴몰",
        "class3": "가방",
        "sale_amt": 0.62,
        "sale_ratio": 9.0
      },
      {
        "yyyymm": "202402",
        "chnl_nm": "제휴몰",
        "class3": "후드티",
        "sale_amt": 0.5,
        "sale_ratio": 7.0
      },
      {
        "yyyymm": "202402",
        "chnl_nm": "제휴몰",
        "class3": "팬츠",
        "sale_amt": 0.35,
        "sale_ratio": 5.0
      },
      {
        "yyyymm": "202402",
        "chnl_nm": "제휴몰",
        "class3": "다운점퍼",
        "sale_amt": 0.29,
        "sale_ratio": 4.0
      },
      {
        "yyyymm": "202402",
        "chnl_nm": "제휴몰",
        "class3": "트레이닝(상의)",
        "sale_amt": 0.18,
        "sale_ratio": 3.0
      },
      {
        "yyyymm": "202402",
        "chnl_nm": "제휴몰",
        "class3": "양말",
        "sale_amt": 0.04,
        "sale_ratio": 1.0
      },
      {
        "yyyymm": "202402",
        "chnl_nm": "제휴몰",
        "class3": "반팔티셔츠",
        "sale_amt": 0.0,
        "sale_ratio": 0.0
      },
      {
        "yyyymm": "202402",
        "chnl_nm": "제휴몰",
        "class3": "다운베스트",
        "sale_amt": 0.0,
        "sale_ratio": 0.0
      },
      {
        "yyyymm": "202402",
        "chnl_nm": "자사몰",
        "class3": "점퍼",
        "sale_amt": 0.88,
        "sale_ratio": 30.0
      },
      {
        "yyyymm": "202402",
        "chnl_nm": "자사몰",
        "class3": "팬츠",
        "sale_amt": 0.41,
        "sale_ratio": 14.0
      },
      {
        "yyyymm": "202402",
        "chnl_nm": "자사몰",
        "class3": "후드티",
        "sale_amt": 0.39,
        "sale_ratio": 13.0
      },
      {
        "yyyymm": "202402",
        "chnl_nm": "자사몰",
        "class3": "방한화",
        "sale_amt": 0.26,
        "sale_ratio": 9.0
      },
      {
        "yyyymm": "202402",
        "chnl_nm": "자사몰",
        "class3": "운동모",
        "sale_amt": 0.24,
        "sale_ratio": 8.0
      },
      {
        "yyyymm": "202402",
        "chnl_nm": "자사몰",
        "class3": "다운점퍼",
        "sale_amt": 0.2,
        "sale_ratio": 7.0
      },
      {
        "yyyymm": "202402",
        "chnl_nm": "자사몰",
        "class3": "맨투맨",
        "sale_amt": 0.2,
        "sale_ratio": 7.0
      },
      {
        "yyyymm": "202402",
        "chnl_nm": "자사몰",
        "class3": "신발",
        "sale_amt": 0.18,
        "sale_ratio": 6.0
      },
      {
        "yyyymm": "202402",
        "chnl_nm": "자사몰",
        "class3": "방풍자켓",
        "sale_amt": 0.16,
        "sale_ratio": 5.0
      },
      {
        "yyyymm": "202402",
        "chnl_nm": "자사몰",
        "class3": "슬리퍼",
        "sale_amt": 0.06,
        "sale_ratio": 2.0
      },
      {
        "yyyymm": "202302",
        "chnl_nm": "제휴몰",
        "class3": "맨투맨",
        "sale_amt": 0.66,
        "sale_ratio": 23.0
      },
      {
        "yyyymm": "202302",
        "chnl_nm": "제휴몰",
        "class3": "상하의 세트",
        "sale_amt": 0.36,
        "sale_ratio": 13.0
      },
      {
        "yyyymm": "202302",
        "chnl_nm": "제휴몰",
        "class3": "트레이닝(하의)",
        "sale_amt": 0.36,
        "sale_ratio": 13.0
      },
      {
        "yyyymm": "202302",
        "chnl_nm": "제휴몰",
        "class3": "다운베스트",
        "sale_amt": 0.26,
        "sale_ratio": 9.0
      },
      {
        "yyyymm": "202302",
        "chnl_nm": "제휴몰",
        "class3": "반팔티셔츠",
        "sale_amt": 0.25,
        "sale_ratio": 9.0
      },
      {
        "yyyymm": "202302",
        "chnl_nm": "제휴몰",
        "class3": "방풍자켓",
        "sale_amt": 0.22,
        "sale_ratio": 8.0
      },
      {
        "yyyymm": "202302",
        "chnl_nm": "제휴몰",
        "class3": "후드티",
        "sale_amt": 0.18,
        "sale_ratio": 6.0
      },
      {
        "yyyymm": "202302",
        "chnl_nm": "제휴몰",
        "class3": "우븐셔츠",
        "sale_amt": 0.15,
        "sale_ratio": 5.0
      },
      {
        "yyyymm": "202302",
        "chnl_nm": "제휴몰",
        "class3": "니트베스트",
        "sale_amt": 0.14,
        "sale_ratio": 5.0
      },
      {
        "yyyymm": "202302",
        "chnl_nm": "제휴몰",
        "class3": "우븐반바지",
        "sale_amt": 0.09,
        "sale_ratio": 3.0
      },
      {
        "yyyymm": "202302",
        "chnl_nm": "제휴몰",
        "class3": "트레이닝 숏팬츠",
        "sale_amt": 0.08,
        "sale_ratio": 3.0
      },
      {
        "yyyymm": "202302",
        "chnl_nm": "제휴몰",
        "class3": "운동모",
        "sale_amt": 0.06,
        "sale_ratio": 2.0
      },
      {
        "yyyymm": "202302",
        "chnl_nm": "제휴몰",
        "class3": "가방",
        "sale_amt": 0.05,
        "sale_ratio": 2.0
      },
      {
        "yyyymm": "202302",
        "chnl_nm": "자사몰",
        "class3": "후드티",
        "sale_amt": 0.74,
        "sale_ratio": 43.0
      },
      {
        "yyyymm": "202302",
        "chnl_nm": "자사몰",
        "class3": "맨투맨",
        "sale_amt": 0.61,
        "sale_ratio": 35.0
      },
      {
        "yyyymm": "202302",
        "chnl_nm": "자사몰",
        "class3": "반팔티셔츠",
        "sale_amt": 0.25,
        "sale_ratio": 14.0
      },
      {
        "yyyymm": "202302",
        "chnl_nm": "자사몰",
        "class3": "트레이닝(하의)",
        "sale_amt": 0.18,
        "sale_ratio": 10.0
      },
      {
        "yyyymm": "202302",
        "chnl_nm": "자사몰",
        "class3": "팬츠",
        "sale_amt": 0.1,
        "sale_ratio": 6.0
      },
      {
        "yyyymm": "202302",
        "chnl_nm": "자사몰",
        "class3": "운동모",
        "sale_amt": 0.06,
        "sale_ratio": 3.0
      },
      {
        "yyyymm": "202302",
        "chnl_nm": "자사몰",
        "class3": "우븐팬츠",
        "sale_amt": -0.2,
        "sale_ratio": -12.0
      }
    ]
  }
}