{
  "country": "KR",
  "brand_cd": "I",
  "brand_name": "MLB KIDS",
  "yyyymm": "202406",
  "yyyymm_py": "202306",
  "key": "매장효율성",
  "sub_key": "종합분석",
  "analysis_data": {
    "title": "매장효율성 종합분석",
    "sections": [
      {
        "div": "종합분석-1",
        "sub_title": "우수 점포 생산성",
        "ai_text": "대리점이 점포당 매출 482백만원으로 전년(257백만원) 대비 87.6% 급성장하며 최고 효율성을 보였습니다.\n면세점은 점포당 매출 272백만원으로 전년(240백만원) 대비 13.5% 성장하여 안정적 성과를 기록했습니다.\n대리점 1개소와 면세점 4개소 총 5개 매장이 고수익 창출 채널로 확인됩니다.\n이들 채널의 성공 요인은 높은 객단가와 효율적 매장 운영으로 분석됩니다."
      },
      {
        "div": "종합분석-2",
        "sub_title": "대응 필요 매장",
        "ai_text": "백화점은 점포당 매출 34백만원으로 전년(38백만원) 대비 10.9% 감소하며 62개 매장 중 가장 저조한 성과를 보였습니다.\n직영점은 점포당 매출 69백만원으로 전년(74백만원) 대비 6.3% 감소하여 5개 매장 모두 개선이 필요합니다.\n전체 67개 매장(백화점 62개, 직영점 5개)이 매출 하락세로 즉각적인 대응이 요구됩니다.\n특히 백화점 채널은 전체 매장의 86.1%를 차지하면서도 가장 낮은 생산성을 보여 구조적 개선이 시급합니다."
      },
      {
        "div": "종합분석-3",
        "sub_title": "AI 권장사항",
        "ai_text": "백화점 채널은 상품 구성 최적화와 프로모션 강화를 통해 점포당 매출을 40백만원 이상으로 끌어올려야 합니다.\n직영점은 면세점 운영 노하우를 벤치마킹하여 고객 서비스와 상품 진열을 개선해 매출 회복을 도모해야 합니다.\n대리점 모델의 성공 요인을 분석하여 다른 채널에 적용 가능한 운영 방식을 도입하는 것이 필요합니다.\n매장별 세분화된 성과 관리 시스템을 구축하여 월별 모니터링과 즉시 대응 체계를 마련해야 합니다."
      },
      {
        "div": "종합분석-4",
        "sub_title": "최적의 시나리오",
        "ai_text": "2024년 하반기 목표로 백화점 점포당 매출을 42백만원(24% 증가), 직영점을 80백만원(16% 증가)으로 설정합니다.\n면세점과 대리점의 우수 성과를 유지하면서 전체 점포당 매출을 65백만원(16% 증가)까지 끌어올립니다.\n저효율 매장 10개소 정리와 고효율 입지 5개소 신규 확보를 통해 매장 포트폴리오를 최적화합니다.\n채널별 차별화된 운영 전략 수립으로 2025년까지 점포당 매출 70백만원 달성을 목표로 설정합니다."
      }
    ]
  },
  "summary": {
    "total_shop_amt_cy": 56.0,
    "total_shop_amt_py": 57.0,
    "total_shop_cnt_cy": 72,
    "total_shop_cnt_py": 73,
    "yoy": 98.2,
    "unique_channels": 4,
    "analysis_period": "2023년 6월 vs 2024년 6월"
  },
  "channel_summary": {
    "백화점": {
      "shop_amt_cy": 34.0,
      "shop_amt_py": 38.0,
      "shop_cnt_cy": 62,
      "shop_cnt_py": 63,
      "yoy": 89.1
    },
    "대리점": {
      "shop_amt_cy": 482.0,
      "shop_amt_py": 257.0,
      "shop_cnt_cy": 1,
      "shop_cnt_py": 2,
      "yoy": 187.6
    },
    "직영점": {
      "shop_amt_cy": 69.0,
      "shop_amt_py": 74.0,
      "shop_cnt_cy": 5,
      "shop_cnt_py": 4,
      "yoy": 93.7
    },
    "면세점": {
      "shop_amt_cy": 272.0,
      "shop_amt_py": 240.0,
      "shop_cnt_cy": 4,
      "shop_cnt_py": 4,
      "yoy": 113.5
    }
  },
  "excellent_channels": [
    {
      "chnl_nm": "대리점",
      "shop_amt_cy": 482.0,
      "shop_amt_py": 257.0,
      "yoy": 187.6,
      "shop_cnt_cy": 1
    },
    {
      "chnl_nm": "면세점",
      "shop_amt_cy": 272.0,
      "shop_amt_py": 240.0,
      "yoy": 113.5,
      "shop_cnt_cy": 4
    }
  ],
  "warning_channels": [
    {
      "chnl_nm": "백화점",
      "shop_amt_cy": 34.0,
      "shop_amt_py": 38.0,
      "yoy": 89.1,
      "shop_cnt_cy": 62
    },
    {
      "chnl_nm": "직영점",
      "shop_amt_cy": 69.0,
      "shop_amt_py": 74.0,
      "yoy": 93.7,
      "shop_cnt_cy": 5
    }
  ],
  "raw_data": {
    "sample_records": [
      {
        "CHNL_NM": "백화점",
        "SHOP_CNT_CY": 62,
        "SHOP_CNT_PY": 63,
        "SHOP_AMT_CY": 34.0,
        "SHOP_AMT_PY": 38.0,
        "YOY": 89.1,
        "SEQ": 2
      },
      {
        "CHNL_NM": "대리점",
        "SHOP_CNT_CY": 1,
        "SHOP_CNT_PY": 2,
        "SHOP_AMT_CY": 482.0,
        "SHOP_AMT_PY": 257.0,
        "YOY": 187.6,
        "SEQ": 2
      },
      {
        "CHNL_NM": "직영점",
        "SHOP_CNT_CY": 5,
        "SHOP_CNT_PY": 4,
        "SHOP_AMT_CY": 69.0,
        "SHOP_AMT_PY": 74.0,
        "YOY": 93.7,
        "SEQ": 2
      },
      {
        "CHNL_NM": "면세점",
        "SHOP_CNT_CY": 4,
        "SHOP_CNT_PY": 4,
        "SHOP_AMT_CY": 272.0,
        "SHOP_AMT_PY": 240.0,
        "YOY": 113.5,
        "SEQ": 2
      },
      {
        "CHNL_NM": "전체",
        "SHOP_CNT_CY": 72,
        "SHOP_CNT_PY": 73,
        "SHOP_AMT_CY": 56.0,
        "SHOP_AMT_PY": 57.0,
        "YOY": 97.8,
        "SEQ": 1
      },
      {
        "CHNL_NM": "면세 제외",
        "SHOP_CNT_CY": 68,
        "SHOP_CNT_PY": 69,
        "SHOP_AMT_CY": 43.0,
        "SHOP_AMT_PY": 47.0,
        "YOY": 92.7,
        "SEQ": 3
      }
    ],
    "total_records_count": 6
  }
}