{
  "country": "KR",
  "brand_cd": "V",
  "yyyymm": "202408",
  "key": "영업비",
  "sub_key": "광고선전비",
  "analysis_data": {
    "title": "광고선전비 분석",
    "sections": [
      {
        "div": "종합분석-1",
        "sub_title": "투자 방향성 종합 평가",
        "ai_text": "DUVETICA 브랜드는 2024년 8월 광고선전비를 111백만원으로 전년 동월 대비 54.0% 증가시켜 공격적 마케팅 투자를 단행했습니다. 특히 콘텐츠 제작비가 1백만원에서 67백만원으로 급증하며 브랜드 자체 콘텐츠 역량 강화에 집중하는 전략적 변화를 보였습니다. 이는 기존 협찬/제휴 중심(45백만원→4백만원)에서 자체 콘텐츠 제작 중심으로의 마케팅 패러다임 전환을 의미합니다."
      },
      {
        "div": "종합분석-2",
        "sub_title": "효율적 투자 영역",
        "ai_text": "• 콘텐츠 제작 대폭 확대: 1백만원→67백만원으로 5,268% 증가하여 브랜드 자체 콘텐츠 경쟁력 확보\n• E-BIZ 매체광고 최적화: 19백만원→26백만원(+35.7%)으로 온라인 채널 강화를 통한 타겟 고객 접근성 향상\n• E-BIZ 촬영/기타 신규 투입: 8백만원 투자로 온라인 전용 콘텐츠 제작 체계 구축\n• 기타 광고비 효율화: 0.1백만원→0.5백만원으로 소폭 증가하며 유연한 예산 운용 체계 마련"
      },
      {
        "div": "종합분석-3",
        "sub_title": "주의 필요 영역",
        "ai_text": "• 협찬/제휴비 급감: 45백만원→4백만원(-90.1%)으로 외부 파트너십 약화 우려\n• PR/홍보비 축소: 7백만원→5백만원(-31.1%)으로 언론 노출 기회 감소 가능성\n• 모델료/이벤트 미집행: 전년과 동일하게 0원으로 브랜드 페이스 부재 및 고객 체험 기회 제한\n• 온라인 매체집행 공백: 기존 0원 유지로 디지털 마케팅 기회 활용 미흡"
      },
      {
        "div": "종합분석-4",
        "sub_title": "이상징후 및 리스크 감지",
        "ai_text": "• 예산 배분의 극단적 변화: 협찬/제휴 90% 감소와 콘텐츠 제작 5,000% 증가가 동시 발생하여 마케팅 전략의 급진적 방향 전환을 시사합니다\n• 브랜드 노출 다각화 부족: 모델료, 이벤트/행사, 온라인 매체집행이 모두 0원으로 고객 접점 다양성 확보 실패\n• 외부 협력 네트워크 약화: 협찬/제휴 대폭 축소로 인한 브랜드 확산력 저하 및 시너지 효과 감소 위험\n• ROI 측정 체계 부재: 콘텐츠 제작비 급증 대비 성과 측정 지표 및 모니터링 체계 구축 필요성"
      },
      {
        "div": "종합분석-5",
        "sub_title": "마케팅 전략 최적화 방안",
        "ai_text": "### 즉시 실행 방안\n1. 콘텐츠 ROI 측정 체계 구축: 67백만원 투입된 콘텐츠 제작비 대비 브랜드 인지도, 참여도, 전환율 등 핵심 지표 모니터링 시스템 도입\n2. 협찬/제휴 포트폴리오 재검토: 기존 45백만원에서 4백만원으로 축소된 영역의 효과성 재평가 및 선별적 복원 검토\n3. 온라인 매체집행 테스트: 소규모 예산으로 디지털 광고 효과성 검증 후 단계적 확대\n\n### 중장기 전략 방향\n1. 통합 마케팅 믹스 재구성: 콘텐츠 제작(40%), E-BIZ 매체(25%), 협찬/제휴(20%), 모델/이벤트(15%) 비율로 균형 잡힌 포트폴리오 구축\n2. 브랜드 앰버서더 프로그램 도입: 모델료 예산 신규 편성을 통한 브랜드 페이스 확립\n3. 데이터 기반 예산 최적화: 각 광고 채널별 고객 획득 비용(CAC) 및 생애 가치(LTV) 분석을 통한 과학적 예산 배분 체계 구축"
      }
    ]
  },
  "ctgr1": "광고선전비",
  "summary": {
    "prev_year_total": 71.86,
    "curr_year_total": 110.65,
    "change_amount": 38.79,
    "change_pct": 54.0,
    "investment_direction": "증가"
  },
  "categories": [
    {
      "ctgr2": "광고선전비",
      "ctgr3": "광고선전비_이벤트/행사",
      "gl_nm": "광고선전비_이벤트/행사",
      "prev_year": 0.0,
      "curr_year": 0.0,
      "change": 0.0,
      "change_pct": 0,
      "is_new": false,
      "is_discontinued": false
    },
    {
      "ctgr2": "광고선전비",
      "ctgr3": "(E-BIZ)광고선전비_촬영/기타",
      "gl_nm": "(E-BIZ)광고선전비_촬영/기타",
      "prev_year": 0.0,
      "curr_year": 7.59,
      "change": 7.59,
      "change_pct": 0,
      "is_new": true,
      "is_discontinued": false
    },
    {
      "ctgr2": "광고선전비",
      "ctgr3": "광고선전비_기타",
      "gl_nm": "광고선전비_기타",
      "prev_year": 0.11,
      "curr_year": 0.54,
      "change": 0.43,
      "change_pct": 394.5,
      "is_new": false,
      "is_discontinued": false
    },
    {
      "ctgr2": "광고선전비",
      "ctgr3": "(E-BIZ)광고선전비_매체광고",
      "gl_nm": "(E-BIZ)광고선전비_매체광고",
      "prev_year": 19.46,
      "curr_year": 26.42,
      "change": 6.96,
      "change_pct": 35.7,
      "is_new": false,
      "is_discontinued": false
    },
    {
      "ctgr2": "광고선전비",
      "ctgr3": "광고선전비_협찬/제휴",
      "gl_nm": "광고선전비_협찬/제휴",
      "prev_year": 44.5,
      "curr_year": 4.42,
      "change": -40.08,
      "change_pct": -90.1,
      "is_new": false,
      "is_discontinued": false
    },
    {
      "ctgr2": "광고선전비",
      "ctgr3": "광고선전비_매체집행_온라인",
      "gl_nm": "광고선전비_매체집행_온라인",
      "prev_year": 0.0,
      "curr_year": 0.0,
      "change": 0.0,
      "change_pct": 0,
      "is_new": false,
      "is_discontinued": false
    },
    {
      "ctgr2": "광고선전비",
      "ctgr3": "광고선전비_PR/홍보",
      "gl_nm": "광고선전비_PR/홍보",
      "prev_year": 6.54,
      "curr_year": 4.5,
      "change": -2.04,
      "change_pct": -31.2,
      "is_new": false,
      "is_discontinued": false
    },
    {
      "ctgr2": "광고선전비",
      "ctgr3": "광고선전비_매체집행_기타",
      "gl_nm": "광고선전비_매체집행_기타",
      "prev_year": 0.0,
      "curr_year": 0.0,
      "change": 0.0,
      "change_pct": 0,
      "is_new": false,
      "is_discontinued": false
    },
    {
      "ctgr2": "광고선전비",
      "ctgr3": "광고선전비_협찬/제휴",
      "gl_nm": "광고선전비_물류",
      "prev_year": 0.0,
      "curr_year": 0.0,
      "change": 0.0,
      "change_pct": 0,
      "is_new": false,
      "is_discontinued": false
    },
    {
      "ctgr2": "광고선전비",
      "ctgr3": "광고선전비_기타",
      "gl_nm": "광고선전비_물류_재고대체",
      "prev_year": 0.0,
      "curr_year": 0.0,
      "change": 0.0,
      "change_pct": 0,
      "is_new": false,
      "is_discontinued": false
    },
    {
      "ctgr2": "광고선전비",
      "ctgr3": "광고선전비_모델료",
      "gl_nm": "광고선전비_모델료",
      "prev_year": 0.0,
      "curr_year": 0.0,
      "change": 0.0,
      "change_pct": 0,
      "is_new": false,
      "is_discontinued": false
    },
    {
      "ctgr2": "광고선전비",
      "ctgr3": "광고선전비_콘텐츠제작",
      "gl_nm": "광고선전비_콘텐츠제작",
      "prev_year": 1.25,
      "curr_year": 67.18,
      "change": 65.93,
      "change_pct": 5267.9,
      "is_new": false,
      "is_discontinued": false
    }
  ],
  "category_summary": {
    "increased": [
      {
        "ctgr2": "광고선전비",
        "ctgr3": "(E-BIZ)광고선전비_촬영/기타",
        "gl_nm": "(E-BIZ)광고선전비_촬영/기타",
        "prev_year": 0.0,
        "curr_year": 7.59,
        "change": 7.59,
        "change_pct": 0,
        "is_new": true,
        "is_discontinued": false
      },
      {
        "ctgr2": "광고선전비",
        "ctgr3": "광고선전비_기타",
        "gl_nm": "광고선전비_기타",
        "prev_year": 0.11,
        "curr_year": 0.54,
        "change": 0.43,
        "change_pct": 394.5,
        "is_new": false,
        "is_discontinued": false
      },
      {
        "ctgr2": "광고선전비",
        "ctgr3": "(E-BIZ)광고선전비_매체광고",
        "gl_nm": "(E-BIZ)광고선전비_매체광고",
        "prev_year": 19.46,
        "curr_year": 26.42,
        "change": 6.96,
        "change_pct": 35.7,
        "is_new": false,
        "is_discontinued": false
      },
      {
        "ctgr2": "광고선전비",
        "ctgr3": "광고선전비_콘텐츠제작",
        "gl_nm": "광고선전비_콘텐츠제작",
        "prev_year": 1.25,
        "curr_year": 67.18,
        "change": 65.93,
        "change_pct": 5267.9,
        "is_new": false,
        "is_discontinued": false
      }
    ],
    "decreased": [
      {
        "ctgr2": "광고선전비",
        "ctgr3": "광고선전비_협찬/제휴",
        "gl_nm": "광고선전비_협찬/제휴",
        "prev_year": 44.5,
        "curr_year": 4.42,
        "change": -40.08,
        "change_pct": -90.1,
        "is_new": false,
        "is_discontinued": false
      },
      {
        "ctgr2": "광고선전비",
        "ctgr3": "광고선전비_PR/홍보",
        "gl_nm": "광고선전비_PR/홍보",
        "prev_year": 6.54,
        "curr_year": 4.5,
        "change": -2.04,
        "change_pct": -31.2,
        "is_new": false,
        "is_discontinued": false
      }
    ],
    "new_investments": [
      {
        "ctgr2": "광고선전비",
        "ctgr3": "(E-BIZ)광고선전비_촬영/기타",
        "gl_nm": "(E-BIZ)광고선전비_촬영/기타",
        "prev_year": 0.0,
        "curr_year": 7.59,
        "change": 7.59,
        "change_pct": 0,
        "is_new": true,
        "is_discontinued": false
      }
    ],
    "discontinued": []
  },
  "raw_data": {
    "total_records": [
      {
        "PST_YYYYMM": "202308",
        "TOTAL_AMT": 71859863.0
      },
      {
        "PST_YYYYMM": "202408",
        "TOTAL_AMT": 110654588.0
      }
    ],
    "detail_records": [
      {
        "PST_YYYYMM": "202408",
        "BRD_CD": "V",
        "BRD_NM": "DUVETICA",
        "CTGR1": "광고선전비",
        "CTGR2": "광고선전비",
        "CTGR3": "광고선전비_콘텐츠제작",
        "GL_NM": "광고선전비_콘텐츠제작",
        "TTL_USE_AMT": 67182000.0
      },
      {
        "PST_YYYYMM": "202308",
        "BRD_CD": "V",
        "BRD_NM": "DUVETICA",
        "CTGR1": "광고선전비",
        "CTGR2": "광고선전비",
        "CTGR3": "광고선전비_협찬/제휴",
        "GL_NM": "광고선전비_협찬/제휴",
        "TTL_USE_AMT": 44500000.0
      },
      {
        "PST_YYYYMM": "202408",
        "BRD_CD": "V",
        "BRD_NM": "DUVETICA",
        "CTGR1": "광고선전비",
        "CTGR2": "광고선전비",
        "CTGR3": "(E-BIZ)광고선전비_매체광고",
        "GL_NM": "(E-BIZ)광고선전비_매체광고",
        "TTL_USE_AMT": 26415631.0
      },
      {
        "PST_YYYYMM": "202308",
        "BRD_CD": "V",
        "BRD_NM": "DUVETICA",
        "CTGR1": "광고선전비",
        "CTGR2": "광고선전비",
        "CTGR3": "(E-BIZ)광고선전비_매체광고",
        "GL_NM": "(E-BIZ)광고선전비_매체광고",
        "TTL_USE_AMT": 19460412.0
      },
      {
        "PST_YYYYMM": "202408",
        "BRD_CD": "V",
        "BRD_NM": "DUVETICA",
        "CTGR1": "광고선전비",
        "CTGR2": "광고선전비",
        "CTGR3": "(E-BIZ)광고선전비_촬영/기타",
        "GL_NM": "(E-BIZ)광고선전비_촬영/기타",
        "TTL_USE_AMT": 7593500.0
      },
      {
        "PST_YYYYMM": "202308",
        "BRD_CD": "V",
        "BRD_NM": "DUVETICA",
        "CTGR1": "광고선전비",
        "CTGR2": "광고선전비",
        "CTGR3": "광고선전비_PR/홍보",
        "GL_NM": "광고선전비_PR/홍보",
        "TTL_USE_AMT": 6538000.0
      },
      {
        "PST_YYYYMM": "202408",
        "BRD_CD": "V",
        "BRD_NM": "DUVETICA",
        "CTGR1": "광고선전비",
        "CTGR2": "광고선전비",
        "CTGR3": "광고선전비_PR/홍보",
        "GL_NM": "광고선전비_PR/홍보",
        "TTL_USE_AMT": 4500000.0
      },
      {
        "PST_YYYYMM": "202408",
        "BRD_CD": "V",
        "BRD_NM": "DUVETICA",
        "CTGR1": "광고선전비",
        "CTGR2": "광고선전비",
        "CTGR3": "광고선전비_협찬/제휴",
        "GL_NM": "광고선전비_협찬/제휴",
        "TTL_USE_AMT": 4420000.0
      },
      {
        "PST_YYYYMM": "202308",
        "BRD_CD": "V",
        "BRD_NM": "DUVETICA",
        "CTGR1": "광고선전비",
        "CTGR2": "광고선전비",
        "CTGR3": "광고선전비_콘텐츠제작",
        "GL_NM": "광고선전비_콘텐츠제작",
        "TTL_USE_AMT": 1251542.0
      },
      {
        "PST_YYYYMM": "202408",
        "BRD_CD": "V",
        "BRD_NM": "DUVETICA",
        "CTGR1": "광고선전비",
        "CTGR2": "광고선전비",
        "CTGR3": "광고선전비_기타",
        "GL_NM": "광고선전비_기타",
        "TTL_USE_AMT": 543457.0
      },
      {
        "PST_YYYYMM": "202308",
        "BRD_CD": "V",
        "BRD_NM": "DUVETICA",
        "CTGR1": "광고선전비",
        "CTGR2": "광고선전비",
        "CTGR3": "광고선전비_기타",
        "GL_NM": "광고선전비_기타",
        "TTL_USE_AMT": 109909.0
      },
      {
        "PST_YYYYMM": "202408",
        "BRD_CD": "V",
        "BRD_NM": "DUVETICA",
        "CTGR1": "광고선전비",
        "CTGR2": "광고선전비",
        "CTGR3": "광고선전비_기타",
        "GL_NM": "광고선전비_물류_재고대체",
        "TTL_USE_AMT": 0.0
      },
      {
        "PST_YYYYMM": "202408",
        "BRD_CD": "V",
        "BRD_NM": "DUVETICA",
        "CTGR1": "광고선전비",
        "CTGR2": "광고선전비",
        "CTGR3": "광고선전비_모델료",
        "GL_NM": "광고선전비_모델료",
        "TTL_USE_AMT": 0.0
      },
      {
        "PST_YYYYMM": "202408",
        "BRD_CD": "V",
        "BRD_NM": "DUVETICA",
        "CTGR1": "광고선전비",
        "CTGR2": "광고선전비",
        "CTGR3": "광고선전비_매체집행_온라인",
        "GL_NM": "광고선전비_매체집행_온라인",
        "TTL_USE_AMT": 0.0
      },
      {
        "PST_YYYYMM": "202408",
        "BRD_CD": "V",
        "BRD_NM": "DUVETICA",
        "CTGR1": "광고선전비",
        "CTGR2": "광고선전비",
        "CTGR3": "광고선전비_협찬/제휴",
        "GL_NM": "광고선전비_물류",
        "TTL_USE_AMT": 0.0
      },
      {
        "PST_YYYYMM": "202308",
        "BRD_CD": "V",
        "BRD_NM": "DUVETICA",
        "CTGR1": "광고선전비",
        "CTGR2": "광고선전비",
        "CTGR3": "광고선전비_매체집행_온라인",
        "GL_NM": "광고선전비_매체집행_온라인",
        "TTL_USE_AMT": 0.0
      },
      {
        "PST_YYYYMM": "202308",
        "BRD_CD": "V",
        "BRD_NM": "DUVETICA",
        "CTGR1": "광고선전비",
        "CTGR2": "광고선전비",
        "CTGR3": "광고선전비_협찬/제휴",
        "GL_NM": "광고선전비_물류",
        "TTL_USE_AMT": 0.0
      },
      {
        "PST_YYYYMM": "202408",
        "BRD_CD": "V",
        "BRD_NM": "DUVETICA",
        "CTGR1": "광고선전비",
        "CTGR2": "광고선전비",
        "CTGR3": "광고선전비_매체집행_기타",
        "GL_NM": "광고선전비_매체집행_기타",
        "TTL_USE_AMT": 0.0
      },
      {
        "PST_YYYYMM": "202308",
        "BRD_CD": "V",
        "BRD_NM": "DUVETICA",
        "CTGR1": "광고선전비",
        "CTGR2": "광고선전비",
        "CTGR3": "광고선전비_모델료",
        "GL_NM": "광고선전비_모델료",
        "TTL_USE_AMT": 0.0
      },
      {
        "PST_YYYYMM": "202308",
        "BRD_CD": "V",
        "BRD_NM": "DUVETICA",
        "CTGR1": "광고선전비",
        "CTGR2": "광고선전비",
        "CTGR3": "광고선전비_이벤트/행사",
        "GL_NM": "광고선전비_이벤트/행사",
        "TTL_USE_AMT": 0.0
      },
      {
        "PST_YYYYMM": "202408",
        "BRD_CD": "V",
        "BRD_NM": "DUVETICA",
        "CTGR1": "광고선전비",
        "CTGR2": "광고선전비",
        "CTGR3": "광고선전비_이벤트/행사",
        "GL_NM": "광고선전비_이벤트/행사",
        "TTL_USE_AMT": 0.0
      },
      {
        "PST_YYYYMM": "202308",
        "BRD_CD": "V",
        "BRD_NM": "DUVETICA",
        "CTGR1": "광고선전비",
        "CTGR2": "광고선전비",
        "CTGR3": "광고선전비_기타",
        "GL_NM": "광고선전비_물류_재고대체",
        "TTL_USE_AMT": 0.0
      },
      {
        "PST_YYYYMM": "202308",
        "BRD_CD": "V",
        "BRD_NM": "DUVETICA",
        "CTGR1": "광고선전비",
        "CTGR2": "광고선전비",
        "CTGR3": "(E-BIZ)광고선전비_촬영/기타",
        "GL_NM": "(E-BIZ)광고선전비_촬영/기타",
        "TTL_USE_AMT": 0.0
      }
    ]
  },
  "trend_data": {
    "trend_months": [
      "202309",
      "202310",
      "202311",
      "202312",
      "202401",
      "202402",
      "202403",
      "202404",
      "202405",
      "202406",
      "202407",
      "202408"
    ],
    "monthly_totals": [
      {
        "yyyymm": "202309",
        "total_amount": 415.24
      },
      {
        "yyyymm": "202310",
        "total_amount": 144.48
      },
      {
        "yyyymm": "202311",
        "total_amount": 261.39
      },
      {
        "yyyymm": "202312",
        "total_amount": 182.26
      },
      {
        "yyyymm": "202401",
        "total_amount": 255.37
      },
      {
        "yyyymm": "202402",
        "total_amount": 250.19
      },
      {
        "yyyymm": "202403",
        "total_amount": 283.63
      },
      {
        "yyyymm": "202404",
        "total_amount": 253.26
      },
      {
        "yyyymm": "202405",
        "total_amount": 53.57
      },
      {
        "yyyymm": "202406",
        "total_amount": 115.87
      },
      {
        "yyyymm": "202407",
        "total_amount": 70.28
      },
      {
        "yyyymm": "202408",
        "total_amount": 110.65
      }
    ],
    "monthly_details": [
      {
        "yyyymm": "202309",
        "ctgr2": "광고선전비",
        "ctgr3": "광고선전비_콘텐츠제작",
        "gl_nm": "광고선전비_콘텐츠제작",
        "amount": 258.08
      },
      {
        "yyyymm": "202309",
        "ctgr2": "광고선전비",
        "ctgr3": "광고선전비_이벤트/행사",
        "gl_nm": "광고선전비_이벤트/행사",
        "amount": 80.19
      },
      {
        "yyyymm": "202309",
        "ctgr2": "광고선전비",
        "ctgr3": "광고선전비_협찬/제휴",
        "gl_nm": "광고선전비_협찬/제휴",
        "amount": 49.75
      },
      {
        "yyyymm": "202309",
        "ctgr2": "광고선전비",
        "ctgr3": "(E-BIZ)광고선전비_매체광고",
        "gl_nm": "(E-BIZ)광고선전비_매체광고",
        "amount": 20.4
      },
      {
        "yyyymm": "202309",
        "ctgr2": "광고선전비",
        "ctgr3": "광고선전비_PR/홍보",
        "gl_nm": "광고선전비_PR/홍보",
        "amount": 4.5
      },
      {
        "yyyymm": "202309",
        "ctgr2": "광고선전비",
        "ctgr3": "광고선전비_기타",
        "gl_nm": "광고선전비_기타",
        "amount": 2.31
      },
      {
        "yyyymm": "202309",
        "ctgr2": "광고선전비",
        "ctgr3": "광고선전비_기타",
        "gl_nm": "광고선전비_물류_재고대체",
        "amount": 0.0
      },
      {
        "yyyymm": "202309",
        "ctgr2": "광고선전비",
        "ctgr3": "(E-BIZ)광고선전비_촬영/기타",
        "gl_nm": "(E-BIZ)광고선전비_촬영/기타",
        "amount": 0.0
      },
      {
        "yyyymm": "202309",
        "ctgr2": "광고선전비",
        "ctgr3": "광고선전비_모델료",
        "gl_nm": "광고선전비_모델료",
        "amount": 0.0
      },
      {
        "yyyymm": "202309",
        "ctgr2": "광고선전비",
        "ctgr3": "광고선전비_협찬/제휴",
        "gl_nm": "광고선전비_물류",
        "amount": 0.0
      },
      {
        "yyyymm": "202309",
        "ctgr2": "광고선전비",
        "ctgr3": "광고선전비_매체집행_온라인",
        "gl_nm": "광고선전비_매체집행_온라인",
        "amount": 0.0
      },
      {
        "yyyymm": "202310",
        "ctgr2": "광고선전비",
        "ctgr3": "광고선전비_협찬/제휴",
        "gl_nm": "광고선전비_협찬/제휴",
        "amount": 52.4
      },
      {
        "yyyymm": "202310",
        "ctgr2": "광고선전비",
        "ctgr3": "(E-BIZ)광고선전비_매체광고",
        "gl_nm": "(E-BIZ)광고선전비_매체광고",
        "amount": 35.4
      },
      {
        "yyyymm": "202310",
        "ctgr2": "광고선전비",
        "ctgr3": "광고선전비_이벤트/행사",
        "gl_nm": "광고선전비_이벤트/행사",
        "amount": 21.0
      },
      {
        "yyyymm": "202310",
        "ctgr2": "광고선전비",
        "ctgr3": "(E-BIZ)광고선전비_촬영/기타",
        "gl_nm": "(E-BIZ)광고선전비_촬영/기타",
        "amount": 13.13
      },
      {
        "yyyymm": "202310",
        "ctgr2": "광고선전비",
        "ctgr3": "광고선전비_매체집행_온라인",
        "gl_nm": "광고선전비_매체집행_온라인",
        "amount": 9.15
      },
      {
        "yyyymm": "202310",
        "ctgr2": "광고선전비",
        "ctgr3": "광고선전비_기타",
        "gl_nm": "광고선전비_기타",
        "amount": 5.9
      },
      {
        "yyyymm": "202310",
        "ctgr2": "광고선전비",
        "ctgr3": "광고선전비_PR/홍보",
        "gl_nm": "광고선전비_PR/홍보",
        "amount": 4.5
      },
      {
        "yyyymm": "202310",
        "ctgr2": "광고선전비",
        "ctgr3": "광고선전비_콘텐츠제작",
        "gl_nm": "광고선전비_콘텐츠제작",
        "amount": 3.0
      },
      {
        "yyyymm": "202310",
        "ctgr2": "광고선전비",
        "ctgr3": "광고선전비_기타",
        "gl_nm": "광고선전비_물류_재고대체",
        "amount": 0.0
      },
      {
        "yyyymm": "202310",
        "ctgr2": "광고선전비",
        "ctgr3": "광고선전비_협찬/제휴",
        "gl_nm": "광고선전비_물류",
        "amount": 0.0
      },
      {
        "yyyymm": "202310",
        "ctgr2": "광고선전비",
        "ctgr3": "광고선전비_모델료",
        "gl_nm": "광고선전비_모델료",
        "amount": 0.0
      },
      {
        "yyyymm": "202311",
        "ctgr2": "광고선전비",
        "ctgr3": "광고선전비_협찬/제휴",
        "gl_nm": "광고선전비_협찬/제휴",
        "amount": 121.52
      },
      {
        "yyyymm": "202311",
        "ctgr2": "광고선전비",
        "ctgr3": "(E-BIZ)광고선전비_매체광고",
        "gl_nm": "(E-BIZ)광고선전비_매체광고",
        "amount": 60.28
      },
      {
        "yyyymm": "202311",
        "ctgr2": "광고선전비",
        "ctgr3": "광고선전비_콘텐츠제작",
        "gl_nm": "광고선전비_콘텐츠제작",
        "amount": 43.73
      },
      {
        "yyyymm": "202311",
        "ctgr2": "광고선전비",
        "ctgr3": "(E-BIZ)광고선전비_촬영/기타",
        "gl_nm": "(E-BIZ)광고선전비_촬영/기타",
        "amount": 15.67
      },
      {
        "yyyymm": "202311",
        "ctgr2": "광고선전비",
        "ctgr3": "광고선전비_기타",
        "gl_nm": "광고선전비_기타",
        "amount": 12.09
      },
      {
        "yyyymm": "202311",
        "ctgr2": "광고선전비",
        "ctgr3": "광고선전비_PR/홍보",
        "gl_nm": "광고선전비_PR/홍보",
        "amount": 4.5
      },
      {
        "yyyymm": "202311",
        "ctgr2": "광고선전비",
        "ctgr3": "광고선전비_매체집행_온라인",
        "gl_nm": "광고선전비_매체집행_온라인",
        "amount": 2.5
      },
      {
        "yyyymm": "202311",
        "ctgr2": "광고선전비",
        "ctgr3": "광고선전비_기타",
        "gl_nm": "광고선전비_물류_재고대체",
        "amount": 0.81
      },
      {
        "yyyymm": "202311",
        "ctgr2": "광고선전비",
        "ctgr3": "광고선전비_협찬/제휴",
        "gl_nm": "광고선전비_물류",
        "amount": 0.29
      },
      {
        "yyyymm": "202311",
        "ctgr2": "광고선전비",
        "ctgr3": "광고선전비_모델료",
        "gl_nm": "광고선전비_모델료",
        "amount": 0.0
      },
      {
        "yyyymm": "202311",
        "ctgr2": "광고선전비",
        "ctgr3": "광고선전비_이벤트/행사",
        "gl_nm": "광고선전비_이벤트/행사",
        "amount": 0.0
      },
      {
        "yyyymm": "202312",
        "ctgr2": "광고선전비",
        "ctgr3": "광고선전비_협찬/제휴",
        "gl_nm": "광고선전비_협찬/제휴",
        "amount": 89.69
      },
      {
        "yyyymm": "202312",
        "ctgr2": "광고선전비",
        "ctgr3": "(E-BIZ)광고선전비_매체광고",
        "gl_nm": "(E-BIZ)광고선전비_매체광고",
        "amount": 51.34
      },
      {
        "yyyymm": "202312",
        "ctgr2": "광고선전비",
        "ctgr3": "광고선전비_매체집행_온라인",
        "gl_nm": "광고선전비_매체집행_온라인",
        "amount": 18.45
      },
      {
        "yyyymm": "202312",
        "ctgr2": "광고선전비",
        "ctgr3": "광고선전비_콘텐츠제작",
        "gl_nm": "광고선전비_콘텐츠제작",
        "amount": 7.1
      },
      {
        "yyyymm": "202312",
        "ctgr2": "광고선전비",
        "ctgr3": "광고선전비_기타",
        "gl_nm": "광고선전비_기타",
        "amount": 6.21
      },
      {
        "yyyymm": "202312",
        "ctgr2": "광고선전비",
        "ctgr3": "(E-BIZ)광고선전비_촬영/기타",
        "gl_nm": "(E-BIZ)광고선전비_촬영/기타",
        "amount": 4.85
      },
      {
        "yyyymm": "202312",
        "ctgr2": "광고선전비",
        "ctgr3": "광고선전비_PR/홍보",
        "gl_nm": "광고선전비_PR/홍보",
        "amount": 4.5
      },
      {
        "yyyymm": "202312",
        "ctgr2": "광고선전비",
        "ctgr3": "광고선전비_기타",
        "gl_nm": "광고선전비_물류_재고대체",
        "amount": 0.08
      },
      {
        "yyyymm": "202312",
        "ctgr2": "광고선전비",
        "ctgr3": "광고선전비_협찬/제휴",
        "gl_nm": "광고선전비_물류",
        "amount": 0.04
      },
      {
        "yyyymm": "202312",
        "ctgr2": "광고선전비",
        "ctgr3": "광고선전비_이벤트/행사",
        "gl_nm": "광고선전비_이벤트/행사",
        "amount": 0.0
      },
      {
        "yyyymm": "202312",
        "ctgr2": "광고선전비",
        "ctgr3": "광고선전비_모델료",
        "gl_nm": "광고선전비_모델료",
        "amount": 0.0
      },
      {
        "yyyymm": "202401",
        "ctgr2": "광고선전비",
        "ctgr3": "광고선전비_협찬/제휴",
        "gl_nm": "광고선전비_협찬/제휴",
        "amount": 114.83
      },
      {
        "yyyymm": "202401",
        "ctgr2": "광고선전비",
        "ctgr3": "광고선전비_콘텐츠제작",
        "gl_nm": "광고선전비_콘텐츠제작",
        "amount": 86.83
      },
      {
        "yyyymm": "202401",
        "ctgr2": "광고선전비",
        "ctgr3": "(E-BIZ)광고선전비_매체광고",
        "gl_nm": "(E-BIZ)광고선전비_매체광고",
        "amount": 35.09
      },
      {
        "yyyymm": "202401",
        "ctgr2": "광고선전비",
        "ctgr3": "광고선전비_기타",
        "gl_nm": "광고선전비_기타",
        "amount": 12.35
      },
      {
        "yyyymm": "202401",
        "ctgr2": "광고선전비",
        "ctgr3": "광고선전비_PR/홍보",
        "gl_nm": "광고선전비_PR/홍보",
        "amount": 4.5
      },
      {
        "yyyymm": "202401",
        "ctgr2": "광고선전비",
        "ctgr3": "광고선전비_기타",
        "gl_nm": "광고선전비_물류_재고대체",
        "amount": 1.08
      },
      {
        "yyyymm": "202401",
        "ctgr2": "광고선전비",
        "ctgr3": "광고선전비_협찬/제휴",
        "gl_nm": "광고선전비_물류",
        "amount": 0.38
      },
      {
        "yyyymm": "202401",
        "ctgr2": "광고선전비",
        "ctgr3": "(E-BIZ)광고선전비_촬영/기타",
        "gl_nm": "(E-BIZ)광고선전비_촬영/기타",
        "amount": 0.32
      },
      {
        "yyyymm": "202401",
        "ctgr2": "광고선전비",
        "ctgr3": "광고선전비_매체집행_기타",
        "gl_nm": "광고선전비_매체집행_기타",
        "amount": 0.0
      },
      {
        "yyyymm": "202401",
        "ctgr2": "광고선전비",
        "ctgr3": "광고선전비_모델료",
        "gl_nm": "광고선전비_모델료",
        "amount": 0.0
      },
      {
        "yyyymm": "202401",
        "ctgr2": "광고선전비",
        "ctgr3": "광고선전비_이벤트/행사",
        "gl_nm": "광고선전비_이벤트/행사",
        "amount": 0.0
      },
      {
        "yyyymm": "202401",
        "ctgr2": "광고선전비",
        "ctgr3": "광고선전비_매체집행_온라인",
        "gl_nm": "광고선전비_매체집행_온라인",
        "amount": 0.0
      },
      {
        "yyyymm": "202402",
        "ctgr2": "광고선전비",
        "ctgr3": "광고선전비_협찬/제휴",
        "gl_nm": "광고선전비_협찬/제휴",
        "amount": 143.55
      },
      {
        "yyyymm": "202402",
        "ctgr2": "광고선전비",
        "ctgr3": "광고선전비_콘텐츠제작",
        "gl_nm": "광고선전비_콘텐츠제작",
        "amount": 35.16
      },
      {
        "yyyymm": "202402",
        "ctgr2": "광고선전비",
        "ctgr3": "(E-BIZ)광고선전비_매체광고",
        "gl_nm": "(E-BIZ)광고선전비_매체광고",
        "amount": 25.59
      },
      {
        "yyyymm": "202402",
        "ctgr2": "광고선전비",
        "ctgr3": "광고선전비_기타",
        "gl_nm": "광고선전비_물류_재고대체",
        "amount": 15.73
      },
      {
        "yyyymm": "202402",
        "ctgr2": "광고선전비",
        "ctgr3": "광고선전비_기타",
        "gl_nm": "광고선전비_기타",
        "amount": 10.02
      },
      {
        "yyyymm": "202402",
        "ctgr2": "광고선전비",
        "ctgr3": "광고선전비_매체집행_온라인",
        "gl_nm": "광고선전비_매체집행_온라인",
        "amount": 10.0
      },
      {
        "yyyymm": "202402",
        "ctgr2": "광고선전비",
        "ctgr3": "광고선전비_협찬/제휴",
        "gl_nm": "광고선전비_물류",
        "amount": 5.54
      },
      {
        "yyyymm": "202402",
        "ctgr2": "광고선전비",
        "ctgr3": "광고선전비_PR/홍보",
        "gl_nm": "광고선전비_PR/홍보",
        "amount": 4.5
      },
      {
        "yyyymm": "202402",
        "ctgr2": "광고선전비",
        "ctgr3": "(E-BIZ)광고선전비_촬영/기타",
        "gl_nm": "(E-BIZ)광고선전비_촬영/기타",
        "amount": 0.1
      },
      {
        "yyyymm": "202402",
        "ctgr2": "광고선전비",
        "ctgr3": "광고선전비_이벤트/행사",
        "gl_nm": "광고선전비_이벤트/행사",
        "amount": 0.0
      },
      {
        "yyyymm": "202402",
        "ctgr2": "광고선전비",
        "ctgr3": "광고선전비_모델료",
        "gl_nm": "광고선전비_모델료",
        "amount": 0.0
      },
      {
        "yyyymm": "202402",
        "ctgr2": "광고선전비",
        "ctgr3": "광고선전비_매체집행_기타",
        "gl_nm": "광고선전비_매체집행_기타",
        "amount": 0.0
      },
      {
        "yyyymm": "202403",
        "ctgr2": "광고선전비",
        "ctgr3": "광고선전비_콘텐츠제작",
        "gl_nm": "광고선전비_콘텐츠제작",
        "amount": 215.66
      },
      {
        "yyyymm": "202403",
        "ctgr2": "광고선전비",
        "ctgr3": "(E-BIZ)광고선전비_매체광고",
        "gl_nm": "(E-BIZ)광고선전비_매체광고",
        "amount": 28.74
      },
      {
        "yyyymm": "202403",
        "ctgr2": "광고선전비",
        "ctgr3": "(E-BIZ)광고선전비_촬영/기타",
        "gl_nm": "(E-BIZ)광고선전비_촬영/기타",
        "amount": 18.56
      },
      {
        "yyyymm": "202403",
        "ctgr2": "광고선전비",
        "ctgr3": "광고선전비_협찬/제휴",
        "gl_nm": "광고선전비_협찬/제휴",
        "amount": 7.4
      },
      {
        "yyyymm": "202403",
        "ctgr2": "광고선전비",
        "ctgr3": "광고선전비_기타",
        "gl_nm": "광고선전비_기타",
        "amount": 5.47
      },
      {
        "yyyymm": "202403",
        "ctgr2": "광고선전비",
        "ctgr3": "광고선전비_PR/홍보",
        "gl_nm": "광고선전비_PR/홍보",
        "amount": 4.5
      },
      {
        "yyyymm": "202403",
        "ctgr2": "광고선전비",
        "ctgr3": "광고선전비_매체집행_온라인",
        "gl_nm": "광고선전비_매체집행_온라인",
        "amount": 3.3
      },
      {
        "yyyymm": "202403",
        "ctgr2": "광고선전비",
        "ctgr3": "광고선전비_기타",
        "gl_nm": "광고선전비_물류_재고대체",
        "amount": 0.0
      },
      {
        "yyyymm": "202403",
        "ctgr2": "광고선전비",
        "ctgr3": "광고선전비_협찬/제휴",
        "gl_nm": "광고선전비_물류",
        "amount": 0.0
      },
      {
        "yyyymm": "202403",
        "ctgr2": "광고선전비",
        "ctgr3": "광고선전비_이벤트/행사",
        "gl_nm": "광고선전비_이벤트/행사",
        "amount": 0.0
      },
      {
        "yyyymm": "202403",
        "ctgr2": "광고선전비",
        "ctgr3": "광고선전비_매체집행_기타",
        "gl_nm": "광고선전비_매체집행_기타",
        "amount": 0.0
      },
      {
        "yyyymm": "202403",
        "ctgr2": "광고선전비",
        "ctgr3": "광고선전비_모델료",
        "gl_nm": "광고선전비_모델료",
        "amount": 0.0
      },
      {
        "yyyymm": "202404",
        "ctgr2": "광고선전비",
        "ctgr3": "광고선전비_콘텐츠제작",
        "gl_nm": "광고선전비_콘텐츠제작",
        "amount": 125.84
      },
      {
        "yyyymm": "202404",
        "ctgr2": "광고선전비",
        "ctgr3": "(E-BIZ)광고선전비_촬영/기타",
        "gl_nm": "(E-BIZ)광고선전비_촬영/기타",
        "amount": 35.79
      },
      {
        "yyyymm": "202404",
        "ctgr2": "광고선전비",
        "ctgr3": "(E-BIZ)광고선전비_매체광고",
        "gl_nm": "(E-BIZ)광고선전비_매체광고",
        "amount": 33.74
      },
      {
        "yyyymm": "202404",
        "ctgr2": "광고선전비",
        "ctgr3": "광고선전비_기타",
        "gl_nm": "광고선전비_물류_재고대체",
        "amount": 22.2
      },
      {
        "yyyymm": "202404",
        "ctgr2": "광고선전비",
        "ctgr3": "광고선전비_협찬/제휴",
        "gl_nm": "광고선전비_협찬/제휴",
        "amount": 11.1
      },
      {
        "yyyymm": "202404",
        "ctgr2": "광고선전비",
        "ctgr3": "광고선전비_매체집행_온라인",
        "gl_nm": "광고선전비_매체집행_온라인",
        "amount": 11.0
      },
      {
        "yyyymm": "202404",
        "ctgr2": "광고선전비",
        "ctgr3": "광고선전비_협찬/제휴",
        "gl_nm": "광고선전비_물류",
        "amount": 7.31
      },
      {
        "yyyymm": "202404",
        "ctgr2": "광고선전비",
        "ctgr3": "광고선전비_PR/홍보",
        "gl_nm": "광고선전비_PR/홍보",
        "amount": 4.5
      },
      {
        "yyyymm": "202404",
        "ctgr2": "광고선전비",
        "ctgr3": "광고선전비_기타",
        "gl_nm": "광고선전비_기타",
        "amount": 1.78
      },
      {
        "yyyymm": "202404",
        "ctgr2": "광고선전비",
        "ctgr3": "광고선전비_매체집행_기타",
        "gl_nm": "광고선전비_매체집행_기타",
        "amount": 0.0
      },
      {
        "yyyymm": "202404",
        "ctgr2": "광고선전비",
        "ctgr3": "광고선전비_모델료",
        "gl_nm": "광고선전비_모델료",
        "amount": 0.0
      },
      {
        "yyyymm": "202404",
        "ctgr2": "광고선전비",
        "ctgr3": "광고선전비_이벤트/행사",
        "gl_nm": "광고선전비_이벤트/행사",
        "amount": 0.0
      },
      {
        "yyyymm": "202405",
        "ctgr2": "광고선전비",
        "ctgr3": "(E-BIZ)광고선전비_매체광고",
        "gl_nm": "(E-BIZ)광고선전비_매체광고",
        "amount": 31.87
      },
      {
        "yyyymm": "202405",
        "ctgr2": "광고선전비",
        "ctgr3": "광고선전비_협찬/제휴",
        "gl_nm": "광고선전비_협찬/제휴",
        "amount": 5.5
      },
      {
        "yyyymm": "202405",
        "ctgr2": "광고선전비",
        "ctgr3": "(E-BIZ)광고선전비_촬영/기타",
        "gl_nm": "(E-BIZ)광고선전비_촬영/기타",
        "amount": 5.01
      },
      {
        "yyyymm": "202405",
        "ctgr2": "광고선전비",
        "ctgr3": "광고선전비_기타",
        "gl_nm": "광고선전비_기타",
        "amount": 4.69
      },
      {
        "yyyymm": "202405",
        "ctgr2": "광고선전비",
        "ctgr3": "광고선전비_PR/홍보",
        "gl_nm": "광고선전비_PR/홍보",
        "amount": 4.5
      },
      {
        "yyyymm": "202405",
        "ctgr2": "광고선전비",
        "ctgr3": "광고선전비_매체집행_온라인",
        "gl_nm": "광고선전비_매체집행_온라인",
        "amount": 2.0
      },
      {
        "yyyymm": "202405",
        "ctgr2": "광고선전비",
        "ctgr3": "광고선전비_콘텐츠제작",
        "gl_nm": "광고선전비_콘텐츠제작",
        "amount": 0.01
      },
      {
        "yyyymm": "202405",
        "ctgr2": "광고선전비",
        "ctgr3": "광고선전비_매체집행_기타",
        "gl_nm": "광고선전비_매체집행_기타",
        "amount": 0.0
      },
      {
        "yyyymm": "202405",
        "ctgr2": "광고선전비",
        "ctgr3": "광고선전비_모델료",
        "gl_nm": "광고선전비_모델료",
        "amount": 0.0
      },
      {
        "yyyymm": "202405",
        "ctgr2": "광고선전비",
        "ctgr3": "광고선전비_기타",
        "gl_nm": "광고선전비_물류_재고대체",
        "amount": 0.0
      },
      {
        "yyyymm": "202405",
        "ctgr2": "광고선전비",
        "ctgr3": "광고선전비_협찬/제휴",
        "gl_nm": "광고선전비_물류",
        "amount": 0.0
      },
      {
        "yyyymm": "202405",
        "ctgr2": "광고선전비",
        "ctgr3": "광고선전비_이벤트/행사",
        "gl_nm": "광고선전비_이벤트/행사",
        "amount": 0.0
      },
      {
        "yyyymm": "202406",
        "ctgr2": "광고선전비",
        "ctgr3": "광고선전비_기타",
        "gl_nm": "광고선전비_물류_재고대체",
        "amount": 43.1
      },
      {
        "yyyymm": "202406",
        "ctgr2": "광고선전비",
        "ctgr3": "(E-BIZ)광고선전비_매체광고",
        "gl_nm": "(E-BIZ)광고선전비_매체광고",
        "amount": 28.58
      },
      {
        "yyyymm": "202406",
        "ctgr2": "광고선전비",
        "ctgr3": "광고선전비_콘텐츠제작",
        "gl_nm": "광고선전비_콘텐츠제작",
        "amount": 17.67
      },
      {
        "yyyymm": "202406",
        "ctgr2": "광고선전비",
        "ctgr3": "광고선전비_협찬/제휴",
        "gl_nm": "광고선전비_물류",
        "amount": 14.37
      },
      {
        "yyyymm": "202406",
        "ctgr2": "광고선전비",
        "ctgr3": "(E-BIZ)광고선전비_촬영/기타",
        "gl_nm": "(E-BIZ)광고선전비_촬영/기타",
        "amount": 5.22
      },
      {
        "yyyymm": "202406",
        "ctgr2": "광고선전비",
        "ctgr3": "광고선전비_PR/홍보",
        "gl_nm": "광고선전비_PR/홍보",
        "amount": 4.5
      },
      {
        "yyyymm": "202406",
        "ctgr2": "광고선전비",
        "ctgr3": "광고선전비_기타",
        "gl_nm": "광고선전비_기타",
        "amount": 2.44
      },
      {
        "yyyymm": "202406",
        "ctgr2": "광고선전비",
        "ctgr3": "광고선전비_매체집행_기타",
        "gl_nm": "광고선전비_매체집행_기타",
        "amount": 0.0
      },
      {
        "yyyymm": "202406",
        "ctgr2": "광고선전비",
        "ctgr3": "광고선전비_모델료",
        "gl_nm": "광고선전비_모델료",
        "amount": 0.0
      },
      {
        "yyyymm": "202406",
        "ctgr2": "광고선전비",
        "ctgr3": "광고선전비_매체집행_온라인",
        "gl_nm": "광고선전비_매체집행_온라인",
        "amount": 0.0
      },
      {
        "yyyymm": "202406",
        "ctgr2": "광고선전비",
        "ctgr3": "광고선전비_협찬/제휴",
        "gl_nm": "광고선전비_협찬/제휴",
        "amount": 0.0
      },
      {
        "yyyymm": "202406",
        "ctgr2": "광고선전비",
        "ctgr3": "광고선전비_이벤트/행사",
        "gl_nm": "광고선전비_이벤트/행사",
        "amount": 0.0
      },
      {
        "yyyymm": "202407",
        "ctgr2": "광고선전비",
        "ctgr3": "(E-BIZ)광고선전비_매체광고",
        "gl_nm": "(E-BIZ)광고선전비_매체광고",
        "amount": 30.76
      },
      {
        "yyyymm": "202407",
        "ctgr2": "광고선전비",
        "ctgr3": "광고선전비_콘텐츠제작",
        "gl_nm": "광고선전비_콘텐츠제작",
        "amount": 22.1
      },
      {
        "yyyymm": "202407",
        "ctgr2": "광고선전비",
        "ctgr3": "광고선전비_협찬/제휴",
        "gl_nm": "광고선전비_협찬/제휴",
        "amount": 5.3
      },
      {
        "yyyymm": "202407",
        "ctgr2": "광고선전비",
        "ctgr3": "(E-BIZ)광고선전비_촬영/기타",
        "gl_nm": "(E-BIZ)광고선전비_촬영/기타",
        "amount": 4.91
      },
      {
        "yyyymm": "202407",
        "ctgr2": "광고선전비",
        "ctgr3": "광고선전비_PR/홍보",
        "gl_nm": "광고선전비_PR/홍보",
        "amount": 4.5
      },
      {
        "yyyymm": "202407",
        "ctgr2": "광고선전비",
        "ctgr3": "광고선전비_기타",
        "gl_nm": "광고선전비_기타",
        "amount": 2.71
      },
      {
        "yyyymm": "202407",
        "ctgr2": "광고선전비",
        "ctgr3": "광고선전비_모델료",
        "gl_nm": "광고선전비_모델료",
        "amount": 0.0
      },
      {
        "yyyymm": "202407",
        "ctgr2": "광고선전비",
        "ctgr3": "광고선전비_기타",
        "gl_nm": "광고선전비_물류_재고대체",
        "amount": 0.0
      },
      {
        "yyyymm": "202407",
        "ctgr2": "광고선전비",
        "ctgr3": "광고선전비_협찬/제휴",
        "gl_nm": "광고선전비_물류",
        "amount": 0.0
      },
      {
        "yyyymm": "202407",
        "ctgr2": "광고선전비",
        "ctgr3": "광고선전비_매체집행_온라인",
        "gl_nm": "광고선전비_매체집행_온라인",
        "amount": 0.0
      },
      {
        "yyyymm": "202407",
        "ctgr2": "광고선전비",
        "ctgr3": "광고선전비_이벤트/행사",
        "gl_nm": "광고선전비_이벤트/행사",
        "amount": 0.0
      },
      {
        "yyyymm": "202407",
        "ctgr2": "광고선전비",
        "ctgr3": "광고선전비_매체집행_기타",
        "gl_nm": "광고선전비_매체집행_기타",
        "amount": 0.0
      },
      {
        "yyyymm": "202408",
        "ctgr2": "광고선전비",
        "ctgr3": "광고선전비_콘텐츠제작",
        "gl_nm": "광고선전비_콘텐츠제작",
        "amount": 67.18
      },
      {
        "yyyymm": "202408",
        "ctgr2": "광고선전비",
        "ctgr3": "(E-BIZ)광고선전비_매체광고",
        "gl_nm": "(E-BIZ)광고선전비_매체광고",
        "amount": 26.42
      },
      {
        "yyyymm": "202408",
        "ctgr2": "광고선전비",
        "ctgr3": "(E-BIZ)광고선전비_촬영/기타",
        "gl_nm": "(E-BIZ)광고선전비_촬영/기타",
        "amount": 7.59
      },
      {
        "yyyymm": "202408",
        "ctgr2": "광고선전비",
        "ctgr3": "광고선전비_PR/홍보",
        "gl_nm": "광고선전비_PR/홍보",
        "amount": 4.5
      },
      {
        "yyyymm": "202408",
        "ctgr2": "광고선전비",
        "ctgr3": "광고선전비_협찬/제휴",
        "gl_nm": "광고선전비_협찬/제휴",
        "amount": 4.42
      },
      {
        "yyyymm": "202408",
        "ctgr2": "광고선전비",
        "ctgr3": "광고선전비_기타",
        "gl_nm": "광고선전비_기타",
        "amount": 0.54
      },
      {
        "yyyymm": "202408",
        "ctgr2": "광고선전비",
        "ctgr3": "광고선전비_매체집행_기타",
        "gl_nm": "광고선전비_매체집행_기타",
        "amount": 0.0
      },
      {
        "yyyymm": "202408",
        "ctgr2": "광고선전비",
        "ctgr3": "광고선전비_모델료",
        "gl_nm": "광고선전비_모델료",
        "amount": 0.0
      },
      {
        "yyyymm": "202408",
        "ctgr2": "광고선전비",
        "ctgr3": "광고선전비_매체집행_온라인",
        "gl_nm": "광고선전비_매체집행_온라인",
        "amount": 0.0
      },
      {
        "yyyymm": "202408",
        "ctgr2": "광고선전비",
        "ctgr3": "광고선전비_협찬/제휴",
        "gl_nm": "광고선전비_물류",
        "amount": 0.0
      },
      {
        "yyyymm": "202408",
        "ctgr2": "광고선전비",
        "ctgr3": "광고선전비_이벤트/행사",
        "gl_nm": "광고선전비_이벤트/행사",
        "amount": 0.0
      },
      {
        "yyyymm": "202408",
        "ctgr2": "광고선전비",
        "ctgr3": "광고선전비_기타",
        "gl_nm": "광고선전비_물류_재고대체",
        "amount": 0.0
      }
    ]
  }
}