{
  "country": "KR",
  "brand_cd": "W",
  "brand_name": "SUPRA",
  "yyyymm": "202403",
  "yyyymm_py": "202303",
  "key": "매장효율성",
  "sub_key": "종합분석",
  "analysis_data": {
    "title": "매장효율성 종합분석",
    "sections": [
      {
        "div": "종합분석-1",
        "sub_title": "우수 점포 생산성",
        "ai_text": "SUPRA 브랜드는 2024년 3월 신규 론칭으로 전년 대비 데이터는 없으나, 현재 운영 중인 6개 점포의 평균 점포당 매출이 45백만원을 기록하고 있습니다.\n직영점 채널이 점포당 56백만원으로 가장 높은 생산성을 보이며, 3개 점포 운영으로 안정적인 기반을 구축했습니다.\n신규 브랜드 론칭 초기임을 감안할 때 양호한 수준의 점포당 매출을 달성하고 있어, 향후 성장 잠재력이 높은 것으로 평가됩니다.\n직영점의 우수한 성과는 브랜드 초기 정착 과정에서 직접 운영을 통한 노하우 축적과 품질 관리가 효과적으로 이루어졌음을 시사합니다."
      },
      {
        "div": "종합분석-2",
        "sub_title": "대응 필요 매장",
        "ai_text": "면세점 채널의 점포당 매출이 33백만원으로 직영점 대비 41% 낮은 수준을 기록하여 개선이 필요한 상황입니다.\n면세점 3개 점포 모두 상대적으로 저조한 성과를 보이고 있어, 채널 특성에 맞는 전략적 접근이 시급합니다.\n면세점 고객층의 특성과 구매 패턴을 고려한 상품 구성 및 마케팅 전략의 재검토가 필요한 것으로 판단됩니다.\n신규 브랜드의 면세점 내 인지도 부족과 프리미엄 포지셔닝 부재가 주요 원인으로 분석되어 브랜드 가치 제고 방안이 요구됩니다."
      },
      {
        "div": "종합분석-3",
        "sub_title": "AI 권장사항",
        "ai_text": "직영점의 우수 운영 노하우를 면세점에 적용하여 점포당 매출 격차를 단계적으로 축소하는 것이 최우선 과제입니다.\n면세점 채널 특성에 맞는 한정판 상품 출시 및 면세점 전용 프로모션을 통해 외국인 고객 유치를 강화해야 합니다.\n점포별 매출 데이터 모니터링 체계를 구축하여 월별 성과 추적 및 즉시 대응 가능한 운영 시스템을 도입하길 권장합니다.\n브랜드 인지도 향상을 위한 디지털 마케팅 강화와 함께 면세점 내 프리미엄 브랜드로서의 포지셔닝 확립이 필요합니다."
      },
      {
        "div": "종합분석-4",
        "sub_title": "최적의 시나리오",
        "ai_text": "2024년 하반기까지 면세점 점포당 매출을 45백만원 수준으로 끌어올려 전체 평균 점포당 매출 50백만원 달성을 목표로 설정합니다.\n직영점은 현재 수준을 유지하면서 운영 효율성을 더욱 개선하여 점포당 60백만원 이상의 매출 달성을 추진합니다.\n신규 점포 확장 시 직영점 모델을 우선 적용하되, 면세점 채널 개선 성과 확인 후 단계적 확장을 진행하는 것이 바람직합니다.\n브랜드 론칭 1년차 목표로 총 10개 점포 운영 및 전체 점포당 평균 매출 55백만원 달성을 통해 안정적인 성장 기반을 구축합니다."
      }
    ]
  },
  "summary": {
    "total_shop_amt_cy": 45.0,
    "total_shop_amt_py": 0.0,
    "total_shop_cnt_cy": 6,
    "total_shop_cnt_py": 0,
    "yoy": 0,
    "unique_channels": 2,
    "analysis_period": "2023년 3월 vs 2024년 3월"
  },
  "channel_summary": {
    "직영점": {
      "shop_amt_cy": 56.0,
      "shop_amt_py": 0.0,
      "shop_cnt_cy": 3,
      "shop_cnt_py": 0,
      "yoy": 0.0
    },
    "면세점": {
      "shop_amt_cy": 33.0,
      "shop_amt_py": 0.0,
      "shop_cnt_cy": 3,
      "shop_cnt_py": 0,
      "yoy": 0.0
    }
  },
  "excellent_channels": [],
  "warning_channels": [
    {
      "chnl_nm": "면세점",
      "shop_amt_cy": 33.0,
      "shop_amt_py": 0.0,
      "yoy": 0.0,
      "shop_cnt_cy": 3
    },
    {
      "chnl_nm": "직영점",
      "shop_amt_cy": 56.0,
      "shop_amt_py": 0.0,
      "yoy": 0.0,
      "shop_cnt_cy": 3
    }
  ],
  "raw_data": {
    "sample_records": [
      {
        "CHNL_NM": "직영점",
        "SHOP_CNT_CY": 3,
        "SHOP_CNT_PY": 0,
        "SHOP_AMT_CY": 56.0,
        "SHOP_AMT_PY": 0.0,
        "YOY": 0.0,
        "SEQ": 2
      },
      {
        "CHNL_NM": "면세점",
        "SHOP_CNT_CY": 3,
        "SHOP_CNT_PY": 0,
        "SHOP_AMT_CY": 33.0,
        "SHOP_AMT_PY": 0.0,
        "YOY": 0.0,
        "SEQ": 2
      },
      {
        "CHNL_NM": "전체",
        "SHOP_CNT_CY": 6,
        "SHOP_CNT_PY": 0,
        "SHOP_AMT_CY": 45.0,
        "SHOP_AMT_PY": 0.0,
        "YOY": 0.0,
        "SEQ": 1
      },
      {
        "CHNL_NM": "면세 제외",
        "SHOP_CNT_CY": 3,
        "SHOP_CNT_PY": 0,
        "SHOP_AMT_CY": 56.0,
        "SHOP_AMT_PY": 0.0,
        "YOY": 0.0,
        "SEQ": 3
      }
    ],
    "total_records_count": 4
  }
}