{
  "country": "KR",
  "brand_cd": "V",
  "brand_name": "DUVETICA",
  "yyyymm": "202401",
  "yyyymm_py": "202301",
  "key": "월별아이템별재고추세",
  "analysis_data": {
    "title": "아이템별 재고 종합분석 (당해 1월~현재월)",
    "sections": [
      {
        "div": "종합분석-1",
        "sub_title": "조기경보",
        "ai_text": "• DUVETICA 브랜드 전체 재고 급격한 증가\n• 1월 44,890백만원 대규모 재고 발생\n• 전월 대비 신규 재고 유입으로 관리 필요"
      },
      {
        "div": "종합분석-2",
        "sub_title": "긍정신호",
        "ai_text": "• 현재 재고 감소 신호 미확인\n• 신규 시즌 진입으로 재고 적정 수준 유지\n• 향후 판매 추이 모니터링 필요"
      },
      {
        "div": "종합분석-3",
        "sub_title": "인사이트",
        "ai_text": "• 총재고 1월 44,890백만원\n• 1월 저점 후 급격한 재고 증가\n• 겨울시즌 신규 재고 대량 입고"
      }
    ]
  },
  "summary": {
    "total_stock": 44890.35,
    "unique_months": 2,
    "unique_items": 8,
    "analysis_period": "2024년 01월 ~ 2024년 01월"
  },
  "monthly_totals": [
    {
      "yyyymm": "202301",
      "total_stock": 0.0
    },
    {
      "yyyymm": "202401",
      "total_stock": 44890.35
    }
  ],
  "early_warning_items": [],
  "positive_signal_items": [],
  "insights": {
    "final_month_total": 44890.35,
    "decreasing_months_count": 0,
    "increasing_months_count": 1,
    "min_month": "202301",
    "min_stock": 0.0
  },
  "raw_data": {
    "sample_records": [
      {
        "YYYYMM": "202301",
        "ITEM_STD": "23F 의류",
        "CY_END_STOCK_TAG_AMT": 0.0,
        "PY_END_STOCK_TAG_AMT": 18749370000.0,
        "YOY": 0.0
      },
      {
        "YYYYMM": "202301",
        "ITEM_STD": "23S 의류",
        "CY_END_STOCK_TAG_AMT": 0.0,
        "PY_END_STOCK_TAG_AMT": 5264370000.0,
        "YOY": 0.0
      },
      {
        "YYYYMM": "202301",
        "ITEM_STD": "가방",
        "CY_END_STOCK_TAG_AMT": 0.0,
        "PY_END_STOCK_TAG_AMT": 396610000.0,
        "YOY": 0.0
      },
      {
        "YYYYMM": "202301",
        "ITEM_STD": "과시즌 의류",
        "CY_END_STOCK_TAG_AMT": 0.0,
        "PY_END_STOCK_TAG_AMT": 6060820000.0,
        "YOY": 0.0
      },
      {
        "YYYYMM": "202301",
        "ITEM_STD": "기타ACC",
        "CY_END_STOCK_TAG_AMT": 0.0,
        "PY_END_STOCK_TAG_AMT": 196652000.0,
        "YOY": 0.0
      },
      {
        "YYYYMM": "202301",
        "ITEM_STD": "모자",
        "CY_END_STOCK_TAG_AMT": 0.0,
        "PY_END_STOCK_TAG_AMT": 247810000.0,
        "YOY": 0.0
      },
      {
        "YYYYMM": "202301",
        "ITEM_STD": "신발",
        "CY_END_STOCK_TAG_AMT": 0.0,
        "PY_END_STOCK_TAG_AMT": 0.0,
        "YOY": 0.0
      },
      {
        "YYYYMM": "202301",
        "ITEM_STD": "차기시즌 의류",
        "CY_END_STOCK_TAG_AMT": 0.0,
        "PY_END_STOCK_TAG_AMT": 1728930000.0,
        "YOY": 0.0
      },
      {
        "YYYYMM": "202401",
        "ITEM_STD": "23F 의류",
        "CY_END_STOCK_TAG_AMT": 9635730000.0,
        "PY_END_STOCK_TAG_AMT": 0.0,
        "YOY": 0.0
      },
      {
        "YYYYMM": "202401",
        "ITEM_STD": "23S 의류",
        "CY_END_STOCK_TAG_AMT": 5652590000.0,
        "PY_END_STOCK_TAG_AMT": 0.0,
        "YOY": 0.0
      },
      {
        "YYYYMM": "202401",
        "ITEM_STD": "가방",
        "CY_END_STOCK_TAG_AMT": 665710000.0,
        "PY_END_STOCK_TAG_AMT": 0.0,
        "YOY": 0.0
      },
      {
        "YYYYMM": "202401",
        "ITEM_STD": "과시즌 의류",
        "CY_END_STOCK_TAG_AMT": 22526200000.0,
        "PY_END_STOCK_TAG_AMT": 0.0,
        "YOY": 0.0
      },
      {
        "YYYYMM": "202401",
        "ITEM_STD": "기타ACC",
        "CY_END_STOCK_TAG_AMT": 232827000.0,
        "PY_END_STOCK_TAG_AMT": 0.0,
        "YOY": 0.0
      },
      {
        "YYYYMM": "202401",
        "ITEM_STD": "모자",
        "CY_END_STOCK_TAG_AMT": 541278000.0,
        "PY_END_STOCK_TAG_AMT": 0.0,
        "YOY": 0.0
      },
      {
        "YYYYMM": "202401",
        "ITEM_STD": "신발",
        "CY_END_STOCK_TAG_AMT": 1778368000.0,
        "PY_END_STOCK_TAG_AMT": 0.0,
        "YOY": 0.0
      },
      {
        "YYYYMM": "202401",
        "ITEM_STD": "차기시즌 의류",
        "CY_END_STOCK_TAG_AMT": 3857650000.0,
        "PY_END_STOCK_TAG_AMT": 0.0,
        "YOY": 0.0
      }
    ],
    "total_records_count": 16
  }
}