{
  "country": "KR",
  "brand_cd": "V",
  "brand_name": "DUVETICA",
  "yyyymm": "202406",
  "yyyymm_py": "202306",
  "key": "실판매출",
  "sub_key": "채널별매출분석",
  "analysis_data": {
    "title": "채널별 매출 top3 분석 (당해 전년 주요변화)",
    "sections": [
      {
        "div": "백화점",
        "sub_title": "백화점 전년대비 주요 변화",
        "ai_text": "• 방풍자켓: 102백만원(41.0%) 매출로 1위 유지, 전년 30백만원 대비 +243.6% 폭증으로 여름철 에어컨 대응 기능성 니즈 확산\n• 반팔티셔츠: 19백만원(8.0%)으로 신규 TOP3 진입, 전년 미진입에서 여름 기본템 수요 급증으로 새로운 성장동력 확보\n• 반팔카라티셔츠: 16백만원(6.0%)으로 TOP3 진입, 전년 15백만원 3위에서 소폭 성장하며 꾸준한 고객 선호도 유지\n\n채널 전체 매출 246백만원으로 전년 140백만원 대비 +76.1% 급성장하며 프리미엄 고객층의 기능성 아우터웨어 선호 트렌드 확산"
      },
      {
        "div": "아울렛",
        "sub_title": "아울렛 전년대비 주요 변화",
        "ai_text": "• 방풍자켓: 23백만원(28.0%) 매출로 1위 유지, 전년 22백만원 대비 +6.1% 소폭 성장하며 아울렛 고객층에서도 기능성 아우터 선호 지속\n• 반팔카라티셔츠: 12백만원(15.0%)으로 2위 부상, 전년 6백만원 3위에서 +90.0% 급증하며 여름 정장 캐주얼 수요 확산\n• 다운점퍼: 8백만원(10.0%)으로 3위 진입, 전년 12백만원 2위에서 -33.4% 감소하지만 여름철 특성상 자연스러운 하락\n\n채널 전체 매출 82백만원으로 전년 68백만원 대비 +20.4% 성장하며 가성비 중심 고객층의 여름 기능성 의류 구매 증가"
      },
      {
        "div": "제휴몰",
        "sub_title": "제휴몰 전년대비 주요 변화",
        "ai_text": "• 원피스: 7백만원(15.0%) 매출로 1위 신규 진입, 전년 미진입에서 온라인 여성복 수요 폭발적 성장으로 새로운 핵심 카테고리 부상\n• 방풍자켓: 6백만원(13.0%)으로 2위 유지, 전년 대비 온라인 기능성 아우터 꾸준한 인기로 디지털 채널 적합성 입증\n• 반팔카라티셔츠: 5백만원(12.0%)으로 3위 진입, 전년 미진입에서 온라인 정장 캐주얼 트렌드 확산으로 신규 성장 동력\n\n채널 전체 매출 47백만원으로 전년 9백만원 대비 +430.2% 폭발적 성장하며 온라인 전용 상품 기획과 디지털 마케팅 강화 필요"
      },
      {
        "div": "직영점",
        "sub_title": "직영점 전년대비 주요 변화",
        "ai_text": "• 방풍자켓: 21백만원(52.0%) 매출로 압도적 1위, 전년 대비 직영점 고객의 프리미엄 기능성 아우터 집중 구매 패턴 강화\n• 반팔티셔츠: 4백만원(9.0%)으로 2위 진입, 전년 미진입에서 여름철 베이직 아이템 수요 증가로 신규 성장 카테고리\n• 반바지: 3백만원(9.0%)으로 3위 진입, 전년 미진입에서 여름 캐주얼 하의 수요 급증으로 시즌 특화 상품 성공\n\n채널 전체 매출 40백만원으로 전년 4백만원 대비 +883.4% 폭발적 성장하며 직영점 운영 효율화와 고객 서비스 강화 효과 극대화"
      },
      {
        "div": "자사몰",
        "sub_title": "자사몰 전년대비 주요 변화",
        "ai_text": "• 반팔카라티셔츠: 6백만원(17.0%) 매출로 1위 진입, 전년 미진입에서 온라인 정장 캐주얼 수요 급증으로 자사몰 핵심 상품 부상\n• 반바지: 4백만원(11.0%)으로 2위 진입, 전년 미진입에서 여름철 하의 온라인 구매 패턴 확산으로 시즌 특화 성공\n• 반팔티셔츠: 4백만원(11.0%)으로 3위 진입, 전년 미진입에서 베이직 아이템의 온라인 직접 구매 선호도 증가\n\n채널 전체 매출 34백만원으로 전년 20백만원 대비 +73.5% 급성장하며 자사몰 독점 상품 기획과 멤버십 혜택 강화로 고객 충성도 제고 필요"
      },
      {
        "div": "종합분석-1",
        "sub_title": "최고 성과 채널",
        "ai_text": "직영점이 883.6% 성장으로 최고 성과를 기록했으며, 제휴몰도 430.0% 성장으로 급성장세를 보이고 있습니다.\n백화점은 246백만원으로 최대 매출 규모를 유지하면서 76.1% 성장을 달성하여 안정적 성장 채널로 자리잡았습니다."
      },
      {
        "div": "종합분석-2",
        "sub_title": "개선 필요 채널",
        "ai_text": "아울렛은 20.4% 성장률로 전체 평균 86.7%에 크게 못 미치며, 상대적으로 성장 동력이 부족한 상황입니다.\n자사몰은 73.5% 성장했으나 34백만원의 낮은 매출 규모로 온라인 채널 확장 전략이 필요합니다."
      },
      {
        "div": "종합분석-3",
        "sub_title": "핵심 제안",
        "ai_text": "직영점과 제휴몰의 고성장 모멘텀을 활용한 투자 확대와 방풍자켓 중심의 핵심 상품 집중 전략을 추진해야 합니다.\n아울렛 채널의 상품 포트폴리오 다각화와 자사몰의 마케팅 강화를 통해 전체 채널 균형 성장을 도모해야 합니다."
      }
    ]
  },
  "summary": {
    "total_sales": 688.51,
    "total_sales_cy": 448.36,
    "total_sales_py": 240.15,
    "change_pct": 86.7,
    "unique_channels": 5,
    "unique_items": 47,
    "unique_months": 2,
    "analysis_period": "2023년 6월 vs 2024년 6월"
  },
  "channel_summary": {
    "백화점": {
      "total_sales": 386.24,
      "months": {
        "202406": 246367190.0,
        "202306": 139875220.0
      },
      "top_items": [
        {
          "class3": "방풍자켓",
          "total_sales": 131.16
        },
        {
          "class3": "다운점퍼",
          "total_sales": 40.62
        },
        {
          "class3": "반팔카라티셔츠",
          "total_sales": 30.32
        },
        {
          "class3": "반팔티셔츠",
          "total_sales": 18.76
        },
        {
          "class3": "반바지",
          "total_sales": 18.32
        }
      ]
    },
    "아울렛": {
      "total_sales": 149.66,
      "months": {
        "202406": 81763690.0,
        "202306": 67894820.0
      },
      "top_items": [
        {
          "class3": "방풍자켓",
          "total_sales": 45.25
        },
        {
          "class3": "다운점퍼",
          "total_sales": 19.82
        },
        {
          "class3": "반팔카라티셔츠",
          "total_sales": 18.43
        },
        {
          "class3": "반팔다운",
          "total_sales": 13.58
        },
        {
          "class3": "스커트",
          "total_sales": 7.83
        }
      ]
    },
    "제휴몰": {
      "total_sales": 55.51,
      "months": {
        "202406": 46693500.0,
        "202306": 8814000.0
      },
      "top_items": [
        {
          "class3": "반팔카라티셔츠",
          "total_sales": 7.93
        },
        {
          "class3": "원피스",
          "total_sales": 7.91
        },
        {
          "class3": "방풍자켓",
          "total_sales": 6.64
        },
        {
          "class3": "반바지",
          "total_sales": 3.88
        },
        {
          "class3": "반팔티셔츠",
          "total_sales": 3.64
        }
      ]
    },
    "직영점": {
      "total_sales": 43.67,
      "months": {
        "202406": 39643700.0,
        "202306": 4030190.0
      },
      "top_items": [
        {
          "class3": "방풍자켓",
          "total_sales": 21.51
        },
        {
          "class3": "반바지",
          "total_sales": 4.24
        },
        {
          "class3": "반팔티셔츠",
          "total_sales": 3.71
        },
        {
          "class3": "반팔카라티셔츠",
          "total_sales": 3.51
        },
        {
          "class3": "토드백",
          "total_sales": 2.48
        }
      ]
    },
    "자사몰": {
      "total_sales": 53.42,
      "months": {
        "202406": 33891000.0,
        "202306": 19533000.0
      },
      "top_items": [
        {
          "class3": "반팔카라티셔츠",
          "total_sales": 8.75
        },
        {
          "class3": "방풍자켓",
          "total_sales": 4.45
        },
        {
          "class3": "스커트",
          "total_sales": 4.29
        },
        {
          "class3": "반바지",
          "total_sales": 4.14
        },
        {
          "class3": "반팔티셔츠",
          "total_sales": 3.62
        }
      ]
    }
  },
  "channel_summary_overall": {
    "백화점": {
      "current_sales": 246.37,
      "previous_sales": 139.88,
      "all_items": [
        {
          "class3": "방풍자켓",
          "total_sales": 101.59
        },
        {
          "class3": "반팔티셔츠",
          "total_sales": 18.76
        },
        {
          "class3": "반팔카라티셔츠",
          "total_sales": 15.78
        },
        {
          "class3": "반바지",
          "total_sales": 13.23
        },
        {
          "class3": "팬츠",
          "total_sales": 11.12
        },
        {
          "class3": "원피스",
          "total_sales": 9.84
        },
        {
          "class3": "다운점퍼",
          "total_sales": 9.21
        },
        {
          "class3": "신발",
          "total_sales": 8.84
        },
        {
          "class3": "트레이닝(상의)",
          "total_sales": 8.57
        },
        {
          "class3": "반팔다운",
          "total_sales": 5.83
        },
        {
          "class3": "토드백",
          "total_sales": 5.09
        },
        {
          "class3": "스커트",
          "total_sales": 4.78
        },
        {
          "class3": "트레이닝 숏팬츠",
          "total_sales": 4.58
        },
        {
          "class3": "햇",
          "total_sales": 4.29
        },
        {
          "class3": "다운베스트",
          "total_sales": 4.16
        },
        {
          "class3": "트레이닝(하의)",
          "total_sales": 3.4
        },
        {
          "class3": "라운드티",
          "total_sales": 3.16
        },
        {
          "class3": "우븐셔츠",
          "total_sales": 2.92
        },
        {
          "class3": "니트반팔티셔츠",
          "total_sales": 2.66
        },
        {
          "class3": "뮬",
          "total_sales": 1.13
        },
        {
          "class3": "레깅스",
          "total_sales": 0.96
        },
        {
          "class3": "패딩",
          "total_sales": 0.94
        },
        {
          "class3": "맨투맨",
          "total_sales": 0.83
        },
        {
          "class3": "운동모",
          "total_sales": 0.83
        },
        {
          "class3": "선캡",
          "total_sales": 0.81
        },
        {
          "class3": "백팩",
          "total_sales": 0.52
        },
        {
          "class3": "힙색",
          "total_sales": 0.47
        },
        {
          "class3": "브라",
          "total_sales": 0.4
        },
        {
          "class3": "벨트백",
          "total_sales": 0.39
        },
        {
          "class3": "양말",
          "total_sales": 0.31
        },
        {
          "class3": "스웨트팬츠",
          "total_sales": 0.23
        },
        {
          "class3": "후드티",
          "total_sales": 0.23
        },
        {
          "class3": "베스트",
          "total_sales": 0.21
        },
        {
          "class3": "크로스백",
          "total_sales": 0.14
        },
        {
          "class3": "장갑",
          "total_sales": 0.12
        },
        {
          "class3": "방한화",
          "total_sales": 0.0
        }
      ],
      "change_pct": 76.1
    },
    "아울렛": {
      "current_sales": 81.76,
      "previous_sales": 67.89,
      "all_items": [
        {
          "class3": "방풍자켓",
          "total_sales": 23.29
        },
        {
          "class3": "반팔카라티셔츠",
          "total_sales": 12.07
        },
        {
          "class3": "다운점퍼",
          "total_sales": 7.92
        },
        {
          "class3": "반팔다운",
          "total_sales": 7.59
        },
        {
          "class3": "스커트",
          "total_sales": 5.18
        },
        {
          "class3": "니트반팔티셔츠",
          "total_sales": 3.73
        },
        {
          "class3": "다운베스트",
          "total_sales": 2.76
        },
        {
          "class3": "반바지",
          "total_sales": 2.61
        },
        {
          "class3": "라운드티",
          "total_sales": 2.61
        },
        {
          "class3": "원피스",
          "total_sales": 1.89
        },
        {
          "class3": "반팔티셔츠",
          "total_sales": 1.65
        },
        {
          "class3": "팬츠",
          "total_sales": 1.52
        },
        {
          "class3": "신발",
          "total_sales": 1.42
        },
        {
          "class3": "트레이닝 숏팬츠",
          "total_sales": 1.31
        },
        {
          "class3": "선캡",
          "total_sales": 1.03
        },
        {
          "class3": "후드티",
          "total_sales": 0.84
        },
        {
          "class3": "햇",
          "total_sales": 0.57
        },
        {
          "class3": "벨트백",
          "total_sales": 0.56
        },
        {
          "class3": "베스트",
          "total_sales": 0.52
        },
        {
          "class3": "니트스커트",
          "total_sales": 0.47
        },
        {
          "class3": "양말",
          "total_sales": 0.37
        },
        {
          "class3": "트레이닝(상의)",
          "total_sales": 0.36
        },
        {
          "class3": "우븐셔츠",
          "total_sales": 0.35
        },
        {
          "class3": "스웨트팬츠",
          "total_sales": 0.26
        },
        {
          "class3": "트레이닝(하의)",
          "total_sales": 0.22
        },
        {
          "class3": "운동모",
          "total_sales": 0.22
        },
        {
          "class3": "뮬",
          "total_sales": 0.15
        },
        {
          "class3": "맨투맨",
          "total_sales": 0.15
        },
        {
          "class3": "토드백",
          "total_sales": 0.12
        }
      ],
      "change_pct": 20.4
    },
    "제휴몰": {
      "current_sales": 46.69,
      "previous_sales": 8.81,
      "all_items": [
        {
          "class3": "원피스",
          "total_sales": 7.12
        },
        {
          "class3": "방풍자켓",
          "total_sales": 5.85
        },
        {
          "class3": "반팔카라티셔츠",
          "total_sales": 5.49
        },
        {
          "class3": "반팔티셔츠",
          "total_sales": 3.64
        },
        {
          "class3": "반바지",
          "total_sales": 3.49
        },
        {
          "class3": "다운점퍼",
          "total_sales": 3.22
        },
        {
          "class3": "팬츠",
          "total_sales": 2.09
        },
        {
          "class3": "라운드티",
          "total_sales": 1.85
        },
        {
          "class3": "뮬",
          "total_sales": 1.79
        },
        {
          "class3": "다운베스트",
          "total_sales": 1.66
        },
        {
          "class3": "트레이닝(하의)",
          "total_sales": 1.2
        },
        {
          "class3": "토드백",
          "total_sales": 1.07
        },
        {
          "class3": "신발",
          "total_sales": 1.01
        },
        {
          "class3": "트레이닝(상의)",
          "total_sales": 0.93
        },
        {
          "class3": "운동모",
          "total_sales": 0.74
        },
        {
          "class3": "우븐셔츠",
          "total_sales": 0.63
        },
        {
          "class3": "햇",
          "total_sales": 0.58
        },
        {
          "class3": "후드티",
          "total_sales": 0.57
        },
        {
          "class3": "레깅스",
          "total_sales": 0.54
        },
        {
          "class3": "벨트백",
          "total_sales": 0.52
        },
        {
          "class3": "트레이닝 숏팬츠",
          "total_sales": 0.51
        },
        {
          "class3": "반팔다운",
          "total_sales": 0.49
        },
        {
          "class3": "스커트",
          "total_sales": 0.48
        },
        {
          "class3": "양말",
          "total_sales": 0.34
        },
        {
          "class3": "선캡",
          "total_sales": 0.32
        },
        {
          "class3": "백팩",
          "total_sales": 0.29
        },
        {
          "class3": "방한화",
          "total_sales": 0.26
        },
        {
          "class3": "소프트쉘",
          "total_sales": 0.0
        },
        {
          "class3": "베스트",
          "total_sales": 0.0
        }
      ],
      "change_pct": 430.0
    },
    "직영점": {
      "current_sales": 39.64,
      "previous_sales": 4.03,
      "all_items": [
        {
          "class3": "방풍자켓",
          "total_sales": 20.64
        },
        {
          "class3": "반팔티셔츠",
          "total_sales": 3.71
        },
        {
          "class3": "반바지",
          "total_sales": 3.44
        },
        {
          "class3": "반팔카라티셔츠",
          "total_sales": 2.66
        },
        {
          "class3": "토드백",
          "total_sales": 2.48
        },
        {
          "class3": "햇",
          "total_sales": 1.22
        },
        {
          "class3": "반팔다운",
          "total_sales": 0.98
        },
        {
          "class3": "신발",
          "total_sales": 0.87
        },
        {
          "class3": "트레이닝(상의)",
          "total_sales": 0.76
        },
        {
          "class3": "스커트",
          "total_sales": 0.61
        },
        {
          "class3": "원피스",
          "total_sales": 0.44
        },
        {
          "class3": "트레이닝 숏팬츠",
          "total_sales": 0.32
        },
        {
          "class3": "우븐셔츠",
          "total_sales": 0.31
        },
        {
          "class3": "트레이닝(하의)",
          "total_sales": 0.26
        },
        {
          "class3": "팬츠",
          "total_sales": 0.26
        },
        {
          "class3": "레깅스",
          "total_sales": 0.2
        },
        {
          "class3": "운동모",
          "total_sales": 0.17
        },
        {
          "class3": "뮬",
          "total_sales": 0.16
        },
        {
          "class3": "선캡",
          "total_sales": 0.1
        },
        {
          "class3": "양말",
          "total_sales": 0.03
        }
      ],
      "change_pct": 883.6
    },
    "자사몰": {
      "current_sales": 33.89,
      "previous_sales": 19.53,
      "all_items": [
        {
          "class3": "반팔카라티셔츠",
          "total_sales": 5.85
        },
        {
          "class3": "반바지",
          "total_sales": 3.81
        },
        {
          "class3": "반팔티셔츠",
          "total_sales": 3.62
        },
        {
          "class3": "뮬",
          "total_sales": 3.04
        },
        {
          "class3": "방풍자켓",
          "total_sales": 1.97
        },
        {
          "class3": "반팔다운",
          "total_sales": 1.97
        },
        {
          "class3": "토드백",
          "total_sales": 1.92
        },
        {
          "class3": "라운드티",
          "total_sales": 1.82
        },
        {
          "class3": "신발",
          "total_sales": 1.69
        },
        {
          "class3": "스커트",
          "total_sales": 1.02
        },
        {
          "class3": "팬츠",
          "total_sales": 0.88
        },
        {
          "class3": "햇",
          "total_sales": 0.81
        },
        {
          "class3": "선캡",
          "total_sales": 0.79
        },
        {
          "class3": "트레이닝(상의)",
          "total_sales": 0.76
        },
        {
          "class3": "트레이닝(하의)",
          "total_sales": 0.75
        },
        {
          "class3": "운동모",
          "total_sales": 0.59
        },
        {
          "class3": "벨트백",
          "total_sales": 0.56
        },
        {
          "class3": "트레이닝 숏팬츠",
          "total_sales": 0.55
        },
        {
          "class3": "니트반팔티셔츠",
          "total_sales": 0.55
        },
        {
          "class3": "원피스",
          "total_sales": 0.33
        },
        {
          "class3": "힙색",
          "total_sales": 0.25
        },
        {
          "class3": "브라",
          "total_sales": 0.22
        },
        {
          "class3": "양말",
          "total_sales": 0.14
        },
        {
          "class3": "레깅스",
          "total_sales": 0.0
        },
        {
          "class3": "방한화",
          "total_sales": 0.0
        }
      ],
      "change_pct": 73.5
    }
  },
  "raw_data": {
    "sample_records": [
      {
        "PST_YYYYMM": "202406",
        "CHNL_NM": "백화점",
        "CLASS3": "방풍자켓",
        "SALE_AMT": 101595000.0,
        "SALE_AMT_CHNL_TTL": 246367190.0,
        "SALE_RATIO": 41.0,
        "IN_YMM_RNK": 0,
        "IN_CHNL_RNK": 1
      },
      {
        "PST_YYYYMM": "202406",
        "CHNL_NM": "백화점",
        "CLASS3": "반팔티셔츠",
        "SALE_AMT": 18762000.0,
        "SALE_AMT_CHNL_TTL": 246367190.0,
        "SALE_RATIO": 8.0,
        "IN_YMM_RNK": 0,
        "IN_CHNL_RNK": 2
      },
      {
        "PST_YYYYMM": "202406",
        "CHNL_NM": "백화점",
        "CLASS3": "반팔카라티셔츠",
        "SALE_AMT": 15784400.0,
        "SALE_AMT_CHNL_TTL": 246367190.0,
        "SALE_RATIO": 6.0,
        "IN_YMM_RNK": 0,
        "IN_CHNL_RNK": 3
      },
      {
        "PST_YYYYMM": "202406",
        "CHNL_NM": "백화점",
        "CLASS3": "반바지",
        "SALE_AMT": 13232200.0,
        "SALE_AMT_CHNL_TTL": 246367190.0,
        "SALE_RATIO": 5.0,
        "IN_YMM_RNK": 0,
        "IN_CHNL_RNK": 4
      },
      {
        "PST_YYYYMM": "202406",
        "CHNL_NM": "백화점",
        "CLASS3": "팬츠",
        "SALE_AMT": 11125000.0,
        "SALE_AMT_CHNL_TTL": 246367190.0,
        "SALE_RATIO": 5.0,
        "IN_YMM_RNK": 0,
        "IN_CHNL_RNK": 5
      },
      {
        "PST_YYYYMM": "202406",
        "CHNL_NM": "백화점",
        "CLASS3": "원피스",
        "SALE_AMT": 9843400.0,
        "SALE_AMT_CHNL_TTL": 246367190.0,
        "SALE_RATIO": 4.0,
        "IN_YMM_RNK": 0,
        "IN_CHNL_RNK": 6
      },
      {
        "PST_YYYYMM": "202406",
        "CHNL_NM": "백화점",
        "CLASS3": "다운점퍼",
        "SALE_AMT": 9208400.0,
        "SALE_AMT_CHNL_TTL": 246367190.0,
        "SALE_RATIO": 4.0,
        "IN_YMM_RNK": 0,
        "IN_CHNL_RNK": 7
      },
      {
        "PST_YYYYMM": "202406",
        "CHNL_NM": "백화점",
        "CLASS3": "신발",
        "SALE_AMT": 8836580.0,
        "SALE_AMT_CHNL_TTL": 246367190.0,
        "SALE_RATIO": 4.0,
        "IN_YMM_RNK": 0,
        "IN_CHNL_RNK": 8
      },
      {
        "PST_YYYYMM": "202406",
        "CHNL_NM": "백화점",
        "CLASS3": "트레이닝(상의)",
        "SALE_AMT": 8567000.0,
        "SALE_AMT_CHNL_TTL": 246367190.0,
        "SALE_RATIO": 3.0,
        "IN_YMM_RNK": 0,
        "IN_CHNL_RNK": 9
      },
      {
        "PST_YYYYMM": "202406",
        "CHNL_NM": "백화점",
        "CLASS3": "반팔다운",
        "SALE_AMT": 5830000.0,
        "SALE_AMT_CHNL_TTL": 246367190.0,
        "SALE_RATIO": 2.0,
        "IN_YMM_RNK": 0,
        "IN_CHNL_RNK": 10
      },
      {
        "PST_YYYYMM": "202406",
        "CHNL_NM": "백화점",
        "CLASS3": "토드백",
        "SALE_AMT": 5092000.0,
        "SALE_AMT_CHNL_TTL": 246367190.0,
        "SALE_RATIO": 2.0,
        "IN_YMM_RNK": 0,
        "IN_CHNL_RNK": 11
      },
      {
        "PST_YYYYMM": "202406",
        "CHNL_NM": "백화점",
        "CLASS3": "스커트",
        "SALE_AMT": 4784100.0,
        "SALE_AMT_CHNL_TTL": 246367190.0,
        "SALE_RATIO": 2.0,
        "IN_YMM_RNK": 0,
        "IN_CHNL_RNK": 12
      },
      {
        "PST_YYYYMM": "202406",
        "CHNL_NM": "백화점",
        "CLASS3": "트레이닝 숏팬츠",
        "SALE_AMT": 4580000.0,
        "SALE_AMT_CHNL_TTL": 246367190.0,
        "SALE_RATIO": 2.0,
        "IN_YMM_RNK": 0,
        "IN_CHNL_RNK": 13
      },
      {
        "PST_YYYYMM": "202406",
        "CHNL_NM": "백화점",
        "CLASS3": "햇",
        "SALE_AMT": 4285000.0,
        "SALE_AMT_CHNL_TTL": 246367190.0,
        "SALE_RATIO": 2.0,
        "IN_YMM_RNK": 0,
        "IN_CHNL_RNK": 14
      },
      {
        "PST_YYYYMM": "202406",
        "CHNL_NM": "백화점",
        "CLASS3": "다운베스트",
        "SALE_AMT": 4158600.0,
        "SALE_AMT_CHNL_TTL": 246367190.0,
        "SALE_RATIO": 2.0,
        "IN_YMM_RNK": 0,
        "IN_CHNL_RNK": 15
      },
      {
        "PST_YYYYMM": "202406",
        "CHNL_NM": "백화점",
        "CLASS3": "트레이닝(하의)",
        "SALE_AMT": 3400000.0,
        "SALE_AMT_CHNL_TTL": 246367190.0,
        "SALE_RATIO": 1.0,
        "IN_YMM_RNK": 0,
        "IN_CHNL_RNK": 16
      },
      {
        "PST_YYYYMM": "202406",
        "CHNL_NM": "백화점",
        "CLASS3": "라운드티",
        "SALE_AMT": 3155900.0,
        "SALE_AMT_CHNL_TTL": 246367190.0,
        "SALE_RATIO": 1.0,
        "IN_YMM_RNK": 0,
        "IN_CHNL_RNK": 17
      },
      {
        "PST_YYYYMM": "202406",
        "CHNL_NM": "백화점",
        "CLASS3": "우븐셔츠",
        "SALE_AMT": 2922000.0,
        "SALE_AMT_CHNL_TTL": 246367190.0,
        "SALE_RATIO": 1.0,
        "IN_YMM_RNK": 0,
        "IN_CHNL_RNK": 18
      },
      {
        "PST_YYYYMM": "202406",
        "CHNL_NM": "백화점",
        "CLASS3": "니트반팔티셔츠",
        "SALE_AMT": 2656500.0,
        "SALE_AMT_CHNL_TTL": 246367190.0,
        "SALE_RATIO": 1.0,
        "IN_YMM_RNK": 0,
        "IN_CHNL_RNK": 19
      },
      {
        "PST_YYYYMM": "202406",
        "CHNL_NM": "백화점",
        "CLASS3": "뮬",
        "SALE_AMT": 1127720.0,
        "SALE_AMT_CHNL_TTL": 246367190.0,
        "SALE_RATIO": 0.0,
        "IN_YMM_RNK": 0,
        "IN_CHNL_RNK": 20
      },
      {
        "PST_YYYYMM": "202406",
        "CHNL_NM": "백화점",
        "CLASS3": "레깅스",
        "SALE_AMT": 964000.0,
        "SALE_AMT_CHNL_TTL": 246367190.0,
        "SALE_RATIO": 0.0,
        "IN_YMM_RNK": 0,
        "IN_CHNL_RNK": 21
      },
      {
        "PST_YYYYMM": "202406",
        "CHNL_NM": "백화점",
        "CLASS3": "패딩",
        "SALE_AMT": 940000.0,
        "SALE_AMT_CHNL_TTL": 246367190.0,
        "SALE_RATIO": 0.0,
        "IN_YMM_RNK": 0,
        "IN_CHNL_RNK": 22
      },
      {
        "PST_YYYYMM": "202406",
        "CHNL_NM": "백화점",
        "CLASS3": "맨투맨",
        "SALE_AMT": 832400.0,
        "SALE_AMT_CHNL_TTL": 246367190.0,
        "SALE_RATIO": 0.0,
        "IN_YMM_RNK": 0,
        "IN_CHNL_RNK": 23
      },
      {
        "PST_YYYYMM": "202406",
        "CHNL_NM": "백화점",
        "CLASS3": "운동모",
        "SALE_AMT": 825900.0,
        "SALE_AMT_CHNL_TTL": 246367190.0,
        "SALE_RATIO": 0.0,
        "IN_YMM_RNK": 0,
        "IN_CHNL_RNK": 24
      },
      {
        "PST_YYYYMM": "202406",
        "CHNL_NM": "백화점",
        "CLASS3": "선캡",
        "SALE_AMT": 813000.0,
        "SALE_AMT_CHNL_TTL": 246367190.0,
        "SALE_RATIO": 0.0,
        "IN_YMM_RNK": 0,
        "IN_CHNL_RNK": 25
      },
      {
        "PST_YYYYMM": "202406",
        "CHNL_NM": "백화점",
        "CLASS3": "백팩",
        "SALE_AMT": 522000.0,
        "SALE_AMT_CHNL_TTL": 246367190.0,
        "SALE_RATIO": 0.0,
        "IN_YMM_RNK": 0,
        "IN_CHNL_RNK": 26
      },
      {
        "PST_YYYYMM": "202406",
        "CHNL_NM": "백화점",
        "CLASS3": "힙색",
        "SALE_AMT": 475000.0,
        "SALE_AMT_CHNL_TTL": 246367190.0,
        "SALE_RATIO": 0.0,
        "IN_YMM_RNK": 0,
        "IN_CHNL_RNK": 27
      },
      {
        "PST_YYYYMM": "202406",
        "CHNL_NM": "백화점",
        "CLASS3": "브라",
        "SALE_AMT": 396000.0,
        "SALE_AMT_CHNL_TTL": 246367190.0,
        "SALE_RATIO": 0.0,
        "IN_YMM_RNK": 0,
        "IN_CHNL_RNK": 28
      },
      {
        "PST_YYYYMM": "202406",
        "CHNL_NM": "백화점",
        "CLASS3": "벨트백",
        "SALE_AMT": 394100.0,
        "SALE_AMT_CHNL_TTL": 246367190.0,
        "SALE_RATIO": 0.0,
        "IN_YMM_RNK": 0,
        "IN_CHNL_RNK": 29
      },
      {
        "PST_YYYYMM": "202406",
        "CHNL_NM": "백화점",
        "CLASS3": "양말",
        "SALE_AMT": 314030.0,
        "SALE_AMT_CHNL_TTL": 246367190.0,
        "SALE_RATIO": 0.0,
        "IN_YMM_RNK": 0,
        "IN_CHNL_RNK": 30
      },
      {
        "PST_YYYYMM": "202406",
        "CHNL_NM": "백화점",
        "CLASS3": "스웨트팬츠",
        "SALE_AMT": 234000.0,
        "SALE_AMT_CHNL_TTL": 246367190.0,
        "SALE_RATIO": 0.0,
        "IN_YMM_RNK": 0,
        "IN_CHNL_RNK": 31
      },
      {
        "PST_YYYYMM": "202406",
        "CHNL_NM": "백화점",
        "CLASS3": "후드티",
        "SALE_AMT": 234000.0,
        "SALE_AMT_CHNL_TTL": 246367190.0,
        "SALE_RATIO": 0.0,
        "IN_YMM_RNK": 0,
        "IN_CHNL_RNK": 31
      },
      {
        "PST_YYYYMM": "202406",
        "CHNL_NM": "백화점",
        "CLASS3": "베스트",
        "SALE_AMT": 212000.0,
        "SALE_AMT_CHNL_TTL": 246367190.0,
        "SALE_RATIO": 0.0,
        "IN_YMM_RNK": 0,
        "IN_CHNL_RNK": 32
      },
      {
        "PST_YYYYMM": "202406",
        "CHNL_NM": "백화점",
        "CLASS3": "크로스백",
        "SALE_AMT": 144000.0,
        "SALE_AMT_CHNL_TTL": 246367190.0,
        "SALE_RATIO": 0.0,
        "IN_YMM_RNK": 0,
        "IN_CHNL_RNK": 33
      },
      {
        "PST_YYYYMM": "202406",
        "CHNL_NM": "백화점",
        "CLASS3": "장갑",
        "SALE_AMT": 120960.0,
        "SALE_AMT_CHNL_TTL": 246367190.0,
        "SALE_RATIO": 0.0,
        "IN_YMM_RNK": 0,
        "IN_CHNL_RNK": 34
      },
      {
        "PST_YYYYMM": "202406",
        "CHNL_NM": "백화점",
        "CLASS3": "방한화",
        "SALE_AMT": 0.0,
        "SALE_AMT_CHNL_TTL": 246367190.0,
        "SALE_RATIO": 0.0,
        "IN_YMM_RNK": 0,
        "IN_CHNL_RNK": 35
      },
      {
        "PST_YYYYMM": "202406",
        "CHNL_NM": "아울렛",
        "CLASS3": "방풍자켓",
        "SALE_AMT": 23294900.0,
        "SALE_AMT_CHNL_TTL": 81763690.0,
        "SALE_RATIO": 28.0,
        "IN_YMM_RNK": 0,
        "IN_CHNL_RNK": 1
      },
      {
        "PST_YYYYMM": "202406",
        "CHNL_NM": "아울렛",
        "CLASS3": "반팔카라티셔츠",
        "SALE_AMT": 12070700.0,
        "SALE_AMT_CHNL_TTL": 81763690.0,
        "SALE_RATIO": 15.0,
        "IN_YMM_RNK": 0,
        "IN_CHNL_RNK": 2
      },
      {
        "PST_YYYYMM": "202406",
        "CHNL_NM": "아울렛",
        "CLASS3": "다운점퍼",
        "SALE_AMT": 7924500.0,
        "SALE_AMT_CHNL_TTL": 81763690.0,
        "SALE_RATIO": 10.0,
        "IN_YMM_RNK": 0,
        "IN_CHNL_RNK": 3
      },
      {
        "PST_YYYYMM": "202406",
        "CHNL_NM": "아울렛",
        "CLASS3": "반팔다운",
        "SALE_AMT": 7593600.0,
        "SALE_AMT_CHNL_TTL": 81763690.0,
        "SALE_RATIO": 9.0,
        "IN_YMM_RNK": 0,
        "IN_CHNL_RNK": 4
      },
      {
        "PST_YYYYMM": "202406",
        "CHNL_NM": "아울렛",
        "CLASS3": "스커트",
        "SALE_AMT": 5175600.0,
        "SALE_AMT_CHNL_TTL": 81763690.0,
        "SALE_RATIO": 6.0,
        "IN_YMM_RNK": 0,
        "IN_CHNL_RNK": 5
      },
      {
        "PST_YYYYMM": "202406",
        "CHNL_NM": "아울렛",
        "CLASS3": "니트반팔티셔츠",
        "SALE_AMT": 3733600.0,
        "SALE_AMT_CHNL_TTL": 81763690.0,
        "SALE_RATIO": 5.0,
        "IN_YMM_RNK": 0,
        "IN_CHNL_RNK": 6
      },
      {
        "PST_YYYYMM": "202406",
        "CHNL_NM": "아울렛",
        "CLASS3": "다운베스트",
        "SALE_AMT": 2758800.0,
        "SALE_AMT_CHNL_TTL": 81763690.0,
        "SALE_RATIO": 3.0,
        "IN_YMM_RNK": 0,
        "IN_CHNL_RNK": 7
      },
      {
        "PST_YYYYMM": "202406",
        "CHNL_NM": "아울렛",
        "CLASS3": "반바지",
        "SALE_AMT": 2613600.0,
        "SALE_AMT_CHNL_TTL": 81763690.0,
        "SALE_RATIO": 3.0,
        "IN_YMM_RNK": 0,
        "IN_CHNL_RNK": 8
      },
      {
        "PST_YYYYMM": "202406",
        "CHNL_NM": "아울렛",
        "CLASS3": "라운드티",
        "SALE_AMT": 2607600.0,
        "SALE_AMT_CHNL_TTL": 81763690.0,
        "SALE_RATIO": 3.0,
        "IN_YMM_RNK": 0,
        "IN_CHNL_RNK": 9
      },
      {
        "PST_YYYYMM": "202406",
        "CHNL_NM": "아울렛",
        "CLASS3": "원피스",
        "SALE_AMT": 1892600.0,
        "SALE_AMT_CHNL_TTL": 81763690.0,
        "SALE_RATIO": 2.0,
        "IN_YMM_RNK": 0,
        "IN_CHNL_RNK": 10
      },
      {
        "PST_YYYYMM": "202406",
        "CHNL_NM": "아울렛",
        "CLASS3": "반팔티셔츠",
        "SALE_AMT": 1649000.0,
        "SALE_AMT_CHNL_TTL": 81763690.0,
        "SALE_RATIO": 2.0,
        "IN_YMM_RNK": 0,
        "IN_CHNL_RNK": 11
      },
      {
        "PST_YYYYMM": "202406",
        "CHNL_NM": "아울렛",
        "CLASS3": "팬츠",
        "SALE_AMT": 1519500.0,
        "SALE_AMT_CHNL_TTL": 81763690.0,
        "SALE_RATIO": 2.0,
        "IN_YMM_RNK": 0,
        "IN_CHNL_RNK": 12
      },
      {
        "PST_YYYYMM": "202406",
        "CHNL_NM": "아울렛",
        "CLASS3": "신발",
        "SALE_AMT": 1422900.0,
        "SALE_AMT_CHNL_TTL": 81763690.0,
        "SALE_RATIO": 2.0,
        "IN_YMM_RNK": 0,
        "IN_CHNL_RNK": 13
      },
      {
        "PST_YYYYMM": "202406",
        "CHNL_NM": "아울렛",
        "CLASS3": "트레이닝 숏팬츠",
        "SALE_AMT": 1312800.0,
        "SALE_AMT_CHNL_TTL": 81763690.0,
        "SALE_RATIO": 2.0,
        "IN_YMM_RNK": 0,
        "IN_CHNL_RNK": 14
      }
    ],
    "total_records_count": 254
  },
  "trend_data": {
    "trend_months": [
      "202306",
      "202406"
    ],
    "monthly_totals": [
      {
        "yyyymm": "202306",
        "total_amount": 240.15
      },
      {
        "yyyymm": "202406",
        "total_amount": 448.36
      }
    ],
    "monthly_details": [
      {
        "yyyymm": "202406",
        "chnl_nm": "백화점",
        "class3": "방풍자켓",
        "sale_amt": 101.59,
        "sale_ratio": 41.0
      },
      {
        "yyyymm": "202406",
        "chnl_nm": "백화점",
        "class3": "반팔티셔츠",
        "sale_amt": 18.76,
        "sale_ratio": 8.0
      },
      {
        "yyyymm": "202406",
        "chnl_nm": "백화점",
        "class3": "반팔카라티셔츠",
        "sale_amt": 15.78,
        "sale_ratio": 6.0
      },
      {
        "yyyymm": "202406",
        "chnl_nm": "백화점",
        "class3": "반바지",
        "sale_amt": 13.23,
        "sale_ratio": 5.0
      },
      {
        "yyyymm": "202406",
        "chnl_nm": "백화점",
        "class3": "팬츠",
        "sale_amt": 11.12,
        "sale_ratio": 5.0
      },
      {
        "yyyymm": "202406",
        "chnl_nm": "백화점",
        "class3": "원피스",
        "sale_amt": 9.84,
        "sale_ratio": 4.0
      },
      {
        "yyyymm": "202406",
        "chnl_nm": "백화점",
        "class3": "다운점퍼",
        "sale_amt": 9.21,
        "sale_ratio": 4.0
      },
      {
        "yyyymm": "202406",
        "chnl_nm": "백화점",
        "class3": "신발",
        "sale_amt": 8.84,
        "sale_ratio": 4.0
      },
      {
        "yyyymm": "202406",
        "chnl_nm": "백화점",
        "class3": "트레이닝(상의)",
        "sale_amt": 8.57,
        "sale_ratio": 3.0
      },
      {
        "yyyymm": "202406",
        "chnl_nm": "백화점",
        "class3": "반팔다운",
        "sale_amt": 5.83,
        "sale_ratio": 2.0
      },
      {
        "yyyymm": "202406",
        "chnl_nm": "백화점",
        "class3": "토드백",
        "sale_amt": 5.09,
        "sale_ratio": 2.0
      },
      {
        "yyyymm": "202406",
        "chnl_nm": "백화점",
        "class3": "스커트",
        "sale_amt": 4.78,
        "sale_ratio": 2.0
      },
      {
        "yyyymm": "202406",
        "chnl_nm": "백화점",
        "class3": "트레이닝 숏팬츠",
        "sale_amt": 4.58,
        "sale_ratio": 2.0
      },
      {
        "yyyymm": "202406",
        "chnl_nm": "백화점",
        "class3": "햇",
        "sale_amt": 4.29,
        "sale_ratio": 2.0
      },
      {
        "yyyymm": "202406",
        "chnl_nm": "백화점",
        "class3": "다운베스트",
        "sale_amt": 4.16,
        "sale_ratio": 2.0
      },
      {
        "yyyymm": "202406",
        "chnl_nm": "백화점",
        "class3": "트레이닝(하의)",
        "sale_amt": 3.4,
        "sale_ratio": 1.0
      },
      {
        "yyyymm": "202406",
        "chnl_nm": "백화점",
        "class3": "라운드티",
        "sale_amt": 3.16,
        "sale_ratio": 1.0
      },
      {
        "yyyymm": "202406",
        "chnl_nm": "백화점",
        "class3": "우븐셔츠",
        "sale_amt": 2.92,
        "sale_ratio": 1.0
      },
      {
        "yyyymm": "202406",
        "chnl_nm": "백화점",
        "class3": "니트반팔티셔츠",
        "sale_amt": 2.66,
        "sale_ratio": 1.0
      },
      {
        "yyyymm": "202406",
        "chnl_nm": "백화점",
        "class3": "뮬",
        "sale_amt": 1.13,
        "sale_ratio": 0.0
      },
      {
        "yyyymm": "202406",
        "chnl_nm": "백화점",
        "class3": "레깅스",
        "sale_amt": 0.96,
        "sale_ratio": 0.0
      },
      {
        "yyyymm": "202406",
        "chnl_nm": "백화점",
        "class3": "패딩",
        "sale_amt": 0.94,
        "sale_ratio": 0.0
      },
      {
        "yyyymm": "202406",
        "chnl_nm": "백화점",
        "class3": "맨투맨",
        "sale_amt": 0.83,
        "sale_ratio": 0.0
      },
      {
        "yyyymm": "202406",
        "chnl_nm": "백화점",
        "class3": "운동모",
        "sale_amt": 0.83,
        "sale_ratio": 0.0
      },
      {
        "yyyymm": "202406",
        "chnl_nm": "백화점",
        "class3": "선캡",
        "sale_amt": 0.81,
        "sale_ratio": 0.0
      },
      {
        "yyyymm": "202406",
        "chnl_nm": "백화점",
        "class3": "백팩",
        "sale_amt": 0.52,
        "sale_ratio": 0.0
      },
      {
        "yyyymm": "202406",
        "chnl_nm": "백화점",
        "class3": "힙색",
        "sale_amt": 0.47,
        "sale_ratio": 0.0
      },
      {
        "yyyymm": "202406",
        "chnl_nm": "백화점",
        "class3": "브라",
        "sale_amt": 0.4,
        "sale_ratio": 0.0
      },
      {
        "yyyymm": "202406",
        "chnl_nm": "백화점",
        "class3": "벨트백",
        "sale_amt": 0.39,
        "sale_ratio": 0.0
      },
      {
        "yyyymm": "202406",
        "chnl_nm": "백화점",
        "class3": "양말",
        "sale_amt": 0.31,
        "sale_ratio": 0.0
      },
      {
        "yyyymm": "202406",
        "chnl_nm": "백화점",
        "class3": "스웨트팬츠",
        "sale_amt": 0.23,
        "sale_ratio": 0.0
      },
      {
        "yyyymm": "202406",
        "chnl_nm": "백화점",
        "class3": "후드티",
        "sale_amt": 0.23,
        "sale_ratio": 0.0
      },
      {
        "yyyymm": "202406",
        "chnl_nm": "백화점",
        "class3": "베스트",
        "sale_amt": 0.21,
        "sale_ratio": 0.0
      },
      {
        "yyyymm": "202406",
        "chnl_nm": "백화점",
        "class3": "크로스백",
        "sale_amt": 0.14,
        "sale_ratio": 0.0
      },
      {
        "yyyymm": "202406",
        "chnl_nm": "백화점",
        "class3": "장갑",
        "sale_amt": 0.12,
        "sale_ratio": 0.0
      },
      {
        "yyyymm": "202406",
        "chnl_nm": "백화점",
        "class3": "방한화",
        "sale_amt": 0.0,
        "sale_ratio": 0.0
      },
      {
        "yyyymm": "202406",
        "chnl_nm": "아울렛",
        "class3": "방풍자켓",
        "sale_amt": 23.29,
        "sale_ratio": 28.0
      },
      {
        "yyyymm": "202406",
        "chnl_nm": "아울렛",
        "class3": "반팔카라티셔츠",
        "sale_amt": 12.07,
        "sale_ratio": 15.0
      },
      {
        "yyyymm": "202406",
        "chnl_nm": "아울렛",
        "class3": "다운점퍼",
        "sale_amt": 7.92,
        "sale_ratio": 10.0
      },
      {
        "yyyymm": "202406",
        "chnl_nm": "아울렛",
        "class3": "반팔다운",
        "sale_amt": 7.59,
        "sale_ratio": 9.0
      },
      {
        "yyyymm": "202406",
        "chnl_nm": "아울렛",
        "class3": "스커트",
        "sale_amt": 5.18,
        "sale_ratio": 6.0
      },
      {
        "yyyymm": "202406",
        "chnl_nm": "아울렛",
        "class3": "니트반팔티셔츠",
        "sale_amt": 3.73,
        "sale_ratio": 5.0
      },
      {
        "yyyymm": "202406",
        "chnl_nm": "아울렛",
        "class3": "다운베스트",
        "sale_amt": 2.76,
        "sale_ratio": 3.0
      },
      {
        "yyyymm": "202406",
        "chnl_nm": "아울렛",
        "class3": "반바지",
        "sale_amt": 2.61,
        "sale_ratio": 3.0
      },
      {
        "yyyymm": "202406",
        "chnl_nm": "아울렛",
        "class3": "라운드티",
        "sale_amt": 2.61,
        "sale_ratio": 3.0
      },
      {
        "yyyymm": "202406",
        "chnl_nm": "아울렛",
        "class3": "원피스",
        "sale_amt": 1.89,
        "sale_ratio": 2.0
      },
      {
        "yyyymm": "202406",
        "chnl_nm": "아울렛",
        "class3": "반팔티셔츠",
        "sale_amt": 1.65,
        "sale_ratio": 2.0
      },
      {
        "yyyymm": "202406",
        "chnl_nm": "아울렛",
        "class3": "팬츠",
        "sale_amt": 1.52,
        "sale_ratio": 2.0
      },
      {
        "yyyymm": "202406",
        "chnl_nm": "아울렛",
        "class3": "신발",
        "sale_amt": 1.42,
        "sale_ratio": 2.0
      },
      {
        "yyyymm": "202406",
        "chnl_nm": "아울렛",
        "class3": "트레이닝 숏팬츠",
        "sale_amt": 1.31,
        "sale_ratio": 2.0
      },
      {
        "yyyymm": "202406",
        "chnl_nm": "아울렛",
        "class3": "선캡",
        "sale_amt": 1.03,
        "sale_ratio": 1.0
      },
      {
        "yyyymm": "202406",
        "chnl_nm": "아울렛",
        "class3": "후드티",
        "sale_amt": 0.84,
        "sale_ratio": 1.0
      },
      {
        "yyyymm": "202406",
        "chnl_nm": "아울렛",
        "class3": "햇",
        "sale_amt": 0.57,
        "sale_ratio": 1.0
      },
      {
        "yyyymm": "202406",
        "chnl_nm": "아울렛",
        "class3": "벨트백",
        "sale_amt": 0.56,
        "sale_ratio": 1.0
      },
      {
        "yyyymm": "202406",
        "chnl_nm": "아울렛",
        "class3": "베스트",
        "sale_amt": 0.52,
        "sale_ratio": 1.0
      },
      {
        "yyyymm": "202406",
        "chnl_nm": "아울렛",
        "class3": "니트스커트",
        "sale_amt": 0.47,
        "sale_ratio": 1.0
      },
      {
        "yyyymm": "202406",
        "chnl_nm": "아울렛",
        "class3": "양말",
        "sale_amt": 0.37,
        "sale_ratio": 0.0
      },
      {
        "yyyymm": "202406",
        "chnl_nm": "아울렛",
        "class3": "트레이닝(상의)",
        "sale_amt": 0.36,
        "sale_ratio": 0.0
      },
      {
        "yyyymm": "202406",
        "chnl_nm": "아울렛",
        "class3": "우븐셔츠",
        "sale_amt": 0.35,
        "sale_ratio": 0.0
      },
      {
        "yyyymm": "202406",
        "chnl_nm": "아울렛",
        "class3": "스웨트팬츠",
        "sale_amt": 0.26,
        "sale_ratio": 0.0
      },
      {
        "yyyymm": "202406",
        "chnl_nm": "아울렛",
        "class3": "트레이닝(하의)",
        "sale_amt": 0.22,
        "sale_ratio": 0.0
      },
      {
        "yyyymm": "202406",
        "chnl_nm": "아울렛",
        "class3": "운동모",
        "sale_amt": 0.22,
        "sale_ratio": 0.0
      },
      {
        "yyyymm": "202406",
        "chnl_nm": "아울렛",
        "class3": "뮬",
        "sale_amt": 0.15,
        "sale_ratio": 0.0
      },
      {
        "yyyymm": "202406",
        "chnl_nm": "아울렛",
        "class3": "맨투맨",
        "sale_amt": 0.15,
        "sale_ratio": 0.0
      },
      {
        "yyyymm": "202406",
        "chnl_nm": "아울렛",
        "class3": "토드백",
        "sale_amt": 0.12,
        "sale_ratio": 0.0
      },
      {
        "yyyymm": "202406",
        "chnl_nm": "제휴몰",
        "class3": "원피스",
        "sale_amt": 7.12,
        "sale_ratio": 15.0
      },
      {
        "yyyymm": "202406",
        "chnl_nm": "제휴몰",
        "class3": "방풍자켓",
        "sale_amt": 5.85,
        "sale_ratio": 13.0
      },
      {
        "yyyymm": "202406",
        "chnl_nm": "제휴몰",
        "class3": "반팔카라티셔츠",
        "sale_amt": 5.49,
        "sale_ratio": 12.0
      },
      {
        "yyyymm": "202406",
        "chnl_nm": "제휴몰",
        "class3": "반팔티셔츠",
        "sale_amt": 3.64,
        "sale_ratio": 8.0
      },
      {
        "yyyymm": "202406",
        "chnl_nm": "제휴몰",
        "class3": "반바지",
        "sale_amt": 3.49,
        "sale_ratio": 7.0
      },
      {
        "yyyymm": "202406",
        "chnl_nm": "제휴몰",
        "class3": "다운점퍼",
        "sale_amt": 3.22,
        "sale_ratio": 7.0
      },
      {
        "yyyymm": "202406",
        "chnl_nm": "제휴몰",
        "class3": "팬츠",
        "sale_amt": 2.09,
        "sale_ratio": 4.0
      },
      {
        "yyyymm": "202406",
        "chnl_nm": "제휴몰",
        "class3": "라운드티",
        "sale_amt": 1.85,
        "sale_ratio": 4.0
      },
      {
        "yyyymm": "202406",
        "chnl_nm": "제휴몰",
        "class3": "뮬",
        "sale_amt": 1.79,
        "sale_ratio": 4.0
      },
      {
        "yyyymm": "202406",
        "chnl_nm": "제휴몰",
        "class3": "다운베스트",
        "sale_amt": 1.66,
        "sale_ratio": 4.0
      },
      {
        "yyyymm": "202406",
        "chnl_nm": "제휴몰",
        "class3": "트레이닝(하의)",
        "sale_amt": 1.2,
        "sale_ratio": 3.0
      },
      {
        "yyyymm": "202406",
        "chnl_nm": "제휴몰",
        "class3": "토드백",
        "sale_amt": 1.07,
        "sale_ratio": 2.0
      },
      {
        "yyyymm": "202406",
        "chnl_nm": "제휴몰",
        "class3": "신발",
        "sale_amt": 1.01,
        "sale_ratio": 2.0
      },
      {
        "yyyymm": "202406",
        "chnl_nm": "제휴몰",
        "class3": "트레이닝(상의)",
        "sale_amt": 0.93,
        "sale_ratio": 2.0
      },
      {
        "yyyymm": "202406",
        "chnl_nm": "제휴몰",
        "class3": "운동모",
        "sale_amt": 0.74,
        "sale_ratio": 2.0
      },
      {
        "yyyymm": "202406",
        "chnl_nm": "제휴몰",
        "class3": "우븐셔츠",
        "sale_amt": 0.63,
        "sale_ratio": 1.0
      },
      {
        "yyyymm": "202406",
        "chnl_nm": "제휴몰",
        "class3": "햇",
        "sale_amt": 0.58,
        "sale_ratio": 1.0
      },
      {
        "yyyymm": "202406",
        "chnl_nm": "제휴몰",
        "class3": "후드티",
        "sale_amt": 0.57,
        "sale_ratio": 1.0
      },
      {
        "yyyymm": "202406",
        "chnl_nm": "제휴몰",
        "class3": "레깅스",
        "sale_amt": 0.54,
        "sale_ratio": 1.0
      },
      {
        "yyyymm": "202406",
        "chnl_nm": "제휴몰",
        "class3": "벨트백",
        "sale_amt": 0.52,
        "sale_ratio": 1.0
      },
      {
        "yyyymm": "202406",
        "chnl_nm": "제휴몰",
        "class3": "트레이닝 숏팬츠",
        "sale_amt": 0.51,
        "sale_ratio": 1.0
      },
      {
        "yyyymm": "202406",
        "chnl_nm": "제휴몰",
        "class3": "반팔다운",
        "sale_amt": 0.49,
        "sale_ratio": 1.0
      },
      {
        "yyyymm": "202406",
        "chnl_nm": "제휴몰",
        "class3": "스커트",
        "sale_amt": 0.48,
        "sale_ratio": 1.0
      },
      {
        "yyyymm": "202406",
        "chnl_nm": "제휴몰",
        "class3": "양말",
        "sale_amt": 0.34,
        "sale_ratio": 1.0
      },
      {
        "yyyymm": "202406",
        "chnl_nm": "제휴몰",
        "class3": "선캡",
        "sale_amt": 0.32,
        "sale_ratio": 1.0
      },
      {
        "yyyymm": "202406",
        "chnl_nm": "제휴몰",
        "class3": "백팩",
        "sale_amt": 0.29,
        "sale_ratio": 1.0
      },
      {
        "yyyymm": "202406",
        "chnl_nm": "제휴몰",
        "class3": "방한화",
        "sale_amt": 0.26,
        "sale_ratio": 1.0
      },
      {
        "yyyymm": "202406",
        "chnl_nm": "제휴몰",
        "class3": "소프트쉘",
        "sale_amt": 0.0,
        "sale_ratio": 0.0
      },
      {
        "yyyymm": "202406",
        "chnl_nm": "제휴몰",
        "class3": "베스트",
        "sale_amt": 0.0,
        "sale_ratio": 0.0
      },
      {
        "yyyymm": "202406",
        "chnl_nm": "직영점",
        "class3": "방풍자켓",
        "sale_amt": 20.64,
        "sale_ratio": 52.0
      },
      {
        "yyyymm": "202406",
        "chnl_nm": "직영점",
        "class3": "반팔티셔츠",
        "sale_amt": 3.71,
        "sale_ratio": 9.0
      },
      {
        "yyyymm": "202406",
        "chnl_nm": "직영점",
        "class3": "반바지",
        "sale_amt": 3.44,
        "sale_ratio": 9.0
      },
      {
        "yyyymm": "202406",
        "chnl_nm": "직영점",
        "class3": "반팔카라티셔츠",
        "sale_amt": 2.66,
        "sale_ratio": 7.0
      },
      {
        "yyyymm": "202406",
        "chnl_nm": "직영점",
        "class3": "토드백",
        "sale_amt": 2.48,
        "sale_ratio": 6.0
      },
      {
        "yyyymm": "202406",
        "chnl_nm": "직영점",
        "class3": "햇",
        "sale_amt": 1.22,
        "sale_ratio": 3.0
      },
      {
        "yyyymm": "202406",
        "chnl_nm": "직영점",
        "class3": "반팔다운",
        "sale_amt": 0.98,
        "sale_ratio": 2.0
      },
      {
        "yyyymm": "202406",
        "chnl_nm": "직영점",
        "class3": "신발",
        "sale_amt": 0.87,
        "sale_ratio": 2.0
      },
      {
        "yyyymm": "202406",
        "chnl_nm": "직영점",
        "class3": "트레이닝(상의)",
        "sale_amt": 0.76,
        "sale_ratio": 2.0
      },
      {
        "yyyymm": "202406",
        "chnl_nm": "직영점",
        "class3": "스커트",
        "sale_amt": 0.61,
        "sale_ratio": 2.0
      },
      {
        "yyyymm": "202406",
        "chnl_nm": "직영점",
        "class3": "원피스",
        "sale_amt": 0.44,
        "sale_ratio": 1.0
      },
      {
        "yyyymm": "202406",
        "chnl_nm": "직영점",
        "class3": "트레이닝 숏팬츠",
        "sale_amt": 0.32,
        "sale_ratio": 1.0
      },
      {
        "yyyymm": "202406",
        "chnl_nm": "직영점",
        "class3": "우븐셔츠",
        "sale_amt": 0.31,
        "sale_ratio": 1.0
      },
      {
        "yyyymm": "202406",
        "chnl_nm": "직영점",
        "class3": "트레이닝(하의)",
        "sale_amt": 0.26,
        "sale_ratio": 1.0
      },
      {
        "yyyymm": "202406",
        "chnl_nm": "직영점",
        "class3": "팬츠",
        "sale_amt": 0.26,
        "sale_ratio": 1.0
      },
      {
        "yyyymm": "202406",
        "chnl_nm": "직영점",
        "class3": "레깅스",
        "sale_amt": 0.2,
        "sale_ratio": 0.0
      },
      {
        "yyyymm": "202406",
        "chnl_nm": "직영점",
        "class3": "운동모",
        "sale_amt": 0.17,
        "sale_ratio": 0.0
      },
      {
        "yyyymm": "202406",
        "chnl_nm": "직영점",
        "class3": "뮬",
        "sale_amt": 0.16,
        "sale_ratio": 0.0
      },
      {
        "yyyymm": "202406",
        "chnl_nm": "직영점",
        "class3": "선캡",
        "sale_amt": 0.1,
        "sale_ratio": 0.0
      },
      {
        "yyyymm": "202406",
        "chnl_nm": "직영점",
        "class3": "양말",
        "sale_amt": 0.03,
        "sale_ratio": 0.0
      },
      {
        "yyyymm": "202406",
        "chnl_nm": "자사몰",
        "class3": "반팔카라티셔츠",
        "sale_amt": 5.85,
        "sale_ratio": 17.0
      },
      {
        "yyyymm": "202406",
        "chnl_nm": "자사몰",
        "class3": "반바지",
        "sale_amt": 3.81,
        "sale_ratio": 11.0
      },
      {
        "yyyymm": "202406",
        "chnl_nm": "자사몰",
        "class3": "반팔티셔츠",
        "sale_amt": 3.62,
        "sale_ratio": 11.0
      },
      {
        "yyyymm": "202406",
        "chnl_nm": "자사몰",
        "class3": "뮬",
        "sale_amt": 3.04,
        "sale_ratio": 9.0
      },
      {
        "yyyymm": "202406",
        "chnl_nm": "자사몰",
        "class3": "방풍자켓",
        "sale_amt": 1.97,
        "sale_ratio": 6.0
      },
      {
        "yyyymm": "202406",
        "chnl_nm": "자사몰",
        "class3": "반팔다운",
        "sale_amt": 1.97,
        "sale_ratio": 6.0
      },
      {
        "yyyymm": "202406",
        "chnl_nm": "자사몰",
        "class3": "토드백",
        "sale_amt": 1.92,
        "sale_ratio": 6.0
      },
      {
        "yyyymm": "202406",
        "chnl_nm": "자사몰",
        "class3": "라운드티",
        "sale_amt": 1.82,
        "sale_ratio": 5.0
      },
      {
        "yyyymm": "202406",
        "chnl_nm": "자사몰",
        "class3": "신발",
        "sale_amt": 1.69,
        "sale_ratio": 5.0
      },
      {
        "yyyymm": "202406",
        "chnl_nm": "자사몰",
        "class3": "스커트",
        "sale_amt": 1.02,
        "sale_ratio": 3.0
      },
      {
        "yyyymm": "202406",
        "chnl_nm": "자사몰",
        "class3": "팬츠",
        "sale_amt": 0.88,
        "sale_ratio": 3.0
      },
      {
        "yyyymm": "202406",
        "chnl_nm": "자사몰",
        "class3": "햇",
        "sale_amt": 0.81,
        "sale_ratio": 2.0
      },
      {
        "yyyymm": "202406",
        "chnl_nm": "자사몰",
        "class3": "선캡",
        "sale_amt": 0.79,
        "sale_ratio": 2.0
      },
      {
        "yyyymm": "202406",
        "chnl_nm": "자사몰",
        "class3": "트레이닝(상의)",
        "sale_amt": 0.76,
        "sale_ratio": 2.0
      },
      {
        "yyyymm": "202406",
        "chnl_nm": "자사몰",
        "class3": "트레이닝(하의)",
        "sale_amt": 0.75,
        "sale_ratio": 2.0
      },
      {
        "yyyymm": "202406",
        "chnl_nm": "자사몰",
        "class3": "운동모",
        "sale_amt": 0.59,
        "sale_ratio": 2.0
      },
      {
        "yyyymm": "202406",
        "chnl_nm": "자사몰",
        "class3": "벨트백",
        "sale_amt": 0.56,
        "sale_ratio": 2.0
      },
      {
        "yyyymm": "202406",
        "chnl_nm": "자사몰",
        "class3": "트레이닝 숏팬츠",
        "sale_amt": 0.55,
        "sale_ratio": 2.0
      },
      {
        "yyyymm": "202406",
        "chnl_nm": "자사몰",
        "class3": "니트반팔티셔츠",
        "sale_amt": 0.55,
        "sale_ratio": 2.0
      },
      {
        "yyyymm": "202406",
        "chnl_nm": "자사몰",
        "class3": "원피스",
        "sale_amt": 0.33,
        "sale_ratio": 1.0
      },
      {
        "yyyymm": "202406",
        "chnl_nm": "자사몰",
        "class3": "힙색",
        "sale_amt": 0.25,
        "sale_ratio": 1.0
      },
      {
        "yyyymm": "202406",
        "chnl_nm": "자사몰",
        "class3": "브라",
        "sale_amt": 0.22,
        "sale_ratio": 1.0
      },
      {
        "yyyymm": "202406",
        "chnl_nm": "자사몰",
        "class3": "양말",
        "sale_amt": 0.14,
        "sale_ratio": 0.0
      },
      {
        "yyyymm": "202406",
        "chnl_nm": "자사몰",
        "class3": "레깅스",
        "sale_amt": 0.0,
        "sale_ratio": 0.0
      },
      {
        "yyyymm": "202406",
        "chnl_nm": "자사몰",
        "class3": "방한화",
        "sale_amt": 0.0,
        "sale_ratio": 0.0
      },
      {
        "yyyymm": "202306",
        "chnl_nm": "백화점",
        "class3": "다운점퍼",
        "sale_amt": 31.41,
        "sale_ratio": 22.0
      },
      {
        "yyyymm": "202306",
        "chnl_nm": "백화점",
        "class3": "방풍자켓",
        "sale_amt": 29.56,
        "sale_ratio": 21.0
      },
      {
        "yyyymm": "202306",
        "chnl_nm": "백화점",
        "class3": "반팔카라티셔츠",
        "sale_amt": 14.54,
        "sale_ratio": 10.0
      },
      {
        "yyyymm": "202306",
        "chnl_nm": "백화점",
        "class3": "다운베스트",
        "sale_amt": 13.22,
        "sale_ratio": 9.0
      },
      {
        "yyyymm": "202306",
        "chnl_nm": "백화점",
        "class3": "반팔다운",
        "sale_amt": 7.33,
        "sale_ratio": 5.0
      },
      {
        "yyyymm": "202306",
        "chnl_nm": "백화점",
        "class3": "라운드티",
        "sale_amt": 6.7,
        "sale_ratio": 5.0
      },
      {
        "yyyymm": "202306",
        "chnl_nm": "백화점",
        "class3": "스커트",
        "sale_amt": 5.27,
        "sale_ratio": 4.0
      },
      {
        "yyyymm": "202306",
        "chnl_nm": "백화점",
        "class3": "반바지",
        "sale_amt": 5.09,
        "sale_ratio": 4.0
      },
      {
        "yyyymm": "202306",
        "chnl_nm": "백화점",
        "class3": "원피스",
        "sale_amt": 4.48,
        "sale_ratio": 3.0
      },
      {
        "yyyymm": "202306",
        "chnl_nm": "백화점",
        "class3": "니트반팔티셔츠",
        "sale_amt": 4.25,
        "sale_ratio": 3.0
      },
      {
        "yyyymm": "202306",
        "chnl_nm": "백화점",
        "class3": "트레이닝 숏팬츠",
        "sale_amt": 4.0,
        "sale_ratio": 3.0
      },
      {
        "yyyymm": "202306",
        "chnl_nm": "백화점",
        "class3": "베스트",
        "sale_amt": 3.41,
        "sale_ratio": 2.0
      },
      {
        "yyyymm": "202306",
        "chnl_nm": "백화점",
        "class3": "후드티",
        "sale_amt": 2.14,
        "sale_ratio": 2.0
      },
      {
        "yyyymm": "202306",
        "chnl_nm": "백화점",
        "class3": "토드백",
        "sale_amt": 2.11,
        "sale_ratio": 2.0
      },
      {
        "yyyymm": "202306",
        "chnl_nm": "백화점",
        "class3": "벨트백",
        "sale_amt": 1.3,
        "sale_ratio": 1.0
      },
      {
        "yyyymm": "202306",
        "chnl_nm": "백화점",
        "class3": "햇",
        "sale_amt": 1.07,
        "sale_ratio": 1.0
      },
      {
        "yyyymm": "202306",
        "chnl_nm": "백화점",
        "class3": "선캡",
        "sale_amt": 0.9,
        "sale_ratio": 1.0
      },
      {
        "yyyymm": "202306",
        "chnl_nm": "백화점",
        "class3": "팬츠",
        "sale_amt": 0.66,
        "sale_ratio": 0.0
      },
      {
        "yyyymm": "202306",
        "chnl_nm": "백화점",
        "class3": "운동모",
        "sale_amt": 0.64,
        "sale_ratio": 0.0
      },
      {
        "yyyymm": "202306",
        "chnl_nm": "백화점",
        "class3": "기타가방",
        "sale_amt": 0.58,
        "sale_ratio": 0.0
      },
      {
        "yyyymm": "202306",
        "chnl_nm": "백화점",
        "class3": "스웨트팬츠",
        "sale_amt": 0.55,
        "sale_ratio": 0.0
      },
      {
        "yyyymm": "202306",
        "chnl_nm": "백화점",
        "class3": "양말",
        "sale_amt": 0.44,
        "sale_ratio": 0.0
      },
      {
        "yyyymm": "202306",
        "chnl_nm": "백화점",
        "class3": "방수자켓",
        "sale_amt": 0.24,
        "sale_ratio": 0.0
      },
      {
        "yyyymm": "202306",
        "chnl_nm": "백화점",
        "class3": "장갑",
        "sale_amt": 0.0,
        "sale_ratio": 0.0
      },
      {
        "yyyymm": "202306",
        "chnl_nm": "백화점",
        "class3": "맨투맨",
        "sale_amt": 0.0,
        "sale_ratio": 0.0
      },
      {
        "yyyymm": "202306",
        "chnl_nm": "백화점",
        "class3": "다운 스카프",
        "sale_amt": 0.0,
        "sale_ratio": 0.0
      },
      {
        "yyyymm": "202306",
        "chnl_nm": "백화점",
        "class3": "트레이닝(상의)",
        "sale_amt": 0.0,
        "sale_ratio": 0.0
      },
      {
        "yyyymm": "202306",
        "chnl_nm": "백화점",
        "class3": "트레이닝(하의)",
        "sale_amt": 0.0,
        "sale_ratio": 0.0
      },
      {
        "yyyymm": "202306",
        "chnl_nm": "백화점",
        "class3": "레깅스",
        "sale_amt": 0.0,
        "sale_ratio": 0.0
      },
      {
        "yyyymm": "202306",
        "chnl_nm": "백화점",
        "class3": "비니",
        "sale_amt": 0.0,
        "sale_ratio": 0.0
      },
      {
        "yyyymm": "202306",
        "chnl_nm": "백화점",
        "class3": "니트풀오버",
        "sale_amt": 0.0,
        "sale_ratio": 0.0
      },
      {
        "yyyymm": "202306",
        "chnl_nm": "백화점",
        "class3": "패딩",
        "sale_amt": 0.0,
        "sale_ratio": 0.0
      },
      {
        "yyyymm": "202306",
        "chnl_nm": "아울렛",
        "class3": "방풍자켓",
        "sale_amt": 21.96,
        "sale_ratio": 32.0
      },
      {
        "yyyymm": "202306",
        "chnl_nm": "아울렛",
        "class3": "다운점퍼",
        "sale_amt": 11.89,
        "sale_ratio": 18.0
      },
      {
        "yyyymm": "202306",
        "chnl_nm": "아울렛",
        "class3": "반팔카라티셔츠",
        "sale_amt": 6.36,
        "sale_ratio": 9.0
      },
      {
        "yyyymm": "202306",
        "chnl_nm": "아울렛",
        "class3": "반팔다운",
        "sale_amt": 5.98,
        "sale_ratio": 9.0
      },
      {
        "yyyymm": "202306",
        "chnl_nm": "아울렛",
        "class3": "라운드티",
        "sale_amt": 5.2,
        "sale_ratio": 8.0
      },
      {
        "yyyymm": "202306",
        "chnl_nm": "아울렛",
        "class3": "반바지",
        "sale_amt": 3.07,
        "sale_ratio": 5.0
      },
      {
        "yyyymm": "202306",
        "chnl_nm": "아울렛",
        "class3": "스커트",
        "sale_amt": 2.65,
        "sale_ratio": 4.0
      },
      {
        "yyyymm": "202306",
        "chnl_nm": "아울렛",
        "class3": "팬츠",
        "sale_amt": 2.02,
        "sale_ratio": 3.0
      },
      {
        "yyyymm": "202306",
        "chnl_nm": "아울렛",
        "class3": "선캡",
        "sale_amt": 1.74,
        "sale_ratio": 3.0
      },
      {
        "yyyymm": "202306",
        "chnl_nm": "아울렛",
        "class3": "베스트",
        "sale_amt": 1.34,
        "sale_ratio": 2.0
      },
      {
        "yyyymm": "202306",
        "chnl_nm": "아울렛",
        "class3": "다운베스트",
        "sale_amt": 1.3,
        "sale_ratio": 2.0
      },
      {
        "yyyymm": "202306",
        "chnl_nm": "아울렛",
        "class3": "토드백",
        "sale_amt": 1.02,
        "sale_ratio": 2.0
      },
      {
        "yyyymm": "202306",
        "chnl_nm": "아울렛",
        "class3": "벨트백",
        "sale_amt": 0.88,
        "sale_ratio": 1.0
      },
      {
        "yyyymm": "202306",
        "chnl_nm": "아울렛",
        "class3": "트레이닝(상의)",
        "sale_amt": 0.59,
        "sale_ratio": 1.0
      },
      {
        "yyyymm": "202306",
        "chnl_nm": "아울렛",
        "class3": "운동모",
        "sale_amt": 0.37,
        "sale_ratio": 1.0
      },
      {
        "yyyymm": "202306",
        "chnl_nm": "아울렛",
        "class3": "우븐셔츠",
        "sale_amt": 0.3,
        "sale_ratio": 0.0
      },
      {
        "yyyymm": "202306",
        "chnl_nm": "아울렛",
        "class3": "트레이닝(하의)",
        "sale_amt": 0.28,
        "sale_ratio": 0.0
      },
      {
        "yyyymm": "202306",
        "chnl_nm": "아울렛",
        "class3": "후드티",
        "sale_amt": 0.28,
        "sale_ratio": 0.0
      },
      {
        "yyyymm": "202306",
        "chnl_nm": "아울렛",
        "class3": "파우치",
        "sale_amt": 0.22,
        "sale_ratio": 0.0
      },
      {
        "yyyymm": "202306",
        "chnl_nm": "아울렛",
        "class3": "레깅스",
        "sale_amt": 0.19,
        "sale_ratio": 0.0
      },
      {
        "yyyymm": "202306",
        "chnl_nm": "아울렛",
        "class3": "햇",
        "sale_amt": 0.12,
        "sale_ratio": 0.0
      },
      {
        "yyyymm": "202306",
        "chnl_nm": "아울렛",
        "class3": "장갑",
        "sale_amt": 0.07,
        "sale_ratio": 0.0
      },
      {
        "yyyymm": "202306",
        "chnl_nm": "아울렛",
        "class3": "양말",
        "sale_amt": 0.05,
        "sale_ratio": 0.0
      },
      {
        "yyyymm": "202306",
        "chnl_nm": "아울렛",
        "class3": "보스톤백",
        "sale_amt": 0.0,
        "sale_ratio": 0.0
      },
      {
        "yyyymm": "202306",
        "chnl_nm": "아울렛",
        "class3": "패딩",
        "sale_amt": 0.0,
        "sale_ratio": 0.0
      },
      {
        "yyyymm": "202306",
        "chnl_nm": "아울렛",
        "class3": "가방",
        "sale_amt": 0.0,
        "sale_ratio": 0.0
      },
      {
        "yyyymm": "202306",
        "chnl_nm": "아울렛",
        "class3": "원피스",
        "sale_amt": 0.0,
        "sale_ratio": 0.0
      },
      {
        "yyyymm": "202306",
        "chnl_nm": "아울렛",
        "class3": "소프트쉘",
        "sale_amt": 0.0,
        "sale_ratio": 0.0
      },
      {
        "yyyymm": "202306",
        "chnl_nm": "아울렛",
        "class3": "다운쇼츠",
        "sale_amt": 0.0,
        "sale_ratio": 0.0
      },
      {
        "yyyymm": "202306",
        "chnl_nm": "아울렛",
        "class3": "방수자켓",
        "sale_amt": 0.0,
        "sale_ratio": 0.0
      },
      {
        "yyyymm": "202306",
        "chnl_nm": "아울렛",
        "class3": "맨투맨",
        "sale_amt": 0.0,
        "sale_ratio": 0.0
      },
      {
        "yyyymm": "202306",
        "chnl_nm": "자사몰",
        "class3": "스커트",
        "sale_amt": 3.27,
        "sale_ratio": 17.0
      },
      {
        "yyyymm": "202306",
        "chnl_nm": "자사몰",
        "class3": "원피스",
        "sale_amt": 2.96,
        "sale_ratio": 15.0
      },
      {
        "yyyymm": "202306",
        "chnl_nm": "자사몰",
        "class3": "반팔카라티셔츠",
        "sale_amt": 2.9,
        "sale_ratio": 15.0
      },
      {
        "yyyymm": "202306",
        "chnl_nm": "자사몰",
        "class3": "방풍자켓",
        "sale_amt": 2.48,
        "sale_ratio": 13.0
      },
      {
        "yyyymm": "202306",
        "chnl_nm": "자사몰",
        "class3": "다운점퍼",
        "sale_amt": 0.98,
        "sale_ratio": 5.0
      },
      {
        "yyyymm": "202306",
        "chnl_nm": "자사몰",
        "class3": "토드백",
        "sale_amt": 0.96,
        "sale_ratio": 5.0
      },
      {
        "yyyymm": "202306",
        "chnl_nm": "자사몰",
        "class3": "다운베스트",
        "sale_amt": 0.89,
        "sale_ratio": 5.0
      },
      {
        "yyyymm": "202306",
        "chnl_nm": "자사몰",
        "class3": "선캡",
        "sale_amt": 0.83,
        "sale_ratio": 4.0
      },
      {
        "yyyymm": "202306",
        "chnl_nm": "자사몰",
        "class3": "라운드티",
        "sale_amt": 0.81,
        "sale_ratio": 4.0
      },
      {
        "yyyymm": "202306",
        "chnl_nm": "자사몰",
        "class3": "벨트백",
        "sale_amt": 0.57,
        "sale_ratio": 3.0
      },
      {
        "yyyymm": "202306",
        "chnl_nm": "자사몰",
        "class3": "햇",
        "sale_amt": 0.57,
        "sale_ratio": 3.0
      },
      {
        "yyyymm": "202306",
        "chnl_nm": "자사몰",
        "class3": "니트반팔티셔츠",
        "sale_amt": 0.53,
        "sale_ratio": 3.0
      },
      {
        "yyyymm": "202306",
        "chnl_nm": "자사몰",
        "class3": "트레이닝 숏팬츠",
        "sale_amt": 0.49,
        "sale_ratio": 3.0
      },
      {
        "yyyymm": "202306",
        "chnl_nm": "자사몰",
        "class3": "후드티",
        "sale_amt": 0.45,
        "sale_ratio": 2.0
      },
      {
        "yyyymm": "202306",
        "chnl_nm": "자사몰",
        "class3": "운동모",
        "sale_amt": 0.41,
        "sale_ratio": 2.0
      },
      {
        "yyyymm": "202306",
        "chnl_nm": "자사몰",
        "class3": "반바지",
        "sale_amt": 0.33,
        "sale_ratio": 2.0
      },
      {
        "yyyymm": "202306",
        "chnl_nm": "자사몰",
        "class3": "양말",
        "sale_amt": 0.1,
        "sale_ratio": 1.0
      },
      {
        "yyyymm": "202306",
        "chnl_nm": "자사몰",
        "class3": "팬츠",
        "sale_amt": 0.0,
        "sale_ratio": 0.0
      },
      {
        "yyyymm": "202306",
        "chnl_nm": "자사몰",
        "class3": "비니",
        "sale_amt": 0.0,
        "sale_ratio": 0.0
      },
      {
        "yyyymm": "202306",
        "chnl_nm": "자사몰",
        "class3": "반팔다운",
        "sale_amt": 0.0,
        "sale_ratio": 0.0
      },
      {
        "yyyymm": "202306",
        "chnl_nm": "제휴몰",
        "class3": "반팔카라티셔츠",
        "sale_amt": 2.44,
        "sale_ratio": 28.0
      },
      {
        "yyyymm": "202306",
        "chnl_nm": "제휴몰",
        "class3": "스커트",
        "sale_amt": 1.46,
        "sale_ratio": 17.0
      },
      {
        "yyyymm": "202306",
        "chnl_nm": "제휴몰",
        "class3": "원피스",
        "sale_amt": 0.79,
        "sale_ratio": 9.0
      },
      {
        "yyyymm": "202306",
        "chnl_nm": "제휴몰",
        "class3": "방풍자켓",
        "sale_amt": 0.78,
        "sale_ratio": 9.0
      },
      {
        "yyyymm": "202306",
        "chnl_nm": "제휴몰",
        "class3": "햇",
        "sale_amt": 0.63,
        "sale_ratio": 7.0
      },
      {
        "yyyymm": "202306",
        "chnl_nm": "제휴몰",
        "class3": "선캡",
        "sale_amt": 0.62,
        "sale_ratio": 7.0
      },
      {
        "yyyymm": "202306",
        "chnl_nm": "제휴몰",
        "class3": "니트반팔티셔츠",
        "sale_amt": 0.53,
        "sale_ratio": 6.0
      },
      {
        "yyyymm": "202306",
        "chnl_nm": "제휴몰",
        "class3": "벨트백",
        "sale_amt": 0.49,
        "sale_ratio": 6.0
      },
      {
        "yyyymm": "202306",
        "chnl_nm": "제휴몰",
        "class3": "반바지",
        "sale_amt": 0.39,
        "sale_ratio": 4.0
      },
      {
        "yyyymm": "202306",
        "chnl_nm": "제휴몰",
        "class3": "양말",
        "sale_amt": 0.34,
        "sale_ratio": 4.0
      },
      {
        "yyyymm": "202306",
        "chnl_nm": "제휴몰",
        "class3": "라운드티",
        "sale_amt": 0.34,
        "sale_ratio": 4.0
      },
      {
        "yyyymm": "202306",
        "chnl_nm": "제휴몰",
        "class3": "토드백",
        "sale_amt": 0.0,
        "sale_ratio": 0.0
      },
      {
        "yyyymm": "202306",
        "chnl_nm": "제휴몰",
        "class3": "다운베스트",
        "sale_amt": 0.0,
        "sale_ratio": 0.0
      },
      {
        "yyyymm": "202306",
        "chnl_nm": "제휴몰",
        "class3": "다운점퍼",
        "sale_amt": 0.0,
        "sale_ratio": 0.0
      },
      {
        "yyyymm": "202306",
        "chnl_nm": "제휴몰",
        "class3": "반팔다운",
        "sale_amt": 0.0,
        "sale_ratio": 0.0
      },
      {
        "yyyymm": "202306",
        "chnl_nm": "제휴몰",
        "class3": "패딩",
        "sale_amt": 0.0,
        "sale_ratio": 0.0
      },
      {
        "yyyymm": "202306",
        "chnl_nm": "제휴몰",
        "class3": "소프트쉘",
        "sale_amt": 0.0,
        "sale_ratio": 0.0
      },
      {
        "yyyymm": "202306",
        "chnl_nm": "제휴몰",
        "class3": "스웨트팬츠",
        "sale_amt": 0.0,
        "sale_ratio": 0.0
      },
      {
        "yyyymm": "202306",
        "chnl_nm": "제휴몰",
        "class3": "팬츠",
        "sale_amt": 0.0,
        "sale_ratio": 0.0
      },
      {
        "yyyymm": "202306",
        "chnl_nm": "직영점",
        "class3": "방풍자켓",
        "sale_amt": 0.87,
        "sale_ratio": 21.0
      },
      {
        "yyyymm": "202306",
        "chnl_nm": "직영점",
        "class3": "반팔카라티셔츠",
        "sale_amt": 0.85,
        "sale_ratio": 21.0
      },
      {
        "yyyymm": "202306",
        "chnl_nm": "직영점",
        "class3": "반바지",
        "sale_amt": 0.8,
        "sale_ratio": 20.0
      },
      {
        "yyyymm": "202306",
        "chnl_nm": "직영점",
        "class3": "스커트",
        "sale_amt": 0.44,
        "sale_ratio": 11.0
      },
      {
        "yyyymm": "202306",
        "chnl_nm": "직영점",
        "class3": "햇",
        "sale_amt": 0.37,
        "sale_ratio": 9.0
      },
      {
        "yyyymm": "202306",
        "chnl_nm": "직영점",
        "class3": "라운드티",
        "sale_amt": 0.33,
        "sale_ratio": 8.0
      },
      {
        "yyyymm": "202306",
        "chnl_nm": "직영점",
        "class3": "선캡",
        "sale_amt": 0.31,
        "sale_ratio": 8.0
      },
      {
        "yyyymm": "202306",
        "chnl_nm": "직영점",
        "class3": "양말",
        "sale_amt": 0.07,
        "sale_ratio": 2.0
      },
      {
        "yyyymm": "202306",
        "chnl_nm": "직영점",
        "class3": "다운점퍼",
        "sale_amt": 0.0,
        "sale_ratio": 0.0
      },
      {
        "yyyymm": "202306",
        "chnl_nm": "직영점",
        "class3": "반팔다운",
        "sale_amt": 0.0,
        "sale_ratio": 0.0
      },
      {
        "yyyymm": "202306",
        "chnl_nm": "직영점",
        "class3": "니트반팔티셔츠",
        "sale_amt": 0.0,
        "sale_ratio": 0.0
      },
      {
        "yyyymm": "202306",
        "chnl_nm": "직영점",
        "class3": "기타가방",
        "sale_amt": 0.0,
        "sale_ratio": 0.0
      },
      {
        "yyyymm": "202306",
        "chnl_nm": "직영점",
        "class3": "다운베스트",
        "sale_amt": 0.0,
        "sale_ratio": 0.0
      }
    ]
  }
}