{
  "country": "KR",
  "brand_cd": "V",
  "brand_name": "DUVETICA",
  "yyyymm": "202404",
  "yyyymm_py": "202304",
  "key": "할인율",
  "sub_key": "종합분석",
  "analysis_data": {
    "title": "할인율 종합분석",
    "sections": [
      {
        "div": "종합분석-1",
        "sub_title": "전략 우수 채널",
        "ai_text": "자사몰이 유일한 전략 우수 채널로 할인율 0.0%를 달성하며 전년대비 9.5%p 개선되었습니다.\n정가 판매 정책을 성공적으로 유지하며 브랜드 가치 보호에 기여하고 있습니다.\n직접 고객 접점을 통한 브랜드 컨트롤이 할인율 최적화의 핵심 성공 요인으로 분석됩니다.\n자사몰 모델을 다른 채널에 벤치마킹할 필요가 있습니다."
      },
      {
        "div": "종합분석-2",
        "sub_title": "주의 필요 채널",
        "ai_text": "아울렛(51.1%, +19.0%p)이 가장 높은 할인율을 보이며 전년대비 크게 악화되었습니다.\n백화점(37.1%, +23.7%p)과 제휴몰(30.2%, +23.6%p)이 20%p 이상 악화되어 즉시 개선이 필요합니다.\n직영점(29.3%, +10.1%p)도 할인율이 상승하여 관리 강화가 요구됩니다.\n전체적으로 오프라인 채널의 할인 압박이 심화되고 있는 상황입니다."
      },
      {
        "div": "종합분석-3",
        "sub_title": "AI 권장 사항",
        "ai_text": "자사몰 성공 모델을 활용하여 직영점 정가 판매 정책을 강화하고 VMD 및 상품 구성을 최적화하세요.\n백화점과 제휴몰은 할인 대신 번들링, 적립금 등 대안적 프로모션 전략으로 전환하세요.\n아울렛은 과시즌 상품 비중을 줄이고 전용 라인 개발을 통해 브랜드 가치 훼손을 방지하세요.\n채널별 차별화된 상품 포트폴리오 구성으로 가격 경쟁을 완화하고 브랜드 포지셔닝을 강화하세요."
      }
    ]
  },
  "summary": {
    "total_discount_cy": 38.7,
    "total_discount_py": 22.9,
    "change_pct": 15.8,
    "unique_channels": 5,
    "unique_items": 8,
    "analysis_period": "2023년 4월 vs 2024년 4월"
  },
  "channel_summary": {
    "백화점": {
      "discount_cy": 37.1,
      "discount_py": 13.4,
      "yoy": 23.7
    },
    "직영점": {
      "discount_cy": 29.3,
      "discount_py": 19.2,
      "yoy": 10.1
    },
    "자사몰": {
      "discount_cy": 0.0,
      "discount_py": 9.5,
      "yoy": -9.5
    },
    "제휴몰": {
      "discount_cy": 30.2,
      "discount_py": 6.6,
      "yoy": 23.6
    },
    "아울렛": {
      "discount_cy": 51.1,
      "discount_py": 32.1,
      "yoy": 19.0
    }
  },
  "excellent_channels": [
    {
      "chnl_nm": "자사몰",
      "discount_cy": 0.0,
      "yoy": -9.5
    }
  ],
  "warning_channels": [
    {
      "chnl_nm": "아울렛",
      "discount_cy": 51.1,
      "yoy": 19.0
    },
    {
      "chnl_nm": "백화점",
      "discount_cy": 37.1,
      "yoy": 23.7
    },
    {
      "chnl_nm": "제휴몰",
      "discount_cy": 30.2,
      "yoy": 23.6
    },
    {
      "chnl_nm": "직영점",
      "discount_cy": 29.3,
      "yoy": 10.1
    }
  ],
  "raw_data": {
    "sample_records": [
      {
        "CHNL_NM": "전체",
        "DISCOUNT": 38.7,
        "YOY": 15.8,
        "SEQ": 1
      },
      {
        "CHNL_NM": "백화점",
        "DISCOUNT": 37.1,
        "YOY": 23.7,
        "SEQ": 2
      },
      {
        "CHNL_NM": "직영점",
        "DISCOUNT": 29.3,
        "YOY": 10.1,
        "SEQ": 2
      },
      {
        "CHNL_NM": "자사몰",
        "DISCOUNT": 0.0,
        "YOY": -9.5,
        "SEQ": 2
      },
      {
        "CHNL_NM": "제휴몰",
        "DISCOUNT": 30.2,
        "YOY": 23.6,
        "SEQ": 2
      },
      {
        "CHNL_NM": "아울렛",
        "DISCOUNT": 51.1,
        "YOY": 19.0,
        "SEQ": 2
      },
      {
        "CHNL_NM": "24S 의류",
        "DISCOUNT": 13.5,
        "YOY": 3.6,
        "SEQ": 4
      },
      {
        "CHNL_NM": "23F 의류",
        "DISCOUNT": 36.0,
        "YOY": -1.2,
        "SEQ": 4
      },
      {
        "CHNL_NM": "과시즌 의류",
        "DISCOUNT": 49.6,
        "YOY": 15.9,
        "SEQ": 4
      },
      {
        "CHNL_NM": "모자",
        "DISCOUNT": 35.0,
        "YOY": 19.2,
        "SEQ": 4
      },
      {
        "CHNL_NM": "신발",
        "DISCOUNT": 10.0,
        "YOY": 10.0,
        "SEQ": 4
      },
      {
        "CHNL_NM": "가방",
        "DISCOUNT": 27.3,
        "YOY": -0.5,
        "SEQ": 4
      },
      {
        "CHNL_NM": "기타ACC",
        "DISCOUNT": 36.9,
        "YOY": 21.3,
        "SEQ": 4
      },
      {
        "CHNL_NM": "차기시즌 의류",
        "DISCOUNT": 0.0,
        "YOY": 0.0,
        "SEQ": 4
      }
    ],
    "total_records_count": 14
  }
}