{
  "country": "KR",
  "brand_cd": "ST",
  "brand_name": "SERGIO TACCHINI",
  "yyyymm": "202408",
  "yyyymm_py": "202308",
  "key": "할인율",
  "sub_key": "종합분석",
  "analysis_data": {
    "title": "할인율 종합분석",
    "sections": [
      {
        "div": "종합분석-1",
        "sub_title": "전략 우수 채널",
        "ai_text": "자사몰이 유일한 우수 채널로 당해와 전년 모두 할인율 0.0%를 유지하며 가격 안정성을 보여주고 있습니다.\n면세점은 5.7%의 상대적으로 낮은 할인율을 기록했으나 전년 0.0%에서 상승한 점은 주의가 필요합니다.\n전체적으로 대부분 채널에서 할인율이 급격히 상승하여 우수 채널이 매우 제한적인 상황입니다.\n자사몰의 무할인 전략이 브랜드 가치 보호에 효과적임을 입증하고 있습니다."
      },
      {
        "div": "종합분석-2",
        "sub_title": "주의 필요 채널",
        "ai_text": "아울렛이 49.3% 할인율로 가장 심각한 수준이며, 전년 0.0%에서 급격히 상승했습니다.\n백화점(17.2%), 제휴몰(15.7%) 모두 전년 0.0%에서 두 자릿수 할인율로 급등하며 수익성 악화를 보이고 있습니다.\n직영점도 14.7%로 전년 1.4%에서 13.3%p 상승하여 가격 통제력이 약화된 상태입니다.\n전체 할인율이 0.5%에서 18.8%로 18.3%p 급증하여 브랜드 가치 훼손 위험이 높습니다."
      },
      {
        "div": "종합분석-3",
        "sub_title": "AI 권장 사항",
        "ai_text": "• 아울렛 채널 할인율 상한선 설정(40% 이내) 및 단계적 할인 축소 전략 실행\n• 백화점/제휴몰 대상 브랜드 가치 기반 가격 정책 재정립 및 할인 가이드라인 수립\n• 자사몰 무할인 전략을 타 채널로 확산하여 브랜드 프리미엄 강화\n• 과시즌 의류(42.1%) 등 고할인 아이템군 재고 관리 최적화 및 사전 수요 예측 시스템 구축"
      }
    ]
  },
  "summary": {
    "total_discount_cy": 18.8,
    "total_discount_py": 0.5,
    "change_pct": 18.3,
    "unique_channels": 6,
    "unique_items": 8,
    "analysis_period": "2023년 8월 vs 2024년 8월"
  },
  "channel_summary": {
    "백화점": {
      "discount_cy": 17.2,
      "discount_py": 0.0,
      "yoy": 17.2
    },
    "직영점": {
      "discount_cy": 14.7,
      "discount_py": 1.4,
      "yoy": 13.3
    },
    "자사몰": {
      "discount_cy": 0.0,
      "discount_py": 0.0,
      "yoy": 0.0
    },
    "제휴몰": {
      "discount_cy": 15.7,
      "discount_py": 0.0,
      "yoy": 15.7
    },
    "아울렛": {
      "discount_cy": 49.3,
      "discount_py": 0.0,
      "yoy": 49.3
    },
    "면세점": {
      "discount_cy": 5.7,
      "discount_py": 0.0,
      "yoy": 5.7
    }
  },
  "excellent_channels": [],
  "warning_channels": [
    {
      "chnl_nm": "아울렛",
      "discount_cy": 49.3,
      "yoy": 49.3
    },
    {
      "chnl_nm": "백화점",
      "discount_cy": 17.2,
      "yoy": 17.2
    },
    {
      "chnl_nm": "제휴몰",
      "discount_cy": 15.7,
      "yoy": 15.7
    },
    {
      "chnl_nm": "직영점",
      "discount_cy": 14.7,
      "yoy": 13.3
    },
    {
      "chnl_nm": "면세점",
      "discount_cy": 5.7,
      "yoy": 5.7
    }
  ],
  "raw_data": {
    "sample_records": [
      {
        "CHNL_NM": "전체",
        "DISCOUNT": 18.8,
        "YOY": 18.3,
        "SEQ": 1
      },
      {
        "CHNL_NM": "백화점",
        "DISCOUNT": 17.2,
        "YOY": 17.2,
        "SEQ": 2
      },
      {
        "CHNL_NM": "직영점",
        "DISCOUNT": 14.7,
        "YOY": 13.3,
        "SEQ": 2
      },
      {
        "CHNL_NM": "자사몰",
        "DISCOUNT": 0.0,
        "YOY": 0.0,
        "SEQ": 2
      },
      {
        "CHNL_NM": "제휴몰",
        "DISCOUNT": 15.7,
        "YOY": 15.7,
        "SEQ": 2
      },
      {
        "CHNL_NM": "아울렛",
        "DISCOUNT": 49.3,
        "YOY": 49.3,
        "SEQ": 2
      },
      {
        "CHNL_NM": "면세점",
        "DISCOUNT": 5.7,
        "YOY": 5.7,
        "SEQ": 2
      },
      {
        "CHNL_NM": "24S 의류",
        "DISCOUNT": 7.4,
        "YOY": 6.7,
        "SEQ": 4
      },
      {
        "CHNL_NM": "23F 의류",
        "DISCOUNT": 47.5,
        "YOY": 47.5,
        "SEQ": 4
      },
      {
        "CHNL_NM": "과시즌 의류",
        "DISCOUNT": 42.1,
        "YOY": 42.1,
        "SEQ": 4
      },
      {
        "CHNL_NM": "모자",
        "DISCOUNT": 8.4,
        "YOY": 8.2,
        "SEQ": 4
      },
      {
        "CHNL_NM": "신발",
        "DISCOUNT": 24.6,
        "YOY": 24.5,
        "SEQ": 4
      },
      {
        "CHNL_NM": "가방",
        "DISCOUNT": 13.1,
        "YOY": 12.9,
        "SEQ": 4
      },
      {
        "CHNL_NM": "기타ACC",
        "DISCOUNT": 5.8,
        "YOY": 5.0,
        "SEQ": 4
      },
      {
        "CHNL_NM": "차기시즌 의류",
        "DISCOUNT": 7.6,
        "YOY": 7.2,
        "SEQ": 4
      }
    ],
    "total_records_count": 15
  }
}