{
  "country": "KR",
  "brand_cd": "W",
  "brand_name": "SUPRA",
  "yyyymm": "202409",
  "yyyymm_py": "202309",
  "key": "월별아이템별매출추세",
  "analysis_data": {
    "title": "아이템별 매출 종합분석 (당해 1월~현재월)",
    "sections": [
      {
        "div": "종합분석-1",
        "sub_title": "시즌 트렌드",
        "ai_text": "• 24S 의류는 907백만원(42.0% 비중)으로 3-4월 피크(203백만원) 후 하반기 급감세를 보이며 시즌 종료 패턴을 나타냄\n• 24F 의류는 227백만원(10.5% 비중)으로 9월 급증(130백만원)하며 본격 시즌 진입 신호를 보여 하반기 성장 동력 확보\n• 과시즌 의류는 373백만원(17.3% 비중)으로 1월 최고점(135백만원) 후 지속 하락하다 9월 반등(46백만원) 조짐"
      },
      {
        "div": "종합분석-2",
        "sub_title": "카테고리",
        "ai_text": "• 신발은 450백만원(20.8% 비중)으로 월평균 50백만원의 안정적 매출을 유지하며 9월 64백만원으로 상승세 전환\n• 모자는 115백만원(5.3% 비중)으로 4-5월 피크(16-19백만원) 후 안정화되었으나 9월 재상승(17백만원) 신호\n• 가방은 74백만원(3.4% 비중)으로 3월 최고점(13백만원) 이후 하락세가 지속되어 추가 활성화 전략 필요"
      },
      {
        "div": "종합분석-3",
        "sub_title": "핵심액션",
        "ai_text": "• 24F 의류 9월 급증 모멘텀 활용하여 10-11월 신상품 라인업 확대 및 프로모션 집중 투입으로 시즌 매출 극대화\n• 신발 카테고리의 안정적 성과를 기반으로 한정판 출시와 콜라보레이션 상품 개발을 통한 프리미엄화 전략 추진\n• 가방 부진 타개를 위해 트렌드 분석 기반 디자인 리뉴얼과 타겟 고객층 재정의를 통한 상품 포지셔닝 재설정"
      }
    ]
  },
  "summary": {
    "total_sales": 2160.0,
    "unique_months": 9,
    "analysis_period": "2024년 01월 ~ 2024년 09월"
  },
  "season_items": [
    {
      "name": "24S 의류",
      "total_sales": 907.0,
      "months": {
        "01": 3.0,
        "02": 28.0,
        "03": 163.0,
        "04": 203.0,
        "05": 179.0,
        "06": 129.0,
        "07": 94.0,
        "08": 60.0,
        "09": 48.0
      },
      "avg_ratio": 39.44444444444444,
      "avg_yoy": 1731.4444444444443
    },
    {
      "name": "과시즌 의류",
      "total_sales": 373.0,
      "months": {
        "01": 135.0,
        "02": 64.0,
        "03": 48.0,
        "04": 42.0,
        "05": 18.0,
        "06": 9.0,
        "07": 9.0,
        "08": 2.0,
        "09": 46.0
      },
      "avg_ratio": 19.555555555555557,
      "avg_yoy": 813.0
    },
    {
      "name": "24F 의류",
      "total_sales": 227.0,
      "months": {
        "04": 2.0,
        "05": 17.0,
        "06": 13.0,
        "07": 23.0,
        "08": 42.0,
        "09": 130.0
      },
      "avg_ratio": 15.166666666666666,
      "avg_yoy": 59.833333333333336
    }
  ],
  "category_items": [
    {
      "name": "신발",
      "total_sales": 450.0,
      "months": {
        "01": 46.0,
        "02": 28.0,
        "03": 46.0,
        "04": 51.0,
        "05": 55.0,
        "06": 51.0,
        "07": 58.0,
        "08": 51.0,
        "09": 64.0
      },
      "avg_ratio": 21.666666666666668,
      "avg_yoy": 793.3333333333334
    },
    {
      "name": "모자",
      "total_sales": 115.0,
      "months": {
        "01": 6.0,
        "02": 7.0,
        "03": 17.0,
        "04": 16.0,
        "05": 19.0,
        "06": 11.0,
        "07": 11.0,
        "08": 11.0,
        "09": 17.0
      },
      "avg_ratio": 5.222222222222222,
      "avg_yoy": 4767.444444444444
    },
    {
      "name": "가방",
      "total_sales": 74.0,
      "months": {
        "01": 7.0,
        "02": 7.0,
        "03": 13.0,
        "04": 11.0,
        "05": 10.0,
        "06": 7.0,
        "07": 5.0,
        "08": 5.0,
        "09": 9.0
      },
      "avg_ratio": 3.4444444444444446,
      "avg_yoy": 3708.4444444444443
    },
    {
      "name": "기타ACC",
      "total_sales": 12.0,
      "months": {
        "01": 1.0,
        "02": 1.0,
        "03": 3.0,
        "04": 1.0,
        "05": 2.0,
        "06": 1.0,
        "07": 1.0,
        "08": 1.0,
        "09": 1.0
      },
      "avg_ratio": 0.5555555555555556,
      "avg_yoy": 657.0
    }
  ],
  "raw_data": {
    "sample_records": [
      {
        "MONTH": "01",
        "CHNL_NM": "전체",
        "SALE_AMT": 198.0,
        "RATIO": 100.0,
        "YOY": 2614.0,
        "SEQ": 1
      },
      {
        "MONTH": "01",
        "CHNL_NM": "직영기타",
        "SALE_AMT": 68.0,
        "RATIO": 34.0,
        "YOY": 0.0,
        "SEQ": 2
      },
      {
        "MONTH": "01",
        "CHNL_NM": "제휴몰",
        "SALE_AMT": 16.0,
        "RATIO": 8.0,
        "YOY": 2303.0,
        "SEQ": 2
      },
      {
        "MONTH": "01",
        "CHNL_NM": "자사몰",
        "SALE_AMT": 12.0,
        "RATIO": 6.0,
        "YOY": 180.0,
        "SEQ": 2
      },
      {
        "MONTH": "01",
        "CHNL_NM": "면세점",
        "SALE_AMT": 101.0,
        "RATIO": 51.0,
        "YOY": 0.0,
        "SEQ": 2
      },
      {
        "MONTH": "01",
        "CHNL_NM": "24S 의류",
        "SALE_AMT": 3.0,
        "RATIO": 2.0,
        "YOY": 0.0,
        "SEQ": 3
      },
      {
        "MONTH": "01",
        "CHNL_NM": "과시즌 의류",
        "SALE_AMT": 135.0,
        "RATIO": 68.0,
        "YOY": 1779.0,
        "SEQ": 3
      },
      {
        "MONTH": "01",
        "CHNL_NM": "모자",
        "SALE_AMT": 6.0,
        "RATIO": 3.0,
        "YOY": 0.0,
        "SEQ": 3
      },
      {
        "MONTH": "01",
        "CHNL_NM": "신발",
        "SALE_AMT": 46.0,
        "RATIO": 23.0,
        "YOY": 0.0,
        "SEQ": 3
      },
      {
        "MONTH": "01",
        "CHNL_NM": "가방",
        "SALE_AMT": 7.0,
        "RATIO": 4.0,
        "YOY": 0.0,
        "SEQ": 3
      },
      {
        "MONTH": "01",
        "CHNL_NM": "기타ACC",
        "SALE_AMT": 1.0,
        "RATIO": 0.0,
        "YOY": 0.0,
        "SEQ": 3
      },
      {
        "MONTH": "02",
        "CHNL_NM": "전체",
        "SALE_AMT": 134.0,
        "RATIO": 100.0,
        "YOY": 2937.0,
        "SEQ": 1
      },
      {
        "MONTH": "02",
        "CHNL_NM": "직영기타",
        "SALE_AMT": 94.0,
        "RATIO": 70.0,
        "YOY": 0.0,
        "SEQ": 2
      },
      {
        "MONTH": "02",
        "CHNL_NM": "제휴몰",
        "SALE_AMT": 7.0,
        "RATIO": 5.0,
        "YOY": 244.0,
        "SEQ": 2
      },
      {
        "MONTH": "02",
        "CHNL_NM": "자사몰",
        "SALE_AMT": 3.0,
        "RATIO": 2.0,
        "YOY": 172.0,
        "SEQ": 2
      },
      {
        "MONTH": "02",
        "CHNL_NM": "면세점",
        "SALE_AMT": 31.0,
        "RATIO": 23.0,
        "YOY": 0.0,
        "SEQ": 2
      },
      {
        "MONTH": "02",
        "CHNL_NM": "24S 의류",
        "SALE_AMT": 28.0,
        "RATIO": 21.0,
        "YOY": 5797.0,
        "SEQ": 3
      },
      {
        "MONTH": "02",
        "CHNL_NM": "과시즌 의류",
        "SALE_AMT": 64.0,
        "RATIO": 48.0,
        "YOY": 1637.0,
        "SEQ": 3
      },
      {
        "MONTH": "02",
        "CHNL_NM": "모자",
        "SALE_AMT": 7.0,
        "RATIO": 5.0,
        "YOY": 5928.0,
        "SEQ": 3
      },
      {
        "MONTH": "02",
        "CHNL_NM": "신발",
        "SALE_AMT": 28.0,
        "RATIO": 21.0,
        "YOY": 0.0,
        "SEQ": 3
      },
      {
        "MONTH": "02",
        "CHNL_NM": "가방",
        "SALE_AMT": 7.0,
        "RATIO": 5.0,
        "YOY": 13727.0,
        "SEQ": 3
      },
      {
        "MONTH": "02",
        "CHNL_NM": "기타ACC",
        "SALE_AMT": 1.0,
        "RATIO": 0.0,
        "YOY": 0.0,
        "SEQ": 3
      },
      {
        "MONTH": "03",
        "CHNL_NM": "전체",
        "SALE_AMT": 290.0,
        "RATIO": 100.0,
        "YOY": 3716.0,
        "SEQ": 1
      },
      {
        "MONTH": "03",
        "CHNL_NM": "직영기타",
        "SALE_AMT": 169.0,
        "RATIO": 58.0,
        "YOY": 0.0,
        "SEQ": 2
      },
      {
        "MONTH": "03",
        "CHNL_NM": "제휴몰",
        "SALE_AMT": 16.0,
        "RATIO": 6.0,
        "YOY": 332.0,
        "SEQ": 2
      },
      {
        "MONTH": "03",
        "CHNL_NM": "자사몰",
        "SALE_AMT": 5.0,
        "RATIO": 2.0,
        "YOY": 180.0,
        "SEQ": 2
      },
      {
        "MONTH": "03",
        "CHNL_NM": "면세점",
        "SALE_AMT": 99.0,
        "RATIO": 34.0,
        "YOY": 0.0,
        "SEQ": 2
      },
      {
        "MONTH": "03",
        "CHNL_NM": "24S 의류",
        "SALE_AMT": 163.0,
        "RATIO": 56.0,
        "YOY": 5164.0,
        "SEQ": 3
      },
      {
        "MONTH": "03",
        "CHNL_NM": "과시즌 의류",
        "SALE_AMT": 48.0,
        "RATIO": 17.0,
        "YOY": 1364.0,
        "SEQ": 3
      },
      {
        "MONTH": "03",
        "CHNL_NM": "모자",
        "SALE_AMT": 17.0,
        "RATIO": 6.0,
        "YOY": 28013.0,
        "SEQ": 3
      },
      {
        "MONTH": "03",
        "CHNL_NM": "신발",
        "SALE_AMT": 46.0,
        "RATIO": 16.0,
        "YOY": 5097.0,
        "SEQ": 3
      },
      {
        "MONTH": "03",
        "CHNL_NM": "가방",
        "SALE_AMT": 13.0,
        "RATIO": 4.0,
        "YOY": 8532.0,
        "SEQ": 3
      },
      {
        "MONTH": "03",
        "CHNL_NM": "기타ACC",
        "SALE_AMT": 3.0,
        "RATIO": 1.0,
        "YOY": 0.0,
        "SEQ": 3
      },
      {
        "MONTH": "04",
        "CHNL_NM": "전체",
        "SALE_AMT": 327.0,
        "RATIO": 100.0,
        "YOY": 1767.0,
        "SEQ": 1
      },
      {
        "MONTH": "04",
        "CHNL_NM": "백화점",
        "SALE_AMT": 0.0,
        "RATIO": 0.0,
        "YOY": 0.0,
        "SEQ": 2
      },
      {
        "MONTH": "04",
        "CHNL_NM": "직영기타",
        "SALE_AMT": 131.0,
        "RATIO": 40.0,
        "YOY": 0.0,
        "SEQ": 2
      },
      {
        "MONTH": "04",
        "CHNL_NM": "제휴몰",
        "SALE_AMT": 19.0,
        "RATIO": 6.0,
        "YOY": 432.0,
        "SEQ": 2
      },
      {
        "MONTH": "04",
        "CHNL_NM": "자사몰",
        "SALE_AMT": 6.0,
        "RATIO": 2.0,
        "YOY": 83.0,
        "SEQ": 2
      },
      {
        "MONTH": "04",
        "CHNL_NM": "면세점",
        "SALE_AMT": 170.0,
        "RATIO": 52.0,
        "YOY": 0.0,
        "SEQ": 2
      },
      {
        "MONTH": "04",
        "CHNL_NM": "24F 의류",
        "SALE_AMT": 2.0,
        "RATIO": 1.0,
        "YOY": 0.0,
        "SEQ": 3
      },
      {
        "MONTH": "04",
        "CHNL_NM": "24S 의류",
        "SALE_AMT": 203.0,
        "RATIO": 62.0,
        "YOY": 1993.0,
        "SEQ": 3
      },
      {
        "MONTH": "04",
        "CHNL_NM": "과시즌 의류",
        "SALE_AMT": 42.0,
        "RATIO": 13.0,
        "YOY": 2038.0,
        "SEQ": 3
      },
      {
        "MONTH": "04",
        "CHNL_NM": "모자",
        "SALE_AMT": 16.0,
        "RATIO": 5.0,
        "YOY": 3301.0,
        "SEQ": 3
      },
      {
        "MONTH": "04",
        "CHNL_NM": "신발",
        "SALE_AMT": 51.0,
        "RATIO": 16.0,
        "YOY": 895.0,
        "SEQ": 3
      },
      {
        "MONTH": "04",
        "CHNL_NM": "가방",
        "SALE_AMT": 11.0,
        "RATIO": 3.0,
        "YOY": 0.0,
        "SEQ": 3
      },
      {
        "MONTH": "04",
        "CHNL_NM": "기타ACC",
        "SALE_AMT": 1.0,
        "RATIO": 0.0,
        "YOY": 2060.0,
        "SEQ": 3
      },
      {
        "MONTH": "05",
        "CHNL_NM": "전체",
        "SALE_AMT": 300.0,
        "RATIO": 100.0,
        "YOY": 533.0,
        "SEQ": 1
      },
      {
        "MONTH": "05",
        "CHNL_NM": "백화점",
        "SALE_AMT": 0.0,
        "RATIO": 0.0,
        "YOY": 0.0,
        "SEQ": 2
      },
      {
        "MONTH": "05",
        "CHNL_NM": "직영기타",
        "SALE_AMT": 171.0,
        "RATIO": 57.0,
        "YOY": 0.0,
        "SEQ": 2
      },
      {
        "MONTH": "05",
        "CHNL_NM": "제휴몰",
        "SALE_AMT": 23.0,
        "RATIO": 8.0,
        "YOY": 691.0,
        "SEQ": 2
      },
      {
        "MONTH": "05",
        "CHNL_NM": "자사몰",
        "SALE_AMT": 14.0,
        "RATIO": 5.0,
        "YOY": 158.0,
        "SEQ": 2
      },
      {
        "MONTH": "05",
        "CHNL_NM": "면세점",
        "SALE_AMT": 92.0,
        "RATIO": 31.0,
        "YOY": 322.0,
        "SEQ": 2
      },
      {
        "MONTH": "05",
        "CHNL_NM": "24F 의류",
        "SALE_AMT": 17.0,
        "RATIO": 6.0,
        "YOY": 0.0,
        "SEQ": 3
      },
      {
        "MONTH": "05",
        "CHNL_NM": "24S 의류",
        "SALE_AMT": 179.0,
        "RATIO": 60.0,
        "YOY": 712.0,
        "SEQ": 3
      },
      {
        "MONTH": "05",
        "CHNL_NM": "과시즌 의류",
        "SALE_AMT": 18.0,
        "RATIO": 6.0,
        "YOY": 173.0,
        "SEQ": 3
      },
      {
        "MONTH": "05",
        "CHNL_NM": "모자",
        "SALE_AMT": 19.0,
        "RATIO": 6.0,
        "YOY": 2443.0,
        "SEQ": 3
      },
      {
        "MONTH": "05",
        "CHNL_NM": "신발",
        "SALE_AMT": 55.0,
        "RATIO": 18.0,
        "YOY": 278.0,
        "SEQ": 3
      },
      {
        "MONTH": "05",
        "CHNL_NM": "가방",
        "SALE_AMT": 10.0,
        "RATIO": 3.0,
        "YOY": 0.0,
        "SEQ": 3
      },
      {
        "MONTH": "05",
        "CHNL_NM": "기타ACC",
        "SALE_AMT": 2.0,
        "RATIO": 1.0,
        "YOY": 1823.0,
        "SEQ": 3
      },
      {
        "MONTH": "06",
        "CHNL_NM": "전체",
        "SALE_AMT": 220.0,
        "RATIO": 100.0,
        "YOY": 285.0,
        "SEQ": 1
      },
      {
        "MONTH": "06",
        "CHNL_NM": "백화점",
        "SALE_AMT": 0.0,
        "RATIO": 0.0,
        "YOY": 0.0,
        "SEQ": 2
      },
      {
        "MONTH": "06",
        "CHNL_NM": "직영기타",
        "SALE_AMT": 138.0,
        "RATIO": 63.0,
        "YOY": 0.0,
        "SEQ": 2
      },
      {
        "MONTH": "06",
        "CHNL_NM": "제휴몰",
        "SALE_AMT": 20.0,
        "RATIO": 9.0,
        "YOY": 264.0,
        "SEQ": 2
      },
      {
        "MONTH": "06",
        "CHNL_NM": "자사몰",
        "SALE_AMT": 13.0,
        "RATIO": 6.0,
        "YOY": 150.0,
        "SEQ": 2
      },
      {
        "MONTH": "06",
        "CHNL_NM": "면세점",
        "SALE_AMT": 48.0,
        "RATIO": 22.0,
        "YOY": 95.0,
        "SEQ": 2
      },
      {
        "MONTH": "06",
        "CHNL_NM": "24F 의류",
        "SALE_AMT": 13.0,
        "RATIO": 6.0,
        "YOY": 0.0,
        "SEQ": 3
      },
      {
        "MONTH": "06",
        "CHNL_NM": "24S 의류",
        "SALE_AMT": 129.0,
        "RATIO": 58.0,
        "YOY": 533.0,
        "SEQ": 3
      },
      {
        "MONTH": "06",
        "CHNL_NM": "과시즌 의류",
        "SALE_AMT": 9.0,
        "RATIO": 4.0,
        "YOY": 40.0,
        "SEQ": 3
      },
      {
        "MONTH": "06",
        "CHNL_NM": "모자",
        "SALE_AMT": 11.0,
        "RATIO": 5.0,
        "YOY": 1342.0,
        "SEQ": 3
      },
      {
        "MONTH": "06",
        "CHNL_NM": "신발",
        "SALE_AMT": 51.0,
        "RATIO": 23.0,
        "YOY": 170.0,
        "SEQ": 3
      },
      {
        "MONTH": "06",
        "CHNL_NM": "가방",
        "SALE_AMT": 7.0,
        "RATIO": 3.0,
        "YOY": 0.0,
        "SEQ": 3
      },
      {
        "MONTH": "06",
        "CHNL_NM": "기타ACC",
        "SALE_AMT": 1.0,
        "RATIO": 1.0,
        "YOY": 492.0,
        "SEQ": 3
      },
      {
        "MONTH": "07",
        "CHNL_NM": "전체",
        "SALE_AMT": 203.0,
        "RATIO": 100.0,
        "YOY": 340.0,
        "SEQ": 1
      },
      {
        "MONTH": "07",
        "CHNL_NM": "백화점",
        "SALE_AMT": 0.0,
        "RATIO": 0.0,
        "YOY": 0.0,
        "SEQ": 2
      },
      {
        "MONTH": "07",
        "CHNL_NM": "직영기타",
        "SALE_AMT": 105.0,
        "RATIO": 52.0,
        "YOY": 0.0,
        "SEQ": 2
      },
      {
        "MONTH": "07",
        "CHNL_NM": "제휴몰",
        "SALE_AMT": 23.0,
        "RATIO": 11.0,
        "YOY": 411.0,
        "SEQ": 2
      },
      {
        "MONTH": "07",
        "CHNL_NM": "자사몰",
        "SALE_AMT": 11.0,
        "RATIO": 5.0,
        "YOY": 130.0,
        "SEQ": 2
      },
      {
        "MONTH": "07",
        "CHNL_NM": "면세점",
        "SALE_AMT": 65.0,
        "RATIO": 32.0,
        "YOY": 187.0,
        "SEQ": 2
      },
      {
        "MONTH": "07",
        "CHNL_NM": "24F 의류",
        "SALE_AMT": 23.0,
        "RATIO": 12.0,
        "YOY": 0.0,
        "SEQ": 3
      },
      {
        "MONTH": "07",
        "CHNL_NM": "24S 의류",
        "SALE_AMT": 94.0,
        "RATIO": 46.0,
        "YOY": 613.0,
        "SEQ": 3
      },
      {
        "MONTH": "07",
        "CHNL_NM": "과시즌 의류",
        "SALE_AMT": 9.0,
        "RATIO": 4.0,
        "YOY": 57.0,
        "SEQ": 3
      },
      {
        "MONTH": "07",
        "CHNL_NM": "모자",
        "SALE_AMT": 11.0,
        "RATIO": 6.0,
        "YOY": 607.0,
        "SEQ": 3
      },
      {
        "MONTH": "07",
        "CHNL_NM": "신발",
        "SALE_AMT": 58.0,
        "RATIO": 29.0,
        "YOY": 221.0,
        "SEQ": 3
      },
      {
        "MONTH": "07",
        "CHNL_NM": "가방",
        "SALE_AMT": 5.0,
        "RATIO": 3.0,
        "YOY": 10883.0,
        "SEQ": 3
      },
      {
        "MONTH": "07",
        "CHNL_NM": "기타ACC",
        "SALE_AMT": 1.0,
        "RATIO": 1.0,
        "YOY": 885.0,
        "SEQ": 3
      },
      {
        "MONTH": "08",
        "CHNL_NM": "전체",
        "SALE_AMT": 172.0,
        "RATIO": 100.0,
        "YOY": 346.0,
        "SEQ": 1
      },
      {
        "MONTH": "08",
        "CHNL_NM": "백화점",
        "SALE_AMT": 0.0,
        "RATIO": 0.0,
        "YOY": 0.0,
        "SEQ": 2
      },
      {
        "MONTH": "08",
        "CHNL_NM": "직영기타",
        "SALE_AMT": 106.0,
        "RATIO": 62.0,
        "YOY": 0.0,
        "SEQ": 2
      },
      {
        "MONTH": "08",
        "CHNL_NM": "제휴몰",
        "SALE_AMT": 16.0,
        "RATIO": 9.0,
        "YOY": 340.0,
        "SEQ": 2
      },
      {
        "MONTH": "08",
        "CHNL_NM": "자사몰",
        "SALE_AMT": 22.0,
        "RATIO": 13.0,
        "YOY": 395.0,
        "SEQ": 2
      },
      {
        "MONTH": "08",
        "CHNL_NM": "면세점",
        "SALE_AMT": 28.0,
        "RATIO": 16.0,
        "YOY": 87.0,
        "SEQ": 2
      },
      {
        "MONTH": "08",
        "CHNL_NM": "24F 의류",
        "SALE_AMT": 42.0,
        "RATIO": 25.0,
        "YOY": 0.0,
        "SEQ": 3
      },
      {
        "MONTH": "08",
        "CHNL_NM": "24S 의류",
        "SALE_AMT": 60.0,
        "RATIO": 35.0,
        "YOY": 455.0,
        "SEQ": 3
      },
      {
        "MONTH": "08",
        "CHNL_NM": "과시즌 의류",
        "SALE_AMT": 2.0,
        "RATIO": 1.0,
        "YOY": 13.0,
        "SEQ": 3
      },
      {
        "MONTH": "08",
        "CHNL_NM": "모자",
        "SALE_AMT": 11.0,
        "RATIO": 6.0,
        "YOY": 689.0,
        "SEQ": 3
      },
      {
        "MONTH": "08",
        "CHNL_NM": "신발",
        "SALE_AMT": 51.0,
        "RATIO": 29.0,
        "YOY": 256.0,
        "SEQ": 3
      },
      {
        "MONTH": "08",
        "CHNL_NM": "가방",
        "SALE_AMT": 5.0,
        "RATIO": 3.0,
        "YOY": 0.0,
        "SEQ": 3
      },
      {
        "MONTH": "08",
        "CHNL_NM": "기타ACC",
        "SALE_AMT": 1.0,
        "RATIO": 1.0,
        "YOY": 610.0,
        "SEQ": 3
      },
      {
        "MONTH": "09",
        "CHNL_NM": "전체",
        "SALE_AMT": 316.0,
        "RATIO": 100.0,
        "YOY": 283.0,
        "SEQ": 1
      },
      {
        "MONTH": "09",
        "CHNL_NM": "백화점",
        "SALE_AMT": 0.0,
        "RATIO": 0.0,
        "YOY": 0.0,
        "SEQ": 2
      }
    ],
    "total_records_count": 111
  }
}