{
  "country": "KR",
  "brand_cd": "ST",
  "brand_name": "SERGIO TACCHINI",
  "yyyymm": "202404",
  "yyyymm_py": "202304",
  "key": "실판매출",
  "sub_key": "채널별매출분석",
  "analysis_data": {
    "title": "채널별 매출 top3 분석 (당해 전년 주요변화)",
    "sections": [
      {
        "div": "자사몰",
        "sub_title": "자사몰 전년대비 주요 변화",
        "ai_text": "자사몰 채널이 전년대비 1,583.1% 폭발적 성장(10백만원 → 170백만원)을 기록하며, 온라인 직접 판매 채널의 강력한 성장 모멘텀을 보여줌\n\n• 폴로 티셔츠: 41백만원(24.0%) - 전년 3위에서 1위로 급상승하며 스포츠 캐주얼 트렌드 선도\n• 스커트: 39백만원(23.0%) - 전년 1위 유지하며 여성 스포츠웨어 핵심 아이템으로 지속 성장\n• 반팔티셔츠: 21백만원(12.0%) - 전년 2위에서 3위로 하락했으나 여전히 안정적 매출 기여\n\n**단기 전략**: 폴로 티셔츠의 급성장에 맞춰 스포츠 캐주얼 라인 확대 및 자사몰 전용 상품 개발로 차별화 강화\n**중장기 전략**: 자사몰 채널의 폭발적 성장세를 활용해 D2C 전략 가속화, 고객 데이터 기반 개인화 상품 기획 및 브랜드 충성도 제고"
      },
      {
        "div": "종합분석-1",
        "sub_title": "최고 성과 채널",
        "ai_text": "자사몰이 전년 10백만원에서 170백만원으로 1,582.6% 급성장하며 최고 성과를 기록했습니다.\n백화점 160백만원, 직영점 111백만원이 뒤를 이으며 안정적인 매출 규모를 보여주고 있습니다."
      },
      {
        "div": "종합분석-2",
        "sub_title": "개선 필요 채널",
        "ai_text": "아울렛 41백만원으로 상대적으로 낮은 매출 규모를 보이며 개선이 필요한 상황입니다.\n제휴몰 50백만원, 면세점 46백만원도 성장 잠재력 대비 실적 개선 여지가 있습니다."
      },
      {
        "div": "종합분석-3",
        "sub_title": "핵심 제안",
        "ai_text": "자사몰의 성공 요인(폴로 티셔츠 24%, 스커트 23%)을 다른 채널에 확산하여 시너지 효과를 극대화하세요.\n아울렛과 제휴몰의 상품 구성 최적화 및 마케팅 강화를 통해 전체 채널 포트폴리오 균형을 개선하세요."
      }
    ]
  },
  "summary": {
    "total_sales": 588.48,
    "total_sales_cy": 578.38,
    "total_sales_py": 10.11,
    "change_pct": 5622.0,
    "unique_channels": 6,
    "unique_items": 36,
    "unique_months": 2,
    "analysis_period": "2023년 4월 vs 2024년 4월"
  },
  "channel_summary": {
    "자사몰": {
      "total_sales": 180.22,
      "months": {
        "202404": 170113030.0,
        "202304": 10108000.0
      },
      "top_items": [
        {
          "class3": "폴로 티셔츠",
          "total_sales": 42.16
        },
        {
          "class3": "스커트",
          "total_sales": 41.14
        },
        {
          "class3": "반팔티셔츠",
          "total_sales": 22.24
        },
        {
          "class3": "반바지",
          "total_sales": 14.6
        },
        {
          "class3": "방풍자켓",
          "total_sales": 10.67
        }
      ]
    },
    "백화점": {
      "total_sales": 159.99,
      "months": {
        "202404": 159986210.0
      },
      "top_items": [
        {
          "class3": "폴로 티셔츠",
          "total_sales": 25.87
        },
        {
          "class3": "방풍자켓",
          "total_sales": 22.55
        },
        {
          "class3": "스커트",
          "total_sales": 20.68
        },
        {
          "class3": "반팔티셔츠",
          "total_sales": 19.47
        },
        {
          "class3": "반바지",
          "total_sales": 14.37
        }
      ]
    },
    "직영점": {
      "total_sales": 111.35,
      "months": {
        "202404": 111352690.0
      },
      "top_items": [
        {
          "class3": "폴로 티셔츠",
          "total_sales": 21.13
        },
        {
          "class3": "스커트",
          "total_sales": 19.92
        },
        {
          "class3": "반팔티셔츠",
          "total_sales": 13.14
        },
        {
          "class3": "반바지",
          "total_sales": 6.61
        },
        {
          "class3": "니트반팔티셔츠",
          "total_sales": 6.23
        }
      ]
    },
    "제휴몰": {
      "total_sales": 49.76,
      "months": {
        "202404": 49755100.0
      },
      "top_items": [
        {
          "class3": "스커트",
          "total_sales": 9.88
        },
        {
          "class3": "반팔티셔츠",
          "total_sales": 8.61
        },
        {
          "class3": "폴로 티셔츠",
          "total_sales": 7.35
        },
        {
          "class3": "반바지",
          "total_sales": 3.61
        },
        {
          "class3": "방풍자켓",
          "total_sales": 3.19
        }
      ]
    },
    "면세점": {
      "total_sales": 46.17,
      "months": {
        "202404": 46170710.0
      },
      "top_items": [
        {
          "class3": "스커트",
          "total_sales": 10.8
        },
        {
          "class3": "반팔티셔츠",
          "total_sales": 7.2
        },
        {
          "class3": "폴로 티셔츠",
          "total_sales": 6.7
        },
        {
          "class3": "방풍자켓",
          "total_sales": 3.94
        },
        {
          "class3": "반바지",
          "total_sales": 2.74
        }
      ]
    },
    "아울렛": {
      "total_sales": 41.0,
      "months": {
        "202404": 40998490.0
      },
      "top_items": [
        {
          "class3": "반팔티셔츠",
          "total_sales": 7.95
        },
        {
          "class3": "폴로 티셔츠",
          "total_sales": 7.16
        },
        {
          "class3": "스커트",
          "total_sales": 5.94
        },
        {
          "class3": "니트반팔티셔츠",
          "total_sales": 3.42
        },
        {
          "class3": "방풍자켓",
          "total_sales": 3.33
        }
      ]
    }
  },
  "channel_summary_overall": {
    "자사몰": {
      "current_sales": 170.11,
      "previous_sales": 10.11,
      "all_items": [
        {
          "class3": "폴로 티셔츠",
          "total_sales": 40.64
        },
        {
          "class3": "스커트",
          "total_sales": 38.95
        },
        {
          "class3": "반팔티셔츠",
          "total_sales": 20.6
        },
        {
          "class3": "반바지",
          "total_sales": 14.25
        },
        {
          "class3": "방풍자켓",
          "total_sales": 10.67
        },
        {
          "class3": "선캡",
          "total_sales": 5.34
        },
        {
          "class3": "신발",
          "total_sales": 5.06
        },
        {
          "class3": "니트반팔티셔츠",
          "total_sales": 4.24
        },
        {
          "class3": "원피스",
          "total_sales": 4.16
        },
        {
          "class3": "트레이닝(상의)",
          "total_sales": 4.04
        },
        {
          "class3": "운동모",
          "total_sales": 3.3
        },
        {
          "class3": "팬츠",
          "total_sales": 3.07
        },
        {
          "class3": "백팩",
          "total_sales": 2.94
        },
        {
          "class3": "양말",
          "total_sales": 2.18
        },
        {
          "class3": "맨투맨",
          "total_sales": 2.07
        },
        {
          "class3": "보스톤백",
          "total_sales": 1.29
        },
        {
          "class3": "토드백",
          "total_sales": 1.18
        },
        {
          "class3": "보호대",
          "total_sales": 0.98
        },
        {
          "class3": "반팔카라티셔츠",
          "total_sales": 0.9
        },
        {
          "class3": "점퍼",
          "total_sales": 0.84
        },
        {
          "class3": "라켓백",
          "total_sales": 0.72
        },
        {
          "class3": "니트베스트",
          "total_sales": 0.54
        },
        {
          "class3": "브라",
          "total_sales": 0.46
        },
        {
          "class3": "후드티",
          "total_sales": 0.45
        },
        {
          "class3": "슬리브리스",
          "total_sales": 0.43
        },
        {
          "class3": "니트가디건",
          "total_sales": 0.26
        },
        {
          "class3": "햇",
          "total_sales": 0.24
        },
        {
          "class3": "레깅스",
          "total_sales": 0.1
        },
        {
          "class3": "크로스백",
          "total_sales": 0.1
        },
        {
          "class3": "헤드밴드",
          "total_sales": 0.07
        },
        {
          "class3": "타올",
          "total_sales": 0.07
        },
        {
          "class3": "긴팔티셔츠",
          "total_sales": 0.0
        }
      ],
      "change_pct": 1582.6
    },
    "백화점": {
      "current_sales": 159.99,
      "previous_sales": 0.0,
      "all_items": [
        {
          "class3": "폴로 티셔츠",
          "total_sales": 25.87
        },
        {
          "class3": "방풍자켓",
          "total_sales": 22.55
        },
        {
          "class3": "스커트",
          "total_sales": 20.68
        },
        {
          "class3": "반팔티셔츠",
          "total_sales": 19.47
        },
        {
          "class3": "반바지",
          "total_sales": 14.37
        },
        {
          "class3": "니트반팔티셔츠",
          "total_sales": 8.81
        },
        {
          "class3": "팬츠",
          "total_sales": 7.13
        },
        {
          "class3": "신발",
          "total_sales": 6.96
        },
        {
          "class3": "선캡",
          "total_sales": 5.37
        },
        {
          "class3": "트레이닝(상의)",
          "total_sales": 4.85
        },
        {
          "class3": "운동모",
          "total_sales": 3.85
        },
        {
          "class3": "백팩",
          "total_sales": 3.55
        },
        {
          "class3": "원피스",
          "total_sales": 3.55
        },
        {
          "class3": "보스톤백",
          "total_sales": 2.29
        },
        {
          "class3": "양말",
          "total_sales": 2.18
        },
        {
          "class3": "라켓백",
          "total_sales": 1.82
        },
        {
          "class3": "니트가디건",
          "total_sales": 1.14
        },
        {
          "class3": "니트베스트",
          "total_sales": 0.95
        },
        {
          "class3": "슬리브리스",
          "total_sales": 0.79
        },
        {
          "class3": "토드백",
          "total_sales": 0.74
        },
        {
          "class3": "보호대",
          "total_sales": 0.72
        },
        {
          "class3": "점퍼",
          "total_sales": 0.47
        },
        {
          "class3": "긴팔티셔츠",
          "total_sales": 0.4
        },
        {
          "class3": "후드티",
          "total_sales": 0.28
        },
        {
          "class3": "크로스백",
          "total_sales": 0.26
        },
        {
          "class3": "브라",
          "total_sales": 0.23
        },
        {
          "class3": "햇",
          "total_sales": 0.22
        },
        {
          "class3": "맨투맨",
          "total_sales": 0.21
        },
        {
          "class3": "헤드밴드",
          "total_sales": 0.15
        },
        {
          "class3": "반팔카라티셔츠",
          "total_sales": 0.14
        },
        {
          "class3": "트레이닝 숏팬츠",
          "total_sales": 0.06
        },
        {
          "class3": "레깅스",
          "total_sales": 0.06
        },
        {
          "class3": "트레이닝(하의)",
          "total_sales": -0.14
        }
      ],
      "change_pct": 0
    },
    "직영점": {
      "current_sales": 111.35,
      "previous_sales": 0.0,
      "all_items": [
        {
          "class3": "폴로 티셔츠",
          "total_sales": 21.13
        },
        {
          "class3": "스커트",
          "total_sales": 19.92
        },
        {
          "class3": "반팔티셔츠",
          "total_sales": 13.14
        },
        {
          "class3": "반바지",
          "total_sales": 6.61
        },
        {
          "class3": "니트반팔티셔츠",
          "total_sales": 6.23
        },
        {
          "class3": "방풍자켓",
          "total_sales": 5.63
        },
        {
          "class3": "트레이닝(상의)",
          "total_sales": 4.86
        },
        {
          "class3": "신발",
          "total_sales": 4.68
        },
        {
          "class3": "원피스",
          "total_sales": 4.49
        },
        {
          "class3": "팬츠",
          "total_sales": 3.96
        },
        {
          "class3": "백팩",
          "total_sales": 2.86
        },
        {
          "class3": "보스톤백",
          "total_sales": 2.79
        },
        {
          "class3": "선캡",
          "total_sales": 2.72
        },
        {
          "class3": "운동모",
          "total_sales": 2.4
        },
        {
          "class3": "라켓백",
          "total_sales": 1.76
        },
        {
          "class3": "점퍼",
          "total_sales": 1.51
        },
        {
          "class3": "양말",
          "total_sales": 1.5
        },
        {
          "class3": "보호대",
          "total_sales": 1.01
        },
        {
          "class3": "토드백",
          "total_sales": 0.72
        },
        {
          "class3": "니트베스트",
          "total_sales": 0.66
        },
        {
          "class3": "맨투맨",
          "total_sales": 0.48
        },
        {
          "class3": "브라",
          "total_sales": 0.44
        },
        {
          "class3": "반팔카라티셔츠",
          "total_sales": 0.32
        },
        {
          "class3": "슬리브리스",
          "total_sales": 0.28
        },
        {
          "class3": "니트가디건",
          "total_sales": 0.25
        },
        {
          "class3": "레깅스",
          "total_sales": 0.24
        },
        {
          "class3": "크로스백",
          "total_sales": 0.2
        },
        {
          "class3": "여성하의 스코트",
          "total_sales": 0.14
        },
        {
          "class3": "타올",
          "total_sales": 0.13
        },
        {
          "class3": "헤드밴드",
          "total_sales": 0.11
        },
        {
          "class3": "볼",
          "total_sales": 0.11
        },
        {
          "class3": "햇",
          "total_sales": 0.06
        }
      ],
      "change_pct": 0
    },
    "제휴몰": {
      "current_sales": 49.76,
      "previous_sales": 0.0,
      "all_items": [
        {
          "class3": "스커트",
          "total_sales": 9.88
        },
        {
          "class3": "반팔티셔츠",
          "total_sales": 8.61
        },
        {
          "class3": "폴로 티셔츠",
          "total_sales": 7.35
        },
        {
          "class3": "반바지",
          "total_sales": 3.61
        },
        {
          "class3": "방풍자켓",
          "total_sales": 3.19
        },
        {
          "class3": "신발",
          "total_sales": 2.56
        },
        {
          "class3": "선캡",
          "total_sales": 2.0
        },
        {
          "class3": "운동모",
          "total_sales": 1.23
        },
        {
          "class3": "원피스",
          "total_sales": 1.23
        },
        {
          "class3": "라켓백",
          "total_sales": 1.2
        },
        {
          "class3": "트레이닝 숏팬츠",
          "total_sales": 1.09
        },
        {
          "class3": "팬츠",
          "total_sales": 0.97
        },
        {
          "class3": "트레이닝(상의)",
          "total_sales": 0.94
        },
        {
          "class3": "니트베스트",
          "total_sales": 0.9
        },
        {
          "class3": "맨투맨",
          "total_sales": 0.89
        },
        {
          "class3": "양말",
          "total_sales": 0.77
        },
        {
          "class3": "슬리브리스",
          "total_sales": 0.56
        },
        {
          "class3": "토드백",
          "total_sales": 0.52
        },
        {
          "class3": "니트반팔티셔츠",
          "total_sales": 0.42
        },
        {
          "class3": "점퍼",
          "total_sales": 0.28
        },
        {
          "class3": "니트가디건",
          "total_sales": 0.26
        },
        {
          "class3": "백팩",
          "total_sales": 0.23
        },
        {
          "class3": "햇",
          "total_sales": 0.22
        },
        {
          "class3": "보스톤백",
          "total_sales": 0.2
        },
        {
          "class3": "보호대",
          "total_sales": 0.16
        },
        {
          "class3": "반팔카라티셔츠",
          "total_sales": 0.14
        },
        {
          "class3": "긴팔티셔츠",
          "total_sales": 0.12
        },
        {
          "class3": "브라",
          "total_sales": 0.12
        },
        {
          "class3": "헤드밴드",
          "total_sales": 0.1
        },
        {
          "class3": "후드티",
          "total_sales": 0.0
        },
        {
          "class3": "타올",
          "total_sales": 0.0
        }
      ],
      "change_pct": 0
    },
    "면세점": {
      "current_sales": 46.17,
      "previous_sales": 0.0,
      "all_items": [
        {
          "class3": "스커트",
          "total_sales": 10.8
        },
        {
          "class3": "반팔티셔츠",
          "total_sales": 7.2
        },
        {
          "class3": "폴로 티셔츠",
          "total_sales": 6.7
        },
        {
          "class3": "방풍자켓",
          "total_sales": 3.94
        },
        {
          "class3": "반바지",
          "total_sales": 2.74
        },
        {
          "class3": "니트반팔티셔츠",
          "total_sales": 2.4
        },
        {
          "class3": "신발",
          "total_sales": 1.65
        },
        {
          "class3": "보스톤백",
          "total_sales": 1.32
        },
        {
          "class3": "원피스",
          "total_sales": 1.17
        },
        {
          "class3": "선캡",
          "total_sales": 0.9
        },
        {
          "class3": "브라",
          "total_sales": 0.88
        },
        {
          "class3": "팬츠",
          "total_sales": 0.85
        },
        {
          "class3": "라켓백",
          "total_sales": 0.82
        },
        {
          "class3": "트레이닝(상의)",
          "total_sales": 0.81
        },
        {
          "class3": "니트가디건",
          "total_sales": 0.78
        },
        {
          "class3": "점퍼",
          "total_sales": 0.56
        },
        {
          "class3": "니트베스트",
          "total_sales": 0.54
        },
        {
          "class3": "슬리브리스",
          "total_sales": 0.45
        },
        {
          "class3": "토드백",
          "total_sales": 0.38
        },
        {
          "class3": "백팩",
          "total_sales": 0.23
        },
        {
          "class3": "운동모",
          "total_sales": 0.23
        },
        {
          "class3": "양말",
          "total_sales": 0.22
        },
        {
          "class3": "맨투맨",
          "total_sales": 0.14
        },
        {
          "class3": "보호대",
          "total_sales": 0.13
        },
        {
          "class3": "긴팔티셔츠",
          "total_sales": 0.12
        },
        {
          "class3": "크로스백",
          "total_sales": 0.11
        },
        {
          "class3": "레깅스",
          "total_sales": 0.07
        },
        {
          "class3": "헤드밴드",
          "total_sales": 0.04
        }
      ],
      "change_pct": 0
    },
    "아울렛": {
      "current_sales": 41.0,
      "previous_sales": 0.0,
      "all_items": [
        {
          "class3": "반팔티셔츠",
          "total_sales": 7.95
        },
        {
          "class3": "폴로 티셔츠",
          "total_sales": 7.16
        },
        {
          "class3": "스커트",
          "total_sales": 5.94
        },
        {
          "class3": "니트반팔티셔츠",
          "total_sales": 3.42
        },
        {
          "class3": "방풍자켓",
          "total_sales": 3.33
        },
        {
          "class3": "원피스",
          "total_sales": 3.31
        },
        {
          "class3": "반바지",
          "total_sales": 2.37
        },
        {
          "class3": "트레이닝 숏팬츠",
          "total_sales": 1.72
        },
        {
          "class3": "신발",
          "total_sales": 1.02
        },
        {
          "class3": "트레이닝(상의)",
          "total_sales": 0.98
        },
        {
          "class3": "니트베스트",
          "total_sales": 0.7
        },
        {
          "class3": "햇",
          "total_sales": 0.54
        },
        {
          "class3": "보스톤백",
          "total_sales": 0.41
        },
        {
          "class3": "운동모",
          "total_sales": 0.41
        },
        {
          "class3": "양말",
          "total_sales": 0.36
        },
        {
          "class3": "백팩",
          "total_sales": 0.32
        },
        {
          "class3": "맨투맨",
          "total_sales": 0.31
        },
        {
          "class3": "팬츠",
          "total_sales": 0.2
        },
        {
          "class3": "토드백",
          "total_sales": 0.16
        },
        {
          "class3": "반팔카라티셔츠",
          "total_sales": 0.13
        },
        {
          "class3": "후드티",
          "total_sales": 0.1
        },
        {
          "class3": "트레이닝(하의)",
          "total_sales": 0.09
        },
        {
          "class3": "선캡",
          "total_sales": 0.05
        }
      ],
      "change_pct": 0
    }
  },
  "raw_data": {
    "sample_records": [
      {
        "PST_YYYYMM": "202404",
        "CHNL_NM": "자사몰",
        "CLASS3": "폴로 티셔츠",
        "SALE_AMT": 40640000.0,
        "SALE_AMT_CHNL_TTL": 170113030.0,
        "SALE_RATIO": 24.0,
        "IN_YMM_RNK": 0,
        "IN_CHNL_RNK": 1
      },
      {
        "PST_YYYYMM": "202404",
        "CHNL_NM": "자사몰",
        "CLASS3": "스커트",
        "SALE_AMT": 38949030.0,
        "SALE_AMT_CHNL_TTL": 170113030.0,
        "SALE_RATIO": 23.0,
        "IN_YMM_RNK": 0,
        "IN_CHNL_RNK": 2
      },
      {
        "PST_YYYYMM": "202404",
        "CHNL_NM": "자사몰",
        "CLASS3": "반팔티셔츠",
        "SALE_AMT": 20604000.0,
        "SALE_AMT_CHNL_TTL": 170113030.0,
        "SALE_RATIO": 12.0,
        "IN_YMM_RNK": 0,
        "IN_CHNL_RNK": 3
      },
      {
        "PST_YYYYMM": "202404",
        "CHNL_NM": "자사몰",
        "CLASS3": "반바지",
        "SALE_AMT": 14247000.0,
        "SALE_AMT_CHNL_TTL": 170113030.0,
        "SALE_RATIO": 8.0,
        "IN_YMM_RNK": 0,
        "IN_CHNL_RNK": 4
      },
      {
        "PST_YYYYMM": "202404",
        "CHNL_NM": "자사몰",
        "CLASS3": "방풍자켓",
        "SALE_AMT": 10673000.0,
        "SALE_AMT_CHNL_TTL": 170113030.0,
        "SALE_RATIO": 6.0,
        "IN_YMM_RNK": 0,
        "IN_CHNL_RNK": 5
      },
      {
        "PST_YYYYMM": "202404",
        "CHNL_NM": "자사몰",
        "CLASS3": "선캡",
        "SALE_AMT": 5343000.0,
        "SALE_AMT_CHNL_TTL": 170113030.0,
        "SALE_RATIO": 3.0,
        "IN_YMM_RNK": 0,
        "IN_CHNL_RNK": 6
      },
      {
        "PST_YYYYMM": "202404",
        "CHNL_NM": "자사몰",
        "CLASS3": "신발",
        "SALE_AMT": 5056000.0,
        "SALE_AMT_CHNL_TTL": 170113030.0,
        "SALE_RATIO": 3.0,
        "IN_YMM_RNK": 0,
        "IN_CHNL_RNK": 7
      },
      {
        "PST_YYYYMM": "202404",
        "CHNL_NM": "자사몰",
        "CLASS3": "니트반팔티셔츠",
        "SALE_AMT": 4240000.0,
        "SALE_AMT_CHNL_TTL": 170113030.0,
        "SALE_RATIO": 2.0,
        "IN_YMM_RNK": 0,
        "IN_CHNL_RNK": 8
      },
      {
        "PST_YYYYMM": "202404",
        "CHNL_NM": "자사몰",
        "CLASS3": "원피스",
        "SALE_AMT": 4158000.0,
        "SALE_AMT_CHNL_TTL": 170113030.0,
        "SALE_RATIO": 2.0,
        "IN_YMM_RNK": 0,
        "IN_CHNL_RNK": 9
      },
      {
        "PST_YYYYMM": "202404",
        "CHNL_NM": "자사몰",
        "CLASS3": "트레이닝(상의)",
        "SALE_AMT": 4037000.0,
        "SALE_AMT_CHNL_TTL": 170113030.0,
        "SALE_RATIO": 2.0,
        "IN_YMM_RNK": 0,
        "IN_CHNL_RNK": 10
      },
      {
        "PST_YYYYMM": "202404",
        "CHNL_NM": "자사몰",
        "CLASS3": "운동모",
        "SALE_AMT": 3302000.0,
        "SALE_AMT_CHNL_TTL": 170113030.0,
        "SALE_RATIO": 2.0,
        "IN_YMM_RNK": 0,
        "IN_CHNL_RNK": 11
      },
      {
        "PST_YYYYMM": "202404",
        "CHNL_NM": "자사몰",
        "CLASS3": "팬츠",
        "SALE_AMT": 3070000.0,
        "SALE_AMT_CHNL_TTL": 170113030.0,
        "SALE_RATIO": 2.0,
        "IN_YMM_RNK": 0,
        "IN_CHNL_RNK": 12
      },
      {
        "PST_YYYYMM": "202404",
        "CHNL_NM": "자사몰",
        "CLASS3": "백팩",
        "SALE_AMT": 2936000.0,
        "SALE_AMT_CHNL_TTL": 170113030.0,
        "SALE_RATIO": 2.0,
        "IN_YMM_RNK": 0,
        "IN_CHNL_RNK": 13
      },
      {
        "PST_YYYYMM": "202404",
        "CHNL_NM": "자사몰",
        "CLASS3": "양말",
        "SALE_AMT": 2178000.0,
        "SALE_AMT_CHNL_TTL": 170113030.0,
        "SALE_RATIO": 1.0,
        "IN_YMM_RNK": 0,
        "IN_CHNL_RNK": 14
      },
      {
        "PST_YYYYMM": "202404",
        "CHNL_NM": "자사몰",
        "CLASS3": "맨투맨",
        "SALE_AMT": 2066000.0,
        "SALE_AMT_CHNL_TTL": 170113030.0,
        "SALE_RATIO": 1.0,
        "IN_YMM_RNK": 0,
        "IN_CHNL_RNK": 15
      },
      {
        "PST_YYYYMM": "202404",
        "CHNL_NM": "자사몰",
        "CLASS3": "보스톤백",
        "SALE_AMT": 1295000.0,
        "SALE_AMT_CHNL_TTL": 170113030.0,
        "SALE_RATIO": 1.0,
        "IN_YMM_RNK": 0,
        "IN_CHNL_RNK": 16
      },
      {
        "PST_YYYYMM": "202404",
        "CHNL_NM": "자사몰",
        "CLASS3": "토드백",
        "SALE_AMT": 1175000.0,
        "SALE_AMT_CHNL_TTL": 170113030.0,
        "SALE_RATIO": 1.0,
        "IN_YMM_RNK": 0,
        "IN_CHNL_RNK": 17
      },
      {
        "PST_YYYYMM": "202404",
        "CHNL_NM": "자사몰",
        "CLASS3": "보호대",
        "SALE_AMT": 984000.0,
        "SALE_AMT_CHNL_TTL": 170113030.0,
        "SALE_RATIO": 1.0,
        "IN_YMM_RNK": 0,
        "IN_CHNL_RNK": 18
      },
      {
        "PST_YYYYMM": "202404",
        "CHNL_NM": "자사몰",
        "CLASS3": "반팔카라티셔츠",
        "SALE_AMT": 895000.0,
        "SALE_AMT_CHNL_TTL": 170113030.0,
        "SALE_RATIO": 1.0,
        "IN_YMM_RNK": 0,
        "IN_CHNL_RNK": 19
      },
      {
        "PST_YYYYMM": "202404",
        "CHNL_NM": "자사몰",
        "CLASS3": "점퍼",
        "SALE_AMT": 837000.0,
        "SALE_AMT_CHNL_TTL": 170113030.0,
        "SALE_RATIO": 0.0,
        "IN_YMM_RNK": 0,
        "IN_CHNL_RNK": 20
      },
      {
        "PST_YYYYMM": "202404",
        "CHNL_NM": "자사몰",
        "CLASS3": "라켓백",
        "SALE_AMT": 716000.0,
        "SALE_AMT_CHNL_TTL": 170113030.0,
        "SALE_RATIO": 0.0,
        "IN_YMM_RNK": 0,
        "IN_CHNL_RNK": 21
      },
      {
        "PST_YYYYMM": "202404",
        "CHNL_NM": "자사몰",
        "CLASS3": "니트베스트",
        "SALE_AMT": 537000.0,
        "SALE_AMT_CHNL_TTL": 170113030.0,
        "SALE_RATIO": 0.0,
        "IN_YMM_RNK": 0,
        "IN_CHNL_RNK": 22
      },
      {
        "PST_YYYYMM": "202404",
        "CHNL_NM": "자사몰",
        "CLASS3": "브라",
        "SALE_AMT": 455000.0,
        "SALE_AMT_CHNL_TTL": 170113030.0,
        "SALE_RATIO": 0.0,
        "IN_YMM_RNK": 0,
        "IN_CHNL_RNK": 23
      },
      {
        "PST_YYYYMM": "202404",
        "CHNL_NM": "자사몰",
        "CLASS3": "후드티",
        "SALE_AMT": 447000.0,
        "SALE_AMT_CHNL_TTL": 170113030.0,
        "SALE_RATIO": 0.0,
        "IN_YMM_RNK": 0,
        "IN_CHNL_RNK": 24
      },
      {
        "PST_YYYYMM": "202404",
        "CHNL_NM": "자사몰",
        "CLASS3": "슬리브리스",
        "SALE_AMT": 435000.0,
        "SALE_AMT_CHNL_TTL": 170113030.0,
        "SALE_RATIO": 0.0,
        "IN_YMM_RNK": 0,
        "IN_CHNL_RNK": 25
      },
      {
        "PST_YYYYMM": "202404",
        "CHNL_NM": "자사몰",
        "CLASS3": "니트가디건",
        "SALE_AMT": 259000.0,
        "SALE_AMT_CHNL_TTL": 170113030.0,
        "SALE_RATIO": 0.0,
        "IN_YMM_RNK": 0,
        "IN_CHNL_RNK": 26
      },
      {
        "PST_YYYYMM": "202404",
        "CHNL_NM": "자사몰",
        "CLASS3": "햇",
        "SALE_AMT": 237000.0,
        "SALE_AMT_CHNL_TTL": 170113030.0,
        "SALE_RATIO": 0.0,
        "IN_YMM_RNK": 0,
        "IN_CHNL_RNK": 27
      },
      {
        "PST_YYYYMM": "202404",
        "CHNL_NM": "자사몰",
        "CLASS3": "레깅스",
        "SALE_AMT": 99000.0,
        "SALE_AMT_CHNL_TTL": 170113030.0,
        "SALE_RATIO": 0.0,
        "IN_YMM_RNK": 0,
        "IN_CHNL_RNK": 28
      },
      {
        "PST_YYYYMM": "202404",
        "CHNL_NM": "자사몰",
        "CLASS3": "크로스백",
        "SALE_AMT": 99000.0,
        "SALE_AMT_CHNL_TTL": 170113030.0,
        "SALE_RATIO": 0.0,
        "IN_YMM_RNK": 0,
        "IN_CHNL_RNK": 28
      },
      {
        "PST_YYYYMM": "202404",
        "CHNL_NM": "자사몰",
        "CLASS3": "헤드밴드",
        "SALE_AMT": 75000.0,
        "SALE_AMT_CHNL_TTL": 170113030.0,
        "SALE_RATIO": 0.0,
        "IN_YMM_RNK": 0,
        "IN_CHNL_RNK": 29
      },
      {
        "PST_YYYYMM": "202404",
        "CHNL_NM": "자사몰",
        "CLASS3": "타올",
        "SALE_AMT": 69000.0,
        "SALE_AMT_CHNL_TTL": 170113030.0,
        "SALE_RATIO": 0.0,
        "IN_YMM_RNK": 0,
        "IN_CHNL_RNK": 30
      },
      {
        "PST_YYYYMM": "202404",
        "CHNL_NM": "자사몰",
        "CLASS3": "긴팔티셔츠",
        "SALE_AMT": 0.0,
        "SALE_AMT_CHNL_TTL": 170113030.0,
        "SALE_RATIO": 0.0,
        "IN_YMM_RNK": 0,
        "IN_CHNL_RNK": 31
      },
      {
        "PST_YYYYMM": "202404",
        "CHNL_NM": "백화점",
        "CLASS3": "폴로 티셔츠",
        "SALE_AMT": 25872960.0,
        "SALE_AMT_CHNL_TTL": 159986210.0,
        "SALE_RATIO": 16.0,
        "IN_YMM_RNK": 0,
        "IN_CHNL_RNK": 1
      },
      {
        "PST_YYYYMM": "202404",
        "CHNL_NM": "백화점",
        "CLASS3": "방풍자켓",
        "SALE_AMT": 22551630.0,
        "SALE_AMT_CHNL_TTL": 159986210.0,
        "SALE_RATIO": 14.0,
        "IN_YMM_RNK": 0,
        "IN_CHNL_RNK": 2
      },
      {
        "PST_YYYYMM": "202404",
        "CHNL_NM": "백화점",
        "CLASS3": "스커트",
        "SALE_AMT": 20681420.0,
        "SALE_AMT_CHNL_TTL": 159986210.0,
        "SALE_RATIO": 13.0,
        "IN_YMM_RNK": 0,
        "IN_CHNL_RNK": 3
      },
      {
        "PST_YYYYMM": "202404",
        "CHNL_NM": "백화점",
        "CLASS3": "반팔티셔츠",
        "SALE_AMT": 19472910.0,
        "SALE_AMT_CHNL_TTL": 159986210.0,
        "SALE_RATIO": 12.0,
        "IN_YMM_RNK": 0,
        "IN_CHNL_RNK": 4
      },
      {
        "PST_YYYYMM": "202404",
        "CHNL_NM": "백화점",
        "CLASS3": "반바지",
        "SALE_AMT": 14365310.0,
        "SALE_AMT_CHNL_TTL": 159986210.0,
        "SALE_RATIO": 9.0,
        "IN_YMM_RNK": 0,
        "IN_CHNL_RNK": 5
      },
      {
        "PST_YYYYMM": "202404",
        "CHNL_NM": "백화점",
        "CLASS3": "니트반팔티셔츠",
        "SALE_AMT": 8812500.0,
        "SALE_AMT_CHNL_TTL": 159986210.0,
        "SALE_RATIO": 6.0,
        "IN_YMM_RNK": 0,
        "IN_CHNL_RNK": 6
      },
      {
        "PST_YYYYMM": "202404",
        "CHNL_NM": "백화점",
        "CLASS3": "팬츠",
        "SALE_AMT": 7125910.0,
        "SALE_AMT_CHNL_TTL": 159986210.0,
        "SALE_RATIO": 4.0,
        "IN_YMM_RNK": 0,
        "IN_CHNL_RNK": 7
      },
      {
        "PST_YYYYMM": "202404",
        "CHNL_NM": "백화점",
        "CLASS3": "신발",
        "SALE_AMT": 6957800.0,
        "SALE_AMT_CHNL_TTL": 159986210.0,
        "SALE_RATIO": 4.0,
        "IN_YMM_RNK": 0,
        "IN_CHNL_RNK": 8
      },
      {
        "PST_YYYYMM": "202404",
        "CHNL_NM": "백화점",
        "CLASS3": "선캡",
        "SALE_AMT": 5368080.0,
        "SALE_AMT_CHNL_TTL": 159986210.0,
        "SALE_RATIO": 3.0,
        "IN_YMM_RNK": 0,
        "IN_CHNL_RNK": 9
      },
      {
        "PST_YYYYMM": "202404",
        "CHNL_NM": "백화점",
        "CLASS3": "트레이닝(상의)",
        "SALE_AMT": 4845100.0,
        "SALE_AMT_CHNL_TTL": 159986210.0,
        "SALE_RATIO": 3.0,
        "IN_YMM_RNK": 0,
        "IN_CHNL_RNK": 10
      },
      {
        "PST_YYYYMM": "202404",
        "CHNL_NM": "백화점",
        "CLASS3": "운동모",
        "SALE_AMT": 3851500.0,
        "SALE_AMT_CHNL_TTL": 159986210.0,
        "SALE_RATIO": 2.0,
        "IN_YMM_RNK": 0,
        "IN_CHNL_RNK": 11
      },
      {
        "PST_YYYYMM": "202404",
        "CHNL_NM": "백화점",
        "CLASS3": "백팩",
        "SALE_AMT": 3551300.0,
        "SALE_AMT_CHNL_TTL": 159986210.0,
        "SALE_RATIO": 2.0,
        "IN_YMM_RNK": 0,
        "IN_CHNL_RNK": 12
      },
      {
        "PST_YYYYMM": "202404",
        "CHNL_NM": "백화점",
        "CLASS3": "원피스",
        "SALE_AMT": 3545100.0,
        "SALE_AMT_CHNL_TTL": 159986210.0,
        "SALE_RATIO": 2.0,
        "IN_YMM_RNK": 0,
        "IN_CHNL_RNK": 13
      },
      {
        "PST_YYYYMM": "202404",
        "CHNL_NM": "백화점",
        "CLASS3": "보스톤백",
        "SALE_AMT": 2294500.0,
        "SALE_AMT_CHNL_TTL": 159986210.0,
        "SALE_RATIO": 1.0,
        "IN_YMM_RNK": 0,
        "IN_CHNL_RNK": 14
      },
      {
        "PST_YYYYMM": "202404",
        "CHNL_NM": "백화점",
        "CLASS3": "양말",
        "SALE_AMT": 2175640.0,
        "SALE_AMT_CHNL_TTL": 159986210.0,
        "SALE_RATIO": 1.0,
        "IN_YMM_RNK": 0,
        "IN_CHNL_RNK": 15
      },
      {
        "PST_YYYYMM": "202404",
        "CHNL_NM": "백화점",
        "CLASS3": "라켓백",
        "SALE_AMT": 1821800.0,
        "SALE_AMT_CHNL_TTL": 159986210.0,
        "SALE_RATIO": 1.0,
        "IN_YMM_RNK": 0,
        "IN_CHNL_RNK": 16
      },
      {
        "PST_YYYYMM": "202404",
        "CHNL_NM": "백화점",
        "CLASS3": "니트가디건",
        "SALE_AMT": 1137600.0,
        "SALE_AMT_CHNL_TTL": 159986210.0,
        "SALE_RATIO": 1.0,
        "IN_YMM_RNK": 0,
        "IN_CHNL_RNK": 17
      },
      {
        "PST_YYYYMM": "202404",
        "CHNL_NM": "백화점",
        "CLASS3": "니트베스트",
        "SALE_AMT": 948700.0,
        "SALE_AMT_CHNL_TTL": 159986210.0,
        "SALE_RATIO": 1.0,
        "IN_YMM_RNK": 0,
        "IN_CHNL_RNK": 18
      }
    ],
    "total_records_count": 194
  },
  "trend_data": {
    "trend_months": [
      "202304",
      "202404"
    ],
    "monthly_totals": [
      {
        "yyyymm": "202304",
        "total_amount": 10.11
      },
      {
        "yyyymm": "202404",
        "total_amount": 578.38
      }
    ],
    "monthly_details": [
      {
        "yyyymm": "202404",
        "chnl_nm": "자사몰",
        "class3": "폴로 티셔츠",
        "sale_amt": 40.64,
        "sale_ratio": 24.0
      },
      {
        "yyyymm": "202404",
        "chnl_nm": "자사몰",
        "class3": "스커트",
        "sale_amt": 38.95,
        "sale_ratio": 23.0
      },
      {
        "yyyymm": "202404",
        "chnl_nm": "자사몰",
        "class3": "반팔티셔츠",
        "sale_amt": 20.6,
        "sale_ratio": 12.0
      },
      {
        "yyyymm": "202404",
        "chnl_nm": "자사몰",
        "class3": "반바지",
        "sale_amt": 14.25,
        "sale_ratio": 8.0
      },
      {
        "yyyymm": "202404",
        "chnl_nm": "자사몰",
        "class3": "방풍자켓",
        "sale_amt": 10.67,
        "sale_ratio": 6.0
      },
      {
        "yyyymm": "202404",
        "chnl_nm": "자사몰",
        "class3": "선캡",
        "sale_amt": 5.34,
        "sale_ratio": 3.0
      },
      {
        "yyyymm": "202404",
        "chnl_nm": "자사몰",
        "class3": "신발",
        "sale_amt": 5.06,
        "sale_ratio": 3.0
      },
      {
        "yyyymm": "202404",
        "chnl_nm": "자사몰",
        "class3": "니트반팔티셔츠",
        "sale_amt": 4.24,
        "sale_ratio": 2.0
      },
      {
        "yyyymm": "202404",
        "chnl_nm": "자사몰",
        "class3": "원피스",
        "sale_amt": 4.16,
        "sale_ratio": 2.0
      },
      {
        "yyyymm": "202404",
        "chnl_nm": "자사몰",
        "class3": "트레이닝(상의)",
        "sale_amt": 4.04,
        "sale_ratio": 2.0
      },
      {
        "yyyymm": "202404",
        "chnl_nm": "자사몰",
        "class3": "운동모",
        "sale_amt": 3.3,
        "sale_ratio": 2.0
      },
      {
        "yyyymm": "202404",
        "chnl_nm": "자사몰",
        "class3": "팬츠",
        "sale_amt": 3.07,
        "sale_ratio": 2.0
      },
      {
        "yyyymm": "202404",
        "chnl_nm": "자사몰",
        "class3": "백팩",
        "sale_amt": 2.94,
        "sale_ratio": 2.0
      },
      {
        "yyyymm": "202404",
        "chnl_nm": "자사몰",
        "class3": "양말",
        "sale_amt": 2.18,
        "sale_ratio": 1.0
      },
      {
        "yyyymm": "202404",
        "chnl_nm": "자사몰",
        "class3": "맨투맨",
        "sale_amt": 2.07,
        "sale_ratio": 1.0
      },
      {
        "yyyymm": "202404",
        "chnl_nm": "자사몰",
        "class3": "보스톤백",
        "sale_amt": 1.29,
        "sale_ratio": 1.0
      },
      {
        "yyyymm": "202404",
        "chnl_nm": "자사몰",
        "class3": "토드백",
        "sale_amt": 1.18,
        "sale_ratio": 1.0
      },
      {
        "yyyymm": "202404",
        "chnl_nm": "자사몰",
        "class3": "보호대",
        "sale_amt": 0.98,
        "sale_ratio": 1.0
      },
      {
        "yyyymm": "202404",
        "chnl_nm": "자사몰",
        "class3": "반팔카라티셔츠",
        "sale_amt": 0.9,
        "sale_ratio": 1.0
      },
      {
        "yyyymm": "202404",
        "chnl_nm": "자사몰",
        "class3": "점퍼",
        "sale_amt": 0.84,
        "sale_ratio": 0.0
      },
      {
        "yyyymm": "202404",
        "chnl_nm": "자사몰",
        "class3": "라켓백",
        "sale_amt": 0.72,
        "sale_ratio": 0.0
      },
      {
        "yyyymm": "202404",
        "chnl_nm": "자사몰",
        "class3": "니트베스트",
        "sale_amt": 0.54,
        "sale_ratio": 0.0
      },
      {
        "yyyymm": "202404",
        "chnl_nm": "자사몰",
        "class3": "브라",
        "sale_amt": 0.46,
        "sale_ratio": 0.0
      },
      {
        "yyyymm": "202404",
        "chnl_nm": "자사몰",
        "class3": "후드티",
        "sale_amt": 0.45,
        "sale_ratio": 0.0
      },
      {
        "yyyymm": "202404",
        "chnl_nm": "자사몰",
        "class3": "슬리브리스",
        "sale_amt": 0.43,
        "sale_ratio": 0.0
      },
      {
        "yyyymm": "202404",
        "chnl_nm": "자사몰",
        "class3": "니트가디건",
        "sale_amt": 0.26,
        "sale_ratio": 0.0
      },
      {
        "yyyymm": "202404",
        "chnl_nm": "자사몰",
        "class3": "햇",
        "sale_amt": 0.24,
        "sale_ratio": 0.0
      },
      {
        "yyyymm": "202404",
        "chnl_nm": "자사몰",
        "class3": "레깅스",
        "sale_amt": 0.1,
        "sale_ratio": 0.0
      },
      {
        "yyyymm": "202404",
        "chnl_nm": "자사몰",
        "class3": "크로스백",
        "sale_amt": 0.1,
        "sale_ratio": 0.0
      },
      {
        "yyyymm": "202404",
        "chnl_nm": "자사몰",
        "class3": "헤드밴드",
        "sale_amt": 0.07,
        "sale_ratio": 0.0
      },
      {
        "yyyymm": "202404",
        "chnl_nm": "자사몰",
        "class3": "타올",
        "sale_amt": 0.07,
        "sale_ratio": 0.0
      },
      {
        "yyyymm": "202404",
        "chnl_nm": "자사몰",
        "class3": "긴팔티셔츠",
        "sale_amt": 0.0,
        "sale_ratio": 0.0
      },
      {
        "yyyymm": "202404",
        "chnl_nm": "백화점",
        "class3": "폴로 티셔츠",
        "sale_amt": 25.87,
        "sale_ratio": 16.0
      },
      {
        "yyyymm": "202404",
        "chnl_nm": "백화점",
        "class3": "방풍자켓",
        "sale_amt": 22.55,
        "sale_ratio": 14.0
      },
      {
        "yyyymm": "202404",
        "chnl_nm": "백화점",
        "class3": "스커트",
        "sale_amt": 20.68,
        "sale_ratio": 13.0
      },
      {
        "yyyymm": "202404",
        "chnl_nm": "백화점",
        "class3": "반팔티셔츠",
        "sale_amt": 19.47,
        "sale_ratio": 12.0
      },
      {
        "yyyymm": "202404",
        "chnl_nm": "백화점",
        "class3": "반바지",
        "sale_amt": 14.37,
        "sale_ratio": 9.0
      },
      {
        "yyyymm": "202404",
        "chnl_nm": "백화점",
        "class3": "니트반팔티셔츠",
        "sale_amt": 8.81,
        "sale_ratio": 6.0
      },
      {
        "yyyymm": "202404",
        "chnl_nm": "백화점",
        "class3": "팬츠",
        "sale_amt": 7.13,
        "sale_ratio": 4.0
      },
      {
        "yyyymm": "202404",
        "chnl_nm": "백화점",
        "class3": "신발",
        "sale_amt": 6.96,
        "sale_ratio": 4.0
      },
      {
        "yyyymm": "202404",
        "chnl_nm": "백화점",
        "class3": "선캡",
        "sale_amt": 5.37,
        "sale_ratio": 3.0
      },
      {
        "yyyymm": "202404",
        "chnl_nm": "백화점",
        "class3": "트레이닝(상의)",
        "sale_amt": 4.85,
        "sale_ratio": 3.0
      },
      {
        "yyyymm": "202404",
        "chnl_nm": "백화점",
        "class3": "운동모",
        "sale_amt": 3.85,
        "sale_ratio": 2.0
      },
      {
        "yyyymm": "202404",
        "chnl_nm": "백화점",
        "class3": "백팩",
        "sale_amt": 3.55,
        "sale_ratio": 2.0
      },
      {
        "yyyymm": "202404",
        "chnl_nm": "백화점",
        "class3": "원피스",
        "sale_amt": 3.55,
        "sale_ratio": 2.0
      },
      {
        "yyyymm": "202404",
        "chnl_nm": "백화점",
        "class3": "보스톤백",
        "sale_amt": 2.29,
        "sale_ratio": 1.0
      },
      {
        "yyyymm": "202404",
        "chnl_nm": "백화점",
        "class3": "양말",
        "sale_amt": 2.18,
        "sale_ratio": 1.0
      },
      {
        "yyyymm": "202404",
        "chnl_nm": "백화점",
        "class3": "라켓백",
        "sale_amt": 1.82,
        "sale_ratio": 1.0
      },
      {
        "yyyymm": "202404",
        "chnl_nm": "백화점",
        "class3": "니트가디건",
        "sale_amt": 1.14,
        "sale_ratio": 1.0
      },
      {
        "yyyymm": "202404",
        "chnl_nm": "백화점",
        "class3": "니트베스트",
        "sale_amt": 0.95,
        "sale_ratio": 1.0
      },
      {
        "yyyymm": "202404",
        "chnl_nm": "백화점",
        "class3": "슬리브리스",
        "sale_amt": 0.79,
        "sale_ratio": 0.0
      },
      {
        "yyyymm": "202404",
        "chnl_nm": "백화점",
        "class3": "토드백",
        "sale_amt": 0.74,
        "sale_ratio": 0.0
      },
      {
        "yyyymm": "202404",
        "chnl_nm": "백화점",
        "class3": "보호대",
        "sale_amt": 0.72,
        "sale_ratio": 0.0
      },
      {
        "yyyymm": "202404",
        "chnl_nm": "백화점",
        "class3": "점퍼",
        "sale_amt": 0.47,
        "sale_ratio": 0.0
      },
      {
        "yyyymm": "202404",
        "chnl_nm": "백화점",
        "class3": "긴팔티셔츠",
        "sale_amt": 0.4,
        "sale_ratio": 0.0
      },
      {
        "yyyymm": "202404",
        "chnl_nm": "백화점",
        "class3": "후드티",
        "sale_amt": 0.28,
        "sale_ratio": 0.0
      },
      {
        "yyyymm": "202404",
        "chnl_nm": "백화점",
        "class3": "크로스백",
        "sale_amt": 0.26,
        "sale_ratio": 0.0
      },
      {
        "yyyymm": "202404",
        "chnl_nm": "백화점",
        "class3": "브라",
        "sale_amt": 0.23,
        "sale_ratio": 0.0
      },
      {
        "yyyymm": "202404",
        "chnl_nm": "백화점",
        "class3": "햇",
        "sale_amt": 0.22,
        "sale_ratio": 0.0
      },
      {
        "yyyymm": "202404",
        "chnl_nm": "백화점",
        "class3": "맨투맨",
        "sale_amt": 0.21,
        "sale_ratio": 0.0
      },
      {
        "yyyymm": "202404",
        "chnl_nm": "백화점",
        "class3": "헤드밴드",
        "sale_amt": 0.15,
        "sale_ratio": 0.0
      },
      {
        "yyyymm": "202404",
        "chnl_nm": "백화점",
        "class3": "반팔카라티셔츠",
        "sale_amt": 0.14,
        "sale_ratio": 0.0
      },
      {
        "yyyymm": "202404",
        "chnl_nm": "백화점",
        "class3": "트레이닝 숏팬츠",
        "sale_amt": 0.06,
        "sale_ratio": 0.0
      },
      {
        "yyyymm": "202404",
        "chnl_nm": "백화점",
        "class3": "레깅스",
        "sale_amt": 0.06,
        "sale_ratio": 0.0
      },
      {
        "yyyymm": "202404",
        "chnl_nm": "백화점",
        "class3": "트레이닝(하의)",
        "sale_amt": -0.14,
        "sale_ratio": 0.0
      },
      {
        "yyyymm": "202404",
        "chnl_nm": "직영점",
        "class3": "폴로 티셔츠",
        "sale_amt": 21.13,
        "sale_ratio": 19.0
      },
      {
        "yyyymm": "202404",
        "chnl_nm": "직영점",
        "class3": "스커트",
        "sale_amt": 19.92,
        "sale_ratio": 18.0
      },
      {
        "yyyymm": "202404",
        "chnl_nm": "직영점",
        "class3": "반팔티셔츠",
        "sale_amt": 13.14,
        "sale_ratio": 12.0
      },
      {
        "yyyymm": "202404",
        "chnl_nm": "직영점",
        "class3": "반바지",
        "sale_amt": 6.61,
        "sale_ratio": 6.0
      },
      {
        "yyyymm": "202404",
        "chnl_nm": "직영점",
        "class3": "니트반팔티셔츠",
        "sale_amt": 6.23,
        "sale_ratio": 6.0
      },
      {
        "yyyymm": "202404",
        "chnl_nm": "직영점",
        "class3": "방풍자켓",
        "sale_amt": 5.63,
        "sale_ratio": 5.0
      },
      {
        "yyyymm": "202404",
        "chnl_nm": "직영점",
        "class3": "트레이닝(상의)",
        "sale_amt": 4.86,
        "sale_ratio": 4.0
      },
      {
        "yyyymm": "202404",
        "chnl_nm": "직영점",
        "class3": "신발",
        "sale_amt": 4.68,
        "sale_ratio": 4.0
      },
      {
        "yyyymm": "202404",
        "chnl_nm": "직영점",
        "class3": "원피스",
        "sale_amt": 4.49,
        "sale_ratio": 4.0
      },
      {
        "yyyymm": "202404",
        "chnl_nm": "직영점",
        "class3": "팬츠",
        "sale_amt": 3.96,
        "sale_ratio": 4.0
      },
      {
        "yyyymm": "202404",
        "chnl_nm": "직영점",
        "class3": "백팩",
        "sale_amt": 2.86,
        "sale_ratio": 3.0
      },
      {
        "yyyymm": "202404",
        "chnl_nm": "직영점",
        "class3": "보스톤백",
        "sale_amt": 2.79,
        "sale_ratio": 3.0
      },
      {
        "yyyymm": "202404",
        "chnl_nm": "직영점",
        "class3": "선캡",
        "sale_amt": 2.72,
        "sale_ratio": 2.0
      },
      {
        "yyyymm": "202404",
        "chnl_nm": "직영점",
        "class3": "운동모",
        "sale_amt": 2.4,
        "sale_ratio": 2.0
      },
      {
        "yyyymm": "202404",
        "chnl_nm": "직영점",
        "class3": "라켓백",
        "sale_amt": 1.76,
        "sale_ratio": 2.0
      },
      {
        "yyyymm": "202404",
        "chnl_nm": "직영점",
        "class3": "점퍼",
        "sale_amt": 1.51,
        "sale_ratio": 1.0
      },
      {
        "yyyymm": "202404",
        "chnl_nm": "직영점",
        "class3": "양말",
        "sale_amt": 1.5,
        "sale_ratio": 1.0
      },
      {
        "yyyymm": "202404",
        "chnl_nm": "직영점",
        "class3": "보호대",
        "sale_amt": 1.01,
        "sale_ratio": 1.0
      },
      {
        "yyyymm": "202404",
        "chnl_nm": "직영점",
        "class3": "토드백",
        "sale_amt": 0.72,
        "sale_ratio": 1.0
      },
      {
        "yyyymm": "202404",
        "chnl_nm": "직영점",
        "class3": "니트베스트",
        "sale_amt": 0.66,
        "sale_ratio": 1.0
      },
      {
        "yyyymm": "202404",
        "chnl_nm": "직영점",
        "class3": "맨투맨",
        "sale_amt": 0.48,
        "sale_ratio": 0.0
      },
      {
        "yyyymm": "202404",
        "chnl_nm": "직영점",
        "class3": "브라",
        "sale_amt": 0.44,
        "sale_ratio": 0.0
      },
      {
        "yyyymm": "202404",
        "chnl_nm": "직영점",
        "class3": "반팔카라티셔츠",
        "sale_amt": 0.32,
        "sale_ratio": 0.0
      },
      {
        "yyyymm": "202404",
        "chnl_nm": "직영점",
        "class3": "슬리브리스",
        "sale_amt": 0.28,
        "sale_ratio": 0.0
      },
      {
        "yyyymm": "202404",
        "chnl_nm": "직영점",
        "class3": "니트가디건",
        "sale_amt": 0.25,
        "sale_ratio": 0.0
      },
      {
        "yyyymm": "202404",
        "chnl_nm": "직영점",
        "class3": "레깅스",
        "sale_amt": 0.24,
        "sale_ratio": 0.0
      },
      {
        "yyyymm": "202404",
        "chnl_nm": "직영점",
        "class3": "크로스백",
        "sale_amt": 0.2,
        "sale_ratio": 0.0
      },
      {
        "yyyymm": "202404",
        "chnl_nm": "직영점",
        "class3": "여성하의 스코트",
        "sale_amt": 0.14,
        "sale_ratio": 0.0
      },
      {
        "yyyymm": "202404",
        "chnl_nm": "직영점",
        "class3": "타올",
        "sale_amt": 0.13,
        "sale_ratio": 0.0
      },
      {
        "yyyymm": "202404",
        "chnl_nm": "직영점",
        "class3": "헤드밴드",
        "sale_amt": 0.11,
        "sale_ratio": 0.0
      },
      {
        "yyyymm": "202404",
        "chnl_nm": "직영점",
        "class3": "볼",
        "sale_amt": 0.11,
        "sale_ratio": 0.0
      },
      {
        "yyyymm": "202404",
        "chnl_nm": "직영점",
        "class3": "햇",
        "sale_amt": 0.06,
        "sale_ratio": 0.0
      },
      {
        "yyyymm": "202404",
        "chnl_nm": "제휴몰",
        "class3": "스커트",
        "sale_amt": 9.88,
        "sale_ratio": 20.0
      },
      {
        "yyyymm": "202404",
        "chnl_nm": "제휴몰",
        "class3": "반팔티셔츠",
        "sale_amt": 8.61,
        "sale_ratio": 17.0
      },
      {
        "yyyymm": "202404",
        "chnl_nm": "제휴몰",
        "class3": "폴로 티셔츠",
        "sale_amt": 7.35,
        "sale_ratio": 15.0
      },
      {
        "yyyymm": "202404",
        "chnl_nm": "제휴몰",
        "class3": "반바지",
        "sale_amt": 3.61,
        "sale_ratio": 7.0
      },
      {
        "yyyymm": "202404",
        "chnl_nm": "제휴몰",
        "class3": "방풍자켓",
        "sale_amt": 3.19,
        "sale_ratio": 6.0
      },
      {
        "yyyymm": "202404",
        "chnl_nm": "제휴몰",
        "class3": "신발",
        "sale_amt": 2.56,
        "sale_ratio": 5.0
      },
      {
        "yyyymm": "202404",
        "chnl_nm": "제휴몰",
        "class3": "선캡",
        "sale_amt": 2.0,
        "sale_ratio": 4.0
      },
      {
        "yyyymm": "202404",
        "chnl_nm": "제휴몰",
        "class3": "운동모",
        "sale_amt": 1.23,
        "sale_ratio": 2.0
      },
      {
        "yyyymm": "202404",
        "chnl_nm": "제휴몰",
        "class3": "원피스",
        "sale_amt": 1.23,
        "sale_ratio": 2.0
      },
      {
        "yyyymm": "202404",
        "chnl_nm": "제휴몰",
        "class3": "라켓백",
        "sale_amt": 1.2,
        "sale_ratio": 2.0
      },
      {
        "yyyymm": "202404",
        "chnl_nm": "제휴몰",
        "class3": "트레이닝 숏팬츠",
        "sale_amt": 1.09,
        "sale_ratio": 2.0
      },
      {
        "yyyymm": "202404",
        "chnl_nm": "제휴몰",
        "class3": "팬츠",
        "sale_amt": 0.97,
        "sale_ratio": 2.0
      },
      {
        "yyyymm": "202404",
        "chnl_nm": "제휴몰",
        "class3": "트레이닝(상의)",
        "sale_amt": 0.94,
        "sale_ratio": 2.0
      },
      {
        "yyyymm": "202404",
        "chnl_nm": "제휴몰",
        "class3": "니트베스트",
        "sale_amt": 0.9,
        "sale_ratio": 2.0
      },
      {
        "yyyymm": "202404",
        "chnl_nm": "제휴몰",
        "class3": "맨투맨",
        "sale_amt": 0.89,
        "sale_ratio": 2.0
      },
      {
        "yyyymm": "202404",
        "chnl_nm": "제휴몰",
        "class3": "양말",
        "sale_amt": 0.77,
        "sale_ratio": 2.0
      },
      {
        "yyyymm": "202404",
        "chnl_nm": "제휴몰",
        "class3": "슬리브리스",
        "sale_amt": 0.56,
        "sale_ratio": 1.0
      },
      {
        "yyyymm": "202404",
        "chnl_nm": "제휴몰",
        "class3": "토드백",
        "sale_amt": 0.52,
        "sale_ratio": 1.0
      },
      {
        "yyyymm": "202404",
        "chnl_nm": "제휴몰",
        "class3": "니트반팔티셔츠",
        "sale_amt": 0.42,
        "sale_ratio": 1.0
      },
      {
        "yyyymm": "202404",
        "chnl_nm": "제휴몰",
        "class3": "점퍼",
        "sale_amt": 0.28,
        "sale_ratio": 1.0
      },
      {
        "yyyymm": "202404",
        "chnl_nm": "제휴몰",
        "class3": "니트가디건",
        "sale_amt": 0.26,
        "sale_ratio": 1.0
      },
      {
        "yyyymm": "202404",
        "chnl_nm": "제휴몰",
        "class3": "백팩",
        "sale_amt": 0.23,
        "sale_ratio": 0.0
      },
      {
        "yyyymm": "202404",
        "chnl_nm": "제휴몰",
        "class3": "햇",
        "sale_amt": 0.22,
        "sale_ratio": 0.0
      },
      {
        "yyyymm": "202404",
        "chnl_nm": "제휴몰",
        "class3": "보스톤백",
        "sale_amt": 0.2,
        "sale_ratio": 0.0
      },
      {
        "yyyymm": "202404",
        "chnl_nm": "제휴몰",
        "class3": "보호대",
        "sale_amt": 0.16,
        "sale_ratio": 0.0
      },
      {
        "yyyymm": "202404",
        "chnl_nm": "제휴몰",
        "class3": "반팔카라티셔츠",
        "sale_amt": 0.14,
        "sale_ratio": 0.0
      },
      {
        "yyyymm": "202404",
        "chnl_nm": "제휴몰",
        "class3": "긴팔티셔츠",
        "sale_amt": 0.12,
        "sale_ratio": 0.0
      },
      {
        "yyyymm": "202404",
        "chnl_nm": "제휴몰",
        "class3": "브라",
        "sale_amt": 0.12,
        "sale_ratio": 0.0
      },
      {
        "yyyymm": "202404",
        "chnl_nm": "제휴몰",
        "class3": "헤드밴드",
        "sale_amt": 0.1,
        "sale_ratio": 0.0
      },
      {
        "yyyymm": "202404",
        "chnl_nm": "제휴몰",
        "class3": "후드티",
        "sale_amt": 0.0,
        "sale_ratio": 0.0
      },
      {
        "yyyymm": "202404",
        "chnl_nm": "제휴몰",
        "class3": "타올",
        "sale_amt": 0.0,
        "sale_ratio": 0.0
      },
      {
        "yyyymm": "202404",
        "chnl_nm": "면세점",
        "class3": "스커트",
        "sale_amt": 10.8,
        "sale_ratio": 23.0
      },
      {
        "yyyymm": "202404",
        "chnl_nm": "면세점",
        "class3": "반팔티셔츠",
        "sale_amt": 7.2,
        "sale_ratio": 16.0
      },
      {
        "yyyymm": "202404",
        "chnl_nm": "면세점",
        "class3": "폴로 티셔츠",
        "sale_amt": 6.7,
        "sale_ratio": 15.0
      },
      {
        "yyyymm": "202404",
        "chnl_nm": "면세점",
        "class3": "방풍자켓",
        "sale_amt": 3.94,
        "sale_ratio": 9.0
      },
      {
        "yyyymm": "202404",
        "chnl_nm": "면세점",
        "class3": "반바지",
        "sale_amt": 2.74,
        "sale_ratio": 6.0
      },
      {
        "yyyymm": "202404",
        "chnl_nm": "면세점",
        "class3": "니트반팔티셔츠",
        "sale_amt": 2.4,
        "sale_ratio": 5.0
      },
      {
        "yyyymm": "202404",
        "chnl_nm": "면세점",
        "class3": "신발",
        "sale_amt": 1.65,
        "sale_ratio": 4.0
      },
      {
        "yyyymm": "202404",
        "chnl_nm": "면세점",
        "class3": "보스톤백",
        "sale_amt": 1.32,
        "sale_ratio": 3.0
      },
      {
        "yyyymm": "202404",
        "chnl_nm": "면세점",
        "class3": "원피스",
        "sale_amt": 1.17,
        "sale_ratio": 3.0
      },
      {
        "yyyymm": "202404",
        "chnl_nm": "면세점",
        "class3": "선캡",
        "sale_amt": 0.9,
        "sale_ratio": 2.0
      },
      {
        "yyyymm": "202404",
        "chnl_nm": "면세점",
        "class3": "브라",
        "sale_amt": 0.88,
        "sale_ratio": 2.0
      },
      {
        "yyyymm": "202404",
        "chnl_nm": "면세점",
        "class3": "팬츠",
        "sale_amt": 0.85,
        "sale_ratio": 2.0
      },
      {
        "yyyymm": "202404",
        "chnl_nm": "면세점",
        "class3": "라켓백",
        "sale_amt": 0.82,
        "sale_ratio": 2.0
      },
      {
        "yyyymm": "202404",
        "chnl_nm": "면세점",
        "class3": "트레이닝(상의)",
        "sale_amt": 0.81,
        "sale_ratio": 2.0
      },
      {
        "yyyymm": "202404",
        "chnl_nm": "면세점",
        "class3": "니트가디건",
        "sale_amt": 0.78,
        "sale_ratio": 2.0
      },
      {
        "yyyymm": "202404",
        "chnl_nm": "면세점",
        "class3": "점퍼",
        "sale_amt": 0.56,
        "sale_ratio": 1.0
      },
      {
        "yyyymm": "202404",
        "chnl_nm": "면세점",
        "class3": "니트베스트",
        "sale_amt": 0.54,
        "sale_ratio": 1.0
      },
      {
        "yyyymm": "202404",
        "chnl_nm": "면세점",
        "class3": "슬리브리스",
        "sale_amt": 0.45,
        "sale_ratio": 1.0
      },
      {
        "yyyymm": "202404",
        "chnl_nm": "면세점",
        "class3": "토드백",
        "sale_amt": 0.38,
        "sale_ratio": 1.0
      },
      {
        "yyyymm": "202404",
        "chnl_nm": "면세점",
        "class3": "백팩",
        "sale_amt": 0.23,
        "sale_ratio": 0.0
      },
      {
        "yyyymm": "202404",
        "chnl_nm": "면세점",
        "class3": "운동모",
        "sale_amt": 0.23,
        "sale_ratio": 0.0
      },
      {
        "yyyymm": "202404",
        "chnl_nm": "면세점",
        "class3": "양말",
        "sale_amt": 0.22,
        "sale_ratio": 0.0
      },
      {
        "yyyymm": "202404",
        "chnl_nm": "면세점",
        "class3": "맨투맨",
        "sale_amt": 0.14,
        "sale_ratio": 0.0
      },
      {
        "yyyymm": "202404",
        "chnl_nm": "면세점",
        "class3": "보호대",
        "sale_amt": 0.13,
        "sale_ratio": 0.0
      },
      {
        "yyyymm": "202404",
        "chnl_nm": "면세점",
        "class3": "긴팔티셔츠",
        "sale_amt": 0.12,
        "sale_ratio": 0.0
      },
      {
        "yyyymm": "202404",
        "chnl_nm": "면세점",
        "class3": "크로스백",
        "sale_amt": 0.11,
        "sale_ratio": 0.0
      },
      {
        "yyyymm": "202404",
        "chnl_nm": "면세점",
        "class3": "레깅스",
        "sale_amt": 0.07,
        "sale_ratio": 0.0
      },
      {
        "yyyymm": "202404",
        "chnl_nm": "면세점",
        "class3": "헤드밴드",
        "sale_amt": 0.04,
        "sale_ratio": 0.0
      },
      {
        "yyyymm": "202404",
        "chnl_nm": "아울렛",
        "class3": "반팔티셔츠",
        "sale_amt": 7.95,
        "sale_ratio": 19.0
      },
      {
        "yyyymm": "202404",
        "chnl_nm": "아울렛",
        "class3": "폴로 티셔츠",
        "sale_amt": 7.16,
        "sale_ratio": 17.0
      },
      {
        "yyyymm": "202404",
        "chnl_nm": "아울렛",
        "class3": "스커트",
        "sale_amt": 5.94,
        "sale_ratio": 14.0
      },
      {
        "yyyymm": "202404",
        "chnl_nm": "아울렛",
        "class3": "니트반팔티셔츠",
        "sale_amt": 3.42,
        "sale_ratio": 8.0
      },
      {
        "yyyymm": "202404",
        "chnl_nm": "아울렛",
        "class3": "방풍자켓",
        "sale_amt": 3.33,
        "sale_ratio": 8.0
      },
      {
        "yyyymm": "202404",
        "chnl_nm": "아울렛",
        "class3": "원피스",
        "sale_amt": 3.31,
        "sale_ratio": 8.0
      },
      {
        "yyyymm": "202404",
        "chnl_nm": "아울렛",
        "class3": "반바지",
        "sale_amt": 2.37,
        "sale_ratio": 6.0
      },
      {
        "yyyymm": "202404",
        "chnl_nm": "아울렛",
        "class3": "트레이닝 숏팬츠",
        "sale_amt": 1.72,
        "sale_ratio": 4.0
      },
      {
        "yyyymm": "202404",
        "chnl_nm": "아울렛",
        "class3": "신발",
        "sale_amt": 1.02,
        "sale_ratio": 2.0
      },
      {
        "yyyymm": "202404",
        "chnl_nm": "아울렛",
        "class3": "트레이닝(상의)",
        "sale_amt": 0.98,
        "sale_ratio": 2.0
      },
      {
        "yyyymm": "202404",
        "chnl_nm": "아울렛",
        "class3": "니트베스트",
        "sale_amt": 0.7,
        "sale_ratio": 2.0
      },
      {
        "yyyymm": "202404",
        "chnl_nm": "아울렛",
        "class3": "햇",
        "sale_amt": 0.54,
        "sale_ratio": 1.0
      },
      {
        "yyyymm": "202404",
        "chnl_nm": "아울렛",
        "class3": "보스톤백",
        "sale_amt": 0.41,
        "sale_ratio": 1.0
      },
      {
        "yyyymm": "202404",
        "chnl_nm": "아울렛",
        "class3": "운동모",
        "sale_amt": 0.41,
        "sale_ratio": 1.0
      },
      {
        "yyyymm": "202404",
        "chnl_nm": "아울렛",
        "class3": "양말",
        "sale_amt": 0.36,
        "sale_ratio": 1.0
      },
      {
        "yyyymm": "202404",
        "chnl_nm": "아울렛",
        "class3": "백팩",
        "sale_amt": 0.32,
        "sale_ratio": 1.0
      },
      {
        "yyyymm": "202404",
        "chnl_nm": "아울렛",
        "class3": "맨투맨",
        "sale_amt": 0.31,
        "sale_ratio": 1.0
      },
      {
        "yyyymm": "202404",
        "chnl_nm": "아울렛",
        "class3": "팬츠",
        "sale_amt": 0.2,
        "sale_ratio": 0.0
      },
      {
        "yyyymm": "202404",
        "chnl_nm": "아울렛",
        "class3": "토드백",
        "sale_amt": 0.16,
        "sale_ratio": 0.0
      },
      {
        "yyyymm": "202404",
        "chnl_nm": "아울렛",
        "class3": "반팔카라티셔츠",
        "sale_amt": 0.13,
        "sale_ratio": 0.0
      },
      {
        "yyyymm": "202404",
        "chnl_nm": "아울렛",
        "class3": "후드티",
        "sale_amt": 0.1,
        "sale_ratio": 0.0
      },
      {
        "yyyymm": "202404",
        "chnl_nm": "아울렛",
        "class3": "트레이닝(하의)",
        "sale_amt": 0.09,
        "sale_ratio": 0.0
      },
      {
        "yyyymm": "202404",
        "chnl_nm": "아울렛",
        "class3": "선캡",
        "sale_amt": 0.05,
        "sale_ratio": 0.0
      },
      {
        "yyyymm": "202304",
        "chnl_nm": "자사몰",
        "class3": "스커트",
        "sale_amt": 2.19,
        "sale_ratio": 22.0
      },
      {
        "yyyymm": "202304",
        "chnl_nm": "자사몰",
        "class3": "반팔티셔츠",
        "sale_amt": 1.63,
        "sale_ratio": 16.0
      },
      {
        "yyyymm": "202304",
        "chnl_nm": "자사몰",
        "class3": "폴로 티셔츠",
        "sale_amt": 1.52,
        "sale_ratio": 15.0
      },
      {
        "yyyymm": "202304",
        "chnl_nm": "자사몰",
        "class3": "원피스",
        "sale_amt": 1.31,
        "sale_ratio": 13.0
      },
      {
        "yyyymm": "202304",
        "chnl_nm": "자사몰",
        "class3": "슬리브리스",
        "sale_amt": 0.51,
        "sale_ratio": 5.0
      },
      {
        "yyyymm": "202304",
        "chnl_nm": "자사몰",
        "class3": "맨투맨",
        "sale_amt": 0.48,
        "sale_ratio": 5.0
      },
      {
        "yyyymm": "202304",
        "chnl_nm": "자사몰",
        "class3": "트레이닝 숏팬츠",
        "sale_amt": 0.47,
        "sale_ratio": 5.0
      },
      {
        "yyyymm": "202304",
        "chnl_nm": "자사몰",
        "class3": "니트반팔티셔츠",
        "sale_amt": 0.42,
        "sale_ratio": 4.0
      },
      {
        "yyyymm": "202304",
        "chnl_nm": "자사몰",
        "class3": "반바지",
        "sale_amt": 0.36,
        "sale_ratio": 4.0
      },
      {
        "yyyymm": "202304",
        "chnl_nm": "자사몰",
        "class3": "팬츠",
        "sale_amt": 0.28,
        "sale_ratio": 3.0
      },
      {
        "yyyymm": "202304",
        "chnl_nm": "자사몰",
        "class3": "타올",
        "sale_amt": 0.28,
        "sale_ratio": 3.0
      },
      {
        "yyyymm": "202304",
        "chnl_nm": "자사몰",
        "class3": "신발",
        "sale_amt": 0.26,
        "sale_ratio": 3.0
      },
      {
        "yyyymm": "202304",
        "chnl_nm": "자사몰",
        "class3": "니트베스트",
        "sale_amt": 0.2,
        "sale_ratio": 2.0
      },
      {
        "yyyymm": "202304",
        "chnl_nm": "자사몰",
        "class3": "양말",
        "sale_amt": 0.12,
        "sale_ratio": 1.0
      },
      {
        "yyyymm": "202304",
        "chnl_nm": "자사몰",
        "class3": "보호대",
        "sale_amt": 0.09,
        "sale_ratio": 1.0
      }
    ]
  }
}