{
  "country": "KR",
  "brand_cd": "X",
  "brand_name": "DISCOVERY",
  "yyyymm": "202401",
  "yyyymm_py": "202301",
  "key": "매장효율성",
  "sub_key": "종합분석",
  "analysis_data": {
    "title": "매장효율성 종합분석",
    "sections": [
      {
        "div": "종합분석-1",
        "sub_title": "우수 점포 생산성",
        "ai_text": "면세점이 유일한 우수 성과 채널로 점포당 매출 375백만원을 기록하며 전년(146백만원) 대비 257.4%의 폭발적 성장을 달성했습니다.\n5개 점포 모두가 안정적인 고수익을 창출하며 DISCOVERY 브랜드의 프리미엄 포지셔닝이 면세점 고객층과 완벽히 매칭된 것으로 분석됩니다.\n해외 관광객 회복과 브랜드 인지도 상승이 주요 성공 요인으로 판단되며, 면세점 채널의 확장 검토가 필요합니다.\n평균 점포당 매출이 전체 평균(120백만원)의 3배를 초과하는 압도적 효율성을 보여주고 있습니다."
      },
      {
        "div": "종합분석-2",
        "sub_title": "대응 필요 매장",
        "ai_text": "직영점이 가장 심각한 상황으로 점포당 매출이 119백만원(전년 184백만원 대비 64.7%)으로 35.3% 급락했습니다.\n대리점은 134개 점포로 최대 규모이지만 점포당 매출 79백만원(전년 106백만원 대비 74.7%)으로 가장 낮은 효율성을 기록했습니다.\n아울렛은 213백만원의 높은 점포당 매출에도 불구하고 전년(279백만원) 대비 23.5% 감소하여 개선이 시급합니다.\n백화점도 132백만원으로 전년(156백만원) 대비 15.5% 하락하며 전반적인 매장 효율성 저하가 우려됩니다."
      },
      {
        "div": "종합분석-3",
        "sub_title": "AI 권장사항",
        "ai_text": "면세점 성공 모델을 벤치마킹하여 프리미엄 상품 구성과 VIP 고객 서비스를 타 채널에 적용하는 것이 최우선 과제입니다.\n대리점(134개)의 저효율 점포는 선별적 정리를 통해 우수 입지 중심으로 재편하고, 직영점은 면세점 수준의 집중 관리 체계를 도입해야 합니다.\n아울렛과 백화점은 계절별 상품 기획 강화와 디지털 마케팅 연계를 통해 고객 유입을 확대하는 전략이 필요합니다.\n채널별 차별화된 상품 구성과 가격 정책을 통해 면세점(375백만원) 수준의 점포당 매출 목표를 단계적으로 달성해야 합니다."
      },
      {
        "div": "종합분석-4",
        "sub_title": "최적의 시나리오",
        "ai_text": "면세점 모델을 기반으로 전체 점포당 매출을 현재 120백만원에서 180백만원(50% 향상)으로 끌어올리는 것이 목표입니다.\n대리점은 비효율 점포 20% 정리 후 남은 점포의 평균 매출을 100백만원으로, 직영점은 집중 투자를 통해 200백만원 수준으로 개선합니다.\n아울렛과 백화점은 상품 차별화와 고객 경험 향상을 통해 각각 250백만원, 160백만원 수준의 점포당 매출을 달성합니다.\n이를 통해 전체 276개 점포에서 250개 점포로 최적화하되, 총 매출은 현재 수준을 유지하며 점포 효율성을 극대화하는 시나리오를 제안합니다."
      }
    ]
  },
  "summary": {
    "total_shop_amt_cy": 120.0,
    "total_shop_amt_py": 145.0,
    "total_shop_cnt_cy": 276,
    "total_shop_cnt_py": 257,
    "yoy": 82.8,
    "unique_channels": 5,
    "analysis_period": "2023년 1월 vs 2024년 1월"
  },
  "channel_summary": {
    "백화점": {
      "shop_amt_cy": 132.0,
      "shop_amt_py": 156.0,
      "shop_cnt_cy": 97,
      "shop_cnt_py": 90,
      "yoy": 84.5
    },
    "대리점": {
      "shop_amt_cy": 79.0,
      "shop_amt_py": 106.0,
      "shop_cnt_cy": 134,
      "shop_cnt_py": 127,
      "yoy": 74.7
    },
    "직영점": {
      "shop_amt_cy": 119.0,
      "shop_amt_py": 184.0,
      "shop_cnt_cy": 8,
      "shop_cnt_py": 7,
      "yoy": 64.7
    },
    "면세점": {
      "shop_amt_cy": 375.0,
      "shop_amt_py": 146.0,
      "shop_cnt_cy": 5,
      "shop_cnt_py": 5,
      "yoy": 257.4
    },
    "아울렛": {
      "shop_amt_cy": 213.0,
      "shop_amt_py": 279.0,
      "shop_cnt_cy": 32,
      "shop_cnt_py": 28,
      "yoy": 76.5
    }
  },
  "excellent_channels": [
    {
      "chnl_nm": "면세점",
      "shop_amt_cy": 375.0,
      "shop_amt_py": 146.0,
      "yoy": 257.4,
      "shop_cnt_cy": 5
    }
  ],
  "warning_channels": [
    {
      "chnl_nm": "대리점",
      "shop_amt_cy": 79.0,
      "shop_amt_py": 106.0,
      "yoy": 74.7,
      "shop_cnt_cy": 134
    },
    {
      "chnl_nm": "직영점",
      "shop_amt_cy": 119.0,
      "shop_amt_py": 184.0,
      "yoy": 64.7,
      "shop_cnt_cy": 8
    },
    {
      "chnl_nm": "백화점",
      "shop_amt_cy": 132.0,
      "shop_amt_py": 156.0,
      "yoy": 84.5,
      "shop_cnt_cy": 97
    },
    {
      "chnl_nm": "아울렛",
      "shop_amt_cy": 213.0,
      "shop_amt_py": 279.0,
      "yoy": 76.5,
      "shop_cnt_cy": 32
    }
  ],
  "raw_data": {
    "sample_records": [
      {
        "CHNL_NM": "백화점",
        "SHOP_CNT_CY": 97,
        "SHOP_CNT_PY": 90,
        "SHOP_AMT_CY": 132.0,
        "SHOP_AMT_PY": 156.0,
        "YOY": 84.5,
        "SEQ": 2
      },
      {
        "CHNL_NM": "대리점",
        "SHOP_CNT_CY": 134,
        "SHOP_CNT_PY": 127,
        "SHOP_AMT_CY": 79.0,
        "SHOP_AMT_PY": 106.0,
        "YOY": 74.7,
        "SEQ": 2
      },
      {
        "CHNL_NM": "직영점",
        "SHOP_CNT_CY": 8,
        "SHOP_CNT_PY": 7,
        "SHOP_AMT_CY": 119.0,
        "SHOP_AMT_PY": 184.0,
        "YOY": 64.7,
        "SEQ": 2
      },
      {
        "CHNL_NM": "면세점",
        "SHOP_CNT_CY": 5,
        "SHOP_CNT_PY": 5,
        "SHOP_AMT_CY": 375.0,
        "SHOP_AMT_PY": 146.0,
        "YOY": 257.4,
        "SEQ": 2
      },
      {
        "CHNL_NM": "아울렛",
        "SHOP_CNT_CY": 32,
        "SHOP_CNT_PY": 28,
        "SHOP_AMT_CY": 213.0,
        "SHOP_AMT_PY": 279.0,
        "YOY": 76.5,
        "SEQ": 2
      },
      {
        "CHNL_NM": "전체",
        "SHOP_CNT_CY": 276,
        "SHOP_CNT_PY": 257,
        "SHOP_AMT_CY": 120.0,
        "SHOP_AMT_PY": 145.0,
        "YOY": 82.4,
        "SEQ": 1
      },
      {
        "CHNL_NM": "면세 제외",
        "SHOP_CNT_CY": 271,
        "SHOP_CNT_PY": 252,
        "SHOP_AMT_CY": 115.0,
        "SHOP_AMT_PY": 145.0,
        "YOY": 79.2,
        "SEQ": 3
      }
    ],
    "total_records_count": 7
  }
}