{
  "country": "KR",
  "brand_cd": "M",
  "brand_name": "MLB",
  "yyyymm": "202404",
  "yyyymm_py": "202304",
  "key": "할인율",
  "sub_key": "종합분석",
  "analysis_data": {
    "title": "할인율 종합분석",
    "sections": [
      {
        "div": "종합분석-1",
        "sub_title": "전략 우수 채널",
        "ai_text": "플래그쉽 채널이 가장 우수한 성과를 보이며, 할인율 6.7%로 전년대비 5.0%p 대폭 개선되었습니다.\n제휴몰(3.0%)과 직영점(4.0%)이 낮은 할인율을 유지하며 안정적인 가격 정책을 구현하고 있습니다.\n모자(3.1%, -4.9%p)와 가방(4.0%, -1.6%p) 카테고리가 할인율 개선을 주도하고 있어 액세서리 중심의 가격 전략이 효과적임을 시사합니다.\n이들 채널의 성공 요인은 브랜드 가치 유지와 선별적 할인 정책의 조화로 분석됩니다."
      },
      {
        "div": "종합분석-2",
        "sub_title": "주의 필요 채널",
        "ai_text": "RF 채널이 22.0% 할인율로 가장 높은 수준이며, 개선되었음에도(-6.2%p) 여전히 과도한 할인 의존도를 보입니다.\n자사몰(11.4%, +0.6%p)은 온라인 경쟁 심화로 할인율이 악화되고 있어 디지털 채널 전략 재검토가 필요합니다.\n백화점(6.5%, +4.5%p)과 면세점(6.4%, +3.4%p)은 할인율 급상승으로 수익성 압박이 우려됩니다.\n과시즌 의류(29.4%, +24.5%p)와 신발(15.3%, +8.5%p)의 할인율 급등이 전체 수익성에 부정적 영향을 미치고 있습니다."
      },
      {
        "div": "종합분석-3",
        "sub_title": "AI 권장 사항",
        "ai_text": "RF 채널의 할인율 정상화를 위해 상품 믹스 조정과 단계적 할인율 축소 전략(목표: 15% 이하)을 실행하세요.\n자사몰은 멤버십 기반 차별화 혜택으로 무분별한 할인 경쟁에서 탈피하고, 백화점/면세점은 브랜드 파트너십 강화를 통한 공동 마케팅으로 할인 부담을 분산하세요.\n과시즌 재고 관리 시스템 고도화와 액세서리 중심의 수익성 개선 모델을 전 채널로 확산 적용하세요.\n플래그쉽 채널의 성공 사례를 벤치마킹하여 브랜드 가치 중심의 가격 정책을 타 채널에 단계적으로 도입하세요."
      }
    ]
  },
  "summary": {
    "total_discount_cy": 7.5,
    "total_discount_py": 6.3,
    "change_pct": 1.2,
    "unique_channels": 8,
    "unique_items": 8,
    "analysis_period": "2023년 4월 vs 2024년 4월"
  },
  "channel_summary": {
    "플래그쉽": {
      "discount_cy": 6.7,
      "discount_py": 11.7,
      "yoy": -5.0
    },
    "백화점": {
      "discount_cy": 6.5,
      "discount_py": 2.0,
      "yoy": 4.5
    },
    "대리점": {
      "discount_cy": 6.2,
      "discount_py": 3.4,
      "yoy": 2.8
    },
    "직영점": {
      "discount_cy": 4.0,
      "discount_py": 1.5,
      "yoy": 2.5
    },
    "자사몰": {
      "discount_cy": 11.4,
      "discount_py": 10.8,
      "yoy": 0.6
    },
    "제휴몰": {
      "discount_cy": 3.0,
      "discount_py": 2.4,
      "yoy": 0.6
    },
    "면세점": {
      "discount_cy": 6.4,
      "discount_py": 3.0,
      "yoy": 3.4
    },
    "RF": {
      "discount_cy": 22.0,
      "discount_py": 28.2,
      "yoy": -6.2
    }
  },
  "excellent_channels": [
    {
      "chnl_nm": "플래그쉽",
      "discount_cy": 6.7,
      "yoy": -5.0
    }
  ],
  "warning_channels": [
    {
      "chnl_nm": "RF",
      "discount_cy": 22.0,
      "yoy": -6.2
    },
    {
      "chnl_nm": "자사몰",
      "discount_cy": 11.4,
      "yoy": 0.6
    },
    {
      "chnl_nm": "백화점",
      "discount_cy": 6.5,
      "yoy": 4.5
    },
    {
      "chnl_nm": "면세점",
      "discount_cy": 6.4,
      "yoy": 3.4
    },
    {
      "chnl_nm": "대리점",
      "discount_cy": 6.2,
      "yoy": 2.8
    }
  ],
  "raw_data": {
    "sample_records": [
      {
        "CHNL_NM": "전체",
        "DISCOUNT": 7.5,
        "YOY": 1.2,
        "SEQ": 1
      },
      {
        "CHNL_NM": "플래그쉽",
        "DISCOUNT": 6.7,
        "YOY": -5.0,
        "SEQ": 2
      },
      {
        "CHNL_NM": "백화점",
        "DISCOUNT": 6.5,
        "YOY": 4.5,
        "SEQ": 2
      },
      {
        "CHNL_NM": "대리점",
        "DISCOUNT": 6.2,
        "YOY": 2.8,
        "SEQ": 2
      },
      {
        "CHNL_NM": "직영점",
        "DISCOUNT": 4.0,
        "YOY": 2.5,
        "SEQ": 2
      },
      {
        "CHNL_NM": "자사몰",
        "DISCOUNT": 11.4,
        "YOY": 0.6,
        "SEQ": 2
      },
      {
        "CHNL_NM": "제휴몰",
        "DISCOUNT": 3.0,
        "YOY": 0.6,
        "SEQ": 2
      },
      {
        "CHNL_NM": "면세점",
        "DISCOUNT": 6.4,
        "YOY": 3.4,
        "SEQ": 2
      },
      {
        "CHNL_NM": "RF",
        "DISCOUNT": 22.0,
        "YOY": -6.2,
        "SEQ": 2
      },
      {
        "CHNL_NM": "24S 의류",
        "DISCOUNT": 5.8,
        "YOY": 1.9,
        "SEQ": 4
      },
      {
        "CHNL_NM": "23F 의류",
        "DISCOUNT": 5.3,
        "YOY": 1.9,
        "SEQ": 4
      },
      {
        "CHNL_NM": "과시즌 의류",
        "DISCOUNT": 29.4,
        "YOY": 24.5,
        "SEQ": 4
      },
      {
        "CHNL_NM": "모자",
        "DISCOUNT": 3.1,
        "YOY": -4.9,
        "SEQ": 4
      },
      {
        "CHNL_NM": "신발",
        "DISCOUNT": 15.3,
        "YOY": 8.5,
        "SEQ": 4
      },
      {
        "CHNL_NM": "가방",
        "DISCOUNT": 4.0,
        "YOY": -1.6,
        "SEQ": 4
      },
      {
        "CHNL_NM": "기타ACC",
        "DISCOUNT": 4.9,
        "YOY": -0.7,
        "SEQ": 4
      },
      {
        "CHNL_NM": "기타",
        "DISCOUNT": 0.0,
        "YOY": 0.0,
        "SEQ": 4
      }
    ],
    "total_records_count": 17
  }
}