{
  "country": "KR",
  "brand_cd": "X",
  "brand_name": "DISCOVERY",
  "yyyymm": "202410",
  "yyyymm_py": "202310",
  "key": "매장효율성",
  "sub_key": "종합분석",
  "analysis_data": {
    "title": "매장효율성 종합분석",
    "sections": [
      {
        "div": "종합분석-1",
        "sub_title": "우수 점포 생산성",
        "ai_text": "면세점이 유일한 성장 채널로 점포당 매출 330백만원을 기록하며 전년(266백만원) 대비 24.2% 성장했습니다.\n4개 점포로 소규모이지만 가장 높은 점포당 매출 효율성을 보여주고 있으며, 인바운드 관광객 회복과 면세 혜택이 주요 성공 요인으로 분석됩니다.\n면세점의 성공 모델을 다른 채널에 벤치마킹할 필요가 있으며, 특히 고객 서비스와 상품 구성 전략이 핵심입니다.\n면세점 확장 가능성을 검토하여 고수익 채널 비중을 늘리는 전략이 필요합니다."
      },
      {
        "div": "종합분석-2",
        "sub_title": "대응 필요 매장",
        "ai_text": "직영점이 가장 큰 폭의 매출 감소(-32.1%)를 보이며 점포당 매출이 178백만원에서 121백만원으로 하락했습니다.\n백화점(116백만원, -27.7%)과 아울렛(313백만원, -29.4%)도 큰 폭의 매출 감소를 기록했으며, 대리점(96백만원, -22.6%)은 가장 낮은 점포당 매출을 보입니다.\n총 274개 점포(전체의 98.6%)가 매출 감소를 겪고 있어 전반적인 브랜드 경쟁력 저하가 우려됩니다.\n특히 대리점 134개소는 점포당 매출이 100백만원 미만으로 수익성 개선이 시급한 상황입니다."
      },
      {
        "div": "종합분석-3",
        "sub_title": "AI 권장사항",
        "ai_text": "면세점 성공 모델을 벤치마킹하여 백화점과 아울렛에 VIP 고객 서비스와 프리미엄 상품 라인 도입을 권장합니다.\n대리점 134개소에 대해서는 디지털 마케팅 강화와 온라인 연계 서비스를 통한 고객 유입 확대가 필요합니다.\n직영점은 플래그십 매장으로 재포지셔닝하여 브랜드 체험 공간과 커스터마이징 서비스를 강화해야 합니다.\n저성과 매장에 대해서는 임대료 재협상, 입지 재검토, 또는 운영 방식 전환을 통한 수익성 개선이 시급합니다."
      },
      {
        "div": "종합분석-4",
        "sub_title": "최적의 시나리오",
        "ai_text": "2025년 목표로 면세점 점포당 매출 350백만원 달성 및 6개소로 확장하여 고수익 채널 비중을 늘려야 합니다.\n백화점과 아울렛은 점포당 매출을 각각 140백만원, 350백만원으로 회복시키고, 대리점은 120백만원까지 끌어올리는 것이 목표입니다.\n직영점은 8개소를 브랜드 체험 중심의 플래그십으로 전환하여 점포당 매출 150백만원 달성을 목표로 합니다.\n전체 점포당 매출을 160백만원(전년 대비 90% 수준)까지 회복시켜 브랜드 경쟁력을 재구축하는 것이 핵심입니다."
      }
    ]
  },
  "summary": {
    "total_shop_amt_cy": 136.0,
    "total_shop_amt_py": 178.0,
    "total_shop_cnt_cy": 278,
    "total_shop_cnt_py": 275,
    "yoy": 76.4,
    "unique_channels": 5,
    "analysis_period": "2023년 10월 vs 2024년 10월"
  },
  "channel_summary": {
    "백화점": {
      "shop_amt_cy": 116.0,
      "shop_amt_py": 160.0,
      "shop_cnt_cy": 95,
      "shop_cnt_py": 97,
      "yoy": 72.3
    },
    "대리점": {
      "shop_amt_cy": 96.0,
      "shop_amt_py": 125.0,
      "shop_cnt_cy": 134,
      "shop_cnt_py": 134,
      "yoy": 77.4
    },
    "직영점": {
      "shop_amt_cy": 121.0,
      "shop_amt_py": 178.0,
      "shop_cnt_cy": 8,
      "shop_cnt_py": 7,
      "yoy": 67.9
    },
    "면세점": {
      "shop_amt_cy": 330.0,
      "shop_amt_py": 266.0,
      "shop_cnt_cy": 4,
      "shop_cnt_py": 5,
      "yoy": 124.2
    },
    "아울렛": {
      "shop_amt_cy": 313.0,
      "shop_amt_py": 444.0,
      "shop_cnt_cy": 37,
      "shop_cnt_py": 32,
      "yoy": 70.6
    }
  },
  "excellent_channels": [
    {
      "chnl_nm": "면세점",
      "shop_amt_cy": 330.0,
      "shop_amt_py": 266.0,
      "yoy": 124.2,
      "shop_cnt_cy": 4
    }
  ],
  "warning_channels": [
    {
      "chnl_nm": "대리점",
      "shop_amt_cy": 96.0,
      "shop_amt_py": 125.0,
      "yoy": 77.4,
      "shop_cnt_cy": 134
    },
    {
      "chnl_nm": "백화점",
      "shop_amt_cy": 116.0,
      "shop_amt_py": 160.0,
      "yoy": 72.3,
      "shop_cnt_cy": 95
    },
    {
      "chnl_nm": "직영점",
      "shop_amt_cy": 121.0,
      "shop_amt_py": 178.0,
      "yoy": 67.9,
      "shop_cnt_cy": 8
    },
    {
      "chnl_nm": "아울렛",
      "shop_amt_cy": 313.0,
      "shop_amt_py": 444.0,
      "yoy": 70.6,
      "shop_cnt_cy": 37
    }
  ],
  "raw_data": {
    "sample_records": [
      {
        "CHNL_NM": "백화점",
        "SHOP_CNT_CY": 95,
        "SHOP_CNT_PY": 97,
        "SHOP_AMT_CY": 116.0,
        "SHOP_AMT_PY": 160.0,
        "YOY": 72.3,
        "SEQ": 2
      },
      {
        "CHNL_NM": "대리점",
        "SHOP_CNT_CY": 134,
        "SHOP_CNT_PY": 134,
        "SHOP_AMT_CY": 96.0,
        "SHOP_AMT_PY": 125.0,
        "YOY": 77.4,
        "SEQ": 2
      },
      {
        "CHNL_NM": "직영점",
        "SHOP_CNT_CY": 8,
        "SHOP_CNT_PY": 7,
        "SHOP_AMT_CY": 121.0,
        "SHOP_AMT_PY": 178.0,
        "YOY": 67.9,
        "SEQ": 2
      },
      {
        "CHNL_NM": "면세점",
        "SHOP_CNT_CY": 4,
        "SHOP_CNT_PY": 5,
        "SHOP_AMT_CY": 330.0,
        "SHOP_AMT_PY": 266.0,
        "YOY": 124.2,
        "SEQ": 2
      },
      {
        "CHNL_NM": "전체",
        "SHOP_CNT_CY": 278,
        "SHOP_CNT_PY": 275,
        "SHOP_AMT_CY": 136.0,
        "SHOP_AMT_PY": 178.0,
        "YOY": 76.3,
        "SEQ": 1
      },
      {
        "CHNL_NM": "면세 제외",
        "SHOP_CNT_CY": 274,
        "SHOP_CNT_PY": 270,
        "SHOP_AMT_CY": 133.0,
        "SHOP_AMT_PY": 177.0,
        "YOY": 75.4,
        "SEQ": 3
      },
      {
        "CHNL_NM": "아울렛",
        "SHOP_CNT_CY": 37,
        "SHOP_CNT_PY": 32,
        "SHOP_AMT_CY": 313.0,
        "SHOP_AMT_PY": 444.0,
        "YOY": 70.6,
        "SEQ": 2
      }
    ],
    "total_records_count": 7
  }
}