{
  "country": "KR",
  "brand_cd": "V",
  "brand_name": "DUVETICA",
  "yyyymm": "202402",
  "yyyymm_py": "202302",
  "key": "월별채널별매출추세",
  "analysis_data": {
    "title": "채널별 매출 종합분석 (당해 1월~현재월)",
    "sections": [
      {
        "div": "종합분석-1",
        "sub_title": "주요 인사이트",
        "ai_text": "• 1월 최대 1,034백만원 - 겨울시즌 피크로 다운점퍼, 방풍자켓 등 아우터 카테고리 중심의 강세 매출 기록\n• 2월 최저 678백만원 - 겨울 성수기 종료와 시즌 전환기로 인한 자연스러운 매출 감소, 전월 대비 34.4% 하락\n• 턴어라운드 시점 없음 - 2개월 분석기간 내 회복 국면 미확인, 3월 이후 봄시즌 전환 전략 필요"
      },
      {
        "div": "종합분석-2",
        "sub_title": "채널 트렌드",
        "ai_text": "• 백화점: 프리미엄 고객층 중심의 안정적 매출 구조 - 전체 매출의 45.8% 기여, 다운점퍼(110백만원) 중심 아이템 집중도 높음\n• 아울렛: 가격경쟁력 기반 물량 판매 채널 - 전체 매출의 28.1% 기여, 다운점퍼 56% 집중으로 단일 아이템 의존도 심화\n• 직영점: 브랜드 직접 관리 채널로 성장 잠재력 확인 - 전체 매출의 10.5% 기여, 다운점퍼와 방풍자켓이 75% 비중 차지"
      },
      {
        "div": "종합분석-3",
        "sub_title": "전략 포인트",
        "ai_text": "• 백화점 채널 고부가가치 상품 라인업 강화 및 VIP 고객 대상 프리미엄 서비스 확대로 매출 기여도 50% 이상 달성 목표\n• 아울렛 채널 다운점퍼 과도한 집중도(56%) 완화를 위한 방풍자켓, 다운베스트 등 다양한 아우터 카테고리 균형 배치 전략\n• 직영점 채널 성장 동력 확보를 위한 신발, 토드백 등 액세서리 카테고리 확대 및 브랜드 체험 공간 강화"
      }
    ]
  },
  "summary": {
    "total_sales": 1712.47,
    "unique_channels": 5,
    "unique_items": 41,
    "unique_months": 2,
    "analysis_period": "2024년 01월 ~ 2024년 02월"
  },
  "channel_summary": {
    "백화점": {
      "total_sales": 784.79,
      "months": {
        "202402": 278559390.0,
        "202401": 506233660.0
      },
      "top_items": [
        {
          "class3": "다운점퍼",
          "total_sales": 485.45
        },
        {
          "class3": "반팔다운",
          "total_sales": 92.44
        },
        {
          "class3": "방풍자켓",
          "total_sales": 82.81
        },
        {
          "class3": "다운베스트",
          "total_sales": 33.19
        },
        {
          "class3": "신발",
          "total_sales": 18.61
        }
      ]
    },
    "아울렛": {
      "total_sales": 481.33,
      "months": {
        "202402": 193994300.0,
        "202401": 287337800.0
      },
      "top_items": [
        {
          "class3": "다운점퍼",
          "total_sales": 350.46
        },
        {
          "class3": "다운베스트",
          "total_sales": 51.29
        },
        {
          "class3": "방풍자켓",
          "total_sales": 25.23
        },
        {
          "class3": "반팔다운",
          "total_sales": 24.77
        },
        {
          "class3": "맨투맨",
          "total_sales": 4.02
        }
      ]
    },
    "직영점": {
      "total_sales": 179.06,
      "months": {
        "202402": 95679900.0,
        "202401": 83378100.0
      },
      "top_items": [
        {
          "class3": "다운점퍼",
          "total_sales": 110.99
        },
        {
          "class3": "방풍자켓",
          "total_sales": 28.76
        },
        {
          "class3": "반팔다운",
          "total_sales": 14.94
        },
        {
          "class3": "신발",
          "total_sales": 4.03
        },
        {
          "class3": "다운베스트",
          "total_sales": 3.98
        }
      ]
    },
    "제휴몰": {
      "total_sales": 152.43,
      "months": {
        "202402": 73795900.0,
        "202401": 78638000.0
      },
      "top_items": [
        {
          "class3": "다운점퍼",
          "total_sales": 60.7
        },
        {
          "class3": "방풍자켓",
          "total_sales": 22.8
        },
        {
          "class3": "방한화",
          "total_sales": 12.41
        },
        {
          "class3": "다운베스트",
          "total_sales": 11.68
        },
        {
          "class3": "신발",
          "total_sales": 10.73
        }
      ]
    },
    "자사몰": {
      "total_sales": 114.85,
      "months": {
        "202402": 35949000.0,
        "202401": 78903010.0
      },
      "top_items": [
        {
          "class3": "다운점퍼",
          "total_sales": 47.62
        },
        {
          "class3": "방한화",
          "total_sales": 12.03
        },
        {
          "class3": "신발",
          "total_sales": 11.03
        },
        {
          "class3": "방풍자켓",
          "total_sales": 10.22
        },
        {
          "class3": "다운베스트",
          "total_sales": 8.32
        }
      ]
    }
  },
  "raw_data": {
    "sample_records": [
      {
        "PST_YYYYMM": "202402",
        "CHNL_NM": "백화점",
        "CLASS3": "다운점퍼",
        "SALE_AMT": 110258970.0,
        "SALE_RATIO": 40.0
      },
      {
        "PST_YYYYMM": "202402",
        "CHNL_NM": "백화점",
        "CLASS3": "방풍자켓",
        "SALE_AMT": 65475000.0,
        "SALE_RATIO": 24.0
      },
      {
        "PST_YYYYMM": "202402",
        "CHNL_NM": "백화점",
        "CLASS3": "반팔다운",
        "SALE_AMT": 50413090.0,
        "SALE_RATIO": 18.0
      },
      {
        "PST_YYYYMM": "202402",
        "CHNL_NM": "백화점",
        "CLASS3": "패딩",
        "SALE_AMT": 8936000.0,
        "SALE_RATIO": 3.0
      },
      {
        "PST_YYYYMM": "202402",
        "CHNL_NM": "백화점",
        "CLASS3": "다운베스트",
        "SALE_AMT": 8602110.0,
        "SALE_RATIO": 3.0
      },
      {
        "PST_YYYYMM": "202402",
        "CHNL_NM": "백화점",
        "CLASS3": "신발",
        "SALE_AMT": 7568130.0,
        "SALE_RATIO": 3.0
      },
      {
        "PST_YYYYMM": "202402",
        "CHNL_NM": "백화점",
        "CLASS3": "트레이닝(상의)",
        "SALE_AMT": 5854000.0,
        "SALE_RATIO": 2.0
      },
      {
        "PST_YYYYMM": "202402",
        "CHNL_NM": "백화점",
        "CLASS3": "트레이닝(하의)",
        "SALE_AMT": 4962200.0,
        "SALE_RATIO": 2.0
      },
      {
        "PST_YYYYMM": "202402",
        "CHNL_NM": "백화점",
        "CLASS3": "팬츠",
        "SALE_AMT": 3549410.0,
        "SALE_RATIO": 1.0
      },
      {
        "PST_YYYYMM": "202402",
        "CHNL_NM": "백화점",
        "CLASS3": "토드백",
        "SALE_AMT": 2783210.0,
        "SALE_RATIO": 1.0
      },
      {
        "PST_YYYYMM": "202402",
        "CHNL_NM": "백화점",
        "CLASS3": "방한화",
        "SALE_AMT": 1862690.0,
        "SALE_RATIO": 1.0
      },
      {
        "PST_YYYYMM": "202402",
        "CHNL_NM": "백화점",
        "CLASS3": "레깅스",
        "SALE_AMT": 1375200.0,
        "SALE_RATIO": 0.0
      },
      {
        "PST_YYYYMM": "202402",
        "CHNL_NM": "백화점",
        "CLASS3": "햇",
        "SALE_AMT": 1246000.0,
        "SALE_RATIO": 0.0
      },
      {
        "PST_YYYYMM": "202402",
        "CHNL_NM": "백화점",
        "CLASS3": "백팩",
        "SALE_AMT": 1160000.0,
        "SALE_RATIO": 0.0
      },
      {
        "PST_YYYYMM": "202402",
        "CHNL_NM": "백화점",
        "CLASS3": "원피스",
        "SALE_AMT": 995400.0,
        "SALE_RATIO": 0.0
      },
      {
        "PST_YYYYMM": "202402",
        "CHNL_NM": "백화점",
        "CLASS3": "운동모",
        "SALE_AMT": 916800.0,
        "SALE_RATIO": 0.0
      },
      {
        "PST_YYYYMM": "202402",
        "CHNL_NM": "백화점",
        "CLASS3": "크로스백",
        "SALE_AMT": 690000.0,
        "SALE_RATIO": 0.0
      },
      {
        "PST_YYYYMM": "202402",
        "CHNL_NM": "백화점",
        "CLASS3": "니트풀오버",
        "SALE_AMT": 480820.0,
        "SALE_RATIO": 0.0
      },
      {
        "PST_YYYYMM": "202402",
        "CHNL_NM": "백화점",
        "CLASS3": "양말",
        "SALE_AMT": 450160.0,
        "SALE_RATIO": 0.0
      },
      {
        "PST_YYYYMM": "202402",
        "CHNL_NM": "백화점",
        "CLASS3": "힙색",
        "SALE_AMT": 425000.0,
        "SALE_RATIO": 0.0
      },
      {
        "PST_YYYYMM": "202402",
        "CHNL_NM": "백화점",
        "CLASS3": "비니",
        "SALE_AMT": 342000.0,
        "SALE_RATIO": 0.0
      },
      {
        "PST_YYYYMM": "202402",
        "CHNL_NM": "백화점",
        "CLASS3": "반팔카라티셔츠",
        "SALE_AMT": 296800.0,
        "SALE_RATIO": 0.0
      },
      {
        "PST_YYYYMM": "202402",
        "CHNL_NM": "백화점",
        "CLASS3": "후드티",
        "SALE_AMT": 170100.0,
        "SALE_RATIO": 0.0
      },
      {
        "PST_YYYYMM": "202402",
        "CHNL_NM": "백화점",
        "CLASS3": "반팔티셔츠",
        "SALE_AMT": 162000.0,
        "SALE_RATIO": 0.0
      },
      {
        "PST_YYYYMM": "202402",
        "CHNL_NM": "백화점",
        "CLASS3": "스웨트팬츠",
        "SALE_AMT": 88200.0,
        "SALE_RATIO": 0.0
      },
      {
        "PST_YYYYMM": "202402",
        "CHNL_NM": "백화점",
        "CLASS3": "맨투맨",
        "SALE_AMT": 65800.0,
        "SALE_RATIO": 0.0
      },
      {
        "PST_YYYYMM": "202402",
        "CHNL_NM": "백화점",
        "CLASS3": "라운드티",
        "SALE_AMT": 20300.0,
        "SALE_RATIO": 0.0
      },
      {
        "PST_YYYYMM": "202402",
        "CHNL_NM": "백화점",
        "CLASS3": "니트반팔티셔츠",
        "SALE_AMT": 0.0,
        "SALE_RATIO": 0.0
      },
      {
        "PST_YYYYMM": "202402",
        "CHNL_NM": "백화점",
        "CLASS3": "스커트",
        "SALE_AMT": -590000.0,
        "SALE_RATIO": 0.0
      },
      {
        "PST_YYYYMM": "202402",
        "CHNL_NM": "아울렛",
        "CLASS3": "다운점퍼",
        "SALE_AMT": 107727400.0,
        "SALE_RATIO": 56.0
      },
      {
        "PST_YYYYMM": "202402",
        "CHNL_NM": "아울렛",
        "CLASS3": "다운베스트",
        "SALE_AMT": 28026400.0,
        "SALE_RATIO": 14.0
      },
      {
        "PST_YYYYMM": "202402",
        "CHNL_NM": "아울렛",
        "CLASS3": "방풍자켓",
        "SALE_AMT": 25227200.0,
        "SALE_RATIO": 13.0
      },
      {
        "PST_YYYYMM": "202402",
        "CHNL_NM": "아울렛",
        "CLASS3": "반팔다운",
        "SALE_AMT": 15652800.0,
        "SALE_RATIO": 8.0
      },
      {
        "PST_YYYYMM": "202402",
        "CHNL_NM": "아울렛",
        "CLASS3": "후드티",
        "SALE_AMT": 2644900.0,
        "SALE_RATIO": 1.0
      },
      {
        "PST_YYYYMM": "202402",
        "CHNL_NM": "아울렛",
        "CLASS3": "맨투맨",
        "SALE_AMT": 2052800.0,
        "SALE_RATIO": 1.0
      },
      {
        "PST_YYYYMM": "202402",
        "CHNL_NM": "아울렛",
        "CLASS3": "팬츠",
        "SALE_AMT": 1795200.0,
        "SALE_RATIO": 1.0
      },
      {
        "PST_YYYYMM": "202402",
        "CHNL_NM": "아울렛",
        "CLASS3": "니트풀오버",
        "SALE_AMT": 1684800.0,
        "SALE_RATIO": 1.0
      },
      {
        "PST_YYYYMM": "202402",
        "CHNL_NM": "아울렛",
        "CLASS3": "패딩",
        "SALE_AMT": 1392800.0,
        "SALE_RATIO": 1.0
      },
      {
        "PST_YYYYMM": "202402",
        "CHNL_NM": "아울렛",
        "CLASS3": "원피스",
        "SALE_AMT": 1327200.0,
        "SALE_RATIO": 1.0
      },
      {
        "PST_YYYYMM": "202402",
        "CHNL_NM": "아울렛",
        "CLASS3": "트레이닝(하의)",
        "SALE_AMT": 1214400.0,
        "SALE_RATIO": 1.0
      },
      {
        "PST_YYYYMM": "202402",
        "CHNL_NM": "아울렛",
        "CLASS3": "스커트",
        "SALE_AMT": 1036800.0,
        "SALE_RATIO": 1.0
      },
      {
        "PST_YYYYMM": "202402",
        "CHNL_NM": "아울렛",
        "CLASS3": "소프트쉘",
        "SALE_AMT": 925600.0,
        "SALE_RATIO": 0.0
      },
      {
        "PST_YYYYMM": "202402",
        "CHNL_NM": "아울렛",
        "CLASS3": "트레이닝(상의)",
        "SALE_AMT": 921600.0,
        "SALE_RATIO": 0.0
      },
      {
        "PST_YYYYMM": "202402",
        "CHNL_NM": "아울렛",
        "CLASS3": "신발",
        "SALE_AMT": 685600.0,
        "SALE_RATIO": 0.0
      },
      {
        "PST_YYYYMM": "202402",
        "CHNL_NM": "아울렛",
        "CLASS3": "반바지",
        "SALE_AMT": 512000.0,
        "SALE_RATIO": 0.0
      },
      {
        "PST_YYYYMM": "202402",
        "CHNL_NM": "아울렛",
        "CLASS3": "레깅스",
        "SALE_AMT": 508800.0,
        "SALE_RATIO": 0.0
      },
      {
        "PST_YYYYMM": "202402",
        "CHNL_NM": "아울렛",
        "CLASS3": "햇",
        "SALE_AMT": 364000.0,
        "SALE_RATIO": 0.0
      },
      {
        "PST_YYYYMM": "202402",
        "CHNL_NM": "아울렛",
        "CLASS3": "벨트백",
        "SALE_AMT": 232000.0,
        "SALE_RATIO": 0.0
      },
      {
        "PST_YYYYMM": "202402",
        "CHNL_NM": "아울렛",
        "CLASS3": "가방",
        "SALE_AMT": 220800.0,
        "SALE_RATIO": 0.0
      },
      {
        "PST_YYYYMM": "202402",
        "CHNL_NM": "아울렛",
        "CLASS3": "운동모",
        "SALE_AMT": 60000.0,
        "SALE_RATIO": 0.0
      }
    ],
    "total_records_count": 236
  },
  "trend_data": {
    "trend_months": [
      "202401",
      "202402"
    ],
    "monthly_totals": [
      {
        "yyyymm": "202401",
        "total_amount": 1034.49
      },
      {
        "yyyymm": "202402",
        "total_amount": 677.98
      }
    ],
    "monthly_details": [
      {
        "yyyymm": "202402",
        "chnl_nm": "백화점",
        "class3": "다운점퍼",
        "sale_amt": 110.26,
        "sale_ratio": 40.0
      },
      {
        "yyyymm": "202402",
        "chnl_nm": "백화점",
        "class3": "방풍자켓",
        "sale_amt": 65.47,
        "sale_ratio": 24.0
      },
      {
        "yyyymm": "202402",
        "chnl_nm": "백화점",
        "class3": "반팔다운",
        "sale_amt": 50.41,
        "sale_ratio": 18.0
      },
      {
        "yyyymm": "202402",
        "chnl_nm": "백화점",
        "class3": "패딩",
        "sale_amt": 8.94,
        "sale_ratio": 3.0
      },
      {
        "yyyymm": "202402",
        "chnl_nm": "백화점",
        "class3": "다운베스트",
        "sale_amt": 8.6,
        "sale_ratio": 3.0
      },
      {
        "yyyymm": "202402",
        "chnl_nm": "백화점",
        "class3": "신발",
        "sale_amt": 7.57,
        "sale_ratio": 3.0
      },
      {
        "yyyymm": "202402",
        "chnl_nm": "백화점",
        "class3": "트레이닝(상의)",
        "sale_amt": 5.85,
        "sale_ratio": 2.0
      },
      {
        "yyyymm": "202402",
        "chnl_nm": "백화점",
        "class3": "트레이닝(하의)",
        "sale_amt": 4.96,
        "sale_ratio": 2.0
      },
      {
        "yyyymm": "202402",
        "chnl_nm": "백화점",
        "class3": "팬츠",
        "sale_amt": 3.55,
        "sale_ratio": 1.0
      },
      {
        "yyyymm": "202402",
        "chnl_nm": "백화점",
        "class3": "토드백",
        "sale_amt": 2.78,
        "sale_ratio": 1.0
      },
      {
        "yyyymm": "202402",
        "chnl_nm": "백화점",
        "class3": "방한화",
        "sale_amt": 1.86,
        "sale_ratio": 1.0
      },
      {
        "yyyymm": "202402",
        "chnl_nm": "백화점",
        "class3": "레깅스",
        "sale_amt": 1.38,
        "sale_ratio": 0.0
      },
      {
        "yyyymm": "202402",
        "chnl_nm": "백화점",
        "class3": "햇",
        "sale_amt": 1.25,
        "sale_ratio": 0.0
      },
      {
        "yyyymm": "202402",
        "chnl_nm": "백화점",
        "class3": "백팩",
        "sale_amt": 1.16,
        "sale_ratio": 0.0
      },
      {
        "yyyymm": "202402",
        "chnl_nm": "백화점",
        "class3": "원피스",
        "sale_amt": 1.0,
        "sale_ratio": 0.0
      },
      {
        "yyyymm": "202402",
        "chnl_nm": "백화점",
        "class3": "운동모",
        "sale_amt": 0.92,
        "sale_ratio": 0.0
      },
      {
        "yyyymm": "202402",
        "chnl_nm": "백화점",
        "class3": "크로스백",
        "sale_amt": 0.69,
        "sale_ratio": 0.0
      },
      {
        "yyyymm": "202402",
        "chnl_nm": "백화점",
        "class3": "니트풀오버",
        "sale_amt": 0.48,
        "sale_ratio": 0.0
      },
      {
        "yyyymm": "202402",
        "chnl_nm": "백화점",
        "class3": "양말",
        "sale_amt": 0.45,
        "sale_ratio": 0.0
      },
      {
        "yyyymm": "202402",
        "chnl_nm": "백화점",
        "class3": "힙색",
        "sale_amt": 0.42,
        "sale_ratio": 0.0
      },
      {
        "yyyymm": "202402",
        "chnl_nm": "백화점",
        "class3": "비니",
        "sale_amt": 0.34,
        "sale_ratio": 0.0
      },
      {
        "yyyymm": "202402",
        "chnl_nm": "백화점",
        "class3": "반팔카라티셔츠",
        "sale_amt": 0.3,
        "sale_ratio": 0.0
      },
      {
        "yyyymm": "202402",
        "chnl_nm": "백화점",
        "class3": "후드티",
        "sale_amt": 0.17,
        "sale_ratio": 0.0
      },
      {
        "yyyymm": "202402",
        "chnl_nm": "백화점",
        "class3": "반팔티셔츠",
        "sale_amt": 0.16,
        "sale_ratio": 0.0
      },
      {
        "yyyymm": "202402",
        "chnl_nm": "백화점",
        "class3": "스웨트팬츠",
        "sale_amt": 0.09,
        "sale_ratio": 0.0
      },
      {
        "yyyymm": "202402",
        "chnl_nm": "백화점",
        "class3": "맨투맨",
        "sale_amt": 0.07,
        "sale_ratio": 0.0
      },
      {
        "yyyymm": "202402",
        "chnl_nm": "백화점",
        "class3": "라운드티",
        "sale_amt": 0.02,
        "sale_ratio": 0.0
      },
      {
        "yyyymm": "202402",
        "chnl_nm": "백화점",
        "class3": "니트반팔티셔츠",
        "sale_amt": 0.0,
        "sale_ratio": 0.0
      },
      {
        "yyyymm": "202402",
        "chnl_nm": "백화점",
        "class3": "스커트",
        "sale_amt": -0.59,
        "sale_ratio": 0.0
      },
      {
        "yyyymm": "202402",
        "chnl_nm": "아울렛",
        "class3": "다운점퍼",
        "sale_amt": 107.73,
        "sale_ratio": 56.0
      },
      {
        "yyyymm": "202402",
        "chnl_nm": "아울렛",
        "class3": "다운베스트",
        "sale_amt": 28.03,
        "sale_ratio": 14.0
      },
      {
        "yyyymm": "202402",
        "chnl_nm": "아울렛",
        "class3": "방풍자켓",
        "sale_amt": 25.23,
        "sale_ratio": 13.0
      },
      {
        "yyyymm": "202402",
        "chnl_nm": "아울렛",
        "class3": "반팔다운",
        "sale_amt": 15.65,
        "sale_ratio": 8.0
      },
      {
        "yyyymm": "202402",
        "chnl_nm": "아울렛",
        "class3": "후드티",
        "sale_amt": 2.64,
        "sale_ratio": 1.0
      },
      {
        "yyyymm": "202402",
        "chnl_nm": "아울렛",
        "class3": "맨투맨",
        "sale_amt": 2.05,
        "sale_ratio": 1.0
      },
      {
        "yyyymm": "202402",
        "chnl_nm": "아울렛",
        "class3": "팬츠",
        "sale_amt": 1.8,
        "sale_ratio": 1.0
      },
      {
        "yyyymm": "202402",
        "chnl_nm": "아울렛",
        "class3": "니트풀오버",
        "sale_amt": 1.68,
        "sale_ratio": 1.0
      },
      {
        "yyyymm": "202402",
        "chnl_nm": "아울렛",
        "class3": "패딩",
        "sale_amt": 1.39,
        "sale_ratio": 1.0
      },
      {
        "yyyymm": "202402",
        "chnl_nm": "아울렛",
        "class3": "원피스",
        "sale_amt": 1.33,
        "sale_ratio": 1.0
      },
      {
        "yyyymm": "202402",
        "chnl_nm": "아울렛",
        "class3": "트레이닝(하의)",
        "sale_amt": 1.21,
        "sale_ratio": 1.0
      },
      {
        "yyyymm": "202402",
        "chnl_nm": "아울렛",
        "class3": "스커트",
        "sale_amt": 1.04,
        "sale_ratio": 1.0
      },
      {
        "yyyymm": "202402",
        "chnl_nm": "아울렛",
        "class3": "소프트쉘",
        "sale_amt": 0.93,
        "sale_ratio": 0.0
      },
      {
        "yyyymm": "202402",
        "chnl_nm": "아울렛",
        "class3": "트레이닝(상의)",
        "sale_amt": 0.92,
        "sale_ratio": 0.0
      },
      {
        "yyyymm": "202402",
        "chnl_nm": "아울렛",
        "class3": "신발",
        "sale_amt": 0.69,
        "sale_ratio": 0.0
      },
      {
        "yyyymm": "202402",
        "chnl_nm": "아울렛",
        "class3": "반바지",
        "sale_amt": 0.51,
        "sale_ratio": 0.0
      },
      {
        "yyyymm": "202402",
        "chnl_nm": "아울렛",
        "class3": "레깅스",
        "sale_amt": 0.51,
        "sale_ratio": 0.0
      },
      {
        "yyyymm": "202402",
        "chnl_nm": "아울렛",
        "class3": "햇",
        "sale_amt": 0.36,
        "sale_ratio": 0.0
      },
      {
        "yyyymm": "202402",
        "chnl_nm": "아울렛",
        "class3": "벨트백",
        "sale_amt": 0.23,
        "sale_ratio": 0.0
      },
      {
        "yyyymm": "202402",
        "chnl_nm": "아울렛",
        "class3": "가방",
        "sale_amt": 0.22,
        "sale_ratio": 0.0
      },
      {
        "yyyymm": "202402",
        "chnl_nm": "아울렛",
        "class3": "운동모",
        "sale_amt": 0.06,
        "sale_ratio": 0.0
      },
      {
        "yyyymm": "202402",
        "chnl_nm": "아울렛",
        "class3": "비니",
        "sale_amt": 0.0,
        "sale_ratio": 0.0
      },
      {
        "yyyymm": "202402",
        "chnl_nm": "아울렛",
        "class3": "다운 스카프",
        "sale_amt": -0.01,
        "sale_ratio": 0.0
      },
      {
        "yyyymm": "202402",
        "chnl_nm": "아울렛",
        "class3": "양말",
        "sale_amt": -0.03,
        "sale_ratio": 0.0
      },
      {
        "yyyymm": "202402",
        "chnl_nm": "아울렛",
        "class3": "토드백",
        "sale_amt": -0.17,
        "sale_ratio": 0.0
      },
      {
        "yyyymm": "202402",
        "chnl_nm": "직영점",
        "class3": "다운점퍼",
        "sale_amt": 47.16,
        "sale_ratio": 49.0
      },
      {
        "yyyymm": "202402",
        "chnl_nm": "직영점",
        "class3": "방풍자켓",
        "sale_amt": 24.77,
        "sale_ratio": 26.0
      },
      {
        "yyyymm": "202402",
        "chnl_nm": "직영점",
        "class3": "반팔다운",
        "sale_amt": 8.98,
        "sale_ratio": 9.0
      },
      {
        "yyyymm": "202402",
        "chnl_nm": "직영점",
        "class3": "패딩",
        "sale_amt": 3.02,
        "sale_ratio": 3.0
      },
      {
        "yyyymm": "202402",
        "chnl_nm": "직영점",
        "class3": "신발",
        "sale_amt": 3.0,
        "sale_ratio": 3.0
      },
      {
        "yyyymm": "202402",
        "chnl_nm": "직영점",
        "class3": "다운베스트",
        "sale_amt": 2.45,
        "sale_ratio": 3.0
      },
      {
        "yyyymm": "202402",
        "chnl_nm": "직영점",
        "class3": "토드백",
        "sale_amt": 1.35,
        "sale_ratio": 1.0
      },
      {
        "yyyymm": "202402",
        "chnl_nm": "직영점",
        "class3": "니트풀오버",
        "sale_amt": 0.71,
        "sale_ratio": 1.0
      },
      {
        "yyyymm": "202402",
        "chnl_nm": "직영점",
        "class3": "트레이닝(상의)",
        "sale_amt": 0.69,
        "sale_ratio": 1.0
      },
      {
        "yyyymm": "202402",
        "chnl_nm": "직영점",
        "class3": "트레이닝(하의)",
        "sale_amt": 0.69,
        "sale_ratio": 1.0
      },
      {
        "yyyymm": "202402",
        "chnl_nm": "직영점",
        "class3": "햇",
        "sale_amt": 0.68,
        "sale_ratio": 1.0
      },
      {
        "yyyymm": "202402",
        "chnl_nm": "직영점",
        "class3": "팬츠",
        "sale_amt": 0.61,
        "sale_ratio": 1.0
      },
      {
        "yyyymm": "202402",
        "chnl_nm": "직영점",
        "class3": "후드티",
        "sale_amt": 0.6,
        "sale_ratio": 1.0
      },
      {
        "yyyymm": "202402",
        "chnl_nm": "직영점",
        "class3": "스커트",
        "sale_amt": 0.27,
        "sale_ratio": 0.0
      },
      {
        "yyyymm": "202402",
        "chnl_nm": "직영점",
        "class3": "맨투맨",
        "sale_amt": 0.24,
        "sale_ratio": 0.0
      },
      {
        "yyyymm": "202402",
        "chnl_nm": "직영점",
        "class3": "비니",
        "sale_amt": 0.17,
        "sale_ratio": 0.0
      },
      {
        "yyyymm": "202402",
        "chnl_nm": "직영점",
        "class3": "운동모",
        "sale_amt": 0.15,
        "sale_ratio": 0.0
      },
      {
        "yyyymm": "202402",
        "chnl_nm": "직영점",
        "class3": "크로스백",
        "sale_amt": 0.14,
        "sale_ratio": 0.0
      },
      {
        "yyyymm": "202402",
        "chnl_nm": "직영점",
        "class3": "방한화",
        "sale_amt": 0.0,
        "sale_ratio": 0.0
      },
      {
        "yyyymm": "202402",
        "chnl_nm": "제휴몰",
        "class3": "방풍자켓",
        "sale_amt": 19.93,
        "sale_ratio": 27.0
      },
      {
        "yyyymm": "202402",
        "chnl_nm": "제휴몰",
        "class3": "다운점퍼",
        "sale_amt": 16.91,
        "sale_ratio": 23.0
      },
      {
        "yyyymm": "202402",
        "chnl_nm": "제휴몰",
        "class3": "다운베스트",
        "sale_amt": 5.28,
        "sale_ratio": 7.0
      },
      {
        "yyyymm": "202402",
        "chnl_nm": "제휴몰",
        "class3": "원피스",
        "sale_amt": 4.87,
        "sale_ratio": 7.0
      },
      {
        "yyyymm": "202402",
        "chnl_nm": "제휴몰",
        "class3": "신발",
        "sale_amt": 4.53,
        "sale_ratio": 6.0
      },
      {
        "yyyymm": "202402",
        "chnl_nm": "제휴몰",
        "class3": "반팔다운",
        "sale_amt": 4.37,
        "sale_ratio": 6.0
      },
      {
        "yyyymm": "202402",
        "chnl_nm": "제휴몰",
        "class3": "반팔카라티셔츠",
        "sale_amt": 2.62,
        "sale_ratio": 4.0
      },
      {
        "yyyymm": "202402",
        "chnl_nm": "제휴몰",
        "class3": "스커트",
        "sale_amt": 1.7,
        "sale_ratio": 2.0
      },
      {
        "yyyymm": "202402",
        "chnl_nm": "제휴몰",
        "class3": "토드백",
        "sale_amt": 1.57,
        "sale_ratio": 2.0
      },
      {
        "yyyymm": "202402",
        "chnl_nm": "제휴몰",
        "class3": "방한화",
        "sale_amt": 1.51,
        "sale_ratio": 2.0
      },
      {
        "yyyymm": "202402",
        "chnl_nm": "제휴몰",
        "class3": "선캡",
        "sale_amt": 1.14,
        "sale_ratio": 2.0
      },
      {
        "yyyymm": "202402",
        "chnl_nm": "제휴몰",
        "class3": "니트반팔티셔츠",
        "sale_amt": 1.06,
        "sale_ratio": 1.0
      },
      {
        "yyyymm": "202402",
        "chnl_nm": "제휴몰",
        "class3": "트레이닝(하의)",
        "sale_amt": 0.9,
        "sale_ratio": 1.0
      },
      {
        "yyyymm": "202402",
        "chnl_nm": "제휴몰",
        "class3": "반바지",
        "sale_amt": 0.86,
        "sale_ratio": 1.0
      },
      {
        "yyyymm": "202402",
        "chnl_nm": "제휴몰",
        "class3": "패딩",
        "sale_amt": 0.79,
        "sale_ratio": 1.0
      },
      {
        "yyyymm": "202402",
        "chnl_nm": "제휴몰",
        "class3": "백팩",
        "sale_amt": 0.78,
        "sale_ratio": 1.0
      },
      {
        "yyyymm": "202402",
        "chnl_nm": "제휴몰",
        "class3": "햇",
        "sale_amt": 0.73,
        "sale_ratio": 1.0
      },
      {
        "yyyymm": "202402",
        "chnl_nm": "제휴몰",
        "class3": "운동모",
        "sale_amt": 0.61,
        "sale_ratio": 1.0
      },
      {
        "yyyymm": "202402",
        "chnl_nm": "제휴몰",
        "class3": "팬츠",
        "sale_amt": 0.56,
        "sale_ratio": 1.0
      },
      {
        "yyyymm": "202402",
        "chnl_nm": "제휴몰",
        "class3": "소프트쉘",
        "sale_amt": 0.53,
        "sale_ratio": 1.0
      },
      {
        "yyyymm": "202402",
        "chnl_nm": "제휴몰",
        "class3": "후드티",
        "sale_amt": 0.52,
        "sale_ratio": 1.0
      },
      {
        "yyyymm": "202402",
        "chnl_nm": "제휴몰",
        "class3": "맨투맨",
        "sale_amt": 0.44,
        "sale_ratio": 1.0
      },
      {
        "yyyymm": "202402",
        "chnl_nm": "제휴몰",
        "class3": "니트풀오버",
        "sale_amt": 0.39,
        "sale_ratio": 1.0
      },
      {
        "yyyymm": "202402",
        "chnl_nm": "제휴몰",
        "class3": "양말",
        "sale_amt": 0.29,
        "sale_ratio": 0.0
      },
      {
        "yyyymm": "202402",
        "chnl_nm": "제휴몰",
        "class3": "보스톤백",
        "sale_amt": 0.29,
        "sale_ratio": 0.0
      },
      {
        "yyyymm": "202402",
        "chnl_nm": "제휴몰",
        "class3": "라운드티",
        "sale_amt": 0.24,
        "sale_ratio": 0.0
      },
      {
        "yyyymm": "202402",
        "chnl_nm": "제휴몰",
        "class3": "벨트백",
        "sale_amt": 0.2,
        "sale_ratio": 0.0
      },
      {
        "yyyymm": "202402",
        "chnl_nm": "제휴몰",
        "class3": "크로스백",
        "sale_amt": 0.15,
        "sale_ratio": 0.0
      },
      {
        "yyyymm": "202402",
        "chnl_nm": "자사몰",
        "class3": "방풍자켓",
        "sale_amt": 9.07,
        "sale_ratio": 25.0
      },
      {
        "yyyymm": "202402",
        "chnl_nm": "자사몰",
        "class3": "다운점퍼",
        "sale_amt": 8.44,
        "sale_ratio": 23.0
      },
      {
        "yyyymm": "202402",
        "chnl_nm": "자사몰",
        "class3": "신발",
        "sale_amt": 5.37,
        "sale_ratio": 15.0
      },
      {
        "yyyymm": "202402",
        "chnl_nm": "자사몰",
        "class3": "다운베스트",
        "sale_amt": 2.28,
        "sale_ratio": 6.0
      },
      {
        "yyyymm": "202402",
        "chnl_nm": "자사몰",
        "class3": "원피스",
        "sale_amt": 2.17,
        "sale_ratio": 6.0
      },
      {
        "yyyymm": "202402",
        "chnl_nm": "자사몰",
        "class3": "반팔다운",
        "sale_amt": 2.05,
        "sale_ratio": 6.0
      },
      {
        "yyyymm": "202402",
        "chnl_nm": "자사몰",
        "class3": "토드백",
        "sale_amt": 1.1,
        "sale_ratio": 3.0
      },
      {
        "yyyymm": "202402",
        "chnl_nm": "자사몰",
        "class3": "반팔카라티셔츠",
        "sale_amt": 0.98,
        "sale_ratio": 3.0
      },
      {
        "yyyymm": "202402",
        "chnl_nm": "자사몰",
        "class3": "패딩",
        "sale_amt": 0.79,
        "sale_ratio": 2.0
      },
      {
        "yyyymm": "202402",
        "chnl_nm": "자사몰",
        "class3": "햇",
        "sale_amt": 0.76,
        "sale_ratio": 2.0
      },
      {
        "yyyymm": "202402",
        "chnl_nm": "자사몰",
        "class3": "트레이닝(하의)",
        "sale_amt": 0.66,
        "sale_ratio": 2.0
      },
      {
        "yyyymm": "202402",
        "chnl_nm": "자사몰",
        "class3": "니트풀오버",
        "sale_amt": 0.59,
        "sale_ratio": 2.0
      },
      {
        "yyyymm": "202402",
        "chnl_nm": "자사몰",
        "class3": "니트스커트",
        "sale_amt": 0.49,
        "sale_ratio": 1.0
      },
      {
        "yyyymm": "202402",
        "chnl_nm": "자사몰",
        "class3": "운동모",
        "sale_amt": 0.46,
        "sale_ratio": 1.0
      },
      {
        "yyyymm": "202402",
        "chnl_nm": "자사몰",
        "class3": "맨투맨",
        "sale_amt": 0.39,
        "sale_ratio": 1.0
      },
      {
        "yyyymm": "202402",
        "chnl_nm": "자사몰",
        "class3": "선캡",
        "sale_amt": 0.3,
        "sale_ratio": 1.0
      },
      {
        "yyyymm": "202402",
        "chnl_nm": "자사몰",
        "class3": "트레이닝(상의)",
        "sale_amt": 0.28,
        "sale_ratio": 1.0
      },
      {
        "yyyymm": "202402",
        "chnl_nm": "자사몰",
        "class3": "벨트백",
        "sale_amt": 0.28,
        "sale_ratio": 1.0
      },
      {
        "yyyymm": "202402",
        "chnl_nm": "자사몰",
        "class3": "방한화",
        "sale_amt": 0.26,
        "sale_ratio": 1.0
      },
      {
        "yyyymm": "202402",
        "chnl_nm": "자사몰",
        "class3": "양말",
        "sale_amt": 0.14,
        "sale_ratio": 0.0
      },
      {
        "yyyymm": "202402",
        "chnl_nm": "자사몰",
        "class3": "소프트쉘",
        "sale_amt": 0.0,
        "sale_ratio": 0.0
      },
      {
        "yyyymm": "202402",
        "chnl_nm": "자사몰",
        "class3": "후드티",
        "sale_amt": -0.42,
        "sale_ratio": -1.0
      },
      {
        "yyyymm": "202402",
        "chnl_nm": "자사몰",
        "class3": "스커트",
        "sale_amt": -0.49,
        "sale_ratio": -1.0
      },
      {
        "yyyymm": "202401",
        "chnl_nm": "백화점",
        "class3": "다운점퍼",
        "sale_amt": 375.19,
        "sale_ratio": 74.0
      },
      {
        "yyyymm": "202401",
        "chnl_nm": "백화점",
        "class3": "반팔다운",
        "sale_amt": 42.03,
        "sale_ratio": 8.0
      },
      {
        "yyyymm": "202401",
        "chnl_nm": "백화점",
        "class3": "다운베스트",
        "sale_amt": 24.59,
        "sale_ratio": 5.0
      },
      {
        "yyyymm": "202401",
        "chnl_nm": "백화점",
        "class3": "방풍자켓",
        "sale_amt": 17.34,
        "sale_ratio": 3.0
      },
      {
        "yyyymm": "202401",
        "chnl_nm": "백화점",
        "class3": "방한화",
        "sale_amt": 12.69,
        "sale_ratio": 3.0
      },
      {
        "yyyymm": "202401",
        "chnl_nm": "백화점",
        "class3": "신발",
        "sale_amt": 11.04,
        "sale_ratio": 2.0
      },
      {
        "yyyymm": "202401",
        "chnl_nm": "백화점",
        "class3": "니트풀오버",
        "sale_amt": 3.13,
        "sale_ratio": 1.0
      },
      {
        "yyyymm": "202401",
        "chnl_nm": "백화점",
        "class3": "맨투맨",
        "sale_amt": 2.91,
        "sale_ratio": 1.0
      },
      {
        "yyyymm": "202401",
        "chnl_nm": "백화점",
        "class3": "트레이닝(하의)",
        "sale_amt": 1.91,
        "sale_ratio": 0.0
      },
      {
        "yyyymm": "202401",
        "chnl_nm": "백화점",
        "class3": "토드백",
        "sale_amt": 1.83,
        "sale_ratio": 0.0
      },
      {
        "yyyymm": "202401",
        "chnl_nm": "백화점",
        "class3": "가방",
        "sale_amt": 1.78,
        "sale_ratio": 0.0
      },
      {
        "yyyymm": "202401",
        "chnl_nm": "백화점",
        "class3": "비니",
        "sale_amt": 1.62,
        "sale_ratio": 0.0
      },
      {
        "yyyymm": "202401",
        "chnl_nm": "백화점",
        "class3": "패딩",
        "sale_amt": 1.2,
        "sale_ratio": 0.0
      },
      {
        "yyyymm": "202401",
        "chnl_nm": "백화점",
        "class3": "소프트쉘",
        "sale_amt": 0.92,
        "sale_ratio": 0.0
      },
      {
        "yyyymm": "202401",
        "chnl_nm": "백화점",
        "class3": "다운 스카프",
        "sale_amt": 0.9,
        "sale_ratio": 0.0
      },
      {
        "yyyymm": "202401",
        "chnl_nm": "백화점",
        "class3": "후드티",
        "sale_amt": 0.89,
        "sale_ratio": 0.0
      },
      {
        "yyyymm": "202401",
        "chnl_nm": "백화점",
        "class3": "팬츠",
        "sale_amt": 0.81,
        "sale_ratio": 0.0
      },
      {
        "yyyymm": "202401",
        "chnl_nm": "백화점",
        "class3": "백팩",
        "sale_amt": 0.81,
        "sale_ratio": 0.0
      },
      {
        "yyyymm": "202401",
        "chnl_nm": "백화점",
        "class3": "햇",
        "sale_amt": 0.81,
        "sale_ratio": 0.0
      },
      {
        "yyyymm": "202401",
        "chnl_nm": "백화점",
        "class3": "장갑",
        "sale_amt": 0.74,
        "sale_ratio": 0.0
      },
      {
        "yyyymm": "202401",
        "chnl_nm": "백화점",
        "class3": "스커트",
        "sale_amt": 0.59,
        "sale_ratio": 0.0
      },
      {
        "yyyymm": "202401",
        "chnl_nm": "백화점",
        "class3": "운동모",
        "sale_amt": 0.54,
        "sale_ratio": 0.0
      },
      {
        "yyyymm": "202401",
        "chnl_nm": "백화점",
        "class3": "힙색",
        "sale_amt": 0.51,
        "sale_ratio": 0.0
      },
      {
        "yyyymm": "202401",
        "chnl_nm": "백화점",
        "class3": "트레이닝(상의)",
        "sale_amt": 0.5,
        "sale_ratio": 0.0
      },
      {
        "yyyymm": "202401",
        "chnl_nm": "백화점",
        "class3": "양말",
        "sale_amt": 0.39,
        "sale_ratio": 0.0
      },
      {
        "yyyymm": "202401",
        "chnl_nm": "백화점",
        "class3": "레깅스",
        "sale_amt": 0.3,
        "sale_ratio": 0.0
      },
      {
        "yyyymm": "202401",
        "chnl_nm": "백화점",
        "class3": "크로스백",
        "sale_amt": 0.23,
        "sale_ratio": 0.0
      },
      {
        "yyyymm": "202401",
        "chnl_nm": "백화점",
        "class3": "선캡",
        "sale_amt": 0.07,
        "sale_ratio": 0.0
      },
      {
        "yyyymm": "202401",
        "chnl_nm": "백화점",
        "class3": "라운드티",
        "sale_amt": 0.0,
        "sale_ratio": 0.0
      },
      {
        "yyyymm": "202401",
        "chnl_nm": "아울렛",
        "class3": "다운점퍼",
        "sale_amt": 242.73,
        "sale_ratio": 84.0
      },
      {
        "yyyymm": "202401",
        "chnl_nm": "아울렛",
        "class3": "다운베스트",
        "sale_amt": 23.26,
        "sale_ratio": 8.0
      },
      {
        "yyyymm": "202401",
        "chnl_nm": "아울렛",
        "class3": "반팔다운",
        "sale_amt": 9.12,
        "sale_ratio": 3.0
      },
      {
        "yyyymm": "202401",
        "chnl_nm": "아울렛",
        "class3": "토드백",
        "sale_amt": 2.12,
        "sale_ratio": 1.0
      },
      {
        "yyyymm": "202401",
        "chnl_nm": "아울렛",
        "class3": "맨투맨",
        "sale_amt": 1.97,
        "sale_ratio": 1.0
      },
      {
        "yyyymm": "202401",
        "chnl_nm": "아울렛",
        "class3": "트레이닝(하의)",
        "sale_amt": 1.6,
        "sale_ratio": 1.0
      },
      {
        "yyyymm": "202401",
        "chnl_nm": "아울렛",
        "class3": "소프트쉘",
        "sale_amt": 1.4,
        "sale_ratio": 0.0
      },
      {
        "yyyymm": "202401",
        "chnl_nm": "아울렛",
        "class3": "팬츠",
        "sale_amt": 0.89,
        "sale_ratio": 0.0
      },
      {
        "yyyymm": "202401",
        "chnl_nm": "아울렛",
        "class3": "패딩",
        "sale_amt": 0.67,
        "sale_ratio": 0.0
      },
      {
        "yyyymm": "202401",
        "chnl_nm": "아울렛",
        "class3": "장갑",
        "sale_amt": 0.6,
        "sale_ratio": 0.0
      },
      {
        "yyyymm": "202401",
        "chnl_nm": "아울렛",
        "class3": "비니",
        "sale_amt": 0.53,
        "sale_ratio": 0.0
      },
      {
        "yyyymm": "202401",
        "chnl_nm": "아울렛",
        "class3": "신발",
        "sale_amt": 0.42,
        "sale_ratio": 0.0
      },
      {
        "yyyymm": "202401",
        "chnl_nm": "아울렛",
        "class3": "스웨트팬츠",
        "sale_amt": 0.39,
        "sale_ratio": 0.0
      },
      {
        "yyyymm": "202401",
        "chnl_nm": "아울렛",
        "class3": "다운 스카프",
        "sale_amt": 0.31,
        "sale_ratio": 0.0
      },
      {
        "yyyymm": "202401",
        "chnl_nm": "아울렛",
        "class3": "보스톤백",
        "sale_amt": 0.27,
        "sale_ratio": 0.0
      },
      {
        "yyyymm": "202401",
        "chnl_nm": "아울렛",
        "class3": "기타가방",
        "sale_amt": 0.26,
        "sale_ratio": 0.0
      },
      {
        "yyyymm": "202401",
        "chnl_nm": "아울렛",
        "class3": "후드티",
        "sale_amt": 0.24,
        "sale_ratio": 0.0
      },
      {
        "yyyymm": "202401",
        "chnl_nm": "아울렛",
        "class3": "가방",
        "sale_amt": 0.22,
        "sale_ratio": 0.0
      },
      {
        "yyyymm": "202401",
        "chnl_nm": "아울렛",
        "class3": "운동모",
        "sale_amt": 0.18,
        "sale_ratio": 0.0
      },
      {
        "yyyymm": "202401",
        "chnl_nm": "아울렛",
        "class3": "햇",
        "sale_amt": 0.13,
        "sale_ratio": 0.0
      },
      {
        "yyyymm": "202401",
        "chnl_nm": "아울렛",
        "class3": "양말",
        "sale_amt": 0.03,
        "sale_ratio": 0.0
      },
      {
        "yyyymm": "202401",
        "chnl_nm": "아울렛",
        "class3": "방한화",
        "sale_amt": 0.0,
        "sale_ratio": 0.0
      },
      {
        "yyyymm": "202401",
        "chnl_nm": "직영점",
        "class3": "다운점퍼",
        "sale_amt": 63.83,
        "sale_ratio": 77.0
      },
      {
        "yyyymm": "202401",
        "chnl_nm": "직영점",
        "class3": "반팔다운",
        "sale_amt": 5.96,
        "sale_ratio": 7.0
      },
      {
        "yyyymm": "202401",
        "chnl_nm": "직영점",
        "class3": "방풍자켓",
        "sale_amt": 3.99,
        "sale_ratio": 5.0
      },
      {
        "yyyymm": "202401",
        "chnl_nm": "직영점",
        "class3": "방한화",
        "sale_amt": 2.55,
        "sale_ratio": 3.0
      },
      {
        "yyyymm": "202401",
        "chnl_nm": "직영점",
        "class3": "토드백",
        "sale_amt": 1.96,
        "sale_ratio": 2.0
      },
      {
        "yyyymm": "202401",
        "chnl_nm": "직영점",
        "class3": "다운베스트",
        "sale_amt": 1.53,
        "sale_ratio": 2.0
      },
      {
        "yyyymm": "202401",
        "chnl_nm": "직영점",
        "class3": "햇",
        "sale_amt": 1.09,
        "sale_ratio": 1.0
      },
      {
        "yyyymm": "202401",
        "chnl_nm": "직영점",
        "class3": "신발",
        "sale_amt": 1.03,
        "sale_ratio": 1.0
      },
      {
        "yyyymm": "202401",
        "chnl_nm": "직영점",
        "class3": "트레이닝(하의)",
        "sale_amt": 0.42,
        "sale_ratio": 1.0
      },
      {
        "yyyymm": "202401",
        "chnl_nm": "직영점",
        "class3": "운동모",
        "sale_amt": 0.39,
        "sale_ratio": 0.0
      },
      {
        "yyyymm": "202401",
        "chnl_nm": "직영점",
        "class3": "트레이닝(상의)",
        "sale_amt": 0.25,
        "sale_ratio": 0.0
      },
      {
        "yyyymm": "202401",
        "chnl_nm": "직영점",
        "class3": "힙색",
        "sale_amt": 0.23,
        "sale_ratio": 0.0
      },
      {
        "yyyymm": "202401",
        "chnl_nm": "직영점",
        "class3": "백팩",
        "sale_amt": 0.14,
        "sale_ratio": 0.0
      },
      {
        "yyyymm": "202401",
        "chnl_nm": "자사몰",
        "class3": "다운점퍼",
        "sale_amt": 39.18,
        "sale_ratio": 50.0
      },
      {
        "yyyymm": "202401",
        "chnl_nm": "자사몰",
        "class3": "방한화",
        "sale_amt": 11.77,
        "sale_ratio": 15.0
      },
      {
        "yyyymm": "202401",
        "chnl_nm": "자사몰",
        "class3": "다운베스트",
        "sale_amt": 6.04,
        "sale_ratio": 8.0
      },
      {
        "yyyymm": "202401",
        "chnl_nm": "자사몰",
        "class3": "신발",
        "sale_amt": 5.66,
        "sale_ratio": 7.0
      },
      {
        "yyyymm": "202401",
        "chnl_nm": "자사몰",
        "class3": "반팔다운",
        "sale_amt": 4.72,
        "sale_ratio": 6.0
      },
      {
        "yyyymm": "202401",
        "chnl_nm": "자사몰",
        "class3": "팬츠",
        "sale_amt": 1.67,
        "sale_ratio": 2.0
      },
      {
        "yyyymm": "202401",
        "chnl_nm": "자사몰",
        "class3": "맨투맨",
        "sale_amt": 1.53,
        "sale_ratio": 2.0
      },
      {
        "yyyymm": "202401",
        "chnl_nm": "자사몰",
        "class3": "방풍자켓",
        "sale_amt": 1.15,
        "sale_ratio": 1.0
      },
      {
        "yyyymm": "202401",
        "chnl_nm": "자사몰",
        "class3": "레깅스",
        "sale_amt": 0.87,
        "sale_ratio": 1.0
      },
      {
        "yyyymm": "202401",
        "chnl_nm": "자사몰",
        "class3": "운동모",
        "sale_amt": 0.84,
        "sale_ratio": 1.0
      },
      {
        "yyyymm": "202401",
        "chnl_nm": "자사몰",
        "class3": "후드티",
        "sale_amt": 0.84,
        "sale_ratio": 1.0
      },
      {
        "yyyymm": "202401",
        "chnl_nm": "자사몰",
        "class3": "트레이닝(상의)",
        "sale_amt": 0.79,
        "sale_ratio": 1.0
      },
      {
        "yyyymm": "202401",
        "chnl_nm": "자사몰",
        "class3": "백팩",
        "sale_amt": 0.78,
        "sale_ratio": 1.0
      },
      {
        "yyyymm": "202401",
        "chnl_nm": "자사몰",
        "class3": "벨트백",
        "sale_amt": 0.58,
        "sale_ratio": 1.0
      },
      {
        "yyyymm": "202401",
        "chnl_nm": "자사몰",
        "class3": "스커트",
        "sale_amt": 0.49,
        "sale_ratio": 1.0
      },
      {
        "yyyymm": "202401",
        "chnl_nm": "자사몰",
        "class3": "다운 스카프",
        "sale_amt": 0.39,
        "sale_ratio": 0.0
      },
      {
        "yyyymm": "202401",
        "chnl_nm": "자사몰",
        "class3": "트레이닝(하의)",
        "sale_amt": 0.39,
        "sale_ratio": 0.0
      },
      {
        "yyyymm": "202401",
        "chnl_nm": "자사몰",
        "class3": "니트풀오버",
        "sale_amt": 0.39,
        "sale_ratio": 0.0
      },
      {
        "yyyymm": "202401",
        "chnl_nm": "자사몰",
        "class3": "파우치",
        "sale_amt": 0.35,
        "sale_ratio": 0.0
      },
      {
        "yyyymm": "202401",
        "chnl_nm": "자사몰",
        "class3": "반팔카라티셔츠",
        "sale_amt": 0.28,
        "sale_ratio": 0.0
      },
      {
        "yyyymm": "202401",
        "chnl_nm": "자사몰",
        "class3": "크로스백",
        "sale_amt": 0.15,
        "sale_ratio": 0.0
      },
      {
        "yyyymm": "202401",
        "chnl_nm": "자사몰",
        "class3": "양말",
        "sale_amt": 0.04,
        "sale_ratio": 0.0
      },
      {
        "yyyymm": "202401",
        "chnl_nm": "자사몰",
        "class3": "비니",
        "sale_amt": 0.0,
        "sale_ratio": 0.0
      },
      {
        "yyyymm": "202401",
        "chnl_nm": "제휴몰",
        "class3": "다운점퍼",
        "sale_amt": 43.78,
        "sale_ratio": 56.0
      },
      {
        "yyyymm": "202401",
        "chnl_nm": "제휴몰",
        "class3": "방한화",
        "sale_amt": 10.9,
        "sale_ratio": 14.0
      },
      {
        "yyyymm": "202401",
        "chnl_nm": "제휴몰",
        "class3": "다운베스트",
        "sale_amt": 6.4,
        "sale_ratio": 8.0
      },
      {
        "yyyymm": "202401",
        "chnl_nm": "제휴몰",
        "class3": "신발",
        "sale_amt": 6.2,
        "sale_ratio": 8.0
      },
      {
        "yyyymm": "202401",
        "chnl_nm": "제휴몰",
        "class3": "반팔다운",
        "sale_amt": 3.27,
        "sale_ratio": 4.0
      },
      {
        "yyyymm": "202401",
        "chnl_nm": "제휴몰",
        "class3": "방풍자켓",
        "sale_amt": 2.87,
        "sale_ratio": 4.0
      },
      {
        "yyyymm": "202401",
        "chnl_nm": "제휴몰",
        "class3": "토드백",
        "sale_amt": 1.49,
        "sale_ratio": 2.0
      },
      {
        "yyyymm": "202401",
        "chnl_nm": "제휴몰",
        "class3": "비니",
        "sale_amt": 0.75,
        "sale_ratio": 1.0
      },
      {
        "yyyymm": "202401",
        "chnl_nm": "제휴몰",
        "class3": "운동모",
        "sale_amt": 0.65,
        "sale_ratio": 1.0
      },
      {
        "yyyymm": "202401",
        "chnl_nm": "제휴몰",
        "class3": "레깅스",
        "sale_amt": 0.55,
        "sale_ratio": 1.0
      },
      {
        "yyyymm": "202401",
        "chnl_nm": "제휴몰",
        "class3": "크로스백",
        "sale_amt": 0.51,
        "sale_ratio": 1.0
      },
      {
        "yyyymm": "202401",
        "chnl_nm": "제휴몰",
        "class3": "백팩",
        "sale_amt": 0.49,
        "sale_ratio": 1.0
      },
      {
        "yyyymm": "202401",
        "chnl_nm": "제휴몰",
        "class3": "트레이닝(상의)",
        "sale_amt": 0.48,
        "sale_ratio": 1.0
      },
      {
        "yyyymm": "202401",
        "chnl_nm": "제휴몰",
        "class3": "니트풀오버",
        "sale_amt": 0.39,
        "sale_ratio": 0.0
      },
      {
        "yyyymm": "202401",
        "chnl_nm": "제휴몰",
        "class3": "양말",
        "sale_amt": 0.24,
        "sale_ratio": 0.0
      },
      {
        "yyyymm": "202401",
        "chnl_nm": "제휴몰",
        "class3": "벨트백",
        "sale_amt": 0.2,
        "sale_ratio": 0.0
      },
      {
        "yyyymm": "202401",
        "chnl_nm": "제휴몰",
        "class3": "햇",
        "sale_amt": 0.13,
        "sale_ratio": 0.0
      },
      {
        "yyyymm": "202401",
        "chnl_nm": "제휴몰",
        "class3": "맨투맨",
        "sale_amt": 0.0,
        "sale_ratio": 0.0
      },
      {
        "yyyymm": "202401",
        "chnl_nm": "제휴몰",
        "class3": "소프트쉘",
        "sale_amt": 0.0,
        "sale_ratio": 0.0
      },
      {
        "yyyymm": "202401",
        "chnl_nm": "제휴몰",
        "class3": "베스트",
        "sale_amt": 0.0,
        "sale_ratio": 0.0
      },
      {
        "yyyymm": "202401",
        "chnl_nm": "제휴몰",
        "class3": "패딩",
        "sale_amt": 0.0,
        "sale_ratio": 0.0
      },
      {
        "yyyymm": "202401",
        "chnl_nm": "제휴몰",
        "class3": "후드티",
        "sale_amt": 0.0,
        "sale_ratio": 0.0
      },
      {
        "yyyymm": "202401",
        "chnl_nm": "제휴몰",
        "class3": "스커트",
        "sale_amt": 0.0,
        "sale_ratio": 0.0
      },
      {
        "yyyymm": "202401",
        "chnl_nm": "제휴몰",
        "class3": "반팔카라티셔츠",
        "sale_amt": -0.28,
        "sale_ratio": 0.0
      },
      {
        "yyyymm": "202401",
        "chnl_nm": "제휴몰",
        "class3": "팬츠",
        "sale_amt": -0.37,
        "sale_ratio": 0.0
      }
    ]
  }
}