{
  "country": "KR",
  "brand_cd": "M",
  "brand_name": "MLB",
  "yyyymm": "202404",
  "yyyymm_py": "202304",
  "key": "월별아이템별매출추세",
  "analysis_data": {
    "title": "아이템별 매출 종합분석 (당해 1월~현재월)",
    "sections": [
      {
        "div": "종합분석-1",
        "sub_title": "시즌 트렌드",
        "ai_text": "• 23F 의류는 1월 3,153백만원에서 4월 14백만원으로 급격히 감소하며 시즌 종료 패턴을 보이나, 전년대비 52.3% 성장으로 양호한 성과\n• 24S 의류는 1월 2,436백만원에서 3월 9,408백만원까지 상승 후 4월 8,892백만원으로 소폭 조정되며, 전체 매출의 20.5%를 차지하는 핵심 시즌으로 전년대비 74.8% 성장\n• 과시즌 의류는 876백만원의 소규모 매출이지만 전년대비 194.5%의 폭발적 성장률을 기록하며, 4월 182백만원으로 반등세 시현"
      },
      {
        "div": "종합분석-2",
        "sub_title": "카테고리",
        "ai_text": "• 신발 카테고리는 41,858백만원(비중 34.0%)으로 최대 매출을 기록하며 전년대비 98.3% 성장했으나, 1월 10,477백만원에서 4월 9,146백만원으로 하락 추세\n• 모자 카테고리는 41,765백만원(비중 32.8%)으로 신발과 비슷한 규모이며, 1월 8,160백만원에서 4월 13,945백만원으로 지속 상승하여 전년대비 80.8% 성장\n• 가방 카테고리는 10,307백만원(비중 8.3%)으로 상대적으로 작은 규모이며, 전년대비 58.5% 성장에 그쳐 타 카테고리 대비 성장률이 저조한 상황"
      },
      {
        "div": "종합분석-3",
        "sub_title": "핵심액션",
        "ai_text": "• 신발 카테고리의 4월 매출 하락세(9,146백만원)에 대응하여 봄/여름 시즌 신상품 라인업 강화 및 프로모션 확대로 매출 반등 추진\n• 과시즌 의류의 폭발적 성장률(194.5%)을 활용하여 연중 판매 가능한 베이직 아이템 비중 확대 및 재고 확보 전략 수립\n• 가방 카테고리의 상대적 저성장(58.5%)을 개선하기 위해 모자와의 세트 상품 기획 및 크로스 머천다이징 강화로 연관 판매 증대"
      }
    ]
  },
  "summary": {
    "total_sales": 125355.0,
    "unique_months": 4,
    "analysis_period": "2024년 01월 ~ 2024년 04월"
  },
  "season_items": [
    {
      "name": "24S 의류",
      "total_sales": 26407.0,
      "months": {
        "01": 2436.0,
        "02": 5671.0,
        "03": 9408.0,
        "04": 8892.0
      },
      "avg_ratio": 20.5,
      "avg_yoy": 74.75
    },
    {
      "name": "23F 의류",
      "total_sales": 3923.0,
      "months": {
        "01": 3153.0,
        "02": 691.0,
        "03": 65.0,
        "04": 14.0
      },
      "avg_ratio": 3.25,
      "avg_yoy": 52.25
    },
    {
      "name": "과시즌 의류",
      "total_sales": 876.0,
      "months": {
        "01": 511.0,
        "02": 115.0,
        "03": 68.0,
        "04": 182.0
      },
      "avg_ratio": 0.75,
      "avg_yoy": 194.5
    }
  ],
  "category_items": [
    {
      "name": "신발",
      "total_sales": 41858.0,
      "months": {
        "01": 10477.0,
        "02": 11496.0,
        "03": 10739.0,
        "04": 9146.0
      },
      "avg_ratio": 34.0,
      "avg_yoy": 98.25
    },
    {
      "name": "모자",
      "total_sales": 41765.0,
      "months": {
        "01": 8160.0,
        "02": 7264.0,
        "03": 12396.0,
        "04": 13945.0
      },
      "avg_ratio": 32.75,
      "avg_yoy": 80.75
    },
    {
      "name": "가방",
      "total_sales": 10307.0,
      "months": {
        "01": 3097.0,
        "02": 2613.0,
        "03": 2173.0,
        "04": 2424.0
      },
      "avg_ratio": 8.25,
      "avg_yoy": 58.5
    },
    {
      "name": "기타ACC",
      "total_sales": 220.0,
      "months": {
        "01": 62.0,
        "02": 51.0,
        "03": 55.0,
        "04": 52.0
      },
      "avg_ratio": 0.0,
      "avg_yoy": 68.0
    }
  ],
  "raw_data": {
    "sample_records": [
      {
        "MONTH": "01",
        "CHNL_NM": "전체",
        "SALE_AMT": 27896.0,
        "RATIO": 100.0,
        "YOY": 91.0,
        "SEQ": 1
      },
      {
        "MONTH": "01",
        "CHNL_NM": "플래그쉽",
        "SALE_AMT": 761.0,
        "RATIO": 3.0,
        "YOY": 122.0,
        "SEQ": 2
      },
      {
        "MONTH": "01",
        "CHNL_NM": "백화점",
        "SALE_AMT": 6282.0,
        "RATIO": 23.0,
        "YOY": 75.0,
        "SEQ": 2
      },
      {
        "MONTH": "01",
        "CHNL_NM": "대리점",
        "SALE_AMT": 4074.0,
        "RATIO": 15.0,
        "YOY": 92.0,
        "SEQ": 2
      },
      {
        "MONTH": "01",
        "CHNL_NM": "직영기타",
        "SALE_AMT": 681.0,
        "RATIO": 2.0,
        "YOY": 69.0,
        "SEQ": 2
      },
      {
        "MONTH": "01",
        "CHNL_NM": "제휴몰",
        "SALE_AMT": 1387.0,
        "RATIO": 5.0,
        "YOY": 71.0,
        "SEQ": 2
      },
      {
        "MONTH": "01",
        "CHNL_NM": "자사몰",
        "SALE_AMT": 692.0,
        "RATIO": 2.0,
        "YOY": 77.0,
        "SEQ": 2
      },
      {
        "MONTH": "01",
        "CHNL_NM": "면세점",
        "SALE_AMT": 12416.0,
        "RATIO": 45.0,
        "YOY": 112.0,
        "SEQ": 2
      },
      {
        "MONTH": "01",
        "CHNL_NM": "RF",
        "SALE_AMT": 1603.0,
        "RATIO": 6.0,
        "YOY": 64.0,
        "SEQ": 2
      },
      {
        "MONTH": "01",
        "CHNL_NM": "24S 의류",
        "SALE_AMT": 2436.0,
        "RATIO": 9.0,
        "YOY": 49.0,
        "SEQ": 3
      },
      {
        "MONTH": "01",
        "CHNL_NM": "23F 의류",
        "SALE_AMT": 3153.0,
        "RATIO": 11.0,
        "YOY": 84.0,
        "SEQ": 3
      },
      {
        "MONTH": "01",
        "CHNL_NM": "과시즌 의류",
        "SALE_AMT": 511.0,
        "RATIO": 2.0,
        "YOY": 642.0,
        "SEQ": 3
      },
      {
        "MONTH": "01",
        "CHNL_NM": "모자",
        "SALE_AMT": 8160.0,
        "RATIO": 29.0,
        "YOY": 89.0,
        "SEQ": 3
      },
      {
        "MONTH": "01",
        "CHNL_NM": "신발",
        "SALE_AMT": 10477.0,
        "RATIO": 38.0,
        "YOY": 116.0,
        "SEQ": 3
      },
      {
        "MONTH": "01",
        "CHNL_NM": "가방",
        "SALE_AMT": 3097.0,
        "RATIO": 11.0,
        "YOY": 83.0,
        "SEQ": 3
      },
      {
        "MONTH": "01",
        "CHNL_NM": "기타ACC",
        "SALE_AMT": 62.0,
        "RATIO": 0.0,
        "YOY": 65.0,
        "SEQ": 3
      },
      {
        "MONTH": "02",
        "CHNL_NM": "전체",
        "SALE_AMT": 27901.0,
        "RATIO": 100.0,
        "YOY": 75.0,
        "SEQ": 1
      },
      {
        "MONTH": "02",
        "CHNL_NM": "플래그쉽",
        "SALE_AMT": 996.0,
        "RATIO": 4.0,
        "YOY": 132.0,
        "SEQ": 2
      },
      {
        "MONTH": "02",
        "CHNL_NM": "백화점",
        "SALE_AMT": 6183.0,
        "RATIO": 22.0,
        "YOY": 68.0,
        "SEQ": 2
      },
      {
        "MONTH": "02",
        "CHNL_NM": "대리점",
        "SALE_AMT": 4120.0,
        "RATIO": 15.0,
        "YOY": 95.0,
        "SEQ": 2
      },
      {
        "MONTH": "02",
        "CHNL_NM": "직영기타",
        "SALE_AMT": 915.0,
        "RATIO": 3.0,
        "YOY": 112.0,
        "SEQ": 2
      },
      {
        "MONTH": "02",
        "CHNL_NM": "제휴몰",
        "SALE_AMT": 1268.0,
        "RATIO": 5.0,
        "YOY": 62.0,
        "SEQ": 2
      },
      {
        "MONTH": "02",
        "CHNL_NM": "자사몰",
        "SALE_AMT": 584.0,
        "RATIO": 2.0,
        "YOY": 64.0,
        "SEQ": 2
      },
      {
        "MONTH": "02",
        "CHNL_NM": "면세점",
        "SALE_AMT": 12405.0,
        "RATIO": 44.0,
        "YOY": 79.0,
        "SEQ": 2
      },
      {
        "MONTH": "02",
        "CHNL_NM": "RF",
        "SALE_AMT": 1430.0,
        "RATIO": 5.0,
        "YOY": 44.0,
        "SEQ": 2
      },
      {
        "MONTH": "02",
        "CHNL_NM": "24S 의류",
        "SALE_AMT": 5671.0,
        "RATIO": 20.0,
        "YOY": 96.0,
        "SEQ": 3
      },
      {
        "MONTH": "02",
        "CHNL_NM": "23F 의류",
        "SALE_AMT": 691.0,
        "RATIO": 2.0,
        "YOY": 67.0,
        "SEQ": 3
      },
      {
        "MONTH": "02",
        "CHNL_NM": "과시즌 의류",
        "SALE_AMT": 115.0,
        "RATIO": 0.0,
        "YOY": 60.0,
        "SEQ": 3
      },
      {
        "MONTH": "02",
        "CHNL_NM": "모자",
        "SALE_AMT": 7264.0,
        "RATIO": 26.0,
        "YOY": 56.0,
        "SEQ": 3
      },
      {
        "MONTH": "02",
        "CHNL_NM": "신발",
        "SALE_AMT": 11496.0,
        "RATIO": 41.0,
        "YOY": 108.0,
        "SEQ": 3
      },
      {
        "MONTH": "02",
        "CHNL_NM": "가방",
        "SALE_AMT": 2613.0,
        "RATIO": 9.0,
        "YOY": 43.0,
        "SEQ": 3
      },
      {
        "MONTH": "02",
        "CHNL_NM": "기타ACC",
        "SALE_AMT": 51.0,
        "RATIO": 0.0,
        "YOY": 88.0,
        "SEQ": 3
      },
      {
        "MONTH": "03",
        "CHNL_NM": "전체",
        "SALE_AMT": 34904.0,
        "RATIO": 100.0,
        "YOY": 76.0,
        "SEQ": 1
      },
      {
        "MONTH": "03",
        "CHNL_NM": "플래그쉽",
        "SALE_AMT": 1377.0,
        "RATIO": 4.0,
        "YOY": 130.0,
        "SEQ": 2
      },
      {
        "MONTH": "03",
        "CHNL_NM": "백화점",
        "SALE_AMT": 8157.0,
        "RATIO": 23.0,
        "YOY": 77.0,
        "SEQ": 2
      },
      {
        "MONTH": "03",
        "CHNL_NM": "대리점",
        "SALE_AMT": 5684.0,
        "RATIO": 16.0,
        "YOY": 92.0,
        "SEQ": 2
      },
      {
        "MONTH": "03",
        "CHNL_NM": "직영기타",
        "SALE_AMT": 988.0,
        "RATIO": 3.0,
        "YOY": 107.0,
        "SEQ": 2
      },
      {
        "MONTH": "03",
        "CHNL_NM": "제휴몰",
        "SALE_AMT": 1470.0,
        "RATIO": 4.0,
        "YOY": 67.0,
        "SEQ": 2
      },
      {
        "MONTH": "03",
        "CHNL_NM": "자사몰",
        "SALE_AMT": 928.0,
        "RATIO": 3.0,
        "YOY": 82.0,
        "SEQ": 2
      },
      {
        "MONTH": "03",
        "CHNL_NM": "면세점",
        "SALE_AMT": 14194.0,
        "RATIO": 41.0,
        "YOY": 72.0,
        "SEQ": 2
      },
      {
        "MONTH": "03",
        "CHNL_NM": "RF",
        "SALE_AMT": 2107.0,
        "RATIO": 6.0,
        "YOY": 51.0,
        "SEQ": 2
      },
      {
        "MONTH": "03",
        "CHNL_NM": "24S 의류",
        "SALE_AMT": 9408.0,
        "RATIO": 27.0,
        "YOY": 72.0,
        "SEQ": 3
      },
      {
        "MONTH": "03",
        "CHNL_NM": "23F 의류",
        "SALE_AMT": 65.0,
        "RATIO": 0.0,
        "YOY": 34.0,
        "SEQ": 3
      },
      {
        "MONTH": "03",
        "CHNL_NM": "과시즌 의류",
        "SALE_AMT": 68.0,
        "RATIO": 0.0,
        "YOY": 23.0,
        "SEQ": 3
      },
      {
        "MONTH": "03",
        "CHNL_NM": "모자",
        "SALE_AMT": 12396.0,
        "RATIO": 36.0,
        "YOY": 79.0,
        "SEQ": 3
      },
      {
        "MONTH": "03",
        "CHNL_NM": "신발",
        "SALE_AMT": 10739.0,
        "RATIO": 31.0,
        "YOY": 82.0,
        "SEQ": 3
      },
      {
        "MONTH": "03",
        "CHNL_NM": "가방",
        "SALE_AMT": 2173.0,
        "RATIO": 6.0,
        "YOY": 59.0,
        "SEQ": 3
      },
      {
        "MONTH": "03",
        "CHNL_NM": "기타ACC",
        "SALE_AMT": 55.0,
        "RATIO": 0.0,
        "YOY": 61.0,
        "SEQ": 3
      },
      {
        "MONTH": "04",
        "CHNL_NM": "전체",
        "SALE_AMT": 34654.0,
        "RATIO": 100.0,
        "YOY": 85.0,
        "SEQ": 1
      },
      {
        "MONTH": "04",
        "CHNL_NM": "플래그쉽",
        "SALE_AMT": 1305.0,
        "RATIO": 4.0,
        "YOY": 122.0,
        "SEQ": 2
      },
      {
        "MONTH": "04",
        "CHNL_NM": "백화점",
        "SALE_AMT": 8075.0,
        "RATIO": 23.0,
        "YOY": 82.0,
        "SEQ": 2
      },
      {
        "MONTH": "04",
        "CHNL_NM": "대리점",
        "SALE_AMT": 5368.0,
        "RATIO": 15.0,
        "YOY": 88.0,
        "SEQ": 2
      },
      {
        "MONTH": "04",
        "CHNL_NM": "직영기타",
        "SALE_AMT": 896.0,
        "RATIO": 3.0,
        "YOY": 91.0,
        "SEQ": 2
      },
      {
        "MONTH": "04",
        "CHNL_NM": "제휴몰",
        "SALE_AMT": 1601.0,
        "RATIO": 5.0,
        "YOY": 79.0,
        "SEQ": 2
      },
      {
        "MONTH": "04",
        "CHNL_NM": "자사몰",
        "SALE_AMT": 911.0,
        "RATIO": 3.0,
        "YOY": 76.0,
        "SEQ": 2
      },
      {
        "MONTH": "04",
        "CHNL_NM": "면세점",
        "SALE_AMT": 14253.0,
        "RATIO": 41.0,
        "YOY": 90.0,
        "SEQ": 2
      },
      {
        "MONTH": "04",
        "CHNL_NM": "RF",
        "SALE_AMT": 2245.0,
        "RATIO": 6.0,
        "YOY": 59.0,
        "SEQ": 2
      },
      {
        "MONTH": "04",
        "CHNL_NM": "24S 의류",
        "SALE_AMT": 8892.0,
        "RATIO": 26.0,
        "YOY": 82.0,
        "SEQ": 3
      },
      {
        "MONTH": "04",
        "CHNL_NM": "23F 의류",
        "SALE_AMT": 14.0,
        "RATIO": 0.0,
        "YOY": 24.0,
        "SEQ": 3
      },
      {
        "MONTH": "04",
        "CHNL_NM": "과시즌 의류",
        "SALE_AMT": 182.0,
        "RATIO": 1.0,
        "YOY": 53.0,
        "SEQ": 3
      },
      {
        "MONTH": "04",
        "CHNL_NM": "모자",
        "SALE_AMT": 13945.0,
        "RATIO": 40.0,
        "YOY": 99.0,
        "SEQ": 3
      },
      {
        "MONTH": "04",
        "CHNL_NM": "신발",
        "SALE_AMT": 9146.0,
        "RATIO": 26.0,
        "YOY": 87.0,
        "SEQ": 3
      },
      {
        "MONTH": "04",
        "CHNL_NM": "가방",
        "SALE_AMT": 2424.0,
        "RATIO": 7.0,
        "YOY": 49.0,
        "SEQ": 3
      },
      {
        "MONTH": "04",
        "CHNL_NM": "기타ACC",
        "SALE_AMT": 52.0,
        "RATIO": 0.0,
        "YOY": 58.0,
        "SEQ": 3
      }
    ],
    "total_records_count": 64
  }
}