{
  "country": "KR",
  "brand_cd": "V",
  "brand_name": "DUVETICA",
  "yyyymm": "202411",
  "yyyymm_py": "202311",
  "key": "실판매출",
  "sub_key": "채널별매출분석",
  "analysis_data": {
    "title": "채널별 매출 top3 분석 (당해 전년 주요변화)",
    "sections": [
      {
        "div": "백화점",
        "sub_title": "백화점 전년대비 주요 변화",
        "ai_text": "• 다운점퍼: 989백만원(69%)으로 압도적 1위, 전년 724백만원 대비 +36.6% 성장으로 겨울 시즌 핵심 아이템 확고한 지위\n• 반팔다운: 199백만원(14%)으로 전년 81백만원 대비 +145.3% 폭증, 레이어링 트렌드와 기능성 니즈 급증\n• 팬츠: 43백만원(3%)으로 신규 TOP3 진입, 전년 7백만원 대비 +528% 급성장으로 토털 코디네이션 확산\n\n백화점 전체 매출이 1,430백만원으로 전년 920백만원 대비 +55.4% 성장하며 프리미엄 고객층의 DUVETICA 선호도 급상승. 단기적으로 다운점퍼 재고 확보와 반팔다운 라인업 확대, 중장기적으로는 팬츠를 포함한 토털 룩 상품군 개발이 필요"
      },
      {
        "div": "아울렛",
        "sub_title": "아울렛 전년대비 주요 변화",
        "ai_text": "• 다운점퍼: 728백만원(71%)으로 절대 강세, 전년 435백만원 대비 +67.3% 급성장으로 가성비 추구 고객층 확산\n• 다운베스트: 134백만원(13%)으로 전년 64백만원 대비 +109.0% 배증, 실용성과 스타일링 용이성으로 인기\n• 반팔다운: 57백만원(5%)으로 전년 44백만원 대비 +28.8% 성장, 아울렛에서도 기능성 제품 니즈 확산\n\n아울렛 전체 매출이 1,032백만원으로 전년 570백만원 대비 +81.2% 폭증하며 가격 민감 고객층의 브랜드 접근성 크게 향상. 단기적으로 아울렛 전용 상품 라인 확대와 재고 회전율 최적화, 중장기적으로는 브랜드 가치 유지하면서 접근성 높이는 상품 전략 필요"
      },
      {
        "div": "제휴몰",
        "sub_title": "제휴몰 전년대비 주요 변화",
        "ai_text": "• 다운점퍼: 286백만원(59%)으로 압도적 1위, 온라인 플랫폼에서의 브랜드 인지도 급상승\n• 반팔다운: 58백만원(12%)으로 기능성 아이템의 온라인 구매 패턴 확산\n• 방한화: 34백만원(7%)으로 TOP3 진입, 토털 브랜딩 효과로 신발 카테고리까지 확장\n\n제휴몰 전체 매출이 484백만원으로 전년 125백만원 대비 +286.8% 폭증하며 디지털 채널의 폭발적 성장세. 온라인 마케팅 강화와 인플루언서 협업이 주효. 단기적으로 디지털 마케팅 예산 확대와 온라인 전용 상품 개발, 중장기적으로는 O2O 연계 전략과 데이터 기반 개인화 서비스 구축 필요"
      },
      {
        "div": "자사몰",
        "sub_title": "자사몰 전년대비 주요 변화",
        "ai_text": "• 다운점퍼: 146백만원(71%)으로 핵심 아이템 지위 확고, 브랜드 직접 소통 채널에서의 신뢰도 반영\n• 방한화: 16백만원(8%)으로 TOP3 진입, 자사몰 고객의 토털 브랜드 경험 추구 성향\n• 반팔다운: 13백만원(6%)으로 기능성 제품에 대한 충성 고객층의 지속적 관심\n\n자사몰 전체 매출이 206백만원으로 전년 138백만원 대비 +49.1% 성장하며 직접 고객 관계 강화 성과. 단기적으로 자사몰 전용 혜택 확대와 멤버십 프로그램 강화, 중장기적으로는 CRM 시스템 고도화와 개인 맞춤형 상품 추천 서비스 구축으로 고객 생애가치 극대화 전략 필요"
      },
      {
        "div": "직영점",
        "sub_title": "직영점 전년대비 주요 변화",
        "ai_text": "• 다운점퍼: 145백만원(79%)으로 최고 비중, 매장 체험을 통한 프리미엄 제품 구매 선호도 반영\n• 반팔다운: 19백만원(11%)으로 기능성 아이템의 오프라인 체험 구매 패턴\n• 방한화: 6백만원(3%)으로 토털 코디네이션 상담을 통한 크로스셀링 효과\n\n직영점 전체 매출이 184백만원으로 전년 133백만원 대비 +38.3% 성장하며 오프라인 체험 가치 재확인. 매장 직원의 전문적 상담과 피팅 서비스가 주효. 단기적으로 매장 직원 교육 강화와 체험형 매장 운영, 중장기적으로는 플래그십 스토어 확대와 브랜드 경험 공간으로의 매장 역할 전환 필요"
      },
      {
        "div": "종합분석-1",
        "sub_title": "최고 성과 채널",
        "ai_text": "제휴몰이 286.4% 성장으로 최고 성과를 기록하며, 매출액도 484백만원으로 전년 대비 359백만원 증가했습니다.\n아울렛(81.2% 성장, 1,032백만원)과 백화점(55.4% 성장, 1,430백만원)이 견고한 성장세를 보이며 주력 채널로 자리매김했습니다."
      },
      {
        "div": "종합분석-2",
        "sub_title": "개선 필요 채널",
        "ai_text": "직영점은 38.3% 성장에 그쳐 전체 평균(76.8%) 대비 성장률이 절반 수준으로 저조한 실적을 보였습니다.\n자사몰은 49.1% 성장으로 양호하나 매출 규모(206백만원)가 타 채널 대비 상대적으로 작아 성장 동력 확보가 필요합니다."
      },
      {
        "div": "종합분석-3",
        "sub_title": "핵심 제안",
        "ai_text": "제휴몰의 폭발적 성장 모멘텀을 활용하여 온라인 채널 확대 전략을 수립하고, 직영점 운영 효율화를 통한 성장률 개선이 시급합니다.\n다운점퍼 집중도가 높은 현 상황에서 반팔다운, 다운베스트 등 보완 아이템 라인업 강화를 통해 채널별 매출 다각화를 추진해야 합니다."
      }
    ]
  },
  "summary": {
    "total_sales": 5224.76,
    "total_sales_cy": 3337.52,
    "total_sales_py": 1887.24,
    "change_pct": 76.8,
    "unique_channels": 5,
    "unique_items": 47,
    "unique_months": 2,
    "analysis_period": "2023년 11월 vs 2024년 11월"
  },
  "channel_summary": {
    "백화점": {
      "total_sales": 2350.42,
      "months": {
        "202411": 1430094540.0,
        "202311": 920326400.0
      },
      "top_items": [
        {
          "class3": "다운점퍼",
          "total_sales": 1713.53
        },
        {
          "class3": "반팔다운",
          "total_sales": 279.93
        },
        {
          "class3": "다운베스트",
          "total_sales": 104.61
        },
        {
          "class3": "팬츠",
          "total_sales": 49.83
        },
        {
          "class3": "소프트쉘",
          "total_sales": 34.22
        }
      ]
    },
    "아울렛": {
      "total_sales": 1601.97,
      "months": {
        "202411": 1032183080.0,
        "202311": 569789130.0
      },
      "top_items": [
        {
          "class3": "다운점퍼",
          "total_sales": 1162.84
        },
        {
          "class3": "다운베스트",
          "total_sales": 197.97
        },
        {
          "class3": "반팔다운",
          "total_sales": 100.49
        },
        {
          "class3": "니트풀오버",
          "total_sales": 17.29
        },
        {
          "class3": "패딩",
          "total_sales": 13.0
        }
      ]
    },
    "제휴몰": {
      "total_sales": 609.84,
      "months": {
        "202411": 484469300.0,
        "202311": 125371000.0
      },
      "top_items": [
        {
          "class3": "다운점퍼",
          "total_sales": 376.05
        },
        {
          "class3": "반팔다운",
          "total_sales": 68.13
        },
        {
          "class3": "다운베스트",
          "total_sales": 37.67
        },
        {
          "class3": "방한화",
          "total_sales": 34.05
        },
        {
          "class3": "팬츠",
          "total_sales": 11.63
        }
      ]
    },
    "자사몰": {
      "total_sales": 344.89,
      "months": {
        "202411": 206415380.0,
        "202311": 138479030.0
      },
      "top_items": [
        {
          "class3": "다운점퍼",
          "total_sales": 221.1
        },
        {
          "class3": "방한화",
          "total_sales": 34.71
        },
        {
          "class3": "반팔다운",
          "total_sales": 27.39
        },
        {
          "class3": "다운베스트",
          "total_sales": 18.31
        },
        {
          "class3": "니트풀오버",
          "total_sales": 6.79
        }
      ]
    },
    "직영점": {
      "total_sales": 317.64,
      "months": {
        "202411": 184359800.0,
        "202311": 133276600.0
      },
      "top_items": [
        {
          "class3": "다운점퍼",
          "total_sales": 263.01
        },
        {
          "class3": "반팔다운",
          "total_sales": 28.15
        },
        {
          "class3": "방한화",
          "total_sales": 6.97
        },
        {
          "class3": "다운베스트",
          "total_sales": 4.59
        },
        {
          "class3": "팬츠",
          "total_sales": 2.79
        }
      ]
    }
  },
  "channel_summary_overall": {
    "백화점": {
      "current_sales": 1430.09,
      "previous_sales": 920.33,
      "all_items": [
        {
          "class3": "다운점퍼",
          "total_sales": 989.32
        },
        {
          "class3": "반팔다운",
          "total_sales": 198.85
        },
        {
          "class3": "팬츠",
          "total_sales": 42.98
        },
        {
          "class3": "다운베스트",
          "total_sales": 41.88
        },
        {
          "class3": "소프트쉘",
          "total_sales": 33.3
        },
        {
          "class3": "방한화",
          "total_sales": 29.32
        },
        {
          "class3": "니트풀오버",
          "total_sales": 20.6
        },
        {
          "class3": "토드백",
          "total_sales": 10.97
        },
        {
          "class3": "햇",
          "total_sales": 8.81
        },
        {
          "class3": "맨투맨",
          "total_sales": 6.94
        },
        {
          "class3": "백팩",
          "total_sales": 6.68
        },
        {
          "class3": "반바지",
          "total_sales": 6.2
        },
        {
          "class3": "후드티",
          "total_sales": 5.97
        },
        {
          "class3": "집업티",
          "total_sales": 4.39
        },
        {
          "class3": "신발",
          "total_sales": 4.22
        },
        {
          "class3": "크로스백",
          "total_sales": 3.26
        },
        {
          "class3": "트레이닝(하의)",
          "total_sales": 2.83
        },
        {
          "class3": "패딩",
          "total_sales": 2.74
        },
        {
          "class3": "비니",
          "total_sales": 1.95
        },
        {
          "class3": "트레이닝(상의)",
          "total_sales": 1.89
        },
        {
          "class3": "방풍자켓",
          "total_sales": 1.58
        },
        {
          "class3": "방수자켓",
          "total_sales": 1.42
        },
        {
          "class3": "방한모",
          "total_sales": 0.9
        },
        {
          "class3": "양말",
          "total_sales": 0.78
        },
        {
          "class3": "장갑",
          "total_sales": 0.77
        },
        {
          "class3": "토시",
          "total_sales": 0.66
        },
        {
          "class3": "운동모",
          "total_sales": 0.61
        },
        {
          "class3": "뮬",
          "total_sales": 0.16
        },
        {
          "class3": "반팔티셔츠",
          "total_sales": 0.12
        },
        {
          "class3": "선캡",
          "total_sales": 0.0
        }
      ],
      "change_pct": 55.4
    },
    "아울렛": {
      "current_sales": 1032.18,
      "previous_sales": 569.79,
      "all_items": [
        {
          "class3": "다운점퍼",
          "total_sales": 727.69
        },
        {
          "class3": "다운베스트",
          "total_sales": 133.9
        },
        {
          "class3": "반팔다운",
          "total_sales": 56.58
        },
        {
          "class3": "니트풀오버",
          "total_sales": 14.23
        },
        {
          "class3": "방한화",
          "total_sales": 11.92
        },
        {
          "class3": "패딩",
          "total_sales": 11.46
        },
        {
          "class3": "팬츠",
          "total_sales": 9.69
        },
        {
          "class3": "맨투맨",
          "total_sales": 8.8
        },
        {
          "class3": "트레이닝(하의)",
          "total_sales": 8.48
        },
        {
          "class3": "소프트쉘",
          "total_sales": 7.52
        },
        {
          "class3": "트레이닝(상의)",
          "total_sales": 7.45
        },
        {
          "class3": "후드티",
          "total_sales": 4.9
        },
        {
          "class3": "신발",
          "total_sales": 4.75
        },
        {
          "class3": "스커트",
          "total_sales": 4.7
        },
        {
          "class3": "토드백",
          "total_sales": 3.85
        },
        {
          "class3": "방풍자켓",
          "total_sales": 3.28
        },
        {
          "class3": "크로스백",
          "total_sales": 2.62
        },
        {
          "class3": "비니",
          "total_sales": 2.29
        },
        {
          "class3": "백팩",
          "total_sales": 2.01
        },
        {
          "class3": "운동모",
          "total_sales": 1.61
        },
        {
          "class3": "햇",
          "total_sales": 1.34
        },
        {
          "class3": "레깅스",
          "total_sales": 1.1
        },
        {
          "class3": "벨트백",
          "total_sales": 0.55
        },
        {
          "class3": "선캡",
          "total_sales": 0.42
        },
        {
          "class3": "스웨트팬츠",
          "total_sales": 0.37
        },
        {
          "class3": "기타가방",
          "total_sales": 0.26
        },
        {
          "class3": "양말",
          "total_sales": 0.19
        },
        {
          "class3": "반팔티셔츠",
          "total_sales": 0.11
        },
        {
          "class3": "라운드티",
          "total_sales": 0.08
        },
        {
          "class3": "장갑",
          "total_sales": 0.04
        }
      ],
      "change_pct": 81.2
    },
    "제휴몰": {
      "current_sales": 484.47,
      "previous_sales": 125.37,
      "all_items": [
        {
          "class3": "다운점퍼",
          "total_sales": 285.92
        },
        {
          "class3": "반팔다운",
          "total_sales": 57.74
        },
        {
          "class3": "방한화",
          "total_sales": 33.53
        },
        {
          "class3": "다운베스트",
          "total_sales": 29.15
        },
        {
          "class3": "방풍자켓",
          "total_sales": 9.1
        },
        {
          "class3": "팬츠",
          "total_sales": 8.69
        },
        {
          "class3": "소프트쉘",
          "total_sales": 8.07
        },
        {
          "class3": "맨투맨",
          "total_sales": 7.25
        },
        {
          "class3": "트레이닝(상의)",
          "total_sales": 5.43
        },
        {
          "class3": "후드티",
          "total_sales": 4.77
        },
        {
          "class3": "백팩",
          "total_sales": 4.13
        },
        {
          "class3": "스커트",
          "total_sales": 3.83
        },
        {
          "class3": "신발",
          "total_sales": 3.66
        },
        {
          "class3": "니트풀오버",
          "total_sales": 3.33
        },
        {
          "class3": "트레이닝(하의)",
          "total_sales": 2.32
        },
        {
          "class3": "토드백",
          "total_sales": 1.92
        },
        {
          "class3": "패딩",
          "total_sales": 1.88
        },
        {
          "class3": "크로스백",
          "total_sales": 1.71
        },
        {
          "class3": "운동모",
          "total_sales": 1.53
        },
        {
          "class3": "반바지",
          "total_sales": 1.31
        },
        {
          "class3": "선캡",
          "total_sales": 1.01
        },
        {
          "class3": "반팔카라티셔츠",
          "total_sales": 0.95
        },
        {
          "class3": "반팔티셔츠",
          "total_sales": 0.88
        },
        {
          "class3": "레깅스",
          "total_sales": 0.88
        },
        {
          "class3": "니트반팔티셔츠",
          "total_sales": 0.65
        },
        {
          "class3": "양말",
          "total_sales": 0.63
        },
        {
          "class3": "집업티",
          "total_sales": 0.61
        },
        {
          "class3": "비니",
          "total_sales": 0.6
        },
        {
          "class3": "햇",
          "total_sales": 0.56
        },
        {
          "class3": "스웨트팬츠",
          "total_sales": 0.54
        },
        {
          "class3": "토시",
          "total_sales": 0.52
        },
        {
          "class3": "트레이닝 숏팬츠",
          "total_sales": 0.29
        },
        {
          "class3": "다운 스카프",
          "total_sales": 0.29
        },
        {
          "class3": "보스톤백",
          "total_sales": 0.23
        },
        {
          "class3": "벨트백",
          "total_sales": 0.17
        },
        {
          "class3": "기타가방",
          "total_sales": 0.16
        },
        {
          "class3": "파우치",
          "total_sales": 0.14
        },
        {
          "class3": "장갑",
          "total_sales": 0.11
        },
        {
          "class3": "베스트",
          "total_sales": 0.0
        }
      ],
      "change_pct": 286.4
    },
    "자사몰": {
      "current_sales": 206.42,
      "previous_sales": 138.48,
      "all_items": [
        {
          "class3": "다운점퍼",
          "total_sales": 146.4
        },
        {
          "class3": "방한화",
          "total_sales": 15.61
        },
        {
          "class3": "반팔다운",
          "total_sales": 13.01
        },
        {
          "class3": "다운베스트",
          "total_sales": 10.13
        },
        {
          "class3": "니트풀오버",
          "total_sales": 3.83
        },
        {
          "class3": "백팩",
          "total_sales": 3.08
        },
        {
          "class3": "스커트",
          "total_sales": 1.95
        },
        {
          "class3": "팬츠",
          "total_sales": 1.42
        },
        {
          "class3": "맨투맨",
          "total_sales": 1.34
        },
        {
          "class3": "방풍자켓",
          "total_sales": 1.3
        },
        {
          "class3": "토드백",
          "total_sales": 0.93
        },
        {
          "class3": "햇",
          "total_sales": 0.93
        },
        {
          "class3": "트레이닝(하의)",
          "total_sales": 0.81
        },
        {
          "class3": "신발",
          "total_sales": 0.76
        },
        {
          "class3": "후드티",
          "total_sales": 0.72
        },
        {
          "class3": "비니",
          "total_sales": 0.66
        },
        {
          "class3": "트레이닝(상의)",
          "total_sales": 0.52
        },
        {
          "class3": "원피스",
          "total_sales": 0.49
        },
        {
          "class3": "소프트쉘",
          "total_sales": 0.36
        },
        {
          "class3": "운동모",
          "total_sales": 0.32
        },
        {
          "class3": "크로스백",
          "total_sales": 0.27
        },
        {
          "class3": "장갑",
          "total_sales": 0.27
        },
        {
          "class3": "집업티",
          "total_sales": 0.25
        },
        {
          "class3": "선캡",
          "total_sales": 0.21
        },
        {
          "class3": "양말",
          "total_sales": 0.18
        },
        {
          "class3": "레깅스",
          "total_sales": 0.14
        },
        {
          "class3": "반팔티셔츠",
          "total_sales": 0.14
        },
        {
          "class3": "벨트백",
          "total_sales": 0.13
        },
        {
          "class3": "다운 스카프",
          "total_sales": 0.13
        },
        {
          "class3": "뮬",
          "total_sales": 0.13
        },
        {
          "class3": "패딩",
          "total_sales": 0.0
        }
      ],
      "change_pct": 49.1
    },
    "직영점": {
      "current_sales": 184.36,
      "previous_sales": 133.28,
      "all_items": [
        {
          "class3": "다운점퍼",
          "total_sales": 145.0
        },
        {
          "class3": "반팔다운",
          "total_sales": 19.45
        },
        {
          "class3": "방한화",
          "total_sales": 6.07
        },
        {
          "class3": "팬츠",
          "total_sales": 2.35
        },
        {
          "class3": "다운베스트",
          "total_sales": 2.17
        },
        {
          "class3": "집업티",
          "total_sales": 1.26
        },
        {
          "class3": "니트풀오버",
          "total_sales": 1.08
        },
        {
          "class3": "방풍자켓",
          "total_sales": 0.67
        },
        {
          "class3": "크로스백",
          "total_sales": 0.67
        },
        {
          "class3": "방한모",
          "total_sales": 0.64
        },
        {
          "class3": "비니",
          "total_sales": 0.64
        },
        {
          "class3": "방수자켓",
          "total_sales": 0.59
        },
        {
          "class3": "햇",
          "total_sales": 0.53
        },
        {
          "class3": "소프트쉘",
          "total_sales": 0.5
        },
        {
          "class3": "트레이닝(상의)",
          "total_sales": 0.49
        },
        {
          "class3": "토드백",
          "total_sales": 0.42
        },
        {
          "class3": "반바지",
          "total_sales": 0.42
        },
        {
          "class3": "후드티",
          "total_sales": 0.28
        },
        {
          "class3": "백팩",
          "total_sales": 0.22
        },
        {
          "class3": "트레이닝(하의)",
          "total_sales": 0.21
        },
        {
          "class3": "레깅스",
          "total_sales": 0.2
        },
        {
          "class3": "장갑",
          "total_sales": 0.16
        },
        {
          "class3": "뮬",
          "total_sales": 0.15
        },
        {
          "class3": "선캡",
          "total_sales": 0.11
        },
        {
          "class3": "운동모",
          "total_sales": 0.07
        },
        {
          "class3": "맨투맨",
          "total_sales": 0.0
        }
      ],
      "change_pct": 38.3
    }
  },
  "raw_data": {
    "sample_records": [
      {
        "PST_YYYYMM": "202411",
        "CHNL_NM": "백화점",
        "CLASS3": "다운점퍼",
        "SALE_AMT": 989324180.0,
        "SALE_AMT_CHNL_TTL": 1430094540.0,
        "SALE_RATIO": 69.0,
        "IN_YMM_RNK": 0,
        "IN_CHNL_RNK": 1
      },
      {
        "PST_YYYYMM": "202411",
        "CHNL_NM": "백화점",
        "CLASS3": "반팔다운",
        "SALE_AMT": 198851600.0,
        "SALE_AMT_CHNL_TTL": 1430094540.0,
        "SALE_RATIO": 14.0,
        "IN_YMM_RNK": 0,
        "IN_CHNL_RNK": 2
      },
      {
        "PST_YYYYMM": "202411",
        "CHNL_NM": "백화점",
        "CLASS3": "팬츠",
        "SALE_AMT": 42976100.0,
        "SALE_AMT_CHNL_TTL": 1430094540.0,
        "SALE_RATIO": 3.0,
        "IN_YMM_RNK": 0,
        "IN_CHNL_RNK": 3
      },
      {
        "PST_YYYYMM": "202411",
        "CHNL_NM": "백화점",
        "CLASS3": "다운베스트",
        "SALE_AMT": 41881730.0,
        "SALE_AMT_CHNL_TTL": 1430094540.0,
        "SALE_RATIO": 3.0,
        "IN_YMM_RNK": 0,
        "IN_CHNL_RNK": 4
      },
      {
        "PST_YYYYMM": "202411",
        "CHNL_NM": "백화점",
        "CLASS3": "소프트쉘",
        "SALE_AMT": 33298000.0,
        "SALE_AMT_CHNL_TTL": 1430094540.0,
        "SALE_RATIO": 2.0,
        "IN_YMM_RNK": 0,
        "IN_CHNL_RNK": 5
      },
      {
        "PST_YYYYMM": "202411",
        "CHNL_NM": "백화점",
        "CLASS3": "방한화",
        "SALE_AMT": 29316050.0,
        "SALE_AMT_CHNL_TTL": 1430094540.0,
        "SALE_RATIO": 2.0,
        "IN_YMM_RNK": 0,
        "IN_CHNL_RNK": 6
      },
      {
        "PST_YYYYMM": "202411",
        "CHNL_NM": "백화점",
        "CLASS3": "니트풀오버",
        "SALE_AMT": 20597200.0,
        "SALE_AMT_CHNL_TTL": 1430094540.0,
        "SALE_RATIO": 1.0,
        "IN_YMM_RNK": 0,
        "IN_CHNL_RNK": 7
      },
      {
        "PST_YYYYMM": "202411",
        "CHNL_NM": "백화점",
        "CLASS3": "토드백",
        "SALE_AMT": 10971000.0,
        "SALE_AMT_CHNL_TTL": 1430094540.0,
        "SALE_RATIO": 1.0,
        "IN_YMM_RNK": 0,
        "IN_CHNL_RNK": 8
      },
      {
        "PST_YYYYMM": "202411",
        "CHNL_NM": "백화점",
        "CLASS3": "햇",
        "SALE_AMT": 8810000.0,
        "SALE_AMT_CHNL_TTL": 1430094540.0,
        "SALE_RATIO": 1.0,
        "IN_YMM_RNK": 0,
        "IN_CHNL_RNK": 9
      },
      {
        "PST_YYYYMM": "202411",
        "CHNL_NM": "백화점",
        "CLASS3": "맨투맨",
        "SALE_AMT": 6944000.0,
        "SALE_AMT_CHNL_TTL": 1430094540.0,
        "SALE_RATIO": 0.0,
        "IN_YMM_RNK": 0,
        "IN_CHNL_RNK": 10
      },
      {
        "PST_YYYYMM": "202411",
        "CHNL_NM": "백화점",
        "CLASS3": "백팩",
        "SALE_AMT": 6678000.0,
        "SALE_AMT_CHNL_TTL": 1430094540.0,
        "SALE_RATIO": 0.0,
        "IN_YMM_RNK": 0,
        "IN_CHNL_RNK": 11
      },
      {
        "PST_YYYYMM": "202411",
        "CHNL_NM": "백화점",
        "CLASS3": "반바지",
        "SALE_AMT": 6197000.0,
        "SALE_AMT_CHNL_TTL": 1430094540.0,
        "SALE_RATIO": 0.0,
        "IN_YMM_RNK": 0,
        "IN_CHNL_RNK": 12
      },
      {
        "PST_YYYYMM": "202411",
        "CHNL_NM": "백화점",
        "CLASS3": "후드티",
        "SALE_AMT": 5967100.0,
        "SALE_AMT_CHNL_TTL": 1430094540.0,
        "SALE_RATIO": 0.0,
        "IN_YMM_RNK": 0,
        "IN_CHNL_RNK": 13
      },
      {
        "PST_YYYYMM": "202411",
        "CHNL_NM": "백화점",
        "CLASS3": "집업티",
        "SALE_AMT": 4386000.0,
        "SALE_AMT_CHNL_TTL": 1430094540.0,
        "SALE_RATIO": 0.0,
        "IN_YMM_RNK": 0,
        "IN_CHNL_RNK": 14
      },
      {
        "PST_YYYYMM": "202411",
        "CHNL_NM": "백화점",
        "CLASS3": "신발",
        "SALE_AMT": 4221900.0,
        "SALE_AMT_CHNL_TTL": 1430094540.0,
        "SALE_RATIO": 0.0,
        "IN_YMM_RNK": 0,
        "IN_CHNL_RNK": 15
      },
      {
        "PST_YYYYMM": "202411",
        "CHNL_NM": "백화점",
        "CLASS3": "크로스백",
        "SALE_AMT": 3257000.0,
        "SALE_AMT_CHNL_TTL": 1430094540.0,
        "SALE_RATIO": 0.0,
        "IN_YMM_RNK": 0,
        "IN_CHNL_RNK": 16
      },
      {
        "PST_YYYYMM": "202411",
        "CHNL_NM": "백화점",
        "CLASS3": "트레이닝(하의)",
        "SALE_AMT": 2834000.0,
        "SALE_AMT_CHNL_TTL": 1430094540.0,
        "SALE_RATIO": 0.0,
        "IN_YMM_RNK": 0,
        "IN_CHNL_RNK": 17
      },
      {
        "PST_YYYYMM": "202411",
        "CHNL_NM": "백화점",
        "CLASS3": "패딩",
        "SALE_AMT": 2740800.0,
        "SALE_AMT_CHNL_TTL": 1430094540.0,
        "SALE_RATIO": 0.0,
        "IN_YMM_RNK": 0,
        "IN_CHNL_RNK": 18
      },
      {
        "PST_YYYYMM": "202411",
        "CHNL_NM": "백화점",
        "CLASS3": "비니",
        "SALE_AMT": 1949000.0,
        "SALE_AMT_CHNL_TTL": 1430094540.0,
        "SALE_RATIO": 0.0,
        "IN_YMM_RNK": 0,
        "IN_CHNL_RNK": 19
      },
      {
        "PST_YYYYMM": "202411",
        "CHNL_NM": "백화점",
        "CLASS3": "트레이닝(상의)",
        "SALE_AMT": 1885000.0,
        "SALE_AMT_CHNL_TTL": 1430094540.0,
        "SALE_RATIO": 0.0,
        "IN_YMM_RNK": 0,
        "IN_CHNL_RNK": 20
      },
      {
        "PST_YYYYMM": "202411",
        "CHNL_NM": "백화점",
        "CLASS3": "방풍자켓",
        "SALE_AMT": 1580000.0,
        "SALE_AMT_CHNL_TTL": 1430094540.0,
        "SALE_RATIO": 0.0,
        "IN_YMM_RNK": 0,
        "IN_CHNL_RNK": 21
      },
      {
        "PST_YYYYMM": "202411",
        "CHNL_NM": "백화점",
        "CLASS3": "방수자켓",
        "SALE_AMT": 1422000.0,
        "SALE_AMT_CHNL_TTL": 1430094540.0,
        "SALE_RATIO": 0.0,
        "IN_YMM_RNK": 0,
        "IN_CHNL_RNK": 22
      },
      {
        "PST_YYYYMM": "202411",
        "CHNL_NM": "백화점",
        "CLASS3": "방한모",
        "SALE_AMT": 900000.0,
        "SALE_AMT_CHNL_TTL": 1430094540.0,
        "SALE_RATIO": 0.0,
        "IN_YMM_RNK": 0,
        "IN_CHNL_RNK": 23
      },
      {
        "PST_YYYYMM": "202411",
        "CHNL_NM": "백화점",
        "CLASS3": "양말",
        "SALE_AMT": 777780.0,
        "SALE_AMT_CHNL_TTL": 1430094540.0,
        "SALE_RATIO": 0.0,
        "IN_YMM_RNK": 0,
        "IN_CHNL_RNK": 24
      },
      {
        "PST_YYYYMM": "202411",
        "CHNL_NM": "백화점",
        "CLASS3": "장갑",
        "SALE_AMT": 772000.0,
        "SALE_AMT_CHNL_TTL": 1430094540.0,
        "SALE_RATIO": 0.0,
        "IN_YMM_RNK": 0,
        "IN_CHNL_RNK": 25
      },
      {
        "PST_YYYYMM": "202411",
        "CHNL_NM": "백화점",
        "CLASS3": "토시",
        "SALE_AMT": 663000.0,
        "SALE_AMT_CHNL_TTL": 1430094540.0,
        "SALE_RATIO": 0.0,
        "IN_YMM_RNK": 0,
        "IN_CHNL_RNK": 26
      },
      {
        "PST_YYYYMM": "202411",
        "CHNL_NM": "백화점",
        "CLASS3": "운동모",
        "SALE_AMT": 613000.0,
        "SALE_AMT_CHNL_TTL": 1430094540.0,
        "SALE_RATIO": 0.0,
        "IN_YMM_RNK": 0,
        "IN_CHNL_RNK": 27
      },
      {
        "PST_YYYYMM": "202411",
        "CHNL_NM": "백화점",
        "CLASS3": "뮬",
        "SALE_AMT": 161100.0,
        "SALE_AMT_CHNL_TTL": 1430094540.0,
        "SALE_RATIO": 0.0,
        "IN_YMM_RNK": 0,
        "IN_CHNL_RNK": 28
      },
      {
        "PST_YYYYMM": "202411",
        "CHNL_NM": "백화점",
        "CLASS3": "반팔티셔츠",
        "SALE_AMT": 120000.0,
        "SALE_AMT_CHNL_TTL": 1430094540.0,
        "SALE_RATIO": 0.0,
        "IN_YMM_RNK": 0,
        "IN_CHNL_RNK": 29
      },
      {
        "PST_YYYYMM": "202411",
        "CHNL_NM": "백화점",
        "CLASS3": "선캡",
        "SALE_AMT": 0.0,
        "SALE_AMT_CHNL_TTL": 1430094540.0,
        "SALE_RATIO": 0.0,
        "IN_YMM_RNK": 0,
        "IN_CHNL_RNK": 30
      },
      {
        "PST_YYYYMM": "202411",
        "CHNL_NM": "아울렛",
        "CLASS3": "다운점퍼",
        "SALE_AMT": 727691600.0,
        "SALE_AMT_CHNL_TTL": 1032183080.0,
        "SALE_RATIO": 71.0,
        "IN_YMM_RNK": 0,
        "IN_CHNL_RNK": 1
      },
      {
        "PST_YYYYMM": "202411",
        "CHNL_NM": "아울렛",
        "CLASS3": "다운베스트",
        "SALE_AMT": 133897000.0,
        "SALE_AMT_CHNL_TTL": 1032183080.0,
        "SALE_RATIO": 13.0,
        "IN_YMM_RNK": 0,
        "IN_CHNL_RNK": 2
      },
      {
        "PST_YYYYMM": "202411",
        "CHNL_NM": "아울렛",
        "CLASS3": "반팔다운",
        "SALE_AMT": 56577200.0,
        "SALE_AMT_CHNL_TTL": 1032183080.0,
        "SALE_RATIO": 5.0,
        "IN_YMM_RNK": 0,
        "IN_CHNL_RNK": 3
      },
      {
        "PST_YYYYMM": "202411",
        "CHNL_NM": "아울렛",
        "CLASS3": "니트풀오버",
        "SALE_AMT": 14232300.0,
        "SALE_AMT_CHNL_TTL": 1032183080.0,
        "SALE_RATIO": 1.0,
        "IN_YMM_RNK": 0,
        "IN_CHNL_RNK": 4
      },
      {
        "PST_YYYYMM": "202411",
        "CHNL_NM": "아울렛",
        "CLASS3": "방한화",
        "SALE_AMT": 11924150.0,
        "SALE_AMT_CHNL_TTL": 1032183080.0,
        "SALE_RATIO": 1.0,
        "IN_YMM_RNK": 0,
        "IN_CHNL_RNK": 5
      },
      {
        "PST_YYYYMM": "202411",
        "CHNL_NM": "아울렛",
        "CLASS3": "패딩",
        "SALE_AMT": 11457600.0,
        "SALE_AMT_CHNL_TTL": 1032183080.0,
        "SALE_RATIO": 1.0,
        "IN_YMM_RNK": 0,
        "IN_CHNL_RNK": 6
      },
      {
        "PST_YYYYMM": "202411",
        "CHNL_NM": "아울렛",
        "CLASS3": "팬츠",
        "SALE_AMT": 9685800.0,
        "SALE_AMT_CHNL_TTL": 1032183080.0,
        "SALE_RATIO": 1.0,
        "IN_YMM_RNK": 0,
        "IN_CHNL_RNK": 7
      },
      {
        "PST_YYYYMM": "202411",
        "CHNL_NM": "아울렛",
        "CLASS3": "맨투맨",
        "SALE_AMT": 8797300.0,
        "SALE_AMT_CHNL_TTL": 1032183080.0,
        "SALE_RATIO": 1.0,
        "IN_YMM_RNK": 0,
        "IN_CHNL_RNK": 8
      },
      {
        "PST_YYYYMM": "202411",
        "CHNL_NM": "아울렛",
        "CLASS3": "트레이닝(하의)",
        "SALE_AMT": 8480400.0,
        "SALE_AMT_CHNL_TTL": 1032183080.0,
        "SALE_RATIO": 1.0,
        "IN_YMM_RNK": 0,
        "IN_CHNL_RNK": 9
      },
      {
        "PST_YYYYMM": "202411",
        "CHNL_NM": "아울렛",
        "CLASS3": "소프트쉘",
        "SALE_AMT": 7518800.0,
        "SALE_AMT_CHNL_TTL": 1032183080.0,
        "SALE_RATIO": 1.0,
        "IN_YMM_RNK": 0,
        "IN_CHNL_RNK": 10
      },
      {
        "PST_YYYYMM": "202411",
        "CHNL_NM": "아울렛",
        "CLASS3": "트레이닝(상의)",
        "SALE_AMT": 7445100.0,
        "SALE_AMT_CHNL_TTL": 1032183080.0,
        "SALE_RATIO": 1.0,
        "IN_YMM_RNK": 0,
        "IN_CHNL_RNK": 11
      },
      {
        "PST_YYYYMM": "202411",
        "CHNL_NM": "아울렛",
        "CLASS3": "후드티",
        "SALE_AMT": 4899600.0,
        "SALE_AMT_CHNL_TTL": 1032183080.0,
        "SALE_RATIO": 0.0,
        "IN_YMM_RNK": 0,
        "IN_CHNL_RNK": 12
      },
      {
        "PST_YYYYMM": "202411",
        "CHNL_NM": "아울렛",
        "CLASS3": "신발",
        "SALE_AMT": 4751500.0,
        "SALE_AMT_CHNL_TTL": 1032183080.0,
        "SALE_RATIO": 0.0,
        "IN_YMM_RNK": 0,
        "IN_CHNL_RNK": 13
      },
      {
        "PST_YYYYMM": "202411",
        "CHNL_NM": "아울렛",
        "CLASS3": "스커트",
        "SALE_AMT": 4704600.0,
        "SALE_AMT_CHNL_TTL": 1032183080.0,
        "SALE_RATIO": 0.0,
        "IN_YMM_RNK": 0,
        "IN_CHNL_RNK": 14
      },
      {
        "PST_YYYYMM": "202411",
        "CHNL_NM": "아울렛",
        "CLASS3": "토드백",
        "SALE_AMT": 3846300.0,
        "SALE_AMT_CHNL_TTL": 1032183080.0,
        "SALE_RATIO": 0.0,
        "IN_YMM_RNK": 0,
        "IN_CHNL_RNK": 15
      },
      {
        "PST_YYYYMM": "202411",
        "CHNL_NM": "아울렛",
        "CLASS3": "방풍자켓",
        "SALE_AMT": 3282000.0,
        "SALE_AMT_CHNL_TTL": 1032183080.0,
        "SALE_RATIO": 0.0,
        "IN_YMM_RNK": 0,
        "IN_CHNL_RNK": 16
      },
      {
        "PST_YYYYMM": "202411",
        "CHNL_NM": "아울렛",
        "CLASS3": "크로스백",
        "SALE_AMT": 2619400.0,
        "SALE_AMT_CHNL_TTL": 1032183080.0,
        "SALE_RATIO": 0.0,
        "IN_YMM_RNK": 0,
        "IN_CHNL_RNK": 17
      },
      {
        "PST_YYYYMM": "202411",
        "CHNL_NM": "아울렛",
        "CLASS3": "비니",
        "SALE_AMT": 2291500.0,
        "SALE_AMT_CHNL_TTL": 1032183080.0,
        "SALE_RATIO": 0.0,
        "IN_YMM_RNK": 0,
        "IN_CHNL_RNK": 18
      },
      {
        "PST_YYYYMM": "202411",
        "CHNL_NM": "아울렛",
        "CLASS3": "백팩",
        "SALE_AMT": 2010600.0,
        "SALE_AMT_CHNL_TTL": 1032183080.0,
        "SALE_RATIO": 0.0,
        "IN_YMM_RNK": 0,
        "IN_CHNL_RNK": 19
      },
      {
        "PST_YYYYMM": "202411",
        "CHNL_NM": "아울렛",
        "CLASS3": "운동모",
        "SALE_AMT": 1614240.0,
        "SALE_AMT_CHNL_TTL": 1032183080.0,
        "SALE_RATIO": 0.0,
        "IN_YMM_RNK": 0,
        "IN_CHNL_RNK": 20
      }
    ],
    "total_records_count": 279
  },
  "trend_data": {
    "trend_months": [
      "202311",
      "202411"
    ],
    "monthly_totals": [
      {
        "yyyymm": "202311",
        "total_amount": 1887.24
      },
      {
        "yyyymm": "202411",
        "total_amount": 3337.52
      }
    ],
    "monthly_details": [
      {
        "yyyymm": "202411",
        "chnl_nm": "백화점",
        "class3": "다운점퍼",
        "sale_amt": 989.32,
        "sale_ratio": 69.0
      },
      {
        "yyyymm": "202411",
        "chnl_nm": "백화점",
        "class3": "반팔다운",
        "sale_amt": 198.85,
        "sale_ratio": 14.0
      },
      {
        "yyyymm": "202411",
        "chnl_nm": "백화점",
        "class3": "팬츠",
        "sale_amt": 42.98,
        "sale_ratio": 3.0
      },
      {
        "yyyymm": "202411",
        "chnl_nm": "백화점",
        "class3": "다운베스트",
        "sale_amt": 41.88,
        "sale_ratio": 3.0
      },
      {
        "yyyymm": "202411",
        "chnl_nm": "백화점",
        "class3": "소프트쉘",
        "sale_amt": 33.3,
        "sale_ratio": 2.0
      },
      {
        "yyyymm": "202411",
        "chnl_nm": "백화점",
        "class3": "방한화",
        "sale_amt": 29.32,
        "sale_ratio": 2.0
      },
      {
        "yyyymm": "202411",
        "chnl_nm": "백화점",
        "class3": "니트풀오버",
        "sale_amt": 20.6,
        "sale_ratio": 1.0
      },
      {
        "yyyymm": "202411",
        "chnl_nm": "백화점",
        "class3": "토드백",
        "sale_amt": 10.97,
        "sale_ratio": 1.0
      },
      {
        "yyyymm": "202411",
        "chnl_nm": "백화점",
        "class3": "햇",
        "sale_amt": 8.81,
        "sale_ratio": 1.0
      },
      {
        "yyyymm": "202411",
        "chnl_nm": "백화점",
        "class3": "맨투맨",
        "sale_amt": 6.94,
        "sale_ratio": 0.0
      },
      {
        "yyyymm": "202411",
        "chnl_nm": "백화점",
        "class3": "백팩",
        "sale_amt": 6.68,
        "sale_ratio": 0.0
      },
      {
        "yyyymm": "202411",
        "chnl_nm": "백화점",
        "class3": "반바지",
        "sale_amt": 6.2,
        "sale_ratio": 0.0
      },
      {
        "yyyymm": "202411",
        "chnl_nm": "백화점",
        "class3": "후드티",
        "sale_amt": 5.97,
        "sale_ratio": 0.0
      },
      {
        "yyyymm": "202411",
        "chnl_nm": "백화점",
        "class3": "집업티",
        "sale_amt": 4.39,
        "sale_ratio": 0.0
      },
      {
        "yyyymm": "202411",
        "chnl_nm": "백화점",
        "class3": "신발",
        "sale_amt": 4.22,
        "sale_ratio": 0.0
      },
      {
        "yyyymm": "202411",
        "chnl_nm": "백화점",
        "class3": "크로스백",
        "sale_amt": 3.26,
        "sale_ratio": 0.0
      },
      {
        "yyyymm": "202411",
        "chnl_nm": "백화점",
        "class3": "트레이닝(하의)",
        "sale_amt": 2.83,
        "sale_ratio": 0.0
      },
      {
        "yyyymm": "202411",
        "chnl_nm": "백화점",
        "class3": "패딩",
        "sale_amt": 2.74,
        "sale_ratio": 0.0
      },
      {
        "yyyymm": "202411",
        "chnl_nm": "백화점",
        "class3": "비니",
        "sale_amt": 1.95,
        "sale_ratio": 0.0
      },
      {
        "yyyymm": "202411",
        "chnl_nm": "백화점",
        "class3": "트레이닝(상의)",
        "sale_amt": 1.89,
        "sale_ratio": 0.0
      },
      {
        "yyyymm": "202411",
        "chnl_nm": "백화점",
        "class3": "방풍자켓",
        "sale_amt": 1.58,
        "sale_ratio": 0.0
      },
      {
        "yyyymm": "202411",
        "chnl_nm": "백화점",
        "class3": "방수자켓",
        "sale_amt": 1.42,
        "sale_ratio": 0.0
      },
      {
        "yyyymm": "202411",
        "chnl_nm": "백화점",
        "class3": "방한모",
        "sale_amt": 0.9,
        "sale_ratio": 0.0
      },
      {
        "yyyymm": "202411",
        "chnl_nm": "백화점",
        "class3": "양말",
        "sale_amt": 0.78,
        "sale_ratio": 0.0
      },
      {
        "yyyymm": "202411",
        "chnl_nm": "백화점",
        "class3": "장갑",
        "sale_amt": 0.77,
        "sale_ratio": 0.0
      },
      {
        "yyyymm": "202411",
        "chnl_nm": "백화점",
        "class3": "토시",
        "sale_amt": 0.66,
        "sale_ratio": 0.0
      },
      {
        "yyyymm": "202411",
        "chnl_nm": "백화점",
        "class3": "운동모",
        "sale_amt": 0.61,
        "sale_ratio": 0.0
      },
      {
        "yyyymm": "202411",
        "chnl_nm": "백화점",
        "class3": "뮬",
        "sale_amt": 0.16,
        "sale_ratio": 0.0
      },
      {
        "yyyymm": "202411",
        "chnl_nm": "백화점",
        "class3": "반팔티셔츠",
        "sale_amt": 0.12,
        "sale_ratio": 0.0
      },
      {
        "yyyymm": "202411",
        "chnl_nm": "백화점",
        "class3": "선캡",
        "sale_amt": 0.0,
        "sale_ratio": 0.0
      },
      {
        "yyyymm": "202411",
        "chnl_nm": "아울렛",
        "class3": "다운점퍼",
        "sale_amt": 727.69,
        "sale_ratio": 71.0
      },
      {
        "yyyymm": "202411",
        "chnl_nm": "아울렛",
        "class3": "다운베스트",
        "sale_amt": 133.9,
        "sale_ratio": 13.0
      },
      {
        "yyyymm": "202411",
        "chnl_nm": "아울렛",
        "class3": "반팔다운",
        "sale_amt": 56.58,
        "sale_ratio": 5.0
      },
      {
        "yyyymm": "202411",
        "chnl_nm": "아울렛",
        "class3": "니트풀오버",
        "sale_amt": 14.23,
        "sale_ratio": 1.0
      },
      {
        "yyyymm": "202411",
        "chnl_nm": "아울렛",
        "class3": "방한화",
        "sale_amt": 11.92,
        "sale_ratio": 1.0
      },
      {
        "yyyymm": "202411",
        "chnl_nm": "아울렛",
        "class3": "패딩",
        "sale_amt": 11.46,
        "sale_ratio": 1.0
      },
      {
        "yyyymm": "202411",
        "chnl_nm": "아울렛",
        "class3": "팬츠",
        "sale_amt": 9.69,
        "sale_ratio": 1.0
      },
      {
        "yyyymm": "202411",
        "chnl_nm": "아울렛",
        "class3": "맨투맨",
        "sale_amt": 8.8,
        "sale_ratio": 1.0
      },
      {
        "yyyymm": "202411",
        "chnl_nm": "아울렛",
        "class3": "트레이닝(하의)",
        "sale_amt": 8.48,
        "sale_ratio": 1.0
      },
      {
        "yyyymm": "202411",
        "chnl_nm": "아울렛",
        "class3": "소프트쉘",
        "sale_amt": 7.52,
        "sale_ratio": 1.0
      },
      {
        "yyyymm": "202411",
        "chnl_nm": "아울렛",
        "class3": "트레이닝(상의)",
        "sale_amt": 7.45,
        "sale_ratio": 1.0
      },
      {
        "yyyymm": "202411",
        "chnl_nm": "아울렛",
        "class3": "후드티",
        "sale_amt": 4.9,
        "sale_ratio": 0.0
      },
      {
        "yyyymm": "202411",
        "chnl_nm": "아울렛",
        "class3": "신발",
        "sale_amt": 4.75,
        "sale_ratio": 0.0
      },
      {
        "yyyymm": "202411",
        "chnl_nm": "아울렛",
        "class3": "스커트",
        "sale_amt": 4.7,
        "sale_ratio": 0.0
      },
      {
        "yyyymm": "202411",
        "chnl_nm": "아울렛",
        "class3": "토드백",
        "sale_amt": 3.85,
        "sale_ratio": 0.0
      },
      {
        "yyyymm": "202411",
        "chnl_nm": "아울렛",
        "class3": "방풍자켓",
        "sale_amt": 3.28,
        "sale_ratio": 0.0
      },
      {
        "yyyymm": "202411",
        "chnl_nm": "아울렛",
        "class3": "크로스백",
        "sale_amt": 2.62,
        "sale_ratio": 0.0
      },
      {
        "yyyymm": "202411",
        "chnl_nm": "아울렛",
        "class3": "비니",
        "sale_amt": 2.29,
        "sale_ratio": 0.0
      },
      {
        "yyyymm": "202411",
        "chnl_nm": "아울렛",
        "class3": "백팩",
        "sale_amt": 2.01,
        "sale_ratio": 0.0
      },
      {
        "yyyymm": "202411",
        "chnl_nm": "아울렛",
        "class3": "운동모",
        "sale_amt": 1.61,
        "sale_ratio": 0.0
      },
      {
        "yyyymm": "202411",
        "chnl_nm": "아울렛",
        "class3": "햇",
        "sale_amt": 1.34,
        "sale_ratio": 0.0
      },
      {
        "yyyymm": "202411",
        "chnl_nm": "아울렛",
        "class3": "레깅스",
        "sale_amt": 1.1,
        "sale_ratio": 0.0
      },
      {
        "yyyymm": "202411",
        "chnl_nm": "아울렛",
        "class3": "벨트백",
        "sale_amt": 0.55,
        "sale_ratio": 0.0
      },
      {
        "yyyymm": "202411",
        "chnl_nm": "아울렛",
        "class3": "선캡",
        "sale_amt": 0.42,
        "sale_ratio": 0.0
      },
      {
        "yyyymm": "202411",
        "chnl_nm": "아울렛",
        "class3": "스웨트팬츠",
        "sale_amt": 0.37,
        "sale_ratio": 0.0
      },
      {
        "yyyymm": "202411",
        "chnl_nm": "아울렛",
        "class3": "기타가방",
        "sale_amt": 0.26,
        "sale_ratio": 0.0
      },
      {
        "yyyymm": "202411",
        "chnl_nm": "아울렛",
        "class3": "양말",
        "sale_amt": 0.19,
        "sale_ratio": 0.0
      },
      {
        "yyyymm": "202411",
        "chnl_nm": "아울렛",
        "class3": "반팔티셔츠",
        "sale_amt": 0.11,
        "sale_ratio": 0.0
      },
      {
        "yyyymm": "202411",
        "chnl_nm": "아울렛",
        "class3": "라운드티",
        "sale_amt": 0.08,
        "sale_ratio": 0.0
      },
      {
        "yyyymm": "202411",
        "chnl_nm": "아울렛",
        "class3": "장갑",
        "sale_amt": 0.04,
        "sale_ratio": 0.0
      },
      {
        "yyyymm": "202411",
        "chnl_nm": "제휴몰",
        "class3": "다운점퍼",
        "sale_amt": 285.92,
        "sale_ratio": 59.0
      },
      {
        "yyyymm": "202411",
        "chnl_nm": "제휴몰",
        "class3": "반팔다운",
        "sale_amt": 57.74,
        "sale_ratio": 12.0
      },
      {
        "yyyymm": "202411",
        "chnl_nm": "제휴몰",
        "class3": "방한화",
        "sale_amt": 33.53,
        "sale_ratio": 7.0
      },
      {
        "yyyymm": "202411",
        "chnl_nm": "제휴몰",
        "class3": "다운베스트",
        "sale_amt": 29.15,
        "sale_ratio": 6.0
      },
      {
        "yyyymm": "202411",
        "chnl_nm": "제휴몰",
        "class3": "방풍자켓",
        "sale_amt": 9.1,
        "sale_ratio": 2.0
      },
      {
        "yyyymm": "202411",
        "chnl_nm": "제휴몰",
        "class3": "팬츠",
        "sale_amt": 8.69,
        "sale_ratio": 2.0
      },
      {
        "yyyymm": "202411",
        "chnl_nm": "제휴몰",
        "class3": "소프트쉘",
        "sale_amt": 8.07,
        "sale_ratio": 2.0
      },
      {
        "yyyymm": "202411",
        "chnl_nm": "제휴몰",
        "class3": "맨투맨",
        "sale_amt": 7.25,
        "sale_ratio": 1.0
      },
      {
        "yyyymm": "202411",
        "chnl_nm": "제휴몰",
        "class3": "트레이닝(상의)",
        "sale_amt": 5.43,
        "sale_ratio": 1.0
      },
      {
        "yyyymm": "202411",
        "chnl_nm": "제휴몰",
        "class3": "후드티",
        "sale_amt": 4.77,
        "sale_ratio": 1.0
      },
      {
        "yyyymm": "202411",
        "chnl_nm": "제휴몰",
        "class3": "백팩",
        "sale_amt": 4.13,
        "sale_ratio": 1.0
      },
      {
        "yyyymm": "202411",
        "chnl_nm": "제휴몰",
        "class3": "스커트",
        "sale_amt": 3.83,
        "sale_ratio": 1.0
      },
      {
        "yyyymm": "202411",
        "chnl_nm": "제휴몰",
        "class3": "신발",
        "sale_amt": 3.66,
        "sale_ratio": 1.0
      },
      {
        "yyyymm": "202411",
        "chnl_nm": "제휴몰",
        "class3": "니트풀오버",
        "sale_amt": 3.33,
        "sale_ratio": 1.0
      },
      {
        "yyyymm": "202411",
        "chnl_nm": "제휴몰",
        "class3": "트레이닝(하의)",
        "sale_amt": 2.32,
        "sale_ratio": 0.0
      },
      {
        "yyyymm": "202411",
        "chnl_nm": "제휴몰",
        "class3": "토드백",
        "sale_amt": 1.92,
        "sale_ratio": 0.0
      },
      {
        "yyyymm": "202411",
        "chnl_nm": "제휴몰",
        "class3": "패딩",
        "sale_amt": 1.88,
        "sale_ratio": 0.0
      },
      {
        "yyyymm": "202411",
        "chnl_nm": "제휴몰",
        "class3": "크로스백",
        "sale_amt": 1.71,
        "sale_ratio": 0.0
      },
      {
        "yyyymm": "202411",
        "chnl_nm": "제휴몰",
        "class3": "운동모",
        "sale_amt": 1.53,
        "sale_ratio": 0.0
      },
      {
        "yyyymm": "202411",
        "chnl_nm": "제휴몰",
        "class3": "반바지",
        "sale_amt": 1.31,
        "sale_ratio": 0.0
      },
      {
        "yyyymm": "202411",
        "chnl_nm": "제휴몰",
        "class3": "선캡",
        "sale_amt": 1.01,
        "sale_ratio": 0.0
      },
      {
        "yyyymm": "202411",
        "chnl_nm": "제휴몰",
        "class3": "반팔카라티셔츠",
        "sale_amt": 0.95,
        "sale_ratio": 0.0
      },
      {
        "yyyymm": "202411",
        "chnl_nm": "제휴몰",
        "class3": "반팔티셔츠",
        "sale_amt": 0.88,
        "sale_ratio": 0.0
      },
      {
        "yyyymm": "202411",
        "chnl_nm": "제휴몰",
        "class3": "레깅스",
        "sale_amt": 0.88,
        "sale_ratio": 0.0
      },
      {
        "yyyymm": "202411",
        "chnl_nm": "제휴몰",
        "class3": "니트반팔티셔츠",
        "sale_amt": 0.65,
        "sale_ratio": 0.0
      },
      {
        "yyyymm": "202411",
        "chnl_nm": "제휴몰",
        "class3": "양말",
        "sale_amt": 0.63,
        "sale_ratio": 0.0
      },
      {
        "yyyymm": "202411",
        "chnl_nm": "제휴몰",
        "class3": "집업티",
        "sale_amt": 0.61,
        "sale_ratio": 0.0
      },
      {
        "yyyymm": "202411",
        "chnl_nm": "제휴몰",
        "class3": "비니",
        "sale_amt": 0.6,
        "sale_ratio": 0.0
      },
      {
        "yyyymm": "202411",
        "chnl_nm": "제휴몰",
        "class3": "햇",
        "sale_amt": 0.56,
        "sale_ratio": 0.0
      },
      {
        "yyyymm": "202411",
        "chnl_nm": "제휴몰",
        "class3": "스웨트팬츠",
        "sale_amt": 0.54,
        "sale_ratio": 0.0
      },
      {
        "yyyymm": "202411",
        "chnl_nm": "제휴몰",
        "class3": "토시",
        "sale_amt": 0.52,
        "sale_ratio": 0.0
      },
      {
        "yyyymm": "202411",
        "chnl_nm": "제휴몰",
        "class3": "트레이닝 숏팬츠",
        "sale_amt": 0.29,
        "sale_ratio": 0.0
      },
      {
        "yyyymm": "202411",
        "chnl_nm": "제휴몰",
        "class3": "다운 스카프",
        "sale_amt": 0.29,
        "sale_ratio": 0.0
      },
      {
        "yyyymm": "202411",
        "chnl_nm": "제휴몰",
        "class3": "보스톤백",
        "sale_amt": 0.23,
        "sale_ratio": 0.0
      },
      {
        "yyyymm": "202411",
        "chnl_nm": "제휴몰",
        "class3": "벨트백",
        "sale_amt": 0.17,
        "sale_ratio": 0.0
      },
      {
        "yyyymm": "202411",
        "chnl_nm": "제휴몰",
        "class3": "기타가방",
        "sale_amt": 0.16,
        "sale_ratio": 0.0
      },
      {
        "yyyymm": "202411",
        "chnl_nm": "제휴몰",
        "class3": "파우치",
        "sale_amt": 0.14,
        "sale_ratio": 0.0
      },
      {
        "yyyymm": "202411",
        "chnl_nm": "제휴몰",
        "class3": "장갑",
        "sale_amt": 0.11,
        "sale_ratio": 0.0
      },
      {
        "yyyymm": "202411",
        "chnl_nm": "제휴몰",
        "class3": "베스트",
        "sale_amt": 0.0,
        "sale_ratio": 0.0
      },
      {
        "yyyymm": "202411",
        "chnl_nm": "자사몰",
        "class3": "다운점퍼",
        "sale_amt": 146.4,
        "sale_ratio": 71.0
      },
      {
        "yyyymm": "202411",
        "chnl_nm": "자사몰",
        "class3": "방한화",
        "sale_amt": 15.61,
        "sale_ratio": 8.0
      },
      {
        "yyyymm": "202411",
        "chnl_nm": "자사몰",
        "class3": "반팔다운",
        "sale_amt": 13.01,
        "sale_ratio": 6.0
      },
      {
        "yyyymm": "202411",
        "chnl_nm": "자사몰",
        "class3": "다운베스트",
        "sale_amt": 10.13,
        "sale_ratio": 5.0
      },
      {
        "yyyymm": "202411",
        "chnl_nm": "자사몰",
        "class3": "니트풀오버",
        "sale_amt": 3.83,
        "sale_ratio": 2.0
      },
      {
        "yyyymm": "202411",
        "chnl_nm": "자사몰",
        "class3": "백팩",
        "sale_amt": 3.08,
        "sale_ratio": 1.0
      },
      {
        "yyyymm": "202411",
        "chnl_nm": "자사몰",
        "class3": "스커트",
        "sale_amt": 1.95,
        "sale_ratio": 1.0
      },
      {
        "yyyymm": "202411",
        "chnl_nm": "자사몰",
        "class3": "팬츠",
        "sale_amt": 1.42,
        "sale_ratio": 1.0
      },
      {
        "yyyymm": "202411",
        "chnl_nm": "자사몰",
        "class3": "맨투맨",
        "sale_amt": 1.34,
        "sale_ratio": 1.0
      },
      {
        "yyyymm": "202411",
        "chnl_nm": "자사몰",
        "class3": "방풍자켓",
        "sale_amt": 1.3,
        "sale_ratio": 1.0
      },
      {
        "yyyymm": "202411",
        "chnl_nm": "자사몰",
        "class3": "토드백",
        "sale_amt": 0.93,
        "sale_ratio": 0.0
      },
      {
        "yyyymm": "202411",
        "chnl_nm": "자사몰",
        "class3": "햇",
        "sale_amt": 0.93,
        "sale_ratio": 0.0
      },
      {
        "yyyymm": "202411",
        "chnl_nm": "자사몰",
        "class3": "트레이닝(하의)",
        "sale_amt": 0.81,
        "sale_ratio": 0.0
      },
      {
        "yyyymm": "202411",
        "chnl_nm": "자사몰",
        "class3": "신발",
        "sale_amt": 0.76,
        "sale_ratio": 0.0
      },
      {
        "yyyymm": "202411",
        "chnl_nm": "자사몰",
        "class3": "후드티",
        "sale_amt": 0.72,
        "sale_ratio": 0.0
      },
      {
        "yyyymm": "202411",
        "chnl_nm": "자사몰",
        "class3": "비니",
        "sale_amt": 0.66,
        "sale_ratio": 0.0
      },
      {
        "yyyymm": "202411",
        "chnl_nm": "자사몰",
        "class3": "트레이닝(상의)",
        "sale_amt": 0.52,
        "sale_ratio": 0.0
      },
      {
        "yyyymm": "202411",
        "chnl_nm": "자사몰",
        "class3": "원피스",
        "sale_amt": 0.49,
        "sale_ratio": 0.0
      },
      {
        "yyyymm": "202411",
        "chnl_nm": "자사몰",
        "class3": "소프트쉘",
        "sale_amt": 0.36,
        "sale_ratio": 0.0
      },
      {
        "yyyymm": "202411",
        "chnl_nm": "자사몰",
        "class3": "운동모",
        "sale_amt": 0.32,
        "sale_ratio": 0.0
      },
      {
        "yyyymm": "202411",
        "chnl_nm": "자사몰",
        "class3": "크로스백",
        "sale_amt": 0.27,
        "sale_ratio": 0.0
      },
      {
        "yyyymm": "202411",
        "chnl_nm": "자사몰",
        "class3": "장갑",
        "sale_amt": 0.27,
        "sale_ratio": 0.0
      },
      {
        "yyyymm": "202411",
        "chnl_nm": "자사몰",
        "class3": "집업티",
        "sale_amt": 0.25,
        "sale_ratio": 0.0
      },
      {
        "yyyymm": "202411",
        "chnl_nm": "자사몰",
        "class3": "선캡",
        "sale_amt": 0.21,
        "sale_ratio": 0.0
      },
      {
        "yyyymm": "202411",
        "chnl_nm": "자사몰",
        "class3": "양말",
        "sale_amt": 0.18,
        "sale_ratio": 0.0
      },
      {
        "yyyymm": "202411",
        "chnl_nm": "자사몰",
        "class3": "레깅스",
        "sale_amt": 0.14,
        "sale_ratio": 0.0
      },
      {
        "yyyymm": "202411",
        "chnl_nm": "자사몰",
        "class3": "반팔티셔츠",
        "sale_amt": 0.14,
        "sale_ratio": 0.0
      },
      {
        "yyyymm": "202411",
        "chnl_nm": "자사몰",
        "class3": "벨트백",
        "sale_amt": 0.13,
        "sale_ratio": 0.0
      },
      {
        "yyyymm": "202411",
        "chnl_nm": "자사몰",
        "class3": "다운 스카프",
        "sale_amt": 0.13,
        "sale_ratio": 0.0
      },
      {
        "yyyymm": "202411",
        "chnl_nm": "자사몰",
        "class3": "뮬",
        "sale_amt": 0.13,
        "sale_ratio": 0.0
      },
      {
        "yyyymm": "202411",
        "chnl_nm": "자사몰",
        "class3": "패딩",
        "sale_amt": 0.0,
        "sale_ratio": 0.0
      },
      {
        "yyyymm": "202411",
        "chnl_nm": "직영점",
        "class3": "다운점퍼",
        "sale_amt": 145.0,
        "sale_ratio": 79.0
      },
      {
        "yyyymm": "202411",
        "chnl_nm": "직영점",
        "class3": "반팔다운",
        "sale_amt": 19.45,
        "sale_ratio": 11.0
      },
      {
        "yyyymm": "202411",
        "chnl_nm": "직영점",
        "class3": "방한화",
        "sale_amt": 6.07,
        "sale_ratio": 3.0
      },
      {
        "yyyymm": "202411",
        "chnl_nm": "직영점",
        "class3": "팬츠",
        "sale_amt": 2.35,
        "sale_ratio": 1.0
      },
      {
        "yyyymm": "202411",
        "chnl_nm": "직영점",
        "class3": "다운베스트",
        "sale_amt": 2.17,
        "sale_ratio": 1.0
      },
      {
        "yyyymm": "202411",
        "chnl_nm": "직영점",
        "class3": "집업티",
        "sale_amt": 1.26,
        "sale_ratio": 1.0
      },
      {
        "yyyymm": "202411",
        "chnl_nm": "직영점",
        "class3": "니트풀오버",
        "sale_amt": 1.08,
        "sale_ratio": 1.0
      },
      {
        "yyyymm": "202411",
        "chnl_nm": "직영점",
        "class3": "방풍자켓",
        "sale_amt": 0.67,
        "sale_ratio": 0.0
      },
      {
        "yyyymm": "202411",
        "chnl_nm": "직영점",
        "class3": "크로스백",
        "sale_amt": 0.67,
        "sale_ratio": 0.0
      },
      {
        "yyyymm": "202411",
        "chnl_nm": "직영점",
        "class3": "방한모",
        "sale_amt": 0.64,
        "sale_ratio": 0.0
      },
      {
        "yyyymm": "202411",
        "chnl_nm": "직영점",
        "class3": "비니",
        "sale_amt": 0.64,
        "sale_ratio": 0.0
      },
      {
        "yyyymm": "202411",
        "chnl_nm": "직영점",
        "class3": "방수자켓",
        "sale_amt": 0.59,
        "sale_ratio": 0.0
      },
      {
        "yyyymm": "202411",
        "chnl_nm": "직영점",
        "class3": "햇",
        "sale_amt": 0.53,
        "sale_ratio": 0.0
      },
      {
        "yyyymm": "202411",
        "chnl_nm": "직영점",
        "class3": "소프트쉘",
        "sale_amt": 0.5,
        "sale_ratio": 0.0
      },
      {
        "yyyymm": "202411",
        "chnl_nm": "직영점",
        "class3": "트레이닝(상의)",
        "sale_amt": 0.49,
        "sale_ratio": 0.0
      },
      {
        "yyyymm": "202411",
        "chnl_nm": "직영점",
        "class3": "토드백",
        "sale_amt": 0.42,
        "sale_ratio": 0.0
      },
      {
        "yyyymm": "202411",
        "chnl_nm": "직영점",
        "class3": "반바지",
        "sale_amt": 0.42,
        "sale_ratio": 0.0
      },
      {
        "yyyymm": "202411",
        "chnl_nm": "직영점",
        "class3": "후드티",
        "sale_amt": 0.28,
        "sale_ratio": 0.0
      },
      {
        "yyyymm": "202411",
        "chnl_nm": "직영점",
        "class3": "백팩",
        "sale_amt": 0.22,
        "sale_ratio": 0.0
      },
      {
        "yyyymm": "202411",
        "chnl_nm": "직영점",
        "class3": "트레이닝(하의)",
        "sale_amt": 0.21,
        "sale_ratio": 0.0
      },
      {
        "yyyymm": "202411",
        "chnl_nm": "직영점",
        "class3": "레깅스",
        "sale_amt": 0.2,
        "sale_ratio": 0.0
      },
      {
        "yyyymm": "202411",
        "chnl_nm": "직영점",
        "class3": "장갑",
        "sale_amt": 0.16,
        "sale_ratio": 0.0
      },
      {
        "yyyymm": "202411",
        "chnl_nm": "직영점",
        "class3": "뮬",
        "sale_amt": 0.15,
        "sale_ratio": 0.0
      },
      {
        "yyyymm": "202411",
        "chnl_nm": "직영점",
        "class3": "선캡",
        "sale_amt": 0.11,
        "sale_ratio": 0.0
      },
      {
        "yyyymm": "202411",
        "chnl_nm": "직영점",
        "class3": "운동모",
        "sale_amt": 0.07,
        "sale_ratio": 0.0
      },
      {
        "yyyymm": "202411",
        "chnl_nm": "직영점",
        "class3": "맨투맨",
        "sale_amt": 0.0,
        "sale_ratio": 0.0
      },
      {
        "yyyymm": "202311",
        "chnl_nm": "백화점",
        "class3": "다운점퍼",
        "sale_amt": 724.2,
        "sale_ratio": 79.0
      },
      {
        "yyyymm": "202311",
        "chnl_nm": "백화점",
        "class3": "반팔다운",
        "sale_amt": 81.08,
        "sale_ratio": 9.0
      },
      {
        "yyyymm": "202311",
        "chnl_nm": "백화점",
        "class3": "다운베스트",
        "sale_amt": 62.73,
        "sale_ratio": 7.0
      },
      {
        "yyyymm": "202311",
        "chnl_nm": "백화점",
        "class3": "니트풀오버",
        "sale_amt": 8.59,
        "sale_ratio": 1.0
      },
      {
        "yyyymm": "202311",
        "chnl_nm": "백화점",
        "class3": "팬츠",
        "sale_amt": 6.85,
        "sale_ratio": 1.0
      },
      {
        "yyyymm": "202311",
        "chnl_nm": "백화점",
        "class3": "비니",
        "sale_amt": 5.15,
        "sale_ratio": 1.0
      },
      {
        "yyyymm": "202311",
        "chnl_nm": "백화점",
        "class3": "방한화",
        "sale_amt": 4.56,
        "sale_ratio": 0.0
      },
      {
        "yyyymm": "202311",
        "chnl_nm": "백화점",
        "class3": "스커트",
        "sale_amt": 4.51,
        "sale_ratio": 0.0
      },
      {
        "yyyymm": "202311",
        "chnl_nm": "백화점",
        "class3": "햇",
        "sale_amt": 3.91,
        "sale_ratio": 0.0
      },
      {
        "yyyymm": "202311",
        "chnl_nm": "백화점",
        "class3": "패딩",
        "sale_amt": 2.28,
        "sale_ratio": 0.0
      },
      {
        "yyyymm": "202311",
        "chnl_nm": "백화점",
        "class3": "트레이닝(상의)",
        "sale_amt": 2.0,
        "sale_ratio": 0.0
      },
      {
        "yyyymm": "202311",
        "chnl_nm": "백화점",
        "class3": "트레이닝(하의)",
        "sale_amt": 1.95,
        "sale_ratio": 0.0
      },
      {
        "yyyymm": "202311",
        "chnl_nm": "백화점",
        "class3": "다운 스카프",
        "sale_amt": 1.9,
        "sale_ratio": 0.0
      },
      {
        "yyyymm": "202311",
        "chnl_nm": "백화점",
        "class3": "운동모",
        "sale_amt": 1.86,
        "sale_ratio": 0.0
      },
      {
        "yyyymm": "202311",
        "chnl_nm": "백화점",
        "class3": "토드백",
        "sale_amt": 1.6,
        "sale_ratio": 0.0
      },
      {
        "yyyymm": "202311",
        "chnl_nm": "백화점",
        "class3": "후드티",
        "sale_amt": 1.44,
        "sale_ratio": 0.0
      },
      {
        "yyyymm": "202311",
        "chnl_nm": "백화점",
        "class3": "니트반팔티셔츠",
        "sale_amt": 0.99,
        "sale_ratio": 0.0
      },
      {
        "yyyymm": "202311",
        "chnl_nm": "백화점",
        "class3": "소프트쉘",
        "sale_amt": 0.92,
        "sale_ratio": 0.0
      },
      {
        "yyyymm": "202311",
        "chnl_nm": "백화점",
        "class3": "원피스",
        "sale_amt": 0.71,
        "sale_ratio": 0.0
      },
      {
        "yyyymm": "202311",
        "chnl_nm": "백화점",
        "class3": "레깅스",
        "sale_amt": 0.66,
        "sale_ratio": 0.0
      },
      {
        "yyyymm": "202311",
        "chnl_nm": "백화점",
        "class3": "힙색",
        "sale_amt": 0.62,
        "sale_ratio": 0.0
      },
      {
        "yyyymm": "202311",
        "chnl_nm": "백화점",
        "class3": "양말",
        "sale_amt": 0.45,
        "sale_ratio": 0.0
      },
      {
        "yyyymm": "202311",
        "chnl_nm": "백화점",
        "class3": "장갑",
        "sale_amt": 0.44,
        "sale_ratio": 0.0
      },
      {
        "yyyymm": "202311",
        "chnl_nm": "백화점",
        "class3": "트레이닝 숏팬츠",
        "sale_amt": 0.36,
        "sale_ratio": 0.0
      },
      {
        "yyyymm": "202311",
        "chnl_nm": "백화점",
        "class3": "가방",
        "sale_amt": 0.32,
        "sale_ratio": 0.0
      },
      {
        "yyyymm": "202311",
        "chnl_nm": "백화점",
        "class3": "기타가방",
        "sale_amt": 0.29,
        "sale_ratio": 0.0
      },
      {
        "yyyymm": "202311",
        "chnl_nm": "백화점",
        "class3": "선캡",
        "sale_amt": 0.27,
        "sale_ratio": 0.0
      },
      {
        "yyyymm": "202311",
        "chnl_nm": "백화점",
        "class3": "벨트백",
        "sale_amt": 0.26,
        "sale_ratio": 0.0
      },
      {
        "yyyymm": "202311",
        "chnl_nm": "백화점",
        "class3": "맨투맨",
        "sale_amt": 0.23,
        "sale_ratio": 0.0
      },
      {
        "yyyymm": "202311",
        "chnl_nm": "백화점",
        "class3": "크로스백",
        "sale_amt": 0.14,
        "sale_ratio": 0.0
      },
      {
        "yyyymm": "202311",
        "chnl_nm": "백화점",
        "class3": "방수자켓",
        "sale_amt": 0.09,
        "sale_ratio": 0.0
      },
      {
        "yyyymm": "202311",
        "chnl_nm": "백화점",
        "class3": "반팔카라티셔츠",
        "sale_amt": 0.0,
        "sale_ratio": 0.0
      },
      {
        "yyyymm": "202311",
        "chnl_nm": "백화점",
        "class3": "니트스커트",
        "sale_amt": 0.0,
        "sale_ratio": 0.0
      },
      {
        "yyyymm": "202311",
        "chnl_nm": "백화점",
        "class3": "방풍자켓",
        "sale_amt": -1.02,
        "sale_ratio": 0.0
      },
      {
        "yyyymm": "202311",
        "chnl_nm": "아울렛",
        "class3": "다운점퍼",
        "sale_amt": 435.15,
        "sale_ratio": 76.0
      },
      {
        "yyyymm": "202311",
        "chnl_nm": "아울렛",
        "class3": "다운베스트",
        "sale_amt": 64.07,
        "sale_ratio": 11.0
      },
      {
        "yyyymm": "202311",
        "chnl_nm": "아울렛",
        "class3": "반팔다운",
        "sale_amt": 43.91,
        "sale_ratio": 8.0
      },
      {
        "yyyymm": "202311",
        "chnl_nm": "아울렛",
        "class3": "트레이닝(하의)",
        "sale_amt": 4.39,
        "sale_ratio": 1.0
      },
      {
        "yyyymm": "202311",
        "chnl_nm": "아울렛",
        "class3": "니트풀오버",
        "sale_amt": 3.05,
        "sale_ratio": 1.0
      },
      {
        "yyyymm": "202311",
        "chnl_nm": "아울렛",
        "class3": "맨투맨",
        "sale_amt": 3.0,
        "sale_ratio": 1.0
      },
      {
        "yyyymm": "202311",
        "chnl_nm": "아울렛",
        "class3": "후드티",
        "sale_amt": 1.89,
        "sale_ratio": 0.0
      },
      {
        "yyyymm": "202311",
        "chnl_nm": "아울렛",
        "class3": "스커트",
        "sale_amt": 1.88,
        "sale_ratio": 0.0
      },
      {
        "yyyymm": "202311",
        "chnl_nm": "아울렛",
        "class3": "패딩",
        "sale_amt": 1.54,
        "sale_ratio": 0.0
      },
      {
        "yyyymm": "202311",
        "chnl_nm": "아울렛",
        "class3": "비니",
        "sale_amt": 1.34,
        "sale_ratio": 0.0
      },
      {
        "yyyymm": "202311",
        "chnl_nm": "아울렛",
        "class3": "햇",
        "sale_amt": 1.27,
        "sale_ratio": 0.0
      },
      {
        "yyyymm": "202311",
        "chnl_nm": "아울렛",
        "class3": "트레이닝(상의)",
        "sale_amt": 1.16,
        "sale_ratio": 0.0
      },
      {
        "yyyymm": "202311",
        "chnl_nm": "아울렛",
        "class3": "기타가방",
        "sale_amt": 1.02,
        "sale_ratio": 0.0
      },
      {
        "yyyymm": "202311",
        "chnl_nm": "아울렛",
        "class3": "토드백",
        "sale_amt": 0.89,
        "sale_ratio": 0.0
      },
      {
        "yyyymm": "202311",
        "chnl_nm": "아울렛",
        "class3": "다운 스카프",
        "sale_amt": 0.76,
        "sale_ratio": 0.0
      },
      {
        "yyyymm": "202311",
        "chnl_nm": "아울렛",
        "class3": "방한화",
        "sale_amt": 0.73,
        "sale_ratio": 0.0
      },
      {
        "yyyymm": "202311",
        "chnl_nm": "아울렛",
        "class3": "장갑",
        "sale_amt": 0.66,
        "sale_ratio": 0.0
      },
      {
        "yyyymm": "202311",
        "chnl_nm": "아울렛",
        "class3": "팬츠",
        "sale_amt": 0.63,
        "sale_ratio": 0.0
      },
      {
        "yyyymm": "202311",
        "chnl_nm": "아울렛",
        "class3": "반바지",
        "sale_amt": 0.61,
        "sale_ratio": 0.0
      },
      {
        "yyyymm": "202311",
        "chnl_nm": "아울렛",
        "class3": "운동모",
        "sale_amt": 0.42,
        "sale_ratio": 0.0
      },
      {
        "yyyymm": "202311",
        "chnl_nm": "아울렛",
        "class3": "소프트쉘",
        "sale_amt": 0.41,
        "sale_ratio": 0.0
      },
      {
        "yyyymm": "202311",
        "chnl_nm": "아울렛",
        "class3": "스웨트팬츠",
        "sale_amt": 0.39,
        "sale_ratio": 0.0
      },
      {
        "yyyymm": "202311",
        "chnl_nm": "아울렛",
        "class3": "보스톤백",
        "sale_amt": 0.27,
        "sale_ratio": 0.0
      },
      {
        "yyyymm": "202311",
        "chnl_nm": "아울렛",
        "class3": "가방",
        "sale_amt": 0.22,
        "sale_ratio": 0.0
      },
      {
        "yyyymm": "202311",
        "chnl_nm": "아울렛",
        "class3": "레깅스",
        "sale_amt": 0.22,
        "sale_ratio": 0.0
      },
      {
        "yyyymm": "202311",
        "chnl_nm": "아울렛",
        "class3": "라운드티",
        "sale_amt": 0.08,
        "sale_ratio": 0.0
      },
      {
        "yyyymm": "202311",
        "chnl_nm": "아울렛",
        "class3": "양말",
        "sale_amt": 0.05,
        "sale_ratio": 0.0
      },
      {
        "yyyymm": "202311",
        "chnl_nm": "아울렛",
        "class3": "반팔카라티셔츠",
        "sale_amt": -0.22,
        "sale_ratio": 0.0
      },
      {
        "yyyymm": "202311",
        "chnl_nm": "자사몰",
        "class3": "다운점퍼",
        "sale_amt": 74.7,
        "sale_ratio": 54.0
      },
      {
        "yyyymm": "202311",
        "chnl_nm": "자사몰",
        "class3": "방한화",
        "sale_amt": 19.1,
        "sale_ratio": 14.0
      },
      {
        "yyyymm": "202311",
        "chnl_nm": "자사몰",
        "class3": "반팔다운",
        "sale_amt": 14.38,
        "sale_ratio": 10.0
      },
      {
        "yyyymm": "202311",
        "chnl_nm": "자사몰",
        "class3": "다운베스트",
        "sale_amt": 8.18,
        "sale_ratio": 6.0
      },
      {
        "yyyymm": "202311",
        "chnl_nm": "자사몰",
        "class3": "레깅스",
        "sale_amt": 3.78,
        "sale_ratio": 3.0
      },
      {
        "yyyymm": "202311",
        "chnl_nm": "자사몰",
        "class3": "니트풀오버",
        "sale_amt": 2.96,
        "sale_ratio": 2.0
      },
      {
        "yyyymm": "202311",
        "chnl_nm": "자사몰",
        "class3": "방풍자켓",
        "sale_amt": 1.68,
        "sale_ratio": 1.0
      },
      {
        "yyyymm": "202311",
        "chnl_nm": "자사몰",
        "class3": "토드백",
        "sale_amt": 1.63,
        "sale_ratio": 1.0
      },
      {
        "yyyymm": "202311",
        "chnl_nm": "자사몰",
        "class3": "스커트",
        "sale_amt": 1.57,
        "sale_ratio": 1.0
      },
      {
        "yyyymm": "202311",
        "chnl_nm": "자사몰",
        "class3": "비니",
        "sale_amt": 1.25,
        "sale_ratio": 1.0
      },
      {
        "yyyymm": "202311",
        "chnl_nm": "자사몰",
        "class3": "패딩",
        "sale_amt": 0.99,
        "sale_ratio": 1.0
      },
      {
        "yyyymm": "202311",
        "chnl_nm": "자사몰",
        "class3": "팬츠",
        "sale_amt": 0.98,
        "sale_ratio": 1.0
      },
      {
        "yyyymm": "202311",
        "chnl_nm": "자사몰",
        "class3": "운동모",
        "sale_amt": 0.97,
        "sale_ratio": 1.0
      },
      {
        "yyyymm": "202311",
        "chnl_nm": "자사몰",
        "class3": "소프트쉘",
        "sale_amt": 0.89,
        "sale_ratio": 1.0
      },
      {
        "yyyymm": "202311",
        "chnl_nm": "자사몰",
        "class3": "다운 스카프",
        "sale_amt": 0.87,
        "sale_ratio": 1.0
      },
      {
        "yyyymm": "202311",
        "chnl_nm": "자사몰",
        "class3": "후드티",
        "sale_amt": 0.87,
        "sale_ratio": 1.0
      },
      {
        "yyyymm": "202311",
        "chnl_nm": "자사몰",
        "class3": "양말",
        "sale_amt": 0.76,
        "sale_ratio": 1.0
      },
      {
        "yyyymm": "202311",
        "chnl_nm": "자사몰",
        "class3": "트레이닝(상의)",
        "sale_amt": 0.54,
        "sale_ratio": 0.0
      },
      {
        "yyyymm": "202311",
        "chnl_nm": "자사몰",
        "class3": "햇",
        "sale_amt": 0.46,
        "sale_ratio": 0.0
      },
      {
        "yyyymm": "202311",
        "chnl_nm": "자사몰",
        "class3": "트레이닝(하의)",
        "sale_amt": 0.45,
        "sale_ratio": 0.0
      },
      {
        "yyyymm": "202311",
        "chnl_nm": "자사몰",
        "class3": "선캡",
        "sale_amt": 0.34,
        "sale_ratio": 0.0
      },
      {
        "yyyymm": "202311",
        "chnl_nm": "자사몰",
        "class3": "기타가방",
        "sale_amt": 0.32,
        "sale_ratio": 0.0
      },
      {
        "yyyymm": "202311",
        "chnl_nm": "자사몰",
        "class3": "벨트백",
        "sale_amt": 0.28,
        "sale_ratio": 0.0
      },
      {
        "yyyymm": "202311",
        "chnl_nm": "자사몰",
        "class3": "반팔카라티셔츠",
        "sale_amt": 0.28,
        "sale_ratio": 0.0
      },
      {
        "yyyymm": "202311",
        "chnl_nm": "자사몰",
        "class3": "장갑",
        "sale_amt": 0.25,
        "sale_ratio": 0.0
      },
      {
        "yyyymm": "202311",
        "chnl_nm": "직영점",
        "class3": "다운점퍼",
        "sale_amt": 118.02,
        "sale_ratio": 89.0
      },
      {
        "yyyymm": "202311",
        "chnl_nm": "직영점",
        "class3": "반팔다운",
        "sale_amt": 8.7,
        "sale_ratio": 7.0
      },
      {
        "yyyymm": "202311",
        "chnl_nm": "직영점",
        "class3": "다운베스트",
        "sale_amt": 2.42,
        "sale_ratio": 2.0
      },
      {
        "yyyymm": "202311",
        "chnl_nm": "직영점",
        "class3": "비니",
        "sale_amt": 1.02,
        "sale_ratio": 1.0
      },
      {
        "yyyymm": "202311",
        "chnl_nm": "직영점",
        "class3": "니트풀오버",
        "sale_amt": 0.92,
        "sale_ratio": 1.0
      },
      {
        "yyyymm": "202311",
        "chnl_nm": "직영점",
        "class3": "방한화",
        "sale_amt": 0.9,
        "sale_ratio": 1.0
      },
      {
        "yyyymm": "202311",
        "chnl_nm": "직영점",
        "class3": "햇",
        "sale_amt": 0.58,
        "sale_ratio": 0.0
      },
      {
        "yyyymm": "202311",
        "chnl_nm": "직영점",
        "class3": "팬츠",
        "sale_amt": 0.44,
        "sale_ratio": 0.0
      },
      {
        "yyyymm": "202311",
        "chnl_nm": "직영점",
        "class3": "토드백",
        "sale_amt": 0.29,
        "sale_ratio": 0.0
      },
      {
        "yyyymm": "202311",
        "chnl_nm": "제휴몰",
        "class3": "다운점퍼",
        "sale_amt": 90.14,
        "sale_ratio": 72.0
      },
      {
        "yyyymm": "202311",
        "chnl_nm": "제휴몰",
        "class3": "반팔다운",
        "sale_amt": 10.4,
        "sale_ratio": 8.0
      },
      {
        "yyyymm": "202311",
        "chnl_nm": "제휴몰",
        "class3": "다운베스트",
        "sale_amt": 8.52,
        "sale_ratio": 7.0
      },
      {
        "yyyymm": "202311",
        "chnl_nm": "제휴몰",
        "class3": "팬츠",
        "sale_amt": 2.94,
        "sale_ratio": 2.0
      },
      {
        "yyyymm": "202311",
        "chnl_nm": "제휴몰",
        "class3": "토드백",
        "sale_amt": 2.21,
        "sale_ratio": 2.0
      },
      {
        "yyyymm": "202311",
        "chnl_nm": "제휴몰",
        "class3": "방풍자켓",
        "sale_amt": 2.14,
        "sale_ratio": 2.0
      },
      {
        "yyyymm": "202311",
        "chnl_nm": "제휴몰",
        "class3": "스커트",
        "sale_amt": 1.57,
        "sale_ratio": 1.0
      },
      {
        "yyyymm": "202311",
        "chnl_nm": "제휴몰",
        "class3": "니트풀오버",
        "sale_amt": 1.39,
        "sale_ratio": 1.0
      },
      {
        "yyyymm": "202311",
        "chnl_nm": "제휴몰",
        "class3": "반팔카라티셔츠",
        "sale_amt": 1.01,
        "sale_ratio": 1.0
      },
      {
        "yyyymm": "202311",
        "chnl_nm": "제휴몰",
        "class3": "비니",
        "sale_amt": 0.69,
        "sale_ratio": 1.0
      },
      {
        "yyyymm": "202311",
        "chnl_nm": "제휴몰",
        "class3": "소프트쉘",
        "sale_amt": 0.62,
        "sale_ratio": 0.0
      },
      {
        "yyyymm": "202311",
        "chnl_nm": "제휴몰",
        "class3": "맨투맨",
        "sale_amt": 0.6,
        "sale_ratio": 0.0
      },
      {
        "yyyymm": "202311",
        "chnl_nm": "제휴몰",
        "class3": "트레이닝(상의)",
        "sale_amt": 0.56,
        "sale_ratio": 0.0
      },
      {
        "yyyymm": "202311",
        "chnl_nm": "제휴몰",
        "class3": "패딩",
        "sale_amt": 0.55,
        "sale_ratio": 0.0
      },
      {
        "yyyymm": "202311",
        "chnl_nm": "제휴몰",
        "class3": "방한화",
        "sale_amt": 0.52,
        "sale_ratio": 0.0
      },
      {
        "yyyymm": "202311",
        "chnl_nm": "제휴몰",
        "class3": "양말",
        "sale_amt": 0.47,
        "sale_ratio": 0.0
      },
      {
        "yyyymm": "202311",
        "chnl_nm": "제휴몰",
        "class3": "운동모",
        "sale_amt": 0.35,
        "sale_ratio": 0.0
      },
      {
        "yyyymm": "202311",
        "chnl_nm": "제휴몰",
        "class3": "기타가방",
        "sale_amt": 0.32,
        "sale_ratio": 0.0
      },
      {
        "yyyymm": "202311",
        "chnl_nm": "제휴몰",
        "class3": "선캡",
        "sale_amt": 0.3,
        "sale_ratio": 0.0
      },
      {
        "yyyymm": "202311",
        "chnl_nm": "제휴몰",
        "class3": "벨트백",
        "sale_amt": 0.29,
        "sale_ratio": 0.0
      },
      {
        "yyyymm": "202311",
        "chnl_nm": "제휴몰",
        "class3": "햇",
        "sale_amt": 0.19,
        "sale_ratio": 0.0
      },
      {
        "yyyymm": "202311",
        "chnl_nm": "제휴몰",
        "class3": "장갑",
        "sale_amt": 0.19,
        "sale_ratio": 0.0
      },
      {
        "yyyymm": "202311",
        "chnl_nm": "제휴몰",
        "class3": "니트반팔티셔츠",
        "sale_amt": 0.0,
        "sale_ratio": 0.0
      },
      {
        "yyyymm": "202311",
        "chnl_nm": "제휴몰",
        "class3": "다운 스카프",
        "sale_amt": 0.0,
        "sale_ratio": 0.0
      },
      {
        "yyyymm": "202311",
        "chnl_nm": "제휴몰",
        "class3": "트레이닝(하의)",
        "sale_amt": 0.0,
        "sale_ratio": 0.0
      },
      {
        "yyyymm": "202311",
        "chnl_nm": "제휴몰",
        "class3": "레깅스",
        "sale_amt": -0.22,
        "sale_ratio": 0.0
      },
      {
        "yyyymm": "202311",
        "chnl_nm": "제휴몰",
        "class3": "베스트",
        "sale_amt": -0.37,
        "sale_ratio": 0.0
      }
    ]
  }
}