{
  "country": "KR",
  "brand_cd": "W",
  "brand_name": "SUPRA",
  "yyyymm": "202408",
  "yyyymm_py": "202308",
  "key": "월별아이템별매출추세",
  "analysis_data": {
    "title": "아이템별 매출 종합분석 (당해 1월~현재월)",
    "sections": [
      {
        "div": "종합분석-1",
        "sub_title": "시즌 트렌드",
        "ai_text": "• 23F 의류는 171백만원으로 1-4월 집중 판매 후 자연 소진되어 계절성 트렌드를 보였으며, 전년 대비 782.1% 성장\n• 24S 의류는 859백만원으로 전체 매출의 46.6%를 차지하며 3-4월 피크(366백만원) 후 점진적 감소 추이를 보이고, 전년 대비 1,908.4% 급성장\n• 과시즌 의류는 156백만원으로 1월 집중(65백만원) 후 지속적 감소세를 보이나 전년 대비 2,686.6% 폭증하여 연중 수요 확대 가능성 시사"
      },
      {
        "div": "종합분석-2",
        "sub_title": "카테고리",
        "ai_text": "• 모자는 98백만원으로 3-5월 성수기(52백만원) 집중 후 안정적 판매를 유지하며 전년 대비 5,290.4% 폭증으로 신규 성장 동력 확인\n• 신발은 386백만원으로 전체의 20.9%를 차지하며 월평균 48백만원의 꾸준한 판매력을 보여 핵심 카테고리로 자리매김\n• 가방은 65백만원으로 3-4월 피크(24백만원) 후 하락세이나 전년 대비 4,142.8% 성장으로 잠재력 보유, 기타ACC는 11백만원으로 소규모 유지"
      },
      {
        "div": "종합분석-3",
        "sub_title": "핵심액션",
        "ai_text": "• 24S 의류의 7-8월 매출 하락(154백만원→60백만원) 대응을 위해 여름 시즌 연장 프로모션과 조기 가을 시즌 상품 런칭으로 매출 공백 최소화\n• 신발 카테고리의 안정적 성과(월평균 48백만원)를 활용하여 시즌별 신발 라인업 확대 및 크로스셀링을 통한 객단가 상승 전략 추진\n• 모자·가방의 폭발적 성장률(5,290.4%, 4,142.8%)을 기반으로 ACC 카테고리 집중 마케팅 및 번들 상품 구성을 통한 신규 고객 유입 확대"
      }
    ]
  },
  "summary": {
    "total_sales": 1844.0,
    "unique_months": 8,
    "analysis_period": "2024년 01월 ~ 2024년 08월"
  },
  "season_items": [
    {
      "name": "24S 의류",
      "total_sales": 859.0,
      "months": {
        "01": 3.0,
        "02": 28.0,
        "03": 163.0,
        "04": 203.0,
        "05": 179.0,
        "06": 129.0,
        "07": 94.0,
        "08": 60.0
      },
      "avg_ratio": 42.5,
      "avg_yoy": 1908.375
    },
    {
      "name": "23F 의류",
      "total_sales": 171.0,
      "months": {
        "01": 70.0,
        "02": 44.0,
        "03": 28.0,
        "04": 15.0,
        "05": 9.0,
        "06": 5.0,
        "07": 0.0,
        "08": 0.0
      },
      "avg_ratio": 11.0,
      "avg_yoy": 782.125
    },
    {
      "name": "과시즌 의류",
      "total_sales": 156.0,
      "months": {
        "01": 65.0,
        "02": 20.0,
        "03": 20.0,
        "04": 27.0,
        "05": 9.0,
        "06": 4.0,
        "07": 9.0,
        "08": 2.0
      },
      "avg_ratio": 9.25,
      "avg_yoy": 2686.625
    }
  ],
  "category_items": [
    {
      "name": "신발",
      "total_sales": 386.0,
      "months": {
        "01": 46.0,
        "02": 28.0,
        "03": 46.0,
        "04": 51.0,
        "05": 55.0,
        "06": 51.0,
        "07": 58.0,
        "08": 51.0
      },
      "avg_ratio": 21.875,
      "avg_yoy": 864.625
    },
    {
      "name": "모자",
      "total_sales": 98.0,
      "months": {
        "01": 6.0,
        "02": 7.0,
        "03": 17.0,
        "04": 16.0,
        "05": 19.0,
        "06": 11.0,
        "07": 11.0,
        "08": 11.0
      },
      "avg_ratio": 5.25,
      "avg_yoy": 5290.375
    },
    {
      "name": "가방",
      "total_sales": 65.0,
      "months": {
        "01": 7.0,
        "02": 7.0,
        "03": 13.0,
        "04": 11.0,
        "05": 10.0,
        "06": 7.0,
        "07": 5.0,
        "08": 5.0
      },
      "avg_ratio": 3.5,
      "avg_yoy": 4142.75
    },
    {
      "name": "기타ACC",
      "total_sales": 11.0,
      "months": {
        "01": 1.0,
        "02": 1.0,
        "03": 3.0,
        "04": 1.0,
        "05": 2.0,
        "06": 1.0,
        "07": 1.0,
        "08": 1.0
      },
      "avg_ratio": 0.625,
      "avg_yoy": 733.75
    }
  ],
  "raw_data": {
    "sample_records": [
      {
        "MONTH": "01",
        "CHNL_NM": "전체",
        "SALE_AMT": 198.0,
        "RATIO": 100.0,
        "YOY": 2614.0,
        "SEQ": 1
      },
      {
        "MONTH": "01",
        "CHNL_NM": "직영기타",
        "SALE_AMT": 68.0,
        "RATIO": 34.0,
        "YOY": 0.0,
        "SEQ": 2
      },
      {
        "MONTH": "01",
        "CHNL_NM": "제휴몰",
        "SALE_AMT": 16.0,
        "RATIO": 8.0,
        "YOY": 2303.0,
        "SEQ": 2
      },
      {
        "MONTH": "01",
        "CHNL_NM": "자사몰",
        "SALE_AMT": 12.0,
        "RATIO": 6.0,
        "YOY": 180.0,
        "SEQ": 2
      },
      {
        "MONTH": "01",
        "CHNL_NM": "면세점",
        "SALE_AMT": 101.0,
        "RATIO": 51.0,
        "YOY": 0.0,
        "SEQ": 2
      },
      {
        "MONTH": "01",
        "CHNL_NM": "24S 의류",
        "SALE_AMT": 3.0,
        "RATIO": 2.0,
        "YOY": 0.0,
        "SEQ": 3
      },
      {
        "MONTH": "01",
        "CHNL_NM": "23F 의류",
        "SALE_AMT": 70.0,
        "RATIO": 35.0,
        "YOY": 973.0,
        "SEQ": 3
      },
      {
        "MONTH": "01",
        "CHNL_NM": "과시즌 의류",
        "SALE_AMT": 65.0,
        "RATIO": 33.0,
        "YOY": 16292.0,
        "SEQ": 3
      },
      {
        "MONTH": "01",
        "CHNL_NM": "모자",
        "SALE_AMT": 6.0,
        "RATIO": 3.0,
        "YOY": 0.0,
        "SEQ": 3
      },
      {
        "MONTH": "01",
        "CHNL_NM": "신발",
        "SALE_AMT": 46.0,
        "RATIO": 23.0,
        "YOY": 0.0,
        "SEQ": 3
      },
      {
        "MONTH": "01",
        "CHNL_NM": "가방",
        "SALE_AMT": 7.0,
        "RATIO": 4.0,
        "YOY": 0.0,
        "SEQ": 3
      },
      {
        "MONTH": "01",
        "CHNL_NM": "기타ACC",
        "SALE_AMT": 1.0,
        "RATIO": 0.0,
        "YOY": 0.0,
        "SEQ": 3
      },
      {
        "MONTH": "02",
        "CHNL_NM": "전체",
        "SALE_AMT": 134.0,
        "RATIO": 100.0,
        "YOY": 2937.0,
        "SEQ": 1
      },
      {
        "MONTH": "02",
        "CHNL_NM": "직영기타",
        "SALE_AMT": 94.0,
        "RATIO": 70.0,
        "YOY": 0.0,
        "SEQ": 2
      },
      {
        "MONTH": "02",
        "CHNL_NM": "제휴몰",
        "SALE_AMT": 7.0,
        "RATIO": 5.0,
        "YOY": 244.0,
        "SEQ": 2
      },
      {
        "MONTH": "02",
        "CHNL_NM": "자사몰",
        "SALE_AMT": 3.0,
        "RATIO": 2.0,
        "YOY": 172.0,
        "SEQ": 2
      },
      {
        "MONTH": "02",
        "CHNL_NM": "면세점",
        "SALE_AMT": 31.0,
        "RATIO": 23.0,
        "YOY": 0.0,
        "SEQ": 2
      },
      {
        "MONTH": "02",
        "CHNL_NM": "24S 의류",
        "SALE_AMT": 28.0,
        "RATIO": 21.0,
        "YOY": 5797.0,
        "SEQ": 3
      },
      {
        "MONTH": "02",
        "CHNL_NM": "23F 의류",
        "SALE_AMT": 44.0,
        "RATIO": 33.0,
        "YOY": 1748.0,
        "SEQ": 3
      },
      {
        "MONTH": "02",
        "CHNL_NM": "과시즌 의류",
        "SALE_AMT": 20.0,
        "RATIO": 15.0,
        "YOY": 1440.0,
        "SEQ": 3
      },
      {
        "MONTH": "02",
        "CHNL_NM": "모자",
        "SALE_AMT": 7.0,
        "RATIO": 5.0,
        "YOY": 5928.0,
        "SEQ": 3
      },
      {
        "MONTH": "02",
        "CHNL_NM": "신발",
        "SALE_AMT": 28.0,
        "RATIO": 21.0,
        "YOY": 0.0,
        "SEQ": 3
      },
      {
        "MONTH": "02",
        "CHNL_NM": "가방",
        "SALE_AMT": 7.0,
        "RATIO": 5.0,
        "YOY": 13727.0,
        "SEQ": 3
      },
      {
        "MONTH": "02",
        "CHNL_NM": "기타ACC",
        "SALE_AMT": 1.0,
        "RATIO": 0.0,
        "YOY": 0.0,
        "SEQ": 3
      },
      {
        "MONTH": "03",
        "CHNL_NM": "전체",
        "SALE_AMT": 290.0,
        "RATIO": 100.0,
        "YOY": 3716.0,
        "SEQ": 1
      },
      {
        "MONTH": "03",
        "CHNL_NM": "직영기타",
        "SALE_AMT": 169.0,
        "RATIO": 58.0,
        "YOY": 0.0,
        "SEQ": 2
      },
      {
        "MONTH": "03",
        "CHNL_NM": "제휴몰",
        "SALE_AMT": 16.0,
        "RATIO": 6.0,
        "YOY": 332.0,
        "SEQ": 2
      },
      {
        "MONTH": "03",
        "CHNL_NM": "자사몰",
        "SALE_AMT": 5.0,
        "RATIO": 2.0,
        "YOY": 180.0,
        "SEQ": 2
      },
      {
        "MONTH": "03",
        "CHNL_NM": "면세점",
        "SALE_AMT": 99.0,
        "RATIO": 34.0,
        "YOY": 0.0,
        "SEQ": 2
      },
      {
        "MONTH": "03",
        "CHNL_NM": "24S 의류",
        "SALE_AMT": 163.0,
        "RATIO": 56.0,
        "YOY": 5164.0,
        "SEQ": 3
      },
      {
        "MONTH": "03",
        "CHNL_NM": "23F 의류",
        "SALE_AMT": 28.0,
        "RATIO": 10.0,
        "YOY": 1562.0,
        "SEQ": 3
      },
      {
        "MONTH": "03",
        "CHNL_NM": "과시즌 의류",
        "SALE_AMT": 20.0,
        "RATIO": 7.0,
        "YOY": 1153.0,
        "SEQ": 3
      },
      {
        "MONTH": "03",
        "CHNL_NM": "모자",
        "SALE_AMT": 17.0,
        "RATIO": 6.0,
        "YOY": 28013.0,
        "SEQ": 3
      },
      {
        "MONTH": "03",
        "CHNL_NM": "신발",
        "SALE_AMT": 46.0,
        "RATIO": 16.0,
        "YOY": 5097.0,
        "SEQ": 3
      },
      {
        "MONTH": "03",
        "CHNL_NM": "가방",
        "SALE_AMT": 13.0,
        "RATIO": 4.0,
        "YOY": 8532.0,
        "SEQ": 3
      },
      {
        "MONTH": "03",
        "CHNL_NM": "기타ACC",
        "SALE_AMT": 3.0,
        "RATIO": 1.0,
        "YOY": 0.0,
        "SEQ": 3
      },
      {
        "MONTH": "04",
        "CHNL_NM": "전체",
        "SALE_AMT": 327.0,
        "RATIO": 100.0,
        "YOY": 1767.0,
        "SEQ": 1
      },
      {
        "MONTH": "04",
        "CHNL_NM": "백화점",
        "SALE_AMT": 0.0,
        "RATIO": 0.0,
        "YOY": 0.0,
        "SEQ": 2
      },
      {
        "MONTH": "04",
        "CHNL_NM": "직영기타",
        "SALE_AMT": 131.0,
        "RATIO": 40.0,
        "YOY": 0.0,
        "SEQ": 2
      },
      {
        "MONTH": "04",
        "CHNL_NM": "제휴몰",
        "SALE_AMT": 19.0,
        "RATIO": 6.0,
        "YOY": 432.0,
        "SEQ": 2
      },
      {
        "MONTH": "04",
        "CHNL_NM": "자사몰",
        "SALE_AMT": 6.0,
        "RATIO": 2.0,
        "YOY": 83.0,
        "SEQ": 2
      },
      {
        "MONTH": "04",
        "CHNL_NM": "면세점",
        "SALE_AMT": 170.0,
        "RATIO": 52.0,
        "YOY": 0.0,
        "SEQ": 2
      },
      {
        "MONTH": "04",
        "CHNL_NM": "24S 의류",
        "SALE_AMT": 203.0,
        "RATIO": 62.0,
        "YOY": 1993.0,
        "SEQ": 3
      },
      {
        "MONTH": "04",
        "CHNL_NM": "23F 의류",
        "SALE_AMT": 15.0,
        "RATIO": 5.0,
        "YOY": 1626.0,
        "SEQ": 3
      },
      {
        "MONTH": "04",
        "CHNL_NM": "과시즌 의류",
        "SALE_AMT": 27.0,
        "RATIO": 8.0,
        "YOY": 2362.0,
        "SEQ": 3
      },
      {
        "MONTH": "04",
        "CHNL_NM": "모자",
        "SALE_AMT": 16.0,
        "RATIO": 5.0,
        "YOY": 3301.0,
        "SEQ": 3
      },
      {
        "MONTH": "04",
        "CHNL_NM": "신발",
        "SALE_AMT": 51.0,
        "RATIO": 16.0,
        "YOY": 895.0,
        "SEQ": 3
      },
      {
        "MONTH": "04",
        "CHNL_NM": "가방",
        "SALE_AMT": 11.0,
        "RATIO": 3.0,
        "YOY": 0.0,
        "SEQ": 3
      },
      {
        "MONTH": "04",
        "CHNL_NM": "기타ACC",
        "SALE_AMT": 1.0,
        "RATIO": 0.0,
        "YOY": 2060.0,
        "SEQ": 3
      },
      {
        "MONTH": "04",
        "CHNL_NM": "차기시즌 의류",
        "SALE_AMT": 2.0,
        "RATIO": 1.0,
        "YOY": 0.0,
        "SEQ": 3
      },
      {
        "MONTH": "05",
        "CHNL_NM": "전체",
        "SALE_AMT": 300.0,
        "RATIO": 100.0,
        "YOY": 533.0,
        "SEQ": 1
      },
      {
        "MONTH": "05",
        "CHNL_NM": "백화점",
        "SALE_AMT": 0.0,
        "RATIO": 0.0,
        "YOY": 0.0,
        "SEQ": 2
      },
      {
        "MONTH": "05",
        "CHNL_NM": "직영기타",
        "SALE_AMT": 171.0,
        "RATIO": 57.0,
        "YOY": 0.0,
        "SEQ": 2
      },
      {
        "MONTH": "05",
        "CHNL_NM": "제휴몰",
        "SALE_AMT": 23.0,
        "RATIO": 8.0,
        "YOY": 691.0,
        "SEQ": 2
      },
      {
        "MONTH": "05",
        "CHNL_NM": "자사몰",
        "SALE_AMT": 14.0,
        "RATIO": 5.0,
        "YOY": 158.0,
        "SEQ": 2
      },
      {
        "MONTH": "05",
        "CHNL_NM": "면세점",
        "SALE_AMT": 92.0,
        "RATIO": 31.0,
        "YOY": 322.0,
        "SEQ": 2
      },
      {
        "MONTH": "05",
        "CHNL_NM": "24S 의류",
        "SALE_AMT": 179.0,
        "RATIO": 60.0,
        "YOY": 712.0,
        "SEQ": 3
      },
      {
        "MONTH": "05",
        "CHNL_NM": "23F 의류",
        "SALE_AMT": 9.0,
        "RATIO": 3.0,
        "YOY": 253.0,
        "SEQ": 3
      },
      {
        "MONTH": "05",
        "CHNL_NM": "과시즌 의류",
        "SALE_AMT": 9.0,
        "RATIO": 3.0,
        "YOY": 132.0,
        "SEQ": 3
      },
      {
        "MONTH": "05",
        "CHNL_NM": "모자",
        "SALE_AMT": 19.0,
        "RATIO": 6.0,
        "YOY": 2443.0,
        "SEQ": 3
      },
      {
        "MONTH": "05",
        "CHNL_NM": "신발",
        "SALE_AMT": 55.0,
        "RATIO": 18.0,
        "YOY": 278.0,
        "SEQ": 3
      },
      {
        "MONTH": "05",
        "CHNL_NM": "가방",
        "SALE_AMT": 10.0,
        "RATIO": 3.0,
        "YOY": 0.0,
        "SEQ": 3
      },
      {
        "MONTH": "05",
        "CHNL_NM": "기타ACC",
        "SALE_AMT": 2.0,
        "RATIO": 1.0,
        "YOY": 1823.0,
        "SEQ": 3
      },
      {
        "MONTH": "05",
        "CHNL_NM": "차기시즌 의류",
        "SALE_AMT": 17.0,
        "RATIO": 6.0,
        "YOY": 0.0,
        "SEQ": 3
      },
      {
        "MONTH": "06",
        "CHNL_NM": "전체",
        "SALE_AMT": 220.0,
        "RATIO": 100.0,
        "YOY": 285.0,
        "SEQ": 1
      },
      {
        "MONTH": "06",
        "CHNL_NM": "백화점",
        "SALE_AMT": 0.0,
        "RATIO": 0.0,
        "YOY": 0.0,
        "SEQ": 2
      },
      {
        "MONTH": "06",
        "CHNL_NM": "직영기타",
        "SALE_AMT": 138.0,
        "RATIO": 63.0,
        "YOY": 0.0,
        "SEQ": 2
      },
      {
        "MONTH": "06",
        "CHNL_NM": "제휴몰",
        "SALE_AMT": 20.0,
        "RATIO": 9.0,
        "YOY": 264.0,
        "SEQ": 2
      },
      {
        "MONTH": "06",
        "CHNL_NM": "자사몰",
        "SALE_AMT": 13.0,
        "RATIO": 6.0,
        "YOY": 150.0,
        "SEQ": 2
      },
      {
        "MONTH": "06",
        "CHNL_NM": "면세점",
        "SALE_AMT": 48.0,
        "RATIO": 22.0,
        "YOY": 95.0,
        "SEQ": 2
      },
      {
        "MONTH": "06",
        "CHNL_NM": "24S 의류",
        "SALE_AMT": 129.0,
        "RATIO": 58.0,
        "YOY": 533.0,
        "SEQ": 3
      },
      {
        "MONTH": "06",
        "CHNL_NM": "23F 의류",
        "SALE_AMT": 5.0,
        "RATIO": 2.0,
        "YOY": 95.0,
        "SEQ": 3
      },
      {
        "MONTH": "06",
        "CHNL_NM": "과시즌 의류",
        "SALE_AMT": 4.0,
        "RATIO": 2.0,
        "YOY": 23.0,
        "SEQ": 3
      },
      {
        "MONTH": "06",
        "CHNL_NM": "모자",
        "SALE_AMT": 11.0,
        "RATIO": 5.0,
        "YOY": 1342.0,
        "SEQ": 3
      },
      {
        "MONTH": "06",
        "CHNL_NM": "신발",
        "SALE_AMT": 51.0,
        "RATIO": 23.0,
        "YOY": 170.0,
        "SEQ": 3
      },
      {
        "MONTH": "06",
        "CHNL_NM": "가방",
        "SALE_AMT": 7.0,
        "RATIO": 3.0,
        "YOY": 0.0,
        "SEQ": 3
      },
      {
        "MONTH": "06",
        "CHNL_NM": "기타ACC",
        "SALE_AMT": 1.0,
        "RATIO": 1.0,
        "YOY": 492.0,
        "SEQ": 3
      },
      {
        "MONTH": "06",
        "CHNL_NM": "차기시즌 의류",
        "SALE_AMT": 13.0,
        "RATIO": 6.0,
        "YOY": 0.0,
        "SEQ": 3
      },
      {
        "MONTH": "07",
        "CHNL_NM": "전체",
        "SALE_AMT": 203.0,
        "RATIO": 100.0,
        "YOY": 340.0,
        "SEQ": 1
      },
      {
        "MONTH": "07",
        "CHNL_NM": "백화점",
        "SALE_AMT": 0.0,
        "RATIO": 0.0,
        "YOY": 0.0,
        "SEQ": 2
      },
      {
        "MONTH": "07",
        "CHNL_NM": "직영기타",
        "SALE_AMT": 105.0,
        "RATIO": 52.0,
        "YOY": 0.0,
        "SEQ": 2
      },
      {
        "MONTH": "07",
        "CHNL_NM": "제휴몰",
        "SALE_AMT": 23.0,
        "RATIO": 11.0,
        "YOY": 411.0,
        "SEQ": 2
      },
      {
        "MONTH": "07",
        "CHNL_NM": "자사몰",
        "SALE_AMT": 11.0,
        "RATIO": 5.0,
        "YOY": 130.0,
        "SEQ": 2
      },
      {
        "MONTH": "07",
        "CHNL_NM": "면세점",
        "SALE_AMT": 65.0,
        "RATIO": 32.0,
        "YOY": 187.0,
        "SEQ": 2
      },
      {
        "MONTH": "07",
        "CHNL_NM": "24S 의류",
        "SALE_AMT": 94.0,
        "RATIO": 46.0,
        "YOY": 613.0,
        "SEQ": 3
      },
      {
        "MONTH": "07",
        "CHNL_NM": "23F 의류",
        "SALE_AMT": 0.0,
        "RATIO": 0.0,
        "YOY": -3.0,
        "SEQ": 3
      },
      {
        "MONTH": "07",
        "CHNL_NM": "과시즌 의류",
        "SALE_AMT": 9.0,
        "RATIO": 5.0,
        "YOY": 69.0,
        "SEQ": 3
      },
      {
        "MONTH": "07",
        "CHNL_NM": "모자",
        "SALE_AMT": 11.0,
        "RATIO": 6.0,
        "YOY": 607.0,
        "SEQ": 3
      },
      {
        "MONTH": "07",
        "CHNL_NM": "신발",
        "SALE_AMT": 58.0,
        "RATIO": 29.0,
        "YOY": 221.0,
        "SEQ": 3
      },
      {
        "MONTH": "07",
        "CHNL_NM": "가방",
        "SALE_AMT": 5.0,
        "RATIO": 3.0,
        "YOY": 10883.0,
        "SEQ": 3
      },
      {
        "MONTH": "07",
        "CHNL_NM": "기타ACC",
        "SALE_AMT": 1.0,
        "RATIO": 1.0,
        "YOY": 885.0,
        "SEQ": 3
      },
      {
        "MONTH": "07",
        "CHNL_NM": "차기시즌 의류",
        "SALE_AMT": 23.0,
        "RATIO": 12.0,
        "YOY": 0.0,
        "SEQ": 3
      },
      {
        "MONTH": "08",
        "CHNL_NM": "전체",
        "SALE_AMT": 172.0,
        "RATIO": 100.0,
        "YOY": 346.0,
        "SEQ": 1
      },
      {
        "MONTH": "08",
        "CHNL_NM": "백화점",
        "SALE_AMT": 0.0,
        "RATIO": 0.0,
        "YOY": 0.0,
        "SEQ": 2
      },
      {
        "MONTH": "08",
        "CHNL_NM": "직영기타",
        "SALE_AMT": 106.0,
        "RATIO": 62.0,
        "YOY": 0.0,
        "SEQ": 2
      },
      {
        "MONTH": "08",
        "CHNL_NM": "제휴몰",
        "SALE_AMT": 16.0,
        "RATIO": 9.0,
        "YOY": 340.0,
        "SEQ": 2
      },
      {
        "MONTH": "08",
        "CHNL_NM": "자사몰",
        "SALE_AMT": 22.0,
        "RATIO": 13.0,
        "YOY": 395.0,
        "SEQ": 2
      },
      {
        "MONTH": "08",
        "CHNL_NM": "면세점",
        "SALE_AMT": 28.0,
        "RATIO": 16.0,
        "YOY": 87.0,
        "SEQ": 2
      },
      {
        "MONTH": "08",
        "CHNL_NM": "24S 의류",
        "SALE_AMT": 60.0,
        "RATIO": 35.0,
        "YOY": 455.0,
        "SEQ": 3
      },
      {
        "MONTH": "08",
        "CHNL_NM": "23F 의류",
        "SALE_AMT": 0.0,
        "RATIO": 0.0,
        "YOY": 3.0,
        "SEQ": 3
      }
    ],
    "total_records_count": 106
  }
}