{
  "country": "KR",
  "brand_cd": "M",
  "brand_name": "MLB",
  "yyyymm": "202401",
  "yyyymm_py": "202301",
  "key": "월별아이템별재고추세",
  "analysis_data": {
    "title": "아이템별 재고 종합분석 (당해 1월~현재월)",
    "sections": [
      {
        "div": "종합분석-1",
        "sub_title": "조기경보",
        "ai_text": "• 2024년 1월 신규 재고 453,741백만원 급증\n• 전년 대비 재고 제로에서 대규모 재고 보유로 전환\n• 초기 재고 관리 시스템 구축 및 모니터링 강화 필요"
      },
      {
        "div": "종합분석-2",
        "sub_title": "긍정신호",
        "ai_text": "• 분석 기간 내 재고 감소 사례 없음\n• 신규 브랜드 론칭에 따른 초기 재고 확보 단계\n• 향후 매출 증대를 통한 재고 회전율 개선 기대"
      },
      {
        "div": "종합분석-3",
        "sub_title": "인사이트",
        "ai_text": "• 총재고 2024년 1월 453,741백만원\n• 2023년 1월 저점 후 2024년 1월 대폭 반등\n• 신규 시즌 재고 대량 확보로 본격적인 영업 개시"
      }
    ]
  },
  "summary": {
    "total_stock": 453740.83,
    "unique_months": 2,
    "unique_items": 8,
    "analysis_period": "2024년 01월 ~ 2024년 01월"
  },
  "monthly_totals": [
    {
      "yyyymm": "202301",
      "total_stock": 0.0
    },
    {
      "yyyymm": "202401",
      "total_stock": 453740.83
    }
  ],
  "early_warning_items": [],
  "positive_signal_items": [],
  "insights": {
    "final_month_total": 453740.83,
    "decreasing_months_count": 0,
    "increasing_months_count": 1,
    "min_month": "202301",
    "min_stock": 0.0
  },
  "raw_data": {
    "sample_records": [
      {
        "YYYYMM": "202301",
        "ITEM_STD": "23F 의류",
        "CY_END_STOCK_TAG_AMT": 0.0,
        "PY_END_STOCK_TAG_AMT": 90001797000.0,
        "YOY": 0.0
      },
      {
        "YYYYMM": "202301",
        "ITEM_STD": "23S 의류",
        "CY_END_STOCK_TAG_AMT": 0.0,
        "PY_END_STOCK_TAG_AMT": 42736030000.0,
        "YOY": 0.0
      },
      {
        "YYYYMM": "202301",
        "ITEM_STD": "가방",
        "CY_END_STOCK_TAG_AMT": 0.0,
        "PY_END_STOCK_TAG_AMT": 47627184000.0,
        "YOY": 0.0
      },
      {
        "YYYYMM": "202301",
        "ITEM_STD": "과시즌 의류",
        "CY_END_STOCK_TAG_AMT": 0.0,
        "PY_END_STOCK_TAG_AMT": 32512980000.0,
        "YOY": 0.0
      },
      {
        "YYYYMM": "202301",
        "ITEM_STD": "기타ACC",
        "CY_END_STOCK_TAG_AMT": 0.0,
        "PY_END_STOCK_TAG_AMT": 2523453000.0,
        "YOY": 0.0
      },
      {
        "YYYYMM": "202301",
        "ITEM_STD": "모자",
        "CY_END_STOCK_TAG_AMT": 0.0,
        "PY_END_STOCK_TAG_AMT": 93653380000.0,
        "YOY": 0.0
      },
      {
        "YYYYMM": "202301",
        "ITEM_STD": "신발",
        "CY_END_STOCK_TAG_AMT": 0.0,
        "PY_END_STOCK_TAG_AMT": 114501803000.0,
        "YOY": 0.0
      },
      {
        "YYYYMM": "202301",
        "ITEM_STD": "차기시즌 의류",
        "CY_END_STOCK_TAG_AMT": 0.0,
        "PY_END_STOCK_TAG_AMT": 77641620000.0,
        "YOY": 0.0
      },
      {
        "YYYYMM": "202401",
        "ITEM_STD": "23F 의류",
        "CY_END_STOCK_TAG_AMT": 45304878000.0,
        "PY_END_STOCK_TAG_AMT": 0.0,
        "YOY": 0.0
      },
      {
        "YYYYMM": "202401",
        "ITEM_STD": "23S 의류",
        "CY_END_STOCK_TAG_AMT": 40023950000.0,
        "PY_END_STOCK_TAG_AMT": 0.0,
        "YOY": 0.0
      },
      {
        "YYYYMM": "202401",
        "ITEM_STD": "가방",
        "CY_END_STOCK_TAG_AMT": 38688608000.0,
        "PY_END_STOCK_TAG_AMT": 0.0,
        "YOY": 0.0
      },
      {
        "YYYYMM": "202401",
        "ITEM_STD": "과시즌 의류",
        "CY_END_STOCK_TAG_AMT": 62182390000.0,
        "PY_END_STOCK_TAG_AMT": 0.0,
        "YOY": 0.0
      },
      {
        "YYYYMM": "202401",
        "ITEM_STD": "기타ACC",
        "CY_END_STOCK_TAG_AMT": 2828952900.0,
        "PY_END_STOCK_TAG_AMT": 0.0,
        "YOY": 0.0
      },
      {
        "YYYYMM": "202401",
        "ITEM_STD": "모자",
        "CY_END_STOCK_TAG_AMT": 60460183000.0,
        "PY_END_STOCK_TAG_AMT": 0.0,
        "YOY": 0.0
      },
      {
        "YYYYMM": "202401",
        "ITEM_STD": "신발",
        "CY_END_STOCK_TAG_AMT": 148946549000.0,
        "PY_END_STOCK_TAG_AMT": 0.0,
        "YOY": 0.0
      },
      {
        "YYYYMM": "202401",
        "ITEM_STD": "차기시즌 의류",
        "CY_END_STOCK_TAG_AMT": 55305323000.0,
        "PY_END_STOCK_TAG_AMT": 0.0,
        "YOY": 0.0
      }
    ],
    "total_records_count": 16
  }
}