{
  "country": "KR",
  "brand_cd": "I",
  "brand_name": "MLB KIDS",
  "yyyymm": "202406",
  "yyyymm_py": "202306",
  "key": "월별아이템별재고추세",
  "analysis_data": {
    "title": "아이템별 재고 종합분석 (당해 1월~현재월)",
    "sections": [
      {
        "div": "종합분석-1",
        "sub_title": "조기경보",
        "ai_text": "• 2024년 2월 최고점 114,916백만원 기록 후 관리 필요\n• 1월 대비 2월 4.5% 급증으로 초기 재고 부담 발생\n• 신규 브랜드 런칭으로 인한 초기 재고 적정성 점검 요구"
      },
      {
        "div": "종합분석-2",
        "sub_title": "긍정신호",
        "ai_text": "• 2월 고점 이후 지속적 재고 감소 추세 확인\n• 114,916백만원 → 94,777백만원으로 17.5% 개선\n• 4개월 연속 재고 감소로 효과적 재고 관리 실현"
      },
      {
        "div": "종합분석-3",
        "sub_title": "인사이트",
        "ai_text": "• 총재고 6월 94,777백만원으로 안정화 단계 진입\n• 2월 고점 후 하락 트렌드로 건전한 재고 회전율 달성\n• 봄-여름 시즌 재고 감소로 계절적 수요 대응 성공"
      }
    ]
  },
  "summary": {
    "total_stock": 616881.14,
    "unique_months": 12,
    "unique_items": 8,
    "analysis_period": "2024년 01월 ~ 2024년 06월"
  },
  "monthly_totals": [
    {
      "yyyymm": "202301",
      "total_stock": 0.0
    },
    {
      "yyyymm": "202302",
      "total_stock": 0.0
    },
    {
      "yyyymm": "202303",
      "total_stock": 0.0
    },
    {
      "yyyymm": "202304",
      "total_stock": 0.0
    },
    {
      "yyyymm": "202305",
      "total_stock": 0.0
    },
    {
      "yyyymm": "202306",
      "total_stock": 0.0
    },
    {
      "yyyymm": "202401",
      "total_stock": 109957.55
    },
    {
      "yyyymm": "202402",
      "total_stock": 114916.38
    },
    {
      "yyyymm": "202403",
      "total_stock": 105419.58
    },
    {
      "yyyymm": "202404",
      "total_stock": 95919.63
    },
    {
      "yyyymm": "202405",
      "total_stock": 95890.69
    },
    {
      "yyyymm": "202406",
      "total_stock": 94777.3
    }
  ],
  "early_warning_items": [],
  "positive_signal_items": [],
  "insights": {
    "final_month_total": 94777.3,
    "decreasing_months_count": 4,
    "increasing_months_count": 2,
    "min_month": "202301",
    "min_stock": 0.0
  },
  "raw_data": {
    "sample_records": [
      {
        "YYYYMM": "202301",
        "ITEM_STD": "23F 의류",
        "CY_END_STOCK_TAG_AMT": 0.0,
        "PY_END_STOCK_TAG_AMT": 21652529000.0,
        "YOY": 0.0
      },
      {
        "YYYYMM": "202301",
        "ITEM_STD": "24S 의류",
        "CY_END_STOCK_TAG_AMT": 0.0,
        "PY_END_STOCK_TAG_AMT": 19208859000.0,
        "YOY": 0.0
      },
      {
        "YYYYMM": "202301",
        "ITEM_STD": "가방",
        "CY_END_STOCK_TAG_AMT": 0.0,
        "PY_END_STOCK_TAG_AMT": 8561889000.0,
        "YOY": 0.0
      },
      {
        "YYYYMM": "202301",
        "ITEM_STD": "과시즌 의류",
        "CY_END_STOCK_TAG_AMT": 0.0,
        "PY_END_STOCK_TAG_AMT": 18952514000.0,
        "YOY": 0.0
      },
      {
        "YYYYMM": "202301",
        "ITEM_STD": "기타ACC",
        "CY_END_STOCK_TAG_AMT": 0.0,
        "PY_END_STOCK_TAG_AMT": 3292032800.0,
        "YOY": 0.0
      },
      {
        "YYYYMM": "202301",
        "ITEM_STD": "모자",
        "CY_END_STOCK_TAG_AMT": 0.0,
        "PY_END_STOCK_TAG_AMT": 11606357000.0,
        "YOY": 0.0
      },
      {
        "YYYYMM": "202301",
        "ITEM_STD": "신발",
        "CY_END_STOCK_TAG_AMT": 0.0,
        "PY_END_STOCK_TAG_AMT": 10373159000.0,
        "YOY": 0.0
      },
      {
        "YYYYMM": "202301",
        "ITEM_STD": "차기시즌 의류",
        "CY_END_STOCK_TAG_AMT": 0.0,
        "PY_END_STOCK_TAG_AMT": 0.0,
        "YOY": 0.0
      },
      {
        "YYYYMM": "202302",
        "ITEM_STD": "23F 의류",
        "CY_END_STOCK_TAG_AMT": 0.0,
        "PY_END_STOCK_TAG_AMT": 20979633000.0,
        "YOY": 0.0
      },
      {
        "YYYYMM": "202302",
        "ITEM_STD": "24S 의류",
        "CY_END_STOCK_TAG_AMT": 0.0,
        "PY_END_STOCK_TAG_AMT": 23557755000.0,
        "YOY": 0.0
      },
      {
        "YYYYMM": "202302",
        "ITEM_STD": "가방",
        "CY_END_STOCK_TAG_AMT": 0.0,
        "PY_END_STOCK_TAG_AMT": 6475187000.0,
        "YOY": 0.0
      },
      {
        "YYYYMM": "202302",
        "ITEM_STD": "과시즌 의류",
        "CY_END_STOCK_TAG_AMT": 0.0,
        "PY_END_STOCK_TAG_AMT": 15669035000.0,
        "YOY": 0.0
      },
      {
        "YYYYMM": "202302",
        "ITEM_STD": "기타ACC",
        "CY_END_STOCK_TAG_AMT": 0.0,
        "PY_END_STOCK_TAG_AMT": 3152475600.0,
        "YOY": 0.0
      },
      {
        "YYYYMM": "202302",
        "ITEM_STD": "모자",
        "CY_END_STOCK_TAG_AMT": 0.0,
        "PY_END_STOCK_TAG_AMT": 11031008000.0,
        "YOY": 0.0
      },
      {
        "YYYYMM": "202302",
        "ITEM_STD": "신발",
        "CY_END_STOCK_TAG_AMT": 0.0,
        "PY_END_STOCK_TAG_AMT": 10176321000.0,
        "YOY": 0.0
      },
      {
        "YYYYMM": "202302",
        "ITEM_STD": "차기시즌 의류",
        "CY_END_STOCK_TAG_AMT": 0.0,
        "PY_END_STOCK_TAG_AMT": 0.0,
        "YOY": 0.0
      },
      {
        "YYYYMM": "202303",
        "ITEM_STD": "23F 의류",
        "CY_END_STOCK_TAG_AMT": 0.0,
        "PY_END_STOCK_TAG_AMT": 20778525000.0,
        "YOY": 0.0
      },
      {
        "YYYYMM": "202303",
        "ITEM_STD": "24S 의류",
        "CY_END_STOCK_TAG_AMT": 0.0,
        "PY_END_STOCK_TAG_AMT": 25759933000.0,
        "YOY": 0.0
      },
      {
        "YYYYMM": "202303",
        "ITEM_STD": "가방",
        "CY_END_STOCK_TAG_AMT": 0.0,
        "PY_END_STOCK_TAG_AMT": 6179684000.0,
        "YOY": 0.0
      },
      {
        "YYYYMM": "202303",
        "ITEM_STD": "과시즌 의류",
        "CY_END_STOCK_TAG_AMT": 0.0,
        "PY_END_STOCK_TAG_AMT": 11009886000.0,
        "YOY": 0.0
      },
      {
        "YYYYMM": "202303",
        "ITEM_STD": "기타ACC",
        "CY_END_STOCK_TAG_AMT": 0.0,
        "PY_END_STOCK_TAG_AMT": 3102999000.0,
        "YOY": 0.0
      },
      {
        "YYYYMM": "202303",
        "ITEM_STD": "모자",
        "CY_END_STOCK_TAG_AMT": 0.0,
        "PY_END_STOCK_TAG_AMT": 11767911000.0,
        "YOY": 0.0
      },
      {
        "YYYYMM": "202303",
        "ITEM_STD": "신발",
        "CY_END_STOCK_TAG_AMT": 0.0,
        "PY_END_STOCK_TAG_AMT": 12623196000.0,
        "YOY": 0.0
      },
      {
        "YYYYMM": "202303",
        "ITEM_STD": "차기시즌 의류",
        "CY_END_STOCK_TAG_AMT": 0.0,
        "PY_END_STOCK_TAG_AMT": 0.0,
        "YOY": 0.0
      },
      {
        "YYYYMM": "202304",
        "ITEM_STD": "23F 의류",
        "CY_END_STOCK_TAG_AMT": 0.0,
        "PY_END_STOCK_TAG_AMT": 20776048000.0,
        "YOY": 0.0
      },
      {
        "YYYYMM": "202304",
        "ITEM_STD": "24S 의류",
        "CY_END_STOCK_TAG_AMT": 0.0,
        "PY_END_STOCK_TAG_AMT": 26555819000.0,
        "YOY": 0.0
      },
      {
        "YYYYMM": "202304",
        "ITEM_STD": "가방",
        "CY_END_STOCK_TAG_AMT": 0.0,
        "PY_END_STOCK_TAG_AMT": 5768813000.0,
        "YOY": 0.0
      },
      {
        "YYYYMM": "202304",
        "ITEM_STD": "과시즌 의류",
        "CY_END_STOCK_TAG_AMT": 0.0,
        "PY_END_STOCK_TAG_AMT": 8605047000.0,
        "YOY": 0.0
      },
      {
        "YYYYMM": "202304",
        "ITEM_STD": "기타ACC",
        "CY_END_STOCK_TAG_AMT": 0.0,
        "PY_END_STOCK_TAG_AMT": 3065959400.0,
        "YOY": 0.0
      },
      {
        "YYYYMM": "202304",
        "ITEM_STD": "모자",
        "CY_END_STOCK_TAG_AMT": 0.0,
        "PY_END_STOCK_TAG_AMT": 11437081000.0,
        "YOY": 0.0
      },
      {
        "YYYYMM": "202304",
        "ITEM_STD": "신발",
        "CY_END_STOCK_TAG_AMT": 0.0,
        "PY_END_STOCK_TAG_AMT": 11524341000.0,
        "YOY": 0.0
      },
      {
        "YYYYMM": "202304",
        "ITEM_STD": "차기시즌 의류",
        "CY_END_STOCK_TAG_AMT": 0.0,
        "PY_END_STOCK_TAG_AMT": 0.0,
        "YOY": 0.0
      },
      {
        "YYYYMM": "202305",
        "ITEM_STD": "23F 의류",
        "CY_END_STOCK_TAG_AMT": 0.0,
        "PY_END_STOCK_TAG_AMT": 20734386000.0,
        "YOY": 0.0
      },
      {
        "YYYYMM": "202305",
        "ITEM_STD": "24S 의류",
        "CY_END_STOCK_TAG_AMT": 0.0,
        "PY_END_STOCK_TAG_AMT": 23151663000.0,
        "YOY": 0.0
      },
      {
        "YYYYMM": "202305",
        "ITEM_STD": "가방",
        "CY_END_STOCK_TAG_AMT": 0.0,
        "PY_END_STOCK_TAG_AMT": 5719081000.0,
        "YOY": 0.0
      },
      {
        "YYYYMM": "202305",
        "ITEM_STD": "과시즌 의류",
        "CY_END_STOCK_TAG_AMT": 0.0,
        "PY_END_STOCK_TAG_AMT": 7552558000.0,
        "YOY": 0.0
      },
      {
        "YYYYMM": "202305",
        "ITEM_STD": "기타ACC",
        "CY_END_STOCK_TAG_AMT": 0.0,
        "PY_END_STOCK_TAG_AMT": 2931896900.0,
        "YOY": 0.0
      },
      {
        "YYYYMM": "202305",
        "ITEM_STD": "모자",
        "CY_END_STOCK_TAG_AMT": 0.0,
        "PY_END_STOCK_TAG_AMT": 10560865000.0,
        "YOY": 0.0
      },
      {
        "YYYYMM": "202305",
        "ITEM_STD": "신발",
        "CY_END_STOCK_TAG_AMT": 0.0,
        "PY_END_STOCK_TAG_AMT": 10780741000.0,
        "YOY": 0.0
      },
      {
        "YYYYMM": "202305",
        "ITEM_STD": "차기시즌 의류",
        "CY_END_STOCK_TAG_AMT": 0.0,
        "PY_END_STOCK_TAG_AMT": 0.0,
        "YOY": 0.0
      },
      {
        "YYYYMM": "202306",
        "ITEM_STD": "23F 의류",
        "CY_END_STOCK_TAG_AMT": 0.0,
        "PY_END_STOCK_TAG_AMT": 20733251000.0,
        "YOY": 0.0
      },
      {
        "YYYYMM": "202306",
        "ITEM_STD": "24S 의류",
        "CY_END_STOCK_TAG_AMT": 0.0,
        "PY_END_STOCK_TAG_AMT": 20978314000.0,
        "YOY": 0.0
      },
      {
        "YYYYMM": "202306",
        "ITEM_STD": "가방",
        "CY_END_STOCK_TAG_AMT": 0.0,
        "PY_END_STOCK_TAG_AMT": 5857021000.0,
        "YOY": 0.0
      },
      {
        "YYYYMM": "202306",
        "ITEM_STD": "과시즌 의류",
        "CY_END_STOCK_TAG_AMT": 0.0,
        "PY_END_STOCK_TAG_AMT": 7180727000.0,
        "YOY": 0.0
      },
      {
        "YYYYMM": "202306",
        "ITEM_STD": "기타ACC",
        "CY_END_STOCK_TAG_AMT": 0.0,
        "PY_END_STOCK_TAG_AMT": 2976656400.0,
        "YOY": 0.0
      },
      {
        "YYYYMM": "202306",
        "ITEM_STD": "모자",
        "CY_END_STOCK_TAG_AMT": 0.0,
        "PY_END_STOCK_TAG_AMT": 10306812000.0,
        "YOY": 0.0
      },
      {
        "YYYYMM": "202306",
        "ITEM_STD": "신발",
        "CY_END_STOCK_TAG_AMT": 0.0,
        "PY_END_STOCK_TAG_AMT": 10973740000.0,
        "YOY": 0.0
      },
      {
        "YYYYMM": "202306",
        "ITEM_STD": "차기시즌 의류",
        "CY_END_STOCK_TAG_AMT": 0.0,
        "PY_END_STOCK_TAG_AMT": 2793889000.0,
        "YOY": 0.0
      },
      {
        "YYYYMM": "202401",
        "ITEM_STD": "23F 의류",
        "CY_END_STOCK_TAG_AMT": 27993963000.0,
        "PY_END_STOCK_TAG_AMT": 0.0,
        "YOY": 0.0
      },
      {
        "YYYYMM": "202401",
        "ITEM_STD": "24S 의류",
        "CY_END_STOCK_TAG_AMT": 20911458000.0,
        "PY_END_STOCK_TAG_AMT": 0.0,
        "YOY": 0.0
      },
      {
        "YYYYMM": "202401",
        "ITEM_STD": "가방",
        "CY_END_STOCK_TAG_AMT": 9515709000.0,
        "PY_END_STOCK_TAG_AMT": 0.0,
        "YOY": 0.0
      },
      {
        "YYYYMM": "202401",
        "ITEM_STD": "과시즌 의류",
        "CY_END_STOCK_TAG_AMT": 20710424000.0,
        "PY_END_STOCK_TAG_AMT": 0.0,
        "YOY": 0.0
      },
      {
        "YYYYMM": "202401",
        "ITEM_STD": "기타ACC",
        "CY_END_STOCK_TAG_AMT": 3500398800.0,
        "PY_END_STOCK_TAG_AMT": 0.0,
        "YOY": 0.0
      },
      {
        "YYYYMM": "202401",
        "ITEM_STD": "모자",
        "CY_END_STOCK_TAG_AMT": 12416197000.0,
        "PY_END_STOCK_TAG_AMT": 0.0,
        "YOY": 0.0
      },
      {
        "YYYYMM": "202401",
        "ITEM_STD": "신발",
        "CY_END_STOCK_TAG_AMT": 14909405000.0,
        "PY_END_STOCK_TAG_AMT": 0.0,
        "YOY": 0.0
      },
      {
        "YYYYMM": "202402",
        "ITEM_STD": "23F 의류",
        "CY_END_STOCK_TAG_AMT": 27468369000.0,
        "PY_END_STOCK_TAG_AMT": 0.0,
        "YOY": 0.0
      },
      {
        "YYYYMM": "202402",
        "ITEM_STD": "24S 의류",
        "CY_END_STOCK_TAG_AMT": 31664753000.0,
        "PY_END_STOCK_TAG_AMT": 0.0,
        "YOY": 0.0
      },
      {
        "YYYYMM": "202402",
        "ITEM_STD": "가방",
        "CY_END_STOCK_TAG_AMT": 7574860000.0,
        "PY_END_STOCK_TAG_AMT": 0.0,
        "YOY": 0.0
      },
      {
        "YYYYMM": "202402",
        "ITEM_STD": "과시즌 의류",
        "CY_END_STOCK_TAG_AMT": 17251731000.0,
        "PY_END_STOCK_TAG_AMT": 0.0,
        "YOY": 0.0
      },
      {
        "YYYYMM": "202402",
        "ITEM_STD": "기타ACC",
        "CY_END_STOCK_TAG_AMT": 3462737300.0,
        "PY_END_STOCK_TAG_AMT": 0.0,
        "YOY": 0.0
      },
      {
        "YYYYMM": "202402",
        "ITEM_STD": "모자",
        "CY_END_STOCK_TAG_AMT": 12259287000.0,
        "PY_END_STOCK_TAG_AMT": 0.0,
        "YOY": 0.0
      },
      {
        "YYYYMM": "202402",
        "ITEM_STD": "신발",
        "CY_END_STOCK_TAG_AMT": 15234646000.0,
        "PY_END_STOCK_TAG_AMT": 0.0,
        "YOY": 0.0
      },
      {
        "YYYYMM": "202402",
        "ITEM_STD": "차기시즌 의류",
        "CY_END_STOCK_TAG_AMT": 0.0,
        "PY_END_STOCK_TAG_AMT": 0.0,
        "YOY": 0.0
      },
      {
        "YYYYMM": "202403",
        "ITEM_STD": "23F 의류",
        "CY_END_STOCK_TAG_AMT": 27306867000.0,
        "PY_END_STOCK_TAG_AMT": 0.0,
        "YOY": 0.0
      },
      {
        "YYYYMM": "202403",
        "ITEM_STD": "24S 의류",
        "CY_END_STOCK_TAG_AMT": 29105388000.0,
        "PY_END_STOCK_TAG_AMT": 0.0,
        "YOY": 0.0
      },
      {
        "YYYYMM": "202403",
        "ITEM_STD": "가방",
        "CY_END_STOCK_TAG_AMT": 7047154000.0,
        "PY_END_STOCK_TAG_AMT": 0.0,
        "YOY": 0.0
      },
      {
        "YYYYMM": "202403",
        "ITEM_STD": "과시즌 의류",
        "CY_END_STOCK_TAG_AMT": 12251476000.0,
        "PY_END_STOCK_TAG_AMT": 0.0,
        "YOY": 0.0
      },
      {
        "YYYYMM": "202403",
        "ITEM_STD": "기타ACC",
        "CY_END_STOCK_TAG_AMT": 3367146000.0,
        "PY_END_STOCK_TAG_AMT": 0.0,
        "YOY": 0.0
      },
      {
        "YYYYMM": "202403",
        "ITEM_STD": "모자",
        "CY_END_STOCK_TAG_AMT": 10874711000.0,
        "PY_END_STOCK_TAG_AMT": 0.0,
        "YOY": 0.0
      },
      {
        "YYYYMM": "202403",
        "ITEM_STD": "신발",
        "CY_END_STOCK_TAG_AMT": 15466838000.0,
        "PY_END_STOCK_TAG_AMT": 0.0,
        "YOY": 0.0
      },
      {
        "YYYYMM": "202403",
        "ITEM_STD": "차기시즌 의류",
        "CY_END_STOCK_TAG_AMT": 0.0,
        "PY_END_STOCK_TAG_AMT": 0.0,
        "YOY": 0.0
      },
      {
        "YYYYMM": "202404",
        "ITEM_STD": "23F 의류",
        "CY_END_STOCK_TAG_AMT": 27288588000.0,
        "PY_END_STOCK_TAG_AMT": 0.0,
        "YOY": 0.0
      },
      {
        "YYYYMM": "202404",
        "ITEM_STD": "24S 의류",
        "CY_END_STOCK_TAG_AMT": 27765665000.0,
        "PY_END_STOCK_TAG_AMT": 0.0,
        "YOY": 0.0
      },
      {
        "YYYYMM": "202404",
        "ITEM_STD": "가방",
        "CY_END_STOCK_TAG_AMT": 6718045000.0,
        "PY_END_STOCK_TAG_AMT": 0.0,
        "YOY": 0.0
      },
      {
        "YYYYMM": "202404",
        "ITEM_STD": "과시즌 의류",
        "CY_END_STOCK_TAG_AMT": 7012571000.0,
        "PY_END_STOCK_TAG_AMT": 0.0,
        "YOY": 0.0
      },
      {
        "YYYYMM": "202404",
        "ITEM_STD": "기타ACC",
        "CY_END_STOCK_TAG_AMT": 3329644900.0,
        "PY_END_STOCK_TAG_AMT": 0.0,
        "YOY": 0.0
      },
      {
        "YYYYMM": "202404",
        "ITEM_STD": "모자",
        "CY_END_STOCK_TAG_AMT": 10145105000.0,
        "PY_END_STOCK_TAG_AMT": 0.0,
        "YOY": 0.0
      },
      {
        "YYYYMM": "202404",
        "ITEM_STD": "신발",
        "CY_END_STOCK_TAG_AMT": 13660011000.0,
        "PY_END_STOCK_TAG_AMT": 0.0,
        "YOY": 0.0
      },
      {
        "YYYYMM": "202404",
        "ITEM_STD": "차기시즌 의류",
        "CY_END_STOCK_TAG_AMT": 0.0,
        "PY_END_STOCK_TAG_AMT": 0.0,
        "YOY": 0.0
      },
      {
        "YYYYMM": "202405",
        "ITEM_STD": "23F 의류",
        "CY_END_STOCK_TAG_AMT": 27287587000.0,
        "PY_END_STOCK_TAG_AMT": 0.0,
        "YOY": 0.0
      },
      {
        "YYYYMM": "202405",
        "ITEM_STD": "24S 의류",
        "CY_END_STOCK_TAG_AMT": 26056400000.0,
        "PY_END_STOCK_TAG_AMT": 0.0,
        "YOY": 0.0
      },
      {
        "YYYYMM": "202405",
        "ITEM_STD": "가방",
        "CY_END_STOCK_TAG_AMT": 8269294000.0,
        "PY_END_STOCK_TAG_AMT": 0.0,
        "YOY": 0.0
      },
      {
        "YYYYMM": "202405",
        "ITEM_STD": "과시즌 의류",
        "CY_END_STOCK_TAG_AMT": 6624286000.0,
        "PY_END_STOCK_TAG_AMT": 0.0,
        "YOY": 0.0
      },
      {
        "YYYYMM": "202405",
        "ITEM_STD": "기타ACC",
        "CY_END_STOCK_TAG_AMT": 3382371700.0,
        "PY_END_STOCK_TAG_AMT": 0.0,
        "YOY": 0.0
      },
      {
        "YYYYMM": "202405",
        "ITEM_STD": "모자",
        "CY_END_STOCK_TAG_AMT": 9648743000.0,
        "PY_END_STOCK_TAG_AMT": 0.0,
        "YOY": 0.0
      },
      {
        "YYYYMM": "202405",
        "ITEM_STD": "신발",
        "CY_END_STOCK_TAG_AMT": 12963088000.0,
        "PY_END_STOCK_TAG_AMT": 0.0,
        "YOY": 0.0
      },
      {
        "YYYYMM": "202405",
        "ITEM_STD": "차기시즌 의류",
        "CY_END_STOCK_TAG_AMT": 1658923000.0,
        "PY_END_STOCK_TAG_AMT": 0.0,
        "YOY": 0.0
      },
      {
        "YYYYMM": "202406",
        "ITEM_STD": "23F 의류",
        "CY_END_STOCK_TAG_AMT": 27248228000.0,
        "PY_END_STOCK_TAG_AMT": 0.0,
        "YOY": 0.0
      },
      {
        "YYYYMM": "202406",
        "ITEM_STD": "24S 의류",
        "CY_END_STOCK_TAG_AMT": 23547336000.0,
        "PY_END_STOCK_TAG_AMT": 0.0,
        "YOY": 0.0
      },
      {
        "YYYYMM": "202406",
        "ITEM_STD": "가방",
        "CY_END_STOCK_TAG_AMT": 7926505000.0,
        "PY_END_STOCK_TAG_AMT": 0.0,
        "YOY": 0.0
      },
      {
        "YYYYMM": "202406",
        "ITEM_STD": "과시즌 의류",
        "CY_END_STOCK_TAG_AMT": 6599729000.0,
        "PY_END_STOCK_TAG_AMT": 0.0,
        "YOY": 0.0
      },
      {
        "YYYYMM": "202406",
        "ITEM_STD": "기타ACC",
        "CY_END_STOCK_TAG_AMT": 3282054100.0,
        "PY_END_STOCK_TAG_AMT": 0.0,
        "YOY": 0.0
      },
      {
        "YYYYMM": "202406",
        "ITEM_STD": "모자",
        "CY_END_STOCK_TAG_AMT": 9819802000.0,
        "PY_END_STOCK_TAG_AMT": 0.0,
        "YOY": 0.0
      },
      {
        "YYYYMM": "202406",
        "ITEM_STD": "신발",
        "CY_END_STOCK_TAG_AMT": 13605204000.0,
        "PY_END_STOCK_TAG_AMT": 0.0,
        "YOY": 0.0
      },
      {
        "YYYYMM": "202406",
        "ITEM_STD": "차기시즌 의류",
        "CY_END_STOCK_TAG_AMT": 2748440000.0,
        "PY_END_STOCK_TAG_AMT": 0.0,
        "YOY": 0.0
      }
    ],
    "total_records_count": 95
  }
}