{
  "country": "KR",
  "brand_cd": "I",
  "brand_name": "MLB KIDS",
  "yyyymm": "202410",
  "yyyymm_py": "202310",
  "key": "매장효율성",
  "sub_key": "종합분석",
  "analysis_data": {
    "title": "매장효율성 종합분석",
    "sections": [
      {
        "div": "종합분석-1",
        "sub_title": "우수 점포 생산성",
        "ai_text": "대리점이 점포당 매출 734백만원으로 전년(392백만원) 대비 187.3% 성장하며 최고 생산성을 기록했습니다.\n면세점은 점포당 매출 258백만원으로 전년(242백만원) 대비 106.8% 성장하며 안정적 개선세를 보였습니다.\n대리점의 경우 점포수가 2개에서 1개로 줄었으나 매출 효율성이 크게 향상되어 선별적 운영 전략의 성공을 입증했습니다.\n면세점은 4개 점포 모두 유지하며 일관된 성장을 달성하여 해외 관광객 수요 회복의 수혜를 받은 것으로 분석됩니다."
      },
      {
        "div": "종합분석-2",
        "sub_title": "대응 필요 매장",
        "ai_text": "백화점이 점포당 매출 49백만원으로 전년(67백만원) 대비 74.0%로 급락하며 가장 심각한 효율성 저하를 보였습니다.\n직영점은 점포당 매출 92백만원으로 전년(113백만원) 대비 81.7%를 기록하며 개선이 필요한 상황입니다.\n백화점은 59개 점포로 전체의 85.5%를 차지하지만 매출 생산성이 가장 낮아 전체 브랜드 성과를 저해하고 있습니다.\n직영점은 5개 점포로 소규모이지만 전년 대비 19% 매출 감소로 운영 전략 재검토가 시급한 상황입니다."
      },
      {
        "div": "종합분석-3",
        "sub_title": "AI 권장사항",
        "ai_text": "백화점 채널은 저효율 점포 정리 및 우수 입지 집중 투자로 점포당 매출을 70백만원 이상으로 개선해야 합니다.\n대리점 모델의 성공 요인을 분석하여 직영점 운영에 적용하고, 매출 100백만원 이상 목표로 효율성을 제고해야 합니다.\n면세점의 안정적 성장세를 활용하여 추가 입점 기회를 모색하고, 점포당 매출 300백만원 달성을 목표로 설정합니다.\n채널별 차별화된 상품 구성과 마케팅 전략으로 각 채널 특성에 최적화된 운영 체계를 구축해야 합니다."
      },
      {
        "div": "종합분석-4",
        "sub_title": "최적의 시나리오",
        "ai_text": "백화점은 40개 우수 입지 점포로 선별 운영하여 점포당 매출 80백만원 달성을 목표로 합니다.\n대리점 모델을 2-3개로 확대하고 점포당 매출 500백만원 이상 유지하여 고효율 채널로 육성합니다.\n면세점은 6개 점포로 확장하여 점포당 매출 300백만원 달성으로 해외 시장 거점을 강화합니다.\n전체적으로 50개 점포 운영으로 효율성을 극대화하여 점포당 매출 120백만원 달성 및 총 매출 6,000백만원 목표를 설정합니다."
      }
    ]
  },
  "summary": {
    "total_shop_amt_cy": 75.0,
    "total_shop_amt_py": 88.0,
    "total_shop_cnt_cy": 69,
    "total_shop_cnt_py": 72,
    "yoy": 85.2,
    "unique_channels": 4,
    "analysis_period": "2023년 10월 vs 2024년 10월"
  },
  "channel_summary": {
    "백화점": {
      "shop_amt_cy": 49.0,
      "shop_amt_py": 67.0,
      "shop_cnt_cy": 59,
      "shop_cnt_py": 62,
      "yoy": 74.0
    },
    "대리점": {
      "shop_amt_cy": 734.0,
      "shop_amt_py": 392.0,
      "shop_cnt_cy": 1,
      "shop_cnt_py": 2,
      "yoy": 187.3
    },
    "직영점": {
      "shop_amt_cy": 92.0,
      "shop_amt_py": 113.0,
      "shop_cnt_cy": 5,
      "shop_cnt_py": 4,
      "yoy": 81.7
    },
    "면세점": {
      "shop_amt_cy": 258.0,
      "shop_amt_py": 242.0,
      "shop_cnt_cy": 4,
      "shop_cnt_py": 4,
      "yoy": 106.8
    }
  },
  "excellent_channels": [
    {
      "chnl_nm": "대리점",
      "shop_amt_cy": 734.0,
      "shop_amt_py": 392.0,
      "yoy": 187.3,
      "shop_cnt_cy": 1
    },
    {
      "chnl_nm": "면세점",
      "shop_amt_cy": 258.0,
      "shop_amt_py": 242.0,
      "yoy": 106.8,
      "shop_cnt_cy": 4
    }
  ],
  "warning_channels": [
    {
      "chnl_nm": "백화점",
      "shop_amt_cy": 49.0,
      "shop_amt_py": 67.0,
      "yoy": 74.0,
      "shop_cnt_cy": 59
    },
    {
      "chnl_nm": "직영점",
      "shop_amt_cy": 92.0,
      "shop_amt_py": 113.0,
      "yoy": 81.7,
      "shop_cnt_cy": 5
    }
  ],
  "raw_data": {
    "sample_records": [
      {
        "CHNL_NM": "백화점",
        "SHOP_CNT_CY": 59,
        "SHOP_CNT_PY": 62,
        "SHOP_AMT_CY": 49.0,
        "SHOP_AMT_PY": 67.0,
        "YOY": 74.0,
        "SEQ": 2
      },
      {
        "CHNL_NM": "대리점",
        "SHOP_CNT_CY": 1,
        "SHOP_CNT_PY": 2,
        "SHOP_AMT_CY": 734.0,
        "SHOP_AMT_PY": 392.0,
        "YOY": 187.3,
        "SEQ": 2
      },
      {
        "CHNL_NM": "직영점",
        "SHOP_CNT_CY": 5,
        "SHOP_CNT_PY": 4,
        "SHOP_AMT_CY": 92.0,
        "SHOP_AMT_PY": 113.0,
        "YOY": 81.7,
        "SEQ": 2
      },
      {
        "CHNL_NM": "면세점",
        "SHOP_CNT_CY": 4,
        "SHOP_CNT_PY": 4,
        "SHOP_AMT_CY": 258.0,
        "SHOP_AMT_PY": 242.0,
        "YOY": 106.8,
        "SEQ": 2
      },
      {
        "CHNL_NM": "전체",
        "SHOP_CNT_CY": 69,
        "SHOP_CNT_PY": 72,
        "SHOP_AMT_CY": 75.0,
        "SHOP_AMT_PY": 88.0,
        "YOY": 84.6,
        "SEQ": 1
      },
      {
        "CHNL_NM": "면세 제외",
        "SHOP_CNT_CY": 65,
        "SHOP_CNT_PY": 68,
        "SHOP_AMT_CY": 63.0,
        "SHOP_AMT_PY": 79.0,
        "YOY": 80.0,
        "SEQ": 3
      }
    ],
    "total_records_count": 6
  }
}