{
  "country": "KR",
  "brand_cd": "I",
  "brand_name": "MLB KIDS",
  "yyyymm": "202412",
  "yyyymm_py": "202312",
  "key": "월별아이템별재고추세",
  "analysis_data": {
    "title": "아이템별 재고 종합분석 (당해 1월~현재월)",
    "sections": [
      {
        "div": "종합분석-1",
        "sub_title": "조기경보",
        "ai_text": "• 2024년 1월 신규 진입 후 재고 관리 체계 구축 필요\n• 2월 114,916백만원 최고점 기록 후 변동성 지속\n• 연말 110,120백만원으로 1월比 0.1% 소폭 증가"
      },
      {
        "div": "종합분석-2",
        "sub_title": "긍정신호",
        "ai_text": "• 3-6월 지속적 재고 최적화 성과 달성\n• 114,916백만원 → 94,777백만원으로 17.5% 대폭 감소\n• 효과적 재고 관리를 통한 운영 효율성 개선"
      },
      {
        "div": "종합분석-3",
        "sub_title": "인사이트",
        "ai_text": "• 총재고 12월 110,120백만원\n• 6월 저점 후 하반기 반등 패턴\n• 하반기 재고 증가로 시즌성 관리 강화 필요"
      }
    ]
  },
  "summary": {
    "total_stock": 1261123.33,
    "unique_months": 24,
    "unique_items": 8,
    "analysis_period": "2024년 01월 ~ 2024년 12월"
  },
  "monthly_totals": [
    {
      "yyyymm": "202301",
      "total_stock": 0.0
    },
    {
      "yyyymm": "202302",
      "total_stock": 0.0
    },
    {
      "yyyymm": "202303",
      "total_stock": 0.0
    },
    {
      "yyyymm": "202304",
      "total_stock": 0.0
    },
    {
      "yyyymm": "202305",
      "total_stock": 0.0
    },
    {
      "yyyymm": "202306",
      "total_stock": 0.0
    },
    {
      "yyyymm": "202307",
      "total_stock": 0.0
    },
    {
      "yyyymm": "202308",
      "total_stock": 0.0
    },
    {
      "yyyymm": "202309",
      "total_stock": 0.0
    },
    {
      "yyyymm": "202310",
      "total_stock": 0.0
    },
    {
      "yyyymm": "202311",
      "total_stock": 0.0
    },
    {
      "yyyymm": "202312",
      "total_stock": 0.0
    },
    {
      "yyyymm": "202401",
      "total_stock": 109957.55
    },
    {
      "yyyymm": "202402",
      "total_stock": 114916.38
    },
    {
      "yyyymm": "202403",
      "total_stock": 105419.58
    },
    {
      "yyyymm": "202404",
      "total_stock": 95919.63
    },
    {
      "yyyymm": "202405",
      "total_stock": 95890.69
    },
    {
      "yyyymm": "202406",
      "total_stock": 94777.3
    },
    {
      "yyyymm": "202407",
      "total_stock": 109820.85
    },
    {
      "yyyymm": "202408",
      "total_stock": 112820.78
    },
    {
      "yyyymm": "202409",
      "total_stock": 109639.04
    },
    {
      "yyyymm": "202410",
      "total_stock": 103673.09
    },
    {
      "yyyymm": "202411",
      "total_stock": 98167.96
    },
    {
      "yyyymm": "202412",
      "total_stock": 110120.48
    }
  ],
  "early_warning_items": [],
  "positive_signal_items": [],
  "insights": {
    "final_month_total": 110120.48,
    "decreasing_months_count": 7,
    "increasing_months_count": 5,
    "min_month": "202301",
    "min_stock": 0.0
  },
  "raw_data": {
    "sample_records": [
      {
        "YYYYMM": "202301",
        "ITEM_STD": "24F 의류",
        "CY_END_STOCK_TAG_AMT": 0.0,
        "PY_END_STOCK_TAG_AMT": 0.0,
        "YOY": 0.0
      },
      {
        "YYYYMM": "202301",
        "ITEM_STD": "24S 의류",
        "CY_END_STOCK_TAG_AMT": 0.0,
        "PY_END_STOCK_TAG_AMT": 19208859000.0,
        "YOY": 0.0
      },
      {
        "YYYYMM": "202301",
        "ITEM_STD": "가방",
        "CY_END_STOCK_TAG_AMT": 0.0,
        "PY_END_STOCK_TAG_AMT": 8561889000.0,
        "YOY": 0.0
      },
      {
        "YYYYMM": "202301",
        "ITEM_STD": "과시즌 의류",
        "CY_END_STOCK_TAG_AMT": 0.0,
        "PY_END_STOCK_TAG_AMT": 40605043000.0,
        "YOY": 0.0
      },
      {
        "YYYYMM": "202301",
        "ITEM_STD": "기타ACC",
        "CY_END_STOCK_TAG_AMT": 0.0,
        "PY_END_STOCK_TAG_AMT": 3292032800.0,
        "YOY": 0.0
      },
      {
        "YYYYMM": "202301",
        "ITEM_STD": "모자",
        "CY_END_STOCK_TAG_AMT": 0.0,
        "PY_END_STOCK_TAG_AMT": 11606357000.0,
        "YOY": 0.0
      },
      {
        "YYYYMM": "202301",
        "ITEM_STD": "신발",
        "CY_END_STOCK_TAG_AMT": 0.0,
        "PY_END_STOCK_TAG_AMT": 10373159000.0,
        "YOY": 0.0
      },
      {
        "YYYYMM": "202302",
        "ITEM_STD": "24F 의류",
        "CY_END_STOCK_TAG_AMT": 0.0,
        "PY_END_STOCK_TAG_AMT": 0.0,
        "YOY": 0.0
      },
      {
        "YYYYMM": "202302",
        "ITEM_STD": "24S 의류",
        "CY_END_STOCK_TAG_AMT": 0.0,
        "PY_END_STOCK_TAG_AMT": 23557755000.0,
        "YOY": 0.0
      },
      {
        "YYYYMM": "202302",
        "ITEM_STD": "가방",
        "CY_END_STOCK_TAG_AMT": 0.0,
        "PY_END_STOCK_TAG_AMT": 6475187000.0,
        "YOY": 0.0
      },
      {
        "YYYYMM": "202302",
        "ITEM_STD": "과시즌 의류",
        "CY_END_STOCK_TAG_AMT": 0.0,
        "PY_END_STOCK_TAG_AMT": 36648668000.0,
        "YOY": 0.0
      },
      {
        "YYYYMM": "202302",
        "ITEM_STD": "기타ACC",
        "CY_END_STOCK_TAG_AMT": 0.0,
        "PY_END_STOCK_TAG_AMT": 3152475600.0,
        "YOY": 0.0
      },
      {
        "YYYYMM": "202302",
        "ITEM_STD": "모자",
        "CY_END_STOCK_TAG_AMT": 0.0,
        "PY_END_STOCK_TAG_AMT": 11031008000.0,
        "YOY": 0.0
      },
      {
        "YYYYMM": "202302",
        "ITEM_STD": "신발",
        "CY_END_STOCK_TAG_AMT": 0.0,
        "PY_END_STOCK_TAG_AMT": 10176321000.0,
        "YOY": 0.0
      },
      {
        "YYYYMM": "202303",
        "ITEM_STD": "24F 의류",
        "CY_END_STOCK_TAG_AMT": 0.0,
        "PY_END_STOCK_TAG_AMT": 0.0,
        "YOY": 0.0
      },
      {
        "YYYYMM": "202303",
        "ITEM_STD": "24S 의류",
        "CY_END_STOCK_TAG_AMT": 0.0,
        "PY_END_STOCK_TAG_AMT": 25759933000.0,
        "YOY": 0.0
      },
      {
        "YYYYMM": "202303",
        "ITEM_STD": "가방",
        "CY_END_STOCK_TAG_AMT": 0.0,
        "PY_END_STOCK_TAG_AMT": 6179684000.0,
        "YOY": 0.0
      },
      {
        "YYYYMM": "202303",
        "ITEM_STD": "과시즌 의류",
        "CY_END_STOCK_TAG_AMT": 0.0,
        "PY_END_STOCK_TAG_AMT": 31788411000.0,
        "YOY": 0.0
      },
      {
        "YYYYMM": "202303",
        "ITEM_STD": "기타ACC",
        "CY_END_STOCK_TAG_AMT": 0.0,
        "PY_END_STOCK_TAG_AMT": 3102999000.0,
        "YOY": 0.0
      },
      {
        "YYYYMM": "202303",
        "ITEM_STD": "모자",
        "CY_END_STOCK_TAG_AMT": 0.0,
        "PY_END_STOCK_TAG_AMT": 11767911000.0,
        "YOY": 0.0
      },
      {
        "YYYYMM": "202303",
        "ITEM_STD": "신발",
        "CY_END_STOCK_TAG_AMT": 0.0,
        "PY_END_STOCK_TAG_AMT": 12623196000.0,
        "YOY": 0.0
      },
      {
        "YYYYMM": "202304",
        "ITEM_STD": "24F 의류",
        "CY_END_STOCK_TAG_AMT": 0.0,
        "PY_END_STOCK_TAG_AMT": 0.0,
        "YOY": 0.0
      },
      {
        "YYYYMM": "202304",
        "ITEM_STD": "24S 의류",
        "CY_END_STOCK_TAG_AMT": 0.0,
        "PY_END_STOCK_TAG_AMT": 26555819000.0,
        "YOY": 0.0
      },
      {
        "YYYYMM": "202304",
        "ITEM_STD": "가방",
        "CY_END_STOCK_TAG_AMT": 0.0,
        "PY_END_STOCK_TAG_AMT": 5768813000.0,
        "YOY": 0.0
      },
      {
        "YYYYMM": "202304",
        "ITEM_STD": "과시즌 의류",
        "CY_END_STOCK_TAG_AMT": 0.0,
        "PY_END_STOCK_TAG_AMT": 29381095000.0,
        "YOY": 0.0
      },
      {
        "YYYYMM": "202304",
        "ITEM_STD": "기타ACC",
        "CY_END_STOCK_TAG_AMT": 0.0,
        "PY_END_STOCK_TAG_AMT": 3065959400.0,
        "YOY": 0.0
      },
      {
        "YYYYMM": "202304",
        "ITEM_STD": "모자",
        "CY_END_STOCK_TAG_AMT": 0.0,
        "PY_END_STOCK_TAG_AMT": 11437081000.0,
        "YOY": 0.0
      },
      {
        "YYYYMM": "202304",
        "ITEM_STD": "신발",
        "CY_END_STOCK_TAG_AMT": 0.0,
        "PY_END_STOCK_TAG_AMT": 11524341000.0,
        "YOY": 0.0
      },
      {
        "YYYYMM": "202305",
        "ITEM_STD": "24F 의류",
        "CY_END_STOCK_TAG_AMT": 0.0,
        "PY_END_STOCK_TAG_AMT": 0.0,
        "YOY": 0.0
      },
      {
        "YYYYMM": "202305",
        "ITEM_STD": "24S 의류",
        "CY_END_STOCK_TAG_AMT": 0.0,
        "PY_END_STOCK_TAG_AMT": 23151663000.0,
        "YOY": 0.0
      },
      {
        "YYYYMM": "202305",
        "ITEM_STD": "가방",
        "CY_END_STOCK_TAG_AMT": 0.0,
        "PY_END_STOCK_TAG_AMT": 5719081000.0,
        "YOY": 0.0
      },
      {
        "YYYYMM": "202305",
        "ITEM_STD": "과시즌 의류",
        "CY_END_STOCK_TAG_AMT": 0.0,
        "PY_END_STOCK_TAG_AMT": 28286944000.0,
        "YOY": 0.0
      },
      {
        "YYYYMM": "202305",
        "ITEM_STD": "기타ACC",
        "CY_END_STOCK_TAG_AMT": 0.0,
        "PY_END_STOCK_TAG_AMT": 2931896900.0,
        "YOY": 0.0
      },
      {
        "YYYYMM": "202305",
        "ITEM_STD": "모자",
        "CY_END_STOCK_TAG_AMT": 0.0,
        "PY_END_STOCK_TAG_AMT": 10560865000.0,
        "YOY": 0.0
      },
      {
        "YYYYMM": "202305",
        "ITEM_STD": "신발",
        "CY_END_STOCK_TAG_AMT": 0.0,
        "PY_END_STOCK_TAG_AMT": 10780741000.0,
        "YOY": 0.0
      },
      {
        "YYYYMM": "202306",
        "ITEM_STD": "24F 의류",
        "CY_END_STOCK_TAG_AMT": 0.0,
        "PY_END_STOCK_TAG_AMT": 2793889000.0,
        "YOY": 0.0
      },
      {
        "YYYYMM": "202306",
        "ITEM_STD": "24S 의류",
        "CY_END_STOCK_TAG_AMT": 0.0,
        "PY_END_STOCK_TAG_AMT": 20978314000.0,
        "YOY": 0.0
      },
      {
        "YYYYMM": "202306",
        "ITEM_STD": "가방",
        "CY_END_STOCK_TAG_AMT": 0.0,
        "PY_END_STOCK_TAG_AMT": 5857021000.0,
        "YOY": 0.0
      },
      {
        "YYYYMM": "202306",
        "ITEM_STD": "과시즌 의류",
        "CY_END_STOCK_TAG_AMT": 0.0,
        "PY_END_STOCK_TAG_AMT": 27913978000.0,
        "YOY": 0.0
      },
      {
        "YYYYMM": "202306",
        "ITEM_STD": "기타ACC",
        "CY_END_STOCK_TAG_AMT": 0.0,
        "PY_END_STOCK_TAG_AMT": 2976656400.0,
        "YOY": 0.0
      },
      {
        "YYYYMM": "202306",
        "ITEM_STD": "모자",
        "CY_END_STOCK_TAG_AMT": 0.0,
        "PY_END_STOCK_TAG_AMT": 10306812000.0,
        "YOY": 0.0
      },
      {
        "YYYYMM": "202306",
        "ITEM_STD": "신발",
        "CY_END_STOCK_TAG_AMT": 0.0,
        "PY_END_STOCK_TAG_AMT": 10973740000.0,
        "YOY": 0.0
      },
      {
        "YYYYMM": "202306",
        "ITEM_STD": "차기시즌 의류",
        "CY_END_STOCK_TAG_AMT": 0.0,
        "PY_END_STOCK_TAG_AMT": 0.0,
        "YOY": 0.0
      },
      {
        "YYYYMM": "202307",
        "ITEM_STD": "24F 의류",
        "CY_END_STOCK_TAG_AMT": 0.0,
        "PY_END_STOCK_TAG_AMT": 16691572000.0,
        "YOY": 0.0
      },
      {
        "YYYYMM": "202307",
        "ITEM_STD": "24S 의류",
        "CY_END_STOCK_TAG_AMT": 0.0,
        "PY_END_STOCK_TAG_AMT": 18874360000.0,
        "YOY": 0.0
      },
      {
        "YYYYMM": "202307",
        "ITEM_STD": "가방",
        "CY_END_STOCK_TAG_AMT": 0.0,
        "PY_END_STOCK_TAG_AMT": 6328955000.0,
        "YOY": 0.0
      },
      {
        "YYYYMM": "202307",
        "ITEM_STD": "과시즌 의류",
        "CY_END_STOCK_TAG_AMT": 0.0,
        "PY_END_STOCK_TAG_AMT": 28222347000.0,
        "YOY": 0.0
      },
      {
        "YYYYMM": "202307",
        "ITEM_STD": "기타ACC",
        "CY_END_STOCK_TAG_AMT": 0.0,
        "PY_END_STOCK_TAG_AMT": 3288270900.0,
        "YOY": 0.0
      },
      {
        "YYYYMM": "202307",
        "ITEM_STD": "모자",
        "CY_END_STOCK_TAG_AMT": 0.0,
        "PY_END_STOCK_TAG_AMT": 12795747000.0,
        "YOY": 0.0
      },
      {
        "YYYYMM": "202307",
        "ITEM_STD": "신발",
        "CY_END_STOCK_TAG_AMT": 0.0,
        "PY_END_STOCK_TAG_AMT": 12804588000.0,
        "YOY": 0.0
      },
      {
        "YYYYMM": "202307",
        "ITEM_STD": "차기시즌 의류",
        "CY_END_STOCK_TAG_AMT": 0.0,
        "PY_END_STOCK_TAG_AMT": 0.0,
        "YOY": 0.0
      },
      {
        "YYYYMM": "202308",
        "ITEM_STD": "24F 의류",
        "CY_END_STOCK_TAG_AMT": 0.0,
        "PY_END_STOCK_TAG_AMT": 36079656000.0,
        "YOY": 0.0
      },
      {
        "YYYYMM": "202308",
        "ITEM_STD": "24S 의류",
        "CY_END_STOCK_TAG_AMT": 0.0,
        "PY_END_STOCK_TAG_AMT": 18092007000.0,
        "YOY": 0.0
      },
      {
        "YYYYMM": "202308",
        "ITEM_STD": "가방",
        "CY_END_STOCK_TAG_AMT": 0.0,
        "PY_END_STOCK_TAG_AMT": 5768218000.0,
        "YOY": 0.0
      },
      {
        "YYYYMM": "202308",
        "ITEM_STD": "과시즌 의류",
        "CY_END_STOCK_TAG_AMT": 0.0,
        "PY_END_STOCK_TAG_AMT": 24125462000.0,
        "YOY": 0.0
      },
      {
        "YYYYMM": "202308",
        "ITEM_STD": "기타ACC",
        "CY_END_STOCK_TAG_AMT": 0.0,
        "PY_END_STOCK_TAG_AMT": 3350773700.0,
        "YOY": 0.0
      },
      {
        "YYYYMM": "202308",
        "ITEM_STD": "모자",
        "CY_END_STOCK_TAG_AMT": 0.0,
        "PY_END_STOCK_TAG_AMT": 13504412000.0,
        "YOY": 0.0
      },
      {
        "YYYYMM": "202308",
        "ITEM_STD": "신발",
        "CY_END_STOCK_TAG_AMT": 0.0,
        "PY_END_STOCK_TAG_AMT": 14027203000.0,
        "YOY": 0.0
      },
      {
        "YYYYMM": "202308",
        "ITEM_STD": "차기시즌 의류",
        "CY_END_STOCK_TAG_AMT": 0.0,
        "PY_END_STOCK_TAG_AMT": 0.0,
        "YOY": 0.0
      },
      {
        "YYYYMM": "202309",
        "ITEM_STD": "24F 의류",
        "CY_END_STOCK_TAG_AMT": 0.0,
        "PY_END_STOCK_TAG_AMT": 43856736000.0,
        "YOY": 0.0
      },
      {
        "YYYYMM": "202309",
        "ITEM_STD": "24S 의류",
        "CY_END_STOCK_TAG_AMT": 0.0,
        "PY_END_STOCK_TAG_AMT": 18041794000.0,
        "YOY": 0.0
      },
      {
        "YYYYMM": "202309",
        "ITEM_STD": "가방",
        "CY_END_STOCK_TAG_AMT": 0.0,
        "PY_END_STOCK_TAG_AMT": 5562972000.0,
        "YOY": 0.0
      },
      {
        "YYYYMM": "202309",
        "ITEM_STD": "과시즌 의류",
        "CY_END_STOCK_TAG_AMT": 0.0,
        "PY_END_STOCK_TAG_AMT": 19204909000.0,
        "YOY": 0.0
      },
      {
        "YYYYMM": "202309",
        "ITEM_STD": "기타ACC",
        "CY_END_STOCK_TAG_AMT": 0.0,
        "PY_END_STOCK_TAG_AMT": 3525057000.0,
        "YOY": 0.0
      },
      {
        "YYYYMM": "202309",
        "ITEM_STD": "모자",
        "CY_END_STOCK_TAG_AMT": 0.0,
        "PY_END_STOCK_TAG_AMT": 12550950000.0,
        "YOY": 0.0
      },
      {
        "YYYYMM": "202309",
        "ITEM_STD": "신발",
        "CY_END_STOCK_TAG_AMT": 0.0,
        "PY_END_STOCK_TAG_AMT": 14651210000.0,
        "YOY": 0.0
      },
      {
        "YYYYMM": "202309",
        "ITEM_STD": "차기시즌 의류",
        "CY_END_STOCK_TAG_AMT": 0.0,
        "PY_END_STOCK_TAG_AMT": 0.0,
        "YOY": 0.0
      },
      {
        "YYYYMM": "202310",
        "ITEM_STD": "24F 의류",
        "CY_END_STOCK_TAG_AMT": 0.0,
        "PY_END_STOCK_TAG_AMT": 38931222000.0,
        "YOY": 0.0
      },
      {
        "YYYYMM": "202310",
        "ITEM_STD": "24S 의류",
        "CY_END_STOCK_TAG_AMT": 0.0,
        "PY_END_STOCK_TAG_AMT": 18010607000.0,
        "YOY": 0.0
      },
      {
        "YYYYMM": "202310",
        "ITEM_STD": "가방",
        "CY_END_STOCK_TAG_AMT": 0.0,
        "PY_END_STOCK_TAG_AMT": 14926624000.0,
        "YOY": 0.0
      },
      {
        "YYYYMM": "202310",
        "ITEM_STD": "과시즌 의류",
        "CY_END_STOCK_TAG_AMT": 0.0,
        "PY_END_STOCK_TAG_AMT": 13406311000.0,
        "YOY": 0.0
      },
      {
        "YYYYMM": "202310",
        "ITEM_STD": "기타ACC",
        "CY_END_STOCK_TAG_AMT": 0.0,
        "PY_END_STOCK_TAG_AMT": 3672100200.0,
        "YOY": 0.0
      },
      {
        "YYYYMM": "202310",
        "ITEM_STD": "모자",
        "CY_END_STOCK_TAG_AMT": 0.0,
        "PY_END_STOCK_TAG_AMT": 11662195000.0,
        "YOY": 0.0
      },
      {
        "YYYYMM": "202310",
        "ITEM_STD": "신발",
        "CY_END_STOCK_TAG_AMT": 0.0,
        "PY_END_STOCK_TAG_AMT": 14901854000.0,
        "YOY": 0.0
      },
      {
        "YYYYMM": "202310",
        "ITEM_STD": "차기시즌 의류",
        "CY_END_STOCK_TAG_AMT": 0.0,
        "PY_END_STOCK_TAG_AMT": 0.0,
        "YOY": 0.0
      },
      {
        "YYYYMM": "202311",
        "ITEM_STD": "24F 의류",
        "CY_END_STOCK_TAG_AMT": 0.0,
        "PY_END_STOCK_TAG_AMT": 33988836000.0,
        "YOY": 0.0
      },
      {
        "YYYYMM": "202311",
        "ITEM_STD": "24S 의류",
        "CY_END_STOCK_TAG_AMT": 0.0,
        "PY_END_STOCK_TAG_AMT": 18008900000.0,
        "YOY": 0.0
      },
      {
        "YYYYMM": "202311",
        "ITEM_STD": "가방",
        "CY_END_STOCK_TAG_AMT": 0.0,
        "PY_END_STOCK_TAG_AMT": 13645265000.0,
        "YOY": 0.0
      },
      {
        "YYYYMM": "202311",
        "ITEM_STD": "과시즌 의류",
        "CY_END_STOCK_TAG_AMT": 0.0,
        "PY_END_STOCK_TAG_AMT": 7216914000.0,
        "YOY": 0.0
      },
      {
        "YYYYMM": "202311",
        "ITEM_STD": "기타ACC",
        "CY_END_STOCK_TAG_AMT": 0.0,
        "PY_END_STOCK_TAG_AMT": 3574450700.0,
        "YOY": 0.0
      },
      {
        "YYYYMM": "202311",
        "ITEM_STD": "모자",
        "CY_END_STOCK_TAG_AMT": 0.0,
        "PY_END_STOCK_TAG_AMT": 11482971000.0,
        "YOY": 0.0
      },
      {
        "YYYYMM": "202311",
        "ITEM_STD": "신발",
        "CY_END_STOCK_TAG_AMT": 0.0,
        "PY_END_STOCK_TAG_AMT": 13727593000.0,
        "YOY": 0.0
      },
      {
        "YYYYMM": "202311",
        "ITEM_STD": "차기시즌 의류",
        "CY_END_STOCK_TAG_AMT": 0.0,
        "PY_END_STOCK_TAG_AMT": 1615898000.0,
        "YOY": 0.0
      },
      {
        "YYYYMM": "202312",
        "ITEM_STD": "24F 의류",
        "CY_END_STOCK_TAG_AMT": 0.0,
        "PY_END_STOCK_TAG_AMT": 29612329000.0,
        "YOY": 0.0
      },
      {
        "YYYYMM": "202312",
        "ITEM_STD": "24S 의류",
        "CY_END_STOCK_TAG_AMT": 0.0,
        "PY_END_STOCK_TAG_AMT": 18007693000.0,
        "YOY": 0.0
      },
      {
        "YYYYMM": "202312",
        "ITEM_STD": "가방",
        "CY_END_STOCK_TAG_AMT": 0.0,
        "PY_END_STOCK_TAG_AMT": 12044660000.0,
        "YOY": 0.0
      },
      {
        "YYYYMM": "202312",
        "ITEM_STD": "과시즌 의류",
        "CY_END_STOCK_TAG_AMT": 0.0,
        "PY_END_STOCK_TAG_AMT": 6492501000.0,
        "YOY": 0.0
      },
      {
        "YYYYMM": "202312",
        "ITEM_STD": "기타ACC",
        "CY_END_STOCK_TAG_AMT": 0.0,
        "PY_END_STOCK_TAG_AMT": 3521671900.0,
        "YOY": 0.0
      },
      {
        "YYYYMM": "202312",
        "ITEM_STD": "모자",
        "CY_END_STOCK_TAG_AMT": 0.0,
        "PY_END_STOCK_TAG_AMT": 11395905000.0,
        "YOY": 0.0
      },
      {
        "YYYYMM": "202312",
        "ITEM_STD": "신발",
        "CY_END_STOCK_TAG_AMT": 0.0,
        "PY_END_STOCK_TAG_AMT": 14372369000.0,
        "YOY": 0.0
      },
      {
        "YYYYMM": "202312",
        "ITEM_STD": "차기시즌 의류",
        "CY_END_STOCK_TAG_AMT": 0.0,
        "PY_END_STOCK_TAG_AMT": 11534410000.0,
        "YOY": 0.0
      },
      {
        "YYYYMM": "202401",
        "ITEM_STD": "24S 의류",
        "CY_END_STOCK_TAG_AMT": 20911458000.0,
        "PY_END_STOCK_TAG_AMT": 0.0,
        "YOY": 0.0
      },
      {
        "YYYYMM": "202401",
        "ITEM_STD": "가방",
        "CY_END_STOCK_TAG_AMT": 9515709000.0,
        "PY_END_STOCK_TAG_AMT": 0.0,
        "YOY": 0.0
      },
      {
        "YYYYMM": "202401",
        "ITEM_STD": "과시즌 의류",
        "CY_END_STOCK_TAG_AMT": 48704387000.0,
        "PY_END_STOCK_TAG_AMT": 0.0,
        "YOY": 0.0
      },
      {
        "YYYYMM": "202401",
        "ITEM_STD": "기타ACC",
        "CY_END_STOCK_TAG_AMT": 3500398800.0,
        "PY_END_STOCK_TAG_AMT": 0.0,
        "YOY": 0.0
      },
      {
        "YYYYMM": "202401",
        "ITEM_STD": "모자",
        "CY_END_STOCK_TAG_AMT": 12416197000.0,
        "PY_END_STOCK_TAG_AMT": 0.0,
        "YOY": 0.0
      },
      {
        "YYYYMM": "202401",
        "ITEM_STD": "신발",
        "CY_END_STOCK_TAG_AMT": 14909405000.0,
        "PY_END_STOCK_TAG_AMT": 0.0,
        "YOY": 0.0
      },
      {
        "YYYYMM": "202402",
        "ITEM_STD": "24F 의류",
        "CY_END_STOCK_TAG_AMT": 0.0,
        "PY_END_STOCK_TAG_AMT": 0.0,
        "YOY": 0.0
      },
      {
        "YYYYMM": "202402",
        "ITEM_STD": "24S 의류",
        "CY_END_STOCK_TAG_AMT": 31664753000.0,
        "PY_END_STOCK_TAG_AMT": 0.0,
        "YOY": 0.0
      },
      {
        "YYYYMM": "202402",
        "ITEM_STD": "가방",
        "CY_END_STOCK_TAG_AMT": 7574860000.0,
        "PY_END_STOCK_TAG_AMT": 0.0,
        "YOY": 0.0
      }
    ],
    "total_records_count": 179
  }
}