{
  "country": "KR",
  "brand_cd": "ST",
  "brand_name": "SERGIO TACCHINI",
  "yyyymm": "202404",
  "yyyymm_py": "202304",
  "key": "월별아이템별매출추세",
  "analysis_data": {
    "title": "아이템별 매출 종합분석 (당해 1월~현재월)",
    "sections": [
      {
        "div": "종합분석-1",
        "sub_title": "시즌 트렌드",
        "ai_text": "• 23F 의류는 1월 112백만원에서 4월 7백만원으로 급격히 감소하며 시즌 종료 패턴을 보이고 있으며, 총 164백만원으로 전체의 18.5% 비중을 차지\n• 24S 의류는 1월 23백만원에서 4월 421백만원으로 월별 지속 증가하며 총 872백만원으로 전체의 53.8%를 차지하고 전년대비 1,124.5% 폭증\n• 과시즌 의류는 1월 8백만원에서 4월 59백만원으로 꾸준히 증가하며 총 118백만원으로 7.3% 비중을 보이며 안정적인 베이스 매출을 유지"
      },
      {
        "div": "종합분석-2",
        "sub_title": "카테고리",
        "ai_text": "• 신발은 월별 22~26백만원으로 안정적인 매출을 유지하며 총 95백만원으로 전년대비 2,116.5% 급성장하여 가장 높은 성장률을 기록\n• 모자는 1월 7백만원에서 4월 29백만원으로 지속 증가하며 총 65백만원으로 계절성에 따른 성장 패턴을 보임\n• 가방은 4월 29백만원으로 급증하며 총 78백만원을 기록했으나 1~3월은 14~18백만원으로 저조한 성과를 보여 불안정한 판매 패턴을 나타냄"
      },
      {
        "div": "종합분석-3",
        "sub_title": "핵심액션",
        "ai_text": "• 24S 의류의 폭발적 성장세를 활용하여 5~6월 성수기 대비 재고 확보와 마케팅 투자를 집중하여 성장 모멘텀을 지속 확대\n• 신발 카테고리의 높은 성장률을 바탕으로 신상품 라인업 확대와 크로스셀링 전략을 통해 의류 구매 고객의 신발 구매 전환율 제고\n• 가방 카테고리의 불안정한 판매 패턴 개선을 위해 월별 프로모션 기획과 번들 상품 구성을 통한 안정적 매출 기반 구축"
      }
    ]
  },
  "summary": {
    "total_sales": 1418.0,
    "unique_months": 4,
    "analysis_period": "2024년 01월 ~ 2024년 04월"
  },
  "season_items": [
    {
      "name": "24S 의류",
      "total_sales": 872.0,
      "months": {
        "01": 23.0,
        "02": 147.0,
        "03": 281.0,
        "04": 421.0
      },
      "avg_ratio": 53.75,
      "avg_yoy": 1124.5
    },
    {
      "name": "23F 의류",
      "total_sales": 164.0,
      "months": {
        "01": 112.0,
        "02": 36.0,
        "03": 9.0,
        "04": 7.0
      },
      "avg_ratio": 18.5,
      "avg_yoy": 0.0
    },
    {
      "name": "과시즌 의류",
      "total_sales": 118.0,
      "months": {
        "01": 8.0,
        "02": 12.0,
        "03": 39.0,
        "04": 59.0
      },
      "avg_ratio": 7.25,
      "avg_yoy": 0.0
    }
  ],
  "category_items": [
    {
      "name": "신발",
      "total_sales": 95.0,
      "months": {
        "01": 24.0,
        "02": 26.0,
        "03": 23.0,
        "04": 22.0
      },
      "avg_ratio": 8.0,
      "avg_yoy": 2116.5
    },
    {
      "name": "가방",
      "total_sales": 78.0,
      "months": {
        "01": 18.0,
        "02": 17.0,
        "03": 14.0,
        "04": 29.0
      },
      "avg_ratio": 6.25,
      "avg_yoy": 0.0
    },
    {
      "name": "모자",
      "total_sales": 65.0,
      "months": {
        "01": 7.0,
        "02": 11.0,
        "03": 18.0,
        "04": 29.0
      },
      "avg_ratio": 4.25,
      "avg_yoy": 0.0
    },
    {
      "name": "기타ACC",
      "total_sales": 27.0,
      "months": {
        "01": 4.0,
        "02": 5.0,
        "03": 7.0,
        "04": 11.0
      },
      "avg_ratio": 2.0,
      "avg_yoy": 574.25
    }
  ],
  "raw_data": {
    "sample_records": [
      {
        "MONTH": "01",
        "CHNL_NM": "전체",
        "SALE_AMT": 195.0,
        "RATIO": 100.0,
        "YOY": 0.0,
        "SEQ": 1
      },
      {
        "MONTH": "01",
        "CHNL_NM": "백화점",
        "SALE_AMT": 72.0,
        "RATIO": 37.0,
        "YOY": 0.0,
        "SEQ": 2
      },
      {
        "MONTH": "01",
        "CHNL_NM": "직영기타",
        "SALE_AMT": 39.0,
        "RATIO": 20.0,
        "YOY": 0.0,
        "SEQ": 2
      },
      {
        "MONTH": "01",
        "CHNL_NM": "제휴몰",
        "SALE_AMT": 17.0,
        "RATIO": 9.0,
        "YOY": 0.0,
        "SEQ": 2
      },
      {
        "MONTH": "01",
        "CHNL_NM": "자사몰",
        "SALE_AMT": 58.0,
        "RATIO": 30.0,
        "YOY": 0.0,
        "SEQ": 2
      },
      {
        "MONTH": "01",
        "CHNL_NM": "면세점",
        "SALE_AMT": 9.0,
        "RATIO": 5.0,
        "YOY": 0.0,
        "SEQ": 2
      },
      {
        "MONTH": "01",
        "CHNL_NM": "24S 의류",
        "SALE_AMT": 23.0,
        "RATIO": 12.0,
        "YOY": 0.0,
        "SEQ": 3
      },
      {
        "MONTH": "01",
        "CHNL_NM": "23F 의류",
        "SALE_AMT": 112.0,
        "RATIO": 57.0,
        "YOY": 0.0,
        "SEQ": 3
      },
      {
        "MONTH": "01",
        "CHNL_NM": "과시즌 의류",
        "SALE_AMT": 8.0,
        "RATIO": 4.0,
        "YOY": 0.0,
        "SEQ": 3
      },
      {
        "MONTH": "01",
        "CHNL_NM": "모자",
        "SALE_AMT": 7.0,
        "RATIO": 3.0,
        "YOY": 0.0,
        "SEQ": 3
      },
      {
        "MONTH": "01",
        "CHNL_NM": "신발",
        "SALE_AMT": 24.0,
        "RATIO": 12.0,
        "YOY": 0.0,
        "SEQ": 3
      },
      {
        "MONTH": "01",
        "CHNL_NM": "가방",
        "SALE_AMT": 18.0,
        "RATIO": 9.0,
        "YOY": 0.0,
        "SEQ": 3
      },
      {
        "MONTH": "01",
        "CHNL_NM": "기타ACC",
        "SALE_AMT": 4.0,
        "RATIO": 2.0,
        "YOY": 0.0,
        "SEQ": 3
      },
      {
        "MONTH": "02",
        "CHNL_NM": "전체",
        "SALE_AMT": 253.0,
        "RATIO": 100.0,
        "YOY": 0.0,
        "SEQ": 1
      },
      {
        "MONTH": "02",
        "CHNL_NM": "백화점",
        "SALE_AMT": 90.0,
        "RATIO": 35.0,
        "YOY": 0.0,
        "SEQ": 2
      },
      {
        "MONTH": "02",
        "CHNL_NM": "직영기타",
        "SALE_AMT": 76.0,
        "RATIO": 30.0,
        "YOY": 0.0,
        "SEQ": 2
      },
      {
        "MONTH": "02",
        "CHNL_NM": "제휴몰",
        "SALE_AMT": 11.0,
        "RATIO": 4.0,
        "YOY": 0.0,
        "SEQ": 2
      },
      {
        "MONTH": "02",
        "CHNL_NM": "자사몰",
        "SALE_AMT": 68.0,
        "RATIO": 27.0,
        "YOY": 0.0,
        "SEQ": 2
      },
      {
        "MONTH": "02",
        "CHNL_NM": "면세점",
        "SALE_AMT": 7.0,
        "RATIO": 3.0,
        "YOY": 0.0,
        "SEQ": 2
      },
      {
        "MONTH": "02",
        "CHNL_NM": "24S 의류",
        "SALE_AMT": 147.0,
        "RATIO": 58.0,
        "YOY": 0.0,
        "SEQ": 3
      },
      {
        "MONTH": "02",
        "CHNL_NM": "23F 의류",
        "SALE_AMT": 36.0,
        "RATIO": 14.0,
        "YOY": 0.0,
        "SEQ": 3
      },
      {
        "MONTH": "02",
        "CHNL_NM": "과시즌 의류",
        "SALE_AMT": 12.0,
        "RATIO": 5.0,
        "YOY": 0.0,
        "SEQ": 3
      },
      {
        "MONTH": "02",
        "CHNL_NM": "모자",
        "SALE_AMT": 11.0,
        "RATIO": 4.0,
        "YOY": 0.0,
        "SEQ": 3
      },
      {
        "MONTH": "02",
        "CHNL_NM": "신발",
        "SALE_AMT": 26.0,
        "RATIO": 10.0,
        "YOY": 0.0,
        "SEQ": 3
      },
      {
        "MONTH": "02",
        "CHNL_NM": "가방",
        "SALE_AMT": 17.0,
        "RATIO": 7.0,
        "YOY": 0.0,
        "SEQ": 3
      },
      {
        "MONTH": "02",
        "CHNL_NM": "기타ACC",
        "SALE_AMT": 5.0,
        "RATIO": 2.0,
        "YOY": 0.0,
        "SEQ": 3
      },
      {
        "MONTH": "03",
        "CHNL_NM": "전체",
        "SALE_AMT": 392.0,
        "RATIO": 100.0,
        "YOY": 0.0,
        "SEQ": 1
      },
      {
        "MONTH": "03",
        "CHNL_NM": "백화점",
        "SALE_AMT": 117.0,
        "RATIO": 30.0,
        "YOY": 0.0,
        "SEQ": 2
      },
      {
        "MONTH": "03",
        "CHNL_NM": "직영기타",
        "SALE_AMT": 109.0,
        "RATIO": 28.0,
        "YOY": 0.0,
        "SEQ": 2
      },
      {
        "MONTH": "03",
        "CHNL_NM": "제휴몰",
        "SALE_AMT": 21.0,
        "RATIO": 5.0,
        "YOY": 0.0,
        "SEQ": 2
      },
      {
        "MONTH": "03",
        "CHNL_NM": "자사몰",
        "SALE_AMT": 96.0,
        "RATIO": 25.0,
        "YOY": 0.0,
        "SEQ": 2
      },
      {
        "MONTH": "03",
        "CHNL_NM": "면세점",
        "SALE_AMT": 25.0,
        "RATIO": 6.0,
        "YOY": 0.0,
        "SEQ": 2
      },
      {
        "MONTH": "03",
        "CHNL_NM": "아울렛",
        "SALE_AMT": 25.0,
        "RATIO": 6.0,
        "YOY": 0.0,
        "SEQ": 2
      },
      {
        "MONTH": "03",
        "CHNL_NM": "24S 의류",
        "SALE_AMT": 281.0,
        "RATIO": 72.0,
        "YOY": 0.0,
        "SEQ": 3
      },
      {
        "MONTH": "03",
        "CHNL_NM": "23F 의류",
        "SALE_AMT": 9.0,
        "RATIO": 2.0,
        "YOY": 0.0,
        "SEQ": 3
      },
      {
        "MONTH": "03",
        "CHNL_NM": "과시즌 의류",
        "SALE_AMT": 39.0,
        "RATIO": 10.0,
        "YOY": 0.0,
        "SEQ": 3
      },
      {
        "MONTH": "03",
        "CHNL_NM": "모자",
        "SALE_AMT": 18.0,
        "RATIO": 5.0,
        "YOY": 0.0,
        "SEQ": 3
      },
      {
        "MONTH": "03",
        "CHNL_NM": "신발",
        "SALE_AMT": 23.0,
        "RATIO": 6.0,
        "YOY": 0.0,
        "SEQ": 3
      },
      {
        "MONTH": "03",
        "CHNL_NM": "가방",
        "SALE_AMT": 14.0,
        "RATIO": 4.0,
        "YOY": 0.0,
        "SEQ": 3
      },
      {
        "MONTH": "03",
        "CHNL_NM": "기타ACC",
        "SALE_AMT": 7.0,
        "RATIO": 2.0,
        "YOY": 0.0,
        "SEQ": 3
      },
      {
        "MONTH": "04",
        "CHNL_NM": "전체",
        "SALE_AMT": 578.0,
        "RATIO": 100.0,
        "YOY": 5722.0,
        "SEQ": 1
      },
      {
        "MONTH": "04",
        "CHNL_NM": "백화점",
        "SALE_AMT": 160.0,
        "RATIO": 28.0,
        "YOY": 0.0,
        "SEQ": 2
      },
      {
        "MONTH": "04",
        "CHNL_NM": "직영기타",
        "SALE_AMT": 111.0,
        "RATIO": 19.0,
        "YOY": 0.0,
        "SEQ": 2
      },
      {
        "MONTH": "04",
        "CHNL_NM": "제휴몰",
        "SALE_AMT": 50.0,
        "RATIO": 9.0,
        "YOY": 0.0,
        "SEQ": 2
      },
      {
        "MONTH": "04",
        "CHNL_NM": "자사몰",
        "SALE_AMT": 170.0,
        "RATIO": 29.0,
        "YOY": 1683.0,
        "SEQ": 2
      },
      {
        "MONTH": "04",
        "CHNL_NM": "면세점",
        "SALE_AMT": 46.0,
        "RATIO": 8.0,
        "YOY": 0.0,
        "SEQ": 2
      },
      {
        "MONTH": "04",
        "CHNL_NM": "아울렛",
        "SALE_AMT": 41.0,
        "RATIO": 7.0,
        "YOY": 0.0,
        "SEQ": 2
      },
      {
        "MONTH": "04",
        "CHNL_NM": "24S 의류",
        "SALE_AMT": 421.0,
        "RATIO": 73.0,
        "YOY": 4498.0,
        "SEQ": 3
      },
      {
        "MONTH": "04",
        "CHNL_NM": "23F 의류",
        "SALE_AMT": 7.0,
        "RATIO": 1.0,
        "YOY": 0.0,
        "SEQ": 3
      },
      {
        "MONTH": "04",
        "CHNL_NM": "과시즌 의류",
        "SALE_AMT": 59.0,
        "RATIO": 10.0,
        "YOY": 0.0,
        "SEQ": 3
      },
      {
        "MONTH": "04",
        "CHNL_NM": "모자",
        "SALE_AMT": 29.0,
        "RATIO": 5.0,
        "YOY": 0.0,
        "SEQ": 3
      },
      {
        "MONTH": "04",
        "CHNL_NM": "신발",
        "SALE_AMT": 22.0,
        "RATIO": 4.0,
        "YOY": 8466.0,
        "SEQ": 3
      },
      {
        "MONTH": "04",
        "CHNL_NM": "가방",
        "SALE_AMT": 29.0,
        "RATIO": 5.0,
        "YOY": 0.0,
        "SEQ": 3
      },
      {
        "MONTH": "04",
        "CHNL_NM": "기타ACC",
        "SALE_AMT": 11.0,
        "RATIO": 2.0,
        "YOY": 2297.0,
        "SEQ": 3
      }
    ],
    "total_records_count": 54
  }
}