{
  "country": "KR",
  "brand_cd": "W",
  "brand_name": "SUPRA",
  "yyyymm": "202411",
  "yyyymm_py": "202311",
  "key": "매장효율성",
  "sub_key": "종합분석",
  "analysis_data": {
    "title": "매장효율성 종합분석",
    "sections": [
      {
        "div": "종합분석-1",
        "sub_title": "우수 점포 생산성",
        "ai_text": "직영점 채널이 점포당 매출 66백만원으로 가장 높은 생산성을 보이며, 전년 35백만원 대비 190.4% 증가하는 탁월한 성과를 달성했습니다.\n점포 수는 2개에서 3개로 1개 증가했음에도 불구하고 점포당 매출이 크게 개선되어, 매장 운영 효율성과 브랜드 경쟁력이 동시에 향상된 것으로 분석됩니다.\n직영점의 성공 요인은 통합된 운영 관리와 일관된 브랜드 경험 제공으로 추정되며, 이는 다른 채널에 벤치마킹할 수 있는 우수 사례입니다.\n직영점 모델을 기반으로 한 운영 노하우와 매장 관리 시스템이 SUPRA 브랜드의 핵심 경쟁력으로 작용하고 있습니다."
      },
      {
        "div": "종합분석-2",
        "sub_title": "대응 필요 매장",
        "ai_text": "면세점 채널은 점포당 매출 59백만원으로 직영점 대비 7백만원 낮은 수준이며, 전년 20백만원 대비 295.1% 증가했음에도 절대적 매출 규모에서 개선 여지가 있습니다.\n점포 수가 3개에서 2개로 1개 감소하여 매장 접근성과 시장 커버리지 측면에서 제약이 발생하고 있습니다.\n면세점 특성상 외국인 관광객 의존도가 높아 시장 변동성에 취약하며, 안정적인 매출 확보를 위한 전략적 접근이 필요한 상황입니다.\n점포당 매출은 개선되었으나 점포 수 감소로 인한 총 매출 기회 손실을 보완할 수 있는 대안적 판매 채널 확보가 시급합니다."
      },
      {
        "div": "종합분석-3",
        "sub_title": "AI 권장사항",
        "ai_text": "직영점의 우수한 운영 모델을 면세점에 적용하여 매장 관리 시스템과 고객 서비스 표준을 통일화하고, 면세점 점포당 매출을 70백만원 수준으로 향상시켜야 합니다.\n면세점 채널의 점포 수 확대를 통해 시장 접근성을 높이고, 외국인 관광객 대상 마케팅과 면세점 특화 상품 라인업을 강화해야 합니다.\n직영점과 면세점 간 재고 공유 시스템과 크로스 채널 프로모션을 도입하여 채널 간 시너지 효과를 극대화하고 전체 매출 효율성을 향상시켜야 합니다.\n디지털 매장 관리 시스템과 실시간 매출 모니터링 도구를 도입하여 채널별 성과를 지속적으로 추적하고 즉시 대응할 수 있는 체계를 구축해야 합니다."
      },
      {
        "div": "종합분석-4",
        "sub_title": "최적의 시나리오",
        "ai_text": "2025년 목표로 직영점 점포당 매출 75백만원, 면세점 점포당 매출 70백만원을 달성하여 전체 점포당 평균 매출을 72백만원까지 향상시키는 것을 목표로 설정합니다.\n면세점 점포 수를 3개로 복원하고 직영점을 4개로 확대하여 총 7개 점포 운영을 통해 채널 다각화와 시장 커버리지를 강화합니다.\n통합 매장 운영 시스템 도입과 채널별 특화 전략 실행을 통해 6개월 내 점포당 매출 10% 추가 향상을 달성하고, 연간 총 매출 500백만원 돌파를 목표로 합니다.\n우수 점포 운영 모델을 표준화하여 신규 점포 개설 시 즉시 적용 가능한 매뉴얼을 구축하고, 지속적인 성장 기반을 마련합니다."
      }
    ]
  },
  "summary": {
    "total_shop_amt_cy": 63.0,
    "total_shop_amt_py": 26.0,
    "total_shop_cnt_cy": 5,
    "total_shop_cnt_py": 5,
    "yoy": 242.3,
    "unique_channels": 2,
    "analysis_period": "2023년 11월 vs 2024년 11월"
  },
  "channel_summary": {
    "직영점": {
      "shop_amt_cy": 66.0,
      "shop_amt_py": 35.0,
      "shop_cnt_cy": 3,
      "shop_cnt_py": 2,
      "yoy": 190.4
    },
    "면세점": {
      "shop_amt_cy": 59.0,
      "shop_amt_py": 20.0,
      "shop_cnt_cy": 2,
      "shop_cnt_py": 3,
      "yoy": 295.1
    }
  },
  "excellent_channels": [
    {
      "chnl_nm": "직영점",
      "shop_amt_cy": 66.0,
      "shop_amt_py": 35.0,
      "yoy": 190.4,
      "shop_cnt_cy": 3
    }
  ],
  "warning_channels": [
    {
      "chnl_nm": "면세점",
      "shop_amt_cy": 59.0,
      "shop_amt_py": 20.0,
      "yoy": 295.1,
      "shop_cnt_cy": 2
    }
  ],
  "raw_data": {
    "sample_records": [
      {
        "CHNL_NM": "직영점",
        "SHOP_CNT_CY": 3,
        "SHOP_CNT_PY": 2,
        "SHOP_AMT_CY": 66.0,
        "SHOP_AMT_PY": 35.0,
        "YOY": 190.4,
        "SEQ": 2
      },
      {
        "CHNL_NM": "면세점",
        "SHOP_CNT_CY": 2,
        "SHOP_CNT_PY": 3,
        "SHOP_AMT_CY": 59.0,
        "SHOP_AMT_PY": 20.0,
        "YOY": 295.1,
        "SEQ": 2
      },
      {
        "CHNL_NM": "전체",
        "SHOP_CNT_CY": 5,
        "SHOP_CNT_PY": 5,
        "SHOP_AMT_CY": 63.0,
        "SHOP_AMT_PY": 26.0,
        "YOY": 244.7,
        "SEQ": 1
      },
      {
        "CHNL_NM": "면세 제외",
        "SHOP_CNT_CY": 3,
        "SHOP_CNT_PY": 2,
        "SHOP_AMT_CY": 66.0,
        "SHOP_AMT_PY": 35.0,
        "YOY": 190.4,
        "SEQ": 3
      }
    ],
    "total_records_count": 4
  }
}