{
  "country": "KR",
  "brand_cd": "W",
  "brand_name": "SUPRA",
  "yyyymm": "202407",
  "yyyymm_py": "202307",
  "key": "월별아이템별매출추세",
  "analysis_data": {
    "title": "아이템별 매출 종합분석 (당해 1월~현재월)",
    "sections": [
      {
        "div": "종합분석-1",
        "sub_title": "시즌 트렌드",
        "ai_text": "• 24S 의류는 799백만원으로 전체 매출의 47.8%를 차지하며 3-4월 피크(366백만원) 후 안정적 판매세를 보이고 있음\n• 23F 의류는 171백만원으로 1월 70백만원에서 시작해 자연스러운 시즌 종료 패턴을 보이며 7월 완전 소진됨\n• 과시즌 의류는 154백만원으로 꾸준한 베이스 수요를 유지하고 있으나 전체 비중 9.2%로 상대적으로 낮은 기여도를 보임"
      },
      {
        "div": "종합분석-2",
        "sub_title": "카테고리",
        "ai_text": "• 신발은 335백만원으로 가장 안정적인 카테고리이며 월평균 48백만원의 꾸준한 매출을 기록하여 전체의 20.0% 비중을 차지함\n• 모자는 87백만원으로 3-5월 성수기(52백만원)에 집중된 매출 패턴을 보이며 계절성이 뚜렷한 아이템으로 확인됨\n• 가방은 60백만원으로 3-4월 피크(24백만원) 이후 하락세를 보이고 있어 하반기 판매 전략 강화가 필요한 상황임"
      },
      {
        "div": "종합분석-3",
        "sub_title": "핵심액션",
        "ai_text": "• 24S 의류의 하반기 매출 하락세 대응을 위해 8-9월 프로모션 강화 및 신상품 출시 타이밍을 앞당겨 판매 동력 확보\n• 신발 카테고리의 안정적 성과를 활용하여 프리미엄 라인 확대 및 크로스셀링을 통한 객단가 상승 전략 실행\n• 가방과 모자의 계절성 극복을 위해 사계절 활용 가능한 베이직 라인 강화 및 번들 상품 기획으로 연중 매출 안정화 추진"
      }
    ]
  },
  "summary": {
    "total_sales": 1672.0,
    "unique_months": 7,
    "analysis_period": "2024년 01월 ~ 2024년 07월"
  },
  "season_items": [
    {
      "name": "24S 의류",
      "total_sales": 799.0,
      "months": {
        "01": 3.0,
        "02": 28.0,
        "03": 163.0,
        "04": 203.0,
        "05": 179.0,
        "06": 129.0,
        "07": 94.0
      },
      "avg_ratio": 43.57142857142857,
      "avg_yoy": 2116.0
    },
    {
      "name": "23F 의류",
      "total_sales": 171.0,
      "months": {
        "01": 70.0,
        "02": 44.0,
        "03": 28.0,
        "04": 15.0,
        "05": 9.0,
        "06": 5.0,
        "07": 0.0
      },
      "avg_ratio": 12.571428571428571,
      "avg_yoy": 893.4285714285714
    },
    {
      "name": "과시즌 의류",
      "total_sales": 154.0,
      "months": {
        "01": 65.0,
        "02": 20.0,
        "03": 20.0,
        "04": 27.0,
        "05": 9.0,
        "06": 4.0,
        "07": 9.0
      },
      "avg_ratio": 10.428571428571429,
      "avg_yoy": 3067.285714285714
    }
  ],
  "category_items": [
    {
      "name": "신발",
      "total_sales": 335.0,
      "months": {
        "01": 46.0,
        "02": 28.0,
        "03": 46.0,
        "04": 51.0,
        "05": 55.0,
        "06": 51.0,
        "07": 58.0
      },
      "avg_ratio": 20.857142857142858,
      "avg_yoy": 951.5714285714286
    },
    {
      "name": "모자",
      "total_sales": 87.0,
      "months": {
        "01": 6.0,
        "02": 7.0,
        "03": 17.0,
        "04": 16.0,
        "05": 19.0,
        "06": 11.0,
        "07": 11.0
      },
      "avg_ratio": 5.142857142857143,
      "avg_yoy": 5947.714285714285
    },
    {
      "name": "가방",
      "total_sales": 60.0,
      "months": {
        "01": 7.0,
        "02": 7.0,
        "03": 13.0,
        "04": 11.0,
        "05": 10.0,
        "06": 7.0,
        "07": 5.0
      },
      "avg_ratio": 3.5714285714285716,
      "avg_yoy": 4734.571428571428
    },
    {
      "name": "기타ACC",
      "total_sales": 10.0,
      "months": {
        "01": 1.0,
        "02": 1.0,
        "03": 3.0,
        "04": 1.0,
        "05": 2.0,
        "06": 1.0,
        "07": 1.0
      },
      "avg_ratio": 0.5714285714285714,
      "avg_yoy": 751.4285714285714
    }
  ],
  "raw_data": {
    "sample_records": [
      {
        "MONTH": "01",
        "CHNL_NM": "전체",
        "SALE_AMT": 198.0,
        "RATIO": 100.0,
        "YOY": 2614.0,
        "SEQ": 1
      },
      {
        "MONTH": "01",
        "CHNL_NM": "직영기타",
        "SALE_AMT": 68.0,
        "RATIO": 34.0,
        "YOY": 0.0,
        "SEQ": 2
      },
      {
        "MONTH": "01",
        "CHNL_NM": "제휴몰",
        "SALE_AMT": 16.0,
        "RATIO": 8.0,
        "YOY": 2303.0,
        "SEQ": 2
      },
      {
        "MONTH": "01",
        "CHNL_NM": "자사몰",
        "SALE_AMT": 12.0,
        "RATIO": 6.0,
        "YOY": 180.0,
        "SEQ": 2
      },
      {
        "MONTH": "01",
        "CHNL_NM": "면세점",
        "SALE_AMT": 101.0,
        "RATIO": 51.0,
        "YOY": 0.0,
        "SEQ": 2
      },
      {
        "MONTH": "01",
        "CHNL_NM": "24S 의류",
        "SALE_AMT": 3.0,
        "RATIO": 2.0,
        "YOY": 0.0,
        "SEQ": 3
      },
      {
        "MONTH": "01",
        "CHNL_NM": "23F 의류",
        "SALE_AMT": 70.0,
        "RATIO": 35.0,
        "YOY": 973.0,
        "SEQ": 3
      },
      {
        "MONTH": "01",
        "CHNL_NM": "과시즌 의류",
        "SALE_AMT": 65.0,
        "RATIO": 33.0,
        "YOY": 16292.0,
        "SEQ": 3
      },
      {
        "MONTH": "01",
        "CHNL_NM": "모자",
        "SALE_AMT": 6.0,
        "RATIO": 3.0,
        "YOY": 0.0,
        "SEQ": 3
      },
      {
        "MONTH": "01",
        "CHNL_NM": "신발",
        "SALE_AMT": 46.0,
        "RATIO": 23.0,
        "YOY": 0.0,
        "SEQ": 3
      },
      {
        "MONTH": "01",
        "CHNL_NM": "가방",
        "SALE_AMT": 7.0,
        "RATIO": 4.0,
        "YOY": 0.0,
        "SEQ": 3
      },
      {
        "MONTH": "01",
        "CHNL_NM": "기타ACC",
        "SALE_AMT": 1.0,
        "RATIO": 0.0,
        "YOY": 0.0,
        "SEQ": 3
      },
      {
        "MONTH": "02",
        "CHNL_NM": "전체",
        "SALE_AMT": 134.0,
        "RATIO": 100.0,
        "YOY": 2937.0,
        "SEQ": 1
      },
      {
        "MONTH": "02",
        "CHNL_NM": "직영기타",
        "SALE_AMT": 94.0,
        "RATIO": 70.0,
        "YOY": 0.0,
        "SEQ": 2
      },
      {
        "MONTH": "02",
        "CHNL_NM": "제휴몰",
        "SALE_AMT": 7.0,
        "RATIO": 5.0,
        "YOY": 244.0,
        "SEQ": 2
      },
      {
        "MONTH": "02",
        "CHNL_NM": "자사몰",
        "SALE_AMT": 3.0,
        "RATIO": 2.0,
        "YOY": 172.0,
        "SEQ": 2
      },
      {
        "MONTH": "02",
        "CHNL_NM": "면세점",
        "SALE_AMT": 31.0,
        "RATIO": 23.0,
        "YOY": 0.0,
        "SEQ": 2
      },
      {
        "MONTH": "02",
        "CHNL_NM": "24S 의류",
        "SALE_AMT": 28.0,
        "RATIO": 21.0,
        "YOY": 5797.0,
        "SEQ": 3
      },
      {
        "MONTH": "02",
        "CHNL_NM": "23F 의류",
        "SALE_AMT": 44.0,
        "RATIO": 33.0,
        "YOY": 1748.0,
        "SEQ": 3
      },
      {
        "MONTH": "02",
        "CHNL_NM": "과시즌 의류",
        "SALE_AMT": 20.0,
        "RATIO": 15.0,
        "YOY": 1440.0,
        "SEQ": 3
      },
      {
        "MONTH": "02",
        "CHNL_NM": "모자",
        "SALE_AMT": 7.0,
        "RATIO": 5.0,
        "YOY": 5928.0,
        "SEQ": 3
      },
      {
        "MONTH": "02",
        "CHNL_NM": "신발",
        "SALE_AMT": 28.0,
        "RATIO": 21.0,
        "YOY": 0.0,
        "SEQ": 3
      },
      {
        "MONTH": "02",
        "CHNL_NM": "가방",
        "SALE_AMT": 7.0,
        "RATIO": 5.0,
        "YOY": 13727.0,
        "SEQ": 3
      },
      {
        "MONTH": "02",
        "CHNL_NM": "기타ACC",
        "SALE_AMT": 1.0,
        "RATIO": 0.0,
        "YOY": 0.0,
        "SEQ": 3
      },
      {
        "MONTH": "03",
        "CHNL_NM": "전체",
        "SALE_AMT": 290.0,
        "RATIO": 100.0,
        "YOY": 3716.0,
        "SEQ": 1
      },
      {
        "MONTH": "03",
        "CHNL_NM": "직영기타",
        "SALE_AMT": 169.0,
        "RATIO": 58.0,
        "YOY": 0.0,
        "SEQ": 2
      },
      {
        "MONTH": "03",
        "CHNL_NM": "제휴몰",
        "SALE_AMT": 16.0,
        "RATIO": 6.0,
        "YOY": 332.0,
        "SEQ": 2
      },
      {
        "MONTH": "03",
        "CHNL_NM": "자사몰",
        "SALE_AMT": 5.0,
        "RATIO": 2.0,
        "YOY": 180.0,
        "SEQ": 2
      },
      {
        "MONTH": "03",
        "CHNL_NM": "면세점",
        "SALE_AMT": 99.0,
        "RATIO": 34.0,
        "YOY": 0.0,
        "SEQ": 2
      },
      {
        "MONTH": "03",
        "CHNL_NM": "24S 의류",
        "SALE_AMT": 163.0,
        "RATIO": 56.0,
        "YOY": 5164.0,
        "SEQ": 3
      },
      {
        "MONTH": "03",
        "CHNL_NM": "23F 의류",
        "SALE_AMT": 28.0,
        "RATIO": 10.0,
        "YOY": 1562.0,
        "SEQ": 3
      },
      {
        "MONTH": "03",
        "CHNL_NM": "과시즌 의류",
        "SALE_AMT": 20.0,
        "RATIO": 7.0,
        "YOY": 1153.0,
        "SEQ": 3
      },
      {
        "MONTH": "03",
        "CHNL_NM": "모자",
        "SALE_AMT": 17.0,
        "RATIO": 6.0,
        "YOY": 28013.0,
        "SEQ": 3
      },
      {
        "MONTH": "03",
        "CHNL_NM": "신발",
        "SALE_AMT": 46.0,
        "RATIO": 16.0,
        "YOY": 5097.0,
        "SEQ": 3
      },
      {
        "MONTH": "03",
        "CHNL_NM": "가방",
        "SALE_AMT": 13.0,
        "RATIO": 4.0,
        "YOY": 8532.0,
        "SEQ": 3
      },
      {
        "MONTH": "03",
        "CHNL_NM": "기타ACC",
        "SALE_AMT": 3.0,
        "RATIO": 1.0,
        "YOY": 0.0,
        "SEQ": 3
      },
      {
        "MONTH": "04",
        "CHNL_NM": "전체",
        "SALE_AMT": 327.0,
        "RATIO": 100.0,
        "YOY": 1767.0,
        "SEQ": 1
      },
      {
        "MONTH": "04",
        "CHNL_NM": "백화점",
        "SALE_AMT": 0.0,
        "RATIO": 0.0,
        "YOY": 0.0,
        "SEQ": 2
      },
      {
        "MONTH": "04",
        "CHNL_NM": "직영기타",
        "SALE_AMT": 131.0,
        "RATIO": 40.0,
        "YOY": 0.0,
        "SEQ": 2
      },
      {
        "MONTH": "04",
        "CHNL_NM": "제휴몰",
        "SALE_AMT": 19.0,
        "RATIO": 6.0,
        "YOY": 432.0,
        "SEQ": 2
      },
      {
        "MONTH": "04",
        "CHNL_NM": "자사몰",
        "SALE_AMT": 6.0,
        "RATIO": 2.0,
        "YOY": 83.0,
        "SEQ": 2
      },
      {
        "MONTH": "04",
        "CHNL_NM": "면세점",
        "SALE_AMT": 170.0,
        "RATIO": 52.0,
        "YOY": 0.0,
        "SEQ": 2
      },
      {
        "MONTH": "04",
        "CHNL_NM": "24S 의류",
        "SALE_AMT": 203.0,
        "RATIO": 62.0,
        "YOY": 1993.0,
        "SEQ": 3
      },
      {
        "MONTH": "04",
        "CHNL_NM": "23F 의류",
        "SALE_AMT": 15.0,
        "RATIO": 5.0,
        "YOY": 1626.0,
        "SEQ": 3
      },
      {
        "MONTH": "04",
        "CHNL_NM": "과시즌 의류",
        "SALE_AMT": 27.0,
        "RATIO": 8.0,
        "YOY": 2362.0,
        "SEQ": 3
      },
      {
        "MONTH": "04",
        "CHNL_NM": "모자",
        "SALE_AMT": 16.0,
        "RATIO": 5.0,
        "YOY": 3301.0,
        "SEQ": 3
      },
      {
        "MONTH": "04",
        "CHNL_NM": "신발",
        "SALE_AMT": 51.0,
        "RATIO": 16.0,
        "YOY": 895.0,
        "SEQ": 3
      },
      {
        "MONTH": "04",
        "CHNL_NM": "가방",
        "SALE_AMT": 11.0,
        "RATIO": 3.0,
        "YOY": 0.0,
        "SEQ": 3
      },
      {
        "MONTH": "04",
        "CHNL_NM": "기타ACC",
        "SALE_AMT": 1.0,
        "RATIO": 0.0,
        "YOY": 2060.0,
        "SEQ": 3
      },
      {
        "MONTH": "04",
        "CHNL_NM": "차기시즌 의류",
        "SALE_AMT": 2.0,
        "RATIO": 1.0,
        "YOY": 0.0,
        "SEQ": 3
      },
      {
        "MONTH": "05",
        "CHNL_NM": "전체",
        "SALE_AMT": 300.0,
        "RATIO": 100.0,
        "YOY": 533.0,
        "SEQ": 1
      },
      {
        "MONTH": "05",
        "CHNL_NM": "백화점",
        "SALE_AMT": 0.0,
        "RATIO": 0.0,
        "YOY": 0.0,
        "SEQ": 2
      },
      {
        "MONTH": "05",
        "CHNL_NM": "직영기타",
        "SALE_AMT": 171.0,
        "RATIO": 57.0,
        "YOY": 0.0,
        "SEQ": 2
      },
      {
        "MONTH": "05",
        "CHNL_NM": "제휴몰",
        "SALE_AMT": 23.0,
        "RATIO": 8.0,
        "YOY": 691.0,
        "SEQ": 2
      },
      {
        "MONTH": "05",
        "CHNL_NM": "자사몰",
        "SALE_AMT": 14.0,
        "RATIO": 5.0,
        "YOY": 158.0,
        "SEQ": 2
      },
      {
        "MONTH": "05",
        "CHNL_NM": "면세점",
        "SALE_AMT": 92.0,
        "RATIO": 31.0,
        "YOY": 322.0,
        "SEQ": 2
      },
      {
        "MONTH": "05",
        "CHNL_NM": "24S 의류",
        "SALE_AMT": 179.0,
        "RATIO": 60.0,
        "YOY": 712.0,
        "SEQ": 3
      },
      {
        "MONTH": "05",
        "CHNL_NM": "23F 의류",
        "SALE_AMT": 9.0,
        "RATIO": 3.0,
        "YOY": 253.0,
        "SEQ": 3
      },
      {
        "MONTH": "05",
        "CHNL_NM": "과시즌 의류",
        "SALE_AMT": 9.0,
        "RATIO": 3.0,
        "YOY": 132.0,
        "SEQ": 3
      },
      {
        "MONTH": "05",
        "CHNL_NM": "모자",
        "SALE_AMT": 19.0,
        "RATIO": 6.0,
        "YOY": 2443.0,
        "SEQ": 3
      },
      {
        "MONTH": "05",
        "CHNL_NM": "신발",
        "SALE_AMT": 55.0,
        "RATIO": 18.0,
        "YOY": 278.0,
        "SEQ": 3
      },
      {
        "MONTH": "05",
        "CHNL_NM": "가방",
        "SALE_AMT": 10.0,
        "RATIO": 3.0,
        "YOY": 0.0,
        "SEQ": 3
      },
      {
        "MONTH": "05",
        "CHNL_NM": "기타ACC",
        "SALE_AMT": 2.0,
        "RATIO": 1.0,
        "YOY": 1823.0,
        "SEQ": 3
      },
      {
        "MONTH": "05",
        "CHNL_NM": "차기시즌 의류",
        "SALE_AMT": 17.0,
        "RATIO": 6.0,
        "YOY": 0.0,
        "SEQ": 3
      },
      {
        "MONTH": "06",
        "CHNL_NM": "전체",
        "SALE_AMT": 220.0,
        "RATIO": 100.0,
        "YOY": 285.0,
        "SEQ": 1
      },
      {
        "MONTH": "06",
        "CHNL_NM": "백화점",
        "SALE_AMT": 0.0,
        "RATIO": 0.0,
        "YOY": 0.0,
        "SEQ": 2
      },
      {
        "MONTH": "06",
        "CHNL_NM": "직영기타",
        "SALE_AMT": 138.0,
        "RATIO": 63.0,
        "YOY": 0.0,
        "SEQ": 2
      },
      {
        "MONTH": "06",
        "CHNL_NM": "제휴몰",
        "SALE_AMT": 20.0,
        "RATIO": 9.0,
        "YOY": 264.0,
        "SEQ": 2
      },
      {
        "MONTH": "06",
        "CHNL_NM": "자사몰",
        "SALE_AMT": 13.0,
        "RATIO": 6.0,
        "YOY": 150.0,
        "SEQ": 2
      },
      {
        "MONTH": "06",
        "CHNL_NM": "면세점",
        "SALE_AMT": 48.0,
        "RATIO": 22.0,
        "YOY": 95.0,
        "SEQ": 2
      },
      {
        "MONTH": "06",
        "CHNL_NM": "24S 의류",
        "SALE_AMT": 129.0,
        "RATIO": 58.0,
        "YOY": 533.0,
        "SEQ": 3
      },
      {
        "MONTH": "06",
        "CHNL_NM": "23F 의류",
        "SALE_AMT": 5.0,
        "RATIO": 2.0,
        "YOY": 95.0,
        "SEQ": 3
      },
      {
        "MONTH": "06",
        "CHNL_NM": "과시즌 의류",
        "SALE_AMT": 4.0,
        "RATIO": 2.0,
        "YOY": 23.0,
        "SEQ": 3
      },
      {
        "MONTH": "06",
        "CHNL_NM": "모자",
        "SALE_AMT": 11.0,
        "RATIO": 5.0,
        "YOY": 1342.0,
        "SEQ": 3
      },
      {
        "MONTH": "06",
        "CHNL_NM": "신발",
        "SALE_AMT": 51.0,
        "RATIO": 23.0,
        "YOY": 170.0,
        "SEQ": 3
      },
      {
        "MONTH": "06",
        "CHNL_NM": "가방",
        "SALE_AMT": 7.0,
        "RATIO": 3.0,
        "YOY": 0.0,
        "SEQ": 3
      },
      {
        "MONTH": "06",
        "CHNL_NM": "기타ACC",
        "SALE_AMT": 1.0,
        "RATIO": 1.0,
        "YOY": 492.0,
        "SEQ": 3
      },
      {
        "MONTH": "06",
        "CHNL_NM": "차기시즌 의류",
        "SALE_AMT": 13.0,
        "RATIO": 6.0,
        "YOY": 0.0,
        "SEQ": 3
      },
      {
        "MONTH": "07",
        "CHNL_NM": "전체",
        "SALE_AMT": 203.0,
        "RATIO": 100.0,
        "YOY": 340.0,
        "SEQ": 1
      },
      {
        "MONTH": "07",
        "CHNL_NM": "백화점",
        "SALE_AMT": 0.0,
        "RATIO": 0.0,
        "YOY": 0.0,
        "SEQ": 2
      },
      {
        "MONTH": "07",
        "CHNL_NM": "직영기타",
        "SALE_AMT": 105.0,
        "RATIO": 52.0,
        "YOY": 0.0,
        "SEQ": 2
      },
      {
        "MONTH": "07",
        "CHNL_NM": "제휴몰",
        "SALE_AMT": 23.0,
        "RATIO": 11.0,
        "YOY": 411.0,
        "SEQ": 2
      },
      {
        "MONTH": "07",
        "CHNL_NM": "자사몰",
        "SALE_AMT": 11.0,
        "RATIO": 5.0,
        "YOY": 130.0,
        "SEQ": 2
      },
      {
        "MONTH": "07",
        "CHNL_NM": "면세점",
        "SALE_AMT": 65.0,
        "RATIO": 32.0,
        "YOY": 187.0,
        "SEQ": 2
      },
      {
        "MONTH": "07",
        "CHNL_NM": "24S 의류",
        "SALE_AMT": 94.0,
        "RATIO": 46.0,
        "YOY": 613.0,
        "SEQ": 3
      },
      {
        "MONTH": "07",
        "CHNL_NM": "23F 의류",
        "SALE_AMT": 0.0,
        "RATIO": 0.0,
        "YOY": -3.0,
        "SEQ": 3
      },
      {
        "MONTH": "07",
        "CHNL_NM": "과시즌 의류",
        "SALE_AMT": 9.0,
        "RATIO": 5.0,
        "YOY": 69.0,
        "SEQ": 3
      },
      {
        "MONTH": "07",
        "CHNL_NM": "모자",
        "SALE_AMT": 11.0,
        "RATIO": 6.0,
        "YOY": 607.0,
        "SEQ": 3
      },
      {
        "MONTH": "07",
        "CHNL_NM": "신발",
        "SALE_AMT": 58.0,
        "RATIO": 29.0,
        "YOY": 221.0,
        "SEQ": 3
      },
      {
        "MONTH": "07",
        "CHNL_NM": "가방",
        "SALE_AMT": 5.0,
        "RATIO": 3.0,
        "YOY": 10883.0,
        "SEQ": 3
      },
      {
        "MONTH": "07",
        "CHNL_NM": "기타ACC",
        "SALE_AMT": 1.0,
        "RATIO": 1.0,
        "YOY": 885.0,
        "SEQ": 3
      },
      {
        "MONTH": "07",
        "CHNL_NM": "차기시즌 의류",
        "SALE_AMT": 23.0,
        "RATIO": 12.0,
        "YOY": 0.0,
        "SEQ": 3
      }
    ],
    "total_records_count": 92
  }
}