{
  "country": "KR",
  "brand_cd": "ST",
  "brand_name": "SERGIO TACCHINI",
  "yyyymm": "202411",
  "yyyymm_py": "202311",
  "key": "매장효율성",
  "sub_key": "종합분석",
  "analysis_data": {
    "title": "매장효율성 종합분석",
    "sections": [
      {
        "div": "종합분석-1",
        "sub_title": "우수 점포 생산성",
        "ai_text": "면세점이 압도적인 성과를 보이며 점포당 매출 130백만원으로 전년(7백만원) 대비 1,892.7% 급증했습니다.\n아울렛이 신규 채널로 진입하여 점포당 38백만원의 매출을 달성, 새로운 성장 동력으로 부상했습니다.\n면세점의 폭발적 성장은 해외 관광객 회복과 브랜드 인지도 상승이 주요 성공 요인으로 분석됩니다.\n전체 점포당 매출이 15백만원에서 31백만원으로 106.7% 증가하며 브랜드 전반의 매장 효율성이 크게 개선되었습니다."
      },
      {
        "div": "종합분석-2",
        "sub_title": "대응 필요 매장",
        "ai_text": "백화점은 점포당 매출 13백만원으로 정체 상태이며, 점포 수도 9개에서 8개로 감소하여 채널 경쟁력 저하가 우려됩니다.\n직영점은 점포당 매출이 41백만원에서 40백만원으로 소폭 감소(-2.8%)하여 운영 효율성 개선이 필요합니다.\n백화점의 낮은 매출은 타 브랜드와의 경쟁 심화 및 매장 위치, 상품 구성의 차별화 부족이 주요 원인으로 판단됩니다.\n직영점은 점포 수가 1개에서 3개로 확장되었으나 개별 점포 효율성은 오히려 감소하여 운영 최적화가 시급합니다."
      },
      {
        "div": "종합분석-3",
        "sub_title": "AI 권장사항",
        "ai_text": "면세점 성공 모델을 벤치마킹하여 백화점과 직영점에 프리미엄 상품 라인 및 해외 고객 타겟 마케팅을 도입하세요.\n백화점 채널은 매장 내 브랜드 스토리텔링 강화 및 VIP 고객 대상 개인 맞춤 서비스를 통해 차별화를 추진하세요.\n직영점은 데이터 기반 재고 최적화 및 지역별 고객 선호도 분석을 통한 상품 구성 개선이 필요합니다.\n아울렛 채널의 성공적 정착을 위해 추가 입점 확대 및 가격 경쟁력 있는 상품 라인 개발을 추진하세요."
      },
      {
        "div": "종합분석-4",
        "sub_title": "최적의 시나리오",
        "ai_text": "2025년 목표: 전체 점포당 매출 45백만원 달성으로 현재 대비 45% 추가 성장을 목표로 설정합니다.\n면세점은 현 수준 유지(130백만원), 백화점은 20백만원(+54%), 직영점은 50백만원(+25%), 아울렛은 45백만원(+18%) 달성을 목표로 합니다.\n고효율 채널(면세점, 아울렛) 중심의 점포 확장과 저효율 채널(백화점) 구조조정을 통한 포트폴리오 최적화를 추진하세요.\n분기별 점포당 매출 모니터링 체계 구축 및 월별 채널별 성과 분석을 통한 신속한 대응 체계를 확립하세요."
      }
    ]
  },
  "summary": {
    "total_shop_amt_cy": 31.0,
    "total_shop_amt_py": 15.0,
    "total_shop_cnt_cy": 14,
    "total_shop_cnt_py": 11,
    "yoy": 206.7,
    "unique_channels": 4,
    "analysis_period": "2023년 11월 vs 2024년 11월"
  },
  "channel_summary": {
    "백화점": {
      "shop_amt_cy": 13.0,
      "shop_amt_py": 13.0,
      "shop_cnt_cy": 8,
      "shop_cnt_py": 9,
      "yoy": 101.2
    },
    "직영점": {
      "shop_amt_cy": 40.0,
      "shop_amt_py": 41.0,
      "shop_cnt_cy": 3,
      "shop_cnt_py": 1,
      "yoy": 97.2
    },
    "면세점": {
      "shop_amt_cy": 130.0,
      "shop_amt_py": 7.0,
      "shop_cnt_cy": 1,
      "shop_cnt_py": 1,
      "yoy": 1892.7
    },
    "아울렛": {
      "shop_amt_cy": 38.0,
      "shop_amt_py": 0.0,
      "shop_cnt_cy": 2,
      "shop_cnt_py": 0,
      "yoy": 0.0
    }
  },
  "excellent_channels": [
    {
      "chnl_nm": "면세점",
      "shop_amt_cy": 130.0,
      "shop_amt_py": 7.0,
      "yoy": 1892.7,
      "shop_cnt_cy": 1
    }
  ],
  "warning_channels": [
    {
      "chnl_nm": "백화점",
      "shop_amt_cy": 13.0,
      "shop_amt_py": 13.0,
      "yoy": 101.2,
      "shop_cnt_cy": 8
    },
    {
      "chnl_nm": "아울렛",
      "shop_amt_cy": 38.0,
      "shop_amt_py": 0.0,
      "yoy": 0.0,
      "shop_cnt_cy": 2
    },
    {
      "chnl_nm": "직영점",
      "shop_amt_cy": 40.0,
      "shop_amt_py": 41.0,
      "yoy": 97.2,
      "shop_cnt_cy": 3
    }
  ],
  "raw_data": {
    "sample_records": [
      {
        "CHNL_NM": "백화점",
        "SHOP_CNT_CY": 8,
        "SHOP_CNT_PY": 9,
        "SHOP_AMT_CY": 13.0,
        "SHOP_AMT_PY": 13.0,
        "YOY": 101.2,
        "SEQ": 2
      },
      {
        "CHNL_NM": "직영점",
        "SHOP_CNT_CY": 3,
        "SHOP_CNT_PY": 1,
        "SHOP_AMT_CY": 40.0,
        "SHOP_AMT_PY": 41.0,
        "YOY": 97.2,
        "SEQ": 2
      },
      {
        "CHNL_NM": "면세점",
        "SHOP_CNT_CY": 1,
        "SHOP_CNT_PY": 1,
        "SHOP_AMT_CY": 130.0,
        "SHOP_AMT_PY": 7.0,
        "YOY": 1892.7,
        "SEQ": 2
      },
      {
        "CHNL_NM": "전체",
        "SHOP_CNT_CY": 14,
        "SHOP_CNT_PY": 11,
        "SHOP_AMT_CY": 31.0,
        "SHOP_AMT_PY": 15.0,
        "YOY": 202.5,
        "SEQ": 1
      },
      {
        "CHNL_NM": "아울렛",
        "SHOP_CNT_CY": 2,
        "SHOP_CNT_PY": 0,
        "SHOP_AMT_CY": 38.0,
        "SHOP_AMT_PY": 0.0,
        "YOY": 0.0,
        "SEQ": 2
      },
      {
        "CHNL_NM": "면세 제외",
        "SHOP_CNT_CY": 13,
        "SHOP_CNT_PY": 10,
        "SHOP_AMT_CY": 23.0,
        "SHOP_AMT_PY": 16.0,
        "YOY": 144.5,
        "SEQ": 3
      }
    ],
    "total_records_count": 6
  }
}