{
  "country": "KR",
  "brand_cd": "ST",
  "brand_name": "SERGIO TACCHINI",
  "yyyymm": "202408",
  "yyyymm_py": "202308",
  "key": "매장효율성",
  "sub_key": "종합분석",
  "analysis_data": {
    "title": "매장효율성 종합분석",
    "sections": [
      {
        "div": "종합분석-1",
        "sub_title": "우수 점포 생산성",
        "ai_text": "현재 데이터상 우수 점포로 분류된 채널은 없으나, 아울렛(71백만원)과 면세점(60백만원)이 상대적으로 높은 점포당 매출을 기록하고 있습니다.\n아울렛과 면세점은 2024년 신규 진출 채널로서 초기 성과가 양호한 편이며, 특히 아울렛은 전체 평균(23백만원) 대비 3배 이상의 높은 효율성을 보이고 있습니다.\n이들 채널은 브랜드 확장 전략의 성공 사례로 평가되며, 향후 추가 확장 시 벤치마킹 대상으로 활용 가능합니다.\n다만 아직 1개 점포씩만 운영 중이므로 지속적인 모니터링과 검증이 필요한 상황입니다."
      },
      {
        "div": "종합분석-2",
        "sub_title": "대응 필요 매장",
        "ai_text": "백화점 채널이 9개 점포 평균 9백만원으로 가장 낮은 점포당 매출을 기록하며 즉시 개선이 필요한 상황입니다.\n직영점은 점포당 매출이 70백만원에서 37백만원으로 47.7% 급감하여 가장 심각한 성과 악화를 보이고 있습니다.\n백화점의 경우 전체 점포 수의 64.3%(9개)를 차지하면서도 매출 효율성이 현저히 낮아 전체 브랜드 성과를 크게 저해하고 있습니다.\n직영점은 3개 점포로 확장했음에도 불구하고 개별 점포 효율성이 크게 떨어져 운영 방식의 전면적 재검토가 시급합니다."
      },
      {
        "div": "종합분석-3",
        "sub_title": "AI 권장사항",
        "ai_text": "백화점 채널의 저성과 점포에 대한 선별적 정리와 우수 입지 재배치를 통해 점포당 매출을 최소 20백만원 이상으로 끌어올려야 합니다.\n직영점은 아울렛 성공 모델을 벤치마킹하여 상품 구성, 가격 정책, 매장 운영 방식을 전면 개선하고 점포당 매출을 50백만원 수준으로 회복시켜야 합니다.\n면세점과 아울렛의 성공 요인을 분석하여 다른 채널에 적용 가능한 운영 노하우를 도출하고 표준화된 매뉴얼을 구축해야 합니다.\n채널별 특성에 맞는 차별화된 상품 포트폴리오와 마케팅 전략을 수립하여 각 채널의 경쟁력을 강화해야 합니다."
      },
      {
        "div": "종합분석-4",
        "sub_title": "최적의 시나리오",
        "ai_text": "백화점 점포 수를 6개로 축소하되 점포당 매출을 25백만원으로 향상시키고, 직영점은 현재 3개 점포를 유지하면서 점포당 매출을 50백만원으로 회복시킵니다.\n아울렛과 면세점은 각각 2개씩 확장하여 현재 수준의 점포당 매출(60-71백만원)을 유지하며 브랜드의 핵심 수익 채널로 육성합니다.\n이를 통해 전체 12개 점포에서 총 매출 588백만원, 점포당 평균 49백만원을 달성하여 현재 대비 2배 이상의 효율성 향상을 목표로 합니다.\n2024년 말까지 상기 목표의 50% 달성을 1차 목표로 설정하고, 2025년 상반기 내 완전한 최적화 시나리오 구현을 완료합니다."
      }
    ]
  },
  "summary": {
    "total_shop_amt_cy": 23.0,
    "total_shop_amt_py": 70.0,
    "total_shop_cnt_cy": 14,
    "total_shop_cnt_py": 1,
    "yoy": 32.9,
    "unique_channels": 4,
    "analysis_period": "2023년 8월 vs 2024년 8월"
  },
  "channel_summary": {
    "백화점": {
      "shop_amt_cy": 9.0,
      "shop_amt_py": 0.0,
      "shop_cnt_cy": 9,
      "shop_cnt_py": 0,
      "yoy": 0.0
    },
    "직영점": {
      "shop_amt_cy": 37.0,
      "shop_amt_py": 70.0,
      "shop_cnt_cy": 3,
      "shop_cnt_py": 1,
      "yoy": 52.3
    },
    "면세점": {
      "shop_amt_cy": 60.0,
      "shop_amt_py": 0.0,
      "shop_cnt_cy": 1,
      "shop_cnt_py": 0,
      "yoy": 0.0
    },
    "아울렛": {
      "shop_amt_cy": 71.0,
      "shop_amt_py": 0.0,
      "shop_cnt_cy": 1,
      "shop_cnt_py": 0,
      "yoy": 0.0
    }
  },
  "excellent_channels": [],
  "warning_channels": [
    {
      "chnl_nm": "백화점",
      "shop_amt_cy": 9.0,
      "shop_amt_py": 0.0,
      "yoy": 0.0,
      "shop_cnt_cy": 9
    },
    {
      "chnl_nm": "직영점",
      "shop_amt_cy": 37.0,
      "shop_amt_py": 70.0,
      "yoy": 52.3,
      "shop_cnt_cy": 3
    },
    {
      "chnl_nm": "면세점",
      "shop_amt_cy": 60.0,
      "shop_amt_py": 0.0,
      "yoy": 0.0,
      "shop_cnt_cy": 1
    },
    {
      "chnl_nm": "아울렛",
      "shop_amt_cy": 71.0,
      "shop_amt_py": 0.0,
      "yoy": 0.0,
      "shop_cnt_cy": 1
    }
  ],
  "raw_data": {
    "sample_records": [
      {
        "CHNL_NM": "백화점",
        "SHOP_CNT_CY": 9,
        "SHOP_CNT_PY": 0,
        "SHOP_AMT_CY": 9.0,
        "SHOP_AMT_PY": 0.0,
        "YOY": 0.0,
        "SEQ": 2
      },
      {
        "CHNL_NM": "직영점",
        "SHOP_CNT_CY": 3,
        "SHOP_CNT_PY": 1,
        "SHOP_AMT_CY": 37.0,
        "SHOP_AMT_PY": 70.0,
        "YOY": 52.3,
        "SEQ": 2
      },
      {
        "CHNL_NM": "면세점",
        "SHOP_CNT_CY": 1,
        "SHOP_CNT_PY": 0,
        "SHOP_AMT_CY": 60.0,
        "SHOP_AMT_PY": 0.0,
        "YOY": 0.0,
        "SEQ": 2
      },
      {
        "CHNL_NM": "전체",
        "SHOP_CNT_CY": 14,
        "SHOP_CNT_PY": 1,
        "SHOP_AMT_CY": 23.0,
        "SHOP_AMT_PY": 70.0,
        "YOY": 33.2,
        "SEQ": 1
      },
      {
        "CHNL_NM": "면세 제외",
        "SHOP_CNT_CY": 13,
        "SHOP_CNT_PY": 1,
        "SHOP_AMT_CY": 20.0,
        "SHOP_AMT_PY": 70.0,
        "YOY": 29.2,
        "SEQ": 3
      },
      {
        "CHNL_NM": "아울렛",
        "SHOP_CNT_CY": 1,
        "SHOP_CNT_PY": 0,
        "SHOP_AMT_CY": 71.0,
        "SHOP_AMT_PY": 0.0,
        "YOY": 0.0,
        "SEQ": 2
      }
    ],
    "total_records_count": 6
  }
}