{
  "country": "KR",
  "brand_cd": "X",
  "brand_name": "DISCOVERY",
  "yyyymm": "202404",
  "yyyymm_py": "202304",
  "key": "할인율",
  "sub_key": "종합분석",
  "analysis_data": {
    "title": "할인율 종합분석",
    "sections": [
      {
        "div": "종합분석-1",
        "sub_title": "전략 우수 채널",
        "ai_text": "자사몰이 유일한 전략 우수 채널로 할인율 13.2%를 유지하며 전년대비 0.7%p 개선되었습니다.\n직영점과 대리점도 상대적으로 낮은 할인율(5.7%, 11.8%)을 유지하고 있어 안정적인 가격 정책을 보여줍니다.\n자사몰의 성공 요인은 직접 통제 가능한 채널 특성과 고객 데이터 기반의 정교한 가격 전략으로 분석됩니다.\n이들 채널의 가격 관리 노하우를 다른 채널에 적용할 필요가 있습니다."
      },
      {
        "div": "종합분석-2",
        "sub_title": "주의 필요 채널",
        "ai_text": "아울렛(38.1%, +6.0%p)과 제휴몰(28.0%, +10.7%p)이 가장 심각한 할인율 악화를 보이고 있습니다.\n백화점(25.9%, +7.5%p)과 면세점(25.4%, +8.5%p)도 할인율이 크게 증가하여 수익성 저하가 우려됩니다.\n특히 제휴몰의 10.7%p 증가는 과도한 프로모션 경쟁과 통제력 부족을 시사합니다.\n이들 채널의 할인 정책 재검토와 수익성 개선을 위한 즉각적인 대응이 필요합니다."
      },
      {
        "div": "종합분석-3",
        "sub_title": "AI 권장 사항",
        "ai_text": "• 제휴몰 할인율 통제: 파트너사와 할인 가이드라인 재협상 및 최대 할인율 25% 한도 설정\n• 아울렛 상품 구성 최적화: 과시즌 의류(40.0%) 비중 축소하고 정가 판매 가능 상품군 확대\n• 자사몰 성공 모델 확산: 데이터 기반 개인화 할인 정책을 백화점·면세점에 적용\n• 채널별 차별화 전략: 직영점의 프리미엄 포지셔닝 강화로 할인 의존도 최소화"
      }
    ]
  },
  "summary": {
    "total_discount_cy": 23.9,
    "total_discount_py": 18.4,
    "change_pct": 5.5,
    "unique_channels": 7,
    "unique_items": 8,
    "analysis_period": "2023년 4월 vs 2024년 4월"
  },
  "channel_summary": {
    "백화점": {
      "discount_cy": 25.9,
      "discount_py": 18.4,
      "yoy": 7.5
    },
    "대리점": {
      "discount_cy": 11.8,
      "discount_py": 11.8,
      "yoy": 0.0
    },
    "직영점": {
      "discount_cy": 5.7,
      "discount_py": 4.7,
      "yoy": 1.0
    },
    "자사몰": {
      "discount_cy": 13.2,
      "discount_py": 13.9,
      "yoy": -0.7
    },
    "제휴몰": {
      "discount_cy": 28.0,
      "discount_py": 17.3,
      "yoy": 10.7
    },
    "아울렛": {
      "discount_cy": 38.1,
      "discount_py": 32.1,
      "yoy": 6.0
    },
    "면세점": {
      "discount_cy": 25.4,
      "discount_py": 16.9,
      "yoy": 8.5
    }
  },
  "excellent_channels": [
    {
      "chnl_nm": "자사몰",
      "discount_cy": 13.2,
      "yoy": -0.7
    }
  ],
  "warning_channels": [
    {
      "chnl_nm": "아울렛",
      "discount_cy": 38.1,
      "yoy": 6.0
    },
    {
      "chnl_nm": "제휴몰",
      "discount_cy": 28.0,
      "yoy": 10.7
    },
    {
      "chnl_nm": "백화점",
      "discount_cy": 25.9,
      "yoy": 7.5
    },
    {
      "chnl_nm": "면세점",
      "discount_cy": 25.4,
      "yoy": 8.5
    },
    {
      "chnl_nm": "직영점",
      "discount_cy": 5.7,
      "yoy": 1.0
    }
  ],
  "raw_data": {
    "sample_records": [
      {
        "CHNL_NM": "전체",
        "DISCOUNT": 23.9,
        "YOY": 5.5,
        "SEQ": 1
      },
      {
        "CHNL_NM": "백화점",
        "DISCOUNT": 25.9,
        "YOY": 7.5,
        "SEQ": 2
      },
      {
        "CHNL_NM": "대리점",
        "DISCOUNT": 11.8,
        "YOY": 0.0,
        "SEQ": 2
      },
      {
        "CHNL_NM": "직영점",
        "DISCOUNT": 5.7,
        "YOY": 1.0,
        "SEQ": 2
      },
      {
        "CHNL_NM": "자사몰",
        "DISCOUNT": 13.2,
        "YOY": -0.7,
        "SEQ": 2
      },
      {
        "CHNL_NM": "제휴몰",
        "DISCOUNT": 28.0,
        "YOY": 10.7,
        "SEQ": 2
      },
      {
        "CHNL_NM": "아울렛",
        "DISCOUNT": 38.1,
        "YOY": 6.0,
        "SEQ": 2
      },
      {
        "CHNL_NM": "면세점",
        "DISCOUNT": 25.4,
        "YOY": 8.5,
        "SEQ": 2
      },
      {
        "CHNL_NM": "24S 의류",
        "DISCOUNT": 6.7,
        "YOY": -2.0,
        "SEQ": 4
      },
      {
        "CHNL_NM": "23F 의류",
        "DISCOUNT": 23.6,
        "YOY": 3.3,
        "SEQ": 4
      },
      {
        "CHNL_NM": "과시즌 의류",
        "DISCOUNT": 40.0,
        "YOY": 3.3,
        "SEQ": 4
      },
      {
        "CHNL_NM": "모자",
        "DISCOUNT": 36.9,
        "YOY": 24.0,
        "SEQ": 4
      },
      {
        "CHNL_NM": "신발",
        "DISCOUNT": 15.8,
        "YOY": -0.5,
        "SEQ": 4
      },
      {
        "CHNL_NM": "가방",
        "DISCOUNT": 14.5,
        "YOY": 7.4,
        "SEQ": 4
      },
      {
        "CHNL_NM": "기타ACC",
        "DISCOUNT": 25.0,
        "YOY": 14.9,
        "SEQ": 4
      },
      {
        "CHNL_NM": "기타",
        "DISCOUNT": 0.0,
        "YOY": 0.0,
        "SEQ": 4
      }
    ],
    "total_records_count": 16
  }
}