{
  "country": "KR",
  "brand_cd": "W",
  "yyyymm": "202404",
  "key": "영업비",
  "sub_key": "광고선전비",
  "analysis_data": {
    "title": "광고선전비 분석",
    "sections": [
      {
        "div": "종합분석-1",
        "sub_title": "투자 방향성 종합 평가",
        "ai_text": "SUPRA 브랜드는 2024년 4월 광고선전비를 전년 동월 대비 58.2% 대폭 축소하는 선택적 투자 전략을 실행했습니다. 총 광고비는 132백만원에서 55백만원으로 77백만원 감소하여, 효율성 중심의 예산 재배분을 통한 마케팅 전략 최적화를 추진한 것으로 분석됩니다.\n\n특히 콘텐츠제작비(58→21백만원, -64.9%)와 온라인 매체집행비(30→4백만원, -88.3%)의 대폭 축소를 통해 비효율적 투자 영역을 정리하고, 협찬/제휴(37→18백만원, -49.6%) 분야에서도 선별적 투자로 전환했습니다."
      },
      {
        "div": "종합분석-2",
        "sub_title": "효율적 투자 영역",
        "ai_text": "• E-BIZ 매체광고 확대: 1백만원에서 4백만원으로 423% 증가하여 디지털 전환 가속화\n• PR/홍보 신규 투입: 전년 0원에서 4백만원 신규 배정으로 브랜드 인지도 제고 전략 강화\n• 광고선전비_기타 다각화: 0원에서 3백만원으로 신규 투자 영역 개척\n• 물류_재고대체 효율화: 250천원에서 757천원으로 202% 증가하여 재고 관리 최적화\n• 물류비 투자 확대: 100천원에서 271천원으로 173% 증가하여 유통 효율성 개선"
      },
      {
        "div": "종합분석-3",
        "sub_title": "주의 필요 영역",
        "ai_text": "• 콘텐츠제작비 급감: 58백만원에서 21백만원으로 64.9% 감소하여 브랜드 콘텐츠 경쟁력 약화 우려\n• 온라인 매체집행 과도한 축소: 30백만원에서 4백만원으로 88.3% 급감하여 디지털 마케팅 노출 부족 리스크\n• 이벤트/행사비 전액 삭감: 6백만원에서 0원으로 고객 참여형 마케팅 활동 중단\n• 협찬/제휴비 대폭 축소: 37백만원에서 18백만원으로 49.6% 감소하여 파트너십 마케팅 약화"
      },
      {
        "div": "종합분석-4",
        "sub_title": "이상징후 및 리스크 감지",
        "ai_text": "• 예산 배분의 극단적 변화: 주요 마케팅 활동(이벤트/행사) 전액 삭감과 신규 영역(PR/홍보) 대규모 투입이 동시 발생하여 마케팅 전략의 급격한 방향 전환을 시사합니다.\n\n• 디지털 마케팅 투자 불균형: 온라인 매체집행은 88.3% 축소한 반면 E-BIZ 매체광고는 423% 증가하여 디지털 채널 내 투자 일관성 부족이 우려됩니다.\n\n• 브랜드 가시성 약화 리스크: 콘텐츠제작(-64.9%)과 온라인 매체집행(-88.3%)의 동시 대폭 축소로 브랜드 노출도 급감 가능성이 높습니다.\n\n• 고객 접점 활동 중단: 이벤트/행사비 전액 삭감으로 고객과의 직접적 소통 채널이 차단되어 브랜드 충성도 관리에 공백이 발생할 수 있습니다."
      },
      {
        "div": "종합분석-5",
        "sub_title": "마케팅 전략 최적화 방안",
        "ai_text": "### 즉시 실행 방안\n1. 디지털 마케팅 투자 재조정: 온라인 매체집행비를 최소 10백만원 수준으로 증액하여 브랜드 노출도 회복\n2. 콘텐츠제작 효율화: 제작비 축소 상황에서 UGC(User Generated Content) 활용 및 인플루언서 협업을 통한 비용 효율적 콘텐츠 확보\n3. E-BIZ 매체광고 ROI 측정: 423% 증가한 투자 대비 실제 성과 지표(CTR, CVR, ROAS) 정밀 분석\n\n### 중장기 전략 방향\n1. 통합 디지털 마케팅 전략 수립: 온라인 매체집행과 E-BIZ 매체광고 간 시너지 창출을 위한 통합 캠페인 설계\n2. 고객 참여형 마케팅 복원: 이벤트/행사 대신 비용 효율적인 온라인 이벤트 및 팝업 스토어 활용\n3. 데이터 기반 예산 배분 시스템 구축: 각 광고 채널별 성과 데이터를 기반으로 한 동적 예산 배분 모델 도입\n4. 브랜드 가치 제고 전략: PR/홍보 투자 확대를 통한 브랜드 스토리텔링 강화 및 미디어 노출 극대화"
      }
    ]
  },
  "ctgr1": "광고선전비",
  "summary": {
    "prev_year_total": 131.5,
    "curr_year_total": 54.99,
    "change_amount": -76.52,
    "change_pct": -58.2,
    "investment_direction": "축소"
  },
  "categories": [
    {
      "ctgr2": "광고선전비",
      "ctgr3": "광고선전비_PR/홍보",
      "gl_nm": "광고선전비_PR/홍보",
      "prev_year": 0.0,
      "curr_year": 4.18,
      "change": 4.18,
      "change_pct": 0,
      "is_new": true,
      "is_discontinued": false
    },
    {
      "ctgr2": "광고선전비",
      "ctgr3": "광고선전비_기타",
      "gl_nm": "광고선전비_물류_재고대체",
      "prev_year": 0.25,
      "curr_year": 0.76,
      "change": 0.51,
      "change_pct": 202.6,
      "is_new": false,
      "is_discontinued": false
    },
    {
      "ctgr2": "광고선전비",
      "ctgr3": "광고선전비_협찬/제휴",
      "gl_nm": "광고선전비_물류",
      "prev_year": 0.1,
      "curr_year": 0.27,
      "change": 0.17,
      "change_pct": 172.6,
      "is_new": false,
      "is_discontinued": false
    },
    {
      "ctgr2": "광고선전비",
      "ctgr3": "광고선전비_매체집행_온라인",
      "gl_nm": "광고선전비_매체집행_온라인",
      "prev_year": 29.83,
      "curr_year": 3.5,
      "change": -26.33,
      "change_pct": -88.3,
      "is_new": false,
      "is_discontinued": false
    },
    {
      "ctgr2": "광고선전비",
      "ctgr3": "광고선전비_모델료",
      "gl_nm": "광고선전비_모델료",
      "prev_year": 0.0,
      "curr_year": 0.0,
      "change": 0.0,
      "change_pct": 0,
      "is_new": false,
      "is_discontinued": false
    },
    {
      "ctgr2": "광고선전비",
      "ctgr3": "광고선전비_협찬/제휴",
      "gl_nm": "광고선전비_협찬/제휴",
      "prev_year": 36.59,
      "curr_year": 18.44,
      "change": -18.14,
      "change_pct": -49.6,
      "is_new": false,
      "is_discontinued": false
    },
    {
      "ctgr2": "광고선전비",
      "ctgr3": "광고선전비_콘텐츠제작",
      "gl_nm": "광고선전비_콘텐츠제작",
      "prev_year": 58.39,
      "curr_year": 20.5,
      "change": -37.89,
      "change_pct": -64.9,
      "is_new": false,
      "is_discontinued": false
    },
    {
      "ctgr2": "광고선전비",
      "ctgr3": "광고선전비_이벤트/행사",
      "gl_nm": "광고선전비_이벤트/행사",
      "prev_year": 5.55,
      "curr_year": 0.0,
      "change": -5.55,
      "change_pct": -100.0,
      "is_new": false,
      "is_discontinued": true
    },
    {
      "ctgr2": "광고선전비",
      "ctgr3": "(E-BIZ)광고선전비_촬영/기타",
      "gl_nm": "(E-BIZ)광고선전비_촬영/기타",
      "prev_year": 0.0,
      "curr_year": 0.0,
      "change": 0.0,
      "change_pct": 0,
      "is_new": false,
      "is_discontinued": false
    },
    {
      "ctgr2": "광고선전비",
      "ctgr3": "(E-BIZ)광고선전비_매체광고",
      "gl_nm": "(E-BIZ)광고선전비_매체광고",
      "prev_year": 0.8,
      "curr_year": 4.19,
      "change": 3.39,
      "change_pct": 423.4,
      "is_new": false,
      "is_discontinued": false
    },
    {
      "ctgr2": "광고선전비",
      "ctgr3": "광고선전비_기타",
      "gl_nm": "광고선전비_기타",
      "prev_year": 0.0,
      "curr_year": 3.15,
      "change": 3.15,
      "change_pct": 0,
      "is_new": true,
      "is_discontinued": false
    }
  ],
  "category_summary": {
    "increased": [
      {
        "ctgr2": "광고선전비",
        "ctgr3": "광고선전비_PR/홍보",
        "gl_nm": "광고선전비_PR/홍보",
        "prev_year": 0.0,
        "curr_year": 4.18,
        "change": 4.18,
        "change_pct": 0,
        "is_new": true,
        "is_discontinued": false
      },
      {
        "ctgr2": "광고선전비",
        "ctgr3": "광고선전비_기타",
        "gl_nm": "광고선전비_물류_재고대체",
        "prev_year": 0.25,
        "curr_year": 0.76,
        "change": 0.51,
        "change_pct": 202.6,
        "is_new": false,
        "is_discontinued": false
      },
      {
        "ctgr2": "광고선전비",
        "ctgr3": "광고선전비_협찬/제휴",
        "gl_nm": "광고선전비_물류",
        "prev_year": 0.1,
        "curr_year": 0.27,
        "change": 0.17,
        "change_pct": 172.6,
        "is_new": false,
        "is_discontinued": false
      },
      {
        "ctgr2": "광고선전비",
        "ctgr3": "(E-BIZ)광고선전비_매체광고",
        "gl_nm": "(E-BIZ)광고선전비_매체광고",
        "prev_year": 0.8,
        "curr_year": 4.19,
        "change": 3.39,
        "change_pct": 423.4,
        "is_new": false,
        "is_discontinued": false
      },
      {
        "ctgr2": "광고선전비",
        "ctgr3": "광고선전비_기타",
        "gl_nm": "광고선전비_기타",
        "prev_year": 0.0,
        "curr_year": 3.15,
        "change": 3.15,
        "change_pct": 0,
        "is_new": true,
        "is_discontinued": false
      }
    ],
    "decreased": [
      {
        "ctgr2": "광고선전비",
        "ctgr3": "광고선전비_매체집행_온라인",
        "gl_nm": "광고선전비_매체집행_온라인",
        "prev_year": 29.83,
        "curr_year": 3.5,
        "change": -26.33,
        "change_pct": -88.3,
        "is_new": false,
        "is_discontinued": false
      },
      {
        "ctgr2": "광고선전비",
        "ctgr3": "광고선전비_협찬/제휴",
        "gl_nm": "광고선전비_협찬/제휴",
        "prev_year": 36.59,
        "curr_year": 18.44,
        "change": -18.14,
        "change_pct": -49.6,
        "is_new": false,
        "is_discontinued": false
      },
      {
        "ctgr2": "광고선전비",
        "ctgr3": "광고선전비_콘텐츠제작",
        "gl_nm": "광고선전비_콘텐츠제작",
        "prev_year": 58.39,
        "curr_year": 20.5,
        "change": -37.89,
        "change_pct": -64.9,
        "is_new": false,
        "is_discontinued": false
      },
      {
        "ctgr2": "광고선전비",
        "ctgr3": "광고선전비_이벤트/행사",
        "gl_nm": "광고선전비_이벤트/행사",
        "prev_year": 5.55,
        "curr_year": 0.0,
        "change": -5.55,
        "change_pct": -100.0,
        "is_new": false,
        "is_discontinued": true
      }
    ],
    "new_investments": [
      {
        "ctgr2": "광고선전비",
        "ctgr3": "광고선전비_PR/홍보",
        "gl_nm": "광고선전비_PR/홍보",
        "prev_year": 0.0,
        "curr_year": 4.18,
        "change": 4.18,
        "change_pct": 0,
        "is_new": true,
        "is_discontinued": false
      },
      {
        "ctgr2": "광고선전비",
        "ctgr3": "광고선전비_기타",
        "gl_nm": "광고선전비_기타",
        "prev_year": 0.0,
        "curr_year": 3.15,
        "change": 3.15,
        "change_pct": 0,
        "is_new": true,
        "is_discontinued": false
      }
    ],
    "discontinued": [
      {
        "ctgr2": "광고선전비",
        "ctgr3": "광고선전비_이벤트/행사",
        "gl_nm": "광고선전비_이벤트/행사",
        "prev_year": 5.55,
        "curr_year": 0.0,
        "change": -5.55,
        "change_pct": -100.0,
        "is_new": false,
        "is_discontinued": true
      }
    ]
  },
  "raw_data": {
    "total_records": [
      {
        "PST_YYYYMM": "202304",
        "TOTAL_AMT": 131501409.0
      },
      {
        "PST_YYYYMM": "202404",
        "TOTAL_AMT": 54986111.0
      }
    ],
    "detail_records": [
      {
        "PST_YYYYMM": "202304",
        "BRD_CD": "W",
        "BRD_NM": "SUPRA",
        "CTGR1": "광고선전비",
        "CTGR2": "광고선전비",
        "CTGR3": "광고선전비_콘텐츠제작",
        "GL_NM": "광고선전비_콘텐츠제작",
        "TTL_USE_AMT": 58389671.0
      },
      {
        "PST_YYYYMM": "202304",
        "BRD_CD": "W",
        "BRD_NM": "SUPRA",
        "CTGR1": "광고선전비",
        "CTGR2": "광고선전비",
        "CTGR3": "광고선전비_협찬/제휴",
        "GL_NM": "광고선전비_협찬/제휴",
        "TTL_USE_AMT": 36589000.0
      },
      {
        "PST_YYYYMM": "202304",
        "BRD_CD": "W",
        "BRD_NM": "SUPRA",
        "CTGR1": "광고선전비",
        "CTGR2": "광고선전비",
        "CTGR3": "광고선전비_매체집행_온라인",
        "GL_NM": "광고선전비_매체집행_온라인",
        "TTL_USE_AMT": 29827273.0
      },
      {
        "PST_YYYYMM": "202404",
        "BRD_CD": "W",
        "BRD_NM": "SUPRA",
        "CTGR1": "광고선전비",
        "CTGR2": "광고선전비",
        "CTGR3": "광고선전비_콘텐츠제작",
        "GL_NM": "광고선전비_콘텐츠제작",
        "TTL_USE_AMT": 20502288.0
      },
      {
        "PST_YYYYMM": "202404",
        "BRD_CD": "W",
        "BRD_NM": "SUPRA",
        "CTGR1": "광고선전비",
        "CTGR2": "광고선전비",
        "CTGR3": "광고선전비_협찬/제휴",
        "GL_NM": "광고선전비_협찬/제휴",
        "TTL_USE_AMT": 18444300.0
      },
      {
        "PST_YYYYMM": "202304",
        "BRD_CD": "W",
        "BRD_NM": "SUPRA",
        "CTGR1": "광고선전비",
        "CTGR2": "광고선전비",
        "CTGR3": "광고선전비_이벤트/행사",
        "GL_NM": "광고선전비_이벤트/행사",
        "TTL_USE_AMT": 5545920.0
      },
      {
        "PST_YYYYMM": "202404",
        "BRD_CD": "W",
        "BRD_NM": "SUPRA",
        "CTGR1": "광고선전비",
        "CTGR2": "광고선전비",
        "CTGR3": "(E-BIZ)광고선전비_매체광고",
        "GL_NM": "(E-BIZ)광고선전비_매체광고",
        "TTL_USE_AMT": 4187354.0
      },
      {
        "PST_YYYYMM": "202404",
        "BRD_CD": "W",
        "BRD_NM": "SUPRA",
        "CTGR1": "광고선전비",
        "CTGR2": "광고선전비",
        "CTGR3": "광고선전비_PR/홍보",
        "GL_NM": "광고선전비_PR/홍보",
        "TTL_USE_AMT": 4179000.0
      },
      {
        "PST_YYYYMM": "202404",
        "BRD_CD": "W",
        "BRD_NM": "SUPRA",
        "CTGR1": "광고선전비",
        "CTGR2": "광고선전비",
        "CTGR3": "광고선전비_매체집행_온라인",
        "GL_NM": "광고선전비_매체집행_온라인",
        "TTL_USE_AMT": 3500000.0
      },
      {
        "PST_YYYYMM": "202404",
        "BRD_CD": "W",
        "BRD_NM": "SUPRA",
        "CTGR1": "광고선전비",
        "CTGR2": "광고선전비",
        "CTGR3": "광고선전비_기타",
        "GL_NM": "광고선전비_기타",
        "TTL_USE_AMT": 3145218.0
      },
      {
        "PST_YYYYMM": "202304",
        "BRD_CD": "W",
        "BRD_NM": "SUPRA",
        "CTGR1": "광고선전비",
        "CTGR2": "광고선전비",
        "CTGR3": "(E-BIZ)광고선전비_매체광고",
        "GL_NM": "(E-BIZ)광고선전비_매체광고",
        "TTL_USE_AMT": 800000.0
      },
      {
        "PST_YYYYMM": "202404",
        "BRD_CD": "W",
        "BRD_NM": "SUPRA",
        "CTGR1": "광고선전비",
        "CTGR2": "광고선전비",
        "CTGR3": "광고선전비_기타",
        "GL_NM": "광고선전비_물류_재고대체",
        "TTL_USE_AMT": 756586.0
      },
      {
        "PST_YYYYMM": "202404",
        "BRD_CD": "W",
        "BRD_NM": "SUPRA",
        "CTGR1": "광고선전비",
        "CTGR2": "광고선전비",
        "CTGR3": "광고선전비_협찬/제휴",
        "GL_NM": "광고선전비_물류",
        "TTL_USE_AMT": 271365.0
      },
      {
        "PST_YYYYMM": "202304",
        "BRD_CD": "W",
        "BRD_NM": "SUPRA",
        "CTGR1": "광고선전비",
        "CTGR2": "광고선전비",
        "CTGR3": "광고선전비_기타",
        "GL_NM": "광고선전비_물류_재고대체",
        "TTL_USE_AMT": 250000.0
      },
      {
        "PST_YYYYMM": "202304",
        "BRD_CD": "W",
        "BRD_NM": "SUPRA",
        "CTGR1": "광고선전비",
        "CTGR2": "광고선전비",
        "CTGR3": "광고선전비_협찬/제휴",
        "GL_NM": "광고선전비_물류",
        "TTL_USE_AMT": 99545.0
      },
      {
        "PST_YYYYMM": "202304",
        "BRD_CD": "W",
        "BRD_NM": "SUPRA",
        "CTGR1": "광고선전비",
        "CTGR2": "광고선전비",
        "CTGR3": "광고선전비_PR/홍보",
        "GL_NM": "광고선전비_PR/홍보",
        "TTL_USE_AMT": 0.0
      },
      {
        "PST_YYYYMM": "202304",
        "BRD_CD": "W",
        "BRD_NM": "SUPRA",
        "CTGR1": "광고선전비",
        "CTGR2": "광고선전비",
        "CTGR3": "광고선전비_기타",
        "GL_NM": "광고선전비_기타",
        "TTL_USE_AMT": 0.0
      },
      {
        "PST_YYYYMM": "202304",
        "BRD_CD": "W",
        "BRD_NM": "SUPRA",
        "CTGR1": "광고선전비",
        "CTGR2": "광고선전비",
        "CTGR3": "광고선전비_모델료",
        "GL_NM": "광고선전비_모델료",
        "TTL_USE_AMT": 0.0
      },
      {
        "PST_YYYYMM": "202304",
        "BRD_CD": "W",
        "BRD_NM": "SUPRA",
        "CTGR1": "광고선전비",
        "CTGR2": "광고선전비",
        "CTGR3": "(E-BIZ)광고선전비_촬영/기타",
        "GL_NM": "(E-BIZ)광고선전비_촬영/기타",
        "TTL_USE_AMT": 0.0
      },
      {
        "PST_YYYYMM": "202404",
        "BRD_CD": "W",
        "BRD_NM": "SUPRA",
        "CTGR1": "광고선전비",
        "CTGR2": "광고선전비",
        "CTGR3": "(E-BIZ)광고선전비_촬영/기타",
        "GL_NM": "(E-BIZ)광고선전비_촬영/기타",
        "TTL_USE_AMT": 0.0
      }
    ]
  },
  "trend_data": {
    "trend_months": [
      "202305",
      "202306",
      "202307",
      "202308",
      "202309",
      "202310",
      "202311",
      "202312",
      "202401",
      "202402",
      "202403",
      "202404"
    ],
    "monthly_totals": [
      {
        "yyyymm": "202305",
        "total_amount": 327.89
      },
      {
        "yyyymm": "202306",
        "total_amount": 99.82
      },
      {
        "yyyymm": "202307",
        "total_amount": 56.11
      },
      {
        "yyyymm": "202308",
        "total_amount": 227.06
      },
      {
        "yyyymm": "202309",
        "total_amount": 302.96
      },
      {
        "yyyymm": "202310",
        "total_amount": 298.78
      },
      {
        "yyyymm": "202311",
        "total_amount": 208.4
      },
      {
        "yyyymm": "202312",
        "total_amount": 79.04
      },
      {
        "yyyymm": "202401",
        "total_amount": 89.38
      },
      {
        "yyyymm": "202402",
        "total_amount": 67.74
      },
      {
        "yyyymm": "202403",
        "total_amount": 65.15
      },
      {
        "yyyymm": "202404",
        "total_amount": 54.99
      }
    ],
    "monthly_details": [
      {
        "yyyymm": "202305",
        "ctgr2": "광고선전비",
        "ctgr3": "광고선전비_모델료",
        "gl_nm": "광고선전비_모델료",
        "amount": 123.0
      },
      {
        "yyyymm": "202305",
        "ctgr2": "광고선전비",
        "ctgr3": "광고선전비_콘텐츠제작",
        "gl_nm": "광고선전비_콘텐츠제작",
        "amount": 70.04
      },
      {
        "yyyymm": "202305",
        "ctgr2": "광고선전비",
        "ctgr3": "광고선전비_협찬/제휴",
        "gl_nm": "광고선전비_협찬/제휴",
        "amount": 59.09
      },
      {
        "yyyymm": "202305",
        "ctgr2": "광고선전비",
        "ctgr3": "광고선전비_매체집행_온라인",
        "gl_nm": "광고선전비_매체집행_온라인",
        "amount": 42.25
      },
      {
        "yyyymm": "202305",
        "ctgr2": "광고선전비",
        "ctgr3": "광고선전비_기타",
        "gl_nm": "광고선전비_물류_재고대체",
        "amount": 22.15
      },
      {
        "yyyymm": "202305",
        "ctgr2": "광고선전비",
        "ctgr3": "광고선전비_협찬/제휴",
        "gl_nm": "광고선전비_물류",
        "amount": 7.07
      },
      {
        "yyyymm": "202305",
        "ctgr2": "광고선전비",
        "ctgr3": "광고선전비_이벤트/행사",
        "gl_nm": "광고선전비_이벤트/행사",
        "amount": 2.79
      },
      {
        "yyyymm": "202305",
        "ctgr2": "광고선전비",
        "ctgr3": "(E-BIZ)광고선전비_매체광고",
        "gl_nm": "(E-BIZ)광고선전비_매체광고",
        "amount": 0.8
      },
      {
        "yyyymm": "202305",
        "ctgr2": "광고선전비",
        "ctgr3": "(E-BIZ)광고선전비_촬영/기타",
        "gl_nm": "(E-BIZ)광고선전비_촬영/기타",
        "amount": 0.69
      },
      {
        "yyyymm": "202305",
        "ctgr2": "광고선전비",
        "ctgr3": "광고선전비_기타",
        "gl_nm": "광고선전비_기타",
        "amount": 0.0
      },
      {
        "yyyymm": "202305",
        "ctgr2": "광고선전비",
        "ctgr3": "광고선전비_PR/홍보",
        "gl_nm": "광고선전비_PR/홍보",
        "amount": 0.0
      },
      {
        "yyyymm": "202306",
        "ctgr2": "광고선전비",
        "ctgr3": "광고선전비_콘텐츠제작",
        "gl_nm": "광고선전비_콘텐츠제작",
        "amount": 39.4
      },
      {
        "yyyymm": "202306",
        "ctgr2": "광고선전비",
        "ctgr3": "광고선전비_매체집행_온라인",
        "gl_nm": "광고선전비_매체집행_온라인",
        "amount": 33.44
      },
      {
        "yyyymm": "202306",
        "ctgr2": "광고선전비",
        "ctgr3": "광고선전비_협찬/제휴",
        "gl_nm": "광고선전비_협찬/제휴",
        "amount": 15.04
      },
      {
        "yyyymm": "202306",
        "ctgr2": "광고선전비",
        "ctgr3": "광고선전비_기타",
        "gl_nm": "광고선전비_물류_재고대체",
        "amount": 8.02
      },
      {
        "yyyymm": "202306",
        "ctgr2": "광고선전비",
        "ctgr3": "광고선전비_협찬/제휴",
        "gl_nm": "광고선전비_물류",
        "amount": 2.73
      },
      {
        "yyyymm": "202306",
        "ctgr2": "광고선전비",
        "ctgr3": "(E-BIZ)광고선전비_매체광고",
        "gl_nm": "(E-BIZ)광고선전비_매체광고",
        "amount": 0.8
      },
      {
        "yyyymm": "202306",
        "ctgr2": "광고선전비",
        "ctgr3": "(E-BIZ)광고선전비_촬영/기타",
        "gl_nm": "(E-BIZ)광고선전비_촬영/기타",
        "amount": 0.32
      },
      {
        "yyyymm": "202306",
        "ctgr2": "광고선전비",
        "ctgr3": "광고선전비_기타",
        "gl_nm": "광고선전비_기타",
        "amount": 0.07
      },
      {
        "yyyymm": "202306",
        "ctgr2": "광고선전비",
        "ctgr3": "광고선전비_모델료",
        "gl_nm": "광고선전비_모델료",
        "amount": 0.0
      },
      {
        "yyyymm": "202306",
        "ctgr2": "광고선전비",
        "ctgr3": "광고선전비_PR/홍보",
        "gl_nm": "광고선전비_PR/홍보",
        "amount": 0.0
      },
      {
        "yyyymm": "202306",
        "ctgr2": "광고선전비",
        "ctgr3": "광고선전비_이벤트/행사",
        "gl_nm": "광고선전비_이벤트/행사",
        "amount": 0.0
      },
      {
        "yyyymm": "202307",
        "ctgr2": "광고선전비",
        "ctgr3": "광고선전비_매체집행_온라인",
        "gl_nm": "광고선전비_매체집행_온라인",
        "amount": 22.45
      },
      {
        "yyyymm": "202307",
        "ctgr2": "광고선전비",
        "ctgr3": "광고선전비_기타",
        "gl_nm": "광고선전비_물류_재고대체",
        "amount": 15.71
      },
      {
        "yyyymm": "202307",
        "ctgr2": "광고선전비",
        "ctgr3": "광고선전비_협찬/제휴",
        "gl_nm": "광고선전비_협찬/제휴",
        "amount": 7.36
      },
      {
        "yyyymm": "202307",
        "ctgr2": "광고선전비",
        "ctgr3": "광고선전비_협찬/제휴",
        "gl_nm": "광고선전비_물류",
        "amount": 5.88
      },
      {
        "yyyymm": "202307",
        "ctgr2": "광고선전비",
        "ctgr3": "광고선전비_콘텐츠제작",
        "gl_nm": "광고선전비_콘텐츠제작",
        "amount": 3.69
      },
      {
        "yyyymm": "202307",
        "ctgr2": "광고선전비",
        "ctgr3": "(E-BIZ)광고선전비_매체광고",
        "gl_nm": "(E-BIZ)광고선전비_매체광고",
        "amount": 0.8
      },
      {
        "yyyymm": "202307",
        "ctgr2": "광고선전비",
        "ctgr3": "광고선전비_기타",
        "gl_nm": "광고선전비_기타",
        "amount": 0.23
      },
      {
        "yyyymm": "202307",
        "ctgr2": "광고선전비",
        "ctgr3": "광고선전비_PR/홍보",
        "gl_nm": "광고선전비_PR/홍보",
        "amount": 0.0
      },
      {
        "yyyymm": "202307",
        "ctgr2": "광고선전비",
        "ctgr3": "광고선전비_모델료",
        "gl_nm": "광고선전비_모델료",
        "amount": 0.0
      },
      {
        "yyyymm": "202307",
        "ctgr2": "광고선전비",
        "ctgr3": "광고선전비_이벤트/행사",
        "gl_nm": "광고선전비_이벤트/행사",
        "amount": 0.0
      },
      {
        "yyyymm": "202307",
        "ctgr2": "광고선전비",
        "ctgr3": "(E-BIZ)광고선전비_촬영/기타",
        "gl_nm": "(E-BIZ)광고선전비_촬영/기타",
        "amount": 0.0
      },
      {
        "yyyymm": "202308",
        "ctgr2": "광고선전비",
        "ctgr3": "광고선전비_콘텐츠제작",
        "gl_nm": "광고선전비_콘텐츠제작",
        "amount": 166.17
      },
      {
        "yyyymm": "202308",
        "ctgr2": "광고선전비",
        "ctgr3": "광고선전비_모델료",
        "gl_nm": "광고선전비_모델료",
        "amount": 33.7
      },
      {
        "yyyymm": "202308",
        "ctgr2": "광고선전비",
        "ctgr3": "광고선전비_협찬/제휴",
        "gl_nm": "광고선전비_협찬/제휴",
        "amount": 9.34
      },
      {
        "yyyymm": "202308",
        "ctgr2": "광고선전비",
        "ctgr3": "광고선전비_매체집행_온라인",
        "gl_nm": "광고선전비_매체집행_온라인",
        "amount": 6.6
      },
      {
        "yyyymm": "202308",
        "ctgr2": "광고선전비",
        "ctgr3": "(E-BIZ)광고선전비_촬영/기타",
        "gl_nm": "(E-BIZ)광고선전비_촬영/기타",
        "amount": 6.21
      },
      {
        "yyyymm": "202308",
        "ctgr2": "광고선전비",
        "ctgr3": "광고선전비_기타",
        "gl_nm": "광고선전비_기타",
        "amount": 4.15
      },
      {
        "yyyymm": "202308",
        "ctgr2": "광고선전비",
        "ctgr3": "(E-BIZ)광고선전비_매체광고",
        "gl_nm": "(E-BIZ)광고선전비_매체광고",
        "amount": 0.8
      },
      {
        "yyyymm": "202308",
        "ctgr2": "광고선전비",
        "ctgr3": "광고선전비_기타",
        "gl_nm": "광고선전비_물류_재고대체",
        "amount": 0.06
      },
      {
        "yyyymm": "202308",
        "ctgr2": "광고선전비",
        "ctgr3": "광고선전비_협찬/제휴",
        "gl_nm": "광고선전비_물류",
        "amount": 0.03
      },
      {
        "yyyymm": "202308",
        "ctgr2": "광고선전비",
        "ctgr3": "광고선전비_이벤트/행사",
        "gl_nm": "광고선전비_이벤트/행사",
        "amount": 0.0
      },
      {
        "yyyymm": "202308",
        "ctgr2": "광고선전비",
        "ctgr3": "광고선전비_PR/홍보",
        "gl_nm": "광고선전비_PR/홍보",
        "amount": 0.0
      },
      {
        "yyyymm": "202309",
        "ctgr2": "광고선전비",
        "ctgr3": "광고선전비_콘텐츠제작",
        "gl_nm": "광고선전비_콘텐츠제작",
        "amount": 148.61
      },
      {
        "yyyymm": "202309",
        "ctgr2": "광고선전비",
        "ctgr3": "광고선전비_이벤트/행사",
        "gl_nm": "광고선전비_이벤트/행사",
        "amount": 89.98
      },
      {
        "yyyymm": "202309",
        "ctgr2": "광고선전비",
        "ctgr3": "광고선전비_매체집행_온라인",
        "gl_nm": "광고선전비_매체집행_온라인",
        "amount": 24.24
      },
      {
        "yyyymm": "202309",
        "ctgr2": "광고선전비",
        "ctgr3": "(E-BIZ)광고선전비_매체광고",
        "gl_nm": "(E-BIZ)광고선전비_매체광고",
        "amount": 20.31
      },
      {
        "yyyymm": "202309",
        "ctgr2": "광고선전비",
        "ctgr3": "광고선전비_협찬/제휴",
        "gl_nm": "광고선전비_협찬/제휴",
        "amount": 13.34
      },
      {
        "yyyymm": "202309",
        "ctgr2": "광고선전비",
        "ctgr3": "광고선전비_기타",
        "gl_nm": "광고선전비_기타",
        "amount": 5.72
      },
      {
        "yyyymm": "202309",
        "ctgr2": "광고선전비",
        "ctgr3": "(E-BIZ)광고선전비_촬영/기타",
        "gl_nm": "(E-BIZ)광고선전비_촬영/기타",
        "amount": 0.73
      },
      {
        "yyyymm": "202309",
        "ctgr2": "광고선전비",
        "ctgr3": "광고선전비_기타",
        "gl_nm": "광고선전비_물류_재고대체",
        "amount": 0.02
      },
      {
        "yyyymm": "202309",
        "ctgr2": "광고선전비",
        "ctgr3": "광고선전비_협찬/제휴",
        "gl_nm": "광고선전비_물류",
        "amount": 0.0
      },
      {
        "yyyymm": "202309",
        "ctgr2": "광고선전비",
        "ctgr3": "광고선전비_모델료",
        "gl_nm": "광고선전비_모델료",
        "amount": 0.0
      },
      {
        "yyyymm": "202309",
        "ctgr2": "광고선전비",
        "ctgr3": "광고선전비_PR/홍보",
        "gl_nm": "광고선전비_PR/홍보",
        "amount": 0.0
      },
      {
        "yyyymm": "202310",
        "ctgr2": "광고선전비",
        "ctgr3": "광고선전비_콘텐츠제작",
        "gl_nm": "광고선전비_콘텐츠제작",
        "amount": 151.32
      },
      {
        "yyyymm": "202310",
        "ctgr2": "광고선전비",
        "ctgr3": "광고선전비_매체집행_온라인",
        "gl_nm": "광고선전비_매체집행_온라인",
        "amount": 102.28
      },
      {
        "yyyymm": "202310",
        "ctgr2": "광고선전비",
        "ctgr3": "(E-BIZ)광고선전비_매체광고",
        "gl_nm": "(E-BIZ)광고선전비_매체광고",
        "amount": 20.62
      },
      {
        "yyyymm": "202310",
        "ctgr2": "광고선전비",
        "ctgr3": "광고선전비_협찬/제휴",
        "gl_nm": "광고선전비_협찬/제휴",
        "amount": 20.22
      },
      {
        "yyyymm": "202310",
        "ctgr2": "광고선전비",
        "ctgr3": "광고선전비_기타",
        "gl_nm": "광고선전비_기타",
        "amount": 3.57
      },
      {
        "yyyymm": "202310",
        "ctgr2": "광고선전비",
        "ctgr3": "광고선전비_기타",
        "gl_nm": "광고선전비_물류_재고대체",
        "amount": 0.59
      },
      {
        "yyyymm": "202310",
        "ctgr2": "광고선전비",
        "ctgr3": "광고선전비_협찬/제휴",
        "gl_nm": "광고선전비_물류",
        "amount": 0.18
      },
      {
        "yyyymm": "202310",
        "ctgr2": "광고선전비",
        "ctgr3": "광고선전비_이벤트/행사",
        "gl_nm": "광고선전비_이벤트/행사",
        "amount": 0.0
      },
      {
        "yyyymm": "202310",
        "ctgr2": "광고선전비",
        "ctgr3": "(E-BIZ)광고선전비_촬영/기타",
        "gl_nm": "(E-BIZ)광고선전비_촬영/기타",
        "amount": 0.0
      },
      {
        "yyyymm": "202310",
        "ctgr2": "광고선전비",
        "ctgr3": "광고선전비_PR/홍보",
        "gl_nm": "광고선전비_PR/홍보",
        "amount": 0.0
      },
      {
        "yyyymm": "202310",
        "ctgr2": "광고선전비",
        "ctgr3": "광고선전비_모델료",
        "gl_nm": "광고선전비_모델료",
        "amount": 0.0
      },
      {
        "yyyymm": "202311",
        "ctgr2": "광고선전비",
        "ctgr3": "광고선전비_협찬/제휴",
        "gl_nm": "광고선전비_협찬/제휴",
        "amount": 58.55
      },
      {
        "yyyymm": "202311",
        "ctgr2": "광고선전비",
        "ctgr3": "광고선전비_콘텐츠제작",
        "gl_nm": "광고선전비_콘텐츠제작",
        "amount": 42.02
      },
      {
        "yyyymm": "202311",
        "ctgr2": "광고선전비",
        "ctgr3": "(E-BIZ)광고선전비_매체광고",
        "gl_nm": "(E-BIZ)광고선전비_매체광고",
        "amount": 41.22
      },
      {
        "yyyymm": "202311",
        "ctgr2": "광고선전비",
        "ctgr3": "광고선전비_모델료",
        "gl_nm": "광고선전비_모델료",
        "amount": 40.0
      },
      {
        "yyyymm": "202311",
        "ctgr2": "광고선전비",
        "ctgr3": "광고선전비_매체집행_온라인",
        "gl_nm": "광고선전비_매체집행_온라인",
        "amount": 18.01
      },
      {
        "yyyymm": "202311",
        "ctgr2": "광고선전비",
        "ctgr3": "광고선전비_PR/홍보",
        "gl_nm": "광고선전비_PR/홍보",
        "amount": 4.24
      },
      {
        "yyyymm": "202311",
        "ctgr2": "광고선전비",
        "ctgr3": "광고선전비_기타",
        "gl_nm": "광고선전비_물류_재고대체",
        "amount": 1.87
      },
      {
        "yyyymm": "202311",
        "ctgr2": "광고선전비",
        "ctgr3": "광고선전비_기타",
        "gl_nm": "광고선전비_기타",
        "amount": 1.78
      },
      {
        "yyyymm": "202311",
        "ctgr2": "광고선전비",
        "ctgr3": "광고선전비_협찬/제휴",
        "gl_nm": "광고선전비_물류",
        "amount": 0.7
      },
      {
        "yyyymm": "202311",
        "ctgr2": "광고선전비",
        "ctgr3": "(E-BIZ)광고선전비_촬영/기타",
        "gl_nm": "(E-BIZ)광고선전비_촬영/기타",
        "amount": 0.0
      },
      {
        "yyyymm": "202311",
        "ctgr2": "광고선전비",
        "ctgr3": "광고선전비_이벤트/행사",
        "gl_nm": "광고선전비_이벤트/행사",
        "amount": 0.0
      },
      {
        "yyyymm": "202312",
        "ctgr2": "광고선전비",
        "ctgr3": "(E-BIZ)광고선전비_매체광고",
        "gl_nm": "(E-BIZ)광고선전비_매체광고",
        "amount": 32.75
      },
      {
        "yyyymm": "202312",
        "ctgr2": "광고선전비",
        "ctgr3": "광고선전비_매체집행_온라인",
        "gl_nm": "광고선전비_매체집행_온라인",
        "amount": 30.93
      },
      {
        "yyyymm": "202312",
        "ctgr2": "광고선전비",
        "ctgr3": "광고선전비_협찬/제휴",
        "gl_nm": "광고선전비_협찬/제휴",
        "amount": 4.04
      },
      {
        "yyyymm": "202312",
        "ctgr2": "광고선전비",
        "ctgr3": "광고선전비_PR/홍보",
        "gl_nm": "광고선전비_PR/홍보",
        "amount": 4.0
      },
      {
        "yyyymm": "202312",
        "ctgr2": "광고선전비",
        "ctgr3": "광고선전비_기타",
        "gl_nm": "광고선전비_기타",
        "amount": 3.32
      },
      {
        "yyyymm": "202312",
        "ctgr2": "광고선전비",
        "ctgr3": "광고선전비_콘텐츠제작",
        "gl_nm": "광고선전비_콘텐츠제작",
        "amount": 2.96
      },
      {
        "yyyymm": "202312",
        "ctgr2": "광고선전비",
        "ctgr3": "광고선전비_기타",
        "gl_nm": "광고선전비_물류_재고대체",
        "amount": 0.76
      },
      {
        "yyyymm": "202312",
        "ctgr2": "광고선전비",
        "ctgr3": "광고선전비_협찬/제휴",
        "gl_nm": "광고선전비_물류",
        "amount": 0.28
      },
      {
        "yyyymm": "202312",
        "ctgr2": "광고선전비",
        "ctgr3": "(E-BIZ)광고선전비_촬영/기타",
        "gl_nm": "(E-BIZ)광고선전비_촬영/기타",
        "amount": 0.0
      },
      {
        "yyyymm": "202312",
        "ctgr2": "광고선전비",
        "ctgr3": "광고선전비_이벤트/행사",
        "gl_nm": "광고선전비_이벤트/행사",
        "amount": 0.0
      },
      {
        "yyyymm": "202312",
        "ctgr2": "광고선전비",
        "ctgr3": "광고선전비_모델료",
        "gl_nm": "광고선전비_모델료",
        "amount": 0.0
      },
      {
        "yyyymm": "202401",
        "ctgr2": "광고선전비",
        "ctgr3": "광고선전비_콘텐츠제작",
        "gl_nm": "광고선전비_콘텐츠제작",
        "amount": 51.68
      },
      {
        "yyyymm": "202401",
        "ctgr2": "광고선전비",
        "ctgr3": "(E-BIZ)광고선전비_매체광고",
        "gl_nm": "(E-BIZ)광고선전비_매체광고",
        "amount": 12.26
      },
      {
        "yyyymm": "202401",
        "ctgr2": "광고선전비",
        "ctgr3": "광고선전비_기타",
        "gl_nm": "광고선전비_기타",
        "amount": 11.29
      },
      {
        "yyyymm": "202401",
        "ctgr2": "광고선전비",
        "ctgr3": "광고선전비_기타",
        "gl_nm": "광고선전비_물류_재고대체",
        "amount": 7.64
      },
      {
        "yyyymm": "202401",
        "ctgr2": "광고선전비",
        "ctgr3": "광고선전비_PR/홍보",
        "gl_nm": "광고선전비_PR/홍보",
        "amount": 4.06
      },
      {
        "yyyymm": "202401",
        "ctgr2": "광고선전비",
        "ctgr3": "광고선전비_협찬/제휴",
        "gl_nm": "광고선전비_물류",
        "amount": 2.45
      },
      {
        "yyyymm": "202401",
        "ctgr2": "광고선전비",
        "ctgr3": "광고선전비_매체집행_온라인",
        "gl_nm": "광고선전비_매체집행_온라인",
        "amount": 0.0
      },
      {
        "yyyymm": "202401",
        "ctgr2": "광고선전비",
        "ctgr3": "(E-BIZ)광고선전비_촬영/기타",
        "gl_nm": "(E-BIZ)광고선전비_촬영/기타",
        "amount": 0.0
      },
      {
        "yyyymm": "202401",
        "ctgr2": "광고선전비",
        "ctgr3": "광고선전비_협찬/제휴",
        "gl_nm": "광고선전비_협찬/제휴",
        "amount": 0.0
      },
      {
        "yyyymm": "202402",
        "ctgr2": "광고선전비",
        "ctgr3": "광고선전비_콘텐츠제작",
        "gl_nm": "광고선전비_콘텐츠제작",
        "amount": 35.62
      },
      {
        "yyyymm": "202402",
        "ctgr2": "광고선전비",
        "ctgr3": "광고선전비_기타",
        "gl_nm": "광고선전비_기타",
        "amount": 15.77
      },
      {
        "yyyymm": "202402",
        "ctgr2": "광고선전비",
        "ctgr3": "(E-BIZ)광고선전비_매체광고",
        "gl_nm": "(E-BIZ)광고선전비_매체광고",
        "amount": 7.42
      },
      {
        "yyyymm": "202402",
        "ctgr2": "광고선전비",
        "ctgr3": "(E-BIZ)광고선전비_촬영/기타",
        "gl_nm": "(E-BIZ)광고선전비_촬영/기타",
        "amount": 4.93
      },
      {
        "yyyymm": "202402",
        "ctgr2": "광고선전비",
        "ctgr3": "광고선전비_PR/홍보",
        "gl_nm": "광고선전비_PR/홍보",
        "amount": 4.0
      },
      {
        "yyyymm": "202402",
        "ctgr2": "광고선전비",
        "ctgr3": "광고선전비_협찬/제휴",
        "gl_nm": "광고선전비_물류",
        "amount": 0.0
      },
      {
        "yyyymm": "202402",
        "ctgr2": "광고선전비",
        "ctgr3": "광고선전비_협찬/제휴",
        "gl_nm": "광고선전비_협찬/제휴",
        "amount": 0.0
      },
      {
        "yyyymm": "202402",
        "ctgr2": "광고선전비",
        "ctgr3": "광고선전비_기타",
        "gl_nm": "광고선전비_물류_재고대체",
        "amount": 0.0
      },
      {
        "yyyymm": "202402",
        "ctgr2": "광고선전비",
        "ctgr3": "광고선전비_매체집행_온라인",
        "gl_nm": "광고선전비_매체집행_온라인",
        "amount": 0.0
      },
      {
        "yyyymm": "202403",
        "ctgr2": "광고선전비",
        "ctgr3": "광고선전비_콘텐츠제작",
        "gl_nm": "광고선전비_콘텐츠제작",
        "amount": 33.89
      },
      {
        "yyyymm": "202403",
        "ctgr2": "광고선전비",
        "ctgr3": "광고선전비_매체집행_온라인",
        "gl_nm": "광고선전비_매체집행_온라인",
        "amount": 11.9
      },
      {
        "yyyymm": "202403",
        "ctgr2": "광고선전비",
        "ctgr3": "광고선전비_기타",
        "gl_nm": "광고선전비_기타",
        "amount": 6.21
      },
      {
        "yyyymm": "202403",
        "ctgr2": "광고선전비",
        "ctgr3": "(E-BIZ)광고선전비_매체광고",
        "gl_nm": "(E-BIZ)광고선전비_매체광고",
        "amount": 5.09
      },
      {
        "yyyymm": "202403",
        "ctgr2": "광고선전비",
        "ctgr3": "광고선전비_PR/홍보",
        "gl_nm": "광고선전비_PR/홍보",
        "amount": 4.28
      },
      {
        "yyyymm": "202403",
        "ctgr2": "광고선전비",
        "ctgr3": "광고선전비_협찬/제휴",
        "gl_nm": "광고선전비_협찬/제휴",
        "amount": 3.59
      },
      {
        "yyyymm": "202403",
        "ctgr2": "광고선전비",
        "ctgr3": "광고선전비_기타",
        "gl_nm": "광고선전비_물류_재고대체",
        "amount": 0.13
      },
      {
        "yyyymm": "202403",
        "ctgr2": "광고선전비",
        "ctgr3": "광고선전비_협찬/제휴",
        "gl_nm": "광고선전비_물류",
        "amount": 0.05
      },
      {
        "yyyymm": "202403",
        "ctgr2": "광고선전비",
        "ctgr3": "(E-BIZ)광고선전비_촬영/기타",
        "gl_nm": "(E-BIZ)광고선전비_촬영/기타",
        "amount": 0.0
      },
      {
        "yyyymm": "202404",
        "ctgr2": "광고선전비",
        "ctgr3": "광고선전비_콘텐츠제작",
        "gl_nm": "광고선전비_콘텐츠제작",
        "amount": 20.5
      },
      {
        "yyyymm": "202404",
        "ctgr2": "광고선전비",
        "ctgr3": "광고선전비_협찬/제휴",
        "gl_nm": "광고선전비_협찬/제휴",
        "amount": 18.44
      },
      {
        "yyyymm": "202404",
        "ctgr2": "광고선전비",
        "ctgr3": "(E-BIZ)광고선전비_매체광고",
        "gl_nm": "(E-BIZ)광고선전비_매체광고",
        "amount": 4.19
      },
      {
        "yyyymm": "202404",
        "ctgr2": "광고선전비",
        "ctgr3": "광고선전비_PR/홍보",
        "gl_nm": "광고선전비_PR/홍보",
        "amount": 4.18
      },
      {
        "yyyymm": "202404",
        "ctgr2": "광고선전비",
        "ctgr3": "광고선전비_매체집행_온라인",
        "gl_nm": "광고선전비_매체집행_온라인",
        "amount": 3.5
      },
      {
        "yyyymm": "202404",
        "ctgr2": "광고선전비",
        "ctgr3": "광고선전비_기타",
        "gl_nm": "광고선전비_기타",
        "amount": 3.15
      },
      {
        "yyyymm": "202404",
        "ctgr2": "광고선전비",
        "ctgr3": "광고선전비_기타",
        "gl_nm": "광고선전비_물류_재고대체",
        "amount": 0.76
      },
      {
        "yyyymm": "202404",
        "ctgr2": "광고선전비",
        "ctgr3": "광고선전비_협찬/제휴",
        "gl_nm": "광고선전비_물류",
        "amount": 0.27
      },
      {
        "yyyymm": "202404",
        "ctgr2": "광고선전비",
        "ctgr3": "(E-BIZ)광고선전비_촬영/기타",
        "gl_nm": "(E-BIZ)광고선전비_촬영/기타",
        "amount": 0.0
      }
    ]
  }
}