{
  "country": "KR",
  "brand_cd": "V",
  "yyyymm": "202410",
  "key": "영업비",
  "sub_key": "광고선전비",
  "analysis_data": {
    "title": "광고선전비 분석",
    "sections": [
      {
        "div": "종합분석-1",
        "sub_title": "투자 방향성 종합 평가",
        "ai_text": "DUVETICA 브랜드의 광고선전비는 전년동월(144백만원) 대비 73.2% 증가한 250백만원으로 대폭 확대되었습니다. 이는 적극적 브랜드 투자 전략으로의 전환을 의미하며, 특히 디지털 중심의 통합 마케팅 전략으로 방향성이 변화했습니다.\n\n투자 구조가 근본적으로 재편되었는데, 온라인 매체집행이 9백만원에서 83백만원으로 808.2% 폭증하며 최대 투자 영역으로 부상했고, 콘텐츠 제작 투자가 3백만원에서 74백만원으로 2,381.8% 급증하여 브랜드 자산 구축에 집중하고 있음을 보여줍니다."
      },
      {
        "div": "종합분석-2",
        "sub_title": "효율적 투자 영역",
        "ai_text": "• 온라인 매체집행 확대: 9백만원 → 83백만원(+808.2%)으로 디지털 마케팅 중심 전환을 통한 타겟 고객 정밀 접근\n• 콘텐츠 제작 강화: 3백만원 → 74백만원(+2,381.8%)으로 브랜드 스토리텔링 및 자산 구축 투자 확대\n• 협찬/제휴 증대: 52백만원 → 62백만원(+19.1%)으로 안정적 브랜드 노출 기회 확보\n• E-BIZ 촬영/기타 확대: 13백만원 → 18백만원(+37.3%)으로 온라인 채널 최적화 콘텐츠 제작"
      },
      {
        "div": "종합분석-3",
        "sub_title": "주의 필요 영역",
        "ai_text": "• E-BIZ 매체광고 급감: 35백만원 → 2백만원(-94.3%)으로 온라인 광고 전략의 급격한 축소 발생\n• 이벤트/행사 전면 중단: 21백만원 → 0백만원(-100%)으로 오프라인 고객 접점 기회 완전 상실\n• 기타 광고비 변동성: 6백만원 → 5백만원(-13.6%)으로 소폭 감소하였으나 물류 관련 신규 비용 402백만원 발생\n• PR/홍보 정체: 5백만원으로 동일 수준 유지되어 브랜드 인지도 확산 기회 제한"
      },
      {
        "div": "종합분석-4",
        "sub_title": "이상징후 및 리스크 감지",
        "ai_text": "• 예산 배분의 극단적 변화: E-BIZ 매체광고 94.3% 급감과 온라인 매체집행 808.2% 급증이 동시 발생하여 디지털 마케팅 채널 전략의 급격한 재편을 시사합니다.\n• 오프라인 마케팅 완전 중단: 이벤트/행사 예산 전액 삭감으로 고객과의 직접적 브랜드 체험 기회가 상실되어 브랜드 충성도 구축에 부정적 영향 우려\n• 신규 물류 비용 발생: 광고선전비 내 물류 관련 비용 572백만원(물류 170백만원 + 물류_재고대체 402백만원) 신규 발생으로 마케팅 예산 구조 복잡화\n• 투자 집중도 심화: 상위 3개 항목(온라인 매체집행, 콘텐츠 제작, 협찬/제휴)이 전체 예산의 87.9%를 차지하여 리스크 분산 부족"
      },
      {
        "div": "종합분석-5",
        "sub_title": "마케팅 전략 최적화 방안",
        "ai_text": "### 즉시 실행 방안\n1. 디지털 마케팅 ROI 정밀 측정: 온라인 매체집행 83백만원 투자 대비 매출 기여도 및 고객 획득 비용 분석 체계 구축\n2. 콘텐츠 제작 효율성 검증: 74백만원 투자 콘텐츠의 브랜드 인지도 및 구매 전환율 측정을 통한 투자 효과 검증\n3. 오프라인 접점 대안 마련: 이벤트/행사 중단에 따른 고객 체험 기회 보완을 위한 팝업스토어 또는 체험형 마케팅 검토\n\n### 중장기 전략 방향\n1. 통합 마케팅 포트폴리오 구축: 온라인-오프라인 균형잡힌 예산 배분을 통한 전방위 브랜드 노출 전략 수립\n2. 데이터 기반 예산 최적화: 각 마케팅 채널별 성과 데이터 축적을 통한 예산 배분 알고리즘 개발\n3. 브랜드 자산 가치 극대화: 콘텐츠 제작 투자를 활용한 장기적 브랜드 스토리 구축 및 IP 개발 전략 추진"
      }
    ]
  },
  "ctgr1": "광고선전비",
  "summary": {
    "prev_year_total": 144.48,
    "curr_year_total": 250.2,
    "change_amount": 105.72,
    "change_pct": 73.2,
    "investment_direction": "증가"
  },
  "categories": [
    {
      "ctgr2": "광고선전비",
      "ctgr3": "광고선전비_이벤트/행사",
      "gl_nm": "광고선전비_이벤트/행사",
      "prev_year": 21.0,
      "curr_year": 0.0,
      "change": -21.0,
      "change_pct": -100.0,
      "is_new": false,
      "is_discontinued": true
    },
    {
      "ctgr2": "광고선전비",
      "ctgr3": "(E-BIZ)광고선전비_촬영/기타",
      "gl_nm": "(E-BIZ)광고선전비_촬영/기타",
      "prev_year": 13.13,
      "curr_year": 18.03,
      "change": 4.9,
      "change_pct": 37.3,
      "is_new": false,
      "is_discontinued": false
    },
    {
      "ctgr2": "광고선전비",
      "ctgr3": "광고선전비_기타",
      "gl_nm": "광고선전비_기타",
      "prev_year": 5.9,
      "curr_year": 5.1,
      "change": -0.8,
      "change_pct": -13.5,
      "is_new": false,
      "is_discontinued": false
    },
    {
      "ctgr2": "광고선전비",
      "ctgr3": "(E-BIZ)광고선전비_매체광고",
      "gl_nm": "(E-BIZ)광고선전비_매체광고",
      "prev_year": 35.4,
      "curr_year": 2.02,
      "change": -33.38,
      "change_pct": -94.3,
      "is_new": false,
      "is_discontinued": false
    },
    {
      "ctgr2": "광고선전비",
      "ctgr3": "광고선전비_협찬/제휴",
      "gl_nm": "광고선전비_협찬/제휴",
      "prev_year": 52.4,
      "curr_year": 62.44,
      "change": 10.04,
      "change_pct": 19.2,
      "is_new": false,
      "is_discontinued": false
    },
    {
      "ctgr2": "광고선전비",
      "ctgr3": "광고선전비_매체집행_온라인",
      "gl_nm": "광고선전비_매체집행_온라인",
      "prev_year": 9.15,
      "curr_year": 83.08,
      "change": 73.93,
      "change_pct": 808.2,
      "is_new": false,
      "is_discontinued": false
    },
    {
      "ctgr2": "광고선전비",
      "ctgr3": "광고선전비_PR/홍보",
      "gl_nm": "광고선전비_PR/홍보",
      "prev_year": 4.5,
      "curr_year": 4.5,
      "change": 0.0,
      "change_pct": 0.0,
      "is_new": false,
      "is_discontinued": false
    },
    {
      "ctgr2": "광고선전비",
      "ctgr3": "광고선전비_매체집행_기타",
      "gl_nm": "광고선전비_매체집행_기타",
      "prev_year": 0.0,
      "curr_year": 0.0,
      "change": 0.0,
      "change_pct": 0,
      "is_new": false,
      "is_discontinued": false
    },
    {
      "ctgr2": "광고선전비",
      "ctgr3": "광고선전비_협찬/제휴",
      "gl_nm": "광고선전비_물류",
      "prev_year": 0.0,
      "curr_year": 0.17,
      "change": 0.17,
      "change_pct": 0,
      "is_new": true,
      "is_discontinued": false
    },
    {
      "ctgr2": "광고선전비",
      "ctgr3": "광고선전비_기타",
      "gl_nm": "광고선전비_물류_재고대체",
      "prev_year": 0.0,
      "curr_year": 0.4,
      "change": 0.4,
      "change_pct": 0,
      "is_new": true,
      "is_discontinued": false
    },
    {
      "ctgr2": "광고선전비",
      "ctgr3": "광고선전비_모델료",
      "gl_nm": "광고선전비_모델료",
      "prev_year": 0.0,
      "curr_year": 0.0,
      "change": 0.0,
      "change_pct": 0,
      "is_new": false,
      "is_discontinued": false
    },
    {
      "ctgr2": "광고선전비",
      "ctgr3": "광고선전비_콘텐츠제작",
      "gl_nm": "광고선전비_콘텐츠제작",
      "prev_year": 3.0,
      "curr_year": 74.45,
      "change": 71.45,
      "change_pct": 2381.8,
      "is_new": false,
      "is_discontinued": false
    }
  ],
  "category_summary": {
    "increased": [
      {
        "ctgr2": "광고선전비",
        "ctgr3": "(E-BIZ)광고선전비_촬영/기타",
        "gl_nm": "(E-BIZ)광고선전비_촬영/기타",
        "prev_year": 13.13,
        "curr_year": 18.03,
        "change": 4.9,
        "change_pct": 37.3,
        "is_new": false,
        "is_discontinued": false
      },
      {
        "ctgr2": "광고선전비",
        "ctgr3": "광고선전비_협찬/제휴",
        "gl_nm": "광고선전비_협찬/제휴",
        "prev_year": 52.4,
        "curr_year": 62.44,
        "change": 10.04,
        "change_pct": 19.2,
        "is_new": false,
        "is_discontinued": false
      },
      {
        "ctgr2": "광고선전비",
        "ctgr3": "광고선전비_매체집행_온라인",
        "gl_nm": "광고선전비_매체집행_온라인",
        "prev_year": 9.15,
        "curr_year": 83.08,
        "change": 73.93,
        "change_pct": 808.2,
        "is_new": false,
        "is_discontinued": false
      },
      {
        "ctgr2": "광고선전비",
        "ctgr3": "광고선전비_협찬/제휴",
        "gl_nm": "광고선전비_물류",
        "prev_year": 0.0,
        "curr_year": 0.17,
        "change": 0.17,
        "change_pct": 0,
        "is_new": true,
        "is_discontinued": false
      },
      {
        "ctgr2": "광고선전비",
        "ctgr3": "광고선전비_기타",
        "gl_nm": "광고선전비_물류_재고대체",
        "prev_year": 0.0,
        "curr_year": 0.4,
        "change": 0.4,
        "change_pct": 0,
        "is_new": true,
        "is_discontinued": false
      },
      {
        "ctgr2": "광고선전비",
        "ctgr3": "광고선전비_콘텐츠제작",
        "gl_nm": "광고선전비_콘텐츠제작",
        "prev_year": 3.0,
        "curr_year": 74.45,
        "change": 71.45,
        "change_pct": 2381.8,
        "is_new": false,
        "is_discontinued": false
      }
    ],
    "decreased": [
      {
        "ctgr2": "광고선전비",
        "ctgr3": "광고선전비_이벤트/행사",
        "gl_nm": "광고선전비_이벤트/행사",
        "prev_year": 21.0,
        "curr_year": 0.0,
        "change": -21.0,
        "change_pct": -100.0,
        "is_new": false,
        "is_discontinued": true
      },
      {
        "ctgr2": "광고선전비",
        "ctgr3": "광고선전비_기타",
        "gl_nm": "광고선전비_기타",
        "prev_year": 5.9,
        "curr_year": 5.1,
        "change": -0.8,
        "change_pct": -13.5,
        "is_new": false,
        "is_discontinued": false
      },
      {
        "ctgr2": "광고선전비",
        "ctgr3": "(E-BIZ)광고선전비_매체광고",
        "gl_nm": "(E-BIZ)광고선전비_매체광고",
        "prev_year": 35.4,
        "curr_year": 2.02,
        "change": -33.38,
        "change_pct": -94.3,
        "is_new": false,
        "is_discontinued": false
      }
    ],
    "new_investments": [
      {
        "ctgr2": "광고선전비",
        "ctgr3": "광고선전비_협찬/제휴",
        "gl_nm": "광고선전비_물류",
        "prev_year": 0.0,
        "curr_year": 0.17,
        "change": 0.17,
        "change_pct": 0,
        "is_new": true,
        "is_discontinued": false
      },
      {
        "ctgr2": "광고선전비",
        "ctgr3": "광고선전비_기타",
        "gl_nm": "광고선전비_물류_재고대체",
        "prev_year": 0.0,
        "curr_year": 0.4,
        "change": 0.4,
        "change_pct": 0,
        "is_new": true,
        "is_discontinued": false
      }
    ],
    "discontinued": [
      {
        "ctgr2": "광고선전비",
        "ctgr3": "광고선전비_이벤트/행사",
        "gl_nm": "광고선전비_이벤트/행사",
        "prev_year": 21.0,
        "curr_year": 0.0,
        "change": -21.0,
        "change_pct": -100.0,
        "is_new": false,
        "is_discontinued": true
      }
    ]
  },
  "raw_data": {
    "total_records": [
      {
        "PST_YYYYMM": "202310",
        "TOTAL_AMT": 144478504.0
      },
      {
        "PST_YYYYMM": "202410",
        "TOTAL_AMT": 250200036.0
      }
    ],
    "detail_records": [
      {
        "PST_YYYYMM": "202410",
        "BRD_CD": "V",
        "BRD_NM": "DUVETICA",
        "CTGR1": "광고선전비",
        "CTGR2": "광고선전비",
        "CTGR3": "광고선전비_매체집행_온라인",
        "GL_NM": "광고선전비_매체집행_온라인",
        "TTL_USE_AMT": 83078034.0
      },
      {
        "PST_YYYYMM": "202410",
        "BRD_CD": "V",
        "BRD_NM": "DUVETICA",
        "CTGR1": "광고선전비",
        "CTGR2": "광고선전비",
        "CTGR3": "광고선전비_콘텐츠제작",
        "GL_NM": "광고선전비_콘텐츠제작",
        "TTL_USE_AMT": 74454302.0
      },
      {
        "PST_YYYYMM": "202410",
        "BRD_CD": "V",
        "BRD_NM": "DUVETICA",
        "CTGR1": "광고선전비",
        "CTGR2": "광고선전비",
        "CTGR3": "광고선전비_협찬/제휴",
        "GL_NM": "광고선전비_협찬/제휴",
        "TTL_USE_AMT": 62435251.0
      },
      {
        "PST_YYYYMM": "202310",
        "BRD_CD": "V",
        "BRD_NM": "DUVETICA",
        "CTGR1": "광고선전비",
        "CTGR2": "광고선전비",
        "CTGR3": "광고선전비_협찬/제휴",
        "GL_NM": "광고선전비_협찬/제휴",
        "TTL_USE_AMT": 52400000.0
      },
      {
        "PST_YYYYMM": "202310",
        "BRD_CD": "V",
        "BRD_NM": "DUVETICA",
        "CTGR1": "광고선전비",
        "CTGR2": "광고선전비",
        "CTGR3": "(E-BIZ)광고선전비_매체광고",
        "GL_NM": "(E-BIZ)광고선전비_매체광고",
        "TTL_USE_AMT": 35399500.0
      },
      {
        "PST_YYYYMM": "202310",
        "BRD_CD": "V",
        "BRD_NM": "DUVETICA",
        "CTGR1": "광고선전비",
        "CTGR2": "광고선전비",
        "CTGR3": "광고선전비_이벤트/행사",
        "GL_NM": "광고선전비_이벤트/행사",
        "TTL_USE_AMT": 21000000.0
      },
      {
        "PST_YYYYMM": "202410",
        "BRD_CD": "V",
        "BRD_NM": "DUVETICA",
        "CTGR1": "광고선전비",
        "CTGR2": "광고선전비",
        "CTGR3": "(E-BIZ)광고선전비_촬영/기타",
        "GL_NM": "(E-BIZ)광고선전비_촬영/기타",
        "TTL_USE_AMT": 18033634.0
      },
      {
        "PST_YYYYMM": "202310",
        "BRD_CD": "V",
        "BRD_NM": "DUVETICA",
        "CTGR1": "광고선전비",
        "CTGR2": "광고선전비",
        "CTGR3": "(E-BIZ)광고선전비_촬영/기타",
        "GL_NM": "(E-BIZ)광고선전비_촬영/기타",
        "TTL_USE_AMT": 13131600.0
      },
      {
        "PST_YYYYMM": "202310",
        "BRD_CD": "V",
        "BRD_NM": "DUVETICA",
        "CTGR1": "광고선전비",
        "CTGR2": "광고선전비",
        "CTGR3": "광고선전비_매체집행_온라인",
        "GL_NM": "광고선전비_매체집행_온라인",
        "TTL_USE_AMT": 9147404.0
      },
      {
        "PST_YYYYMM": "202310",
        "BRD_CD": "V",
        "BRD_NM": "DUVETICA",
        "CTGR1": "광고선전비",
        "CTGR2": "광고선전비",
        "CTGR3": "광고선전비_기타",
        "GL_NM": "광고선전비_기타",
        "TTL_USE_AMT": 5900000.0
      },
      {
        "PST_YYYYMM": "202410",
        "BRD_CD": "V",
        "BRD_NM": "DUVETICA",
        "CTGR1": "광고선전비",
        "CTGR2": "광고선전비",
        "CTGR3": "광고선전비_기타",
        "GL_NM": "광고선전비_기타",
        "TTL_USE_AMT": 5104600.0
      },
      {
        "PST_YYYYMM": "202410",
        "BRD_CD": "V",
        "BRD_NM": "DUVETICA",
        "CTGR1": "광고선전비",
        "CTGR2": "광고선전비",
        "CTGR3": "광고선전비_PR/홍보",
        "GL_NM": "광고선전비_PR/홍보",
        "TTL_USE_AMT": 4500000.0
      },
      {
        "PST_YYYYMM": "202310",
        "BRD_CD": "V",
        "BRD_NM": "DUVETICA",
        "CTGR1": "광고선전비",
        "CTGR2": "광고선전비",
        "CTGR3": "광고선전비_PR/홍보",
        "GL_NM": "광고선전비_PR/홍보",
        "TTL_USE_AMT": 4500000.0
      },
      {
        "PST_YYYYMM": "202310",
        "BRD_CD": "V",
        "BRD_NM": "DUVETICA",
        "CTGR1": "광고선전비",
        "CTGR2": "광고선전비",
        "CTGR3": "광고선전비_콘텐츠제작",
        "GL_NM": "광고선전비_콘텐츠제작",
        "TTL_USE_AMT": 3000000.0
      },
      {
        "PST_YYYYMM": "202410",
        "BRD_CD": "V",
        "BRD_NM": "DUVETICA",
        "CTGR1": "광고선전비",
        "CTGR2": "광고선전비",
        "CTGR3": "(E-BIZ)광고선전비_매체광고",
        "GL_NM": "(E-BIZ)광고선전비_매체광고",
        "TTL_USE_AMT": 2022257.0
      },
      {
        "PST_YYYYMM": "202410",
        "BRD_CD": "V",
        "BRD_NM": "DUVETICA",
        "CTGR1": "광고선전비",
        "CTGR2": "광고선전비",
        "CTGR3": "광고선전비_기타",
        "GL_NM": "광고선전비_물류_재고대체",
        "TTL_USE_AMT": 401778.0
      },
      {
        "PST_YYYYMM": "202410",
        "BRD_CD": "V",
        "BRD_NM": "DUVETICA",
        "CTGR1": "광고선전비",
        "CTGR2": "광고선전비",
        "CTGR3": "광고선전비_협찬/제휴",
        "GL_NM": "광고선전비_물류",
        "TTL_USE_AMT": 170180.0
      },
      {
        "PST_YYYYMM": "202310",
        "BRD_CD": "V",
        "BRD_NM": "DUVETICA",
        "CTGR1": "광고선전비",
        "CTGR2": "광고선전비",
        "CTGR3": "광고선전비_협찬/제휴",
        "GL_NM": "광고선전비_물류",
        "TTL_USE_AMT": 0.0
      },
      {
        "PST_YYYYMM": "202410",
        "BRD_CD": "V",
        "BRD_NM": "DUVETICA",
        "CTGR1": "광고선전비",
        "CTGR2": "광고선전비",
        "CTGR3": "광고선전비_이벤트/행사",
        "GL_NM": "광고선전비_이벤트/행사",
        "TTL_USE_AMT": 0.0
      },
      {
        "PST_YYYYMM": "202410",
        "BRD_CD": "V",
        "BRD_NM": "DUVETICA",
        "CTGR1": "광고선전비",
        "CTGR2": "광고선전비",
        "CTGR3": "광고선전비_모델료",
        "GL_NM": "광고선전비_모델료",
        "TTL_USE_AMT": 0.0
      },
      {
        "PST_YYYYMM": "202410",
        "BRD_CD": "V",
        "BRD_NM": "DUVETICA",
        "CTGR1": "광고선전비",
        "CTGR2": "광고선전비",
        "CTGR3": "광고선전비_매체집행_기타",
        "GL_NM": "광고선전비_매체집행_기타",
        "TTL_USE_AMT": 0.0
      },
      {
        "PST_YYYYMM": "202310",
        "BRD_CD": "V",
        "BRD_NM": "DUVETICA",
        "CTGR1": "광고선전비",
        "CTGR2": "광고선전비",
        "CTGR3": "광고선전비_기타",
        "GL_NM": "광고선전비_물류_재고대체",
        "TTL_USE_AMT": 0.0
      },
      {
        "PST_YYYYMM": "202310",
        "BRD_CD": "V",
        "BRD_NM": "DUVETICA",
        "CTGR1": "광고선전비",
        "CTGR2": "광고선전비",
        "CTGR3": "광고선전비_모델료",
        "GL_NM": "광고선전비_모델료",
        "TTL_USE_AMT": 0.0
      }
    ]
  },
  "trend_data": {
    "trend_months": [
      "202311",
      "202312",
      "202401",
      "202402",
      "202403",
      "202404",
      "202405",
      "202406",
      "202407",
      "202408",
      "202409",
      "202410"
    ],
    "monthly_totals": [
      {
        "yyyymm": "202311",
        "total_amount": 261.39
      },
      {
        "yyyymm": "202312",
        "total_amount": 182.26
      },
      {
        "yyyymm": "202401",
        "total_amount": 255.37
      },
      {
        "yyyymm": "202402",
        "total_amount": 250.19
      },
      {
        "yyyymm": "202403",
        "total_amount": 283.63
      },
      {
        "yyyymm": "202404",
        "total_amount": 253.26
      },
      {
        "yyyymm": "202405",
        "total_amount": 53.57
      },
      {
        "yyyymm": "202406",
        "total_amount": 115.87
      },
      {
        "yyyymm": "202407",
        "total_amount": 70.28
      },
      {
        "yyyymm": "202408",
        "total_amount": 110.65
      },
      {
        "yyyymm": "202409",
        "total_amount": 51.54
      },
      {
        "yyyymm": "202410",
        "total_amount": 250.2
      }
    ],
    "monthly_details": [
      {
        "yyyymm": "202311",
        "ctgr2": "광고선전비",
        "ctgr3": "광고선전비_협찬/제휴",
        "gl_nm": "광고선전비_협찬/제휴",
        "amount": 121.52
      },
      {
        "yyyymm": "202311",
        "ctgr2": "광고선전비",
        "ctgr3": "(E-BIZ)광고선전비_매체광고",
        "gl_nm": "(E-BIZ)광고선전비_매체광고",
        "amount": 60.28
      },
      {
        "yyyymm": "202311",
        "ctgr2": "광고선전비",
        "ctgr3": "광고선전비_콘텐츠제작",
        "gl_nm": "광고선전비_콘텐츠제작",
        "amount": 43.73
      },
      {
        "yyyymm": "202311",
        "ctgr2": "광고선전비",
        "ctgr3": "(E-BIZ)광고선전비_촬영/기타",
        "gl_nm": "(E-BIZ)광고선전비_촬영/기타",
        "amount": 15.67
      },
      {
        "yyyymm": "202311",
        "ctgr2": "광고선전비",
        "ctgr3": "광고선전비_기타",
        "gl_nm": "광고선전비_기타",
        "amount": 12.09
      },
      {
        "yyyymm": "202311",
        "ctgr2": "광고선전비",
        "ctgr3": "광고선전비_PR/홍보",
        "gl_nm": "광고선전비_PR/홍보",
        "amount": 4.5
      },
      {
        "yyyymm": "202311",
        "ctgr2": "광고선전비",
        "ctgr3": "광고선전비_매체집행_온라인",
        "gl_nm": "광고선전비_매체집행_온라인",
        "amount": 2.5
      },
      {
        "yyyymm": "202311",
        "ctgr2": "광고선전비",
        "ctgr3": "광고선전비_기타",
        "gl_nm": "광고선전비_물류_재고대체",
        "amount": 0.81
      },
      {
        "yyyymm": "202311",
        "ctgr2": "광고선전비",
        "ctgr3": "광고선전비_협찬/제휴",
        "gl_nm": "광고선전비_물류",
        "amount": 0.29
      },
      {
        "yyyymm": "202311",
        "ctgr2": "광고선전비",
        "ctgr3": "광고선전비_이벤트/행사",
        "gl_nm": "광고선전비_이벤트/행사",
        "amount": 0.0
      },
      {
        "yyyymm": "202311",
        "ctgr2": "광고선전비",
        "ctgr3": "광고선전비_모델료",
        "gl_nm": "광고선전비_모델료",
        "amount": 0.0
      },
      {
        "yyyymm": "202312",
        "ctgr2": "광고선전비",
        "ctgr3": "광고선전비_협찬/제휴",
        "gl_nm": "광고선전비_협찬/제휴",
        "amount": 89.69
      },
      {
        "yyyymm": "202312",
        "ctgr2": "광고선전비",
        "ctgr3": "(E-BIZ)광고선전비_매체광고",
        "gl_nm": "(E-BIZ)광고선전비_매체광고",
        "amount": 51.34
      },
      {
        "yyyymm": "202312",
        "ctgr2": "광고선전비",
        "ctgr3": "광고선전비_매체집행_온라인",
        "gl_nm": "광고선전비_매체집행_온라인",
        "amount": 18.45
      },
      {
        "yyyymm": "202312",
        "ctgr2": "광고선전비",
        "ctgr3": "광고선전비_콘텐츠제작",
        "gl_nm": "광고선전비_콘텐츠제작",
        "amount": 7.1
      },
      {
        "yyyymm": "202312",
        "ctgr2": "광고선전비",
        "ctgr3": "광고선전비_기타",
        "gl_nm": "광고선전비_기타",
        "amount": 6.21
      },
      {
        "yyyymm": "202312",
        "ctgr2": "광고선전비",
        "ctgr3": "(E-BIZ)광고선전비_촬영/기타",
        "gl_nm": "(E-BIZ)광고선전비_촬영/기타",
        "amount": 4.85
      },
      {
        "yyyymm": "202312",
        "ctgr2": "광고선전비",
        "ctgr3": "광고선전비_PR/홍보",
        "gl_nm": "광고선전비_PR/홍보",
        "amount": 4.5
      },
      {
        "yyyymm": "202312",
        "ctgr2": "광고선전비",
        "ctgr3": "광고선전비_기타",
        "gl_nm": "광고선전비_물류_재고대체",
        "amount": 0.08
      },
      {
        "yyyymm": "202312",
        "ctgr2": "광고선전비",
        "ctgr3": "광고선전비_협찬/제휴",
        "gl_nm": "광고선전비_물류",
        "amount": 0.04
      },
      {
        "yyyymm": "202312",
        "ctgr2": "광고선전비",
        "ctgr3": "광고선전비_모델료",
        "gl_nm": "광고선전비_모델료",
        "amount": 0.0
      },
      {
        "yyyymm": "202312",
        "ctgr2": "광고선전비",
        "ctgr3": "광고선전비_이벤트/행사",
        "gl_nm": "광고선전비_이벤트/행사",
        "amount": 0.0
      },
      {
        "yyyymm": "202401",
        "ctgr2": "광고선전비",
        "ctgr3": "광고선전비_협찬/제휴",
        "gl_nm": "광고선전비_협찬/제휴",
        "amount": 114.83
      },
      {
        "yyyymm": "202401",
        "ctgr2": "광고선전비",
        "ctgr3": "광고선전비_콘텐츠제작",
        "gl_nm": "광고선전비_콘텐츠제작",
        "amount": 86.83
      },
      {
        "yyyymm": "202401",
        "ctgr2": "광고선전비",
        "ctgr3": "(E-BIZ)광고선전비_매체광고",
        "gl_nm": "(E-BIZ)광고선전비_매체광고",
        "amount": 35.09
      },
      {
        "yyyymm": "202401",
        "ctgr2": "광고선전비",
        "ctgr3": "광고선전비_기타",
        "gl_nm": "광고선전비_기타",
        "amount": 12.35
      },
      {
        "yyyymm": "202401",
        "ctgr2": "광고선전비",
        "ctgr3": "광고선전비_PR/홍보",
        "gl_nm": "광고선전비_PR/홍보",
        "amount": 4.5
      },
      {
        "yyyymm": "202401",
        "ctgr2": "광고선전비",
        "ctgr3": "광고선전비_기타",
        "gl_nm": "광고선전비_물류_재고대체",
        "amount": 1.08
      },
      {
        "yyyymm": "202401",
        "ctgr2": "광고선전비",
        "ctgr3": "광고선전비_협찬/제휴",
        "gl_nm": "광고선전비_물류",
        "amount": 0.38
      },
      {
        "yyyymm": "202401",
        "ctgr2": "광고선전비",
        "ctgr3": "(E-BIZ)광고선전비_촬영/기타",
        "gl_nm": "(E-BIZ)광고선전비_촬영/기타",
        "amount": 0.32
      },
      {
        "yyyymm": "202401",
        "ctgr2": "광고선전비",
        "ctgr3": "광고선전비_매체집행_기타",
        "gl_nm": "광고선전비_매체집행_기타",
        "amount": 0.0
      },
      {
        "yyyymm": "202401",
        "ctgr2": "광고선전비",
        "ctgr3": "광고선전비_이벤트/행사",
        "gl_nm": "광고선전비_이벤트/행사",
        "amount": 0.0
      },
      {
        "yyyymm": "202401",
        "ctgr2": "광고선전비",
        "ctgr3": "광고선전비_모델료",
        "gl_nm": "광고선전비_모델료",
        "amount": 0.0
      },
      {
        "yyyymm": "202401",
        "ctgr2": "광고선전비",
        "ctgr3": "광고선전비_매체집행_온라인",
        "gl_nm": "광고선전비_매체집행_온라인",
        "amount": 0.0
      },
      {
        "yyyymm": "202402",
        "ctgr2": "광고선전비",
        "ctgr3": "광고선전비_협찬/제휴",
        "gl_nm": "광고선전비_협찬/제휴",
        "amount": 143.55
      },
      {
        "yyyymm": "202402",
        "ctgr2": "광고선전비",
        "ctgr3": "광고선전비_콘텐츠제작",
        "gl_nm": "광고선전비_콘텐츠제작",
        "amount": 35.16
      },
      {
        "yyyymm": "202402",
        "ctgr2": "광고선전비",
        "ctgr3": "(E-BIZ)광고선전비_매체광고",
        "gl_nm": "(E-BIZ)광고선전비_매체광고",
        "amount": 25.59
      },
      {
        "yyyymm": "202402",
        "ctgr2": "광고선전비",
        "ctgr3": "광고선전비_기타",
        "gl_nm": "광고선전비_물류_재고대체",
        "amount": 15.73
      },
      {
        "yyyymm": "202402",
        "ctgr2": "광고선전비",
        "ctgr3": "광고선전비_기타",
        "gl_nm": "광고선전비_기타",
        "amount": 10.02
      },
      {
        "yyyymm": "202402",
        "ctgr2": "광고선전비",
        "ctgr3": "광고선전비_매체집행_온라인",
        "gl_nm": "광고선전비_매체집행_온라인",
        "amount": 10.0
      },
      {
        "yyyymm": "202402",
        "ctgr2": "광고선전비",
        "ctgr3": "광고선전비_협찬/제휴",
        "gl_nm": "광고선전비_물류",
        "amount": 5.54
      },
      {
        "yyyymm": "202402",
        "ctgr2": "광고선전비",
        "ctgr3": "광고선전비_PR/홍보",
        "gl_nm": "광고선전비_PR/홍보",
        "amount": 4.5
      },
      {
        "yyyymm": "202402",
        "ctgr2": "광고선전비",
        "ctgr3": "(E-BIZ)광고선전비_촬영/기타",
        "gl_nm": "(E-BIZ)광고선전비_촬영/기타",
        "amount": 0.1
      },
      {
        "yyyymm": "202402",
        "ctgr2": "광고선전비",
        "ctgr3": "광고선전비_이벤트/행사",
        "gl_nm": "광고선전비_이벤트/행사",
        "amount": 0.0
      },
      {
        "yyyymm": "202402",
        "ctgr2": "광고선전비",
        "ctgr3": "광고선전비_모델료",
        "gl_nm": "광고선전비_모델료",
        "amount": 0.0
      },
      {
        "yyyymm": "202402",
        "ctgr2": "광고선전비",
        "ctgr3": "광고선전비_매체집행_기타",
        "gl_nm": "광고선전비_매체집행_기타",
        "amount": 0.0
      },
      {
        "yyyymm": "202403",
        "ctgr2": "광고선전비",
        "ctgr3": "광고선전비_콘텐츠제작",
        "gl_nm": "광고선전비_콘텐츠제작",
        "amount": 215.66
      },
      {
        "yyyymm": "202403",
        "ctgr2": "광고선전비",
        "ctgr3": "(E-BIZ)광고선전비_매체광고",
        "gl_nm": "(E-BIZ)광고선전비_매체광고",
        "amount": 28.74
      },
      {
        "yyyymm": "202403",
        "ctgr2": "광고선전비",
        "ctgr3": "(E-BIZ)광고선전비_촬영/기타",
        "gl_nm": "(E-BIZ)광고선전비_촬영/기타",
        "amount": 18.56
      },
      {
        "yyyymm": "202403",
        "ctgr2": "광고선전비",
        "ctgr3": "광고선전비_협찬/제휴",
        "gl_nm": "광고선전비_협찬/제휴",
        "amount": 7.4
      },
      {
        "yyyymm": "202403",
        "ctgr2": "광고선전비",
        "ctgr3": "광고선전비_기타",
        "gl_nm": "광고선전비_기타",
        "amount": 5.47
      },
      {
        "yyyymm": "202403",
        "ctgr2": "광고선전비",
        "ctgr3": "광고선전비_PR/홍보",
        "gl_nm": "광고선전비_PR/홍보",
        "amount": 4.5
      },
      {
        "yyyymm": "202403",
        "ctgr2": "광고선전비",
        "ctgr3": "광고선전비_매체집행_온라인",
        "gl_nm": "광고선전비_매체집행_온라인",
        "amount": 3.3
      },
      {
        "yyyymm": "202403",
        "ctgr2": "광고선전비",
        "ctgr3": "광고선전비_협찬/제휴",
        "gl_nm": "광고선전비_물류",
        "amount": 0.0
      },
      {
        "yyyymm": "202403",
        "ctgr2": "광고선전비",
        "ctgr3": "광고선전비_모델료",
        "gl_nm": "광고선전비_모델료",
        "amount": 0.0
      },
      {
        "yyyymm": "202403",
        "ctgr2": "광고선전비",
        "ctgr3": "광고선전비_기타",
        "gl_nm": "광고선전비_물류_재고대체",
        "amount": 0.0
      },
      {
        "yyyymm": "202403",
        "ctgr2": "광고선전비",
        "ctgr3": "광고선전비_매체집행_기타",
        "gl_nm": "광고선전비_매체집행_기타",
        "amount": 0.0
      },
      {
        "yyyymm": "202403",
        "ctgr2": "광고선전비",
        "ctgr3": "광고선전비_이벤트/행사",
        "gl_nm": "광고선전비_이벤트/행사",
        "amount": 0.0
      },
      {
        "yyyymm": "202404",
        "ctgr2": "광고선전비",
        "ctgr3": "광고선전비_콘텐츠제작",
        "gl_nm": "광고선전비_콘텐츠제작",
        "amount": 125.84
      },
      {
        "yyyymm": "202404",
        "ctgr2": "광고선전비",
        "ctgr3": "(E-BIZ)광고선전비_촬영/기타",
        "gl_nm": "(E-BIZ)광고선전비_촬영/기타",
        "amount": 35.79
      },
      {
        "yyyymm": "202404",
        "ctgr2": "광고선전비",
        "ctgr3": "(E-BIZ)광고선전비_매체광고",
        "gl_nm": "(E-BIZ)광고선전비_매체광고",
        "amount": 33.74
      },
      {
        "yyyymm": "202404",
        "ctgr2": "광고선전비",
        "ctgr3": "광고선전비_기타",
        "gl_nm": "광고선전비_물류_재고대체",
        "amount": 22.2
      },
      {
        "yyyymm": "202404",
        "ctgr2": "광고선전비",
        "ctgr3": "광고선전비_협찬/제휴",
        "gl_nm": "광고선전비_협찬/제휴",
        "amount": 11.1
      },
      {
        "yyyymm": "202404",
        "ctgr2": "광고선전비",
        "ctgr3": "광고선전비_매체집행_온라인",
        "gl_nm": "광고선전비_매체집행_온라인",
        "amount": 11.0
      },
      {
        "yyyymm": "202404",
        "ctgr2": "광고선전비",
        "ctgr3": "광고선전비_협찬/제휴",
        "gl_nm": "광고선전비_물류",
        "amount": 7.31
      },
      {
        "yyyymm": "202404",
        "ctgr2": "광고선전비",
        "ctgr3": "광고선전비_PR/홍보",
        "gl_nm": "광고선전비_PR/홍보",
        "amount": 4.5
      },
      {
        "yyyymm": "202404",
        "ctgr2": "광고선전비",
        "ctgr3": "광고선전비_기타",
        "gl_nm": "광고선전비_기타",
        "amount": 1.78
      },
      {
        "yyyymm": "202404",
        "ctgr2": "광고선전비",
        "ctgr3": "광고선전비_이벤트/행사",
        "gl_nm": "광고선전비_이벤트/행사",
        "amount": 0.0
      },
      {
        "yyyymm": "202404",
        "ctgr2": "광고선전비",
        "ctgr3": "광고선전비_모델료",
        "gl_nm": "광고선전비_모델료",
        "amount": 0.0
      },
      {
        "yyyymm": "202404",
        "ctgr2": "광고선전비",
        "ctgr3": "광고선전비_매체집행_기타",
        "gl_nm": "광고선전비_매체집행_기타",
        "amount": 0.0
      },
      {
        "yyyymm": "202405",
        "ctgr2": "광고선전비",
        "ctgr3": "(E-BIZ)광고선전비_매체광고",
        "gl_nm": "(E-BIZ)광고선전비_매체광고",
        "amount": 31.87
      },
      {
        "yyyymm": "202405",
        "ctgr2": "광고선전비",
        "ctgr3": "광고선전비_협찬/제휴",
        "gl_nm": "광고선전비_협찬/제휴",
        "amount": 5.5
      },
      {
        "yyyymm": "202405",
        "ctgr2": "광고선전비",
        "ctgr3": "(E-BIZ)광고선전비_촬영/기타",
        "gl_nm": "(E-BIZ)광고선전비_촬영/기타",
        "amount": 5.01
      },
      {
        "yyyymm": "202405",
        "ctgr2": "광고선전비",
        "ctgr3": "광고선전비_기타",
        "gl_nm": "광고선전비_기타",
        "amount": 4.69
      },
      {
        "yyyymm": "202405",
        "ctgr2": "광고선전비",
        "ctgr3": "광고선전비_PR/홍보",
        "gl_nm": "광고선전비_PR/홍보",
        "amount": 4.5
      },
      {
        "yyyymm": "202405",
        "ctgr2": "광고선전비",
        "ctgr3": "광고선전비_매체집행_온라인",
        "gl_nm": "광고선전비_매체집행_온라인",
        "amount": 2.0
      },
      {
        "yyyymm": "202405",
        "ctgr2": "광고선전비",
        "ctgr3": "광고선전비_콘텐츠제작",
        "gl_nm": "광고선전비_콘텐츠제작",
        "amount": 0.01
      },
      {
        "yyyymm": "202405",
        "ctgr2": "광고선전비",
        "ctgr3": "광고선전비_모델료",
        "gl_nm": "광고선전비_모델료",
        "amount": 0.0
      },
      {
        "yyyymm": "202405",
        "ctgr2": "광고선전비",
        "ctgr3": "광고선전비_협찬/제휴",
        "gl_nm": "광고선전비_물류",
        "amount": 0.0
      },
      {
        "yyyymm": "202405",
        "ctgr2": "광고선전비",
        "ctgr3": "광고선전비_기타",
        "gl_nm": "광고선전비_물류_재고대체",
        "amount": 0.0
      },
      {
        "yyyymm": "202405",
        "ctgr2": "광고선전비",
        "ctgr3": "광고선전비_이벤트/행사",
        "gl_nm": "광고선전비_이벤트/행사",
        "amount": 0.0
      },
      {
        "yyyymm": "202405",
        "ctgr2": "광고선전비",
        "ctgr3": "광고선전비_매체집행_기타",
        "gl_nm": "광고선전비_매체집행_기타",
        "amount": 0.0
      },
      {
        "yyyymm": "202406",
        "ctgr2": "광고선전비",
        "ctgr3": "광고선전비_기타",
        "gl_nm": "광고선전비_물류_재고대체",
        "amount": 43.1
      },
      {
        "yyyymm": "202406",
        "ctgr2": "광고선전비",
        "ctgr3": "(E-BIZ)광고선전비_매체광고",
        "gl_nm": "(E-BIZ)광고선전비_매체광고",
        "amount": 28.58
      },
      {
        "yyyymm": "202406",
        "ctgr2": "광고선전비",
        "ctgr3": "광고선전비_콘텐츠제작",
        "gl_nm": "광고선전비_콘텐츠제작",
        "amount": 17.67
      },
      {
        "yyyymm": "202406",
        "ctgr2": "광고선전비",
        "ctgr3": "광고선전비_협찬/제휴",
        "gl_nm": "광고선전비_물류",
        "amount": 14.37
      },
      {
        "yyyymm": "202406",
        "ctgr2": "광고선전비",
        "ctgr3": "(E-BIZ)광고선전비_촬영/기타",
        "gl_nm": "(E-BIZ)광고선전비_촬영/기타",
        "amount": 5.22
      },
      {
        "yyyymm": "202406",
        "ctgr2": "광고선전비",
        "ctgr3": "광고선전비_PR/홍보",
        "gl_nm": "광고선전비_PR/홍보",
        "amount": 4.5
      },
      {
        "yyyymm": "202406",
        "ctgr2": "광고선전비",
        "ctgr3": "광고선전비_기타",
        "gl_nm": "광고선전비_기타",
        "amount": 2.44
      },
      {
        "yyyymm": "202406",
        "ctgr2": "광고선전비",
        "ctgr3": "광고선전비_매체집행_온라인",
        "gl_nm": "광고선전비_매체집행_온라인",
        "amount": 0.0
      },
      {
        "yyyymm": "202406",
        "ctgr2": "광고선전비",
        "ctgr3": "광고선전비_매체집행_기타",
        "gl_nm": "광고선전비_매체집행_기타",
        "amount": 0.0
      },
      {
        "yyyymm": "202406",
        "ctgr2": "광고선전비",
        "ctgr3": "광고선전비_이벤트/행사",
        "gl_nm": "광고선전비_이벤트/행사",
        "amount": 0.0
      },
      {
        "yyyymm": "202406",
        "ctgr2": "광고선전비",
        "ctgr3": "광고선전비_협찬/제휴",
        "gl_nm": "광고선전비_협찬/제휴",
        "amount": 0.0
      },
      {
        "yyyymm": "202406",
        "ctgr2": "광고선전비",
        "ctgr3": "광고선전비_모델료",
        "gl_nm": "광고선전비_모델료",
        "amount": 0.0
      },
      {
        "yyyymm": "202407",
        "ctgr2": "광고선전비",
        "ctgr3": "(E-BIZ)광고선전비_매체광고",
        "gl_nm": "(E-BIZ)광고선전비_매체광고",
        "amount": 30.76
      },
      {
        "yyyymm": "202407",
        "ctgr2": "광고선전비",
        "ctgr3": "광고선전비_콘텐츠제작",
        "gl_nm": "광고선전비_콘텐츠제작",
        "amount": 22.1
      },
      {
        "yyyymm": "202407",
        "ctgr2": "광고선전비",
        "ctgr3": "광고선전비_협찬/제휴",
        "gl_nm": "광고선전비_협찬/제휴",
        "amount": 5.3
      },
      {
        "yyyymm": "202407",
        "ctgr2": "광고선전비",
        "ctgr3": "(E-BIZ)광고선전비_촬영/기타",
        "gl_nm": "(E-BIZ)광고선전비_촬영/기타",
        "amount": 4.91
      },
      {
        "yyyymm": "202407",
        "ctgr2": "광고선전비",
        "ctgr3": "광고선전비_PR/홍보",
        "gl_nm": "광고선전비_PR/홍보",
        "amount": 4.5
      },
      {
        "yyyymm": "202407",
        "ctgr2": "광고선전비",
        "ctgr3": "광고선전비_기타",
        "gl_nm": "광고선전비_기타",
        "amount": 2.71
      },
      {
        "yyyymm": "202407",
        "ctgr2": "광고선전비",
        "ctgr3": "광고선전비_매체집행_온라인",
        "gl_nm": "광고선전비_매체집행_온라인",
        "amount": 0.0
      },
      {
        "yyyymm": "202407",
        "ctgr2": "광고선전비",
        "ctgr3": "광고선전비_협찬/제휴",
        "gl_nm": "광고선전비_물류",
        "amount": 0.0
      },
      {
        "yyyymm": "202407",
        "ctgr2": "광고선전비",
        "ctgr3": "광고선전비_모델료",
        "gl_nm": "광고선전비_모델료",
        "amount": 0.0
      },
      {
        "yyyymm": "202407",
        "ctgr2": "광고선전비",
        "ctgr3": "광고선전비_매체집행_기타",
        "gl_nm": "광고선전비_매체집행_기타",
        "amount": 0.0
      },
      {
        "yyyymm": "202407",
        "ctgr2": "광고선전비",
        "ctgr3": "광고선전비_기타",
        "gl_nm": "광고선전비_물류_재고대체",
        "amount": 0.0
      },
      {
        "yyyymm": "202407",
        "ctgr2": "광고선전비",
        "ctgr3": "광고선전비_이벤트/행사",
        "gl_nm": "광고선전비_이벤트/행사",
        "amount": 0.0
      },
      {
        "yyyymm": "202408",
        "ctgr2": "광고선전비",
        "ctgr3": "광고선전비_콘텐츠제작",
        "gl_nm": "광고선전비_콘텐츠제작",
        "amount": 67.18
      },
      {
        "yyyymm": "202408",
        "ctgr2": "광고선전비",
        "ctgr3": "(E-BIZ)광고선전비_매체광고",
        "gl_nm": "(E-BIZ)광고선전비_매체광고",
        "amount": 26.42
      },
      {
        "yyyymm": "202408",
        "ctgr2": "광고선전비",
        "ctgr3": "(E-BIZ)광고선전비_촬영/기타",
        "gl_nm": "(E-BIZ)광고선전비_촬영/기타",
        "amount": 7.59
      },
      {
        "yyyymm": "202408",
        "ctgr2": "광고선전비",
        "ctgr3": "광고선전비_PR/홍보",
        "gl_nm": "광고선전비_PR/홍보",
        "amount": 4.5
      },
      {
        "yyyymm": "202408",
        "ctgr2": "광고선전비",
        "ctgr3": "광고선전비_협찬/제휴",
        "gl_nm": "광고선전비_협찬/제휴",
        "amount": 4.42
      },
      {
        "yyyymm": "202408",
        "ctgr2": "광고선전비",
        "ctgr3": "광고선전비_기타",
        "gl_nm": "광고선전비_기타",
        "amount": 0.54
      },
      {
        "yyyymm": "202408",
        "ctgr2": "광고선전비",
        "ctgr3": "광고선전비_모델료",
        "gl_nm": "광고선전비_모델료",
        "amount": 0.0
      },
      {
        "yyyymm": "202408",
        "ctgr2": "광고선전비",
        "ctgr3": "광고선전비_이벤트/행사",
        "gl_nm": "광고선전비_이벤트/행사",
        "amount": 0.0
      },
      {
        "yyyymm": "202408",
        "ctgr2": "광고선전비",
        "ctgr3": "광고선전비_매체집행_온라인",
        "gl_nm": "광고선전비_매체집행_온라인",
        "amount": 0.0
      },
      {
        "yyyymm": "202408",
        "ctgr2": "광고선전비",
        "ctgr3": "광고선전비_협찬/제휴",
        "gl_nm": "광고선전비_물류",
        "amount": 0.0
      },
      {
        "yyyymm": "202408",
        "ctgr2": "광고선전비",
        "ctgr3": "광고선전비_매체집행_기타",
        "gl_nm": "광고선전비_매체집행_기타",
        "amount": 0.0
      },
      {
        "yyyymm": "202408",
        "ctgr2": "광고선전비",
        "ctgr3": "광고선전비_기타",
        "gl_nm": "광고선전비_물류_재고대체",
        "amount": 0.0
      },
      {
        "yyyymm": "202409",
        "ctgr2": "광고선전비",
        "ctgr3": "(E-BIZ)광고선전비_촬영/기타",
        "gl_nm": "(E-BIZ)광고선전비_촬영/기타",
        "amount": 18.99
      },
      {
        "yyyymm": "202409",
        "ctgr2": "광고선전비",
        "ctgr3": "광고선전비_매체집행_온라인",
        "gl_nm": "광고선전비_매체집행_온라인",
        "amount": 18.23
      },
      {
        "yyyymm": "202409",
        "ctgr2": "광고선전비",
        "ctgr3": "광고선전비_PR/홍보",
        "gl_nm": "광고선전비_PR/홍보",
        "amount": 4.5
      },
      {
        "yyyymm": "202409",
        "ctgr2": "광고선전비",
        "ctgr3": "광고선전비_협찬/제휴",
        "gl_nm": "광고선전비_협찬/제휴",
        "amount": 3.51
      },
      {
        "yyyymm": "202409",
        "ctgr2": "광고선전비",
        "ctgr3": "광고선전비_콘텐츠제작",
        "gl_nm": "광고선전비_콘텐츠제작",
        "amount": 3.41
      },
      {
        "yyyymm": "202409",
        "ctgr2": "광고선전비",
        "ctgr3": "광고선전비_기타",
        "gl_nm": "광고선전비_기타",
        "amount": 2.08
      },
      {
        "yyyymm": "202409",
        "ctgr2": "광고선전비",
        "ctgr3": "(E-BIZ)광고선전비_매체광고",
        "gl_nm": "(E-BIZ)광고선전비_매체광고",
        "amount": 0.82
      },
      {
        "yyyymm": "202409",
        "ctgr2": "광고선전비",
        "ctgr3": "광고선전비_모델료",
        "gl_nm": "광고선전비_모델료",
        "amount": 0.0
      },
      {
        "yyyymm": "202409",
        "ctgr2": "광고선전비",
        "ctgr3": "광고선전비_이벤트/행사",
        "gl_nm": "광고선전비_이벤트/행사",
        "amount": 0.0
      },
      {
        "yyyymm": "202409",
        "ctgr2": "광고선전비",
        "ctgr3": "광고선전비_매체집행_기타",
        "gl_nm": "광고선전비_매체집행_기타",
        "amount": 0.0
      },
      {
        "yyyymm": "202409",
        "ctgr2": "광고선전비",
        "ctgr3": "광고선전비_기타",
        "gl_nm": "광고선전비_물류_재고대체",
        "amount": 0.0
      },
      {
        "yyyymm": "202409",
        "ctgr2": "광고선전비",
        "ctgr3": "광고선전비_협찬/제휴",
        "gl_nm": "광고선전비_물류",
        "amount": 0.0
      },
      {
        "yyyymm": "202410",
        "ctgr2": "광고선전비",
        "ctgr3": "광고선전비_매체집행_온라인",
        "gl_nm": "광고선전비_매체집행_온라인",
        "amount": 83.08
      },
      {
        "yyyymm": "202410",
        "ctgr2": "광고선전비",
        "ctgr3": "광고선전비_콘텐츠제작",
        "gl_nm": "광고선전비_콘텐츠제작",
        "amount": 74.45
      },
      {
        "yyyymm": "202410",
        "ctgr2": "광고선전비",
        "ctgr3": "광고선전비_협찬/제휴",
        "gl_nm": "광고선전비_협찬/제휴",
        "amount": 62.44
      },
      {
        "yyyymm": "202410",
        "ctgr2": "광고선전비",
        "ctgr3": "(E-BIZ)광고선전비_촬영/기타",
        "gl_nm": "(E-BIZ)광고선전비_촬영/기타",
        "amount": 18.03
      },
      {
        "yyyymm": "202410",
        "ctgr2": "광고선전비",
        "ctgr3": "광고선전비_기타",
        "gl_nm": "광고선전비_기타",
        "amount": 5.1
      },
      {
        "yyyymm": "202410",
        "ctgr2": "광고선전비",
        "ctgr3": "광고선전비_PR/홍보",
        "gl_nm": "광고선전비_PR/홍보",
        "amount": 4.5
      },
      {
        "yyyymm": "202410",
        "ctgr2": "광고선전비",
        "ctgr3": "(E-BIZ)광고선전비_매체광고",
        "gl_nm": "(E-BIZ)광고선전비_매체광고",
        "amount": 2.02
      },
      {
        "yyyymm": "202410",
        "ctgr2": "광고선전비",
        "ctgr3": "광고선전비_기타",
        "gl_nm": "광고선전비_물류_재고대체",
        "amount": 0.4
      },
      {
        "yyyymm": "202410",
        "ctgr2": "광고선전비",
        "ctgr3": "광고선전비_협찬/제휴",
        "gl_nm": "광고선전비_물류",
        "amount": 0.17
      },
      {
        "yyyymm": "202410",
        "ctgr2": "광고선전비",
        "ctgr3": "광고선전비_매체집행_기타",
        "gl_nm": "광고선전비_매체집행_기타",
        "amount": 0.0
      },
      {
        "yyyymm": "202410",
        "ctgr2": "광고선전비",
        "ctgr3": "광고선전비_모델료",
        "gl_nm": "광고선전비_모델료",
        "amount": 0.0
      },
      {
        "yyyymm": "202410",
        "ctgr2": "광고선전비",
        "ctgr3": "광고선전비_이벤트/행사",
        "gl_nm": "광고선전비_이벤트/행사",
        "amount": 0.0
      }
    ]
  }
}