{
  "country": "KR",
  "brand_cd": "W",
  "brand_name": "SUPRA",
  "yyyymm": "202408",
  "yyyymm_py": "202308",
  "key": "실판매출",
  "sub_key": "채널별매출분석",
  "analysis_data": {
    "title": "채널별 매출 top3 분석 (당해 전년 주요변화)",
    "sections": [
      {
        "div": "면세점",
        "sub_title": "면세점 전년대비 주요 변화",
        "ai_text": "• 반팔티셔츠: 9백만원(33.0%) 1위 유지하며 전년 9백만원(29.0%) 대비 점유율 4%p 상승으로 안정적 성장세\n• 신발: 7백만원(24.0%) 2위로 전년 10백만원(32.0%) 대비 35% 감소, 면세점 신발 카테고리 경쟁 심화로 분석\n• 우븐팬츠: 2백만원(9.0%) 3위 신규 진입, 전년 대비 슬리퍼(3백만원) 대신 TOP3 편입으로 팬츠 카테고리 강화 필요\n\n면세점 전체 매출은 28백만원으로 전년 32백만원 대비 12.8% 감소하며 채널별 경쟁력 회복이 시급한 상황입니다. 반팔티셔츠의 점유율 확대는 긍정적이나 신발 매출 급감에 대한 대응책 마련이 필요합니다."
      },
      {
        "div": "자사몰",
        "sub_title": "자사몰 전년대비 주요 변화",
        "ai_text": "• 신발: 12백만원(54.0%) 압도적 1위로 전년 3백만원(48.0%) 대비 346% 폭증, 온라인 신발 판매 전략 대성공\n• 반팔티셔츠: 4백만원(19.0%) 2위로 전년 1백만원(18.0%) 대비 321% 급성장, 자사몰 의류 카테고리 강화 효과\n• 맨투맨: 1백만원(6.0%) 3위로 전년 동일 순위 대비 319% 성장, 시즌 상품 전략 성공적 운영\n\n자사몰은 22백만원으로 전년 6백만원 대비 295% 폭증하며 전 채널 중 가장 높은 성장률을 기록했습니다. 특히 신발과 의류 모든 카테고리에서 고른 성장세를 보이며 온라인 채널 강화 전략의 성공을 입증했습니다."
      },
      {
        "div": "제휴몰",
        "sub_title": "제휴몰 전년대비 주요 변화",
        "ai_text": "• 신발: 8백만원(51.0%) 1위로 전년 0.4백만원(9.0%) 대비 1,963% 폭증, 제휴몰 신발 카테고리 집중 전략 성공\n• 반팔티셔츠: 3백만원(20.0%) 2위로 전년 3백만원(57.0%) 대비 점유율 37%p 하락하며 신발에 집중도 이동\n• 가방: 1백만원(5.0%) 3위 신규 진입, 전년 TOP3에 없던 액세서리 카테고리 성장으로 상품 다변화 성공\n\n제휴몰은 16백만원으로 전년 5백만원 대비 240% 성장하며 신발 중심의 급성장을 이뤘습니다. 반팔티셔츠 의존도가 줄어들고 신발과 가방으로 포트폴리오가 다양화되어 안정적 성장 기반을 구축했습니다."
      },
      {
        "div": "종합분석-1",
        "sub_title": "최고 성과 채널",
        "ai_text": "자사몰이 294.7% 성장으로 최고 성과를 기록하며 22백만원 달성, 신발(12백만원)과 반팔티셔츠(4백만원)가 주력상품으로 부상했습니다.\n제휴몰도 239.5% 성장하며 16백만원 매출을 달성, 신발(8백만원) 중심의 온라인 채널 강세가 브랜드 성장을 견인하고 있습니다."
      },
      {
        "div": "종합분석-2",
        "sub_title": "개선 필요 채널",
        "ai_text": "면세점은 유일하게 -12.8% 감소하여 28백만원으로 축소되었으며, 전년 32백만원 대비 4백만원 매출 손실이 발생했습니다.\n반팔티셔츠(9백만원)와 신발(7백만원) 의존도가 높아 상품 다각화와 면세점 특화 전략 수립이 시급한 상황입니다."
      },
      {
        "div": "종합분석-3",
        "sub_title": "핵심 제안",
        "ai_text": "온라인 채널(자사몰+제휴몰) 성장세를 활용한 디지털 마케팅 강화와 신발 카테고리 집중 투자로 경쟁력을 확보해야 합니다.\n면세점 매출 회복을 위한 외국인 관광객 타겟 상품 기획과 온라인 채널 성공 모델의 면세점 적용을 통한 시너지 창출이 필요합니다."
      }
    ]
  },
  "summary": {
    "total_sales": 221.66,
    "total_sales_cy": 171.93,
    "total_sales_py": 49.73,
    "change_pct": 245.7,
    "unique_channels": 5,
    "unique_items": 36,
    "unique_months": 2,
    "analysis_period": "2023년 8월 vs 2024년 8월"
  },
  "channel_summary": {
    "직영점": {
      "total_sales": 105.85,
      "months": {
        "202408": 105850120.0
      },
      "top_items": [
        {
          "class3": "반팔티셔츠",
          "total_sales": 33.47
        },
        {
          "class3": "신발",
          "total_sales": 20.62
        },
        {
          "class3": "운동모",
          "total_sales": 6.45
        },
        {
          "class3": "우븐팬츠",
          "total_sales": 5.78
        },
        {
          "class3": "방풍자켓",
          "total_sales": 4.91
        }
      ]
    },
    "면세점": {
      "total_sales": 60.47,
      "months": {
        "202408": 28161010.0,
        "202308": 32306340.0
      },
      "top_items": [
        {
          "class3": "반팔티셔츠",
          "total_sales": 18.5
        },
        {
          "class3": "신발",
          "total_sales": 16.88
        },
        {
          "class3": "우븐팬츠",
          "total_sales": 4.31
        },
        {
          "class3": "슬리퍼",
          "total_sales": 3.65
        },
        {
          "class3": "방풍자켓",
          "total_sales": 3.33
        }
      ]
    },
    "자사몰": {
      "total_sales": 27.27,
      "months": {
        "202408": 21754472.0,
        "202308": 5510892.0
      },
      "top_items": [
        {
          "class3": "신발",
          "total_sales": 14.36
        },
        {
          "class3": "반팔티셔츠",
          "total_sales": 5.2
        },
        {
          "class3": "맨투맨",
          "total_sales": 1.63
        },
        {
          "class3": "슬리퍼",
          "total_sales": 1.09
        },
        {
          "class3": "운동모",
          "total_sales": 0.91
        }
      ]
    },
    "제휴몰": {
      "total_sales": 20.92,
      "months": {
        "202408": 16162900.0,
        "202308": 4759800.0
      },
      "top_items": [
        {
          "class3": "신발",
          "total_sales": 8.69
        },
        {
          "class3": "반팔티셔츠",
          "total_sales": 5.9
        },
        {
          "class3": "슬리퍼",
          "total_sales": 1.12
        },
        {
          "class3": "운동모",
          "total_sales": 1.01
        },
        {
          "class3": "가방",
          "total_sales": 0.76
        }
      ]
    },
    "백화점": {
      "total_sales": 7.15,
      "months": {
        "202308": 7151900.0
      },
      "top_items": [
        {
          "class3": "반팔티셔츠",
          "total_sales": 3.66
        },
        {
          "class3": "슬리퍼",
          "total_sales": 1.44
        },
        {
          "class3": "우븐반바지",
          "total_sales": 0.62
        },
        {
          "class3": "팬츠",
          "total_sales": 0.36
        },
        {
          "class3": "신발",
          "total_sales": 0.26
        }
      ]
    }
  },
  "channel_summary_overall": {
    "직영점": {
      "current_sales": 105.85,
      "previous_sales": 0.0,
      "all_items": [
        {
          "class3": "반팔티셔츠",
          "total_sales": 33.47
        },
        {
          "class3": "신발",
          "total_sales": 20.62
        },
        {
          "class3": "운동모",
          "total_sales": 6.45
        },
        {
          "class3": "우븐팬츠",
          "total_sales": 5.78
        },
        {
          "class3": "방풍자켓",
          "total_sales": 4.91
        },
        {
          "class3": "맨투맨",
          "total_sales": 4.27
        },
        {
          "class3": "긴팔티셔츠",
          "total_sales": 3.94
        },
        {
          "class3": "우븐반바지",
          "total_sales": 3.91
        },
        {
          "class3": "폴로 티셔츠",
          "total_sales": 3.88
        },
        {
          "class3": "반바지",
          "total_sales": 2.55
        },
        {
          "class3": "슬리퍼",
          "total_sales": 2.26
        },
        {
          "class3": "팬츠",
          "total_sales": 1.93
        },
        {
          "class3": "스커트",
          "total_sales": 1.67
        },
        {
          "class3": "후드티",
          "total_sales": 1.62
        },
        {
          "class3": "데님셔츠",
          "total_sales": 1.09
        },
        {
          "class3": "우븐셔츠",
          "total_sales": 1.05
        },
        {
          "class3": "양말",
          "total_sales": 0.98
        },
        {
          "class3": "햇",
          "total_sales": 0.91
        },
        {
          "class3": "가방",
          "total_sales": 0.89
        },
        {
          "class3": "크로스백",
          "total_sales": 0.79
        },
        {
          "class3": "비니",
          "total_sales": 0.68
        },
        {
          "class3": "백팩",
          "total_sales": 0.64
        },
        {
          "class3": "진바지",
          "total_sales": 0.6
        },
        {
          "class3": "점퍼",
          "total_sales": 0.44
        },
        {
          "class3": "힙색",
          "total_sales": 0.34
        },
        {
          "class3": "방한모",
          "total_sales": 0.09
        },
        {
          "class3": "탱크탑",
          "total_sales": 0.05
        },
        {
          "class3": "선캡",
          "total_sales": 0.04
        },
        {
          "class3": "방한화",
          "total_sales": 0.0
        },
        {
          "class3": "트레이닝(상의)",
          "total_sales": 0.0
        }
      ],
      "change_pct": 0
    },
    "면세점": {
      "current_sales": 28.16,
      "previous_sales": 32.31,
      "all_items": [
        {
          "class3": "반팔티셔츠",
          "total_sales": 9.18
        },
        {
          "class3": "신발",
          "total_sales": 6.68
        },
        {
          "class3": "우븐팬츠",
          "total_sales": 2.48
        },
        {
          "class3": "방풍자켓",
          "total_sales": 1.78
        },
        {
          "class3": "반바지",
          "total_sales": 1.31
        },
        {
          "class3": "긴팔티셔츠",
          "total_sales": 0.96
        },
        {
          "class3": "우븐셔츠",
          "total_sales": 0.89
        },
        {
          "class3": "가방",
          "total_sales": 0.83
        },
        {
          "class3": "운동모",
          "total_sales": 0.66
        },
        {
          "class3": "슬리퍼",
          "total_sales": 0.66
        },
        {
          "class3": "우븐반바지",
          "total_sales": 0.59
        },
        {
          "class3": "맨투맨",
          "total_sales": 0.39
        },
        {
          "class3": "트레이닝(상의)",
          "total_sales": 0.3
        },
        {
          "class3": "햇",
          "total_sales": 0.29
        },
        {
          "class3": "스커트",
          "total_sales": 0.27
        },
        {
          "class3": "데님셔츠",
          "total_sales": 0.26
        },
        {
          "class3": "진바지",
          "total_sales": 0.2
        },
        {
          "class3": "양말",
          "total_sales": 0.17
        },
        {
          "class3": "힙색",
          "total_sales": 0.14
        },
        {
          "class3": "백팩",
          "total_sales": 0.1
        },
        {
          "class3": "탱크탑",
          "total_sales": 0.03
        },
        {
          "class3": "팬츠",
          "total_sales": 0.0
        },
        {
          "class3": "트레이닝(하의)",
          "total_sales": 0.0
        },
        {
          "class3": "점퍼",
          "total_sales": 0.0
        },
        {
          "class3": "후드티",
          "total_sales": 0.0
        },
        {
          "class3": "다운베스트",
          "total_sales": 0.0
        }
      ],
      "change_pct": -12.8
    },
    "자사몰": {
      "current_sales": 21.75,
      "previous_sales": 5.51,
      "all_items": [
        {
          "class3": "신발",
          "total_sales": 11.73
        },
        {
          "class3": "반팔티셔츠",
          "total_sales": 4.2
        },
        {
          "class3": "맨투맨",
          "total_sales": 1.32
        },
        {
          "class3": "방풍자켓",
          "total_sales": 0.89
        },
        {
          "class3": "후드티",
          "total_sales": 0.83
        },
        {
          "class3": "우븐팬츠",
          "total_sales": 0.69
        },
        {
          "class3": "운동모",
          "total_sales": 0.67
        },
        {
          "class3": "긴팔티셔츠",
          "total_sales": 0.51
        },
        {
          "class3": "소프트쉘",
          "total_sales": 0.24
        },
        {
          "class3": "백팩",
          "total_sales": 0.17
        },
        {
          "class3": "우븐셔츠",
          "total_sales": 0.13
        },
        {
          "class3": "스커트",
          "total_sales": 0.13
        },
        {
          "class3": "팬츠",
          "total_sales": 0.11
        },
        {
          "class3": "양말",
          "total_sales": 0.07
        },
        {
          "class3": "슬리퍼",
          "total_sales": 0.07
        }
      ],
      "change_pct": 294.7
    },
    "제휴몰": {
      "current_sales": 16.16,
      "previous_sales": 4.76,
      "all_items": [
        {
          "class3": "신발",
          "total_sales": 8.25
        },
        {
          "class3": "반팔티셔츠",
          "total_sales": 3.18
        },
        {
          "class3": "가방",
          "total_sales": 0.76
        },
        {
          "class3": "운동모",
          "total_sales": 0.66
        },
        {
          "class3": "우븐팬츠",
          "total_sales": 0.54
        },
        {
          "class3": "보스톤백",
          "total_sales": 0.51
        },
        {
          "class3": "방풍자켓",
          "total_sales": 0.34
        },
        {
          "class3": "슬리퍼",
          "total_sales": 0.34
        },
        {
          "class3": "우븐반바지",
          "total_sales": 0.31
        },
        {
          "class3": "팬츠",
          "total_sales": 0.29
        },
        {
          "class3": "힙색",
          "total_sales": 0.21
        },
        {
          "class3": "긴팔티셔츠",
          "total_sales": 0.19
        },
        {
          "class3": "양말",
          "total_sales": 0.18
        },
        {
          "class3": "스커트",
          "total_sales": 0.13
        },
        {
          "class3": "폴로 티셔츠",
          "total_sales": 0.1
        },
        {
          "class3": "반바지",
          "total_sales": 0.07
        },
        {
          "class3": "햇",
          "total_sales": 0.06
        },
        {
          "class3": "비니",
          "total_sales": 0.05
        },
        {
          "class3": "탱크탑",
          "total_sales": 0.03
        },
        {
          "class3": "후드티",
          "total_sales": 0.0
        },
        {
          "class3": "맨투맨",
          "total_sales": 0.0
        }
      ],
      "change_pct": 239.5
    },
    "백화점": {
      "current_sales": 0.0,
      "previous_sales": 7.15,
      "all_items": [],
      "change_pct": -100.0
    }
  },
  "raw_data": {
    "sample_records": [
      {
        "PST_YYYYMM": "202408",
        "CHNL_NM": "직영점",
        "CLASS3": "반팔티셔츠",
        "SALE_AMT": 33472140.0,
        "SALE_AMT_CHNL_TTL": 105850120.0,
        "SALE_RATIO": 32.0,
        "IN_YMM_RNK": 0,
        "IN_CHNL_RNK": 1
      },
      {
        "PST_YYYYMM": "202408",
        "CHNL_NM": "직영점",
        "CLASS3": "신발",
        "SALE_AMT": 20615770.0,
        "SALE_AMT_CHNL_TTL": 105850120.0,
        "SALE_RATIO": 19.0,
        "IN_YMM_RNK": 0,
        "IN_CHNL_RNK": 2
      },
      {
        "PST_YYYYMM": "202408",
        "CHNL_NM": "직영점",
        "CLASS3": "운동모",
        "SALE_AMT": 6450600.0,
        "SALE_AMT_CHNL_TTL": 105850120.0,
        "SALE_RATIO": 6.0,
        "IN_YMM_RNK": 0,
        "IN_CHNL_RNK": 3
      },
      {
        "PST_YYYYMM": "202408",
        "CHNL_NM": "직영점",
        "CLASS3": "우븐팬츠",
        "SALE_AMT": 5784400.0,
        "SALE_AMT_CHNL_TTL": 105850120.0,
        "SALE_RATIO": 5.0,
        "IN_YMM_RNK": 0,
        "IN_CHNL_RNK": 4
      },
      {
        "PST_YYYYMM": "202408",
        "CHNL_NM": "직영점",
        "CLASS3": "방풍자켓",
        "SALE_AMT": 4909400.0,
        "SALE_AMT_CHNL_TTL": 105850120.0,
        "SALE_RATIO": 5.0,
        "IN_YMM_RNK": 0,
        "IN_CHNL_RNK": 5
      },
      {
        "PST_YYYYMM": "202408",
        "CHNL_NM": "직영점",
        "CLASS3": "맨투맨",
        "SALE_AMT": 4266300.0,
        "SALE_AMT_CHNL_TTL": 105850120.0,
        "SALE_RATIO": 4.0,
        "IN_YMM_RNK": 0,
        "IN_CHNL_RNK": 6
      },
      {
        "PST_YYYYMM": "202408",
        "CHNL_NM": "직영점",
        "CLASS3": "긴팔티셔츠",
        "SALE_AMT": 3940670.0,
        "SALE_AMT_CHNL_TTL": 105850120.0,
        "SALE_RATIO": 4.0,
        "IN_YMM_RNK": 0,
        "IN_CHNL_RNK": 7
      },
      {
        "PST_YYYYMM": "202408",
        "CHNL_NM": "직영점",
        "CLASS3": "우븐반바지",
        "SALE_AMT": 3912500.0,
        "SALE_AMT_CHNL_TTL": 105850120.0,
        "SALE_RATIO": 4.0,
        "IN_YMM_RNK": 0,
        "IN_CHNL_RNK": 8
      },
      {
        "PST_YYYYMM": "202408",
        "CHNL_NM": "직영점",
        "CLASS3": "폴로 티셔츠",
        "SALE_AMT": 3877800.0,
        "SALE_AMT_CHNL_TTL": 105850120.0,
        "SALE_RATIO": 4.0,
        "IN_YMM_RNK": 0,
        "IN_CHNL_RNK": 9
      },
      {
        "PST_YYYYMM": "202408",
        "CHNL_NM": "직영점",
        "CLASS3": "반바지",
        "SALE_AMT": 2548700.0,
        "SALE_AMT_CHNL_TTL": 105850120.0,
        "SALE_RATIO": 2.0,
        "IN_YMM_RNK": 0,
        "IN_CHNL_RNK": 10
      },
      {
        "PST_YYYYMM": "202408",
        "CHNL_NM": "직영점",
        "CLASS3": "슬리퍼",
        "SALE_AMT": 2259730.0,
        "SALE_AMT_CHNL_TTL": 105850120.0,
        "SALE_RATIO": 2.0,
        "IN_YMM_RNK": 0,
        "IN_CHNL_RNK": 11
      },
      {
        "PST_YYYYMM": "202408",
        "CHNL_NM": "직영점",
        "CLASS3": "팬츠",
        "SALE_AMT": 1927900.0,
        "SALE_AMT_CHNL_TTL": 105850120.0,
        "SALE_RATIO": 2.0,
        "IN_YMM_RNK": 0,
        "IN_CHNL_RNK": 12
      },
      {
        "PST_YYYYMM": "202408",
        "CHNL_NM": "직영점",
        "CLASS3": "스커트",
        "SALE_AMT": 1667400.0,
        "SALE_AMT_CHNL_TTL": 105850120.0,
        "SALE_RATIO": 2.0,
        "IN_YMM_RNK": 0,
        "IN_CHNL_RNK": 13
      },
      {
        "PST_YYYYMM": "202408",
        "CHNL_NM": "직영점",
        "CLASS3": "후드티",
        "SALE_AMT": 1618400.0,
        "SALE_AMT_CHNL_TTL": 105850120.0,
        "SALE_RATIO": 2.0,
        "IN_YMM_RNK": 0,
        "IN_CHNL_RNK": 14
      },
      {
        "PST_YYYYMM": "202408",
        "CHNL_NM": "직영점",
        "CLASS3": "데님셔츠",
        "SALE_AMT": 1092900.0,
        "SALE_AMT_CHNL_TTL": 105850120.0,
        "SALE_RATIO": 1.0,
        "IN_YMM_RNK": 0,
        "IN_CHNL_RNK": 15
      },
      {
        "PST_YYYYMM": "202408",
        "CHNL_NM": "직영점",
        "CLASS3": "우븐셔츠",
        "SALE_AMT": 1050060.0,
        "SALE_AMT_CHNL_TTL": 105850120.0,
        "SALE_RATIO": 1.0,
        "IN_YMM_RNK": 0,
        "IN_CHNL_RNK": 16
      },
      {
        "PST_YYYYMM": "202408",
        "CHNL_NM": "직영점",
        "CLASS3": "양말",
        "SALE_AMT": 978650.0,
        "SALE_AMT_CHNL_TTL": 105850120.0,
        "SALE_RATIO": 1.0,
        "IN_YMM_RNK": 0,
        "IN_CHNL_RNK": 17
      },
      {
        "PST_YYYYMM": "202408",
        "CHNL_NM": "직영점",
        "CLASS3": "햇",
        "SALE_AMT": 909900.0,
        "SALE_AMT_CHNL_TTL": 105850120.0,
        "SALE_RATIO": 1.0,
        "IN_YMM_RNK": 0,
        "IN_CHNL_RNK": 18
      },
      {
        "PST_YYYYMM": "202408",
        "CHNL_NM": "직영점",
        "CLASS3": "가방",
        "SALE_AMT": 888700.0,
        "SALE_AMT_CHNL_TTL": 105850120.0,
        "SALE_RATIO": 1.0,
        "IN_YMM_RNK": 0,
        "IN_CHNL_RNK": 19
      },
      {
        "PST_YYYYMM": "202408",
        "CHNL_NM": "직영점",
        "CLASS3": "크로스백",
        "SALE_AMT": 792900.0,
        "SALE_AMT_CHNL_TTL": 105850120.0,
        "SALE_RATIO": 1.0,
        "IN_YMM_RNK": 0,
        "IN_CHNL_RNK": 20
      },
      {
        "PST_YYYYMM": "202408",
        "CHNL_NM": "직영점",
        "CLASS3": "비니",
        "SALE_AMT": 684400.0,
        "SALE_AMT_CHNL_TTL": 105850120.0,
        "SALE_RATIO": 1.0,
        "IN_YMM_RNK": 0,
        "IN_CHNL_RNK": 21
      },
      {
        "PST_YYYYMM": "202408",
        "CHNL_NM": "직영점",
        "CLASS3": "백팩",
        "SALE_AMT": 635400.0,
        "SALE_AMT_CHNL_TTL": 105850120.0,
        "SALE_RATIO": 1.0,
        "IN_YMM_RNK": 0,
        "IN_CHNL_RNK": 22
      },
      {
        "PST_YYYYMM": "202408",
        "CHNL_NM": "직영점",
        "CLASS3": "진바지",
        "SALE_AMT": 598500.0,
        "SALE_AMT_CHNL_TTL": 105850120.0,
        "SALE_RATIO": 1.0,
        "IN_YMM_RNK": 0,
        "IN_CHNL_RNK": 23
      },
      {
        "PST_YYYYMM": "202408",
        "CHNL_NM": "직영점",
        "CLASS3": "점퍼",
        "SALE_AMT": 438300.0,
        "SALE_AMT_CHNL_TTL": 105850120.0,
        "SALE_RATIO": 0.0,
        "IN_YMM_RNK": 0,
        "IN_CHNL_RNK": 24
      },
      {
        "PST_YYYYMM": "202408",
        "CHNL_NM": "직영점",
        "CLASS3": "힙색",
        "SALE_AMT": 343300.0,
        "SALE_AMT_CHNL_TTL": 105850120.0,
        "SALE_RATIO": 0.0,
        "IN_YMM_RNK": 0,
        "IN_CHNL_RNK": 25
      },
      {
        "PST_YYYYMM": "202408",
        "CHNL_NM": "직영점",
        "CLASS3": "방한모",
        "SALE_AMT": 89100.0,
        "SALE_AMT_CHNL_TTL": 105850120.0,
        "SALE_RATIO": 0.0,
        "IN_YMM_RNK": 0,
        "IN_CHNL_RNK": 26
      },
      {
        "PST_YYYYMM": "202408",
        "CHNL_NM": "직영점",
        "CLASS3": "탱크탑",
        "SALE_AMT": 52200.0,
        "SALE_AMT_CHNL_TTL": 105850120.0,
        "SALE_RATIO": 0.0,
        "IN_YMM_RNK": 0,
        "IN_CHNL_RNK": 27
      },
      {
        "PST_YYYYMM": "202408",
        "CHNL_NM": "직영점",
        "CLASS3": "선캡",
        "SALE_AMT": 44100.0,
        "SALE_AMT_CHNL_TTL": 105850120.0,
        "SALE_RATIO": 0.0,
        "IN_YMM_RNK": 0,
        "IN_CHNL_RNK": 28
      },
      {
        "PST_YYYYMM": "202408",
        "CHNL_NM": "직영점",
        "CLASS3": "방한화",
        "SALE_AMT": 0.0,
        "SALE_AMT_CHNL_TTL": 105850120.0,
        "SALE_RATIO": 0.0,
        "IN_YMM_RNK": 0,
        "IN_CHNL_RNK": 29
      },
      {
        "PST_YYYYMM": "202408",
        "CHNL_NM": "직영점",
        "CLASS3": "트레이닝(상의)",
        "SALE_AMT": 0.0,
        "SALE_AMT_CHNL_TTL": 105850120.0,
        "SALE_RATIO": 0.0,
        "IN_YMM_RNK": 0,
        "IN_CHNL_RNK": 29
      },
      {
        "PST_YYYYMM": "202408",
        "CHNL_NM": "면세점",
        "CLASS3": "반팔티셔츠",
        "SALE_AMT": 9180000.0,
        "SALE_AMT_CHNL_TTL": 28161010.0,
        "SALE_RATIO": 33.0,
        "IN_YMM_RNK": 0,
        "IN_CHNL_RNK": 1
      },
      {
        "PST_YYYYMM": "202408",
        "CHNL_NM": "면세점",
        "CLASS3": "신발",
        "SALE_AMT": 6683000.0,
        "SALE_AMT_CHNL_TTL": 28161010.0,
        "SALE_RATIO": 24.0,
        "IN_YMM_RNK": 0,
        "IN_CHNL_RNK": 2
      },
      {
        "PST_YYYYMM": "202408",
        "CHNL_NM": "면세점",
        "CLASS3": "우븐팬츠",
        "SALE_AMT": 2482000.0,
        "SALE_AMT_CHNL_TTL": 28161010.0,
        "SALE_RATIO": 9.0,
        "IN_YMM_RNK": 0,
        "IN_CHNL_RNK": 3
      },
      {
        "PST_YYYYMM": "202408",
        "CHNL_NM": "면세점",
        "CLASS3": "방풍자켓",
        "SALE_AMT": 1780000.0,
        "SALE_AMT_CHNL_TTL": 28161010.0,
        "SALE_RATIO": 6.0,
        "IN_YMM_RNK": 0,
        "IN_CHNL_RNK": 4
      },
      {
        "PST_YYYYMM": "202408",
        "CHNL_NM": "면세점",
        "CLASS3": "반바지",
        "SALE_AMT": 1308010.0,
        "SALE_AMT_CHNL_TTL": 28161010.0,
        "SALE_RATIO": 5.0,
        "IN_YMM_RNK": 0,
        "IN_CHNL_RNK": 5
      },
      {
        "PST_YYYYMM": "202408",
        "CHNL_NM": "면세점",
        "CLASS3": "긴팔티셔츠",
        "SALE_AMT": 956000.0,
        "SALE_AMT_CHNL_TTL": 28161010.0,
        "SALE_RATIO": 3.0,
        "IN_YMM_RNK": 0,
        "IN_CHNL_RNK": 6
      },
      {
        "PST_YYYYMM": "202408",
        "CHNL_NM": "면세점",
        "CLASS3": "우븐셔츠",
        "SALE_AMT": 890000.0,
        "SALE_AMT_CHNL_TTL": 28161010.0,
        "SALE_RATIO": 3.0,
        "IN_YMM_RNK": 0,
        "IN_CHNL_RNK": 7
      },
      {
        "PST_YYYYMM": "202408",
        "CHNL_NM": "면세점",
        "CLASS3": "가방",
        "SALE_AMT": 835000.0,
        "SALE_AMT_CHNL_TTL": 28161010.0,
        "SALE_RATIO": 3.0,
        "IN_YMM_RNK": 0,
        "IN_CHNL_RNK": 8
      },
      {
        "PST_YYYYMM": "202408",
        "CHNL_NM": "면세점",
        "CLASS3": "운동모",
        "SALE_AMT": 663000.0,
        "SALE_AMT_CHNL_TTL": 28161010.0,
        "SALE_RATIO": 2.0,
        "IN_YMM_RNK": 0,
        "IN_CHNL_RNK": 9
      },
      {
        "PST_YYYYMM": "202408",
        "CHNL_NM": "면세점",
        "CLASS3": "슬리퍼",
        "SALE_AMT": 661000.0,
        "SALE_AMT_CHNL_TTL": 28161010.0,
        "SALE_RATIO": 2.0,
        "IN_YMM_RNK": 0,
        "IN_CHNL_RNK": 10
      },
      {
        "PST_YYYYMM": "202408",
        "CHNL_NM": "면세점",
        "CLASS3": "우븐반바지",
        "SALE_AMT": 593000.0,
        "SALE_AMT_CHNL_TTL": 28161010.0,
        "SALE_RATIO": 2.0,
        "IN_YMM_RNK": 0,
        "IN_CHNL_RNK": 11
      },
      {
        "PST_YYYYMM": "202408",
        "CHNL_NM": "면세점",
        "CLASS3": "맨투맨",
        "SALE_AMT": 386000.0,
        "SALE_AMT_CHNL_TTL": 28161010.0,
        "SALE_RATIO": 1.0,
        "IN_YMM_RNK": 0,
        "IN_CHNL_RNK": 12
      },
      {
        "PST_YYYYMM": "202408",
        "CHNL_NM": "면세점",
        "CLASS3": "트레이닝(상의)",
        "SALE_AMT": 297000.0,
        "SALE_AMT_CHNL_TTL": 28161010.0,
        "SALE_RATIO": 1.0,
        "IN_YMM_RNK": 0,
        "IN_CHNL_RNK": 13
      },
      {
        "PST_YYYYMM": "202408",
        "CHNL_NM": "면세점",
        "CLASS3": "햇",
        "SALE_AMT": 292000.0,
        "SALE_AMT_CHNL_TTL": 28161010.0,
        "SALE_RATIO": 1.0,
        "IN_YMM_RNK": 0,
        "IN_CHNL_RNK": 14
      },
      {
        "PST_YYYYMM": "202408",
        "CHNL_NM": "면세점",
        "CLASS3": "스커트",
        "SALE_AMT": 267000.0,
        "SALE_AMT_CHNL_TTL": 28161010.0,
        "SALE_RATIO": 1.0,
        "IN_YMM_RNK": 0,
        "IN_CHNL_RNK": 15
      },
      {
        "PST_YYYYMM": "202408",
        "CHNL_NM": "면세점",
        "CLASS3": "데님셔츠",
        "SALE_AMT": 258000.0,
        "SALE_AMT_CHNL_TTL": 28161010.0,
        "SALE_RATIO": 1.0,
        "IN_YMM_RNK": 0,
        "IN_CHNL_RNK": 16
      },
      {
        "PST_YYYYMM": "202408",
        "CHNL_NM": "면세점",
        "CLASS3": "진바지",
        "SALE_AMT": 198000.0,
        "SALE_AMT_CHNL_TTL": 28161010.0,
        "SALE_RATIO": 1.0,
        "IN_YMM_RNK": 0,
        "IN_CHNL_RNK": 17
      },
      {
        "PST_YYYYMM": "202408",
        "CHNL_NM": "면세점",
        "CLASS3": "양말",
        "SALE_AMT": 166000.0,
        "SALE_AMT_CHNL_TTL": 28161010.0,
        "SALE_RATIO": 1.0,
        "IN_YMM_RNK": 0,
        "IN_CHNL_RNK": 18
      },
      {
        "PST_YYYYMM": "202408",
        "CHNL_NM": "면세점",
        "CLASS3": "힙색",
        "SALE_AMT": 138000.0,
        "SALE_AMT_CHNL_TTL": 28161010.0,
        "SALE_RATIO": 0.0,
        "IN_YMM_RNK": 0,
        "IN_CHNL_RNK": 19
      },
      {
        "PST_YYYYMM": "202408",
        "CHNL_NM": "면세점",
        "CLASS3": "백팩",
        "SALE_AMT": 99000.0,
        "SALE_AMT_CHNL_TTL": 28161010.0,
        "SALE_RATIO": 0.0,
        "IN_YMM_RNK": 0,
        "IN_CHNL_RNK": 20
      }
    ],
    "total_records_count": 142
  },
  "trend_data": {
    "trend_months": [
      "202308",
      "202408"
    ],
    "monthly_totals": [
      {
        "yyyymm": "202308",
        "total_amount": 49.73
      },
      {
        "yyyymm": "202408",
        "total_amount": 171.93
      }
    ],
    "monthly_details": [
      {
        "yyyymm": "202408",
        "chnl_nm": "직영점",
        "class3": "반팔티셔츠",
        "sale_amt": 33.47,
        "sale_ratio": 32.0
      },
      {
        "yyyymm": "202408",
        "chnl_nm": "직영점",
        "class3": "신발",
        "sale_amt": 20.62,
        "sale_ratio": 19.0
      },
      {
        "yyyymm": "202408",
        "chnl_nm": "직영점",
        "class3": "운동모",
        "sale_amt": 6.45,
        "sale_ratio": 6.0
      },
      {
        "yyyymm": "202408",
        "chnl_nm": "직영점",
        "class3": "우븐팬츠",
        "sale_amt": 5.78,
        "sale_ratio": 5.0
      },
      {
        "yyyymm": "202408",
        "chnl_nm": "직영점",
        "class3": "방풍자켓",
        "sale_amt": 4.91,
        "sale_ratio": 5.0
      },
      {
        "yyyymm": "202408",
        "chnl_nm": "직영점",
        "class3": "맨투맨",
        "sale_amt": 4.27,
        "sale_ratio": 4.0
      },
      {
        "yyyymm": "202408",
        "chnl_nm": "직영점",
        "class3": "긴팔티셔츠",
        "sale_amt": 3.94,
        "sale_ratio": 4.0
      },
      {
        "yyyymm": "202408",
        "chnl_nm": "직영점",
        "class3": "우븐반바지",
        "sale_amt": 3.91,
        "sale_ratio": 4.0
      },
      {
        "yyyymm": "202408",
        "chnl_nm": "직영점",
        "class3": "폴로 티셔츠",
        "sale_amt": 3.88,
        "sale_ratio": 4.0
      },
      {
        "yyyymm": "202408",
        "chnl_nm": "직영점",
        "class3": "반바지",
        "sale_amt": 2.55,
        "sale_ratio": 2.0
      },
      {
        "yyyymm": "202408",
        "chnl_nm": "직영점",
        "class3": "슬리퍼",
        "sale_amt": 2.26,
        "sale_ratio": 2.0
      },
      {
        "yyyymm": "202408",
        "chnl_nm": "직영점",
        "class3": "팬츠",
        "sale_amt": 1.93,
        "sale_ratio": 2.0
      },
      {
        "yyyymm": "202408",
        "chnl_nm": "직영점",
        "class3": "스커트",
        "sale_amt": 1.67,
        "sale_ratio": 2.0
      },
      {
        "yyyymm": "202408",
        "chnl_nm": "직영점",
        "class3": "후드티",
        "sale_amt": 1.62,
        "sale_ratio": 2.0
      },
      {
        "yyyymm": "202408",
        "chnl_nm": "직영점",
        "class3": "데님셔츠",
        "sale_amt": 1.09,
        "sale_ratio": 1.0
      },
      {
        "yyyymm": "202408",
        "chnl_nm": "직영점",
        "class3": "우븐셔츠",
        "sale_amt": 1.05,
        "sale_ratio": 1.0
      },
      {
        "yyyymm": "202408",
        "chnl_nm": "직영점",
        "class3": "양말",
        "sale_amt": 0.98,
        "sale_ratio": 1.0
      },
      {
        "yyyymm": "202408",
        "chnl_nm": "직영점",
        "class3": "햇",
        "sale_amt": 0.91,
        "sale_ratio": 1.0
      },
      {
        "yyyymm": "202408",
        "chnl_nm": "직영점",
        "class3": "가방",
        "sale_amt": 0.89,
        "sale_ratio": 1.0
      },
      {
        "yyyymm": "202408",
        "chnl_nm": "직영점",
        "class3": "크로스백",
        "sale_amt": 0.79,
        "sale_ratio": 1.0
      },
      {
        "yyyymm": "202408",
        "chnl_nm": "직영점",
        "class3": "비니",
        "sale_amt": 0.68,
        "sale_ratio": 1.0
      },
      {
        "yyyymm": "202408",
        "chnl_nm": "직영점",
        "class3": "백팩",
        "sale_amt": 0.64,
        "sale_ratio": 1.0
      },
      {
        "yyyymm": "202408",
        "chnl_nm": "직영점",
        "class3": "진바지",
        "sale_amt": 0.6,
        "sale_ratio": 1.0
      },
      {
        "yyyymm": "202408",
        "chnl_nm": "직영점",
        "class3": "점퍼",
        "sale_amt": 0.44,
        "sale_ratio": 0.0
      },
      {
        "yyyymm": "202408",
        "chnl_nm": "직영점",
        "class3": "힙색",
        "sale_amt": 0.34,
        "sale_ratio": 0.0
      },
      {
        "yyyymm": "202408",
        "chnl_nm": "직영점",
        "class3": "방한모",
        "sale_amt": 0.09,
        "sale_ratio": 0.0
      },
      {
        "yyyymm": "202408",
        "chnl_nm": "직영점",
        "class3": "탱크탑",
        "sale_amt": 0.05,
        "sale_ratio": 0.0
      },
      {
        "yyyymm": "202408",
        "chnl_nm": "직영점",
        "class3": "선캡",
        "sale_amt": 0.04,
        "sale_ratio": 0.0
      },
      {
        "yyyymm": "202408",
        "chnl_nm": "직영점",
        "class3": "방한화",
        "sale_amt": 0.0,
        "sale_ratio": 0.0
      },
      {
        "yyyymm": "202408",
        "chnl_nm": "직영점",
        "class3": "트레이닝(상의)",
        "sale_amt": 0.0,
        "sale_ratio": 0.0
      },
      {
        "yyyymm": "202408",
        "chnl_nm": "면세점",
        "class3": "반팔티셔츠",
        "sale_amt": 9.18,
        "sale_ratio": 33.0
      },
      {
        "yyyymm": "202408",
        "chnl_nm": "면세점",
        "class3": "신발",
        "sale_amt": 6.68,
        "sale_ratio": 24.0
      },
      {
        "yyyymm": "202408",
        "chnl_nm": "면세점",
        "class3": "우븐팬츠",
        "sale_amt": 2.48,
        "sale_ratio": 9.0
      },
      {
        "yyyymm": "202408",
        "chnl_nm": "면세점",
        "class3": "방풍자켓",
        "sale_amt": 1.78,
        "sale_ratio": 6.0
      },
      {
        "yyyymm": "202408",
        "chnl_nm": "면세점",
        "class3": "반바지",
        "sale_amt": 1.31,
        "sale_ratio": 5.0
      },
      {
        "yyyymm": "202408",
        "chnl_nm": "면세점",
        "class3": "긴팔티셔츠",
        "sale_amt": 0.96,
        "sale_ratio": 3.0
      },
      {
        "yyyymm": "202408",
        "chnl_nm": "면세점",
        "class3": "우븐셔츠",
        "sale_amt": 0.89,
        "sale_ratio": 3.0
      },
      {
        "yyyymm": "202408",
        "chnl_nm": "면세점",
        "class3": "가방",
        "sale_amt": 0.83,
        "sale_ratio": 3.0
      },
      {
        "yyyymm": "202408",
        "chnl_nm": "면세점",
        "class3": "운동모",
        "sale_amt": 0.66,
        "sale_ratio": 2.0
      },
      {
        "yyyymm": "202408",
        "chnl_nm": "면세점",
        "class3": "슬리퍼",
        "sale_amt": 0.66,
        "sale_ratio": 2.0
      },
      {
        "yyyymm": "202408",
        "chnl_nm": "면세점",
        "class3": "우븐반바지",
        "sale_amt": 0.59,
        "sale_ratio": 2.0
      },
      {
        "yyyymm": "202408",
        "chnl_nm": "면세점",
        "class3": "맨투맨",
        "sale_amt": 0.39,
        "sale_ratio": 1.0
      },
      {
        "yyyymm": "202408",
        "chnl_nm": "면세점",
        "class3": "트레이닝(상의)",
        "sale_amt": 0.3,
        "sale_ratio": 1.0
      },
      {
        "yyyymm": "202408",
        "chnl_nm": "면세점",
        "class3": "햇",
        "sale_amt": 0.29,
        "sale_ratio": 1.0
      },
      {
        "yyyymm": "202408",
        "chnl_nm": "면세점",
        "class3": "스커트",
        "sale_amt": 0.27,
        "sale_ratio": 1.0
      },
      {
        "yyyymm": "202408",
        "chnl_nm": "면세점",
        "class3": "데님셔츠",
        "sale_amt": 0.26,
        "sale_ratio": 1.0
      },
      {
        "yyyymm": "202408",
        "chnl_nm": "면세점",
        "class3": "진바지",
        "sale_amt": 0.2,
        "sale_ratio": 1.0
      },
      {
        "yyyymm": "202408",
        "chnl_nm": "면세점",
        "class3": "양말",
        "sale_amt": 0.17,
        "sale_ratio": 1.0
      },
      {
        "yyyymm": "202408",
        "chnl_nm": "면세점",
        "class3": "힙색",
        "sale_amt": 0.14,
        "sale_ratio": 0.0
      },
      {
        "yyyymm": "202408",
        "chnl_nm": "면세점",
        "class3": "백팩",
        "sale_amt": 0.1,
        "sale_ratio": 0.0
      },
      {
        "yyyymm": "202408",
        "chnl_nm": "면세점",
        "class3": "탱크탑",
        "sale_amt": 0.03,
        "sale_ratio": 0.0
      },
      {
        "yyyymm": "202408",
        "chnl_nm": "면세점",
        "class3": "팬츠",
        "sale_amt": 0.0,
        "sale_ratio": 0.0
      },
      {
        "yyyymm": "202408",
        "chnl_nm": "면세점",
        "class3": "트레이닝(하의)",
        "sale_amt": 0.0,
        "sale_ratio": 0.0
      },
      {
        "yyyymm": "202408",
        "chnl_nm": "면세점",
        "class3": "점퍼",
        "sale_amt": 0.0,
        "sale_ratio": 0.0
      },
      {
        "yyyymm": "202408",
        "chnl_nm": "면세점",
        "class3": "후드티",
        "sale_amt": 0.0,
        "sale_ratio": 0.0
      },
      {
        "yyyymm": "202408",
        "chnl_nm": "면세점",
        "class3": "다운베스트",
        "sale_amt": 0.0,
        "sale_ratio": 0.0
      },
      {
        "yyyymm": "202408",
        "chnl_nm": "자사몰",
        "class3": "신발",
        "sale_amt": 11.73,
        "sale_ratio": 54.0
      },
      {
        "yyyymm": "202408",
        "chnl_nm": "자사몰",
        "class3": "반팔티셔츠",
        "sale_amt": 4.2,
        "sale_ratio": 19.0
      },
      {
        "yyyymm": "202408",
        "chnl_nm": "자사몰",
        "class3": "맨투맨",
        "sale_amt": 1.32,
        "sale_ratio": 6.0
      },
      {
        "yyyymm": "202408",
        "chnl_nm": "자사몰",
        "class3": "방풍자켓",
        "sale_amt": 0.89,
        "sale_ratio": 4.0
      },
      {
        "yyyymm": "202408",
        "chnl_nm": "자사몰",
        "class3": "후드티",
        "sale_amt": 0.83,
        "sale_ratio": 4.0
      },
      {
        "yyyymm": "202408",
        "chnl_nm": "자사몰",
        "class3": "우븐팬츠",
        "sale_amt": 0.69,
        "sale_ratio": 3.0
      },
      {
        "yyyymm": "202408",
        "chnl_nm": "자사몰",
        "class3": "운동모",
        "sale_amt": 0.67,
        "sale_ratio": 3.0
      },
      {
        "yyyymm": "202408",
        "chnl_nm": "자사몰",
        "class3": "긴팔티셔츠",
        "sale_amt": 0.51,
        "sale_ratio": 2.0
      },
      {
        "yyyymm": "202408",
        "chnl_nm": "자사몰",
        "class3": "소프트쉘",
        "sale_amt": 0.24,
        "sale_ratio": 1.0
      },
      {
        "yyyymm": "202408",
        "chnl_nm": "자사몰",
        "class3": "백팩",
        "sale_amt": 0.17,
        "sale_ratio": 1.0
      },
      {
        "yyyymm": "202408",
        "chnl_nm": "자사몰",
        "class3": "우븐셔츠",
        "sale_amt": 0.13,
        "sale_ratio": 1.0
      },
      {
        "yyyymm": "202408",
        "chnl_nm": "자사몰",
        "class3": "스커트",
        "sale_amt": 0.13,
        "sale_ratio": 1.0
      },
      {
        "yyyymm": "202408",
        "chnl_nm": "자사몰",
        "class3": "팬츠",
        "sale_amt": 0.11,
        "sale_ratio": 1.0
      },
      {
        "yyyymm": "202408",
        "chnl_nm": "자사몰",
        "class3": "양말",
        "sale_amt": 0.07,
        "sale_ratio": 0.0
      },
      {
        "yyyymm": "202408",
        "chnl_nm": "자사몰",
        "class3": "슬리퍼",
        "sale_amt": 0.07,
        "sale_ratio": 0.0
      },
      {
        "yyyymm": "202408",
        "chnl_nm": "제휴몰",
        "class3": "신발",
        "sale_amt": 8.25,
        "sale_ratio": 51.0
      },
      {
        "yyyymm": "202408",
        "chnl_nm": "제휴몰",
        "class3": "반팔티셔츠",
        "sale_amt": 3.18,
        "sale_ratio": 20.0
      },
      {
        "yyyymm": "202408",
        "chnl_nm": "제휴몰",
        "class3": "가방",
        "sale_amt": 0.76,
        "sale_ratio": 5.0
      },
      {
        "yyyymm": "202408",
        "chnl_nm": "제휴몰",
        "class3": "운동모",
        "sale_amt": 0.66,
        "sale_ratio": 4.0
      },
      {
        "yyyymm": "202408",
        "chnl_nm": "제휴몰",
        "class3": "우븐팬츠",
        "sale_amt": 0.54,
        "sale_ratio": 3.0
      },
      {
        "yyyymm": "202408",
        "chnl_nm": "제휴몰",
        "class3": "보스톤백",
        "sale_amt": 0.51,
        "sale_ratio": 3.0
      },
      {
        "yyyymm": "202408",
        "chnl_nm": "제휴몰",
        "class3": "방풍자켓",
        "sale_amt": 0.34,
        "sale_ratio": 2.0
      },
      {
        "yyyymm": "202408",
        "chnl_nm": "제휴몰",
        "class3": "슬리퍼",
        "sale_amt": 0.34,
        "sale_ratio": 2.0
      },
      {
        "yyyymm": "202408",
        "chnl_nm": "제휴몰",
        "class3": "우븐반바지",
        "sale_amt": 0.31,
        "sale_ratio": 2.0
      },
      {
        "yyyymm": "202408",
        "chnl_nm": "제휴몰",
        "class3": "팬츠",
        "sale_amt": 0.29,
        "sale_ratio": 2.0
      },
      {
        "yyyymm": "202408",
        "chnl_nm": "제휴몰",
        "class3": "힙색",
        "sale_amt": 0.21,
        "sale_ratio": 1.0
      },
      {
        "yyyymm": "202408",
        "chnl_nm": "제휴몰",
        "class3": "긴팔티셔츠",
        "sale_amt": 0.19,
        "sale_ratio": 1.0
      },
      {
        "yyyymm": "202408",
        "chnl_nm": "제휴몰",
        "class3": "양말",
        "sale_amt": 0.18,
        "sale_ratio": 1.0
      },
      {
        "yyyymm": "202408",
        "chnl_nm": "제휴몰",
        "class3": "스커트",
        "sale_amt": 0.13,
        "sale_ratio": 1.0
      },
      {
        "yyyymm": "202408",
        "chnl_nm": "제휴몰",
        "class3": "폴로 티셔츠",
        "sale_amt": 0.1,
        "sale_ratio": 1.0
      },
      {
        "yyyymm": "202408",
        "chnl_nm": "제휴몰",
        "class3": "반바지",
        "sale_amt": 0.07,
        "sale_ratio": 0.0
      },
      {
        "yyyymm": "202408",
        "chnl_nm": "제휴몰",
        "class3": "햇",
        "sale_amt": 0.06,
        "sale_ratio": 0.0
      },
      {
        "yyyymm": "202408",
        "chnl_nm": "제휴몰",
        "class3": "비니",
        "sale_amt": 0.05,
        "sale_ratio": 0.0
      },
      {
        "yyyymm": "202408",
        "chnl_nm": "제휴몰",
        "class3": "탱크탑",
        "sale_amt": 0.03,
        "sale_ratio": 0.0
      },
      {
        "yyyymm": "202408",
        "chnl_nm": "제휴몰",
        "class3": "후드티",
        "sale_amt": 0.0,
        "sale_ratio": 0.0
      },
      {
        "yyyymm": "202408",
        "chnl_nm": "제휴몰",
        "class3": "맨투맨",
        "sale_amt": 0.0,
        "sale_ratio": 0.0
      },
      {
        "yyyymm": "202308",
        "chnl_nm": "면세점",
        "class3": "신발",
        "sale_amt": 10.19,
        "sale_ratio": 32.0
      },
      {
        "yyyymm": "202308",
        "chnl_nm": "면세점",
        "class3": "반팔티셔츠",
        "sale_amt": 9.32,
        "sale_ratio": 29.0
      },
      {
        "yyyymm": "202308",
        "chnl_nm": "면세점",
        "class3": "슬리퍼",
        "sale_amt": 2.99,
        "sale_ratio": 9.0
      },
      {
        "yyyymm": "202308",
        "chnl_nm": "면세점",
        "class3": "점퍼",
        "sale_amt": 2.08,
        "sale_ratio": 6.0
      },
      {
        "yyyymm": "202308",
        "chnl_nm": "면세점",
        "class3": "우븐팬츠",
        "sale_amt": 1.83,
        "sale_ratio": 6.0
      },
      {
        "yyyymm": "202308",
        "chnl_nm": "면세점",
        "class3": "방풍자켓",
        "sale_amt": 1.55,
        "sale_ratio": 5.0
      },
      {
        "yyyymm": "202308",
        "chnl_nm": "면세점",
        "class3": "우븐반바지",
        "sale_amt": 0.76,
        "sale_ratio": 2.0
      },
      {
        "yyyymm": "202308",
        "chnl_nm": "면세점",
        "class3": "팬츠",
        "sale_amt": 0.64,
        "sale_ratio": 2.0
      },
      {
        "yyyymm": "202308",
        "chnl_nm": "면세점",
        "class3": "운동모",
        "sale_amt": 0.53,
        "sale_ratio": 2.0
      },
      {
        "yyyymm": "202308",
        "chnl_nm": "면세점",
        "class3": "트레이닝(하의)",
        "sale_amt": 0.51,
        "sale_ratio": 2.0
      },
      {
        "yyyymm": "202308",
        "chnl_nm": "면세점",
        "class3": "맨투맨",
        "sale_amt": 0.49,
        "sale_ratio": 2.0
      },
      {
        "yyyymm": "202308",
        "chnl_nm": "면세점",
        "class3": "다운점퍼",
        "sale_amt": 0.38,
        "sale_ratio": 1.0
      },
      {
        "yyyymm": "202308",
        "chnl_nm": "면세점",
        "class3": "후드티",
        "sale_amt": 0.38,
        "sale_ratio": 1.0
      },
      {
        "yyyymm": "202308",
        "chnl_nm": "면세점",
        "class3": "반바지",
        "sale_amt": 0.19,
        "sale_ratio": 1.0
      },
      {
        "yyyymm": "202308",
        "chnl_nm": "면세점",
        "class3": "햇",
        "sale_amt": 0.16,
        "sale_ratio": 0.0
      },
      {
        "yyyymm": "202308",
        "chnl_nm": "면세점",
        "class3": "트레이닝 숏팬츠",
        "sale_amt": 0.15,
        "sale_ratio": 0.0
      },
      {
        "yyyymm": "202308",
        "chnl_nm": "면세점",
        "class3": "양말",
        "sale_amt": 0.09,
        "sale_ratio": 0.0
      },
      {
        "yyyymm": "202308",
        "chnl_nm": "면세점",
        "class3": "긴팔티셔츠",
        "sale_amt": 0.08,
        "sale_ratio": 0.0
      },
      {
        "yyyymm": "202308",
        "chnl_nm": "면세점",
        "class3": "탱크탑",
        "sale_amt": 0.0,
        "sale_ratio": 0.0
      },
      {
        "yyyymm": "202308",
        "chnl_nm": "백화점",
        "class3": "반팔티셔츠",
        "sale_amt": 3.66,
        "sale_ratio": 51.0
      },
      {
        "yyyymm": "202308",
        "chnl_nm": "백화점",
        "class3": "슬리퍼",
        "sale_amt": 1.44,
        "sale_ratio": 20.0
      },
      {
        "yyyymm": "202308",
        "chnl_nm": "백화점",
        "class3": "우븐반바지",
        "sale_amt": 0.62,
        "sale_ratio": 9.0
      },
      {
        "yyyymm": "202308",
        "chnl_nm": "백화점",
        "class3": "팬츠",
        "sale_amt": 0.36,
        "sale_ratio": 5.0
      },
      {
        "yyyymm": "202308",
        "chnl_nm": "백화점",
        "class3": "신발",
        "sale_amt": 0.26,
        "sale_ratio": 4.0
      },
      {
        "yyyymm": "202308",
        "chnl_nm": "백화점",
        "class3": "우븐셔츠",
        "sale_amt": 0.22,
        "sale_ratio": 3.0
      },
      {
        "yyyymm": "202308",
        "chnl_nm": "백화점",
        "class3": "운동모",
        "sale_amt": 0.18,
        "sale_ratio": 2.0
      },
      {
        "yyyymm": "202308",
        "chnl_nm": "백화점",
        "class3": "후드티",
        "sale_amt": 0.13,
        "sale_ratio": 2.0
      },
      {
        "yyyymm": "202308",
        "chnl_nm": "백화점",
        "class3": "트레이닝 숏팬츠",
        "sale_amt": 0.12,
        "sale_ratio": 2.0
      },
      {
        "yyyymm": "202308",
        "chnl_nm": "백화점",
        "class3": "반바지",
        "sale_amt": 0.11,
        "sale_ratio": 2.0
      },
      {
        "yyyymm": "202308",
        "chnl_nm": "백화점",
        "class3": "양말",
        "sale_amt": 0.07,
        "sale_ratio": 1.0
      },
      {
        "yyyymm": "202308",
        "chnl_nm": "백화점",
        "class3": "우븐팬츠",
        "sale_amt": 0.0,
        "sale_ratio": 0.0
      },
      {
        "yyyymm": "202308",
        "chnl_nm": "자사몰",
        "class3": "신발",
        "sale_amt": 2.63,
        "sale_ratio": 48.0
      },
      {
        "yyyymm": "202308",
        "chnl_nm": "자사몰",
        "class3": "슬리퍼",
        "sale_amt": 1.02,
        "sale_ratio": 18.0
      },
      {
        "yyyymm": "202308",
        "chnl_nm": "자사몰",
        "class3": "반팔티셔츠",
        "sale_amt": 1.0,
        "sale_ratio": 18.0
      },
      {
        "yyyymm": "202308",
        "chnl_nm": "자사몰",
        "class3": "맨투맨",
        "sale_amt": 0.31,
        "sale_ratio": 6.0
      },
      {
        "yyyymm": "202308",
        "chnl_nm": "자사몰",
        "class3": "운동모",
        "sale_amt": 0.24,
        "sale_ratio": 4.0
      },
      {
        "yyyymm": "202308",
        "chnl_nm": "자사몰",
        "class3": "우븐셔츠",
        "sale_amt": 0.11,
        "sale_ratio": 2.0
      },
      {
        "yyyymm": "202308",
        "chnl_nm": "자사몰",
        "class3": "트레이닝 숏팬츠",
        "sale_amt": 0.09,
        "sale_ratio": 2.0
      },
      {
        "yyyymm": "202308",
        "chnl_nm": "자사몰",
        "class3": "반바지",
        "sale_amt": 0.08,
        "sale_ratio": 1.0
      },
      {
        "yyyymm": "202308",
        "chnl_nm": "자사몰",
        "class3": "양말",
        "sale_amt": 0.04,
        "sale_ratio": 1.0
      },
      {
        "yyyymm": "202308",
        "chnl_nm": "제휴몰",
        "class3": "반팔티셔츠",
        "sale_amt": 2.72,
        "sale_ratio": 57.0
      },
      {
        "yyyymm": "202308",
        "chnl_nm": "제휴몰",
        "class3": "슬리퍼",
        "sale_amt": 0.78,
        "sale_ratio": 16.0
      },
      {
        "yyyymm": "202308",
        "chnl_nm": "제휴몰",
        "class3": "신발",
        "sale_amt": 0.44,
        "sale_ratio": 9.0
      },
      {
        "yyyymm": "202308",
        "chnl_nm": "제휴몰",
        "class3": "운동모",
        "sale_amt": 0.35,
        "sale_ratio": 7.0
      },
      {
        "yyyymm": "202308",
        "chnl_nm": "제휴몰",
        "class3": "탱크탑",
        "sale_amt": 0.16,
        "sale_ratio": 3.0
      },
      {
        "yyyymm": "202308",
        "chnl_nm": "제휴몰",
        "class3": "반바지",
        "sale_amt": 0.11,
        "sale_ratio": 2.0
      },
      {
        "yyyymm": "202308",
        "chnl_nm": "제휴몰",
        "class3": "우븐반바지",
        "sale_amt": 0.09,
        "sale_ratio": 2.0
      },
      {
        "yyyymm": "202308",
        "chnl_nm": "제휴몰",
        "class3": "햇",
        "sale_amt": 0.08,
        "sale_ratio": 2.0
      },
      {
        "yyyymm": "202308",
        "chnl_nm": "제휴몰",
        "class3": "양말",
        "sale_amt": 0.03,
        "sale_ratio": 1.0
      },
      {
        "yyyymm": "202308",
        "chnl_nm": "제휴몰",
        "class3": "트레이닝 숏팬츠",
        "sale_amt": 0.0,
        "sale_ratio": 0.0
      }
    ]
  }
}