{
  "country": "KR",
  "brand_cd": "W",
  "brand_name": "SUPRA",
  "yyyymm": "202402",
  "yyyymm_py": "202302",
  "key": "매장효율성",
  "sub_key": "종합분석",
  "analysis_data": {
    "title": "매장효율성 종합분석",
    "sections": [
      {
        "div": "종합분석-1",
        "sub_title": "우수 점포 생산성",
        "ai_text": "SUPRA 브랜드는 2024년 2월 신규 런칭으로 전년 동월 대비 데이터가 없어 우수 점포 식별에 제한이 있습니다.\n현재 직영점이 점포당 31백만원으로 면세점 10백만원 대비 3.1배 높은 매출 효율성을 보이고 있습니다.\n직영점 3개 점포의 높은 점포당 매출은 브랜드 초기 런칭 효과와 타겟 고객층의 높은 관심도를 반영합니다.\n향후 지속적인 성과 모니터링을 통해 우수 점포의 성공 요인을 체계화할 필요가 있습니다."
      },
      {
        "div": "종합분석-2",
        "sub_title": "대응 필요 매장",
        "ai_text": "면세점 채널의 점포당 매출이 10백만원으로 직영점 31백만원 대비 현저히 낮은 성과를 보이고 있습니다.\n면세점 3개 점포의 저조한 매출은 면세점 특성상 외국인 관광객 감소와 브랜드 인지도 부족이 주요 원인으로 분석됩니다.\n직영점 대비 68% 낮은 점포당 매출은 면세점 채널 전략의 전면적 재검토가 필요함을 시사합니다.\n면세점 채널의 매출 효율성 개선을 위한 즉각적인 대응 방안 수립이 시급합니다."
      },
      {
        "div": "종합분석-3",
        "sub_title": "AI 권장사항",
        "ai_text": "• 직영점 성공 모델 분석: 31백만원 점포당 매출 달성 요인을 분석하여 표준 운영 매뉴얼 구축\n• 면세점 특화 전략 수립: 외국인 대상 마케팅 강화 및 면세점 전용 상품 라인업 개발\n• 채널별 차별화된 VMD 전략: 직영점은 프리미엄 경험 중심, 면세점은 관광객 친화적 디스플레이 적용\n• 월별 점포 효율성 KPI 모니터링 체계 구축하여 목표 점포당 매출 25백만원 달성 추진"
      },
      {
        "div": "종합분석-4",
        "sub_title": "최적의 시나리오",
        "ai_text": "직영점은 현재 31백만원 수준을 유지하면서 35백만원까지 점포당 매출 향상을 목표로 설정합니다.\n면세점은 집중적인 개선 전략을 통해 점포당 매출을 현재 10백만원에서 20백만원으로 2배 증대를 추진합니다.\n전체 점포당 매출 목표를 현재 21백만원에서 27백만원으로 설정하여 28% 개선을 달성합니다.\n분기별 성과 리뷰를 통해 채널별 최적 점포 수 조정 및 고효율 입지 확대 전략을 실행합니다."
      }
    ]
  },
  "summary": {
    "total_shop_amt_cy": 21.0,
    "total_shop_amt_py": 0.0,
    "total_shop_cnt_cy": 6,
    "total_shop_cnt_py": 0,
    "yoy": 0,
    "unique_channels": 2,
    "analysis_period": "2023년 2월 vs 2024년 2월"
  },
  "channel_summary": {
    "직영점": {
      "shop_amt_cy": 31.0,
      "shop_amt_py": 0.0,
      "shop_cnt_cy": 3,
      "shop_cnt_py": 0,
      "yoy": 0.0
    },
    "면세점": {
      "shop_amt_cy": 10.0,
      "shop_amt_py": 0.0,
      "shop_cnt_cy": 3,
      "shop_cnt_py": 0,
      "yoy": 0.0
    }
  },
  "excellent_channels": [],
  "warning_channels": [
    {
      "chnl_nm": "면세점",
      "shop_amt_cy": 10.0,
      "shop_amt_py": 0.0,
      "yoy": 0.0,
      "shop_cnt_cy": 3
    },
    {
      "chnl_nm": "직영점",
      "shop_amt_cy": 31.0,
      "shop_amt_py": 0.0,
      "yoy": 0.0,
      "shop_cnt_cy": 3
    }
  ],
  "raw_data": {
    "sample_records": [
      {
        "CHNL_NM": "직영점",
        "SHOP_CNT_CY": 3,
        "SHOP_CNT_PY": 0,
        "SHOP_AMT_CY": 31.0,
        "SHOP_AMT_PY": 0.0,
        "YOY": 0.0,
        "SEQ": 2
      },
      {
        "CHNL_NM": "면세점",
        "SHOP_CNT_CY": 3,
        "SHOP_CNT_PY": 0,
        "SHOP_AMT_CY": 10.0,
        "SHOP_AMT_PY": 0.0,
        "YOY": 0.0,
        "SEQ": 2
      },
      {
        "CHNL_NM": "전체",
        "SHOP_CNT_CY": 6,
        "SHOP_CNT_PY": 0,
        "SHOP_AMT_CY": 21.0,
        "SHOP_AMT_PY": 0.0,
        "YOY": 0.0,
        "SEQ": 1
      },
      {
        "CHNL_NM": "면세 제외",
        "SHOP_CNT_CY": 3,
        "SHOP_CNT_PY": 0,
        "SHOP_AMT_CY": 31.0,
        "SHOP_AMT_PY": 0.0,
        "YOY": 0.0,
        "SEQ": 3
      }
    ],
    "total_records_count": 4
  }
}