{
  "country": "KR",
  "brand_cd": "V",
  "brand_name": "DUVETICA",
  "yyyymm": "202401",
  "yyyymm_py": "202301",
  "key": "매장효율성",
  "sub_key": "종합분석",
  "analysis_data": {
    "title": "매장효율성 종합분석",
    "sections": [
      {
        "div": "종합분석-1",
        "sub_title": "우수 점포 생산성",
        "ai_text": "백화점 채널이 유일한 우수 성과를 보이며 점포당 매출 46백만원으로 전년(29백만원) 대비 158.6% 급성장을 달성했습니다.\n매장 수는 18개에서 11개로 축소되었으나 선별된 우수 입지 매장들의 집중 운영으로 효율성이 크게 향상되었습니다.\n프리미엄 브랜드 포지셀닝에 적합한 백화점 환경과 고객층이 DUVETICA 브랜드와 최적의 시너지를 창출하고 있습니다.\n매장 구조조정을 통한 선택과 집중 전략이 성공적으로 작동하여 점포당 생산성 극대화를 실현했습니다."
      },
      {
        "div": "종합분석-2",
        "sub_title": "대응 필요 매장",
        "ai_text": "직영점은 점포당 매출 42백만원으로 전년(59백만원) 대비 70.8%로 급락하여 29.2%의 매출 감소를 기록했습니다.\n아울렛 채널은 점포당 매출 48백만원으로 전년(70백만원) 대비 68.7%에 그쳐 31.3%의 큰 폭 감소를 보였습니다.\n두 채널 모두 프리미엄 브랜드 이미지와 할인 중심의 판매 환경 간 불일치로 인한 브랜드 가치 저하가 주요 원인으로 분석됩니다.\n직영점 2개소와 아울렛 6개소 총 8개 매장에 대한 즉각적인 운영 전략 재검토가 필요한 상황입니다."
      },
      {
        "div": "종합분석-3",
        "sub_title": "AI 권장사항",
        "ai_text": "백화점 채널의 성공 모델을 벤치마킹하여 프리미엄 입지 중심의 매장 재배치 전략을 수립하고 저효율 매장의 과감한 구조조정을 실행하세요.\n직영점은 플래그십 스토어 컨셉으로 전환하여 브랜드 체험 공간 강화와 VIP 고객 대상 프리미엄 서비스를 집중 제공하세요.\n아울렛 매장은 단계적 축소 또는 팝업스토어 형태로 전환하여 브랜드 이미지 훼손을 최소화하면서 재고 소진 채널로 활용하세요.\n데이터 기반 매장별 손익분기점 분석을 통해 월 50백만원 이상 매출 목표 달성 가능 매장만 선별 운영하는 것을 권장합니다."
      },
      {
        "div": "종합분석-4",
        "sub_title": "최적의 시나리오",
        "ai_text": "백화점 중심의 선택적 확장으로 우수 입지 3-5개 매장 추가 개점하여 점포당 매출 50백만원 이상 달성을 목표로 설정하세요.\n직영점은 1-2개 플래그십 매장으로 집약하여 점포당 매출 60백만원 이상의 프리미엄 성과 창출을 추진하세요.\n아울렛은 전면 철수 또는 2-3개 핵심 매장만 유지하여 브랜드 포지셔닝 일관성을 확보하고 전체 평균 점포당 매출 55백만원 달성을 지향하세요.\n2024년 말까지 총 15-18개 매장 운영으로 매장 효율성 120% 이상 향상과 연간 점포당 매출 600백만원 돌파를 최종 목표로 합니다."
      }
    ]
  },
  "summary": {
    "total_shop_amt_cy": 46.0,
    "total_shop_amt_py": 41.0,
    "total_shop_cnt_cy": 19,
    "total_shop_cnt_py": 26,
    "yoy": 112.2,
    "unique_channels": 3,
    "analysis_period": "2023년 1월 vs 2024년 1월"
  },
  "channel_summary": {
    "백화점": {
      "shop_amt_cy": 46.0,
      "shop_amt_py": 29.0,
      "shop_cnt_cy": 11,
      "shop_cnt_py": 18,
      "yoy": 158.6
    },
    "직영점": {
      "shop_amt_cy": 42.0,
      "shop_amt_py": 59.0,
      "shop_cnt_cy": 2,
      "shop_cnt_py": 1,
      "yoy": 70.8
    },
    "아울렛": {
      "shop_amt_cy": 48.0,
      "shop_amt_py": 70.0,
      "shop_cnt_cy": 6,
      "shop_cnt_py": 7,
      "yoy": 68.7
    }
  },
  "excellent_channels": [],
  "warning_channels": [
    {
      "chnl_nm": "직영점",
      "shop_amt_cy": 42.0,
      "shop_amt_py": 59.0,
      "yoy": 70.8,
      "shop_cnt_cy": 2
    },
    {
      "chnl_nm": "아울렛",
      "shop_amt_cy": 48.0,
      "shop_amt_py": 70.0,
      "yoy": 68.7,
      "shop_cnt_cy": 6
    }
  ],
  "raw_data": {
    "sample_records": [
      {
        "CHNL_NM": "백화점",
        "SHOP_CNT_CY": 11,
        "SHOP_CNT_PY": 18,
        "SHOP_AMT_CY": 46.0,
        "SHOP_AMT_PY": 29.0,
        "YOY": 158.6,
        "SEQ": 2
      },
      {
        "CHNL_NM": "직영점",
        "SHOP_CNT_CY": 2,
        "SHOP_CNT_PY": 1,
        "SHOP_AMT_CY": 42.0,
        "SHOP_AMT_PY": 59.0,
        "YOY": 70.8,
        "SEQ": 2
      },
      {
        "CHNL_NM": "아울렛",
        "SHOP_CNT_CY": 6,
        "SHOP_CNT_PY": 7,
        "SHOP_AMT_CY": 48.0,
        "SHOP_AMT_PY": 70.0,
        "YOY": 68.7,
        "SEQ": 2
      },
      {
        "CHNL_NM": "전체",
        "SHOP_CNT_CY": 19,
        "SHOP_CNT_PY": 26,
        "SHOP_AMT_CY": 46.0,
        "SHOP_AMT_PY": 41.0,
        "YOY": 112.3,
        "SEQ": 1
      },
      {
        "CHNL_NM": "면세 제외",
        "SHOP_CNT_CY": 19,
        "SHOP_CNT_PY": 26,
        "SHOP_AMT_CY": 46.0,
        "SHOP_AMT_PY": 41.0,
        "YOY": 112.3,
        "SEQ": 3
      }
    ],
    "total_records_count": 5
  }
}