{
  "country": "KR",
  "brand_cd": "I",
  "brand_name": "MLB KIDS",
  "yyyymm": "202407",
  "yyyymm_py": "202307",
  "key": "매장효율성",
  "sub_key": "종합분석",
  "analysis_data": {
    "title": "매장효율성 종합분석",
    "sections": [
      {
        "div": "종합분석-1",
        "sub_title": "우수 점포 생산성",
        "ai_text": "대리점 채널이 유일한 우수 성과를 보여주고 있습니다. 점포당 매출(v+)이 391백만원으로 전년 220백만원 대비 177.9%의 탁월한 성장률을 기록했습니다.\n운영 점포 수는 2개에서 1개로 축소되었으나, 선택과 집중을 통한 효율성 극대화 전략이 성공적으로 작동하고 있습니다.\n대리점의 성공 요인은 입지 최적화와 운영 효율성 개선으로 분석되며, 다른 채널 개선의 벤치마킹 모델로 활용 가능합니다.\n이러한 성과는 MLB KIDS 브랜드의 대리점 운영 모델이 시장에서 경쟁력을 확보했음을 시사합니다."
      },
      {
        "div": "종합분석-2",
        "sub_title": "대응 필요 매장",
        "ai_text": "백화점 채널이 가장 심각한 상황으로, 점포당 매출(v+)이 31백만원으로 전년 32백만원 대비 96.8%로 감소했습니다. 61개 점포로 전체의 86%를 차지하는 주력 채널임에도 불구하고 효율성이 저하되고 있습니다.\n직영점은 점포당 매출(v+) 56백만원으로 전년 68백만원 대비 83.1%의 가장 큰 하락폭을 보이며, 5개 점포 운영에서 수익성 개선이 시급합니다.\n면세점은 256백만원의 높은 점포당 매출(v+)을 유지하고 있으나 전년 260백만원 대비 98.5%로 소폭 감소 추세입니다."
      },
      {
        "div": "종합분석-3",
        "sub_title": "AI 권장사항",
        "ai_text": "백화점 채널은 저효율 점포 선별을 통한 구조조정과 매장 면적 최적화, 상품 구성 개선을 통해 점포당 매출(v+) 40백만원 목표 달성을 추진해야 합니다.\n직영점은 대리점 성공 모델을 벤치마킹하여 입지 재평가 및 운영 방식 혁신을 통해 점포당 매출(v+) 70백만원 회복을 목표로 설정합니다.\n면세점은 인바운드 관광객 증가에 대응한 상품 라인업 강화와 디지털 마케팅 확대를 통해 현재 수준 유지 및 성장 동력 확보가 필요합니다.\n전 채널 대상으로 데이터 기반 매장 운영 시스템 도입과 정기적인 효율성 모니터링 체계 구축을 권장합니다."
      },
      {
        "div": "종합분석-4",
        "sub_title": "최적의 시나리오",
        "ai_text": "2025년 7월 목표로 백화점 점포당 매출(v+) 40백만원(29% 증가), 직영점 70백만원(25% 증가), 면세점 280백만원(9% 증가) 달성을 통해 전체 점포당 매출(v+) 58백만원(16% 증가)을 목표로 설정합니다.\n저효율 백화점 10개 점포 정리와 고효율 대리점 1개 추가 개설을 통해 총 62개 점포로 운영 최적화를 추진합니다.\n채널별 차별화된 상품 전략과 디지털 전환 가속화를 통해 브랜드 경쟁력을 강화하고, 분기별 성과 리뷰를 통한 지속적 개선 체계를 구축합니다.\n이를 통해 MLB KIDS 브랜드의 수익성과 시장 점유율을 동시에 향상시키는 지속 가능한 성장 모델을 완성합니다."
      }
    ]
  },
  "summary": {
    "total_shop_amt_cy": 50.0,
    "total_shop_amt_py": 51.0,
    "total_shop_cnt_cy": 71,
    "total_shop_cnt_py": 73,
    "yoy": 98.0,
    "unique_channels": 4,
    "analysis_period": "2023년 7월 vs 2024년 7월"
  },
  "channel_summary": {
    "백화점": {
      "shop_amt_cy": 31.0,
      "shop_amt_py": 32.0,
      "shop_cnt_cy": 61,
      "shop_cnt_py": 63,
      "yoy": 96.8
    },
    "대리점": {
      "shop_amt_cy": 391.0,
      "shop_amt_py": 220.0,
      "shop_cnt_cy": 1,
      "shop_cnt_py": 2,
      "yoy": 177.9
    },
    "직영점": {
      "shop_amt_cy": 56.0,
      "shop_amt_py": 68.0,
      "shop_cnt_cy": 5,
      "shop_cnt_py": 4,
      "yoy": 83.1
    },
    "면세점": {
      "shop_amt_cy": 256.0,
      "shop_amt_py": 260.0,
      "shop_cnt_cy": 4,
      "shop_cnt_py": 4,
      "yoy": 98.5
    }
  },
  "excellent_channels": [
    {
      "chnl_nm": "대리점",
      "shop_amt_cy": 391.0,
      "shop_amt_py": 220.0,
      "yoy": 177.9,
      "shop_cnt_cy": 1
    }
  ],
  "warning_channels": [
    {
      "chnl_nm": "백화점",
      "shop_amt_cy": 31.0,
      "shop_amt_py": 32.0,
      "yoy": 96.8,
      "shop_cnt_cy": 61
    },
    {
      "chnl_nm": "직영점",
      "shop_amt_cy": 56.0,
      "shop_amt_py": 68.0,
      "yoy": 83.1,
      "shop_cnt_cy": 5
    },
    {
      "chnl_nm": "면세점",
      "shop_amt_cy": 256.0,
      "shop_amt_py": 260.0,
      "yoy": 98.5,
      "shop_cnt_cy": 4
    }
  ],
  "raw_data": {
    "sample_records": [
      {
        "CHNL_NM": "백화점",
        "SHOP_CNT_CY": 61,
        "SHOP_CNT_PY": 63,
        "SHOP_AMT_CY": 31.0,
        "SHOP_AMT_PY": 32.0,
        "YOY": 96.8,
        "SEQ": 2
      },
      {
        "CHNL_NM": "대리점",
        "SHOP_CNT_CY": 1,
        "SHOP_CNT_PY": 2,
        "SHOP_AMT_CY": 391.0,
        "SHOP_AMT_PY": 220.0,
        "YOY": 177.9,
        "SEQ": 2
      },
      {
        "CHNL_NM": "직영점",
        "SHOP_CNT_CY": 5,
        "SHOP_CNT_PY": 4,
        "SHOP_AMT_CY": 56.0,
        "SHOP_AMT_PY": 68.0,
        "YOY": 83.1,
        "SEQ": 2
      },
      {
        "CHNL_NM": "면세점",
        "SHOP_CNT_CY": 4,
        "SHOP_CNT_PY": 4,
        "SHOP_AMT_CY": 256.0,
        "SHOP_AMT_PY": 260.0,
        "YOY": 98.5,
        "SEQ": 2
      },
      {
        "CHNL_NM": "전체",
        "SHOP_CNT_CY": 71,
        "SHOP_CNT_PY": 73,
        "SHOP_AMT_CY": 50.0,
        "SHOP_AMT_PY": 51.0,
        "YOY": 97.9,
        "SEQ": 1
      },
      {
        "CHNL_NM": "면세 제외",
        "SHOP_CNT_CY": 67,
        "SHOP_CNT_PY": 69,
        "SHOP_AMT_CY": 38.0,
        "SHOP_AMT_PY": 39.0,
        "YOY": 96.8,
        "SEQ": 3
      }
    ],
    "total_records_count": 6
  }
}