{
  "country": "KR",
  "brand_cd": "I",
  "brand_name": "MLB KIDS",
  "yyyymm": "202401",
  "yyyymm_py": "202301",
  "key": "월별채널별매출추세",
  "analysis_data": {
    "title": "채널별 매출 종합분석 (당해 1월~현재월)",
    "sections": [
      {
        "div": "종합분석-1",
        "sub_title": "주요 인사이트",
        "ai_text": "• 1월 최대 5,746백만원 - 동계 시즌 아이템(다운점퍼, 방한화) 집중 판매와 신학기 준비 수요로 백팩 매출 급증\n• 1월 최저 5,746백만원 - 단일 월 분석으로 최저점 동일, 겨울 성수기 특성상 양호한 매출 수준 유지\n• 분석기간 1개월로 회복 시점 없음 - 향후 2-3월 매출 추이 모니터링을 통한 계절성 변화 대응 필요"
      },
      {
        "div": "종합분석-2",
        "sub_title": "채널 트렌드",
        "ai_text": "• 백화점: 프리미엄 채널 포지셔닝 강화 - 전체 매출의 47.9%(2,752백만원) 기여, 백팩과 다운점퍼가 핵심 동력\n• 면세점: 해외 관광객 대상 액세서리 특화 - 22.4%(1,285백만원) 비중으로 크로스백(24%)과 다운점퍼(20%) 집중\n• 제휴몰: 온라인 플랫폼 백팩 집중 전략 - 10.4%(598백만원) 규모에서 백팩이 28% 압도적 비중 차지"
      },
      {
        "div": "종합분석-3",
        "sub_title": "전략 포인트",
        "ai_text": "• 백화점 채널 백팩-다운점퍼 연계 상품 기획으로 평균 객단가 상승 및 47.9% 점유율 확대 추진\n• 면세점 크로스백 중심의 액세서리 라인 강화로 22.4% 비중에서 고마진 상품 비율 증대\n• 제휴몰 백팩 28% 집중도 활용한 온라인 전용 백팩 시리즈 출시로 10.4% 채널 성장 가속화"
      }
    ]
  },
  "summary": {
    "total_sales": 5746.33,
    "unique_channels": 6,
    "unique_items": 56,
    "unique_months": 1,
    "analysis_period": "2024년 01월 ~ 2024년 01월"
  },
  "channel_summary": {
    "백화점": {
      "total_sales": 2751.73,
      "months": {
        "202401": 2751725590.0
      },
      "top_items": [
        {
          "class3": "백팩",
          "total_sales": 677.09
        },
        {
          "class3": "다운점퍼",
          "total_sales": 380.05
        },
        {
          "class3": "신발",
          "total_sales": 237.75
        },
        {
          "class3": "맨투맨",
          "total_sales": 197.99
        },
        {
          "class3": "점퍼",
          "total_sales": 174.96
        }
      ]
    },
    "면세점": {
      "total_sales": 1284.76,
      "months": {
        "202401": 1284764950.0
      },
      "top_items": [
        {
          "class3": "크로스백",
          "total_sales": 309.5
        },
        {
          "class3": "다운점퍼",
          "total_sales": 259.51
        },
        {
          "class3": "운동모",
          "total_sales": 101.03
        },
        {
          "class3": "백팩",
          "total_sales": 95.83
        },
        {
          "class3": "스니커즈",
          "total_sales": 90.45
        }
      ]
    },
    "제휴몰": {
      "total_sales": 598.22,
      "months": {
        "202401": 598221120.0
      },
      "top_items": [
        {
          "class3": "백팩",
          "total_sales": 164.57
        },
        {
          "class3": "다운점퍼",
          "total_sales": 103.48
        },
        {
          "class3": "맨투맨셋트",
          "total_sales": 51.0
        },
        {
          "class3": "방한화",
          "total_sales": 37.46
        },
        {
          "class3": "스니커즈",
          "total_sales": 34.43
        }
      ]
    },
    "대리점": {
      "total_sales": 470.55,
      "months": {
        "202401": 470554470.0
      },
      "top_items": [
        {
          "class3": "백팩",
          "total_sales": 122.08
        },
        {
          "class3": "다운점퍼",
          "total_sales": 58.45
        },
        {
          "class3": "신발",
          "total_sales": 46.92
        },
        {
          "class3": "맨투맨셋트",
          "total_sales": 37.98
        },
        {
          "class3": "맨투맨",
          "total_sales": 28.78
        }
      ]
    },
    "직영점": {
      "total_sales": 365.0,
      "months": {
        "202401": 365001860.0
      },
      "top_items": [
        {
          "class3": "백팩",
          "total_sales": 88.16
        },
        {
          "class3": "다운점퍼",
          "total_sales": 31.61
        },
        {
          "class3": "신발",
          "total_sales": 28.01
        },
        {
          "class3": "맨투맨",
          "total_sales": 27.33
        },
        {
          "class3": "운동모",
          "total_sales": 27.21
        }
      ]
    },
    "자사몰": {
      "total_sales": 276.06,
      "months": {
        "202401": 276062071.0
      },
      "top_items": [
        {
          "class3": "백팩",
          "total_sales": 102.01
        },
        {
          "class3": "다운점퍼",
          "total_sales": 37.79
        },
        {
          "class3": "맨투맨셋트",
          "total_sales": 26.99
        },
        {
          "class3": "보조가방",
          "total_sales": 13.99
        },
        {
          "class3": "맨투맨",
          "total_sales": 11.44
        }
      ]
    }
  },
  "raw_data": {
    "sample_records": [
      {
        "PST_YYYYMM": "202401",
        "CHNL_NM": "백화점",
        "CLASS3": "백팩",
        "SALE_AMT": 677085450.0,
        "SALE_RATIO": 25.0
      },
      {
        "PST_YYYYMM": "202401",
        "CHNL_NM": "백화점",
        "CLASS3": "다운점퍼",
        "SALE_AMT": 380050370.0,
        "SALE_RATIO": 14.0
      },
      {
        "PST_YYYYMM": "202401",
        "CHNL_NM": "백화점",
        "CLASS3": "신발",
        "SALE_AMT": 237748990.0,
        "SALE_RATIO": 9.0
      },
      {
        "PST_YYYYMM": "202401",
        "CHNL_NM": "백화점",
        "CLASS3": "맨투맨",
        "SALE_AMT": 197994300.0,
        "SALE_RATIO": 7.0
      },
      {
        "PST_YYYYMM": "202401",
        "CHNL_NM": "백화점",
        "CLASS3": "점퍼",
        "SALE_AMT": 174963830.0,
        "SALE_RATIO": 6.0
      },
      {
        "PST_YYYYMM": "202401",
        "CHNL_NM": "백화점",
        "CLASS3": "맨투맨셋트",
        "SALE_AMT": 172110620.0,
        "SALE_RATIO": 6.0
      },
      {
        "PST_YYYYMM": "202401",
        "CHNL_NM": "백화점",
        "CLASS3": "팬츠",
        "SALE_AMT": 111044060.0,
        "SALE_RATIO": 4.0
      },
      {
        "PST_YYYYMM": "202401",
        "CHNL_NM": "백화점",
        "CLASS3": "운동모",
        "SALE_AMT": 99421620.0,
        "SALE_RATIO": 4.0
      },
      {
        "PST_YYYYMM": "202401",
        "CHNL_NM": "백화점",
        "CLASS3": "스니커즈",
        "SALE_AMT": 98849300.0,
        "SALE_RATIO": 4.0
      },
      {
        "PST_YYYYMM": "202401",
        "CHNL_NM": "백화점",
        "CLASS3": "보조가방",
        "SALE_AMT": 96777620.0,
        "SALE_RATIO": 4.0
      },
      {
        "PST_YYYYMM": "202401",
        "CHNL_NM": "백화점",
        "CLASS3": "방한화",
        "SALE_AMT": 70916930.0,
        "SALE_RATIO": 3.0
      },
      {
        "PST_YYYYMM": "202401",
        "CHNL_NM": "백화점",
        "CLASS3": "크로스백",
        "SALE_AMT": 48022770.0,
        "SALE_RATIO": 2.0
      },
      {
        "PST_YYYYMM": "202401",
        "CHNL_NM": "백화점",
        "CLASS3": "후드티",
        "SALE_AMT": 46679490.0,
        "SALE_RATIO": 2.0
      },
      {
        "PST_YYYYMM": "202401",
        "CHNL_NM": "백화점",
        "CLASS3": "반팔티 & 스웨트팬츠",
        "SALE_AMT": 36147810.0,
        "SALE_RATIO": 1.0
      },
      {
        "PST_YYYYMM": "202401",
        "CHNL_NM": "백화점",
        "CLASS3": "우븐팬츠",
        "SALE_AMT": 28061700.0,
        "SALE_RATIO": 1.0
      },
      {
        "PST_YYYYMM": "202401",
        "CHNL_NM": "백화점",
        "CLASS3": "비니",
        "SALE_AMT": 27456660.0,
        "SALE_RATIO": 1.0
      },
      {
        "PST_YYYYMM": "202401",
        "CHNL_NM": "백화점",
        "CLASS3": "보드바지",
        "SALE_AMT": 22134020.0,
        "SALE_RATIO": 1.0
      },
      {
        "PST_YYYYMM": "202401",
        "CHNL_NM": "백화점",
        "CLASS3": "니트가디건",
        "SALE_AMT": 21804770.0,
        "SALE_RATIO": 1.0
      },
      {
        "PST_YYYYMM": "202401",
        "CHNL_NM": "백화점",
        "CLASS3": "폴라폴리스점퍼",
        "SALE_AMT": 21792740.0,
        "SALE_RATIO": 1.0
      },
      {
        "PST_YYYYMM": "202401",
        "CHNL_NM": "백화점",
        "CLASS3": "원피스",
        "SALE_AMT": 20783940.0,
        "SALE_RATIO": 1.0
      },
      {
        "PST_YYYYMM": "202401",
        "CHNL_NM": "백화점",
        "CLASS3": "방한모",
        "SALE_AMT": 20762420.0,
        "SALE_RATIO": 1.0
      },
      {
        "PST_YYYYMM": "202401",
        "CHNL_NM": "백화점",
        "CLASS3": "스커트",
        "SALE_AMT": 16975740.0,
        "SALE_RATIO": 1.0
      },
      {
        "PST_YYYYMM": "202401",
        "CHNL_NM": "백화점",
        "CLASS3": "양말",
        "SALE_AMT": 12619300.0,
        "SALE_RATIO": 0.0
      },
      {
        "PST_YYYYMM": "202401",
        "CHNL_NM": "백화점",
        "CLASS3": "반팔카라티셔츠",
        "SALE_AMT": 11383200.0,
        "SALE_RATIO": 0.0
      },
      {
        "PST_YYYYMM": "202401",
        "CHNL_NM": "백화점",
        "CLASS3": "슬링백",
        "SALE_AMT": 10501650.0,
        "SALE_RATIO": 0.0
      },
      {
        "PST_YYYYMM": "202401",
        "CHNL_NM": "백화점",
        "CLASS3": "런닝화",
        "SALE_AMT": 10408400.0,
        "SALE_RATIO": 0.0
      },
      {
        "PST_YYYYMM": "202401",
        "CHNL_NM": "백화점",
        "CLASS3": "방풍자켓",
        "SALE_AMT": 10105800.0,
        "SALE_RATIO": 0.0
      },
      {
        "PST_YYYYMM": "202401",
        "CHNL_NM": "백화점",
        "CLASS3": "장갑",
        "SALE_AMT": 9415180.0,
        "SALE_RATIO": 0.0
      },
      {
        "PST_YYYYMM": "202401",
        "CHNL_NM": "백화점",
        "CLASS3": "다운베스트",
        "SALE_AMT": 7663920.0,
        "SALE_RATIO": 0.0
      },
      {
        "PST_YYYYMM": "202401",
        "CHNL_NM": "백화점",
        "CLASS3": "햇",
        "SALE_AMT": 7035680.0,
        "SALE_RATIO": 0.0
      },
      {
        "PST_YYYYMM": "202401",
        "CHNL_NM": "백화점",
        "CLASS3": "트레이닝(상의)",
        "SALE_AMT": 5395520.0,
        "SALE_RATIO": 0.0
      },
      {
        "PST_YYYYMM": "202401",
        "CHNL_NM": "백화점",
        "CLASS3": "와이어캡",
        "SALE_AMT": 4788100.0,
        "SALE_RATIO": 0.0
      },
      {
        "PST_YYYYMM": "202401",
        "CHNL_NM": "백화점",
        "CLASS3": "진바지",
        "SALE_AMT": 4760610.0,
        "SALE_RATIO": 0.0
      },
      {
        "PST_YYYYMM": "202401",
        "CHNL_NM": "백화점",
        "CLASS3": "트레이닝(하의)",
        "SALE_AMT": 4297620.0,
        "SALE_RATIO": 0.0
      },
      {
        "PST_YYYYMM": "202401",
        "CHNL_NM": "백화점",
        "CLASS3": "레깅스",
        "SALE_AMT": 4181780.0,
        "SALE_RATIO": 0.0
      },
      {
        "PST_YYYYMM": "202401",
        "CHNL_NM": "백화점",
        "CLASS3": "기타",
        "SALE_AMT": 4124100.0,
        "SALE_RATIO": 0.0
      },
      {
        "PST_YYYYMM": "202401",
        "CHNL_NM": "백화점",
        "CLASS3": "머플러(스카프)",
        "SALE_AMT": 3720110.0,
        "SALE_RATIO": 0.0
      },
      {
        "PST_YYYYMM": "202401",
        "CHNL_NM": "백화점",
        "CLASS3": "PET",
        "SALE_AMT": 3382350.0,
        "SALE_RATIO": 0.0
      },
      {
        "PST_YYYYMM": "202401",
        "CHNL_NM": "백화점",
        "CLASS3": "가방",
        "SALE_AMT": 2884230.0,
        "SALE_RATIO": 0.0
      },
      {
        "PST_YYYYMM": "202401",
        "CHNL_NM": "백화점",
        "CLASS3": "힙색",
        "SALE_AMT": 2796490.0,
        "SALE_RATIO": 0.0
      },
      {
        "PST_YYYYMM": "202401",
        "CHNL_NM": "백화점",
        "CLASS3": "고글",
        "SALE_AMT": 1894600.0,
        "SALE_RATIO": 0.0
      },
      {
        "PST_YYYYMM": "202401",
        "CHNL_NM": "백화점",
        "CLASS3": "우븐셔츠",
        "SALE_AMT": 1807010.0,
        "SALE_RATIO": 0.0
      },
      {
        "PST_YYYYMM": "202401",
        "CHNL_NM": "백화점",
        "CLASS3": "진자켓",
        "SALE_AMT": 378100.0,
        "SALE_RATIO": 0.0
      },
      {
        "PST_YYYYMM": "202401",
        "CHNL_NM": "백화점",
        "CLASS3": "베이비",
        "SALE_AMT": 264000.0,
        "SALE_RATIO": 0.0
      },
      {
        "PST_YYYYMM": "202401",
        "CHNL_NM": "백화점",
        "CLASS3": "샌들",
        "SALE_AMT": 128000.0,
        "SALE_RATIO": 0.0
      },
      {
        "PST_YYYYMM": "202401",
        "CHNL_NM": "백화점",
        "CLASS3": "니트풀오버",
        "SALE_AMT": 119000.0,
        "SALE_RATIO": 0.0
      },
      {
        "PST_YYYYMM": "202401",
        "CHNL_NM": "백화점",
        "CLASS3": "반바지",
        "SALE_AMT": 102900.0,
        "SALE_RATIO": 0.0
      },
      {
        "PST_YYYYMM": "202401",
        "CHNL_NM": "백화점",
        "CLASS3": "뮬",
        "SALE_AMT": 34490.0,
        "SALE_RATIO": 0.0
      },
      {
        "PST_YYYYMM": "202401",
        "CHNL_NM": "백화점",
        "CLASS3": "슬리퍼",
        "SALE_AMT": 27300.0,
        "SALE_RATIO": 0.0
      },
      {
        "PST_YYYYMM": "202401",
        "CHNL_NM": "백화점",
        "CLASS3": "스윔웨어",
        "SALE_AMT": -79000.0,
        "SALE_RATIO": 0.0
      }
    ],
    "total_records_count": 271
  },
  "trend_data": {
    "trend_months": [
      "202401"
    ],
    "monthly_totals": [
      {
        "yyyymm": "202401",
        "total_amount": 5746.33
      }
    ],
    "monthly_details": [
      {
        "yyyymm": "202401",
        "chnl_nm": "백화점",
        "class3": "백팩",
        "sale_amt": 677.09,
        "sale_ratio": 25.0
      },
      {
        "yyyymm": "202401",
        "chnl_nm": "백화점",
        "class3": "다운점퍼",
        "sale_amt": 380.05,
        "sale_ratio": 14.0
      },
      {
        "yyyymm": "202401",
        "chnl_nm": "백화점",
        "class3": "신발",
        "sale_amt": 237.75,
        "sale_ratio": 9.0
      },
      {
        "yyyymm": "202401",
        "chnl_nm": "백화점",
        "class3": "맨투맨",
        "sale_amt": 197.99,
        "sale_ratio": 7.0
      },
      {
        "yyyymm": "202401",
        "chnl_nm": "백화점",
        "class3": "점퍼",
        "sale_amt": 174.96,
        "sale_ratio": 6.0
      },
      {
        "yyyymm": "202401",
        "chnl_nm": "백화점",
        "class3": "맨투맨셋트",
        "sale_amt": 172.11,
        "sale_ratio": 6.0
      },
      {
        "yyyymm": "202401",
        "chnl_nm": "백화점",
        "class3": "팬츠",
        "sale_amt": 111.04,
        "sale_ratio": 4.0
      },
      {
        "yyyymm": "202401",
        "chnl_nm": "백화점",
        "class3": "운동모",
        "sale_amt": 99.42,
        "sale_ratio": 4.0
      },
      {
        "yyyymm": "202401",
        "chnl_nm": "백화점",
        "class3": "스니커즈",
        "sale_amt": 98.85,
        "sale_ratio": 4.0
      },
      {
        "yyyymm": "202401",
        "chnl_nm": "백화점",
        "class3": "보조가방",
        "sale_amt": 96.78,
        "sale_ratio": 4.0
      },
      {
        "yyyymm": "202401",
        "chnl_nm": "백화점",
        "class3": "방한화",
        "sale_amt": 70.92,
        "sale_ratio": 3.0
      },
      {
        "yyyymm": "202401",
        "chnl_nm": "백화점",
        "class3": "크로스백",
        "sale_amt": 48.02,
        "sale_ratio": 2.0
      },
      {
        "yyyymm": "202401",
        "chnl_nm": "백화점",
        "class3": "후드티",
        "sale_amt": 46.68,
        "sale_ratio": 2.0
      },
      {
        "yyyymm": "202401",
        "chnl_nm": "백화점",
        "class3": "반팔티 & 스웨트팬츠",
        "sale_amt": 36.15,
        "sale_ratio": 1.0
      },
      {
        "yyyymm": "202401",
        "chnl_nm": "백화점",
        "class3": "우븐팬츠",
        "sale_amt": 28.06,
        "sale_ratio": 1.0
      },
      {
        "yyyymm": "202401",
        "chnl_nm": "백화점",
        "class3": "비니",
        "sale_amt": 27.46,
        "sale_ratio": 1.0
      },
      {
        "yyyymm": "202401",
        "chnl_nm": "백화점",
        "class3": "보드바지",
        "sale_amt": 22.13,
        "sale_ratio": 1.0
      },
      {
        "yyyymm": "202401",
        "chnl_nm": "백화점",
        "class3": "니트가디건",
        "sale_amt": 21.8,
        "sale_ratio": 1.0
      },
      {
        "yyyymm": "202401",
        "chnl_nm": "백화점",
        "class3": "폴라폴리스점퍼",
        "sale_amt": 21.79,
        "sale_ratio": 1.0
      },
      {
        "yyyymm": "202401",
        "chnl_nm": "백화점",
        "class3": "원피스",
        "sale_amt": 20.78,
        "sale_ratio": 1.0
      },
      {
        "yyyymm": "202401",
        "chnl_nm": "백화점",
        "class3": "방한모",
        "sale_amt": 20.76,
        "sale_ratio": 1.0
      },
      {
        "yyyymm": "202401",
        "chnl_nm": "백화점",
        "class3": "스커트",
        "sale_amt": 16.98,
        "sale_ratio": 1.0
      },
      {
        "yyyymm": "202401",
        "chnl_nm": "백화점",
        "class3": "양말",
        "sale_amt": 12.62,
        "sale_ratio": 0.0
      },
      {
        "yyyymm": "202401",
        "chnl_nm": "백화점",
        "class3": "반팔카라티셔츠",
        "sale_amt": 11.38,
        "sale_ratio": 0.0
      },
      {
        "yyyymm": "202401",
        "chnl_nm": "백화점",
        "class3": "슬링백",
        "sale_amt": 10.5,
        "sale_ratio": 0.0
      },
      {
        "yyyymm": "202401",
        "chnl_nm": "백화점",
        "class3": "런닝화",
        "sale_amt": 10.41,
        "sale_ratio": 0.0
      },
      {
        "yyyymm": "202401",
        "chnl_nm": "백화점",
        "class3": "방풍자켓",
        "sale_amt": 10.11,
        "sale_ratio": 0.0
      },
      {
        "yyyymm": "202401",
        "chnl_nm": "백화점",
        "class3": "장갑",
        "sale_amt": 9.42,
        "sale_ratio": 0.0
      },
      {
        "yyyymm": "202401",
        "chnl_nm": "백화점",
        "class3": "다운베스트",
        "sale_amt": 7.66,
        "sale_ratio": 0.0
      },
      {
        "yyyymm": "202401",
        "chnl_nm": "백화점",
        "class3": "햇",
        "sale_amt": 7.04,
        "sale_ratio": 0.0
      },
      {
        "yyyymm": "202401",
        "chnl_nm": "백화점",
        "class3": "트레이닝(상의)",
        "sale_amt": 5.4,
        "sale_ratio": 0.0
      },
      {
        "yyyymm": "202401",
        "chnl_nm": "백화점",
        "class3": "와이어캡",
        "sale_amt": 4.79,
        "sale_ratio": 0.0
      },
      {
        "yyyymm": "202401",
        "chnl_nm": "백화점",
        "class3": "진바지",
        "sale_amt": 4.76,
        "sale_ratio": 0.0
      },
      {
        "yyyymm": "202401",
        "chnl_nm": "백화점",
        "class3": "트레이닝(하의)",
        "sale_amt": 4.3,
        "sale_ratio": 0.0
      },
      {
        "yyyymm": "202401",
        "chnl_nm": "백화점",
        "class3": "레깅스",
        "sale_amt": 4.18,
        "sale_ratio": 0.0
      },
      {
        "yyyymm": "202401",
        "chnl_nm": "백화점",
        "class3": "기타",
        "sale_amt": 4.12,
        "sale_ratio": 0.0
      },
      {
        "yyyymm": "202401",
        "chnl_nm": "백화점",
        "class3": "머플러(스카프)",
        "sale_amt": 3.72,
        "sale_ratio": 0.0
      },
      {
        "yyyymm": "202401",
        "chnl_nm": "백화점",
        "class3": "PET",
        "sale_amt": 3.38,
        "sale_ratio": 0.0
      },
      {
        "yyyymm": "202401",
        "chnl_nm": "백화점",
        "class3": "가방",
        "sale_amt": 2.88,
        "sale_ratio": 0.0
      },
      {
        "yyyymm": "202401",
        "chnl_nm": "백화점",
        "class3": "힙색",
        "sale_amt": 2.8,
        "sale_ratio": 0.0
      },
      {
        "yyyymm": "202401",
        "chnl_nm": "백화점",
        "class3": "고글",
        "sale_amt": 1.89,
        "sale_ratio": 0.0
      },
      {
        "yyyymm": "202401",
        "chnl_nm": "백화점",
        "class3": "우븐셔츠",
        "sale_amt": 1.81,
        "sale_ratio": 0.0
      },
      {
        "yyyymm": "202401",
        "chnl_nm": "백화점",
        "class3": "진자켓",
        "sale_amt": 0.38,
        "sale_ratio": 0.0
      },
      {
        "yyyymm": "202401",
        "chnl_nm": "백화점",
        "class3": "베이비",
        "sale_amt": 0.26,
        "sale_ratio": 0.0
      },
      {
        "yyyymm": "202401",
        "chnl_nm": "백화점",
        "class3": "샌들",
        "sale_amt": 0.13,
        "sale_ratio": 0.0
      },
      {
        "yyyymm": "202401",
        "chnl_nm": "백화점",
        "class3": "니트풀오버",
        "sale_amt": 0.12,
        "sale_ratio": 0.0
      },
      {
        "yyyymm": "202401",
        "chnl_nm": "백화점",
        "class3": "반바지",
        "sale_amt": 0.1,
        "sale_ratio": 0.0
      },
      {
        "yyyymm": "202401",
        "chnl_nm": "백화점",
        "class3": "뮬",
        "sale_amt": 0.03,
        "sale_ratio": 0.0
      },
      {
        "yyyymm": "202401",
        "chnl_nm": "백화점",
        "class3": "슬리퍼",
        "sale_amt": 0.03,
        "sale_ratio": 0.0
      },
      {
        "yyyymm": "202401",
        "chnl_nm": "백화점",
        "class3": "스윔웨어",
        "sale_amt": -0.08,
        "sale_ratio": 0.0
      },
      {
        "yyyymm": "202401",
        "chnl_nm": "면세점",
        "class3": "크로스백",
        "sale_amt": 309.5,
        "sale_ratio": 24.0
      },
      {
        "yyyymm": "202401",
        "chnl_nm": "면세점",
        "class3": "다운점퍼",
        "sale_amt": 259.51,
        "sale_ratio": 20.0
      },
      {
        "yyyymm": "202401",
        "chnl_nm": "면세점",
        "class3": "운동모",
        "sale_amt": 101.03,
        "sale_ratio": 8.0
      },
      {
        "yyyymm": "202401",
        "chnl_nm": "면세점",
        "class3": "백팩",
        "sale_amt": 95.83,
        "sale_ratio": 7.0
      },
      {
        "yyyymm": "202401",
        "chnl_nm": "면세점",
        "class3": "스니커즈",
        "sale_amt": 90.45,
        "sale_ratio": 7.0
      },
      {
        "yyyymm": "202401",
        "chnl_nm": "면세점",
        "class3": "신발",
        "sale_amt": 87.13,
        "sale_ratio": 7.0
      },
      {
        "yyyymm": "202401",
        "chnl_nm": "면세점",
        "class3": "맨투맨",
        "sale_amt": 71.17,
        "sale_ratio": 6.0
      },
      {
        "yyyymm": "202401",
        "chnl_nm": "면세점",
        "class3": "맨투맨셋트",
        "sale_amt": 47.6,
        "sale_ratio": 4.0
      },
      {
        "yyyymm": "202401",
        "chnl_nm": "면세점",
        "class3": "비니",
        "sale_amt": 40.3,
        "sale_ratio": 3.0
      },
      {
        "yyyymm": "202401",
        "chnl_nm": "면세점",
        "class3": "점퍼",
        "sale_amt": 27.68,
        "sale_ratio": 2.0
      },
      {
        "yyyymm": "202401",
        "chnl_nm": "면세점",
        "class3": "팬츠",
        "sale_amt": 25.87,
        "sale_ratio": 2.0
      },
      {
        "yyyymm": "202401",
        "chnl_nm": "면세점",
        "class3": "후드티",
        "sale_amt": 19.19,
        "sale_ratio": 1.0
      },
      {
        "yyyymm": "202401",
        "chnl_nm": "면세점",
        "class3": "니트가디건",
        "sale_amt": 14.61,
        "sale_ratio": 1.0
      },
      {
        "yyyymm": "202401",
        "chnl_nm": "면세점",
        "class3": "보조가방",
        "sale_amt": 13.61,
        "sale_ratio": 1.0
      },
      {
        "yyyymm": "202401",
        "chnl_nm": "면세점",
        "class3": "반팔티 & 스웨트팬츠",
        "sale_amt": 12.96,
        "sale_ratio": 1.0
      },
      {
        "yyyymm": "202401",
        "chnl_nm": "면세점",
        "class3": "방한모",
        "sale_amt": 12.54,
        "sale_ratio": 1.0
      },
      {
        "yyyymm": "202401",
        "chnl_nm": "면세점",
        "class3": "폴라폴리스점퍼",
        "sale_amt": 10.8,
        "sale_ratio": 1.0
      },
      {
        "yyyymm": "202401",
        "chnl_nm": "면세점",
        "class3": "스커트",
        "sale_amt": 7.29,
        "sale_ratio": 1.0
      },
      {
        "yyyymm": "202401",
        "chnl_nm": "면세점",
        "class3": "방한화",
        "sale_amt": 5.64,
        "sale_ratio": 0.0
      },
      {
        "yyyymm": "202401",
        "chnl_nm": "면세점",
        "class3": "반팔카라티셔츠",
        "sale_amt": 5.31,
        "sale_ratio": 0.0
      },
      {
        "yyyymm": "202401",
        "chnl_nm": "면세점",
        "class3": "우븐팬츠",
        "sale_amt": 4.86,
        "sale_ratio": 0.0
      },
      {
        "yyyymm": "202401",
        "chnl_nm": "면세점",
        "class3": "햇",
        "sale_amt": 4.61,
        "sale_ratio": 0.0
      },
      {
        "yyyymm": "202401",
        "chnl_nm": "면세점",
        "class3": "양말",
        "sale_amt": 3.46,
        "sale_ratio": 0.0
      },
      {
        "yyyymm": "202401",
        "chnl_nm": "면세점",
        "class3": "머플러(스카프)",
        "sale_amt": 2.93,
        "sale_ratio": 0.0
      },
      {
        "yyyymm": "202401",
        "chnl_nm": "면세점",
        "class3": "원피스",
        "sale_amt": 2.66,
        "sale_ratio": 0.0
      },
      {
        "yyyymm": "202401",
        "chnl_nm": "면세점",
        "class3": "다운베스트",
        "sale_amt": 2.38,
        "sale_ratio": 0.0
      },
      {
        "yyyymm": "202401",
        "chnl_nm": "면세점",
        "class3": "와이어캡",
        "sale_amt": 1.52,
        "sale_ratio": 0.0
      },
      {
        "yyyymm": "202401",
        "chnl_nm": "면세점",
        "class3": "슬링백",
        "sale_amt": 1.41,
        "sale_ratio": 0.0
      },
      {
        "yyyymm": "202401",
        "chnl_nm": "면세점",
        "class3": "기타",
        "sale_amt": 0.84,
        "sale_ratio": 0.0
      },
      {
        "yyyymm": "202401",
        "chnl_nm": "면세점",
        "class3": "방풍자켓",
        "sale_amt": 0.64,
        "sale_ratio": 0.0
      },
      {
        "yyyymm": "202401",
        "chnl_nm": "면세점",
        "class3": "장갑",
        "sale_amt": 0.49,
        "sale_ratio": 0.0
      },
      {
        "yyyymm": "202401",
        "chnl_nm": "면세점",
        "class3": "우븐셔츠",
        "sale_amt": 0.28,
        "sale_ratio": 0.0
      },
      {
        "yyyymm": "202401",
        "chnl_nm": "면세점",
        "class3": "진바지",
        "sale_amt": 0.2,
        "sale_ratio": 0.0
      },
      {
        "yyyymm": "202401",
        "chnl_nm": "면세점",
        "class3": "레깅스",
        "sale_amt": 0.14,
        "sale_ratio": 0.0
      },
      {
        "yyyymm": "202401",
        "chnl_nm": "면세점",
        "class3": "런닝화",
        "sale_amt": 0.1,
        "sale_ratio": 0.0
      },
      {
        "yyyymm": "202401",
        "chnl_nm": "면세점",
        "class3": "트레이닝(상의)",
        "sale_amt": 0.1,
        "sale_ratio": 0.0
      },
      {
        "yyyymm": "202401",
        "chnl_nm": "면세점",
        "class3": "트레이닝(하의)",
        "sale_amt": 0.08,
        "sale_ratio": 0.0
      },
      {
        "yyyymm": "202401",
        "chnl_nm": "면세점",
        "class3": "베이비",
        "sale_amt": 0.06,
        "sale_ratio": 0.0
      },
      {
        "yyyymm": "202401",
        "chnl_nm": "제휴몰",
        "class3": "백팩",
        "sale_amt": 164.57,
        "sale_ratio": 28.0
      },
      {
        "yyyymm": "202401",
        "chnl_nm": "제휴몰",
        "class3": "다운점퍼",
        "sale_amt": 103.48,
        "sale_ratio": 17.0
      },
      {
        "yyyymm": "202401",
        "chnl_nm": "제휴몰",
        "class3": "맨투맨셋트",
        "sale_amt": 51.0,
        "sale_ratio": 9.0
      },
      {
        "yyyymm": "202401",
        "chnl_nm": "제휴몰",
        "class3": "방한화",
        "sale_amt": 37.46,
        "sale_ratio": 6.0
      },
      {
        "yyyymm": "202401",
        "chnl_nm": "제휴몰",
        "class3": "스니커즈",
        "sale_amt": 34.43,
        "sale_ratio": 6.0
      },
      {
        "yyyymm": "202401",
        "chnl_nm": "제휴몰",
        "class3": "맨투맨",
        "sale_amt": 28.28,
        "sale_ratio": 5.0
      },
      {
        "yyyymm": "202401",
        "chnl_nm": "제휴몰",
        "class3": "신발",
        "sale_amt": 28.19,
        "sale_ratio": 5.0
      },
      {
        "yyyymm": "202401",
        "chnl_nm": "제휴몰",
        "class3": "비니",
        "sale_amt": 17.98,
        "sale_ratio": 3.0
      },
      {
        "yyyymm": "202401",
        "chnl_nm": "제휴몰",
        "class3": "운동모",
        "sale_amt": 16.69,
        "sale_ratio": 3.0
      },
      {
        "yyyymm": "202401",
        "chnl_nm": "제휴몰",
        "class3": "방한모",
        "sale_amt": 15.19,
        "sale_ratio": 3.0
      },
      {
        "yyyymm": "202401",
        "chnl_nm": "제휴몰",
        "class3": "보조가방",
        "sale_amt": 14.86,
        "sale_ratio": 2.0
      },
      {
        "yyyymm": "202401",
        "chnl_nm": "제휴몰",
        "class3": "점퍼",
        "sale_amt": 12.23,
        "sale_ratio": 2.0
      },
      {
        "yyyymm": "202401",
        "chnl_nm": "제휴몰",
        "class3": "팬츠",
        "sale_amt": 11.32,
        "sale_ratio": 2.0
      },
      {
        "yyyymm": "202401",
        "chnl_nm": "제휴몰",
        "class3": "크로스백",
        "sale_amt": 10.94,
        "sale_ratio": 2.0
      },
      {
        "yyyymm": "202401",
        "chnl_nm": "제휴몰",
        "class3": "후드티",
        "sale_amt": 5.45,
        "sale_ratio": 1.0
      },
      {
        "yyyymm": "202401",
        "chnl_nm": "제휴몰",
        "class3": "반팔티 & 스웨트팬츠",
        "sale_amt": 5.01,
        "sale_ratio": 1.0
      },
      {
        "yyyymm": "202401",
        "chnl_nm": "제휴몰",
        "class3": "PET",
        "sale_amt": 4.5,
        "sale_ratio": 1.0
      },
      {
        "yyyymm": "202401",
        "chnl_nm": "제휴몰",
        "class3": "보드바지",
        "sale_amt": 3.66,
        "sale_ratio": 1.0
      },
      {
        "yyyymm": "202401",
        "chnl_nm": "제휴몰",
        "class3": "장갑",
        "sale_amt": 3.33,
        "sale_ratio": 1.0
      },
      {
        "yyyymm": "202401",
        "chnl_nm": "제휴몰",
        "class3": "스커트",
        "sale_amt": 3.26,
        "sale_ratio": 1.0
      },
      {
        "yyyymm": "202401",
        "chnl_nm": "제휴몰",
        "class3": "원피스",
        "sale_amt": 3.14,
        "sale_ratio": 1.0
      },
      {
        "yyyymm": "202401",
        "chnl_nm": "제휴몰",
        "class3": "슬링백",
        "sale_amt": 2.63,
        "sale_ratio": 0.0
      },
      {
        "yyyymm": "202401",
        "chnl_nm": "제휴몰",
        "class3": "진바지",
        "sale_amt": 2.55,
        "sale_ratio": 0.0
      },
      {
        "yyyymm": "202401",
        "chnl_nm": "제휴몰",
        "class3": "우븐팬츠",
        "sale_amt": 2.08,
        "sale_ratio": 0.0
      },
      {
        "yyyymm": "202401",
        "chnl_nm": "제휴몰",
        "class3": "반팔카라티셔츠",
        "sale_amt": 2.01,
        "sale_ratio": 0.0
      },
      {
        "yyyymm": "202401",
        "chnl_nm": "제휴몰",
        "class3": "기타",
        "sale_amt": 1.54,
        "sale_ratio": 0.0
      },
      {
        "yyyymm": "202401",
        "chnl_nm": "제휴몰",
        "class3": "폴라폴리스점퍼",
        "sale_amt": 1.44,
        "sale_ratio": 0.0
      },
      {
        "yyyymm": "202401",
        "chnl_nm": "제휴몰",
        "class3": "양말",
        "sale_amt": 1.42,
        "sale_ratio": 0.0
      },
      {
        "yyyymm": "202401",
        "chnl_nm": "제휴몰",
        "class3": "니트가디건",
        "sale_amt": 1.19,
        "sale_ratio": 0.0
      },
      {
        "yyyymm": "202401",
        "chnl_nm": "제휴몰",
        "class3": "니트풀오버",
        "sale_amt": 1.17,
        "sale_ratio": 0.0
      },
      {
        "yyyymm": "202401",
        "chnl_nm": "제휴몰",
        "class3": "힙색",
        "sale_amt": 1.07,
        "sale_ratio": 0.0
      },
      {
        "yyyymm": "202401",
        "chnl_nm": "제휴몰",
        "class3": "레깅스",
        "sale_amt": 0.97,
        "sale_ratio": 0.0
      },
      {
        "yyyymm": "202401",
        "chnl_nm": "제휴몰",
        "class3": "다운베스트",
        "sale_amt": 0.91,
        "sale_ratio": 0.0
      },
      {
        "yyyymm": "202401",
        "chnl_nm": "제휴몰",
        "class3": "햇",
        "sale_amt": 0.77,
        "sale_ratio": 0.0
      },
      {
        "yyyymm": "202401",
        "chnl_nm": "제휴몰",
        "class3": "방풍자켓",
        "sale_amt": 0.69,
        "sale_ratio": 0.0
      },
      {
        "yyyymm": "202401",
        "chnl_nm": "제휴몰",
        "class3": "가방",
        "sale_amt": 0.56,
        "sale_ratio": 0.0
      },
      {
        "yyyymm": "202401",
        "chnl_nm": "제휴몰",
        "class3": "진자켓",
        "sale_amt": 0.42,
        "sale_ratio": 0.0
      },
      {
        "yyyymm": "202401",
        "chnl_nm": "제휴몰",
        "class3": "머플러(스카프)",
        "sale_amt": 0.37,
        "sale_ratio": 0.0
      },
      {
        "yyyymm": "202401",
        "chnl_nm": "제휴몰",
        "class3": "트레이닝 세트",
        "sale_amt": 0.36,
        "sale_ratio": 0.0
      },
      {
        "yyyymm": "202401",
        "chnl_nm": "제휴몰",
        "class3": "와이어캡",
        "sale_amt": 0.25,
        "sale_ratio": 0.0
      },
      {
        "yyyymm": "202401",
        "chnl_nm": "제휴몰",
        "class3": "베이비",
        "sale_amt": 0.22,
        "sale_ratio": 0.0
      },
      {
        "yyyymm": "202401",
        "chnl_nm": "제휴몰",
        "class3": "런닝화",
        "sale_amt": 0.22,
        "sale_ratio": 0.0
      },
      {
        "yyyymm": "202401",
        "chnl_nm": "제휴몰",
        "class3": "트레이닝(하의)",
        "sale_amt": 0.18,
        "sale_ratio": 0.0
      },
      {
        "yyyymm": "202401",
        "chnl_nm": "제휴몰",
        "class3": "우븐셔츠",
        "sale_amt": 0.15,
        "sale_ratio": 0.0
      },
      {
        "yyyymm": "202401",
        "chnl_nm": "제휴몰",
        "class3": "고글",
        "sale_amt": 0.09,
        "sale_ratio": 0.0
      },
      {
        "yyyymm": "202401",
        "chnl_nm": "제휴몰",
        "class3": "샌들",
        "sale_amt": 0.0,
        "sale_ratio": 0.0
      },
      {
        "yyyymm": "202401",
        "chnl_nm": "제휴몰",
        "class3": "우븐반바지",
        "sale_amt": 0.0,
        "sale_ratio": 0.0
      },
      {
        "yyyymm": "202401",
        "chnl_nm": "제휴몰",
        "class3": "트레이닝(상의)",
        "sale_amt": 0.0,
        "sale_ratio": 0.0
      },
      {
        "yyyymm": "202401",
        "chnl_nm": "제휴몰",
        "class3": "선캡",
        "sale_amt": 0.0,
        "sale_ratio": 0.0
      },
      {
        "yyyymm": "202401",
        "chnl_nm": "제휴몰",
        "class3": "캔버스화",
        "sale_amt": 0.0,
        "sale_ratio": 0.0
      },
      {
        "yyyymm": "202401",
        "chnl_nm": "제휴몰",
        "class3": "스윔웨어",
        "sale_amt": 0.0,
        "sale_ratio": 0.0
      },
      {
        "yyyymm": "202401",
        "chnl_nm": "제휴몰",
        "class3": "반바지",
        "sale_amt": 0.0,
        "sale_ratio": 0.0
      },
      {
        "yyyymm": "202401",
        "chnl_nm": "대리점",
        "class3": "백팩",
        "sale_amt": 122.08,
        "sale_ratio": 26.0
      },
      {
        "yyyymm": "202401",
        "chnl_nm": "대리점",
        "class3": "다운점퍼",
        "sale_amt": 58.45,
        "sale_ratio": 12.0
      },
      {
        "yyyymm": "202401",
        "chnl_nm": "대리점",
        "class3": "신발",
        "sale_amt": 46.92,
        "sale_ratio": 10.0
      },
      {
        "yyyymm": "202401",
        "chnl_nm": "대리점",
        "class3": "맨투맨셋트",
        "sale_amt": 37.98,
        "sale_ratio": 8.0
      },
      {
        "yyyymm": "202401",
        "chnl_nm": "대리점",
        "class3": "맨투맨",
        "sale_amt": 28.78,
        "sale_ratio": 6.0
      },
      {
        "yyyymm": "202401",
        "chnl_nm": "대리점",
        "class3": "스니커즈",
        "sale_amt": 23.08,
        "sale_ratio": 5.0
      },
      {
        "yyyymm": "202401",
        "chnl_nm": "대리점",
        "class3": "운동모",
        "sale_amt": 21.88,
        "sale_ratio": 5.0
      },
      {
        "yyyymm": "202401",
        "chnl_nm": "대리점",
        "class3": "팬츠",
        "sale_amt": 19.34,
        "sale_ratio": 4.0
      },
      {
        "yyyymm": "202401",
        "chnl_nm": "대리점",
        "class3": "보조가방",
        "sale_amt": 18.02,
        "sale_ratio": 4.0
      },
      {
        "yyyymm": "202401",
        "chnl_nm": "대리점",
        "class3": "점퍼",
        "sale_amt": 17.47,
        "sale_ratio": 4.0
      },
      {
        "yyyymm": "202401",
        "chnl_nm": "대리점",
        "class3": "반팔티 & 스웨트팬츠",
        "sale_amt": 11.33,
        "sale_ratio": 2.0
      },
      {
        "yyyymm": "202401",
        "chnl_nm": "대리점",
        "class3": "폴라폴리스점퍼",
        "sale_amt": 9.32,
        "sale_ratio": 2.0
      },
      {
        "yyyymm": "202401",
        "chnl_nm": "대리점",
        "class3": "비니",
        "sale_amt": 8.12,
        "sale_ratio": 2.0
      },
      {
        "yyyymm": "202401",
        "chnl_nm": "대리점",
        "class3": "크로스백",
        "sale_amt": 7.55,
        "sale_ratio": 2.0
      },
      {
        "yyyymm": "202401",
        "chnl_nm": "대리점",
        "class3": "방한화",
        "sale_amt": 5.83,
        "sale_ratio": 1.0
      },
      {
        "yyyymm": "202401",
        "chnl_nm": "대리점",
        "class3": "방한모",
        "sale_amt": 5.75,
        "sale_ratio": 1.0
      },
      {
        "yyyymm": "202401",
        "chnl_nm": "대리점",
        "class3": "슬링백",
        "sale_amt": 4.78,
        "sale_ratio": 1.0
      },
      {
        "yyyymm": "202401",
        "chnl_nm": "대리점",
        "class3": "후드티",
        "sale_amt": 4.29,
        "sale_ratio": 1.0
      },
      {
        "yyyymm": "202401",
        "chnl_nm": "대리점",
        "class3": "우븐팬츠",
        "sale_amt": 3.43,
        "sale_ratio": 1.0
      },
      {
        "yyyymm": "202401",
        "chnl_nm": "대리점",
        "class3": "원피스",
        "sale_amt": 3.12,
        "sale_ratio": 1.0
      },
      {
        "yyyymm": "202401",
        "chnl_nm": "대리점",
        "class3": "양말",
        "sale_amt": 1.65,
        "sale_ratio": 0.0
      },
      {
        "yyyymm": "202401",
        "chnl_nm": "대리점",
        "class3": "반팔카라티셔츠",
        "sale_amt": 1.6,
        "sale_ratio": 0.0
      },
      {
        "yyyymm": "202401",
        "chnl_nm": "대리점",
        "class3": "햇",
        "sale_amt": 1.44,
        "sale_ratio": 0.0
      },
      {
        "yyyymm": "202401",
        "chnl_nm": "대리점",
        "class3": "다운베스트",
        "sale_amt": 1.36,
        "sale_ratio": 0.0
      },
      {
        "yyyymm": "202401",
        "chnl_nm": "대리점",
        "class3": "스커트",
        "sale_amt": 1.35,
        "sale_ratio": 0.0
      },
      {
        "yyyymm": "202401",
        "chnl_nm": "대리점",
        "class3": "런닝화",
        "sale_amt": 1.22,
        "sale_ratio": 0.0
      },
      {
        "yyyymm": "202401",
        "chnl_nm": "대리점",
        "class3": "니트가디건",
        "sale_amt": 1.09,
        "sale_ratio": 0.0
      },
      {
        "yyyymm": "202401",
        "chnl_nm": "대리점",
        "class3": "방풍자켓",
        "sale_amt": 0.55,
        "sale_ratio": 0.0
      },
      {
        "yyyymm": "202401",
        "chnl_nm": "대리점",
        "class3": "머플러(스카프)",
        "sale_amt": 0.52,
        "sale_ratio": 0.0
      },
      {
        "yyyymm": "202401",
        "chnl_nm": "대리점",
        "class3": "장갑",
        "sale_amt": 0.42,
        "sale_ratio": 0.0
      },
      {
        "yyyymm": "202401",
        "chnl_nm": "대리점",
        "class3": "가방",
        "sale_amt": 0.39,
        "sale_ratio": 0.0
      },
      {
        "yyyymm": "202401",
        "chnl_nm": "대리점",
        "class3": "레깅스",
        "sale_amt": 0.38,
        "sale_ratio": 0.0
      },
      {
        "yyyymm": "202401",
        "chnl_nm": "대리점",
        "class3": "기타",
        "sale_amt": 0.35,
        "sale_ratio": 0.0
      },
      {
        "yyyymm": "202401",
        "chnl_nm": "대리점",
        "class3": "힙색",
        "sale_amt": 0.27,
        "sale_ratio": 0.0
      },
      {
        "yyyymm": "202401",
        "chnl_nm": "대리점",
        "class3": "PET",
        "sale_amt": 0.22,
        "sale_ratio": 0.0
      },
      {
        "yyyymm": "202401",
        "chnl_nm": "대리점",
        "class3": "베이비",
        "sale_amt": 0.2,
        "sale_ratio": 0.0
      },
      {
        "yyyymm": "202401",
        "chnl_nm": "대리점",
        "class3": "보드바지",
        "sale_amt": 0.14,
        "sale_ratio": 0.0
      },
      {
        "yyyymm": "202401",
        "chnl_nm": "대리점",
        "class3": "와이어캡",
        "sale_amt": 0.1,
        "sale_ratio": 0.0
      },
      {
        "yyyymm": "202401",
        "chnl_nm": "대리점",
        "class3": "우븐셔츠",
        "sale_amt": 0.0,
        "sale_ratio": 0.0
      },
      {
        "yyyymm": "202401",
        "chnl_nm": "대리점",
        "class3": "쇼핑백",
        "sale_amt": 0.0,
        "sale_ratio": 0.0
      },
      {
        "yyyymm": "202401",
        "chnl_nm": "대리점",
        "class3": "선물박스",
        "sale_amt": 0.0,
        "sale_ratio": 0.0
      },
      {
        "yyyymm": "202401",
        "chnl_nm": "대리점",
        "class3": "반바지",
        "sale_amt": -0.02,
        "sale_ratio": 0.0
      },
      {
        "yyyymm": "202401",
        "chnl_nm": "대리점",
        "class3": "우븐반바지",
        "sale_amt": -0.04,
        "sale_ratio": 0.0
      },
      {
        "yyyymm": "202401",
        "chnl_nm": "대리점",
        "class3": "진바지",
        "sale_amt": -0.17,
        "sale_ratio": 0.0
      },
      {
        "yyyymm": "202401",
        "chnl_nm": "직영점",
        "class3": "백팩",
        "sale_amt": 88.16,
        "sale_ratio": 24.0
      },
      {
        "yyyymm": "202401",
        "chnl_nm": "직영점",
        "class3": "다운점퍼",
        "sale_amt": 31.61,
        "sale_ratio": 9.0
      },
      {
        "yyyymm": "202401",
        "chnl_nm": "직영점",
        "class3": "신발",
        "sale_amt": 28.01,
        "sale_ratio": 8.0
      },
      {
        "yyyymm": "202401",
        "chnl_nm": "직영점",
        "class3": "맨투맨",
        "sale_amt": 27.33,
        "sale_ratio": 7.0
      },
      {
        "yyyymm": "202401",
        "chnl_nm": "직영점",
        "class3": "운동모",
        "sale_amt": 27.21,
        "sale_ratio": 7.0
      },
      {
        "yyyymm": "202401",
        "chnl_nm": "직영점",
        "class3": "맨투맨셋트",
        "sale_amt": 18.87,
        "sale_ratio": 5.0
      },
      {
        "yyyymm": "202401",
        "chnl_nm": "직영점",
        "class3": "점퍼",
        "sale_amt": 18.58,
        "sale_ratio": 5.0
      },
      {
        "yyyymm": "202401",
        "chnl_nm": "직영점",
        "class3": "스니커즈",
        "sale_amt": 16.61,
        "sale_ratio": 5.0
      },
      {
        "yyyymm": "202401",
        "chnl_nm": "직영점",
        "class3": "PET",
        "sale_amt": 12.69,
        "sale_ratio": 3.0
      },
      {
        "yyyymm": "202401",
        "chnl_nm": "직영점",
        "class3": "팬츠",
        "sale_amt": 10.41,
        "sale_ratio": 3.0
      },
      {
        "yyyymm": "202401",
        "chnl_nm": "직영점",
        "class3": "방한화",
        "sale_amt": 8.75,
        "sale_ratio": 2.0
      },
      {
        "yyyymm": "202401",
        "chnl_nm": "직영점",
        "class3": "보조가방",
        "sale_amt": 8.35,
        "sale_ratio": 2.0
      },
      {
        "yyyymm": "202401",
        "chnl_nm": "직영점",
        "class3": "비니",
        "sale_amt": 8.16,
        "sale_ratio": 2.0
      },
      {
        "yyyymm": "202401",
        "chnl_nm": "직영점",
        "class3": "크로스백",
        "sale_amt": 5.62,
        "sale_ratio": 2.0
      },
      {
        "yyyymm": "202401",
        "chnl_nm": "직영점",
        "class3": "방한모",
        "sale_amt": 4.97,
        "sale_ratio": 1.0
      },
      {
        "yyyymm": "202401",
        "chnl_nm": "직영점",
        "class3": "후드티",
        "sale_amt": 4.87,
        "sale_ratio": 1.0
      },
      {
        "yyyymm": "202401",
        "chnl_nm": "직영점",
        "class3": "니트가디건",
        "sale_amt": 4.8,
        "sale_ratio": 1.0
      },
      {
        "yyyymm": "202401",
        "chnl_nm": "직영점",
        "class3": "반팔티 & 스웨트팬츠",
        "sale_amt": 4.7,
        "sale_ratio": 1.0
      },
      {
        "yyyymm": "202401",
        "chnl_nm": "직영점",
        "class3": "원피스",
        "sale_amt": 4.14,
        "sale_ratio": 1.0
      },
      {
        "yyyymm": "202401",
        "chnl_nm": "직영점",
        "class3": "스커트",
        "sale_amt": 3.89,
        "sale_ratio": 1.0
      },
      {
        "yyyymm": "202401",
        "chnl_nm": "직영점",
        "class3": "우븐팬츠",
        "sale_amt": 3.29,
        "sale_ratio": 1.0
      },
      {
        "yyyymm": "202401",
        "chnl_nm": "직영점",
        "class3": "슬링백",
        "sale_amt": 3.21,
        "sale_ratio": 1.0
      },
      {
        "yyyymm": "202401",
        "chnl_nm": "직영점",
        "class3": "보드바지",
        "sale_amt": 3.15,
        "sale_ratio": 1.0
      },
      {
        "yyyymm": "202401",
        "chnl_nm": "직영점",
        "class3": "반팔카라티셔츠",
        "sale_amt": 2.19,
        "sale_ratio": 1.0
      },
      {
        "yyyymm": "202401",
        "chnl_nm": "직영점",
        "class3": "와이어캡",
        "sale_amt": 1.82,
        "sale_ratio": 0.0
      },
      {
        "yyyymm": "202401",
        "chnl_nm": "직영점",
        "class3": "런닝화",
        "sale_amt": 1.72,
        "sale_ratio": 0.0
      },
      {
        "yyyymm": "202401",
        "chnl_nm": "직영점",
        "class3": "폴라폴리스점퍼",
        "sale_amt": 1.68,
        "sale_ratio": 0.0
      },
      {
        "yyyymm": "202401",
        "chnl_nm": "직영점",
        "class3": "햇",
        "sale_amt": 1.66,
        "sale_ratio": 0.0
      },
      {
        "yyyymm": "202401",
        "chnl_nm": "직영점",
        "class3": "양말",
        "sale_amt": 1.25,
        "sale_ratio": 0.0
      },
      {
        "yyyymm": "202401",
        "chnl_nm": "직영점",
        "class3": "방풍자켓",
        "sale_amt": 0.96,
        "sale_ratio": 0.0
      },
      {
        "yyyymm": "202401",
        "chnl_nm": "직영점",
        "class3": "장갑",
        "sale_amt": 0.95,
        "sale_ratio": 0.0
      },
      {
        "yyyymm": "202401",
        "chnl_nm": "직영점",
        "class3": "트레이닝(상의)",
        "sale_amt": 0.77,
        "sale_ratio": 0.0
      },
      {
        "yyyymm": "202401",
        "chnl_nm": "직영점",
        "class3": "트레이닝(하의)",
        "sale_amt": 0.62,
        "sale_ratio": 0.0
      },
      {
        "yyyymm": "202401",
        "chnl_nm": "직영점",
        "class3": "진자켓",
        "sale_amt": 0.56,
        "sale_ratio": 0.0
      },
      {
        "yyyymm": "202401",
        "chnl_nm": "직영점",
        "class3": "레깅스",
        "sale_amt": 0.55,
        "sale_ratio": 0.0
      },
      {
        "yyyymm": "202401",
        "chnl_nm": "직영점",
        "class3": "기타",
        "sale_amt": 0.52,
        "sale_ratio": 0.0
      },
      {
        "yyyymm": "202401",
        "chnl_nm": "직영점",
        "class3": "베이비",
        "sale_amt": 0.49,
        "sale_ratio": 0.0
      },
      {
        "yyyymm": "202401",
        "chnl_nm": "직영점",
        "class3": "진바지",
        "sale_amt": 0.49,
        "sale_ratio": 0.0
      },
      {
        "yyyymm": "202401",
        "chnl_nm": "직영점",
        "class3": "가방",
        "sale_amt": 0.42,
        "sale_ratio": 0.0
      },
      {
        "yyyymm": "202401",
        "chnl_nm": "직영점",
        "class3": "다운베스트",
        "sale_amt": 0.33,
        "sale_ratio": 0.0
      },
      {
        "yyyymm": "202401",
        "chnl_nm": "직영점",
        "class3": "힙색",
        "sale_amt": 0.32,
        "sale_ratio": 0.0
      },
      {
        "yyyymm": "202401",
        "chnl_nm": "직영점",
        "class3": "고글",
        "sale_amt": 0.16,
        "sale_ratio": 0.0
      },
      {
        "yyyymm": "202401",
        "chnl_nm": "직영점",
        "class3": "우븐셔츠",
        "sale_amt": 0.14,
        "sale_ratio": 0.0
      },
      {
        "yyyymm": "202401",
        "chnl_nm": "자사몰",
        "class3": "백팩",
        "sale_amt": 102.01,
        "sale_ratio": 37.0
      },
      {
        "yyyymm": "202401",
        "chnl_nm": "자사몰",
        "class3": "다운점퍼",
        "sale_amt": 37.79,
        "sale_ratio": 14.0
      },
      {
        "yyyymm": "202401",
        "chnl_nm": "자사몰",
        "class3": "맨투맨셋트",
        "sale_amt": 26.99,
        "sale_ratio": 10.0
      },
      {
        "yyyymm": "202401",
        "chnl_nm": "자사몰",
        "class3": "보조가방",
        "sale_amt": 13.99,
        "sale_ratio": 5.0
      },
      {
        "yyyymm": "202401",
        "chnl_nm": "자사몰",
        "class3": "맨투맨",
        "sale_amt": 11.44,
        "sale_ratio": 4.0
      },
      {
        "yyyymm": "202401",
        "chnl_nm": "자사몰",
        "class3": "스니커즈",
        "sale_amt": 10.26,
        "sale_ratio": 4.0
      },
      {
        "yyyymm": "202401",
        "chnl_nm": "자사몰",
        "class3": "방한화",
        "sale_amt": 9.04,
        "sale_ratio": 3.0
      },
      {
        "yyyymm": "202401",
        "chnl_nm": "자사몰",
        "class3": "운동모",
        "sale_amt": 7.73,
        "sale_ratio": 3.0
      },
      {
        "yyyymm": "202401",
        "chnl_nm": "자사몰",
        "class3": "신발",
        "sale_amt": 7.52,
        "sale_ratio": 3.0
      },
      {
        "yyyymm": "202401",
        "chnl_nm": "자사몰",
        "class3": "팬츠",
        "sale_amt": 5.21,
        "sale_ratio": 2.0
      },
      {
        "yyyymm": "202401",
        "chnl_nm": "자사몰",
        "class3": "크로스백",
        "sale_amt": 5.16,
        "sale_ratio": 2.0
      },
      {
        "yyyymm": "202401",
        "chnl_nm": "자사몰",
        "class3": "반팔티 & 스웨트팬츠",
        "sale_amt": 4.07,
        "sale_ratio": 1.0
      },
      {
        "yyyymm": "202401",
        "chnl_nm": "자사몰",
        "class3": "점퍼",
        "sale_amt": 3.92,
        "sale_ratio": 1.0
      },
      {
        "yyyymm": "202401",
        "chnl_nm": "자사몰",
        "class3": "비니",
        "sale_amt": 3.55,
        "sale_ratio": 1.0
      },
      {
        "yyyymm": "202401",
        "chnl_nm": "자사몰",
        "class3": "원피스",
        "sale_amt": 2.69,
        "sale_ratio": 1.0
      },
      {
        "yyyymm": "202401",
        "chnl_nm": "자사몰",
        "class3": "방한모",
        "sale_amt": 2.55,
        "sale_ratio": 1.0
      },
      {
        "yyyymm": "202401",
        "chnl_nm": "자사몰",
        "class3": "PET",
        "sale_amt": 2.26,
        "sale_ratio": 1.0
      },
      {
        "yyyymm": "202401",
        "chnl_nm": "자사몰",
        "class3": "후드티",
        "sale_amt": 2.01,
        "sale_ratio": 1.0
      },
      {
        "yyyymm": "202401",
        "chnl_nm": "자사몰",
        "class3": "스커트",
        "sale_amt": 1.63,
        "sale_ratio": 1.0
      },
      {
        "yyyymm": "202401",
        "chnl_nm": "자사몰",
        "class3": "슬링백",
        "sale_amt": 1.4,
        "sale_ratio": 1.0
      },
      {
        "yyyymm": "202401",
        "chnl_nm": "자사몰",
        "class3": "양말",
        "sale_amt": 1.37,
        "sale_ratio": 0.0
      },
      {
        "yyyymm": "202401",
        "chnl_nm": "자사몰",
        "class3": "방풍자켓",
        "sale_amt": 1.34,
        "sale_ratio": 0.0
      },
      {
        "yyyymm": "202401",
        "chnl_nm": "자사몰",
        "class3": "니트가디건",
        "sale_amt": 1.31,
        "sale_ratio": 0.0
      },
      {
        "yyyymm": "202401",
        "chnl_nm": "자사몰",
        "class3": "반팔카라티셔츠",
        "sale_amt": 1.28,
        "sale_ratio": 0.0
      },
      {
        "yyyymm": "202401",
        "chnl_nm": "자사몰",
        "class3": "우븐팬츠",
        "sale_amt": 1.27,
        "sale_ratio": 0.0
      },
      {
        "yyyymm": "202401",
        "chnl_nm": "자사몰",
        "class3": "폴라폴리스점퍼",
        "sale_amt": 1.09,
        "sale_ratio": 0.0
      },
      {
        "yyyymm": "202401",
        "chnl_nm": "자사몰",
        "class3": "진바지",
        "sale_amt": 1.06,
        "sale_ratio": 0.0
      },
      {
        "yyyymm": "202401",
        "chnl_nm": "자사몰",
        "class3": "보드바지",
        "sale_amt": 0.9,
        "sale_ratio": 0.0
      },
      {
        "yyyymm": "202401",
        "chnl_nm": "자사몰",
        "class3": "진자켓",
        "sale_amt": 0.84,
        "sale_ratio": 0.0
      },
      {
        "yyyymm": "202401",
        "chnl_nm": "자사몰",
        "class3": "니트풀오버",
        "sale_amt": 0.56,
        "sale_ratio": 0.0
      },
      {
        "yyyymm": "202401",
        "chnl_nm": "자사몰",
        "class3": "다운베스트",
        "sale_amt": 0.55,
        "sale_ratio": 0.0
      },
      {
        "yyyymm": "202401",
        "chnl_nm": "자사몰",
        "class3": "장갑",
        "sale_amt": 0.43,
        "sale_ratio": 0.0
      },
      {
        "yyyymm": "202401",
        "chnl_nm": "자사몰",
        "class3": "와이어캡",
        "sale_amt": 0.41,
        "sale_ratio": 0.0
      },
      {
        "yyyymm": "202401",
        "chnl_nm": "자사몰",
        "class3": "레깅스",
        "sale_amt": 0.41,
        "sale_ratio": 0.0
      },
      {
        "yyyymm": "202401",
        "chnl_nm": "자사몰",
        "class3": "햇",
        "sale_amt": 0.39,
        "sale_ratio": 0.0
      },
      {
        "yyyymm": "202401",
        "chnl_nm": "자사몰",
        "class3": "트레이닝 세트",
        "sale_amt": 0.28,
        "sale_ratio": 0.0
      },
      {
        "yyyymm": "202401",
        "chnl_nm": "자사몰",
        "class3": "힙색",
        "sale_amt": 0.27,
        "sale_ratio": 0.0
      },
      {
        "yyyymm": "202401",
        "chnl_nm": "자사몰",
        "class3": "가방",
        "sale_amt": 0.27,
        "sale_ratio": 0.0
      },
      {
        "yyyymm": "202401",
        "chnl_nm": "자사몰",
        "class3": "우븐셔츠",
        "sale_amt": 0.23,
        "sale_ratio": 0.0
      },
      {
        "yyyymm": "202401",
        "chnl_nm": "자사몰",
        "class3": "머플러(스카프)",
        "sale_amt": 0.2,
        "sale_ratio": 0.0
      },
      {
        "yyyymm": "202401",
        "chnl_nm": "자사몰",
        "class3": "런닝화",
        "sale_amt": 0.17,
        "sale_ratio": 0.0
      },
      {
        "yyyymm": "202401",
        "chnl_nm": "자사몰",
        "class3": "기타",
        "sale_amt": 0.08,
        "sale_ratio": 0.0
      },
      {
        "yyyymm": "202401",
        "chnl_nm": "자사몰",
        "class3": "고글",
        "sale_amt": 0.07,
        "sale_ratio": 0.0
      },
      {
        "yyyymm": "202401",
        "chnl_nm": "자사몰",
        "class3": "샌들",
        "sale_amt": 0.07,
        "sale_ratio": 0.0
      }
    ]
  }
}