{
  "country": "KR",
  "brand_cd": "X",
  "brand_name": "DISCOVERY",
  "yyyymm": "202404",
  "yyyymm_py": "202304",
  "key": "매장효율성",
  "sub_key": "종합분석",
  "analysis_data": {
    "title": "매장효율성 종합분석",
    "sections": [
      {
        "div": "종합분석-1",
        "sub_title": "우수 점포 생산성",
        "ai_text": "면세점 채널이 유일한 우수 성과를 기록하며 점포당 매출이 184백만원으로 전년(122백만원) 대비 151.1% 달성했습니다.\n5개 점포 규모로 소수정예 운영이지만 점포당 매출이 전체 평균(107백만원)의 1.7배에 달하는 탁월한 효율성을 보여줍니다.\n면세점의 고객 특성(관광객, 고소득층)과 브랜드 포지셔닝이 적절히 매칭되어 프리미엄 가격 정책이 성공적으로 작동하고 있습니다.\n이는 타 채널 대비 62% 높은 성과로 DISCOVERY 브랜드의 고급화 전략 방향성을 검증하는 핵심 사례입니다."
      },
      {
        "div": "종합분석-2",
        "sub_title": "대응 필요 매장",
        "ai_text": "직영점이 가장 심각한 상황으로 점포당 매출이 127백만원에서 101백만원으로 79.6% 급락했습니다.\n대리점(133개소)은 점포당 매출 86백만원으로 최저 수준이며 전년(96백만원) 대비 89.1%로 악화되었습니다.\n아울렛은 점포당 매출 204백만원으로 높지만 전년(227백만원) 대비 89.7%로 하락세이며, 점포 수는 28개에서 34개로 확장했습니다.\n백화점(98개소)도 점포당 매출이 107백만원에서 99백만원으로 93.3% 감소하여 전반적인 매장 효율성 저하가 우려됩니다."
      },
      {
        "div": "종합분석-3",
        "sub_title": "AI 권장사항",
        "ai_text": "면세점 성공 모델을 백화점과 아울렛에 적용하여 VIP 고객 대상 프리미엄 서비스와 한정판 상품 전략을 도입해야 합니다.\n대리점 133개소는 점포당 매출 86백만원으로 최저이므로 저성과 매장 20% 정리하고 우수 입지 재배치를 통한 선택과 집중이 필요합니다.\n직영점 8개소는 브랜드 플래그십 역할 강화를 위해 체험형 매장으로 전환하고 온라인 연계 O2O 서비스를 확대해야 합니다.\n전체적으로 점포 수 확장(266개→278개)보다는 점포당 매출 향상에 집중하여 115백만원 수준 회복을 목표로 설정해야 합니다."
      },
      {
        "div": "종합분석-4",
        "sub_title": "최적의 시나리오",
        "ai_text": "2024년 하반기까지 점포당 매출을 현재 107백만원에서 120백만원으로 12% 향상시켜 전년 수준(115백만원)을 상회하는 것이 목표입니다.\n면세점 모델을 확산하여 백화점과 아울렛의 점포당 매출을 각각 110백만원, 220백만원으로 개선하고 대리점은 선별적 운영으로 100백만원 달성을 추진합니다.\n직영점은 8개소를 플래그십 스토어로 전환하여 점포당 매출 130백만원 달성과 함께 브랜드 가치 제고 역할을 수행합니다.\n전체 점포 수는 278개에서 260개로 조정하되 총 매출은 유지하여 매장 운영 효율성을 극대화하는 것이 최적 시나리오입니다."
      }
    ]
  },
  "summary": {
    "total_shop_amt_cy": 107.0,
    "total_shop_amt_py": 115.0,
    "total_shop_cnt_cy": 278,
    "total_shop_cnt_py": 266,
    "yoy": 93.0,
    "unique_channels": 5,
    "analysis_period": "2023년 4월 vs 2024년 4월"
  },
  "channel_summary": {
    "백화점": {
      "shop_amt_cy": 99.0,
      "shop_amt_py": 107.0,
      "shop_cnt_cy": 98,
      "shop_cnt_py": 94,
      "yoy": 93.3
    },
    "대리점": {
      "shop_amt_cy": 86.0,
      "shop_amt_py": 96.0,
      "shop_cnt_cy": 133,
      "shop_cnt_py": 132,
      "yoy": 89.1
    },
    "직영점": {
      "shop_amt_cy": 101.0,
      "shop_amt_py": 127.0,
      "shop_cnt_cy": 8,
      "shop_cnt_py": 7,
      "yoy": 79.6
    },
    "면세점": {
      "shop_amt_cy": 184.0,
      "shop_amt_py": 122.0,
      "shop_cnt_cy": 5,
      "shop_cnt_py": 5,
      "yoy": 151.1
    },
    "아울렛": {
      "shop_amt_cy": 204.0,
      "shop_amt_py": 227.0,
      "shop_cnt_cy": 34,
      "shop_cnt_py": 28,
      "yoy": 89.7
    }
  },
  "excellent_channels": [
    {
      "chnl_nm": "면세점",
      "shop_amt_cy": 184.0,
      "shop_amt_py": 122.0,
      "yoy": 151.1,
      "shop_cnt_cy": 5
    }
  ],
  "warning_channels": [
    {
      "chnl_nm": "대리점",
      "shop_amt_cy": 86.0,
      "shop_amt_py": 96.0,
      "yoy": 89.1,
      "shop_cnt_cy": 133
    },
    {
      "chnl_nm": "백화점",
      "shop_amt_cy": 99.0,
      "shop_amt_py": 107.0,
      "yoy": 93.3,
      "shop_cnt_cy": 98
    },
    {
      "chnl_nm": "직영점",
      "shop_amt_cy": 101.0,
      "shop_amt_py": 127.0,
      "yoy": 79.6,
      "shop_cnt_cy": 8
    },
    {
      "chnl_nm": "아울렛",
      "shop_amt_cy": 204.0,
      "shop_amt_py": 227.0,
      "yoy": 89.7,
      "shop_cnt_cy": 34
    }
  ],
  "raw_data": {
    "sample_records": [
      {
        "CHNL_NM": "백화점",
        "SHOP_CNT_CY": 98,
        "SHOP_CNT_PY": 94,
        "SHOP_AMT_CY": 99.0,
        "SHOP_AMT_PY": 107.0,
        "YOY": 93.3,
        "SEQ": 2
      },
      {
        "CHNL_NM": "대리점",
        "SHOP_CNT_CY": 133,
        "SHOP_CNT_PY": 132,
        "SHOP_AMT_CY": 86.0,
        "SHOP_AMT_PY": 96.0,
        "YOY": 89.1,
        "SEQ": 2
      },
      {
        "CHNL_NM": "직영점",
        "SHOP_CNT_CY": 8,
        "SHOP_CNT_PY": 7,
        "SHOP_AMT_CY": 101.0,
        "SHOP_AMT_PY": 127.0,
        "YOY": 79.6,
        "SEQ": 2
      },
      {
        "CHNL_NM": "면세점",
        "SHOP_CNT_CY": 5,
        "SHOP_CNT_PY": 5,
        "SHOP_AMT_CY": 184.0,
        "SHOP_AMT_PY": 122.0,
        "YOY": 151.1,
        "SEQ": 2
      },
      {
        "CHNL_NM": "전체",
        "SHOP_CNT_CY": 278,
        "SHOP_CNT_PY": 266,
        "SHOP_AMT_CY": 107.0,
        "SHOP_AMT_PY": 115.0,
        "YOY": 93.3,
        "SEQ": 1
      },
      {
        "CHNL_NM": "면세 제외",
        "SHOP_CNT_CY": 273,
        "SHOP_CNT_PY": 261,
        "SHOP_AMT_CY": 106.0,
        "SHOP_AMT_PY": 115.0,
        "YOY": 92.1,
        "SEQ": 3
      },
      {
        "CHNL_NM": "아울렛",
        "SHOP_CNT_CY": 34,
        "SHOP_CNT_PY": 28,
        "SHOP_AMT_CY": 204.0,
        "SHOP_AMT_PY": 227.0,
        "YOY": 89.7,
        "SEQ": 2
      }
    ],
    "total_records_count": 7
  }
}