{
  "country": "KR",
  "brand_cd": "W",
  "brand_name": "SUPRA",
  "yyyymm": "202407",
  "yyyymm_py": "202307",
  "key": "할인율",
  "sub_key": "종합분석",
  "analysis_data": {
    "title": "할인율 종합분석",
    "sections": [
      {
        "div": "종합분석-1",
        "sub_title": "전략 우수 채널",
        "ai_text": "백화점이 유일한 전략 우수 채널로 분석되었습니다.\n• 백화점: 할인율 0.0%로 정가 판매 달성, 전년 17.1% 대비 17.1%p 개선\n• 정가 판매를 통한 브랜드 프리미엄 유지 및 수익성 극대화 실현\n• 백화점 채널의 고객층과 SUPRA 브랜드 포지셔닝이 최적 매칭된 성과"
      },
      {
        "div": "종합분석-2",
        "sub_title": "주의 필요 채널",
        "ai_text": "4개 채널 모두 할인율 증가로 수익성 압박이 심화되었습니다.\n• 면세점: 17.7% (9.1%p↑), 직영점: 14.3% (14.3%p↑)로 높은 할인율 지속\n• 자사몰: 11.6% (10.3%p↑), 제휴몰: 8.8% (6.5%p↑)로 온라인 채널 할인 확대\n• 특히 직영점은 전년 0%에서 14.3%로 급격한 할인율 증가로 긴급 대응 필요"
      },
      {
        "div": "종합분석-3",
        "sub_title": "AI 권장 사항",
        "ai_text": "채널별 차별화된 할인 전략과 재고 관리 최적화가 필요합니다.\n• 직영점: 정가 판매 원칙 재확립 및 직원 교육 강화, 과시즌 상품 29.7% 할인율 조정\n• 면세점: 브랜드 프리미엄 유지를 위한 할인 한도 설정 (15% 이하 목표)\n• 온라인: 자사몰과 제휴몰 간 할인 정책 통합 관리 및 신발(22.9%) 등 고할인 아이템 개선"
      }
    ]
  },
  "summary": {
    "total_discount_cy": 14.7,
    "total_discount_py": 8.9,
    "change_pct": 5.8,
    "unique_channels": 5,
    "unique_items": 8,
    "analysis_period": "2023년 7월 vs 2024년 7월"
  },
  "channel_summary": {
    "백화점": {
      "discount_cy": 0.0,
      "discount_py": 17.1,
      "yoy": -17.1
    },
    "직영점": {
      "discount_cy": 14.3,
      "discount_py": 0.0,
      "yoy": 14.3
    },
    "자사몰": {
      "discount_cy": 11.6,
      "discount_py": 1.3,
      "yoy": 10.3
    },
    "제휴몰": {
      "discount_cy": 8.8,
      "discount_py": 2.3,
      "yoy": 6.5
    },
    "면세점": {
      "discount_cy": 17.7,
      "discount_py": 8.6,
      "yoy": 9.1
    }
  },
  "excellent_channels": [
    {
      "chnl_nm": "백화점",
      "discount_cy": 0.0,
      "yoy": -17.1
    }
  ],
  "warning_channels": [
    {
      "chnl_nm": "면세점",
      "discount_cy": 17.7,
      "yoy": 9.1
    },
    {
      "chnl_nm": "직영점",
      "discount_cy": 14.3,
      "yoy": 14.3
    },
    {
      "chnl_nm": "자사몰",
      "discount_cy": 11.6,
      "yoy": 10.3
    },
    {
      "chnl_nm": "제휴몰",
      "discount_cy": 8.8,
      "yoy": 6.5
    }
  ],
  "raw_data": {
    "sample_records": [
      {
        "CHNL_NM": "전체",
        "DISCOUNT": 14.7,
        "YOY": 5.8,
        "SEQ": 1
      },
      {
        "CHNL_NM": "백화점",
        "DISCOUNT": 0.0,
        "YOY": -17.1,
        "SEQ": 2
      },
      {
        "CHNL_NM": "직영점",
        "DISCOUNT": 14.3,
        "YOY": 14.3,
        "SEQ": 2
      },
      {
        "CHNL_NM": "자사몰",
        "DISCOUNT": 11.6,
        "YOY": 10.3,
        "SEQ": 2
      },
      {
        "CHNL_NM": "제휴몰",
        "DISCOUNT": 8.8,
        "YOY": 6.5,
        "SEQ": 2
      },
      {
        "CHNL_NM": "면세점",
        "DISCOUNT": 17.7,
        "YOY": 9.1,
        "SEQ": 2
      },
      {
        "CHNL_NM": "24S 의류",
        "DISCOUNT": 10.1,
        "YOY": 8.5,
        "SEQ": 4
      },
      {
        "CHNL_NM": "23F 의류",
        "DISCOUNT": 0.0,
        "YOY": -14.5,
        "SEQ": 4
      },
      {
        "CHNL_NM": "과시즌 의류",
        "DISCOUNT": 29.7,
        "YOY": 2.8,
        "SEQ": 4
      },
      {
        "CHNL_NM": "모자",
        "DISCOUNT": 5.6,
        "YOY": 4.7,
        "SEQ": 4
      },
      {
        "CHNL_NM": "신발",
        "DISCOUNT": 22.9,
        "YOY": 22.0,
        "SEQ": 4
      },
      {
        "CHNL_NM": "가방",
        "DISCOUNT": 10.1,
        "YOY": 10.1,
        "SEQ": 4
      },
      {
        "CHNL_NM": "기타ACC",
        "DISCOUNT": 3.8,
        "YOY": 5.8,
        "SEQ": 4
      },
      {
        "CHNL_NM": "차기시즌 의류",
        "DISCOUNT": 8.1,
        "YOY": 8.1,
        "SEQ": 4
      }
    ],
    "total_records_count": 14
  }
}