{
  "country": "KR",
  "brand_cd": "X",
  "brand_name": "DISCOVERY",
  "yyyymm": "202403",
  "yyyymm_py": "202303",
  "key": "월별아이템별매출추세",
  "analysis_data": {
    "title": "아이템별 매출 종합분석 (당해 1월~현재월)",
    "sections": [
      {
        "div": "종합분석-1",
        "sub_title": "시즌 트렌드",
        "ai_text": "• 23F 의류는 34,328백만원으로 전체의 30.0%를 차지하며 1월 집중 판매(19,891백만원) 후 급격한 감소세를 보이며 시즌 말 소진 패턴을 보임\n• 24S 의류는 17,316백만원으로 15.1%를 차지하며 1월 589백만원에서 3월 11,449백만원으로 급성장하여 시즌 초기 론칭 성공을 보임\n• 과시즌 의류는 27,531백만원으로 24.1%를 차지하며 월별 안정적 성장(1월 8,275→3월 10,897백만원)과 199.7% 전년대비 성장률로 가장 높은 수익성을 시현"
      },
      {
        "div": "종합분석-2",
        "sub_title": "카테고리",
        "ai_text": "• 가방은 18,050백만원으로 15.8%를 차지하며 2월 피크(9,185백만원) 이후 3월 급락하여 시즌성 영향이 큰 카테고리로 분석됨\n• 신발은 15,478백만원으로 13.5%를 차지하며 월별 균등한 성장(4,695→5,451백만원)으로 안정적 수요를 보이나 73.3% 전년대비 성장률로 개선 필요\n• 모자는 1,040백만원으로 0.9%의 소규모지만 110.7% 전년대비 성장률과 3월 상승세(316→435백만원)로 성장 잠재력이 높은 카테고리임"
      },
      {
        "div": "종합분석-3",
        "sub_title": "핵심액션",
        "ai_text": "• 과시즌 의류의 높은 성장률(199.7%)을 활용하여 연중 판매 가능한 베이직 라인 확대 및 재고 확보를 통한 매출 극대화 전략 실행\n• 신발 카테고리의 낮은 성장률(73.3%) 개선을 위해 시즌별 신상품 출시 주기 단축 및 트렌디한 디자인 강화를 통한 고객 유입 증대\n• 모자 카테고리의 성장 잠재력(110.7% 성장률)을 극대화하기 위해 SNS 마케팅 집중 투자 및 스타일링 제안을 통한 연관 판매 확대"
      }
    ]
  },
  "summary": {
    "total_sales": 114321.0,
    "unique_months": 3,
    "analysis_period": "2024년 01월 ~ 2024년 03월"
  },
  "season_items": [
    {
      "name": "23F 의류",
      "total_sales": 34328.0,
      "months": {
        "01": 19891.0,
        "02": 9755.0,
        "03": 4682.0
      },
      "avg_ratio": 29.333333333333332,
      "avg_yoy": 101.33333333333333
    },
    {
      "name": "과시즌 의류",
      "total_sales": 27531.0,
      "months": {
        "01": 8275.0,
        "02": 8359.0,
        "03": 10897.0
      },
      "avg_ratio": 24.333333333333332,
      "avg_yoy": 199.66666666666666
    },
    {
      "name": "24S 의류",
      "total_sales": 17316.0,
      "months": {
        "01": 589.0,
        "02": 5278.0,
        "03": 11449.0
      },
      "avg_ratio": 15.333333333333334,
      "avg_yoy": 73.66666666666667
    }
  ],
  "category_items": [
    {
      "name": "가방",
      "total_sales": 18050.0,
      "months": {
        "01": 5247.0,
        "02": 9185.0,
        "03": 3618.0
      },
      "avg_ratio": 15.666666666666666,
      "avg_yoy": 108.33333333333333
    },
    {
      "name": "신발",
      "total_sales": 15478.0,
      "months": {
        "01": 4695.0,
        "02": 5332.0,
        "03": 5451.0
      },
      "avg_ratio": 13.666666666666666,
      "avg_yoy": 73.33333333333333
    },
    {
      "name": "모자",
      "total_sales": 1040.0,
      "months": {
        "01": 316.0,
        "02": 289.0,
        "03": 435.0
      },
      "avg_ratio": 1.0,
      "avg_yoy": 110.66666666666667
    },
    {
      "name": "기타ACC",
      "total_sales": 578.0,
      "months": {
        "01": 435.0,
        "02": 92.0,
        "03": 51.0
      },
      "avg_ratio": 0.3333333333333333,
      "avg_yoy": 139.33333333333334
    }
  ],
  "raw_data": {
    "sample_records": [
      {
        "MONTH": "01",
        "CHNL_NM": "전체",
        "SALE_AMT": 39448.0,
        "RATIO": 100.0,
        "YOY": 91.0,
        "SEQ": 1
      },
      {
        "MONTH": "01",
        "CHNL_NM": "백화점",
        "SALE_AMT": 12815.0,
        "RATIO": 32.0,
        "YOY": 91.0,
        "SEQ": 2
      },
      {
        "MONTH": "01",
        "CHNL_NM": "대리점",
        "SALE_AMT": 11094.0,
        "RATIO": 28.0,
        "YOY": 79.0,
        "SEQ": 2
      },
      {
        "MONTH": "01",
        "CHNL_NM": "직영기타",
        "SALE_AMT": 949.0,
        "RATIO": 2.0,
        "YOY": 74.0,
        "SEQ": 2
      },
      {
        "MONTH": "01",
        "CHNL_NM": "제휴몰",
        "SALE_AMT": 4144.0,
        "RATIO": 11.0,
        "YOY": 143.0,
        "SEQ": 2
      },
      {
        "MONTH": "01",
        "CHNL_NM": "자사몰",
        "SALE_AMT": 1750.0,
        "RATIO": 4.0,
        "YOY": 77.0,
        "SEQ": 2
      },
      {
        "MONTH": "01",
        "CHNL_NM": "면세점",
        "SALE_AMT": 1874.0,
        "RATIO": 5.0,
        "YOY": 257.0,
        "SEQ": 2
      },
      {
        "MONTH": "01",
        "CHNL_NM": "아울렛",
        "SALE_AMT": 6822.0,
        "RATIO": 17.0,
        "YOY": 87.0,
        "SEQ": 2
      },
      {
        "MONTH": "01",
        "CHNL_NM": "24S 의류",
        "SALE_AMT": 589.0,
        "RATIO": 1.0,
        "YOY": 63.0,
        "SEQ": 3
      },
      {
        "MONTH": "01",
        "CHNL_NM": "23F 의류",
        "SALE_AMT": 19891.0,
        "RATIO": 50.0,
        "YOY": 75.0,
        "SEQ": 3
      },
      {
        "MONTH": "01",
        "CHNL_NM": "과시즌 의류",
        "SALE_AMT": 8275.0,
        "RATIO": 21.0,
        "YOY": 255.0,
        "SEQ": 3
      },
      {
        "MONTH": "01",
        "CHNL_NM": "모자",
        "SALE_AMT": 316.0,
        "RATIO": 1.0,
        "YOY": 98.0,
        "SEQ": 3
      },
      {
        "MONTH": "01",
        "CHNL_NM": "신발",
        "SALE_AMT": 4695.0,
        "RATIO": 12.0,
        "YOY": 75.0,
        "SEQ": 3
      },
      {
        "MONTH": "01",
        "CHNL_NM": "가방",
        "SALE_AMT": 5247.0,
        "RATIO": 13.0,
        "YOY": 96.0,
        "SEQ": 3
      },
      {
        "MONTH": "01",
        "CHNL_NM": "기타ACC",
        "SALE_AMT": 435.0,
        "RATIO": 1.0,
        "YOY": 198.0,
        "SEQ": 3
      },
      {
        "MONTH": "02",
        "CHNL_NM": "전체",
        "SALE_AMT": 38291.0,
        "RATIO": 100.0,
        "YOY": 101.0,
        "SEQ": 1
      },
      {
        "MONTH": "02",
        "CHNL_NM": "백화점",
        "SALE_AMT": 12488.0,
        "RATIO": 33.0,
        "YOY": 94.0,
        "SEQ": 2
      },
      {
        "MONTH": "02",
        "CHNL_NM": "대리점",
        "SALE_AMT": 11088.0,
        "RATIO": 29.0,
        "YOY": 96.0,
        "SEQ": 2
      },
      {
        "MONTH": "02",
        "CHNL_NM": "직영기타",
        "SALE_AMT": 1077.0,
        "RATIO": 3.0,
        "YOY": 106.0,
        "SEQ": 2
      },
      {
        "MONTH": "02",
        "CHNL_NM": "제휴몰",
        "SALE_AMT": 3210.0,
        "RATIO": 8.0,
        "YOY": 138.0,
        "SEQ": 2
      },
      {
        "MONTH": "02",
        "CHNL_NM": "자사몰",
        "SALE_AMT": 1881.0,
        "RATIO": 5.0,
        "YOY": 82.0,
        "SEQ": 2
      },
      {
        "MONTH": "02",
        "CHNL_NM": "면세점",
        "SALE_AMT": 733.0,
        "RATIO": 2.0,
        "YOY": 79.0,
        "SEQ": 2
      },
      {
        "MONTH": "02",
        "CHNL_NM": "아울렛",
        "SALE_AMT": 7813.0,
        "RATIO": 20.0,
        "YOY": 118.0,
        "SEQ": 2
      },
      {
        "MONTH": "02",
        "CHNL_NM": "24S 의류",
        "SALE_AMT": 5278.0,
        "RATIO": 14.0,
        "YOY": 82.0,
        "SEQ": 3
      },
      {
        "MONTH": "02",
        "CHNL_NM": "23F 의류",
        "SALE_AMT": 9755.0,
        "RATIO": 25.0,
        "YOY": 90.0,
        "SEQ": 3
      },
      {
        "MONTH": "02",
        "CHNL_NM": "과시즌 의류",
        "SALE_AMT": 8359.0,
        "RATIO": 22.0,
        "YOY": 190.0,
        "SEQ": 3
      },
      {
        "MONTH": "02",
        "CHNL_NM": "모자",
        "SALE_AMT": 289.0,
        "RATIO": 1.0,
        "YOY": 117.0,
        "SEQ": 3
      },
      {
        "MONTH": "02",
        "CHNL_NM": "신발",
        "SALE_AMT": 5332.0,
        "RATIO": 14.0,
        "YOY": 75.0,
        "SEQ": 3
      },
      {
        "MONTH": "02",
        "CHNL_NM": "가방",
        "SALE_AMT": 9185.0,
        "RATIO": 24.0,
        "YOY": 105.0,
        "SEQ": 3
      },
      {
        "MONTH": "02",
        "CHNL_NM": "기타ACC",
        "SALE_AMT": 92.0,
        "RATIO": 0.0,
        "YOY": 116.0,
        "SEQ": 3
      },
      {
        "MONTH": "03",
        "CHNL_NM": "전체",
        "SALE_AMT": 36582.0,
        "RATIO": 100.0,
        "YOY": 100.0,
        "SEQ": 1
      },
      {
        "MONTH": "03",
        "CHNL_NM": "백화점",
        "SALE_AMT": 10900.0,
        "RATIO": 30.0,
        "YOY": 97.0,
        "SEQ": 2
      },
      {
        "MONTH": "03",
        "CHNL_NM": "대리점",
        "SALE_AMT": 11940.0,
        "RATIO": 33.0,
        "YOY": 89.0,
        "SEQ": 2
      },
      {
        "MONTH": "03",
        "CHNL_NM": "직영기타",
        "SALE_AMT": 890.0,
        "RATIO": 2.0,
        "YOY": 102.0,
        "SEQ": 2
      },
      {
        "MONTH": "03",
        "CHNL_NM": "제휴몰",
        "SALE_AMT": 2946.0,
        "RATIO": 8.0,
        "YOY": 138.0,
        "SEQ": 2
      },
      {
        "MONTH": "03",
        "CHNL_NM": "자사몰",
        "SALE_AMT": 1451.0,
        "RATIO": 4.0,
        "YOY": 70.0,
        "SEQ": 2
      },
      {
        "MONTH": "03",
        "CHNL_NM": "면세점",
        "SALE_AMT": 865.0,
        "RATIO": 2.0,
        "YOY": 112.0,
        "SEQ": 2
      },
      {
        "MONTH": "03",
        "CHNL_NM": "아울렛",
        "SALE_AMT": 7590.0,
        "RATIO": 21.0,
        "YOY": 124.0,
        "SEQ": 2
      },
      {
        "MONTH": "03",
        "CHNL_NM": "24S 의류",
        "SALE_AMT": 11449.0,
        "RATIO": 31.0,
        "YOY": 76.0,
        "SEQ": 3
      },
      {
        "MONTH": "03",
        "CHNL_NM": "23F 의류",
        "SALE_AMT": 4682.0,
        "RATIO": 13.0,
        "YOY": 139.0,
        "SEQ": 3
      },
      {
        "MONTH": "03",
        "CHNL_NM": "과시즌 의류",
        "SALE_AMT": 10897.0,
        "RATIO": 30.0,
        "YOY": 154.0,
        "SEQ": 3
      },
      {
        "MONTH": "03",
        "CHNL_NM": "모자",
        "SALE_AMT": 435.0,
        "RATIO": 1.0,
        "YOY": 117.0,
        "SEQ": 3
      },
      {
        "MONTH": "03",
        "CHNL_NM": "신발",
        "SALE_AMT": 5451.0,
        "RATIO": 15.0,
        "YOY": 70.0,
        "SEQ": 3
      },
      {
        "MONTH": "03",
        "CHNL_NM": "가방",
        "SALE_AMT": 3618.0,
        "RATIO": 10.0,
        "YOY": 124.0,
        "SEQ": 3
      },
      {
        "MONTH": "03",
        "CHNL_NM": "기타ACC",
        "SALE_AMT": 51.0,
        "RATIO": 0.0,
        "YOY": 104.0,
        "SEQ": 3
      }
    ],
    "total_records_count": 45
  }
}