{
  "country": "KR",
  "brand_cd": "I",
  "brand_name": "MLB KIDS",
  "yyyymm": "202401",
  "yyyymm_py": "202301",
  "key": "매장효율성",
  "sub_key": "종합분석",
  "analysis_data": {
    "title": "매장효율성 종합분석",
    "sections": [
      {
        "div": "종합분석-1",
        "sub_title": "우수 점포 생산성",
        "ai_text": "면세점 채널이 유일한 우수 성과를 기록하며 점포당 매출 321백만원으로 전년 133백만원 대비 240.7% 증가했습니다.\n4개 점포 모두 평균 188백만원의 매출 증가를 달성하여 MLB KIDS의 면세점 채널 전략이 성공적으로 작동하고 있음을 보여줍니다.\n면세점의 해외 관광객 회복과 키즈 스포츠웨어 수요 증가가 주요 성공 요인으로 분석됩니다.\n면세점 채널의 성공 모델을 다른 채널에 적용할 수 있는 방안을 모색해야 합니다."
      },
      {
        "div": "종합분석-2",
        "sub_title": "대응 필요 매장",
        "ai_text": "백화점 채널이 가장 심각한 상황으로 점포당 매출이 63백만원에서 44백만원으로 30.0% 감소하며 62개 점포 운영 중입니다.\n직영점도 105백만원에서 73백만원으로 30.5% 급감하여 5개 점포 모두 개선이 시급한 상황입니다.\n대리점은 상대적으로 높은 점포당 매출 235백만원을 유지하고 있으나 전년 316백만원 대비 25.5% 감소했습니다.\n전체 71개 점포(백화점 62개 + 직영점 5개 + 대리점 2개 + 면세점 4개)가 매출 효율성 개선이 필요한 상황입니다."
      },
      {
        "div": "종합분석-3",
        "sub_title": "AI 권장사항",
        "ai_text": "• 면세점 성공 모델 벤치마킹: 면세점의 상품 구성과 마케팅 전략을 백화점과 직영점에 적용\n• 백화점 채널 집중 개선: 62개 점포의 대규모 효율성 저하에 대한 긴급 대응팀 구성 및 점포별 맞춤 전략 수립\n• 직영점 운영 최적화: 5개 점포의 운영비 절감과 상품 믹스 개선을 통한 수익성 향상\n• 대리점 파트너십 강화: 높은 점포당 매출을 유지하는 2개 대리점과의 협력 모델을 확산하여 매출 회복 도모"
      },
      {
        "div": "종합분석-4",
        "sub_title": "최적의 시나리오",
        "ai_text": "면세점 수준의 성과 확산을 목표로 백화점 점포당 매출을 80백만원(현재 44백만원의 80% 증가), 직영점을 120백만원으로 개선합니다.\n대리점은 현재 수준 유지하며 면세점은 350백만원까지 확대하여 전체 점포당 평균 매출을 95백만원으로 향상시킵니다.\n6개월 내 핵심 개선 과제 실행 후 2024년 하반기부터 성과 가시화를 목표로 설정합니다.\n최종적으로 전년 수준인 76백만원을 넘어 25% 향상된 95백만원 달성으로 MLB KIDS 브랜드 경쟁력을 강화합니다."
      }
    ]
  },
  "summary": {
    "total_shop_amt_cy": 67.0,
    "total_shop_amt_py": 76.0,
    "total_shop_cnt_cy": 73,
    "total_shop_cnt_py": 73,
    "yoy": 88.2,
    "unique_channels": 4,
    "analysis_period": "2023년 1월 vs 2024년 1월"
  },
  "channel_summary": {
    "백화점": {
      "shop_amt_cy": 44.0,
      "shop_amt_py": 63.0,
      "shop_cnt_cy": 62,
      "shop_cnt_py": 63,
      "yoy": 70.0
    },
    "대리점": {
      "shop_amt_cy": 235.0,
      "shop_amt_py": 316.0,
      "shop_cnt_cy": 2,
      "shop_cnt_py": 2,
      "yoy": 74.5
    },
    "직영점": {
      "shop_amt_cy": 73.0,
      "shop_amt_py": 105.0,
      "shop_cnt_cy": 5,
      "shop_cnt_py": 4,
      "yoy": 69.5
    },
    "면세점": {
      "shop_amt_cy": 321.0,
      "shop_amt_py": 133.0,
      "shop_cnt_cy": 4,
      "shop_cnt_py": 4,
      "yoy": 240.7
    }
  },
  "excellent_channels": [
    {
      "chnl_nm": "면세점",
      "shop_amt_cy": 321.0,
      "shop_amt_py": 133.0,
      "yoy": 240.7,
      "shop_cnt_cy": 4
    }
  ],
  "warning_channels": [
    {
      "chnl_nm": "백화점",
      "shop_amt_cy": 44.0,
      "shop_amt_py": 63.0,
      "yoy": 70.0,
      "shop_cnt_cy": 62
    },
    {
      "chnl_nm": "직영점",
      "shop_amt_cy": 73.0,
      "shop_amt_py": 105.0,
      "yoy": 69.5,
      "shop_cnt_cy": 5
    },
    {
      "chnl_nm": "대리점",
      "shop_amt_cy": 235.0,
      "shop_amt_py": 316.0,
      "yoy": 74.5,
      "shop_cnt_cy": 2
    }
  ],
  "raw_data": {
    "sample_records": [
      {
        "CHNL_NM": "백화점",
        "SHOP_CNT_CY": 62,
        "SHOP_CNT_PY": 63,
        "SHOP_AMT_CY": 44.0,
        "SHOP_AMT_PY": 63.0,
        "YOY": 70.0,
        "SEQ": 2
      },
      {
        "CHNL_NM": "대리점",
        "SHOP_CNT_CY": 2,
        "SHOP_CNT_PY": 2,
        "SHOP_AMT_CY": 235.0,
        "SHOP_AMT_PY": 316.0,
        "YOY": 74.5,
        "SEQ": 2
      },
      {
        "CHNL_NM": "직영점",
        "SHOP_CNT_CY": 5,
        "SHOP_CNT_PY": 4,
        "SHOP_AMT_CY": 73.0,
        "SHOP_AMT_PY": 105.0,
        "YOY": 69.5,
        "SEQ": 2
      },
      {
        "CHNL_NM": "면세점",
        "SHOP_CNT_CY": 4,
        "SHOP_CNT_PY": 4,
        "SHOP_AMT_CY": 321.0,
        "SHOP_AMT_PY": 133.0,
        "YOY": 240.7,
        "SEQ": 2
      },
      {
        "CHNL_NM": "전체",
        "SHOP_CNT_CY": 73,
        "SHOP_CNT_PY": 73,
        "SHOP_AMT_CY": 67.0,
        "SHOP_AMT_PY": 76.0,
        "YOY": 87.3,
        "SEQ": 1
      },
      {
        "CHNL_NM": "면세 제외",
        "SHOP_CNT_CY": 69,
        "SHOP_CNT_PY": 69,
        "SHOP_AMT_CY": 52.0,
        "SHOP_AMT_PY": 73.0,
        "YOY": 71.1,
        "SEQ": 3
      }
    ],
    "total_records_count": 6
  }
}