{
  "country": "KR",
  "brand_cd": "M",
  "brand_name": "MLB",
  "yyyymm": "202409",
  "yyyymm_py": "202309",
  "key": "월별아이템별재고추세",
  "analysis_data": {
    "title": "아이템별 재고 종합분석 (당해 1월~현재월)",
    "sections": [
      {
        "div": "종합분석-1",
        "sub_title": "조기경보",
        "ai_text": "• 2024년 7월부터 재고 지속 증가 추세 발생\n• 9월 359,240백만원으로 3개월 연속 상승\n• 6월 최저점 대비 9.7% 악화로 재고 관리 주의 필요"
      },
      {
        "div": "종합분석-2",
        "sub_title": "긍정신호",
        "ai_text": "• 1분기~2분기 재고 대폭 감소 성과\n• 454,741백만원 → 327,544백만원으로 28.0% 감소\n• 효과적 재고 관리로 6월 최적 수준 달성"
      },
      {
        "div": "종합분석-3",
        "sub_title": "인사이트",
        "ai_text": "• 총재고 9월 359,240백만원으로 안정적 수준 유지\n• 6월 저점 후 반등하여 3개월 연속 증가 패턴\n• 하반기 재고 증가로 4분기 재고 관리 전략 수립 필요"
      }
    ]
  },
  "summary": {
    "total_stock": 3353753.58,
    "unique_months": 18,
    "unique_items": 8,
    "analysis_period": "2024년 01월 ~ 2024년 09월"
  },
  "monthly_totals": [
    {
      "yyyymm": "202301",
      "total_stock": 0.0
    },
    {
      "yyyymm": "202302",
      "total_stock": 0.0
    },
    {
      "yyyymm": "202303",
      "total_stock": 0.0
    },
    {
      "yyyymm": "202304",
      "total_stock": 0.0
    },
    {
      "yyyymm": "202305",
      "total_stock": 0.0
    },
    {
      "yyyymm": "202306",
      "total_stock": 0.0
    },
    {
      "yyyymm": "202307",
      "total_stock": 0.0
    },
    {
      "yyyymm": "202308",
      "total_stock": 0.0
    },
    {
      "yyyymm": "202309",
      "total_stock": 0.0
    },
    {
      "yyyymm": "202401",
      "total_stock": 453740.83
    },
    {
      "yyyymm": "202402",
      "total_stock": 432737.79
    },
    {
      "yyyymm": "202403",
      "total_stock": 404703.52
    },
    {
      "yyyymm": "202404",
      "total_stock": 353208.31
    },
    {
      "yyyymm": "202405",
      "total_stock": 332161.99
    },
    {
      "yyyymm": "202406",
      "total_stock": 327544.11
    },
    {
      "yyyymm": "202407",
      "total_stock": 339655.87
    },
    {
      "yyyymm": "202408",
      "total_stock": 350761.07
    },
    {
      "yyyymm": "202409",
      "total_stock": 359240.1
    }
  ],
  "early_warning_items": [],
  "positive_signal_items": [],
  "insights": {
    "final_month_total": 359240.1,
    "decreasing_months_count": 5,
    "increasing_months_count": 4,
    "min_month": "202301",
    "min_stock": 0.0
  },
  "raw_data": {
    "sample_records": [
      {
        "YYYYMM": "202301",
        "ITEM_STD": "24F 의류",
        "CY_END_STOCK_TAG_AMT": 0.0,
        "PY_END_STOCK_TAG_AMT": 0.0,
        "YOY": 0.0
      },
      {
        "YYYYMM": "202301",
        "ITEM_STD": "24S 의류",
        "CY_END_STOCK_TAG_AMT": 0.0,
        "PY_END_STOCK_TAG_AMT": 77641620000.0,
        "YOY": 0.0
      },
      {
        "YYYYMM": "202301",
        "ITEM_STD": "가방",
        "CY_END_STOCK_TAG_AMT": 0.0,
        "PY_END_STOCK_TAG_AMT": 47627184000.0,
        "YOY": 0.0
      },
      {
        "YYYYMM": "202301",
        "ITEM_STD": "과시즌 의류",
        "CY_END_STOCK_TAG_AMT": 0.0,
        "PY_END_STOCK_TAG_AMT": 165250807000.0,
        "YOY": 0.0
      },
      {
        "YYYYMM": "202301",
        "ITEM_STD": "기타ACC",
        "CY_END_STOCK_TAG_AMT": 0.0,
        "PY_END_STOCK_TAG_AMT": 2523453000.0,
        "YOY": 0.0
      },
      {
        "YYYYMM": "202301",
        "ITEM_STD": "모자",
        "CY_END_STOCK_TAG_AMT": 0.0,
        "PY_END_STOCK_TAG_AMT": 93653380000.0,
        "YOY": 0.0
      },
      {
        "YYYYMM": "202301",
        "ITEM_STD": "신발",
        "CY_END_STOCK_TAG_AMT": 0.0,
        "PY_END_STOCK_TAG_AMT": 114501803000.0,
        "YOY": 0.0
      },
      {
        "YYYYMM": "202302",
        "ITEM_STD": "24F 의류",
        "CY_END_STOCK_TAG_AMT": 0.0,
        "PY_END_STOCK_TAG_AMT": 0.0,
        "YOY": 0.0
      },
      {
        "YYYYMM": "202302",
        "ITEM_STD": "24S 의류",
        "CY_END_STOCK_TAG_AMT": 0.0,
        "PY_END_STOCK_TAG_AMT": 108103362000.0,
        "YOY": 0.0
      },
      {
        "YYYYMM": "202302",
        "ITEM_STD": "가방",
        "CY_END_STOCK_TAG_AMT": 0.0,
        "PY_END_STOCK_TAG_AMT": 43726317000.0,
        "YOY": 0.0
      },
      {
        "YYYYMM": "202302",
        "ITEM_STD": "과시즌 의류",
        "CY_END_STOCK_TAG_AMT": 0.0,
        "PY_END_STOCK_TAG_AMT": 156056556000.0,
        "YOY": 0.0
      },
      {
        "YYYYMM": "202302",
        "ITEM_STD": "기타ACC",
        "CY_END_STOCK_TAG_AMT": 0.0,
        "PY_END_STOCK_TAG_AMT": 1826716800.0,
        "YOY": 0.0
      },
      {
        "YYYYMM": "202302",
        "ITEM_STD": "모자",
        "CY_END_STOCK_TAG_AMT": 0.0,
        "PY_END_STOCK_TAG_AMT": 82579825000.0,
        "YOY": 0.0
      },
      {
        "YYYYMM": "202302",
        "ITEM_STD": "신발",
        "CY_END_STOCK_TAG_AMT": 0.0,
        "PY_END_STOCK_TAG_AMT": 104869181000.0,
        "YOY": 0.0
      },
      {
        "YYYYMM": "202303",
        "ITEM_STD": "24F 의류",
        "CY_END_STOCK_TAG_AMT": 0.0,
        "PY_END_STOCK_TAG_AMT": 0.0,
        "YOY": 0.0
      },
      {
        "YYYYMM": "202303",
        "ITEM_STD": "24S 의류",
        "CY_END_STOCK_TAG_AMT": 0.0,
        "PY_END_STOCK_TAG_AMT": 102782433000.0,
        "YOY": 0.0
      },
      {
        "YYYYMM": "202303",
        "ITEM_STD": "가방",
        "CY_END_STOCK_TAG_AMT": 0.0,
        "PY_END_STOCK_TAG_AMT": 41179978000.0,
        "YOY": 0.0
      },
      {
        "YYYYMM": "202303",
        "ITEM_STD": "과시즌 의류",
        "CY_END_STOCK_TAG_AMT": 0.0,
        "PY_END_STOCK_TAG_AMT": 148577077000.0,
        "YOY": 0.0
      },
      {
        "YYYYMM": "202303",
        "ITEM_STD": "기타ACC",
        "CY_END_STOCK_TAG_AMT": 0.0,
        "PY_END_STOCK_TAG_AMT": 1694783900.0,
        "YOY": 0.0
      },
      {
        "YYYYMM": "202303",
        "ITEM_STD": "모자",
        "CY_END_STOCK_TAG_AMT": 0.0,
        "PY_END_STOCK_TAG_AMT": 74418439000.0,
        "YOY": 0.0
      },
      {
        "YYYYMM": "202303",
        "ITEM_STD": "신발",
        "CY_END_STOCK_TAG_AMT": 0.0,
        "PY_END_STOCK_TAG_AMT": 107776543000.0,
        "YOY": 0.0
      },
      {
        "YYYYMM": "202304",
        "ITEM_STD": "24F 의류",
        "CY_END_STOCK_TAG_AMT": 0.0,
        "PY_END_STOCK_TAG_AMT": 0.0,
        "YOY": 0.0
      },
      {
        "YYYYMM": "202304",
        "ITEM_STD": "24S 의류",
        "CY_END_STOCK_TAG_AMT": 0.0,
        "PY_END_STOCK_TAG_AMT": 94021249000.0,
        "YOY": 0.0
      },
      {
        "YYYYMM": "202304",
        "ITEM_STD": "가방",
        "CY_END_STOCK_TAG_AMT": 0.0,
        "PY_END_STOCK_TAG_AMT": 41010672000.0,
        "YOY": 0.0
      },
      {
        "YYYYMM": "202304",
        "ITEM_STD": "과시즌 의류",
        "CY_END_STOCK_TAG_AMT": 0.0,
        "PY_END_STOCK_TAG_AMT": 136546825000.0,
        "YOY": 0.0
      },
      {
        "YYYYMM": "202304",
        "ITEM_STD": "기타ACC",
        "CY_END_STOCK_TAG_AMT": 0.0,
        "PY_END_STOCK_TAG_AMT": 1595369000.0,
        "YOY": 0.0
      },
      {
        "YYYYMM": "202304",
        "ITEM_STD": "모자",
        "CY_END_STOCK_TAG_AMT": 0.0,
        "PY_END_STOCK_TAG_AMT": 70866231000.0,
        "YOY": 0.0
      },
      {
        "YYYYMM": "202304",
        "ITEM_STD": "신발",
        "CY_END_STOCK_TAG_AMT": 0.0,
        "PY_END_STOCK_TAG_AMT": 107183064000.0,
        "YOY": 0.0
      },
      {
        "YYYYMM": "202305",
        "ITEM_STD": "24F 의류",
        "CY_END_STOCK_TAG_AMT": 0.0,
        "PY_END_STOCK_TAG_AMT": 0.0,
        "YOY": 0.0
      },
      {
        "YYYYMM": "202305",
        "ITEM_STD": "24S 의류",
        "CY_END_STOCK_TAG_AMT": 0.0,
        "PY_END_STOCK_TAG_AMT": 65384064000.0,
        "YOY": 0.0
      },
      {
        "YYYYMM": "202305",
        "ITEM_STD": "가방",
        "CY_END_STOCK_TAG_AMT": 0.0,
        "PY_END_STOCK_TAG_AMT": 35531846000.0,
        "YOY": 0.0
      },
      {
        "YYYYMM": "202305",
        "ITEM_STD": "과시즌 의류",
        "CY_END_STOCK_TAG_AMT": 0.0,
        "PY_END_STOCK_TAG_AMT": 130222213000.0,
        "YOY": 0.0
      },
      {
        "YYYYMM": "202305",
        "ITEM_STD": "기타ACC",
        "CY_END_STOCK_TAG_AMT": 0.0,
        "PY_END_STOCK_TAG_AMT": 1459762100.0,
        "YOY": 0.0
      },
      {
        "YYYYMM": "202305",
        "ITEM_STD": "모자",
        "CY_END_STOCK_TAG_AMT": 0.0,
        "PY_END_STOCK_TAG_AMT": 68149554000.0,
        "YOY": 0.0
      },
      {
        "YYYYMM": "202305",
        "ITEM_STD": "신발",
        "CY_END_STOCK_TAG_AMT": 0.0,
        "PY_END_STOCK_TAG_AMT": 103785620000.0,
        "YOY": 0.0
      },
      {
        "YYYYMM": "202306",
        "ITEM_STD": "24F 의류",
        "CY_END_STOCK_TAG_AMT": 0.0,
        "PY_END_STOCK_TAG_AMT": 4263872000.0,
        "YOY": 0.0
      },
      {
        "YYYYMM": "202306",
        "ITEM_STD": "24S 의류",
        "CY_END_STOCK_TAG_AMT": 0.0,
        "PY_END_STOCK_TAG_AMT": 58837844000.0,
        "YOY": 0.0
      },
      {
        "YYYYMM": "202306",
        "ITEM_STD": "가방",
        "CY_END_STOCK_TAG_AMT": 0.0,
        "PY_END_STOCK_TAG_AMT": 34431983000.0,
        "YOY": 0.0
      },
      {
        "YYYYMM": "202306",
        "ITEM_STD": "과시즌 의류",
        "CY_END_STOCK_TAG_AMT": 0.0,
        "PY_END_STOCK_TAG_AMT": 124922786000.0,
        "YOY": 0.0
      },
      {
        "YYYYMM": "202306",
        "ITEM_STD": "기타ACC",
        "CY_END_STOCK_TAG_AMT": 0.0,
        "PY_END_STOCK_TAG_AMT": 2478503400.0,
        "YOY": 0.0
      },
      {
        "YYYYMM": "202306",
        "ITEM_STD": "모자",
        "CY_END_STOCK_TAG_AMT": 0.0,
        "PY_END_STOCK_TAG_AMT": 69697810000.0,
        "YOY": 0.0
      },
      {
        "YYYYMM": "202306",
        "ITEM_STD": "신발",
        "CY_END_STOCK_TAG_AMT": 0.0,
        "PY_END_STOCK_TAG_AMT": 97007795000.0,
        "YOY": 0.0
      },
      {
        "YYYYMM": "202307",
        "ITEM_STD": "24F 의류",
        "CY_END_STOCK_TAG_AMT": 0.0,
        "PY_END_STOCK_TAG_AMT": 31696470000.0,
        "YOY": 0.0
      },
      {
        "YYYYMM": "202307",
        "ITEM_STD": "24S 의류",
        "CY_END_STOCK_TAG_AMT": 0.0,
        "PY_END_STOCK_TAG_AMT": 53835980000.0,
        "YOY": 0.0
      },
      {
        "YYYYMM": "202307",
        "ITEM_STD": "가방",
        "CY_END_STOCK_TAG_AMT": 0.0,
        "PY_END_STOCK_TAG_AMT": 34841203000.0,
        "YOY": 0.0
      },
      {
        "YYYYMM": "202307",
        "ITEM_STD": "과시즌 의류",
        "CY_END_STOCK_TAG_AMT": 0.0,
        "PY_END_STOCK_TAG_AMT": 118205143000.0,
        "YOY": 0.0
      },
      {
        "YYYYMM": "202307",
        "ITEM_STD": "기타ACC",
        "CY_END_STOCK_TAG_AMT": 0.0,
        "PY_END_STOCK_TAG_AMT": 3264469400.0,
        "YOY": 0.0
      },
      {
        "YYYYMM": "202307",
        "ITEM_STD": "모자",
        "CY_END_STOCK_TAG_AMT": 0.0,
        "PY_END_STOCK_TAG_AMT": 80500950000.0,
        "YOY": 0.0
      },
      {
        "YYYYMM": "202307",
        "ITEM_STD": "신발",
        "CY_END_STOCK_TAG_AMT": 0.0,
        "PY_END_STOCK_TAG_AMT": 121462547000.0,
        "YOY": 0.0
      },
      {
        "YYYYMM": "202308",
        "ITEM_STD": "24F 의류",
        "CY_END_STOCK_TAG_AMT": 0.0,
        "PY_END_STOCK_TAG_AMT": 89480012000.0,
        "YOY": 0.0
      },
      {
        "YYYYMM": "202308",
        "ITEM_STD": "24S 의류",
        "CY_END_STOCK_TAG_AMT": 0.0,
        "PY_END_STOCK_TAG_AMT": 51491296000.0,
        "YOY": 0.0
      },
      {
        "YYYYMM": "202308",
        "ITEM_STD": "가방",
        "CY_END_STOCK_TAG_AMT": 0.0,
        "PY_END_STOCK_TAG_AMT": 38412124000.0,
        "YOY": 0.0
      },
      {
        "YYYYMM": "202308",
        "ITEM_STD": "과시즌 의류",
        "CY_END_STOCK_TAG_AMT": 0.0,
        "PY_END_STOCK_TAG_AMT": 104802917000.0,
        "YOY": 0.0
      },
      {
        "YYYYMM": "202308",
        "ITEM_STD": "기타ACC",
        "CY_END_STOCK_TAG_AMT": 0.0,
        "PY_END_STOCK_TAG_AMT": 2496646800.0,
        "YOY": 0.0
      },
      {
        "YYYYMM": "202308",
        "ITEM_STD": "모자",
        "CY_END_STOCK_TAG_AMT": 0.0,
        "PY_END_STOCK_TAG_AMT": 90303670000.0,
        "YOY": 0.0
      },
      {
        "YYYYMM": "202308",
        "ITEM_STD": "신발",
        "CY_END_STOCK_TAG_AMT": 0.0,
        "PY_END_STOCK_TAG_AMT": 158180950000.0,
        "YOY": 0.0
      },
      {
        "YYYYMM": "202309",
        "ITEM_STD": "24F 의류",
        "CY_END_STOCK_TAG_AMT": 0.0,
        "PY_END_STOCK_TAG_AMT": 93837625000.0,
        "YOY": 0.0
      },
      {
        "YYYYMM": "202309",
        "ITEM_STD": "24S 의류",
        "CY_END_STOCK_TAG_AMT": 0.0,
        "PY_END_STOCK_TAG_AMT": 50244309000.0,
        "YOY": 0.0
      },
      {
        "YYYYMM": "202309",
        "ITEM_STD": "가방",
        "CY_END_STOCK_TAG_AMT": 0.0,
        "PY_END_STOCK_TAG_AMT": 34546613000.0,
        "YOY": 0.0
      },
      {
        "YYYYMM": "202309",
        "ITEM_STD": "과시즌 의류",
        "CY_END_STOCK_TAG_AMT": 0.0,
        "PY_END_STOCK_TAG_AMT": 92908408000.0,
        "YOY": 0.0
      },
      {
        "YYYYMM": "202309",
        "ITEM_STD": "기타ACC",
        "CY_END_STOCK_TAG_AMT": 0.0,
        "PY_END_STOCK_TAG_AMT": 3515333900.0,
        "YOY": 0.0
      },
      {
        "YYYYMM": "202309",
        "ITEM_STD": "모자",
        "CY_END_STOCK_TAG_AMT": 0.0,
        "PY_END_STOCK_TAG_AMT": 86233914000.0,
        "YOY": 0.0
      },
      {
        "YYYYMM": "202309",
        "ITEM_STD": "신발",
        "CY_END_STOCK_TAG_AMT": 0.0,
        "PY_END_STOCK_TAG_AMT": 168424143000.0,
        "YOY": 0.0
      },
      {
        "YYYYMM": "202309",
        "ITEM_STD": "차기시즌 의류",
        "CY_END_STOCK_TAG_AMT": 0.0,
        "PY_END_STOCK_TAG_AMT": 0.0,
        "YOY": 0.0
      },
      {
        "YYYYMM": "202401",
        "ITEM_STD": "24S 의류",
        "CY_END_STOCK_TAG_AMT": 55305323000.0,
        "PY_END_STOCK_TAG_AMT": 0.0,
        "YOY": 0.0
      },
      {
        "YYYYMM": "202401",
        "ITEM_STD": "가방",
        "CY_END_STOCK_TAG_AMT": 38688608000.0,
        "PY_END_STOCK_TAG_AMT": 0.0,
        "YOY": 0.0
      },
      {
        "YYYYMM": "202401",
        "ITEM_STD": "과시즌 의류",
        "CY_END_STOCK_TAG_AMT": 147511218000.0,
        "PY_END_STOCK_TAG_AMT": 0.0,
        "YOY": 0.0
      },
      {
        "YYYYMM": "202401",
        "ITEM_STD": "기타ACC",
        "CY_END_STOCK_TAG_AMT": 2828952900.0,
        "PY_END_STOCK_TAG_AMT": 0.0,
        "YOY": 0.0
      },
      {
        "YYYYMM": "202401",
        "ITEM_STD": "모자",
        "CY_END_STOCK_TAG_AMT": 60460183000.0,
        "PY_END_STOCK_TAG_AMT": 0.0,
        "YOY": 0.0
      },
      {
        "YYYYMM": "202401",
        "ITEM_STD": "신발",
        "CY_END_STOCK_TAG_AMT": 148946549000.0,
        "PY_END_STOCK_TAG_AMT": 0.0,
        "YOY": 0.0
      },
      {
        "YYYYMM": "202402",
        "ITEM_STD": "24F 의류",
        "CY_END_STOCK_TAG_AMT": 0.0,
        "PY_END_STOCK_TAG_AMT": 0.0,
        "YOY": 0.0
      },
      {
        "YYYYMM": "202402",
        "ITEM_STD": "24S 의류",
        "CY_END_STOCK_TAG_AMT": 78693023000.0,
        "PY_END_STOCK_TAG_AMT": 0.0,
        "YOY": 0.0
      },
      {
        "YYYYMM": "202402",
        "ITEM_STD": "가방",
        "CY_END_STOCK_TAG_AMT": 32397917000.0,
        "PY_END_STOCK_TAG_AMT": 0.0,
        "YOY": 0.0
      },
      {
        "YYYYMM": "202402",
        "ITEM_STD": "과시즌 의류",
        "CY_END_STOCK_TAG_AMT": 133640670000.0,
        "PY_END_STOCK_TAG_AMT": 0.0,
        "YOY": 0.0
      },
      {
        "YYYYMM": "202402",
        "ITEM_STD": "기타ACC",
        "CY_END_STOCK_TAG_AMT": 2536481700.0,
        "PY_END_STOCK_TAG_AMT": 0.0,
        "YOY": 0.0
      },
      {
        "YYYYMM": "202402",
        "ITEM_STD": "모자",
        "CY_END_STOCK_TAG_AMT": 54535863000.0,
        "PY_END_STOCK_TAG_AMT": 0.0,
        "YOY": 0.0
      },
      {
        "YYYYMM": "202402",
        "ITEM_STD": "신발",
        "CY_END_STOCK_TAG_AMT": 130933834000.0,
        "PY_END_STOCK_TAG_AMT": 0.0,
        "YOY": 0.0
      },
      {
        "YYYYMM": "202403",
        "ITEM_STD": "24F 의류",
        "CY_END_STOCK_TAG_AMT": 985307000.0,
        "PY_END_STOCK_TAG_AMT": 0.0,
        "YOY": 0.0
      },
      {
        "YYYYMM": "202403",
        "ITEM_STD": "24S 의류",
        "CY_END_STOCK_TAG_AMT": 76791115000.0,
        "PY_END_STOCK_TAG_AMT": 0.0,
        "YOY": 0.0
      },
      {
        "YYYYMM": "202403",
        "ITEM_STD": "가방",
        "CY_END_STOCK_TAG_AMT": 28732856000.0,
        "PY_END_STOCK_TAG_AMT": 0.0,
        "YOY": 0.0
      },
      {
        "YYYYMM": "202403",
        "ITEM_STD": "과시즌 의류",
        "CY_END_STOCK_TAG_AMT": 121305848000.0,
        "PY_END_STOCK_TAG_AMT": 0.0,
        "YOY": 0.0
      },
      {
        "YYYYMM": "202403",
        "ITEM_STD": "기타ACC",
        "CY_END_STOCK_TAG_AMT": 2626669500.0,
        "PY_END_STOCK_TAG_AMT": 0.0,
        "YOY": 0.0
      },
      {
        "YYYYMM": "202403",
        "ITEM_STD": "모자",
        "CY_END_STOCK_TAG_AMT": 51599575000.0,
        "PY_END_STOCK_TAG_AMT": 0.0,
        "YOY": 0.0
      },
      {
        "YYYYMM": "202403",
        "ITEM_STD": "신발",
        "CY_END_STOCK_TAG_AMT": 122662147000.0,
        "PY_END_STOCK_TAG_AMT": 0.0,
        "YOY": 0.0
      },
      {
        "YYYYMM": "202404",
        "ITEM_STD": "24F 의류",
        "CY_END_STOCK_TAG_AMT": 954133000.0,
        "PY_END_STOCK_TAG_AMT": 0.0,
        "YOY": 0.0
      },
      {
        "YYYYMM": "202404",
        "ITEM_STD": "24S 의류",
        "CY_END_STOCK_TAG_AMT": 62937405000.0,
        "PY_END_STOCK_TAG_AMT": 0.0,
        "YOY": 0.0
      },
      {
        "YYYYMM": "202404",
        "ITEM_STD": "가방",
        "CY_END_STOCK_TAG_AMT": 31078999000.0,
        "PY_END_STOCK_TAG_AMT": 0.0,
        "YOY": 0.0
      },
      {
        "YYYYMM": "202404",
        "ITEM_STD": "과시즌 의류",
        "CY_END_STOCK_TAG_AMT": 102018003000.0,
        "PY_END_STOCK_TAG_AMT": 0.0,
        "YOY": 0.0
      },
      {
        "YYYYMM": "202404",
        "ITEM_STD": "기타ACC",
        "CY_END_STOCK_TAG_AMT": 2481354500.0,
        "PY_END_STOCK_TAG_AMT": 0.0,
        "YOY": 0.0
      },
      {
        "YYYYMM": "202404",
        "ITEM_STD": "모자",
        "CY_END_STOCK_TAG_AMT": 41856312000.0,
        "PY_END_STOCK_TAG_AMT": 0.0,
        "YOY": 0.0
      },
      {
        "YYYYMM": "202404",
        "ITEM_STD": "신발",
        "CY_END_STOCK_TAG_AMT": 111882104000.0,
        "PY_END_STOCK_TAG_AMT": 0.0,
        "YOY": 0.0
      },
      {
        "YYYYMM": "202405",
        "ITEM_STD": "24F 의류",
        "CY_END_STOCK_TAG_AMT": 955060000.0,
        "PY_END_STOCK_TAG_AMT": 0.0,
        "YOY": 0.0
      },
      {
        "YYYYMM": "202405",
        "ITEM_STD": "24S 의류",
        "CY_END_STOCK_TAG_AMT": 53440692000.0,
        "PY_END_STOCK_TAG_AMT": 0.0,
        "YOY": 0.0
      },
      {
        "YYYYMM": "202405",
        "ITEM_STD": "가방",
        "CY_END_STOCK_TAG_AMT": 31005354000.0,
        "PY_END_STOCK_TAG_AMT": 0.0,
        "YOY": 0.0
      },
      {
        "YYYYMM": "202405",
        "ITEM_STD": "과시즌 의류",
        "CY_END_STOCK_TAG_AMT": 94375780000.0,
        "PY_END_STOCK_TAG_AMT": 0.0,
        "YOY": 0.0
      },
      {
        "YYYYMM": "202405",
        "ITEM_STD": "기타ACC",
        "CY_END_STOCK_TAG_AMT": 2592085800.0,
        "PY_END_STOCK_TAG_AMT": 0.0,
        "YOY": 0.0
      },
      {
        "YYYYMM": "202405",
        "ITEM_STD": "모자",
        "CY_END_STOCK_TAG_AMT": 41061626000.0,
        "PY_END_STOCK_TAG_AMT": 0.0,
        "YOY": 0.0
      },
      {
        "YYYYMM": "202405",
        "ITEM_STD": "신발",
        "CY_END_STOCK_TAG_AMT": 108731391000.0,
        "PY_END_STOCK_TAG_AMT": 0.0,
        "YOY": 0.0
      },
      {
        "YYYYMM": "202406",
        "ITEM_STD": "24F 의류",
        "CY_END_STOCK_TAG_AMT": 3196314000.0,
        "PY_END_STOCK_TAG_AMT": 0.0,
        "YOY": 0.0
      },
      {
        "YYYYMM": "202406",
        "ITEM_STD": "24S 의류",
        "CY_END_STOCK_TAG_AMT": 46861771000.0,
        "PY_END_STOCK_TAG_AMT": 0.0,
        "YOY": 0.0
      }
    ],
    "total_records_count": 127
  }
}