{
  "country": "KR",
  "brand_cd": "V",
  "brand_name": "DUVETICA",
  "yyyymm": "202404",
  "yyyymm_py": "202304",
  "key": "실판매출",
  "sub_key": "채널별매출분석",
  "analysis_data": {
    "title": "채널별 매출 top3 분석 (당해 전년 주요변화)",
    "sections": [
      {
        "div": "백화점",
        "sub_title": "백화점 전년대비 주요 변화",
        "ai_text": "• 방풍자켓: 156백만원으로 52% 비중 차지, 전년 대비 채널 전체 매출 89.3% 증가 견인\n• 다운점퍼: 32백만원(11% 비중)으로 안정적 매출 유지, 프리미엄 고객층 지속 확보\n• 반팔다운: 21백만원(7% 비중)으로 신규 진입, 계절 전환기 대응 제품으로 성장 가능성 확인\n\n백화점 채널 총 매출 301백만원으로 전년 159백만원 대비 89.3% 폭증. 방풍자켓 중심의 아웃도어 제품군이 프리미엄 백화점 고객층에게 강력한 어필. 단기적으로 방풍자켓 재고 확보 및 프리미엄 라인 확장 필요. 중장기적으로 백화점 채널 특화 프리미엄 제품군 개발 및 VIP 고객 대상 맞춤형 서비스 강화 전략 수립 시급."
      },
      {
        "div": "아울렛",
        "sub_title": "아울렛 전년대비 주요 변화",
        "ai_text": "• 방풍자켓: 81백만원(43% 비중)으로 여전히 최고 매출, 전년 89백만원 대비 소폭 감소\n• 반팔다운: 25백만원(13% 비중)으로 2위 진입, 전년 13백만원 대비 100% 증가로 급성장\n• 다운점퍼: 15백만원(8% 비중)으로 3위, 전년 31백만원 대비 51% 감소로 주목 필요\n\n아울렛 채널 총 매출 190백만원으로 전년 205백만원 대비 7.2% 감소. 방풍자켓은 여전히 강세지만 다운점퍼 매출 급감이 우려사항. 반팔다운의 급성장은 긍정적 신호. 단기적으로 다운점퍼 가격 정책 재검토 및 반팔다운 물량 확대 필요. 중장기적으로 아울렛 전용 가성비 라인 개발 및 시즌별 재고 관리 시스템 구축 전략 수립."
      },
      {
        "div": "제휴몰",
        "sub_title": "제휴몰 전년대비 주요 변화",
        "ai_text": "• 방풍자켓: 42백만원(45% 비중)으로 압도적 1위, 온라인 채널 특성상 높은 성장률 기록\n• 반팔카라티셔츠: 9백만원(10% 비중)으로 2위, 캐주얼 라인의 온라인 친화적 특성 확인\n• 다운점퍼: 5백만원(5% 비중)으로 3위, 상대적으로 낮은 비중이지만 안정적 매출\n\n제휴몰 채널 총 매출 94백만원으로 전년 15백만원 대비 532% 폭증으로 가장 높은 성장률 달성. 온라인 마케팅 강화와 제휴몰 확대 전략이 성공적으로 작동. 단기적으로 제휴몰별 맞춤형 상품 구성 및 디지털 마케팅 예산 확대 필요. 중장기적으로 온라인 전용 상품 개발 및 데이터 기반 고객 분석을 통한 개인화 마케팅 체계 구축."
      },
      {
        "div": "직영점",
        "sub_title": "직영점 전년대비 주요 변화",
        "ai_text": "• 방풍자켓: 43백만원(52% 비중)으로 최고 매출, 직영점 브랜드 경험 강화 효과 확인\n• 다운점퍼: 7백만원(9% 비중)으로 2위, 매장 내 상담을 통한 프리미엄 제품 판매력 유지\n• 반팔카라티셔츠: 4백만원(5% 비중)으로 3위, 기본 아이템의 꾸준한 수요 확인\n\n직영점 채널 총 매출 82백만원으로 전년 23백만원 대비 259% 급성장. 직영점 확장 및 매장 운영 효율화가 성과로 이어짐. 방풍자켓 중심의 매출 구조는 브랜드 정체성과 일치. 단기적으로 직영점 추가 확장 및 매장 직원 교육 강화 필요. 중장기적으로 O2O(Online to Offline) 연계 서비스 도입 및 매장별 지역 특성을 반영한 상품 구성 차별화 전략 수립."
      },
      {
        "div": "자사몰",
        "sub_title": "자사몰 전년대비 주요 변화",
        "ai_text": "• 방풍자켓: 16백만원(34% 비중)으로 1위, 자사몰 내 브랜드 대표 상품으로 확고한 위치\n• 반팔카라티셔츠: 4백만원(8% 비중)으로 2위, 온라인 쇼핑 고객의 캐주얼 선호 반영\n• 신발: 4백만원(8% 비중)으로 3위, 토털 패션 브랜드로서의 확장 가능성 시사\n\n자사몰 채널 총 매출 48백만원으로 전년 44백만원 대비 11.2% 증가로 안정적 성장. 신발이 TOP3에 진입한 점이 주목할만한 변화로, 브랜드 확장 전략의 성과 확인. 단기적으로 자사몰 UX/UI 개선 및 신발 카테고리 강화 필요. 중장기적으로 자사몰을 브랜드 허브로 활용한 통합 마케팅 전략 및 신발, 액세서리 등 확장 카테고리 본격 육성 방안 수립."
      },
      {
        "div": "종합분석-1",
        "sub_title": "최고 성과 채널",
        "ai_text": "백화점이 301백만원으로 최대 매출을 기록하며 전년대비 89.4% 성장해 최고 성과를 달성했습니다.\n제휴몰(532.5% 성장)과 직영점(259.3% 성장)이 폭발적 성장세를 보이며 신규 성장 동력으로 부상했습니다."
      },
      {
        "div": "종합분석-2",
        "sub_title": "개선 필요 채널",
        "ai_text": "아울렛이 205백만원에서 190백만원으로 7.2% 감소하며 유일한 마이너스 성장 채널로 집중 관리가 필요합니다.\n자사몰은 11.2% 소폭 성장에 그쳐 타 채널 대비 성장 동력이 부족한 상황입니다."
      },
      {
        "div": "종합분석-3",
        "sub_title": "핵심 제안",
        "ai_text": "방풍자켓 중심의 성공 모델을 제휴몰·직영점에 확대 적용하여 고성장 채널의 매출 규모를 확장해야 합니다.\n아울렛 채널의 상품 구성 재검토와 자사몰 디지털 마케팅 강화를 통한 전 채널 균형 성장 전략이 필요합니다."
      }
    ]
  },
  "summary": {
    "total_sales": 1161.17,
    "total_sales_cy": 716.06,
    "total_sales_py": 445.11,
    "change_pct": 60.9,
    "unique_channels": 5,
    "unique_items": 46,
    "unique_months": 2,
    "analysis_period": "2023년 4월 vs 2024년 4월"
  },
  "channel_summary": {
    "백화점": {
      "total_sales": 459.84,
      "months": {
        "202404": 300926800.0,
        "202304": 158909360.0
      },
      "top_items": [
        {
          "class3": "방풍자켓",
          "total_sales": 250.52
        },
        {
          "class3": "다운점퍼",
          "total_sales": 34.02
        },
        {
          "class3": "반팔다운",
          "total_sales": 22.77
        },
        {
          "class3": "반팔카라티셔츠",
          "total_sales": 18.99
        },
        {
          "class3": "토드백",
          "total_sales": 10.27
        }
      ]
    },
    "아울렛": {
      "total_sales": 394.9,
      "months": {
        "202404": 190046490.0,
        "202304": 204850390.0
      },
      "top_items": [
        {
          "class3": "방풍자켓",
          "total_sales": 169.93
        },
        {
          "class3": "다운점퍼",
          "total_sales": 45.99
        },
        {
          "class3": "반팔다운",
          "total_sales": 37.95
        },
        {
          "class3": "반팔카라티셔츠",
          "total_sales": 26.48
        },
        {
          "class3": "다운베스트",
          "total_sales": 25.15
        }
      ]
    },
    "제휴몰": {
      "total_sales": 109.29,
      "months": {
        "202404": 94371100.0,
        "202304": 14916700.0
      },
      "top_items": [
        {
          "class3": "방풍자켓",
          "total_sales": 50.52
        },
        {
          "class3": "반팔카라티셔츠",
          "total_sales": 11.16
        },
        {
          "class3": "다운점퍼",
          "total_sales": 4.53
        },
        {
          "class3": "다운베스트",
          "total_sales": 4.13
        },
        {
          "class3": "신발",
          "total_sales": 3.4
        }
      ]
    },
    "직영점": {
      "total_sales": 105.22,
      "months": {
        "202404": 82311800.0,
        "202304": 22906700.0
      },
      "top_items": [
        {
          "class3": "방풍자켓",
          "total_sales": 55.31
        },
        {
          "class3": "다운점퍼",
          "total_sales": 7.36
        },
        {
          "class3": "반팔카라티셔츠",
          "total_sales": 6.52
        },
        {
          "class3": "반바지",
          "total_sales": 5.16
        },
        {
          "class3": "니트반팔티셔츠",
          "total_sales": 3.42
        }
      ]
    },
    "자사몰": {
      "total_sales": 91.93,
      "months": {
        "202404": 48404000.0,
        "202304": 43527000.0
      },
      "top_items": [
        {
          "class3": "방풍자켓",
          "total_sales": 33.88
        },
        {
          "class3": "반팔카라티셔츠",
          "total_sales": 8.4
        },
        {
          "class3": "베스트",
          "total_sales": 4.72
        },
        {
          "class3": "트레이닝(상의)",
          "total_sales": 3.91
        },
        {
          "class3": "반바지",
          "total_sales": 3.9
        }
      ]
    }
  },
  "channel_summary_overall": {
    "백화점": {
      "current_sales": 300.93,
      "previous_sales": 158.91,
      "all_items": [
        {
          "class3": "방풍자켓",
          "total_sales": 156.01
        },
        {
          "class3": "다운점퍼",
          "total_sales": 32.48
        },
        {
          "class3": "반팔다운",
          "total_sales": 20.54
        },
        {
          "class3": "트레이닝(상의)",
          "total_sales": 9.85
        },
        {
          "class3": "신발",
          "total_sales": 8.78
        },
        {
          "class3": "반팔카라티셔츠",
          "total_sales": 8.38
        },
        {
          "class3": "팬츠",
          "total_sales": 8.01
        },
        {
          "class3": "토드백",
          "total_sales": 7.89
        },
        {
          "class3": "다운베스트",
          "total_sales": 7.57
        },
        {
          "class3": "반바지",
          "total_sales": 5.23
        },
        {
          "class3": "트레이닝(하의)",
          "total_sales": 4.09
        },
        {
          "class3": "스커트",
          "total_sales": 3.96
        },
        {
          "class3": "반팔티셔츠",
          "total_sales": 2.72
        },
        {
          "class3": "햇",
          "total_sales": 2.62
        },
        {
          "class3": "니트반팔티셔츠",
          "total_sales": 2.62
        },
        {
          "class3": "맨투맨",
          "total_sales": 2.6
        },
        {
          "class3": "라운드티",
          "total_sales": 2.54
        },
        {
          "class3": "트레이닝 숏팬츠",
          "total_sales": 2.42
        },
        {
          "class3": "우븐셔츠",
          "total_sales": 1.81
        },
        {
          "class3": "베스트",
          "total_sales": 1.54
        },
        {
          "class3": "원피스",
          "total_sales": 1.5
        },
        {
          "class3": "레깅스",
          "total_sales": 1.3
        },
        {
          "class3": "패딩",
          "total_sales": 1.3
        },
        {
          "class3": "선캡",
          "total_sales": 1.11
        },
        {
          "class3": "벨트백",
          "total_sales": 0.8
        },
        {
          "class3": "백팩",
          "total_sales": 0.52
        },
        {
          "class3": "후드티",
          "total_sales": 0.49
        },
        {
          "class3": "양말",
          "total_sales": 0.49
        },
        {
          "class3": "운동모",
          "total_sales": 0.48
        },
        {
          "class3": "니트풀오버",
          "total_sales": 0.42
        },
        {
          "class3": "장갑",
          "total_sales": 0.3
        },
        {
          "class3": "브라",
          "total_sales": 0.29
        },
        {
          "class3": "파우치",
          "total_sales": 0.12
        },
        {
          "class3": "크로스백",
          "total_sales": 0.09
        },
        {
          "class3": "기타가방",
          "total_sales": 0.09
        },
        {
          "class3": "비니",
          "total_sales": -0.02
        }
      ],
      "change_pct": 89.4
    },
    "아울렛": {
      "current_sales": 190.05,
      "previous_sales": 204.85,
      "all_items": [
        {
          "class3": "방풍자켓",
          "total_sales": 80.89
        },
        {
          "class3": "반팔다운",
          "total_sales": 25.31
        },
        {
          "class3": "다운점퍼",
          "total_sales": 15.09
        },
        {
          "class3": "반팔카라티셔츠",
          "total_sales": 11.84
        },
        {
          "class3": "다운베스트",
          "total_sales": 9.6
        },
        {
          "class3": "니트반팔티셔츠",
          "total_sales": 6.28
        },
        {
          "class3": "라운드티",
          "total_sales": 5.45
        },
        {
          "class3": "스커트",
          "total_sales": 4.59
        },
        {
          "class3": "맨투맨",
          "total_sales": 4.45
        },
        {
          "class3": "팬츠",
          "total_sales": 3.63
        },
        {
          "class3": "원피스",
          "total_sales": 3.13
        },
        {
          "class3": "후드티",
          "total_sales": 2.71
        },
        {
          "class3": "반바지",
          "total_sales": 2.39
        },
        {
          "class3": "트레이닝 숏팬츠",
          "total_sales": 2.02
        },
        {
          "class3": "신발",
          "total_sales": 1.67
        },
        {
          "class3": "운동모",
          "total_sales": 1.14
        },
        {
          "class3": "스웨트팬츠",
          "total_sales": 1.13
        },
        {
          "class3": "반팔티셔츠",
          "total_sales": 1.05
        },
        {
          "class3": "햇",
          "total_sales": 0.97
        },
        {
          "class3": "트레이닝(상의)",
          "total_sales": 0.82
        },
        {
          "class3": "보스톤백",
          "total_sales": 0.81
        },
        {
          "class3": "레깅스",
          "total_sales": 0.76
        },
        {
          "class3": "베스트",
          "total_sales": 0.7
        },
        {
          "class3": "벨트백",
          "total_sales": 0.68
        },
        {
          "class3": "선캡",
          "total_sales": 0.68
        },
        {
          "class3": "니트풀오버",
          "total_sales": 0.56
        },
        {
          "class3": "백팩",
          "total_sales": 0.49
        },
        {
          "class3": "패딩",
          "total_sales": 0.38
        },
        {
          "class3": "토드백",
          "total_sales": 0.36
        },
        {
          "class3": "양말",
          "total_sales": 0.3
        },
        {
          "class3": "우븐셔츠",
          "total_sales": 0.19
        },
        {
          "class3": "트레이닝(하의)",
          "total_sales": 0.19
        },
        {
          "class3": "니트스커트",
          "total_sales": -0.21
        }
      ],
      "change_pct": -7.2
    },
    "제휴몰": {
      "current_sales": 94.37,
      "previous_sales": 14.92,
      "all_items": [
        {
          "class3": "방풍자켓",
          "total_sales": 42.05
        },
        {
          "class3": "반팔카라티셔츠",
          "total_sales": 9.37
        },
        {
          "class3": "다운점퍼",
          "total_sales": 4.53
        },
        {
          "class3": "다운베스트",
          "total_sales": 4.13
        },
        {
          "class3": "신발",
          "total_sales": 3.4
        },
        {
          "class3": "토드백",
          "total_sales": 3.19
        },
        {
          "class3": "반팔티셔츠",
          "total_sales": 2.56
        },
        {
          "class3": "반팔다운",
          "total_sales": 2.55
        },
        {
          "class3": "맨투맨",
          "total_sales": 2.26
        },
        {
          "class3": "반바지",
          "total_sales": 2.02
        },
        {
          "class3": "원피스",
          "total_sales": 1.66
        },
        {
          "class3": "트레이닝(상의)",
          "total_sales": 1.54
        },
        {
          "class3": "운동모",
          "total_sales": 1.51
        },
        {
          "class3": "라운드티",
          "total_sales": 1.46
        },
        {
          "class3": "베스트",
          "total_sales": 1.43
        },
        {
          "class3": "벨트백",
          "total_sales": 1.3
        },
        {
          "class3": "팬츠",
          "total_sales": 1.16
        },
        {
          "class3": "트레이닝(하의)",
          "total_sales": 1.16
        },
        {
          "class3": "트레이닝 숏팬츠",
          "total_sales": 1.1
        },
        {
          "class3": "스커트",
          "total_sales": 0.94
        },
        {
          "class3": "선캡",
          "total_sales": 0.91
        },
        {
          "class3": "양말",
          "total_sales": 0.86
        },
        {
          "class3": "패딩",
          "total_sales": 0.79
        },
        {
          "class3": "후드티",
          "total_sales": 0.55
        },
        {
          "class3": "힙색",
          "total_sales": 0.44
        },
        {
          "class3": "우븐셔츠",
          "total_sales": 0.36
        },
        {
          "class3": "니트반팔티셔츠",
          "total_sales": 0.33
        },
        {
          "class3": "스웨트팬츠",
          "total_sales": 0.29
        },
        {
          "class3": "햇",
          "total_sales": 0.2
        },
        {
          "class3": "파우치",
          "total_sales": 0.17
        },
        {
          "class3": "레깅스",
          "total_sales": 0.14
        },
        {
          "class3": "백팩",
          "total_sales": 0.0
        },
        {
          "class3": "방한화",
          "total_sales": 0.0
        }
      ],
      "change_pct": 532.5
    },
    "직영점": {
      "current_sales": 82.31,
      "previous_sales": 22.91,
      "all_items": [
        {
          "class3": "방풍자켓",
          "total_sales": 43.04
        },
        {
          "class3": "다운점퍼",
          "total_sales": 7.36
        },
        {
          "class3": "반팔카라티셔츠",
          "total_sales": 4.34
        },
        {
          "class3": "반바지",
          "total_sales": 4.22
        },
        {
          "class3": "트레이닝(상의)",
          "total_sales": 2.46
        },
        {
          "class3": "토드백",
          "total_sales": 2.45
        },
        {
          "class3": "트레이닝 숏팬츠",
          "total_sales": 2.34
        },
        {
          "class3": "반팔다운",
          "total_sales": 2.06
        },
        {
          "class3": "햇",
          "total_sales": 1.89
        },
        {
          "class3": "신발",
          "total_sales": 1.77
        },
        {
          "class3": "니트반팔티셔츠",
          "total_sales": 1.55
        },
        {
          "class3": "팬츠",
          "total_sales": 1.1
        },
        {
          "class3": "베스트",
          "total_sales": 0.9
        },
        {
          "class3": "스커트",
          "total_sales": 0.87
        },
        {
          "class3": "반팔티셔츠",
          "total_sales": 0.86
        },
        {
          "class3": "후드티",
          "total_sales": 0.78
        },
        {
          "class3": "스웨트팬츠",
          "total_sales": 0.7
        },
        {
          "class3": "운동모",
          "total_sales": 0.56
        },
        {
          "class3": "라운드티",
          "total_sales": 0.56
        },
        {
          "class3": "힙색",
          "total_sales": 0.51
        },
        {
          "class3": "트레이닝(하의)",
          "total_sales": 0.47
        },
        {
          "class3": "선캡",
          "total_sales": 0.38
        },
        {
          "class3": "맨투맨",
          "total_sales": 0.36
        },
        {
          "class3": "우븐셔츠",
          "total_sales": 0.35
        },
        {
          "class3": "백팩",
          "total_sales": 0.26
        },
        {
          "class3": "크로스백",
          "total_sales": 0.14
        },
        {
          "class3": "양말",
          "total_sales": 0.04
        },
        {
          "class3": "원피스",
          "total_sales": 0.0
        },
        {
          "class3": "레깅스",
          "total_sales": 0.0
        }
      ],
      "change_pct": 259.3
    },
    "자사몰": {
      "current_sales": 48.4,
      "previous_sales": 43.53,
      "all_items": [
        {
          "class3": "방풍자켓",
          "total_sales": 16.47
        },
        {
          "class3": "반팔카라티셔츠",
          "total_sales": 3.65
        },
        {
          "class3": "신발",
          "total_sales": 3.65
        },
        {
          "class3": "트레이닝(상의)",
          "total_sales": 2.82
        },
        {
          "class3": "반팔티셔츠",
          "total_sales": 2.44
        },
        {
          "class3": "베스트",
          "total_sales": 2.12
        },
        {
          "class3": "다운베스트",
          "total_sales": 1.78
        },
        {
          "class3": "반바지",
          "total_sales": 1.58
        },
        {
          "class3": "라운드티",
          "total_sales": 1.45
        },
        {
          "class3": "토드백",
          "total_sales": 1.32
        },
        {
          "class3": "패딩",
          "total_sales": 1.29
        },
        {
          "class3": "팬츠",
          "total_sales": 1.29
        },
        {
          "class3": "레깅스",
          "total_sales": 0.89
        },
        {
          "class3": "스커트",
          "total_sales": 0.88
        },
        {
          "class3": "선캡",
          "total_sales": 0.83
        },
        {
          "class3": "맨투맨",
          "total_sales": 0.8
        },
        {
          "class3": "원피스",
          "total_sales": 0.79
        },
        {
          "class3": "트레이닝(하의)",
          "total_sales": 0.72
        },
        {
          "class3": "햇",
          "total_sales": 0.56
        },
        {
          "class3": "트레이닝 숏팬츠",
          "total_sales": 0.55
        },
        {
          "class3": "운동모",
          "total_sales": 0.54
        },
        {
          "class3": "양말",
          "total_sales": 0.52
        },
        {
          "class3": "니트반팔티셔츠",
          "total_sales": 0.49
        },
        {
          "class3": "후드티",
          "total_sales": 0.48
        },
        {
          "class3": "벨트백",
          "total_sales": 0.28
        },
        {
          "class3": "장갑",
          "total_sales": 0.22
        },
        {
          "class3": "다운점퍼",
          "total_sales": 0.0
        }
      ],
      "change_pct": 11.2
    }
  },
  "raw_data": {
    "sample_records": [
      {
        "PST_YYYYMM": "202404",
        "CHNL_NM": "백화점",
        "CLASS3": "방풍자켓",
        "SALE_AMT": 156007600.0,
        "SALE_AMT_CHNL_TTL": 300926800.0,
        "SALE_RATIO": 52.0,
        "IN_YMM_RNK": 0,
        "IN_CHNL_RNK": 1
      },
      {
        "PST_YYYYMM": "202404",
        "CHNL_NM": "백화점",
        "CLASS3": "다운점퍼",
        "SALE_AMT": 32482500.0,
        "SALE_AMT_CHNL_TTL": 300926800.0,
        "SALE_RATIO": 11.0,
        "IN_YMM_RNK": 0,
        "IN_CHNL_RNK": 2
      },
      {
        "PST_YYYYMM": "202404",
        "CHNL_NM": "백화점",
        "CLASS3": "반팔다운",
        "SALE_AMT": 20544400.0,
        "SALE_AMT_CHNL_TTL": 300926800.0,
        "SALE_RATIO": 7.0,
        "IN_YMM_RNK": 0,
        "IN_CHNL_RNK": 3
      },
      {
        "PST_YYYYMM": "202404",
        "CHNL_NM": "백화점",
        "CLASS3": "트레이닝(상의)",
        "SALE_AMT": 9846000.0,
        "SALE_AMT_CHNL_TTL": 300926800.0,
        "SALE_RATIO": 3.0,
        "IN_YMM_RNK": 0,
        "IN_CHNL_RNK": 4
      },
      {
        "PST_YYYYMM": "202404",
        "CHNL_NM": "백화점",
        "CLASS3": "신발",
        "SALE_AMT": 8782730.0,
        "SALE_AMT_CHNL_TTL": 300926800.0,
        "SALE_RATIO": 3.0,
        "IN_YMM_RNK": 0,
        "IN_CHNL_RNK": 5
      },
      {
        "PST_YYYYMM": "202404",
        "CHNL_NM": "백화점",
        "CLASS3": "반팔카라티셔츠",
        "SALE_AMT": 8379600.0,
        "SALE_AMT_CHNL_TTL": 300926800.0,
        "SALE_RATIO": 3.0,
        "IN_YMM_RNK": 0,
        "IN_CHNL_RNK": 6
      },
      {
        "PST_YYYYMM": "202404",
        "CHNL_NM": "백화점",
        "CLASS3": "팬츠",
        "SALE_AMT": 8012000.0,
        "SALE_AMT_CHNL_TTL": 300926800.0,
        "SALE_RATIO": 3.0,
        "IN_YMM_RNK": 0,
        "IN_CHNL_RNK": 7
      },
      {
        "PST_YYYYMM": "202404",
        "CHNL_NM": "백화점",
        "CLASS3": "토드백",
        "SALE_AMT": 7888500.0,
        "SALE_AMT_CHNL_TTL": 300926800.0,
        "SALE_RATIO": 3.0,
        "IN_YMM_RNK": 0,
        "IN_CHNL_RNK": 8
      },
      {
        "PST_YYYYMM": "202404",
        "CHNL_NM": "백화점",
        "CLASS3": "다운베스트",
        "SALE_AMT": 7567000.0,
        "SALE_AMT_CHNL_TTL": 300926800.0,
        "SALE_RATIO": 3.0,
        "IN_YMM_RNK": 0,
        "IN_CHNL_RNK": 9
      },
      {
        "PST_YYYYMM": "202404",
        "CHNL_NM": "백화점",
        "CLASS3": "반바지",
        "SALE_AMT": 5228210.0,
        "SALE_AMT_CHNL_TTL": 300926800.0,
        "SALE_RATIO": 2.0,
        "IN_YMM_RNK": 0,
        "IN_CHNL_RNK": 10
      },
      {
        "PST_YYYYMM": "202404",
        "CHNL_NM": "백화점",
        "CLASS3": "트레이닝(하의)",
        "SALE_AMT": 4088000.0,
        "SALE_AMT_CHNL_TTL": 300926800.0,
        "SALE_RATIO": 1.0,
        "IN_YMM_RNK": 0,
        "IN_CHNL_RNK": 11
      },
      {
        "PST_YYYYMM": "202404",
        "CHNL_NM": "백화점",
        "CLASS3": "스커트",
        "SALE_AMT": 3958000.0,
        "SALE_AMT_CHNL_TTL": 300926800.0,
        "SALE_RATIO": 1.0,
        "IN_YMM_RNK": 0,
        "IN_CHNL_RNK": 12
      },
      {
        "PST_YYYYMM": "202404",
        "CHNL_NM": "백화점",
        "CLASS3": "반팔티셔츠",
        "SALE_AMT": 2716000.0,
        "SALE_AMT_CHNL_TTL": 300926800.0,
        "SALE_RATIO": 1.0,
        "IN_YMM_RNK": 0,
        "IN_CHNL_RNK": 13
      },
      {
        "PST_YYYYMM": "202404",
        "CHNL_NM": "백화점",
        "CLASS3": "햇",
        "SALE_AMT": 2621000.0,
        "SALE_AMT_CHNL_TTL": 300926800.0,
        "SALE_RATIO": 1.0,
        "IN_YMM_RNK": 0,
        "IN_CHNL_RNK": 14
      },
      {
        "PST_YYYYMM": "202404",
        "CHNL_NM": "백화점",
        "CLASS3": "니트반팔티셔츠",
        "SALE_AMT": 2621000.0,
        "SALE_AMT_CHNL_TTL": 300926800.0,
        "SALE_RATIO": 1.0,
        "IN_YMM_RNK": 0,
        "IN_CHNL_RNK": 14
      },
      {
        "PST_YYYYMM": "202404",
        "CHNL_NM": "백화점",
        "CLASS3": "맨투맨",
        "SALE_AMT": 2599000.0,
        "SALE_AMT_CHNL_TTL": 300926800.0,
        "SALE_RATIO": 1.0,
        "IN_YMM_RNK": 0,
        "IN_CHNL_RNK": 15
      },
      {
        "PST_YYYYMM": "202404",
        "CHNL_NM": "백화점",
        "CLASS3": "라운드티",
        "SALE_AMT": 2543500.0,
        "SALE_AMT_CHNL_TTL": 300926800.0,
        "SALE_RATIO": 1.0,
        "IN_YMM_RNK": 0,
        "IN_CHNL_RNK": 16
      },
      {
        "PST_YYYYMM": "202404",
        "CHNL_NM": "백화점",
        "CLASS3": "트레이닝 숏팬츠",
        "SALE_AMT": 2416000.0,
        "SALE_AMT_CHNL_TTL": 300926800.0,
        "SALE_RATIO": 1.0,
        "IN_YMM_RNK": 0,
        "IN_CHNL_RNK": 17
      },
      {
        "PST_YYYYMM": "202404",
        "CHNL_NM": "백화점",
        "CLASS3": "우븐셔츠",
        "SALE_AMT": 1806000.0,
        "SALE_AMT_CHNL_TTL": 300926800.0,
        "SALE_RATIO": 1.0,
        "IN_YMM_RNK": 0,
        "IN_CHNL_RNK": 18
      },
      {
        "PST_YYYYMM": "202404",
        "CHNL_NM": "백화점",
        "CLASS3": "베스트",
        "SALE_AMT": 1537000.0,
        "SALE_AMT_CHNL_TTL": 300926800.0,
        "SALE_RATIO": 1.0,
        "IN_YMM_RNK": 0,
        "IN_CHNL_RNK": 19
      },
      {
        "PST_YYYYMM": "202404",
        "CHNL_NM": "백화점",
        "CLASS3": "원피스",
        "SALE_AMT": 1501000.0,
        "SALE_AMT_CHNL_TTL": 300926800.0,
        "SALE_RATIO": 0.0,
        "IN_YMM_RNK": 0,
        "IN_CHNL_RNK": 20
      },
      {
        "PST_YYYYMM": "202404",
        "CHNL_NM": "백화점",
        "CLASS3": "레깅스",
        "SALE_AMT": 1303000.0,
        "SALE_AMT_CHNL_TTL": 300926800.0,
        "SALE_RATIO": 0.0,
        "IN_YMM_RNK": 0,
        "IN_CHNL_RNK": 21
      },
      {
        "PST_YYYYMM": "202404",
        "CHNL_NM": "백화점",
        "CLASS3": "패딩",
        "SALE_AMT": 1301000.0,
        "SALE_AMT_CHNL_TTL": 300926800.0,
        "SALE_RATIO": 0.0,
        "IN_YMM_RNK": 0,
        "IN_CHNL_RNK": 22
      },
      {
        "PST_YYYYMM": "202404",
        "CHNL_NM": "백화점",
        "CLASS3": "선캡",
        "SALE_AMT": 1105500.0,
        "SALE_AMT_CHNL_TTL": 300926800.0,
        "SALE_RATIO": 0.0,
        "IN_YMM_RNK": 0,
        "IN_CHNL_RNK": 23
      },
      {
        "PST_YYYYMM": "202404",
        "CHNL_NM": "백화점",
        "CLASS3": "벨트백",
        "SALE_AMT": 802000.0,
        "SALE_AMT_CHNL_TTL": 300926800.0,
        "SALE_RATIO": 0.0,
        "IN_YMM_RNK": 0,
        "IN_CHNL_RNK": 24
      },
      {
        "PST_YYYYMM": "202404",
        "CHNL_NM": "백화점",
        "CLASS3": "백팩",
        "SALE_AMT": 522000.0,
        "SALE_AMT_CHNL_TTL": 300926800.0,
        "SALE_RATIO": 0.0,
        "IN_YMM_RNK": 0,
        "IN_CHNL_RNK": 25
      },
      {
        "PST_YYYYMM": "202404",
        "CHNL_NM": "백화점",
        "CLASS3": "후드티",
        "SALE_AMT": 495000.0,
        "SALE_AMT_CHNL_TTL": 300926800.0,
        "SALE_RATIO": 0.0,
        "IN_YMM_RNK": 0,
        "IN_CHNL_RNK": 26
      },
      {
        "PST_YYYYMM": "202404",
        "CHNL_NM": "백화점",
        "CLASS3": "양말",
        "SALE_AMT": 488860.0,
        "SALE_AMT_CHNL_TTL": 300926800.0,
        "SALE_RATIO": 0.0,
        "IN_YMM_RNK": 0,
        "IN_CHNL_RNK": 27
      },
      {
        "PST_YYYYMM": "202404",
        "CHNL_NM": "백화점",
        "CLASS3": "운동모",
        "SALE_AMT": 478900.0,
        "SALE_AMT_CHNL_TTL": 300926800.0,
        "SALE_RATIO": 0.0,
        "IN_YMM_RNK": 0,
        "IN_CHNL_RNK": 28
      },
      {
        "PST_YYYYMM": "202404",
        "CHNL_NM": "백화점",
        "CLASS3": "니트풀오버",
        "SALE_AMT": 421500.0,
        "SALE_AMT_CHNL_TTL": 300926800.0,
        "SALE_RATIO": 0.0,
        "IN_YMM_RNK": 0,
        "IN_CHNL_RNK": 29
      },
      {
        "PST_YYYYMM": "202404",
        "CHNL_NM": "백화점",
        "CLASS3": "장갑",
        "SALE_AMT": 297000.0,
        "SALE_AMT_CHNL_TTL": 300926800.0,
        "SALE_RATIO": 0.0,
        "IN_YMM_RNK": 0,
        "IN_CHNL_RNK": 30
      },
      {
        "PST_YYYYMM": "202404",
        "CHNL_NM": "백화점",
        "CLASS3": "브라",
        "SALE_AMT": 286000.0,
        "SALE_AMT_CHNL_TTL": 300926800.0,
        "SALE_RATIO": 0.0,
        "IN_YMM_RNK": 0,
        "IN_CHNL_RNK": 31
      },
      {
        "PST_YYYYMM": "202404",
        "CHNL_NM": "백화점",
        "CLASS3": "파우치",
        "SALE_AMT": 122500.0,
        "SALE_AMT_CHNL_TTL": 300926800.0,
        "SALE_RATIO": 0.0,
        "IN_YMM_RNK": 0,
        "IN_CHNL_RNK": 32
      },
      {
        "PST_YYYYMM": "202404",
        "CHNL_NM": "백화점",
        "CLASS3": "크로스백",
        "SALE_AMT": 90000.0,
        "SALE_AMT_CHNL_TTL": 300926800.0,
        "SALE_RATIO": 0.0,
        "IN_YMM_RNK": 0,
        "IN_CHNL_RNK": 33
      },
      {
        "PST_YYYYMM": "202404",
        "CHNL_NM": "백화점",
        "CLASS3": "기타가방",
        "SALE_AMT": 87500.0,
        "SALE_AMT_CHNL_TTL": 300926800.0,
        "SALE_RATIO": 0.0,
        "IN_YMM_RNK": 0,
        "IN_CHNL_RNK": 34
      },
      {
        "PST_YYYYMM": "202404",
        "CHNL_NM": "백화점",
        "CLASS3": "비니",
        "SALE_AMT": -19000.0,
        "SALE_AMT_CHNL_TTL": 300926800.0,
        "SALE_RATIO": 0.0,
        "IN_YMM_RNK": 0,
        "IN_CHNL_RNK": 35
      },
      {
        "PST_YYYYMM": "202404",
        "CHNL_NM": "아울렛",
        "CLASS3": "방풍자켓",
        "SALE_AMT": 80892900.0,
        "SALE_AMT_CHNL_TTL": 190046490.0,
        "SALE_RATIO": 43.0,
        "IN_YMM_RNK": 0,
        "IN_CHNL_RNK": 1
      },
      {
        "PST_YYYYMM": "202404",
        "CHNL_NM": "아울렛",
        "CLASS3": "반팔다운",
        "SALE_AMT": 25313400.0,
        "SALE_AMT_CHNL_TTL": 190046490.0,
        "SALE_RATIO": 13.0,
        "IN_YMM_RNK": 0,
        "IN_CHNL_RNK": 2
      },
      {
        "PST_YYYYMM": "202404",
        "CHNL_NM": "아울렛",
        "CLASS3": "다운점퍼",
        "SALE_AMT": 15094800.0,
        "SALE_AMT_CHNL_TTL": 190046490.0,
        "SALE_RATIO": 8.0,
        "IN_YMM_RNK": 0,
        "IN_CHNL_RNK": 3
      },
      {
        "PST_YYYYMM": "202404",
        "CHNL_NM": "아울렛",
        "CLASS3": "반팔카라티셔츠",
        "SALE_AMT": 11844400.0,
        "SALE_AMT_CHNL_TTL": 190046490.0,
        "SALE_RATIO": 6.0,
        "IN_YMM_RNK": 0,
        "IN_CHNL_RNK": 4
      },
      {
        "PST_YYYYMM": "202404",
        "CHNL_NM": "아울렛",
        "CLASS3": "다운베스트",
        "SALE_AMT": 9595100.0,
        "SALE_AMT_CHNL_TTL": 190046490.0,
        "SALE_RATIO": 5.0,
        "IN_YMM_RNK": 0,
        "IN_CHNL_RNK": 5
      },
      {
        "PST_YYYYMM": "202404",
        "CHNL_NM": "아울렛",
        "CLASS3": "니트반팔티셔츠",
        "SALE_AMT": 6277600.0,
        "SALE_AMT_CHNL_TTL": 190046490.0,
        "SALE_RATIO": 3.0,
        "IN_YMM_RNK": 0,
        "IN_CHNL_RNK": 6
      },
      {
        "PST_YYYYMM": "202404",
        "CHNL_NM": "아울렛",
        "CLASS3": "라운드티",
        "SALE_AMT": 5453800.0,
        "SALE_AMT_CHNL_TTL": 190046490.0,
        "SALE_RATIO": 3.0,
        "IN_YMM_RNK": 0,
        "IN_CHNL_RNK": 7
      },
      {
        "PST_YYYYMM": "202404",
        "CHNL_NM": "아울렛",
        "CLASS3": "스커트",
        "SALE_AMT": 4588800.0,
        "SALE_AMT_CHNL_TTL": 190046490.0,
        "SALE_RATIO": 2.0,
        "IN_YMM_RNK": 0,
        "IN_CHNL_RNK": 8
      },
      {
        "PST_YYYYMM": "202404",
        "CHNL_NM": "아울렛",
        "CLASS3": "맨투맨",
        "SALE_AMT": 4454100.0,
        "SALE_AMT_CHNL_TTL": 190046490.0,
        "SALE_RATIO": 2.0,
        "IN_YMM_RNK": 0,
        "IN_CHNL_RNK": 9
      },
      {
        "PST_YYYYMM": "202404",
        "CHNL_NM": "아울렛",
        "CLASS3": "팬츠",
        "SALE_AMT": 3626700.0,
        "SALE_AMT_CHNL_TTL": 190046490.0,
        "SALE_RATIO": 2.0,
        "IN_YMM_RNK": 0,
        "IN_CHNL_RNK": 10
      },
      {
        "PST_YYYYMM": "202404",
        "CHNL_NM": "아울렛",
        "CLASS3": "원피스",
        "SALE_AMT": 3125600.0,
        "SALE_AMT_CHNL_TTL": 190046490.0,
        "SALE_RATIO": 2.0,
        "IN_YMM_RNK": 0,
        "IN_CHNL_RNK": 11
      },
      {
        "PST_YYYYMM": "202404",
        "CHNL_NM": "아울렛",
        "CLASS3": "후드티",
        "SALE_AMT": 2707600.0,
        "SALE_AMT_CHNL_TTL": 190046490.0,
        "SALE_RATIO": 1.0,
        "IN_YMM_RNK": 0,
        "IN_CHNL_RNK": 12
      },
      {
        "PST_YYYYMM": "202404",
        "CHNL_NM": "아울렛",
        "CLASS3": "반바지",
        "SALE_AMT": 2385600.0,
        "SALE_AMT_CHNL_TTL": 190046490.0,
        "SALE_RATIO": 1.0,
        "IN_YMM_RNK": 0,
        "IN_CHNL_RNK": 13
      },
      {
        "PST_YYYYMM": "202404",
        "CHNL_NM": "아울렛",
        "CLASS3": "트레이닝 숏팬츠",
        "SALE_AMT": 2016000.0,
        "SALE_AMT_CHNL_TTL": 190046490.0,
        "SALE_RATIO": 1.0,
        "IN_YMM_RNK": 0,
        "IN_CHNL_RNK": 14
      }
    ],
    "total_records_count": 286
  },
  "trend_data": {
    "trend_months": [
      "202304",
      "202404"
    ],
    "monthly_totals": [
      {
        "yyyymm": "202304",
        "total_amount": 445.11
      },
      {
        "yyyymm": "202404",
        "total_amount": 716.06
      }
    ],
    "monthly_details": [
      {
        "yyyymm": "202404",
        "chnl_nm": "백화점",
        "class3": "방풍자켓",
        "sale_amt": 156.01,
        "sale_ratio": 52.0
      },
      {
        "yyyymm": "202404",
        "chnl_nm": "백화점",
        "class3": "다운점퍼",
        "sale_amt": 32.48,
        "sale_ratio": 11.0
      },
      {
        "yyyymm": "202404",
        "chnl_nm": "백화점",
        "class3": "반팔다운",
        "sale_amt": 20.54,
        "sale_ratio": 7.0
      },
      {
        "yyyymm": "202404",
        "chnl_nm": "백화점",
        "class3": "트레이닝(상의)",
        "sale_amt": 9.85,
        "sale_ratio": 3.0
      },
      {
        "yyyymm": "202404",
        "chnl_nm": "백화점",
        "class3": "신발",
        "sale_amt": 8.78,
        "sale_ratio": 3.0
      },
      {
        "yyyymm": "202404",
        "chnl_nm": "백화점",
        "class3": "반팔카라티셔츠",
        "sale_amt": 8.38,
        "sale_ratio": 3.0
      },
      {
        "yyyymm": "202404",
        "chnl_nm": "백화점",
        "class3": "팬츠",
        "sale_amt": 8.01,
        "sale_ratio": 3.0
      },
      {
        "yyyymm": "202404",
        "chnl_nm": "백화점",
        "class3": "토드백",
        "sale_amt": 7.89,
        "sale_ratio": 3.0
      },
      {
        "yyyymm": "202404",
        "chnl_nm": "백화점",
        "class3": "다운베스트",
        "sale_amt": 7.57,
        "sale_ratio": 3.0
      },
      {
        "yyyymm": "202404",
        "chnl_nm": "백화점",
        "class3": "반바지",
        "sale_amt": 5.23,
        "sale_ratio": 2.0
      },
      {
        "yyyymm": "202404",
        "chnl_nm": "백화점",
        "class3": "트레이닝(하의)",
        "sale_amt": 4.09,
        "sale_ratio": 1.0
      },
      {
        "yyyymm": "202404",
        "chnl_nm": "백화점",
        "class3": "스커트",
        "sale_amt": 3.96,
        "sale_ratio": 1.0
      },
      {
        "yyyymm": "202404",
        "chnl_nm": "백화점",
        "class3": "반팔티셔츠",
        "sale_amt": 2.72,
        "sale_ratio": 1.0
      },
      {
        "yyyymm": "202404",
        "chnl_nm": "백화점",
        "class3": "햇",
        "sale_amt": 2.62,
        "sale_ratio": 1.0
      },
      {
        "yyyymm": "202404",
        "chnl_nm": "백화점",
        "class3": "니트반팔티셔츠",
        "sale_amt": 2.62,
        "sale_ratio": 1.0
      },
      {
        "yyyymm": "202404",
        "chnl_nm": "백화점",
        "class3": "맨투맨",
        "sale_amt": 2.6,
        "sale_ratio": 1.0
      },
      {
        "yyyymm": "202404",
        "chnl_nm": "백화점",
        "class3": "라운드티",
        "sale_amt": 2.54,
        "sale_ratio": 1.0
      },
      {
        "yyyymm": "202404",
        "chnl_nm": "백화점",
        "class3": "트레이닝 숏팬츠",
        "sale_amt": 2.42,
        "sale_ratio": 1.0
      },
      {
        "yyyymm": "202404",
        "chnl_nm": "백화점",
        "class3": "우븐셔츠",
        "sale_amt": 1.81,
        "sale_ratio": 1.0
      },
      {
        "yyyymm": "202404",
        "chnl_nm": "백화점",
        "class3": "베스트",
        "sale_amt": 1.54,
        "sale_ratio": 1.0
      },
      {
        "yyyymm": "202404",
        "chnl_nm": "백화점",
        "class3": "원피스",
        "sale_amt": 1.5,
        "sale_ratio": 0.0
      },
      {
        "yyyymm": "202404",
        "chnl_nm": "백화점",
        "class3": "레깅스",
        "sale_amt": 1.3,
        "sale_ratio": 0.0
      },
      {
        "yyyymm": "202404",
        "chnl_nm": "백화점",
        "class3": "패딩",
        "sale_amt": 1.3,
        "sale_ratio": 0.0
      },
      {
        "yyyymm": "202404",
        "chnl_nm": "백화점",
        "class3": "선캡",
        "sale_amt": 1.11,
        "sale_ratio": 0.0
      },
      {
        "yyyymm": "202404",
        "chnl_nm": "백화점",
        "class3": "벨트백",
        "sale_amt": 0.8,
        "sale_ratio": 0.0
      },
      {
        "yyyymm": "202404",
        "chnl_nm": "백화점",
        "class3": "백팩",
        "sale_amt": 0.52,
        "sale_ratio": 0.0
      },
      {
        "yyyymm": "202404",
        "chnl_nm": "백화점",
        "class3": "후드티",
        "sale_amt": 0.49,
        "sale_ratio": 0.0
      },
      {
        "yyyymm": "202404",
        "chnl_nm": "백화점",
        "class3": "양말",
        "sale_amt": 0.49,
        "sale_ratio": 0.0
      },
      {
        "yyyymm": "202404",
        "chnl_nm": "백화점",
        "class3": "운동모",
        "sale_amt": 0.48,
        "sale_ratio": 0.0
      },
      {
        "yyyymm": "202404",
        "chnl_nm": "백화점",
        "class3": "니트풀오버",
        "sale_amt": 0.42,
        "sale_ratio": 0.0
      },
      {
        "yyyymm": "202404",
        "chnl_nm": "백화점",
        "class3": "장갑",
        "sale_amt": 0.3,
        "sale_ratio": 0.0
      },
      {
        "yyyymm": "202404",
        "chnl_nm": "백화점",
        "class3": "브라",
        "sale_amt": 0.29,
        "sale_ratio": 0.0
      },
      {
        "yyyymm": "202404",
        "chnl_nm": "백화점",
        "class3": "파우치",
        "sale_amt": 0.12,
        "sale_ratio": 0.0
      },
      {
        "yyyymm": "202404",
        "chnl_nm": "백화점",
        "class3": "크로스백",
        "sale_amt": 0.09,
        "sale_ratio": 0.0
      },
      {
        "yyyymm": "202404",
        "chnl_nm": "백화점",
        "class3": "기타가방",
        "sale_amt": 0.09,
        "sale_ratio": 0.0
      },
      {
        "yyyymm": "202404",
        "chnl_nm": "백화점",
        "class3": "비니",
        "sale_amt": -0.02,
        "sale_ratio": 0.0
      },
      {
        "yyyymm": "202404",
        "chnl_nm": "아울렛",
        "class3": "방풍자켓",
        "sale_amt": 80.89,
        "sale_ratio": 43.0
      },
      {
        "yyyymm": "202404",
        "chnl_nm": "아울렛",
        "class3": "반팔다운",
        "sale_amt": 25.31,
        "sale_ratio": 13.0
      },
      {
        "yyyymm": "202404",
        "chnl_nm": "아울렛",
        "class3": "다운점퍼",
        "sale_amt": 15.09,
        "sale_ratio": 8.0
      },
      {
        "yyyymm": "202404",
        "chnl_nm": "아울렛",
        "class3": "반팔카라티셔츠",
        "sale_amt": 11.84,
        "sale_ratio": 6.0
      },
      {
        "yyyymm": "202404",
        "chnl_nm": "아울렛",
        "class3": "다운베스트",
        "sale_amt": 9.6,
        "sale_ratio": 5.0
      },
      {
        "yyyymm": "202404",
        "chnl_nm": "아울렛",
        "class3": "니트반팔티셔츠",
        "sale_amt": 6.28,
        "sale_ratio": 3.0
      },
      {
        "yyyymm": "202404",
        "chnl_nm": "아울렛",
        "class3": "라운드티",
        "sale_amt": 5.45,
        "sale_ratio": 3.0
      },
      {
        "yyyymm": "202404",
        "chnl_nm": "아울렛",
        "class3": "스커트",
        "sale_amt": 4.59,
        "sale_ratio": 2.0
      },
      {
        "yyyymm": "202404",
        "chnl_nm": "아울렛",
        "class3": "맨투맨",
        "sale_amt": 4.45,
        "sale_ratio": 2.0
      },
      {
        "yyyymm": "202404",
        "chnl_nm": "아울렛",
        "class3": "팬츠",
        "sale_amt": 3.63,
        "sale_ratio": 2.0
      },
      {
        "yyyymm": "202404",
        "chnl_nm": "아울렛",
        "class3": "원피스",
        "sale_amt": 3.13,
        "sale_ratio": 2.0
      },
      {
        "yyyymm": "202404",
        "chnl_nm": "아울렛",
        "class3": "후드티",
        "sale_amt": 2.71,
        "sale_ratio": 1.0
      },
      {
        "yyyymm": "202404",
        "chnl_nm": "아울렛",
        "class3": "반바지",
        "sale_amt": 2.39,
        "sale_ratio": 1.0
      },
      {
        "yyyymm": "202404",
        "chnl_nm": "아울렛",
        "class3": "트레이닝 숏팬츠",
        "sale_amt": 2.02,
        "sale_ratio": 1.0
      },
      {
        "yyyymm": "202404",
        "chnl_nm": "아울렛",
        "class3": "신발",
        "sale_amt": 1.67,
        "sale_ratio": 1.0
      },
      {
        "yyyymm": "202404",
        "chnl_nm": "아울렛",
        "class3": "운동모",
        "sale_amt": 1.14,
        "sale_ratio": 1.0
      },
      {
        "yyyymm": "202404",
        "chnl_nm": "아울렛",
        "class3": "스웨트팬츠",
        "sale_amt": 1.13,
        "sale_ratio": 1.0
      },
      {
        "yyyymm": "202404",
        "chnl_nm": "아울렛",
        "class3": "반팔티셔츠",
        "sale_amt": 1.05,
        "sale_ratio": 1.0
      },
      {
        "yyyymm": "202404",
        "chnl_nm": "아울렛",
        "class3": "햇",
        "sale_amt": 0.97,
        "sale_ratio": 1.0
      },
      {
        "yyyymm": "202404",
        "chnl_nm": "아울렛",
        "class3": "트레이닝(상의)",
        "sale_amt": 0.82,
        "sale_ratio": 0.0
      },
      {
        "yyyymm": "202404",
        "chnl_nm": "아울렛",
        "class3": "보스톤백",
        "sale_amt": 0.81,
        "sale_ratio": 0.0
      },
      {
        "yyyymm": "202404",
        "chnl_nm": "아울렛",
        "class3": "레깅스",
        "sale_amt": 0.76,
        "sale_ratio": 0.0
      },
      {
        "yyyymm": "202404",
        "chnl_nm": "아울렛",
        "class3": "베스트",
        "sale_amt": 0.7,
        "sale_ratio": 0.0
      },
      {
        "yyyymm": "202404",
        "chnl_nm": "아울렛",
        "class3": "벨트백",
        "sale_amt": 0.68,
        "sale_ratio": 0.0
      },
      {
        "yyyymm": "202404",
        "chnl_nm": "아울렛",
        "class3": "선캡",
        "sale_amt": 0.68,
        "sale_ratio": 0.0
      },
      {
        "yyyymm": "202404",
        "chnl_nm": "아울렛",
        "class3": "니트풀오버",
        "sale_amt": 0.56,
        "sale_ratio": 0.0
      },
      {
        "yyyymm": "202404",
        "chnl_nm": "아울렛",
        "class3": "백팩",
        "sale_amt": 0.49,
        "sale_ratio": 0.0
      },
      {
        "yyyymm": "202404",
        "chnl_nm": "아울렛",
        "class3": "패딩",
        "sale_amt": 0.38,
        "sale_ratio": 0.0
      },
      {
        "yyyymm": "202404",
        "chnl_nm": "아울렛",
        "class3": "토드백",
        "sale_amt": 0.36,
        "sale_ratio": 0.0
      },
      {
        "yyyymm": "202404",
        "chnl_nm": "아울렛",
        "class3": "양말",
        "sale_amt": 0.3,
        "sale_ratio": 0.0
      },
      {
        "yyyymm": "202404",
        "chnl_nm": "아울렛",
        "class3": "우븐셔츠",
        "sale_amt": 0.19,
        "sale_ratio": 0.0
      },
      {
        "yyyymm": "202404",
        "chnl_nm": "아울렛",
        "class3": "트레이닝(하의)",
        "sale_amt": 0.19,
        "sale_ratio": 0.0
      },
      {
        "yyyymm": "202404",
        "chnl_nm": "아울렛",
        "class3": "니트스커트",
        "sale_amt": -0.21,
        "sale_ratio": 0.0
      },
      {
        "yyyymm": "202404",
        "chnl_nm": "제휴몰",
        "class3": "방풍자켓",
        "sale_amt": 42.05,
        "sale_ratio": 45.0
      },
      {
        "yyyymm": "202404",
        "chnl_nm": "제휴몰",
        "class3": "반팔카라티셔츠",
        "sale_amt": 9.37,
        "sale_ratio": 10.0
      },
      {
        "yyyymm": "202404",
        "chnl_nm": "제휴몰",
        "class3": "다운점퍼",
        "sale_amt": 4.53,
        "sale_ratio": 5.0
      },
      {
        "yyyymm": "202404",
        "chnl_nm": "제휴몰",
        "class3": "다운베스트",
        "sale_amt": 4.13,
        "sale_ratio": 4.0
      },
      {
        "yyyymm": "202404",
        "chnl_nm": "제휴몰",
        "class3": "신발",
        "sale_amt": 3.4,
        "sale_ratio": 4.0
      },
      {
        "yyyymm": "202404",
        "chnl_nm": "제휴몰",
        "class3": "토드백",
        "sale_amt": 3.19,
        "sale_ratio": 3.0
      },
      {
        "yyyymm": "202404",
        "chnl_nm": "제휴몰",
        "class3": "반팔티셔츠",
        "sale_amt": 2.56,
        "sale_ratio": 3.0
      },
      {
        "yyyymm": "202404",
        "chnl_nm": "제휴몰",
        "class3": "반팔다운",
        "sale_amt": 2.55,
        "sale_ratio": 3.0
      },
      {
        "yyyymm": "202404",
        "chnl_nm": "제휴몰",
        "class3": "맨투맨",
        "sale_amt": 2.26,
        "sale_ratio": 2.0
      },
      {
        "yyyymm": "202404",
        "chnl_nm": "제휴몰",
        "class3": "반바지",
        "sale_amt": 2.02,
        "sale_ratio": 2.0
      },
      {
        "yyyymm": "202404",
        "chnl_nm": "제휴몰",
        "class3": "원피스",
        "sale_amt": 1.66,
        "sale_ratio": 2.0
      },
      {
        "yyyymm": "202404",
        "chnl_nm": "제휴몰",
        "class3": "트레이닝(상의)",
        "sale_amt": 1.54,
        "sale_ratio": 2.0
      },
      {
        "yyyymm": "202404",
        "chnl_nm": "제휴몰",
        "class3": "운동모",
        "sale_amt": 1.51,
        "sale_ratio": 2.0
      },
      {
        "yyyymm": "202404",
        "chnl_nm": "제휴몰",
        "class3": "라운드티",
        "sale_amt": 1.46,
        "sale_ratio": 2.0
      },
      {
        "yyyymm": "202404",
        "chnl_nm": "제휴몰",
        "class3": "베스트",
        "sale_amt": 1.43,
        "sale_ratio": 2.0
      },
      {
        "yyyymm": "202404",
        "chnl_nm": "제휴몰",
        "class3": "벨트백",
        "sale_amt": 1.3,
        "sale_ratio": 1.0
      },
      {
        "yyyymm": "202404",
        "chnl_nm": "제휴몰",
        "class3": "팬츠",
        "sale_amt": 1.16,
        "sale_ratio": 1.0
      },
      {
        "yyyymm": "202404",
        "chnl_nm": "제휴몰",
        "class3": "트레이닝(하의)",
        "sale_amt": 1.16,
        "sale_ratio": 1.0
      },
      {
        "yyyymm": "202404",
        "chnl_nm": "제휴몰",
        "class3": "트레이닝 숏팬츠",
        "sale_amt": 1.1,
        "sale_ratio": 1.0
      },
      {
        "yyyymm": "202404",
        "chnl_nm": "제휴몰",
        "class3": "스커트",
        "sale_amt": 0.94,
        "sale_ratio": 1.0
      },
      {
        "yyyymm": "202404",
        "chnl_nm": "제휴몰",
        "class3": "선캡",
        "sale_amt": 0.91,
        "sale_ratio": 1.0
      },
      {
        "yyyymm": "202404",
        "chnl_nm": "제휴몰",
        "class3": "양말",
        "sale_amt": 0.86,
        "sale_ratio": 1.0
      },
      {
        "yyyymm": "202404",
        "chnl_nm": "제휴몰",
        "class3": "패딩",
        "sale_amt": 0.79,
        "sale_ratio": 1.0
      },
      {
        "yyyymm": "202404",
        "chnl_nm": "제휴몰",
        "class3": "후드티",
        "sale_amt": 0.55,
        "sale_ratio": 1.0
      },
      {
        "yyyymm": "202404",
        "chnl_nm": "제휴몰",
        "class3": "힙색",
        "sale_amt": 0.44,
        "sale_ratio": 0.0
      },
      {
        "yyyymm": "202404",
        "chnl_nm": "제휴몰",
        "class3": "우븐셔츠",
        "sale_amt": 0.36,
        "sale_ratio": 0.0
      },
      {
        "yyyymm": "202404",
        "chnl_nm": "제휴몰",
        "class3": "니트반팔티셔츠",
        "sale_amt": 0.33,
        "sale_ratio": 0.0
      },
      {
        "yyyymm": "202404",
        "chnl_nm": "제휴몰",
        "class3": "스웨트팬츠",
        "sale_amt": 0.29,
        "sale_ratio": 0.0
      },
      {
        "yyyymm": "202404",
        "chnl_nm": "제휴몰",
        "class3": "햇",
        "sale_amt": 0.2,
        "sale_ratio": 0.0
      },
      {
        "yyyymm": "202404",
        "chnl_nm": "제휴몰",
        "class3": "파우치",
        "sale_amt": 0.17,
        "sale_ratio": 0.0
      },
      {
        "yyyymm": "202404",
        "chnl_nm": "제휴몰",
        "class3": "레깅스",
        "sale_amt": 0.14,
        "sale_ratio": 0.0
      },
      {
        "yyyymm": "202404",
        "chnl_nm": "제휴몰",
        "class3": "백팩",
        "sale_amt": 0.0,
        "sale_ratio": 0.0
      },
      {
        "yyyymm": "202404",
        "chnl_nm": "제휴몰",
        "class3": "방한화",
        "sale_amt": 0.0,
        "sale_ratio": 0.0
      },
      {
        "yyyymm": "202404",
        "chnl_nm": "직영점",
        "class3": "방풍자켓",
        "sale_amt": 43.04,
        "sale_ratio": 52.0
      },
      {
        "yyyymm": "202404",
        "chnl_nm": "직영점",
        "class3": "다운점퍼",
        "sale_amt": 7.36,
        "sale_ratio": 9.0
      },
      {
        "yyyymm": "202404",
        "chnl_nm": "직영점",
        "class3": "반팔카라티셔츠",
        "sale_amt": 4.34,
        "sale_ratio": 5.0
      },
      {
        "yyyymm": "202404",
        "chnl_nm": "직영점",
        "class3": "반바지",
        "sale_amt": 4.22,
        "sale_ratio": 5.0
      },
      {
        "yyyymm": "202404",
        "chnl_nm": "직영점",
        "class3": "트레이닝(상의)",
        "sale_amt": 2.46,
        "sale_ratio": 3.0
      },
      {
        "yyyymm": "202404",
        "chnl_nm": "직영점",
        "class3": "토드백",
        "sale_amt": 2.45,
        "sale_ratio": 3.0
      },
      {
        "yyyymm": "202404",
        "chnl_nm": "직영점",
        "class3": "트레이닝 숏팬츠",
        "sale_amt": 2.34,
        "sale_ratio": 3.0
      },
      {
        "yyyymm": "202404",
        "chnl_nm": "직영점",
        "class3": "반팔다운",
        "sale_amt": 2.06,
        "sale_ratio": 2.0
      },
      {
        "yyyymm": "202404",
        "chnl_nm": "직영점",
        "class3": "햇",
        "sale_amt": 1.89,
        "sale_ratio": 2.0
      },
      {
        "yyyymm": "202404",
        "chnl_nm": "직영점",
        "class3": "신발",
        "sale_amt": 1.77,
        "sale_ratio": 2.0
      },
      {
        "yyyymm": "202404",
        "chnl_nm": "직영점",
        "class3": "니트반팔티셔츠",
        "sale_amt": 1.55,
        "sale_ratio": 2.0
      },
      {
        "yyyymm": "202404",
        "chnl_nm": "직영점",
        "class3": "팬츠",
        "sale_amt": 1.1,
        "sale_ratio": 1.0
      },
      {
        "yyyymm": "202404",
        "chnl_nm": "직영점",
        "class3": "베스트",
        "sale_amt": 0.9,
        "sale_ratio": 1.0
      },
      {
        "yyyymm": "202404",
        "chnl_nm": "직영점",
        "class3": "스커트",
        "sale_amt": 0.87,
        "sale_ratio": 1.0
      },
      {
        "yyyymm": "202404",
        "chnl_nm": "직영점",
        "class3": "반팔티셔츠",
        "sale_amt": 0.86,
        "sale_ratio": 1.0
      },
      {
        "yyyymm": "202404",
        "chnl_nm": "직영점",
        "class3": "후드티",
        "sale_amt": 0.78,
        "sale_ratio": 1.0
      },
      {
        "yyyymm": "202404",
        "chnl_nm": "직영점",
        "class3": "스웨트팬츠",
        "sale_amt": 0.7,
        "sale_ratio": 1.0
      },
      {
        "yyyymm": "202404",
        "chnl_nm": "직영점",
        "class3": "운동모",
        "sale_amt": 0.56,
        "sale_ratio": 1.0
      },
      {
        "yyyymm": "202404",
        "chnl_nm": "직영점",
        "class3": "라운드티",
        "sale_amt": 0.56,
        "sale_ratio": 1.0
      },
      {
        "yyyymm": "202404",
        "chnl_nm": "직영점",
        "class3": "힙색",
        "sale_amt": 0.51,
        "sale_ratio": 1.0
      },
      {
        "yyyymm": "202404",
        "chnl_nm": "직영점",
        "class3": "트레이닝(하의)",
        "sale_amt": 0.47,
        "sale_ratio": 1.0
      },
      {
        "yyyymm": "202404",
        "chnl_nm": "직영점",
        "class3": "선캡",
        "sale_amt": 0.38,
        "sale_ratio": 0.0
      },
      {
        "yyyymm": "202404",
        "chnl_nm": "직영점",
        "class3": "맨투맨",
        "sale_amt": 0.36,
        "sale_ratio": 0.0
      },
      {
        "yyyymm": "202404",
        "chnl_nm": "직영점",
        "class3": "우븐셔츠",
        "sale_amt": 0.35,
        "sale_ratio": 0.0
      },
      {
        "yyyymm": "202404",
        "chnl_nm": "직영점",
        "class3": "백팩",
        "sale_amt": 0.26,
        "sale_ratio": 0.0
      },
      {
        "yyyymm": "202404",
        "chnl_nm": "직영점",
        "class3": "크로스백",
        "sale_amt": 0.14,
        "sale_ratio": 0.0
      },
      {
        "yyyymm": "202404",
        "chnl_nm": "직영점",
        "class3": "양말",
        "sale_amt": 0.04,
        "sale_ratio": 0.0
      },
      {
        "yyyymm": "202404",
        "chnl_nm": "직영점",
        "class3": "원피스",
        "sale_amt": 0.0,
        "sale_ratio": 0.0
      },
      {
        "yyyymm": "202404",
        "chnl_nm": "직영점",
        "class3": "레깅스",
        "sale_amt": 0.0,
        "sale_ratio": 0.0
      },
      {
        "yyyymm": "202404",
        "chnl_nm": "자사몰",
        "class3": "방풍자켓",
        "sale_amt": 16.47,
        "sale_ratio": 34.0
      },
      {
        "yyyymm": "202404",
        "chnl_nm": "자사몰",
        "class3": "반팔카라티셔츠",
        "sale_amt": 3.65,
        "sale_ratio": 8.0
      },
      {
        "yyyymm": "202404",
        "chnl_nm": "자사몰",
        "class3": "신발",
        "sale_amt": 3.65,
        "sale_ratio": 8.0
      },
      {
        "yyyymm": "202404",
        "chnl_nm": "자사몰",
        "class3": "트레이닝(상의)",
        "sale_amt": 2.82,
        "sale_ratio": 6.0
      },
      {
        "yyyymm": "202404",
        "chnl_nm": "자사몰",
        "class3": "반팔티셔츠",
        "sale_amt": 2.44,
        "sale_ratio": 5.0
      },
      {
        "yyyymm": "202404",
        "chnl_nm": "자사몰",
        "class3": "베스트",
        "sale_amt": 2.12,
        "sale_ratio": 4.0
      },
      {
        "yyyymm": "202404",
        "chnl_nm": "자사몰",
        "class3": "다운베스트",
        "sale_amt": 1.78,
        "sale_ratio": 4.0
      },
      {
        "yyyymm": "202404",
        "chnl_nm": "자사몰",
        "class3": "반바지",
        "sale_amt": 1.58,
        "sale_ratio": 3.0
      },
      {
        "yyyymm": "202404",
        "chnl_nm": "자사몰",
        "class3": "라운드티",
        "sale_amt": 1.45,
        "sale_ratio": 3.0
      },
      {
        "yyyymm": "202404",
        "chnl_nm": "자사몰",
        "class3": "토드백",
        "sale_amt": 1.32,
        "sale_ratio": 3.0
      },
      {
        "yyyymm": "202404",
        "chnl_nm": "자사몰",
        "class3": "패딩",
        "sale_amt": 1.29,
        "sale_ratio": 3.0
      },
      {
        "yyyymm": "202404",
        "chnl_nm": "자사몰",
        "class3": "팬츠",
        "sale_amt": 1.29,
        "sale_ratio": 3.0
      },
      {
        "yyyymm": "202404",
        "chnl_nm": "자사몰",
        "class3": "레깅스",
        "sale_amt": 0.89,
        "sale_ratio": 2.0
      },
      {
        "yyyymm": "202404",
        "chnl_nm": "자사몰",
        "class3": "스커트",
        "sale_amt": 0.88,
        "sale_ratio": 2.0
      },
      {
        "yyyymm": "202404",
        "chnl_nm": "자사몰",
        "class3": "선캡",
        "sale_amt": 0.83,
        "sale_ratio": 2.0
      },
      {
        "yyyymm": "202404",
        "chnl_nm": "자사몰",
        "class3": "맨투맨",
        "sale_amt": 0.8,
        "sale_ratio": 2.0
      },
      {
        "yyyymm": "202404",
        "chnl_nm": "자사몰",
        "class3": "원피스",
        "sale_amt": 0.79,
        "sale_ratio": 2.0
      },
      {
        "yyyymm": "202404",
        "chnl_nm": "자사몰",
        "class3": "트레이닝(하의)",
        "sale_amt": 0.72,
        "sale_ratio": 1.0
      },
      {
        "yyyymm": "202404",
        "chnl_nm": "자사몰",
        "class3": "햇",
        "sale_amt": 0.56,
        "sale_ratio": 1.0
      },
      {
        "yyyymm": "202404",
        "chnl_nm": "자사몰",
        "class3": "트레이닝 숏팬츠",
        "sale_amt": 0.55,
        "sale_ratio": 1.0
      },
      {
        "yyyymm": "202404",
        "chnl_nm": "자사몰",
        "class3": "운동모",
        "sale_amt": 0.54,
        "sale_ratio": 1.0
      },
      {
        "yyyymm": "202404",
        "chnl_nm": "자사몰",
        "class3": "양말",
        "sale_amt": 0.52,
        "sale_ratio": 1.0
      },
      {
        "yyyymm": "202404",
        "chnl_nm": "자사몰",
        "class3": "니트반팔티셔츠",
        "sale_amt": 0.49,
        "sale_ratio": 1.0
      },
      {
        "yyyymm": "202404",
        "chnl_nm": "자사몰",
        "class3": "후드티",
        "sale_amt": 0.48,
        "sale_ratio": 1.0
      },
      {
        "yyyymm": "202404",
        "chnl_nm": "자사몰",
        "class3": "벨트백",
        "sale_amt": 0.28,
        "sale_ratio": 1.0
      },
      {
        "yyyymm": "202404",
        "chnl_nm": "자사몰",
        "class3": "장갑",
        "sale_amt": 0.22,
        "sale_ratio": 0.0
      },
      {
        "yyyymm": "202404",
        "chnl_nm": "자사몰",
        "class3": "다운점퍼",
        "sale_amt": 0.0,
        "sale_ratio": 0.0
      },
      {
        "yyyymm": "202304",
        "chnl_nm": "아울렛",
        "class3": "방풍자켓",
        "sale_amt": 89.04,
        "sale_ratio": 43.0
      },
      {
        "yyyymm": "202304",
        "chnl_nm": "아울렛",
        "class3": "다운점퍼",
        "sale_amt": 30.9,
        "sale_ratio": 15.0
      },
      {
        "yyyymm": "202304",
        "chnl_nm": "아울렛",
        "class3": "다운베스트",
        "sale_amt": 15.56,
        "sale_ratio": 8.0
      },
      {
        "yyyymm": "202304",
        "chnl_nm": "아울렛",
        "class3": "반팔카라티셔츠",
        "sale_amt": 14.63,
        "sale_ratio": 7.0
      },
      {
        "yyyymm": "202304",
        "chnl_nm": "아울렛",
        "class3": "반팔다운",
        "sale_amt": 12.63,
        "sale_ratio": 6.0
      },
      {
        "yyyymm": "202304",
        "chnl_nm": "아울렛",
        "class3": "스커트",
        "sale_amt": 8.22,
        "sale_ratio": 4.0
      },
      {
        "yyyymm": "202304",
        "chnl_nm": "아울렛",
        "class3": "반바지",
        "sale_amt": 6.03,
        "sale_ratio": 3.0
      },
      {
        "yyyymm": "202304",
        "chnl_nm": "아울렛",
        "class3": "라운드티",
        "sale_amt": 5.78,
        "sale_ratio": 3.0
      },
      {
        "yyyymm": "202304",
        "chnl_nm": "아울렛",
        "class3": "베스트",
        "sale_amt": 3.86,
        "sale_ratio": 2.0
      },
      {
        "yyyymm": "202304",
        "chnl_nm": "아울렛",
        "class3": "팬츠",
        "sale_amt": 3.17,
        "sale_ratio": 2.0
      },
      {
        "yyyymm": "202304",
        "chnl_nm": "아울렛",
        "class3": "원피스",
        "sale_amt": 2.84,
        "sale_ratio": 1.0
      },
      {
        "yyyymm": "202304",
        "chnl_nm": "아울렛",
        "class3": "후드티",
        "sale_amt": 2.19,
        "sale_ratio": 1.0
      },
      {
        "yyyymm": "202304",
        "chnl_nm": "아울렛",
        "class3": "토드백",
        "sale_amt": 1.54,
        "sale_ratio": 1.0
      },
      {
        "yyyymm": "202304",
        "chnl_nm": "아울렛",
        "class3": "트레이닝(하의)",
        "sale_amt": 1.3,
        "sale_ratio": 1.0
      },
      {
        "yyyymm": "202304",
        "chnl_nm": "아울렛",
        "class3": "맨투맨",
        "sale_amt": 1.18,
        "sale_ratio": 1.0
      },
      {
        "yyyymm": "202304",
        "chnl_nm": "아울렛",
        "class3": "선캡",
        "sale_amt": 1.13,
        "sale_ratio": 1.0
      },
      {
        "yyyymm": "202304",
        "chnl_nm": "아울렛",
        "class3": "트레이닝(상의)",
        "sale_amt": 1.04,
        "sale_ratio": 1.0
      },
      {
        "yyyymm": "202304",
        "chnl_nm": "아울렛",
        "class3": "벨트백",
        "sale_amt": 0.82,
        "sale_ratio": 0.0
      },
      {
        "yyyymm": "202304",
        "chnl_nm": "아울렛",
        "class3": "니트풀오버",
        "sale_amt": 0.82,
        "sale_ratio": 0.0
      },
      {
        "yyyymm": "202304",
        "chnl_nm": "아울렛",
        "class3": "운동모",
        "sale_amt": 0.59,
        "sale_ratio": 0.0
      },
      {
        "yyyymm": "202304",
        "chnl_nm": "아울렛",
        "class3": "패딩",
        "sale_amt": 0.55,
        "sale_ratio": 0.0
      },
      {
        "yyyymm": "202304",
        "chnl_nm": "아울렛",
        "class3": "레깅스",
        "sale_amt": 0.34,
        "sale_ratio": 0.0
      },
      {
        "yyyymm": "202304",
        "chnl_nm": "아울렛",
        "class3": "기타가방",
        "sale_amt": 0.26,
        "sale_ratio": 0.0
      },
      {
        "yyyymm": "202304",
        "chnl_nm": "아울렛",
        "class3": "장갑",
        "sale_amt": 0.24,
        "sale_ratio": 0.0
      },
      {
        "yyyymm": "202304",
        "chnl_nm": "아울렛",
        "class3": "햇",
        "sale_amt": 0.11,
        "sale_ratio": 0.0
      },
      {
        "yyyymm": "202304",
        "chnl_nm": "아울렛",
        "class3": "양말",
        "sale_amt": 0.08,
        "sale_ratio": 0.0
      },
      {
        "yyyymm": "202304",
        "chnl_nm": "아울렛",
        "class3": "소프트쉘",
        "sale_amt": 0.0,
        "sale_ratio": 0.0
      },
      {
        "yyyymm": "202304",
        "chnl_nm": "아울렛",
        "class3": "다운쇼츠",
        "sale_amt": 0.0,
        "sale_ratio": 0.0
      },
      {
        "yyyymm": "202304",
        "chnl_nm": "아울렛",
        "class3": "보스톤백",
        "sale_amt": 0.0,
        "sale_ratio": 0.0
      },
      {
        "yyyymm": "202304",
        "chnl_nm": "아울렛",
        "class3": "스웨트팬츠",
        "sale_amt": 0.0,
        "sale_ratio": 0.0
      },
      {
        "yyyymm": "202304",
        "chnl_nm": "아울렛",
        "class3": "방수자켓",
        "sale_amt": 0.0,
        "sale_ratio": 0.0
      },
      {
        "yyyymm": "202304",
        "chnl_nm": "아울렛",
        "class3": "가방",
        "sale_amt": 0.0,
        "sale_ratio": 0.0
      },
      {
        "yyyymm": "202304",
        "chnl_nm": "백화점",
        "class3": "방풍자켓",
        "sale_amt": 94.51,
        "sale_ratio": 59.0
      },
      {
        "yyyymm": "202304",
        "chnl_nm": "백화점",
        "class3": "반팔카라티셔츠",
        "sale_amt": 10.61,
        "sale_ratio": 7.0
      },
      {
        "yyyymm": "202304",
        "chnl_nm": "백화점",
        "class3": "니트반팔티셔츠",
        "sale_amt": 5.37,
        "sale_ratio": 3.0
      },
      {
        "yyyymm": "202304",
        "chnl_nm": "백화점",
        "class3": "스커트",
        "sale_amt": 4.98,
        "sale_ratio": 3.0
      },
      {
        "yyyymm": "202304",
        "chnl_nm": "백화점",
        "class3": "라운드티",
        "sale_amt": 4.89,
        "sale_ratio": 3.0
      },
      {
        "yyyymm": "202304",
        "chnl_nm": "백화점",
        "class3": "반바지",
        "sale_amt": 4.5,
        "sale_ratio": 3.0
      },
      {
        "yyyymm": "202304",
        "chnl_nm": "백화점",
        "class3": "원피스",
        "sale_amt": 4.13,
        "sale_ratio": 3.0
      },
      {
        "yyyymm": "202304",
        "chnl_nm": "백화점",
        "class3": "트레이닝 숏팬츠",
        "sale_amt": 4.07,
        "sale_ratio": 3.0
      },
      {
        "yyyymm": "202304",
        "chnl_nm": "백화점",
        "class3": "후드티",
        "sale_amt": 3.89,
        "sale_ratio": 2.0
      },
      {
        "yyyymm": "202304",
        "chnl_nm": "백화점",
        "class3": "선캡",
        "sale_amt": 3.37,
        "sale_ratio": 2.0
      },
      {
        "yyyymm": "202304",
        "chnl_nm": "백화점",
        "class3": "토드백",
        "sale_amt": 2.38,
        "sale_ratio": 1.0
      },
      {
        "yyyymm": "202304",
        "chnl_nm": "백화점",
        "class3": "반팔다운",
        "sale_amt": 2.22,
        "sale_ratio": 1.0
      },
      {
        "yyyymm": "202304",
        "chnl_nm": "백화점",
        "class3": "햇",
        "sale_amt": 2.13,
        "sale_ratio": 1.0
      },
      {
        "yyyymm": "202304",
        "chnl_nm": "백화점",
        "class3": "벨트백",
        "sale_amt": 1.98,
        "sale_ratio": 1.0
      },
      {
        "yyyymm": "202304",
        "chnl_nm": "백화점",
        "class3": "양말",
        "sale_amt": 1.72,
        "sale_ratio": 1.0
      },
      {
        "yyyymm": "202304",
        "chnl_nm": "백화점",
        "class3": "다운점퍼",
        "sale_amt": 1.54,
        "sale_ratio": 1.0
      },
      {
        "yyyymm": "202304",
        "chnl_nm": "백화점",
        "class3": "베스트",
        "sale_amt": 1.41,
        "sale_ratio": 1.0
      },
      {
        "yyyymm": "202304",
        "chnl_nm": "백화점",
        "class3": "맨투맨",
        "sale_amt": 1.37,
        "sale_ratio": 1.0
      },
      {
        "yyyymm": "202304",
        "chnl_nm": "백화점",
        "class3": "스웨트팬츠",
        "sale_amt": 1.09,
        "sale_ratio": 1.0
      },
      {
        "yyyymm": "202304",
        "chnl_nm": "백화점",
        "class3": "팬츠",
        "sale_amt": 0.96,
        "sale_ratio": 1.0
      },
      {
        "yyyymm": "202304",
        "chnl_nm": "백화점",
        "class3": "운동모",
        "sale_amt": 0.94,
        "sale_ratio": 1.0
      },
      {
        "yyyymm": "202304",
        "chnl_nm": "백화점",
        "class3": "트레이닝(하의)",
        "sale_amt": 0.49,
        "sale_ratio": 0.0
      },
      {
        "yyyymm": "202304",
        "chnl_nm": "백화점",
        "class3": "니트스커트",
        "sale_amt": 0.47,
        "sale_ratio": 0.0
      },
      {
        "yyyymm": "202304",
        "chnl_nm": "백화점",
        "class3": "비니",
        "sale_amt": 0.0,
        "sale_ratio": 0.0
      },
      {
        "yyyymm": "202304",
        "chnl_nm": "백화점",
        "class3": "니트풀오버",
        "sale_amt": 0.0,
        "sale_ratio": 0.0
      },
      {
        "yyyymm": "202304",
        "chnl_nm": "백화점",
        "class3": "장갑",
        "sale_amt": 0.0,
        "sale_ratio": 0.0
      },
      {
        "yyyymm": "202304",
        "chnl_nm": "백화점",
        "class3": "트레이닝(상의)",
        "sale_amt": 0.0,
        "sale_ratio": 0.0
      },
      {
        "yyyymm": "202304",
        "chnl_nm": "백화점",
        "class3": "기타가방",
        "sale_amt": 0.0,
        "sale_ratio": 0.0
      },
      {
        "yyyymm": "202304",
        "chnl_nm": "백화점",
        "class3": "다운 스카프",
        "sale_amt": 0.0,
        "sale_ratio": 0.0
      },
      {
        "yyyymm": "202304",
        "chnl_nm": "백화점",
        "class3": "패딩",
        "sale_amt": 0.0,
        "sale_ratio": 0.0
      },
      {
        "yyyymm": "202304",
        "chnl_nm": "백화점",
        "class3": "레깅스",
        "sale_amt": 0.0,
        "sale_ratio": 0.0
      },
      {
        "yyyymm": "202304",
        "chnl_nm": "백화점",
        "class3": "다운베스트",
        "sale_amt": -0.11,
        "sale_ratio": 0.0
      },
      {
        "yyyymm": "202304",
        "chnl_nm": "자사몰",
        "class3": "방풍자켓",
        "sale_amt": 17.41,
        "sale_ratio": 40.0
      },
      {
        "yyyymm": "202304",
        "chnl_nm": "자사몰",
        "class3": "반팔카라티셔츠",
        "sale_amt": 4.75,
        "sale_ratio": 11.0
      },
      {
        "yyyymm": "202304",
        "chnl_nm": "자사몰",
        "class3": "베스트",
        "sale_amt": 2.6,
        "sale_ratio": 6.0
      },
      {
        "yyyymm": "202304",
        "chnl_nm": "자사몰",
        "class3": "반바지",
        "sale_amt": 2.32,
        "sale_ratio": 5.0
      },
      {
        "yyyymm": "202304",
        "chnl_nm": "자사몰",
        "class3": "반팔다운",
        "sale_amt": 1.87,
        "sale_ratio": 4.0
      },
      {
        "yyyymm": "202304",
        "chnl_nm": "자사몰",
        "class3": "스커트",
        "sale_amt": 1.47,
        "sale_ratio": 3.0
      },
      {
        "yyyymm": "202304",
        "chnl_nm": "자사몰",
        "class3": "라운드티",
        "sale_amt": 1.34,
        "sale_ratio": 3.0
      },
      {
        "yyyymm": "202304",
        "chnl_nm": "자사몰",
        "class3": "후드티",
        "sale_amt": 1.23,
        "sale_ratio": 3.0
      },
      {
        "yyyymm": "202304",
        "chnl_nm": "자사몰",
        "class3": "트레이닝(상의)",
        "sale_amt": 1.09,
        "sale_ratio": 3.0
      },
      {
        "yyyymm": "202304",
        "chnl_nm": "자사몰",
        "class3": "다운점퍼",
        "sale_amt": 1.09,
        "sale_ratio": 3.0
      },
      {
        "yyyymm": "202304",
        "chnl_nm": "자사몰",
        "class3": "니트반팔티셔츠",
        "sale_amt": 1.06,
        "sale_ratio": 2.0
      },
      {
        "yyyymm": "202304",
        "chnl_nm": "자사몰",
        "class3": "다운베스트",
        "sale_amt": 0.98,
        "sale_ratio": 2.0
      },
      {
        "yyyymm": "202304",
        "chnl_nm": "자사몰",
        "class3": "토드백",
        "sale_amt": 0.96,
        "sale_ratio": 2.0
      },
      {
        "yyyymm": "202304",
        "chnl_nm": "자사몰",
        "class3": "선캡",
        "sale_amt": 0.9,
        "sale_ratio": 2.0
      },
      {
        "yyyymm": "202304",
        "chnl_nm": "자사몰",
        "class3": "원피스",
        "sale_amt": 0.79,
        "sale_ratio": 2.0
      },
      {
        "yyyymm": "202304",
        "chnl_nm": "자사몰",
        "class3": "맨투맨",
        "sale_amt": 0.68,
        "sale_ratio": 2.0
      },
      {
        "yyyymm": "202304",
        "chnl_nm": "자사몰",
        "class3": "트레이닝(하의)",
        "sale_amt": 0.45,
        "sale_ratio": 1.0
      },
      {
        "yyyymm": "202304",
        "chnl_nm": "자사몰",
        "class3": "햇",
        "sale_amt": 0.44,
        "sale_ratio": 1.0
      },
      {
        "yyyymm": "202304",
        "chnl_nm": "자사몰",
        "class3": "벨트백",
        "sale_amt": 0.39,
        "sale_ratio": 1.0
      },
      {
        "yyyymm": "202304",
        "chnl_nm": "자사몰",
        "class3": "운동모",
        "sale_amt": 0.39,
        "sale_ratio": 1.0
      },
      {
        "yyyymm": "202304",
        "chnl_nm": "자사몰",
        "class3": "레깅스",
        "sale_amt": 0.39,
        "sale_ratio": 1.0
      },
      {
        "yyyymm": "202304",
        "chnl_nm": "자사몰",
        "class3": "스웨트팬츠",
        "sale_amt": 0.39,
        "sale_ratio": 1.0
      },
      {
        "yyyymm": "202304",
        "chnl_nm": "자사몰",
        "class3": "기타가방",
        "sale_amt": 0.32,
        "sale_ratio": 1.0
      },
      {
        "yyyymm": "202304",
        "chnl_nm": "자사몰",
        "class3": "양말",
        "sale_amt": 0.22,
        "sale_ratio": 1.0
      },
      {
        "yyyymm": "202304",
        "chnl_nm": "자사몰",
        "class3": "비니",
        "sale_amt": 0.0,
        "sale_ratio": 0.0
      },
      {
        "yyyymm": "202304",
        "chnl_nm": "자사몰",
        "class3": "팬츠",
        "sale_amt": 0.0,
        "sale_ratio": 0.0
      },
      {
        "yyyymm": "202304",
        "chnl_nm": "직영점",
        "class3": "방풍자켓",
        "sale_amt": 12.28,
        "sale_ratio": 54.0
      },
      {
        "yyyymm": "202304",
        "chnl_nm": "직영점",
        "class3": "반팔카라티셔츠",
        "sale_amt": 2.18,
        "sale_ratio": 9.0
      },
      {
        "yyyymm": "202304",
        "chnl_nm": "직영점",
        "class3": "니트반팔티셔츠",
        "sale_amt": 1.87,
        "sale_ratio": 8.0
      },
      {
        "yyyymm": "202304",
        "chnl_nm": "직영점",
        "class3": "팬츠",
        "sale_amt": 1.33,
        "sale_ratio": 6.0
      },
      {
        "yyyymm": "202304",
        "chnl_nm": "직영점",
        "class3": "스커트",
        "sale_amt": 0.94,
        "sale_ratio": 4.0
      },
      {
        "yyyymm": "202304",
        "chnl_nm": "직영점",
        "class3": "반바지",
        "sale_amt": 0.94,
        "sale_ratio": 4.0
      },
      {
        "yyyymm": "202304",
        "chnl_nm": "직영점",
        "class3": "원피스",
        "sale_amt": 0.71,
        "sale_ratio": 3.0
      },
      {
        "yyyymm": "202304",
        "chnl_nm": "직영점",
        "class3": "선캡",
        "sale_amt": 0.59,
        "sale_ratio": 3.0
      },
      {
        "yyyymm": "202304",
        "chnl_nm": "직영점",
        "class3": "토드백",
        "sale_amt": 0.54,
        "sale_ratio": 2.0
      },
      {
        "yyyymm": "202304",
        "chnl_nm": "직영점",
        "class3": "니트스커트",
        "sale_amt": 0.44,
        "sale_ratio": 2.0
      },
      {
        "yyyymm": "202304",
        "chnl_nm": "직영점",
        "class3": "라운드티",
        "sale_amt": 0.39,
        "sale_ratio": 2.0
      },
      {
        "yyyymm": "202304",
        "chnl_nm": "직영점",
        "class3": "양말",
        "sale_amt": 0.29,
        "sale_ratio": 1.0
      },
      {
        "yyyymm": "202304",
        "chnl_nm": "직영점",
        "class3": "운동모",
        "sale_amt": 0.25,
        "sale_ratio": 1.0
      },
      {
        "yyyymm": "202304",
        "chnl_nm": "직영점",
        "class3": "벨트백",
        "sale_amt": 0.16,
        "sale_ratio": 1.0
      },
      {
        "yyyymm": "202304",
        "chnl_nm": "직영점",
        "class3": "반팔다운",
        "sale_amt": 0.0,
        "sale_ratio": 0.0
      },
      {
        "yyyymm": "202304",
        "chnl_nm": "직영점",
        "class3": "다운점퍼",
        "sale_amt": 0.0,
        "sale_ratio": 0.0
      },
      {
        "yyyymm": "202304",
        "chnl_nm": "직영점",
        "class3": "다운베스트",
        "sale_amt": 0.0,
        "sale_ratio": 0.0
      },
      {
        "yyyymm": "202304",
        "chnl_nm": "직영점",
        "class3": "기타가방",
        "sale_amt": 0.0,
        "sale_ratio": 0.0
      },
      {
        "yyyymm": "202304",
        "chnl_nm": "제휴몰",
        "class3": "방풍자켓",
        "sale_amt": 8.47,
        "sale_ratio": 57.0
      },
      {
        "yyyymm": "202304",
        "chnl_nm": "제휴몰",
        "class3": "스커트",
        "sale_amt": 1.95,
        "sale_ratio": 13.0
      },
      {
        "yyyymm": "202304",
        "chnl_nm": "제휴몰",
        "class3": "반팔카라티셔츠",
        "sale_amt": 1.79,
        "sale_ratio": 12.0
      },
      {
        "yyyymm": "202304",
        "chnl_nm": "제휴몰",
        "class3": "니트반팔티셔츠",
        "sale_amt": 1.57,
        "sale_ratio": 11.0
      },
      {
        "yyyymm": "202304",
        "chnl_nm": "제휴몰",
        "class3": "트레이닝 숏팬츠",
        "sale_amt": 0.49,
        "sale_ratio": 3.0
      },
      {
        "yyyymm": "202304",
        "chnl_nm": "제휴몰",
        "class3": "라운드티",
        "sale_amt": 0.27,
        "sale_ratio": 2.0
      },
      {
        "yyyymm": "202304",
        "chnl_nm": "제휴몰",
        "class3": "선캡",
        "sale_amt": 0.27,
        "sale_ratio": 2.0
      },
      {
        "yyyymm": "202304",
        "chnl_nm": "제휴몰",
        "class3": "햇",
        "sale_amt": 0.19,
        "sale_ratio": 1.0
      },
      {
        "yyyymm": "202304",
        "chnl_nm": "제휴몰",
        "class3": "운동모",
        "sale_amt": 0.13,
        "sale_ratio": 1.0
      },
      {
        "yyyymm": "202304",
        "chnl_nm": "제휴몰",
        "class3": "양말",
        "sale_amt": 0.07,
        "sale_ratio": 0.0
      },
      {
        "yyyymm": "202304",
        "chnl_nm": "제휴몰",
        "class3": "소프트쉘",
        "sale_amt": 0.0,
        "sale_ratio": 0.0
      },
      {
        "yyyymm": "202304",
        "chnl_nm": "제휴몰",
        "class3": "다운베스트",
        "sale_amt": 0.0,
        "sale_ratio": 0.0
      },
      {
        "yyyymm": "202304",
        "chnl_nm": "제휴몰",
        "class3": "반팔다운",
        "sale_amt": 0.0,
        "sale_ratio": 0.0
      },
      {
        "yyyymm": "202304",
        "chnl_nm": "제휴몰",
        "class3": "패딩",
        "sale_amt": 0.0,
        "sale_ratio": 0.0
      },
      {
        "yyyymm": "202304",
        "chnl_nm": "제휴몰",
        "class3": "토드백",
        "sale_amt": 0.0,
        "sale_ratio": 0.0
      },
      {
        "yyyymm": "202304",
        "chnl_nm": "제휴몰",
        "class3": "원피스",
        "sale_amt": 0.0,
        "sale_ratio": 0.0
      },
      {
        "yyyymm": "202304",
        "chnl_nm": "제휴몰",
        "class3": "다운점퍼",
        "sale_amt": 0.0,
        "sale_ratio": 0.0
      },
      {
        "yyyymm": "202304",
        "chnl_nm": "제휴몰",
        "class3": "장갑",
        "sale_amt": 0.0,
        "sale_ratio": 0.0
      },
      {
        "yyyymm": "202304",
        "chnl_nm": "제휴몰",
        "class3": "스웨트팬츠",
        "sale_amt": 0.0,
        "sale_ratio": 0.0
      },
      {
        "yyyymm": "202304",
        "chnl_nm": "제휴몰",
        "class3": "벨트백",
        "sale_amt": -0.29,
        "sale_ratio": -2.0
      }
    ]
  }
}