{
  "country": "KR",
  "brand_cd": "W",
  "brand_name": "SUPRA",
  "yyyymm": "202405",
  "yyyymm_py": "202305",
  "key": "실판매출",
  "sub_key": "채널별매출분석",
  "analysis_data": {
    "title": "채널별 매출 top3 분석 (당해 전년 주요변화)",
    "sections": [
      {
        "div": "면세점",
        "sub_title": "면세점 전년대비 주요 변화",
        "ai_text": "면세점 채널은 전년 대비 221.5% 성장(29백만원→92백만원)으로 가장 폭발적인 성장세를 보임\n\n• 반팔티셔츠: 53백만원(57.0%) - 전년 9백만원 대비 497.9% 폭증으로 면세점 핵심 아이템으로 급부상, 해외 관광객 회복과 함께 기본 아이템 선호도 급증\n• 신발: 7백만원(8.0%) - 전년 12백만원 대비 36.9% 감소했으나 여전히 2위 유지, 면세점 특성상 고가 스니커즈 중심 판매 지속\n• 진바지: 5백만원(6.0%) - 전년 데이터 없음에서 신규 진입, 클래식 데님 라인 면세점 입점 효과로 분석\n\n📈 단기전략: 반팔티셔츠 라인 확대와 면세점 전용 패키지 상품 개발 집중\n📊 중장기전략: 면세점 채널 특화 프리미엄 라인 구축 및 해외 관광객 타겟 마케팅 강화"
      },
      {
        "div": "제휴몰",
        "sub_title": "제휴몰 전년대비 주요 변화",
        "ai_text": "제휴몰 채널은 전년 대비 590.8% 성장(3백만원→23백만원)으로 온라인 채널 중 가장 높은 성장률 기록\n\n• 신발: 8백만원(36.0%) - 전년 1백만원 대비 660.3% 폭증, 제휴몰 특가 이벤트와 온라인 전용 모델 출시 효과 극대화\n• 반팔티셔츠: 6백만원(26.0%) - 전년 1백만원 대비 642.8% 급성장, 제휴몰 라이브커머스와 인플루언서 마케팅 시너지 효과\n• 방풍자켓: 2백만원(9.0%) - 전년 데이터 없음에서 신규 진입, 계절 상품임에도 5월 판매 호조는 기능성 아우터 니즈 증가 반영\n\n📈 단기전략: 제휴몰 전용 상품 라인 확대 및 라이브커머스 콘텐츠 강화\n📊 중장기전략: 제휴몰별 차별화된 상품 포트폴리오 구축 및 데이터 기반 타겟 마케팅 고도화"
      },
      {
        "div": "자사몰",
        "sub_title": "자사몰 전년대비 주요 변화",
        "ai_text": "자사몰 채널은 전년 대비 57.6% 성장(9백만원→14백만원)으로 안정적 성장세 유지\n\n• 신발: 8백만원(58.0%) - 전년 3백만원 대비 170.2% 성장, 자사몰 회원 대상 신상품 선출시와 적립금 혜택으로 충성도 높은 고객 확보\n• 반팔티셔츠: 4백만원(26.0%) - 전년 5백만원 대비 21.8% 감소, 타 채널 대비 상대적으로 부진하나 여전히 핵심 아이템 지위 유지\n• 운동모: 1백만원(4.0%) - 전년 대비 835.6% 폭증(0.1백만원→0.6백만원), 자사몰 한정 컬러웨이 출시로 컬렉터 니즈 충족\n\n📈 단기전략: 자사몰 회원 전용 혜택 강화 및 신상품 선출시 마케팅 확대\n📊 중장기전략: 자사몰 CRM 고도화를 통한 개인화 서비스 제공 및 브랜드 충성도 극대화"
      },
      {
        "div": "종합분석-1",
        "sub_title": "최고 성과 채널",
        "ai_text": "제휴몰이 590.4% 성장으로 최고 성장률을 기록하며 23백만원 매출을 달성했고, 면세점은 221.6% 성장으로 92백만원의 최대 매출 규모를 보임.\n직영점이 171백만원으로 전체 매출의 57%를 차지하며 브랜드의 핵심 채널 역할을 수행하고 있음."
      },
      {
        "div": "종합분석-2",
        "sub_title": "개선 필요 채널",
        "ai_text": "자사몰이 57.6% 성장에 그쳐 다른 채널 대비 성장세가 둔화되고 있으며, 14백만원의 상대적으로 낮은 매출 규모를 보임.\n제휴몰에서 맨투맨 아이템이 마이너스 매출(-89천원)을 기록하는 등 일부 아이템의 판매 부진이 확인됨."
      },
      {
        "div": "종합분석-3",
        "sub_title": "핵심 제안",
        "ai_text": "제휴몰의 높은 성장 모멘텀을 활용하여 신발(8백만원)과 반팔티셔츠(6백만원) 중심의 상품 확대 전략을 수립하고, 면세점의 반팔티셔츠 집중도(57%)를 다른 채널로 확산 적용.\n자사몰의 성장 둔화 해결을 위해 신발 중심(8백만원, 58%)의 성공 모델을 반팔티셔츠 등 다른 카테고리로 확장하는 상품 다각화 전략 필요."
      }
    ]
  },
  "summary": {
    "total_sales": 356.68,
    "total_sales_cy": 300.33,
    "total_sales_py": 56.35,
    "change_pct": 433.0,
    "unique_channels": 5,
    "unique_items": 34,
    "unique_months": 2,
    "analysis_period": "2023년 5월 vs 2024년 5월"
  },
  "channel_summary": {
    "직영점": {
      "total_sales": 170.85,
      "months": {
        "202405": 170850870.0
      },
      "top_items": [
        {
          "class3": "반팔티셔츠",
          "total_sales": 63.51
        },
        {
          "class3": "신발",
          "total_sales": 25.56
        },
        {
          "class3": "방풍자켓",
          "total_sales": 16.52
        },
        {
          "class3": "운동모",
          "total_sales": 9.89
        },
        {
          "class3": "우븐반바지",
          "total_sales": 8.42
        }
      ]
    },
    "면세점": {
      "total_sales": 120.71,
      "months": {
        "202405": 92079010.0,
        "202305": 28631000.0
      },
      "top_items": [
        {
          "class3": "반팔티셔츠",
          "total_sales": 61.3
        },
        {
          "class3": "신발",
          "total_sales": 19.05
        },
        {
          "class3": "진바지",
          "total_sales": 5.41
        },
        {
          "class3": "운동모",
          "total_sales": 5.29
        },
        {
          "class3": "방풍자켓",
          "total_sales": 5.03
        }
      ]
    },
    "제휴몰": {
      "total_sales": 26.4,
      "months": {
        "202405": 23057500.0,
        "202305": 3337900.0
      },
      "top_items": [
        {
          "class3": "신발",
          "total_sales": 9.42
        },
        {
          "class3": "반팔티셔츠",
          "total_sales": 6.76
        },
        {
          "class3": "방풍자켓",
          "total_sales": 2.13
        },
        {
          "class3": "운동모",
          "total_sales": 1.47
        },
        {
          "class3": "우븐팬츠",
          "total_sales": 1.19
        }
      ]
    },
    "자사몰": {
      "total_sales": 23.45,
      "months": {
        "202405": 14343000.0,
        "202305": 9103640.0
      },
      "top_items": [
        {
          "class3": "신발",
          "total_sales": 11.35
        },
        {
          "class3": "반팔티셔츠",
          "total_sales": 8.41
        },
        {
          "class3": "우븐반바지",
          "total_sales": 0.63
        },
        {
          "class3": "운동모",
          "total_sales": 0.61
        },
        {
          "class3": "반바지",
          "total_sales": 0.5
        }
      ]
    },
    "백화점": {
      "total_sales": 15.28,
      "months": {
        "202305": 15276010.0
      },
      "top_items": [
        {
          "class3": "반팔티셔츠",
          "total_sales": 8.64
        },
        {
          "class3": "신발",
          "total_sales": 1.47
        },
        {
          "class3": "반바지",
          "total_sales": 1.16
        },
        {
          "class3": "우븐반바지",
          "total_sales": 1.0
        },
        {
          "class3": "점퍼",
          "total_sales": 0.76
        }
      ]
    }
  },
  "channel_summary_overall": {
    "직영점": {
      "current_sales": 170.85,
      "previous_sales": 0.0,
      "all_items": [
        {
          "class3": "반팔티셔츠",
          "total_sales": 63.51
        },
        {
          "class3": "신발",
          "total_sales": 25.56
        },
        {
          "class3": "방풍자켓",
          "total_sales": 16.52
        },
        {
          "class3": "운동모",
          "total_sales": 9.89
        },
        {
          "class3": "우븐반바지",
          "total_sales": 8.42
        },
        {
          "class3": "우븐팬츠",
          "total_sales": 6.34
        },
        {
          "class3": "점퍼",
          "total_sales": 5.13
        },
        {
          "class3": "반바지",
          "total_sales": 4.62
        },
        {
          "class3": "팬츠",
          "total_sales": 4.62
        },
        {
          "class3": "맨투맨",
          "total_sales": 4.1
        },
        {
          "class3": "가방",
          "total_sales": 3.75
        },
        {
          "class3": "후드티",
          "total_sales": 3.34
        },
        {
          "class3": "슬리퍼",
          "total_sales": 3.17
        },
        {
          "class3": "데님셔츠",
          "total_sales": 2.04
        },
        {
          "class3": "백팩",
          "total_sales": 1.79
        },
        {
          "class3": "양말",
          "total_sales": 1.63
        },
        {
          "class3": "햇",
          "total_sales": 1.36
        },
        {
          "class3": "다운점퍼",
          "total_sales": 1.08
        },
        {
          "class3": "진바지",
          "total_sales": 0.9
        },
        {
          "class3": "우븐셔츠",
          "total_sales": 0.88
        },
        {
          "class3": "탱크탑",
          "total_sales": 0.57
        },
        {
          "class3": "힙색",
          "total_sales": 0.42
        },
        {
          "class3": "보스톤백",
          "total_sales": 0.35
        },
        {
          "class3": "긴팔티셔츠",
          "total_sales": 0.31
        },
        {
          "class3": "다운베스트",
          "total_sales": 0.17
        },
        {
          "class3": "선캡",
          "total_sales": 0.15
        },
        {
          "class3": "트레이닝(하의)",
          "total_sales": 0.09
        },
        {
          "class3": "크로스백",
          "total_sales": 0.08
        },
        {
          "class3": "토드백",
          "total_sales": 0.07
        }
      ],
      "change_pct": 0
    },
    "면세점": {
      "current_sales": 92.08,
      "previous_sales": 28.63,
      "all_items": [
        {
          "class3": "반팔티셔츠",
          "total_sales": 52.52
        },
        {
          "class3": "신발",
          "total_sales": 7.37
        },
        {
          "class3": "진바지",
          "total_sales": 5.41
        },
        {
          "class3": "운동모",
          "total_sales": 4.94
        },
        {
          "class3": "방풍자켓",
          "total_sales": 4.51
        },
        {
          "class3": "반바지",
          "total_sales": 3.35
        },
        {
          "class3": "우븐반바지",
          "total_sales": 2.49
        },
        {
          "class3": "스커트",
          "total_sales": 1.78
        },
        {
          "class3": "탱크탑",
          "total_sales": 1.71
        },
        {
          "class3": "가방",
          "total_sales": 1.4
        },
        {
          "class3": "슬리퍼",
          "total_sales": 1.38
        },
        {
          "class3": "팬츠",
          "total_sales": 0.97
        },
        {
          "class3": "백팩",
          "total_sales": 0.79
        },
        {
          "class3": "우븐팬츠",
          "total_sales": 0.77
        },
        {
          "class3": "맨투맨",
          "total_sales": 0.71
        },
        {
          "class3": "양말",
          "total_sales": 0.48
        },
        {
          "class3": "우븐셔츠",
          "total_sales": 0.45
        },
        {
          "class3": "햇",
          "total_sales": 0.34
        },
        {
          "class3": "힙색",
          "total_sales": 0.21
        },
        {
          "class3": "트레이닝(상의)",
          "total_sales": 0.2
        },
        {
          "class3": "후드티",
          "total_sales": 0.13
        },
        {
          "class3": "보스톤백",
          "total_sales": 0.1
        },
        {
          "class3": "크로스백",
          "total_sales": 0.07
        }
      ],
      "change_pct": 221.6
    },
    "제휴몰": {
      "current_sales": 23.06,
      "previous_sales": 3.34,
      "all_items": [
        {
          "class3": "신발",
          "total_sales": 8.32
        },
        {
          "class3": "반팔티셔츠",
          "total_sales": 5.95
        },
        {
          "class3": "방풍자켓",
          "total_sales": 2.13
        },
        {
          "class3": "운동모",
          "total_sales": 1.29
        },
        {
          "class3": "우븐팬츠",
          "total_sales": 1.19
        },
        {
          "class3": "우븐반바지",
          "total_sales": 1.13
        },
        {
          "class3": "폴로 티셔츠",
          "total_sales": 0.81
        },
        {
          "class3": "슬리퍼",
          "total_sales": 0.38
        },
        {
          "class3": "반바지",
          "total_sales": 0.34
        },
        {
          "class3": "후드티",
          "total_sales": 0.29
        },
        {
          "class3": "가방",
          "total_sales": 0.24
        },
        {
          "class3": "보스톤백",
          "total_sales": 0.19
        },
        {
          "class3": "점퍼",
          "total_sales": 0.16
        },
        {
          "class3": "양말",
          "total_sales": 0.16
        },
        {
          "class3": "우븐셔츠",
          "total_sales": 0.13
        },
        {
          "class3": "스커트",
          "total_sales": 0.11
        },
        {
          "class3": "팬츠",
          "total_sales": 0.09
        },
        {
          "class3": "힙색",
          "total_sales": 0.08
        },
        {
          "class3": "햇",
          "total_sales": 0.08
        },
        {
          "class3": "긴팔티셔츠",
          "total_sales": 0.08
        },
        {
          "class3": "탱크탑",
          "total_sales": 0.0
        },
        {
          "class3": "맨투맨",
          "total_sales": -0.09
        }
      ],
      "change_pct": 590.4
    },
    "자사몰": {
      "current_sales": 14.34,
      "previous_sales": 9.1,
      "all_items": [
        {
          "class3": "신발",
          "total_sales": 8.28
        },
        {
          "class3": "반팔티셔츠",
          "total_sales": 3.69
        },
        {
          "class3": "운동모",
          "total_sales": 0.55
        },
        {
          "class3": "우븐반바지",
          "total_sales": 0.5
        },
        {
          "class3": "방풍자켓",
          "total_sales": 0.32
        },
        {
          "class3": "우븐셔츠",
          "total_sales": 0.26
        },
        {
          "class3": "가방",
          "total_sales": 0.21
        },
        {
          "class3": "햇",
          "total_sales": 0.14
        },
        {
          "class3": "방한화",
          "total_sales": 0.13
        },
        {
          "class3": "슬리퍼",
          "total_sales": 0.1
        },
        {
          "class3": "긴팔티셔츠",
          "total_sales": 0.08
        },
        {
          "class3": "양말",
          "total_sales": 0.03
        },
        {
          "class3": "탱크탑",
          "total_sales": 0.03
        },
        {
          "class3": "맨투맨",
          "total_sales": 0.02
        }
      ],
      "change_pct": 57.6
    },
    "백화점": {
      "current_sales": 0.0,
      "previous_sales": 15.28,
      "all_items": [],
      "change_pct": -100.0
    }
  },
  "raw_data": {
    "sample_records": [
      {
        "PST_YYYYMM": "202405",
        "CHNL_NM": "직영점",
        "CLASS3": "반팔티셔츠",
        "SALE_AMT": 63505420.0,
        "SALE_AMT_CHNL_TTL": 170850870.0,
        "SALE_RATIO": 37.0,
        "IN_YMM_RNK": 0,
        "IN_CHNL_RNK": 1
      },
      {
        "PST_YYYYMM": "202405",
        "CHNL_NM": "직영점",
        "CLASS3": "신발",
        "SALE_AMT": 25564490.0,
        "SALE_AMT_CHNL_TTL": 170850870.0,
        "SALE_RATIO": 15.0,
        "IN_YMM_RNK": 0,
        "IN_CHNL_RNK": 2
      },
      {
        "PST_YYYYMM": "202405",
        "CHNL_NM": "직영점",
        "CLASS3": "방풍자켓",
        "SALE_AMT": 16524200.0,
        "SALE_AMT_CHNL_TTL": 170850870.0,
        "SALE_RATIO": 10.0,
        "IN_YMM_RNK": 0,
        "IN_CHNL_RNK": 3
      },
      {
        "PST_YYYYMM": "202405",
        "CHNL_NM": "직영점",
        "CLASS3": "운동모",
        "SALE_AMT": 9887560.0,
        "SALE_AMT_CHNL_TTL": 170850870.0,
        "SALE_RATIO": 6.0,
        "IN_YMM_RNK": 0,
        "IN_CHNL_RNK": 4
      },
      {
        "PST_YYYYMM": "202405",
        "CHNL_NM": "직영점",
        "CLASS3": "우븐반바지",
        "SALE_AMT": 8419490.0,
        "SALE_AMT_CHNL_TTL": 170850870.0,
        "SALE_RATIO": 5.0,
        "IN_YMM_RNK": 0,
        "IN_CHNL_RNK": 5
      },
      {
        "PST_YYYYMM": "202405",
        "CHNL_NM": "직영점",
        "CLASS3": "우븐팬츠",
        "SALE_AMT": 6339890.0,
        "SALE_AMT_CHNL_TTL": 170850870.0,
        "SALE_RATIO": 4.0,
        "IN_YMM_RNK": 0,
        "IN_CHNL_RNK": 6
      },
      {
        "PST_YYYYMM": "202405",
        "CHNL_NM": "직영점",
        "CLASS3": "점퍼",
        "SALE_AMT": 5126900.0,
        "SALE_AMT_CHNL_TTL": 170850870.0,
        "SALE_RATIO": 3.0,
        "IN_YMM_RNK": 0,
        "IN_CHNL_RNK": 7
      },
      {
        "PST_YYYYMM": "202405",
        "CHNL_NM": "직영점",
        "CLASS3": "반바지",
        "SALE_AMT": 4622990.0,
        "SALE_AMT_CHNL_TTL": 170850870.0,
        "SALE_RATIO": 3.0,
        "IN_YMM_RNK": 0,
        "IN_CHNL_RNK": 8
      },
      {
        "PST_YYYYMM": "202405",
        "CHNL_NM": "직영점",
        "CLASS3": "팬츠",
        "SALE_AMT": 4618040.0,
        "SALE_AMT_CHNL_TTL": 170850870.0,
        "SALE_RATIO": 3.0,
        "IN_YMM_RNK": 0,
        "IN_CHNL_RNK": 9
      },
      {
        "PST_YYYYMM": "202405",
        "CHNL_NM": "직영점",
        "CLASS3": "맨투맨",
        "SALE_AMT": 4101000.0,
        "SALE_AMT_CHNL_TTL": 170850870.0,
        "SALE_RATIO": 2.0,
        "IN_YMM_RNK": 0,
        "IN_CHNL_RNK": 10
      },
      {
        "PST_YYYYMM": "202405",
        "CHNL_NM": "직영점",
        "CLASS3": "가방",
        "SALE_AMT": 3749200.0,
        "SALE_AMT_CHNL_TTL": 170850870.0,
        "SALE_RATIO": 2.0,
        "IN_YMM_RNK": 0,
        "IN_CHNL_RNK": 11
      },
      {
        "PST_YYYYMM": "202405",
        "CHNL_NM": "직영점",
        "CLASS3": "후드티",
        "SALE_AMT": 3340500.0,
        "SALE_AMT_CHNL_TTL": 170850870.0,
        "SALE_RATIO": 2.0,
        "IN_YMM_RNK": 0,
        "IN_CHNL_RNK": 12
      },
      {
        "PST_YYYYMM": "202405",
        "CHNL_NM": "직영점",
        "CLASS3": "슬리퍼",
        "SALE_AMT": 3168100.0,
        "SALE_AMT_CHNL_TTL": 170850870.0,
        "SALE_RATIO": 2.0,
        "IN_YMM_RNK": 0,
        "IN_CHNL_RNK": 13
      },
      {
        "PST_YYYYMM": "202405",
        "CHNL_NM": "직영점",
        "CLASS3": "데님셔츠",
        "SALE_AMT": 2038200.0,
        "SALE_AMT_CHNL_TTL": 170850870.0,
        "SALE_RATIO": 1.0,
        "IN_YMM_RNK": 0,
        "IN_CHNL_RNK": 14
      },
      {
        "PST_YYYYMM": "202405",
        "CHNL_NM": "직영점",
        "CLASS3": "백팩",
        "SALE_AMT": 1789000.0,
        "SALE_AMT_CHNL_TTL": 170850870.0,
        "SALE_RATIO": 1.0,
        "IN_YMM_RNK": 0,
        "IN_CHNL_RNK": 15
      },
      {
        "PST_YYYYMM": "202405",
        "CHNL_NM": "직영점",
        "CLASS3": "양말",
        "SALE_AMT": 1629590.0,
        "SALE_AMT_CHNL_TTL": 170850870.0,
        "SALE_RATIO": 1.0,
        "IN_YMM_RNK": 0,
        "IN_CHNL_RNK": 16
      },
      {
        "PST_YYYYMM": "202405",
        "CHNL_NM": "직영점",
        "CLASS3": "햇",
        "SALE_AMT": 1359700.0,
        "SALE_AMT_CHNL_TTL": 170850870.0,
        "SALE_RATIO": 1.0,
        "IN_YMM_RNK": 0,
        "IN_CHNL_RNK": 17
      },
      {
        "PST_YYYYMM": "202405",
        "CHNL_NM": "직영점",
        "CLASS3": "다운점퍼",
        "SALE_AMT": 1082200.0,
        "SALE_AMT_CHNL_TTL": 170850870.0,
        "SALE_RATIO": 1.0,
        "IN_YMM_RNK": 0,
        "IN_CHNL_RNK": 18
      },
      {
        "PST_YYYYMM": "202405",
        "CHNL_NM": "직영점",
        "CLASS3": "진바지",
        "SALE_AMT": 902100.0,
        "SALE_AMT_CHNL_TTL": 170850870.0,
        "SALE_RATIO": 1.0,
        "IN_YMM_RNK": 0,
        "IN_CHNL_RNK": 19
      },
      {
        "PST_YYYYMM": "202405",
        "CHNL_NM": "직영점",
        "CLASS3": "우븐셔츠",
        "SALE_AMT": 881100.0,
        "SALE_AMT_CHNL_TTL": 170850870.0,
        "SALE_RATIO": 1.0,
        "IN_YMM_RNK": 0,
        "IN_CHNL_RNK": 20
      },
      {
        "PST_YYYYMM": "202405",
        "CHNL_NM": "직영점",
        "CLASS3": "탱크탑",
        "SALE_AMT": 574200.0,
        "SALE_AMT_CHNL_TTL": 170850870.0,
        "SALE_RATIO": 0.0,
        "IN_YMM_RNK": 0,
        "IN_CHNL_RNK": 21
      },
      {
        "PST_YYYYMM": "202405",
        "CHNL_NM": "직영점",
        "CLASS3": "힙색",
        "SALE_AMT": 416100.0,
        "SALE_AMT_CHNL_TTL": 170850870.0,
        "SALE_RATIO": 0.0,
        "IN_YMM_RNK": 0,
        "IN_CHNL_RNK": 22
      },
      {
        "PST_YYYYMM": "202405",
        "CHNL_NM": "직영점",
        "CLASS3": "보스톤백",
        "SALE_AMT": 347000.0,
        "SALE_AMT_CHNL_TTL": 170850870.0,
        "SALE_RATIO": 0.0,
        "IN_YMM_RNK": 0,
        "IN_CHNL_RNK": 23
      },
      {
        "PST_YYYYMM": "202405",
        "CHNL_NM": "직영점",
        "CLASS3": "긴팔티셔츠",
        "SALE_AMT": 312300.0,
        "SALE_AMT_CHNL_TTL": 170850870.0,
        "SALE_RATIO": 0.0,
        "IN_YMM_RNK": 0,
        "IN_CHNL_RNK": 24
      },
      {
        "PST_YYYYMM": "202405",
        "CHNL_NM": "직영점",
        "CLASS3": "다운베스트",
        "SALE_AMT": 167300.0,
        "SALE_AMT_CHNL_TTL": 170850870.0,
        "SALE_RATIO": 0.0,
        "IN_YMM_RNK": 0,
        "IN_CHNL_RNK": 25
      },
      {
        "PST_YYYYMM": "202405",
        "CHNL_NM": "직영점",
        "CLASS3": "선캡",
        "SALE_AMT": 147000.0,
        "SALE_AMT_CHNL_TTL": 170850870.0,
        "SALE_RATIO": 0.0,
        "IN_YMM_RNK": 0,
        "IN_CHNL_RNK": 26
      },
      {
        "PST_YYYYMM": "202405",
        "CHNL_NM": "직영점",
        "CLASS3": "트레이닝(하의)",
        "SALE_AMT": 89000.0,
        "SALE_AMT_CHNL_TTL": 170850870.0,
        "SALE_RATIO": 0.0,
        "IN_YMM_RNK": 0,
        "IN_CHNL_RNK": 27
      },
      {
        "PST_YYYYMM": "202405",
        "CHNL_NM": "직영점",
        "CLASS3": "크로스백",
        "SALE_AMT": 79000.0,
        "SALE_AMT_CHNL_TTL": 170850870.0,
        "SALE_RATIO": 0.0,
        "IN_YMM_RNK": 0,
        "IN_CHNL_RNK": 28
      },
      {
        "PST_YYYYMM": "202405",
        "CHNL_NM": "직영점",
        "CLASS3": "토드백",
        "SALE_AMT": 69300.0,
        "SALE_AMT_CHNL_TTL": 170850870.0,
        "SALE_RATIO": 0.0,
        "IN_YMM_RNK": 0,
        "IN_CHNL_RNK": 29
      },
      {
        "PST_YYYYMM": "202405",
        "CHNL_NM": "면세점",
        "CLASS3": "반팔티셔츠",
        "SALE_AMT": 52521000.0,
        "SALE_AMT_CHNL_TTL": 92079010.0,
        "SALE_RATIO": 57.0,
        "IN_YMM_RNK": 0,
        "IN_CHNL_RNK": 1
      },
      {
        "PST_YYYYMM": "202405",
        "CHNL_NM": "면세점",
        "CLASS3": "신발",
        "SALE_AMT": 7368000.0,
        "SALE_AMT_CHNL_TTL": 92079010.0,
        "SALE_RATIO": 8.0,
        "IN_YMM_RNK": 0,
        "IN_CHNL_RNK": 2
      },
      {
        "PST_YYYYMM": "202405",
        "CHNL_NM": "면세점",
        "CLASS3": "진바지",
        "SALE_AMT": 5405990.0,
        "SALE_AMT_CHNL_TTL": 92079010.0,
        "SALE_RATIO": 6.0,
        "IN_YMM_RNK": 0,
        "IN_CHNL_RNK": 3
      },
      {
        "PST_YYYYMM": "202405",
        "CHNL_NM": "면세점",
        "CLASS3": "운동모",
        "SALE_AMT": 4939020.0,
        "SALE_AMT_CHNL_TTL": 92079010.0,
        "SALE_RATIO": 5.0,
        "IN_YMM_RNK": 0,
        "IN_CHNL_RNK": 4
      },
      {
        "PST_YYYYMM": "202405",
        "CHNL_NM": "면세점",
        "CLASS3": "방풍자켓",
        "SALE_AMT": 4510000.0,
        "SALE_AMT_CHNL_TTL": 92079010.0,
        "SALE_RATIO": 5.0,
        "IN_YMM_RNK": 0,
        "IN_CHNL_RNK": 5
      },
      {
        "PST_YYYYMM": "202405",
        "CHNL_NM": "면세점",
        "CLASS3": "반바지",
        "SALE_AMT": 3350990.0,
        "SALE_AMT_CHNL_TTL": 92079010.0,
        "SALE_RATIO": 4.0,
        "IN_YMM_RNK": 0,
        "IN_CHNL_RNK": 6
      },
      {
        "PST_YYYYMM": "202405",
        "CHNL_NM": "면세점",
        "CLASS3": "우븐반바지",
        "SALE_AMT": 2493000.0,
        "SALE_AMT_CHNL_TTL": 92079010.0,
        "SALE_RATIO": 3.0,
        "IN_YMM_RNK": 0,
        "IN_CHNL_RNK": 7
      },
      {
        "PST_YYYYMM": "202405",
        "CHNL_NM": "면세점",
        "CLASS3": "스커트",
        "SALE_AMT": 1780000.0,
        "SALE_AMT_CHNL_TTL": 92079010.0,
        "SALE_RATIO": 2.0,
        "IN_YMM_RNK": 0,
        "IN_CHNL_RNK": 8
      },
      {
        "PST_YYYYMM": "202405",
        "CHNL_NM": "면세점",
        "CLASS3": "탱크탑",
        "SALE_AMT": 1711010.0,
        "SALE_AMT_CHNL_TTL": 92079010.0,
        "SALE_RATIO": 2.0,
        "IN_YMM_RNK": 0,
        "IN_CHNL_RNK": 9
      },
      {
        "PST_YYYYMM": "202405",
        "CHNL_NM": "면세점",
        "CLASS3": "가방",
        "SALE_AMT": 1400000.0,
        "SALE_AMT_CHNL_TTL": 92079010.0,
        "SALE_RATIO": 2.0,
        "IN_YMM_RNK": 0,
        "IN_CHNL_RNK": 10
      },
      {
        "PST_YYYYMM": "202405",
        "CHNL_NM": "면세점",
        "CLASS3": "슬리퍼",
        "SALE_AMT": 1380000.0,
        "SALE_AMT_CHNL_TTL": 92079010.0,
        "SALE_RATIO": 1.0,
        "IN_YMM_RNK": 0,
        "IN_CHNL_RNK": 11
      },
      {
        "PST_YYYYMM": "202405",
        "CHNL_NM": "면세점",
        "CLASS3": "팬츠",
        "SALE_AMT": 974000.0,
        "SALE_AMT_CHNL_TTL": 92079010.0,
        "SALE_RATIO": 1.0,
        "IN_YMM_RNK": 0,
        "IN_CHNL_RNK": 12
      },
      {
        "PST_YYYYMM": "202405",
        "CHNL_NM": "면세점",
        "CLASS3": "백팩",
        "SALE_AMT": 792000.0,
        "SALE_AMT_CHNL_TTL": 92079010.0,
        "SALE_RATIO": 1.0,
        "IN_YMM_RNK": 0,
        "IN_CHNL_RNK": 13
      },
      {
        "PST_YYYYMM": "202405",
        "CHNL_NM": "면세점",
        "CLASS3": "우븐팬츠",
        "SALE_AMT": 774000.0,
        "SALE_AMT_CHNL_TTL": 92079010.0,
        "SALE_RATIO": 1.0,
        "IN_YMM_RNK": 0,
        "IN_CHNL_RNK": 14
      },
      {
        "PST_YYYYMM": "202405",
        "CHNL_NM": "면세점",
        "CLASS3": "맨투맨",
        "SALE_AMT": 710000.0,
        "SALE_AMT_CHNL_TTL": 92079010.0,
        "SALE_RATIO": 1.0,
        "IN_YMM_RNK": 0,
        "IN_CHNL_RNK": 15
      },
      {
        "PST_YYYYMM": "202405",
        "CHNL_NM": "면세점",
        "CLASS3": "양말",
        "SALE_AMT": 484000.0,
        "SALE_AMT_CHNL_TTL": 92079010.0,
        "SALE_RATIO": 1.0,
        "IN_YMM_RNK": 0,
        "IN_CHNL_RNK": 16
      },
      {
        "PST_YYYYMM": "202405",
        "CHNL_NM": "면세점",
        "CLASS3": "우븐셔츠",
        "SALE_AMT": 445000.0,
        "SALE_AMT_CHNL_TTL": 92079010.0,
        "SALE_RATIO": 0.0,
        "IN_YMM_RNK": 0,
        "IN_CHNL_RNK": 17
      },
      {
        "PST_YYYYMM": "202405",
        "CHNL_NM": "면세점",
        "CLASS3": "햇",
        "SALE_AMT": 339000.0,
        "SALE_AMT_CHNL_TTL": 92079010.0,
        "SALE_RATIO": 0.0,
        "IN_YMM_RNK": 0,
        "IN_CHNL_RNK": 18
      },
      {
        "PST_YYYYMM": "202405",
        "CHNL_NM": "면세점",
        "CLASS3": "힙색",
        "SALE_AMT": 207000.0,
        "SALE_AMT_CHNL_TTL": 92079010.0,
        "SALE_RATIO": 0.0,
        "IN_YMM_RNK": 0,
        "IN_CHNL_RNK": 19
      },
      {
        "PST_YYYYMM": "202405",
        "CHNL_NM": "면세점",
        "CLASS3": "트레이닝(상의)",
        "SALE_AMT": 198000.0,
        "SALE_AMT_CHNL_TTL": 92079010.0,
        "SALE_RATIO": 0.0,
        "IN_YMM_RNK": 0,
        "IN_CHNL_RNK": 20
      },
      {
        "PST_YYYYMM": "202405",
        "CHNL_NM": "면세점",
        "CLASS3": "후드티",
        "SALE_AMT": 129000.0,
        "SALE_AMT_CHNL_TTL": 92079010.0,
        "SALE_RATIO": 0.0,
        "IN_YMM_RNK": 0,
        "IN_CHNL_RNK": 21
      }
    ],
    "total_records_count": 138
  },
  "trend_data": {
    "trend_months": [
      "202305",
      "202405"
    ],
    "monthly_totals": [
      {
        "yyyymm": "202305",
        "total_amount": 56.35
      },
      {
        "yyyymm": "202405",
        "total_amount": 300.33
      }
    ],
    "monthly_details": [
      {
        "yyyymm": "202405",
        "chnl_nm": "직영점",
        "class3": "반팔티셔츠",
        "sale_amt": 63.51,
        "sale_ratio": 37.0
      },
      {
        "yyyymm": "202405",
        "chnl_nm": "직영점",
        "class3": "신발",
        "sale_amt": 25.56,
        "sale_ratio": 15.0
      },
      {
        "yyyymm": "202405",
        "chnl_nm": "직영점",
        "class3": "방풍자켓",
        "sale_amt": 16.52,
        "sale_ratio": 10.0
      },
      {
        "yyyymm": "202405",
        "chnl_nm": "직영점",
        "class3": "운동모",
        "sale_amt": 9.89,
        "sale_ratio": 6.0
      },
      {
        "yyyymm": "202405",
        "chnl_nm": "직영점",
        "class3": "우븐반바지",
        "sale_amt": 8.42,
        "sale_ratio": 5.0
      },
      {
        "yyyymm": "202405",
        "chnl_nm": "직영점",
        "class3": "우븐팬츠",
        "sale_amt": 6.34,
        "sale_ratio": 4.0
      },
      {
        "yyyymm": "202405",
        "chnl_nm": "직영점",
        "class3": "점퍼",
        "sale_amt": 5.13,
        "sale_ratio": 3.0
      },
      {
        "yyyymm": "202405",
        "chnl_nm": "직영점",
        "class3": "반바지",
        "sale_amt": 4.62,
        "sale_ratio": 3.0
      },
      {
        "yyyymm": "202405",
        "chnl_nm": "직영점",
        "class3": "팬츠",
        "sale_amt": 4.62,
        "sale_ratio": 3.0
      },
      {
        "yyyymm": "202405",
        "chnl_nm": "직영점",
        "class3": "맨투맨",
        "sale_amt": 4.1,
        "sale_ratio": 2.0
      },
      {
        "yyyymm": "202405",
        "chnl_nm": "직영점",
        "class3": "가방",
        "sale_amt": 3.75,
        "sale_ratio": 2.0
      },
      {
        "yyyymm": "202405",
        "chnl_nm": "직영점",
        "class3": "후드티",
        "sale_amt": 3.34,
        "sale_ratio": 2.0
      },
      {
        "yyyymm": "202405",
        "chnl_nm": "직영점",
        "class3": "슬리퍼",
        "sale_amt": 3.17,
        "sale_ratio": 2.0
      },
      {
        "yyyymm": "202405",
        "chnl_nm": "직영점",
        "class3": "데님셔츠",
        "sale_amt": 2.04,
        "sale_ratio": 1.0
      },
      {
        "yyyymm": "202405",
        "chnl_nm": "직영점",
        "class3": "백팩",
        "sale_amt": 1.79,
        "sale_ratio": 1.0
      },
      {
        "yyyymm": "202405",
        "chnl_nm": "직영점",
        "class3": "양말",
        "sale_amt": 1.63,
        "sale_ratio": 1.0
      },
      {
        "yyyymm": "202405",
        "chnl_nm": "직영점",
        "class3": "햇",
        "sale_amt": 1.36,
        "sale_ratio": 1.0
      },
      {
        "yyyymm": "202405",
        "chnl_nm": "직영점",
        "class3": "다운점퍼",
        "sale_amt": 1.08,
        "sale_ratio": 1.0
      },
      {
        "yyyymm": "202405",
        "chnl_nm": "직영점",
        "class3": "진바지",
        "sale_amt": 0.9,
        "sale_ratio": 1.0
      },
      {
        "yyyymm": "202405",
        "chnl_nm": "직영점",
        "class3": "우븐셔츠",
        "sale_amt": 0.88,
        "sale_ratio": 1.0
      },
      {
        "yyyymm": "202405",
        "chnl_nm": "직영점",
        "class3": "탱크탑",
        "sale_amt": 0.57,
        "sale_ratio": 0.0
      },
      {
        "yyyymm": "202405",
        "chnl_nm": "직영점",
        "class3": "힙색",
        "sale_amt": 0.42,
        "sale_ratio": 0.0
      },
      {
        "yyyymm": "202405",
        "chnl_nm": "직영점",
        "class3": "보스톤백",
        "sale_amt": 0.35,
        "sale_ratio": 0.0
      },
      {
        "yyyymm": "202405",
        "chnl_nm": "직영점",
        "class3": "긴팔티셔츠",
        "sale_amt": 0.31,
        "sale_ratio": 0.0
      },
      {
        "yyyymm": "202405",
        "chnl_nm": "직영점",
        "class3": "다운베스트",
        "sale_amt": 0.17,
        "sale_ratio": 0.0
      },
      {
        "yyyymm": "202405",
        "chnl_nm": "직영점",
        "class3": "선캡",
        "sale_amt": 0.15,
        "sale_ratio": 0.0
      },
      {
        "yyyymm": "202405",
        "chnl_nm": "직영점",
        "class3": "트레이닝(하의)",
        "sale_amt": 0.09,
        "sale_ratio": 0.0
      },
      {
        "yyyymm": "202405",
        "chnl_nm": "직영점",
        "class3": "크로스백",
        "sale_amt": 0.08,
        "sale_ratio": 0.0
      },
      {
        "yyyymm": "202405",
        "chnl_nm": "직영점",
        "class3": "토드백",
        "sale_amt": 0.07,
        "sale_ratio": 0.0
      },
      {
        "yyyymm": "202405",
        "chnl_nm": "면세점",
        "class3": "반팔티셔츠",
        "sale_amt": 52.52,
        "sale_ratio": 57.0
      },
      {
        "yyyymm": "202405",
        "chnl_nm": "면세점",
        "class3": "신발",
        "sale_amt": 7.37,
        "sale_ratio": 8.0
      },
      {
        "yyyymm": "202405",
        "chnl_nm": "면세점",
        "class3": "진바지",
        "sale_amt": 5.41,
        "sale_ratio": 6.0
      },
      {
        "yyyymm": "202405",
        "chnl_nm": "면세점",
        "class3": "운동모",
        "sale_amt": 4.94,
        "sale_ratio": 5.0
      },
      {
        "yyyymm": "202405",
        "chnl_nm": "면세점",
        "class3": "방풍자켓",
        "sale_amt": 4.51,
        "sale_ratio": 5.0
      },
      {
        "yyyymm": "202405",
        "chnl_nm": "면세점",
        "class3": "반바지",
        "sale_amt": 3.35,
        "sale_ratio": 4.0
      },
      {
        "yyyymm": "202405",
        "chnl_nm": "면세점",
        "class3": "우븐반바지",
        "sale_amt": 2.49,
        "sale_ratio": 3.0
      },
      {
        "yyyymm": "202405",
        "chnl_nm": "면세점",
        "class3": "스커트",
        "sale_amt": 1.78,
        "sale_ratio": 2.0
      },
      {
        "yyyymm": "202405",
        "chnl_nm": "면세점",
        "class3": "탱크탑",
        "sale_amt": 1.71,
        "sale_ratio": 2.0
      },
      {
        "yyyymm": "202405",
        "chnl_nm": "면세점",
        "class3": "가방",
        "sale_amt": 1.4,
        "sale_ratio": 2.0
      },
      {
        "yyyymm": "202405",
        "chnl_nm": "면세점",
        "class3": "슬리퍼",
        "sale_amt": 1.38,
        "sale_ratio": 1.0
      },
      {
        "yyyymm": "202405",
        "chnl_nm": "면세점",
        "class3": "팬츠",
        "sale_amt": 0.97,
        "sale_ratio": 1.0
      },
      {
        "yyyymm": "202405",
        "chnl_nm": "면세점",
        "class3": "백팩",
        "sale_amt": 0.79,
        "sale_ratio": 1.0
      },
      {
        "yyyymm": "202405",
        "chnl_nm": "면세점",
        "class3": "우븐팬츠",
        "sale_amt": 0.77,
        "sale_ratio": 1.0
      },
      {
        "yyyymm": "202405",
        "chnl_nm": "면세점",
        "class3": "맨투맨",
        "sale_amt": 0.71,
        "sale_ratio": 1.0
      },
      {
        "yyyymm": "202405",
        "chnl_nm": "면세점",
        "class3": "양말",
        "sale_amt": 0.48,
        "sale_ratio": 1.0
      },
      {
        "yyyymm": "202405",
        "chnl_nm": "면세점",
        "class3": "우븐셔츠",
        "sale_amt": 0.45,
        "sale_ratio": 0.0
      },
      {
        "yyyymm": "202405",
        "chnl_nm": "면세점",
        "class3": "햇",
        "sale_amt": 0.34,
        "sale_ratio": 0.0
      },
      {
        "yyyymm": "202405",
        "chnl_nm": "면세점",
        "class3": "힙색",
        "sale_amt": 0.21,
        "sale_ratio": 0.0
      },
      {
        "yyyymm": "202405",
        "chnl_nm": "면세점",
        "class3": "트레이닝(상의)",
        "sale_amt": 0.2,
        "sale_ratio": 0.0
      },
      {
        "yyyymm": "202405",
        "chnl_nm": "면세점",
        "class3": "후드티",
        "sale_amt": 0.13,
        "sale_ratio": 0.0
      },
      {
        "yyyymm": "202405",
        "chnl_nm": "면세점",
        "class3": "보스톤백",
        "sale_amt": 0.1,
        "sale_ratio": 0.0
      },
      {
        "yyyymm": "202405",
        "chnl_nm": "면세점",
        "class3": "크로스백",
        "sale_amt": 0.07,
        "sale_ratio": 0.0
      },
      {
        "yyyymm": "202405",
        "chnl_nm": "제휴몰",
        "class3": "신발",
        "sale_amt": 8.32,
        "sale_ratio": 36.0
      },
      {
        "yyyymm": "202405",
        "chnl_nm": "제휴몰",
        "class3": "반팔티셔츠",
        "sale_amt": 5.95,
        "sale_ratio": 26.0
      },
      {
        "yyyymm": "202405",
        "chnl_nm": "제휴몰",
        "class3": "방풍자켓",
        "sale_amt": 2.13,
        "sale_ratio": 9.0
      },
      {
        "yyyymm": "202405",
        "chnl_nm": "제휴몰",
        "class3": "운동모",
        "sale_amt": 1.29,
        "sale_ratio": 6.0
      },
      {
        "yyyymm": "202405",
        "chnl_nm": "제휴몰",
        "class3": "우븐팬츠",
        "sale_amt": 1.19,
        "sale_ratio": 5.0
      },
      {
        "yyyymm": "202405",
        "chnl_nm": "제휴몰",
        "class3": "우븐반바지",
        "sale_amt": 1.13,
        "sale_ratio": 5.0
      },
      {
        "yyyymm": "202405",
        "chnl_nm": "제휴몰",
        "class3": "폴로 티셔츠",
        "sale_amt": 0.81,
        "sale_ratio": 4.0
      },
      {
        "yyyymm": "202405",
        "chnl_nm": "제휴몰",
        "class3": "슬리퍼",
        "sale_amt": 0.38,
        "sale_ratio": 2.0
      },
      {
        "yyyymm": "202405",
        "chnl_nm": "제휴몰",
        "class3": "반바지",
        "sale_amt": 0.34,
        "sale_ratio": 1.0
      },
      {
        "yyyymm": "202405",
        "chnl_nm": "제휴몰",
        "class3": "후드티",
        "sale_amt": 0.29,
        "sale_ratio": 1.0
      },
      {
        "yyyymm": "202405",
        "chnl_nm": "제휴몰",
        "class3": "가방",
        "sale_amt": 0.24,
        "sale_ratio": 1.0
      },
      {
        "yyyymm": "202405",
        "chnl_nm": "제휴몰",
        "class3": "보스톤백",
        "sale_amt": 0.19,
        "sale_ratio": 1.0
      },
      {
        "yyyymm": "202405",
        "chnl_nm": "제휴몰",
        "class3": "점퍼",
        "sale_amt": 0.16,
        "sale_ratio": 1.0
      },
      {
        "yyyymm": "202405",
        "chnl_nm": "제휴몰",
        "class3": "양말",
        "sale_amt": 0.16,
        "sale_ratio": 1.0
      },
      {
        "yyyymm": "202405",
        "chnl_nm": "제휴몰",
        "class3": "우븐셔츠",
        "sale_amt": 0.13,
        "sale_ratio": 1.0
      },
      {
        "yyyymm": "202405",
        "chnl_nm": "제휴몰",
        "class3": "스커트",
        "sale_amt": 0.11,
        "sale_ratio": 0.0
      },
      {
        "yyyymm": "202405",
        "chnl_nm": "제휴몰",
        "class3": "팬츠",
        "sale_amt": 0.09,
        "sale_ratio": 0.0
      },
      {
        "yyyymm": "202405",
        "chnl_nm": "제휴몰",
        "class3": "힙색",
        "sale_amt": 0.08,
        "sale_ratio": 0.0
      },
      {
        "yyyymm": "202405",
        "chnl_nm": "제휴몰",
        "class3": "햇",
        "sale_amt": 0.08,
        "sale_ratio": 0.0
      },
      {
        "yyyymm": "202405",
        "chnl_nm": "제휴몰",
        "class3": "긴팔티셔츠",
        "sale_amt": 0.08,
        "sale_ratio": 0.0
      },
      {
        "yyyymm": "202405",
        "chnl_nm": "제휴몰",
        "class3": "탱크탑",
        "sale_amt": 0.0,
        "sale_ratio": 0.0
      },
      {
        "yyyymm": "202405",
        "chnl_nm": "제휴몰",
        "class3": "맨투맨",
        "sale_amt": -0.09,
        "sale_ratio": 0.0
      },
      {
        "yyyymm": "202405",
        "chnl_nm": "자사몰",
        "class3": "신발",
        "sale_amt": 8.28,
        "sale_ratio": 58.0
      },
      {
        "yyyymm": "202405",
        "chnl_nm": "자사몰",
        "class3": "반팔티셔츠",
        "sale_amt": 3.69,
        "sale_ratio": 26.0
      },
      {
        "yyyymm": "202405",
        "chnl_nm": "자사몰",
        "class3": "운동모",
        "sale_amt": 0.55,
        "sale_ratio": 4.0
      },
      {
        "yyyymm": "202405",
        "chnl_nm": "자사몰",
        "class3": "우븐반바지",
        "sale_amt": 0.5,
        "sale_ratio": 4.0
      },
      {
        "yyyymm": "202405",
        "chnl_nm": "자사몰",
        "class3": "방풍자켓",
        "sale_amt": 0.32,
        "sale_ratio": 2.0
      },
      {
        "yyyymm": "202405",
        "chnl_nm": "자사몰",
        "class3": "우븐셔츠",
        "sale_amt": 0.26,
        "sale_ratio": 2.0
      },
      {
        "yyyymm": "202405",
        "chnl_nm": "자사몰",
        "class3": "가방",
        "sale_amt": 0.21,
        "sale_ratio": 1.0
      },
      {
        "yyyymm": "202405",
        "chnl_nm": "자사몰",
        "class3": "햇",
        "sale_amt": 0.14,
        "sale_ratio": 1.0
      },
      {
        "yyyymm": "202405",
        "chnl_nm": "자사몰",
        "class3": "방한화",
        "sale_amt": 0.13,
        "sale_ratio": 1.0
      },
      {
        "yyyymm": "202405",
        "chnl_nm": "자사몰",
        "class3": "슬리퍼",
        "sale_amt": 0.1,
        "sale_ratio": 1.0
      },
      {
        "yyyymm": "202405",
        "chnl_nm": "자사몰",
        "class3": "긴팔티셔츠",
        "sale_amt": 0.08,
        "sale_ratio": 1.0
      },
      {
        "yyyymm": "202405",
        "chnl_nm": "자사몰",
        "class3": "양말",
        "sale_amt": 0.03,
        "sale_ratio": 0.0
      },
      {
        "yyyymm": "202405",
        "chnl_nm": "자사몰",
        "class3": "탱크탑",
        "sale_amt": 0.03,
        "sale_ratio": 0.0
      },
      {
        "yyyymm": "202405",
        "chnl_nm": "자사몰",
        "class3": "맨투맨",
        "sale_amt": 0.02,
        "sale_ratio": 0.0
      },
      {
        "yyyymm": "202305",
        "chnl_nm": "면세점",
        "class3": "신발",
        "sale_amt": 11.69,
        "sale_ratio": 41.0
      },
      {
        "yyyymm": "202305",
        "chnl_nm": "면세점",
        "class3": "반팔티셔츠",
        "sale_amt": 8.78,
        "sale_ratio": 31.0
      },
      {
        "yyyymm": "202305",
        "chnl_nm": "면세점",
        "class3": "슬리퍼",
        "sale_amt": 1.72,
        "sale_ratio": 6.0
      },
      {
        "yyyymm": "202305",
        "chnl_nm": "면세점",
        "class3": "점퍼",
        "sale_amt": 1.5,
        "sale_ratio": 5.0
      },
      {
        "yyyymm": "202305",
        "chnl_nm": "면세점",
        "class3": "팬츠",
        "sale_amt": 0.95,
        "sale_ratio": 3.0
      },
      {
        "yyyymm": "202305",
        "chnl_nm": "면세점",
        "class3": "트레이닝 숏팬츠",
        "sale_amt": 0.62,
        "sale_ratio": 2.0
      },
      {
        "yyyymm": "202305",
        "chnl_nm": "면세점",
        "class3": "트레이닝(하의)",
        "sale_amt": 0.54,
        "sale_ratio": 2.0
      },
      {
        "yyyymm": "202305",
        "chnl_nm": "면세점",
        "class3": "방풍자켓",
        "sale_amt": 0.52,
        "sale_ratio": 2.0
      },
      {
        "yyyymm": "202305",
        "chnl_nm": "면세점",
        "class3": "우븐반바지",
        "sale_amt": 0.51,
        "sale_ratio": 2.0
      },
      {
        "yyyymm": "202305",
        "chnl_nm": "면세점",
        "class3": "반바지",
        "sale_amt": 0.49,
        "sale_ratio": 2.0
      },
      {
        "yyyymm": "202305",
        "chnl_nm": "면세점",
        "class3": "우븐셔츠",
        "sale_amt": 0.41,
        "sale_ratio": 1.0
      },
      {
        "yyyymm": "202305",
        "chnl_nm": "면세점",
        "class3": "우븐팬츠",
        "sale_amt": 0.36,
        "sale_ratio": 1.0
      },
      {
        "yyyymm": "202305",
        "chnl_nm": "면세점",
        "class3": "운동모",
        "sale_amt": 0.35,
        "sale_ratio": 1.0
      },
      {
        "yyyymm": "202305",
        "chnl_nm": "면세점",
        "class3": "맨투맨",
        "sale_amt": 0.11,
        "sale_ratio": 0.0
      },
      {
        "yyyymm": "202305",
        "chnl_nm": "면세점",
        "class3": "탱크탑",
        "sale_amt": 0.09,
        "sale_ratio": 0.0
      },
      {
        "yyyymm": "202305",
        "chnl_nm": "면세점",
        "class3": "양말",
        "sale_amt": 0.0,
        "sale_ratio": 0.0
      },
      {
        "yyyymm": "202305",
        "chnl_nm": "백화점",
        "class3": "반팔티셔츠",
        "sale_amt": 8.64,
        "sale_ratio": 57.0
      },
      {
        "yyyymm": "202305",
        "chnl_nm": "백화점",
        "class3": "신발",
        "sale_amt": 1.47,
        "sale_ratio": 10.0
      },
      {
        "yyyymm": "202305",
        "chnl_nm": "백화점",
        "class3": "반바지",
        "sale_amt": 1.16,
        "sale_ratio": 8.0
      },
      {
        "yyyymm": "202305",
        "chnl_nm": "백화점",
        "class3": "우븐반바지",
        "sale_amt": 1.0,
        "sale_ratio": 7.0
      },
      {
        "yyyymm": "202305",
        "chnl_nm": "백화점",
        "class3": "점퍼",
        "sale_amt": 0.76,
        "sale_ratio": 5.0
      },
      {
        "yyyymm": "202305",
        "chnl_nm": "백화점",
        "class3": "슬리퍼",
        "sale_amt": 0.65,
        "sale_ratio": 4.0
      },
      {
        "yyyymm": "202305",
        "chnl_nm": "백화점",
        "class3": "팬츠",
        "sale_amt": 0.57,
        "sale_ratio": 4.0
      },
      {
        "yyyymm": "202305",
        "chnl_nm": "백화점",
        "class3": "트레이닝(하의)",
        "sale_amt": 0.18,
        "sale_ratio": 1.0
      },
      {
        "yyyymm": "202305",
        "chnl_nm": "백화점",
        "class3": "후드티",
        "sale_amt": 0.18,
        "sale_ratio": 1.0
      },
      {
        "yyyymm": "202305",
        "chnl_nm": "백화점",
        "class3": "트레이닝 숏팬츠",
        "sale_amt": 0.18,
        "sale_ratio": 1.0
      },
      {
        "yyyymm": "202305",
        "chnl_nm": "백화점",
        "class3": "운동모",
        "sale_amt": 0.18,
        "sale_ratio": 1.0
      },
      {
        "yyyymm": "202305",
        "chnl_nm": "백화점",
        "class3": "맨투맨",
        "sale_amt": 0.13,
        "sale_ratio": 1.0
      },
      {
        "yyyymm": "202305",
        "chnl_nm": "백화점",
        "class3": "우븐셔츠",
        "sale_amt": 0.1,
        "sale_ratio": 1.0
      },
      {
        "yyyymm": "202305",
        "chnl_nm": "백화점",
        "class3": "양말",
        "sale_amt": 0.08,
        "sale_ratio": 1.0
      },
      {
        "yyyymm": "202305",
        "chnl_nm": "자사몰",
        "class3": "반팔티셔츠",
        "sale_amt": 4.72,
        "sale_ratio": 52.0
      },
      {
        "yyyymm": "202305",
        "chnl_nm": "자사몰",
        "class3": "신발",
        "sale_amt": 3.07,
        "sale_ratio": 34.0
      },
      {
        "yyyymm": "202305",
        "chnl_nm": "자사몰",
        "class3": "반바지",
        "sale_amt": 0.5,
        "sale_ratio": 6.0
      },
      {
        "yyyymm": "202305",
        "chnl_nm": "자사몰",
        "class3": "점퍼",
        "sale_amt": 0.26,
        "sale_ratio": 3.0
      },
      {
        "yyyymm": "202305",
        "chnl_nm": "자사몰",
        "class3": "트레이닝(하의)",
        "sale_amt": 0.18,
        "sale_ratio": 2.0
      },
      {
        "yyyymm": "202305",
        "chnl_nm": "자사몰",
        "class3": "맨투맨",
        "sale_amt": 0.16,
        "sale_ratio": 2.0
      },
      {
        "yyyymm": "202305",
        "chnl_nm": "자사몰",
        "class3": "우븐반바지",
        "sale_amt": 0.13,
        "sale_ratio": 1.0
      },
      {
        "yyyymm": "202305",
        "chnl_nm": "자사몰",
        "class3": "운동모",
        "sale_amt": 0.06,
        "sale_ratio": 1.0
      },
      {
        "yyyymm": "202305",
        "chnl_nm": "자사몰",
        "class3": "양말",
        "sale_amt": 0.03,
        "sale_ratio": 0.0
      },
      {
        "yyyymm": "202305",
        "chnl_nm": "자사몰",
        "class3": "긴팔티셔츠",
        "sale_amt": 0.0,
        "sale_ratio": 0.0
      },
      {
        "yyyymm": "202305",
        "chnl_nm": "제휴몰",
        "class3": "신발",
        "sale_amt": 1.09,
        "sale_ratio": 33.0
      },
      {
        "yyyymm": "202305",
        "chnl_nm": "제휴몰",
        "class3": "반팔티셔츠",
        "sale_amt": 0.8,
        "sale_ratio": 24.0
      },
      {
        "yyyymm": "202305",
        "chnl_nm": "제휴몰",
        "class3": "트레이닝(하의)",
        "sale_amt": 0.38,
        "sale_ratio": 11.0
      },
      {
        "yyyymm": "202305",
        "chnl_nm": "제휴몰",
        "class3": "반바지",
        "sale_amt": 0.24,
        "sale_ratio": 7.0
      },
      {
        "yyyymm": "202305",
        "chnl_nm": "제휴몰",
        "class3": "탱크탑",
        "sale_amt": 0.2,
        "sale_ratio": 6.0
      },
      {
        "yyyymm": "202305",
        "chnl_nm": "제휴몰",
        "class3": "후드티",
        "sale_amt": 0.18,
        "sale_ratio": 5.0
      },
      {
        "yyyymm": "202305",
        "chnl_nm": "제휴몰",
        "class3": "운동모",
        "sale_amt": 0.18,
        "sale_ratio": 5.0
      },
      {
        "yyyymm": "202305",
        "chnl_nm": "제휴몰",
        "class3": "맨투맨",
        "sale_amt": 0.16,
        "sale_ratio": 5.0
      },
      {
        "yyyymm": "202305",
        "chnl_nm": "제휴몰",
        "class3": "팬츠",
        "sale_amt": 0.1,
        "sale_ratio": 3.0
      },
      {
        "yyyymm": "202305",
        "chnl_nm": "제휴몰",
        "class3": "양말",
        "sale_amt": 0.01,
        "sale_ratio": 0.0
      }
    ]
  }
}