{
  "country": "KR",
  "brand_cd": "X",
  "brand_name": "DISCOVERY",
  "yyyymm": "202402",
  "yyyymm_py": "202302",
  "key": "매장효율성",
  "sub_key": "종합분석",
  "analysis_data": {
    "title": "매장효율성 종합분석",
    "sections": [
      {
        "div": "종합분석-1",
        "sub_title": "우수 점포 생산성",
        "ai_text": "2024년 2월 기준 아울렛이 점포당 매출 230백만원으로 가장 높은 효율성을 보이며, 전년대비 97.5% 수준으로 상대적으로 양호한 성과를 유지했습니다.\n면세점은 점포당 매출 147백만원으로 두 번째 높은 수준이나 전년대비 78.7%로 급격한 감소세를 보였습니다.\n직영점(135백만원)과 백화점(128백만원)은 중간 수준의 점포당 매출을 기록했으나 모두 전년대비 감소했습니다.\n현재 데이터상 전년대비 개선된 우수 채널은 없으며, 아울렛이 가장 양호한 성과를 유지하고 있는 상황입니다."
      },
      {
        "div": "종합분석-2",
        "sub_title": "대응 필요 매장",
        "ai_text": "대리점이 점포당 매출 80백만원으로 가장 낮은 효율성을 보이며, 132개 점포로 전체의 47.7%를 차지하는 핵심 개선 대상입니다.\n면세점은 점포당 매출 147백만원이지만 전년대비 78.7%로 가장 큰 폭의 감소율을 기록하여 긴급 대응이 필요합니다.\n백화점은 98개 점포에서 점포당 매출 128백만원, 전년대비 87.2%로 두 번째로 큰 감소폭을 보였습니다.\n직영점과 아울렛도 각각 전년대비 93.1%, 97.5%로 소폭 감소하여 전 채널에서 매출 효율성 개선이 시급한 상황입니다."
      },
      {
        "div": "종합분석-3",
        "sub_title": "AI 권장사항",
        "ai_text": "대리점(132개 점포)의 점포당 매출 80백만원을 100백만원 이상으로 끌어올리기 위한 집중적인 운영 지원 및 상품 구성 최적화가 최우선 과제입니다.\n면세점은 외국인 관광객 감소 영향을 고려하여 내국인 대상 마케팅 강화 및 온라인 면세점 연계 전략을 수립해야 합니다.\n아울렛의 상대적 우수 성과 요인(높은 가성비, 할인 혜택 등)을 벤치마킹하여 다른 채널에 적용 가능한 운영 노하우를 전파합니다.\n전체 점포 수가 257개에서 277개로 20개 증가했음에도 총 매출 효율성이 감소한 점을 고려하여 신규 점포 입점 기준을 재검토하고 기존 점포 집중 관리 체계를 구축합니다."
      },
      {
        "div": "종합분석-4",
        "sub_title": "최적의 시나리오",
        "ai_text": "2024년 하반기 목표: 대리점 점포당 매출을 현재 80백만원에서 95백만원으로 18.8% 개선하여 전체 점포당 매출을 125백만원 수준으로 회복합니다.\n아울렛의 성공 모델을 활용하여 백화점과 직영점의 점포당 매출을 각각 140백만원, 150백만원으로 끌어올리는 것을 중기 목표로 설정합니다.\n면세점은 K-뷰티 트렌드와 연계한 프리미엄 상품 라인 강화로 점포당 매출 170백만원 회복을 목표로 합니다.\n전체적으로 점포당 매출 130백만원 달성 시 현재 277개 점포 기준 총 매출 36,010백만원 규모로 전년 동월 대비 110% 수준까지 성장 가능합니다."
      }
    ]
  },
  "summary": {
    "total_shop_amt_cy": 118.0,
    "total_shop_amt_py": 127.0,
    "total_shop_cnt_cy": 277,
    "total_shop_cnt_py": 257,
    "yoy": 92.9,
    "unique_channels": 5,
    "analysis_period": "2023년 2월 vs 2024년 2월"
  },
  "channel_summary": {
    "백화점": {
      "shop_amt_cy": 128.0,
      "shop_amt_py": 147.0,
      "shop_cnt_cy": 98,
      "shop_cnt_py": 90,
      "yoy": 87.2
    },
    "대리점": {
      "shop_amt_cy": 80.0,
      "shop_amt_py": 86.0,
      "shop_cnt_cy": 132,
      "shop_cnt_py": 127,
      "yoy": 93.0
    },
    "직영점": {
      "shop_amt_cy": 135.0,
      "shop_amt_py": 145.0,
      "shop_cnt_cy": 8,
      "shop_cnt_py": 7,
      "yoy": 93.1
    },
    "면세점": {
      "shop_amt_cy": 147.0,
      "shop_amt_py": 186.0,
      "shop_cnt_cy": 5,
      "shop_cnt_py": 5,
      "yoy": 78.7
    },
    "아울렛": {
      "shop_amt_cy": 230.0,
      "shop_amt_py": 236.0,
      "shop_cnt_cy": 34,
      "shop_cnt_py": 28,
      "yoy": 97.5
    }
  },
  "excellent_channels": [],
  "warning_channels": [
    {
      "chnl_nm": "대리점",
      "shop_amt_cy": 80.0,
      "shop_amt_py": 86.0,
      "yoy": 93.0,
      "shop_cnt_cy": 132
    },
    {
      "chnl_nm": "백화점",
      "shop_amt_cy": 128.0,
      "shop_amt_py": 147.0,
      "yoy": 87.2,
      "shop_cnt_cy": 98
    },
    {
      "chnl_nm": "직영점",
      "shop_amt_cy": 135.0,
      "shop_amt_py": 145.0,
      "yoy": 93.1,
      "shop_cnt_cy": 8
    },
    {
      "chnl_nm": "면세점",
      "shop_amt_cy": 147.0,
      "shop_amt_py": 186.0,
      "yoy": 78.7,
      "shop_cnt_cy": 5
    },
    {
      "chnl_nm": "아울렛",
      "shop_amt_cy": 230.0,
      "shop_amt_py": 236.0,
      "yoy": 97.5,
      "shop_cnt_cy": 34
    }
  ],
  "raw_data": {
    "sample_records": [
      {
        "CHNL_NM": "백화점",
        "SHOP_CNT_CY": 98,
        "SHOP_CNT_PY": 90,
        "SHOP_AMT_CY": 128.0,
        "SHOP_AMT_PY": 147.0,
        "YOY": 87.2,
        "SEQ": 2
      },
      {
        "CHNL_NM": "대리점",
        "SHOP_CNT_CY": 132,
        "SHOP_CNT_PY": 127,
        "SHOP_AMT_CY": 80.0,
        "SHOP_AMT_PY": 86.0,
        "YOY": 93.0,
        "SEQ": 2
      },
      {
        "CHNL_NM": "직영점",
        "SHOP_CNT_CY": 8,
        "SHOP_CNT_PY": 7,
        "SHOP_AMT_CY": 135.0,
        "SHOP_AMT_PY": 145.0,
        "YOY": 93.1,
        "SEQ": 2
      },
      {
        "CHNL_NM": "면세점",
        "SHOP_CNT_CY": 5,
        "SHOP_CNT_PY": 5,
        "SHOP_AMT_CY": 147.0,
        "SHOP_AMT_PY": 186.0,
        "YOY": 78.7,
        "SEQ": 2
      },
      {
        "CHNL_NM": "아울렛",
        "SHOP_CNT_CY": 34,
        "SHOP_CNT_PY": 28,
        "SHOP_AMT_CY": 230.0,
        "SHOP_AMT_PY": 236.0,
        "YOY": 97.5,
        "SEQ": 2
      },
      {
        "CHNL_NM": "전체",
        "SHOP_CNT_CY": 277,
        "SHOP_CNT_PY": 257,
        "SHOP_AMT_CY": 118.0,
        "SHOP_AMT_PY": 127.0,
        "YOY": 92.9,
        "SEQ": 1
      },
      {
        "CHNL_NM": "면세 제외",
        "SHOP_CNT_CY": 272,
        "SHOP_CNT_PY": 252,
        "SHOP_AMT_CY": 118.0,
        "SHOP_AMT_PY": 126.0,
        "YOY": 93.4,
        "SEQ": 3
      }
    ],
    "total_records_count": 7
  }
}