{
  "country": "CN",
  "brand_cd": "M",
  "brand_name": "MLB",
  "yyyymm": "202501",
  "yyyymm_py": "202401",
  "key": "할인율",
  "sub_key": "종합분석",
  "analysis_data": {
    "title": "채널별 할인율 종합분석",
    "sections": [
      {
        "div": "종합분석-1",
        "sub_title": "할인율 전략이 우수한 채널",
        "ai_text": "• (OFF)대리상: 할인율 9.0%로 가장 낮은 수준이며, 매출액(v+) 892,346k로 최대 규모 채널임. 전년대비 1.5%p 상승하였으나 여전히 한 자릿수 할인율 유지\n• (OFF)플래그쉽: 할인율 9.9%로 두 번째로 낮으며, 전년대비 -1.9%p 개선됨. 2024년 상반기 3~5% 수준의 저할인율 운영으로 브랜드 가치 보호 전략 성공\n• (EC)대리상: 할인율 10.9%로 전년대비 -1.5%p 개선되었으며, 2024년 8~9월 8~9% 수준까지 할인율 최적화 달성"
      },
      {
        "div": "종합분석-2",
        "sub_title": "주의 필요 채널",
        "ai_text": "• (EC)할인몰: 할인율 36.0%로 최고 수준이며, 매출액(v+) 10,304k로 전년대비 12.5% 감소. 2024년 10월 42.0% 최고치 기록 후 개선 중이나 여전히 과도한 할인\n• (OFF)아울렛: 할인율 27.6%로 두 번째로 높으나, 전년대비 -9.0%p 대폭 개선. 2024년 8월 66.4% 이상 급등 후 정상화 중\n• (EC)티몰: 할인율 17.4%로 전년대비 1.1%p 악화되었으며, 2024년 10월 26.7% 급등 후 불안정한 패턴 지속"
      },
      {
        "div": "종합분석-3",
        "sub_title": "AI 권장사항",
        "ai_text": "• 우수 채널 벤치마킹: (OFF)대리상과 (OFF)플래그쉽의 한 자릿수 할인율 전략을 타 채널에 확산하여 브랜드 가치 보호 강화\n• 할인몰 채널 재편: (EC)할인몰과 (OFF)아울렛의 과도한 할인율(30%+) 개선을 위해 상품 믹스 조정 및 할인 정책 재설계 필요\n• 티몰 안정화: (EC)티몰의 월별 할인율 변동폭(6.3~26.7%) 축소를 위한 일관된 프로모션 정책 수립 시급\n• 전체 목표: 2025년 전체 할인율 10% 이하 달성을 위해 고할인 채널의 단계적 개선과 우수 채널의 성장 동력 확대 전략 실행"
      }
    ]
  },
  "summary": {
    "total_discount_current": 10.8,
    "total_discount_previous": 11.0,
    "total_change_pct": -0.2,
    "unique_channels": 8,
    "unique_months": 13,
    "analysis_period_month": "2024년 1월 vs 2025년 1월",
    "analysis_period_trend": "2024년 1월 ~ 2025년 1월"
  },
  "channel_summary": {
    "(EC)대리상": {
      "current_discount": 10.9,
      "previous_discount": 12.4,
      "change_pct": -1.5,
      "trend_months": [
        "202401",
        "202402",
        "202403",
        "202404",
        "202405",
        "202406",
        "202407",
        "202408",
        "202409",
        "202410",
        "202411",
        "202412",
        "202501"
      ],
      "trend_values": [
        12.4,
        13.4,
        12.5,
        12.3,
        13.0,
        13.9,
        11.8,
        9.4,
        8.7,
        11.2,
        14.9,
        11.5,
        10.9
      ],
      "current_tag_sale": 91246.0,
      "current_act_sale": 81312.0,
      "previous_tag_sale": 81847.0,
      "previous_act_sale": 71675.0
    },
    "(EC)티몰": {
      "current_discount": 17.4,
      "previous_discount": 16.3,
      "change_pct": 1.1,
      "trend_months": [
        "202401",
        "202402",
        "202403",
        "202404",
        "202405",
        "202406",
        "202407",
        "202408",
        "202409",
        "202410",
        "202411",
        "202412",
        "202501"
      ],
      "trend_values": [
        16.3,
        6.3,
        10.7,
        7.7,
        18.4,
        18.3,
        12.1,
        13.2,
        15.2,
        26.7,
        23.0,
        16.9,
        17.4
      ],
      "current_tag_sale": 52145.0,
      "current_act_sale": 43078.0,
      "previous_tag_sale": 54243.0,
      "previous_act_sale": 45377.0
    },
    "(OFF)쇼핑몰": {
      "current_discount": 12.7,
      "previous_discount": 13.7,
      "change_pct": -1.0,
      "trend_months": [
        "202401",
        "202402",
        "202403",
        "202404",
        "202405",
        "202406",
        "202407",
        "202408",
        "202409",
        "202410",
        "202411",
        "202412",
        "202501"
      ],
      "trend_values": [
        13.7,
        13.2,
        6.6,
        9.4,
        8.6,
        8.1,
        6.5,
        6.3,
        8.9,
        10.4,
        10.0,
        12.8,
        12.7
      ],
      "current_tag_sale": 17090.0,
      "current_act_sale": 14916.0,
      "previous_tag_sale": 10342.0,
      "previous_act_sale": 8920.0
    },
    "(OFF)플래그쉽": {
      "current_discount": 9.9,
      "previous_discount": 11.8,
      "change_pct": -1.9,
      "trend_months": [
        "202401",
        "202402",
        "202403",
        "202404",
        "202405",
        "202406",
        "202407",
        "202408",
        "202409",
        "202410",
        "202411",
        "202412",
        "202501"
      ],
      "trend_values": [
        11.8,
        10.4,
        3.1,
        4.6,
        5.7,
        5.6,
        3.5,
        2.1,
        6.5,
        12.7,
        10.0,
        10.7,
        9.9
      ],
      "current_tag_sale": 8634.0,
      "current_act_sale": 7778.0,
      "previous_tag_sale": 6933.0,
      "previous_act_sale": 6117.0
    },
    "(EC)틱톡/JD": {
      "current_discount": 11.2,
      "previous_discount": 0,
      "change_pct": 11.2,
      "trend_months": [
        "202404",
        "202405",
        "202406",
        "202407",
        "202408",
        "202409",
        "202410",
        "202411",
        "202412",
        "202501"
      ],
      "trend_values": [
        2.5,
        12.7,
        16.3,
        10.2,
        9.6,
        8.0,
        14.5,
        17.2,
        7.3,
        11.2
      ],
      "current_tag_sale": 12888.0,
      "current_act_sale": 11442.0,
      "previous_tag_sale": 0.0,
      "previous_act_sale": 0.0
    },
    "(OFF)아울렛": {
      "current_discount": 27.6,
      "previous_discount": 36.6,
      "change_pct": -9.0,
      "trend_months": [
        "202401",
        "202402",
        "202403",
        "202404",
        "202405",
        "202406",
        "202407",
        "202408",
        "202409",
        "202410",
        "202411",
        "202412",
        "202501"
      ],
      "trend_values": [
        36.6,
        32.8,
        33.1,
        33.6,
        31.5,
        30.7,
        29.5,
        66.4,
        32.0,
        36.4,
        32.1,
        29.5,
        27.6
      ],
      "current_tag_sale": 58313.0,
      "current_act_sale": 42197.0,
      "previous_tag_sale": 52338.0,
      "previous_act_sale": 33172.0
    },
    "(EC)할인몰": {
      "current_discount": 36.0,
      "previous_discount": 37.9,
      "change_pct": -1.9,
      "trend_months": [
        "202401",
        "202402",
        "202403",
        "202404",
        "202405",
        "202406",
        "202407",
        "202408",
        "202409",
        "202410",
        "202411",
        "202412",
        "202501"
      ],
      "trend_values": [
        37.9,
        28.1,
        33.5,
        33.0,
        36.6,
        39.1,
        32.3,
        34.1,
        37.9,
        42.0,
        37.7,
        40.2,
        36.0
      ],
      "current_tag_sale": 16088.0,
      "current_act_sale": 10304.0,
      "previous_tag_sale": 18971.0,
      "previous_act_sale": 11774.0
    },
    "(OFF)대리상": {
      "current_discount": 9.0,
      "previous_discount": 7.5,
      "change_pct": 1.5,
      "trend_months": [
        "202401",
        "202402",
        "202403",
        "202404",
        "202405",
        "202406",
        "202407",
        "202408",
        "202409",
        "202410",
        "202411",
        "202412",
        "202501"
      ],
      "trend_values": [
        7.5,
        6.4,
        7.6,
        7.1,
        6.5,
        6.6,
        7.8,
        7.7,
        9.8,
        9.7,
        9.6,
        9.3,
        9.0
      ],
      "current_tag_sale": 980257.0,
      "current_act_sale": 892346.0,
      "previous_tag_sale": 643590.0,
      "previous_act_sale": 595411.0
    }
  },
  "trend_data": {
    "trend_months": [
      "202401",
      "202402",
      "202403",
      "202404",
      "202405",
      "202406",
      "202407",
      "202408",
      "202409",
      "202410",
      "202411",
      "202412",
      "202501"
    ],
    "monthly_totals": [
      {
        "yyyymm": "202401",
        "tag_sale_amt": 868265.0,
        "act_sale_amt": 772446.0,
        "discount_pct": 11.0
      },
      {
        "yyyymm": "202402",
        "tag_sale_amt": 884621.0,
        "act_sale_amt": 808057.0,
        "discount_pct": 8.7
      },
      {
        "yyyymm": "202403",
        "tag_sale_amt": 730195.0,
        "act_sale_amt": 658013.0,
        "discount_pct": 9.9
      },
      {
        "yyyymm": "202404",
        "tag_sale_amt": 729468.0,
        "act_sale_amt": 658484.0,
        "discount_pct": 9.7
      },
      {
        "yyyymm": "202405",
        "tag_sale_amt": 754488.0,
        "act_sale_amt": 679145.0,
        "discount_pct": 10.0
      },
      {
        "yyyymm": "202406",
        "tag_sale_amt": 644486.0,
        "act_sale_amt": 578677.0,
        "discount_pct": 10.2
      },
      {
        "yyyymm": "202407",
        "tag_sale_amt": 566932.0,
        "act_sale_amt": 512070.0,
        "discount_pct": 9.7
      },
      {
        "yyyymm": "202408",
        "tag_sale_amt": 644079.0,
        "act_sale_amt": 557969.0,
        "discount_pct": 13.4
      },
      {
        "yyyymm": "202409",
        "tag_sale_amt": 632911.0,
        "act_sale_amt": 561752.0,
        "discount_pct": 11.2
      },
      {
        "yyyymm": "202410",
        "tag_sale_amt": 982382.0,
        "act_sale_amt": 846299.0,
        "discount_pct": 13.9
      },
      {
        "yyyymm": "202411",
        "tag_sale_amt": 940109.0,
        "act_sale_amt": 815822.0,
        "discount_pct": 13.2
      },
      {
        "yyyymm": "202412",
        "tag_sale_amt": 960732.0,
        "act_sale_amt": 850756.0,
        "discount_pct": 11.4
      },
      {
        "yyyymm": "202501",
        "tag_sale_amt": 1236661.0,
        "act_sale_amt": 1103373.0,
        "discount_pct": 10.8
      }
    ],
    "channel_trends": {
      "(EC)대리상": {
        "202501": 10.9,
        "202412": 11.5,
        "202411": 14.9,
        "202410": 11.2,
        "202409": 8.7,
        "202408": 9.4,
        "202407": 11.8,
        "202406": 13.9,
        "202405": 13.0,
        "202404": 12.3,
        "202403": 12.5,
        "202402": 13.4,
        "202401": 12.4
      },
      "(EC)티몰": {
        "202501": 17.4,
        "202412": 16.9,
        "202411": 23.0,
        "202410": 26.7,
        "202409": 15.2,
        "202408": 13.2,
        "202407": 12.1,
        "202406": 18.3,
        "202405": 18.4,
        "202404": 7.7,
        "202403": 10.7,
        "202402": 6.3,
        "202401": 16.3
      },
      "(EC)틱톡/JD": {
        "202501": 11.2,
        "202412": 7.3,
        "202411": 17.2,
        "202410": 14.5,
        "202409": 8.0,
        "202408": 9.6,
        "202407": 10.2,
        "202406": 16.3,
        "202405": 12.7,
        "202404": 2.5
      },
      "(EC)할인몰": {
        "202501": 36.0,
        "202412": 40.2,
        "202411": 37.7,
        "202410": 42.0,
        "202409": 37.9,
        "202408": 34.1,
        "202407": 32.3,
        "202406": 39.1,
        "202405": 36.6,
        "202404": 33.0,
        "202403": 33.5,
        "202402": 28.1,
        "202401": 37.9
      },
      "(OFF)대리상": {
        "202501": 9.0,
        "202412": 9.3,
        "202411": 9.6,
        "202410": 9.7,
        "202409": 9.8,
        "202408": 7.7,
        "202407": 7.8,
        "202406": 6.6,
        "202405": 6.5,
        "202404": 7.1,
        "202403": 7.6,
        "202402": 6.4,
        "202401": 7.5
      },
      "(OFF)쇼핑몰": {
        "202501": 12.7,
        "202412": 12.8,
        "202411": 10.0,
        "202410": 10.4,
        "202409": 8.9,
        "202408": 6.3,
        "202407": 6.5,
        "202406": 8.1,
        "202405": 8.6,
        "202404": 9.4,
        "202403": 6.6,
        "202402": 13.2,
        "202401": 13.7
      },
      "(OFF)아울렛": {
        "202501": 27.6,
        "202412": 29.5,
        "202411": 32.1,
        "202410": 36.4,
        "202409": 32.0,
        "202408": 66.4,
        "202407": 29.5,
        "202406": 30.7,
        "202405": 31.5,
        "202404": 33.6,
        "202403": 33.1,
        "202402": 32.8,
        "202401": 36.6
      },
      "(OFF)플래그쉽": {
        "202501": 9.9,
        "202412": 10.7,
        "202411": 10.0,
        "202410": 12.7,
        "202409": 6.5,
        "202408": 2.1,
        "202407": 3.5,
        "202406": 5.6,
        "202405": 5.7,
        "202404": 4.6,
        "202403": 3.1,
        "202402": 10.4,
        "202401": 11.8
      }
    }
  },
  "raw_data": {
    "sample_records": [
      {
        "YYYYMM": "202501",
        "BRD_CD": "M",
        "CHNL_NM": "(EC)대리상",
        "TAG_SALE_AMT": 91246267.0,
        "ACT_SALE_AMT": 81311772.1495,
        "DISCOUNT_PCT": 10.9
      },
      {
        "YYYYMM": "202501",
        "BRD_CD": "M",
        "CHNL_NM": "(EC)티몰",
        "TAG_SALE_AMT": 52145486.0,
        "ACT_SALE_AMT": 43078129.76,
        "DISCOUNT_PCT": 17.4
      },
      {
        "YYYYMM": "202501",
        "BRD_CD": "M",
        "CHNL_NM": "(EC)틱톡/JD",
        "TAG_SALE_AMT": 12888419.0,
        "ACT_SALE_AMT": 11441569.969999999,
        "DISCOUNT_PCT": 11.2
      },
      {
        "YYYYMM": "202501",
        "BRD_CD": "M",
        "CHNL_NM": "(EC)할인몰",
        "TAG_SALE_AMT": 16087632.0,
        "ACT_SALE_AMT": 10304114.985,
        "DISCOUNT_PCT": 36.0
      },
      {
        "YYYYMM": "202501",
        "BRD_CD": "M",
        "CHNL_NM": "(OFF)대리상",
        "TAG_SALE_AMT": 980257264.0,
        "ACT_SALE_AMT": 892346487.8399999,
        "DISCOUNT_PCT": 9.0
      },
      {
        "YYYYMM": "202501",
        "BRD_CD": "M",
        "CHNL_NM": "(OFF)쇼핑몰",
        "TAG_SALE_AMT": 17089872.0,
        "ACT_SALE_AMT": 14916149.0,
        "DISCOUNT_PCT": 12.7
      },
      {
        "YYYYMM": "202501",
        "BRD_CD": "M",
        "CHNL_NM": "(OFF)아울렛",
        "TAG_SALE_AMT": 58312517.0,
        "ACT_SALE_AMT": 42197071.0,
        "DISCOUNT_PCT": 27.6
      },
      {
        "YYYYMM": "202501",
        "BRD_CD": "M",
        "CHNL_NM": "(OFF)플래그쉽",
        "TAG_SALE_AMT": 8633887.0,
        "ACT_SALE_AMT": 7777693.0,
        "DISCOUNT_PCT": 9.9
      },
      {
        "YYYYMM": "202412",
        "BRD_CD": "M",
        "CHNL_NM": "(EC)대리상",
        "TAG_SALE_AMT": 121786820.0,
        "ACT_SALE_AMT": 107819631.8138,
        "DISCOUNT_PCT": 11.5
      },
      {
        "YYYYMM": "202412",
        "BRD_CD": "M",
        "CHNL_NM": "(EC)티몰",
        "TAG_SALE_AMT": 40607706.0,
        "ACT_SALE_AMT": 33747110.190000005,
        "DISCOUNT_PCT": 16.9
      },
      {
        "YYYYMM": "202412",
        "BRD_CD": "M",
        "CHNL_NM": "(EC)틱톡/JD",
        "TAG_SALE_AMT": 11669038.0,
        "ACT_SALE_AMT": 10812912.05,
        "DISCOUNT_PCT": 7.3
      },
      {
        "YYYYMM": "202412",
        "BRD_CD": "M",
        "CHNL_NM": "(EC)할인몰",
        "TAG_SALE_AMT": 18694256.0,
        "ACT_SALE_AMT": 11186152.5538,
        "DISCOUNT_PCT": 40.2
      },
      {
        "YYYYMM": "202412",
        "BRD_CD": "M",
        "CHNL_NM": "(OFF)대리상",
        "TAG_SALE_AMT": 704220702.0,
        "ACT_SALE_AMT": 638646838.5,
        "DISCOUNT_PCT": 9.3
      },
      {
        "YYYYMM": "202412",
        "BRD_CD": "M",
        "CHNL_NM": "(OFF)쇼핑몰",
        "TAG_SALE_AMT": 13103384.0,
        "ACT_SALE_AMT": 11425047.0,
        "DISCOUNT_PCT": 12.8
      },
      {
        "YYYYMM": "202412",
        "BRD_CD": "M",
        "CHNL_NM": "(OFF)아울렛",
        "TAG_SALE_AMT": 43119423.0,
        "ACT_SALE_AMT": 30394302.0,
        "DISCOUNT_PCT": 29.5
      },
      {
        "YYYYMM": "202412",
        "BRD_CD": "M",
        "CHNL_NM": "(OFF)플래그쉽",
        "TAG_SALE_AMT": 7530805.0,
        "ACT_SALE_AMT": 6723918.0,
        "DISCOUNT_PCT": 10.7
      },
      {
        "YYYYMM": "202411",
        "BRD_CD": "M",
        "CHNL_NM": "(EC)대리상",
        "TAG_SALE_AMT": 181772543.0,
        "ACT_SALE_AMT": 154671597.4534,
        "DISCOUNT_PCT": 14.9
      },
      {
        "YYYYMM": "202411",
        "BRD_CD": "M",
        "CHNL_NM": "(EC)티몰",
        "TAG_SALE_AMT": 82350596.0,
        "ACT_SALE_AMT": 63385166.15,
        "DISCOUNT_PCT": 23.0
      },
      {
        "YYYYMM": "202411",
        "BRD_CD": "M",
        "CHNL_NM": "(EC)틱톡/JD",
        "TAG_SALE_AMT": 9717520.0,
        "ACT_SALE_AMT": 8047008.6899999995,
        "DISCOUNT_PCT": 17.2
      },
      {
        "YYYYMM": "202411",
        "BRD_CD": "M",
        "CHNL_NM": "(EC)할인몰",
        "TAG_SALE_AMT": 14413476.0,
        "ACT_SALE_AMT": 8973131.0957,
        "DISCOUNT_PCT": 37.7
      },
      {
        "YYYYMM": "202411",
        "BRD_CD": "M",
        "CHNL_NM": "(OFF)대리상",
        "TAG_SALE_AMT": 597311337.0,
        "ACT_SALE_AMT": 540218424.59,
        "DISCOUNT_PCT": 9.6
      },
      {
        "YYYYMM": "202411",
        "BRD_CD": "M",
        "CHNL_NM": "(OFF)쇼핑몰",
        "TAG_SALE_AMT": 9952852.0,
        "ACT_SALE_AMT": 8953208.0,
        "DISCOUNT_PCT": 10.0
      },
      {
        "YYYYMM": "202411",
        "BRD_CD": "M",
        "CHNL_NM": "(OFF)아울렛",
        "TAG_SALE_AMT": 38718954.0,
        "ACT_SALE_AMT": 26286279.0,
        "DISCOUNT_PCT": 32.1
      },
      {
        "YYYYMM": "202411",
        "BRD_CD": "M",
        "CHNL_NM": "(OFF)플래그쉽",
        "TAG_SALE_AMT": 5871707.0,
        "ACT_SALE_AMT": 5287180.0,
        "DISCOUNT_PCT": 10.0
      },
      {
        "YYYYMM": "202410",
        "BRD_CD": "M",
        "CHNL_NM": "(EC)대리상",
        "TAG_SALE_AMT": 122397707.0,
        "ACT_SALE_AMT": 108681055.75819999,
        "DISCOUNT_PCT": 11.2
      },
      {
        "YYYYMM": "202410",
        "BRD_CD": "M",
        "CHNL_NM": "(EC)티몰",
        "TAG_SALE_AMT": 103116016.0,
        "ACT_SALE_AMT": 75608746.42000002,
        "DISCOUNT_PCT": 26.7
      },
      {
        "YYYYMM": "202410",
        "BRD_CD": "M",
        "CHNL_NM": "(EC)틱톡/JD",
        "TAG_SALE_AMT": 12454655.0,
        "ACT_SALE_AMT": 10654578.39,
        "DISCOUNT_PCT": 14.5
      },
      {
        "YYYYMM": "202410",
        "BRD_CD": "M",
        "CHNL_NM": "(EC)할인몰",
        "TAG_SALE_AMT": 20981623.0,
        "ACT_SALE_AMT": 12162883.3517,
        "DISCOUNT_PCT": 42.0
      },
      {
        "YYYYMM": "202410",
        "BRD_CD": "M",
        "CHNL_NM": "(OFF)대리상",
        "TAG_SALE_AMT": 654579854.0,
        "ACT_SALE_AMT": 591090575.4164999,
        "DISCOUNT_PCT": 9.7
      },
      {
        "YYYYMM": "202410",
        "BRD_CD": "M",
        "CHNL_NM": "(OFF)쇼핑몰",
        "TAG_SALE_AMT": 10438310.0,
        "ACT_SALE_AMT": 9348575.0,
        "DISCOUNT_PCT": 10.4
      },
      {
        "YYYYMM": "202410",
        "BRD_CD": "M",
        "CHNL_NM": "(OFF)아울렛",
        "TAG_SALE_AMT": 51556694.0,
        "ACT_SALE_AMT": 32768786.0,
        "DISCOUNT_PCT": 36.4
      },
      {
        "YYYYMM": "202410",
        "BRD_CD": "M",
        "CHNL_NM": "(OFF)플래그쉽",
        "TAG_SALE_AMT": 6857481.0,
        "ACT_SALE_AMT": 5983500.0,
        "DISCOUNT_PCT": 12.7
      },
      {
        "YYYYMM": "202409",
        "BRD_CD": "M",
        "CHNL_NM": "(EC)대리상",
        "TAG_SALE_AMT": 91883784.0,
        "ACT_SALE_AMT": 83879737.47,
        "DISCOUNT_PCT": 8.7
      },
      {
        "YYYYMM": "202409",
        "BRD_CD": "M",
        "CHNL_NM": "(EC)티몰",
        "TAG_SALE_AMT": 29209622.0,
        "ACT_SALE_AMT": 24779808.269999996,
        "DISCOUNT_PCT": 15.2
      },
      {
        "YYYYMM": "202409",
        "BRD_CD": "M",
        "CHNL_NM": "(EC)틱톡/JD",
        "TAG_SALE_AMT": 5750134.0,
        "ACT_SALE_AMT": 5292125.329999999,
        "DISCOUNT_PCT": 8.0
      },
      {
        "YYYYMM": "202409",
        "BRD_CD": "M",
        "CHNL_NM": "(EC)할인몰",
        "TAG_SALE_AMT": 11780655.0,
        "ACT_SALE_AMT": 7317025.6116,
        "DISCOUNT_PCT": 37.9
      },
      {
        "YYYYMM": "202409",
        "BRD_CD": "M",
        "CHNL_NM": "(OFF)대리상",
        "TAG_SALE_AMT": 460225466.0,
        "ACT_SALE_AMT": 415132221.96000004,
        "DISCOUNT_PCT": 9.8
      },
      {
        "YYYYMM": "202409",
        "BRD_CD": "M",
        "CHNL_NM": "(OFF)쇼핑몰",
        "TAG_SALE_AMT": 5217256.0,
        "ACT_SALE_AMT": 4753962.0,
        "DISCOUNT_PCT": 8.9
      },
      {
        "YYYYMM": "202409",
        "BRD_CD": "M",
        "CHNL_NM": "(OFF)아울렛",
        "TAG_SALE_AMT": 24981387.0,
        "ACT_SALE_AMT": 16984019.0,
        "DISCOUNT_PCT": 32.0
      },
      {
        "YYYYMM": "202409",
        "BRD_CD": "M",
        "CHNL_NM": "(OFF)플래그쉽",
        "TAG_SALE_AMT": 3862562.0,
        "ACT_SALE_AMT": 3613307.0,
        "DISCOUNT_PCT": 6.5
      },
      {
        "YYYYMM": "202408",
        "BRD_CD": "M",
        "CHNL_NM": "(EC)대리상",
        "TAG_SALE_AMT": 75543610.0,
        "ACT_SALE_AMT": 68417316.97500001,
        "DISCOUNT_PCT": 9.4
      },
      {
        "YYYYMM": "202408",
        "BRD_CD": "M",
        "CHNL_NM": "(EC)티몰",
        "TAG_SALE_AMT": 26908490.0,
        "ACT_SALE_AMT": 23344810.39,
        "DISCOUNT_PCT": 13.2
      },
      {
        "YYYYMM": "202408",
        "BRD_CD": "M",
        "CHNL_NM": "(EC)틱톡/JD",
        "TAG_SALE_AMT": 2386412.0,
        "ACT_SALE_AMT": 2156978.81,
        "DISCOUNT_PCT": 9.6
      },
      {
        "YYYYMM": "202408",
        "BRD_CD": "M",
        "CHNL_NM": "(EC)할인몰",
        "TAG_SALE_AMT": 7281206.0,
        "ACT_SALE_AMT": 4799137.53,
        "DISCOUNT_PCT": 34.1
      },
      {
        "YYYYMM": "202408",
        "BRD_CD": "M",
        "CHNL_NM": "(OFF)대리상",
        "TAG_SALE_AMT": 466556357.0,
        "ACT_SALE_AMT": 430427668.6,
        "DISCOUNT_PCT": 7.7
      },
      {
        "YYYYMM": "202408",
        "BRD_CD": "M",
        "CHNL_NM": "(OFF)쇼핑몰",
        "TAG_SALE_AMT": 6134048.0,
        "ACT_SALE_AMT": 5747501.0,
        "DISCOUNT_PCT": 6.3
      },
      {
        "YYYYMM": "202408",
        "BRD_CD": "M",
        "CHNL_NM": "(OFF)아울렛",
        "TAG_SALE_AMT": 54339193.0,
        "ACT_SALE_AMT": 18248524.02,
        "DISCOUNT_PCT": 66.4
      },
      {
        "YYYYMM": "202408",
        "BRD_CD": "M",
        "CHNL_NM": "(OFF)플래그쉽",
        "TAG_SALE_AMT": 4929738.0,
        "ACT_SALE_AMT": 4827006.0,
        "DISCOUNT_PCT": 2.1
      },
      {
        "YYYYMM": "202407",
        "BRD_CD": "M",
        "CHNL_NM": "(EC)대리상",
        "TAG_SALE_AMT": 68733747.0,
        "ACT_SALE_AMT": 60622762.833000004,
        "DISCOUNT_PCT": 11.8
      },
      {
        "YYYYMM": "202407",
        "BRD_CD": "M",
        "CHNL_NM": "(EC)티몰",
        "TAG_SALE_AMT": 19919941.0,
        "ACT_SALE_AMT": 17517144.25,
        "DISCOUNT_PCT": 12.1
      }
    ],
    "total_records_count": 101
  }
}