{
  "country": "CN",
  "brand_cd": "X",
  "brand_name": "DISCOVERY",
  "yyyymm": "202510",
  "yyyymm_py": "202410",
  "key": "할인율",
  "sub_key": "종합분석",
  "analysis_data": {
    "title": "채널별 할인율 종합분석",
    "sections": [
      {
        "div": "종합분석-1",
        "sub_title": "할인율 전략이 우수한 채널",
        "ai_text": "(EC)티몰 채널의 할인율이 15.0%로 전년동월 15.1% 대비 0.1%p 개선되어 안정적인 할인율 관리를 보여주고 있습니다.\n매출액(v+)이 780k에서 3,247k로 316% 급증하면서도 할인율을 유지한 것은 브랜드 파워 강화와 효과적인 가격 정책의 결과로 판단됩니다.\n월별 추세를 보면 202504월(2.7%), 202508월(3.2%) 등 저할인율 구간이 존재하여 할인율 최적화 여지가 있음을 시사합니다."
      },
      {
        "div": "종합분석-2",
        "sub_title": "주의 필요 채널",
        "ai_text": "(EC)티몰 채널의 할인율이 월별로 큰 변동성을 보이고 있어 일관성 있는 할인 정책 수립이 필요한 상황입니다.\n202410월과 202510월에 각각 15.1%, 15.0%로 높은 할인율을 기록하여 수익성 압박 요인으로 작용하고 있습니다.\n할인율 변동폭이 2.7%~15.1%로 12.4%p의 큰 격차를 보여 예측 가능한 할인 전략 수립이 시급한 상황입니다."
      },
      {
        "div": "종합분석-3",
        "sub_title": "AI 권장사항",
        "ai_text": "할인율 변동성 최소화를 위해 월별 할인율 가이드라인을 8~12% 범위로 설정하고 계절별 차등 적용을 권장합니다.\n매출 급증 시기(10월)의 높은 할인율 패턴을 분석하여 프로모션 효과와 수익성의 균형점을 찾는 것이 필요합니다.\n저할인율 구간(2~6%)에서의 매출 성과를 벤치마킹하여 브랜드 가치 제고를 통한 할인 의존도 감소 전략을 추진해야 합니다.\n티몰 채널의 특성을 고려한 차별화된 상품 구성과 번들링 전략을 통해 할인율 부담 없는 매출 증대 방안을 모색할 것을 제안합니다."
      }
    ]
  },
  "summary": {
    "total_discount_current": 15.0,
    "total_discount_previous": 15.1,
    "total_change_pct": -0.1,
    "unique_channels": 6,
    "unique_months": 14,
    "analysis_period_month": "2024년 10월 vs 2025년 10월",
    "analysis_period_trend": "2024년 1월 ~ 2025년 10월"
  },
  "channel_summary": {
    "(EC)대리상": {
      "current_discount": 6.5,
      "previous_discount": 0,
      "change_pct": 6.5,
      "trend_months": [
        "202509",
        "202510"
      ],
      "trend_values": [
        0.0,
        6.5
      ],
      "current_tag_sale": 17.0,
      "current_act_sale": 16.0,
      "previous_tag_sale": 0.0,
      "previous_act_sale": 0.0
    },
    "(EC)티몰": {
      "current_discount": 15.0,
      "previous_discount": 15.1,
      "change_pct": -0.1,
      "trend_months": [
        "202409",
        "202410",
        "202411",
        "202412",
        "202501",
        "202502",
        "202503",
        "202504",
        "202505",
        "202506",
        "202507",
        "202508",
        "202509",
        "202510"
      ],
      "trend_values": [
        3.2,
        15.1,
        13.8,
        6.3,
        13.4,
        5.3,
        9.7,
        2.7,
        12.2,
        10.1,
        5.5,
        3.2,
        6.4,
        15.0
      ],
      "current_tag_sale": 3818.0,
      "current_act_sale": 3247.0,
      "previous_tag_sale": 919.0,
      "previous_act_sale": 780.0
    },
    "(OFF)쇼핑몰": {
      "current_discount": 12.2,
      "previous_discount": 0,
      "change_pct": 12.2,
      "trend_months": [
        "202411",
        "202412",
        "202501",
        "202502",
        "202503",
        "202504",
        "202505",
        "202506",
        "202507",
        "202508",
        "202509",
        "202510"
      ],
      "trend_values": [
        19.4,
        15.8,
        17.5,
        12.5,
        18.5,
        14.0,
        14.3,
        17.2,
        9.4,
        7.3,
        8.3,
        12.2
      ],
      "current_tag_sale": 841.0,
      "current_act_sale": 739.0,
      "previous_tag_sale": 0.0,
      "previous_act_sale": 0.0
    },
    "(EC)할인몰": {
      "current_discount": 40.0,
      "previous_discount": 0,
      "change_pct": 40.0,
      "trend_months": [
        "202510"
      ],
      "trend_values": [
        40.0
      ],
      "current_tag_sale": 2.0,
      "current_act_sale": 1.0,
      "previous_tag_sale": 0.0,
      "previous_act_sale": 0.0
    },
    "(EC)틱톡/JD": {
      "current_discount": 13.4,
      "previous_discount": 0,
      "change_pct": 13.4,
      "trend_months": [
        "202504",
        "202505",
        "202506",
        "202507",
        "202508",
        "202509",
        "202510"
      ],
      "trend_values": [
        5.0,
        12.5,
        2.7,
        70.5,
        3.2,
        4.5,
        13.4
      ],
      "current_tag_sale": 726.0,
      "current_act_sale": 629.0,
      "previous_tag_sale": 0.0,
      "previous_act_sale": 0.0
    },
    "(OFF)대리상": {
      "current_discount": 4.5,
      "previous_discount": 0,
      "change_pct": 4.5,
      "trend_months": [
        "202411",
        "202412",
        "202501",
        "202502",
        "202503",
        "202504",
        "202505",
        "202506",
        "202507",
        "202508",
        "202509",
        "202510"
      ],
      "trend_values": [
        4.9,
        3.7,
        5.2,
        3.7,
        3.3,
        3.4,
        3.1,
        3.8,
        3.4,
        2.9,
        2.3,
        4.5
      ],
      "current_tag_sale": 4947.0,
      "current_act_sale": 4724.0,
      "previous_tag_sale": 0.0,
      "previous_act_sale": 0.0
    }
  },
  "trend_data": {
    "trend_months": [
      "202409",
      "202410",
      "202411",
      "202412",
      "202501",
      "202502",
      "202503",
      "202504",
      "202505",
      "202506",
      "202507",
      "202508",
      "202509",
      "202510"
    ],
    "monthly_totals": [
      {
        "yyyymm": "202409",
        "tag_sale_amt": 71.0,
        "act_sale_amt": 69.0,
        "discount_pct": 3.2
      },
      {
        "yyyymm": "202410",
        "tag_sale_amt": 919.0,
        "act_sale_amt": 780.0,
        "discount_pct": 15.1
      },
      {
        "yyyymm": "202411",
        "tag_sale_amt": 1787.0,
        "act_sale_amt": 1546.0,
        "discount_pct": 13.5
      },
      {
        "yyyymm": "202412",
        "tag_sale_amt": 3461.0,
        "act_sale_amt": 3119.0,
        "discount_pct": 9.9
      },
      {
        "yyyymm": "202501",
        "tag_sale_amt": 2799.0,
        "act_sale_amt": 2491.0,
        "discount_pct": 11.0
      },
      {
        "yyyymm": "202502",
        "tag_sale_amt": 2329.0,
        "act_sale_amt": 2177.0,
        "discount_pct": 6.5
      },
      {
        "yyyymm": "202503",
        "tag_sale_amt": 2174.0,
        "act_sale_amt": 1977.0,
        "discount_pct": 9.0
      },
      {
        "yyyymm": "202504",
        "tag_sale_amt": 2283.0,
        "act_sale_amt": 2134.0,
        "discount_pct": 6.5
      },
      {
        "yyyymm": "202505",
        "tag_sale_amt": 3235.0,
        "act_sale_amt": 2983.0,
        "discount_pct": 7.8
      },
      {
        "yyyymm": "202506",
        "tag_sale_amt": 3028.0,
        "act_sale_amt": 2787.0,
        "discount_pct": 7.9
      },
      {
        "yyyymm": "202507",
        "tag_sale_amt": 3127.0,
        "act_sale_amt": 2984.0,
        "discount_pct": 4.6
      },
      {
        "yyyymm": "202508",
        "tag_sale_amt": 7293.0,
        "act_sale_amt": 7021.0,
        "discount_pct": 3.7
      },
      {
        "yyyymm": "202509",
        "tag_sale_amt": 5596.0,
        "act_sale_amt": 5366.0,
        "discount_pct": 4.1
      },
      {
        "yyyymm": "202510",
        "tag_sale_amt": 10352.0,
        "act_sale_amt": 9356.0,
        "discount_pct": 9.6
      }
    ],
    "channel_trends": {
      "(EC)대리상": {
        "202510": 6.5,
        "202509": 0.0
      },
      "(EC)티몰": {
        "202510": 15.0,
        "202509": 6.4,
        "202508": 3.2,
        "202507": 5.5,
        "202506": 10.1,
        "202505": 12.2,
        "202504": 2.7,
        "202503": 9.7,
        "202502": 5.3,
        "202501": 13.4,
        "202412": 6.3,
        "202411": 13.8,
        "202410": 15.1,
        "202409": 3.2
      },
      "(EC)틱톡/JD": {
        "202510": 13.4,
        "202509": 4.5,
        "202508": 3.2,
        "202507": 70.5,
        "202506": 2.7,
        "202505": 12.5,
        "202504": 5.0
      },
      "(EC)할인몰": {
        "202510": 40.0
      },
      "(OFF)대리상": {
        "202510": 4.5,
        "202509": 2.3,
        "202508": 2.9,
        "202507": 3.4,
        "202506": 3.8,
        "202505": 3.1,
        "202504": 3.4,
        "202503": 3.3,
        "202502": 3.7,
        "202501": 5.2,
        "202412": 3.7,
        "202411": 4.9
      },
      "(OFF)쇼핑몰": {
        "202510": 12.2,
        "202509": 8.3,
        "202508": 7.3,
        "202507": 9.4,
        "202506": 17.2,
        "202505": 14.3,
        "202504": 14.0,
        "202503": 18.5,
        "202502": 12.5,
        "202501": 17.5,
        "202412": 15.8,
        "202411": 19.4
      }
    }
  },
  "raw_data": {
    "sample_records": [
      {
        "YYYYMM": "202510",
        "BRD_CD": "X",
        "CHNL_NM": "(EC)대리상",
        "TAG_SALE_AMT": 17420.0,
        "ACT_SALE_AMT": 16289.9,
        "DISCOUNT_PCT": 6.5
      },
      {
        "YYYYMM": "202510",
        "BRD_CD": "X",
        "CHNL_NM": "(EC)티몰",
        "TAG_SALE_AMT": 3818064.0,
        "ACT_SALE_AMT": 3246594.26,
        "DISCOUNT_PCT": 15.0
      },
      {
        "YYYYMM": "202510",
        "BRD_CD": "X",
        "CHNL_NM": "(EC)틱톡/JD",
        "TAG_SALE_AMT": 726437.0,
        "ACT_SALE_AMT": 629279.05,
        "DISCOUNT_PCT": 13.4
      },
      {
        "YYYYMM": "202510",
        "BRD_CD": "X",
        "CHNL_NM": "(EC)할인몰",
        "TAG_SALE_AMT": 1980.0,
        "ACT_SALE_AMT": 1188.0,
        "DISCOUNT_PCT": 40.0
      },
      {
        "YYYYMM": "202510",
        "BRD_CD": "X",
        "CHNL_NM": "(OFF)대리상",
        "TAG_SALE_AMT": 4946806.0,
        "ACT_SALE_AMT": 4724123.0,
        "DISCOUNT_PCT": 4.5
      },
      {
        "YYYYMM": "202510",
        "BRD_CD": "X",
        "CHNL_NM": "(OFF)쇼핑몰",
        "TAG_SALE_AMT": 841164.0,
        "ACT_SALE_AMT": 738918.0,
        "DISCOUNT_PCT": 12.2
      },
      {
        "YYYYMM": "202509",
        "BRD_CD": "X",
        "CHNL_NM": "(EC)대리상",
        "TAG_SALE_AMT": 390.0,
        "ACT_SALE_AMT": 390.0,
        "DISCOUNT_PCT": 0.0
      },
      {
        "YYYYMM": "202509",
        "BRD_CD": "X",
        "CHNL_NM": "(EC)티몰",
        "TAG_SALE_AMT": 800619.0,
        "ACT_SALE_AMT": 749592.59,
        "DISCOUNT_PCT": 6.4
      },
      {
        "YYYYMM": "202509",
        "BRD_CD": "X",
        "CHNL_NM": "(EC)틱톡/JD",
        "TAG_SALE_AMT": 817927.0,
        "ACT_SALE_AMT": 780839.5499999999,
        "DISCOUNT_PCT": 4.5
      },
      {
        "YYYYMM": "202509",
        "BRD_CD": "X",
        "CHNL_NM": "(OFF)대리상",
        "TAG_SALE_AMT": 3128724.0,
        "ACT_SALE_AMT": 3056662.0,
        "DISCOUNT_PCT": 2.3
      },
      {
        "YYYYMM": "202509",
        "BRD_CD": "X",
        "CHNL_NM": "(OFF)쇼핑몰",
        "TAG_SALE_AMT": 848677.0,
        "ACT_SALE_AMT": 778571.0,
        "DISCOUNT_PCT": 8.3
      },
      {
        "YYYYMM": "202508",
        "BRD_CD": "X",
        "CHNL_NM": "(EC)티몰",
        "TAG_SALE_AMT": 2627495.0,
        "ACT_SALE_AMT": 2542372.35,
        "DISCOUNT_PCT": 3.2
      },
      {
        "YYYYMM": "202508",
        "BRD_CD": "X",
        "CHNL_NM": "(EC)틱톡/JD",
        "TAG_SALE_AMT": 225867.0,
        "ACT_SALE_AMT": 218546.01,
        "DISCOUNT_PCT": 3.2
      },
      {
        "YYYYMM": "202508",
        "BRD_CD": "X",
        "CHNL_NM": "(OFF)대리상",
        "TAG_SALE_AMT": 3274981.0,
        "ACT_SALE_AMT": 3179484.0,
        "DISCOUNT_PCT": 2.9
      },
      {
        "YYYYMM": "202508",
        "BRD_CD": "X",
        "CHNL_NM": "(OFF)쇼핑몰",
        "TAG_SALE_AMT": 1164808.0,
        "ACT_SALE_AMT": 1080244.0,
        "DISCOUNT_PCT": 7.3
      },
      {
        "YYYYMM": "202507",
        "BRD_CD": "X",
        "CHNL_NM": "(EC)티몰",
        "TAG_SALE_AMT": 266488.0,
        "ACT_SALE_AMT": 251707.57,
        "DISCOUNT_PCT": 5.5
      },
      {
        "YYYYMM": "202507",
        "BRD_CD": "X",
        "CHNL_NM": "(EC)틱톡/JD",
        "TAG_SALE_AMT": 470.0,
        "ACT_SALE_AMT": 138.7300000000006,
        "DISCOUNT_PCT": 70.5
      },
      {
        "YYYYMM": "202507",
        "BRD_CD": "X",
        "CHNL_NM": "(OFF)대리상",
        "TAG_SALE_AMT": 2341703.0,
        "ACT_SALE_AMT": 2261938.9,
        "DISCOUNT_PCT": 3.4
      },
      {
        "YYYYMM": "202507",
        "BRD_CD": "X",
        "CHNL_NM": "(OFF)쇼핑몰",
        "TAG_SALE_AMT": 518450.0,
        "ACT_SALE_AMT": 469927.0,
        "DISCOUNT_PCT": 9.4
      },
      {
        "YYYYMM": "202506",
        "BRD_CD": "X",
        "CHNL_NM": "(EC)티몰",
        "TAG_SALE_AMT": 742395.0,
        "ACT_SALE_AMT": 667743.01,
        "DISCOUNT_PCT": 10.1
      },
      {
        "YYYYMM": "202506",
        "BRD_CD": "X",
        "CHNL_NM": "(EC)틱톡/JD",
        "TAG_SALE_AMT": 45079.0,
        "ACT_SALE_AMT": 43878.020000000004,
        "DISCOUNT_PCT": 2.7
      },
      {
        "YYYYMM": "202506",
        "BRD_CD": "X",
        "CHNL_NM": "(OFF)대리상",
        "TAG_SALE_AMT": 1647628.0,
        "ACT_SALE_AMT": 1584614.0,
        "DISCOUNT_PCT": 3.8
      },
      {
        "YYYYMM": "202506",
        "BRD_CD": "X",
        "CHNL_NM": "(OFF)쇼핑몰",
        "TAG_SALE_AMT": 592672.0,
        "ACT_SALE_AMT": 490948.0,
        "DISCOUNT_PCT": 17.2
      },
      {
        "YYYYMM": "202505",
        "BRD_CD": "X",
        "CHNL_NM": "(EC)티몰",
        "TAG_SALE_AMT": 869546.0,
        "ACT_SALE_AMT": 763334.77,
        "DISCOUNT_PCT": 12.2
      },
      {
        "YYYYMM": "202505",
        "BRD_CD": "X",
        "CHNL_NM": "(EC)틱톡/JD",
        "TAG_SALE_AMT": 34120.0,
        "ACT_SALE_AMT": 29864.0,
        "DISCOUNT_PCT": 12.5
      },
      {
        "YYYYMM": "202505",
        "BRD_CD": "X",
        "CHNL_NM": "(OFF)대리상",
        "TAG_SALE_AMT": 1702774.0,
        "ACT_SALE_AMT": 1650613.0,
        "DISCOUNT_PCT": 3.1
      },
      {
        "YYYYMM": "202505",
        "BRD_CD": "X",
        "CHNL_NM": "(OFF)쇼핑몰",
        "TAG_SALE_AMT": 628836.0,
        "ACT_SALE_AMT": 538717.0,
        "DISCOUNT_PCT": 14.3
      },
      {
        "YYYYMM": "202504",
        "BRD_CD": "X",
        "CHNL_NM": "(EC)티몰",
        "TAG_SALE_AMT": 446668.0,
        "ACT_SALE_AMT": 434580.91,
        "DISCOUNT_PCT": 2.7
      },
      {
        "YYYYMM": "202504",
        "BRD_CD": "X",
        "CHNL_NM": "(EC)틱톡/JD",
        "TAG_SALE_AMT": 20840.0,
        "ACT_SALE_AMT": 19801.559999999998,
        "DISCOUNT_PCT": 5.0
      },
      {
        "YYYYMM": "202504",
        "BRD_CD": "X",
        "CHNL_NM": "(OFF)대리상",
        "TAG_SALE_AMT": 1111810.0,
        "ACT_SALE_AMT": 1074418.0,
        "DISCOUNT_PCT": 3.4
      },
      {
        "YYYYMM": "202504",
        "BRD_CD": "X",
        "CHNL_NM": "(OFF)쇼핑몰",
        "TAG_SALE_AMT": 703986.0,
        "ACT_SALE_AMT": 605476.0,
        "DISCOUNT_PCT": 14.0
      },
      {
        "YYYYMM": "202503",
        "BRD_CD": "X",
        "CHNL_NM": "(EC)티몰",
        "TAG_SALE_AMT": 664125.0,
        "ACT_SALE_AMT": 599680.77,
        "DISCOUNT_PCT": 9.7
      },
      {
        "YYYYMM": "202503",
        "BRD_CD": "X",
        "CHNL_NM": "(OFF)대리상",
        "TAG_SALE_AMT": 966032.0,
        "ACT_SALE_AMT": 934077.0,
        "DISCOUNT_PCT": 3.3
      },
      {
        "YYYYMM": "202503",
        "BRD_CD": "X",
        "CHNL_NM": "(OFF)쇼핑몰",
        "TAG_SALE_AMT": 543610.0,
        "ACT_SALE_AMT": 443286.0,
        "DISCOUNT_PCT": 18.5
      },
      {
        "YYYYMM": "202502",
        "BRD_CD": "X",
        "CHNL_NM": "(EC)티몰",
        "TAG_SALE_AMT": 926259.0,
        "ACT_SALE_AMT": 876976.76,
        "DISCOUNT_PCT": 5.3
      },
      {
        "YYYYMM": "202502",
        "BRD_CD": "X",
        "CHNL_NM": "(OFF)대리상",
        "TAG_SALE_AMT": 834262.0,
        "ACT_SALE_AMT": 803040.0,
        "DISCOUNT_PCT": 3.7
      },
      {
        "YYYYMM": "202502",
        "BRD_CD": "X",
        "CHNL_NM": "(OFF)쇼핑몰",
        "TAG_SALE_AMT": 568307.0,
        "ACT_SALE_AMT": 496994.0,
        "DISCOUNT_PCT": 12.5
      },
      {
        "YYYYMM": "202501",
        "BRD_CD": "X",
        "CHNL_NM": "(EC)티몰",
        "TAG_SALE_AMT": 271430.0,
        "ACT_SALE_AMT": 235145.63,
        "DISCOUNT_PCT": 13.4
      },
      {
        "YYYYMM": "202501",
        "BRD_CD": "X",
        "CHNL_NM": "(OFF)대리상",
        "TAG_SALE_AMT": 1383004.0,
        "ACT_SALE_AMT": 1310826.0,
        "DISCOUNT_PCT": 5.2
      },
      {
        "YYYYMM": "202501",
        "BRD_CD": "X",
        "CHNL_NM": "(OFF)쇼핑몰",
        "TAG_SALE_AMT": 1144857.0,
        "ACT_SALE_AMT": 944995.0,
        "DISCOUNT_PCT": 17.5
      },
      {
        "YYYYMM": "202412",
        "BRD_CD": "X",
        "CHNL_NM": "(EC)티몰",
        "TAG_SALE_AMT": 854230.0,
        "ACT_SALE_AMT": 800597.2899999999,
        "DISCOUNT_PCT": 6.3
      },
      {
        "YYYYMM": "202412",
        "BRD_CD": "X",
        "CHNL_NM": "(OFF)대리상",
        "TAG_SALE_AMT": 1022696.0,
        "ACT_SALE_AMT": 984699.0,
        "DISCOUNT_PCT": 3.7
      },
      {
        "YYYYMM": "202412",
        "BRD_CD": "X",
        "CHNL_NM": "(OFF)쇼핑몰",
        "TAG_SALE_AMT": 1584068.0,
        "ACT_SALE_AMT": 1333450.0,
        "DISCOUNT_PCT": 15.8
      },
      {
        "YYYYMM": "202411",
        "BRD_CD": "X",
        "CHNL_NM": "(EC)티몰",
        "TAG_SALE_AMT": 1328465.0,
        "ACT_SALE_AMT": 1145145.79,
        "DISCOUNT_PCT": 13.8
      },
      {
        "YYYYMM": "202411",
        "BRD_CD": "X",
        "CHNL_NM": "(OFF)대리상",
        "TAG_SALE_AMT": 218814.0,
        "ACT_SALE_AMT": 208145.0,
        "DISCOUNT_PCT": 4.9
      },
      {
        "YYYYMM": "202411",
        "BRD_CD": "X",
        "CHNL_NM": "(OFF)쇼핑몰",
        "TAG_SALE_AMT": 239655.0,
        "ACT_SALE_AMT": 193087.0,
        "DISCOUNT_PCT": 19.4
      },
      {
        "YYYYMM": "202410",
        "BRD_CD": "X",
        "CHNL_NM": "(EC)티몰",
        "TAG_SALE_AMT": 918957.0,
        "ACT_SALE_AMT": 780459.28,
        "DISCOUNT_PCT": 15.1
      },
      {
        "YYYYMM": "202409",
        "BRD_CD": "X",
        "CHNL_NM": "(EC)티몰",
        "TAG_SALE_AMT": 71370.0,
        "ACT_SALE_AMT": 69073.41,
        "DISCOUNT_PCT": 3.2
      }
    ],
    "total_records_count": 48
  }
}