{
  "country": "CN",
  "brand_cd": "V",
  "brand_name": "DUVETICA",
  "yyyymm": "202505",
  "yyyymm_py": "202405",
  "key": "할인율",
  "sub_key": "종합분석",
  "analysis_data": {
    "title": "채널별 할인율 종합분석",
    "sections": [
      {
        "div": "종합분석-1",
        "sub_title": "할인율 전략이 우수한 채널",
        "ai_text": "현재 분석된 2개 채널 모두에서 할인율이 50% 이상으로 상당히 높아, 우수한 할인율 전략을 보이는 채널을 식별하기 어려운 상황입니다.\n상대적으로 (OFF)쇼핑몰이 50.5%로 (EC)티몰의 58.5%보다 8.0%p 낮은 할인율을 보이고 있어 상대적으로 양호한 편입니다.\n다만 두 채널 모두 전년대비 할인율이 크게 상승(티몰 29.7%p, 쇼핑몰 34.9%p)하여 전반적인 할인율 관리 개선이 시급한 상황입니다."
      },
      {
        "div": "종합분석-2",
        "sub_title": "주의 필요 채널",
        "ai_text": "(EC)티몰과 (OFF)쇼핑몰 모두 주의가 필요한 상황으로, 특히 (EC)티몰의 할인율이 58.5%로 가장 높습니다.\n(EC)티몰은 2024년 12월 66.3%를 기록한 후 2025년 들어 지속적으로 50%대 후반을 유지하며 높은 할인율이 고착화되고 있습니다.\n(OFF)쇼핑몰 역시 2024년 10월부터 할인율이 급등하여 현재 50.5%를 기록, 전년 동월 15.6% 대비 34.9%p 상승으로 가장 큰 악화폭을 보이고 있습니다."
      },
      {
        "div": "종합분석-3",
        "sub_title": "AI 권장사항",
        "ai_text": "• 즉시 할인율 상한선 설정: 두 채널 모두 40% 이하로 할인율 목표를 설정하고 단계적 개선 계획 수립 필요\n• (EC)티몰 우선 개선: 가장 높은 할인율(58.5%)을 보이는 티몰의 프로모션 정책 재검토 및 정가 판매 비중 확대\n• (OFF)쇼핑몰 할인정책 재구조화: 전년대비 가장 큰 악화폭(34.9%p)을 보인 쇼핑몰의 할인 프로모션 빈도 및 폭 조정\n• 월별 할인율 모니터링 체계 구축: 2024년 하반기부터 시작된 할인율 급등 패턴을 조기 감지할 수 있는 KPI 관리 시스템 도입"
      }
    ]
  },
  "summary": {
    "total_discount_current": 54.4,
    "total_discount_previous": 19.7,
    "total_change_pct": 34.7,
    "unique_channels": 6,
    "unique_months": 17,
    "analysis_period_month": "2024년 5월 vs 2025년 5월",
    "analysis_period_trend": "2024년 1월 ~ 2025년 5월"
  },
  "channel_summary": {
    "(EC)티몰": {
      "current_discount": 58.5,
      "previous_discount": 28.8,
      "change_pct": 29.7,
      "trend_months": [
        "202401",
        "202402",
        "202403",
        "202404",
        "202405",
        "202406",
        "202407",
        "202408",
        "202409",
        "202410",
        "202411",
        "202412",
        "202501",
        "202502",
        "202503",
        "202504",
        "202505"
      ],
      "trend_values": [
        11.1,
        38.4,
        14.9,
        18.1,
        28.8,
        36.4,
        25.2,
        14.2,
        25.8,
        49.7,
        46.7,
        66.3,
        59.7,
        49.9,
        58.1,
        57.9,
        58.5
      ],
      "current_tag_sale": 747.0,
      "current_act_sale": 310.0,
      "previous_tag_sale": 296.0,
      "previous_act_sale": 211.0
    },
    "(OFF)쇼핑몰": {
      "current_discount": 50.5,
      "previous_discount": 15.6,
      "change_pct": 34.9,
      "trend_months": [
        "202401",
        "202402",
        "202403",
        "202404",
        "202405",
        "202406",
        "202407",
        "202408",
        "202409",
        "202410",
        "202411",
        "202412",
        "202501",
        "202502",
        "202503",
        "202504",
        "202505"
      ],
      "trend_values": [
        23.3,
        16.3,
        21.2,
        19.0,
        15.6,
        16.8,
        17.9,
        19.7,
        16.7,
        34.7,
        46.0,
        51.6,
        52.0,
        51.3,
        50.2,
        49.6,
        50.5
      ],
      "current_tag_sale": 781.0,
      "current_act_sale": 387.0,
      "previous_tag_sale": 645.0,
      "previous_act_sale": 545.0
    },
    "(EC)대리상": {
      "current_discount": 0,
      "previous_discount": 6.9,
      "change_pct": -6.9,
      "trend_months": [
        "202403",
        "202405",
        "202406",
        "202409",
        "202503"
      ],
      "trend_values": [
        10.0,
        6.9,
        5.0,
        10.0,
        31.3
      ],
      "current_tag_sale": 0.0,
      "current_act_sale": 0.0,
      "previous_tag_sale": 6.0,
      "previous_act_sale": 5.0
    },
    "(OFF)아울렛": {
      "current_discount": 56.4,
      "previous_discount": 0,
      "change_pct": 56.4,
      "trend_months": [
        "202408",
        "202409",
        "202410",
        "202411",
        "202412",
        "202501",
        "202502",
        "202503",
        "202504",
        "202505"
      ],
      "trend_values": [
        99.8,
        49.5,
        54.4,
        60.7,
        68.7,
        68.1,
        67.2,
        56.1,
        50.5,
        56.4
      ],
      "current_tag_sale": 322.0,
      "current_act_sale": 140.0,
      "previous_tag_sale": 0.0,
      "previous_act_sale": 0.0
    },
    "(EC)할인몰": {
      "current_discount": 0,
      "previous_discount": 0,
      "change_pct": 0,
      "trend_months": [
        "202406",
        "202407",
        "202412",
        "202502",
        "202503",
        "202504",
        "202505"
      ],
      "trend_values": [
        50.0,
        50.0,
        50.0,
        69.7,
        50.0,
        83.2,
        81.1
      ],
      "current_tag_sale": -5.0,
      "current_act_sale": -1.0,
      "previous_tag_sale": 0.0,
      "previous_act_sale": 0.0
    },
    "(OFF)대리상": {
      "current_discount": 0,
      "previous_discount": 4.7,
      "change_pct": -4.7,
      "trend_months": [
        "202401",
        "202402",
        "202403",
        "202404",
        "202405",
        "202406",
        "202407",
        "202408",
        "202409",
        "202410",
        "202411",
        "202412",
        "202501",
        "202502",
        "202503",
        "202504"
      ],
      "trend_values": [
        5.8,
        1.6,
        2.3,
        2.5,
        4.7,
        5.0,
        4.9,
        10.9,
        3.5,
        15.3,
        27.6,
        22.2,
        23.2,
        27.3,
        32.1,
        72.5
      ],
      "current_tag_sale": 0.0,
      "current_act_sale": 0.0,
      "previous_tag_sale": 1045.0,
      "previous_act_sale": 996.0
    }
  },
  "trend_data": {
    "trend_months": [
      "202401",
      "202402",
      "202403",
      "202404",
      "202405",
      "202406",
      "202407",
      "202408",
      "202409",
      "202410",
      "202411",
      "202412",
      "202501",
      "202502",
      "202503",
      "202504",
      "202505"
    ],
    "monthly_totals": [
      {
        "yyyymm": "202401",
        "tag_sale_amt": 3911.0,
        "act_sale_amt": 3444.0,
        "discount_pct": 11.9
      },
      {
        "yyyymm": "202402",
        "tag_sale_amt": 2197.0,
        "act_sale_amt": 2046.0,
        "discount_pct": 6.9
      },
      {
        "yyyymm": "202403",
        "tag_sale_amt": 1724.0,
        "act_sale_amt": 1523.0,
        "discount_pct": 11.6
      },
      {
        "yyyymm": "202404",
        "tag_sale_amt": 1627.0,
        "act_sale_amt": 1484.0,
        "discount_pct": 8.8
      },
      {
        "yyyymm": "202405",
        "tag_sale_amt": 1992.0,
        "act_sale_amt": 1756.0,
        "discount_pct": 11.8
      },
      {
        "yyyymm": "202406",
        "tag_sale_amt": 1499.0,
        "act_sale_amt": 1292.0,
        "discount_pct": 13.9
      },
      {
        "yyyymm": "202407",
        "tag_sale_amt": 1385.0,
        "act_sale_amt": 1251.0,
        "discount_pct": 9.7
      },
      {
        "yyyymm": "202408",
        "tag_sale_amt": 1095.0,
        "act_sale_amt": 910.0,
        "discount_pct": 16.8
      },
      {
        "yyyymm": "202409",
        "tag_sale_amt": 1364.0,
        "act_sale_amt": 1122.0,
        "discount_pct": 17.8
      },
      {
        "yyyymm": "202410",
        "tag_sale_amt": 3441.0,
        "act_sale_amt": 2034.0,
        "discount_pct": 40.9
      },
      {
        "yyyymm": "202411",
        "tag_sale_amt": 4789.0,
        "act_sale_amt": 2563.0,
        "discount_pct": 46.5
      },
      {
        "yyyymm": "202412",
        "tag_sale_amt": 11574.0,
        "act_sale_amt": 4438.0,
        "discount_pct": 61.7
      },
      {
        "yyyymm": "202501",
        "tag_sale_amt": 8236.0,
        "act_sale_amt": 3421.0,
        "discount_pct": 58.5
      },
      {
        "yyyymm": "202502",
        "tag_sale_amt": 3804.0,
        "act_sale_amt": 1722.0,
        "discount_pct": 54.7
      },
      {
        "yyyymm": "202503",
        "tag_sale_amt": 2340.0,
        "act_sale_amt": 1132.0,
        "discount_pct": 51.6
      },
      {
        "yyyymm": "202504",
        "tag_sale_amt": 6441.0,
        "act_sale_amt": 1516.0,
        "discount_pct": 76.5
      },
      {
        "yyyymm": "202505",
        "tag_sale_amt": 1846.0,
        "act_sale_amt": 837.0,
        "discount_pct": 54.7
      }
    ],
    "channel_trends": {
      "(EC)티몰": {
        "202505": 58.5,
        "202504": 57.9,
        "202503": 58.1,
        "202502": 49.9,
        "202501": 59.7,
        "202412": 66.3,
        "202411": 46.7,
        "202410": 49.7,
        "202409": 25.8,
        "202408": 14.2,
        "202407": 25.2,
        "202406": 36.4,
        "202405": 28.8,
        "202404": 18.1,
        "202403": 14.9,
        "202402": 38.4,
        "202401": 11.1
      },
      "(EC)할인몰": {
        "202505": 81.1,
        "202504": 83.2,
        "202503": 50.0,
        "202502": 69.7,
        "202412": 50.0,
        "202407": 50.0,
        "202406": 50.0
      },
      "(OFF)쇼핑몰": {
        "202505": 50.5,
        "202504": 49.6,
        "202503": 50.2,
        "202502": 51.3,
        "202501": 52.0,
        "202412": 51.6,
        "202411": 46.0,
        "202410": 34.7,
        "202409": 16.7,
        "202408": 19.7,
        "202407": 17.9,
        "202406": 16.8,
        "202405": 15.6,
        "202404": 19.0,
        "202403": 21.2,
        "202402": 16.3,
        "202401": 23.3
      },
      "(OFF)아울렛": {
        "202505": 56.4,
        "202504": 50.5,
        "202503": 56.1,
        "202502": 67.2,
        "202501": 68.1,
        "202412": 68.7,
        "202411": 60.7,
        "202410": 54.4,
        "202409": 49.5,
        "202408": 99.8
      },
      "(OFF)대리상": {
        "202504": 72.5,
        "202503": 32.1,
        "202502": 27.3,
        "202501": 23.2,
        "202412": 22.2,
        "202411": 27.6,
        "202410": 15.3,
        "202409": 3.5,
        "202408": 10.9,
        "202407": 4.9,
        "202406": 5.0,
        "202405": 4.7,
        "202404": 2.5,
        "202403": 2.3,
        "202402": 1.6,
        "202401": 5.8
      },
      "(EC)대리상": {
        "202503": 31.3,
        "202409": 10.0,
        "202406": 5.0,
        "202405": 6.9,
        "202403": 10.0
      }
    }
  },
  "raw_data": {
    "sample_records": [
      {
        "YYYYMM": "202505",
        "BRD_CD": "V",
        "CHNL_NM": "(EC)티몰",
        "TAG_SALE_AMT": 746880.0,
        "ACT_SALE_AMT": 310094.09,
        "DISCOUNT_PCT": 58.5
      },
      {
        "YYYYMM": "202505",
        "BRD_CD": "V",
        "CHNL_NM": "(EC)할인몰",
        "TAG_SALE_AMT": -4980.0,
        "ACT_SALE_AMT": -940.0,
        "DISCOUNT_PCT": 81.1
      },
      {
        "YYYYMM": "202505",
        "BRD_CD": "V",
        "CHNL_NM": "(OFF)쇼핑몰",
        "TAG_SALE_AMT": 781260.0,
        "ACT_SALE_AMT": 386875.0,
        "DISCOUNT_PCT": 50.5
      },
      {
        "YYYYMM": "202505",
        "BRD_CD": "V",
        "CHNL_NM": "(OFF)아울렛",
        "TAG_SALE_AMT": 322430.0,
        "ACT_SALE_AMT": 140487.0,
        "DISCOUNT_PCT": 56.4
      },
      {
        "YYYYMM": "202504",
        "BRD_CD": "V",
        "CHNL_NM": "(EC)티몰",
        "TAG_SALE_AMT": 209190.0,
        "ACT_SALE_AMT": 88008.29,
        "DISCOUNT_PCT": 57.9
      },
      {
        "YYYYMM": "202504",
        "BRD_CD": "V",
        "CHNL_NM": "(EC)할인몰",
        "TAG_SALE_AMT": 4979620.0,
        "ACT_SALE_AMT": 834135.0,
        "DISCOUNT_PCT": 83.2
      },
      {
        "YYYYMM": "202504",
        "BRD_CD": "V",
        "CHNL_NM": "(OFF)대리상",
        "TAG_SALE_AMT": 155800.0,
        "ACT_SALE_AMT": 42797.0,
        "DISCOUNT_PCT": 72.5
      },
      {
        "YYYYMM": "202504",
        "BRD_CD": "V",
        "CHNL_NM": "(OFF)쇼핑몰",
        "TAG_SALE_AMT": 892210.0,
        "ACT_SALE_AMT": 449979.0,
        "DISCOUNT_PCT": 49.6
      },
      {
        "YYYYMM": "202504",
        "BRD_CD": "V",
        "CHNL_NM": "(OFF)아울렛",
        "TAG_SALE_AMT": 203710.0,
        "ACT_SALE_AMT": 100803.0,
        "DISCOUNT_PCT": 50.5
      },
      {
        "YYYYMM": "202503",
        "BRD_CD": "V",
        "CHNL_NM": "(EC)대리상",
        "TAG_SALE_AMT": -4080.0,
        "ACT_SALE_AMT": -2805.0,
        "DISCOUNT_PCT": 31.3
      },
      {
        "YYYYMM": "202503",
        "BRD_CD": "V",
        "CHNL_NM": "(EC)티몰",
        "TAG_SALE_AMT": 576930.0,
        "ACT_SALE_AMT": 241506.82,
        "DISCOUNT_PCT": 58.1
      },
      {
        "YYYYMM": "202503",
        "BRD_CD": "V",
        "CHNL_NM": "(EC)할인몰",
        "TAG_SALE_AMT": 2500.0,
        "ACT_SALE_AMT": 1250.0,
        "DISCOUNT_PCT": 50.0
      },
      {
        "YYYYMM": "202503",
        "BRD_CD": "V",
        "CHNL_NM": "(OFF)대리상",
        "TAG_SALE_AMT": 141450.0,
        "ACT_SALE_AMT": 96068.0,
        "DISCOUNT_PCT": 32.1
      },
      {
        "YYYYMM": "202503",
        "BRD_CD": "V",
        "CHNL_NM": "(OFF)쇼핑몰",
        "TAG_SALE_AMT": 1408080.0,
        "ACT_SALE_AMT": 701375.0,
        "DISCOUNT_PCT": 50.2
      },
      {
        "YYYYMM": "202503",
        "BRD_CD": "V",
        "CHNL_NM": "(OFF)아울렛",
        "TAG_SALE_AMT": 215130.0,
        "ACT_SALE_AMT": 94365.0,
        "DISCOUNT_PCT": 56.1
      },
      {
        "YYYYMM": "202502",
        "BRD_CD": "V",
        "CHNL_NM": "(EC)티몰",
        "TAG_SALE_AMT": 737050.0,
        "ACT_SALE_AMT": 369021.97,
        "DISCOUNT_PCT": 49.9
      },
      {
        "YYYYMM": "202502",
        "BRD_CD": "V",
        "CHNL_NM": "(EC)할인몰",
        "TAG_SALE_AMT": 45860.0,
        "ACT_SALE_AMT": 13918.0,
        "DISCOUNT_PCT": 69.7
      },
      {
        "YYYYMM": "202502",
        "BRD_CD": "V",
        "CHNL_NM": "(OFF)대리상",
        "TAG_SALE_AMT": 170940.0,
        "ACT_SALE_AMT": 124256.0,
        "DISCOUNT_PCT": 27.3
      },
      {
        "YYYYMM": "202502",
        "BRD_CD": "V",
        "CHNL_NM": "(OFF)쇼핑몰",
        "TAG_SALE_AMT": 1767480.0,
        "ACT_SALE_AMT": 860085.0,
        "DISCOUNT_PCT": 51.3
      },
      {
        "YYYYMM": "202502",
        "BRD_CD": "V",
        "CHNL_NM": "(OFF)아울렛",
        "TAG_SALE_AMT": 1082950.0,
        "ACT_SALE_AMT": 355029.0,
        "DISCOUNT_PCT": 67.2
      },
      {
        "YYYYMM": "202501",
        "BRD_CD": "V",
        "CHNL_NM": "(EC)티몰",
        "TAG_SALE_AMT": 1715790.0,
        "ACT_SALE_AMT": 692133.0900000001,
        "DISCOUNT_PCT": 59.7
      },
      {
        "YYYYMM": "202501",
        "BRD_CD": "V",
        "CHNL_NM": "(OFF)대리상",
        "TAG_SALE_AMT": 315580.0,
        "ACT_SALE_AMT": 242460.0,
        "DISCOUNT_PCT": 23.2
      },
      {
        "YYYYMM": "202501",
        "BRD_CD": "V",
        "CHNL_NM": "(OFF)쇼핑몰",
        "TAG_SALE_AMT": 3163630.0,
        "ACT_SALE_AMT": 1517334.0,
        "DISCOUNT_PCT": 52.0
      },
      {
        "YYYYMM": "202501",
        "BRD_CD": "V",
        "CHNL_NM": "(OFF)아울렛",
        "TAG_SALE_AMT": 3040860.0,
        "ACT_SALE_AMT": 969326.0,
        "DISCOUNT_PCT": 68.1
      },
      {
        "YYYYMM": "202412",
        "BRD_CD": "V",
        "CHNL_NM": "(EC)티몰",
        "TAG_SALE_AMT": 6044390.0,
        "ACT_SALE_AMT": 2035523.58,
        "DISCOUNT_PCT": 66.3
      },
      {
        "YYYYMM": "202412",
        "BRD_CD": "V",
        "CHNL_NM": "(EC)할인몰",
        "TAG_SALE_AMT": 11280.0,
        "ACT_SALE_AMT": 5640.0,
        "DISCOUNT_PCT": 50.0
      },
      {
        "YYYYMM": "202412",
        "BRD_CD": "V",
        "CHNL_NM": "(OFF)대리상",
        "TAG_SALE_AMT": 191530.0,
        "ACT_SALE_AMT": 149067.0,
        "DISCOUNT_PCT": 22.2
      },
      {
        "YYYYMM": "202412",
        "BRD_CD": "V",
        "CHNL_NM": "(OFF)쇼핑몰",
        "TAG_SALE_AMT": 3386610.0,
        "ACT_SALE_AMT": 1639736.0,
        "DISCOUNT_PCT": 51.6
      },
      {
        "YYYYMM": "202412",
        "BRD_CD": "V",
        "CHNL_NM": "(OFF)아울렛",
        "TAG_SALE_AMT": 1939980.0,
        "ACT_SALE_AMT": 608102.0,
        "DISCOUNT_PCT": 68.7
      },
      {
        "YYYYMM": "202411",
        "BRD_CD": "V",
        "CHNL_NM": "(EC)티몰",
        "TAG_SALE_AMT": 2227520.0,
        "ACT_SALE_AMT": 1186911.03,
        "DISCOUNT_PCT": 46.7
      },
      {
        "YYYYMM": "202411",
        "BRD_CD": "V",
        "CHNL_NM": "(OFF)대리상",
        "TAG_SALE_AMT": 341020.0,
        "ACT_SALE_AMT": 246969.0,
        "DISCOUNT_PCT": 27.6
      },
      {
        "YYYYMM": "202411",
        "BRD_CD": "V",
        "CHNL_NM": "(OFF)쇼핑몰",
        "TAG_SALE_AMT": 1752720.0,
        "ACT_SALE_AMT": 945822.0,
        "DISCOUNT_PCT": 46.0
      },
      {
        "YYYYMM": "202411",
        "BRD_CD": "V",
        "CHNL_NM": "(OFF)아울렛",
        "TAG_SALE_AMT": 467660.0,
        "ACT_SALE_AMT": 183666.0,
        "DISCOUNT_PCT": 60.7
      },
      {
        "YYYYMM": "202410",
        "BRD_CD": "V",
        "CHNL_NM": "(EC)티몰",
        "TAG_SALE_AMT": 1877120.0,
        "ACT_SALE_AMT": 944010.96,
        "DISCOUNT_PCT": 49.7
      },
      {
        "YYYYMM": "202410",
        "BRD_CD": "V",
        "CHNL_NM": "(OFF)대리상",
        "TAG_SALE_AMT": 488830.0,
        "ACT_SALE_AMT": 413897.0,
        "DISCOUNT_PCT": 15.3
      },
      {
        "YYYYMM": "202410",
        "BRD_CD": "V",
        "CHNL_NM": "(OFF)쇼핑몰",
        "TAG_SALE_AMT": 944340.0,
        "ACT_SALE_AMT": 616269.0,
        "DISCOUNT_PCT": 34.7
      },
      {
        "YYYYMM": "202410",
        "BRD_CD": "V",
        "CHNL_NM": "(OFF)아울렛",
        "TAG_SALE_AMT": 130500.0,
        "ACT_SALE_AMT": 59524.0,
        "DISCOUNT_PCT": 54.4
      },
      {
        "YYYYMM": "202409",
        "BRD_CD": "V",
        "CHNL_NM": "(EC)대리상",
        "TAG_SALE_AMT": 6080.0,
        "ACT_SALE_AMT": 5472.0,
        "DISCOUNT_PCT": 10.0
      },
      {
        "YYYYMM": "202409",
        "BRD_CD": "V",
        "CHNL_NM": "(EC)티몰",
        "TAG_SALE_AMT": 129300.0,
        "ACT_SALE_AMT": 95970.68,
        "DISCOUNT_PCT": 25.8
      },
      {
        "YYYYMM": "202409",
        "BRD_CD": "V",
        "CHNL_NM": "(OFF)대리상",
        "TAG_SALE_AMT": 482220.0,
        "ACT_SALE_AMT": 465371.0,
        "DISCOUNT_PCT": 3.5
      },
      {
        "YYYYMM": "202409",
        "BRD_CD": "V",
        "CHNL_NM": "(OFF)쇼핑몰",
        "TAG_SALE_AMT": 541880.0,
        "ACT_SALE_AMT": 451655.0,
        "DISCOUNT_PCT": 16.7
      },
      {
        "YYYYMM": "202409",
        "BRD_CD": "V",
        "CHNL_NM": "(OFF)아울렛",
        "TAG_SALE_AMT": 204630.0,
        "ACT_SALE_AMT": 103434.0,
        "DISCOUNT_PCT": 49.5
      },
      {
        "YYYYMM": "202408",
        "BRD_CD": "V",
        "CHNL_NM": "(EC)티몰",
        "TAG_SALE_AMT": 58270.0,
        "ACT_SALE_AMT": 50023.49,
        "DISCOUNT_PCT": 14.2
      },
      {
        "YYYYMM": "202408",
        "BRD_CD": "V",
        "CHNL_NM": "(OFF)대리상",
        "TAG_SALE_AMT": 607850.0,
        "ACT_SALE_AMT": 541400.0,
        "DISCOUNT_PCT": 10.9
      },
      {
        "YYYYMM": "202408",
        "BRD_CD": "V",
        "CHNL_NM": "(OFF)쇼핑몰",
        "TAG_SALE_AMT": 397110.0,
        "ACT_SALE_AMT": 318694.0,
        "DISCOUNT_PCT": 19.7
      },
      {
        "YYYYMM": "202408",
        "BRD_CD": "V",
        "CHNL_NM": "(OFF)아울렛",
        "TAG_SALE_AMT": 31300.0,
        "ACT_SALE_AMT": 52.050000000000004,
        "DISCOUNT_PCT": 99.8
      },
      {
        "YYYYMM": "202407",
        "BRD_CD": "V",
        "CHNL_NM": "(EC)티몰",
        "TAG_SALE_AMT": 45150.0,
        "ACT_SALE_AMT": 33759.13,
        "DISCOUNT_PCT": 25.2
      },
      {
        "YYYYMM": "202407",
        "BRD_CD": "V",
        "CHNL_NM": "(EC)할인몰",
        "TAG_SALE_AMT": -800.0,
        "ACT_SALE_AMT": -400.0,
        "DISCOUNT_PCT": 50.0
      },
      {
        "YYYYMM": "202407",
        "BRD_CD": "V",
        "CHNL_NM": "(OFF)대리상",
        "TAG_SALE_AMT": 895550.0,
        "ACT_SALE_AMT": 852041.0,
        "DISCOUNT_PCT": 4.9
      },
      {
        "YYYYMM": "202407",
        "BRD_CD": "V",
        "CHNL_NM": "(OFF)쇼핑몰",
        "TAG_SALE_AMT": 445080.0,
        "ACT_SALE_AMT": 365318.0,
        "DISCOUNT_PCT": 17.9
      }
    ],
    "total_records_count": 72
  }
}