{
  "country": "CN",
  "brand_cd": "W",
  "brand_name": "SUPRA",
  "yyyymm": "202505",
  "yyyymm_py": "202405",
  "key": "리테일",
  "sub_key": "채널별TOP3분석",
  "analysis_data": {
    "title": "채널별 매출 top3 분석 (당해 전년 주요변화)",
    "sections": [
      {
        "div": "(EC)티몰",
        "sub_title": "(EC)티몰 전년대비 주요 변화",
        "ai_text": "• 반팔티셔츠: 당해 18k 매출로 채널 내 1위 유지, 전년 15k 대비 +20.3% 성장으로 여름 시즌 대응 강화\n• 신발: 당해 15k 매출로 2위 기록, 전년 13k 대비 +16.0% 증가로 스포츠 라이프스타일 트렌드 반영\n• 운동모: 당해 2k 매출로 3위, 전년 5k 대비 -54.3% 급감으로 액세서리 카테고리 재검토 필요\n\n채널 전체 매출은 전년 60k에서 당해 50k로 -16.7% 감소하여 온라인 마케팅 전략 재정비가 시급함"
      },
      {
        "div": "(EC)할인몰",
        "sub_title": "(EC)할인몰 전년대비 주요 변화",
        "ai_text": "• 반팔티셔츠: 당해 26k 매출로 압도적 1위, 할인몰 특성상 기본 아이템 선호도 극대화\n• 우븐반바지: 당해 12k 매출로 2위, 여름 시즌 캐주얼 하의 수요 급증\n• 반바지: 당해 6k 매출로 3위, 하의 카테고리 전반적 성장세\n\n채널 전체 매출이 전년 10k에서 당해 70k로 +600% 폭증하여 가격 경쟁력 기반 성장 전략이 매우 효과적임을 입증"
      },
      {
        "div": "(OFF)대리상",
        "sub_title": "(OFF)대리상 전년대비 주요 변화",
        "ai_text": "• 방풍자켓: 당해 575원 매출로 1위이나 극히 미미한 수준\n• 신발: 당해 479원 매출로 2위, 역시 매우 낮은 매출 규모\n• 운동모: 당해 143원 매출로 3위, 액세서리 판매 부진\n\n채널 전체 매출이 전년 690k에서 당해 1k로 -99.9% 급락하여 대리상 채널 운영 전략 전면 재검토 및 파트너십 재정비가 절실함"
      },
      {
        "div": "(OFF)쇼핑몰",
        "sub_title": "(OFF)쇼핑몰 전년대비 주요 변화",
        "ai_text": "• 반팔티셔츠: 당해 44k 매출로 압도적 1위, 전년 91k 대비 -51.2% 감소하나 여전히 핵심 아이템\n• 신발: 당해 18k 매출로 2위, 전년 29k 대비 -39.4% 감소하나 상대적 선전\n• 방풍자켓: 당해 17k 매출로 3위, 전년 59k 대비 -71.0% 급감으로 아우터 카테고리 부진\n\n채널 전체 매출이 전년 320k에서 당해 130k로 -59.4% 대폭 감소하여 오프라인 매장 운영 효율성 제고 및 고객 유입 전략 강화가 필요함"
      },
      {
        "div": "종합분석-1",
        "sub_title": "최고 성과 채널",
        "ai_text": "(EC)할인몰이 유일한 성장 채널로 전년 10k에서 68k로 600% 급성장하며 반팔티셔츠(26k), 우븐반바지(12k) 중심의 성과를 달성했습니다.\n(OFF)쇼핑몰은 매출액 133k로 최대 규모를 유지하며 반팔티셔츠(44k), 방풍자켓(17k), 신발(18k)이 주력 아이템으로 확인됩니다."
      },
      {
        "div": "종합분석-2",
        "sub_title": "개선 필요 채널",
        "ai_text": "(OFF)대리상은 전년 744k에서 1k로 -100% 급락하여 채널 기능이 완전 마비된 상태로 긴급 복구가 필요합니다.\n(EC)티몰은 전년 58k에서 48k로 -16.7% 하락하며 반팔티셔츠(18k), 신발(15k) 외 대부분 아이템이 부진한 상황입니다."
      },
      {
        "div": "종합분석-3",
        "sub_title": "핵심 제안",
        "ai_text": "대리상 채널 복구를 위한 긴급 대응팀 구성과 파트너십 재정비를 통해 전년 744k 매출 회복을 최우선 과제로 추진해야 합니다.\n할인몰 채널의 600% 성장 동력을 분석하여 티몰 채널에 적용하고, 쇼핑몰의 안정적 매출 기반 위에 신규 아이템 확대 전략을 수립하십시오."
      }
    ]
  },
  "summary": {
    "total_sales": 1.5,
    "total_sales_cy": 0.42,
    "total_sales_py": 1.08,
    "change_pct": -61.1,
    "unique_channels": 6,
    "unique_items": 32,
    "unique_months": 2,
    "analysis_period": "2024년 5월 vs 2025년 5월"
  },
  "channel_summary": {
    "(EC)티몰": {
      "total_sales": 0.1,
      "months": {
        "202505": 45349.73000000001,
        "202405": 56741.01000000001
      },
      "top_items": [
        {
          "item_nm": "반팔티셔츠",
          "total_sales": 0.03
        },
        {
          "item_nm": "신발",
          "total_sales": 0.03
        },
        {
          "item_nm": "운동모",
          "total_sales": 0.01
        },
        {
          "item_nm": "방풍자켓",
          "total_sales": 0.01
        },
        {
          "item_nm": "반바지",
          "total_sales": 0.0
        }
      ]
    },
    "(EC)할인몰": {
      "total_sales": 0.08,
      "months": {
        "202505": 73346.45,
        "202405": 6953.5
      },
      "top_items": [
        {
          "item_nm": "반팔티셔츠",
          "total_sales": 0.03
        },
        {
          "item_nm": "우븐반바지",
          "total_sales": 0.01
        },
        {
          "item_nm": "반바지",
          "total_sales": 0.01
        },
        {
          "item_nm": "운동모",
          "total_sales": 0.01
        },
        {
          "item_nm": "신발",
          "total_sales": 0.01
        }
      ]
    },
    "(OFF)대리상": {
      "total_sales": 0.69,
      "months": {
        "202505": 1197.0,
        "202405": 690154.5
      },
      "top_items": [
        {
          "item_nm": "반팔티셔츠",
          "total_sales": 0.23
        },
        {
          "item_nm": "신발",
          "total_sales": 0.08
        },
        {
          "item_nm": "우븐팬츠",
          "total_sales": 0.07
        },
        {
          "item_nm": "방풍자켓",
          "total_sales": 0.06
        },
        {
          "item_nm": "우븐반바지",
          "total_sales": 0.05
        }
      ]
    },
    "(OFF)쇼핑몰": {
      "total_sales": 0.45,
      "months": {
        "202505": 132951.0,
        "202405": 321756.0
      },
      "top_items": [
        {
          "item_nm": "반팔티셔츠",
          "total_sales": 0.14
        },
        {
          "item_nm": "방풍자켓",
          "total_sales": 0.08
        },
        {
          "item_nm": "신발",
          "total_sales": 0.05
        },
        {
          "item_nm": "우븐팬츠",
          "total_sales": 0.04
        },
        {
          "item_nm": "우븐셔츠",
          "total_sales": 0.03
        }
      ]
    },
    "(OFF)아울렛": {
      "total_sales": 0.17,
      "months": {
        "202505": 165897.40000000002
      },
      "top_items": [
        {
          "item_nm": "반팔티셔츠",
          "total_sales": 0.08
        },
        {
          "item_nm": "우븐팬츠",
          "total_sales": 0.02
        },
        {
          "item_nm": "반바지",
          "total_sales": 0.02
        },
        {
          "item_nm": "방풍자켓",
          "total_sales": 0.02
        },
        {
          "item_nm": "우븐반바지",
          "total_sales": 0.01
        }
      ]
    },
    "(EC)대리상": {
      "total_sales": 0.0,
      "months": {
        "202405": 2191.0
      },
      "top_items": [
        {
          "item_nm": "신발",
          "total_sales": 0.0
        },
        {
          "item_nm": "트레이닝(상의)",
          "total_sales": 0.0
        },
        {
          "item_nm": "팬츠",
          "total_sales": 0.0
        },
        {
          "item_nm": "반팔티셔츠",
          "total_sales": 0.0
        }
      ]
    }
  },
  "channel_summary_overall": {
    "(EC)티몰": {
      "current_sales": 0.05,
      "previous_sales": 0.06,
      "all_items": [
        {
          "item_nm": "반팔티셔츠",
          "total_sales": 0.02
        },
        {
          "item_nm": "신발",
          "total_sales": 0.02
        },
        {
          "item_nm": "운동모",
          "total_sales": 0.0
        },
        {
          "item_nm": "반바지",
          "total_sales": 0.0
        },
        {
          "item_nm": "우븐팬츠",
          "total_sales": 0.0
        },
        {
          "item_nm": "폴로 티셔츠",
          "total_sales": 0.0
        },
        {
          "item_nm": "방풍자켓",
          "total_sales": 0.0
        },
        {
          "item_nm": "긴팔티셔츠",
          "total_sales": 0.0
        },
        {
          "item_nm": "가방",
          "total_sales": 0.0
        },
        {
          "item_nm": "슬리퍼",
          "total_sales": 0.0
        },
        {
          "item_nm": "우븐반바지",
          "total_sales": 0.0
        },
        {
          "item_nm": "우븐셔츠",
          "total_sales": 0.0
        },
        {
          "item_nm": "소프트쉘",
          "total_sales": 0.0
        },
        {
          "item_nm": "백팩",
          "total_sales": 0.0
        },
        {
          "item_nm": "힙색",
          "total_sales": 0.0
        },
        {
          "item_nm": "맨투맨",
          "total_sales": 0.0
        },
        {
          "item_nm": "후드티",
          "total_sales": 0.0
        },
        {
          "item_nm": "토드백",
          "total_sales": 0.0
        },
        {
          "item_nm": "양말",
          "total_sales": 0.0
        },
        {
          "item_nm": "탱크탑",
          "total_sales": 0.0
        },
        {
          "item_nm": "팬츠",
          "total_sales": -0.0
        },
        {
          "item_nm": "데님셔츠",
          "total_sales": -0.0
        },
        {
          "item_nm": "진바지",
          "total_sales": -0.0
        },
        {
          "item_nm": "점퍼",
          "total_sales": -0.0
        },
        {
          "item_nm": "다운점퍼",
          "total_sales": -0.0
        }
      ],
      "change_pct": -16.7
    },
    "(EC)할인몰": {
      "current_sales": 0.07,
      "previous_sales": 0.01,
      "all_items": [
        {
          "item_nm": "반팔티셔츠",
          "total_sales": 0.03
        },
        {
          "item_nm": "우븐반바지",
          "total_sales": 0.01
        },
        {
          "item_nm": "반바지",
          "total_sales": 0.01
        },
        {
          "item_nm": "운동모",
          "total_sales": 0.01
        },
        {
          "item_nm": "신발",
          "total_sales": 0.01
        },
        {
          "item_nm": "폴로 티셔츠",
          "total_sales": 0.0
        },
        {
          "item_nm": "우븐팬츠",
          "total_sales": 0.0
        },
        {
          "item_nm": "슬리퍼",
          "total_sales": 0.0
        },
        {
          "item_nm": "우븐셔츠",
          "total_sales": 0.0
        },
        {
          "item_nm": "양말",
          "total_sales": 0.0
        },
        {
          "item_nm": "점퍼",
          "total_sales": 0.0
        },
        {
          "item_nm": "방풍자켓",
          "total_sales": 0.0
        },
        {
          "item_nm": "가방",
          "total_sales": 0.0
        },
        {
          "item_nm": "햇",
          "total_sales": 0.0
        },
        {
          "item_nm": "긴팔티셔츠",
          "total_sales": 0.0
        },
        {
          "item_nm": "보스톤백",
          "total_sales": 0.0
        },
        {
          "item_nm": "힙색",
          "total_sales": 0.0
        },
        {
          "item_nm": "탱크탑",
          "total_sales": 0.0
        },
        {
          "item_nm": "진바지",
          "total_sales": 0.0
        },
        {
          "item_nm": "맨투맨",
          "total_sales": 0.0
        },
        {
          "item_nm": "스커트",
          "total_sales": -0.0
        },
        {
          "item_nm": "크로스백",
          "total_sales": -0.0
        }
      ],
      "change_pct": 600.0
    },
    "(OFF)대리상": {
      "current_sales": 0.0,
      "previous_sales": 0.69,
      "all_items": [
        {
          "item_nm": "방풍자켓",
          "total_sales": 0.0
        },
        {
          "item_nm": "신발",
          "total_sales": 0.0
        },
        {
          "item_nm": "운동모",
          "total_sales": 0.0
        }
      ],
      "change_pct": -100.0
    },
    "(OFF)쇼핑몰": {
      "current_sales": 0.13,
      "previous_sales": 0.32,
      "all_items": [
        {
          "item_nm": "반팔티셔츠",
          "total_sales": 0.04
        },
        {
          "item_nm": "신발",
          "total_sales": 0.02
        },
        {
          "item_nm": "방풍자켓",
          "total_sales": 0.02
        },
        {
          "item_nm": "우븐팬츠",
          "total_sales": 0.01
        },
        {
          "item_nm": "우븐셔츠",
          "total_sales": 0.01
        },
        {
          "item_nm": "우븐반바지",
          "total_sales": 0.01
        },
        {
          "item_nm": "운동모",
          "total_sales": 0.0
        },
        {
          "item_nm": "가방",
          "total_sales": 0.0
        },
        {
          "item_nm": "폴로 티셔츠",
          "total_sales": 0.0
        },
        {
          "item_nm": "크로스백",
          "total_sales": 0.0
        },
        {
          "item_nm": "팬츠",
          "total_sales": 0.0
        },
        {
          "item_nm": "맨투맨",
          "total_sales": 0.0
        },
        {
          "item_nm": "스커트",
          "total_sales": 0.0
        },
        {
          "item_nm": "반바지",
          "total_sales": 0.0
        },
        {
          "item_nm": "백팩",
          "total_sales": 0.0
        },
        {
          "item_nm": "데님셔츠",
          "total_sales": 0.0
        },
        {
          "item_nm": "햇",
          "total_sales": 0.0
        },
        {
          "item_nm": "양말",
          "total_sales": 0.0
        },
        {
          "item_nm": "슬리퍼",
          "total_sales": 0.0
        },
        {
          "item_nm": "후드티",
          "total_sales": 0.0
        },
        {
          "item_nm": "진바지",
          "total_sales": 0.0
        },
        {
          "item_nm": "긴팔티셔츠",
          "total_sales": 0.0
        },
        {
          "item_nm": "탱크탑",
          "total_sales": 0.0
        }
      ],
      "change_pct": -59.4
    },
    "(OFF)아울렛": {
      "current_sales": 0.17,
      "previous_sales": 0.0,
      "all_items": [
        {
          "item_nm": "반팔티셔츠",
          "total_sales": 0.08
        },
        {
          "item_nm": "우븐팬츠",
          "total_sales": 0.02
        },
        {
          "item_nm": "반바지",
          "total_sales": 0.02
        },
        {
          "item_nm": "방풍자켓",
          "total_sales": 0.02
        },
        {
          "item_nm": "우븐반바지",
          "total_sales": 0.01
        },
        {
          "item_nm": "신발",
          "total_sales": 0.01
        },
        {
          "item_nm": "우븐셔츠",
          "total_sales": 0.01
        },
        {
          "item_nm": "운동모",
          "total_sales": 0.0
        },
        {
          "item_nm": "스커트",
          "total_sales": 0.0
        },
        {
          "item_nm": "맨투맨",
          "total_sales": 0.0
        },
        {
          "item_nm": "슬리퍼",
          "total_sales": 0.0
        },
        {
          "item_nm": "폴로 티셔츠",
          "total_sales": 0.0
        },
        {
          "item_nm": "진바지",
          "total_sales": 0.0
        },
        {
          "item_nm": "긴팔티셔츠",
          "total_sales": 0.0
        },
        {
          "item_nm": "점퍼",
          "total_sales": 0.0
        },
        {
          "item_nm": "크로스백",
          "total_sales": 0.0
        },
        {
          "item_nm": "팬츠",
          "total_sales": 0.0
        },
        {
          "item_nm": "힙색",
          "total_sales": 0.0
        },
        {
          "item_nm": "햇",
          "total_sales": 0.0
        },
        {
          "item_nm": "탱크탑",
          "total_sales": 0.0
        }
      ],
      "change_pct": 0
    },
    "(EC)대리상": {
      "current_sales": 0.0,
      "previous_sales": 0.0,
      "all_items": [],
      "change_pct": 0
    }
  },
  "raw_data": {
    "sample_records": [
      {
        "YYYYMM": "202505",
        "MGMT_CHNL_NM": "(EC)티몰",
        "ITEM_NM": "가방",
        "SALE_AMT": 1349.54
      },
      {
        "YYYYMM": "202505",
        "MGMT_CHNL_NM": "(EC)티몰",
        "ITEM_NM": "긴팔티셔츠",
        "SALE_AMT": 1349.63
      },
      {
        "YYYYMM": "202505",
        "MGMT_CHNL_NM": "(EC)티몰",
        "ITEM_NM": "다운점퍼",
        "SALE_AMT": -3264.9699999999993
      },
      {
        "YYYYMM": "202505",
        "MGMT_CHNL_NM": "(EC)티몰",
        "ITEM_NM": "데님셔츠",
        "SALE_AMT": -406.09999999999997
      },
      {
        "YYYYMM": "202505",
        "MGMT_CHNL_NM": "(EC)티몰",
        "ITEM_NM": "맨투맨",
        "SALE_AMT": 325.1
      },
      {
        "YYYYMM": "202505",
        "MGMT_CHNL_NM": "(EC)티몰",
        "ITEM_NM": "반바지",
        "SALE_AMT": 2187.96
      },
      {
        "YYYYMM": "202505",
        "MGMT_CHNL_NM": "(EC)티몰",
        "ITEM_NM": "반팔티셔츠",
        "SALE_AMT": 18021.640000000007
      },
      {
        "YYYYMM": "202505",
        "MGMT_CHNL_NM": "(EC)티몰",
        "ITEM_NM": "방풍자켓",
        "SALE_AMT": 1593.0500000000002
      },
      {
        "YYYYMM": "202505",
        "MGMT_CHNL_NM": "(EC)티몰",
        "ITEM_NM": "백팩",
        "SALE_AMT": 370.32
      },
      {
        "YYYYMM": "202505",
        "MGMT_CHNL_NM": "(EC)티몰",
        "ITEM_NM": "소프트쉘",
        "SALE_AMT": 609.0
      },
      {
        "YYYYMM": "202505",
        "MGMT_CHNL_NM": "(EC)티몰",
        "ITEM_NM": "슬리퍼",
        "SALE_AMT": 1036.46
      },
      {
        "YYYYMM": "202505",
        "MGMT_CHNL_NM": "(EC)티몰",
        "ITEM_NM": "신발",
        "SALE_AMT": 15118.750000000002
      },
      {
        "YYYYMM": "202505",
        "MGMT_CHNL_NM": "(EC)티몰",
        "ITEM_NM": "양말",
        "SALE_AMT": 210.24999999999997
      },
      {
        "YYYYMM": "202505",
        "MGMT_CHNL_NM": "(EC)티몰",
        "ITEM_NM": "우븐반바지",
        "SALE_AMT": 699.1899999999999
      },
      {
        "YYYYMM": "202505",
        "MGMT_CHNL_NM": "(EC)티몰",
        "ITEM_NM": "우븐셔츠",
        "SALE_AMT": 641.28
      },
      {
        "YYYYMM": "202505",
        "MGMT_CHNL_NM": "(EC)티몰",
        "ITEM_NM": "우븐팬츠",
        "SALE_AMT": 1958.24
      },
      {
        "YYYYMM": "202505",
        "MGMT_CHNL_NM": "(EC)티몰",
        "ITEM_NM": "운동모",
        "SALE_AMT": 2361.62
      },
      {
        "YYYYMM": "202505",
        "MGMT_CHNL_NM": "(EC)티몰",
        "ITEM_NM": "점퍼",
        "SALE_AMT": -684.0199999999999
      },
      {
        "YYYYMM": "202505",
        "MGMT_CHNL_NM": "(EC)티몰",
        "ITEM_NM": "진바지",
        "SALE_AMT": -531.17
      },
      {
        "YYYYMM": "202505",
        "MGMT_CHNL_NM": "(EC)티몰",
        "ITEM_NM": "탱크탑",
        "SALE_AMT": 85.34
      },
      {
        "YYYYMM": "202505",
        "MGMT_CHNL_NM": "(EC)티몰",
        "ITEM_NM": "토드백",
        "SALE_AMT": 245.47
      },
      {
        "YYYYMM": "202505",
        "MGMT_CHNL_NM": "(EC)티몰",
        "ITEM_NM": "팬츠",
        "SALE_AMT": -275.6800000000001
      },
      {
        "YYYYMM": "202505",
        "MGMT_CHNL_NM": "(EC)티몰",
        "ITEM_NM": "폴로 티셔츠",
        "SALE_AMT": 1694.3300000000004
      },
      {
        "YYYYMM": "202505",
        "MGMT_CHNL_NM": "(EC)티몰",
        "ITEM_NM": "후드티",
        "SALE_AMT": 294.15
      },
      {
        "YYYYMM": "202505",
        "MGMT_CHNL_NM": "(EC)티몰",
        "ITEM_NM": "힙색",
        "SALE_AMT": 360.35
      },
      {
        "YYYYMM": "202505",
        "MGMT_CHNL_NM": "(EC)할인몰",
        "ITEM_NM": "가방",
        "SALE_AMT": 813.0
      },
      {
        "YYYYMM": "202505",
        "MGMT_CHNL_NM": "(EC)할인몰",
        "ITEM_NM": "긴팔티셔츠",
        "SALE_AMT": 481.0
      },
      {
        "YYYYMM": "202505",
        "MGMT_CHNL_NM": "(EC)할인몰",
        "ITEM_NM": "맨투맨",
        "SALE_AMT": 215.0
      },
      {
        "YYYYMM": "202505",
        "MGMT_CHNL_NM": "(EC)할인몰",
        "ITEM_NM": "반바지",
        "SALE_AMT": 6414.0
      },
      {
        "YYYYMM": "202505",
        "MGMT_CHNL_NM": "(EC)할인몰",
        "ITEM_NM": "반팔티셔츠",
        "SALE_AMT": 26316.45
      },
      {
        "YYYYMM": "202505",
        "MGMT_CHNL_NM": "(EC)할인몰",
        "ITEM_NM": "방풍자켓",
        "SALE_AMT": 900.0
      },
      {
        "YYYYMM": "202505",
        "MGMT_CHNL_NM": "(EC)할인몰",
        "ITEM_NM": "보스톤백",
        "SALE_AMT": 390.0
      },
      {
        "YYYYMM": "202505",
        "MGMT_CHNL_NM": "(EC)할인몰",
        "ITEM_NM": "스커트",
        "SALE_AMT": -45.0
      },
      {
        "YYYYMM": "202505",
        "MGMT_CHNL_NM": "(EC)할인몰",
        "ITEM_NM": "슬리퍼",
        "SALE_AMT": 2395.0
      },
      {
        "YYYYMM": "202505",
        "MGMT_CHNL_NM": "(EC)할인몰",
        "ITEM_NM": "신발",
        "SALE_AMT": 6178.0
      },
      {
        "YYYYMM": "202505",
        "MGMT_CHNL_NM": "(EC)할인몰",
        "ITEM_NM": "양말",
        "SALE_AMT": 972.0
      },
      {
        "YYYYMM": "202505",
        "MGMT_CHNL_NM": "(EC)할인몰",
        "ITEM_NM": "우븐반바지",
        "SALE_AMT": 12352.0
      },
      {
        "YYYYMM": "202505",
        "MGMT_CHNL_NM": "(EC)할인몰",
        "ITEM_NM": "우븐셔츠",
        "SALE_AMT": 1294.0
      },
      {
        "YYYYMM": "202505",
        "MGMT_CHNL_NM": "(EC)할인몰",
        "ITEM_NM": "우븐팬츠",
        "SALE_AMT": 2610.0
      },
      {
        "YYYYMM": "202505",
        "MGMT_CHNL_NM": "(EC)할인몰",
        "ITEM_NM": "운동모",
        "SALE_AMT": 6368.0
      },
      {
        "YYYYMM": "202505",
        "MGMT_CHNL_NM": "(EC)할인몰",
        "ITEM_NM": "점퍼",
        "SALE_AMT": 903.0
      },
      {
        "YYYYMM": "202505",
        "MGMT_CHNL_NM": "(EC)할인몰",
        "ITEM_NM": "진바지",
        "SALE_AMT": 268.0
      },
      {
        "YYYYMM": "202505",
        "MGMT_CHNL_NM": "(EC)할인몰",
        "ITEM_NM": "크로스백",
        "SALE_AMT": -359.0
      },
      {
        "YYYYMM": "202505",
        "MGMT_CHNL_NM": "(EC)할인몰",
        "ITEM_NM": "탱크탑",
        "SALE_AMT": 351.0
      },
      {
        "YYYYMM": "202505",
        "MGMT_CHNL_NM": "(EC)할인몰",
        "ITEM_NM": "폴로 티셔츠",
        "SALE_AMT": 3563.0
      },
      {
        "YYYYMM": "202505",
        "MGMT_CHNL_NM": "(EC)할인몰",
        "ITEM_NM": "햇",
        "SALE_AMT": 607.0
      },
      {
        "YYYYMM": "202505",
        "MGMT_CHNL_NM": "(EC)할인몰",
        "ITEM_NM": "힙색",
        "SALE_AMT": 360.0
      },
      {
        "YYYYMM": "202505",
        "MGMT_CHNL_NM": "(OFF)대리상",
        "ITEM_NM": "방풍자켓",
        "SALE_AMT": 575.0
      },
      {
        "YYYYMM": "202505",
        "MGMT_CHNL_NM": "(OFF)대리상",
        "ITEM_NM": "신발",
        "SALE_AMT": 479.0
      },
      {
        "YYYYMM": "202505",
        "MGMT_CHNL_NM": "(OFF)대리상",
        "ITEM_NM": "운동모",
        "SALE_AMT": 143.0
      }
    ],
    "total_records_count": 171
  },
  "trend_data": {
    "trend_months": [
      "202405",
      "202505"
    ],
    "monthly_totals": [
      {
        "yyyymm": "202405",
        "total_amount": 1.08
      },
      {
        "yyyymm": "202505",
        "total_amount": 0.42
      }
    ],
    "monthly_details": [
      {
        "yyyymm": "202505",
        "chnl_nm": "(EC)티몰",
        "item_nm": "가방",
        "sale_amt": 0.0
      },
      {
        "yyyymm": "202505",
        "chnl_nm": "(EC)티몰",
        "item_nm": "긴팔티셔츠",
        "sale_amt": 0.0
      },
      {
        "yyyymm": "202505",
        "chnl_nm": "(EC)티몰",
        "item_nm": "다운점퍼",
        "sale_amt": -0.0
      },
      {
        "yyyymm": "202505",
        "chnl_nm": "(EC)티몰",
        "item_nm": "데님셔츠",
        "sale_amt": -0.0
      },
      {
        "yyyymm": "202505",
        "chnl_nm": "(EC)티몰",
        "item_nm": "맨투맨",
        "sale_amt": 0.0
      },
      {
        "yyyymm": "202505",
        "chnl_nm": "(EC)티몰",
        "item_nm": "반바지",
        "sale_amt": 0.0
      },
      {
        "yyyymm": "202505",
        "chnl_nm": "(EC)티몰",
        "item_nm": "반팔티셔츠",
        "sale_amt": 0.02
      },
      {
        "yyyymm": "202505",
        "chnl_nm": "(EC)티몰",
        "item_nm": "방풍자켓",
        "sale_amt": 0.0
      },
      {
        "yyyymm": "202505",
        "chnl_nm": "(EC)티몰",
        "item_nm": "백팩",
        "sale_amt": 0.0
      },
      {
        "yyyymm": "202505",
        "chnl_nm": "(EC)티몰",
        "item_nm": "소프트쉘",
        "sale_amt": 0.0
      },
      {
        "yyyymm": "202505",
        "chnl_nm": "(EC)티몰",
        "item_nm": "슬리퍼",
        "sale_amt": 0.0
      },
      {
        "yyyymm": "202505",
        "chnl_nm": "(EC)티몰",
        "item_nm": "신발",
        "sale_amt": 0.02
      },
      {
        "yyyymm": "202505",
        "chnl_nm": "(EC)티몰",
        "item_nm": "양말",
        "sale_amt": 0.0
      },
      {
        "yyyymm": "202505",
        "chnl_nm": "(EC)티몰",
        "item_nm": "우븐반바지",
        "sale_amt": 0.0
      },
      {
        "yyyymm": "202505",
        "chnl_nm": "(EC)티몰",
        "item_nm": "우븐셔츠",
        "sale_amt": 0.0
      },
      {
        "yyyymm": "202505",
        "chnl_nm": "(EC)티몰",
        "item_nm": "우븐팬츠",
        "sale_amt": 0.0
      },
      {
        "yyyymm": "202505",
        "chnl_nm": "(EC)티몰",
        "item_nm": "운동모",
        "sale_amt": 0.0
      },
      {
        "yyyymm": "202505",
        "chnl_nm": "(EC)티몰",
        "item_nm": "점퍼",
        "sale_amt": -0.0
      },
      {
        "yyyymm": "202505",
        "chnl_nm": "(EC)티몰",
        "item_nm": "진바지",
        "sale_amt": -0.0
      },
      {
        "yyyymm": "202505",
        "chnl_nm": "(EC)티몰",
        "item_nm": "탱크탑",
        "sale_amt": 0.0
      },
      {
        "yyyymm": "202505",
        "chnl_nm": "(EC)티몰",
        "item_nm": "토드백",
        "sale_amt": 0.0
      },
      {
        "yyyymm": "202505",
        "chnl_nm": "(EC)티몰",
        "item_nm": "팬츠",
        "sale_amt": -0.0
      },
      {
        "yyyymm": "202505",
        "chnl_nm": "(EC)티몰",
        "item_nm": "폴로 티셔츠",
        "sale_amt": 0.0
      },
      {
        "yyyymm": "202505",
        "chnl_nm": "(EC)티몰",
        "item_nm": "후드티",
        "sale_amt": 0.0
      },
      {
        "yyyymm": "202505",
        "chnl_nm": "(EC)티몰",
        "item_nm": "힙색",
        "sale_amt": 0.0
      },
      {
        "yyyymm": "202505",
        "chnl_nm": "(EC)할인몰",
        "item_nm": "가방",
        "sale_amt": 0.0
      },
      {
        "yyyymm": "202505",
        "chnl_nm": "(EC)할인몰",
        "item_nm": "긴팔티셔츠",
        "sale_amt": 0.0
      },
      {
        "yyyymm": "202505",
        "chnl_nm": "(EC)할인몰",
        "item_nm": "맨투맨",
        "sale_amt": 0.0
      },
      {
        "yyyymm": "202505",
        "chnl_nm": "(EC)할인몰",
        "item_nm": "반바지",
        "sale_amt": 0.01
      },
      {
        "yyyymm": "202505",
        "chnl_nm": "(EC)할인몰",
        "item_nm": "반팔티셔츠",
        "sale_amt": 0.03
      },
      {
        "yyyymm": "202505",
        "chnl_nm": "(EC)할인몰",
        "item_nm": "방풍자켓",
        "sale_amt": 0.0
      },
      {
        "yyyymm": "202505",
        "chnl_nm": "(EC)할인몰",
        "item_nm": "보스톤백",
        "sale_amt": 0.0
      },
      {
        "yyyymm": "202505",
        "chnl_nm": "(EC)할인몰",
        "item_nm": "스커트",
        "sale_amt": -0.0
      },
      {
        "yyyymm": "202505",
        "chnl_nm": "(EC)할인몰",
        "item_nm": "슬리퍼",
        "sale_amt": 0.0
      },
      {
        "yyyymm": "202505",
        "chnl_nm": "(EC)할인몰",
        "item_nm": "신발",
        "sale_amt": 0.01
      },
      {
        "yyyymm": "202505",
        "chnl_nm": "(EC)할인몰",
        "item_nm": "양말",
        "sale_amt": 0.0
      },
      {
        "yyyymm": "202505",
        "chnl_nm": "(EC)할인몰",
        "item_nm": "우븐반바지",
        "sale_amt": 0.01
      },
      {
        "yyyymm": "202505",
        "chnl_nm": "(EC)할인몰",
        "item_nm": "우븐셔츠",
        "sale_amt": 0.0
      },
      {
        "yyyymm": "202505",
        "chnl_nm": "(EC)할인몰",
        "item_nm": "우븐팬츠",
        "sale_amt": 0.0
      },
      {
        "yyyymm": "202505",
        "chnl_nm": "(EC)할인몰",
        "item_nm": "운동모",
        "sale_amt": 0.01
      },
      {
        "yyyymm": "202505",
        "chnl_nm": "(EC)할인몰",
        "item_nm": "점퍼",
        "sale_amt": 0.0
      },
      {
        "yyyymm": "202505",
        "chnl_nm": "(EC)할인몰",
        "item_nm": "진바지",
        "sale_amt": 0.0
      },
      {
        "yyyymm": "202505",
        "chnl_nm": "(EC)할인몰",
        "item_nm": "크로스백",
        "sale_amt": -0.0
      },
      {
        "yyyymm": "202505",
        "chnl_nm": "(EC)할인몰",
        "item_nm": "탱크탑",
        "sale_amt": 0.0
      },
      {
        "yyyymm": "202505",
        "chnl_nm": "(EC)할인몰",
        "item_nm": "폴로 티셔츠",
        "sale_amt": 0.0
      },
      {
        "yyyymm": "202505",
        "chnl_nm": "(EC)할인몰",
        "item_nm": "햇",
        "sale_amt": 0.0
      },
      {
        "yyyymm": "202505",
        "chnl_nm": "(EC)할인몰",
        "item_nm": "힙색",
        "sale_amt": 0.0
      },
      {
        "yyyymm": "202505",
        "chnl_nm": "(OFF)대리상",
        "item_nm": "방풍자켓",
        "sale_amt": 0.0
      },
      {
        "yyyymm": "202505",
        "chnl_nm": "(OFF)대리상",
        "item_nm": "신발",
        "sale_amt": 0.0
      },
      {
        "yyyymm": "202505",
        "chnl_nm": "(OFF)대리상",
        "item_nm": "운동모",
        "sale_amt": 0.0
      },
      {
        "yyyymm": "202505",
        "chnl_nm": "(OFF)쇼핑몰",
        "item_nm": "가방",
        "sale_amt": 0.0
      },
      {
        "yyyymm": "202505",
        "chnl_nm": "(OFF)쇼핑몰",
        "item_nm": "긴팔티셔츠",
        "sale_amt": 0.0
      },
      {
        "yyyymm": "202505",
        "chnl_nm": "(OFF)쇼핑몰",
        "item_nm": "데님셔츠",
        "sale_amt": 0.0
      },
      {
        "yyyymm": "202505",
        "chnl_nm": "(OFF)쇼핑몰",
        "item_nm": "맨투맨",
        "sale_amt": 0.0
      },
      {
        "yyyymm": "202505",
        "chnl_nm": "(OFF)쇼핑몰",
        "item_nm": "반바지",
        "sale_amt": 0.0
      },
      {
        "yyyymm": "202505",
        "chnl_nm": "(OFF)쇼핑몰",
        "item_nm": "반팔티셔츠",
        "sale_amt": 0.04
      },
      {
        "yyyymm": "202505",
        "chnl_nm": "(OFF)쇼핑몰",
        "item_nm": "방풍자켓",
        "sale_amt": 0.02
      },
      {
        "yyyymm": "202505",
        "chnl_nm": "(OFF)쇼핑몰",
        "item_nm": "백팩",
        "sale_amt": 0.0
      },
      {
        "yyyymm": "202505",
        "chnl_nm": "(OFF)쇼핑몰",
        "item_nm": "스커트",
        "sale_amt": 0.0
      },
      {
        "yyyymm": "202505",
        "chnl_nm": "(OFF)쇼핑몰",
        "item_nm": "슬리퍼",
        "sale_amt": 0.0
      },
      {
        "yyyymm": "202505",
        "chnl_nm": "(OFF)쇼핑몰",
        "item_nm": "신발",
        "sale_amt": 0.02
      },
      {
        "yyyymm": "202505",
        "chnl_nm": "(OFF)쇼핑몰",
        "item_nm": "양말",
        "sale_amt": 0.0
      },
      {
        "yyyymm": "202505",
        "chnl_nm": "(OFF)쇼핑몰",
        "item_nm": "우븐반바지",
        "sale_amt": 0.01
      },
      {
        "yyyymm": "202505",
        "chnl_nm": "(OFF)쇼핑몰",
        "item_nm": "우븐셔츠",
        "sale_amt": 0.01
      },
      {
        "yyyymm": "202505",
        "chnl_nm": "(OFF)쇼핑몰",
        "item_nm": "우븐팬츠",
        "sale_amt": 0.01
      },
      {
        "yyyymm": "202505",
        "chnl_nm": "(OFF)쇼핑몰",
        "item_nm": "운동모",
        "sale_amt": 0.0
      },
      {
        "yyyymm": "202505",
        "chnl_nm": "(OFF)쇼핑몰",
        "item_nm": "진바지",
        "sale_amt": 0.0
      },
      {
        "yyyymm": "202505",
        "chnl_nm": "(OFF)쇼핑몰",
        "item_nm": "크로스백",
        "sale_amt": 0.0
      },
      {
        "yyyymm": "202505",
        "chnl_nm": "(OFF)쇼핑몰",
        "item_nm": "탱크탑",
        "sale_amt": 0.0
      },
      {
        "yyyymm": "202505",
        "chnl_nm": "(OFF)쇼핑몰",
        "item_nm": "팬츠",
        "sale_amt": 0.0
      },
      {
        "yyyymm": "202505",
        "chnl_nm": "(OFF)쇼핑몰",
        "item_nm": "폴로 티셔츠",
        "sale_amt": 0.0
      },
      {
        "yyyymm": "202505",
        "chnl_nm": "(OFF)쇼핑몰",
        "item_nm": "햇",
        "sale_amt": 0.0
      },
      {
        "yyyymm": "202505",
        "chnl_nm": "(OFF)쇼핑몰",
        "item_nm": "후드티",
        "sale_amt": 0.0
      },
      {
        "yyyymm": "202505",
        "chnl_nm": "(OFF)아울렛",
        "item_nm": "긴팔티셔츠",
        "sale_amt": 0.0
      },
      {
        "yyyymm": "202505",
        "chnl_nm": "(OFF)아울렛",
        "item_nm": "맨투맨",
        "sale_amt": 0.0
      },
      {
        "yyyymm": "202505",
        "chnl_nm": "(OFF)아울렛",
        "item_nm": "반바지",
        "sale_amt": 0.02
      },
      {
        "yyyymm": "202505",
        "chnl_nm": "(OFF)아울렛",
        "item_nm": "반팔티셔츠",
        "sale_amt": 0.08
      },
      {
        "yyyymm": "202505",
        "chnl_nm": "(OFF)아울렛",
        "item_nm": "방풍자켓",
        "sale_amt": 0.02
      },
      {
        "yyyymm": "202505",
        "chnl_nm": "(OFF)아울렛",
        "item_nm": "스커트",
        "sale_amt": 0.0
      },
      {
        "yyyymm": "202505",
        "chnl_nm": "(OFF)아울렛",
        "item_nm": "슬리퍼",
        "sale_amt": 0.0
      },
      {
        "yyyymm": "202505",
        "chnl_nm": "(OFF)아울렛",
        "item_nm": "신발",
        "sale_amt": 0.01
      },
      {
        "yyyymm": "202505",
        "chnl_nm": "(OFF)아울렛",
        "item_nm": "우븐반바지",
        "sale_amt": 0.01
      },
      {
        "yyyymm": "202505",
        "chnl_nm": "(OFF)아울렛",
        "item_nm": "우븐셔츠",
        "sale_amt": 0.01
      },
      {
        "yyyymm": "202505",
        "chnl_nm": "(OFF)아울렛",
        "item_nm": "우븐팬츠",
        "sale_amt": 0.02
      },
      {
        "yyyymm": "202505",
        "chnl_nm": "(OFF)아울렛",
        "item_nm": "운동모",
        "sale_amt": 0.0
      },
      {
        "yyyymm": "202505",
        "chnl_nm": "(OFF)아울렛",
        "item_nm": "점퍼",
        "sale_amt": 0.0
      },
      {
        "yyyymm": "202505",
        "chnl_nm": "(OFF)아울렛",
        "item_nm": "진바지",
        "sale_amt": 0.0
      },
      {
        "yyyymm": "202505",
        "chnl_nm": "(OFF)아울렛",
        "item_nm": "크로스백",
        "sale_amt": 0.0
      },
      {
        "yyyymm": "202505",
        "chnl_nm": "(OFF)아울렛",
        "item_nm": "탱크탑",
        "sale_amt": 0.0
      },
      {
        "yyyymm": "202505",
        "chnl_nm": "(OFF)아울렛",
        "item_nm": "팬츠",
        "sale_amt": 0.0
      },
      {
        "yyyymm": "202505",
        "chnl_nm": "(OFF)아울렛",
        "item_nm": "폴로 티셔츠",
        "sale_amt": 0.0
      },
      {
        "yyyymm": "202505",
        "chnl_nm": "(OFF)아울렛",
        "item_nm": "햇",
        "sale_amt": 0.0
      },
      {
        "yyyymm": "202505",
        "chnl_nm": "(OFF)아울렛",
        "item_nm": "힙색",
        "sale_amt": 0.0
      },
      {
        "yyyymm": "202405",
        "chnl_nm": "(EC)대리상",
        "item_nm": "반팔티셔츠",
        "sale_amt": 0.0
      },
      {
        "yyyymm": "202405",
        "chnl_nm": "(EC)대리상",
        "item_nm": "신발",
        "sale_amt": 0.0
      },
      {
        "yyyymm": "202405",
        "chnl_nm": "(EC)대리상",
        "item_nm": "트레이닝(상의)",
        "sale_amt": 0.0
      },
      {
        "yyyymm": "202405",
        "chnl_nm": "(EC)대리상",
        "item_nm": "팬츠",
        "sale_amt": 0.0
      },
      {
        "yyyymm": "202405",
        "chnl_nm": "(EC)티몰",
        "item_nm": "가방",
        "sale_amt": 0.0
      },
      {
        "yyyymm": "202405",
        "chnl_nm": "(EC)티몰",
        "item_nm": "긴팔티셔츠",
        "sale_amt": 0.0
      },
      {
        "yyyymm": "202405",
        "chnl_nm": "(EC)티몰",
        "item_nm": "다운베스트",
        "sale_amt": 0.0
      },
      {
        "yyyymm": "202405",
        "chnl_nm": "(EC)티몰",
        "item_nm": "다운점퍼",
        "sale_amt": 0.0
      },
      {
        "yyyymm": "202405",
        "chnl_nm": "(EC)티몰",
        "item_nm": "맨투맨",
        "sale_amt": 0.0
      },
      {
        "yyyymm": "202405",
        "chnl_nm": "(EC)티몰",
        "item_nm": "반바지",
        "sale_amt": 0.0
      },
      {
        "yyyymm": "202405",
        "chnl_nm": "(EC)티몰",
        "item_nm": "반팔티셔츠",
        "sale_amt": 0.01
      },
      {
        "yyyymm": "202405",
        "chnl_nm": "(EC)티몰",
        "item_nm": "방풍자켓",
        "sale_amt": 0.0
      },
      {
        "yyyymm": "202405",
        "chnl_nm": "(EC)티몰",
        "item_nm": "슬리퍼",
        "sale_amt": 0.0
      },
      {
        "yyyymm": "202405",
        "chnl_nm": "(EC)티몰",
        "item_nm": "신발",
        "sale_amt": 0.01
      },
      {
        "yyyymm": "202405",
        "chnl_nm": "(EC)티몰",
        "item_nm": "양말",
        "sale_amt": 0.0
      },
      {
        "yyyymm": "202405",
        "chnl_nm": "(EC)티몰",
        "item_nm": "우븐반바지",
        "sale_amt": 0.0
      },
      {
        "yyyymm": "202405",
        "chnl_nm": "(EC)티몰",
        "item_nm": "우븐셔츠",
        "sale_amt": 0.0
      },
      {
        "yyyymm": "202405",
        "chnl_nm": "(EC)티몰",
        "item_nm": "우븐팬츠",
        "sale_amt": 0.0
      },
      {
        "yyyymm": "202405",
        "chnl_nm": "(EC)티몰",
        "item_nm": "운동모",
        "sale_amt": 0.01
      },
      {
        "yyyymm": "202405",
        "chnl_nm": "(EC)티몰",
        "item_nm": "점퍼",
        "sale_amt": 0.0
      },
      {
        "yyyymm": "202405",
        "chnl_nm": "(EC)티몰",
        "item_nm": "트레이닝(상의)",
        "sale_amt": 0.0
      },
      {
        "yyyymm": "202405",
        "chnl_nm": "(EC)티몰",
        "item_nm": "팬츠",
        "sale_amt": 0.0
      },
      {
        "yyyymm": "202405",
        "chnl_nm": "(EC)티몰",
        "item_nm": "폴로 티셔츠",
        "sale_amt": 0.0
      },
      {
        "yyyymm": "202405",
        "chnl_nm": "(EC)티몰",
        "item_nm": "후드티",
        "sale_amt": 0.0
      },
      {
        "yyyymm": "202405",
        "chnl_nm": "(EC)할인몰",
        "item_nm": "가방",
        "sale_amt": 0.0
      },
      {
        "yyyymm": "202405",
        "chnl_nm": "(EC)할인몰",
        "item_nm": "반팔티셔츠",
        "sale_amt": 0.0
      },
      {
        "yyyymm": "202405",
        "chnl_nm": "(EC)할인몰",
        "item_nm": "방풍자켓",
        "sale_amt": 0.0
      },
      {
        "yyyymm": "202405",
        "chnl_nm": "(EC)할인몰",
        "item_nm": "우븐반바지",
        "sale_amt": 0.0
      },
      {
        "yyyymm": "202405",
        "chnl_nm": "(OFF)대리상",
        "item_nm": "가방",
        "sale_amt": 0.01
      },
      {
        "yyyymm": "202405",
        "chnl_nm": "(OFF)대리상",
        "item_nm": "긴팔티셔츠",
        "sale_amt": 0.0
      },
      {
        "yyyymm": "202405",
        "chnl_nm": "(OFF)대리상",
        "item_nm": "다운점퍼",
        "sale_amt": 0.0
      },
      {
        "yyyymm": "202405",
        "chnl_nm": "(OFF)대리상",
        "item_nm": "데님셔츠",
        "sale_amt": 0.01
      },
      {
        "yyyymm": "202405",
        "chnl_nm": "(OFF)대리상",
        "item_nm": "맨투맨",
        "sale_amt": 0.01
      },
      {
        "yyyymm": "202405",
        "chnl_nm": "(OFF)대리상",
        "item_nm": "반바지",
        "sale_amt": 0.03
      },
      {
        "yyyymm": "202405",
        "chnl_nm": "(OFF)대리상",
        "item_nm": "반팔티셔츠",
        "sale_amt": 0.23
      },
      {
        "yyyymm": "202405",
        "chnl_nm": "(OFF)대리상",
        "item_nm": "방풍자켓",
        "sale_amt": 0.06
      },
      {
        "yyyymm": "202405",
        "chnl_nm": "(OFF)대리상",
        "item_nm": "백팩",
        "sale_amt": 0.0
      },
      {
        "yyyymm": "202405",
        "chnl_nm": "(OFF)대리상",
        "item_nm": "스커트",
        "sale_amt": 0.01
      },
      {
        "yyyymm": "202405",
        "chnl_nm": "(OFF)대리상",
        "item_nm": "슬리퍼",
        "sale_amt": 0.01
      },
      {
        "yyyymm": "202405",
        "chnl_nm": "(OFF)대리상",
        "item_nm": "신발",
        "sale_amt": 0.08
      },
      {
        "yyyymm": "202405",
        "chnl_nm": "(OFF)대리상",
        "item_nm": "양말",
        "sale_amt": 0.0
      },
      {
        "yyyymm": "202405",
        "chnl_nm": "(OFF)대리상",
        "item_nm": "우븐반바지",
        "sale_amt": 0.05
      },
      {
        "yyyymm": "202405",
        "chnl_nm": "(OFF)대리상",
        "item_nm": "우븐셔츠",
        "sale_amt": 0.05
      },
      {
        "yyyymm": "202405",
        "chnl_nm": "(OFF)대리상",
        "item_nm": "우븐팬츠",
        "sale_amt": 0.07
      },
      {
        "yyyymm": "202405",
        "chnl_nm": "(OFF)대리상",
        "item_nm": "운동모",
        "sale_amt": 0.02
      },
      {
        "yyyymm": "202405",
        "chnl_nm": "(OFF)대리상",
        "item_nm": "점퍼",
        "sale_amt": 0.01
      },
      {
        "yyyymm": "202405",
        "chnl_nm": "(OFF)대리상",
        "item_nm": "진바지",
        "sale_amt": 0.0
      },
      {
        "yyyymm": "202405",
        "chnl_nm": "(OFF)대리상",
        "item_nm": "크로스백",
        "sale_amt": 0.0
      },
      {
        "yyyymm": "202405",
        "chnl_nm": "(OFF)대리상",
        "item_nm": "탱크탑",
        "sale_amt": 0.0
      },
      {
        "yyyymm": "202405",
        "chnl_nm": "(OFF)대리상",
        "item_nm": "트레이닝(상의)",
        "sale_amt": 0.0
      },
      {
        "yyyymm": "202405",
        "chnl_nm": "(OFF)대리상",
        "item_nm": "트레이닝(하의)",
        "sale_amt": 0.0
      },
      {
        "yyyymm": "202405",
        "chnl_nm": "(OFF)대리상",
        "item_nm": "팬츠",
        "sale_amt": 0.01
      },
      {
        "yyyymm": "202405",
        "chnl_nm": "(OFF)대리상",
        "item_nm": "폴로 티셔츠",
        "sale_amt": 0.02
      },
      {
        "yyyymm": "202405",
        "chnl_nm": "(OFF)대리상",
        "item_nm": "햇",
        "sale_amt": 0.0
      },
      {
        "yyyymm": "202405",
        "chnl_nm": "(OFF)대리상",
        "item_nm": "후드티",
        "sale_amt": 0.0
      },
      {
        "yyyymm": "202405",
        "chnl_nm": "(OFF)대리상",
        "item_nm": "힙색",
        "sale_amt": 0.0
      },
      {
        "yyyymm": "202405",
        "chnl_nm": "(OFF)쇼핑몰",
        "item_nm": "가방",
        "sale_amt": 0.0
      },
      {
        "yyyymm": "202405",
        "chnl_nm": "(OFF)쇼핑몰",
        "item_nm": "긴팔티셔츠",
        "sale_amt": 0.0
      },
      {
        "yyyymm": "202405",
        "chnl_nm": "(OFF)쇼핑몰",
        "item_nm": "데님셔츠",
        "sale_amt": 0.0
      },
      {
        "yyyymm": "202405",
        "chnl_nm": "(OFF)쇼핑몰",
        "item_nm": "맨투맨",
        "sale_amt": 0.0
      },
      {
        "yyyymm": "202405",
        "chnl_nm": "(OFF)쇼핑몰",
        "item_nm": "반바지",
        "sale_amt": 0.01
      },
      {
        "yyyymm": "202405",
        "chnl_nm": "(OFF)쇼핑몰",
        "item_nm": "반팔티셔츠",
        "sale_amt": 0.09
      },
      {
        "yyyymm": "202405",
        "chnl_nm": "(OFF)쇼핑몰",
        "item_nm": "방풍자켓",
        "sale_amt": 0.06
      },
      {
        "yyyymm": "202405",
        "chnl_nm": "(OFF)쇼핑몰",
        "item_nm": "보스톤백",
        "sale_amt": 0.0
      },
      {
        "yyyymm": "202405",
        "chnl_nm": "(OFF)쇼핑몰",
        "item_nm": "스커트",
        "sale_amt": 0.0
      },
      {
        "yyyymm": "202405",
        "chnl_nm": "(OFF)쇼핑몰",
        "item_nm": "슬리퍼",
        "sale_amt": 0.01
      },
      {
        "yyyymm": "202405",
        "chnl_nm": "(OFF)쇼핑몰",
        "item_nm": "신발",
        "sale_amt": 0.03
      },
      {
        "yyyymm": "202405",
        "chnl_nm": "(OFF)쇼핑몰",
        "item_nm": "양말",
        "sale_amt": 0.0
      },
      {
        "yyyymm": "202405",
        "chnl_nm": "(OFF)쇼핑몰",
        "item_nm": "우븐반바지",
        "sale_amt": 0.02
      },
      {
        "yyyymm": "202405",
        "chnl_nm": "(OFF)쇼핑몰",
        "item_nm": "우븐셔츠",
        "sale_amt": 0.02
      },
      {
        "yyyymm": "202405",
        "chnl_nm": "(OFF)쇼핑몰",
        "item_nm": "우븐팬츠",
        "sale_amt": 0.03
      },
      {
        "yyyymm": "202405",
        "chnl_nm": "(OFF)쇼핑몰",
        "item_nm": "운동모",
        "sale_amt": 0.02
      },
      {
        "yyyymm": "202405",
        "chnl_nm": "(OFF)쇼핑몰",
        "item_nm": "크로스백",
        "sale_amt": 0.0
      },
      {
        "yyyymm": "202405",
        "chnl_nm": "(OFF)쇼핑몰",
        "item_nm": "탱크탑",
        "sale_amt": 0.0
      },
      {
        "yyyymm": "202405",
        "chnl_nm": "(OFF)쇼핑몰",
        "item_nm": "팬츠",
        "sale_amt": 0.0
      },
      {
        "yyyymm": "202405",
        "chnl_nm": "(OFF)쇼핑몰",
        "item_nm": "폴로 티셔츠",
        "sale_amt": 0.01
      },
      {
        "yyyymm": "202405",
        "chnl_nm": "(OFF)쇼핑몰",
        "item_nm": "햇",
        "sale_amt": 0.0
      },
      {
        "yyyymm": "202405",
        "chnl_nm": "(OFF)쇼핑몰",
        "item_nm": "힙색",
        "sale_amt": 0.0
      }
    ]
  }
}