{
  "country": "CN",
  "brand_cd": "I",
  "brand_name": "MLB KIDS",
  "yyyymm": "202510",
  "yyyymm_py": "202410",
  "key": "월별채널별매출추세",
  "analysis_data": {
    "title": "월별 채널별 매출 추세 분석",
    "sections": [
      {
        "div": "종합분석-1",
        "sub_title": "월별 주요 인사이트",
        "ai_text": "**2025년 MLB KIDS 월별 매출 추이 분석**\n\n• **1월 매출 급등**: 66,667k로 연중 최고 매출 기록, 신정 시즌 효과로 추정\n• **2월 급락**: 20,261k로 전월 대비 69.6% 감소, 춘절 연휴 및 계절적 요인\n• **3-5월 회복**: 33,159k → 31,702k → 35,208k로 안정적 회복세\n• **6-7월 하락**: 22,754k → 22,543k로 여름 성수기 부진\n• **8월 반등**: 31,192k로 38% 증가, 백투스쿨 시즌 효과\n• **9월 재하락**: 25,908k로 감소 후 10월 44,511k로 강력 반등\n\n**핵심 패턴**: 1월과 10월이 강세월, 2월과 6-7월이 약세월로 뚜렷한 계절성 확인. 월평균 33,391k 대비 1월(+99.6%), 10월(+33.3%) 초과 달성."
      },
      {
        "div": "종합분석-2",
        "sub_title": "채널 트렌드",
        "ai_text": "**채널별 성과 및 트렌드 분석**\n\n**강세 채널**:\n• **(OFF)대리상**: 총 212,274k(63.5% 비중), 월평균 21,227k로 절대 강자\n  - 1월 47,858k 최고점, 10월 24,091k로 안정적 매출 기여\n• **(EC)티몰**: 총 29,818k, 10월 급성장(8,373k)으로 전월 대비 269% 증가\n• **(EC)대리상**: 총 31,113k, 월별 안정성 최고(월평균 3,111k, 변동계수 최소)\n\n**약세 채널**:\n• **(OFF)플래그쉽**: 총 3,593k(1.1% 비중)로 최저 성과\n• **(EC)틱톡/JD**: 총 2,851k이지만 10월 650k로 성장 가능성 확인\n• **(OFF)쇼핑몰**: 17,899k로 오프라인 채널 중 상대적 부진\n\n**주요 변화**: 오프라인 대리상 의존도 63.5%로 과도하게 높음, EC 채널 비중 18.6%로 디지털 전환 필요성 대두."
      },
      {
        "div": "종합분석-3",
        "sub_title": "전략 포인트",
        "ai_text": "**즉시 실행 전략**\n\n**1. 채널 다각화 전략**\n• 오프라인 대리상 의존도(63.5%) 완화 필요\n• EC 티몰 10월 급성장 모멘텀 활용한 디지털 마케팅 집중 투자\n• EC 대리상 안정성을 기반으로 한 온라인 확장 가속화\n\n**2. 계절성 대응 전략**\n• 2월, 6-7월 약세 시즌 대비 프로모션 기획 및 신상품 출시 타이밍 조정\n• 1월, 10월 강세 시즌 재고 확보 및 마케팅 예산 집중 배치\n• 8월 백투스쿨 시즌 마케팅 강화로 매출 증대 기회 확대\n\n**3. 리스크 관리**\n• 플래그쉽 스토어(1.1% 비중) 운영 효율성 재검토\n• 틱톡/JD 등 신규 플랫폼 투자 확대로 미래 성장 동력 확보\n• 월별 매출 변동성 완화를 위한 상품 포트폴리오 다양화\n\n**목표**: 2025년 하반기 EC 채널 비중 25% 달성, 월별 매출 변동계수 30% 이내 관리"
      }
    ]
  },
  "summary": {
    "total_sales": 333906.0,
    "unique_channels": 9,
    "unique_months": 10,
    "analysis_period": "2025년 01월 ~ 2025년 10월"
  },
  "monthly_totals": {
    "202501": 66667.0,
    "202502": 20261.0,
    "202503": 33159.0,
    "202504": 31702.0,
    "202505": 35208.0,
    "202506": 22754.0,
    "202507": 22543.0,
    "202508": 31192.0,
    "202509": 25908.0,
    "202510": 44511.0
  },
  "channel_summary": {
    "(OFF)대리상": {
      "chnl_cd": "CN8",
      "total": 212274.0,
      "months": {
        "202501": 47858.0,
        "202502": 13462.0,
        "202503": 21424.0,
        "202504": 19857.0,
        "202505": 22162.0,
        "202506": 14246.0,
        "202507": 14110.0,
        "202508": 19952.0,
        "202509": 15112.0,
        "202510": 24091.0
      }
    },
    "(EC)대리상": {
      "chnl_cd": "CN7",
      "total": 31113.0,
      "months": {
        "202501": 3284.0,
        "202502": 2327.0,
        "202503": 3268.0,
        "202504": 2743.0,
        "202505": 3088.0,
        "202506": 3167.0,
        "202507": 3275.0,
        "202508": 3019.0,
        "202509": 3168.0,
        "202510": 3775.0
      }
    },
    "(EC)티몰": {
      "chnl_cd": "CN1",
      "total": 29818.0,
      "months": {
        "202501": 3829.0,
        "202502": 1384.0,
        "202503": 3254.0,
        "202504": 2460.0,
        "202505": 3634.0,
        "202506": 1720.0,
        "202507": 1035.0,
        "202508": 1861.0,
        "202509": 2268.0,
        "202510": 8373.0
      }
    },
    "(OFF)아울렛": {
      "chnl_cd": "CN6",
      "total": 27365.0,
      "months": {
        "202501": 5129.0,
        "202502": 1555.0,
        "202503": 2383.0,
        "202504": 3059.0,
        "202505": 3012.0,
        "202506": 1474.0,
        "202507": 1605.0,
        "202508": 2894.0,
        "202509": 2421.0,
        "202510": 3833.0
      }
    },
    "(OFF)쇼핑몰": {
      "chnl_cd": "CN5",
      "total": 17899.0,
      "months": {
        "202501": 4837.0,
        "202502": 911.0,
        "202503": 1324.0,
        "202504": 1572.0,
        "202505": 1739.0,
        "202506": 1154.0,
        "202507": 1160.0,
        "202508": 1758.0,
        "202509": 1304.0,
        "202510": 2139.0
      }
    },
    "(EC)할인몰": {
      "chnl_cd": "CN3",
      "total": 8994.0,
      "months": {
        "202501": 904.0,
        "202502": 335.0,
        "202503": 987.0,
        "202504": 1244.0,
        "202505": 885.0,
        "202506": 566.0,
        "202507": 662.0,
        "202508": 1059.0,
        "202509": 1083.0,
        "202510": 1270.0
      }
    },
    "(OFF)플래그쉽": {
      "chnl_cd": "CN4",
      "total": 3593.0,
      "months": {
        "202501": 628.0,
        "202502": 204.0,
        "202503": 341.0,
        "202504": 386.0,
        "202505": 400.0,
        "202506": 286.0,
        "202507": 325.0,
        "202508": 421.0,
        "202509": 222.0,
        "202510": 381.0
      }
    },
    "(EC)틱톡/JD": {
      "chnl_cd": "CN2",
      "total": 2851.0,
      "months": {
        "202501": 199.0,
        "202502": 84.0,
        "202503": 177.0,
        "202504": 382.0,
        "202505": 288.0,
        "202506": 142.0,
        "202507": 370.0,
        "202508": 228.0,
        "202509": 330.0,
        "202510": 650.0
      }
    },
    "미지정": {
      "chnl_cd": "CN9999",
      "total": 0.0,
      "months": {
        "202501": 0.0,
        "202502": 0.0,
        "202503": 0.0,
        "202504": 0.0,
        "202505": 0.0,
        "202506": 0.0,
        "202507": 0.0,
        "202508": 0.0,
        "202509": 0.0,
        "202510": 0.0
      }
    },
    "null": {
      "chnl_cd": null,
      "total": 0.0,
      "months": {
        "202501": 0.0,
        "202502": 0.0,
        "202503": 0.0,
        "202504": 0.0,
        "202505": 0.0,
        "202506": 0.0,
        "202507": 0.0,
        "202508": 0.0,
        "202509": 0.0,
        "202510": 0.0
      }
    }
  },
  "raw_data": {
    "sample_records": [
      {
        "YYYYMM": "202510",
        "BRD_CD": "I",
        "CHNL_CD": "CN1",
        "CHNL_NM": "(EC)티몰",
        "SALE_AMT": 8372927.189999995
      },
      {
        "YYYYMM": "202510",
        "BRD_CD": "I",
        "CHNL_CD": "CN2",
        "CHNL_NM": "(EC)틱톡/JD",
        "SALE_AMT": 650271.9199999997
      },
      {
        "YYYYMM": "202510",
        "BRD_CD": "I",
        "CHNL_CD": "CN3",
        "CHNL_NM": "(EC)할인몰",
        "SALE_AMT": 1269957.01
      },
      {
        "YYYYMM": "202510",
        "BRD_CD": "I",
        "CHNL_CD": "CN4",
        "CHNL_NM": "(OFF)플래그쉽",
        "SALE_AMT": 380903.0
      },
      {
        "YYYYMM": "202510",
        "BRD_CD": "I",
        "CHNL_CD": "CN5",
        "CHNL_NM": "(OFF)쇼핑몰",
        "SALE_AMT": 2139176.0
      },
      {
        "YYYYMM": "202510",
        "BRD_CD": "I",
        "CHNL_CD": "CN6",
        "CHNL_NM": "(OFF)아울렛",
        "SALE_AMT": 3832574.0
      },
      {
        "YYYYMM": "202510",
        "BRD_CD": "I",
        "CHNL_CD": "CN7",
        "CHNL_NM": "(EC)대리상",
        "SALE_AMT": 3774576.8000000007
      },
      {
        "YYYYMM": "202510",
        "BRD_CD": "I",
        "CHNL_CD": "CN8",
        "CHNL_NM": "(OFF)대리상",
        "SALE_AMT": 24091075.269999996
      },
      {
        "YYYYMM": "202510",
        "BRD_CD": "I",
        "CHNL_CD": "CN9999",
        "CHNL_NM": "미지정",
        "SALE_AMT": 0.0
      },
      {
        "YYYYMM": "202510",
        "BRD_CD": "I",
        "CHNL_CD": null,
        "CHNL_NM": null,
        "SALE_AMT": 0.0
      },
      {
        "YYYYMM": "202509",
        "BRD_CD": "I",
        "CHNL_CD": "CN1",
        "CHNL_NM": "(EC)티몰",
        "SALE_AMT": 2268283.8
      },
      {
        "YYYYMM": "202509",
        "BRD_CD": "I",
        "CHNL_CD": "CN2",
        "CHNL_NM": "(EC)틱톡/JD",
        "SALE_AMT": 330204.7500000001
      },
      {
        "YYYYMM": "202509",
        "BRD_CD": "I",
        "CHNL_CD": "CN3",
        "CHNL_NM": "(EC)할인몰",
        "SALE_AMT": 1082778.34
      },
      {
        "YYYYMM": "202509",
        "BRD_CD": "I",
        "CHNL_CD": "CN4",
        "CHNL_NM": "(OFF)플래그쉽",
        "SALE_AMT": 221590.0
      },
      {
        "YYYYMM": "202509",
        "BRD_CD": "I",
        "CHNL_CD": "CN5",
        "CHNL_NM": "(OFF)쇼핑몰",
        "SALE_AMT": 1304147.0
      },
      {
        "YYYYMM": "202509",
        "BRD_CD": "I",
        "CHNL_CD": "CN6",
        "CHNL_NM": "(OFF)아울렛",
        "SALE_AMT": 2421308.0
      },
      {
        "YYYYMM": "202509",
        "BRD_CD": "I",
        "CHNL_CD": "CN7",
        "CHNL_NM": "(EC)대리상",
        "SALE_AMT": 3168335.8
      },
      {
        "YYYYMM": "202509",
        "BRD_CD": "I",
        "CHNL_CD": "CN8",
        "CHNL_NM": "(OFF)대리상",
        "SALE_AMT": 15111746.450000003
      },
      {
        "YYYYMM": "202509",
        "BRD_CD": "I",
        "CHNL_CD": "CN9999",
        "CHNL_NM": "미지정",
        "SALE_AMT": 0.0
      },
      {
        "YYYYMM": "202509",
        "BRD_CD": "I",
        "CHNL_CD": null,
        "CHNL_NM": null,
        "SALE_AMT": 0.0
      },
      {
        "YYYYMM": "202508",
        "BRD_CD": "I",
        "CHNL_CD": "CN1",
        "CHNL_NM": "(EC)티몰",
        "SALE_AMT": 1861328.8800000006
      },
      {
        "YYYYMM": "202508",
        "BRD_CD": "I",
        "CHNL_CD": "CN2",
        "CHNL_NM": "(EC)틱톡/JD",
        "SALE_AMT": 227965.73000000016
      },
      {
        "YYYYMM": "202508",
        "BRD_CD": "I",
        "CHNL_CD": "CN3",
        "CHNL_NM": "(EC)할인몰",
        "SALE_AMT": 1059118.1197
      },
      {
        "YYYYMM": "202508",
        "BRD_CD": "I",
        "CHNL_CD": "CN4",
        "CHNL_NM": "(OFF)플래그쉽",
        "SALE_AMT": 421439.0
      },
      {
        "YYYYMM": "202508",
        "BRD_CD": "I",
        "CHNL_CD": "CN5",
        "CHNL_NM": "(OFF)쇼핑몰",
        "SALE_AMT": 1757694.0
      },
      {
        "YYYYMM": "202508",
        "BRD_CD": "I",
        "CHNL_CD": "CN6",
        "CHNL_NM": "(OFF)아울렛",
        "SALE_AMT": 2894018.0
      },
      {
        "YYYYMM": "202508",
        "BRD_CD": "I",
        "CHNL_CD": "CN7",
        "CHNL_NM": "(EC)대리상",
        "SALE_AMT": 3018775.2199999997
      },
      {
        "YYYYMM": "202508",
        "BRD_CD": "I",
        "CHNL_CD": "CN8",
        "CHNL_NM": "(OFF)대리상",
        "SALE_AMT": 19952078.0579
      },
      {
        "YYYYMM": "202508",
        "BRD_CD": "I",
        "CHNL_CD": "CN9999",
        "CHNL_NM": "미지정",
        "SALE_AMT": 0.0
      },
      {
        "YYYYMM": "202508",
        "BRD_CD": "I",
        "CHNL_CD": null,
        "CHNL_NM": null,
        "SALE_AMT": 0.0
      },
      {
        "YYYYMM": "202507",
        "BRD_CD": "I",
        "CHNL_CD": "CN1",
        "CHNL_NM": "(EC)티몰",
        "SALE_AMT": 1034566.9300000003
      },
      {
        "YYYYMM": "202507",
        "BRD_CD": "I",
        "CHNL_CD": "CN2",
        "CHNL_NM": "(EC)틱톡/JD",
        "SALE_AMT": 370407.45
      },
      {
        "YYYYMM": "202507",
        "BRD_CD": "I",
        "CHNL_CD": "CN3",
        "CHNL_NM": "(EC)할인몰",
        "SALE_AMT": 662090.35
      },
      {
        "YYYYMM": "202507",
        "BRD_CD": "I",
        "CHNL_CD": "CN4",
        "CHNL_NM": "(OFF)플래그쉽",
        "SALE_AMT": 325112.0
      },
      {
        "YYYYMM": "202507",
        "BRD_CD": "I",
        "CHNL_CD": "CN5",
        "CHNL_NM": "(OFF)쇼핑몰",
        "SALE_AMT": 1160323.0
      },
      {
        "YYYYMM": "202507",
        "BRD_CD": "I",
        "CHNL_CD": "CN6",
        "CHNL_NM": "(OFF)아울렛",
        "SALE_AMT": 1605049.0
      },
      {
        "YYYYMM": "202507",
        "BRD_CD": "I",
        "CHNL_CD": "CN7",
        "CHNL_NM": "(EC)대리상",
        "SALE_AMT": 3274794.38
      },
      {
        "YYYYMM": "202507",
        "BRD_CD": "I",
        "CHNL_CD": "CN8",
        "CHNL_NM": "(OFF)대리상",
        "SALE_AMT": 14110294.460000005
      },
      {
        "YYYYMM": "202507",
        "BRD_CD": "I",
        "CHNL_CD": "CN9999",
        "CHNL_NM": "미지정",
        "SALE_AMT": 0.0
      },
      {
        "YYYYMM": "202507",
        "BRD_CD": "I",
        "CHNL_CD": null,
        "CHNL_NM": null,
        "SALE_AMT": 0.0
      },
      {
        "YYYYMM": "202506",
        "BRD_CD": "I",
        "CHNL_CD": "CN1",
        "CHNL_NM": "(EC)티몰",
        "SALE_AMT": 1720351.77
      },
      {
        "YYYYMM": "202506",
        "BRD_CD": "I",
        "CHNL_CD": "CN2",
        "CHNL_NM": "(EC)틱톡/JD",
        "SALE_AMT": 141708.32000000007
      },
      {
        "YYYYMM": "202506",
        "BRD_CD": "I",
        "CHNL_CD": "CN3",
        "CHNL_NM": "(EC)할인몰",
        "SALE_AMT": 566287.6
      },
      {
        "YYYYMM": "202506",
        "BRD_CD": "I",
        "CHNL_CD": "CN4",
        "CHNL_NM": "(OFF)플래그쉽",
        "SALE_AMT": 285564.0
      },
      {
        "YYYYMM": "202506",
        "BRD_CD": "I",
        "CHNL_CD": "CN5",
        "CHNL_NM": "(OFF)쇼핑몰",
        "SALE_AMT": 1154471.0
      },
      {
        "YYYYMM": "202506",
        "BRD_CD": "I",
        "CHNL_CD": "CN6",
        "CHNL_NM": "(OFF)아울렛",
        "SALE_AMT": 1473500.0
      },
      {
        "YYYYMM": "202506",
        "BRD_CD": "I",
        "CHNL_CD": "CN7",
        "CHNL_NM": "(EC)대리상",
        "SALE_AMT": 3166801.5399999996
      },
      {
        "YYYYMM": "202506",
        "BRD_CD": "I",
        "CHNL_CD": "CN8",
        "CHNL_NM": "(OFF)대리상",
        "SALE_AMT": 14245671.930000002
      },
      {
        "YYYYMM": "202506",
        "BRD_CD": "I",
        "CHNL_CD": "CN9999",
        "CHNL_NM": "미지정",
        "SALE_AMT": 0.0
      },
      {
        "YYYYMM": "202506",
        "BRD_CD": "I",
        "CHNL_CD": null,
        "CHNL_NM": null,
        "SALE_AMT": 0.0
      }
    ],
    "total_records_count": 100
  }
}