{
  "country": "CN",
  "brand_cd": "W",
  "brand_name": "SUPRA",
  "yyyymm": "202507",
  "yyyymm_py": "202407",
  "key": "월별채널별매출추세",
  "analysis_data": {
    "title": "월별 채널별 매출 추세 분석",
    "sections": [
      {
        "div": "종합분석-1",
        "sub_title": "월별 주요 인사이트",
        "ai_text": "**급격한 매출 하락세와 불안정한 회복 패턴**\n\n• 1월 1,834k에서 6월 288k까지 84.3% 급락하며 심각한 매출 위축 발생\n• 2월(-55.3%), 3월(-60.3%) 연속 대폭 감소 후 4-7월 불안정한 등락 반복\n• 7월 483k로 일시 회복했으나 1월 대비 여전히 73.6% 낮은 수준\n• 월평균 매출 663k 대비 3-6월 모두 평균 이하로 지속적 부진\n\n**계절성보다 구조적 문제 의심**\n\n• 일반적 신발 성수기인 4-6월에도 회복되지 않아 계절적 요인 아닌 브랜드/제품 차원의 근본적 문제 추정\n• 7월 소폭 회복은 여름 시즌 효과보다는 특정 채널 활성화에 기인"
      },
      {
        "div": "종합분석-2",
        "sub_title": "채널 트렌드",
        "ai_text": "**오프라인 쇼핑몰의 급속한 몰락**\n\n• (OFF)쇼핑몰: 전체 매출의 60.4%(2,594k) 차지하지만 1월 1,522k→7월 0k로 완전 소멸\n• 1-2월 전체 매출의 83.0%(1월), 73.8%(2월) 비중에서 6월 18.4%까지 하락\n\n**아울렛 채널의 급부상**\n\n• (OFF)아울렛: 3월부터 본격 가동되어 7월 356k로 전체 매출의 73.7% 차지\n• 월별 성장률: 3월 56k→4월 58k→5월 166k(+186%)→7월 356k(+114%)\n• 유일한 지속 성장 채널로 매출 회복의 핵심 동력\n\n**온라인 채널의 제한적 역할**\n\n• (EC)할인몰: 4월 245k 일시 급증 후 감소세, 월별 편차 극심\n• (EC)티몰: 상대적 안정세이나 1월 123k→7월 34k로 지속 하락(-72.4%)\n• (OFF)대리상: 1-2월 집중 후 3월부터 사실상 중단"
      },
      {
        "div": "종합분석-3",
        "sub_title": "전략 포인트",
        "ai_text": "**🚨 긴급 대응: 쇼핑몰 채널 재건**\n\n• 쇼핑몰 매출 제로화 원인 긴급 분석 필요 (임대료, 매장 운영, 제품 공급 등)\n• 수익성 있는 쇼핑몰 거점 선별하여 단계적 재진입 전략 수립\n• 아울렛 성공 모델을 쇼핑몰에 적용 가능한 요소 분석\n\n**💪 아울렛 채널 집중 투자**\n\n• 현재 유일한 성장 동력인 아울렛 채널에 마케팅 예산 70% 집중 배분\n• 아울렛 입점 확대: 8-12월 추가 5-7개 매장 확보 목표\n• 아울렛 전용 상품 라인업 구성으로 차별화된 가격 경쟁력 확보\n\n**🔄 온라인 채널 최적화**\n\n• (EC)할인몰 변동성 안정화: 정기 프로모션 일정 수립으로 월별 편차 축소\n• (EC)티몰 하락세 반전: 브랜드 스토리텔링 강화 및 인플루언서 마케팅 확대\n• 옴니채널 전략: 오프라인 아울렛과 온라인 할인몰 연계 프로모션 기획\n\n**📊 8-12월 목표 설정**\n\n• 월평균 매출 800k 달성 목표 (아울렛 500k + 온라인 300k)\n• 채널별 KPI 설정: 아울렛 월 20% 성장, 온라인 채널 월 변동폭 30% 이내 관리"
      }
    ]
  },
  "summary": {
    "total_sales": 4637.0,
    "unique_channels": 6,
    "unique_months": 7,
    "analysis_period": "2025년 01월 ~ 2025년 07월"
  },
  "monthly_totals": {
    "202501": 1834.0,
    "202502": 819.0,
    "202503": 325.0,
    "202504": 469.0,
    "202505": 419.0,
    "202506": 288.0,
    "202507": 483.0
  },
  "channel_summary": {
    "(OFF)쇼핑몰": {
      "chnl_cd": "CN5",
      "total": 2594.0,
      "months": {
        "202501": 1522.0,
        "202502": 604.0,
        "202503": 184.0,
        "202504": 98.0,
        "202505": 133.0,
        "202506": 53.0,
        "202507": 0.0
      }
    },
    "(OFF)아울렛": {
      "chnl_cd": "CN6",
      "total": 765.0,
      "months": {
        "202501": 0.0,
        "202502": 0.0,
        "202503": 56.0,
        "202504": 58.0,
        "202505": 166.0,
        "202506": 130.0,
        "202507": 356.0
      }
    },
    "(EC)할인몰": {
      "chnl_cd": "CN3",
      "total": 482.0,
      "months": {
        "202501": 0.0,
        "202502": 6.0,
        "202503": 7.0,
        "202504": 245.0,
        "202505": 73.0,
        "202506": 58.0,
        "202507": 93.0
      }
    },
    "(EC)티몰": {
      "chnl_cd": "CN1",
      "total": 435.0,
      "months": {
        "202501": 123.0,
        "202502": 52.0,
        "202503": 67.0,
        "202504": 66.0,
        "202505": 45.0,
        "202506": 47.0,
        "202507": 34.0
      }
    },
    "(OFF)대리상": {
      "chnl_cd": "CN8",
      "total": 358.0,
      "months": {
        "202501": 189.0,
        "202502": 157.0,
        "202503": 9.0,
        "202504": 2.0,
        "202505": 1.0,
        "202506": 0.0,
        "202507": 0.0
      }
    },
    "(EC)대리상": {
      "chnl_cd": "CN7",
      "total": 3.0,
      "months": {
        "202501": 0.0,
        "202502": 0.0,
        "202503": 3.0,
        "202504": 0.0,
        "202505": 0.0,
        "202506": 0.0,
        "202507": 0.0
      }
    },
    "null": {
      "chnl_cd": null,
      "total": 0.0,
      "months": {
        "202501": 0.0,
        "202502": 0.0,
        "202503": 0.0,
        "202504": 0.0,
        "202505": 0.0,
        "202506": 0.0,
        "202507": 0.0
      }
    }
  },
  "raw_data": {
    "sample_records": [
      {
        "YYYYMM": "202507",
        "BRD_CD": "W",
        "CHNL_CD": "CN1",
        "CHNL_NM": "(EC)티몰",
        "SALE_AMT": 34317.65
      },
      {
        "YYYYMM": "202507",
        "BRD_CD": "W",
        "CHNL_CD": "CN3",
        "CHNL_NM": "(EC)할인몰",
        "SALE_AMT": 93164.85
      },
      {
        "YYYYMM": "202507",
        "BRD_CD": "W",
        "CHNL_CD": "CN5",
        "CHNL_NM": "(OFF)쇼핑몰",
        "SALE_AMT": 0.0
      },
      {
        "YYYYMM": "202507",
        "BRD_CD": "W",
        "CHNL_CD": "CN6",
        "CHNL_NM": "(OFF)아울렛",
        "SALE_AMT": 355541.0
      },
      {
        "YYYYMM": "202507",
        "BRD_CD": "W",
        "CHNL_CD": "CN7",
        "CHNL_NM": "(EC)대리상",
        "SALE_AMT": 0.0
      },
      {
        "YYYYMM": "202507",
        "BRD_CD": "W",
        "CHNL_CD": "CN8",
        "CHNL_NM": "(OFF)대리상",
        "SALE_AMT": 430.0
      },
      {
        "YYYYMM": "202507",
        "BRD_CD": "W",
        "CHNL_CD": null,
        "CHNL_NM": null,
        "SALE_AMT": 0.0
      },
      {
        "YYYYMM": "202506",
        "BRD_CD": "W",
        "CHNL_CD": "CN1",
        "CHNL_NM": "(EC)티몰",
        "SALE_AMT": 46852.93000000002
      },
      {
        "YYYYMM": "202506",
        "BRD_CD": "W",
        "CHNL_CD": "CN3",
        "CHNL_NM": "(EC)할인몰",
        "SALE_AMT": 57940.55
      },
      {
        "YYYYMM": "202506",
        "BRD_CD": "W",
        "CHNL_CD": "CN5",
        "CHNL_NM": "(OFF)쇼핑몰",
        "SALE_AMT": 53180.0
      },
      {
        "YYYYMM": "202506",
        "BRD_CD": "W",
        "CHNL_CD": "CN6",
        "CHNL_NM": "(OFF)아울렛",
        "SALE_AMT": 129755.46669999999
      },
      {
        "YYYYMM": "202506",
        "BRD_CD": "W",
        "CHNL_CD": "CN7",
        "CHNL_NM": "(EC)대리상",
        "SALE_AMT": 0.0
      },
      {
        "YYYYMM": "202506",
        "BRD_CD": "W",
        "CHNL_CD": "CN8",
        "CHNL_NM": "(OFF)대리상",
        "SALE_AMT": 0.0
      },
      {
        "YYYYMM": "202506",
        "BRD_CD": "W",
        "CHNL_CD": null,
        "CHNL_NM": null,
        "SALE_AMT": 0.0
      },
      {
        "YYYYMM": "202505",
        "BRD_CD": "W",
        "CHNL_CD": "CN1",
        "CHNL_NM": "(EC)티몰",
        "SALE_AMT": 45349.73000000001
      },
      {
        "YYYYMM": "202505",
        "BRD_CD": "W",
        "CHNL_CD": "CN3",
        "CHNL_NM": "(EC)할인몰",
        "SALE_AMT": 73346.45
      },
      {
        "YYYYMM": "202505",
        "BRD_CD": "W",
        "CHNL_CD": "CN5",
        "CHNL_NM": "(OFF)쇼핑몰",
        "SALE_AMT": 132951.0
      },
      {
        "YYYYMM": "202505",
        "BRD_CD": "W",
        "CHNL_CD": "CN6",
        "CHNL_NM": "(OFF)아울렛",
        "SALE_AMT": 165897.4
      },
      {
        "YYYYMM": "202505",
        "BRD_CD": "W",
        "CHNL_CD": "CN7",
        "CHNL_NM": "(EC)대리상",
        "SALE_AMT": 0.0
      },
      {
        "YYYYMM": "202505",
        "BRD_CD": "W",
        "CHNL_CD": "CN8",
        "CHNL_NM": "(OFF)대리상",
        "SALE_AMT": 1197.0
      },
      {
        "YYYYMM": "202505",
        "BRD_CD": "W",
        "CHNL_CD": null,
        "CHNL_NM": null,
        "SALE_AMT": 0.0
      },
      {
        "YYYYMM": "202504",
        "BRD_CD": "W",
        "CHNL_CD": "CN1",
        "CHNL_NM": "(EC)티몰",
        "SALE_AMT": 66035.95999999996
      },
      {
        "YYYYMM": "202504",
        "BRD_CD": "W",
        "CHNL_CD": "CN3",
        "CHNL_NM": "(EC)할인몰",
        "SALE_AMT": 244845.29999999987
      },
      {
        "YYYYMM": "202504",
        "BRD_CD": "W",
        "CHNL_CD": "CN5",
        "CHNL_NM": "(OFF)쇼핑몰",
        "SALE_AMT": 97931.0
      },
      {
        "YYYYMM": "202504",
        "BRD_CD": "W",
        "CHNL_CD": "CN6",
        "CHNL_NM": "(OFF)아울렛",
        "SALE_AMT": 58129.0
      },
      {
        "YYYYMM": "202504",
        "BRD_CD": "W",
        "CHNL_CD": "CN7",
        "CHNL_NM": "(EC)대리상",
        "SALE_AMT": 0.0
      },
      {
        "YYYYMM": "202504",
        "BRD_CD": "W",
        "CHNL_CD": "CN8",
        "CHNL_NM": "(OFF)대리상",
        "SALE_AMT": 2300.0
      },
      {
        "YYYYMM": "202504",
        "BRD_CD": "W",
        "CHNL_CD": null,
        "CHNL_NM": null,
        "SALE_AMT": 0.0
      },
      {
        "YYYYMM": "202503",
        "BRD_CD": "W",
        "CHNL_CD": "CN1",
        "CHNL_NM": "(EC)티몰",
        "SALE_AMT": 66793.43000000004
      },
      {
        "YYYYMM": "202503",
        "BRD_CD": "W",
        "CHNL_CD": "CN3",
        "CHNL_NM": "(EC)할인몰",
        "SALE_AMT": 6672.7
      },
      {
        "YYYYMM": "202503",
        "BRD_CD": "W",
        "CHNL_CD": "CN5",
        "CHNL_NM": "(OFF)쇼핑몰",
        "SALE_AMT": 183857.0
      },
      {
        "YYYYMM": "202503",
        "BRD_CD": "W",
        "CHNL_CD": "CN6",
        "CHNL_NM": "(OFF)아울렛",
        "SALE_AMT": 55575.0
      },
      {
        "YYYYMM": "202503",
        "BRD_CD": "W",
        "CHNL_CD": "CN7",
        "CHNL_NM": "(EC)대리상",
        "SALE_AMT": 3169.0
      },
      {
        "YYYYMM": "202503",
        "BRD_CD": "W",
        "CHNL_CD": "CN8",
        "CHNL_NM": "(OFF)대리상",
        "SALE_AMT": 8718.0
      },
      {
        "YYYYMM": "202503",
        "BRD_CD": "W",
        "CHNL_CD": null,
        "CHNL_NM": null,
        "SALE_AMT": 0.0
      },
      {
        "YYYYMM": "202502",
        "BRD_CD": "W",
        "CHNL_CD": "CN1",
        "CHNL_NM": "(EC)티몰",
        "SALE_AMT": 52213.52000000001
      },
      {
        "YYYYMM": "202502",
        "BRD_CD": "W",
        "CHNL_CD": "CN3",
        "CHNL_NM": "(EC)할인몰",
        "SALE_AMT": 5618.549999999997
      },
      {
        "YYYYMM": "202502",
        "BRD_CD": "W",
        "CHNL_CD": "CN5",
        "CHNL_NM": "(OFF)쇼핑몰",
        "SALE_AMT": 604111.0
      },
      {
        "YYYYMM": "202502",
        "BRD_CD": "W",
        "CHNL_CD": "CN6",
        "CHNL_NM": "(OFF)아울렛",
        "SALE_AMT": 0.0
      },
      {
        "YYYYMM": "202502",
        "BRD_CD": "W",
        "CHNL_CD": "CN7",
        "CHNL_NM": "(EC)대리상",
        "SALE_AMT": 0.0
      },
      {
        "YYYYMM": "202502",
        "BRD_CD": "W",
        "CHNL_CD": "CN8",
        "CHNL_NM": "(OFF)대리상",
        "SALE_AMT": 156836.0
      },
      {
        "YYYYMM": "202502",
        "BRD_CD": "W",
        "CHNL_CD": null,
        "CHNL_NM": null,
        "SALE_AMT": 0.0
      },
      {
        "YYYYMM": "202501",
        "BRD_CD": "W",
        "CHNL_CD": "CN1",
        "CHNL_NM": "(EC)티몰",
        "SALE_AMT": 123436.08
      },
      {
        "YYYYMM": "202501",
        "BRD_CD": "W",
        "CHNL_CD": "CN3",
        "CHNL_NM": "(EC)할인몰",
        "SALE_AMT": 495.95000000000005
      },
      {
        "YYYYMM": "202501",
        "BRD_CD": "W",
        "CHNL_CD": "CN5",
        "CHNL_NM": "(OFF)쇼핑몰",
        "SALE_AMT": 1521730.0
      },
      {
        "YYYYMM": "202501",
        "BRD_CD": "W",
        "CHNL_CD": "CN6",
        "CHNL_NM": "(OFF)아울렛",
        "SALE_AMT": 0.0
      },
      {
        "YYYYMM": "202501",
        "BRD_CD": "W",
        "CHNL_CD": "CN7",
        "CHNL_NM": "(EC)대리상",
        "SALE_AMT": 0.0
      },
      {
        "YYYYMM": "202501",
        "BRD_CD": "W",
        "CHNL_CD": "CN8",
        "CHNL_NM": "(OFF)대리상",
        "SALE_AMT": 188826.0
      },
      {
        "YYYYMM": "202501",
        "BRD_CD": "W",
        "CHNL_CD": null,
        "CHNL_NM": null,
        "SALE_AMT": 0.0
      }
    ],
    "total_records_count": 49
  }
}