{
  "country": "CN",
  "brand_cd": "W",
  "brand_name": "SUPRA",
  "yyyymm": "202505",
  "yyyymm_py": "202405",
  "key": "영업비",
  "sub_key": "종합분석",
  "analysis_data": {
    "title": "영업비 종합분석",
    "sections": [
      {
        "div": "종합분석-1",
        "sub_title": "전년/당해 동월 비교 (202405 VS 202505)",
        "ai_text": "**전년 동월(202405) → 당해당월(202505) 영업비 변화 분석**\n\n• **총 영업비**: 419k → 1k (-99.8% 급감)\n• **광고비**: 81k → 0k (-100.0% 완전 중단)\n• **인건비**: 211k → 1k (-99.5% 급감)\n• **복리후생비**: 55k → 0k (-100.0% 완전 중단)\n• **지급수수료**: 69k → 0k (-100.0% 완전 중단)\n• **매출액(v+)**: 1,099k → 418k (-62.0% 감소)\n\n**⚠️ 이상징후 포착**\n- 영업비 대부분 계정이 완전 중단 또는 거의 중단 상태\n- 매출 감소(62%)보다 영업비 감소폭(99.8%)이 훨씬 큰 비정상적 패턴\n- 브랜드 운영 축소 또는 사업 구조조정 신호로 판단\n\n**즉시 실행 액션플랜**\n1. 브랜드 운영 상태 및 향후 계획 긴급 점검\n2. 매출 감소 대비 영업비 과도 절감의 적정성 검토\n3. 최소 유지비용(인건비, 광고비) 재검토 필요"
      },
      {
        "div": "종합분석-2",
        "sub_title": "누적 YTD 비교 (전년 누적 VS 당해 누적)",
        "ai_text": "**전년 누적(202401~202405) → 당해 누적(202501~202505) 영업비 변화 분석**\n\n• **총 영업비**: 4,890k → -681k (-113.9% 역전)\n• **광고비**: 2,580k → 0k (-100.0% 완전 중단)\n• **인건비**: 1,231k → -683k (-155.5% 마이너스 전환)\n• **복리후생비**: 295k → 0k (-100.0% 완전 중단)\n• **지급수수료**: 477k → 0k (-100.0% 완전 중단)\n• **행사비**: 242k → 0k (-100.0% 완전 중단)\n• **매출액(v+)**: 6,444k → 1,142k (-82.3% 급감)\n\n**⚠️ 심각한 구조적 변화 감지**\n- 인건비 마이너스(-683k)는 퇴직금 정산 또는 구조조정 시사\n- 광고비, 행사비 등 마케팅 투자 완전 중단\n- 매출 82% 감소에 따른 전면적 비용 구조조정 진행\n\n**전략적 대응방안**\n1. 브랜드 포트폴리오 내 SUPRA 위치 재정의\n2. 최소 운영비용 vs 완전 철수 시나리오 비교분석\n3. 인력 재배치 및 자산 정리 계획 수립"
      },
      {
        "div": "종합분석-3",
        "sub_title": "1년 추세 분석 (2024년 1월 ~ 2025년 5월, 202401~202505)",
        "ai_text": "**17개월 월별 영업비 추이 분석 (202401~202505)**\n\n**2024년 패턴**\n• 2024년 2월 광고비 집중투자(1,537k) - 시즌 마케팅\n• 월평균 영업비: 400k~600k 수준 유지\n• 인건비 안정적 200k~300k 범위\n\n**2024년 하반기 변화**\n• 6월부터 매출 마이너스 전환 지속(-690k, -1,118k, -964k)\n• 영업비는 상대적 안정 유지(300k~600k)\n• 수익성 악화 심화\n\n**2025년 급변**\n• 1월: 영업비 6k로 급감, 매출 1,646k 일시 회복\n• 2월~5월: 영업비 거의 제로(0k~1k), 매출 불안정\n• 3월 인건비 -685k (대규모 구조조정 추정)\n\n**계절성 및 트렌드**\n- 2024년 2월 마케팅 집중투자 후 효과 미미\n- 2024년 6월 이후 지속적 매출 부진\n- 2025년 전면적 운영 축소 전환\n\n**향후 전망**\n브랜드 생존을 위한 최소 투자 재개 또는 완전 철수 결정 시점"
      },
      {
        "div": "종합분석-4",
        "sub_title": "법인 전체 대비 브랜드 비중 분석 (SUPRA vs 법인 전체)",
        "ai_text": "**법인 전체(MLB + MLB KIDS + DISCOVERY + DUVETICA + SERGIO TACCHINI + SUPRA) 대비 SUPRA 비중**\n\n**당해당월(202505) 영업비 비중**\n• **전체 영업비**: 1k / 32,097k = 0.0%\n• **광고비**: 0k / 14,867k = 0.0%\n• **인건비**: 1k / 8,276k = 0.0%\n• **복리후생비**: 0k / 2,759k = 0.0%\n• **지급수수료**: 0k / 3,075k = 0.0%\n\n**당해 누적(202501~202505) 영업비 비중**\n• **전체 영업비**: -681k / 164,670k = -0.4%\n\n**브랜드 포지셔닝 분석**\n- SUPRA는 법인 내 최소 규모 브랜드로 전락\n- 주력 브랜드(MLB 등) 대비 극미한 비중\n- 마이너스 영업비(-681k)로 구조조정 비용만 발생\n\n**전략적 시사점**\n1. **포트폴리오 최적화**: 법인 자원의 주력 브랜드 집중 필요\n2. **비용 효율성**: 전체 영업비의 0.4% 마이너스 기여\n3. **의사결정 시급성**: 법인 전체 수익성 제고를 위한 신속한 결정 필요\n\n**권고사항**\n- 법인 차원의 브랜드 포트폴리오 재편 검토\n- SUPRA 관련 자산/인력의 주력 브랜드 재배치\n- 시장 철수 vs 최소 유지 시나리오별 ROI 분석"
      },
      {
        "div": "종합분석-5",
        "sub_title": "전략적 시사점",
        "ai_text": "**종합 진단: SUPRA 브랜드 위기 상황**\n\n**핵심 이슈**\n• 영업비 99.8% 급감으로 사실상 운영 중단 상태\n• 매출 82% 감소와 지속적 적자 구조\n• 법인 전체 대비 0.0% 비중으로 전략적 가치 상실\n\n**단기 전략 (향후 3개월)**\n1. **긴급 의사결정**: 브랜드 존폐 여부 최종 결정\n   - 완전 철수 시나리오: 남은 재고 정리, 인력 재배치\n   - 최소 유지 시나리오: 월 50k~100k 최소 운영비 책정\n\n2. **비용 정리**: 구조조정 관련 잔여 비용 처리\n   - 퇴직금, 임대 해지비 등 일회성 비용 정산\n   - 재고 자산 손실 처리 및 세무 최적화\n\n3. **자원 재배치**: 기존 SUPRA 운영 자원의 효율적 활용\n   - 인력의 주력 브랜드(MLB 등) 재배치\n   - 매장/창고 등 물리적 자산 통합 운영\n\n**중장기 전략 (향후 1년)**\n1. **포트폴리오 집중화**: 수익성 높은 브랜드 중심 재편\n   - MLB, MLB KIDS 등 주력 브랜드 투자 확대\n   - 마케팅 예산의 효율적 재배분\n\n2. **운영 효율성 제고**: SUPRA 철수로 확보된 자원 활용\n   - 법인 전체 고정비 절감 효과 극대화\n   - 주력 브랜드 경쟁력 강화 투자\n\n3. **신규 기회 탐색**: 시장 변화 대응 역량 구축\n   - 성장 가능한 신규 브랜드/카테고리 발굴\n   - 디지털 전환 및 온라인 채널 강화\n\n**리스크 관리**\n• 브랜드 철수 시 고객/파트너 관계 관리\n• 구조조정 과정의 법적/노무 리스크 최소화\n• 주력 브랜드 매출 영향 모니터링"
      }
    ]
  },
  "summary": {
    "current_month_expense": 1.0,
    "previous_month_expense": 419.0,
    "current_ytd_expense": -681.0,
    "previous_ytd_expense": 4890.0,
    "total_records": 71,
    "analysis_period_month": "2024년 5월 VS 2025년 5월",
    "analysis_period_ytd": "2024년 1월~2024년 5월 VS 2025년 1월~2025년 5월",
    "trend_period": "2024년 1월 ~ 2025년 5월 (202401~202505)"
  },
  "month_comparison": {
    "previous_month": {
      "ad_cst_oprt": 81.0,
      "slry_csy_oprt": 211.0,
      "emp_bnft_cst_oprt": 55.0,
      "pmt_cms_oprt": 69.0,
      "shop_rnt_oprt": 0.0,
      "evnt_cst_oprt": 0.0,
      "tax_cst_oprt": 0.0,
      "deprc_cst_oprt": 1.0,
      "etc_cst_oprt": 2.0,
      "sale_amt": 1099.0,
      "sale_amt_vat": 954.0
    },
    "current_month": {
      "ad_cst_oprt": 0.0,
      "slry_csy_oprt": 1.0,
      "emp_bnft_cst_oprt": 0.0,
      "pmt_cms_oprt": 0.0,
      "shop_rnt_oprt": 0.0,
      "evnt_cst_oprt": 0.0,
      "tax_cst_oprt": 0.0,
      "deprc_cst_oprt": 0.0,
      "etc_cst_oprt": 0.0,
      "sale_amt": 418.0,
      "sale_amt_vat": 370.0
    }
  },
  "ytd_comparison": {
    "previous_ytd": {
      "ad_cst_oprt": 2580.0,
      "slry_csy_oprt": 1231.0,
      "emp_bnft_cst_oprt": 295.0,
      "pmt_cms_oprt": 477.0,
      "shop_rnt_oprt": 0.0,
      "evnt_cst_oprt": 242.0,
      "tax_cst_oprt": 0.0,
      "deprc_cst_oprt": 4.0,
      "etc_cst_oprt": 61.0,
      "sale_amt": 6444.0,
      "sale_amt_vat": 6209.0
    },
    "current_ytd": {
      "ad_cst_oprt": -0.0,
      "slry_csy_oprt": -683.0,
      "emp_bnft_cst_oprt": 0.0,
      "pmt_cms_oprt": -0.0,
      "shop_rnt_oprt": 0.0,
      "evnt_cst_oprt": 0.0,
      "tax_cst_oprt": 0.0,
      "deprc_cst_oprt": 2.0,
      "etc_cst_oprt": 0.0,
      "sale_amt": 1142.0,
      "sale_amt_vat": 3102.0
    }
  },
  "trend_by_month": {
    "202401": {
      "ad_cst_oprt": 120.0,
      "slry_csy_oprt": 249.0,
      "emp_bnft_cst_oprt": 61.0,
      "pmt_cms_oprt": 50.0,
      "shop_rnt_oprt": 0.0,
      "evnt_cst_oprt": 0.0,
      "tax_cst_oprt": 0.0,
      "deprc_cst_oprt": 1.0,
      "etc_cst_oprt": 40.0,
      "sale_amt": 1985.0,
      "sale_amt_vat": 1556.0
    },
    "202402": {
      "ad_cst_oprt": 1537.0,
      "slry_csy_oprt": 325.0,
      "emp_bnft_cst_oprt": 70.0,
      "pmt_cms_oprt": 200.0,
      "shop_rnt_oprt": 0.0,
      "evnt_cst_oprt": 242.0,
      "tax_cst_oprt": 0.0,
      "deprc_cst_oprt": 1.0,
      "etc_cst_oprt": 7.0,
      "sale_amt": 2077.0,
      "sale_amt_vat": 1526.0
    },
    "202403": {
      "ad_cst_oprt": 64.0,
      "slry_csy_oprt": 243.0,
      "emp_bnft_cst_oprt": 55.0,
      "pmt_cms_oprt": 0.0,
      "shop_rnt_oprt": 0.0,
      "evnt_cst_oprt": 0.0,
      "tax_cst_oprt": 0.0,
      "deprc_cst_oprt": 1.0,
      "etc_cst_oprt": 6.0,
      "sale_amt": 1714.0,
      "sale_amt_vat": 1068.0
    },
    "202404": {
      "ad_cst_oprt": 778.0,
      "slry_csy_oprt": 203.0,
      "emp_bnft_cst_oprt": 53.0,
      "pmt_cms_oprt": 158.0,
      "shop_rnt_oprt": 0.0,
      "evnt_cst_oprt": 0.0,
      "tax_cst_oprt": 0.0,
      "deprc_cst_oprt": 1.0,
      "etc_cst_oprt": 6.0,
      "sale_amt": -431.0,
      "sale_amt_vat": 1106.0
    },
    "202405": {
      "ad_cst_oprt": 81.0,
      "slry_csy_oprt": 211.0,
      "emp_bnft_cst_oprt": 55.0,
      "pmt_cms_oprt": 69.0,
      "shop_rnt_oprt": 0.0,
      "evnt_cst_oprt": 0.0,
      "tax_cst_oprt": 0.0,
      "deprc_cst_oprt": 1.0,
      "etc_cst_oprt": 2.0,
      "sale_amt": 1099.0,
      "sale_amt_vat": 954.0
    },
    "202406": {
      "ad_cst_oprt": 118.0,
      "slry_csy_oprt": 192.0,
      "emp_bnft_cst_oprt": 53.0,
      "pmt_cms_oprt": 50.0,
      "shop_rnt_oprt": 0.0,
      "evnt_cst_oprt": 0.0,
      "tax_cst_oprt": 0.0,
      "deprc_cst_oprt": 1.0,
      "etc_cst_oprt": 11.0,
      "sale_amt": -690.0,
      "sale_amt_vat": 879.0
    },
    "202407": {
      "ad_cst_oprt": 0.0,
      "slry_csy_oprt": 217.0,
      "emp_bnft_cst_oprt": 60.0,
      "pmt_cms_oprt": 20.0,
      "shop_rnt_oprt": 0.0,
      "evnt_cst_oprt": 0.0,
      "tax_cst_oprt": 0.0,
      "deprc_cst_oprt": 2.0,
      "etc_cst_oprt": 7.0,
      "sale_amt": -1118.0,
      "sale_amt_vat": 1044.0
    },
    "202408": {
      "ad_cst_oprt": 189.0,
      "slry_csy_oprt": 205.0,
      "emp_bnft_cst_oprt": 48.0,
      "pmt_cms_oprt": -0.0,
      "shop_rnt_oprt": 0.0,
      "evnt_cst_oprt": 0.0,
      "tax_cst_oprt": 0.0,
      "deprc_cst_oprt": 2.0,
      "etc_cst_oprt": 3.0,
      "sale_amt": -964.0,
      "sale_amt_vat": 954.0
    },
    "202409": {
      "ad_cst_oprt": 382.0,
      "slry_csy_oprt": 168.0,
      "emp_bnft_cst_oprt": 43.0,
      "pmt_cms_oprt": -0.0,
      "shop_rnt_oprt": 0.0,
      "evnt_cst_oprt": 0.0,
      "tax_cst_oprt": 0.0,
      "deprc_cst_oprt": 2.0,
      "etc_cst_oprt": 3.0,
      "sale_amt": -725.0,
      "sale_amt_vat": 733.0
    },
    "202410": {
      "ad_cst_oprt": 80.0,
      "slry_csy_oprt": 178.0,
      "emp_bnft_cst_oprt": 43.0,
      "pmt_cms_oprt": 39.0,
      "shop_rnt_oprt": 0.0,
      "evnt_cst_oprt": 0.0,
      "tax_cst_oprt": 0.0,
      "deprc_cst_oprt": 2.0,
      "etc_cst_oprt": 1.0,
      "sale_amt": 131.0,
      "sale_amt_vat": 1176.0
    },
    "202411": {
      "ad_cst_oprt": 0.0,
      "slry_csy_oprt": 182.0,
      "emp_bnft_cst_oprt": 46.0,
      "pmt_cms_oprt": -0.0,
      "shop_rnt_oprt": 0.0,
      "evnt_cst_oprt": 0.0,
      "tax_cst_oprt": 0.0,
      "deprc_cst_oprt": 2.0,
      "etc_cst_oprt": 1.0,
      "sale_amt": -284.0,
      "sale_amt_vat": 1203.0
    },
    "202412": {
      "ad_cst_oprt": 0.0,
      "slry_csy_oprt": 113.0,
      "emp_bnft_cst_oprt": 25.0,
      "pmt_cms_oprt": 0.0,
      "shop_rnt_oprt": 0.0,
      "evnt_cst_oprt": 0.0,
      "tax_cst_oprt": 0.0,
      "deprc_cst_oprt": 2.0,
      "etc_cst_oprt": 0.0,
      "sale_amt": 1384.0,
      "sale_amt_vat": 1600.0
    },
    "202501": {
      "ad_cst_oprt": 0.0,
      "slry_csy_oprt": 3.0,
      "emp_bnft_cst_oprt": 1.0,
      "pmt_cms_oprt": 0.0,
      "shop_rnt_oprt": 0.0,
      "evnt_cst_oprt": 0.0,
      "tax_cst_oprt": 0.0,
      "deprc_cst_oprt": 2.0,
      "etc_cst_oprt": 0.0,
      "sale_amt": 1646.0,
      "sale_amt_vat": 1456.0
    },
    "202502": {
      "ad_cst_oprt": -0.0,
      "slry_csy_oprt": -0.0,
      "emp_bnft_cst_oprt": -0.0,
      "pmt_cms_oprt": -0.0,
      "shop_rnt_oprt": 0.0,
      "evnt_cst_oprt": 0.0,
      "tax_cst_oprt": 0.0,
      "deprc_cst_oprt": -0.0,
      "etc_cst_oprt": -0.0,
      "sale_amt": -175.0,
      "sale_amt_vat": 586.0
    },
    "202503": {
      "ad_cst_oprt": 0.0,
      "slry_csy_oprt": -685.0,
      "emp_bnft_cst_oprt": 0.0,
      "pmt_cms_oprt": 0.0,
      "shop_rnt_oprt": 0.0,
      "evnt_cst_oprt": 0.0,
      "tax_cst_oprt": 0.0,
      "deprc_cst_oprt": 0.0,
      "etc_cst_oprt": 0.0,
      "sale_amt": 313.0,
      "sale_amt_vat": 277.0
    },
    "202504": {
      "ad_cst_oprt": 0.0,
      "slry_csy_oprt": -2.0,
      "emp_bnft_cst_oprt": -1.0,
      "pmt_cms_oprt": -0.0,
      "shop_rnt_oprt": 0.0,
      "evnt_cst_oprt": 0.0,
      "tax_cst_oprt": 0.0,
      "deprc_cst_oprt": -0.0,
      "etc_cst_oprt": 0.0,
      "sale_amt": -1059.0,
      "sale_amt_vat": 413.0
    },
    "202505": {
      "ad_cst_oprt": 0.0,
      "slry_csy_oprt": 1.0,
      "emp_bnft_cst_oprt": 0.0,
      "pmt_cms_oprt": 0.0,
      "shop_rnt_oprt": 0.0,
      "evnt_cst_oprt": 0.0,
      "tax_cst_oprt": 0.0,
      "deprc_cst_oprt": 0.0,
      "etc_cst_oprt": 0.0,
      "sale_amt": 418.0,
      "sale_amt_vat": 370.0
    }
  },
  "brand_vs_all_brands": {
    "current_month": {
      "brand_total": 1.0,
      "all_brands_total": 32097.0,
      "ratio": 0.0,
      "by_account": {
        "ad_cst_oprt": {
          "brand": 0.0,
          "all_brands": 14867.0,
          "ratio": 0.0
        },
        "slry_csy_oprt": {
          "brand": 1.0,
          "all_brands": 8276.0,
          "ratio": 0.0
        },
        "emp_bnft_cst_oprt": {
          "brand": 0.0,
          "all_brands": 2759.0,
          "ratio": 0.0
        },
        "pmt_cms_oprt": {
          "brand": 0.0,
          "all_brands": 3075.0,
          "ratio": 0.0
        },
        "shop_rnt_oprt": {
          "brand": 0.0,
          "all_brands": 1426.0,
          "ratio": 0.0
        },
        "evnt_cst_oprt": {
          "brand": 0.0,
          "all_brands": 0.0,
          "ratio": 0.0
        },
        "tax_cst_oprt": {
          "brand": 0.0,
          "all_brands": 1026.0,
          "ratio": 0.0
        },
        "deprc_cst_oprt": {
          "brand": 0.0,
          "all_brands": 333.0,
          "ratio": 0.0
        },
        "etc_cst_oprt": {
          "brand": 0.0,
          "all_brands": 336.0,
          "ratio": 0.0
        }
      }
    },
    "current_ytd": {
      "brand_total": -681.0,
      "all_brands_total": 164670.0,
      "ratio": -0.4
    }
  },
  "all_brands_summary": {
    "current_month": {
      "ad_cst_oprt": 14867.0,
      "slry_csy_oprt": 8276.0,
      "emp_bnft_cst_oprt": 2759.0,
      "pmt_cms_oprt": 3075.0,
      "shop_rnt_oprt": 1426.0,
      "evnt_cst_oprt": 0.0,
      "tax_cst_oprt": 1026.0,
      "deprc_cst_oprt": 333.0,
      "etc_cst_oprt": 336.0,
      "sale_amt": 294681.0,
      "sale_amt_vat": 649681.0
    },
    "previous_month": {
      "ad_cst_oprt": 6872.0,
      "slry_csy_oprt": 8069.0,
      "emp_bnft_cst_oprt": 2322.0,
      "pmt_cms_oprt": 1226.0,
      "shop_rnt_oprt": 1526.0,
      "evnt_cst_oprt": 0.0,
      "tax_cst_oprt": 1956.0,
      "deprc_cst_oprt": 494.0,
      "etc_cst_oprt": 221.0,
      "sale_amt": 279066.0,
      "sale_amt_vat": 607519.0
    },
    "current_ytd": {
      "ad_cst_oprt": 73401.0,
      "slry_csy_oprt": 43221.0,
      "emp_bnft_cst_oprt": 15098.0,
      "pmt_cms_oprt": 10548.0,
      "shop_rnt_oprt": 7977.0,
      "evnt_cst_oprt": 6700.0,
      "tax_cst_oprt": 4313.0,
      "deprc_cst_oprt": 1759.0,
      "etc_cst_oprt": 1653.0,
      "sale_amt": 2132021.0,
      "sale_amt_vat": 3283764.0
    },
    "previous_ytd": {
      "ad_cst_oprt": 65491.0,
      "slry_csy_oprt": 41496.0,
      "emp_bnft_cst_oprt": 13030.0,
      "pmt_cms_oprt": 6907.0,
      "shop_rnt_oprt": 7360.0,
      "evnt_cst_oprt": 760.0,
      "tax_cst_oprt": 5675.0,
      "deprc_cst_oprt": 2473.0,
      "etc_cst_oprt": 3092.0,
      "sale_amt": 2109838.0,
      "sale_amt_vat": 3182007.0
    }
  },
  "raw_data": {
    "sample_records": [
      {
        "PST_YYYYMM": "202412",
        "BRD_CD": "W",
        "MGMT_CHNL_NM": "(OFF)대리상",
        "SALE_AMT": -380014.85,
        "SALE_AMT_VAT": 39102.65486725664,
        "AD_CST_OPRT": -2.95,
        "SLRY_CSY_OPRT": -31113.1,
        "EMP_BNFT_CST_OPRT": -7005.21,
        "PMT_CMS_OPRT": -1.64,
        "SHOP_RNT_OPRT": 0.0,
        "EVNT_CST_OPRT": 0.0,
        "TAX_CST_OPRT": 0.0,
        "DEPRC_CST_OPRT": -478.35,
        "ETC_CST_OPRT": -50.98
      },
      {
        "PST_YYYYMM": "202406",
        "BRD_CD": "W",
        "MGMT_CHNL_NM": "(OFF)쇼핑몰",
        "SALE_AMT": 380438.0,
        "SALE_AMT_VAT": 336670.79646017705,
        "AD_CST_OPRT": -64982.17,
        "SLRY_CSY_OPRT": -85218.02,
        "EMP_BNFT_CST_OPRT": -23471.2,
        "PMT_CMS_OPRT": -25633.26,
        "SHOP_RNT_OPRT": 0.0,
        "EVNT_CST_OPRT": 0.0,
        "TAX_CST_OPRT": 0.0,
        "DEPRC_CST_OPRT": -474.72,
        "ETC_CST_OPRT": -6011.57
      },
      {
        "PST_YYYYMM": "202403",
        "BRD_CD": "W",
        "MGMT_CHNL_NM": "(EC)대리상",
        "SALE_AMT": 44289.01,
        "SALE_AMT_VAT": 3447.83185840708,
        "AD_CST_OPRT": 1647.32,
        "SLRY_CSY_OPRT": 19116.99,
        "EMP_BNFT_CST_OPRT": 3566.54,
        "PMT_CMS_OPRT": 0.25,
        "SHOP_RNT_OPRT": 0.0,
        "EVNT_CST_OPRT": 0.0,
        "TAX_CST_OPRT": 0.0,
        "DEPRC_CST_OPRT": 5.72,
        "ETC_CST_OPRT": 22.72
      },
      {
        "PST_YYYYMM": "202411",
        "BRD_CD": "W",
        "MGMT_CHNL_NM": "(OFF)쇼핑몰",
        "SALE_AMT": 1081511.0,
        "SALE_AMT_VAT": 957089.3805309737,
        "AD_CST_OPRT": 0.0,
        "SLRY_CSY_OPRT": -692494.34,
        "EMP_BNFT_CST_OPRT": -172563.33,
        "PMT_CMS_OPRT": 6.3,
        "SHOP_RNT_OPRT": 0.0,
        "EVNT_CST_OPRT": 0.0,
        "TAX_CST_OPRT": 0.0,
        "DEPRC_CST_OPRT": -4154.6,
        "ETC_CST_OPRT": -3113.64
      },
      {
        "PST_YYYYMM": "202403",
        "BRD_CD": "W",
        "MGMT_CHNL_NM": "(OFF)대리상",
        "SALE_AMT": 1247284.3900000001,
        "SALE_AMT_VAT": 690101.7699115046,
        "AD_CST_OPRT": 46391.7,
        "SLRY_CSY_OPRT": 129983.06,
        "EMP_BNFT_CST_OPRT": 32520.93,
        "PMT_CMS_OPRT": 6.9,
        "SHOP_RNT_OPRT": 0.0,
        "EVNT_CST_OPRT": 0.0,
        "TAX_CST_OPRT": 0.0,
        "DEPRC_CST_OPRT": 744.23,
        "ETC_CST_OPRT": 4715.41
      },
      {
        "PST_YYYYMM": "202409",
        "BRD_CD": "W",
        "MGMT_CHNL_NM": "(OFF)대리상",
        "SALE_AMT": -1270219.26,
        "SALE_AMT_VAT": 249740.7079646018,
        "AD_CST_OPRT": 669123.39,
        "SLRY_CSY_OPRT": 293653.88,
        "EMP_BNFT_CST_OPRT": 74914.35,
        "PMT_CMS_OPRT": -4.63,
        "SHOP_RNT_OPRT": 0.0,
        "EVNT_CST_OPRT": 0.0,
        "TAX_CST_OPRT": 0.0,
        "DEPRC_CST_OPRT": 2671.56,
        "ETC_CST_OPRT": 5755.1
      },
      {
        "PST_YYYYMM": "202501",
        "BRD_CD": "W",
        "MGMT_CHNL_NM": "(EC)티몰",
        "SALE_AMT": 123436.08,
        "SALE_AMT_VAT": 109235.46902654869,
        "AD_CST_OPRT": 0.03,
        "SLRY_CSY_OPRT": 240.38,
        "EMP_BNFT_CST_OPRT": 38.7,
        "PMT_CMS_OPRT": 0.22,
        "SHOP_RNT_OPRT": 0.0,
        "EVNT_CST_OPRT": 0.0,
        "TAX_CST_OPRT": 0.0,
        "DEPRC_CST_OPRT": 15.75,
        "ETC_CST_OPRT": 0.99
      },
      {
        "PST_YYYYMM": "202409",
        "BRD_CD": "W",
        "MGMT_CHNL_NM": "(OFF)쇼핑몰",
        "SALE_AMT": 528990.0,
        "SALE_AMT_VAT": 468132.7433628319,
        "AD_CST_OPRT": -278660.88,
        "SLRY_CSY_OPRT": -122293.85,
        "EMP_BNFT_CST_OPRT": -31198.7,
        "PMT_CMS_OPRT": 1.55,
        "SHOP_RNT_OPRT": 0.0,
        "EVNT_CST_OPRT": 0.0,
        "TAX_CST_OPRT": 0.0,
        "DEPRC_CST_OPRT": -1113.01,
        "ETC_CST_OPRT": -2397.56
      },
      {
        "PST_YYYYMM": "202412",
        "BRD_CD": "W",
        "MGMT_CHNL_NM": "(EC)대리상",
        "SALE_AMT": 0.0,
        "SALE_AMT_VAT": 0.0,
        "AD_CST_OPRT": 0.0,
        "SLRY_CSY_OPRT": 0.0,
        "EMP_BNFT_CST_OPRT": 0.0,
        "PMT_CMS_OPRT": 0.0,
        "SHOP_RNT_OPRT": 0.0,
        "EVNT_CST_OPRT": 0.0,
        "TAX_CST_OPRT": 0.0,
        "DEPRC_CST_OPRT": 0.0,
        "ETC_CST_OPRT": 0.0
      },
      {
        "PST_YYYYMM": "202405",
        "BRD_CD": "W",
        "MGMT_CHNL_NM": "(EC)할인몰",
        "SALE_AMT": 6953.5,
        "SALE_AMT_VAT": 6153.53982300885,
        "AD_CST_OPRT": 515.18,
        "SLRY_CSY_OPRT": 58872.75,
        "EMP_BNFT_CST_OPRT": 16431.72,
        "PMT_CMS_OPRT": 0.04,
        "SHOP_RNT_OPRT": 0.0,
        "EVNT_CST_OPRT": 0.0,
        "TAX_CST_OPRT": 0.0,
        "DEPRC_CST_OPRT": 1.36,
        "ETC_CST_OPRT": 8.61
      },
      {
        "PST_YYYYMM": "202403",
        "BRD_CD": "W",
        "MGMT_CHNL_NM": "(OFF)쇼핑몰",
        "SALE_AMT": 270798.0,
        "SALE_AMT_VAT": 239644.24778761063,
        "AD_CST_OPRT": 10072.15,
        "SLRY_CSY_OPRT": 28220.87,
        "EMP_BNFT_CST_OPRT": 7060.69,
        "PMT_CMS_OPRT": 1.34,
        "SHOP_RNT_OPRT": 0.0,
        "EVNT_CST_OPRT": 0.0,
        "TAX_CST_OPRT": 0.0,
        "DEPRC_CST_OPRT": 160.93,
        "ETC_CST_OPRT": 1024.29
      },
      {
        "PST_YYYYMM": "202408",
        "BRD_CD": "W",
        "MGMT_CHNL_NM": "(EC)할인몰",
        "SALE_AMT": 952.5,
        "SALE_AMT_VAT": 842.920353982301,
        "AD_CST_OPRT": -187.14,
        "SLRY_CSY_OPRT": -183.7,
        "EMP_BNFT_CST_OPRT": -40.91,
        "PMT_CMS_OPRT": 0.0,
        "SHOP_RNT_OPRT": 0.0,
        "EVNT_CST_OPRT": 0.0,
        "TAX_CST_OPRT": 0.0,
        "DEPRC_CST_OPRT": -0.22,
        "ETC_CST_OPRT": -2.55
      },
      {
        "PST_YYYYMM": "202401",
        "BRD_CD": "W",
        "MGMT_CHNL_NM": "(EC)대리상",
        "SALE_AMT": 276880.41,
        "SALE_AMT_VAT": 0.0,
        "AD_CST_OPRT": 16747.67,
        "SLRY_CSY_OPRT": 74174.99,
        "EMP_BNFT_CST_OPRT": 20015.09,
        "PMT_CMS_OPRT": 0.91,
        "SHOP_RNT_OPRT": 0.0,
        "EVNT_CST_OPRT": 0.0,
        "TAX_CST_OPRT": 0.0,
        "DEPRC_CST_OPRT": 1.59,
        "ETC_CST_OPRT": 641.8
      },
      {
        "PST_YYYYMM": "202405",
        "BRD_CD": "W",
        "MGMT_CHNL_NM": "(OFF)대리상",
        "SALE_AMT": 773225.65,
        "SALE_AMT_VAT": 610756.1946902656,
        "AD_CST_OPRT": 57293.29,
        "SLRY_CSY_OPRT": 122228.7,
        "EMP_BNFT_CST_OPRT": 31296.91,
        "PMT_CMS_OPRT": 48589.98,
        "SHOP_RNT_OPRT": 0.0,
        "EVNT_CST_OPRT": 0.0,
        "TAX_CST_OPRT": 0.0,
        "DEPRC_CST_OPRT": 656.61,
        "ETC_CST_OPRT": 1644.31
      },
      {
        "PST_YYYYMM": "202501",
        "BRD_CD": "W",
        "MGMT_CHNL_NM": "(EC)할인몰",
        "SALE_AMT": 495.95000000000005,
        "SALE_AMT_VAT": 438.8938053097346,
        "AD_CST_OPRT": 0.0,
        "SLRY_CSY_OPRT": 0.96,
        "EMP_BNFT_CST_OPRT": 0.16,
        "PMT_CMS_OPRT": 0.0,
        "SHOP_RNT_OPRT": 0.0,
        "EVNT_CST_OPRT": 0.0,
        "TAX_CST_OPRT": 0.0,
        "DEPRC_CST_OPRT": 0.06,
        "ETC_CST_OPRT": 0.0
      },
      {
        "PST_YYYYMM": "202407",
        "BRD_CD": "W",
        "MGMT_CHNL_NM": "(EC)티몰",
        "SALE_AMT": 33863.69,
        "SALE_AMT_VAT": 29967.86725663717,
        "AD_CST_OPRT": 0.0,
        "SLRY_CSY_OPRT": 30753.78,
        "EMP_BNFT_CST_OPRT": 8424.91,
        "PMT_CMS_OPRT": 0.22,
        "SHOP_RNT_OPRT": 0.0,
        "EVNT_CST_OPRT": 0.0,
        "TAX_CST_OPRT": 0.0,
        "DEPRC_CST_OPRT": -6.1,
        "ETC_CST_OPRT": -183.89
      },
      {
        "PST_YYYYMM": "202503",
        "BRD_CD": "W",
        "MGMT_CHNL_NM": "(EC)티몰",
        "SALE_AMT": 66793.43000000001,
        "SALE_AMT_VAT": 59109.230088495584,
        "AD_CST_OPRT": 0.0,
        "SLRY_CSY_OPRT": -143067.56,
        "EMP_BNFT_CST_OPRT": 26.51,
        "PMT_CMS_OPRT": 0.16,
        "SHOP_RNT_OPRT": 0.0,
        "EVNT_CST_OPRT": 0.0,
        "TAX_CST_OPRT": 0.0,
        "DEPRC_CST_OPRT": 0.02,
        "ETC_CST_OPRT": 3.82
      },
      {
        "PST_YYYYMM": "202406",
        "BRD_CD": "W",
        "MGMT_CHNL_NM": "(EC)티몰",
        "SALE_AMT": 50618.45,
        "SALE_AMT_VAT": 44795.088495575226,
        "AD_CST_OPRT": -8646.3,
        "SLRY_CSY_OPRT": 25351.23,
        "EMP_BNFT_CST_OPRT": 6983.19,
        "PMT_CMS_OPRT": 3.84,
        "SHOP_RNT_OPRT": 0.0,
        "EVNT_CST_OPRT": 0.0,
        "TAX_CST_OPRT": 0.0,
        "DEPRC_CST_OPRT": -8.95,
        "ETC_CST_OPRT": -737.23
      },
      {
        "PST_YYYYMM": "202505",
        "BRD_CD": "W",
        "MGMT_CHNL_NM": "(OFF)아울렛",
        "SALE_AMT": 165897.4,
        "SALE_AMT_VAT": 146811.85840707965,
        "AD_CST_OPRT": 0.05,
        "SLRY_CSY_OPRT": 393.47,
        "EMP_BNFT_CST_OPRT": 112.97,
        "PMT_CMS_OPRT": 1.03,
        "SHOP_RNT_OPRT": 0.0,
        "EVNT_CST_OPRT": 0.0,
        "TAX_CST_OPRT": 0.0,
        "DEPRC_CST_OPRT": 0.21,
        "ETC_CST_OPRT": 5.61
      },
      {
        "PST_YYYYMM": "202411",
        "BRD_CD": "W",
        "MGMT_CHNL_NM": "(EC)티몰",
        "SALE_AMT": 149020.29,
        "SALE_AMT_VAT": 131876.36283185842,
        "AD_CST_OPRT": 0.0,
        "SLRY_CSY_OPRT": -95418.45,
        "EMP_BNFT_CST_OPRT": -23192.38,
        "PMT_CMS_OPRT": 0.74,
        "SHOP_RNT_OPRT": 0.0,
        "EVNT_CST_OPRT": 0.0,
        "TAX_CST_OPRT": 0.0,
        "DEPRC_CST_OPRT": -108.62,
        "ETC_CST_OPRT": -65.65
      },
      {
        "PST_YYYYMM": "202403",
        "BRD_CD": "W",
        "MGMT_CHNL_NM": "(EC)티몰",
        "SALE_AMT": 151933.26,
        "SALE_AMT_VAT": 134454.21238938055,
        "AD_CST_OPRT": 5652.33,
        "SLRY_CSY_OPRT": 65580.85,
        "EMP_BNFT_CST_OPRT": 12236.07,
        "PMT_CMS_OPRT": 0.77,
        "SHOP_RNT_OPRT": 0.0,
        "EVNT_CST_OPRT": 0.0,
        "TAX_CST_OPRT": 0.0,
        "DEPRC_CST_OPRT": 19.57,
        "ETC_CST_OPRT": 78.5
      },
      {
        "PST_YYYYMM": "202402",
        "BRD_CD": "W",
        "MGMT_CHNL_NM": "(OFF)쇼핑몰",
        "SALE_AMT": 321736.0,
        "SALE_AMT_VAT": 284722.1238938053,
        "AD_CST_OPRT": 238023.21,
        "SLRY_CSY_OPRT": 35825.13,
        "EMP_BNFT_CST_OPRT": 7570.03,
        "PMT_CMS_OPRT": 31688.02,
        "SHOP_RNT_OPRT": 0.0,
        "EVNT_CST_OPRT": 37473.79,
        "TAX_CST_OPRT": 0.0,
        "DEPRC_CST_OPRT": 148.13,
        "ETC_CST_OPRT": 1056.16
      },
      {
        "PST_YYYYMM": "202408",
        "BRD_CD": "W",
        "MGMT_CHNL_NM": "(EC)티몰",
        "SALE_AMT": 46294.65,
        "SALE_AMT_VAT": 40968.7168141593,
        "AD_CST_OPRT": -9095.3,
        "SLRY_CSY_OPRT": -8927.24,
        "EMP_BNFT_CST_OPRT": -1986.79,
        "PMT_CMS_OPRT": 0.13,
        "SHOP_RNT_OPRT": 0.0,
        "EVNT_CST_OPRT": 0.0,
        "TAX_CST_OPRT": 0.0,
        "DEPRC_CST_OPRT": -9.87,
        "ETC_CST_OPRT": -124.82
      },
      {
        "PST_YYYYMM": "202502",
        "BRD_CD": "W",
        "MGMT_CHNL_NM": "(EC)할인몰",
        "SALE_AMT": 5618.55,
        "SALE_AMT_VAT": 4972.168141592921,
        "AD_CST_OPRT": 0.0,
        "SLRY_CSY_OPRT": 9.78,
        "EMP_BNFT_CST_OPRT": 2.54,
        "PMT_CMS_OPRT": 0.0,
        "SHOP_RNT_OPRT": 0.0,
        "EVNT_CST_OPRT": 0.0,
        "TAX_CST_OPRT": 0.0,
        "DEPRC_CST_OPRT": 0.0,
        "ETC_CST_OPRT": 0.0
      },
      {
        "PST_YYYYMM": "202406",
        "BRD_CD": "W",
        "MGMT_CHNL_NM": "(OFF)대리상",
        "SALE_AMT": -1122412.45,
        "SALE_AMT_VAT": 496236.99115044257,
        "AD_CST_OPRT": 191718.03,
        "SLRY_CSY_OPRT": 251420.21,
        "EMP_BNFT_CST_OPRT": 69247.28,
        "PMT_CMS_OPRT": 75625.9,
        "SHOP_RNT_OPRT": 0.0,
        "EVNT_CST_OPRT": 0.0,
        "TAX_CST_OPRT": 0.0,
        "DEPRC_CST_OPRT": 1398.9,
        "ETC_CST_OPRT": 17736.14
      },
      {
        "PST_YYYYMM": "202505",
        "BRD_CD": "W",
        "MGMT_CHNL_NM": "(EC)할인몰",
        "SALE_AMT": 73346.45,
        "SALE_AMT_VAT": 64908.362831858416,
        "AD_CST_OPRT": 0.0,
        "SLRY_CSY_OPRT": 134.03,
        "EMP_BNFT_CST_OPRT": 38.32,
        "PMT_CMS_OPRT": 0.21,
        "SHOP_RNT_OPRT": 0.0,
        "EVNT_CST_OPRT": 0.0,
        "TAX_CST_OPRT": 0.0,
        "DEPRC_CST_OPRT": 0.02,
        "ETC_CST_OPRT": 1.76
      },
      {
        "PST_YYYYMM": "202410",
        "BRD_CD": "W",
        "MGMT_CHNL_NM": "(OFF)쇼핑몰",
        "SALE_AMT": 847282.0,
        "SALE_AMT_VAT": 749807.0796460178,
        "AD_CST_OPRT": 519019.23,
        "SLRY_CSY_OPRT": 1640041.98,
        "EMP_BNFT_CST_OPRT": 391589.55,
        "PMT_CMS_OPRT": 823547.95,
        "SHOP_RNT_OPRT": 0.0,
        "EVNT_CST_OPRT": 0.0,
        "TAX_CST_OPRT": 0.0,
        "DEPRC_CST_OPRT": 30188.05,
        "ETC_CST_OPRT": 12497.45
      },
      {
        "PST_YYYYMM": "202401",
        "BRD_CD": "W",
        "MGMT_CHNL_NM": "(OFF)쇼핑몰",
        "SALE_AMT": 372739.0,
        "SALE_AMT_VAT": 329857.52212389384,
        "AD_CST_OPRT": 22545.78,
        "SLRY_CSY_OPRT": 33119.54,
        "EMP_BNFT_CST_OPRT": 7461.14,
        "PMT_CMS_OPRT": 11815.78,
        "SHOP_RNT_OPRT": 0.0,
        "EVNT_CST_OPRT": 0.0,
        "TAX_CST_OPRT": 0.0,
        "DEPRC_CST_OPRT": 169.55,
        "ETC_CST_OPRT": 9338.71
      },
      {
        "PST_YYYYMM": "202504",
        "BRD_CD": "W",
        "MGMT_CHNL_NM": "(OFF)대리상",
        "SALE_AMT": -1336112.08,
        "SALE_AMT_VAT": 0.0,
        "AD_CST_OPRT": 0.0,
        "SLRY_CSY_OPRT": -2806.27,
        "EMP_BNFT_CST_OPRT": -749.25,
        "PMT_CMS_OPRT": -7.43,
        "SHOP_RNT_OPRT": 0.0,
        "EVNT_CST_OPRT": 0.0,
        "TAX_CST_OPRT": 0.0,
        "DEPRC_CST_OPRT": -3.01,
        "ETC_CST_OPRT": -143.44
      },
      {
        "PST_YYYYMM": "202410",
        "BRD_CD": "W",
        "MGMT_CHNL_NM": "(EC)티몰",
        "SALE_AMT": 88817.26,
        "SALE_AMT_VAT": 78599.34513274337,
        "AD_CST_OPRT": 54406.54,
        "SLRY_CSY_OPRT": 99044.14,
        "EMP_BNFT_CST_OPRT": 24581.97,
        "PMT_CMS_OPRT": 0.33,
        "SHOP_RNT_OPRT": 0.0,
        "EVNT_CST_OPRT": 0.0,
        "TAX_CST_OPRT": 0.0,
        "DEPRC_CST_OPRT": 141.87,
        "ETC_CST_OPRT": 10.43
      },
      {
        "PST_YYYYMM": "202502",
        "BRD_CD": "W",
        "MGMT_CHNL_NM": "(OFF)대리상",
        "SALE_AMT": -836614.58,
        "SALE_AMT_VAT": 0.0,
        "AD_CST_OPRT": -1.45,
        "SLRY_CSY_OPRT": -1455.58,
        "EMP_BNFT_CST_OPRT": -381.45,
        "PMT_CMS_OPRT": -3.98,
        "SHOP_RNT_OPRT": 0.0,
        "EVNT_CST_OPRT": 0.0,
        "TAX_CST_OPRT": 0.0,
        "DEPRC_CST_OPRT": -1.55,
        "ETC_CST_OPRT": -0.76
      },
      {
        "PST_YYYYMM": "202402",
        "BRD_CD": "W",
        "MGMT_CHNL_NM": "(EC)티몰",
        "SALE_AMT": 43302.14,
        "SALE_AMT_VAT": 38320.4778761062,
        "AD_CST_OPRT": 32035.32,
        "SLRY_CSY_OPRT": 92574.79,
        "EMP_BNFT_CST_OPRT": 20984.74,
        "PMT_CMS_OPRT": 6.04,
        "SHOP_RNT_OPRT": 0.0,
        "EVNT_CST_OPRT": 5043.6,
        "TAX_CST_OPRT": 0.0,
        "DEPRC_CST_OPRT": 4.76,
        "ETC_CST_OPRT": 55.39
      },
      {
        "PST_YYYYMM": "202505",
        "BRD_CD": "W",
        "MGMT_CHNL_NM": "(OFF)쇼핑몰",
        "SALE_AMT": 132951.0,
        "SALE_AMT_VAT": 117655.75221238939,
        "AD_CST_OPRT": 0.01,
        "SLRY_CSY_OPRT": 315.19,
        "EMP_BNFT_CST_OPRT": 90.26,
        "PMT_CMS_OPRT": 0.68,
        "SHOP_RNT_OPRT": 0.0,
        "EVNT_CST_OPRT": 0.0,
        "TAX_CST_OPRT": 0.0,
        "DEPRC_CST_OPRT": 0.06,
        "ETC_CST_OPRT": 4.42
      },
      {
        "PST_YYYYMM": "202411",
        "BRD_CD": "W",
        "MGMT_CHNL_NM": "(EC)할인몰",
        "SALE_AMT": 374.5,
        "SALE_AMT_VAT": 331.41592920353986,
        "AD_CST_OPRT": 0.0,
        "SLRY_CSY_OPRT": -239.8,
        "EMP_BNFT_CST_OPRT": -58.28,
        "PMT_CMS_OPRT": 0.0,
        "SHOP_RNT_OPRT": 0.0,
        "EVNT_CST_OPRT": 0.0,
        "TAX_CST_OPRT": 0.0,
        "DEPRC_CST_OPRT": -0.28,
        "ETC_CST_OPRT": -0.17
      },
      {
        "PST_YYYYMM": "202405",
        "BRD_CD": "W",
        "MGMT_CHNL_NM": "(EC)대리상",
        "SALE_AMT": -59224.189999999995,
        "SALE_AMT_VAT": 1938.9380530973453,
        "AD_CST_OPRT": -4388.32,
        "SLRY_CSY_OPRT": -501428.1,
        "EMP_BNFT_CST_OPRT": -139951.8,
        "PMT_CMS_OPRT": -0.49,
        "SHOP_RNT_OPRT": 0.0,
        "EVNT_CST_OPRT": 0.0,
        "TAX_CST_OPRT": 0.0,
        "DEPRC_CST_OPRT": -11.82,
        "ETC_CST_OPRT": -73.5
      },
      {
        "PST_YYYYMM": "202405",
        "BRD_CD": "W",
        "MGMT_CHNL_NM": "(EC)티몰",
        "SALE_AMT": 56741.01,
        "SALE_AMT_VAT": 50213.283185840715,
        "AD_CST_OPRT": 4205.58,
        "SLRY_CSY_OPRT": 480403.48,
        "EMP_BNFT_CST_OPRT": 134091.1,
        "PMT_CMS_OPRT": 5.11,
        "SHOP_RNT_OPRT": 0.0,
        "EVNT_CST_OPRT": 0.0,
        "TAX_CST_OPRT": 0.0,
        "DEPRC_CST_OPRT": 32.16,
        "ETC_CST_OPRT": 84.52
      },
      {
        "PST_YYYYMM": "202405",
        "BRD_CD": "W",
        "MGMT_CHNL_NM": "(OFF)쇼핑몰",
        "SALE_AMT": 321756.0,
        "SALE_AMT_VAT": 284739.82300884963,
        "AD_CST_OPRT": 23841.04,
        "SLRY_CSY_OPRT": 50861.68,
        "EMP_BNFT_CST_OPRT": 13023.03,
        "PMT_CMS_OPRT": 20219.35,
        "SHOP_RNT_OPRT": 0.0,
        "EVNT_CST_OPRT": 0.0,
        "TAX_CST_OPRT": 0.0,
        "DEPRC_CST_OPRT": 272.57,
        "ETC_CST_OPRT": 683.87
      },
      {
        "PST_YYYYMM": "202503",
        "BRD_CD": "W",
        "MGMT_CHNL_NM": "(OFF)쇼핑몰",
        "SALE_AMT": 183857.0,
        "SALE_AMT_VAT": 162705.30973451328,
        "AD_CST_OPRT": 0.0,
        "SLRY_CSY_OPRT": -405619.98,
        "EMP_BNFT_CST_OPRT": 72.96,
        "PMT_CMS_OPRT": 0.46,
        "SHOP_RNT_OPRT": 0.0,
        "EVNT_CST_OPRT": 0.0,
        "TAX_CST_OPRT": 0.0,
        "DEPRC_CST_OPRT": 0.04,
        "ETC_CST_OPRT": 10.37
      },
      {
        "PST_YYYYMM": "202410",
        "BRD_CD": "W",
        "MGMT_CHNL_NM": "(OFF)대리상",
        "SALE_AMT": -807671.81,
        "SALE_AMT_VAT": 345745.8407079646,
        "AD_CST_OPRT": -494755.22,
        "SLRY_CSY_OPRT": -1563371.33,
        "EMP_BNFT_CST_OPRT": -373282.94,
        "PMT_CMS_OPRT": -785048.03,
        "SHOP_RNT_OPRT": 0.0,
        "EVNT_CST_OPRT": 0.0,
        "TAX_CST_OPRT": 0.0,
        "DEPRC_CST_OPRT": -28776.71,
        "ETC_CST_OPRT": -11913.34
      },
      {
        "PST_YYYYMM": "202504",
        "BRD_CD": "W",
        "MGMT_CHNL_NM": "(OFF)쇼핑몰",
        "SALE_AMT": 97931.0,
        "SALE_AMT_VAT": 86664.60176991152,
        "AD_CST_OPRT": 0.0,
        "SLRY_CSY_OPRT": 205.64,
        "EMP_BNFT_CST_OPRT": 54.77,
        "PMT_CMS_OPRT": 0.35,
        "SHOP_RNT_OPRT": 0.0,
        "EVNT_CST_OPRT": 0.0,
        "TAX_CST_OPRT": 0.0,
        "DEPRC_CST_OPRT": 0.03,
        "ETC_CST_OPRT": 98.03
      },
      {
        "PST_YYYYMM": "202410",
        "BRD_CD": "W",
        "MGMT_CHNL_NM": "(EC)할인몰",
        "SALE_AMT": 2173.0,
        "SALE_AMT_VAT": 1923.0088495575224,
        "AD_CST_OPRT": 1331.11,
        "SLRY_CSY_OPRT": 2423.19,
        "EMP_BNFT_CST_OPRT": 601.41,
        "PMT_CMS_OPRT": 0.01,
        "SHOP_RNT_OPRT": 0.0,
        "EVNT_CST_OPRT": 0.0,
        "TAX_CST_OPRT": 0.0,
        "DEPRC_CST_OPRT": 3.47,
        "ETC_CST_OPRT": 0.25
      },
      {
        "PST_YYYYMM": "202409",
        "BRD_CD": "W",
        "MGMT_CHNL_NM": "(EC)티몰",
        "SALE_AMT": 16167.85,
        "SALE_AMT_VAT": 14307.831858407082,
        "AD_CST_OPRT": -8517.0,
        "SLRY_CSY_OPRT": -3028.82,
        "EMP_BNFT_CST_OPRT": -793.43,
        "PMT_CMS_OPRT": 0.01,
        "SHOP_RNT_OPRT": 0.0,
        "EVNT_CST_OPRT": 0.0,
        "TAX_CST_OPRT": 0.0,
        "DEPRC_CST_OPRT": -4.67,
        "ETC_CST_OPRT": -8.65
      },
      {
        "PST_YYYYMM": "202407",
        "BRD_CD": "W",
        "MGMT_CHNL_NM": "(EC)할인몰",
        "SALE_AMT": 2326.5,
        "SALE_AMT_VAT": 2058.849557522124,
        "AD_CST_OPRT": 0.0,
        "SLRY_CSY_OPRT": 2112.82,
        "EMP_BNFT_CST_OPRT": 578.85,
        "PMT_CMS_OPRT": 0.01,
        "SHOP_RNT_OPRT": 0.0,
        "EVNT_CST_OPRT": 0.0,
        "TAX_CST_OPRT": 0.0,
        "DEPRC_CST_OPRT": -0.42,
        "ETC_CST_OPRT": -12.63
      },
      {
        "PST_YYYYMM": "202404",
        "BRD_CD": "W",
        "MGMT_CHNL_NM": "(EC)티몰",
        "SALE_AMT": 36897.0,
        "SALE_AMT_VAT": 32652.212389380533,
        "AD_CST_OPRT": -66600.08,
        "SLRY_CSY_OPRT": -244007.67,
        "EMP_BNFT_CST_OPRT": -66336.96,
        "PMT_CMS_OPRT": 0.19,
        "SHOP_RNT_OPRT": 0.0,
        "EVNT_CST_OPRT": 0.0,
        "TAX_CST_OPRT": 0.0,
        "DEPRC_CST_OPRT": -17.59,
        "ETC_CST_OPRT": -499.03
      },
      {
        "PST_YYYYMM": "202404",
        "BRD_CD": "W",
        "MGMT_CHNL_NM": "(OFF)대리상",
        "SALE_AMT": -757910.7699999999,
        "SALE_AMT_VAT": 776654.9292035399,
        "AD_CST_OPRT": 1368056.45,
        "SLRY_CSY_OPRT": 291300.5,
        "EMP_BNFT_CST_OPRT": 75806.14,
        "PMT_CMS_OPRT": 281674.58,
        "SHOP_RNT_OPRT": 0.0,
        "EVNT_CST_OPRT": 0.0,
        "TAX_CST_OPRT": 0.0,
        "DEPRC_CST_OPRT": 1625.15,
        "ETC_CST_OPRT": 10192.62
      },
      {
        "PST_YYYYMM": "202409",
        "BRD_CD": "W",
        "MGMT_CHNL_NM": "(EC)할인몰",
        "SALE_AMT": 369.0,
        "SALE_AMT_VAT": 326.5486725663717,
        "AD_CST_OPRT": -194.38,
        "SLRY_CSY_OPRT": -69.13,
        "EMP_BNFT_CST_OPRT": -18.1,
        "PMT_CMS_OPRT": 0.0,
        "SHOP_RNT_OPRT": 0.0,
        "EVNT_CST_OPRT": 0.0,
        "TAX_CST_OPRT": 0.0,
        "DEPRC_CST_OPRT": -0.11,
        "ETC_CST_OPRT": -0.19
      },
      {
        "PST_YYYYMM": "202504",
        "BRD_CD": "W",
        "MGMT_CHNL_NM": "(EC)대리상",
        "SALE_AMT": -190106.4,
        "SALE_AMT_VAT": 0.0,
        "AD_CST_OPRT": 0.0,
        "SLRY_CSY_OPRT": -399.28,
        "EMP_BNFT_CST_OPRT": -106.56,
        "PMT_CMS_OPRT": -1.07,
        "SHOP_RNT_OPRT": 0.0,
        "EVNT_CST_OPRT": 0.0,
        "TAX_CST_OPRT": 0.0,
        "DEPRC_CST_OPRT": -0.47,
        "ETC_CST_OPRT": -20.45
      },
      {
        "PST_YYYYMM": "202504",
        "BRD_CD": "W",
        "MGMT_CHNL_NM": "(OFF)아울렛",
        "SALE_AMT": 58129.0,
        "SALE_AMT_VAT": 51441.592920353985,
        "AD_CST_OPRT": 0.0,
        "SLRY_CSY_OPRT": 122.04,
        "EMP_BNFT_CST_OPRT": 32.51,
        "PMT_CMS_OPRT": 0.17,
        "SHOP_RNT_OPRT": 0.0,
        "EVNT_CST_OPRT": 0.0,
        "TAX_CST_OPRT": 0.0,
        "DEPRC_CST_OPRT": 0.0,
        "ETC_CST_OPRT": 58.22
      },
      {
        "PST_YYYYMM": "202504",
        "BRD_CD": "W",
        "MGMT_CHNL_NM": "(EC)할인몰",
        "SALE_AMT": 244845.3,
        "SALE_AMT_VAT": 216677.25663716815,
        "AD_CST_OPRT": 0.0,
        "SLRY_CSY_OPRT": 480.57,
        "EMP_BNFT_CST_OPRT": 127.97,
        "PMT_CMS_OPRT": 0.95,
        "SHOP_RNT_OPRT": 0.0,
        "EVNT_CST_OPRT": 0.0,
        "TAX_CST_OPRT": 0.0,
        "DEPRC_CST_OPRT": 0.18,
        "ETC_CST_OPRT": 24.02
      },
      {
        "PST_YYYYMM": "202412",
        "BRD_CD": "W",
        "MGMT_CHNL_NM": "(EC)티몰",
        "SALE_AMT": 165824.46,
        "SALE_AMT_VAT": 146747.30973451328,
        "AD_CST_OPRT": 1.12,
        "SLRY_CSY_OPRT": 13576.85,
        "EMP_BNFT_CST_OPRT": 2988.62,
        "PMT_CMS_OPRT": 0.6,
        "SHOP_RNT_OPRT": 0.0,
        "EVNT_CST_OPRT": 0.0,
        "TAX_CST_OPRT": 0.0,
        "DEPRC_CST_OPRT": 25.27,
        "ETC_CST_OPRT": 14.12
      }
    ],
    "total_records_count": 71
  }
}