{
  "country": "CN",
  "brand_cd": "V",
  "brand_name": "DUVETICA",
  "yyyymm": "202508",
  "yyyymm_py": "202408",
  "key": "월별아이템별재고추세",
  "analysis_data": {
    "title": "월별 아이템별 재고 추세 분석",
    "sections": [
      {
        "div": "종합분석-1",
        "sub_title": "조기경보",
        "ai_text": "⚠️ **24SF 의류 재고 과다 우려**\n- 총 재고액: 1,019,945k (전체 재고의 56.3%)\n- 8월 재고: 141,055k로 여전히 과다 보유\n- 1-8월 감소율: -7.8%로 감소 속도 둔화\n- 시즌 상품 특성상 장기 보유 시 손실 위험 증대\n\n⚠️ **과시즌 의류 회전율 저하**\n- 총 재고액: 590,095k (전체 재고의 32.6%)\n- 과시즌 상품임에도 82,727k 잔존 (8월 기준)\n- 감소율 -5.5%로 처리 속도 미흡\n- 장기 재고화로 인한 자금 회전율 악화\n\n⚠️ **2월 재고 급감 현상 분석 필요**\n- 모든 아이템에서 2월 재고가 급격히 감소\n- 전월 대비 97% 이상 감소 (시스템 오류 또는 재고 이관 가능성)\n- 재고 데이터 정확성 검증 필요"
      },
      {
        "div": "종합분석-2",
        "sub_title": "긍정신호",
        "ai_text": "✅ **소규모 아이템 안정적 관리**\n- 모자: 총 재고 9,897k, 월 평균 1,387k로 적정 수준 유지\n- 가방: 총 재고 34,198k, 감소율 -3.8%로 안정적 처리\n- 기타: 총 재고 9,148k, 감소율 -2.4%로 최소 손실\n\n✅ **전체 재고 감소 추세**\n- 1월 270,769k → 8월 252,533k (7.7% 감소)\n- 3월 이후 지속적인 감소 패턴 유지\n- 월평균 감소율 약 1.1%로 꾸준한 개선\n\n✅ **신발 카테고리 효율적 관리**\n- 총 재고 153,869k 중 적정 수준 유지\n- 1-8월 감소율 -5.5%로 양호한 회전율\n- 21,292k 수준으로 안정화"
      },
      {
        "div": "종합분석-3",
        "sub_title": "핵심액션",
        "ai_text": "🎯 **즉시 실행 액션**\n- 24SF 의류 긴급 처리: 할인 판매, 아울렛 이관, B2B 대량 처리 검토\n- 과시즌 의류 82,727k 조기 청산: 30% 이상 할인 판매 또는 폐기 결정\n- 2월 재고 데이터 검증: 시스템 점검 및 재고 실사 실시\n\n🎯 **중기 개선 방안**\n- 의류 카테고리 발주량 조정: 전년 대비 20% 축소 발주\n- 시즌 상품 조기 할인 정책 수립: 시즌 종료 1개월 전 할인 시작\n- 재고 회전일수 목표 설정: 의류 90일, 액세서리 120일 이내\n\n🎯 **모니터링 체계**\n- 주간 재고 현황 리포트: 의류 카테고리 집중 모니터링\n- 월별 재고 회전율 KPI 설정: 목표 대비 달성률 추적\n- 시즌별 재고 처리 계획 수립: 사전 예방적 재고 관리"
      }
    ]
  },
  "summary": {
    "total_stock": 1817151.0,
    "unique_months": 8,
    "unique_items": 6,
    "analysis_period": "2025년 01월 ~ 2025년 12월"
  },
  "monthly_totals": {
    "202501": 270769.0,
    "202502": 6545.0,
    "202503": 264360.0,
    "202504": 258167.0,
    "202505": 256259.0,
    "202506": 255293.0,
    "202507": 253225.0,
    "202508": 252533.0
  },
  "item_stock_data": {
    "과시즌 의류": {
      "total_stock": 590095.0,
      "months": {
        "202501": 87564.0,
        "202502": 927.0,
        "202503": 85051.0,
        "202504": 83931.0,
        "202505": 83519.0,
        "202506": 83371.0,
        "202507": 83006.0,
        "202508": 82727.0
      }
    },
    "24SF 의류": {
      "total_stock": 1019945.0,
      "months": {
        "202501": 152924.0,
        "202502": 3937.0,
        "202503": 149257.0,
        "202504": 144925.0,
        "202505": 143577.0,
        "202506": 142832.0,
        "202507": 141438.0,
        "202508": 141055.0
      }
    },
    "모자": {
      "total_stock": 9897.0,
      "months": {
        "202501": 1436.0,
        "202502": 123.0,
        "202503": 1411.0,
        "202504": 1400.0,
        "202505": 1394.0,
        "202506": 1379.0,
        "202507": 1377.0,
        "202508": 1377.0
      }
    },
    "신발": {
      "total_stock": 153869.0,
      "months": {
        "202501": 22543.0,
        "202502": 1312.0,
        "202503": 22435.0,
        "202504": 21737.0,
        "202505": 21633.0,
        "202506": 21607.0,
        "202507": 21311.0,
        "202508": 21292.0
      }
    },
    "가방": {
      "total_stock": 34198.0,
      "months": {
        "202501": 4980.0,
        "202502": 203.0,
        "202503": 4902.0,
        "202504": 4875.0,
        "202505": 4840.0,
        "202506": 4808.0,
        "202507": 4799.0,
        "202508": 4791.0
      }
    },
    "기타": {
      "total_stock": 9148.0,
      "months": {
        "202501": 1323.0,
        "202502": 43.0,
        "202503": 1304.0,
        "202504": 1299.0,
        "202505": 1297.0,
        "202506": 1296.0,
        "202507": 1294.0,
        "202508": 1292.0
      }
    }
  },
  "stock_trends": {
    "과시즌 의류": {
      "change_pct": -5.5,
      "first_month": "202501",
      "last_month": "202508",
      "first_stock": 87564.0,
      "last_stock": 82727.0,
      "max_stock": 87564.0,
      "min_stock": 927.0,
      "max_month": "202501",
      "min_month": "202502"
    },
    "24SF 의류": {
      "change_pct": -7.8,
      "first_month": "202501",
      "last_month": "202508",
      "first_stock": 152924.0,
      "last_stock": 141055.0,
      "max_stock": 152924.0,
      "min_stock": 3937.0,
      "max_month": "202501",
      "min_month": "202502"
    },
    "모자": {
      "change_pct": -4.1,
      "first_month": "202501",
      "last_month": "202508",
      "first_stock": 1436.0,
      "last_stock": 1377.0,
      "max_stock": 1436.0,
      "min_stock": 123.0,
      "max_month": "202501",
      "min_month": "202502"
    },
    "신발": {
      "change_pct": -5.5,
      "first_month": "202501",
      "last_month": "202508",
      "first_stock": 22543.0,
      "last_stock": 21292.0,
      "max_stock": 22543.0,
      "min_stock": 1312.0,
      "max_month": "202501",
      "min_month": "202502"
    },
    "가방": {
      "change_pct": -3.8,
      "first_month": "202501",
      "last_month": "202508",
      "first_stock": 4980.0,
      "last_stock": 4791.0,
      "max_stock": 4980.0,
      "min_stock": 203.0,
      "max_month": "202501",
      "min_month": "202502"
    },
    "기타": {
      "change_pct": -2.4,
      "first_month": "202501",
      "last_month": "202508",
      "first_stock": 1323.0,
      "last_stock": 1292.0,
      "max_stock": 1323.0,
      "min_stock": 43.0,
      "max_month": "202501",
      "min_month": "202502"
    }
  },
  "raw_data": {
    "sample_records": [
      {
        "YYYYMM": "202501",
        "BRD_CD": "V",
        "ITEM_STD": "과시즌 의류",
        "STOCK_TAG_AMT_EXPECTED": 87563590.0
      },
      {
        "YYYYMM": "202501",
        "BRD_CD": "V",
        "ITEM_STD": "24SF 의류",
        "STOCK_TAG_AMT_EXPECTED": 152923700.0
      },
      {
        "YYYYMM": "202501",
        "BRD_CD": "V",
        "ITEM_STD": "모자",
        "STOCK_TAG_AMT_EXPECTED": 1435750.0
      },
      {
        "YYYYMM": "202501",
        "BRD_CD": "V",
        "ITEM_STD": "신발",
        "STOCK_TAG_AMT_EXPECTED": 22542610.0
      },
      {
        "YYYYMM": "202501",
        "BRD_CD": "V",
        "ITEM_STD": "가방",
        "STOCK_TAG_AMT_EXPECTED": 4980020.0
      },
      {
        "YYYYMM": "202501",
        "BRD_CD": "V",
        "ITEM_STD": "기타",
        "STOCK_TAG_AMT_EXPECTED": 1322990.0
      },
      {
        "YYYYMM": "202502",
        "BRD_CD": "V",
        "ITEM_STD": "모자",
        "STOCK_TAG_AMT_EXPECTED": 122990.0
      },
      {
        "YYYYMM": "202502",
        "BRD_CD": "V",
        "ITEM_STD": "신발",
        "STOCK_TAG_AMT_EXPECTED": 1312140.0
      },
      {
        "YYYYMM": "202502",
        "BRD_CD": "V",
        "ITEM_STD": "가방",
        "STOCK_TAG_AMT_EXPECTED": 203430.0
      },
      {
        "YYYYMM": "202502",
        "BRD_CD": "V",
        "ITEM_STD": "과시즌 의류",
        "STOCK_TAG_AMT_EXPECTED": 927090.0
      },
      {
        "YYYYMM": "202502",
        "BRD_CD": "V",
        "ITEM_STD": "기타",
        "STOCK_TAG_AMT_EXPECTED": 42930.0
      },
      {
        "YYYYMM": "202502",
        "BRD_CD": "V",
        "ITEM_STD": "24SF 의류",
        "STOCK_TAG_AMT_EXPECTED": 3936600.0
      },
      {
        "YYYYMM": "202503",
        "BRD_CD": "V",
        "ITEM_STD": "24SF 의류",
        "STOCK_TAG_AMT_EXPECTED": 149257100.0
      },
      {
        "YYYYMM": "202503",
        "BRD_CD": "V",
        "ITEM_STD": "가방",
        "STOCK_TAG_AMT_EXPECTED": 4901830.0
      },
      {
        "YYYYMM": "202503",
        "BRD_CD": "V",
        "ITEM_STD": "기타",
        "STOCK_TAG_AMT_EXPECTED": 1304050.0
      },
      {
        "YYYYMM": "202503",
        "BRD_CD": "V",
        "ITEM_STD": "과시즌 의류",
        "STOCK_TAG_AMT_EXPECTED": 85050610.0
      },
      {
        "YYYYMM": "202503",
        "BRD_CD": "V",
        "ITEM_STD": "신발",
        "STOCK_TAG_AMT_EXPECTED": 22435350.0
      },
      {
        "YYYYMM": "202503",
        "BRD_CD": "V",
        "ITEM_STD": "모자",
        "STOCK_TAG_AMT_EXPECTED": 1411310.0
      },
      {
        "YYYYMM": "202504",
        "BRD_CD": "V",
        "ITEM_STD": "24SF 의류",
        "STOCK_TAG_AMT_EXPECTED": 144925400.0
      },
      {
        "YYYYMM": "202504",
        "BRD_CD": "V",
        "ITEM_STD": "신발",
        "STOCK_TAG_AMT_EXPECTED": 21736710.0
      },
      {
        "YYYYMM": "202504",
        "BRD_CD": "V",
        "ITEM_STD": "모자",
        "STOCK_TAG_AMT_EXPECTED": 1400160.0
      },
      {
        "YYYYMM": "202504",
        "BRD_CD": "V",
        "ITEM_STD": "과시즌 의류",
        "STOCK_TAG_AMT_EXPECTED": 83930890.0
      },
      {
        "YYYYMM": "202504",
        "BRD_CD": "V",
        "ITEM_STD": "기타",
        "STOCK_TAG_AMT_EXPECTED": 1299410.0
      },
      {
        "YYYYMM": "202504",
        "BRD_CD": "V",
        "ITEM_STD": "가방",
        "STOCK_TAG_AMT_EXPECTED": 4874730.0
      },
      {
        "YYYYMM": "202505",
        "BRD_CD": "V",
        "ITEM_STD": "24SF 의류",
        "STOCK_TAG_AMT_EXPECTED": 143576700.0
      },
      {
        "YYYYMM": "202505",
        "BRD_CD": "V",
        "ITEM_STD": "기타",
        "STOCK_TAG_AMT_EXPECTED": 1297320.0
      },
      {
        "YYYYMM": "202505",
        "BRD_CD": "V",
        "ITEM_STD": "가방",
        "STOCK_TAG_AMT_EXPECTED": 4839530.0
      },
      {
        "YYYYMM": "202505",
        "BRD_CD": "V",
        "ITEM_STD": "모자",
        "STOCK_TAG_AMT_EXPECTED": 1393670.0
      },
      {
        "YYYYMM": "202505",
        "BRD_CD": "V",
        "ITEM_STD": "신발",
        "STOCK_TAG_AMT_EXPECTED": 21632830.0
      },
      {
        "YYYYMM": "202505",
        "BRD_CD": "V",
        "ITEM_STD": "과시즌 의류",
        "STOCK_TAG_AMT_EXPECTED": 83518730.0
      },
      {
        "YYYYMM": "202506",
        "BRD_CD": "V",
        "ITEM_STD": "신발",
        "STOCK_TAG_AMT_EXPECTED": 21606510.0
      },
      {
        "YYYYMM": "202506",
        "BRD_CD": "V",
        "ITEM_STD": "모자",
        "STOCK_TAG_AMT_EXPECTED": 1379330.0
      },
      {
        "YYYYMM": "202506",
        "BRD_CD": "V",
        "ITEM_STD": "과시즌 의류",
        "STOCK_TAG_AMT_EXPECTED": 83371290.0
      },
      {
        "YYYYMM": "202506",
        "BRD_CD": "V",
        "ITEM_STD": "24SF 의류",
        "STOCK_TAG_AMT_EXPECTED": 142832200.0
      },
      {
        "YYYYMM": "202506",
        "BRD_CD": "V",
        "ITEM_STD": "기타",
        "STOCK_TAG_AMT_EXPECTED": 1296170.0
      },
      {
        "YYYYMM": "202506",
        "BRD_CD": "V",
        "ITEM_STD": "가방",
        "STOCK_TAG_AMT_EXPECTED": 4807930.0
      },
      {
        "YYYYMM": "202507",
        "BRD_CD": "V",
        "ITEM_STD": "기타",
        "STOCK_TAG_AMT_EXPECTED": 1293690.0
      },
      {
        "YYYYMM": "202507",
        "BRD_CD": "V",
        "ITEM_STD": "24SF 의류",
        "STOCK_TAG_AMT_EXPECTED": 141438100.0
      },
      {
        "YYYYMM": "202507",
        "BRD_CD": "V",
        "ITEM_STD": "모자",
        "STOCK_TAG_AMT_EXPECTED": 1377130.0
      },
      {
        "YYYYMM": "202507",
        "BRD_CD": "V",
        "ITEM_STD": "과시즌 의류",
        "STOCK_TAG_AMT_EXPECTED": 83005970.0
      },
      {
        "YYYYMM": "202507",
        "BRD_CD": "V",
        "ITEM_STD": "신발",
        "STOCK_TAG_AMT_EXPECTED": 21310740.0
      },
      {
        "YYYYMM": "202507",
        "BRD_CD": "V",
        "ITEM_STD": "가방",
        "STOCK_TAG_AMT_EXPECTED": 4799230.0
      },
      {
        "YYYYMM": "202508",
        "BRD_CD": "V",
        "ITEM_STD": "신발",
        "STOCK_TAG_AMT_EXPECTED": 21291690.0
      },
      {
        "YYYYMM": "202508",
        "BRD_CD": "V",
        "ITEM_STD": "24SF 의류",
        "STOCK_TAG_AMT_EXPECTED": 141055400.0
      },
      {
        "YYYYMM": "202508",
        "BRD_CD": "V",
        "ITEM_STD": "과시즌 의류",
        "STOCK_TAG_AMT_EXPECTED": 82726570.0
      },
      {
        "YYYYMM": "202508",
        "BRD_CD": "V",
        "ITEM_STD": "가방",
        "STOCK_TAG_AMT_EXPECTED": 4791130.0
      },
      {
        "YYYYMM": "202508",
        "BRD_CD": "V",
        "ITEM_STD": "기타",
        "STOCK_TAG_AMT_EXPECTED": 1291550.0
      },
      {
        "YYYYMM": "202508",
        "BRD_CD": "V",
        "ITEM_STD": "모자",
        "STOCK_TAG_AMT_EXPECTED": 1376630.0
      }
    ],
    "total_records_count": 48
  }
}