{
  "country": "CN",
  "brand_cd": "X",
  "brand_name": "DISCOVERY",
  "yyyymm": "202508",
  "yyyymm_py": "202408",
  "key": "리테일",
  "sub_key": "채널별TOP3분석",
  "analysis_data": {
    "title": "채널별 매출 top3 분석 (당해 전년 주요변화)",
    "sections": [
      {
        "div": "(EC)티몰",
        "sub_title": "(EC)티몰 전년대비 주요 변화",
        "ai_text": "• 방풍자켓: 1,399k로 압도적 1위, 전체 매출의 49.8% 차지하며 시즌 핵심 아이템으로 부상\n• 맨투맨: 293k로 2위, 가을 시즌 진입과 함께 기본 아이템 수요 급증\n• 팬츠: 238k로 3위, 하의 카테고리 중 압도적 선호도를 보이며 안정적 매출 기여\n\n⚠️ 방풍자켓이 전체 매출의 절반을 차지하는 쏠림 현상 발생, 제품 포트폴리오 다양화 필요\n✅ 기본 아이템(맨투맨, 팬츠)의 꾸준한 매출로 안정적 수익 구조 확보"
      },
      {
        "div": "(EC)틱톡/JD",
        "sub_title": "(EC)틱톡/JD 전년대비 주요 변화",
        "ai_text": "• 방풍자켓: 118k로 1위, 신규 플랫폼에서도 시즌 아이템 강세 확인\n• 긴팔티셔츠: 24k로 2위, 가을 시즌 기본 아이템으로 안정적 매출\n• 맨투맨: 18k로 3위, 젊은 소비층 타겟 플랫폼 특성에 맞는 캐주얼 아이템 선호\n\n⚠️ 티몰 대비 상대적으로 낮은 매출 규모, 플랫폼별 차별화된 마케팅 전략 필요\n✅ 신규 플랫폼에서도 핵심 아이템들의 일관된 성과로 브랜드 확장성 확인"
      },
      {
        "div": "(OFF)대리상",
        "sub_title": "(OFF)대리상 전년대비 주요 변화",
        "ai_text": "• 방풍자켓: 1,016k로 압도적 1위, 오프라인 채널에서도 시즌 핵심 아이템 확인\n• 팬츠: 418k로 2위, 기본 하의 아이템으로 꾸준한 수요 유지\n• 반팔티셔츠: 326k로 3위, 여름 시즌 연장 효과로 지속적 매출 발생\n\n✅ 오프라인 채널 최대 매출 규모로 전통적 유통망의 중요성 재확인\n⚠️ 계절 아이템 의존도가 높아 시즌 오프 대비 전략 수립 필요"
      },
      {
        "div": "(OFF)쇼핑몰",
        "sub_title": "(OFF)쇼핑몰 전년대비 주요 변화",
        "ai_text": "• 방풍자켓: 354k로 1위, 모든 채널에서 일관된 시즌 아이템 강세\n• 반팔티셔츠: 115k로 2위, 여름-가을 시즌 전환기 지속 매출\n• 트레이닝(상의): 83k로 3위, 운동복 카테고리의 꾸준한 선호도 확인\n\n✅ 중간 규모 매출로 안정적 채널 역할 수행, 브랜드 접근성 확대에 기여\n⚠️ 대리상 대비 상대적으로 낮은 매출, 쇼핑몰 채널 특화 전략 개발 필요"
      },
      {
        "div": "종합분석-1",
        "sub_title": "최고 성과 채널",
        "ai_text": "(OFF)대리상이 3,129k의 매출로 전체 44.6%를 차지하며 최고 성과 채널로 확인됩니다.\n(EC)티몰이 2,736k(39.0%), (OFF)쇼핑몰이 1,156k(16.5%)로 상위 3개 채널이 전체 매출의 100%를 견인하고 있습니다."
      },
      {
        "div": "종합분석-2",
        "sub_title": "개선 필요 채널",
        "ai_text": "(EC)틱톡/JD 채널은 217k로 전체 매출의 3.1%에 불과해 성장 잠재력 대비 저조한 성과를 보이고 있습니다.\nEC 채널 전체(티몰+틱톡/JD)가 42.1%로 오프라인 60.9% 대비 낮아 디지털 채널 강화가 필요한 상황입니다."
      },
      {
        "div": "종합분석-3",
        "sub_title": "핵심 제안",
        "ai_text": "대리상 채널의 안정적 성과 기반으로 오프라인 확장을 추진하되, 틱톡/JD 등 신규 EC 채널 집중 투자가 시급합니다.\n방풍자켓(27.7%), 팬츠(11.1%), 맨투맨(6.5%) 등 주력 아이템 중심으로 채널별 차별화 전략 수립을 권장합니다."
      }
    ]
  },
  "summary": {
    "total_sales": 7.02,
    "total_sales_cy": 7.02,
    "total_sales_py": 0.0,
    "change_pct": 0,
    "unique_channels": 4,
    "unique_items": 36,
    "unique_months": 1,
    "analysis_period": "2024년 8월 vs 2025년 8월"
  },
  "channel_summary": {
    "(EC)티몰": {
      "total_sales": 2.54,
      "months": {
        "202508": 2542372.349999999
      },
      "top_items": [
        {
          "item_nm": "방풍자켓",
          "total_sales": 1.4
        },
        {
          "item_nm": "맨투맨",
          "total_sales": 0.29
        },
        {
          "item_nm": "팬츠",
          "total_sales": 0.24
        },
        {
          "item_nm": "긴팔티셔츠",
          "total_sales": 0.13
        },
        {
          "item_nm": "반팔티셔츠",
          "total_sales": 0.08
        }
      ]
    },
    "(EC)틱톡/JD": {
      "total_sales": 0.22,
      "months": {
        "202508": 218546.01000000007
      },
      "top_items": [
        {
          "item_nm": "방풍자켓",
          "total_sales": 0.12
        },
        {
          "item_nm": "긴팔티셔츠",
          "total_sales": 0.02
        },
        {
          "item_nm": "맨투맨",
          "total_sales": 0.02
        },
        {
          "item_nm": "반팔티셔츠",
          "total_sales": 0.01
        },
        {
          "item_nm": "신발",
          "total_sales": 0.01
        }
      ]
    },
    "(OFF)대리상": {
      "total_sales": 3.18,
      "months": {
        "202508": 3179484.0
      },
      "top_items": [
        {
          "item_nm": "방풍자켓",
          "total_sales": 1.02
        },
        {
          "item_nm": "팬츠",
          "total_sales": 0.42
        },
        {
          "item_nm": "반팔티셔츠",
          "total_sales": 0.33
        },
        {
          "item_nm": "트레이닝(상의)",
          "total_sales": 0.23
        },
        {
          "item_nm": "운동모",
          "total_sales": 0.22
        }
      ]
    },
    "(OFF)쇼핑몰": {
      "total_sales": 1.08,
      "months": {
        "202508": 1080244.0
      },
      "top_items": [
        {
          "item_nm": "방풍자켓",
          "total_sales": 0.35
        },
        {
          "item_nm": "팬츠",
          "total_sales": 0.12
        },
        {
          "item_nm": "반팔티셔츠",
          "total_sales": 0.11
        },
        {
          "item_nm": "트레이닝(상의)",
          "total_sales": 0.08
        },
        {
          "item_nm": "운동모",
          "total_sales": 0.08
        }
      ]
    }
  },
  "channel_summary_overall": {
    "(EC)티몰": {
      "current_sales": 2.54,
      "previous_sales": 0.0,
      "all_items": [
        {
          "item_nm": "방풍자켓",
          "total_sales": 1.4
        },
        {
          "item_nm": "맨투맨",
          "total_sales": 0.29
        },
        {
          "item_nm": "팬츠",
          "total_sales": 0.24
        },
        {
          "item_nm": "긴팔티셔츠",
          "total_sales": 0.13
        },
        {
          "item_nm": "반팔티셔츠",
          "total_sales": 0.08
        },
        {
          "item_nm": "신발",
          "total_sales": 0.07
        },
        {
          "item_nm": "트레이닝(상의)",
          "total_sales": 0.05
        },
        {
          "item_nm": "다운점퍼",
          "total_sales": 0.05
        },
        {
          "item_nm": "트레이닝(하의)",
          "total_sales": 0.04
        },
        {
          "item_nm": "소프트쉘",
          "total_sales": 0.03
        },
        {
          "item_nm": "운동모",
          "total_sales": 0.03
        },
        {
          "item_nm": "힙색",
          "total_sales": 0.02
        },
        {
          "item_nm": "백팩",
          "total_sales": 0.02
        },
        {
          "item_nm": "반팔카라티셔츠",
          "total_sales": 0.02
        },
        {
          "item_nm": "원피스",
          "total_sales": 0.02
        },
        {
          "item_nm": "스커트",
          "total_sales": 0.01
        },
        {
          "item_nm": "크로스백",
          "total_sales": 0.01
        },
        {
          "item_nm": "후드티",
          "total_sales": 0.01
        },
        {
          "item_nm": "반바지",
          "total_sales": 0.01
        },
        {
          "item_nm": "슬리퍼",
          "total_sales": 0.0
        },
        {
          "item_nm": "햇",
          "total_sales": 0.0
        },
        {
          "item_nm": "바디백",
          "total_sales": 0.0
        },
        {
          "item_nm": "트레이닝 숏팬츠",
          "total_sales": 0.0
        },
        {
          "item_nm": "비니",
          "total_sales": 0.0
        },
        {
          "item_nm": "브라",
          "total_sales": 0.0
        },
        {
          "item_nm": "레깅스",
          "total_sales": 0.0
        },
        {
          "item_nm": "스윔웨어",
          "total_sales": 0.0
        },
        {
          "item_nm": "집업티",
          "total_sales": 0.0
        },
        {
          "item_nm": "양말",
          "total_sales": 0.0
        },
        {
          "item_nm": "슬링백",
          "total_sales": 0.0
        },
        {
          "item_nm": "스윔웨어 하의",
          "total_sales": 0.0
        },
        {
          "item_nm": "긴팔카라티셔츠",
          "total_sales": 0.0
        },
        {
          "item_nm": "다운 스카프",
          "total_sales": 0.0
        },
        {
          "item_nm": "슬리브리스",
          "total_sales": 0.0
        },
        {
          "item_nm": "토시",
          "total_sales": 0.0
        },
        {
          "item_nm": "장갑",
          "total_sales": 0.0
        }
      ],
      "change_pct": 0
    },
    "(EC)틱톡/JD": {
      "current_sales": 0.22,
      "previous_sales": 0.0,
      "all_items": [
        {
          "item_nm": "방풍자켓",
          "total_sales": 0.12
        },
        {
          "item_nm": "긴팔티셔츠",
          "total_sales": 0.02
        },
        {
          "item_nm": "맨투맨",
          "total_sales": 0.02
        },
        {
          "item_nm": "반팔티셔츠",
          "total_sales": 0.01
        },
        {
          "item_nm": "신발",
          "total_sales": 0.01
        },
        {
          "item_nm": "팬츠",
          "total_sales": 0.01
        },
        {
          "item_nm": "운동모",
          "total_sales": 0.01
        },
        {
          "item_nm": "트레이닝(상의)",
          "total_sales": 0.01
        },
        {
          "item_nm": "반팔카라티셔츠",
          "total_sales": 0.0
        },
        {
          "item_nm": "원피스",
          "total_sales": 0.0
        },
        {
          "item_nm": "크로스백",
          "total_sales": 0.0
        },
        {
          "item_nm": "힙색",
          "total_sales": 0.0
        },
        {
          "item_nm": "트레이닝(하의)",
          "total_sales": 0.0
        },
        {
          "item_nm": "소프트쉘",
          "total_sales": 0.0
        },
        {
          "item_nm": "백팩",
          "total_sales": 0.0
        },
        {
          "item_nm": "바디백",
          "total_sales": 0.0
        },
        {
          "item_nm": "반바지",
          "total_sales": 0.0
        },
        {
          "item_nm": "햇",
          "total_sales": 0.0
        },
        {
          "item_nm": "비니",
          "total_sales": 0.0
        },
        {
          "item_nm": "브라",
          "total_sales": 0.0
        },
        {
          "item_nm": "토시",
          "total_sales": 0.0
        },
        {
          "item_nm": "양말",
          "total_sales": 0.0
        }
      ],
      "change_pct": 0
    },
    "(OFF)대리상": {
      "current_sales": 3.18,
      "previous_sales": 0.0,
      "all_items": [
        {
          "item_nm": "방풍자켓",
          "total_sales": 1.02
        },
        {
          "item_nm": "팬츠",
          "total_sales": 0.42
        },
        {
          "item_nm": "반팔티셔츠",
          "total_sales": 0.33
        },
        {
          "item_nm": "트레이닝(상의)",
          "total_sales": 0.23
        },
        {
          "item_nm": "운동모",
          "total_sales": 0.22
        },
        {
          "item_nm": "긴팔티셔츠",
          "total_sales": 0.18
        },
        {
          "item_nm": "신발",
          "total_sales": 0.16
        },
        {
          "item_nm": "반팔카라티셔츠",
          "total_sales": 0.12
        },
        {
          "item_nm": "맨투맨",
          "total_sales": 0.1
        },
        {
          "item_nm": "트레이닝(하의)",
          "total_sales": 0.08
        },
        {
          "item_nm": "반바지",
          "total_sales": 0.06
        },
        {
          "item_nm": "스커트",
          "total_sales": 0.04
        },
        {
          "item_nm": "트레이닝 숏팬츠",
          "total_sales": 0.04
        },
        {
          "item_nm": "소프트쉘",
          "total_sales": 0.03
        },
        {
          "item_nm": "힙색",
          "total_sales": 0.03
        },
        {
          "item_nm": "원피스",
          "total_sales": 0.03
        },
        {
          "item_nm": "백팩",
          "total_sales": 0.02
        },
        {
          "item_nm": "후드티",
          "total_sales": 0.02
        },
        {
          "item_nm": "크로스백",
          "total_sales": 0.02
        },
        {
          "item_nm": "집업티",
          "total_sales": 0.01
        },
        {
          "item_nm": "슬리퍼",
          "total_sales": 0.01
        },
        {
          "item_nm": "햇",
          "total_sales": 0.01
        },
        {
          "item_nm": "양말",
          "total_sales": 0.01
        },
        {
          "item_nm": "브라",
          "total_sales": 0.0
        },
        {
          "item_nm": "슬링백",
          "total_sales": 0.0
        },
        {
          "item_nm": "슬리브리스",
          "total_sales": 0.0
        },
        {
          "item_nm": "토시",
          "total_sales": 0.0
        },
        {
          "item_nm": "바디백",
          "total_sales": 0.0
        },
        {
          "item_nm": "스윔웨어 하의",
          "total_sales": 0.0
        },
        {
          "item_nm": "레깅스",
          "total_sales": 0.0
        }
      ],
      "change_pct": 0
    },
    "(OFF)쇼핑몰": {
      "current_sales": 1.08,
      "previous_sales": 0.0,
      "all_items": [
        {
          "item_nm": "방풍자켓",
          "total_sales": 0.35
        },
        {
          "item_nm": "팬츠",
          "total_sales": 0.12
        },
        {
          "item_nm": "반팔티셔츠",
          "total_sales": 0.11
        },
        {
          "item_nm": "트레이닝(상의)",
          "total_sales": 0.08
        },
        {
          "item_nm": "운동모",
          "total_sales": 0.08
        },
        {
          "item_nm": "긴팔티셔츠",
          "total_sales": 0.07
        },
        {
          "item_nm": "맨투맨",
          "total_sales": 0.05
        },
        {
          "item_nm": "트레이닝(하의)",
          "total_sales": 0.03
        },
        {
          "item_nm": "반팔카라티셔츠",
          "total_sales": 0.03
        },
        {
          "item_nm": "신발",
          "total_sales": 0.03
        },
        {
          "item_nm": "반바지",
          "total_sales": 0.02
        },
        {
          "item_nm": "스커트",
          "total_sales": 0.02
        },
        {
          "item_nm": "힙색",
          "total_sales": 0.02
        },
        {
          "item_nm": "트레이닝 숏팬츠",
          "total_sales": 0.01
        },
        {
          "item_nm": "햇",
          "total_sales": 0.01
        },
        {
          "item_nm": "후드티",
          "total_sales": 0.01
        },
        {
          "item_nm": "백팩",
          "total_sales": 0.01
        },
        {
          "item_nm": "크로스백",
          "total_sales": 0.01
        },
        {
          "item_nm": "원피스",
          "total_sales": 0.0
        },
        {
          "item_nm": "슬리퍼",
          "total_sales": 0.0
        },
        {
          "item_nm": "집업티",
          "total_sales": 0.0
        },
        {
          "item_nm": "소프트쉘",
          "total_sales": 0.0
        },
        {
          "item_nm": "바디백",
          "total_sales": 0.0
        },
        {
          "item_nm": "양말",
          "total_sales": 0.0
        },
        {
          "item_nm": "슬리브리스",
          "total_sales": 0.0
        },
        {
          "item_nm": "브라",
          "total_sales": 0.0
        },
        {
          "item_nm": "슬링백",
          "total_sales": 0.0
        },
        {
          "item_nm": "토시",
          "total_sales": 0.0
        }
      ],
      "change_pct": 0
    }
  },
  "raw_data": {
    "sample_records": [
      {
        "YYYYMM": "202508",
        "MGMT_CHNL_NM": "(EC)티몰",
        "ITEM_NM": "긴팔카라티셔츠",
        "SALE_AMT": 790.0
      },
      {
        "YYYYMM": "202508",
        "MGMT_CHNL_NM": "(EC)티몰",
        "ITEM_NM": "긴팔티셔츠",
        "SALE_AMT": 126293.55000000002
      },
      {
        "YYYYMM": "202508",
        "MGMT_CHNL_NM": "(EC)티몰",
        "ITEM_NM": "다운 스카프",
        "SALE_AMT": 749.86
      },
      {
        "YYYYMM": "202508",
        "MGMT_CHNL_NM": "(EC)티몰",
        "ITEM_NM": "다운점퍼",
        "SALE_AMT": 49459.81
      },
      {
        "YYYYMM": "202508",
        "MGMT_CHNL_NM": "(EC)티몰",
        "ITEM_NM": "레깅스",
        "SALE_AMT": 1941.23
      },
      {
        "YYYYMM": "202508",
        "MGMT_CHNL_NM": "(EC)티몰",
        "ITEM_NM": "맨투맨",
        "SALE_AMT": 292957.06
      },
      {
        "YYYYMM": "202508",
        "MGMT_CHNL_NM": "(EC)티몰",
        "ITEM_NM": "바디백",
        "SALE_AMT": 3661.0
      },
      {
        "YYYYMM": "202508",
        "MGMT_CHNL_NM": "(EC)티몰",
        "ITEM_NM": "반바지",
        "SALE_AMT": 5044.5
      },
      {
        "YYYYMM": "202508",
        "MGMT_CHNL_NM": "(EC)티몰",
        "ITEM_NM": "반팔카라티셔츠",
        "SALE_AMT": 16623.49
      },
      {
        "YYYYMM": "202508",
        "MGMT_CHNL_NM": "(EC)티몰",
        "ITEM_NM": "반팔티셔츠",
        "SALE_AMT": 79081.75000000001
      },
      {
        "YYYYMM": "202508",
        "MGMT_CHNL_NM": "(EC)티몰",
        "ITEM_NM": "방풍자켓",
        "SALE_AMT": 1399387.0899999996
      },
      {
        "YYYYMM": "202508",
        "MGMT_CHNL_NM": "(EC)티몰",
        "ITEM_NM": "백팩",
        "SALE_AMT": 20095.57
      },
      {
        "YYYYMM": "202508",
        "MGMT_CHNL_NM": "(EC)티몰",
        "ITEM_NM": "브라",
        "SALE_AMT": 2047.0
      },
      {
        "YYYYMM": "202508",
        "MGMT_CHNL_NM": "(EC)티몰",
        "ITEM_NM": "비니",
        "SALE_AMT": 2959.1600000000003
      },
      {
        "YYYYMM": "202508",
        "MGMT_CHNL_NM": "(EC)티몰",
        "ITEM_NM": "소프트쉘",
        "SALE_AMT": 28158.53
      },
      {
        "YYYYMM": "202508",
        "MGMT_CHNL_NM": "(EC)티몰",
        "ITEM_NM": "스윔웨어",
        "SALE_AMT": 1793.0
      },
      {
        "YYYYMM": "202508",
        "MGMT_CHNL_NM": "(EC)티몰",
        "ITEM_NM": "스윔웨어 하의",
        "SALE_AMT": 860.78
      },
      {
        "YYYYMM": "202508",
        "MGMT_CHNL_NM": "(EC)티몰",
        "ITEM_NM": "스커트",
        "SALE_AMT": 10666.85
      },
      {
        "YYYYMM": "202508",
        "MGMT_CHNL_NM": "(EC)티몰",
        "ITEM_NM": "슬리브리스",
        "SALE_AMT": 265.2
      },
      {
        "YYYYMM": "202508",
        "MGMT_CHNL_NM": "(EC)티몰",
        "ITEM_NM": "슬리퍼",
        "SALE_AMT": 4164.0
      },
      {
        "YYYYMM": "202508",
        "MGMT_CHNL_NM": "(EC)티몰",
        "ITEM_NM": "슬링백",
        "SALE_AMT": 1008.21
      },
      {
        "YYYYMM": "202508",
        "MGMT_CHNL_NM": "(EC)티몰",
        "ITEM_NM": "신발",
        "SALE_AMT": 74716.40999999999
      },
      {
        "YYYYMM": "202508",
        "MGMT_CHNL_NM": "(EC)티몰",
        "ITEM_NM": "양말",
        "SALE_AMT": 1347.02
      },
      {
        "YYYYMM": "202508",
        "MGMT_CHNL_NM": "(EC)티몰",
        "ITEM_NM": "운동모",
        "SALE_AMT": 26567.769999999997
      },
      {
        "YYYYMM": "202508",
        "MGMT_CHNL_NM": "(EC)티몰",
        "ITEM_NM": "원피스",
        "SALE_AMT": 15542.52
      },
      {
        "YYYYMM": "202508",
        "MGMT_CHNL_NM": "(EC)티몰",
        "ITEM_NM": "장갑",
        "SALE_AMT": 255.0
      },
      {
        "YYYYMM": "202508",
        "MGMT_CHNL_NM": "(EC)티몰",
        "ITEM_NM": "집업티",
        "SALE_AMT": 1770.0
      },
      {
        "YYYYMM": "202508",
        "MGMT_CHNL_NM": "(EC)티몰",
        "ITEM_NM": "크로스백",
        "SALE_AMT": 8732.56
      },
      {
        "YYYYMM": "202508",
        "MGMT_CHNL_NM": "(EC)티몰",
        "ITEM_NM": "토시",
        "SALE_AMT": 256.01
      },
      {
        "YYYYMM": "202508",
        "MGMT_CHNL_NM": "(EC)티몰",
        "ITEM_NM": "트레이닝 숏팬츠",
        "SALE_AMT": 3278.25
      },
      {
        "YYYYMM": "202508",
        "MGMT_CHNL_NM": "(EC)티몰",
        "ITEM_NM": "트레이닝(상의)",
        "SALE_AMT": 51052.68
      },
      {
        "YYYYMM": "202508",
        "MGMT_CHNL_NM": "(EC)티몰",
        "ITEM_NM": "트레이닝(하의)",
        "SALE_AMT": 39913.82
      },
      {
        "YYYYMM": "202508",
        "MGMT_CHNL_NM": "(EC)티몰",
        "ITEM_NM": "팬츠",
        "SALE_AMT": 238433.27000000002
      },
      {
        "YYYYMM": "202508",
        "MGMT_CHNL_NM": "(EC)티몰",
        "ITEM_NM": "햇",
        "SALE_AMT": 4035.0299999999997
      },
      {
        "YYYYMM": "202508",
        "MGMT_CHNL_NM": "(EC)티몰",
        "ITEM_NM": "후드티",
        "SALE_AMT": 5623.28
      },
      {
        "YYYYMM": "202508",
        "MGMT_CHNL_NM": "(EC)티몰",
        "ITEM_NM": "힙색",
        "SALE_AMT": 22841.09
      },
      {
        "YYYYMM": "202508",
        "MGMT_CHNL_NM": "(EC)틱톡/JD",
        "ITEM_NM": "긴팔티셔츠",
        "SALE_AMT": 23635.45
      },
      {
        "YYYYMM": "202508",
        "MGMT_CHNL_NM": "(EC)틱톡/JD",
        "ITEM_NM": "맨투맨",
        "SALE_AMT": 17893.22
      },
      {
        "YYYYMM": "202508",
        "MGMT_CHNL_NM": "(EC)틱톡/JD",
        "ITEM_NM": "바디백",
        "SALE_AMT": 590.0
      },
      {
        "YYYYMM": "202508",
        "MGMT_CHNL_NM": "(EC)틱톡/JD",
        "ITEM_NM": "반바지",
        "SALE_AMT": 455.04999999999995
      },
      {
        "YYYYMM": "202508",
        "MGMT_CHNL_NM": "(EC)틱톡/JD",
        "ITEM_NM": "반팔카라티셔츠",
        "SALE_AMT": 4999.26
      },
      {
        "YYYYMM": "202508",
        "MGMT_CHNL_NM": "(EC)틱톡/JD",
        "ITEM_NM": "반팔티셔츠",
        "SALE_AMT": 12685.18
      },
      {
        "YYYYMM": "202508",
        "MGMT_CHNL_NM": "(EC)틱톡/JD",
        "ITEM_NM": "방풍자켓",
        "SALE_AMT": 117622.70000000003
      },
      {
        "YYYYMM": "202508",
        "MGMT_CHNL_NM": "(EC)틱톡/JD",
        "ITEM_NM": "백팩",
        "SALE_AMT": 990.0
      },
      {
        "YYYYMM": "202508",
        "MGMT_CHNL_NM": "(EC)틱톡/JD",
        "ITEM_NM": "브라",
        "SALE_AMT": 273.2
      },
      {
        "YYYYMM": "202508",
        "MGMT_CHNL_NM": "(EC)틱톡/JD",
        "ITEM_NM": "비니",
        "SALE_AMT": 316.0
      },
      {
        "YYYYMM": "202508",
        "MGMT_CHNL_NM": "(EC)틱톡/JD",
        "ITEM_NM": "소프트쉘",
        "SALE_AMT": 1957.73
      },
      {
        "YYYYMM": "202508",
        "MGMT_CHNL_NM": "(EC)틱톡/JD",
        "ITEM_NM": "신발",
        "SALE_AMT": 7684.0
      },
      {
        "YYYYMM": "202508",
        "MGMT_CHNL_NM": "(EC)틱톡/JD",
        "ITEM_NM": "양말",
        "SALE_AMT": 110.26
      },
      {
        "YYYYMM": "202508",
        "MGMT_CHNL_NM": "(EC)틱톡/JD",
        "ITEM_NM": "운동모",
        "SALE_AMT": 6114.0
      }
    ],
    "total_records_count": 116
  },
  "trend_data": {
    "trend_months": [
      "202508"
    ],
    "monthly_totals": [
      {
        "yyyymm": "202508",
        "total_amount": 7.02
      }
    ],
    "monthly_details": [
      {
        "yyyymm": "202508",
        "chnl_nm": "(EC)티몰",
        "item_nm": "긴팔카라티셔츠",
        "sale_amt": 0.0
      },
      {
        "yyyymm": "202508",
        "chnl_nm": "(EC)티몰",
        "item_nm": "긴팔티셔츠",
        "sale_amt": 0.13
      },
      {
        "yyyymm": "202508",
        "chnl_nm": "(EC)티몰",
        "item_nm": "다운 스카프",
        "sale_amt": 0.0
      },
      {
        "yyyymm": "202508",
        "chnl_nm": "(EC)티몰",
        "item_nm": "다운점퍼",
        "sale_amt": 0.05
      },
      {
        "yyyymm": "202508",
        "chnl_nm": "(EC)티몰",
        "item_nm": "레깅스",
        "sale_amt": 0.0
      },
      {
        "yyyymm": "202508",
        "chnl_nm": "(EC)티몰",
        "item_nm": "맨투맨",
        "sale_amt": 0.29
      },
      {
        "yyyymm": "202508",
        "chnl_nm": "(EC)티몰",
        "item_nm": "바디백",
        "sale_amt": 0.0
      },
      {
        "yyyymm": "202508",
        "chnl_nm": "(EC)티몰",
        "item_nm": "반바지",
        "sale_amt": 0.01
      },
      {
        "yyyymm": "202508",
        "chnl_nm": "(EC)티몰",
        "item_nm": "반팔카라티셔츠",
        "sale_amt": 0.02
      },
      {
        "yyyymm": "202508",
        "chnl_nm": "(EC)티몰",
        "item_nm": "반팔티셔츠",
        "sale_amt": 0.08
      },
      {
        "yyyymm": "202508",
        "chnl_nm": "(EC)티몰",
        "item_nm": "방풍자켓",
        "sale_amt": 1.4
      },
      {
        "yyyymm": "202508",
        "chnl_nm": "(EC)티몰",
        "item_nm": "백팩",
        "sale_amt": 0.02
      },
      {
        "yyyymm": "202508",
        "chnl_nm": "(EC)티몰",
        "item_nm": "브라",
        "sale_amt": 0.0
      },
      {
        "yyyymm": "202508",
        "chnl_nm": "(EC)티몰",
        "item_nm": "비니",
        "sale_amt": 0.0
      },
      {
        "yyyymm": "202508",
        "chnl_nm": "(EC)티몰",
        "item_nm": "소프트쉘",
        "sale_amt": 0.03
      },
      {
        "yyyymm": "202508",
        "chnl_nm": "(EC)티몰",
        "item_nm": "스윔웨어",
        "sale_amt": 0.0
      },
      {
        "yyyymm": "202508",
        "chnl_nm": "(EC)티몰",
        "item_nm": "스윔웨어 하의",
        "sale_amt": 0.0
      },
      {
        "yyyymm": "202508",
        "chnl_nm": "(EC)티몰",
        "item_nm": "스커트",
        "sale_amt": 0.01
      },
      {
        "yyyymm": "202508",
        "chnl_nm": "(EC)티몰",
        "item_nm": "슬리브리스",
        "sale_amt": 0.0
      },
      {
        "yyyymm": "202508",
        "chnl_nm": "(EC)티몰",
        "item_nm": "슬리퍼",
        "sale_amt": 0.0
      },
      {
        "yyyymm": "202508",
        "chnl_nm": "(EC)티몰",
        "item_nm": "슬링백",
        "sale_amt": 0.0
      },
      {
        "yyyymm": "202508",
        "chnl_nm": "(EC)티몰",
        "item_nm": "신발",
        "sale_amt": 0.07
      },
      {
        "yyyymm": "202508",
        "chnl_nm": "(EC)티몰",
        "item_nm": "양말",
        "sale_amt": 0.0
      },
      {
        "yyyymm": "202508",
        "chnl_nm": "(EC)티몰",
        "item_nm": "운동모",
        "sale_amt": 0.03
      },
      {
        "yyyymm": "202508",
        "chnl_nm": "(EC)티몰",
        "item_nm": "원피스",
        "sale_amt": 0.02
      },
      {
        "yyyymm": "202508",
        "chnl_nm": "(EC)티몰",
        "item_nm": "장갑",
        "sale_amt": 0.0
      },
      {
        "yyyymm": "202508",
        "chnl_nm": "(EC)티몰",
        "item_nm": "집업티",
        "sale_amt": 0.0
      },
      {
        "yyyymm": "202508",
        "chnl_nm": "(EC)티몰",
        "item_nm": "크로스백",
        "sale_amt": 0.01
      },
      {
        "yyyymm": "202508",
        "chnl_nm": "(EC)티몰",
        "item_nm": "토시",
        "sale_amt": 0.0
      },
      {
        "yyyymm": "202508",
        "chnl_nm": "(EC)티몰",
        "item_nm": "트레이닝 숏팬츠",
        "sale_amt": 0.0
      },
      {
        "yyyymm": "202508",
        "chnl_nm": "(EC)티몰",
        "item_nm": "트레이닝(상의)",
        "sale_amt": 0.05
      },
      {
        "yyyymm": "202508",
        "chnl_nm": "(EC)티몰",
        "item_nm": "트레이닝(하의)",
        "sale_amt": 0.04
      },
      {
        "yyyymm": "202508",
        "chnl_nm": "(EC)티몰",
        "item_nm": "팬츠",
        "sale_amt": 0.24
      },
      {
        "yyyymm": "202508",
        "chnl_nm": "(EC)티몰",
        "item_nm": "햇",
        "sale_amt": 0.0
      },
      {
        "yyyymm": "202508",
        "chnl_nm": "(EC)티몰",
        "item_nm": "후드티",
        "sale_amt": 0.01
      },
      {
        "yyyymm": "202508",
        "chnl_nm": "(EC)티몰",
        "item_nm": "힙색",
        "sale_amt": 0.02
      },
      {
        "yyyymm": "202508",
        "chnl_nm": "(EC)틱톡/JD",
        "item_nm": "긴팔티셔츠",
        "sale_amt": 0.02
      },
      {
        "yyyymm": "202508",
        "chnl_nm": "(EC)틱톡/JD",
        "item_nm": "맨투맨",
        "sale_amt": 0.02
      },
      {
        "yyyymm": "202508",
        "chnl_nm": "(EC)틱톡/JD",
        "item_nm": "바디백",
        "sale_amt": 0.0
      },
      {
        "yyyymm": "202508",
        "chnl_nm": "(EC)틱톡/JD",
        "item_nm": "반바지",
        "sale_amt": 0.0
      },
      {
        "yyyymm": "202508",
        "chnl_nm": "(EC)틱톡/JD",
        "item_nm": "반팔카라티셔츠",
        "sale_amt": 0.0
      },
      {
        "yyyymm": "202508",
        "chnl_nm": "(EC)틱톡/JD",
        "item_nm": "반팔티셔츠",
        "sale_amt": 0.01
      },
      {
        "yyyymm": "202508",
        "chnl_nm": "(EC)틱톡/JD",
        "item_nm": "방풍자켓",
        "sale_amt": 0.12
      },
      {
        "yyyymm": "202508",
        "chnl_nm": "(EC)틱톡/JD",
        "item_nm": "백팩",
        "sale_amt": 0.0
      },
      {
        "yyyymm": "202508",
        "chnl_nm": "(EC)틱톡/JD",
        "item_nm": "브라",
        "sale_amt": 0.0
      },
      {
        "yyyymm": "202508",
        "chnl_nm": "(EC)틱톡/JD",
        "item_nm": "비니",
        "sale_amt": 0.0
      },
      {
        "yyyymm": "202508",
        "chnl_nm": "(EC)틱톡/JD",
        "item_nm": "소프트쉘",
        "sale_amt": 0.0
      },
      {
        "yyyymm": "202508",
        "chnl_nm": "(EC)틱톡/JD",
        "item_nm": "신발",
        "sale_amt": 0.01
      },
      {
        "yyyymm": "202508",
        "chnl_nm": "(EC)틱톡/JD",
        "item_nm": "양말",
        "sale_amt": 0.0
      },
      {
        "yyyymm": "202508",
        "chnl_nm": "(EC)틱톡/JD",
        "item_nm": "운동모",
        "sale_amt": 0.01
      },
      {
        "yyyymm": "202508",
        "chnl_nm": "(EC)틱톡/JD",
        "item_nm": "원피스",
        "sale_amt": 0.0
      },
      {
        "yyyymm": "202508",
        "chnl_nm": "(EC)틱톡/JD",
        "item_nm": "크로스백",
        "sale_amt": 0.0
      },
      {
        "yyyymm": "202508",
        "chnl_nm": "(EC)틱톡/JD",
        "item_nm": "토시",
        "sale_amt": 0.0
      },
      {
        "yyyymm": "202508",
        "chnl_nm": "(EC)틱톡/JD",
        "item_nm": "트레이닝(상의)",
        "sale_amt": 0.01
      },
      {
        "yyyymm": "202508",
        "chnl_nm": "(EC)틱톡/JD",
        "item_nm": "트레이닝(하의)",
        "sale_amt": 0.0
      },
      {
        "yyyymm": "202508",
        "chnl_nm": "(EC)틱톡/JD",
        "item_nm": "팬츠",
        "sale_amt": 0.01
      },
      {
        "yyyymm": "202508",
        "chnl_nm": "(EC)틱톡/JD",
        "item_nm": "햇",
        "sale_amt": 0.0
      },
      {
        "yyyymm": "202508",
        "chnl_nm": "(EC)틱톡/JD",
        "item_nm": "힙색",
        "sale_amt": 0.0
      },
      {
        "yyyymm": "202508",
        "chnl_nm": "(OFF)대리상",
        "item_nm": "긴팔티셔츠",
        "sale_amt": 0.18
      },
      {
        "yyyymm": "202508",
        "chnl_nm": "(OFF)대리상",
        "item_nm": "레깅스",
        "sale_amt": 0.0
      },
      {
        "yyyymm": "202508",
        "chnl_nm": "(OFF)대리상",
        "item_nm": "맨투맨",
        "sale_amt": 0.1
      },
      {
        "yyyymm": "202508",
        "chnl_nm": "(OFF)대리상",
        "item_nm": "바디백",
        "sale_amt": 0.0
      },
      {
        "yyyymm": "202508",
        "chnl_nm": "(OFF)대리상",
        "item_nm": "반바지",
        "sale_amt": 0.06
      },
      {
        "yyyymm": "202508",
        "chnl_nm": "(OFF)대리상",
        "item_nm": "반팔카라티셔츠",
        "sale_amt": 0.12
      },
      {
        "yyyymm": "202508",
        "chnl_nm": "(OFF)대리상",
        "item_nm": "반팔티셔츠",
        "sale_amt": 0.33
      },
      {
        "yyyymm": "202508",
        "chnl_nm": "(OFF)대리상",
        "item_nm": "방풍자켓",
        "sale_amt": 1.02
      },
      {
        "yyyymm": "202508",
        "chnl_nm": "(OFF)대리상",
        "item_nm": "백팩",
        "sale_amt": 0.02
      },
      {
        "yyyymm": "202508",
        "chnl_nm": "(OFF)대리상",
        "item_nm": "브라",
        "sale_amt": 0.0
      },
      {
        "yyyymm": "202508",
        "chnl_nm": "(OFF)대리상",
        "item_nm": "소프트쉘",
        "sale_amt": 0.03
      },
      {
        "yyyymm": "202508",
        "chnl_nm": "(OFF)대리상",
        "item_nm": "스윔웨어 하의",
        "sale_amt": 0.0
      },
      {
        "yyyymm": "202508",
        "chnl_nm": "(OFF)대리상",
        "item_nm": "스커트",
        "sale_amt": 0.04
      },
      {
        "yyyymm": "202508",
        "chnl_nm": "(OFF)대리상",
        "item_nm": "슬리브리스",
        "sale_amt": 0.0
      },
      {
        "yyyymm": "202508",
        "chnl_nm": "(OFF)대리상",
        "item_nm": "슬리퍼",
        "sale_amt": 0.01
      },
      {
        "yyyymm": "202508",
        "chnl_nm": "(OFF)대리상",
        "item_nm": "슬링백",
        "sale_amt": 0.0
      },
      {
        "yyyymm": "202508",
        "chnl_nm": "(OFF)대리상",
        "item_nm": "신발",
        "sale_amt": 0.16
      },
      {
        "yyyymm": "202508",
        "chnl_nm": "(OFF)대리상",
        "item_nm": "양말",
        "sale_amt": 0.01
      },
      {
        "yyyymm": "202508",
        "chnl_nm": "(OFF)대리상",
        "item_nm": "운동모",
        "sale_amt": 0.22
      },
      {
        "yyyymm": "202508",
        "chnl_nm": "(OFF)대리상",
        "item_nm": "원피스",
        "sale_amt": 0.03
      },
      {
        "yyyymm": "202508",
        "chnl_nm": "(OFF)대리상",
        "item_nm": "집업티",
        "sale_amt": 0.01
      },
      {
        "yyyymm": "202508",
        "chnl_nm": "(OFF)대리상",
        "item_nm": "크로스백",
        "sale_amt": 0.02
      },
      {
        "yyyymm": "202508",
        "chnl_nm": "(OFF)대리상",
        "item_nm": "토시",
        "sale_amt": 0.0
      },
      {
        "yyyymm": "202508",
        "chnl_nm": "(OFF)대리상",
        "item_nm": "트레이닝 숏팬츠",
        "sale_amt": 0.04
      },
      {
        "yyyymm": "202508",
        "chnl_nm": "(OFF)대리상",
        "item_nm": "트레이닝(상의)",
        "sale_amt": 0.23
      },
      {
        "yyyymm": "202508",
        "chnl_nm": "(OFF)대리상",
        "item_nm": "트레이닝(하의)",
        "sale_amt": 0.08
      },
      {
        "yyyymm": "202508",
        "chnl_nm": "(OFF)대리상",
        "item_nm": "팬츠",
        "sale_amt": 0.42
      },
      {
        "yyyymm": "202508",
        "chnl_nm": "(OFF)대리상",
        "item_nm": "햇",
        "sale_amt": 0.01
      },
      {
        "yyyymm": "202508",
        "chnl_nm": "(OFF)대리상",
        "item_nm": "후드티",
        "sale_amt": 0.02
      },
      {
        "yyyymm": "202508",
        "chnl_nm": "(OFF)대리상",
        "item_nm": "힙색",
        "sale_amt": 0.03
      },
      {
        "yyyymm": "202508",
        "chnl_nm": "(OFF)쇼핑몰",
        "item_nm": "긴팔티셔츠",
        "sale_amt": 0.07
      },
      {
        "yyyymm": "202508",
        "chnl_nm": "(OFF)쇼핑몰",
        "item_nm": "맨투맨",
        "sale_amt": 0.05
      },
      {
        "yyyymm": "202508",
        "chnl_nm": "(OFF)쇼핑몰",
        "item_nm": "바디백",
        "sale_amt": 0.0
      },
      {
        "yyyymm": "202508",
        "chnl_nm": "(OFF)쇼핑몰",
        "item_nm": "반바지",
        "sale_amt": 0.02
      },
      {
        "yyyymm": "202508",
        "chnl_nm": "(OFF)쇼핑몰",
        "item_nm": "반팔카라티셔츠",
        "sale_amt": 0.03
      },
      {
        "yyyymm": "202508",
        "chnl_nm": "(OFF)쇼핑몰",
        "item_nm": "반팔티셔츠",
        "sale_amt": 0.11
      },
      {
        "yyyymm": "202508",
        "chnl_nm": "(OFF)쇼핑몰",
        "item_nm": "방풍자켓",
        "sale_amt": 0.35
      },
      {
        "yyyymm": "202508",
        "chnl_nm": "(OFF)쇼핑몰",
        "item_nm": "백팩",
        "sale_amt": 0.01
      },
      {
        "yyyymm": "202508",
        "chnl_nm": "(OFF)쇼핑몰",
        "item_nm": "브라",
        "sale_amt": 0.0
      },
      {
        "yyyymm": "202508",
        "chnl_nm": "(OFF)쇼핑몰",
        "item_nm": "소프트쉘",
        "sale_amt": 0.0
      },
      {
        "yyyymm": "202508",
        "chnl_nm": "(OFF)쇼핑몰",
        "item_nm": "스커트",
        "sale_amt": 0.02
      },
      {
        "yyyymm": "202508",
        "chnl_nm": "(OFF)쇼핑몰",
        "item_nm": "슬리브리스",
        "sale_amt": 0.0
      },
      {
        "yyyymm": "202508",
        "chnl_nm": "(OFF)쇼핑몰",
        "item_nm": "슬리퍼",
        "sale_amt": 0.0
      },
      {
        "yyyymm": "202508",
        "chnl_nm": "(OFF)쇼핑몰",
        "item_nm": "슬링백",
        "sale_amt": 0.0
      },
      {
        "yyyymm": "202508",
        "chnl_nm": "(OFF)쇼핑몰",
        "item_nm": "신발",
        "sale_amt": 0.03
      },
      {
        "yyyymm": "202508",
        "chnl_nm": "(OFF)쇼핑몰",
        "item_nm": "양말",
        "sale_amt": 0.0
      },
      {
        "yyyymm": "202508",
        "chnl_nm": "(OFF)쇼핑몰",
        "item_nm": "운동모",
        "sale_amt": 0.08
      },
      {
        "yyyymm": "202508",
        "chnl_nm": "(OFF)쇼핑몰",
        "item_nm": "원피스",
        "sale_amt": 0.0
      },
      {
        "yyyymm": "202508",
        "chnl_nm": "(OFF)쇼핑몰",
        "item_nm": "집업티",
        "sale_amt": 0.0
      },
      {
        "yyyymm": "202508",
        "chnl_nm": "(OFF)쇼핑몰",
        "item_nm": "크로스백",
        "sale_amt": 0.01
      },
      {
        "yyyymm": "202508",
        "chnl_nm": "(OFF)쇼핑몰",
        "item_nm": "토시",
        "sale_amt": 0.0
      },
      {
        "yyyymm": "202508",
        "chnl_nm": "(OFF)쇼핑몰",
        "item_nm": "트레이닝 숏팬츠",
        "sale_amt": 0.01
      },
      {
        "yyyymm": "202508",
        "chnl_nm": "(OFF)쇼핑몰",
        "item_nm": "트레이닝(상의)",
        "sale_amt": 0.08
      },
      {
        "yyyymm": "202508",
        "chnl_nm": "(OFF)쇼핑몰",
        "item_nm": "트레이닝(하의)",
        "sale_amt": 0.03
      },
      {
        "yyyymm": "202508",
        "chnl_nm": "(OFF)쇼핑몰",
        "item_nm": "팬츠",
        "sale_amt": 0.12
      },
      {
        "yyyymm": "202508",
        "chnl_nm": "(OFF)쇼핑몰",
        "item_nm": "햇",
        "sale_amt": 0.01
      },
      {
        "yyyymm": "202508",
        "chnl_nm": "(OFF)쇼핑몰",
        "item_nm": "후드티",
        "sale_amt": 0.01
      },
      {
        "yyyymm": "202508",
        "chnl_nm": "(OFF)쇼핑몰",
        "item_nm": "힙색",
        "sale_amt": 0.02
      }
    ]
  }
}