{
  "country": "CN",
  "brand_cd": "X",
  "brand_name": "DISCOVERY",
  "yyyymm": "202509",
  "yyyymm_py": "202409",
  "key": "할인율",
  "sub_key": "종합분석",
  "analysis_data": {
    "title": "채널별 할인율 종합분석",
    "sections": [
      {
        "div": "종합분석-1",
        "sub_title": "할인율 전략이 우수한 채널",
        "ai_text": "현재 분석 대상인 (EC)티몰 채널의 할인율은 6.4%로 상대적으로 낮은 수준을 유지하고 있습니다.\n최근 3개월(7-9월) 할인율이 5.5% → 3.2% → 6.4%로 안정적인 범위 내에서 관리되고 있어 긍정적입니다.\n특히 8월 3.2%로 최저점을 기록한 후 9월에도 한 자릿수 할인율을 유지하며 안정성을 보여주고 있습니다."
      },
      {
        "div": "종합분석-2",
        "sub_title": "주의 필요 채널",
        "ai_text": "(EC)티몰 채널의 할인율이 전년 동월 3.2% 대비 3.2%p 상승한 6.4%를 기록하여 주의가 필요합니다.\n2024년 10월(15.1%), 11월(13.8%), 2025년 1월(13.4%), 5월(12.2%) 등 두 자릿수 할인율을 기록한 달이 다수 발생했습니다.\n할인율 변동폭이 2.7%~15.1%로 매우 불안정하여 일관된 가격 전략 수립이 시급한 상황입니다."
      },
      {
        "div": "종합분석-3",
        "sub_title": "AI 권장사항",
        "ai_text": "• 할인율 안정화: 월별 할인율 변동폭을 5% 이내로 제한하여 브랜드 가치 보호 및 고객 신뢰도 향상\n• 계절별 할인 전략: 과거 데이터 분석 결과 10-11월, 1월, 5월 할인율이 높아지는 패턴이 확인되므로 해당 시기 사전 대응책 마련\n• 매출 규모 대비 할인율 최적화: 당해월 매출액(v+) 750k가 전년 동월 69k 대비 10배 이상 증가한 만큼, 규모의 경제를 활용한 할인율 축소 전략 검토\n• 목표 할인율 설정: 브랜드 포지셔닝을 고려하여 월별 목표 할인율을 5% 이하로 설정하고 지속적인 모니터링 체계 구축"
      }
    ]
  },
  "summary": {
    "total_discount_current": 6.4,
    "total_discount_previous": 3.2,
    "total_change_pct": 3.2,
    "unique_channels": 5,
    "unique_months": 13,
    "analysis_period_month": "2024년 9월 vs 2025년 9월",
    "analysis_period_trend": "2024년 1월 ~ 2025년 9월"
  },
  "channel_summary": {
    "(EC)대리상": {
      "current_discount": 0.0,
      "previous_discount": 0,
      "change_pct": 0.0,
      "trend_months": [
        "202509"
      ],
      "trend_values": [
        0.0
      ],
      "current_tag_sale": 0.0,
      "current_act_sale": 0.0,
      "previous_tag_sale": 0.0,
      "previous_act_sale": 0.0
    },
    "(OFF)쇼핑몰": {
      "current_discount": 8.3,
      "previous_discount": 0,
      "change_pct": 8.3,
      "trend_months": [
        "202411",
        "202412",
        "202501",
        "202502",
        "202503",
        "202504",
        "202505",
        "202506",
        "202507",
        "202508",
        "202509"
      ],
      "trend_values": [
        19.4,
        15.8,
        17.5,
        12.5,
        18.5,
        14.0,
        14.3,
        17.2,
        9.4,
        7.3,
        8.3
      ],
      "current_tag_sale": 849.0,
      "current_act_sale": 779.0,
      "previous_tag_sale": 0.0,
      "previous_act_sale": 0.0
    },
    "(EC)티몰": {
      "current_discount": 6.4,
      "previous_discount": 3.2,
      "change_pct": 3.2,
      "trend_months": [
        "202409",
        "202410",
        "202411",
        "202412",
        "202501",
        "202502",
        "202503",
        "202504",
        "202505",
        "202506",
        "202507",
        "202508",
        "202509"
      ],
      "trend_values": [
        3.2,
        15.1,
        13.8,
        6.3,
        13.4,
        5.3,
        9.7,
        2.7,
        12.2,
        10.1,
        5.5,
        3.2,
        6.4
      ],
      "current_tag_sale": 801.0,
      "current_act_sale": 750.0,
      "previous_tag_sale": 71.0,
      "previous_act_sale": 69.0
    },
    "(EC)틱톡/JD": {
      "current_discount": 4.5,
      "previous_discount": 0,
      "change_pct": 4.5,
      "trend_months": [
        "202504",
        "202505",
        "202506",
        "202507",
        "202508",
        "202509"
      ],
      "trend_values": [
        5.0,
        12.5,
        2.7,
        70.5,
        3.2,
        4.5
      ],
      "current_tag_sale": 818.0,
      "current_act_sale": 781.0,
      "previous_tag_sale": 0.0,
      "previous_act_sale": 0.0
    },
    "(OFF)대리상": {
      "current_discount": 2.3,
      "previous_discount": 0,
      "change_pct": 2.3,
      "trend_months": [
        "202411",
        "202412",
        "202501",
        "202502",
        "202503",
        "202504",
        "202505",
        "202506",
        "202507",
        "202508",
        "202509"
      ],
      "trend_values": [
        4.9,
        3.7,
        5.2,
        3.7,
        3.3,
        3.4,
        3.1,
        3.8,
        3.4,
        2.9,
        2.3
      ],
      "current_tag_sale": 3129.0,
      "current_act_sale": 3057.0,
      "previous_tag_sale": 0.0,
      "previous_act_sale": 0.0
    }
  },
  "trend_data": {
    "trend_months": [
      "202409",
      "202410",
      "202411",
      "202412",
      "202501",
      "202502",
      "202503",
      "202504",
      "202505",
      "202506",
      "202507",
      "202508",
      "202509"
    ],
    "monthly_totals": [
      {
        "yyyymm": "202409",
        "tag_sale_amt": 71.0,
        "act_sale_amt": 69.0,
        "discount_pct": 3.2
      },
      {
        "yyyymm": "202410",
        "tag_sale_amt": 919.0,
        "act_sale_amt": 780.0,
        "discount_pct": 15.1
      },
      {
        "yyyymm": "202411",
        "tag_sale_amt": 1787.0,
        "act_sale_amt": 1546.0,
        "discount_pct": 13.5
      },
      {
        "yyyymm": "202412",
        "tag_sale_amt": 3461.0,
        "act_sale_amt": 3119.0,
        "discount_pct": 9.9
      },
      {
        "yyyymm": "202501",
        "tag_sale_amt": 2799.0,
        "act_sale_amt": 2491.0,
        "discount_pct": 11.0
      },
      {
        "yyyymm": "202502",
        "tag_sale_amt": 2329.0,
        "act_sale_amt": 2177.0,
        "discount_pct": 6.5
      },
      {
        "yyyymm": "202503",
        "tag_sale_amt": 2174.0,
        "act_sale_amt": 1977.0,
        "discount_pct": 9.0
      },
      {
        "yyyymm": "202504",
        "tag_sale_amt": 2283.0,
        "act_sale_amt": 2134.0,
        "discount_pct": 6.5
      },
      {
        "yyyymm": "202505",
        "tag_sale_amt": 3235.0,
        "act_sale_amt": 2983.0,
        "discount_pct": 7.8
      },
      {
        "yyyymm": "202506",
        "tag_sale_amt": 3028.0,
        "act_sale_amt": 2787.0,
        "discount_pct": 7.9
      },
      {
        "yyyymm": "202507",
        "tag_sale_amt": 3127.0,
        "act_sale_amt": 2984.0,
        "discount_pct": 4.6
      },
      {
        "yyyymm": "202508",
        "tag_sale_amt": 7293.0,
        "act_sale_amt": 7021.0,
        "discount_pct": 3.7
      },
      {
        "yyyymm": "202509",
        "tag_sale_amt": 5596.0,
        "act_sale_amt": 5366.0,
        "discount_pct": 4.1
      }
    ],
    "channel_trends": {
      "(EC)대리상": {
        "202509": 0.0
      },
      "(EC)티몰": {
        "202509": 6.4,
        "202508": 3.2,
        "202507": 5.5,
        "202506": 10.1,
        "202505": 12.2,
        "202504": 2.7,
        "202503": 9.7,
        "202502": 5.3,
        "202501": 13.4,
        "202412": 6.3,
        "202411": 13.8,
        "202410": 15.1,
        "202409": 3.2
      },
      "(EC)틱톡/JD": {
        "202509": 4.5,
        "202508": 3.2,
        "202507": 70.5,
        "202506": 2.7,
        "202505": 12.5,
        "202504": 5.0
      },
      "(OFF)대리상": {
        "202509": 2.3,
        "202508": 2.9,
        "202507": 3.4,
        "202506": 3.8,
        "202505": 3.1,
        "202504": 3.4,
        "202503": 3.3,
        "202502": 3.7,
        "202501": 5.2,
        "202412": 3.7,
        "202411": 4.9
      },
      "(OFF)쇼핑몰": {
        "202509": 8.3,
        "202508": 7.3,
        "202507": 9.4,
        "202506": 17.2,
        "202505": 14.3,
        "202504": 14.0,
        "202503": 18.5,
        "202502": 12.5,
        "202501": 17.5,
        "202412": 15.8,
        "202411": 19.4
      }
    }
  },
  "raw_data": {
    "sample_records": [
      {
        "YYYYMM": "202509",
        "BRD_CD": "X",
        "CHNL_NM": "(EC)대리상",
        "TAG_SALE_AMT": 390.0,
        "ACT_SALE_AMT": 390.0,
        "DISCOUNT_PCT": 0.0
      },
      {
        "YYYYMM": "202509",
        "BRD_CD": "X",
        "CHNL_NM": "(EC)티몰",
        "TAG_SALE_AMT": 800619.0,
        "ACT_SALE_AMT": 749592.59,
        "DISCOUNT_PCT": 6.4
      },
      {
        "YYYYMM": "202509",
        "BRD_CD": "X",
        "CHNL_NM": "(EC)틱톡/JD",
        "TAG_SALE_AMT": 817927.0,
        "ACT_SALE_AMT": 780839.5499999999,
        "DISCOUNT_PCT": 4.5
      },
      {
        "YYYYMM": "202509",
        "BRD_CD": "X",
        "CHNL_NM": "(OFF)대리상",
        "TAG_SALE_AMT": 3128724.0,
        "ACT_SALE_AMT": 3056662.0,
        "DISCOUNT_PCT": 2.3
      },
      {
        "YYYYMM": "202509",
        "BRD_CD": "X",
        "CHNL_NM": "(OFF)쇼핑몰",
        "TAG_SALE_AMT": 848677.0,
        "ACT_SALE_AMT": 778571.0,
        "DISCOUNT_PCT": 8.3
      },
      {
        "YYYYMM": "202508",
        "BRD_CD": "X",
        "CHNL_NM": "(EC)티몰",
        "TAG_SALE_AMT": 2627495.0,
        "ACT_SALE_AMT": 2542372.35,
        "DISCOUNT_PCT": 3.2
      },
      {
        "YYYYMM": "202508",
        "BRD_CD": "X",
        "CHNL_NM": "(EC)틱톡/JD",
        "TAG_SALE_AMT": 225867.0,
        "ACT_SALE_AMT": 218546.01,
        "DISCOUNT_PCT": 3.2
      },
      {
        "YYYYMM": "202508",
        "BRD_CD": "X",
        "CHNL_NM": "(OFF)대리상",
        "TAG_SALE_AMT": 3274981.0,
        "ACT_SALE_AMT": 3179484.0,
        "DISCOUNT_PCT": 2.9
      },
      {
        "YYYYMM": "202508",
        "BRD_CD": "X",
        "CHNL_NM": "(OFF)쇼핑몰",
        "TAG_SALE_AMT": 1164808.0,
        "ACT_SALE_AMT": 1080244.0,
        "DISCOUNT_PCT": 7.3
      },
      {
        "YYYYMM": "202507",
        "BRD_CD": "X",
        "CHNL_NM": "(EC)티몰",
        "TAG_SALE_AMT": 266488.0,
        "ACT_SALE_AMT": 251707.57,
        "DISCOUNT_PCT": 5.5
      },
      {
        "YYYYMM": "202507",
        "BRD_CD": "X",
        "CHNL_NM": "(EC)틱톡/JD",
        "TAG_SALE_AMT": 470.0,
        "ACT_SALE_AMT": 138.7300000000006,
        "DISCOUNT_PCT": 70.5
      },
      {
        "YYYYMM": "202507",
        "BRD_CD": "X",
        "CHNL_NM": "(OFF)대리상",
        "TAG_SALE_AMT": 2341703.0,
        "ACT_SALE_AMT": 2261938.9,
        "DISCOUNT_PCT": 3.4
      },
      {
        "YYYYMM": "202507",
        "BRD_CD": "X",
        "CHNL_NM": "(OFF)쇼핑몰",
        "TAG_SALE_AMT": 518450.0,
        "ACT_SALE_AMT": 469927.0,
        "DISCOUNT_PCT": 9.4
      },
      {
        "YYYYMM": "202506",
        "BRD_CD": "X",
        "CHNL_NM": "(EC)티몰",
        "TAG_SALE_AMT": 742395.0,
        "ACT_SALE_AMT": 667743.01,
        "DISCOUNT_PCT": 10.1
      },
      {
        "YYYYMM": "202506",
        "BRD_CD": "X",
        "CHNL_NM": "(EC)틱톡/JD",
        "TAG_SALE_AMT": 45079.0,
        "ACT_SALE_AMT": 43878.020000000004,
        "DISCOUNT_PCT": 2.7
      },
      {
        "YYYYMM": "202506",
        "BRD_CD": "X",
        "CHNL_NM": "(OFF)대리상",
        "TAG_SALE_AMT": 1647628.0,
        "ACT_SALE_AMT": 1584614.0,
        "DISCOUNT_PCT": 3.8
      },
      {
        "YYYYMM": "202506",
        "BRD_CD": "X",
        "CHNL_NM": "(OFF)쇼핑몰",
        "TAG_SALE_AMT": 592672.0,
        "ACT_SALE_AMT": 490948.0,
        "DISCOUNT_PCT": 17.2
      },
      {
        "YYYYMM": "202505",
        "BRD_CD": "X",
        "CHNL_NM": "(EC)티몰",
        "TAG_SALE_AMT": 869546.0,
        "ACT_SALE_AMT": 763334.77,
        "DISCOUNT_PCT": 12.2
      },
      {
        "YYYYMM": "202505",
        "BRD_CD": "X",
        "CHNL_NM": "(EC)틱톡/JD",
        "TAG_SALE_AMT": 34120.0,
        "ACT_SALE_AMT": 29864.0,
        "DISCOUNT_PCT": 12.5
      },
      {
        "YYYYMM": "202505",
        "BRD_CD": "X",
        "CHNL_NM": "(OFF)대리상",
        "TAG_SALE_AMT": 1702774.0,
        "ACT_SALE_AMT": 1650613.0,
        "DISCOUNT_PCT": 3.1
      },
      {
        "YYYYMM": "202505",
        "BRD_CD": "X",
        "CHNL_NM": "(OFF)쇼핑몰",
        "TAG_SALE_AMT": 628836.0,
        "ACT_SALE_AMT": 538717.0,
        "DISCOUNT_PCT": 14.3
      },
      {
        "YYYYMM": "202504",
        "BRD_CD": "X",
        "CHNL_NM": "(EC)티몰",
        "TAG_SALE_AMT": 446668.0,
        "ACT_SALE_AMT": 434580.91,
        "DISCOUNT_PCT": 2.7
      },
      {
        "YYYYMM": "202504",
        "BRD_CD": "X",
        "CHNL_NM": "(EC)틱톡/JD",
        "TAG_SALE_AMT": 20840.0,
        "ACT_SALE_AMT": 19801.559999999998,
        "DISCOUNT_PCT": 5.0
      },
      {
        "YYYYMM": "202504",
        "BRD_CD": "X",
        "CHNL_NM": "(OFF)대리상",
        "TAG_SALE_AMT": 1111810.0,
        "ACT_SALE_AMT": 1074418.0,
        "DISCOUNT_PCT": 3.4
      },
      {
        "YYYYMM": "202504",
        "BRD_CD": "X",
        "CHNL_NM": "(OFF)쇼핑몰",
        "TAG_SALE_AMT": 703986.0,
        "ACT_SALE_AMT": 605476.0,
        "DISCOUNT_PCT": 14.0
      },
      {
        "YYYYMM": "202503",
        "BRD_CD": "X",
        "CHNL_NM": "(EC)티몰",
        "TAG_SALE_AMT": 664125.0,
        "ACT_SALE_AMT": 599680.77,
        "DISCOUNT_PCT": 9.7
      },
      {
        "YYYYMM": "202503",
        "BRD_CD": "X",
        "CHNL_NM": "(OFF)대리상",
        "TAG_SALE_AMT": 966032.0,
        "ACT_SALE_AMT": 934077.0,
        "DISCOUNT_PCT": 3.3
      },
      {
        "YYYYMM": "202503",
        "BRD_CD": "X",
        "CHNL_NM": "(OFF)쇼핑몰",
        "TAG_SALE_AMT": 543610.0,
        "ACT_SALE_AMT": 443286.0,
        "DISCOUNT_PCT": 18.5
      },
      {
        "YYYYMM": "202502",
        "BRD_CD": "X",
        "CHNL_NM": "(EC)티몰",
        "TAG_SALE_AMT": 926259.0,
        "ACT_SALE_AMT": 876976.76,
        "DISCOUNT_PCT": 5.3
      },
      {
        "YYYYMM": "202502",
        "BRD_CD": "X",
        "CHNL_NM": "(OFF)대리상",
        "TAG_SALE_AMT": 834262.0,
        "ACT_SALE_AMT": 803040.0,
        "DISCOUNT_PCT": 3.7
      },
      {
        "YYYYMM": "202502",
        "BRD_CD": "X",
        "CHNL_NM": "(OFF)쇼핑몰",
        "TAG_SALE_AMT": 568307.0,
        "ACT_SALE_AMT": 496994.0,
        "DISCOUNT_PCT": 12.5
      },
      {
        "YYYYMM": "202501",
        "BRD_CD": "X",
        "CHNL_NM": "(EC)티몰",
        "TAG_SALE_AMT": 271430.0,
        "ACT_SALE_AMT": 235145.63,
        "DISCOUNT_PCT": 13.4
      },
      {
        "YYYYMM": "202501",
        "BRD_CD": "X",
        "CHNL_NM": "(OFF)대리상",
        "TAG_SALE_AMT": 1383004.0,
        "ACT_SALE_AMT": 1310826.0,
        "DISCOUNT_PCT": 5.2
      },
      {
        "YYYYMM": "202501",
        "BRD_CD": "X",
        "CHNL_NM": "(OFF)쇼핑몰",
        "TAG_SALE_AMT": 1144857.0,
        "ACT_SALE_AMT": 944995.0,
        "DISCOUNT_PCT": 17.5
      },
      {
        "YYYYMM": "202412",
        "BRD_CD": "X",
        "CHNL_NM": "(EC)티몰",
        "TAG_SALE_AMT": 854230.0,
        "ACT_SALE_AMT": 800597.2899999999,
        "DISCOUNT_PCT": 6.3
      },
      {
        "YYYYMM": "202412",
        "BRD_CD": "X",
        "CHNL_NM": "(OFF)대리상",
        "TAG_SALE_AMT": 1022696.0,
        "ACT_SALE_AMT": 984699.0,
        "DISCOUNT_PCT": 3.7
      },
      {
        "YYYYMM": "202412",
        "BRD_CD": "X",
        "CHNL_NM": "(OFF)쇼핑몰",
        "TAG_SALE_AMT": 1584068.0,
        "ACT_SALE_AMT": 1333450.0,
        "DISCOUNT_PCT": 15.8
      },
      {
        "YYYYMM": "202411",
        "BRD_CD": "X",
        "CHNL_NM": "(EC)티몰",
        "TAG_SALE_AMT": 1328465.0,
        "ACT_SALE_AMT": 1145145.79,
        "DISCOUNT_PCT": 13.8
      },
      {
        "YYYYMM": "202411",
        "BRD_CD": "X",
        "CHNL_NM": "(OFF)대리상",
        "TAG_SALE_AMT": 218814.0,
        "ACT_SALE_AMT": 208145.0,
        "DISCOUNT_PCT": 4.9
      },
      {
        "YYYYMM": "202411",
        "BRD_CD": "X",
        "CHNL_NM": "(OFF)쇼핑몰",
        "TAG_SALE_AMT": 239655.0,
        "ACT_SALE_AMT": 193087.0,
        "DISCOUNT_PCT": 19.4
      },
      {
        "YYYYMM": "202410",
        "BRD_CD": "X",
        "CHNL_NM": "(EC)티몰",
        "TAG_SALE_AMT": 918957.0,
        "ACT_SALE_AMT": 780459.28,
        "DISCOUNT_PCT": 15.1
      },
      {
        "YYYYMM": "202409",
        "BRD_CD": "X",
        "CHNL_NM": "(EC)티몰",
        "TAG_SALE_AMT": 71370.0,
        "ACT_SALE_AMT": 69073.41,
        "DISCOUNT_PCT": 3.2
      }
    ],
    "total_records_count": 42
  }
}