{
  "country": "CN",
  "brand_cd": "I",
  "brand_name": "MLB KIDS",
  "yyyymm": "202506",
  "yyyymm_py": "202411",
  "key": "(대리상오프)점당매출",
  "sub_key": "(대리상오프)점당매출 AI 분석",
  "analysis_data": {
    "title": "오프라인 대리상 점당매출 종합분석",
    "sections": [
      {
        "div": "종합분석-1",
        "sub_title": "우수 대리상",
        "ai_text": "**신규 오픈 대리상 우수 성과**\n• SHENYANG SHENJIN OUTLET (CN6395): 1,971k - 신규 오픈으로 전년 데이터 없음, 안정적인 월별 매출 유지\n• SY JOY CITY (CN6374): 1,906k - 1월 개점 후 초기 매출 1,043k 달성, 빠른 시장 정착\n• BEIJING CAPITAL OUTLET (CN6349): 1,678k - 1월 개점 매출 741k로 강력한 출발\n\n**기존 대리상 중 성장세 우수**\n• DAQING NEW-MART KIDS (CN6083): 1,671k, 전년 대비 +25.2% - 1월 매출 631k(+70.7%), 지속적 성장 모멘텀\n• YANGZHOU SHAZHICHUAN OUTLET KIDS (CN5816): 1,583k, 전년 대비 +25.2% - 1월 매출 593k(+80.3%), 아웃렛 업태 강세\n• KUNMING PARKSON KIDS (CN5267): 1,260k, 전년 대비 +23.6% - 1월 매출 508k(+96.2%), 서남부 지역 성장\n\n**주요 성공 요인**\n- 아웃렛 업태의 강세: 가격 경쟁력 기반 소비자 유입 증가\n- 신규 입점 지역의 브랜드 인지도 상승\n- 1월 신정 시즌 마케팅 효과"
      },
      {
        "div": "종합분석-2",
        "sub_title": "수익성 개선 필요",
        "ai_text": "**대폭 매출 감소 대리상**\n• JINAN THE MIXC KIDS (CN5759): 1,605k, 전년 대비 -31.5% - 2월 매출 167k(-74.1%), 급격한 성과 하락\n• WUHAN GUOJIGUANGCHANG KIDS (CN5821): 1,244k, 전년 대비 -27.4% - 총 매출 471k 감소, 지역 경쟁 심화\n• QINGDAO THE MIXC KIDS (CN5855): 1,425k, 전년 대비 -27.8% - 2월 매출 111k(-75.5%), 급격한 매출 하락\n\n**지속적 부진 대리상**\n• XIAMEN THE MIXC KIDS (CN5352): 2,108k, 전년 대비 -25.2% - 높은 매출 규모에도 불구하고 711k 감소\n• WUHAN WUSHANGGUANGCHANG KIDS (CN5892): 1,253k, 전년 대비 -23.8% - 우한 지역 전반적 부진\n• CHENGDU SHIDAI OUTLET KIDS (CN5729): 1,962k, 전년 대비 -20.6% - 서남부 아웃렛 경쟁 심화\n\n**주요 부진 요인**\n- 2월 춘절 시즌 매출 급감: 대부분 대리상에서 -70% 이상 하락\n- 지역별 경쟁 심화: 특히 우한, 청도 등 주요 도시\n- THE MIXC 계열 매장의 전반적 성과 부진"
      },
      {
        "div": "종합분석-3",
        "sub_title": "인사이트",
        "ai_text": "**핵심 인사이트**\n\n**1. 업태별 성과 차이 명확**\n- 아웃렛 업태: 평균 성장률 +15% 이상, 가격 경쟁력 우위\n- 백화점/쇼핑몰: 평균 -20% 내외, 소비 패턴 변화 영향\n- 신규 아웃렛 입점 전략 확대 필요\n\n**2. 지역별 양극화 심화**\n- 성장 지역: 동북부(대경, 하얼빈), 서남부(쿤밍) 등 2-3선 도시\n- 부진 지역: 1선 도시 프리미엄 매장, 경쟁 포화 상태\n- 지역별 맞춤 전략 수립 필요\n\n**즉시 실행 액션플랜**\n\n**단기(1-2개월)**\n- 부진 THE MIXC 계열 매장 긴급 점검 및 개선안 도출\n- 우한 지역 경쟁사 분석 및 차별화 전략 수립\n- 2월 춘절 시즌 대응 매뉴얼 재정비\n\n**중기(3-6개월)**\n- 아웃렛 업태 확대 전략: 신규 입점 후보지 발굴\n- 우수 성과 대리상 성공 모델 벤치마킹 및 확산\n- 지역별 맞춤형 상품 구성 및 프로모션 차별화\n\n**리스크 관리**\n- 31개 대리상 중 21개소 전년 대비 감소, 전반적 시장 위축 대응 필요\n- 신규 대리상 조기 정착 지원으로 성장 동력 확보"
      }
    ]
  },
  "summary": {
    "total_cy": 122544.0,
    "total_py": 128412.0,
    "change_pct": -4.6,
    "total_agents": 138,
    "analysis_period": "2025년 1월 ~ 2025년 11월 vs 2024년 1월 ~ 2024년 11월"
  },
  "agent_summary": [
    {
      "shop_cd": "CN5605",
      "shop_en_nm": "GUANGZHOU TIANHE CITY KIDS",
      "total_cy": 2109.0,
      "total_py": 2454.0,
      "total_change_pct": -14.0,
      "months": {
        "202501": {
          "cy": 863.0,
          "py": 695.0,
          "change_pct": 24.1
        },
        "202502": {
          "cy": 148.0,
          "py": 539.0,
          "change_pct": -72.5
        },
        "202503": {
          "cy": 228.0,
          "py": 269.0,
          "change_pct": -15.3
        },
        "202504": {
          "cy": 309.0,
          "py": 304.0,
          "change_pct": 1.8
        },
        "202505": {
          "cy": 325.0,
          "py": 361.0,
          "change_pct": -9.8
        },
        "202506": {
          "cy": 236.0,
          "py": 286.0,
          "change_pct": -17.6
        }
      }
    },
    {
      "shop_cd": "CN5352",
      "shop_en_nm": "XIAMEN THE MIXC KIDS",
      "total_cy": 2108.0,
      "total_py": 2819.0,
      "total_change_pct": -25.2,
      "months": {
        "202501": {
          "cy": 865.0,
          "py": 717.0,
          "change_pct": 20.6
        },
        "202502": {
          "cy": 188.0,
          "py": 691.0,
          "change_pct": -72.9
        },
        "202503": {
          "cy": 203.0,
          "py": 362.0,
          "change_pct": -43.8
        },
        "202504": {
          "cy": 274.0,
          "py": 357.0,
          "change_pct": -23.3
        },
        "202505": {
          "cy": 380.0,
          "py": 429.0,
          "change_pct": -11.4
        },
        "202506": {
          "cy": 199.0,
          "py": 263.0,
          "change_pct": -24.5
        }
      }
    },
    {
      "shop_cd": "CN6395",
      "shop_en_nm": "SHENYANG SHENJIN OUTLET",
      "total_cy": 1971.0,
      "total_py": 0.0,
      "total_change_pct": 0,
      "months": {
        "202501": {
          "cy": 478.0,
          "py": 0.0,
          "change_pct": 0
        },
        "202502": {
          "cy": 193.0,
          "py": 0.0,
          "change_pct": 0
        },
        "202503": {
          "cy": 275.0,
          "py": 0.0,
          "change_pct": 0
        },
        "202504": {
          "cy": 289.0,
          "py": 0.0,
          "change_pct": 0
        },
        "202505": {
          "cy": 249.0,
          "py": 0.0,
          "change_pct": 0
        },
        "202506": {
          "cy": 486.0,
          "py": 0.0,
          "change_pct": 0
        }
      }
    },
    {
      "shop_cd": "CN5729",
      "shop_en_nm": "CHENGDU SHIDAI OUTLET KIDS",
      "total_cy": 1962.0,
      "total_py": 2470.0,
      "total_change_pct": -20.6,
      "months": {
        "202501": {
          "cy": 622.0,
          "py": 584.0,
          "change_pct": 6.6
        },
        "202502": {
          "cy": 257.0,
          "py": 608.0,
          "change_pct": -57.8
        },
        "202503": {
          "cy": 239.0,
          "py": 302.0,
          "change_pct": -20.9
        },
        "202504": {
          "cy": 334.0,
          "py": 423.0,
          "change_pct": -20.9
        },
        "202505": {
          "cy": 322.0,
          "py": 332.0,
          "change_pct": -3.0
        },
        "202506": {
          "cy": 188.0,
          "py": 222.0,
          "change_pct": -15.1
        }
      }
    },
    {
      "shop_cd": "CN5350",
      "shop_en_nm": "ZHENGZHOU DENNIS DAVID CITY KIDS",
      "total_cy": 1938.0,
      "total_py": 2371.0,
      "total_change_pct": -18.3,
      "months": {
        "202501": {
          "cy": 647.0,
          "py": 484.0,
          "change_pct": 33.7
        },
        "202502": {
          "cy": 185.0,
          "py": 567.0,
          "change_pct": -67.5
        },
        "202503": {
          "cy": 338.0,
          "py": 386.0,
          "change_pct": -12.6
        },
        "202504": {
          "cy": 329.0,
          "py": 373.0,
          "change_pct": -11.7
        },
        "202505": {
          "cy": 276.0,
          "py": 335.0,
          "change_pct": -17.5
        },
        "202506": {
          "cy": 163.0,
          "py": 226.0,
          "change_pct": -28.2
        }
      }
    },
    {
      "shop_cd": "CN5825",
      "shop_en_nm": "SHENZHEN THE MIXC KIDS",
      "total_cy": 1938.0,
      "total_py": 1849.0,
      "total_change_pct": 4.9,
      "months": {
        "202501": {
          "cy": 652.0,
          "py": 508.0,
          "change_pct": 28.3
        },
        "202502": {
          "cy": 210.0,
          "py": 464.0,
          "change_pct": -54.7
        },
        "202503": {
          "cy": 300.0,
          "py": 224.0,
          "change_pct": 34.0
        },
        "202504": {
          "cy": 310.0,
          "py": 234.0,
          "change_pct": 32.4
        },
        "202505": {
          "cy": 270.0,
          "py": 223.0,
          "change_pct": 21.3
        },
        "202506": {
          "cy": 197.0,
          "py": 197.0,
          "change_pct": 0.3
        }
      }
    },
    {
      "shop_cd": "CN5891",
      "shop_en_nm": "SUZHOU CENTER KIDS",
      "total_cy": 1923.0,
      "total_py": 2079.0,
      "total_change_pct": -7.5,
      "months": {
        "202501": {
          "cy": 497.0,
          "py": 401.0,
          "change_pct": 24.0
        },
        "202502": {
          "cy": 200.0,
          "py": 404.0,
          "change_pct": -50.5
        },
        "202503": {
          "cy": 329.0,
          "py": 325.0,
          "change_pct": 1.4
        },
        "202504": {
          "cy": 333.0,
          "py": 323.0,
          "change_pct": 3.0
        },
        "202505": {
          "cy": 337.0,
          "py": 380.0,
          "change_pct": -11.4
        },
        "202506": {
          "cy": 226.0,
          "py": 245.0,
          "change_pct": -7.6
        }
      }
    },
    {
      "shop_cd": "CN6374",
      "shop_en_nm": "SY JOY CITY",
      "total_cy": 1906.0,
      "total_py": 0.0,
      "total_change_pct": 0,
      "months": {
        "202501": {
          "cy": 1043.0,
          "py": 0.0,
          "change_pct": 0
        },
        "202502": {
          "cy": 432.0,
          "py": 0.0,
          "change_pct": 0
        },
        "202503": {
          "cy": 142.0,
          "py": 0.0,
          "change_pct": 0
        },
        "202504": {
          "cy": 107.0,
          "py": 0.0,
          "change_pct": 0
        },
        "202505": {
          "cy": 111.0,
          "py": 0.0,
          "change_pct": 0
        },
        "202506": {
          "cy": 71.0,
          "py": 0.0,
          "change_pct": 0
        }
      }
    },
    {
      "shop_cd": "CN6121",
      "shop_en_nm": "TAIYUAN THE MIXC",
      "total_cy": 1843.0,
      "total_py": 2087.0,
      "total_change_pct": -11.7,
      "months": {
        "202501": {
          "cy": 876.0,
          "py": 691.0,
          "change_pct": 26.8
        },
        "202502": {
          "cy": 118.0,
          "py": 388.0,
          "change_pct": -69.7
        },
        "202503": {
          "cy": 211.0,
          "py": 308.0,
          "change_pct": -31.3
        },
        "202504": {
          "cy": 235.0,
          "py": 268.0,
          "change_pct": -12.4
        },
        "202505": {
          "cy": 251.0,
          "py": 287.0,
          "change_pct": -12.6
        },
        "202506": {
          "cy": 151.0,
          "py": 145.0,
          "change_pct": 4.3
        }
      }
    },
    {
      "shop_cd": "CN5616",
      "shop_en_nm": "JIAXING BABAIBAN KIDS",
      "total_cy": 1715.0,
      "total_py": 1893.0,
      "total_change_pct": -9.4,
      "months": {
        "202501": {
          "cy": 523.0,
          "py": 362.0,
          "change_pct": 44.5
        },
        "202502": {
          "cy": 118.0,
          "py": 541.0,
          "change_pct": -78.2
        },
        "202503": {
          "cy": 213.0,
          "py": 215.0,
          "change_pct": -0.7
        },
        "202504": {
          "cy": 287.0,
          "py": 232.0,
          "change_pct": 23.6
        },
        "202505": {
          "cy": 285.0,
          "py": 301.0,
          "change_pct": -5.3
        },
        "202506": {
          "cy": 288.0,
          "py": 242.0,
          "change_pct": 19.2
        }
      }
    },
    {
      "shop_cd": "CN5221",
      "shop_en_nm": "HARBIN YUANDA KIDS",
      "total_cy": 1700.0,
      "total_py": 2057.0,
      "total_change_pct": -17.3,
      "months": {
        "202501": {
          "cy": 501.0,
          "py": 460.0,
          "change_pct": 9.0
        },
        "202502": {
          "cy": 141.0,
          "py": 294.0,
          "change_pct": -52.0
        },
        "202503": {
          "cy": 206.0,
          "py": 183.0,
          "change_pct": 12.5
        },
        "202504": {
          "cy": 242.0,
          "py": 473.0,
          "change_pct": -48.9
        },
        "202505": {
          "cy": 300.0,
          "py": 388.0,
          "change_pct": -22.7
        },
        "202506": {
          "cy": 310.0,
          "py": 258.0,
          "change_pct": 20.0
        }
      }
    },
    {
      "shop_cd": "CN6349",
      "shop_en_nm": "BEIJING CAPITAL OUTLET",
      "total_cy": 1678.0,
      "total_py": 0.0,
      "total_change_pct": 0,
      "months": {
        "202501": {
          "cy": 741.0,
          "py": 0.0,
          "change_pct": 0
        },
        "202502": {
          "cy": 158.0,
          "py": 0.0,
          "change_pct": 0
        },
        "202503": {
          "cy": 207.0,
          "py": 0.0,
          "change_pct": 0
        },
        "202504": {
          "cy": 251.0,
          "py": 0.0,
          "change_pct": 0
        },
        "202505": {
          "cy": 225.0,
          "py": 0.0,
          "change_pct": 0
        },
        "202506": {
          "cy": 97.0,
          "py": 0.0,
          "change_pct": 0
        }
      }
    },
    {
      "shop_cd": "CN6083",
      "shop_en_nm": "DAQING NEW-MART KIDS",
      "total_cy": 1671.0,
      "total_py": 1334.0,
      "total_change_pct": 25.2,
      "months": {
        "202501": {
          "cy": 631.0,
          "py": 369.0,
          "change_pct": 70.7
        },
        "202502": {
          "cy": 161.0,
          "py": 218.0,
          "change_pct": -26.4
        },
        "202503": {
          "cy": 258.0,
          "py": 207.0,
          "change_pct": 24.5
        },
        "202504": {
          "cy": 190.0,
          "py": 227.0,
          "change_pct": -16.4
        },
        "202505": {
          "cy": 243.0,
          "py": 175.0,
          "change_pct": 39.2
        },
        "202506": {
          "cy": 189.0,
          "py": 138.0,
          "change_pct": 37.0
        }
      }
    },
    {
      "shop_cd": "CN5687",
      "shop_en_nm": "XI＇AN SAGA KIDS",
      "total_cy": 1646.0,
      "total_py": 1888.0,
      "total_change_pct": -12.8,
      "months": {
        "202501": {
          "cy": 376.0,
          "py": 521.0,
          "change_pct": -27.9
        },
        "202502": {
          "cy": 141.0,
          "py": 419.0,
          "change_pct": -66.4
        },
        "202503": {
          "cy": 356.0,
          "py": 258.0,
          "change_pct": 37.9
        },
        "202504": {
          "cy": 363.0,
          "py": 329.0,
          "change_pct": 10.5
        },
        "202505": {
          "cy": 265.0,
          "py": 283.0,
          "change_pct": -6.3
        },
        "202506": {
          "cy": 145.0,
          "py": 77.0,
          "change_pct": 87.4
        }
      }
    },
    {
      "shop_cd": "CN5696",
      "shop_en_nm": "CHANGSHA IFS KIDS",
      "total_cy": 1611.0,
      "total_py": 1974.0,
      "total_change_pct": -18.4,
      "months": {
        "202501": {
          "cy": 491.0,
          "py": 363.0,
          "change_pct": 35.5
        },
        "202502": {
          "cy": 141.0,
          "py": 483.0,
          "change_pct": -70.9
        },
        "202503": {
          "cy": 205.0,
          "py": 236.0,
          "change_pct": -13.1
        },
        "202504": {
          "cy": 301.0,
          "py": 275.0,
          "change_pct": 9.3
        },
        "202505": {
          "cy": 303.0,
          "py": 421.0,
          "change_pct": -28.0
        },
        "202506": {
          "cy": 169.0,
          "py": 196.0,
          "change_pct": -13.4
        }
      }
    },
    {
      "shop_cd": "CN5759",
      "shop_en_nm": "JINAN THE MIXC KIDS",
      "total_cy": 1605.0,
      "total_py": 2342.0,
      "total_change_pct": -31.5,
      "months": {
        "202501": {
          "cy": 618.0,
          "py": 640.0,
          "change_pct": -3.6
        },
        "202502": {
          "cy": 167.0,
          "py": 645.0,
          "change_pct": -74.1
        },
        "202503": {
          "cy": 170.0,
          "py": 259.0,
          "change_pct": -34.3
        },
        "202504": {
          "cy": 256.0,
          "py": 341.0,
          "change_pct": -25.1
        },
        "202505": {
          "cy": 135.0,
          "py": 243.0,
          "change_pct": -44.5
        },
        "202506": {
          "cy": 259.0,
          "py": 212.0,
          "change_pct": 22.1
        }
      }
    },
    {
      "shop_cd": "CN5816",
      "shop_en_nm": "YANGZHOU SHAZHICHUAN OUTLET KIDS",
      "total_cy": 1583.0,
      "total_py": 1265.0,
      "total_change_pct": 25.2,
      "months": {
        "202501": {
          "cy": 593.0,
          "py": 329.0,
          "change_pct": 80.3
        },
        "202502": {
          "cy": 166.0,
          "py": 243.0,
          "change_pct": -31.7
        },
        "202503": {
          "cy": 196.0,
          "py": 157.0,
          "change_pct": 24.8
        },
        "202504": {
          "cy": 255.0,
          "py": 164.0,
          "change_pct": 55.2
        },
        "202505": {
          "cy": 232.0,
          "py": 209.0,
          "change_pct": 10.8
        },
        "202506": {
          "cy": 142.0,
          "py": 163.0,
          "change_pct": -13.1
        }
      }
    },
    {
      "shop_cd": "CN5681",
      "shop_en_nm": "NANJING SHAZHICHUAN OUTLET",
      "total_cy": 1477.0,
      "total_py": 1767.0,
      "total_change_pct": -16.4,
      "months": {
        "202501": {
          "cy": 572.0,
          "py": 407.0,
          "change_pct": 40.6
        },
        "202502": {
          "cy": 182.0,
          "py": 317.0,
          "change_pct": -42.7
        },
        "202503": {
          "cy": 190.0,
          "py": 245.0,
          "change_pct": -22.3
        },
        "202504": {
          "cy": 194.0,
          "py": 292.0,
          "change_pct": -33.6
        },
        "202505": {
          "cy": 207.0,
          "py": 311.0,
          "change_pct": -33.5
        },
        "202506": {
          "cy": 133.0,
          "py": 195.0,
          "change_pct": -32.1
        }
      }
    },
    {
      "shop_cd": "CN5855",
      "shop_en_nm": "QINGDAO THE MIXC KIDS",
      "total_cy": 1425.0,
      "total_py": 1974.0,
      "total_change_pct": -27.8,
      "months": {
        "202501": {
          "cy": 546.0,
          "py": 367.0,
          "change_pct": 48.6
        },
        "202502": {
          "cy": 111.0,
          "py": 451.0,
          "change_pct": -75.5
        },
        "202503": {
          "cy": 131.0,
          "py": 223.0,
          "change_pct": -41.3
        },
        "202504": {
          "cy": 242.0,
          "py": 311.0,
          "change_pct": -22.2
        },
        "202505": {
          "cy": 230.0,
          "py": 363.0,
          "change_pct": -36.6
        },
        "202506": {
          "cy": 166.0,
          "py": 260.0,
          "change_pct": -36.0
        }
      }
    },
    {
      "shop_cd": "CN6338",
      "shop_en_nm": "CHONGQING LONGHU SHIDAITIANJIE",
      "total_cy": 1327.0,
      "total_py": 0.0,
      "total_change_pct": 0,
      "months": {
        "202501": {
          "cy": 370.0,
          "py": 0.0,
          "change_pct": 0
        },
        "202502": {
          "cy": 172.0,
          "py": 0.0,
          "change_pct": 0
        },
        "202503": {
          "cy": 178.0,
          "py": 0.0,
          "change_pct": 0
        },
        "202504": {
          "cy": 262.0,
          "py": 0.0,
          "change_pct": 0
        },
        "202505": {
          "cy": 221.0,
          "py": 0.0,
          "change_pct": 0
        },
        "202506": {
          "cy": 124.0,
          "py": 0.0,
          "change_pct": 0
        }
      }
    },
    {
      "shop_cd": "CN6085",
      "shop_en_nm": "HARBIN SHANSHAN OUTLET KIDS",
      "total_cy": 1307.0,
      "total_py": 1144.0,
      "total_change_pct": 14.2,
      "months": {
        "202501": {
          "cy": 366.0,
          "py": 204.0,
          "change_pct": 79.0
        },
        "202502": {
          "cy": 150.0,
          "py": 185.0,
          "change_pct": -18.9
        },
        "202503": {
          "cy": 165.0,
          "py": 139.0,
          "change_pct": 18.0
        },
        "202504": {
          "cy": 233.0,
          "py": 179.0,
          "change_pct": 30.4
        },
        "202505": {
          "cy": 233.0,
          "py": 295.0,
          "change_pct": -20.8
        },
        "202506": {
          "cy": 160.0,
          "py": 143.0,
          "change_pct": 12.4
        }
      }
    },
    {
      "shop_cd": "CN5574",
      "shop_en_nm": "KUNMING HENGLONG KIDS",
      "total_cy": 1302.0,
      "total_py": 1175.0,
      "total_change_pct": 10.8,
      "months": {
        "202501": {
          "cy": 405.0,
          "py": 234.0,
          "change_pct": 72.8
        },
        "202502": {
          "cy": 120.0,
          "py": 288.0,
          "change_pct": -58.2
        },
        "202503": {
          "cy": 162.0,
          "py": 170.0,
          "change_pct": -4.5
        },
        "202504": {
          "cy": 162.0,
          "py": 164.0,
          "change_pct": -1.1
        },
        "202505": {
          "cy": 280.0,
          "py": 185.0,
          "change_pct": 51.6
        },
        "202506": {
          "cy": 172.0,
          "py": 134.0,
          "change_pct": 28.0
        }
      }
    },
    {
      "shop_cd": "CN5618",
      "shop_en_nm": "TAIYUAN WANGFUJING KIDS",
      "total_cy": 1300.0,
      "total_py": 1618.0,
      "total_change_pct": -19.7,
      "months": {
        "202501": {
          "cy": 589.0,
          "py": 567.0,
          "change_pct": 3.8
        },
        "202502": {
          "cy": 63.0,
          "py": 182.0,
          "change_pct": -65.3
        },
        "202503": {
          "cy": 178.0,
          "py": 228.0,
          "change_pct": -22.1
        },
        "202504": {
          "cy": 191.0,
          "py": 230.0,
          "change_pct": -17.0
        },
        "202505": {
          "cy": 190.0,
          "py": 287.0,
          "change_pct": -33.8
        },
        "202506": {
          "cy": 90.0,
          "py": 124.0,
          "change_pct": -27.7
        }
      }
    },
    {
      "shop_cd": "CN5820",
      "shop_en_nm": "JIAMUSI NEW MART KIDS",
      "total_cy": 1299.0,
      "total_py": 1452.0,
      "total_change_pct": -10.5,
      "months": {
        "202501": {
          "cy": 392.0,
          "py": 397.0,
          "change_pct": -1.1
        },
        "202502": {
          "cy": 111.0,
          "py": 320.0,
          "change_pct": -65.4
        },
        "202503": {
          "cy": 147.0,
          "py": 163.0,
          "change_pct": -9.8
        },
        "202504": {
          "cy": 199.0,
          "py": 206.0,
          "change_pct": -3.2
        },
        "202505": {
          "cy": 326.0,
          "py": 215.0,
          "change_pct": 51.4
        },
        "202506": {
          "cy": 124.0,
          "py": 152.0,
          "change_pct": -18.1
        }
      }
    },
    {
      "shop_cd": "CN5995",
      "shop_en_nm": "YANJI BAIHUODALOU KIDS",
      "total_cy": 1291.0,
      "total_py": 1168.0,
      "total_change_pct": 10.6,
      "months": {
        "202501": {
          "cy": 318.0,
          "py": 237.0,
          "change_pct": 34.3
        },
        "202502": {
          "cy": 212.0,
          "py": 338.0,
          "change_pct": -37.4
        },
        "202503": {
          "cy": 198.0,
          "py": 141.0,
          "change_pct": 40.5
        },
        "202504": {
          "cy": 155.0,
          "py": 139.0,
          "change_pct": 11.8
        },
        "202505": {
          "cy": 263.0,
          "py": 200.0,
          "change_pct": 31.3
        },
        "202506": {
          "cy": 145.0,
          "py": 112.0,
          "change_pct": 29.3
        }
      }
    },
    {
      "shop_cd": "CN6332",
      "shop_en_nm": "XI‘AN SHAZHICHUAN OUTLET",
      "total_cy": 1288.0,
      "total_py": 0.0,
      "total_change_pct": 0,
      "months": {
        "202501": {
          "cy": 412.0,
          "py": 0.0,
          "change_pct": 0
        },
        "202502": {
          "cy": 168.0,
          "py": 0.0,
          "change_pct": 0
        },
        "202503": {
          "cy": 265.0,
          "py": 0.0,
          "change_pct": 0
        },
        "202504": {
          "cy": 229.0,
          "py": 0.0,
          "change_pct": 0
        },
        "202505": {
          "cy": 129.0,
          "py": 0.0,
          "change_pct": 0
        },
        "202506": {
          "cy": 85.0,
          "py": 0.0,
          "change_pct": 0
        }
      }
    },
    {
      "shop_cd": "CN6358",
      "shop_en_nm": "BEIJING YANSHA OUTLET",
      "total_cy": 1271.0,
      "total_py": 0.0,
      "total_change_pct": 0,
      "months": {
        "202501": {
          "cy": 471.0,
          "py": 0.0,
          "change_pct": 0
        },
        "202502": {
          "cy": 125.0,
          "py": 0.0,
          "change_pct": 0
        },
        "202503": {
          "cy": 166.0,
          "py": 0.0,
          "change_pct": 0
        },
        "202504": {
          "cy": 189.0,
          "py": 0.0,
          "change_pct": 0
        },
        "202505": {
          "cy": 200.0,
          "py": 0.0,
          "change_pct": 0
        },
        "202506": {
          "cy": 120.0,
          "py": 0.0,
          "change_pct": 0
        }
      }
    },
    {
      "shop_cd": "CN5267",
      "shop_en_nm": "KUNMING PARKSON KIDS",
      "total_cy": 1260.0,
      "total_py": 1020.0,
      "total_change_pct": 23.6,
      "months": {
        "202501": {
          "cy": 508.0,
          "py": 259.0,
          "change_pct": 96.2
        },
        "202502": {
          "cy": 62.0,
          "py": 200.0,
          "change_pct": -68.9
        },
        "202503": {
          "cy": 103.0,
          "py": 134.0,
          "change_pct": -22.9
        },
        "202504": {
          "cy": 200.0,
          "py": 146.0,
          "change_pct": 37.4
        },
        "202505": {
          "cy": 219.0,
          "py": 150.0,
          "change_pct": 45.9
        },
        "202506": {
          "cy": 167.0,
          "py": 131.0,
          "change_pct": 27.8
        }
      }
    },
    {
      "shop_cd": "CN5892",
      "shop_en_nm": "WUHAN WUSHANGGUANGCHANG KIDS",
      "total_cy": 1253.0,
      "total_py": 1644.0,
      "total_change_pct": -23.8,
      "months": {
        "202501": {
          "cy": 430.0,
          "py": 370.0,
          "change_pct": 16.1
        },
        "202502": {
          "cy": 97.0,
          "py": 325.0,
          "change_pct": -70.2
        },
        "202503": {
          "cy": 148.0,
          "py": 198.0,
          "change_pct": -25.5
        },
        "202504": {
          "cy": 224.0,
          "py": 254.0,
          "change_pct": -11.9
        },
        "202505": {
          "cy": 228.0,
          "py": 348.0,
          "change_pct": -34.5
        },
        "202506": {
          "cy": 126.0,
          "py": 149.0,
          "change_pct": -15.3
        }
      }
    },
    {
      "shop_cd": "CN5821",
      "shop_en_nm": "WUHAN GUOJIGUANGCHANG KIDS",
      "total_cy": 1244.0,
      "total_py": 1715.0,
      "total_change_pct": -27.4,
      "months": {
        "202501": {
          "cy": 450.0,
          "py": 444.0,
          "change_pct": 1.2
        },
        "202502": {
          "cy": 113.0,
          "py": 339.0,
          "change_pct": -66.5
        },
        "202503": {
          "cy": 212.0,
          "py": 252.0,
          "change_pct": -15.7
        },
        "202504": {
          "cy": 151.0,
          "py": 242.0,
          "change_pct": -37.6
        },
        "202505": {
          "cy": 222.0,
          "py": 310.0,
          "change_pct": -28.3
        },
        "202506": {
          "cy": 96.0,
          "py": 128.0,
          "change_pct": -25.4
        }
      }
    },
    {
      "shop_cd": "CN5894",
      "shop_en_nm": "CHENGDU FLORENTIA VILLAGE KIDS",
      "total_cy": 1181.0,
      "total_py": 1654.0,
      "total_change_pct": -28.6,
      "months": {
        "202501": {
          "cy": 367.0,
          "py": 432.0,
          "change_pct": -15.0
        },
        "202502": {
          "cy": 124.0,
          "py": 415.0,
          "change_pct": -70.0
        },
        "202503": {
          "cy": 158.0,
          "py": 246.0,
          "change_pct": -35.8
        },
        "202504": {
          "cy": 215.0,
          "py": 186.0,
          "change_pct": 15.3
        },
        "202505": {
          "cy": 218.0,
          "py": 226.0,
          "change_pct": -3.6
        },
        "202506": {
          "cy": 99.0,
          "py": 149.0,
          "change_pct": -33.9
        }
      }
    },
    {
      "shop_cd": "CN6071",
      "shop_en_nm": "XIAMEN SHANGBO OUTLET KIDS",
      "total_cy": 1171.0,
      "total_py": 1094.0,
      "total_change_pct": 7.1,
      "months": {
        "202501": {
          "cy": 509.0,
          "py": 328.0,
          "change_pct": 55.5
        },
        "202502": {
          "cy": 110.0,
          "py": 243.0,
          "change_pct": -54.8
        },
        "202503": {
          "cy": 119.0,
          "py": 133.0,
          "change_pct": -10.7
        },
        "202504": {
          "cy": 183.0,
          "py": 137.0,
          "change_pct": 33.2
        },
        "202505": {
          "cy": 151.0,
          "py": 129.0,
          "change_pct": 16.8
        },
        "202506": {
          "cy": 99.0,
          "py": 123.0,
          "change_pct": -19.8
        }
      }
    },
    {
      "shop_cd": "CN6356",
      "shop_en_nm": "BEIJING HUAXIANG OUTLET KIDS",
      "total_cy": 1170.0,
      "total_py": 0.0,
      "total_change_pct": 0,
      "months": {
        "202501": {
          "cy": 453.0,
          "py": 0.0,
          "change_pct": 0
        },
        "202502": {
          "cy": 177.0,
          "py": 0.0,
          "change_pct": 0
        },
        "202503": {
          "cy": 161.0,
          "py": 0.0,
          "change_pct": 0
        },
        "202504": {
          "cy": 153.0,
          "py": 0.0,
          "change_pct": 0
        },
        "202505": {
          "cy": 138.0,
          "py": 0.0,
          "change_pct": 0
        },
        "202506": {
          "cy": 87.0,
          "py": 0.0,
          "change_pct": 0
        }
      }
    },
    {
      "shop_cd": "CN5627",
      "shop_en_nm": "HAIKOU WANXIANGCHENG KIDS",
      "total_cy": 1158.0,
      "total_py": 1598.0,
      "total_change_pct": -27.6,
      "months": {
        "202501": {
          "cy": 571.0,
          "py": 416.0,
          "change_pct": 37.3
        },
        "202502": {
          "cy": 183.0,
          "py": 723.0,
          "change_pct": -74.7
        },
        "202503": {
          "cy": 93.0,
          "py": 140.0,
          "change_pct": -34.1
        },
        "202504": {
          "cy": 110.0,
          "py": 123.0,
          "change_pct": -10.4
        },
        "202505": {
          "cy": 109.0,
          "py": 105.0,
          "change_pct": 3.4
        },
        "202506": {
          "cy": 93.0,
          "py": 91.0,
          "change_pct": 2.4
        }
      }
    },
    {
      "shop_cd": "CN6108",
      "shop_en_nm": "HANGZHOU INTIME-CHENGXI KIDS",
      "total_cy": 1148.0,
      "total_py": 1094.0,
      "total_change_pct": 5.0,
      "months": {
        "202501": {
          "cy": 348.0,
          "py": 220.0,
          "change_pct": 58.4
        },
        "202502": {
          "cy": 57.0,
          "py": 261.0,
          "change_pct": -78.2
        },
        "202503": {
          "cy": 150.0,
          "py": 241.0,
          "change_pct": -37.5
        },
        "202504": {
          "cy": 157.0,
          "py": 128.0,
          "change_pct": 23.2
        },
        "202505": {
          "cy": 250.0,
          "py": 125.0,
          "change_pct": 99.8
        },
        "202506": {
          "cy": 185.0,
          "py": 120.0,
          "change_pct": 54.7
        }
      }
    },
    {
      "shop_cd": "CN5354",
      "shop_en_nm": "HAERBIN XICHENGHONGCHANG KIDS",
      "total_cy": 1107.0,
      "total_py": 1446.0,
      "total_change_pct": -23.4,
      "months": {
        "202501": {
          "cy": 318.0,
          "py": 319.0,
          "change_pct": -0.2
        },
        "202502": {
          "cy": 142.0,
          "py": 278.0,
          "change_pct": -48.9
        },
        "202503": {
          "cy": 128.0,
          "py": 212.0,
          "change_pct": -39.7
        },
        "202504": {
          "cy": 171.0,
          "py": 271.0,
          "change_pct": -36.9
        },
        "202505": {
          "cy": 189.0,
          "py": 223.0,
          "change_pct": -14.9
        },
        "202506": {
          "cy": 159.0,
          "py": 144.0,
          "change_pct": 10.2
        }
      }
    },
    {
      "shop_cd": "CN5695",
      "shop_en_nm": "XIAMEN SM KIDS",
      "total_cy": 1095.0,
      "total_py": 1057.0,
      "total_change_pct": 3.5,
      "months": {
        "202501": {
          "cy": 443.0,
          "py": 288.0,
          "change_pct": 54.1
        },
        "202502": {
          "cy": 62.0,
          "py": 206.0,
          "change_pct": -70.0
        },
        "202503": {
          "cy": 143.0,
          "py": 161.0,
          "change_pct": -10.9
        },
        "202504": {
          "cy": 155.0,
          "py": 129.0,
          "change_pct": 20.7
        },
        "202505": {
          "cy": 179.0,
          "py": 167.0,
          "change_pct": 6.9
        },
        "202506": {
          "cy": 112.0,
          "py": 106.0,
          "change_pct": 5.1
        }
      }
    },
    {
      "shop_cd": "CN5349",
      "shop_en_nm": "HAIKOU YOUYI YANGGUANGCHENG KIDS",
      "total_cy": 1087.0,
      "total_py": 1583.0,
      "total_change_pct": -31.3,
      "months": {
        "202501": {
          "cy": 576.0,
          "py": 470.0,
          "change_pct": 22.6
        },
        "202502": {
          "cy": 130.0,
          "py": 530.0,
          "change_pct": -75.5
        },
        "202503": {
          "cy": 94.0,
          "py": 157.0,
          "change_pct": -40.0
        },
        "202504": {
          "cy": 101.0,
          "py": 146.0,
          "change_pct": -30.5
        },
        "202505": {
          "cy": 112.0,
          "py": 168.0,
          "change_pct": -33.1
        },
        "202506": {
          "cy": 74.0,
          "py": 113.0,
          "change_pct": -34.6
        }
      }
    },
    {
      "shop_cd": "CN5815",
      "shop_en_nm": "CHENGDU THE MIXC (3F) KIDS",
      "total_cy": 1085.0,
      "total_py": 1625.0,
      "total_change_pct": -33.3,
      "months": {
        "202501": {
          "cy": 336.0,
          "py": 320.0,
          "change_pct": 5.2
        },
        "202502": {
          "cy": 110.0,
          "py": 364.0,
          "change_pct": -69.9
        },
        "202503": {
          "cy": 127.0,
          "py": 230.0,
          "change_pct": -44.7
        },
        "202504": {
          "cy": 172.0,
          "py": 231.0,
          "change_pct": -25.7
        },
        "202505": {
          "cy": 246.0,
          "py": 325.0,
          "change_pct": -24.4
        },
        "202506": {
          "cy": 94.0,
          "py": 155.0,
          "change_pct": -39.4
        }
      }
    },
    {
      "shop_cd": "CN6047",
      "shop_en_nm": "QIQIHAER BAIHUODALOU KIDS",
      "total_cy": 1074.0,
      "total_py": 1338.0,
      "total_change_pct": -19.8,
      "months": {
        "202501": {
          "cy": 392.0,
          "py": 325.0,
          "change_pct": 20.6
        },
        "202502": {
          "cy": 80.0,
          "py": 268.0,
          "change_pct": -70.0
        },
        "202503": {
          "cy": 127.0,
          "py": 220.0,
          "change_pct": -42.3
        },
        "202504": {
          "cy": 114.0,
          "py": 179.0,
          "change_pct": -36.4
        },
        "202505": {
          "cy": 247.0,
          "py": 235.0,
          "change_pct": 5.2
        },
        "202506": {
          "cy": 113.0,
          "py": 110.0,
          "change_pct": 2.5
        }
      }
    },
    {
      "shop_cd": "CN5691",
      "shop_en_nm": "DALIAN HENGLONG KIDS",
      "total_cy": 1051.0,
      "total_py": 1704.0,
      "total_change_pct": -38.4,
      "months": {
        "202501": {
          "cy": 385.0,
          "py": 380.0,
          "change_pct": 1.2
        },
        "202502": {
          "cy": 89.0,
          "py": 260.0,
          "change_pct": -65.8
        },
        "202503": {
          "cy": 153.0,
          "py": 238.0,
          "change_pct": -35.6
        },
        "202504": {
          "cy": 149.0,
          "py": 302.0,
          "change_pct": -50.8
        },
        "202505": {
          "cy": 155.0,
          "py": 337.0,
          "change_pct": -54.2
        },
        "202506": {
          "cy": 120.0,
          "py": 186.0,
          "change_pct": -35.5
        }
      }
    },
    {
      "shop_cd": "CN5865",
      "shop_en_nm": "SUZHOU KUNSHAN WANXIANGHUI KIDS",
      "total_cy": 1048.0,
      "total_py": 1201.0,
      "total_change_pct": -12.7,
      "months": {
        "202501": {
          "cy": 252.0,
          "py": 327.0,
          "change_pct": -22.8
        },
        "202502": {
          "cy": 105.0,
          "py": 207.0,
          "change_pct": -49.0
        },
        "202503": {
          "cy": 195.0,
          "py": 224.0,
          "change_pct": -12.7
        },
        "202504": {
          "cy": 163.0,
          "py": 142.0,
          "change_pct": 14.9
        },
        "202505": {
          "cy": 196.0,
          "py": 179.0,
          "change_pct": 9.3
        },
        "202506": {
          "cy": 136.0,
          "py": 123.0,
          "change_pct": 10.9
        }
      }
    },
    {
      "shop_cd": "CN5829",
      "shop_en_nm": "ZHENGZHOU ZHENGHONGCHENG KIDS",
      "total_cy": 1048.0,
      "total_py": 1351.0,
      "total_change_pct": -22.4,
      "months": {
        "202501": {
          "cy": 316.0,
          "py": 272.0,
          "change_pct": 16.0
        },
        "202502": {
          "cy": 82.0,
          "py": 304.0,
          "change_pct": -73.1
        },
        "202503": {
          "cy": 243.0,
          "py": 190.0,
          "change_pct": 27.6
        },
        "202504": {
          "cy": 182.0,
          "py": 263.0,
          "change_pct": -30.8
        },
        "202505": {
          "cy": 158.0,
          "py": 206.0,
          "change_pct": -23.3
        },
        "202506": {
          "cy": 68.0,
          "py": 116.0,
          "change_pct": -41.5
        }
      }
    },
    {
      "shop_cd": "CN5261",
      "shop_en_nm": "WUXI DADONGFANG KIDS",
      "total_cy": 1029.0,
      "total_py": 1102.0,
      "total_change_pct": -6.6,
      "months": {
        "202501": {
          "cy": 387.0,
          "py": 263.0,
          "change_pct": 47.0
        },
        "202502": {
          "cy": 92.0,
          "py": 256.0,
          "change_pct": -63.9
        },
        "202503": {
          "cy": 149.0,
          "py": 143.0,
          "change_pct": 3.9
        },
        "202504": {
          "cy": 155.0,
          "py": 146.0,
          "change_pct": 6.3
        },
        "202505": {
          "cy": 148.0,
          "py": 181.0,
          "change_pct": -18.1
        },
        "202506": {
          "cy": 98.0,
          "py": 113.0,
          "change_pct": -13.5
        }
      }
    },
    {
      "shop_cd": "CN5699",
      "shop_en_nm": "ZHANGJIAGANG MANBAT KIDS",
      "total_cy": 1022.0,
      "total_py": 980.0,
      "total_change_pct": 4.3,
      "months": {
        "202501": {
          "cy": 417.0,
          "py": 180.0,
          "change_pct": 131.5
        },
        "202502": {
          "cy": 87.0,
          "py": 256.0,
          "change_pct": -66.2
        },
        "202503": {
          "cy": 146.0,
          "py": 156.0,
          "change_pct": -6.3
        },
        "202504": {
          "cy": 128.0,
          "py": 113.0,
          "change_pct": 13.3
        },
        "202505": {
          "cy": 162.0,
          "py": 188.0,
          "change_pct": -14.1
        },
        "202506": {
          "cy": 82.0,
          "py": 86.0,
          "change_pct": -4.4
        }
      }
    },
    {
      "shop_cd": "CN6004",
      "shop_en_nm": "HARBIN QUNLI YUANDA KIDS",
      "total_cy": 1010.0,
      "total_py": 1235.0,
      "total_change_pct": -18.2,
      "months": {
        "202501": {
          "cy": 340.0,
          "py": 247.0,
          "change_pct": 37.6
        },
        "202502": {
          "cy": 101.0,
          "py": 267.0,
          "change_pct": -62.2
        },
        "202503": {
          "cy": 134.0,
          "py": 221.0,
          "change_pct": -39.2
        },
        "202504": {
          "cy": 142.0,
          "py": 192.0,
          "change_pct": -26.0
        },
        "202505": {
          "cy": 202.0,
          "py": 180.0,
          "change_pct": 12.4
        },
        "202506": {
          "cy": 90.0,
          "py": 128.0,
          "change_pct": -29.3
        }
      }
    },
    {
      "shop_cd": "CN6087",
      "shop_en_nm": "CHANGCHUN THE MIXC KIDS",
      "total_cy": 966.0,
      "total_py": 954.0,
      "total_change_pct": 1.2,
      "months": {
        "202501": {
          "cy": 273.0,
          "py": 326.0,
          "change_pct": -16.1
        },
        "202502": {
          "cy": 122.0,
          "py": 194.0,
          "change_pct": -37.1
        },
        "202503": {
          "cy": 138.0,
          "py": 128.0,
          "change_pct": 7.9
        },
        "202504": {
          "cy": 122.0,
          "py": 98.0,
          "change_pct": 24.5
        },
        "202505": {
          "cy": 213.0,
          "py": 128.0,
          "change_pct": 66.3
        },
        "202506": {
          "cy": 98.0,
          "py": 81.0,
          "change_pct": 21.0
        }
      }
    },
    {
      "shop_cd": "CN5625",
      "shop_en_nm": "WUHAN WUSHANGMENGSHIDAI KIDS",
      "total_cy": 961.0,
      "total_py": 1459.0,
      "total_change_pct": -34.2,
      "months": {
        "202501": {
          "cy": 372.0,
          "py": 300.0,
          "change_pct": 24.2
        },
        "202502": {
          "cy": 112.0,
          "py": 242.0,
          "change_pct": -53.8
        },
        "202503": {
          "cy": 101.0,
          "py": 240.0,
          "change_pct": -57.8
        },
        "202504": {
          "cy": 125.0,
          "py": 249.0,
          "change_pct": -49.9
        },
        "202505": {
          "cy": 172.0,
          "py": 288.0,
          "change_pct": -40.2
        },
        "202506": {
          "cy": 79.0,
          "py": 141.0,
          "change_pct": -44.2
        }
      }
    },
    {
      "shop_cd": "CN6322",
      "shop_en_nm": "WUXI LIVAT",
      "total_cy": 954.0,
      "total_py": 127.0,
      "total_change_pct": 652.1,
      "months": {
        "202501": {
          "cy": 283.0,
          "py": 0.0,
          "change_pct": 0
        },
        "202502": {
          "cy": 89.0,
          "py": 0.0,
          "change_pct": 0
        },
        "202503": {
          "cy": 142.0,
          "py": 0.0,
          "change_pct": 0
        },
        "202504": {
          "cy": 153.0,
          "py": 0.0,
          "change_pct": 0
        },
        "202505": {
          "cy": 159.0,
          "py": 35.0,
          "change_pct": 353.9
        },
        "202506": {
          "cy": 128.0,
          "py": 92.0,
          "change_pct": 39.6
        }
      }
    },
    {
      "shop_cd": "CN6303",
      "shop_en_nm": "CHENGDU QUNGUANG",
      "total_cy": 949.0,
      "total_py": 208.0,
      "total_change_pct": 356.5,
      "months": {
        "202501": {
          "cy": 323.0,
          "py": 0.0,
          "change_pct": 0
        },
        "202502": {
          "cy": 145.0,
          "py": 0.0,
          "change_pct": 0
        },
        "202503": {
          "cy": 78.0,
          "py": 0.0,
          "change_pct": 0
        },
        "202504": {
          "cy": 146.0,
          "py": 14.0,
          "change_pct": 934.9
        },
        "202505": {
          "cy": 156.0,
          "py": 118.0,
          "change_pct": 32.9
        },
        "202506": {
          "cy": 101.0,
          "py": 76.0,
          "change_pct": 32.5
        }
      }
    }
  ],
  "raw_data": {
    "sample_records": [
      {
        "YYYYMM": "202506",
        "BRD_CD": "I",
        "SHOP_CD": "CN5353",
        "SHOP_EN_NM": "FUZHOU DONGBAI KIDS",
        "CY_SALE_AMT": 74099.0,
        "PY_SALE_AMT": 104587.0,
        "DIV": "기존점"
      },
      {
        "YYYYMM": "202506",
        "BRD_CD": "I",
        "SHOP_CD": "CN6015",
        "SHOP_EN_NM": "NANCHANG WUSHANG KIDS",
        "CY_SALE_AMT": 72442.0,
        "PY_SALE_AMT": 80765.0,
        "DIV": "기존점"
      },
      {
        "YYYYMM": "202506",
        "BRD_CD": "I",
        "SHOP_CD": "CN6047",
        "SHOP_EN_NM": "QIQIHAER BAIHUODALOU KIDS",
        "CY_SALE_AMT": 112899.0,
        "PY_SALE_AMT": 110104.0,
        "DIV": "기존점"
      },
      {
        "YYYYMM": "202506",
        "BRD_CD": "I",
        "SHOP_CD": "CN6286",
        "SHOP_EN_NM": "SHIJIAZHUANG BEIGUO OUTLET Kids",
        "CY_SALE_AMT": 108522.0,
        "PY_SALE_AMT": 117583.0,
        "DIV": "기존점"
      },
      {
        "YYYYMM": "202506",
        "BRD_CD": "I",
        "SHOP_CD": "CN5352",
        "SHOP_EN_NM": "XIAMEN THE MIXC KIDS",
        "CY_SALE_AMT": 198886.0,
        "PY_SALE_AMT": 263346.0,
        "DIV": "기존점"
      },
      {
        "YYYYMM": "202506",
        "BRD_CD": "I",
        "SHOP_CD": "CN6121",
        "SHOP_EN_NM": "TAIYUAN THE MIXC",
        "CY_SALE_AMT": 149837.0,
        "PY_SALE_AMT": 145083.0,
        "DIV": "기존점"
      },
      {
        "YYYYMM": "202506",
        "BRD_CD": "I",
        "SHOP_CD": "CN5821",
        "SHOP_EN_NM": "WUHAN GUOJIGUANGCHANG KIDS",
        "CY_SALE_AMT": 80142.91,
        "PY_SALE_AMT": 127332.87,
        "DIV": "기존점"
      },
      {
        "YYYYMM": "202506",
        "BRD_CD": "I",
        "SHOP_CD": "CN6085",
        "SHOP_EN_NM": "HARBIN SHANSHAN OUTLET KIDS",
        "CY_SALE_AMT": 160204.0,
        "PY_SALE_AMT": 142553.0,
        "DIV": "기존점"
      },
      {
        "YYYYMM": "202506",
        "BRD_CD": "I",
        "SHOP_CD": "CN6128",
        "SHOP_EN_NM": "HEZE JIAHE KIDS",
        "CY_SALE_AMT": 61302.0,
        "PY_SALE_AMT": 122354.0,
        "DIV": "기존점"
      },
      {
        "YYYYMM": "202506",
        "BRD_CD": "M",
        "SHOP_CD": "CN5683",
        "SHOP_EN_NM": "NANJING JIANGBEI SHAZHICHUAN OUTLET KIDS",
        "CY_SALE_AMT": 977.0,
        "PY_SALE_AMT": 0.0,
        "DIV": "신규점"
      },
      {
        "YYYYMM": "202506",
        "BRD_CD": "I",
        "SHOP_CD": "CN6189",
        "SHOP_EN_NM": "JINING YUNHECHENG KIDS",
        "CY_SALE_AMT": 154891.0,
        "PY_SALE_AMT": 85966.0,
        "DIV": "기존점"
      },
      {
        "YYYYMM": "202506",
        "BRD_CD": "I",
        "SHOP_CD": "CN5232",
        "SHOP_EN_NM": "CHONGQING THE MIXC KIDS",
        "CY_SALE_AMT": 82604.0,
        "PY_SALE_AMT": 108400.0,
        "DIV": "기존점"
      },
      {
        "YYYYMM": "202506",
        "BRD_CD": "I",
        "SHOP_CD": "CN5865",
        "SHOP_EN_NM": "SUZHOU KUNSHAN WANXIANGHUI KIDS",
        "CY_SALE_AMT": 135963.0,
        "PY_SALE_AMT": 122649.0,
        "DIV": "기존점"
      },
      {
        "YYYYMM": "202506",
        "BRD_CD": "I",
        "SHOP_CD": "CN6145",
        "SHOP_EN_NM": "KUNMING QICAI YUNNAN DIYICHENG KIDS",
        "CY_SALE_AMT": 150295.0,
        "PY_SALE_AMT": 121676.0,
        "DIV": "기존점"
      },
      {
        "YYYYMM": "202506",
        "BRD_CD": "M",
        "SHOP_CD": "CN5615",
        "SHOP_EN_NM": "NANJING XINBAI KIDS",
        "CY_SALE_AMT": 1535.0,
        "PY_SALE_AMT": 0.0,
        "DIV": "신규점"
      },
      {
        "YYYYMM": "202506",
        "BRD_CD": "I",
        "SHOP_CD": "CN6114",
        "SHOP_EN_NM": "DALIAN ANSHENG KIDS",
        "CY_SALE_AMT": 54430.0,
        "PY_SALE_AMT": 74907.0,
        "DIV": "기존점"
      },
      {
        "YYYYMM": "202506",
        "BRD_CD": "I",
        "SHOP_CD": "CN5267",
        "SHOP_EN_NM": "KUNMING PARKSON KIDS",
        "CY_SALE_AMT": 166881.0,
        "PY_SALE_AMT": 130534.0,
        "DIV": "기존점"
      },
      {
        "YYYYMM": "202506",
        "BRD_CD": "M",
        "SHOP_CD": "CN6355",
        "SHOP_EN_NM": "ZHENGZHOU ERQI SHANSHAN OUTLET",
        "CY_SALE_AMT": 1029.0,
        "PY_SALE_AMT": 0.0,
        "DIV": "신규점"
      },
      {
        "YYYYMM": "202506",
        "BRD_CD": "I",
        "SHOP_CD": "CN6403",
        "SHOP_EN_NM": "HEFEI SHAZHICHUAN OUTLET KIDS",
        "CY_SALE_AMT": 58476.0,
        "PY_SALE_AMT": 0.0,
        "DIV": "신규점"
      },
      {
        "YYYYMM": "202506",
        "BRD_CD": "I",
        "SHOP_CD": "CN6395",
        "SHOP_EN_NM": "SHENYANG SHENJIN OUTLET",
        "CY_SALE_AMT": 486487.0,
        "PY_SALE_AMT": 0.0,
        "DIV": "신규점"
      },
      {
        "YYYYMM": "202506",
        "BRD_CD": "M",
        "SHOP_CD": "CN6133",
        "SHOP_EN_NM": "ZHENGZHOU DANNISI WUTIANDI KIDS",
        "CY_SALE_AMT": 805.0,
        "PY_SALE_AMT": 0.0,
        "DIV": "신규점"
      },
      {
        "YYYYMM": "202506",
        "BRD_CD": "I",
        "SHOP_CD": "CN6259",
        "SHOP_EN_NM": "LINYI TAISHENG KIDS",
        "CY_SALE_AMT": 55879.0,
        "PY_SALE_AMT": 250820.0,
        "DIV": "기존점"
      },
      {
        "YYYYMM": "202506",
        "BRD_CD": "I",
        "SHOP_CD": "CN6004",
        "SHOP_EN_NM": "HARBIN QUNLI YUANDA KIDS",
        "CY_SALE_AMT": 90477.0,
        "PY_SALE_AMT": 128005.0,
        "DIV": "기존점"
      },
      {
        "YYYYMM": "202506",
        "BRD_CD": "I",
        "SHOP_CD": "CN5619",
        "SHOP_EN_NM": "HUZHOU ZHEBEI BUILDINGN KIDS",
        "CY_SALE_AMT": 80065.0,
        "PY_SALE_AMT": 103220.9,
        "DIV": "기존점"
      },
      {
        "YYYYMM": "202506",
        "BRD_CD": "I",
        "SHOP_CD": "CN5694",
        "SHOP_EN_NM": "CHANGZHOU WUJIN WUYUE KIDS",
        "CY_SALE_AMT": 81971.0,
        "PY_SALE_AMT": 122880.0,
        "DIV": "기존점"
      },
      {
        "YYYYMM": "202506",
        "BRD_CD": "I",
        "SHOP_CD": "CN5427",
        "SHOP_EN_NM": "CHANGCHUN OUYASHANGDU KIDS",
        "CY_SALE_AMT": 61426.0,
        "PY_SALE_AMT": 79221.0,
        "DIV": "기존점"
      },
      {
        "YYYYMM": "202506",
        "BRD_CD": "I",
        "SHOP_CD": "CN5781",
        "SHOP_EN_NM": "CHENGDU KEHUAWANGFUJING KIDS",
        "CY_SALE_AMT": 86696.0,
        "PY_SALE_AMT": 81516.0,
        "DIV": "기존점"
      },
      {
        "YYYYMM": "202506",
        "BRD_CD": "I",
        "SHOP_CD": "CN6208",
        "SHOP_EN_NM": "CHANGCHUN OUYASHANGDU KIDS",
        "CY_SALE_AMT": 89773.0,
        "PY_SALE_AMT": 92416.0,
        "DIV": "기존점"
      },
      {
        "YYYYMM": "202506",
        "BRD_CD": "I",
        "SHOP_CD": "CN6349",
        "SHOP_EN_NM": "BEIJING CAPITAL OUTLET",
        "CY_SALE_AMT": 96914.0,
        "PY_SALE_AMT": 0.0,
        "DIV": "신규점"
      },
      {
        "YYYYMM": "202506",
        "BRD_CD": "M",
        "SHOP_CD": "CN5828",
        "SHOP_EN_NM": "XUZHOU JINYING KIDS",
        "CY_SALE_AMT": 1196.0,
        "PY_SALE_AMT": 0.0,
        "DIV": "신규점"
      },
      {
        "YYYYMM": "202506",
        "BRD_CD": "I",
        "SHOP_CD": "CN6087",
        "SHOP_EN_NM": "CHANGCHUN THE MIXC KIDS",
        "CY_SALE_AMT": 97725.0,
        "PY_SALE_AMT": 80758.0,
        "DIV": "기존점"
      },
      {
        "YYYYMM": "202506",
        "BRD_CD": "I",
        "SHOP_CD": "CN5614",
        "SHOP_EN_NM": "HUAIAN XINYA KIDS",
        "CY_SALE_AMT": 83464.0,
        "PY_SALE_AMT": 113404.0,
        "DIV": "기존점"
      },
      {
        "YYYYMM": "202506",
        "BRD_CD": "I",
        "SHOP_CD": "CN5449",
        "SHOP_EN_NM": "ZTE TOWER KIDS",
        "CY_SALE_AMT": 102351.0,
        "PY_SALE_AMT": 81802.0,
        "DIV": "기존점"
      },
      {
        "YYYYMM": "202506",
        "BRD_CD": "M",
        "SHOP_CD": "CN5626",
        "SHOP_EN_NM": "SUQIAN JINYING KIDS",
        "CY_SALE_AMT": 2392.0,
        "PY_SALE_AMT": 0.0,
        "DIV": "신규점"
      },
      {
        "YYYYMM": "202506",
        "BRD_CD": "M",
        "SHOP_CD": "CN5618",
        "SHOP_EN_NM": "TAIYUAN WANGFUJING KIDS",
        "CY_SALE_AMT": 937.0,
        "PY_SALE_AMT": 0.0,
        "DIV": "신규점"
      },
      {
        "YYYYMM": "202506",
        "BRD_CD": "M",
        "SHOP_CD": "CN5985",
        "SHOP_EN_NM": "TAIYUAN MAOYE TIANDI KIDS",
        "CY_SALE_AMT": 937.0,
        "PY_SALE_AMT": 0.0,
        "DIV": "신규점"
      },
      {
        "YYYYMM": "202506",
        "BRD_CD": "M",
        "SHOP_CD": "CN6070",
        "SHOP_EN_NM": "YANCHENG JULONGHU GOLDEN EAGLE KIDS",
        "CY_SALE_AMT": 6597.0,
        "PY_SALE_AMT": 0.0,
        "DIV": "신규점"
      },
      {
        "YYYYMM": "202506",
        "BRD_CD": "I",
        "SHOP_CD": "CN5625",
        "SHOP_EN_NM": "WUHAN WUSHANGMENGSHIDAI KIDS",
        "CY_SALE_AMT": 77375.92,
        "PY_SALE_AMT": 139074.78,
        "DIV": "기존점"
      },
      {
        "YYYYMM": "202506",
        "BRD_CD": "I",
        "SHOP_CD": "CN6116",
        "SHOP_EN_NM": "TAI YUAN TIAN MEI KIDS",
        "CY_SALE_AMT": 5973.0,
        "PY_SALE_AMT": 37577.0,
        "DIV": "기존점"
      },
      {
        "YYYYMM": "202506",
        "BRD_CD": "I",
        "SHOP_CD": "CN6126",
        "SHOP_EN_NM": "XIAMEN BAOLONGYICHENG KIDS",
        "CY_SALE_AMT": 10397.0,
        "PY_SALE_AMT": 51620.0,
        "DIV": "기존점"
      },
      {
        "YYYYMM": "202506",
        "BRD_CD": "I",
        "SHOP_CD": "CN5622",
        "SHOP_EN_NM": "SHAOXING YINTAICHENG KIDS",
        "CY_SALE_AMT": 97257.59999999999,
        "PY_SALE_AMT": 129828.40999999999,
        "DIV": "기존점"
      },
      {
        "YYYYMM": "202506",
        "BRD_CD": "M",
        "SHOP_CD": "CN6109",
        "SHOP_EN_NM": "CHANGZHOU HUANQIUGANG KIDS",
        "CY_SALE_AMT": 598.0,
        "PY_SALE_AMT": 0.0,
        "DIV": "신규점"
      },
      {
        "YYYYMM": "202506",
        "BRD_CD": "I",
        "SHOP_CD": "CN6303",
        "SHOP_EN_NM": "CHENGDU QUNGUANG",
        "CY_SALE_AMT": 101032.0,
        "PY_SALE_AMT": 76228.0,
        "DIV": "기존점"
      },
      {
        "YYYYMM": "202506",
        "BRD_CD": "I",
        "SHOP_CD": "CN5892",
        "SHOP_EN_NM": "WUHAN WUSHANGGUANGCHANG KIDS",
        "CY_SALE_AMT": 118776.41,
        "PY_SALE_AMT": 143810.36,
        "DIV": "기존점"
      },
      {
        "YYYYMM": "202506",
        "BRD_CD": "I",
        "SHOP_CD": "CN5221",
        "SHOP_EN_NM": "HARBIN YUANDA KIDS",
        "CY_SALE_AMT": 309810.0,
        "PY_SALE_AMT": 258123.0,
        "DIV": "기존점"
      },
      {
        "YYYYMM": "202506",
        "BRD_CD": "I",
        "SHOP_CD": "CN5985",
        "SHOP_EN_NM": "TAIYUAN MAOYE TIANDI KIDS",
        "CY_SALE_AMT": 72156.0,
        "PY_SALE_AMT": 70378.0,
        "DIV": "기존점"
      },
      {
        "YYYYMM": "202506",
        "BRD_CD": "I",
        "SHOP_CD": "CN5236",
        "SHOP_EN_NM": "NANNING THE MIXC KIDS",
        "CY_SALE_AMT": 109688.0,
        "PY_SALE_AMT": 102483.0,
        "DIV": "기존점"
      },
      {
        "YYYYMM": "202506",
        "BRD_CD": "I",
        "SHOP_CD": "CN5729",
        "SHOP_EN_NM": "CHENGDU SHIDAI OUTLET KIDS",
        "CY_SALE_AMT": 188140.0,
        "PY_SALE_AMT": 221575.0,
        "DIV": "기존점"
      },
      {
        "YYYYMM": "202506",
        "BRD_CD": "I",
        "SHOP_CD": "CN6427",
        "SHOP_EN_NM": "MK 成都杉杉kids店",
        "CY_SALE_AMT": 7742.0,
        "PY_SALE_AMT": 0.0,
        "DIV": "신규점"
      },
      {
        "YYYYMM": "202506",
        "BRD_CD": "I",
        "SHOP_CD": "CN5828",
        "SHOP_EN_NM": "XUZHOU JINYING KIDS",
        "CY_SALE_AMT": 37137.0,
        "PY_SALE_AMT": 74796.0,
        "DIV": "기존점"
      }
    ],
    "total_records_count": 927
  }
}