{
  "country": "CN",
  "brand_cd": "W",
  "brand_name": "SUPRA",
  "yyyymm": "202504",
  "yyyymm_py": "202404",
  "key": "리테일",
  "sub_key": "채널별TOP3분석",
  "analysis_data": {
    "title": "채널별 매출 top3 분석 (당해 전년 주요변화)",
    "sections": [
      {
        "div": "(EC)티몰",
        "sub_title": "(EC)티몰 전년대비 주요 변화",
        "ai_text": "• 반팔티셔츠: 21,435k → 6,434k 대비 233.2% 급성장으로 4월 시즌 맞춤형 상품 전략 성공\n• 신발: 18,285k → 19,052k 대비 소폭 감소하였으나 여전히 주력 카테고리 유지\n• 다운점퍼: 4,785k 매출로 전년 동월 대비 비시즌 상품임에도 안정적 판매 유지\n\n전체 채널 매출이 전년 대비 75.0% 증가하며 온라인 채널 강화 전략이 효과적으로 작동하고 있음. 특히 계절성 상품인 반팔티셔츠의 폭발적 성장은 4월 시장 선점 전략의 성공을 보여줌."
      },
      {
        "div": "(OFF)대리상",
        "sub_title": "(OFF)대리상 전년대비 주요 변화",
        "ai_text": "• 방풍자켓: 2,300k로 유일한 판매 아이템이나 전년 대비 97.4% 급락한 심각한 상황\n\n전체 채널이 전년 대비 99.7% 급락하며 거의 운영 중단 수준에 도달. 전년 동월 반팔티셔츠 267,093k, 신발 132,156k 등 주요 상품군의 완전 소실은 대리상 채널의 구조적 문제를 시사함. 즉시 채널 전략 재검토와 대리상 관계 개선이 필요한 긴급 상황."
      },
      {
        "div": "(OFF)쇼핑몰",
        "sub_title": "(OFF)쇼핑몰 전년대비 주요 변화",
        "ai_text": "• 반팔티셔츠: 25,920k → 94,251k 대비 72.5% 감소하였으나 여전히 최대 매출 상품 유지\n• 신발: 19,091k → 44,573k 대비 57.2% 감소로 신발 카테고리 부진 지속\n• 우븐팬츠: 12,953k → 37,934k 대비 65.8% 감소하며 하의류 전반적 매출 둔화\n\n전체 채널 매출이 전년 대비 69.7% 급락하며 오프라인 쇼핑몰 채널의 구조적 어려움이 심화되고 있음. 온라인 채널로의 고객 이탈과 소비 패턴 변화에 대응한 채널 믹스 재조정이 시급함."
      },
      {
        "div": "종합분석-1",
        "sub_title": "최고 성과 채널",
        "ai_text": "(EC)티몰이 전년대비 +75.0% 성장하며 유일한 성장 채널로 부상, 반팔티셔츠(21k)와 신발(18k)이 핵심 견인\n전체 매출 급감 상황에서 티몰의 디지털 전환 성과가 돋보이며, 핵심 아이템 집중 전략 효과 확인"
      },
      {
        "div": "종합분석-2",
        "sub_title": "개선 필요 채널",
        "ai_text": "(OFF)대리상이 전년 1,098k에서 2k로 -100% 급락하며 최대 리스크 채널로 확인, 즉시 채널 전략 재검토 필요\n(OFF)쇼핑몰도 전년 412k에서 97k로 -69.7% 하락, 오프라인 채널 전반의 구조적 위기 상황"
      },
      {
        "div": "종합분석-3",
        "sub_title": "핵심 제안",
        "ai_text": "오프라인 대리상 채널 완전 재구축 및 티몰 성공 모델의 타 EC채널 확산 전략 즉시 실행 필요\n반팔티셔츠·신발 중심의 핵심 SKU 집중 전략을 전 채널로 확대하여 매출 회복 기반 구축 권고"
      }
    ]
  },
  "summary": {
    "total_sales": 1.72,
    "total_sales_cy": 0.47,
    "total_sales_py": 1.25,
    "change_pct": -62.4,
    "unique_channels": 6,
    "unique_items": 35,
    "unique_months": 2,
    "analysis_period": "2024년 4월 vs 2025년 4월"
  },
  "channel_summary": {
    "(EC)티몰": {
      "total_sales": 0.1,
      "months": {
        "202504": 66035.95999999999,
        "202404": 36897.0
      },
      "top_items": [
        {
          "item_nm": "신발",
          "total_sales": 0.04
        },
        {
          "item_nm": "반팔티셔츠",
          "total_sales": 0.03
        },
        {
          "item_nm": "방풍자켓",
          "total_sales": 0.01
        },
        {
          "item_nm": "다운점퍼",
          "total_sales": 0.0
        },
        {
          "item_nm": "운동모",
          "total_sales": 0.0
        }
      ]
    },
    "(EC)할인몰": {
      "total_sales": 0.24,
      "months": {
        "202504": 244845.29999999993
      },
      "top_items": [
        {
          "item_nm": "신발",
          "total_sales": 0.05
        },
        {
          "item_nm": "반팔티셔츠",
          "total_sales": 0.05
        },
        {
          "item_nm": "다운점퍼",
          "total_sales": 0.02
        },
        {
          "item_nm": "방풍자켓",
          "total_sales": 0.02
        },
        {
          "item_nm": "우븐반바지",
          "total_sales": 0.01
        }
      ]
    },
    "(OFF)대리상": {
      "total_sales": 0.88,
      "months": {
        "202504": 2300.0,
        "202404": 877620.0700000001
      },
      "top_items": [
        {
          "item_nm": "반팔티셔츠",
          "total_sales": 0.27
        },
        {
          "item_nm": "신발",
          "total_sales": 0.13
        },
        {
          "item_nm": "우븐팬츠",
          "total_sales": 0.08
        },
        {
          "item_nm": "방풍자켓",
          "total_sales": 0.07
        },
        {
          "item_nm": "우븐셔츠",
          "total_sales": 0.05
        }
      ]
    },
    "(OFF)쇼핑몰": {
      "total_sales": 0.43,
      "months": {
        "202504": 97931.0,
        "202404": 332782.0
      },
      "top_items": [
        {
          "item_nm": "반팔티셔츠",
          "total_sales": 0.12
        },
        {
          "item_nm": "신발",
          "total_sales": 0.06
        },
        {
          "item_nm": "방풍자켓",
          "total_sales": 0.06
        },
        {
          "item_nm": "우븐팬츠",
          "total_sales": 0.05
        },
        {
          "item_nm": "우븐셔츠",
          "total_sales": 0.02
        }
      ]
    },
    "(OFF)아울렛": {
      "total_sales": 0.06,
      "months": {
        "202504": 58129.0
      },
      "top_items": [
        {
          "item_nm": "반팔티셔츠",
          "total_sales": 0.03
        },
        {
          "item_nm": "우븐팬츠",
          "total_sales": 0.01
        },
        {
          "item_nm": "신발",
          "total_sales": 0.0
        },
        {
          "item_nm": "점퍼",
          "total_sales": 0.0
        },
        {
          "item_nm": "방풍자켓",
          "total_sales": 0.0
        }
      ]
    },
    "(EC)대리상": {
      "total_sales": 0.0,
      "months": {
        "202404": 1938.0
      },
      "top_items": [
        {
          "item_nm": "신발",
          "total_sales": 0.0
        }
      ]
    }
  },
  "channel_summary_overall": {
    "(EC)티몰": {
      "current_sales": 0.07,
      "previous_sales": 0.04,
      "all_items": [
        {
          "item_nm": "반팔티셔츠",
          "total_sales": 0.02
        },
        {
          "item_nm": "신발",
          "total_sales": 0.02
        },
        {
          "item_nm": "다운점퍼",
          "total_sales": 0.0
        },
        {
          "item_nm": "점퍼",
          "total_sales": 0.0
        },
        {
          "item_nm": "운동모",
          "total_sales": 0.0
        },
        {
          "item_nm": "팬츠",
          "total_sales": 0.0
        },
        {
          "item_nm": "슬리퍼",
          "total_sales": 0.0
        },
        {
          "item_nm": "데님셔츠",
          "total_sales": 0.0
        },
        {
          "item_nm": "긴팔티셔츠",
          "total_sales": 0.0
        },
        {
          "item_nm": "맨투맨",
          "total_sales": 0.0
        },
        {
          "item_nm": "우븐팬츠",
          "total_sales": 0.0
        },
        {
          "item_nm": "반바지",
          "total_sales": 0.0
        },
        {
          "item_nm": "우븐반바지",
          "total_sales": 0.0
        },
        {
          "item_nm": "방풍자켓",
          "total_sales": 0.0
        },
        {
          "item_nm": "진바지",
          "total_sales": 0.0
        },
        {
          "item_nm": "패딩",
          "total_sales": 0.0
        },
        {
          "item_nm": "가방",
          "total_sales": 0.0
        },
        {
          "item_nm": "트레이닝(하의)",
          "total_sales": 0.0
        },
        {
          "item_nm": "보스톤백",
          "total_sales": 0.0
        },
        {
          "item_nm": "백팩",
          "total_sales": 0.0
        },
        {
          "item_nm": "폴로 티셔츠",
          "total_sales": 0.0
        },
        {
          "item_nm": "양말",
          "total_sales": 0.0
        },
        {
          "item_nm": "탱크탑",
          "total_sales": 0.0
        },
        {
          "item_nm": "우븐셔츠",
          "total_sales": 0.0
        },
        {
          "item_nm": "힙색",
          "total_sales": 0.0
        },
        {
          "item_nm": "햇",
          "total_sales": 0.0
        },
        {
          "item_nm": "소프트쉘",
          "total_sales": 0.0
        },
        {
          "item_nm": "후드티",
          "total_sales": -0.0
        }
      ],
      "change_pct": 75.0
    },
    "(EC)할인몰": {
      "current_sales": 0.24,
      "previous_sales": 0.0,
      "all_items": [
        {
          "item_nm": "신발",
          "total_sales": 0.05
        },
        {
          "item_nm": "반팔티셔츠",
          "total_sales": 0.05
        },
        {
          "item_nm": "다운점퍼",
          "total_sales": 0.02
        },
        {
          "item_nm": "방풍자켓",
          "total_sales": 0.02
        },
        {
          "item_nm": "우븐반바지",
          "total_sales": 0.01
        },
        {
          "item_nm": "우븐팬츠",
          "total_sales": 0.01
        },
        {
          "item_nm": "맨투맨",
          "total_sales": 0.01
        },
        {
          "item_nm": "점퍼",
          "total_sales": 0.01
        },
        {
          "item_nm": "팬츠",
          "total_sales": 0.01
        },
        {
          "item_nm": "운동모",
          "total_sales": 0.01
        },
        {
          "item_nm": "후드티",
          "total_sales": 0.01
        },
        {
          "item_nm": "반바지",
          "total_sales": 0.01
        },
        {
          "item_nm": "스커트",
          "total_sales": 0.01
        },
        {
          "item_nm": "우븐셔츠",
          "total_sales": 0.01
        },
        {
          "item_nm": "슬리퍼",
          "total_sales": 0.01
        },
        {
          "item_nm": "폴로 티셔츠",
          "total_sales": 0.01
        },
        {
          "item_nm": "긴팔티셔츠",
          "total_sales": 0.0
        },
        {
          "item_nm": "소프트쉘",
          "total_sales": 0.0
        },
        {
          "item_nm": "다운베스트",
          "total_sales": 0.0
        },
        {
          "item_nm": "데님셔츠",
          "total_sales": 0.0
        },
        {
          "item_nm": "트레이닝(상의)",
          "total_sales": 0.0
        },
        {
          "item_nm": "폴라폴리스점퍼",
          "total_sales": 0.0
        },
        {
          "item_nm": "햇",
          "total_sales": 0.0
        },
        {
          "item_nm": "진바지",
          "total_sales": 0.0
        },
        {
          "item_nm": "양말",
          "total_sales": 0.0
        },
        {
          "item_nm": "크로스백",
          "total_sales": 0.0
        },
        {
          "item_nm": "가방",
          "total_sales": 0.0
        },
        {
          "item_nm": "힙색",
          "total_sales": 0.0
        },
        {
          "item_nm": "트레이닝(하의)",
          "total_sales": 0.0
        },
        {
          "item_nm": "탱크탑",
          "total_sales": 0.0
        }
      ],
      "change_pct": 0
    },
    "(OFF)대리상": {
      "current_sales": 0.0,
      "previous_sales": 0.88,
      "all_items": [
        {
          "item_nm": "방풍자켓",
          "total_sales": 0.0
        }
      ],
      "change_pct": -100.0
    },
    "(OFF)쇼핑몰": {
      "current_sales": 0.1,
      "previous_sales": 0.33,
      "all_items": [
        {
          "item_nm": "반팔티셔츠",
          "total_sales": 0.03
        },
        {
          "item_nm": "신발",
          "total_sales": 0.02
        },
        {
          "item_nm": "우븐팬츠",
          "total_sales": 0.01
        },
        {
          "item_nm": "방풍자켓",
          "total_sales": 0.01
        },
        {
          "item_nm": "우븐셔츠",
          "total_sales": 0.01
        },
        {
          "item_nm": "운동모",
          "total_sales": 0.0
        },
        {
          "item_nm": "팬츠",
          "total_sales": 0.0
        },
        {
          "item_nm": "맨투맨",
          "total_sales": 0.0
        },
        {
          "item_nm": "우븐반바지",
          "total_sales": 0.0
        },
        {
          "item_nm": "스커트",
          "total_sales": 0.0
        },
        {
          "item_nm": "폴로 티셔츠",
          "total_sales": 0.0
        },
        {
          "item_nm": "데님셔츠",
          "total_sales": 0.0
        },
        {
          "item_nm": "크로스백",
          "total_sales": 0.0
        },
        {
          "item_nm": "점퍼",
          "total_sales": 0.0
        },
        {
          "item_nm": "가방",
          "total_sales": 0.0
        },
        {
          "item_nm": "양말",
          "total_sales": 0.0
        },
        {
          "item_nm": "긴팔티셔츠",
          "total_sales": 0.0
        },
        {
          "item_nm": "진바지",
          "total_sales": 0.0
        },
        {
          "item_nm": "햇",
          "total_sales": 0.0
        },
        {
          "item_nm": "반바지",
          "total_sales": 0.0
        },
        {
          "item_nm": "후드티",
          "total_sales": 0.0
        },
        {
          "item_nm": "탱크탑",
          "total_sales": 0.0
        }
      ],
      "change_pct": -69.7
    },
    "(OFF)아울렛": {
      "current_sales": 0.06,
      "previous_sales": 0.0,
      "all_items": [
        {
          "item_nm": "반팔티셔츠",
          "total_sales": 0.03
        },
        {
          "item_nm": "우븐팬츠",
          "total_sales": 0.01
        },
        {
          "item_nm": "신발",
          "total_sales": 0.0
        },
        {
          "item_nm": "점퍼",
          "total_sales": 0.0
        },
        {
          "item_nm": "방풍자켓",
          "total_sales": 0.0
        },
        {
          "item_nm": "맨투맨",
          "total_sales": 0.0
        },
        {
          "item_nm": "팬츠",
          "total_sales": 0.0
        },
        {
          "item_nm": "반바지",
          "total_sales": 0.0
        },
        {
          "item_nm": "후드티",
          "total_sales": 0.0
        },
        {
          "item_nm": "운동모",
          "total_sales": 0.0
        },
        {
          "item_nm": "우븐셔츠",
          "total_sales": 0.0
        },
        {
          "item_nm": "스커트",
          "total_sales": 0.0
        },
        {
          "item_nm": "우븐반바지",
          "total_sales": 0.0
        },
        {
          "item_nm": "긴팔티셔츠",
          "total_sales": 0.0
        },
        {
          "item_nm": "폴로 티셔츠",
          "total_sales": 0.0
        },
        {
          "item_nm": "데님셔츠",
          "total_sales": 0.0
        },
        {
          "item_nm": "트레이닝(하의)",
          "total_sales": 0.0
        }
      ],
      "change_pct": 0
    },
    "(EC)대리상": {
      "current_sales": 0.0,
      "previous_sales": 0.0,
      "all_items": [],
      "change_pct": 0
    }
  },
  "raw_data": {
    "sample_records": [
      {
        "YYYYMM": "202504",
        "MGMT_CHNL_NM": "(EC)티몰",
        "ITEM_NM": "가방",
        "SALE_AMT": 584.4200000000001
      },
      {
        "YYYYMM": "202504",
        "MGMT_CHNL_NM": "(EC)티몰",
        "ITEM_NM": "긴팔티셔츠",
        "SALE_AMT": 1654.4299999999998
      },
      {
        "YYYYMM": "202504",
        "MGMT_CHNL_NM": "(EC)티몰",
        "ITEM_NM": "다운점퍼",
        "SALE_AMT": 4784.9400000000005
      },
      {
        "YYYYMM": "202504",
        "MGMT_CHNL_NM": "(EC)티몰",
        "ITEM_NM": "데님셔츠",
        "SALE_AMT": 1800.7399999999998
      },
      {
        "YYYYMM": "202504",
        "MGMT_CHNL_NM": "(EC)티몰",
        "ITEM_NM": "맨투맨",
        "SALE_AMT": 1215.74
      },
      {
        "YYYYMM": "202504",
        "MGMT_CHNL_NM": "(EC)티몰",
        "ITEM_NM": "반바지",
        "SALE_AMT": 970.9899999999999
      },
      {
        "YYYYMM": "202504",
        "MGMT_CHNL_NM": "(EC)티몰",
        "ITEM_NM": "반팔티셔츠",
        "SALE_AMT": 21435.48999999999
      },
      {
        "YYYYMM": "202504",
        "MGMT_CHNL_NM": "(EC)티몰",
        "ITEM_NM": "방풍자켓",
        "SALE_AMT": 789.3699999999999
      },
      {
        "YYYYMM": "202504",
        "MGMT_CHNL_NM": "(EC)티몰",
        "ITEM_NM": "백팩",
        "SALE_AMT": 359.42
      },
      {
        "YYYYMM": "202504",
        "MGMT_CHNL_NM": "(EC)티몰",
        "ITEM_NM": "보스톤백",
        "SALE_AMT": 399.48
      },
      {
        "YYYYMM": "202504",
        "MGMT_CHNL_NM": "(EC)티몰",
        "ITEM_NM": "소프트쉘",
        "SALE_AMT": 24.030000000000086
      },
      {
        "YYYYMM": "202504",
        "MGMT_CHNL_NM": "(EC)티몰",
        "ITEM_NM": "슬리퍼",
        "SALE_AMT": 1853.94
      },
      {
        "YYYYMM": "202504",
        "MGMT_CHNL_NM": "(EC)티몰",
        "ITEM_NM": "신발",
        "SALE_AMT": 18284.660000000003
      },
      {
        "YYYYMM": "202504",
        "MGMT_CHNL_NM": "(EC)티몰",
        "ITEM_NM": "양말",
        "SALE_AMT": 266.07
      },
      {
        "YYYYMM": "202504",
        "MGMT_CHNL_NM": "(EC)티몰",
        "ITEM_NM": "우븐반바지",
        "SALE_AMT": 820.19
      },
      {
        "YYYYMM": "202504",
        "MGMT_CHNL_NM": "(EC)티몰",
        "ITEM_NM": "우븐셔츠",
        "SALE_AMT": 237.78999999999996
      },
      {
        "YYYYMM": "202504",
        "MGMT_CHNL_NM": "(EC)티몰",
        "ITEM_NM": "우븐팬츠",
        "SALE_AMT": 1049.4
      },
      {
        "YYYYMM": "202504",
        "MGMT_CHNL_NM": "(EC)티몰",
        "ITEM_NM": "운동모",
        "SALE_AMT": 1989.5399999999997
      },
      {
        "YYYYMM": "202504",
        "MGMT_CHNL_NM": "(EC)티몰",
        "ITEM_NM": "점퍼",
        "SALE_AMT": 2649.61
      },
      {
        "YYYYMM": "202504",
        "MGMT_CHNL_NM": "(EC)티몰",
        "ITEM_NM": "진바지",
        "SALE_AMT": 782.2099999999999
      },
      {
        "YYYYMM": "202504",
        "MGMT_CHNL_NM": "(EC)티몰",
        "ITEM_NM": "탱크탑",
        "SALE_AMT": 260.0300000000001
      },
      {
        "YYYYMM": "202504",
        "MGMT_CHNL_NM": "(EC)티몰",
        "ITEM_NM": "트레이닝(하의)",
        "SALE_AMT": 498.84
      },
      {
        "YYYYMM": "202504",
        "MGMT_CHNL_NM": "(EC)티몰",
        "ITEM_NM": "패딩",
        "SALE_AMT": 699.42
      },
      {
        "YYYYMM": "202504",
        "MGMT_CHNL_NM": "(EC)티몰",
        "ITEM_NM": "팬츠",
        "SALE_AMT": 1945.2800000000002
      },
      {
        "YYYYMM": "202504",
        "MGMT_CHNL_NM": "(EC)티몰",
        "ITEM_NM": "폴로 티셔츠",
        "SALE_AMT": 329.0
      },
      {
        "YYYYMM": "202504",
        "MGMT_CHNL_NM": "(EC)티몰",
        "ITEM_NM": "햇",
        "SALE_AMT": 190.84
      },
      {
        "YYYYMM": "202504",
        "MGMT_CHNL_NM": "(EC)티몰",
        "ITEM_NM": "후드티",
        "SALE_AMT": -34.379999999999995
      },
      {
        "YYYYMM": "202504",
        "MGMT_CHNL_NM": "(EC)티몰",
        "ITEM_NM": "힙색",
        "SALE_AMT": 194.47
      },
      {
        "YYYYMM": "202504",
        "MGMT_CHNL_NM": "(EC)할인몰",
        "ITEM_NM": "가방",
        "SALE_AMT": 412.65
      },
      {
        "YYYYMM": "202504",
        "MGMT_CHNL_NM": "(EC)할인몰",
        "ITEM_NM": "긴팔티셔츠",
        "SALE_AMT": 3806.65
      },
      {
        "YYYYMM": "202504",
        "MGMT_CHNL_NM": "(EC)할인몰",
        "ITEM_NM": "다운베스트",
        "SALE_AMT": 3640.0
      },
      {
        "YYYYMM": "202504",
        "MGMT_CHNL_NM": "(EC)할인몰",
        "ITEM_NM": "다운점퍼",
        "SALE_AMT": 18040.0
      },
      {
        "YYYYMM": "202504",
        "MGMT_CHNL_NM": "(EC)할인몰",
        "ITEM_NM": "데님셔츠",
        "SALE_AMT": 1440.0
      },
      {
        "YYYYMM": "202504",
        "MGMT_CHNL_NM": "(EC)할인몰",
        "ITEM_NM": "맨투맨",
        "SALE_AMT": 9211.15
      },
      {
        "YYYYMM": "202504",
        "MGMT_CHNL_NM": "(EC)할인몰",
        "ITEM_NM": "반바지",
        "SALE_AMT": 6066.0
      },
      {
        "YYYYMM": "202504",
        "MGMT_CHNL_NM": "(EC)할인몰",
        "ITEM_NM": "반팔티셔츠",
        "SALE_AMT": 46846.2
      },
      {
        "YYYYMM": "202504",
        "MGMT_CHNL_NM": "(EC)할인몰",
        "ITEM_NM": "방풍자켓",
        "SALE_AMT": 16740.0
      },
      {
        "YYYYMM": "202504",
        "MGMT_CHNL_NM": "(EC)할인몰",
        "ITEM_NM": "소프트쉘",
        "SALE_AMT": 3740.0
      },
      {
        "YYYYMM": "202504",
        "MGMT_CHNL_NM": "(EC)할인몰",
        "ITEM_NM": "스커트",
        "SALE_AMT": 5670.0
      },
      {
        "YYYYMM": "202504",
        "MGMT_CHNL_NM": "(EC)할인몰",
        "ITEM_NM": "슬리퍼",
        "SALE_AMT": 5492.65
      },
      {
        "YYYYMM": "202504",
        "MGMT_CHNL_NM": "(EC)할인몰",
        "ITEM_NM": "신발",
        "SALE_AMT": 52341.0
      },
      {
        "YYYYMM": "202504",
        "MGMT_CHNL_NM": "(EC)할인몰",
        "ITEM_NM": "양말",
        "SALE_AMT": 585.3
      },
      {
        "YYYYMM": "202504",
        "MGMT_CHNL_NM": "(EC)할인몰",
        "ITEM_NM": "우븐반바지",
        "SALE_AMT": 14340.0
      },
      {
        "YYYYMM": "202504",
        "MGMT_CHNL_NM": "(EC)할인몰",
        "ITEM_NM": "우븐셔츠",
        "SALE_AMT": 5616.0
      },
      {
        "YYYYMM": "202504",
        "MGMT_CHNL_NM": "(EC)할인몰",
        "ITEM_NM": "우븐팬츠",
        "SALE_AMT": 12283.3
      },
      {
        "YYYYMM": "202504",
        "MGMT_CHNL_NM": "(EC)할인몰",
        "ITEM_NM": "운동모",
        "SALE_AMT": 6670.15
      },
      {
        "YYYYMM": "202504",
        "MGMT_CHNL_NM": "(EC)할인몰",
        "ITEM_NM": "점퍼",
        "SALE_AMT": 8235.0
      },
      {
        "YYYYMM": "202504",
        "MGMT_CHNL_NM": "(EC)할인몰",
        "ITEM_NM": "진바지",
        "SALE_AMT": 600.0
      },
      {
        "YYYYMM": "202504",
        "MGMT_CHNL_NM": "(EC)할인몰",
        "ITEM_NM": "크로스백",
        "SALE_AMT": 568.65
      },
      {
        "YYYYMM": "202504",
        "MGMT_CHNL_NM": "(EC)할인몰",
        "ITEM_NM": "탱크탑",
        "SALE_AMT": 139.3
      }
    ],
    "total_records_count": 166
  },
  "trend_data": {
    "trend_months": [
      "202404",
      "202504"
    ],
    "monthly_totals": [
      {
        "yyyymm": "202404",
        "total_amount": 1.25
      },
      {
        "yyyymm": "202504",
        "total_amount": 0.47
      }
    ],
    "monthly_details": [
      {
        "yyyymm": "202504",
        "chnl_nm": "(EC)티몰",
        "item_nm": "가방",
        "sale_amt": 0.0
      },
      {
        "yyyymm": "202504",
        "chnl_nm": "(EC)티몰",
        "item_nm": "긴팔티셔츠",
        "sale_amt": 0.0
      },
      {
        "yyyymm": "202504",
        "chnl_nm": "(EC)티몰",
        "item_nm": "다운점퍼",
        "sale_amt": 0.0
      },
      {
        "yyyymm": "202504",
        "chnl_nm": "(EC)티몰",
        "item_nm": "데님셔츠",
        "sale_amt": 0.0
      },
      {
        "yyyymm": "202504",
        "chnl_nm": "(EC)티몰",
        "item_nm": "맨투맨",
        "sale_amt": 0.0
      },
      {
        "yyyymm": "202504",
        "chnl_nm": "(EC)티몰",
        "item_nm": "반바지",
        "sale_amt": 0.0
      },
      {
        "yyyymm": "202504",
        "chnl_nm": "(EC)티몰",
        "item_nm": "반팔티셔츠",
        "sale_amt": 0.02
      },
      {
        "yyyymm": "202504",
        "chnl_nm": "(EC)티몰",
        "item_nm": "방풍자켓",
        "sale_amt": 0.0
      },
      {
        "yyyymm": "202504",
        "chnl_nm": "(EC)티몰",
        "item_nm": "백팩",
        "sale_amt": 0.0
      },
      {
        "yyyymm": "202504",
        "chnl_nm": "(EC)티몰",
        "item_nm": "보스톤백",
        "sale_amt": 0.0
      },
      {
        "yyyymm": "202504",
        "chnl_nm": "(EC)티몰",
        "item_nm": "소프트쉘",
        "sale_amt": 0.0
      },
      {
        "yyyymm": "202504",
        "chnl_nm": "(EC)티몰",
        "item_nm": "슬리퍼",
        "sale_amt": 0.0
      },
      {
        "yyyymm": "202504",
        "chnl_nm": "(EC)티몰",
        "item_nm": "신발",
        "sale_amt": 0.02
      },
      {
        "yyyymm": "202504",
        "chnl_nm": "(EC)티몰",
        "item_nm": "양말",
        "sale_amt": 0.0
      },
      {
        "yyyymm": "202504",
        "chnl_nm": "(EC)티몰",
        "item_nm": "우븐반바지",
        "sale_amt": 0.0
      },
      {
        "yyyymm": "202504",
        "chnl_nm": "(EC)티몰",
        "item_nm": "우븐셔츠",
        "sale_amt": 0.0
      },
      {
        "yyyymm": "202504",
        "chnl_nm": "(EC)티몰",
        "item_nm": "우븐팬츠",
        "sale_amt": 0.0
      },
      {
        "yyyymm": "202504",
        "chnl_nm": "(EC)티몰",
        "item_nm": "운동모",
        "sale_amt": 0.0
      },
      {
        "yyyymm": "202504",
        "chnl_nm": "(EC)티몰",
        "item_nm": "점퍼",
        "sale_amt": 0.0
      },
      {
        "yyyymm": "202504",
        "chnl_nm": "(EC)티몰",
        "item_nm": "진바지",
        "sale_amt": 0.0
      },
      {
        "yyyymm": "202504",
        "chnl_nm": "(EC)티몰",
        "item_nm": "탱크탑",
        "sale_amt": 0.0
      },
      {
        "yyyymm": "202504",
        "chnl_nm": "(EC)티몰",
        "item_nm": "트레이닝(하의)",
        "sale_amt": 0.0
      },
      {
        "yyyymm": "202504",
        "chnl_nm": "(EC)티몰",
        "item_nm": "패딩",
        "sale_amt": 0.0
      },
      {
        "yyyymm": "202504",
        "chnl_nm": "(EC)티몰",
        "item_nm": "팬츠",
        "sale_amt": 0.0
      },
      {
        "yyyymm": "202504",
        "chnl_nm": "(EC)티몰",
        "item_nm": "폴로 티셔츠",
        "sale_amt": 0.0
      },
      {
        "yyyymm": "202504",
        "chnl_nm": "(EC)티몰",
        "item_nm": "햇",
        "sale_amt": 0.0
      },
      {
        "yyyymm": "202504",
        "chnl_nm": "(EC)티몰",
        "item_nm": "후드티",
        "sale_amt": -0.0
      },
      {
        "yyyymm": "202504",
        "chnl_nm": "(EC)티몰",
        "item_nm": "힙색",
        "sale_amt": 0.0
      },
      {
        "yyyymm": "202504",
        "chnl_nm": "(EC)할인몰",
        "item_nm": "가방",
        "sale_amt": 0.0
      },
      {
        "yyyymm": "202504",
        "chnl_nm": "(EC)할인몰",
        "item_nm": "긴팔티셔츠",
        "sale_amt": 0.0
      },
      {
        "yyyymm": "202504",
        "chnl_nm": "(EC)할인몰",
        "item_nm": "다운베스트",
        "sale_amt": 0.0
      },
      {
        "yyyymm": "202504",
        "chnl_nm": "(EC)할인몰",
        "item_nm": "다운점퍼",
        "sale_amt": 0.02
      },
      {
        "yyyymm": "202504",
        "chnl_nm": "(EC)할인몰",
        "item_nm": "데님셔츠",
        "sale_amt": 0.0
      },
      {
        "yyyymm": "202504",
        "chnl_nm": "(EC)할인몰",
        "item_nm": "맨투맨",
        "sale_amt": 0.01
      },
      {
        "yyyymm": "202504",
        "chnl_nm": "(EC)할인몰",
        "item_nm": "반바지",
        "sale_amt": 0.01
      },
      {
        "yyyymm": "202504",
        "chnl_nm": "(EC)할인몰",
        "item_nm": "반팔티셔츠",
        "sale_amt": 0.05
      },
      {
        "yyyymm": "202504",
        "chnl_nm": "(EC)할인몰",
        "item_nm": "방풍자켓",
        "sale_amt": 0.02
      },
      {
        "yyyymm": "202504",
        "chnl_nm": "(EC)할인몰",
        "item_nm": "소프트쉘",
        "sale_amt": 0.0
      },
      {
        "yyyymm": "202504",
        "chnl_nm": "(EC)할인몰",
        "item_nm": "스커트",
        "sale_amt": 0.01
      },
      {
        "yyyymm": "202504",
        "chnl_nm": "(EC)할인몰",
        "item_nm": "슬리퍼",
        "sale_amt": 0.01
      },
      {
        "yyyymm": "202504",
        "chnl_nm": "(EC)할인몰",
        "item_nm": "신발",
        "sale_amt": 0.05
      },
      {
        "yyyymm": "202504",
        "chnl_nm": "(EC)할인몰",
        "item_nm": "양말",
        "sale_amt": 0.0
      },
      {
        "yyyymm": "202504",
        "chnl_nm": "(EC)할인몰",
        "item_nm": "우븐반바지",
        "sale_amt": 0.01
      },
      {
        "yyyymm": "202504",
        "chnl_nm": "(EC)할인몰",
        "item_nm": "우븐셔츠",
        "sale_amt": 0.01
      },
      {
        "yyyymm": "202504",
        "chnl_nm": "(EC)할인몰",
        "item_nm": "우븐팬츠",
        "sale_amt": 0.01
      },
      {
        "yyyymm": "202504",
        "chnl_nm": "(EC)할인몰",
        "item_nm": "운동모",
        "sale_amt": 0.01
      },
      {
        "yyyymm": "202504",
        "chnl_nm": "(EC)할인몰",
        "item_nm": "점퍼",
        "sale_amt": 0.01
      },
      {
        "yyyymm": "202504",
        "chnl_nm": "(EC)할인몰",
        "item_nm": "진바지",
        "sale_amt": 0.0
      },
      {
        "yyyymm": "202504",
        "chnl_nm": "(EC)할인몰",
        "item_nm": "크로스백",
        "sale_amt": 0.0
      },
      {
        "yyyymm": "202504",
        "chnl_nm": "(EC)할인몰",
        "item_nm": "탱크탑",
        "sale_amt": 0.0
      },
      {
        "yyyymm": "202504",
        "chnl_nm": "(EC)할인몰",
        "item_nm": "트레이닝(상의)",
        "sale_amt": 0.0
      },
      {
        "yyyymm": "202504",
        "chnl_nm": "(EC)할인몰",
        "item_nm": "트레이닝(하의)",
        "sale_amt": 0.0
      },
      {
        "yyyymm": "202504",
        "chnl_nm": "(EC)할인몰",
        "item_nm": "팬츠",
        "sale_amt": 0.01
      },
      {
        "yyyymm": "202504",
        "chnl_nm": "(EC)할인몰",
        "item_nm": "폴라폴리스점퍼",
        "sale_amt": 0.0
      },
      {
        "yyyymm": "202504",
        "chnl_nm": "(EC)할인몰",
        "item_nm": "폴로 티셔츠",
        "sale_amt": 0.01
      },
      {
        "yyyymm": "202504",
        "chnl_nm": "(EC)할인몰",
        "item_nm": "햇",
        "sale_amt": 0.0
      },
      {
        "yyyymm": "202504",
        "chnl_nm": "(EC)할인몰",
        "item_nm": "후드티",
        "sale_amt": 0.01
      },
      {
        "yyyymm": "202504",
        "chnl_nm": "(EC)할인몰",
        "item_nm": "힙색",
        "sale_amt": 0.0
      },
      {
        "yyyymm": "202504",
        "chnl_nm": "(OFF)대리상",
        "item_nm": "방풍자켓",
        "sale_amt": 0.0
      },
      {
        "yyyymm": "202504",
        "chnl_nm": "(OFF)쇼핑몰",
        "item_nm": "가방",
        "sale_amt": 0.0
      },
      {
        "yyyymm": "202504",
        "chnl_nm": "(OFF)쇼핑몰",
        "item_nm": "긴팔티셔츠",
        "sale_amt": 0.0
      },
      {
        "yyyymm": "202504",
        "chnl_nm": "(OFF)쇼핑몰",
        "item_nm": "데님셔츠",
        "sale_amt": 0.0
      },
      {
        "yyyymm": "202504",
        "chnl_nm": "(OFF)쇼핑몰",
        "item_nm": "맨투맨",
        "sale_amt": 0.0
      },
      {
        "yyyymm": "202504",
        "chnl_nm": "(OFF)쇼핑몰",
        "item_nm": "반바지",
        "sale_amt": 0.0
      },
      {
        "yyyymm": "202504",
        "chnl_nm": "(OFF)쇼핑몰",
        "item_nm": "반팔티셔츠",
        "sale_amt": 0.03
      },
      {
        "yyyymm": "202504",
        "chnl_nm": "(OFF)쇼핑몰",
        "item_nm": "방풍자켓",
        "sale_amt": 0.01
      },
      {
        "yyyymm": "202504",
        "chnl_nm": "(OFF)쇼핑몰",
        "item_nm": "스커트",
        "sale_amt": 0.0
      },
      {
        "yyyymm": "202504",
        "chnl_nm": "(OFF)쇼핑몰",
        "item_nm": "신발",
        "sale_amt": 0.02
      },
      {
        "yyyymm": "202504",
        "chnl_nm": "(OFF)쇼핑몰",
        "item_nm": "양말",
        "sale_amt": 0.0
      },
      {
        "yyyymm": "202504",
        "chnl_nm": "(OFF)쇼핑몰",
        "item_nm": "우븐반바지",
        "sale_amt": 0.0
      },
      {
        "yyyymm": "202504",
        "chnl_nm": "(OFF)쇼핑몰",
        "item_nm": "우븐셔츠",
        "sale_amt": 0.01
      },
      {
        "yyyymm": "202504",
        "chnl_nm": "(OFF)쇼핑몰",
        "item_nm": "우븐팬츠",
        "sale_amt": 0.01
      },
      {
        "yyyymm": "202504",
        "chnl_nm": "(OFF)쇼핑몰",
        "item_nm": "운동모",
        "sale_amt": 0.0
      },
      {
        "yyyymm": "202504",
        "chnl_nm": "(OFF)쇼핑몰",
        "item_nm": "점퍼",
        "sale_amt": 0.0
      },
      {
        "yyyymm": "202504",
        "chnl_nm": "(OFF)쇼핑몰",
        "item_nm": "진바지",
        "sale_amt": 0.0
      },
      {
        "yyyymm": "202504",
        "chnl_nm": "(OFF)쇼핑몰",
        "item_nm": "크로스백",
        "sale_amt": 0.0
      },
      {
        "yyyymm": "202504",
        "chnl_nm": "(OFF)쇼핑몰",
        "item_nm": "탱크탑",
        "sale_amt": 0.0
      },
      {
        "yyyymm": "202504",
        "chnl_nm": "(OFF)쇼핑몰",
        "item_nm": "팬츠",
        "sale_amt": 0.0
      },
      {
        "yyyymm": "202504",
        "chnl_nm": "(OFF)쇼핑몰",
        "item_nm": "폴로 티셔츠",
        "sale_amt": 0.0
      },
      {
        "yyyymm": "202504",
        "chnl_nm": "(OFF)쇼핑몰",
        "item_nm": "햇",
        "sale_amt": 0.0
      },
      {
        "yyyymm": "202504",
        "chnl_nm": "(OFF)쇼핑몰",
        "item_nm": "후드티",
        "sale_amt": 0.0
      },
      {
        "yyyymm": "202504",
        "chnl_nm": "(OFF)아울렛",
        "item_nm": "긴팔티셔츠",
        "sale_amt": 0.0
      },
      {
        "yyyymm": "202504",
        "chnl_nm": "(OFF)아울렛",
        "item_nm": "데님셔츠",
        "sale_amt": 0.0
      },
      {
        "yyyymm": "202504",
        "chnl_nm": "(OFF)아울렛",
        "item_nm": "맨투맨",
        "sale_amt": 0.0
      },
      {
        "yyyymm": "202504",
        "chnl_nm": "(OFF)아울렛",
        "item_nm": "반바지",
        "sale_amt": 0.0
      },
      {
        "yyyymm": "202504",
        "chnl_nm": "(OFF)아울렛",
        "item_nm": "반팔티셔츠",
        "sale_amt": 0.03
      },
      {
        "yyyymm": "202504",
        "chnl_nm": "(OFF)아울렛",
        "item_nm": "방풍자켓",
        "sale_amt": 0.0
      },
      {
        "yyyymm": "202504",
        "chnl_nm": "(OFF)아울렛",
        "item_nm": "스커트",
        "sale_amt": 0.0
      },
      {
        "yyyymm": "202504",
        "chnl_nm": "(OFF)아울렛",
        "item_nm": "신발",
        "sale_amt": 0.0
      },
      {
        "yyyymm": "202504",
        "chnl_nm": "(OFF)아울렛",
        "item_nm": "우븐반바지",
        "sale_amt": 0.0
      },
      {
        "yyyymm": "202504",
        "chnl_nm": "(OFF)아울렛",
        "item_nm": "우븐셔츠",
        "sale_amt": 0.0
      },
      {
        "yyyymm": "202504",
        "chnl_nm": "(OFF)아울렛",
        "item_nm": "우븐팬츠",
        "sale_amt": 0.01
      },
      {
        "yyyymm": "202504",
        "chnl_nm": "(OFF)아울렛",
        "item_nm": "운동모",
        "sale_amt": 0.0
      },
      {
        "yyyymm": "202504",
        "chnl_nm": "(OFF)아울렛",
        "item_nm": "점퍼",
        "sale_amt": 0.0
      },
      {
        "yyyymm": "202504",
        "chnl_nm": "(OFF)아울렛",
        "item_nm": "트레이닝(하의)",
        "sale_amt": 0.0
      },
      {
        "yyyymm": "202504",
        "chnl_nm": "(OFF)아울렛",
        "item_nm": "팬츠",
        "sale_amt": 0.0
      },
      {
        "yyyymm": "202504",
        "chnl_nm": "(OFF)아울렛",
        "item_nm": "폴로 티셔츠",
        "sale_amt": 0.0
      },
      {
        "yyyymm": "202504",
        "chnl_nm": "(OFF)아울렛",
        "item_nm": "후드티",
        "sale_amt": 0.0
      },
      {
        "yyyymm": "202404",
        "chnl_nm": "(EC)대리상",
        "item_nm": "신발",
        "sale_amt": 0.0
      },
      {
        "yyyymm": "202404",
        "chnl_nm": "(EC)티몰",
        "item_nm": "데님셔츠",
        "sale_amt": -0.0
      },
      {
        "yyyymm": "202404",
        "chnl_nm": "(EC)티몰",
        "item_nm": "맨투맨",
        "sale_amt": -0.0
      },
      {
        "yyyymm": "202404",
        "chnl_nm": "(EC)티몰",
        "item_nm": "반바지",
        "sale_amt": 0.0
      },
      {
        "yyyymm": "202404",
        "chnl_nm": "(EC)티몰",
        "item_nm": "반팔티셔츠",
        "sale_amt": 0.01
      },
      {
        "yyyymm": "202404",
        "chnl_nm": "(EC)티몰",
        "item_nm": "방풍자켓",
        "sale_amt": 0.01
      },
      {
        "yyyymm": "202404",
        "chnl_nm": "(EC)티몰",
        "item_nm": "신발",
        "sale_amt": 0.02
      },
      {
        "yyyymm": "202404",
        "chnl_nm": "(EC)티몰",
        "item_nm": "우븐셔츠",
        "sale_amt": 0.0
      },
      {
        "yyyymm": "202404",
        "chnl_nm": "(EC)티몰",
        "item_nm": "우븐팬츠",
        "sale_amt": 0.0
      },
      {
        "yyyymm": "202404",
        "chnl_nm": "(EC)티몰",
        "item_nm": "운동모",
        "sale_amt": 0.0
      },
      {
        "yyyymm": "202404",
        "chnl_nm": "(EC)티몰",
        "item_nm": "팬츠",
        "sale_amt": 0.0
      },
      {
        "yyyymm": "202404",
        "chnl_nm": "(EC)티몰",
        "item_nm": "폴로 티셔츠",
        "sale_amt": 0.0
      },
      {
        "yyyymm": "202404",
        "chnl_nm": "(OFF)대리상",
        "item_nm": "가방",
        "sale_amt": 0.02
      },
      {
        "yyyymm": "202404",
        "chnl_nm": "(OFF)대리상",
        "item_nm": "긴팔티셔츠",
        "sale_amt": 0.0
      },
      {
        "yyyymm": "202404",
        "chnl_nm": "(OFF)대리상",
        "item_nm": "데님셔츠",
        "sale_amt": 0.01
      },
      {
        "yyyymm": "202404",
        "chnl_nm": "(OFF)대리상",
        "item_nm": "맨투맨",
        "sale_amt": 0.02
      },
      {
        "yyyymm": "202404",
        "chnl_nm": "(OFF)대리상",
        "item_nm": "반바지",
        "sale_amt": 0.04
      },
      {
        "yyyymm": "202404",
        "chnl_nm": "(OFF)대리상",
        "item_nm": "반팔티셔츠",
        "sale_amt": 0.27
      },
      {
        "yyyymm": "202404",
        "chnl_nm": "(OFF)대리상",
        "item_nm": "방풍자켓",
        "sale_amt": 0.07
      },
      {
        "yyyymm": "202404",
        "chnl_nm": "(OFF)대리상",
        "item_nm": "베스트",
        "sale_amt": -0.0
      },
      {
        "yyyymm": "202404",
        "chnl_nm": "(OFF)대리상",
        "item_nm": "보스톤백",
        "sale_amt": 0.0
      },
      {
        "yyyymm": "202404",
        "chnl_nm": "(OFF)대리상",
        "item_nm": "스커트",
        "sale_amt": 0.01
      },
      {
        "yyyymm": "202404",
        "chnl_nm": "(OFF)대리상",
        "item_nm": "신발",
        "sale_amt": 0.13
      },
      {
        "yyyymm": "202404",
        "chnl_nm": "(OFF)대리상",
        "item_nm": "양말",
        "sale_amt": 0.0
      },
      {
        "yyyymm": "202404",
        "chnl_nm": "(OFF)대리상",
        "item_nm": "우븐반바지",
        "sale_amt": 0.02
      },
      {
        "yyyymm": "202404",
        "chnl_nm": "(OFF)대리상",
        "item_nm": "우븐셔츠",
        "sale_amt": 0.05
      },
      {
        "yyyymm": "202404",
        "chnl_nm": "(OFF)대리상",
        "item_nm": "우븐팬츠",
        "sale_amt": 0.08
      },
      {
        "yyyymm": "202404",
        "chnl_nm": "(OFF)대리상",
        "item_nm": "운동모",
        "sale_amt": 0.03
      },
      {
        "yyyymm": "202404",
        "chnl_nm": "(OFF)대리상",
        "item_nm": "점퍼",
        "sale_amt": 0.05
      },
      {
        "yyyymm": "202404",
        "chnl_nm": "(OFF)대리상",
        "item_nm": "진바지",
        "sale_amt": 0.0
      },
      {
        "yyyymm": "202404",
        "chnl_nm": "(OFF)대리상",
        "item_nm": "크로스백",
        "sale_amt": 0.01
      },
      {
        "yyyymm": "202404",
        "chnl_nm": "(OFF)대리상",
        "item_nm": "탱크탑",
        "sale_amt": 0.0
      },
      {
        "yyyymm": "202404",
        "chnl_nm": "(OFF)대리상",
        "item_nm": "토드백",
        "sale_amt": 0.0
      },
      {
        "yyyymm": "202404",
        "chnl_nm": "(OFF)대리상",
        "item_nm": "트레이닝(상의)",
        "sale_amt": 0.01
      },
      {
        "yyyymm": "202404",
        "chnl_nm": "(OFF)대리상",
        "item_nm": "트레이닝(하의)",
        "sale_amt": 0.01
      },
      {
        "yyyymm": "202404",
        "chnl_nm": "(OFF)대리상",
        "item_nm": "팬츠",
        "sale_amt": 0.02
      },
      {
        "yyyymm": "202404",
        "chnl_nm": "(OFF)대리상",
        "item_nm": "폴로 티셔츠",
        "sale_amt": 0.02
      },
      {
        "yyyymm": "202404",
        "chnl_nm": "(OFF)대리상",
        "item_nm": "햇",
        "sale_amt": 0.0
      },
      {
        "yyyymm": "202404",
        "chnl_nm": "(OFF)대리상",
        "item_nm": "후드티",
        "sale_amt": 0.01
      },
      {
        "yyyymm": "202404",
        "chnl_nm": "(OFF)대리상",
        "item_nm": "힙색",
        "sale_amt": 0.0
      },
      {
        "yyyymm": "202404",
        "chnl_nm": "(OFF)쇼핑몰",
        "item_nm": "가방",
        "sale_amt": 0.01
      },
      {
        "yyyymm": "202404",
        "chnl_nm": "(OFF)쇼핑몰",
        "item_nm": "긴팔티셔츠",
        "sale_amt": 0.0
      },
      {
        "yyyymm": "202404",
        "chnl_nm": "(OFF)쇼핑몰",
        "item_nm": "다운베스트",
        "sale_amt": 0.0
      },
      {
        "yyyymm": "202404",
        "chnl_nm": "(OFF)쇼핑몰",
        "item_nm": "데님셔츠",
        "sale_amt": 0.0
      },
      {
        "yyyymm": "202404",
        "chnl_nm": "(OFF)쇼핑몰",
        "item_nm": "맨투맨",
        "sale_amt": 0.01
      },
      {
        "yyyymm": "202404",
        "chnl_nm": "(OFF)쇼핑몰",
        "item_nm": "반바지",
        "sale_amt": 0.01
      },
      {
        "yyyymm": "202404",
        "chnl_nm": "(OFF)쇼핑몰",
        "item_nm": "반팔티셔츠",
        "sale_amt": 0.09
      },
      {
        "yyyymm": "202404",
        "chnl_nm": "(OFF)쇼핑몰",
        "item_nm": "방풍자켓",
        "sale_amt": 0.05
      },
      {
        "yyyymm": "202404",
        "chnl_nm": "(OFF)쇼핑몰",
        "item_nm": "스커트",
        "sale_amt": 0.01
      },
      {
        "yyyymm": "202404",
        "chnl_nm": "(OFF)쇼핑몰",
        "item_nm": "슬리퍼",
        "sale_amt": 0.0
      },
      {
        "yyyymm": "202404",
        "chnl_nm": "(OFF)쇼핑몰",
        "item_nm": "신발",
        "sale_amt": 0.04
      },
      {
        "yyyymm": "202404",
        "chnl_nm": "(OFF)쇼핑몰",
        "item_nm": "양말",
        "sale_amt": 0.0
      },
      {
        "yyyymm": "202404",
        "chnl_nm": "(OFF)쇼핑몰",
        "item_nm": "우븐반바지",
        "sale_amt": 0.01
      },
      {
        "yyyymm": "202404",
        "chnl_nm": "(OFF)쇼핑몰",
        "item_nm": "우븐셔츠",
        "sale_amt": 0.01
      },
      {
        "yyyymm": "202404",
        "chnl_nm": "(OFF)쇼핑몰",
        "item_nm": "우븐팬츠",
        "sale_amt": 0.04
      },
      {
        "yyyymm": "202404",
        "chnl_nm": "(OFF)쇼핑몰",
        "item_nm": "운동모",
        "sale_amt": 0.01
      },
      {
        "yyyymm": "202404",
        "chnl_nm": "(OFF)쇼핑몰",
        "item_nm": "점퍼",
        "sale_amt": 0.01
      },
      {
        "yyyymm": "202404",
        "chnl_nm": "(OFF)쇼핑몰",
        "item_nm": "진바지",
        "sale_amt": 0.0
      },
      {
        "yyyymm": "202404",
        "chnl_nm": "(OFF)쇼핑몰",
        "item_nm": "크로스백",
        "sale_amt": 0.0
      },
      {
        "yyyymm": "202404",
        "chnl_nm": "(OFF)쇼핑몰",
        "item_nm": "탱크탑",
        "sale_amt": 0.0
      },
      {
        "yyyymm": "202404",
        "chnl_nm": "(OFF)쇼핑몰",
        "item_nm": "토드백",
        "sale_amt": 0.0
      },
      {
        "yyyymm": "202404",
        "chnl_nm": "(OFF)쇼핑몰",
        "item_nm": "트레이닝(상의)",
        "sale_amt": 0.0
      },
      {
        "yyyymm": "202404",
        "chnl_nm": "(OFF)쇼핑몰",
        "item_nm": "트레이닝(하의)",
        "sale_amt": 0.0
      },
      {
        "yyyymm": "202404",
        "chnl_nm": "(OFF)쇼핑몰",
        "item_nm": "팬츠",
        "sale_amt": 0.0
      },
      {
        "yyyymm": "202404",
        "chnl_nm": "(OFF)쇼핑몰",
        "item_nm": "폴로 티셔츠",
        "sale_amt": 0.01
      },
      {
        "yyyymm": "202404",
        "chnl_nm": "(OFF)쇼핑몰",
        "item_nm": "햇",
        "sale_amt": 0.0
      },
      {
        "yyyymm": "202404",
        "chnl_nm": "(OFF)쇼핑몰",
        "item_nm": "후드티",
        "sale_amt": 0.0
      },
      {
        "yyyymm": "202404",
        "chnl_nm": "(OFF)쇼핑몰",
        "item_nm": "힙색",
        "sale_amt": 0.0
      }
    ]
  }
}