{
  "country": "CN",
  "brand_cd": "W",
  "brand_name": "SUPRA",
  "yyyymm": "202508",
  "yyyymm_py": "202408",
  "key": "영업비",
  "sub_key": "종합분석",
  "analysis_data": {
    "title": "영업비 종합분석",
    "sections": [
      {
        "div": "종합분석-1",
        "sub_title": "전년/당해 동월 비교 (202408 VS 202508)",
        "ai_text": "**전년 동월(202408) VS 당해당월(202508) 영업비 분석**\n\n• **총 영업비 대폭 감소**: 전년 동월 447k → 당해당월 0k (△100.0% 감소)\n• **주요 계정별 변화**:\n  - 광고비(ad_cst_oprt): 189k → 0k (△100.0% 감소)\n  - 급여(slry_csy_oprt): 205k → 0k (△100.0% 감소)\n  - 복리후생비(emp_bnft_cst_oprt): 48k → 0k (△100.0% 감소)\n  - 감가상각비(deprc_cst_oprt): 2k → 0k (△100.0% 감소)\n  - 기타비용(etc_cst_oprt): 3k → 0k (△100.0% 감소)\n\n• **매출액(v+) 변화**: △964k → △21k (적자 폭 97.8% 개선)\n• **매출액(VAT포함)**: 954k → 507k (△46.9% 감소)\n\n**⚠️ 중요 이상징후**: 2025년 8월 모든 영업비 계정이 0에 수렴하는 현상은 사업 중단 또는 회계처리 이슈를 시사함. 즉시 원인 파악 및 대응 필요."
      },
      {
        "div": "종합분석-2",
        "sub_title": "누적 YTD 비교 (전년 누적 VS 당해 누적)",
        "ai_text": "**전년 누적(202401~202408) VS 당해 누적(202501~202508) 영업비 분석**\n\n• **총 영업비 구조적 변화**: 전년 누적 6,069k → 당해 누적 △679k (△111.2% 감소)\n• **주요 계정별 누적 변화**:\n  - 광고비: 2,887k → 0k (△100.0% 감소, △2,887k)\n  - 급여: 1,846k → △682k (△137.0% 감소, 급여 환수 발생)\n  - 복리후생비: 456k → 1k (△99.8% 감소, △455k)\n  - 지급수수료: 547k → 0k (△100.0% 감소, △547k)\n  - 행사비: 242k → 0k (△100.0% 감소, △242k)\n\n• **매출 성과**: 전년 누적 3,672k → 당해 누적 1,892k (△48.5% 감소)\n• **매출액(VAT포함)**: 9,086k → 4,291k (△52.8% 감소)\n\n**핵심 이슈**: 급여에서 682k의 환수가 발생한 것은 인력 구조조정 또는 과지급 정산을 의미. 브랜드 운영 전략의 근본적 변화가 진행 중임."
      },
      {
        "div": "종합분석-3",
        "sub_title": "1년 추세 분석 (2024년 1월 ~ 2025년 8월, 202401~202508)",
        "ai_text": "**20개월간(202401~202508) 월별 영업비 추이 분석**\n\n• **2024년 패턴 (202401~202412)**:\n  - 2월 광고비 최고점: 1,537k (연간 최대 마케팅 투자)\n  - 4월 광고비 집중: 778k (시즌 마케팅)\n  - 평균 월 급여: 200k 내외 안정적 유지\n  - 복리후생비: 월 평균 50k 수준 일정\n\n• **2025년 급격한 변화 (202501~202508)**:\n  - 1월부터 광고비 전면 중단 (0k 지속)\n  - 3월 대규모 급여 환수: △685k\n  - 2월 이후 대부분 영업비 0에 근접\n  - 매출액도 전년 대비 50% 이상 감소\n\n• **계절성 분석**: 전년도 2월, 4월 광고비 집중 투자 패턴이 당해년도에는 완전 소멸\n\n**⚠️ 트렌드 경고**: 2025년 들어 SUPRA 브랜드의 마케팅 활동이 전면 중단되고 인력비용 대폭 절감이 진행됨. 브랜드 축소/철수 가능성 검토 필요."
      },
      {
        "div": "종합분석-4",
        "sub_title": "법인 전체 대비 브랜드 비중 분석 (SUPRA vs 법인 전체)",
        "ai_text": "**SUPRA 브랜드의 법인 전체 대비 영업비 비중 분석**\n\n• **당해당월(202508) 법인 전체 대비 비중**:\n  - 총 영업비: SUPRA 0k vs 법인 전체 36,152k (비중 0.0%)\n  - 광고비: 0k vs 19,380k (비중 0.0%)\n  - 급여: 0k vs 9,051k (비중 0.0%)\n  - 복리후생비: 0k vs 2,948k (비중 0.0%)\n  - 지급수수료: 0k vs 1,662k (비중 0.0%)\n  - 임차료: 0k vs 1,917k (비중 0.0%)\n\n• **당해 누적(202501~202508) 법인 전체 대비 비중**:\n  - 총 영업비: SUPRA △679k vs 법인 전체 261,254k (비중 △0.3%)\n  - 급여 환수로 인한 마이너스 비중 발생\n\n• **브랜드 포지셔닝**: SUPRA는 법인 내 6개 브랜드(MLB, MLB KIDS, DISCOVERY, DUVETICA, SERGIO TACCHINI, SUPRA) 중 영업비 투자가 전무한 상태\n\n**전략적 함의**: SUPRA 브랜드는 법인 전체 영업비 포트폴리오에서 완전히 배제된 상태. 브랜드 생존 여부에 대한 경영진 결정이 시급함."
      },
      {
        "div": "종합분석-5",
        "sub_title": "전략적 시사점",
        "ai_text": "**종합 분석 결과 및 전략적 시사점**\n\n**현황 진단**:\n• SUPRA 브랜드는 2025년 들어 사실상 운영 중단 상태\n• 모든 마케팅 활동 중단, 인력비용 대폭 절감/환수\n• 매출 규모도 전년 대비 50% 이상 감소\n• 법인 내 브랜드 포트폴리오에서 완전 소외\n\n**단기 전략 방향 (3개월 내)**:\n1. **브랜드 존폐 결정**: 경영진 차원에서 SUPRA 브랜드 지속 여부 최종 결정\n2. **자산 정리**: 브랜드 중단 시 재고, 지적재산권 등 자산 처분 계획 수립\n3. **인력 재배치**: 관련 인력의 타 브랜드 전환 또는 정리 완료\n4. **고객 커뮤니케이션**: 브랜드 중단 시 기존 고객 대상 공지 및 A/S 대응 방안 마련\n\n**중장기 전략 방향 (6개월 이상)**:\n1. **포트폴리오 최적화**: 법인 내 MLB, DISCOVERY 등 주력 브랜드로 자원 집중\n2. **시장 재진입 검토**: 향후 스니커즈 시장 회복 시 SUPRA 브랜드 부활 가능성 평가\n3. **라이선스 활용**: 브랜드 직접 운영 대신 라이선스 아웃 방식 검토\n\n**⚠️ 즉시 실행 필요**: SUPRA 브랜드의 현재 상태는 명확한 전략적 결정을 요구하는 상황임. 애매한 중간 상태 지속은 비효율적 자원 배분을 초래할 수 있음."
      }
    ]
  },
  "summary": {
    "current_month_expense": -0.0,
    "previous_month_expense": 448.0,
    "current_ytd_expense": -679.0,
    "previous_ytd_expense": 6069.0,
    "total_records": 84,
    "analysis_period_month": "2024년 8월 VS 2025년 8월",
    "analysis_period_ytd": "2024년 1월~2024년 8월 VS 2025년 1월~2025년 8월",
    "trend_period": "2024년 1월 ~ 2025년 8월 (202401~202508)"
  },
  "month_comparison": {
    "previous_month": {
      "ad_cst_oprt": 189.0,
      "slry_csy_oprt": 205.0,
      "emp_bnft_cst_oprt": 48.0,
      "pmt_cms_oprt": -0.0,
      "shop_rnt_oprt": 0.0,
      "evnt_cst_oprt": 0.0,
      "tax_cst_oprt": 0.0,
      "deprc_cst_oprt": 2.0,
      "etc_cst_oprt": 3.0,
      "sale_amt": -964.0,
      "sale_amt_vat": 954.0
    },
    "current_month": {
      "ad_cst_oprt": 0.0,
      "slry_csy_oprt": -0.0,
      "emp_bnft_cst_oprt": -0.0,
      "pmt_cms_oprt": -0.0,
      "shop_rnt_oprt": 0.0,
      "evnt_cst_oprt": 0.0,
      "tax_cst_oprt": 0.0,
      "deprc_cst_oprt": -0.0,
      "etc_cst_oprt": -0.0,
      "sale_amt": -21.0,
      "sale_amt_vat": 507.0
    }
  },
  "ytd_comparison": {
    "previous_ytd": {
      "ad_cst_oprt": 2887.0,
      "slry_csy_oprt": 1846.0,
      "emp_bnft_cst_oprt": 456.0,
      "pmt_cms_oprt": 547.0,
      "shop_rnt_oprt": 0.0,
      "evnt_cst_oprt": 242.0,
      "tax_cst_oprt": 0.0,
      "deprc_cst_oprt": 8.0,
      "etc_cst_oprt": 83.0,
      "sale_amt": 3672.0,
      "sale_amt_vat": 9086.0
    },
    "current_ytd": {
      "ad_cst_oprt": -0.0,
      "slry_csy_oprt": -682.0,
      "emp_bnft_cst_oprt": 1.0,
      "pmt_cms_oprt": 0.0,
      "shop_rnt_oprt": 0.0,
      "evnt_cst_oprt": 0.0,
      "tax_cst_oprt": 0.0,
      "deprc_cst_oprt": 2.0,
      "etc_cst_oprt": 0.0,
      "sale_amt": 1892.0,
      "sale_amt_vat": 4291.0
    }
  },
  "trend_by_month": {
    "202401": {
      "ad_cst_oprt": 120.0,
      "slry_csy_oprt": 249.0,
      "emp_bnft_cst_oprt": 61.0,
      "pmt_cms_oprt": 50.0,
      "shop_rnt_oprt": 0.0,
      "evnt_cst_oprt": 0.0,
      "tax_cst_oprt": 0.0,
      "deprc_cst_oprt": 1.0,
      "etc_cst_oprt": 40.0,
      "sale_amt": 1985.0,
      "sale_amt_vat": 1556.0
    },
    "202402": {
      "ad_cst_oprt": 1537.0,
      "slry_csy_oprt": 325.0,
      "emp_bnft_cst_oprt": 70.0,
      "pmt_cms_oprt": 200.0,
      "shop_rnt_oprt": 0.0,
      "evnt_cst_oprt": 242.0,
      "tax_cst_oprt": 0.0,
      "deprc_cst_oprt": 1.0,
      "etc_cst_oprt": 7.0,
      "sale_amt": 2077.0,
      "sale_amt_vat": 1526.0
    },
    "202403": {
      "ad_cst_oprt": 64.0,
      "slry_csy_oprt": 243.0,
      "emp_bnft_cst_oprt": 55.0,
      "pmt_cms_oprt": 0.0,
      "shop_rnt_oprt": 0.0,
      "evnt_cst_oprt": 0.0,
      "tax_cst_oprt": 0.0,
      "deprc_cst_oprt": 1.0,
      "etc_cst_oprt": 6.0,
      "sale_amt": 1714.0,
      "sale_amt_vat": 1068.0
    },
    "202404": {
      "ad_cst_oprt": 778.0,
      "slry_csy_oprt": 203.0,
      "emp_bnft_cst_oprt": 53.0,
      "pmt_cms_oprt": 158.0,
      "shop_rnt_oprt": 0.0,
      "evnt_cst_oprt": 0.0,
      "tax_cst_oprt": 0.0,
      "deprc_cst_oprt": 1.0,
      "etc_cst_oprt": 6.0,
      "sale_amt": -431.0,
      "sale_amt_vat": 1106.0
    },
    "202405": {
      "ad_cst_oprt": 81.0,
      "slry_csy_oprt": 211.0,
      "emp_bnft_cst_oprt": 55.0,
      "pmt_cms_oprt": 69.0,
      "shop_rnt_oprt": 0.0,
      "evnt_cst_oprt": 0.0,
      "tax_cst_oprt": 0.0,
      "deprc_cst_oprt": 1.0,
      "etc_cst_oprt": 2.0,
      "sale_amt": 1099.0,
      "sale_amt_vat": 954.0
    },
    "202406": {
      "ad_cst_oprt": 118.0,
      "slry_csy_oprt": 192.0,
      "emp_bnft_cst_oprt": 53.0,
      "pmt_cms_oprt": 50.0,
      "shop_rnt_oprt": 0.0,
      "evnt_cst_oprt": 0.0,
      "tax_cst_oprt": 0.0,
      "deprc_cst_oprt": 1.0,
      "etc_cst_oprt": 11.0,
      "sale_amt": -690.0,
      "sale_amt_vat": 879.0
    },
    "202407": {
      "ad_cst_oprt": 0.0,
      "slry_csy_oprt": 217.0,
      "emp_bnft_cst_oprt": 60.0,
      "pmt_cms_oprt": 20.0,
      "shop_rnt_oprt": 0.0,
      "evnt_cst_oprt": 0.0,
      "tax_cst_oprt": 0.0,
      "deprc_cst_oprt": 2.0,
      "etc_cst_oprt": 7.0,
      "sale_amt": -1118.0,
      "sale_amt_vat": 1044.0
    },
    "202408": {
      "ad_cst_oprt": 189.0,
      "slry_csy_oprt": 205.0,
      "emp_bnft_cst_oprt": 48.0,
      "pmt_cms_oprt": -0.0,
      "shop_rnt_oprt": 0.0,
      "evnt_cst_oprt": 0.0,
      "tax_cst_oprt": 0.0,
      "deprc_cst_oprt": 2.0,
      "etc_cst_oprt": 3.0,
      "sale_amt": -964.0,
      "sale_amt_vat": 954.0
    },
    "202409": {
      "ad_cst_oprt": 382.0,
      "slry_csy_oprt": 168.0,
      "emp_bnft_cst_oprt": 43.0,
      "pmt_cms_oprt": -0.0,
      "shop_rnt_oprt": 0.0,
      "evnt_cst_oprt": 0.0,
      "tax_cst_oprt": 0.0,
      "deprc_cst_oprt": 2.0,
      "etc_cst_oprt": 3.0,
      "sale_amt": -725.0,
      "sale_amt_vat": 733.0
    },
    "202410": {
      "ad_cst_oprt": 80.0,
      "slry_csy_oprt": 178.0,
      "emp_bnft_cst_oprt": 43.0,
      "pmt_cms_oprt": 39.0,
      "shop_rnt_oprt": 0.0,
      "evnt_cst_oprt": 0.0,
      "tax_cst_oprt": 0.0,
      "deprc_cst_oprt": 2.0,
      "etc_cst_oprt": 1.0,
      "sale_amt": 131.0,
      "sale_amt_vat": 1176.0
    },
    "202411": {
      "ad_cst_oprt": 0.0,
      "slry_csy_oprt": 182.0,
      "emp_bnft_cst_oprt": 46.0,
      "pmt_cms_oprt": -0.0,
      "shop_rnt_oprt": 0.0,
      "evnt_cst_oprt": 0.0,
      "tax_cst_oprt": 0.0,
      "deprc_cst_oprt": 2.0,
      "etc_cst_oprt": 1.0,
      "sale_amt": -284.0,
      "sale_amt_vat": 1203.0
    },
    "202412": {
      "ad_cst_oprt": 0.0,
      "slry_csy_oprt": 113.0,
      "emp_bnft_cst_oprt": 25.0,
      "pmt_cms_oprt": 0.0,
      "shop_rnt_oprt": 0.0,
      "evnt_cst_oprt": 0.0,
      "tax_cst_oprt": 0.0,
      "deprc_cst_oprt": 2.0,
      "etc_cst_oprt": 0.0,
      "sale_amt": 1384.0,
      "sale_amt_vat": 1600.0
    },
    "202501": {
      "ad_cst_oprt": 0.0,
      "slry_csy_oprt": 3.0,
      "emp_bnft_cst_oprt": 1.0,
      "pmt_cms_oprt": 0.0,
      "shop_rnt_oprt": 0.0,
      "evnt_cst_oprt": 0.0,
      "tax_cst_oprt": 0.0,
      "deprc_cst_oprt": 2.0,
      "etc_cst_oprt": 0.0,
      "sale_amt": 1646.0,
      "sale_amt_vat": 1456.0
    },
    "202502": {
      "ad_cst_oprt": -0.0,
      "slry_csy_oprt": -0.0,
      "emp_bnft_cst_oprt": -0.0,
      "pmt_cms_oprt": -0.0,
      "shop_rnt_oprt": 0.0,
      "evnt_cst_oprt": 0.0,
      "tax_cst_oprt": 0.0,
      "deprc_cst_oprt": -0.0,
      "etc_cst_oprt": -0.0,
      "sale_amt": -175.0,
      "sale_amt_vat": 586.0
    },
    "202503": {
      "ad_cst_oprt": 0.0,
      "slry_csy_oprt": -685.0,
      "emp_bnft_cst_oprt": 0.0,
      "pmt_cms_oprt": 0.0,
      "shop_rnt_oprt": 0.0,
      "evnt_cst_oprt": 0.0,
      "tax_cst_oprt": 0.0,
      "deprc_cst_oprt": 0.0,
      "etc_cst_oprt": 0.0,
      "sale_amt": 313.0,
      "sale_amt_vat": 277.0
    },
    "202504": {
      "ad_cst_oprt": 0.0,
      "slry_csy_oprt": -2.0,
      "emp_bnft_cst_oprt": -1.0,
      "pmt_cms_oprt": -0.0,
      "shop_rnt_oprt": 0.0,
      "evnt_cst_oprt": 0.0,
      "tax_cst_oprt": 0.0,
      "deprc_cst_oprt": -0.0,
      "etc_cst_oprt": 0.0,
      "sale_amt": -1059.0,
      "sale_amt_vat": 413.0
    },
    "202505": {
      "ad_cst_oprt": 0.0,
      "slry_csy_oprt": 1.0,
      "emp_bnft_cst_oprt": 0.0,
      "pmt_cms_oprt": 0.0,
      "shop_rnt_oprt": 0.0,
      "evnt_cst_oprt": 0.0,
      "tax_cst_oprt": 0.0,
      "deprc_cst_oprt": 0.0,
      "etc_cst_oprt": 0.0,
      "sale_amt": 418.0,
      "sale_amt_vat": 370.0
    },
    "202506": {
      "ad_cst_oprt": 0.0,
      "slry_csy_oprt": 1.0,
      "emp_bnft_cst_oprt": 0.0,
      "pmt_cms_oprt": 0.0,
      "shop_rnt_oprt": 0.0,
      "evnt_cst_oprt": 0.0,
      "tax_cst_oprt": 0.0,
      "deprc_cst_oprt": 0.0,
      "etc_cst_oprt": 0.0,
      "sale_amt": 288.0,
      "sale_amt_vat": 255.0
    },
    "202507": {
      "ad_cst_oprt": 0.0,
      "slry_csy_oprt": 1.0,
      "emp_bnft_cst_oprt": 0.0,
      "pmt_cms_oprt": 0.0,
      "shop_rnt_oprt": 0.0,
      "evnt_cst_oprt": 0.0,
      "tax_cst_oprt": 0.0,
      "deprc_cst_oprt": 0.0,
      "etc_cst_oprt": 0.0,
      "sale_amt": 483.0,
      "sale_amt_vat": 427.0
    },
    "202508": {
      "ad_cst_oprt": 0.0,
      "slry_csy_oprt": -0.0,
      "emp_bnft_cst_oprt": -0.0,
      "pmt_cms_oprt": -0.0,
      "shop_rnt_oprt": 0.0,
      "evnt_cst_oprt": 0.0,
      "tax_cst_oprt": 0.0,
      "deprc_cst_oprt": -0.0,
      "etc_cst_oprt": -0.0,
      "sale_amt": -21.0,
      "sale_amt_vat": 507.0
    }
  },
  "brand_vs_all_brands": {
    "current_month": {
      "brand_total": -0.0,
      "all_brands_total": 36152.0,
      "ratio": -0.0,
      "by_account": {
        "ad_cst_oprt": {
          "brand": 0.0,
          "all_brands": 19380.0,
          "ratio": 0.0
        },
        "slry_csy_oprt": {
          "brand": -0.0,
          "all_brands": 9051.0,
          "ratio": -0.0
        },
        "emp_bnft_cst_oprt": {
          "brand": -0.0,
          "all_brands": 2948.0,
          "ratio": -0.0
        },
        "pmt_cms_oprt": {
          "brand": -0.0,
          "all_brands": 1662.0,
          "ratio": -0.0
        },
        "shop_rnt_oprt": {
          "brand": 0.0,
          "all_brands": 1917.0,
          "ratio": 0.0
        },
        "evnt_cst_oprt": {
          "brand": 0.0,
          "all_brands": 0.0,
          "ratio": 0.0
        },
        "tax_cst_oprt": {
          "brand": 0.0,
          "all_brands": 402.0,
          "ratio": 0.0
        },
        "deprc_cst_oprt": {
          "brand": -0.0,
          "all_brands": 467.0,
          "ratio": -0.0
        },
        "etc_cst_oprt": {
          "brand": -0.0,
          "all_brands": 325.0,
          "ratio": -0.0
        }
      }
    },
    "current_ytd": {
      "brand_total": -679.0,
      "all_brands_total": 261254.0,
      "ratio": -0.3
    }
  },
  "all_brands_summary": {
    "current_month": {
      "ad_cst_oprt": 19380.0,
      "slry_csy_oprt": 9051.0,
      "emp_bnft_cst_oprt": 2948.0,
      "pmt_cms_oprt": 1662.0,
      "shop_rnt_oprt": 1917.0,
      "evnt_cst_oprt": 0.0,
      "tax_cst_oprt": 402.0,
      "deprc_cst_oprt": 467.0,
      "etc_cst_oprt": 325.0,
      "sale_amt": 635073.0,
      "sale_amt_vat": 555217.0
    },
    "previous_month": {
      "ad_cst_oprt": 18993.0,
      "slry_csy_oprt": 7534.0,
      "emp_bnft_cst_oprt": 2464.0,
      "pmt_cms_oprt": 736.0,
      "shop_rnt_oprt": 1539.0,
      "evnt_cst_oprt": -208.0,
      "tax_cst_oprt": 288.0,
      "deprc_cst_oprt": 508.0,
      "etc_cst_oprt": 273.0,
      "sale_amt": 568354.0,
      "sale_amt_vat": 496726.0
    },
    "current_ytd": {
      "ad_cst_oprt": 115379.0,
      "slry_csy_oprt": 69164.0,
      "emp_bnft_cst_oprt": 22955.0,
      "pmt_cms_oprt": 16205.0,
      "shop_rnt_oprt": 13229.0,
      "evnt_cst_oprt": 12816.0,
      "tax_cst_oprt": 5685.0,
      "deprc_cst_oprt": 3016.0,
      "etc_cst_oprt": 2805.0,
      "sale_amt": 3468068.0,
      "sale_amt_vat": 4834830.0
    },
    "previous_ytd": {
      "ad_cst_oprt": 92411.0,
      "slry_csy_oprt": 64987.0,
      "emp_bnft_cst_oprt": 20176.0,
      "pmt_cms_oprt": 9967.0,
      "shop_rnt_oprt": 11951.0,
      "evnt_cst_oprt": 9557.0,
      "tax_cst_oprt": 8302.0,
      "deprc_cst_oprt": 3946.0,
      "etc_cst_oprt": 4345.0,
      "sale_amt": 3256760.0,
      "sale_amt_vat": 4643175.0
    }
  },
  "raw_data": {
    "sample_records": [
      {
        "PST_YYYYMM": "202508",
        "BRD_CD": "W",
        "MGMT_CHNL_NM": "(OFF)쇼핑몰",
        "SALE_AMT": 0.0,
        "SALE_AMT_VAT": 0.0,
        "AD_CST_OPRT": 0.0,
        "SLRY_CSY_OPRT": 0.0,
        "EMP_BNFT_CST_OPRT": 0.0,
        "PMT_CMS_OPRT": 0.0,
        "SHOP_RNT_OPRT": 0.0,
        "EVNT_CST_OPRT": 0.0,
        "TAX_CST_OPRT": 0.0,
        "DEPRC_CST_OPRT": 0.0,
        "ETC_CST_OPRT": 0.0
      },
      {
        "PST_YYYYMM": "202412",
        "BRD_CD": "W",
        "MGMT_CHNL_NM": "(OFF)대리상",
        "SALE_AMT": -380014.85000000003,
        "SALE_AMT_VAT": 39102.65486725664,
        "AD_CST_OPRT": -2.95,
        "SLRY_CSY_OPRT": -31113.1,
        "EMP_BNFT_CST_OPRT": -7005.21,
        "PMT_CMS_OPRT": -1.64,
        "SHOP_RNT_OPRT": 0.0,
        "EVNT_CST_OPRT": 0.0,
        "TAX_CST_OPRT": 0.0,
        "DEPRC_CST_OPRT": -478.35,
        "ETC_CST_OPRT": -50.98
      },
      {
        "PST_YYYYMM": "202409",
        "BRD_CD": "W",
        "MGMT_CHNL_NM": "(OFF)대리상",
        "SALE_AMT": -1270219.2600000002,
        "SALE_AMT_VAT": 249740.7079646018,
        "AD_CST_OPRT": 669123.39,
        "SLRY_CSY_OPRT": 293653.88,
        "EMP_BNFT_CST_OPRT": 74914.35,
        "PMT_CMS_OPRT": -4.63,
        "SHOP_RNT_OPRT": 0.0,
        "EVNT_CST_OPRT": 0.0,
        "TAX_CST_OPRT": 0.0,
        "DEPRC_CST_OPRT": 2671.56,
        "ETC_CST_OPRT": 5755.1
      },
      {
        "PST_YYYYMM": "202406",
        "BRD_CD": "W",
        "MGMT_CHNL_NM": "(OFF)쇼핑몰",
        "SALE_AMT": 380438.0,
        "SALE_AMT_VAT": 336670.79646017705,
        "AD_CST_OPRT": -64982.17,
        "SLRY_CSY_OPRT": -85218.02,
        "EMP_BNFT_CST_OPRT": -23471.2,
        "PMT_CMS_OPRT": -25633.26,
        "SHOP_RNT_OPRT": 0.0,
        "EVNT_CST_OPRT": 0.0,
        "TAX_CST_OPRT": 0.0,
        "DEPRC_CST_OPRT": -474.72,
        "ETC_CST_OPRT": -6011.57
      },
      {
        "PST_YYYYMM": "202401",
        "BRD_CD": "W",
        "MGMT_CHNL_NM": "(EC)대리상",
        "SALE_AMT": 276880.41,
        "SALE_AMT_VAT": 0.0,
        "AD_CST_OPRT": 16747.67,
        "SLRY_CSY_OPRT": 74174.99,
        "EMP_BNFT_CST_OPRT": 20015.09,
        "PMT_CMS_OPRT": 0.91,
        "SHOP_RNT_OPRT": 0.0,
        "EVNT_CST_OPRT": 0.0,
        "TAX_CST_OPRT": 0.0,
        "DEPRC_CST_OPRT": 1.59,
        "ETC_CST_OPRT": 641.8
      },
      {
        "PST_YYYYMM": "202409",
        "BRD_CD": "W",
        "MGMT_CHNL_NM": "(OFF)쇼핑몰",
        "SALE_AMT": 528990.0,
        "SALE_AMT_VAT": 468132.74336283194,
        "AD_CST_OPRT": -278660.88,
        "SLRY_CSY_OPRT": -122293.85,
        "EMP_BNFT_CST_OPRT": -31198.7,
        "PMT_CMS_OPRT": 1.55,
        "SHOP_RNT_OPRT": 0.0,
        "EVNT_CST_OPRT": 0.0,
        "TAX_CST_OPRT": 0.0,
        "DEPRC_CST_OPRT": -1113.01,
        "ETC_CST_OPRT": -2397.56
      },
      {
        "PST_YYYYMM": "202403",
        "BRD_CD": "W",
        "MGMT_CHNL_NM": "(OFF)쇼핑몰",
        "SALE_AMT": 270798.0,
        "SALE_AMT_VAT": 239644.24778761063,
        "AD_CST_OPRT": 10072.15,
        "SLRY_CSY_OPRT": 28220.87,
        "EMP_BNFT_CST_OPRT": 7060.69,
        "PMT_CMS_OPRT": 1.34,
        "SHOP_RNT_OPRT": 0.0,
        "EVNT_CST_OPRT": 0.0,
        "TAX_CST_OPRT": 0.0,
        "DEPRC_CST_OPRT": 160.93,
        "ETC_CST_OPRT": 1024.29
      },
      {
        "PST_YYYYMM": "202403",
        "BRD_CD": "W",
        "MGMT_CHNL_NM": "(OFF)대리상",
        "SALE_AMT": 1247284.3900000001,
        "SALE_AMT_VAT": 690101.7699115046,
        "AD_CST_OPRT": 46391.7,
        "SLRY_CSY_OPRT": 129983.06,
        "EMP_BNFT_CST_OPRT": 32520.93,
        "PMT_CMS_OPRT": 6.9,
        "SHOP_RNT_OPRT": 0.0,
        "EVNT_CST_OPRT": 0.0,
        "TAX_CST_OPRT": 0.0,
        "DEPRC_CST_OPRT": 744.23,
        "ETC_CST_OPRT": 4715.41
      },
      {
        "PST_YYYYMM": "202507",
        "BRD_CD": "W",
        "MGMT_CHNL_NM": "(OFF)쇼핑몰",
        "SALE_AMT": 0.0,
        "SALE_AMT_VAT": 0.0,
        "AD_CST_OPRT": 0.0,
        "SLRY_CSY_OPRT": 0.0,
        "EMP_BNFT_CST_OPRT": 0.0,
        "PMT_CMS_OPRT": 0.0,
        "SHOP_RNT_OPRT": 0.0,
        "EVNT_CST_OPRT": 0.0,
        "TAX_CST_OPRT": 0.0,
        "DEPRC_CST_OPRT": 0.0,
        "ETC_CST_OPRT": 0.0
      },
      {
        "PST_YYYYMM": "202411",
        "BRD_CD": "W",
        "MGMT_CHNL_NM": "(OFF)쇼핑몰",
        "SALE_AMT": 1081511.0,
        "SALE_AMT_VAT": 957089.3805309735,
        "AD_CST_OPRT": 0.0,
        "SLRY_CSY_OPRT": -692494.34,
        "EMP_BNFT_CST_OPRT": -172563.33,
        "PMT_CMS_OPRT": 6.3,
        "SHOP_RNT_OPRT": 0.0,
        "EVNT_CST_OPRT": 0.0,
        "TAX_CST_OPRT": 0.0,
        "DEPRC_CST_OPRT": -4154.6,
        "ETC_CST_OPRT": -3113.64
      },
      {
        "PST_YYYYMM": "202412",
        "BRD_CD": "W",
        "MGMT_CHNL_NM": "(EC)대리상",
        "SALE_AMT": 0.0,
        "SALE_AMT_VAT": 0.0,
        "AD_CST_OPRT": 0.0,
        "SLRY_CSY_OPRT": 0.0,
        "EMP_BNFT_CST_OPRT": 0.0,
        "PMT_CMS_OPRT": 0.0,
        "SHOP_RNT_OPRT": 0.0,
        "EVNT_CST_OPRT": 0.0,
        "TAX_CST_OPRT": 0.0,
        "DEPRC_CST_OPRT": 0.0,
        "ETC_CST_OPRT": 0.0
      },
      {
        "PST_YYYYMM": "202405",
        "BRD_CD": "W",
        "MGMT_CHNL_NM": "(EC)할인몰",
        "SALE_AMT": 6953.5,
        "SALE_AMT_VAT": 6153.53982300885,
        "AD_CST_OPRT": 515.18,
        "SLRY_CSY_OPRT": 58872.75,
        "EMP_BNFT_CST_OPRT": 16431.72,
        "PMT_CMS_OPRT": 0.04,
        "SHOP_RNT_OPRT": 0.0,
        "EVNT_CST_OPRT": 0.0,
        "TAX_CST_OPRT": 0.0,
        "DEPRC_CST_OPRT": 1.36,
        "ETC_CST_OPRT": 8.61
      },
      {
        "PST_YYYYMM": "202403",
        "BRD_CD": "W",
        "MGMT_CHNL_NM": "(EC)대리상",
        "SALE_AMT": 44289.01,
        "SALE_AMT_VAT": 3447.83185840708,
        "AD_CST_OPRT": 1647.32,
        "SLRY_CSY_OPRT": 19116.99,
        "EMP_BNFT_CST_OPRT": 3566.54,
        "PMT_CMS_OPRT": 0.25,
        "SHOP_RNT_OPRT": 0.0,
        "EVNT_CST_OPRT": 0.0,
        "TAX_CST_OPRT": 0.0,
        "DEPRC_CST_OPRT": 5.72,
        "ETC_CST_OPRT": 22.72
      },
      {
        "PST_YYYYMM": "202501",
        "BRD_CD": "W",
        "MGMT_CHNL_NM": "(EC)티몰",
        "SALE_AMT": 123436.08,
        "SALE_AMT_VAT": 109235.46902654869,
        "AD_CST_OPRT": 0.03,
        "SLRY_CSY_OPRT": 240.38,
        "EMP_BNFT_CST_OPRT": 38.7,
        "PMT_CMS_OPRT": 0.22,
        "SHOP_RNT_OPRT": 0.0,
        "EVNT_CST_OPRT": 0.0,
        "TAX_CST_OPRT": 0.0,
        "DEPRC_CST_OPRT": 15.75,
        "ETC_CST_OPRT": 0.99
      },
      {
        "PST_YYYYMM": "202408",
        "BRD_CD": "W",
        "MGMT_CHNL_NM": "(EC)할인몰",
        "SALE_AMT": 952.5,
        "SALE_AMT_VAT": 842.920353982301,
        "AD_CST_OPRT": -187.14,
        "SLRY_CSY_OPRT": -183.7,
        "EMP_BNFT_CST_OPRT": -40.91,
        "PMT_CMS_OPRT": 0.0,
        "SHOP_RNT_OPRT": 0.0,
        "EVNT_CST_OPRT": 0.0,
        "TAX_CST_OPRT": 0.0,
        "DEPRC_CST_OPRT": -0.22,
        "ETC_CST_OPRT": -2.55
      },
      {
        "PST_YYYYMM": "202502",
        "BRD_CD": "W",
        "MGMT_CHNL_NM": "(EC)할인몰",
        "SALE_AMT": 5618.55,
        "SALE_AMT_VAT": 4972.168141592921,
        "AD_CST_OPRT": 0.0,
        "SLRY_CSY_OPRT": 9.78,
        "EMP_BNFT_CST_OPRT": 2.54,
        "PMT_CMS_OPRT": 0.0,
        "SHOP_RNT_OPRT": 0.0,
        "EVNT_CST_OPRT": 0.0,
        "TAX_CST_OPRT": 0.0,
        "DEPRC_CST_OPRT": 0.0,
        "ETC_CST_OPRT": 0.0
      },
      {
        "PST_YYYYMM": "202405",
        "BRD_CD": "W",
        "MGMT_CHNL_NM": "(OFF)대리상",
        "SALE_AMT": 773225.65,
        "SALE_AMT_VAT": 610756.1946902656,
        "AD_CST_OPRT": 57293.29,
        "SLRY_CSY_OPRT": 122228.7,
        "EMP_BNFT_CST_OPRT": 31296.91,
        "PMT_CMS_OPRT": 48589.98,
        "SHOP_RNT_OPRT": 0.0,
        "EVNT_CST_OPRT": 0.0,
        "TAX_CST_OPRT": 0.0,
        "DEPRC_CST_OPRT": 656.61,
        "ETC_CST_OPRT": 1644.31
      },
      {
        "PST_YYYYMM": "202505",
        "BRD_CD": "W",
        "MGMT_CHNL_NM": "(OFF)아울렛",
        "SALE_AMT": 165897.4,
        "SALE_AMT_VAT": 146811.85840707965,
        "AD_CST_OPRT": 0.05,
        "SLRY_CSY_OPRT": 393.47,
        "EMP_BNFT_CST_OPRT": 112.97,
        "PMT_CMS_OPRT": 1.03,
        "SHOP_RNT_OPRT": 0.0,
        "EVNT_CST_OPRT": 0.0,
        "TAX_CST_OPRT": 0.0,
        "DEPRC_CST_OPRT": 0.21,
        "ETC_CST_OPRT": 5.61
      },
      {
        "PST_YYYYMM": "202506",
        "BRD_CD": "W",
        "MGMT_CHNL_NM": "(EC)할인몰",
        "SALE_AMT": 57940.55,
        "SALE_AMT_VAT": 51274.823008849555,
        "AD_CST_OPRT": 0.0,
        "SLRY_CSY_OPRT": 106.74,
        "EMP_BNFT_CST_OPRT": 31.71,
        "PMT_CMS_OPRT": 0.18,
        "SHOP_RNT_OPRT": 0.0,
        "EVNT_CST_OPRT": 0.0,
        "TAX_CST_OPRT": 0.0,
        "DEPRC_CST_OPRT": 0.03,
        "ETC_CST_OPRT": 0.07
      },
      {
        "PST_YYYYMM": "202408",
        "BRD_CD": "W",
        "MGMT_CHNL_NM": "(EC)티몰",
        "SALE_AMT": 46294.65,
        "SALE_AMT_VAT": 40968.7168141593,
        "AD_CST_OPRT": -9095.3,
        "SLRY_CSY_OPRT": -8927.24,
        "EMP_BNFT_CST_OPRT": -1986.79,
        "PMT_CMS_OPRT": 0.13,
        "SHOP_RNT_OPRT": 0.0,
        "EVNT_CST_OPRT": 0.0,
        "TAX_CST_OPRT": 0.0,
        "DEPRC_CST_OPRT": -9.87,
        "ETC_CST_OPRT": -124.82
      },
      {
        "PST_YYYYMM": "202501",
        "BRD_CD": "W",
        "MGMT_CHNL_NM": "(EC)할인몰",
        "SALE_AMT": 495.95000000000005,
        "SALE_AMT_VAT": 438.8938053097346,
        "AD_CST_OPRT": 0.0,
        "SLRY_CSY_OPRT": 0.96,
        "EMP_BNFT_CST_OPRT": 0.16,
        "PMT_CMS_OPRT": 0.0,
        "SHOP_RNT_OPRT": 0.0,
        "EVNT_CST_OPRT": 0.0,
        "TAX_CST_OPRT": 0.0,
        "DEPRC_CST_OPRT": 0.06,
        "ETC_CST_OPRT": 0.0
      },
      {
        "PST_YYYYMM": "202407",
        "BRD_CD": "W",
        "MGMT_CHNL_NM": "(EC)티몰",
        "SALE_AMT": 33863.69,
        "SALE_AMT_VAT": 29967.86725663717,
        "AD_CST_OPRT": 0.0,
        "SLRY_CSY_OPRT": 30753.78,
        "EMP_BNFT_CST_OPRT": 8424.91,
        "PMT_CMS_OPRT": 0.22,
        "SHOP_RNT_OPRT": 0.0,
        "EVNT_CST_OPRT": 0.0,
        "TAX_CST_OPRT": 0.0,
        "DEPRC_CST_OPRT": -6.1,
        "ETC_CST_OPRT": -183.89
      },
      {
        "PST_YYYYMM": "202403",
        "BRD_CD": "W",
        "MGMT_CHNL_NM": "(EC)티몰",
        "SALE_AMT": 151933.26,
        "SALE_AMT_VAT": 134454.21238938055,
        "AD_CST_OPRT": 5652.33,
        "SLRY_CSY_OPRT": 65580.85,
        "EMP_BNFT_CST_OPRT": 12236.07,
        "PMT_CMS_OPRT": 0.77,
        "SHOP_RNT_OPRT": 0.0,
        "EVNT_CST_OPRT": 0.0,
        "TAX_CST_OPRT": 0.0,
        "DEPRC_CST_OPRT": 19.57,
        "ETC_CST_OPRT": 78.5
      },
      {
        "PST_YYYYMM": "202402",
        "BRD_CD": "W",
        "MGMT_CHNL_NM": "(OFF)쇼핑몰",
        "SALE_AMT": 321736.0,
        "SALE_AMT_VAT": 284722.1238938053,
        "AD_CST_OPRT": 238023.21,
        "SLRY_CSY_OPRT": 35825.13,
        "EMP_BNFT_CST_OPRT": 7570.03,
        "PMT_CMS_OPRT": 31688.02,
        "SHOP_RNT_OPRT": 0.0,
        "EVNT_CST_OPRT": 37473.79,
        "TAX_CST_OPRT": 0.0,
        "DEPRC_CST_OPRT": 148.13,
        "ETC_CST_OPRT": 1056.16
      },
      {
        "PST_YYYYMM": "202503",
        "BRD_CD": "W",
        "MGMT_CHNL_NM": "(EC)티몰",
        "SALE_AMT": 66793.43000000001,
        "SALE_AMT_VAT": 59109.230088495584,
        "AD_CST_OPRT": 0.0,
        "SLRY_CSY_OPRT": -143067.56,
        "EMP_BNFT_CST_OPRT": 26.51,
        "PMT_CMS_OPRT": 0.16,
        "SHOP_RNT_OPRT": 0.0,
        "EVNT_CST_OPRT": 0.0,
        "TAX_CST_OPRT": 0.0,
        "DEPRC_CST_OPRT": 0.02,
        "ETC_CST_OPRT": 3.82
      },
      {
        "PST_YYYYMM": "202406",
        "BRD_CD": "W",
        "MGMT_CHNL_NM": "(EC)티몰",
        "SALE_AMT": 50618.45,
        "SALE_AMT_VAT": 44795.088495575226,
        "AD_CST_OPRT": -8646.3,
        "SLRY_CSY_OPRT": 25351.23,
        "EMP_BNFT_CST_OPRT": 6983.19,
        "PMT_CMS_OPRT": 3.84,
        "SHOP_RNT_OPRT": 0.0,
        "EVNT_CST_OPRT": 0.0,
        "TAX_CST_OPRT": 0.0,
        "DEPRC_CST_OPRT": -8.95,
        "ETC_CST_OPRT": -737.23
      },
      {
        "PST_YYYYMM": "202411",
        "BRD_CD": "W",
        "MGMT_CHNL_NM": "(EC)티몰",
        "SALE_AMT": 149020.29,
        "SALE_AMT_VAT": 131876.36283185842,
        "AD_CST_OPRT": 0.0,
        "SLRY_CSY_OPRT": -95418.45,
        "EMP_BNFT_CST_OPRT": -23192.38,
        "PMT_CMS_OPRT": 0.74,
        "SHOP_RNT_OPRT": 0.0,
        "EVNT_CST_OPRT": 0.0,
        "TAX_CST_OPRT": 0.0,
        "DEPRC_CST_OPRT": -108.62,
        "ETC_CST_OPRT": -65.65
      },
      {
        "PST_YYYYMM": "202502",
        "BRD_CD": "W",
        "MGMT_CHNL_NM": "(OFF)대리상",
        "SALE_AMT": -836614.58,
        "SALE_AMT_VAT": 0.0,
        "AD_CST_OPRT": -1.45,
        "SLRY_CSY_OPRT": -1455.58,
        "EMP_BNFT_CST_OPRT": -381.45,
        "PMT_CMS_OPRT": -3.98,
        "SHOP_RNT_OPRT": 0.0,
        "EVNT_CST_OPRT": 0.0,
        "TAX_CST_OPRT": 0.0,
        "DEPRC_CST_OPRT": -1.55,
        "ETC_CST_OPRT": -0.76
      },
      {
        "PST_YYYYMM": "202402",
        "BRD_CD": "W",
        "MGMT_CHNL_NM": "(EC)티몰",
        "SALE_AMT": 43302.14,
        "SALE_AMT_VAT": 38320.4778761062,
        "AD_CST_OPRT": 32035.32,
        "SLRY_CSY_OPRT": 92574.79,
        "EMP_BNFT_CST_OPRT": 20984.74,
        "PMT_CMS_OPRT": 6.04,
        "SHOP_RNT_OPRT": 0.0,
        "EVNT_CST_OPRT": 5043.6,
        "TAX_CST_OPRT": 0.0,
        "DEPRC_CST_OPRT": 4.76,
        "ETC_CST_OPRT": 55.39
      },
      {
        "PST_YYYYMM": "202406",
        "BRD_CD": "W",
        "MGMT_CHNL_NM": "(OFF)대리상",
        "SALE_AMT": -1122412.45,
        "SALE_AMT_VAT": 496236.9911504425,
        "AD_CST_OPRT": 191718.03,
        "SLRY_CSY_OPRT": 251420.21,
        "EMP_BNFT_CST_OPRT": 69247.28,
        "PMT_CMS_OPRT": 75625.9,
        "SHOP_RNT_OPRT": 0.0,
        "EVNT_CST_OPRT": 0.0,
        "TAX_CST_OPRT": 0.0,
        "DEPRC_CST_OPRT": 1398.9,
        "ETC_CST_OPRT": 17736.14
      },
      {
        "PST_YYYYMM": "202410",
        "BRD_CD": "W",
        "MGMT_CHNL_NM": "(OFF)쇼핑몰",
        "SALE_AMT": 847282.0,
        "SALE_AMT_VAT": 749807.0796460178,
        "AD_CST_OPRT": 519019.23,
        "SLRY_CSY_OPRT": 1640041.98,
        "EMP_BNFT_CST_OPRT": 391589.55,
        "PMT_CMS_OPRT": 823547.95,
        "SHOP_RNT_OPRT": 0.0,
        "EVNT_CST_OPRT": 0.0,
        "TAX_CST_OPRT": 0.0,
        "DEPRC_CST_OPRT": 30188.05,
        "ETC_CST_OPRT": 12497.45
      },
      {
        "PST_YYYYMM": "202506",
        "BRD_CD": "W",
        "MGMT_CHNL_NM": "(OFF)아울렛",
        "SALE_AMT": 129755.4667,
        "SALE_AMT_VAT": 114827.84663716816,
        "AD_CST_OPRT": 0.01,
        "SLRY_CSY_OPRT": 309.66,
        "EMP_BNFT_CST_OPRT": 92.2,
        "PMT_CMS_OPRT": 0.75,
        "SHOP_RNT_OPRT": 0.0,
        "EVNT_CST_OPRT": 0.0,
        "TAX_CST_OPRT": 0.0,
        "DEPRC_CST_OPRT": 0.13,
        "ETC_CST_OPRT": 0.28
      },
      {
        "PST_YYYYMM": "202410",
        "BRD_CD": "W",
        "MGMT_CHNL_NM": "(EC)티몰",
        "SALE_AMT": 88817.26,
        "SALE_AMT_VAT": 78599.34513274337,
        "AD_CST_OPRT": 54406.54,
        "SLRY_CSY_OPRT": 99044.14,
        "EMP_BNFT_CST_OPRT": 24581.97,
        "PMT_CMS_OPRT": 0.33,
        "SHOP_RNT_OPRT": 0.0,
        "EVNT_CST_OPRT": 0.0,
        "TAX_CST_OPRT": 0.0,
        "DEPRC_CST_OPRT": 141.87,
        "ETC_CST_OPRT": 10.43
      },
      {
        "PST_YYYYMM": "202504",
        "BRD_CD": "W",
        "MGMT_CHNL_NM": "(OFF)대리상",
        "SALE_AMT": -1336112.08,
        "SALE_AMT_VAT": 0.0,
        "AD_CST_OPRT": 0.0,
        "SLRY_CSY_OPRT": -2806.27,
        "EMP_BNFT_CST_OPRT": -749.25,
        "PMT_CMS_OPRT": -7.43,
        "SHOP_RNT_OPRT": 0.0,
        "EVNT_CST_OPRT": 0.0,
        "TAX_CST_OPRT": 0.0,
        "DEPRC_CST_OPRT": -3.01,
        "ETC_CST_OPRT": -143.44
      },
      {
        "PST_YYYYMM": "202505",
        "BRD_CD": "W",
        "MGMT_CHNL_NM": "(EC)할인몰",
        "SALE_AMT": 73346.45,
        "SALE_AMT_VAT": 64908.362831858416,
        "AD_CST_OPRT": 0.0,
        "SLRY_CSY_OPRT": 134.03,
        "EMP_BNFT_CST_OPRT": 38.32,
        "PMT_CMS_OPRT": 0.21,
        "SHOP_RNT_OPRT": 0.0,
        "EVNT_CST_OPRT": 0.0,
        "TAX_CST_OPRT": 0.0,
        "DEPRC_CST_OPRT": 0.02,
        "ETC_CST_OPRT": 1.76
      },
      {
        "PST_YYYYMM": "202401",
        "BRD_CD": "W",
        "MGMT_CHNL_NM": "(OFF)쇼핑몰",
        "SALE_AMT": 372739.0,
        "SALE_AMT_VAT": 329857.52212389384,
        "AD_CST_OPRT": 22545.78,
        "SLRY_CSY_OPRT": 33119.54,
        "EMP_BNFT_CST_OPRT": 7461.14,
        "PMT_CMS_OPRT": 11815.78,
        "SHOP_RNT_OPRT": 0.0,
        "EVNT_CST_OPRT": 0.0,
        "TAX_CST_OPRT": 0.0,
        "DEPRC_CST_OPRT": 169.55,
        "ETC_CST_OPRT": 9338.71
      },
      {
        "PST_YYYYMM": "202405",
        "BRD_CD": "W",
        "MGMT_CHNL_NM": "(OFF)쇼핑몰",
        "SALE_AMT": 321756.0,
        "SALE_AMT_VAT": 284739.82300884963,
        "AD_CST_OPRT": 23841.04,
        "SLRY_CSY_OPRT": 50861.68,
        "EMP_BNFT_CST_OPRT": 13023.03,
        "PMT_CMS_OPRT": 20219.35,
        "SHOP_RNT_OPRT": 0.0,
        "EVNT_CST_OPRT": 0.0,
        "TAX_CST_OPRT": 0.0,
        "DEPRC_CST_OPRT": 272.57,
        "ETC_CST_OPRT": 683.87
      },
      {
        "PST_YYYYMM": "202405",
        "BRD_CD": "W",
        "MGMT_CHNL_NM": "(EC)대리상",
        "SALE_AMT": -59224.189999999995,
        "SALE_AMT_VAT": 1938.9380530973453,
        "AD_CST_OPRT": -4388.32,
        "SLRY_CSY_OPRT": -501428.1,
        "EMP_BNFT_CST_OPRT": -139951.8,
        "PMT_CMS_OPRT": -0.49,
        "SHOP_RNT_OPRT": 0.0,
        "EVNT_CST_OPRT": 0.0,
        "TAX_CST_OPRT": 0.0,
        "DEPRC_CST_OPRT": -11.82,
        "ETC_CST_OPRT": -73.5
      },
      {
        "PST_YYYYMM": "202505",
        "BRD_CD": "W",
        "MGMT_CHNL_NM": "(OFF)쇼핑몰",
        "SALE_AMT": 132951.0,
        "SALE_AMT_VAT": 117655.75221238939,
        "AD_CST_OPRT": 0.01,
        "SLRY_CSY_OPRT": 315.19,
        "EMP_BNFT_CST_OPRT": 90.26,
        "PMT_CMS_OPRT": 0.68,
        "SHOP_RNT_OPRT": 0.0,
        "EVNT_CST_OPRT": 0.0,
        "TAX_CST_OPRT": 0.0,
        "DEPRC_CST_OPRT": 0.06,
        "ETC_CST_OPRT": 4.42
      },
      {
        "PST_YYYYMM": "202507",
        "BRD_CD": "W",
        "MGMT_CHNL_NM": "(EC)티몰",
        "SALE_AMT": 34317.65,
        "SALE_AMT_VAT": 30369.601769911507,
        "AD_CST_OPRT": 0.0,
        "SLRY_CSY_OPRT": 56.66,
        "EMP_BNFT_CST_OPRT": 16.96,
        "PMT_CMS_OPRT": 0.11,
        "SHOP_RNT_OPRT": 0.0,
        "EVNT_CST_OPRT": 0.0,
        "TAX_CST_OPRT": 0.0,
        "DEPRC_CST_OPRT": 0.0,
        "ETC_CST_OPRT": 0.25
      },
      {
        "PST_YYYYMM": "202507",
        "BRD_CD": "W",
        "MGMT_CHNL_NM": "(OFF)아울렛",
        "SALE_AMT": 355541.0,
        "SALE_AMT_VAT": 314638.05309734517,
        "AD_CST_OPRT": 0.0,
        "SLRY_CSY_OPRT": 586.74,
        "EMP_BNFT_CST_OPRT": 175.97,
        "PMT_CMS_OPRT": 1.56,
        "SHOP_RNT_OPRT": 0.0,
        "EVNT_CST_OPRT": 0.0,
        "TAX_CST_OPRT": 0.0,
        "DEPRC_CST_OPRT": 0.08,
        "ETC_CST_OPRT": 3.5
      },
      {
        "PST_YYYYMM": "202405",
        "BRD_CD": "W",
        "MGMT_CHNL_NM": "(EC)티몰",
        "SALE_AMT": 56741.01,
        "SALE_AMT_VAT": 50213.283185840715,
        "AD_CST_OPRT": 4205.58,
        "SLRY_CSY_OPRT": 480403.48,
        "EMP_BNFT_CST_OPRT": 134091.1,
        "PMT_CMS_OPRT": 5.11,
        "SHOP_RNT_OPRT": 0.0,
        "EVNT_CST_OPRT": 0.0,
        "TAX_CST_OPRT": 0.0,
        "DEPRC_CST_OPRT": 32.16,
        "ETC_CST_OPRT": 84.52
      },
      {
        "PST_YYYYMM": "202411",
        "BRD_CD": "W",
        "MGMT_CHNL_NM": "(EC)할인몰",
        "SALE_AMT": 374.5,
        "SALE_AMT_VAT": 331.41592920353986,
        "AD_CST_OPRT": 0.0,
        "SLRY_CSY_OPRT": -239.8,
        "EMP_BNFT_CST_OPRT": -58.28,
        "PMT_CMS_OPRT": 0.0,
        "SHOP_RNT_OPRT": 0.0,
        "EVNT_CST_OPRT": 0.0,
        "TAX_CST_OPRT": 0.0,
        "DEPRC_CST_OPRT": -0.28,
        "ETC_CST_OPRT": -0.17
      },
      {
        "PST_YYYYMM": "202410",
        "BRD_CD": "W",
        "MGMT_CHNL_NM": "(OFF)대리상",
        "SALE_AMT": -807671.8099999999,
        "SALE_AMT_VAT": 345745.8407079646,
        "AD_CST_OPRT": -494755.22,
        "SLRY_CSY_OPRT": -1563371.33,
        "EMP_BNFT_CST_OPRT": -373282.94,
        "PMT_CMS_OPRT": -785048.03,
        "SHOP_RNT_OPRT": 0.0,
        "EVNT_CST_OPRT": 0.0,
        "TAX_CST_OPRT": 0.0,
        "DEPRC_CST_OPRT": -28776.71,
        "ETC_CST_OPRT": -11913.34
      },
      {
        "PST_YYYYMM": "202503",
        "BRD_CD": "W",
        "MGMT_CHNL_NM": "(OFF)쇼핑몰",
        "SALE_AMT": 183857.0,
        "SALE_AMT_VAT": 162705.30973451328,
        "AD_CST_OPRT": 0.0,
        "SLRY_CSY_OPRT": -405619.98,
        "EMP_BNFT_CST_OPRT": 72.96,
        "PMT_CMS_OPRT": 0.46,
        "SHOP_RNT_OPRT": 0.0,
        "EVNT_CST_OPRT": 0.0,
        "TAX_CST_OPRT": 0.0,
        "DEPRC_CST_OPRT": 0.04,
        "ETC_CST_OPRT": 10.37
      },
      {
        "PST_YYYYMM": "202404",
        "BRD_CD": "W",
        "MGMT_CHNL_NM": "(EC)티몰",
        "SALE_AMT": 36897.0,
        "SALE_AMT_VAT": 32652.212389380533,
        "AD_CST_OPRT": -66600.08,
        "SLRY_CSY_OPRT": -244007.67,
        "EMP_BNFT_CST_OPRT": -66336.96,
        "PMT_CMS_OPRT": 0.19,
        "SHOP_RNT_OPRT": 0.0,
        "EVNT_CST_OPRT": 0.0,
        "TAX_CST_OPRT": 0.0,
        "DEPRC_CST_OPRT": -17.59,
        "ETC_CST_OPRT": -499.03
      },
      {
        "PST_YYYYMM": "202504",
        "BRD_CD": "W",
        "MGMT_CHNL_NM": "(OFF)쇼핑몰",
        "SALE_AMT": 97931.0,
        "SALE_AMT_VAT": 86664.60176991152,
        "AD_CST_OPRT": 0.0,
        "SLRY_CSY_OPRT": 205.64,
        "EMP_BNFT_CST_OPRT": 54.77,
        "PMT_CMS_OPRT": 0.35,
        "SHOP_RNT_OPRT": 0.0,
        "EVNT_CST_OPRT": 0.0,
        "TAX_CST_OPRT": 0.0,
        "DEPRC_CST_OPRT": 0.03,
        "ETC_CST_OPRT": 98.03
      },
      {
        "PST_YYYYMM": "202410",
        "BRD_CD": "W",
        "MGMT_CHNL_NM": "(EC)할인몰",
        "SALE_AMT": 2173.0,
        "SALE_AMT_VAT": 1923.0088495575224,
        "AD_CST_OPRT": 1331.11,
        "SLRY_CSY_OPRT": 2423.19,
        "EMP_BNFT_CST_OPRT": 601.41,
        "PMT_CMS_OPRT": 0.01,
        "SHOP_RNT_OPRT": 0.0,
        "EVNT_CST_OPRT": 0.0,
        "TAX_CST_OPRT": 0.0,
        "DEPRC_CST_OPRT": 3.47,
        "ETC_CST_OPRT": 0.25
      },
      {
        "PST_YYYYMM": "202409",
        "BRD_CD": "W",
        "MGMT_CHNL_NM": "(EC)티몰",
        "SALE_AMT": 16167.85,
        "SALE_AMT_VAT": 14307.831858407082,
        "AD_CST_OPRT": -8517.0,
        "SLRY_CSY_OPRT": -3028.82,
        "EMP_BNFT_CST_OPRT": -793.43,
        "PMT_CMS_OPRT": 0.01,
        "SHOP_RNT_OPRT": 0.0,
        "EVNT_CST_OPRT": 0.0,
        "TAX_CST_OPRT": 0.0,
        "DEPRC_CST_OPRT": -4.67,
        "ETC_CST_OPRT": -8.65
      },
      {
        "PST_YYYYMM": "202508",
        "BRD_CD": "W",
        "MGMT_CHNL_NM": "(EC)티몰",
        "SALE_AMT": 19796.25,
        "SALE_AMT_VAT": 17518.805309734515,
        "AD_CST_OPRT": 0.0,
        "SLRY_CSY_OPRT": 20.8,
        "EMP_BNFT_CST_OPRT": 6.75,
        "PMT_CMS_OPRT": 0.02,
        "SHOP_RNT_OPRT": 0.0,
        "EVNT_CST_OPRT": 0.0,
        "TAX_CST_OPRT": 0.0,
        "DEPRC_CST_OPRT": 0.04,
        "ETC_CST_OPRT": 0.04
      }
    ],
    "total_records_count": 84
  }
}