{
  "country": "CN",
  "brand_cd": "M",
  "brand_name": "MLB",
  "yyyymm": "202509",
  "yyyymm_py": "202409",
  "key": "할인율",
  "sub_key": "종합분석",
  "analysis_data": {
    "title": "채널별 할인율 종합분석",
    "sections": [
      {
        "div": "종합분석-1",
        "sub_title": "할인율 전략이 우수한 채널",
        "ai_text": "• (EC)틱톡/JD: 5.6%로 가장 낮은 할인율 유지, 전년대비 2.4%p 개선으로 가격 정책 효과 입증\n• (OFF)플래그쉽: 6.1%로 안정적 운영, 전년대비 0.4%p 개선으로 브랜드 프리미엄 유지\n• (EC)티몰: 8.5%로 전년 15.2%에서 6.7%p 대폭 개선, 할인율 정상화 성공"
      },
      {
        "div": "종합분석-2",
        "sub_title": "주의 필요 채널",
        "ai_text": "• (EC)할인몰: 38.8%로 최고 할인율 기록, 전년대비 0.9%p 추가 상승으로 수익성 악화 우려\n• (OFF)아울렛: 37.4%로 높은 할인율, 전년대비 5.4%p 급상승으로 재고 처리 부담 가중\n• (EC)대리상: 11.1%로 전년대비 2.4%p 상승, 매출액(v+) 84,084k 규모 고려 시 수익성 관리 필요"
      },
      {
        "div": "종합분석-3",
        "sub_title": "AI 권장사항",
        "ai_text": "• 우수 채널 확대: (EC)틱톡/JD의 저할인율 운영 모델을 타 EC채널에 적용, 플래그쉽의 브랜드 프리미엄 전략 강화\n• 할인몰/아울렛 개선: 38% 초과 할인율 채널의 상품 구성 재검토, 정가 판매 비중 확대 및 할인 이벤트 최적화\n• 대리상 할인율 관리: EC대리상 할인율 상승 추세 모니터링, 가격 정책 가이드라인 강화 필요\n• 전체 전략: 채널별 차별화된 할인 정책 수립, 브랜드 가치 보호와 수익성 균형 확보"
      }
    ]
  },
  "summary": {
    "total_discount_current": 11.9,
    "total_discount_previous": 11.2,
    "total_change_pct": 0.7,
    "unique_channels": 8,
    "unique_months": 21,
    "analysis_period_month": "2024년 9월 vs 2025년 9월",
    "analysis_period_trend": "2024년 1월 ~ 2025년 9월"
  },
  "channel_summary": {
    "(EC)대리상": {
      "current_discount": 11.1,
      "previous_discount": 8.7,
      "change_pct": 2.4,
      "trend_months": [
        "202401",
        "202402",
        "202403",
        "202404",
        "202405",
        "202406",
        "202407",
        "202408",
        "202409",
        "202410",
        "202411",
        "202412",
        "202501",
        "202502",
        "202503",
        "202504",
        "202505",
        "202506",
        "202507",
        "202508",
        "202509"
      ],
      "trend_values": [
        12.4,
        13.4,
        12.5,
        12.3,
        13.0,
        13.9,
        11.8,
        9.4,
        8.7,
        11.2,
        14.9,
        11.5,
        10.9,
        9.8,
        10.0,
        11.0,
        13.0,
        13.7,
        11.3,
        11.2,
        11.1
      ],
      "current_tag_sale": 94608.0,
      "current_act_sale": 84084.0,
      "previous_tag_sale": 91884.0,
      "previous_act_sale": 83880.0
    },
    "(EC)티몰": {
      "current_discount": 8.5,
      "previous_discount": 15.2,
      "change_pct": -6.7,
      "trend_months": [
        "202401",
        "202402",
        "202403",
        "202404",
        "202405",
        "202406",
        "202407",
        "202408",
        "202409",
        "202410",
        "202411",
        "202412",
        "202501",
        "202502",
        "202503",
        "202504",
        "202505",
        "202506",
        "202507",
        "202508",
        "202509"
      ],
      "trend_values": [
        16.3,
        6.3,
        10.7,
        7.7,
        18.4,
        18.3,
        12.1,
        13.2,
        15.2,
        26.7,
        23.0,
        16.9,
        17.4,
        9.1,
        14.0,
        7.6,
        18.5,
        11.2,
        5.9,
        8.9,
        8.5
      ],
      "current_tag_sale": 27134.0,
      "current_act_sale": 24821.0,
      "previous_tag_sale": 29210.0,
      "previous_act_sale": 24780.0
    },
    "(OFF)쇼핑몰": {
      "current_discount": 11.3,
      "previous_discount": 8.9,
      "change_pct": 2.4,
      "trend_months": [
        "202401",
        "202402",
        "202403",
        "202404",
        "202405",
        "202406",
        "202407",
        "202408",
        "202409",
        "202410",
        "202411",
        "202412",
        "202501",
        "202502",
        "202503",
        "202504",
        "202505",
        "202506",
        "202507",
        "202508",
        "202509"
      ],
      "trend_values": [
        13.7,
        13.2,
        6.6,
        9.4,
        8.6,
        8.1,
        6.5,
        6.3,
        8.9,
        10.4,
        10.0,
        12.8,
        12.7,
        11.8,
        9.0,
        10.5,
        8.5,
        8.5,
        9.0,
        8.6,
        11.3
      ],
      "current_tag_sale": 7021.0,
      "current_act_sale": 6230.0,
      "previous_tag_sale": 5217.0,
      "previous_act_sale": 4754.0
    },
    "(OFF)플래그쉽": {
      "current_discount": 6.1,
      "previous_discount": 6.5,
      "change_pct": -0.4,
      "trend_months": [
        "202401",
        "202402",
        "202403",
        "202404",
        "202405",
        "202406",
        "202407",
        "202408",
        "202409",
        "202410",
        "202411",
        "202412",
        "202501",
        "202502",
        "202503",
        "202504",
        "202505",
        "202506",
        "202507",
        "202508",
        "202509"
      ],
      "trend_values": [
        11.8,
        10.4,
        3.1,
        4.6,
        5.7,
        5.6,
        3.5,
        2.1,
        6.5,
        12.7,
        10.0,
        10.7,
        9.9,
        8.3,
        6.7,
        7.0,
        6.2,
        5.8,
        5.7,
        5.0,
        6.1
      ],
      "current_tag_sale": 2184.0,
      "current_act_sale": 2050.0,
      "previous_tag_sale": 3863.0,
      "previous_act_sale": 3613.0
    },
    "(EC)틱톡/JD": {
      "current_discount": 5.6,
      "previous_discount": 8.0,
      "change_pct": -2.4,
      "trend_months": [
        "202404",
        "202405",
        "202406",
        "202407",
        "202408",
        "202409",
        "202410",
        "202411",
        "202412",
        "202501",
        "202502",
        "202503",
        "202504",
        "202505",
        "202506",
        "202507",
        "202508",
        "202509"
      ],
      "trend_values": [
        2.5,
        12.7,
        16.3,
        10.2,
        9.6,
        8.0,
        14.5,
        17.2,
        7.3,
        11.2,
        6.1,
        7.8,
        5.4,
        12.4,
        10.0,
        12.8,
        4.4,
        5.6
      ],
      "current_tag_sale": 11885.0,
      "current_act_sale": 11214.0,
      "previous_tag_sale": 5750.0,
      "previous_act_sale": 5292.0
    },
    "(OFF)아울렛": {
      "current_discount": 37.4,
      "previous_discount": 32.0,
      "change_pct": 5.4,
      "trend_months": [
        "202401",
        "202402",
        "202403",
        "202404",
        "202405",
        "202406",
        "202407",
        "202408",
        "202409",
        "202410",
        "202411",
        "202412",
        "202501",
        "202502",
        "202503",
        "202504",
        "202505",
        "202506",
        "202507",
        "202508",
        "202509"
      ],
      "trend_values": [
        36.6,
        32.8,
        33.1,
        33.6,
        31.5,
        30.7,
        29.5,
        66.4,
        32.0,
        36.4,
        32.1,
        29.5,
        27.6,
        29.7,
        31.1,
        35.4,
        34.1,
        30.8,
        30.2,
        31.9,
        37.4
      ],
      "current_tag_sale": 28662.0,
      "current_act_sale": 17946.0,
      "previous_tag_sale": 24981.0,
      "previous_act_sale": 16984.0
    },
    "(EC)할인몰": {
      "current_discount": 38.8,
      "previous_discount": 37.9,
      "change_pct": 0.9,
      "trend_months": [
        "202401",
        "202402",
        "202403",
        "202404",
        "202405",
        "202406",
        "202407",
        "202408",
        "202409",
        "202410",
        "202411",
        "202412",
        "202501",
        "202502",
        "202503",
        "202504",
        "202505",
        "202506",
        "202507",
        "202508",
        "202509"
      ],
      "trend_values": [
        37.9,
        28.1,
        33.5,
        33.0,
        36.6,
        39.1,
        32.3,
        34.1,
        37.9,
        42.0,
        37.7,
        40.2,
        36.0,
        38.6,
        40.2,
        38.7,
        38.6,
        37.5,
        34.3,
        36.8,
        38.8
      ],
      "current_tag_sale": 12014.0,
      "current_act_sale": 7352.0,
      "previous_tag_sale": 11781.0,
      "previous_act_sale": 7317.0
    },
    "(OFF)대리상": {
      "current_discount": 10.2,
      "previous_discount": 9.8,
      "change_pct": 0.4,
      "trend_months": [
        "202401",
        "202402",
        "202403",
        "202404",
        "202405",
        "202406",
        "202407",
        "202408",
        "202409",
        "202410",
        "202411",
        "202412",
        "202501",
        "202502",
        "202503",
        "202504",
        "202505",
        "202506",
        "202507",
        "202508",
        "202509"
      ],
      "trend_values": [
        7.5,
        6.4,
        7.6,
        7.1,
        6.5,
        6.6,
        7.8,
        7.7,
        9.8,
        9.7,
        9.6,
        9.3,
        9.0,
        9.4,
        10.4,
        9.0,
        9.3,
        9.4,
        12.9,
        9.8,
        10.2
      ],
      "current_tag_sale": 442925.0,
      "current_act_sale": 397929.0,
      "previous_tag_sale": 460225.0,
      "previous_act_sale": 415132.0
    }
  },
  "trend_data": {
    "trend_months": [
      "202401",
      "202402",
      "202403",
      "202404",
      "202405",
      "202406",
      "202407",
      "202408",
      "202409",
      "202410",
      "202411",
      "202412",
      "202501",
      "202502",
      "202503",
      "202504",
      "202505",
      "202506",
      "202507",
      "202508",
      "202509"
    ],
    "monthly_totals": [
      {
        "yyyymm": "202401",
        "tag_sale_amt": 868265.0,
        "act_sale_amt": 772446.0,
        "discount_pct": 11.0
      },
      {
        "yyyymm": "202402",
        "tag_sale_amt": 884621.0,
        "act_sale_amt": 808057.0,
        "discount_pct": 8.7
      },
      {
        "yyyymm": "202403",
        "tag_sale_amt": 730195.0,
        "act_sale_amt": 658013.0,
        "discount_pct": 9.9
      },
      {
        "yyyymm": "202404",
        "tag_sale_amt": 729468.0,
        "act_sale_amt": 658484.0,
        "discount_pct": 9.7
      },
      {
        "yyyymm": "202405",
        "tag_sale_amt": 754488.0,
        "act_sale_amt": 679145.0,
        "discount_pct": 10.0
      },
      {
        "yyyymm": "202406",
        "tag_sale_amt": 644486.0,
        "act_sale_amt": 578677.0,
        "discount_pct": 10.2
      },
      {
        "yyyymm": "202407",
        "tag_sale_amt": 566932.0,
        "act_sale_amt": 512070.0,
        "discount_pct": 9.7
      },
      {
        "yyyymm": "202408",
        "tag_sale_amt": 644079.0,
        "act_sale_amt": 557969.0,
        "discount_pct": 13.4
      },
      {
        "yyyymm": "202409",
        "tag_sale_amt": 632911.0,
        "act_sale_amt": 561752.0,
        "discount_pct": 11.2
      },
      {
        "yyyymm": "202410",
        "tag_sale_amt": 982382.0,
        "act_sale_amt": 846299.0,
        "discount_pct": 13.9
      },
      {
        "yyyymm": "202411",
        "tag_sale_amt": 940109.0,
        "act_sale_amt": 815822.0,
        "discount_pct": 13.2
      },
      {
        "yyyymm": "202412",
        "tag_sale_amt": 960732.0,
        "act_sale_amt": 850756.0,
        "discount_pct": 11.4
      },
      {
        "yyyymm": "202501",
        "tag_sale_amt": 1236661.0,
        "act_sale_amt": 1103373.0,
        "discount_pct": 10.8
      },
      {
        "yyyymm": "202502",
        "tag_sale_amt": 597686.0,
        "act_sale_amt": 534167.0,
        "discount_pct": 10.6
      },
      {
        "yyyymm": "202503",
        "tag_sale_amt": 753055.0,
        "act_sale_amt": 663824.0,
        "discount_pct": 11.8
      },
      {
        "yyyymm": "202504",
        "tag_sale_amt": 729467.0,
        "act_sale_amt": 649877.0,
        "discount_pct": 10.9
      },
      {
        "yyyymm": "202505",
        "tag_sale_amt": 818320.0,
        "act_sale_amt": 719632.0,
        "discount_pct": 12.1
      },
      {
        "yyyymm": "202506",
        "tag_sale_amt": 622030.0,
        "act_sale_amt": 552104.0,
        "discount_pct": 11.2
      },
      {
        "yyyymm": "202507",
        "tag_sale_amt": 601032.0,
        "act_sale_amt": 521452.0,
        "discount_pct": 13.2
      },
      {
        "yyyymm": "202508",
        "tag_sale_amt": 661314.0,
        "act_sale_amt": 588425.0,
        "discount_pct": 11.0
      },
      {
        "yyyymm": "202509",
        "tag_sale_amt": 626434.0,
        "act_sale_amt": 551627.0,
        "discount_pct": 11.9
      }
    ],
    "channel_trends": {
      "(EC)대리상": {
        "202509": 11.1,
        "202508": 11.2,
        "202507": 11.3,
        "202506": 13.7,
        "202505": 13.0,
        "202504": 11.0,
        "202503": 10.0,
        "202502": 9.8,
        "202501": 10.9,
        "202412": 11.5,
        "202411": 14.9,
        "202410": 11.2,
        "202409": 8.7,
        "202408": 9.4,
        "202407": 11.8,
        "202406": 13.9,
        "202405": 13.0,
        "202404": 12.3,
        "202403": 12.5,
        "202402": 13.4,
        "202401": 12.4
      },
      "(EC)티몰": {
        "202509": 8.5,
        "202508": 8.9,
        "202507": 5.9,
        "202506": 11.2,
        "202505": 18.5,
        "202504": 7.6,
        "202503": 14.0,
        "202502": 9.1,
        "202501": 17.4,
        "202412": 16.9,
        "202411": 23.0,
        "202410": 26.7,
        "202409": 15.2,
        "202408": 13.2,
        "202407": 12.1,
        "202406": 18.3,
        "202405": 18.4,
        "202404": 7.7,
        "202403": 10.7,
        "202402": 6.3,
        "202401": 16.3
      },
      "(EC)틱톡/JD": {
        "202509": 5.6,
        "202508": 4.4,
        "202507": 12.8,
        "202506": 10.0,
        "202505": 12.4,
        "202504": 5.4,
        "202503": 7.8,
        "202502": 6.1,
        "202501": 11.2,
        "202412": 7.3,
        "202411": 17.2,
        "202410": 14.5,
        "202409": 8.0,
        "202408": 9.6,
        "202407": 10.2,
        "202406": 16.3,
        "202405": 12.7,
        "202404": 2.5
      },
      "(EC)할인몰": {
        "202509": 38.8,
        "202508": 36.8,
        "202507": 34.3,
        "202506": 37.5,
        "202505": 38.6,
        "202504": 38.7,
        "202503": 40.2,
        "202502": 38.6,
        "202501": 36.0,
        "202412": 40.2,
        "202411": 37.7,
        "202410": 42.0,
        "202409": 37.9,
        "202408": 34.1,
        "202407": 32.3,
        "202406": 39.1,
        "202405": 36.6,
        "202404": 33.0,
        "202403": 33.5,
        "202402": 28.1,
        "202401": 37.9
      },
      "(OFF)대리상": {
        "202509": 10.2,
        "202508": 9.8,
        "202507": 12.9,
        "202506": 9.4,
        "202505": 9.3,
        "202504": 9.0,
        "202503": 10.4,
        "202502": 9.4,
        "202501": 9.0,
        "202412": 9.3,
        "202411": 9.6,
        "202410": 9.7,
        "202409": 9.8,
        "202408": 7.7,
        "202407": 7.8,
        "202406": 6.6,
        "202405": 6.5,
        "202404": 7.1,
        "202403": 7.6,
        "202402": 6.4,
        "202401": 7.5
      },
      "(OFF)쇼핑몰": {
        "202509": 11.3,
        "202508": 8.6,
        "202507": 9.0,
        "202506": 8.5,
        "202505": 8.5,
        "202504": 10.5,
        "202503": 9.0,
        "202502": 11.8,
        "202501": 12.7,
        "202412": 12.8,
        "202411": 10.0,
        "202410": 10.4,
        "202409": 8.9,
        "202408": 6.3,
        "202407": 6.5,
        "202406": 8.1,
        "202405": 8.6,
        "202404": 9.4,
        "202403": 6.6,
        "202402": 13.2,
        "202401": 13.7
      },
      "(OFF)아울렛": {
        "202509": 37.4,
        "202508": 31.9,
        "202507": 30.2,
        "202506": 30.8,
        "202505": 34.1,
        "202504": 35.4,
        "202503": 31.1,
        "202502": 29.7,
        "202501": 27.6,
        "202412": 29.5,
        "202411": 32.1,
        "202410": 36.4,
        "202409": 32.0,
        "202408": 66.4,
        "202407": 29.5,
        "202406": 30.7,
        "202405": 31.5,
        "202404": 33.6,
        "202403": 33.1,
        "202402": 32.8,
        "202401": 36.6
      },
      "(OFF)플래그쉽": {
        "202509": 6.1,
        "202508": 5.0,
        "202507": 5.7,
        "202506": 5.8,
        "202505": 6.2,
        "202504": 7.0,
        "202503": 6.7,
        "202502": 8.3,
        "202501": 9.9,
        "202412": 10.7,
        "202411": 10.0,
        "202410": 12.7,
        "202409": 6.5,
        "202408": 2.1,
        "202407": 3.5,
        "202406": 5.6,
        "202405": 5.7,
        "202404": 4.6,
        "202403": 3.1,
        "202402": 10.4,
        "202401": 11.8
      }
    }
  },
  "raw_data": {
    "sample_records": [
      {
        "YYYYMM": "202509",
        "BRD_CD": "M",
        "CHNL_NM": "(EC)대리상",
        "TAG_SALE_AMT": 94608293.0,
        "ACT_SALE_AMT": 84083934.59,
        "DISCOUNT_PCT": 11.1
      },
      {
        "YYYYMM": "202509",
        "BRD_CD": "M",
        "CHNL_NM": "(EC)티몰",
        "TAG_SALE_AMT": 27134122.0,
        "ACT_SALE_AMT": 24820805.07,
        "DISCOUNT_PCT": 8.5
      },
      {
        "YYYYMM": "202509",
        "BRD_CD": "M",
        "CHNL_NM": "(EC)틱톡/JD",
        "TAG_SALE_AMT": 11885164.0,
        "ACT_SALE_AMT": 11214321.66,
        "DISCOUNT_PCT": 5.6
      },
      {
        "YYYYMM": "202509",
        "BRD_CD": "M",
        "CHNL_NM": "(EC)할인몰",
        "TAG_SALE_AMT": 12014195.0,
        "ACT_SALE_AMT": 7351998.6755,
        "DISCOUNT_PCT": 38.8
      },
      {
        "YYYYMM": "202509",
        "BRD_CD": "M",
        "CHNL_NM": "(OFF)대리상",
        "TAG_SALE_AMT": 442924803.0,
        "ACT_SALE_AMT": 397929291.44,
        "DISCOUNT_PCT": 10.2
      },
      {
        "YYYYMM": "202509",
        "BRD_CD": "M",
        "CHNL_NM": "(OFF)쇼핑몰",
        "TAG_SALE_AMT": 7021354.0,
        "ACT_SALE_AMT": 6230314.0,
        "DISCOUNT_PCT": 11.3
      },
      {
        "YYYYMM": "202509",
        "BRD_CD": "M",
        "CHNL_NM": "(OFF)아울렛",
        "TAG_SALE_AMT": 28662396.0,
        "ACT_SALE_AMT": 17946131.0,
        "DISCOUNT_PCT": 37.4
      },
      {
        "YYYYMM": "202509",
        "BRD_CD": "M",
        "CHNL_NM": "(OFF)플래그쉽",
        "TAG_SALE_AMT": 2183932.0,
        "ACT_SALE_AMT": 2049895.0,
        "DISCOUNT_PCT": 6.1
      },
      {
        "YYYYMM": "202508",
        "BRD_CD": "M",
        "CHNL_NM": "(EC)대리상",
        "TAG_SALE_AMT": 73446638.0,
        "ACT_SALE_AMT": 65237359.48999999,
        "DISCOUNT_PCT": 11.2
      },
      {
        "YYYYMM": "202508",
        "BRD_CD": "M",
        "CHNL_NM": "(EC)티몰",
        "TAG_SALE_AMT": 30634241.0,
        "ACT_SALE_AMT": 27920304.58,
        "DISCOUNT_PCT": 8.9
      },
      {
        "YYYYMM": "202508",
        "BRD_CD": "M",
        "CHNL_NM": "(EC)틱톡/JD",
        "TAG_SALE_AMT": 6552905.0,
        "ACT_SALE_AMT": 6266398.5600000005,
        "DISCOUNT_PCT": 4.4
      },
      {
        "YYYYMM": "202508",
        "BRD_CD": "M",
        "CHNL_NM": "(EC)할인몰",
        "TAG_SALE_AMT": 9253909.0,
        "ACT_SALE_AMT": 5850063.1533,
        "DISCOUNT_PCT": 36.8
      },
      {
        "YYYYMM": "202508",
        "BRD_CD": "M",
        "CHNL_NM": "(OFF)대리상",
        "TAG_SALE_AMT": 503622783.0,
        "ACT_SALE_AMT": 454168202.46239996,
        "DISCOUNT_PCT": 9.8
      },
      {
        "YYYYMM": "202508",
        "BRD_CD": "M",
        "CHNL_NM": "(OFF)쇼핑몰",
        "TAG_SALE_AMT": 9569758.0,
        "ACT_SALE_AMT": 8750622.0,
        "DISCOUNT_PCT": 8.6
      },
      {
        "YYYYMM": "202508",
        "BRD_CD": "M",
        "CHNL_NM": "(OFF)아울렛",
        "TAG_SALE_AMT": 24543442.0,
        "ACT_SALE_AMT": 16725167.0,
        "DISCOUNT_PCT": 31.9
      },
      {
        "YYYYMM": "202508",
        "BRD_CD": "M",
        "CHNL_NM": "(OFF)플래그쉽",
        "TAG_SALE_AMT": 3690584.0,
        "ACT_SALE_AMT": 3506768.0,
        "DISCOUNT_PCT": 5.0
      },
      {
        "YYYYMM": "202507",
        "BRD_CD": "M",
        "CHNL_NM": "(EC)대리상",
        "TAG_SALE_AMT": 65987428.0,
        "ACT_SALE_AMT": 58542560.176800005,
        "DISCOUNT_PCT": 11.3
      },
      {
        "YYYYMM": "202507",
        "BRD_CD": "M",
        "CHNL_NM": "(EC)티몰",
        "TAG_SALE_AMT": 19416888.0,
        "ACT_SALE_AMT": 18279191.9,
        "DISCOUNT_PCT": 5.9
      },
      {
        "YYYYMM": "202507",
        "BRD_CD": "M",
        "CHNL_NM": "(EC)틱톡/JD",
        "TAG_SALE_AMT": 7480710.0,
        "ACT_SALE_AMT": 6524614.0,
        "DISCOUNT_PCT": 12.8
      },
      {
        "YYYYMM": "202507",
        "BRD_CD": "M",
        "CHNL_NM": "(EC)할인몰",
        "TAG_SALE_AMT": 7077052.0,
        "ACT_SALE_AMT": 4651179.0217,
        "DISCOUNT_PCT": 34.3
      },
      {
        "YYYYMM": "202507",
        "BRD_CD": "M",
        "CHNL_NM": "(OFF)대리상",
        "TAG_SALE_AMT": 467002574.0,
        "ACT_SALE_AMT": 406698121.08030003,
        "DISCOUNT_PCT": 12.9
      },
      {
        "YYYYMM": "202507",
        "BRD_CD": "M",
        "CHNL_NM": "(OFF)쇼핑몰",
        "TAG_SALE_AMT": 9910024.0,
        "ACT_SALE_AMT": 9015249.0,
        "DISCOUNT_PCT": 9.0
      },
      {
        "YYYYMM": "202507",
        "BRD_CD": "M",
        "CHNL_NM": "(OFF)아울렛",
        "TAG_SALE_AMT": 20593398.0,
        "ACT_SALE_AMT": 14379009.0,
        "DISCOUNT_PCT": 30.2
      },
      {
        "YYYYMM": "202507",
        "BRD_CD": "M",
        "CHNL_NM": "(OFF)플래그쉽",
        "TAG_SALE_AMT": 3564233.0,
        "ACT_SALE_AMT": 3362066.0,
        "DISCOUNT_PCT": 5.7
      },
      {
        "YYYYMM": "202506",
        "BRD_CD": "M",
        "CHNL_NM": "(EC)대리상",
        "TAG_SALE_AMT": 113359772.0,
        "ACT_SALE_AMT": 97804787.94999999,
        "DISCOUNT_PCT": 13.7
      },
      {
        "YYYYMM": "202506",
        "BRD_CD": "M",
        "CHNL_NM": "(EC)티몰",
        "TAG_SALE_AMT": 28346452.0,
        "ACT_SALE_AMT": 25171106.650000002,
        "DISCOUNT_PCT": 11.2
      },
      {
        "YYYYMM": "202506",
        "BRD_CD": "M",
        "CHNL_NM": "(EC)틱톡/JD",
        "TAG_SALE_AMT": 5760390.0,
        "ACT_SALE_AMT": 5184900.720000001,
        "DISCOUNT_PCT": 10.0
      },
      {
        "YYYYMM": "202506",
        "BRD_CD": "M",
        "CHNL_NM": "(EC)할인몰",
        "TAG_SALE_AMT": 7468084.0,
        "ACT_SALE_AMT": 4671050.9259,
        "DISCOUNT_PCT": 37.5
      },
      {
        "YYYYMM": "202506",
        "BRD_CD": "M",
        "CHNL_NM": "(OFF)대리상",
        "TAG_SALE_AMT": 434580751.0,
        "ACT_SALE_AMT": 393902275.38,
        "DISCOUNT_PCT": 9.4
      },
      {
        "YYYYMM": "202506",
        "BRD_CD": "M",
        "CHNL_NM": "(OFF)쇼핑몰",
        "TAG_SALE_AMT": 8692417.0,
        "ACT_SALE_AMT": 7956692.0,
        "DISCOUNT_PCT": 8.5
      },
      {
        "YYYYMM": "202506",
        "BRD_CD": "M",
        "CHNL_NM": "(OFF)아울렛",
        "TAG_SALE_AMT": 20099168.0,
        "ACT_SALE_AMT": 13907839.0,
        "DISCOUNT_PCT": 30.8
      },
      {
        "YYYYMM": "202506",
        "BRD_CD": "M",
        "CHNL_NM": "(OFF)플래그쉽",
        "TAG_SALE_AMT": 3722681.0,
        "ACT_SALE_AMT": 3505675.0,
        "DISCOUNT_PCT": 5.8
      },
      {
        "YYYYMM": "202505",
        "BRD_CD": "M",
        "CHNL_NM": "(EC)대리상",
        "TAG_SALE_AMT": 125685637.0,
        "ACT_SALE_AMT": 109387375.71000001,
        "DISCOUNT_PCT": 13.0
      },
      {
        "YYYYMM": "202505",
        "BRD_CD": "M",
        "CHNL_NM": "(EC)티몰",
        "TAG_SALE_AMT": 63574713.0,
        "ACT_SALE_AMT": 51820707.28,
        "DISCOUNT_PCT": 18.5
      },
      {
        "YYYYMM": "202505",
        "BRD_CD": "M",
        "CHNL_NM": "(EC)틱톡/JD",
        "TAG_SALE_AMT": 12611729.0,
        "ACT_SALE_AMT": 11042186.99,
        "DISCOUNT_PCT": 12.4
      },
      {
        "YYYYMM": "202505",
        "BRD_CD": "M",
        "CHNL_NM": "(EC)할인몰",
        "TAG_SALE_AMT": 9580809.0,
        "ACT_SALE_AMT": 5883057.169,
        "DISCOUNT_PCT": 38.6
      },
      {
        "YYYYMM": "202505",
        "BRD_CD": "M",
        "CHNL_NM": "(OFF)대리상",
        "TAG_SALE_AMT": 555482566.0,
        "ACT_SALE_AMT": 503823382.0199999,
        "DISCOUNT_PCT": 9.3
      },
      {
        "YYYYMM": "202505",
        "BRD_CD": "M",
        "CHNL_NM": "(OFF)쇼핑몰",
        "TAG_SALE_AMT": 9807863.0,
        "ACT_SALE_AMT": 8971577.0,
        "DISCOUNT_PCT": 8.5
      },
      {
        "YYYYMM": "202505",
        "BRD_CD": "M",
        "CHNL_NM": "(OFF)아울렛",
        "TAG_SALE_AMT": 36957328.0,
        "ACT_SALE_AMT": 24370916.0,
        "DISCOUNT_PCT": 34.1
      },
      {
        "YYYYMM": "202505",
        "BRD_CD": "M",
        "CHNL_NM": "(OFF)플래그쉽",
        "TAG_SALE_AMT": 4619081.0,
        "ACT_SALE_AMT": 4333159.0,
        "DISCOUNT_PCT": 6.2
      },
      {
        "YYYYMM": "202504",
        "BRD_CD": "M",
        "CHNL_NM": "(EC)대리상",
        "TAG_SALE_AMT": 90901798.0,
        "ACT_SALE_AMT": 80915193.56,
        "DISCOUNT_PCT": 11.0
      },
      {
        "YYYYMM": "202504",
        "BRD_CD": "M",
        "CHNL_NM": "(EC)티몰",
        "TAG_SALE_AMT": 30902084.0,
        "ACT_SALE_AMT": 28552181.669999998,
        "DISCOUNT_PCT": 7.6
      },
      {
        "YYYYMM": "202504",
        "BRD_CD": "M",
        "CHNL_NM": "(EC)틱톡/JD",
        "TAG_SALE_AMT": 9553617.0,
        "ACT_SALE_AMT": 9037989.74,
        "DISCOUNT_PCT": 5.4
      },
      {
        "YYYYMM": "202504",
        "BRD_CD": "M",
        "CHNL_NM": "(EC)할인몰",
        "TAG_SALE_AMT": 12370956.0,
        "ACT_SALE_AMT": 7586810.8484000005,
        "DISCOUNT_PCT": 38.7
      },
      {
        "YYYYMM": "202504",
        "BRD_CD": "M",
        "CHNL_NM": "(OFF)대리상",
        "TAG_SALE_AMT": 537894964.0,
        "ACT_SALE_AMT": 489217853.87999994,
        "DISCOUNT_PCT": 9.0
      },
      {
        "YYYYMM": "202504",
        "BRD_CD": "M",
        "CHNL_NM": "(OFF)쇼핑몰",
        "TAG_SALE_AMT": 9481134.0,
        "ACT_SALE_AMT": 8483550.0,
        "DISCOUNT_PCT": 10.5
      },
      {
        "YYYYMM": "202504",
        "BRD_CD": "M",
        "CHNL_NM": "(OFF)아울렛",
        "TAG_SALE_AMT": 33769487.0,
        "ACT_SALE_AMT": 21814303.0,
        "DISCOUNT_PCT": 35.4
      },
      {
        "YYYYMM": "202504",
        "BRD_CD": "M",
        "CHNL_NM": "(OFF)플래그쉽",
        "TAG_SALE_AMT": 4593040.0,
        "ACT_SALE_AMT": 4269595.0,
        "DISCOUNT_PCT": 7.0
      },
      {
        "YYYYMM": "202503",
        "BRD_CD": "M",
        "CHNL_NM": "(EC)대리상",
        "TAG_SALE_AMT": 94504596.0,
        "ACT_SALE_AMT": 85064889.01500002,
        "DISCOUNT_PCT": 10.0
      },
      {
        "YYYYMM": "202503",
        "BRD_CD": "M",
        "CHNL_NM": "(EC)티몰",
        "TAG_SALE_AMT": 44574157.0,
        "ACT_SALE_AMT": 38316374.18,
        "DISCOUNT_PCT": 14.0
      }
    ],
    "total_records_count": 165
  }
}