{
  "country": "CN",
  "brand_cd": "W",
  "brand_name": "SUPRA",
  "yyyymm": "202509",
  "yyyymm_py": "202411",
  "key": "(대리상오프)점당매출",
  "sub_key": "(대리상오프)점당매출 AI 분석",
  "analysis_data": {
    "title": "오프라인 대리상 점당매출 종합분석",
    "sections": [
      {
        "div": "종합분석-1",
        "sub_title": "우수 대리상",
        "ai_text": "**SP CHENGDU IFS (CN6239)** - 단독 성장 견인 대리상\n\n• 당해 매출액(v+): 272k (전체의 76.0%)\n• 전년 대비 성장률: +25.1% (54k 증가)\n• 1-2월 폭발적 성장: 1월 +57.4% (133k), 2월 +80.4% (134k)\n\n**성장 요인 분석:**\n- 성도 IFS 입점으로 프리미엄 위치 확보\n- 1-2월 중국 춘절 시즌 마케팅 효과 극대화\n- 현지 소비 트렌드 대응력 우수\n\n**주의사항:**\n- 3월 급격한 매출 하락(-90.7%) 원인 분석 필요\n- 단일 대리상 의존도 심화 리스크 존재"
      },
      {
        "div": "종합분석-2",
        "sub_title": "수익성 개선 필요",
        "ai_text": "**SP NANCHANG MIXC (CN6242)** - 주요 개선 대상\n\n• 당해 매출액(v+): 61k (전년 138k 대비 -55.5%)\n• 매출 감소폭: 77k 하락\n• 2월 매출 급락: -79.7% (72k→15k)\n\n**SP XI'AN G-PARK (CN6252)** - 운영 재검토 필요\n\n• 당해 매출액(v+): 5k (전년 36k 대비 -86.1%)\n• 1월에만 매출 발생, 이후 운영 중단 추정\n\n**개선 필요 원인:**\n- 남창/시안 지역 브랜드 인지도 부족\n- 현지 경쟁 심화 및 소비 패턴 변화\n- 매장 운영 효율성 저하\n- 재고 관리 및 상품 구색 최적화 미흡"
      },
      {
        "div": "종합분석-3",
        "sub_title": "인사이트",
        "ai_text": "**핵심 발견사항:**\n\n• **극심한 대리상간 성과 격차**: 최고 성과 대리상(272k)과 최저 성과 대리상(5k) 간 54배 차이\n• **지역별 성과 편차**: 청두(성장) vs 남창/시안(급락)으로 중국 내 지역별 전략 차별화 필요\n• **시기별 변동성**: 1-2월 집중 성장 후 3월 급락 패턴\n\n**전략적 액션플랜:**\n\n1. **단기 대응 (1-3개월)**\n   - 청두 IFS 성공모델 분석 및 타 대리상 벤치마킹\n   - 남창/시안 대리상 긴급 운영 진단 및 개선방안 수립\n\n2. **중기 전략 (3-6개월)**\n   - 지역별 맞춤형 상품 포트폴리오 및 마케팅 전략 개발\n   - 대리상 교육 프로그램 및 운영 지원 시스템 강화\n\n3. **장기 방향성 (6개월 이상)**\n   - 신규 우수 입지 대리상 발굴로 청두 의존도 분산\n   - 성과 기반 대리상 관리 체계 구축"
      }
    ]
  },
  "summary": {
    "total_cy": 358.0,
    "total_py": 410.0,
    "change_pct": -12.7,
    "total_agents": 4,
    "analysis_period": "2025년 1월 ~ 2025년 11월 vs 2024년 1월 ~ 2024년 11월"
  },
  "agent_summary": [
    {
      "shop_cd": "CN6239",
      "shop_en_nm": "SP CHENGDU IFS",
      "total_cy": 272.0,
      "total_py": 218.0,
      "total_change_pct": 25.1,
      "months": {
        "202501": {
          "cy": 133.0,
          "py": 85.0,
          "change_pct": 57.4
        },
        "202502": {
          "cy": 134.0,
          "py": 74.0,
          "change_pct": 80.4
        },
        "202503": {
          "cy": 5.0,
          "py": 59.0,
          "change_pct": -90.7
        }
      }
    },
    {
      "shop_cd": "CN6242",
      "shop_en_nm": "SP NANCHANG MIXC",
      "total_cy": 61.0,
      "total_py": 138.0,
      "total_change_pct": -55.5,
      "months": {
        "202501": {
          "cy": 47.0,
          "py": 65.0,
          "change_pct": -28.7
        },
        "202502": {
          "cy": 15.0,
          "py": 72.0,
          "change_pct": -79.7
        }
      }
    },
    {
      "shop_cd": "CN6309",
      "shop_en_nm": "SP HANDAN MIXC",
      "total_cy": 19.0,
      "total_py": 19.0,
      "total_change_pct": 3.5,
      "months": {
        "202501": {
          "cy": 4.0,
          "py": 0.0,
          "change_pct": 0
        },
        "202502": {
          "cy": 8.0,
          "py": 0.0,
          "change_pct": 0
        },
        "202503": {
          "cy": 3.0,
          "py": 0.0,
          "change_pct": 0
        },
        "202504": {
          "cy": 2.0,
          "py": 0.0,
          "change_pct": 0
        },
        "202505": {
          "cy": 1.0,
          "py": 11.0,
          "change_pct": -88.8
        },
        "202507": {
          "cy": 0.0,
          "py": 8.0,
          "change_pct": -94.7
        }
      }
    },
    {
      "shop_cd": "CN6252",
      "shop_en_nm": "SP XI＇AN G-PARK",
      "total_cy": 5.0,
      "total_py": 36.0,
      "total_change_pct": -86.1,
      "months": {
        "202501": {
          "cy": 5.0,
          "py": 36.0,
          "change_pct": -86.1
        }
      }
    }
  ],
  "raw_data": {
    "sample_records": [
      {
        "YYYYMM": "202507",
        "BRD_CD": "W",
        "SHOP_CD": "CN6309",
        "SHOP_EN_NM": "SP HANDAN MIXC",
        "CY_SALE_AMT": 430.0,
        "PY_SALE_AMT": 8038.0,
        "DIV": "기존점"
      },
      {
        "YYYYMM": "202505",
        "BRD_CD": "W",
        "SHOP_CD": "CN6309",
        "SHOP_EN_NM": "SP HANDAN MIXC",
        "CY_SALE_AMT": 1197.0,
        "PY_SALE_AMT": 10726.0,
        "DIV": "기존점"
      },
      {
        "YYYYMM": "202504",
        "BRD_CD": "W",
        "SHOP_CD": "CN6309",
        "SHOP_EN_NM": "SP HANDAN MIXC",
        "CY_SALE_AMT": 2300.0,
        "PY_SALE_AMT": 0.0,
        "DIV": "신규점"
      },
      {
        "YYYYMM": "202503",
        "BRD_CD": "W",
        "SHOP_CD": "CN6239",
        "SHOP_EN_NM": "SP CHENGDU IFS",
        "CY_SALE_AMT": 5461.0,
        "PY_SALE_AMT": 58982.0,
        "DIV": "기존점"
      },
      {
        "YYYYMM": "202503",
        "BRD_CD": "W",
        "SHOP_CD": "CN6309",
        "SHOP_EN_NM": "SP HANDAN MIXC",
        "CY_SALE_AMT": 3257.0,
        "PY_SALE_AMT": 0.0,
        "DIV": "신규점"
      },
      {
        "YYYYMM": "202502",
        "BRD_CD": "W",
        "SHOP_CD": "CN6239",
        "SHOP_EN_NM": "SP CHENGDU IFS",
        "CY_SALE_AMT": 133893.0,
        "PY_SALE_AMT": 74235.0,
        "DIV": "기존점"
      },
      {
        "YYYYMM": "202502",
        "BRD_CD": "W",
        "SHOP_CD": "CN6309",
        "SHOP_EN_NM": "SP HANDAN MIXC",
        "CY_SALE_AMT": 8215.0,
        "PY_SALE_AMT": 0.0,
        "DIV": "신규점"
      },
      {
        "YYYYMM": "202502",
        "BRD_CD": "W",
        "SHOP_CD": "CN6242",
        "SHOP_EN_NM": "SP NANCHANG MIXC",
        "CY_SALE_AMT": 14728.0,
        "PY_SALE_AMT": 72382.0,
        "DIV": "기존점"
      },
      {
        "YYYYMM": "202501",
        "BRD_CD": "W",
        "SHOP_CD": "CN6252",
        "SHOP_EN_NM": "SP XI＇AN G-PARK",
        "CY_SALE_AMT": 4996.0,
        "PY_SALE_AMT": 35997.0,
        "DIV": "기존점"
      },
      {
        "YYYYMM": "202501",
        "BRD_CD": "W",
        "SHOP_CD": "CN6239",
        "SHOP_EN_NM": "SP CHENGDU IFS",
        "CY_SALE_AMT": 133115.0,
        "PY_SALE_AMT": 84550.0,
        "DIV": "기존점"
      },
      {
        "YYYYMM": "202501",
        "BRD_CD": "W",
        "SHOP_CD": "CN6242",
        "SHOP_EN_NM": "SP NANCHANG MIXC",
        "CY_SALE_AMT": 46689.0,
        "PY_SALE_AMT": 65487.0,
        "DIV": "기존점"
      },
      {
        "YYYYMM": "202501",
        "BRD_CD": "W",
        "SHOP_CD": "CN6309",
        "SHOP_EN_NM": "SP HANDAN MIXC",
        "CY_SALE_AMT": 4026.0,
        "PY_SALE_AMT": 0.0,
        "DIV": "신규점"
      }
    ],
    "total_records_count": 12
  }
}