{
  "country": "CN",
  "brand_cd": "W",
  "brand_name": "SUPRA",
  "yyyymm": "202510",
  "yyyymm_py": "202510",
  "key": "월별아이템별매출추세",
  "analysis_data": {
    "title": "월별 아이템별 매출 추세 분석",
    "sections": [
      {
        "div": "종합분석-1",
        "sub_title": "시즌 트렌드",
        "ai_text": "**24SF 의류 (총 3,947k, 87.4%)**\n- 1월 1,312k로 최고점 기록 후 3월 179k까지 급락하는 전형적인 시즌 아웃 패턴\n- 4-8월 296k→409k로 점진적 회복세 보이나 9-10월 재하락(179k→157k)\n- 시즌 말기임에도 8월까지 400k대 유지는 긍정적 신호\n\n**과시즌 의류 (총 564k, 12.5%)**\n- 1-2월 201k→96k로 높은 매출 후 6월 14k까지 지속 하락\n- 10월 76k로 급반등은 가을 시즌 전환 수요로 분석\n- 과시즌 상품의 계절성 수요 패턴이 명확히 드러남\n\n**25S 의류 (총 8k, 0.2%)**\n- 신규 시즌 상품으로 1-3월만 소량 판매\n- 조기 런칭 테스트 성격으로 판단되며 본격 전개는 향후 예상\n\n**⚠️ 이상징후**: 24SF 의류의 9-10월 재하락은 재고 부족 또는 신규 시즌 준비로 인한 것으로 추정"
      },
      {
        "div": "종합분석-2",
        "sub_title": "카테고리",
        "ai_text": "**신발 (총 968k, 76.8%)**\n- ACC 중 압도적 비중으로 1월 253k 최고점 후 6월 46k까지 하락\n- 8월 127k로 반등 후 10월 33k까지 재하락하는 W자 패턴\n- 계절성보다는 신제품 출시 주기와 연관성 높음\n\n**모자 (총 154k, 12.2%)**\n- 1-2월 33k→27k 수준에서 지속적 하락세\n- 10월 6k로 최저점 기록, 계절성 영향이 가장 뚜렷한 카테고리\n- 여름철(7-8월) 반등 없이 지속 하락은 상품력 점검 필요\n\n**가방 (총 90k, 7.1%)**\n- 1월 26k에서 시작해 4월 5k까지 급락 후 횡보\n- 5월 12k 일시 반등 외에는 저조한 성과 지속\n- 전체 기간 중 가장 부진한 카테고리로 상품 포트폴리오 재검토 시급\n\n**기타 (총 16k, 1.3%)**\n- 월 1-4k 수준의 미미한 매출로 일관된 저성과\n- 니치 아이템 특성상 안정적이나 성장 동력 부재"
      },
      {
        "div": "종합분석-3",
        "sub_title": "핵심 액션",
        "ai_text": "**즉시 실행 액션**\n• 24SF 의류 재고 최적화: 9-10월 하락세 원인 분석 및 25S 시즌 준비 가속화\n• 신발 카테고리 신제품 기획: W자 패턴 분석 통해 출시 타이밍 최적화 전략 수립\n• 가방 포트폴리오 전면 재검토: 지속적 부진으로 상품 기획 방향성 전환 필요\n\n**중기 전략 방향**\n• 과시즌 상품 운영 체계화: 10월 반등(76k) 성과 분석해 연중 과시즌 판매 전략 구축\n• 모자 카테고리 계절성 대응: 여름 성수기 대응 상품군 확대 및 사계절 아이템 개발\n• 25S 시즌 본격 전개: 조기 테스트 결과 바탕으로 풀라인업 출시 계획 수립\n\n**리스크 관리**\n• 의류 의존도 87.4%로 과도한 집중: ACC 비중 확대를 통한 포트폴리오 다변화 필요\n• 신발 외 ACC 카테고리 부진: 모자·가방 상품력 강화 및 마케팅 투자 확대\n• 계절성 변동 완화: 사계절 상품 비중 확대로 매출 안정성 제고"
      }
    ]
  },
  "summary": {
    "total_sales": 5747.0,
    "unique_months": 10,
    "unique_items": 7,
    "analysis_period": "2025년 01월 ~ 2025년 12월"
  },
  "monthly_totals": {
    "202501": 1834.0,
    "202502": 819.0,
    "202503": 325.0,
    "202504": 469.0,
    "202505": 419.0,
    "202506": 288.0,
    "202507": 483.0,
    "202508": 573.0,
    "202509": 261.0,
    "202510": 275.0
  },
  "season_items": [
    {
      "name": "24SF 의류",
      "total_sales": 3947.0,
      "months": {
        "202501": 1312.0,
        "202502": 533.0,
        "202503": 179.0,
        "202504": 296.0,
        "202505": 319.0,
        "202506": 207.0,
        "202507": 356.0,
        "202508": 409.0,
        "202509": 179.0,
        "202510": 157.0
      }
    },
    {
      "name": "과시즌 의류",
      "total_sales": 564.0,
      "months": {
        "202501": 201.0,
        "202502": 96.0,
        "202503": 42.0,
        "202504": 50.0,
        "202505": 15.0,
        "202506": 14.0,
        "202507": 22.0,
        "202508": 24.0,
        "202509": 25.0,
        "202510": 76.0
      }
    },
    {
      "name": "25S 의류",
      "total_sales": 8.0,
      "months": {
        "202501": 5.0,
        "202502": 1.0,
        "202503": 2.0
      }
    }
  ],
  "category_items": [
    {
      "name": "신발",
      "total_sales": 968.0,
      "months": {
        "202501": 253.0,
        "202502": 140.0,
        "202503": 80.0,
        "202504": 100.0,
        "202505": 52.0,
        "202506": 46.0,
        "202507": 88.0,
        "202508": 127.0,
        "202509": 48.0,
        "202510": 33.0
      }
    },
    {
      "name": "모자",
      "total_sales": 154.0,
      "months": {
        "202501": 33.0,
        "202502": 27.0,
        "202503": 14.0,
        "202504": 16.0,
        "202505": 19.0,
        "202506": 13.0,
        "202507": 12.0,
        "202508": 8.0,
        "202509": 5.0,
        "202510": 6.0
      }
    },
    {
      "name": "가방",
      "total_sales": 90.0,
      "months": {
        "202501": 26.0,
        "202502": 19.0,
        "202503": 8.0,
        "202504": 5.0,
        "202505": 12.0,
        "202506": 7.0,
        "202507": 4.0,
        "202508": 4.0,
        "202509": 3.0,
        "202510": 3.0
      }
    },
    {
      "name": "기타",
      "total_sales": 16.0,
      "months": {
        "202501": 4.0,
        "202502": 2.0,
        "202503": 1.0,
        "202504": 2.0,
        "202505": 2.0,
        "202506": 1.0,
        "202507": 1.0,
        "202508": 1.0,
        "202509": 1.0,
        "202510": 1.0
      }
    }
  ],
  "raw_data": {
    "sample_records": [
      {
        "YYYYMM": "202501",
        "BRD_CD": "W",
        "ITEM_STD": "24SF 의류",
        "SALE_AMT": 1312362.8299999996
      },
      {
        "YYYYMM": "202501",
        "BRD_CD": "W",
        "ITEM_STD": "모자",
        "SALE_AMT": 33144.13
      },
      {
        "YYYYMM": "202501",
        "BRD_CD": "W",
        "ITEM_STD": "신발",
        "SALE_AMT": 253341.24
      },
      {
        "YYYYMM": "202501",
        "BRD_CD": "W",
        "ITEM_STD": "과시즌 의류",
        "SALE_AMT": 200752.52000000008
      },
      {
        "YYYYMM": "202501",
        "BRD_CD": "W",
        "ITEM_STD": "25S 의류",
        "SALE_AMT": 5247.0
      },
      {
        "YYYYMM": "202501",
        "BRD_CD": "W",
        "ITEM_STD": "기타",
        "SALE_AMT": 3856.16
      },
      {
        "YYYYMM": "202501",
        "BRD_CD": "W",
        "ITEM_STD": "가방",
        "SALE_AMT": 25784.15
      },
      {
        "YYYYMM": "202502",
        "BRD_CD": "W",
        "ITEM_STD": "과시즌 의류",
        "SALE_AMT": 96220.69999999998
      },
      {
        "YYYYMM": "202502",
        "BRD_CD": "W",
        "ITEM_STD": "가방",
        "SALE_AMT": 18964.59
      },
      {
        "YYYYMM": "202502",
        "BRD_CD": "W",
        "ITEM_STD": "24SF 의류",
        "SALE_AMT": 533064.43
      },
      {
        "YYYYMM": "202502",
        "BRD_CD": "W",
        "ITEM_STD": "기타",
        "SALE_AMT": 2466.31
      },
      {
        "YYYYMM": "202502",
        "BRD_CD": "W",
        "ITEM_STD": "모자",
        "SALE_AMT": 26696.8
      },
      {
        "YYYYMM": "202502",
        "BRD_CD": "W",
        "ITEM_STD": "25S 의류",
        "SALE_AMT": 1257.0
      },
      {
        "YYYYMM": "202502",
        "BRD_CD": "W",
        "ITEM_STD": "신발",
        "SALE_AMT": 140109.24
      },
      {
        "YYYYMM": "202503",
        "BRD_CD": "W",
        "ITEM_STD": "가방",
        "SALE_AMT": 8116.84
      },
      {
        "YYYYMM": "202503",
        "BRD_CD": "W",
        "ITEM_STD": "과시즌 의류",
        "SALE_AMT": 41653.6
      },
      {
        "YYYYMM": "202503",
        "BRD_CD": "W",
        "ITEM_STD": "기타",
        "SALE_AMT": 1047.52
      },
      {
        "YYYYMM": "202503",
        "BRD_CD": "W",
        "ITEM_STD": "24SF 의류",
        "SALE_AMT": 178814.41999999995
      },
      {
        "YYYYMM": "202503",
        "BRD_CD": "W",
        "ITEM_STD": "25S 의류",
        "SALE_AMT": 1788.0
      },
      {
        "YYYYMM": "202503",
        "BRD_CD": "W",
        "ITEM_STD": "신발",
        "SALE_AMT": 79695.38
      },
      {
        "YYYYMM": "202503",
        "BRD_CD": "W",
        "ITEM_STD": "모자",
        "SALE_AMT": 13669.37
      },
      {
        "YYYYMM": "202504",
        "BRD_CD": "W",
        "ITEM_STD": "과시즌 의류",
        "SALE_AMT": 49555.58
      },
      {
        "YYYYMM": "202504",
        "BRD_CD": "W",
        "ITEM_STD": "모자",
        "SALE_AMT": 16468.53
      },
      {
        "YYYYMM": "202504",
        "BRD_CD": "W",
        "ITEM_STD": "신발",
        "SALE_AMT": 100319.25000000001
      },
      {
        "YYYYMM": "202504",
        "BRD_CD": "W",
        "ITEM_STD": "24SF 의류",
        "SALE_AMT": 295632.4399999999
      },
      {
        "YYYYMM": "202504",
        "BRD_CD": "W",
        "ITEM_STD": "가방",
        "SALE_AMT": 5454.09
      },
      {
        "YYYYMM": "202504",
        "BRD_CD": "W",
        "ITEM_STD": "기타",
        "SALE_AMT": 1811.37
      },
      {
        "YYYYMM": "202505",
        "BRD_CD": "W",
        "ITEM_STD": "모자",
        "SALE_AMT": 19403.620000000003
      },
      {
        "YYYYMM": "202505",
        "BRD_CD": "W",
        "ITEM_STD": "가방",
        "SALE_AMT": 11960.679999999998
      },
      {
        "YYYYMM": "202505",
        "BRD_CD": "W",
        "ITEM_STD": "과시즌 의류",
        "SALE_AMT": 14849.630000000001
      },
      {
        "YYYYMM": "202505",
        "BRD_CD": "W",
        "ITEM_STD": "기타",
        "SALE_AMT": 1757.25
      },
      {
        "YYYYMM": "202505",
        "BRD_CD": "W",
        "ITEM_STD": "신발",
        "SALE_AMT": 51724.21
      },
      {
        "YYYYMM": "202505",
        "BRD_CD": "W",
        "ITEM_STD": "24SF 의류",
        "SALE_AMT": 319046.19
      },
      {
        "YYYYMM": "202506",
        "BRD_CD": "W",
        "ITEM_STD": "24SF 의류",
        "SALE_AMT": 206677.8967
      },
      {
        "YYYYMM": "202506",
        "BRD_CD": "W",
        "ITEM_STD": "모자",
        "SALE_AMT": 12875.29
      },
      {
        "YYYYMM": "202506",
        "BRD_CD": "W",
        "ITEM_STD": "과시즌 의류",
        "SALE_AMT": 13794.440000000002
      },
      {
        "YYYYMM": "202506",
        "BRD_CD": "W",
        "ITEM_STD": "가방",
        "SALE_AMT": 6560.7
      },
      {
        "YYYYMM": "202506",
        "BRD_CD": "W",
        "ITEM_STD": "신발",
        "SALE_AMT": 46422.50000000001
      },
      {
        "YYYYMM": "202506",
        "BRD_CD": "W",
        "ITEM_STD": "기타",
        "SALE_AMT": 1398.12
      },
      {
        "YYYYMM": "202507",
        "BRD_CD": "W",
        "ITEM_STD": "모자",
        "SALE_AMT": 12195.42
      },
      {
        "YYYYMM": "202507",
        "BRD_CD": "W",
        "ITEM_STD": "기타",
        "SALE_AMT": 808.0
      },
      {
        "YYYYMM": "202507",
        "BRD_CD": "W",
        "ITEM_STD": "신발",
        "SALE_AMT": 88434.01000000001
      },
      {
        "YYYYMM": "202507",
        "BRD_CD": "W",
        "ITEM_STD": "24SF 의류",
        "SALE_AMT": 355782.31000000006
      },
      {
        "YYYYMM": "202507",
        "BRD_CD": "W",
        "ITEM_STD": "과시즌 의류",
        "SALE_AMT": 22298.329999999998
      },
      {
        "YYYYMM": "202507",
        "BRD_CD": "W",
        "ITEM_STD": "가방",
        "SALE_AMT": 3935.43
      },
      {
        "YYYYMM": "202508",
        "BRD_CD": "W",
        "ITEM_STD": "24SF 의류",
        "SALE_AMT": 408957.2499999998
      },
      {
        "YYYYMM": "202508",
        "BRD_CD": "W",
        "ITEM_STD": "가방",
        "SALE_AMT": 3684.4300000000003
      },
      {
        "YYYYMM": "202508",
        "BRD_CD": "W",
        "ITEM_STD": "기타",
        "SALE_AMT": 843.87
      },
      {
        "YYYYMM": "202508",
        "BRD_CD": "W",
        "ITEM_STD": "과시즌 의류",
        "SALE_AMT": 24225.09
      },
      {
        "YYYYMM": "202508",
        "BRD_CD": "W",
        "ITEM_STD": "모자",
        "SALE_AMT": 8279.130000000001
      }
    ],
    "total_records_count": 63
  }
}