{
  "country": "CN",
  "brand_cd": "V",
  "brand_name": "DUVETICA",
  "yyyymm": "202509",
  "yyyymm_py": "202409",
  "key": "할인율",
  "sub_key": "종합분석",
  "analysis_data": {
    "title": "채널별 할인율 종합분석",
    "sections": [
      {
        "div": "종합분석-1",
        "sub_title": "할인율 전략이 우수한 채널",
        "ai_text": "현재 분석된 2개 채널 모두 할인율이 크게 악화되어 우수한 채널이 없는 상황입니다.\n상대적으로 (OFF)쇼핑몰이 49.8%로 (EC)티몰 70.3% 대비 20.5%p 낮은 할인율을 보이고 있으나, 전년대비 33.1%p 상승하여 여전히 주의가 필요합니다.\n두 채널 모두 2024년 10월부터 할인율이 급격히 상승하기 시작하여 현재까지 높은 수준을 유지하고 있습니다."
      },
      {
        "div": "종합분석-2",
        "sub_title": "주의 필요 채널",
        "ai_text": "(EC)티몰이 가장 심각한 상황으로 할인율 70.3%(전년대비 +44.5%p)를 기록하며 과도한 할인 판매가 진행되고 있습니다.\n(OFF)쇼핑몰도 49.8%(전년대비 +33.1%p)로 높은 할인율을 보이며, 매출액(v+)이 전년 452k에서 53k로 88.3% 급감한 상황입니다.\n두 채널 모두 2024년 4분기부터 할인율이 50% 이상으로 급등하여 브랜드 가치 훼손과 수익성 악화가 우려됩니다."
      },
      {
        "div": "종합분석-3",
        "sub_title": "AI 권장사항",
        "ai_text": "• 즉시 할인율 정상화 전략 수립: 두 채널 모두 목표 할인율 30% 이하로 단계적 조정 필요\n• (EC)티몰 우선 개선: 할인율 70.3%로 가장 심각하므로 프로모션 전략 재검토 및 정가 판매 비중 확대\n• (OFF)쇼핑몰 매출 회복: 할인율 개선과 동시에 매출액 회복을 위한 상품 구색 및 마케팅 강화 필요\n• 브랜드 포지셔닝 재정립: 과도한 할인으로 인한 브랜드 가치 훼손 방지를 위해 프리미엄 전략 재수립 필요"
      }
    ]
  },
  "summary": {
    "total_discount_current": 61.4,
    "total_discount_previous": 18.4,
    "total_change_pct": 43.0,
    "unique_channels": 6,
    "unique_months": 21,
    "analysis_period_month": "2024년 9월 vs 2025년 9월",
    "analysis_period_trend": "2024년 1월 ~ 2025년 9월"
  },
  "channel_summary": {
    "(EC)티몰": {
      "current_discount": 70.3,
      "previous_discount": 25.8,
      "change_pct": 44.5,
      "trend_months": [
        "202401",
        "202402",
        "202403",
        "202404",
        "202405",
        "202406",
        "202407",
        "202408",
        "202409",
        "202410",
        "202411",
        "202412",
        "202501",
        "202502",
        "202503",
        "202504",
        "202505",
        "202506",
        "202507",
        "202508",
        "202509"
      ],
      "trend_values": [
        11.1,
        38.4,
        14.9,
        18.1,
        28.8,
        36.4,
        25.2,
        14.2,
        25.8,
        49.7,
        46.7,
        66.3,
        59.7,
        49.9,
        58.1,
        57.9,
        58.5,
        57.5,
        52.1,
        56.3,
        70.3
      ],
      "current_tag_sale": 136.0,
      "current_act_sale": 41.0,
      "previous_tag_sale": 129.0,
      "previous_act_sale": 96.0
    },
    "(OFF)쇼핑몰": {
      "current_discount": 49.8,
      "previous_discount": 16.7,
      "change_pct": 33.1,
      "trend_months": [
        "202401",
        "202402",
        "202403",
        "202404",
        "202405",
        "202406",
        "202407",
        "202408",
        "202409",
        "202410",
        "202411",
        "202412",
        "202501",
        "202502",
        "202503",
        "202504",
        "202505",
        "202506",
        "202507",
        "202508",
        "202509"
      ],
      "trend_values": [
        23.3,
        16.3,
        21.2,
        19.0,
        15.6,
        16.8,
        17.9,
        19.7,
        16.7,
        34.7,
        46.0,
        51.6,
        52.0,
        51.3,
        50.2,
        49.6,
        50.5,
        51.7,
        50.7,
        50.7,
        49.8
      ],
      "current_tag_sale": 105.0,
      "current_act_sale": 53.0,
      "previous_tag_sale": 542.0,
      "previous_act_sale": 452.0
    },
    "(EC)대리상": {
      "current_discount": 0,
      "previous_discount": 10.0,
      "change_pct": -10.0,
      "trend_months": [
        "202403",
        "202405",
        "202406",
        "202409",
        "202503"
      ],
      "trend_values": [
        10.0,
        6.9,
        5.0,
        10.0,
        31.3
      ],
      "current_tag_sale": 0.0,
      "current_act_sale": 0.0,
      "previous_tag_sale": 6.0,
      "previous_act_sale": 5.0
    },
    "(OFF)아울렛": {
      "current_discount": 0,
      "previous_discount": 49.5,
      "change_pct": -49.5,
      "trend_months": [
        "202408",
        "202409",
        "202410",
        "202411",
        "202412",
        "202501",
        "202502",
        "202503",
        "202504",
        "202505",
        "202506",
        "202507"
      ],
      "trend_values": [
        99.8,
        49.5,
        54.4,
        60.7,
        68.7,
        68.1,
        67.2,
        56.1,
        50.5,
        56.4,
        50.0,
        50.0
      ],
      "current_tag_sale": 0.0,
      "current_act_sale": 0.0,
      "previous_tag_sale": 205.0,
      "previous_act_sale": 103.0
    },
    "(EC)할인몰": {
      "current_discount": 53.2,
      "previous_discount": 0,
      "change_pct": 53.2,
      "trend_months": [
        "202406",
        "202407",
        "202412",
        "202502",
        "202503",
        "202504",
        "202505",
        "202506",
        "202507",
        "202508",
        "202509"
      ],
      "trend_values": [
        50.0,
        50.0,
        50.0,
        69.7,
        50.0,
        83.2,
        81.1,
        50.0,
        83.6,
        52.5,
        53.2
      ],
      "current_tag_sale": 42.0,
      "current_act_sale": 19.0,
      "previous_tag_sale": 0.0,
      "previous_act_sale": 0.0
    },
    "(OFF)대리상": {
      "current_discount": 0,
      "previous_discount": 3.5,
      "change_pct": -3.5,
      "trend_months": [
        "202401",
        "202402",
        "202403",
        "202404",
        "202405",
        "202406",
        "202407",
        "202408",
        "202409",
        "202410",
        "202411",
        "202412",
        "202501",
        "202502",
        "202503",
        "202504",
        "202506",
        "202507",
        "202508"
      ],
      "trend_values": [
        5.8,
        1.6,
        2.3,
        2.5,
        4.7,
        5.0,
        4.9,
        10.9,
        3.5,
        15.3,
        27.6,
        22.2,
        23.2,
        27.3,
        32.1,
        72.5,
        9.8,
        89.8,
        89.7
      ],
      "current_tag_sale": 0.0,
      "current_act_sale": 0.0,
      "previous_tag_sale": 482.0,
      "previous_act_sale": 465.0
    }
  },
  "trend_data": {
    "trend_months": [
      "202401",
      "202402",
      "202403",
      "202404",
      "202405",
      "202406",
      "202407",
      "202408",
      "202409",
      "202410",
      "202411",
      "202412",
      "202501",
      "202502",
      "202503",
      "202504",
      "202505",
      "202506",
      "202507",
      "202508",
      "202509"
    ],
    "monthly_totals": [
      {
        "yyyymm": "202401",
        "tag_sale_amt": 3911.0,
        "act_sale_amt": 3444.0,
        "discount_pct": 11.9
      },
      {
        "yyyymm": "202402",
        "tag_sale_amt": 2197.0,
        "act_sale_amt": 2046.0,
        "discount_pct": 6.9
      },
      {
        "yyyymm": "202403",
        "tag_sale_amt": 1724.0,
        "act_sale_amt": 1523.0,
        "discount_pct": 11.6
      },
      {
        "yyyymm": "202404",
        "tag_sale_amt": 1627.0,
        "act_sale_amt": 1484.0,
        "discount_pct": 8.8
      },
      {
        "yyyymm": "202405",
        "tag_sale_amt": 1992.0,
        "act_sale_amt": 1756.0,
        "discount_pct": 11.8
      },
      {
        "yyyymm": "202406",
        "tag_sale_amt": 1499.0,
        "act_sale_amt": 1292.0,
        "discount_pct": 13.9
      },
      {
        "yyyymm": "202407",
        "tag_sale_amt": 1385.0,
        "act_sale_amt": 1251.0,
        "discount_pct": 9.7
      },
      {
        "yyyymm": "202408",
        "tag_sale_amt": 1095.0,
        "act_sale_amt": 910.0,
        "discount_pct": 16.8
      },
      {
        "yyyymm": "202409",
        "tag_sale_amt": 1364.0,
        "act_sale_amt": 1122.0,
        "discount_pct": 17.8
      },
      {
        "yyyymm": "202410",
        "tag_sale_amt": 3441.0,
        "act_sale_amt": 2034.0,
        "discount_pct": 40.9
      },
      {
        "yyyymm": "202411",
        "tag_sale_amt": 4789.0,
        "act_sale_amt": 2563.0,
        "discount_pct": 46.5
      },
      {
        "yyyymm": "202412",
        "tag_sale_amt": 11574.0,
        "act_sale_amt": 4438.0,
        "discount_pct": 61.7
      },
      {
        "yyyymm": "202501",
        "tag_sale_amt": 8236.0,
        "act_sale_amt": 3421.0,
        "discount_pct": 58.5
      },
      {
        "yyyymm": "202502",
        "tag_sale_amt": 3804.0,
        "act_sale_amt": 1722.0,
        "discount_pct": 54.7
      },
      {
        "yyyymm": "202503",
        "tag_sale_amt": 2340.0,
        "act_sale_amt": 1132.0,
        "discount_pct": 51.6
      },
      {
        "yyyymm": "202504",
        "tag_sale_amt": 6441.0,
        "act_sale_amt": 1516.0,
        "discount_pct": 76.5
      },
      {
        "yyyymm": "202505",
        "tag_sale_amt": 1846.0,
        "act_sale_amt": 837.0,
        "discount_pct": 54.7
      },
      {
        "yyyymm": "202506",
        "tag_sale_amt": 965.0,
        "act_sale_amt": 450.0,
        "discount_pct": 53.4
      },
      {
        "yyyymm": "202507",
        "tag_sale_amt": 2023.0,
        "act_sale_amt": 396.0,
        "discount_pct": 80.4
      },
      {
        "yyyymm": "202508",
        "tag_sale_amt": 504.0,
        "act_sale_amt": 220.0,
        "discount_pct": 56.4
      },
      {
        "yyyymm": "202509",
        "tag_sale_amt": 283.0,
        "act_sale_amt": 113.0,
        "discount_pct": 60.2
      }
    ],
    "channel_trends": {
      "(EC)티몰": {
        "202509": 70.3,
        "202508": 56.3,
        "202507": 52.1,
        "202506": 57.5,
        "202505": 58.5,
        "202504": 57.9,
        "202503": 58.1,
        "202502": 49.9,
        "202501": 59.7,
        "202412": 66.3,
        "202411": 46.7,
        "202410": 49.7,
        "202409": 25.8,
        "202408": 14.2,
        "202407": 25.2,
        "202406": 36.4,
        "202405": 28.8,
        "202404": 18.1,
        "202403": 14.9,
        "202402": 38.4,
        "202401": 11.1
      },
      "(EC)할인몰": {
        "202509": 53.2,
        "202508": 52.5,
        "202507": 83.6,
        "202506": 50.0,
        "202505": 81.1,
        "202504": 83.2,
        "202503": 50.0,
        "202502": 69.7,
        "202412": 50.0,
        "202407": 50.0,
        "202406": 50.0
      },
      "(OFF)쇼핑몰": {
        "202509": 49.8,
        "202508": 50.7,
        "202507": 50.7,
        "202506": 51.7,
        "202505": 50.5,
        "202504": 49.6,
        "202503": 50.2,
        "202502": 51.3,
        "202501": 52.0,
        "202412": 51.6,
        "202411": 46.0,
        "202410": 34.7,
        "202409": 16.7,
        "202408": 19.7,
        "202407": 17.9,
        "202406": 16.8,
        "202405": 15.6,
        "202404": 19.0,
        "202403": 21.2,
        "202402": 16.3,
        "202401": 23.3
      },
      "(OFF)대리상": {
        "202508": 89.7,
        "202507": 89.8,
        "202506": 9.8,
        "202504": 72.5,
        "202503": 32.1,
        "202502": 27.3,
        "202501": 23.2,
        "202412": 22.2,
        "202411": 27.6,
        "202410": 15.3,
        "202409": 3.5,
        "202408": 10.9,
        "202407": 4.9,
        "202406": 5.0,
        "202405": 4.7,
        "202404": 2.5,
        "202403": 2.3,
        "202402": 1.6,
        "202401": 5.8
      },
      "(OFF)아울렛": {
        "202507": 50.0,
        "202506": 50.0,
        "202505": 56.4,
        "202504": 50.5,
        "202503": 56.1,
        "202502": 67.2,
        "202501": 68.1,
        "202412": 68.7,
        "202411": 60.7,
        "202410": 54.4,
        "202409": 49.5,
        "202408": 99.8
      },
      "(EC)대리상": {
        "202503": 31.3,
        "202409": 10.0,
        "202406": 5.0,
        "202405": 6.9,
        "202403": 10.0
      }
    }
  },
  "raw_data": {
    "sample_records": [
      {
        "YYYYMM": "202509",
        "BRD_CD": "V",
        "CHNL_NM": "(EC)티몰",
        "TAG_SALE_AMT": 136480.0,
        "ACT_SALE_AMT": 40566.29,
        "DISCOUNT_PCT": 70.3
      },
      {
        "YYYYMM": "202509",
        "BRD_CD": "V",
        "CHNL_NM": "(EC)할인몰",
        "TAG_SALE_AMT": 41530.0,
        "ACT_SALE_AMT": 19453.0,
        "DISCOUNT_PCT": 53.2
      },
      {
        "YYYYMM": "202509",
        "BRD_CD": "V",
        "CHNL_NM": "(OFF)쇼핑몰",
        "TAG_SALE_AMT": 104610.0,
        "ACT_SALE_AMT": 52521.0,
        "DISCOUNT_PCT": 49.8
      },
      {
        "YYYYMM": "202508",
        "BRD_CD": "V",
        "CHNL_NM": "(EC)티몰",
        "TAG_SALE_AMT": 336730.0,
        "ACT_SALE_AMT": 147086.31,
        "DISCOUNT_PCT": 56.3
      },
      {
        "YYYYMM": "202508",
        "BRD_CD": "V",
        "CHNL_NM": "(EC)할인몰",
        "TAG_SALE_AMT": 990.0,
        "ACT_SALE_AMT": 470.0,
        "DISCOUNT_PCT": 52.5
      },
      {
        "YYYYMM": "202508",
        "BRD_CD": "V",
        "CHNL_NM": "(OFF)대리상",
        "TAG_SALE_AMT": 24640.0,
        "ACT_SALE_AMT": 2532.0,
        "DISCOUNT_PCT": 89.7
      },
      {
        "YYYYMM": "202508",
        "BRD_CD": "V",
        "CHNL_NM": "(OFF)쇼핑몰",
        "TAG_SALE_AMT": 141260.0,
        "ACT_SALE_AMT": 69655.0,
        "DISCOUNT_PCT": 50.7
      },
      {
        "YYYYMM": "202507",
        "BRD_CD": "V",
        "CHNL_NM": "(EC)티몰",
        "TAG_SALE_AMT": 90430.0,
        "ACT_SALE_AMT": 43293.9,
        "DISCOUNT_PCT": 52.1
      },
      {
        "YYYYMM": "202507",
        "BRD_CD": "V",
        "CHNL_NM": "(EC)할인몰",
        "TAG_SALE_AMT": 1622570.0,
        "ACT_SALE_AMT": 265900.0,
        "DISCOUNT_PCT": 83.6
      },
      {
        "YYYYMM": "202507",
        "BRD_CD": "V",
        "CHNL_NM": "(OFF)대리상",
        "TAG_SALE_AMT": 169860.0,
        "ACT_SALE_AMT": 17260.0,
        "DISCOUNT_PCT": 89.8
      },
      {
        "YYYYMM": "202507",
        "BRD_CD": "V",
        "CHNL_NM": "(OFF)쇼핑몰",
        "TAG_SALE_AMT": 141030.0,
        "ACT_SALE_AMT": 69485.0,
        "DISCOUNT_PCT": 50.7
      },
      {
        "YYYYMM": "202507",
        "BRD_CD": "V",
        "CHNL_NM": "(OFF)아울렛",
        "TAG_SALE_AMT": -800.0,
        "ACT_SALE_AMT": -400.0,
        "DISCOUNT_PCT": 50.0
      },
      {
        "YYYYMM": "202506",
        "BRD_CD": "V",
        "CHNL_NM": "(EC)티몰",
        "TAG_SALE_AMT": 273710.0,
        "ACT_SALE_AMT": 116223.84,
        "DISCOUNT_PCT": 57.5
      },
      {
        "YYYYMM": "202506",
        "BRD_CD": "V",
        "CHNL_NM": "(EC)할인몰",
        "TAG_SALE_AMT": 800.0,
        "ACT_SALE_AMT": 400.0,
        "DISCOUNT_PCT": 50.0
      },
      {
        "YYYYMM": "202506",
        "BRD_CD": "V",
        "CHNL_NM": "(OFF)대리상",
        "TAG_SALE_AMT": -4600.0,
        "ACT_SALE_AMT": -4150.0,
        "DISCOUNT_PCT": 9.8
      },
      {
        "YYYYMM": "202506",
        "BRD_CD": "V",
        "CHNL_NM": "(OFF)쇼핑몰",
        "TAG_SALE_AMT": 590320.0,
        "ACT_SALE_AMT": 284915.0,
        "DISCOUNT_PCT": 51.7
      },
      {
        "YYYYMM": "202506",
        "BRD_CD": "V",
        "CHNL_NM": "(OFF)아울렛",
        "TAG_SALE_AMT": 105120.0,
        "ACT_SALE_AMT": 52560.0,
        "DISCOUNT_PCT": 50.0
      },
      {
        "YYYYMM": "202505",
        "BRD_CD": "V",
        "CHNL_NM": "(EC)티몰",
        "TAG_SALE_AMT": 746880.0,
        "ACT_SALE_AMT": 310094.09,
        "DISCOUNT_PCT": 58.5
      },
      {
        "YYYYMM": "202505",
        "BRD_CD": "V",
        "CHNL_NM": "(EC)할인몰",
        "TAG_SALE_AMT": -4980.0,
        "ACT_SALE_AMT": -940.0,
        "DISCOUNT_PCT": 81.1
      },
      {
        "YYYYMM": "202505",
        "BRD_CD": "V",
        "CHNL_NM": "(OFF)쇼핑몰",
        "TAG_SALE_AMT": 781260.0,
        "ACT_SALE_AMT": 386875.0,
        "DISCOUNT_PCT": 50.5
      },
      {
        "YYYYMM": "202505",
        "BRD_CD": "V",
        "CHNL_NM": "(OFF)아울렛",
        "TAG_SALE_AMT": 322430.0,
        "ACT_SALE_AMT": 140487.0,
        "DISCOUNT_PCT": 56.4
      },
      {
        "YYYYMM": "202504",
        "BRD_CD": "V",
        "CHNL_NM": "(EC)티몰",
        "TAG_SALE_AMT": 209190.0,
        "ACT_SALE_AMT": 88008.29,
        "DISCOUNT_PCT": 57.9
      },
      {
        "YYYYMM": "202504",
        "BRD_CD": "V",
        "CHNL_NM": "(EC)할인몰",
        "TAG_SALE_AMT": 4979620.0,
        "ACT_SALE_AMT": 834135.0,
        "DISCOUNT_PCT": 83.2
      },
      {
        "YYYYMM": "202504",
        "BRD_CD": "V",
        "CHNL_NM": "(OFF)대리상",
        "TAG_SALE_AMT": 155800.0,
        "ACT_SALE_AMT": 42797.0,
        "DISCOUNT_PCT": 72.5
      },
      {
        "YYYYMM": "202504",
        "BRD_CD": "V",
        "CHNL_NM": "(OFF)쇼핑몰",
        "TAG_SALE_AMT": 892210.0,
        "ACT_SALE_AMT": 449979.0,
        "DISCOUNT_PCT": 49.6
      },
      {
        "YYYYMM": "202504",
        "BRD_CD": "V",
        "CHNL_NM": "(OFF)아울렛",
        "TAG_SALE_AMT": 203710.0,
        "ACT_SALE_AMT": 100803.0,
        "DISCOUNT_PCT": 50.5
      },
      {
        "YYYYMM": "202503",
        "BRD_CD": "V",
        "CHNL_NM": "(EC)대리상",
        "TAG_SALE_AMT": -4080.0,
        "ACT_SALE_AMT": -2805.0,
        "DISCOUNT_PCT": 31.3
      },
      {
        "YYYYMM": "202503",
        "BRD_CD": "V",
        "CHNL_NM": "(EC)티몰",
        "TAG_SALE_AMT": 576930.0,
        "ACT_SALE_AMT": 241506.82,
        "DISCOUNT_PCT": 58.1
      },
      {
        "YYYYMM": "202503",
        "BRD_CD": "V",
        "CHNL_NM": "(EC)할인몰",
        "TAG_SALE_AMT": 2500.0,
        "ACT_SALE_AMT": 1250.0,
        "DISCOUNT_PCT": 50.0
      },
      {
        "YYYYMM": "202503",
        "BRD_CD": "V",
        "CHNL_NM": "(OFF)대리상",
        "TAG_SALE_AMT": 141450.0,
        "ACT_SALE_AMT": 96068.0,
        "DISCOUNT_PCT": 32.1
      },
      {
        "YYYYMM": "202503",
        "BRD_CD": "V",
        "CHNL_NM": "(OFF)쇼핑몰",
        "TAG_SALE_AMT": 1408080.0,
        "ACT_SALE_AMT": 701375.0,
        "DISCOUNT_PCT": 50.2
      },
      {
        "YYYYMM": "202503",
        "BRD_CD": "V",
        "CHNL_NM": "(OFF)아울렛",
        "TAG_SALE_AMT": 215130.0,
        "ACT_SALE_AMT": 94365.0,
        "DISCOUNT_PCT": 56.1
      },
      {
        "YYYYMM": "202502",
        "BRD_CD": "V",
        "CHNL_NM": "(EC)티몰",
        "TAG_SALE_AMT": 737050.0,
        "ACT_SALE_AMT": 369021.97,
        "DISCOUNT_PCT": 49.9
      },
      {
        "YYYYMM": "202502",
        "BRD_CD": "V",
        "CHNL_NM": "(EC)할인몰",
        "TAG_SALE_AMT": 45860.0,
        "ACT_SALE_AMT": 13918.0,
        "DISCOUNT_PCT": 69.7
      },
      {
        "YYYYMM": "202502",
        "BRD_CD": "V",
        "CHNL_NM": "(OFF)대리상",
        "TAG_SALE_AMT": 170940.0,
        "ACT_SALE_AMT": 124256.0,
        "DISCOUNT_PCT": 27.3
      },
      {
        "YYYYMM": "202502",
        "BRD_CD": "V",
        "CHNL_NM": "(OFF)쇼핑몰",
        "TAG_SALE_AMT": 1767480.0,
        "ACT_SALE_AMT": 860085.0,
        "DISCOUNT_PCT": 51.3
      },
      {
        "YYYYMM": "202502",
        "BRD_CD": "V",
        "CHNL_NM": "(OFF)아울렛",
        "TAG_SALE_AMT": 1082950.0,
        "ACT_SALE_AMT": 355029.0,
        "DISCOUNT_PCT": 67.2
      },
      {
        "YYYYMM": "202501",
        "BRD_CD": "V",
        "CHNL_NM": "(EC)티몰",
        "TAG_SALE_AMT": 1715790.0,
        "ACT_SALE_AMT": 692133.0900000001,
        "DISCOUNT_PCT": 59.7
      },
      {
        "YYYYMM": "202501",
        "BRD_CD": "V",
        "CHNL_NM": "(OFF)대리상",
        "TAG_SALE_AMT": 315580.0,
        "ACT_SALE_AMT": 242460.0,
        "DISCOUNT_PCT": 23.2
      },
      {
        "YYYYMM": "202501",
        "BRD_CD": "V",
        "CHNL_NM": "(OFF)쇼핑몰",
        "TAG_SALE_AMT": 3163630.0,
        "ACT_SALE_AMT": 1517334.0,
        "DISCOUNT_PCT": 52.0
      },
      {
        "YYYYMM": "202501",
        "BRD_CD": "V",
        "CHNL_NM": "(OFF)아울렛",
        "TAG_SALE_AMT": 3040860.0,
        "ACT_SALE_AMT": 969326.0,
        "DISCOUNT_PCT": 68.1
      },
      {
        "YYYYMM": "202412",
        "BRD_CD": "V",
        "CHNL_NM": "(EC)티몰",
        "TAG_SALE_AMT": 6044390.0,
        "ACT_SALE_AMT": 2035523.58,
        "DISCOUNT_PCT": 66.3
      },
      {
        "YYYYMM": "202412",
        "BRD_CD": "V",
        "CHNL_NM": "(EC)할인몰",
        "TAG_SALE_AMT": 11280.0,
        "ACT_SALE_AMT": 5640.0,
        "DISCOUNT_PCT": 50.0
      },
      {
        "YYYYMM": "202412",
        "BRD_CD": "V",
        "CHNL_NM": "(OFF)대리상",
        "TAG_SALE_AMT": 191530.0,
        "ACT_SALE_AMT": 149067.0,
        "DISCOUNT_PCT": 22.2
      },
      {
        "YYYYMM": "202412",
        "BRD_CD": "V",
        "CHNL_NM": "(OFF)쇼핑몰",
        "TAG_SALE_AMT": 3386610.0,
        "ACT_SALE_AMT": 1639736.0,
        "DISCOUNT_PCT": 51.6
      },
      {
        "YYYYMM": "202412",
        "BRD_CD": "V",
        "CHNL_NM": "(OFF)아울렛",
        "TAG_SALE_AMT": 1939980.0,
        "ACT_SALE_AMT": 608102.0,
        "DISCOUNT_PCT": 68.7
      },
      {
        "YYYYMM": "202411",
        "BRD_CD": "V",
        "CHNL_NM": "(EC)티몰",
        "TAG_SALE_AMT": 2227520.0,
        "ACT_SALE_AMT": 1186911.03,
        "DISCOUNT_PCT": 46.7
      },
      {
        "YYYYMM": "202411",
        "BRD_CD": "V",
        "CHNL_NM": "(OFF)대리상",
        "TAG_SALE_AMT": 341020.0,
        "ACT_SALE_AMT": 246969.0,
        "DISCOUNT_PCT": 27.6
      },
      {
        "YYYYMM": "202411",
        "BRD_CD": "V",
        "CHNL_NM": "(OFF)쇼핑몰",
        "TAG_SALE_AMT": 1752720.0,
        "ACT_SALE_AMT": 945822.0,
        "DISCOUNT_PCT": 46.0
      },
      {
        "YYYYMM": "202411",
        "BRD_CD": "V",
        "CHNL_NM": "(OFF)아울렛",
        "TAG_SALE_AMT": 467660.0,
        "ACT_SALE_AMT": 183666.0,
        "DISCOUNT_PCT": 60.7
      }
    ],
    "total_records_count": 89
  }
}