{
  "country": "CN",
  "brand_cd": "W",
  "brand_name": "SUPRA",
  "yyyymm": "202503",
  "yyyymm_py": "202411",
  "key": "(대리상오프)점당매출",
  "sub_key": "(대리상오프)점당매출 AI 분석",
  "analysis_data": {
    "title": "오프라인 대리상 점당매출 종합분석",
    "sections": [
      {
        "div": "종합분석-1",
        "sub_title": "우수 대리상",
        "ai_text": "**SP CHENGDU IFS (CN6239)** - 최우수 성과 대리상\n• 당해 총 매출: 272k (전체 매출의 76.8%)\n• 전년 대비 +25.1% 성장으로 압도적 성과\n• 1~2월 연속 고성장: 1월 +57.4%(133k), 2월 +80.4%(134k)\n• 3월 급락(-90.7%, 5k)에도 불구하고 누적 성과 우수\n\n**SP HANDAN MIXC (CN6309)** - 신규 진입 성공\n• 당해 신규 오픈으로 15k 매출 달성\n• 1~3월 안정적 운영: 1월 4k → 2월 8k → 3월 3k\n• 신규 시장 개척의 긍정적 신호\n\n**성공 요인 분석**\n• CHENGDU IFS: 프리미엄 입지와 브랜드 인지도 상승 효과\n• 신규 대리상의 안정적 정착으로 시장 확장 가능성 확인"
      },
      {
        "div": "종합분석-2",
        "sub_title": "수익성 개선 필요",
        "ai_text": "**SP NANCHANG MIXC (CN6242)** - 심각한 매출 급락\n• 당해 총 매출: 61k (전년 138k 대비 -55.5% 급락)\n• 월별 지속적 하락: 1월 -28.7%(47k), 2월 -79.7%(15k)\n• 3월 이후 매출 데이터 없음 (운영 중단 가능성)\n• 전년 동기 주요 매출원이었으나 현재 사업 지속성 우려\n\n**SP XI'AN G-PARK (CN6252)** - 운영 축소\n• 당해 총 매출: 5k (전년 36k 대비 -86.1% 급락)\n• 1월에만 매출 발생 후 운영 중단\n• 입지 또는 운영 전략의 근본적 문제 존재\n\n**개선 필요 원인**\n• 코로나19 이후 소비패턴 변화 대응 부족\n• 온라인 채널과의 경쟁력 격차\n• 임대료 대비 매출 효율성 저하"
      },
      {
        "div": "종합분석-3",
        "sub_title": "인사이트",
        "ai_text": "**핵심 발견사항**\n• 대리상별 성과 양극화 심화: 1위(272k) vs 최하위(5k) 54배 격차\n• 전체 매출 9.5% 감소는 주로 부진 대리상의 급락에 기인\n• 우수 대리상 1곳이 전체 매출의 76.8%를 담당하는 편중 현상\n\n**전략적 시사점**\n• **선택과 집중 전략 필요**: CHENGDU IFS 같은 우수 입지 대리상 확대\n• **부진 대리상 구조조정**: NANCHANG, XI'AN 등 적자 대리상 정리 또는 재배치\n• **신규 시장 개척**: HANDAN 성공 사례를 벤치마킹한 신규 대리상 발굴\n\n**즉시 실행 액션플랜**\n• 1순위: 부진 대리상 임대계약 재검토 및 손익분기점 분석\n• 2순위: 우수 대리상 인근 지역 추가 입점 검토\n• 3순위: 대리상별 디지털 마케팅 지원 차등화\n• 4순위: 월별 매출 모니터링 체계 강화로 조기 경보 시스템 구축"
      }
    ]
  },
  "summary": {
    "total_cy": 354.0,
    "total_py": 392.0,
    "change_pct": -9.5,
    "total_agents": 4,
    "analysis_period": "2025년 1월 ~ 2025년 11월 vs 2024년 1월 ~ 2024년 11월"
  },
  "agent_summary": [
    {
      "shop_cd": "CN6239",
      "shop_en_nm": "SP CHENGDU IFS",
      "total_cy": 272.0,
      "total_py": 218.0,
      "total_change_pct": 25.1,
      "months": {
        "202501": {
          "cy": 133.0,
          "py": 85.0,
          "change_pct": 57.4
        },
        "202502": {
          "cy": 134.0,
          "py": 74.0,
          "change_pct": 80.4
        },
        "202503": {
          "cy": 5.0,
          "py": 59.0,
          "change_pct": -90.7
        }
      }
    },
    {
      "shop_cd": "CN6242",
      "shop_en_nm": "SP NANCHANG MIXC",
      "total_cy": 61.0,
      "total_py": 138.0,
      "total_change_pct": -55.5,
      "months": {
        "202501": {
          "cy": 47.0,
          "py": 65.0,
          "change_pct": -28.7
        },
        "202502": {
          "cy": 15.0,
          "py": 72.0,
          "change_pct": -79.7
        }
      }
    },
    {
      "shop_cd": "CN6309",
      "shop_en_nm": "SP HANDAN MIXC",
      "total_cy": 15.0,
      "total_py": 0.0,
      "total_change_pct": 0,
      "months": {
        "202501": {
          "cy": 4.0,
          "py": 0.0,
          "change_pct": 0
        },
        "202502": {
          "cy": 8.0,
          "py": 0.0,
          "change_pct": 0
        },
        "202503": {
          "cy": 3.0,
          "py": 0.0,
          "change_pct": 0
        }
      }
    },
    {
      "shop_cd": "CN6252",
      "shop_en_nm": "SP XI＇AN G-PARK",
      "total_cy": 5.0,
      "total_py": 36.0,
      "total_change_pct": -86.1,
      "months": {
        "202501": {
          "cy": 5.0,
          "py": 36.0,
          "change_pct": -86.1
        }
      }
    }
  ],
  "raw_data": {
    "sample_records": [
      {
        "YYYYMM": "202503",
        "BRD_CD": "W",
        "SHOP_CD": "CN6239",
        "SHOP_EN_NM": "SP CHENGDU IFS",
        "CY_SALE_AMT": 5461.0,
        "PY_SALE_AMT": 58982.0,
        "DIV": "기존점"
      },
      {
        "YYYYMM": "202503",
        "BRD_CD": "W",
        "SHOP_CD": "CN6309",
        "SHOP_EN_NM": "SP HANDAN MIXC",
        "CY_SALE_AMT": 3257.0,
        "PY_SALE_AMT": 0.0,
        "DIV": "신규점"
      },
      {
        "YYYYMM": "202502",
        "BRD_CD": "W",
        "SHOP_CD": "CN6239",
        "SHOP_EN_NM": "SP CHENGDU IFS",
        "CY_SALE_AMT": 133893.0,
        "PY_SALE_AMT": 74235.0,
        "DIV": "기존점"
      },
      {
        "YYYYMM": "202502",
        "BRD_CD": "W",
        "SHOP_CD": "CN6309",
        "SHOP_EN_NM": "SP HANDAN MIXC",
        "CY_SALE_AMT": 8215.0,
        "PY_SALE_AMT": 0.0,
        "DIV": "신규점"
      },
      {
        "YYYYMM": "202502",
        "BRD_CD": "W",
        "SHOP_CD": "CN6242",
        "SHOP_EN_NM": "SP NANCHANG MIXC",
        "CY_SALE_AMT": 14728.0,
        "PY_SALE_AMT": 72382.0,
        "DIV": "기존점"
      },
      {
        "YYYYMM": "202501",
        "BRD_CD": "W",
        "SHOP_CD": "CN6252",
        "SHOP_EN_NM": "SP XI＇AN G-PARK",
        "CY_SALE_AMT": 4996.0,
        "PY_SALE_AMT": 35997.0,
        "DIV": "기존점"
      },
      {
        "YYYYMM": "202501",
        "BRD_CD": "W",
        "SHOP_CD": "CN6239",
        "SHOP_EN_NM": "SP CHENGDU IFS",
        "CY_SALE_AMT": 133115.0,
        "PY_SALE_AMT": 84550.0,
        "DIV": "기존점"
      },
      {
        "YYYYMM": "202501",
        "BRD_CD": "W",
        "SHOP_CD": "CN6242",
        "SHOP_EN_NM": "SP NANCHANG MIXC",
        "CY_SALE_AMT": 46689.0,
        "PY_SALE_AMT": 65487.0,
        "DIV": "기존점"
      },
      {
        "YYYYMM": "202501",
        "BRD_CD": "W",
        "SHOP_CD": "CN6309",
        "SHOP_EN_NM": "SP HANDAN MIXC",
        "CY_SALE_AMT": 4026.0,
        "PY_SALE_AMT": 0.0,
        "DIV": "신규점"
      }
    ],
    "total_records_count": 9
  }
}