{
  "country": "CN",
  "brand_cd": "V",
  "brand_name": "DUVETICA",
  "yyyymm": "202507",
  "yyyymm_py": "202407",
  "key": "월별채널별매출추세",
  "analysis_data": {
    "title": "월별 채널별 매출 추세 분석",
    "sections": [
      {
        "div": "종합분석-1",
        "sub_title": "월별 주요 인사이트",
        "ai_text": "**급격한 매출 감소 추세**: 1월 3,421k에서 7월 396k로 88.4% 감소하며 심각한 하락세 지속\n\n**월별 특징 분석**:\n- 1월: 3,421k로 연중 최고 매출, 겨울 시즌 아우터 브랜드 특성상 성수기 효과\n- 2-3월: 각각 1,722k, 1,132k로 계절 전환기 자연스러운 감소\n- 4월: 1,516k로 소폭 반등, 봄 시즌 진입 효과\n- 5-7월: 837k → 450k → 396k로 지속 하락, 비수기 진입과 재고 소진\n\n**⚠️ 이상징후**: 5월 이후 매출 하락폭이 예상보다 가파름. 일반적인 계절성을 넘어선 구조적 문제 가능성 시사"
      },
      {
        "div": "종합분석-2",
        "sub_title": "채널 트렌드",
        "ai_text": "**채널별 비중 및 성과**:\n- (OFF)쇼핑몰: 4,270k (46.2%) - 최대 매출 채널이나 1월 1,517k → 7월 69k로 95.5% 급감\n- (EC)티몰: 1,860k (20.1%) - 온라인 주력 채널, 상대적으로 안정적 감소세\n- (OFF)아울렛: 1,712k (18.5%) - 1월 집중 매출 후 급격한 감소\n- (EC)할인몰: 1,115k (12.1%) - 4월 834k 집중 매출, 불규칙한 패턴\n\n**채널별 트렌드**:\n• **오프라인 채널 위기**: 쇼핑몰과 아울렛 모두 7월 거의 제로 수준\n• **온라인 상대적 선전**: 티몰은 꾸준한 매출 유지, 할인몰은 특정 시점 집중\n• **대리상 채널 부진**: 오프라인/온라인 모두 미미한 기여도\n\n**⚠️ 주요 리스크**: 오프라인 채널의 급격한 위축으로 전체 매출 기반 약화"
      },
      {
        "div": "종합분석-3",
        "sub_title": "전략 포인트",
        "ai_text": "**즉시 실행 액션플랜**:\n\n**1. 오프라인 채널 긴급 대응**\n- 쇼핑몰 채널 재활성화: 여름 시즌 경량 아이템 확대 및 프로모션 강화\n- 아울렛 재고 관리: 시즌오프 상품 적극적 소진 전략 수립\n\n**2. 온라인 채널 집중 투자**\n- 티몰 채널 확대: 상대적 안정성을 바탕으로 마케팅 예산 집중\n- 할인몰 정기 런칭: 불규칙한 패턴을 정기적 프로모션으로 전환\n\n**3. 시즌 대비 전략**\n- 8-9월 가을 시즌 준비: 신상품 런칭 및 채널별 차별화 전략\n- 재고 최적화: 현재 과재고 상황 해결을 위한 크로스 채널 전략\n\n**4. 리스크 관리**\n- 채널 다각화: 온라인 신규 채널 발굴 및 오프라인 대안 모색\n- 현금흐름 관리: 매출 급감에 따른 운영자금 확보 방안 마련"
      }
    ]
  },
  "summary": {
    "total_sales": 9473.0,
    "unique_channels": 6,
    "unique_months": 7,
    "analysis_period": "2025년 01월 ~ 2025년 07월"
  },
  "monthly_totals": {
    "202501": 3421.0,
    "202502": 1722.0,
    "202503": 1132.0,
    "202504": 1516.0,
    "202505": 837.0,
    "202506": 450.0,
    "202507": 396.0
  },
  "channel_summary": {
    "(OFF)쇼핑몰": {
      "chnl_cd": "CN5",
      "total": 4270.0,
      "months": {
        "202501": 1517.0,
        "202502": 860.0,
        "202503": 701.0,
        "202504": 450.0,
        "202505": 387.0,
        "202506": 285.0,
        "202507": 69.0
      }
    },
    "(EC)티몰": {
      "chnl_cd": "CN1",
      "total": 1860.0,
      "months": {
        "202501": 692.0,
        "202502": 369.0,
        "202503": 242.0,
        "202504": 88.0,
        "202505": 310.0,
        "202506": 116.0,
        "202507": 43.0
      }
    },
    "(OFF)아울렛": {
      "chnl_cd": "CN6",
      "total": 1712.0,
      "months": {
        "202501": 969.0,
        "202502": 355.0,
        "202503": 94.0,
        "202504": 101.0,
        "202505": 140.0,
        "202506": 53.0,
        "202507": -0.0
      }
    },
    "(EC)할인몰": {
      "chnl_cd": "CN3",
      "total": 1115.0,
      "months": {
        "202501": 0.0,
        "202502": 14.0,
        "202503": 1.0,
        "202504": 834.0,
        "202505": -1.0,
        "202506": 0.0,
        "202507": 266.0
      }
    },
    "(OFF)대리상": {
      "chnl_cd": "CN8",
      "total": 519.0,
      "months": {
        "202501": 242.0,
        "202502": 124.0,
        "202503": 96.0,
        "202504": 43.0,
        "202505": 0.0,
        "202506": -4.0,
        "202507": 17.0
      }
    },
    "null": {
      "chnl_cd": null,
      "total": 0.0,
      "months": {
        "202501": 0.0,
        "202502": 0.0,
        "202503": 0.0,
        "202504": 0.0,
        "202505": 0.0,
        "202506": 0.0,
        "202507": 0.0
      }
    },
    "(EC)대리상": {
      "chnl_cd": "CN7",
      "total": -3.0,
      "months": {
        "202501": 0.0,
        "202502": 0.0,
        "202503": -3.0,
        "202504": 0.0,
        "202505": 0.0,
        "202506": 0.0,
        "202507": 0.0
      }
    }
  },
  "raw_data": {
    "sample_records": [
      {
        "YYYYMM": "202507",
        "BRD_CD": "V",
        "CHNL_CD": "CN1",
        "CHNL_NM": "(EC)티몰",
        "SALE_AMT": 43293.9
      },
      {
        "YYYYMM": "202507",
        "BRD_CD": "V",
        "CHNL_CD": "CN3",
        "CHNL_NM": "(EC)할인몰",
        "SALE_AMT": 265900.0
      },
      {
        "YYYYMM": "202507",
        "BRD_CD": "V",
        "CHNL_CD": "CN5",
        "CHNL_NM": "(OFF)쇼핑몰",
        "SALE_AMT": 69485.0
      },
      {
        "YYYYMM": "202507",
        "BRD_CD": "V",
        "CHNL_CD": "CN6",
        "CHNL_NM": "(OFF)아울렛",
        "SALE_AMT": -400.0
      },
      {
        "YYYYMM": "202507",
        "BRD_CD": "V",
        "CHNL_CD": "CN7",
        "CHNL_NM": "(EC)대리상",
        "SALE_AMT": 0.0
      },
      {
        "YYYYMM": "202507",
        "BRD_CD": "V",
        "CHNL_CD": "CN8",
        "CHNL_NM": "(OFF)대리상",
        "SALE_AMT": 17260.0
      },
      {
        "YYYYMM": "202507",
        "BRD_CD": "V",
        "CHNL_CD": null,
        "CHNL_NM": null,
        "SALE_AMT": 0.0
      },
      {
        "YYYYMM": "202506",
        "BRD_CD": "V",
        "CHNL_CD": "CN1",
        "CHNL_NM": "(EC)티몰",
        "SALE_AMT": 116223.84
      },
      {
        "YYYYMM": "202506",
        "BRD_CD": "V",
        "CHNL_CD": "CN3",
        "CHNL_NM": "(EC)할인몰",
        "SALE_AMT": 400.0
      },
      {
        "YYYYMM": "202506",
        "BRD_CD": "V",
        "CHNL_CD": "CN5",
        "CHNL_NM": "(OFF)쇼핑몰",
        "SALE_AMT": 284915.0
      },
      {
        "YYYYMM": "202506",
        "BRD_CD": "V",
        "CHNL_CD": "CN6",
        "CHNL_NM": "(OFF)아울렛",
        "SALE_AMT": 52560.0
      },
      {
        "YYYYMM": "202506",
        "BRD_CD": "V",
        "CHNL_CD": "CN7",
        "CHNL_NM": "(EC)대리상",
        "SALE_AMT": 0.0
      },
      {
        "YYYYMM": "202506",
        "BRD_CD": "V",
        "CHNL_CD": "CN8",
        "CHNL_NM": "(OFF)대리상",
        "SALE_AMT": -4150.0
      },
      {
        "YYYYMM": "202506",
        "BRD_CD": "V",
        "CHNL_CD": null,
        "CHNL_NM": null,
        "SALE_AMT": 0.0
      },
      {
        "YYYYMM": "202505",
        "BRD_CD": "V",
        "CHNL_CD": "CN1",
        "CHNL_NM": "(EC)티몰",
        "SALE_AMT": 310094.0900000002
      },
      {
        "YYYYMM": "202505",
        "BRD_CD": "V",
        "CHNL_CD": "CN3",
        "CHNL_NM": "(EC)할인몰",
        "SALE_AMT": -940.0
      },
      {
        "YYYYMM": "202505",
        "BRD_CD": "V",
        "CHNL_CD": "CN5",
        "CHNL_NM": "(OFF)쇼핑몰",
        "SALE_AMT": 386875.0
      },
      {
        "YYYYMM": "202505",
        "BRD_CD": "V",
        "CHNL_CD": "CN6",
        "CHNL_NM": "(OFF)아울렛",
        "SALE_AMT": 140487.0
      },
      {
        "YYYYMM": "202505",
        "BRD_CD": "V",
        "CHNL_CD": "CN7",
        "CHNL_NM": "(EC)대리상",
        "SALE_AMT": 0.0
      },
      {
        "YYYYMM": "202505",
        "BRD_CD": "V",
        "CHNL_CD": "CN8",
        "CHNL_NM": "(OFF)대리상",
        "SALE_AMT": 0.0
      },
      {
        "YYYYMM": "202505",
        "BRD_CD": "V",
        "CHNL_CD": null,
        "CHNL_NM": null,
        "SALE_AMT": 0.0
      },
      {
        "YYYYMM": "202504",
        "BRD_CD": "V",
        "CHNL_CD": "CN1",
        "CHNL_NM": "(EC)티몰",
        "SALE_AMT": 88008.28999999998
      },
      {
        "YYYYMM": "202504",
        "BRD_CD": "V",
        "CHNL_CD": "CN3",
        "CHNL_NM": "(EC)할인몰",
        "SALE_AMT": 834135.0
      },
      {
        "YYYYMM": "202504",
        "BRD_CD": "V",
        "CHNL_CD": "CN5",
        "CHNL_NM": "(OFF)쇼핑몰",
        "SALE_AMT": 449979.0
      },
      {
        "YYYYMM": "202504",
        "BRD_CD": "V",
        "CHNL_CD": "CN6",
        "CHNL_NM": "(OFF)아울렛",
        "SALE_AMT": 100803.0
      },
      {
        "YYYYMM": "202504",
        "BRD_CD": "V",
        "CHNL_CD": "CN7",
        "CHNL_NM": "(EC)대리상",
        "SALE_AMT": 0.0
      },
      {
        "YYYYMM": "202504",
        "BRD_CD": "V",
        "CHNL_CD": "CN8",
        "CHNL_NM": "(OFF)대리상",
        "SALE_AMT": 42797.0
      },
      {
        "YYYYMM": "202504",
        "BRD_CD": "V",
        "CHNL_CD": null,
        "CHNL_NM": null,
        "SALE_AMT": 0.0
      },
      {
        "YYYYMM": "202503",
        "BRD_CD": "V",
        "CHNL_CD": "CN1",
        "CHNL_NM": "(EC)티몰",
        "SALE_AMT": 241506.8200000001
      },
      {
        "YYYYMM": "202503",
        "BRD_CD": "V",
        "CHNL_CD": "CN3",
        "CHNL_NM": "(EC)할인몰",
        "SALE_AMT": 1250.0
      },
      {
        "YYYYMM": "202503",
        "BRD_CD": "V",
        "CHNL_CD": "CN5",
        "CHNL_NM": "(OFF)쇼핑몰",
        "SALE_AMT": 701375.0
      },
      {
        "YYYYMM": "202503",
        "BRD_CD": "V",
        "CHNL_CD": "CN6",
        "CHNL_NM": "(OFF)아울렛",
        "SALE_AMT": 94365.0
      },
      {
        "YYYYMM": "202503",
        "BRD_CD": "V",
        "CHNL_CD": "CN7",
        "CHNL_NM": "(EC)대리상",
        "SALE_AMT": -2805.0
      },
      {
        "YYYYMM": "202503",
        "BRD_CD": "V",
        "CHNL_CD": "CN8",
        "CHNL_NM": "(OFF)대리상",
        "SALE_AMT": 96068.0
      },
      {
        "YYYYMM": "202503",
        "BRD_CD": "V",
        "CHNL_CD": null,
        "CHNL_NM": null,
        "SALE_AMT": 0.0
      },
      {
        "YYYYMM": "202502",
        "BRD_CD": "V",
        "CHNL_CD": "CN1",
        "CHNL_NM": "(EC)티몰",
        "SALE_AMT": 369021.96999999974
      },
      {
        "YYYYMM": "202502",
        "BRD_CD": "V",
        "CHNL_CD": "CN3",
        "CHNL_NM": "(EC)할인몰",
        "SALE_AMT": 13918.0
      },
      {
        "YYYYMM": "202502",
        "BRD_CD": "V",
        "CHNL_CD": "CN5",
        "CHNL_NM": "(OFF)쇼핑몰",
        "SALE_AMT": 860085.0
      },
      {
        "YYYYMM": "202502",
        "BRD_CD": "V",
        "CHNL_CD": "CN6",
        "CHNL_NM": "(OFF)아울렛",
        "SALE_AMT": 355029.0
      },
      {
        "YYYYMM": "202502",
        "BRD_CD": "V",
        "CHNL_CD": "CN7",
        "CHNL_NM": "(EC)대리상",
        "SALE_AMT": 0.0
      },
      {
        "YYYYMM": "202502",
        "BRD_CD": "V",
        "CHNL_CD": "CN8",
        "CHNL_NM": "(OFF)대리상",
        "SALE_AMT": 124256.0
      },
      {
        "YYYYMM": "202502",
        "BRD_CD": "V",
        "CHNL_CD": null,
        "CHNL_NM": null,
        "SALE_AMT": 0.0
      },
      {
        "YYYYMM": "202501",
        "BRD_CD": "V",
        "CHNL_CD": "CN1",
        "CHNL_NM": "(EC)티몰",
        "SALE_AMT": 692133.0900000007
      },
      {
        "YYYYMM": "202501",
        "BRD_CD": "V",
        "CHNL_CD": "CN3",
        "CHNL_NM": "(EC)할인몰",
        "SALE_AMT": 0.0
      },
      {
        "YYYYMM": "202501",
        "BRD_CD": "V",
        "CHNL_CD": "CN5",
        "CHNL_NM": "(OFF)쇼핑몰",
        "SALE_AMT": 1517334.0
      },
      {
        "YYYYMM": "202501",
        "BRD_CD": "V",
        "CHNL_CD": "CN6",
        "CHNL_NM": "(OFF)아울렛",
        "SALE_AMT": 969326.0
      },
      {
        "YYYYMM": "202501",
        "BRD_CD": "V",
        "CHNL_CD": "CN7",
        "CHNL_NM": "(EC)대리상",
        "SALE_AMT": 0.0
      },
      {
        "YYYYMM": "202501",
        "BRD_CD": "V",
        "CHNL_CD": "CN8",
        "CHNL_NM": "(OFF)대리상",
        "SALE_AMT": 242460.0
      },
      {
        "YYYYMM": "202501",
        "BRD_CD": "V",
        "CHNL_CD": null,
        "CHNL_NM": null,
        "SALE_AMT": 0.0
      }
    ],
    "total_records_count": 49
  }
}