{
  "country": "CN",
  "brand_cd": "M",
  "brand_name": "MLB",
  "yyyymm": "202506",
  "yyyymm_py": "202406",
  "key": "할인율",
  "sub_key": "종합분석",
  "analysis_data": {
    "title": "채널별 할인율 종합분석",
    "sections": [
      {
        "div": "종합분석-1",
        "sub_title": "할인율 전략이 우수한 채널",
        "ai_text": "• (OFF)플래그쉽: 5.8% 할인율로 최저 수준 유지, 전년대비 0.2%p 미세 상승으로 안정적 관리 중\n• (OFF)쇼핑몰: 8.5% 할인율, 전년대비 0.4%p 상승하였으나 여전히 낮은 할인율 수준 유지\n• (EC)티몰: 11.2% 할인율로 전년 18.3% 대비 7.1%p 대폭 개선, 가격 전략 최적화 성공"
      },
      {
        "div": "종합분석-2",
        "sub_title": "주의 필요 채널",
        "ai_text": "• (EC)할인몰: 37.5% 고할인율 지속, 전년 39.1% 대비 1.6%p 개선되었으나 여전히 최고 할인율 수준\n• (OFF)아울렛: 30.8% 할인율로 브랜드 가치 훼손 우려, 전년대비 0.1%p 미세 상승으로 개선 필요\n• (OFF)대리상: 9.4% 할인율로 전년 6.6% 대비 2.8%p 악화, 매출액(v+) 394k로 최대 규모 채널의 할인율 상승 주의"
      },
      {
        "div": "종합분석-3",
        "sub_title": "AI 권장사항",
        "ai_text": "• 즉시 액션: (OFF)대리상 할인율 상승 원인 분석 및 9% 이하로 관리 강화 - 전체 매출 394k의 핵심 채널\n• 벤치마킹: (EC)티몰의 할인율 개선 사례(18.3%→11.2%) 분석하여 타 EC 채널에 적용\n• 채널별 차별화: 플래그쉽/쇼핑몰 5-8% 저할인 전략 유지, 할인몰/아울렛은 35% 이하로 상한선 설정\n• 모니터링: 월별 할인율 변동성이 큰 (EC)티몰, (EC)틱톡/JD 채널 대상 할인율 안정화 방안 수립"
      }
    ]
  },
  "summary": {
    "total_discount_current": 11.2,
    "total_discount_previous": 10.2,
    "total_change_pct": 1.0,
    "unique_channels": 8,
    "unique_months": 18,
    "analysis_period_month": "2024년 6월 vs 2025년 6월",
    "analysis_period_trend": "2024년 1월 ~ 2025년 6월"
  },
  "channel_summary": {
    "(EC)대리상": {
      "current_discount": 13.7,
      "previous_discount": 13.9,
      "change_pct": -0.2,
      "trend_months": [
        "202401",
        "202402",
        "202403",
        "202404",
        "202405",
        "202406",
        "202407",
        "202408",
        "202409",
        "202410",
        "202411",
        "202412",
        "202501",
        "202502",
        "202503",
        "202504",
        "202505",
        "202506"
      ],
      "trend_values": [
        12.4,
        13.4,
        12.5,
        12.3,
        13.0,
        13.9,
        11.8,
        9.4,
        8.7,
        11.2,
        14.9,
        11.5,
        10.9,
        9.8,
        10.0,
        11.0,
        13.0,
        13.7
      ],
      "current_tag_sale": 113360.0,
      "current_act_sale": 97805.0,
      "previous_tag_sale": 123312.0,
      "previous_act_sale": 106221.0
    },
    "(EC)티몰": {
      "current_discount": 11.2,
      "previous_discount": 18.3,
      "change_pct": -7.1,
      "trend_months": [
        "202401",
        "202402",
        "202403",
        "202404",
        "202405",
        "202406",
        "202407",
        "202408",
        "202409",
        "202410",
        "202411",
        "202412",
        "202501",
        "202502",
        "202503",
        "202504",
        "202505",
        "202506"
      ],
      "trend_values": [
        16.3,
        6.3,
        10.7,
        7.7,
        18.4,
        18.3,
        12.1,
        13.2,
        15.2,
        26.7,
        23.0,
        16.9,
        17.4,
        9.1,
        14.0,
        7.6,
        18.5,
        11.2
      ],
      "current_tag_sale": 28346.0,
      "current_act_sale": 25171.0,
      "previous_tag_sale": 38674.0,
      "previous_act_sale": 31579.0
    },
    "(OFF)쇼핑몰": {
      "current_discount": 8.5,
      "previous_discount": 8.1,
      "change_pct": 0.4,
      "trend_months": [
        "202401",
        "202402",
        "202403",
        "202404",
        "202405",
        "202406",
        "202407",
        "202408",
        "202409",
        "202410",
        "202411",
        "202412",
        "202501",
        "202502",
        "202503",
        "202504",
        "202505",
        "202506"
      ],
      "trend_values": [
        13.7,
        13.2,
        6.6,
        9.4,
        8.6,
        8.1,
        6.5,
        6.3,
        8.9,
        10.4,
        10.0,
        12.8,
        12.7,
        11.8,
        9.0,
        10.5,
        8.5,
        8.5
      ],
      "current_tag_sale": 8692.0,
      "current_act_sale": 7957.0,
      "previous_tag_sale": 7300.0,
      "previous_act_sale": 6712.0
    },
    "(OFF)플래그쉽": {
      "current_discount": 5.8,
      "previous_discount": 5.6,
      "change_pct": 0.2,
      "trend_months": [
        "202401",
        "202402",
        "202403",
        "202404",
        "202405",
        "202406",
        "202407",
        "202408",
        "202409",
        "202410",
        "202411",
        "202412",
        "202501",
        "202502",
        "202503",
        "202504",
        "202505",
        "202506"
      ],
      "trend_values": [
        11.8,
        10.4,
        3.1,
        4.6,
        5.7,
        5.6,
        3.5,
        2.1,
        6.5,
        12.7,
        10.0,
        10.7,
        9.9,
        8.3,
        6.7,
        7.0,
        6.2,
        5.8
      ],
      "current_tag_sale": 3723.0,
      "current_act_sale": 3506.0,
      "previous_tag_sale": 5014.0,
      "previous_act_sale": 4733.0
    },
    "(EC)틱톡/JD": {
      "current_discount": 10.0,
      "previous_discount": 16.3,
      "change_pct": -6.3,
      "trend_months": [
        "202404",
        "202405",
        "202406",
        "202407",
        "202408",
        "202409",
        "202410",
        "202411",
        "202412",
        "202501",
        "202502",
        "202503",
        "202504",
        "202505",
        "202506"
      ],
      "trend_values": [
        2.5,
        12.7,
        16.3,
        10.2,
        9.6,
        8.0,
        14.5,
        17.2,
        7.3,
        11.2,
        6.1,
        7.8,
        5.4,
        12.4,
        10.0
      ],
      "current_tag_sale": 5760.0,
      "current_act_sale": 5185.0,
      "previous_tag_sale": 1371.0,
      "previous_act_sale": 1147.0
    },
    "(OFF)아울렛": {
      "current_discount": 30.8,
      "previous_discount": 30.7,
      "change_pct": 0.1,
      "trend_months": [
        "202401",
        "202402",
        "202403",
        "202404",
        "202405",
        "202406",
        "202407",
        "202408",
        "202409",
        "202410",
        "202411",
        "202412",
        "202501",
        "202502",
        "202503",
        "202504",
        "202505",
        "202506"
      ],
      "trend_values": [
        36.6,
        32.8,
        33.1,
        33.6,
        31.5,
        30.7,
        29.5,
        66.4,
        32.0,
        36.4,
        32.1,
        29.5,
        27.6,
        29.7,
        31.1,
        35.4,
        34.1,
        30.8
      ],
      "current_tag_sale": 20099.0,
      "current_act_sale": 13908.0,
      "previous_tag_sale": 26309.0,
      "previous_act_sale": 18221.0
    },
    "(EC)할인몰": {
      "current_discount": 37.5,
      "previous_discount": 39.1,
      "change_pct": -1.6,
      "trend_months": [
        "202401",
        "202402",
        "202403",
        "202404",
        "202405",
        "202406",
        "202407",
        "202408",
        "202409",
        "202410",
        "202411",
        "202412",
        "202501",
        "202502",
        "202503",
        "202504",
        "202505",
        "202506"
      ],
      "trend_values": [
        37.9,
        28.1,
        33.5,
        33.0,
        36.6,
        39.1,
        32.3,
        34.1,
        37.9,
        42.0,
        37.7,
        40.2,
        36.0,
        38.6,
        40.2,
        38.7,
        38.6,
        37.5
      ],
      "current_tag_sale": 7468.0,
      "current_act_sale": 4671.0,
      "previous_tag_sale": 9975.0,
      "previous_act_sale": 6077.0
    },
    "(OFF)대리상": {
      "current_discount": 9.4,
      "previous_discount": 6.6,
      "change_pct": 2.8,
      "trend_months": [
        "202401",
        "202402",
        "202403",
        "202404",
        "202405",
        "202406",
        "202407",
        "202408",
        "202409",
        "202410",
        "202411",
        "202412",
        "202501",
        "202502",
        "202503",
        "202504",
        "202505",
        "202506"
      ],
      "trend_values": [
        7.5,
        6.4,
        7.6,
        7.1,
        6.5,
        6.6,
        7.8,
        7.7,
        9.8,
        9.7,
        9.6,
        9.3,
        9.0,
        9.4,
        10.4,
        9.0,
        9.3,
        9.4
      ],
      "current_tag_sale": 434581.0,
      "current_act_sale": 393902.0,
      "previous_tag_sale": 432531.0,
      "previous_act_sale": 403985.0
    }
  },
  "trend_data": {
    "trend_months": [
      "202401",
      "202402",
      "202403",
      "202404",
      "202405",
      "202406",
      "202407",
      "202408",
      "202409",
      "202410",
      "202411",
      "202412",
      "202501",
      "202502",
      "202503",
      "202504",
      "202505",
      "202506"
    ],
    "monthly_totals": [
      {
        "yyyymm": "202401",
        "tag_sale_amt": 868265.0,
        "act_sale_amt": 772446.0,
        "discount_pct": 11.0
      },
      {
        "yyyymm": "202402",
        "tag_sale_amt": 884621.0,
        "act_sale_amt": 808057.0,
        "discount_pct": 8.7
      },
      {
        "yyyymm": "202403",
        "tag_sale_amt": 730195.0,
        "act_sale_amt": 658013.0,
        "discount_pct": 9.9
      },
      {
        "yyyymm": "202404",
        "tag_sale_amt": 729468.0,
        "act_sale_amt": 658484.0,
        "discount_pct": 9.7
      },
      {
        "yyyymm": "202405",
        "tag_sale_amt": 754488.0,
        "act_sale_amt": 679145.0,
        "discount_pct": 10.0
      },
      {
        "yyyymm": "202406",
        "tag_sale_amt": 644486.0,
        "act_sale_amt": 578677.0,
        "discount_pct": 10.2
      },
      {
        "yyyymm": "202407",
        "tag_sale_amt": 566932.0,
        "act_sale_amt": 512070.0,
        "discount_pct": 9.7
      },
      {
        "yyyymm": "202408",
        "tag_sale_amt": 644079.0,
        "act_sale_amt": 557969.0,
        "discount_pct": 13.4
      },
      {
        "yyyymm": "202409",
        "tag_sale_amt": 632911.0,
        "act_sale_amt": 561752.0,
        "discount_pct": 11.2
      },
      {
        "yyyymm": "202410",
        "tag_sale_amt": 982382.0,
        "act_sale_amt": 846299.0,
        "discount_pct": 13.9
      },
      {
        "yyyymm": "202411",
        "tag_sale_amt": 940109.0,
        "act_sale_amt": 815822.0,
        "discount_pct": 13.2
      },
      {
        "yyyymm": "202412",
        "tag_sale_amt": 960732.0,
        "act_sale_amt": 850756.0,
        "discount_pct": 11.4
      },
      {
        "yyyymm": "202501",
        "tag_sale_amt": 1236661.0,
        "act_sale_amt": 1103373.0,
        "discount_pct": 10.8
      },
      {
        "yyyymm": "202502",
        "tag_sale_amt": 597686.0,
        "act_sale_amt": 534167.0,
        "discount_pct": 10.6
      },
      {
        "yyyymm": "202503",
        "tag_sale_amt": 753055.0,
        "act_sale_amt": 663824.0,
        "discount_pct": 11.8
      },
      {
        "yyyymm": "202504",
        "tag_sale_amt": 729467.0,
        "act_sale_amt": 649877.0,
        "discount_pct": 10.9
      },
      {
        "yyyymm": "202505",
        "tag_sale_amt": 818320.0,
        "act_sale_amt": 719632.0,
        "discount_pct": 12.1
      },
      {
        "yyyymm": "202506",
        "tag_sale_amt": 622030.0,
        "act_sale_amt": 552104.0,
        "discount_pct": 11.2
      }
    ],
    "channel_trends": {
      "(EC)대리상": {
        "202506": 13.7,
        "202505": 13.0,
        "202504": 11.0,
        "202503": 10.0,
        "202502": 9.8,
        "202501": 10.9,
        "202412": 11.5,
        "202411": 14.9,
        "202410": 11.2,
        "202409": 8.7,
        "202408": 9.4,
        "202407": 11.8,
        "202406": 13.9,
        "202405": 13.0,
        "202404": 12.3,
        "202403": 12.5,
        "202402": 13.4,
        "202401": 12.4
      },
      "(EC)티몰": {
        "202506": 11.2,
        "202505": 18.5,
        "202504": 7.6,
        "202503": 14.0,
        "202502": 9.1,
        "202501": 17.4,
        "202412": 16.9,
        "202411": 23.0,
        "202410": 26.7,
        "202409": 15.2,
        "202408": 13.2,
        "202407": 12.1,
        "202406": 18.3,
        "202405": 18.4,
        "202404": 7.7,
        "202403": 10.7,
        "202402": 6.3,
        "202401": 16.3
      },
      "(EC)틱톡/JD": {
        "202506": 10.0,
        "202505": 12.4,
        "202504": 5.4,
        "202503": 7.8,
        "202502": 6.1,
        "202501": 11.2,
        "202412": 7.3,
        "202411": 17.2,
        "202410": 14.5,
        "202409": 8.0,
        "202408": 9.6,
        "202407": 10.2,
        "202406": 16.3,
        "202405": 12.7,
        "202404": 2.5
      },
      "(EC)할인몰": {
        "202506": 37.5,
        "202505": 38.6,
        "202504": 38.7,
        "202503": 40.2,
        "202502": 38.6,
        "202501": 36.0,
        "202412": 40.2,
        "202411": 37.7,
        "202410": 42.0,
        "202409": 37.9,
        "202408": 34.1,
        "202407": 32.3,
        "202406": 39.1,
        "202405": 36.6,
        "202404": 33.0,
        "202403": 33.5,
        "202402": 28.1,
        "202401": 37.9
      },
      "(OFF)대리상": {
        "202506": 9.4,
        "202505": 9.3,
        "202504": 9.0,
        "202503": 10.4,
        "202502": 9.4,
        "202501": 9.0,
        "202412": 9.3,
        "202411": 9.6,
        "202410": 9.7,
        "202409": 9.8,
        "202408": 7.7,
        "202407": 7.8,
        "202406": 6.6,
        "202405": 6.5,
        "202404": 7.1,
        "202403": 7.6,
        "202402": 6.4,
        "202401": 7.5
      },
      "(OFF)쇼핑몰": {
        "202506": 8.5,
        "202505": 8.5,
        "202504": 10.5,
        "202503": 9.0,
        "202502": 11.8,
        "202501": 12.7,
        "202412": 12.8,
        "202411": 10.0,
        "202410": 10.4,
        "202409": 8.9,
        "202408": 6.3,
        "202407": 6.5,
        "202406": 8.1,
        "202405": 8.6,
        "202404": 9.4,
        "202403": 6.6,
        "202402": 13.2,
        "202401": 13.7
      },
      "(OFF)아울렛": {
        "202506": 30.8,
        "202505": 34.1,
        "202504": 35.4,
        "202503": 31.1,
        "202502": 29.7,
        "202501": 27.6,
        "202412": 29.5,
        "202411": 32.1,
        "202410": 36.4,
        "202409": 32.0,
        "202408": 66.4,
        "202407": 29.5,
        "202406": 30.7,
        "202405": 31.5,
        "202404": 33.6,
        "202403": 33.1,
        "202402": 32.8,
        "202401": 36.6
      },
      "(OFF)플래그쉽": {
        "202506": 5.8,
        "202505": 6.2,
        "202504": 7.0,
        "202503": 6.7,
        "202502": 8.3,
        "202501": 9.9,
        "202412": 10.7,
        "202411": 10.0,
        "202410": 12.7,
        "202409": 6.5,
        "202408": 2.1,
        "202407": 3.5,
        "202406": 5.6,
        "202405": 5.7,
        "202404": 4.6,
        "202403": 3.1,
        "202402": 10.4,
        "202401": 11.8
      }
    }
  },
  "raw_data": {
    "sample_records": [
      {
        "YYYYMM": "202506",
        "BRD_CD": "M",
        "CHNL_NM": "(EC)대리상",
        "TAG_SALE_AMT": 113359772.0,
        "ACT_SALE_AMT": 97804787.95,
        "DISCOUNT_PCT": 13.7
      },
      {
        "YYYYMM": "202506",
        "BRD_CD": "M",
        "CHNL_NM": "(EC)티몰",
        "TAG_SALE_AMT": 28346452.0,
        "ACT_SALE_AMT": 25171106.650000002,
        "DISCOUNT_PCT": 11.2
      },
      {
        "YYYYMM": "202506",
        "BRD_CD": "M",
        "CHNL_NM": "(EC)틱톡/JD",
        "TAG_SALE_AMT": 5760390.0,
        "ACT_SALE_AMT": 5184900.720000001,
        "DISCOUNT_PCT": 10.0
      },
      {
        "YYYYMM": "202506",
        "BRD_CD": "M",
        "CHNL_NM": "(EC)할인몰",
        "TAG_SALE_AMT": 7468084.0,
        "ACT_SALE_AMT": 4671050.9259,
        "DISCOUNT_PCT": 37.5
      },
      {
        "YYYYMM": "202506",
        "BRD_CD": "M",
        "CHNL_NM": "(OFF)대리상",
        "TAG_SALE_AMT": 434580751.0,
        "ACT_SALE_AMT": 393902275.38,
        "DISCOUNT_PCT": 9.4
      },
      {
        "YYYYMM": "202506",
        "BRD_CD": "M",
        "CHNL_NM": "(OFF)쇼핑몰",
        "TAG_SALE_AMT": 8692417.0,
        "ACT_SALE_AMT": 7956692.0,
        "DISCOUNT_PCT": 8.5
      },
      {
        "YYYYMM": "202506",
        "BRD_CD": "M",
        "CHNL_NM": "(OFF)아울렛",
        "TAG_SALE_AMT": 20099168.0,
        "ACT_SALE_AMT": 13907839.0,
        "DISCOUNT_PCT": 30.8
      },
      {
        "YYYYMM": "202506",
        "BRD_CD": "M",
        "CHNL_NM": "(OFF)플래그쉽",
        "TAG_SALE_AMT": 3722681.0,
        "ACT_SALE_AMT": 3505675.0,
        "DISCOUNT_PCT": 5.8
      },
      {
        "YYYYMM": "202505",
        "BRD_CD": "M",
        "CHNL_NM": "(EC)대리상",
        "TAG_SALE_AMT": 125685637.0,
        "ACT_SALE_AMT": 109387375.71000001,
        "DISCOUNT_PCT": 13.0
      },
      {
        "YYYYMM": "202505",
        "BRD_CD": "M",
        "CHNL_NM": "(EC)티몰",
        "TAG_SALE_AMT": 63574713.0,
        "ACT_SALE_AMT": 51820707.28,
        "DISCOUNT_PCT": 18.5
      },
      {
        "YYYYMM": "202505",
        "BRD_CD": "M",
        "CHNL_NM": "(EC)틱톡/JD",
        "TAG_SALE_AMT": 12611729.0,
        "ACT_SALE_AMT": 11042186.99,
        "DISCOUNT_PCT": 12.4
      },
      {
        "YYYYMM": "202505",
        "BRD_CD": "M",
        "CHNL_NM": "(EC)할인몰",
        "TAG_SALE_AMT": 9580809.0,
        "ACT_SALE_AMT": 5883057.169,
        "DISCOUNT_PCT": 38.6
      },
      {
        "YYYYMM": "202505",
        "BRD_CD": "M",
        "CHNL_NM": "(OFF)대리상",
        "TAG_SALE_AMT": 555482566.0,
        "ACT_SALE_AMT": 503823382.0200001,
        "DISCOUNT_PCT": 9.3
      },
      {
        "YYYYMM": "202505",
        "BRD_CD": "M",
        "CHNL_NM": "(OFF)쇼핑몰",
        "TAG_SALE_AMT": 9807863.0,
        "ACT_SALE_AMT": 8971577.0,
        "DISCOUNT_PCT": 8.5
      },
      {
        "YYYYMM": "202505",
        "BRD_CD": "M",
        "CHNL_NM": "(OFF)아울렛",
        "TAG_SALE_AMT": 36957328.0,
        "ACT_SALE_AMT": 24370916.0,
        "DISCOUNT_PCT": 34.1
      },
      {
        "YYYYMM": "202505",
        "BRD_CD": "M",
        "CHNL_NM": "(OFF)플래그쉽",
        "TAG_SALE_AMT": 4619081.0,
        "ACT_SALE_AMT": 4333159.0,
        "DISCOUNT_PCT": 6.2
      },
      {
        "YYYYMM": "202504",
        "BRD_CD": "M",
        "CHNL_NM": "(EC)대리상",
        "TAG_SALE_AMT": 90901798.0,
        "ACT_SALE_AMT": 80915193.56,
        "DISCOUNT_PCT": 11.0
      },
      {
        "YYYYMM": "202504",
        "BRD_CD": "M",
        "CHNL_NM": "(EC)티몰",
        "TAG_SALE_AMT": 30902084.0,
        "ACT_SALE_AMT": 28552181.669999998,
        "DISCOUNT_PCT": 7.6
      },
      {
        "YYYYMM": "202504",
        "BRD_CD": "M",
        "CHNL_NM": "(EC)틱톡/JD",
        "TAG_SALE_AMT": 9553617.0,
        "ACT_SALE_AMT": 9037989.74,
        "DISCOUNT_PCT": 5.4
      },
      {
        "YYYYMM": "202504",
        "BRD_CD": "M",
        "CHNL_NM": "(EC)할인몰",
        "TAG_SALE_AMT": 12370956.0,
        "ACT_SALE_AMT": 7586810.8484000005,
        "DISCOUNT_PCT": 38.7
      },
      {
        "YYYYMM": "202504",
        "BRD_CD": "M",
        "CHNL_NM": "(OFF)대리상",
        "TAG_SALE_AMT": 537894964.0,
        "ACT_SALE_AMT": 489217853.88,
        "DISCOUNT_PCT": 9.0
      },
      {
        "YYYYMM": "202504",
        "BRD_CD": "M",
        "CHNL_NM": "(OFF)쇼핑몰",
        "TAG_SALE_AMT": 9481134.0,
        "ACT_SALE_AMT": 8483550.0,
        "DISCOUNT_PCT": 10.5
      },
      {
        "YYYYMM": "202504",
        "BRD_CD": "M",
        "CHNL_NM": "(OFF)아울렛",
        "TAG_SALE_AMT": 33769487.0,
        "ACT_SALE_AMT": 21814303.0,
        "DISCOUNT_PCT": 35.4
      },
      {
        "YYYYMM": "202504",
        "BRD_CD": "M",
        "CHNL_NM": "(OFF)플래그쉽",
        "TAG_SALE_AMT": 4593040.0,
        "ACT_SALE_AMT": 4269595.0,
        "DISCOUNT_PCT": 7.0
      },
      {
        "YYYYMM": "202503",
        "BRD_CD": "M",
        "CHNL_NM": "(EC)대리상",
        "TAG_SALE_AMT": 94504596.0,
        "ACT_SALE_AMT": 85064889.01500002,
        "DISCOUNT_PCT": 10.0
      },
      {
        "YYYYMM": "202503",
        "BRD_CD": "M",
        "CHNL_NM": "(EC)티몰",
        "TAG_SALE_AMT": 44574157.0,
        "ACT_SALE_AMT": 38316374.18,
        "DISCOUNT_PCT": 14.0
      },
      {
        "YYYYMM": "202503",
        "BRD_CD": "M",
        "CHNL_NM": "(EC)틱톡/JD",
        "TAG_SALE_AMT": 10194630.0,
        "ACT_SALE_AMT": 9401781.35,
        "DISCOUNT_PCT": 7.8
      },
      {
        "YYYYMM": "202503",
        "BRD_CD": "M",
        "CHNL_NM": "(EC)할인몰",
        "TAG_SALE_AMT": 13448877.0,
        "ACT_SALE_AMT": 8043473.339299999,
        "DISCOUNT_PCT": 40.2
      },
      {
        "YYYYMM": "202503",
        "BRD_CD": "M",
        "CHNL_NM": "(OFF)대리상",
        "TAG_SALE_AMT": 546338303.0,
        "ACT_SALE_AMT": 489578191.57,
        "DISCOUNT_PCT": 10.4
      },
      {
        "YYYYMM": "202503",
        "BRD_CD": "M",
        "CHNL_NM": "(OFF)쇼핑몰",
        "TAG_SALE_AMT": 8616571.0,
        "ACT_SALE_AMT": 7842431.0,
        "DISCOUNT_PCT": 9.0
      },
      {
        "YYYYMM": "202503",
        "BRD_CD": "M",
        "CHNL_NM": "(OFF)아울렛",
        "TAG_SALE_AMT": 30403542.0,
        "ACT_SALE_AMT": 20933852.0,
        "DISCOUNT_PCT": 31.1
      },
      {
        "YYYYMM": "202503",
        "BRD_CD": "M",
        "CHNL_NM": "(OFF)플래그쉽",
        "TAG_SALE_AMT": 4974651.0,
        "ACT_SALE_AMT": 4643327.0,
        "DISCOUNT_PCT": 6.7
      },
      {
        "YYYYMM": "202502",
        "BRD_CD": "M",
        "CHNL_NM": "(EC)대리상",
        "TAG_SALE_AMT": 72373733.0,
        "ACT_SALE_AMT": 65302132.121,
        "DISCOUNT_PCT": 9.8
      },
      {
        "YYYYMM": "202502",
        "BRD_CD": "M",
        "CHNL_NM": "(EC)티몰",
        "TAG_SALE_AMT": 22833424.0,
        "ACT_SALE_AMT": 20750725.169999998,
        "DISCOUNT_PCT": 9.1
      },
      {
        "YYYYMM": "202502",
        "BRD_CD": "M",
        "CHNL_NM": "(EC)틱톡/JD",
        "TAG_SALE_AMT": 7641865.0,
        "ACT_SALE_AMT": 7171937.87,
        "DISCOUNT_PCT": 6.1
      },
      {
        "YYYYMM": "202502",
        "BRD_CD": "M",
        "CHNL_NM": "(EC)할인몰",
        "TAG_SALE_AMT": 7836777.0,
        "ACT_SALE_AMT": 4815260.8984,
        "DISCOUNT_PCT": 38.6
      },
      {
        "YYYYMM": "202502",
        "BRD_CD": "M",
        "CHNL_NM": "(OFF)대리상",
        "TAG_SALE_AMT": 451589422.0,
        "ACT_SALE_AMT": 409010299.79999995,
        "DISCOUNT_PCT": 9.4
      },
      {
        "YYYYMM": "202502",
        "BRD_CD": "M",
        "CHNL_NM": "(OFF)쇼핑몰",
        "TAG_SALE_AMT": 7524192.0,
        "ACT_SALE_AMT": 6638122.0,
        "DISCOUNT_PCT": 11.8
      },
      {
        "YYYYMM": "202502",
        "BRD_CD": "M",
        "CHNL_NM": "(OFF)아울렛",
        "TAG_SALE_AMT": 23788600.0,
        "ACT_SALE_AMT": 16719011.0,
        "DISCOUNT_PCT": 29.7
      },
      {
        "YYYYMM": "202502",
        "BRD_CD": "M",
        "CHNL_NM": "(OFF)플래그쉽",
        "TAG_SALE_AMT": 4098484.0,
        "ACT_SALE_AMT": 3759978.0,
        "DISCOUNT_PCT": 8.3
      },
      {
        "YYYYMM": "202501",
        "BRD_CD": "M",
        "CHNL_NM": "(EC)대리상",
        "TAG_SALE_AMT": 91246267.0,
        "ACT_SALE_AMT": 81311772.14949998,
        "DISCOUNT_PCT": 10.9
      },
      {
        "YYYYMM": "202501",
        "BRD_CD": "M",
        "CHNL_NM": "(EC)티몰",
        "TAG_SALE_AMT": 52145486.0,
        "ACT_SALE_AMT": 43078129.76,
        "DISCOUNT_PCT": 17.4
      },
      {
        "YYYYMM": "202501",
        "BRD_CD": "M",
        "CHNL_NM": "(EC)틱톡/JD",
        "TAG_SALE_AMT": 12888419.0,
        "ACT_SALE_AMT": 11441569.969999999,
        "DISCOUNT_PCT": 11.2
      },
      {
        "YYYYMM": "202501",
        "BRD_CD": "M",
        "CHNL_NM": "(EC)할인몰",
        "TAG_SALE_AMT": 16087632.0,
        "ACT_SALE_AMT": 10304114.985,
        "DISCOUNT_PCT": 36.0
      },
      {
        "YYYYMM": "202501",
        "BRD_CD": "M",
        "CHNL_NM": "(OFF)대리상",
        "TAG_SALE_AMT": 980257264.0,
        "ACT_SALE_AMT": 892346487.8399999,
        "DISCOUNT_PCT": 9.0
      },
      {
        "YYYYMM": "202501",
        "BRD_CD": "M",
        "CHNL_NM": "(OFF)쇼핑몰",
        "TAG_SALE_AMT": 17089872.0,
        "ACT_SALE_AMT": 14916149.0,
        "DISCOUNT_PCT": 12.7
      },
      {
        "YYYYMM": "202501",
        "BRD_CD": "M",
        "CHNL_NM": "(OFF)아울렛",
        "TAG_SALE_AMT": 58312517.0,
        "ACT_SALE_AMT": 42197071.0,
        "DISCOUNT_PCT": 27.6
      },
      {
        "YYYYMM": "202501",
        "BRD_CD": "M",
        "CHNL_NM": "(OFF)플래그쉽",
        "TAG_SALE_AMT": 8633887.0,
        "ACT_SALE_AMT": 7777693.0,
        "DISCOUNT_PCT": 9.9
      },
      {
        "YYYYMM": "202412",
        "BRD_CD": "M",
        "CHNL_NM": "(EC)대리상",
        "TAG_SALE_AMT": 121786820.0,
        "ACT_SALE_AMT": 107819631.8138,
        "DISCOUNT_PCT": 11.5
      },
      {
        "YYYYMM": "202412",
        "BRD_CD": "M",
        "CHNL_NM": "(EC)티몰",
        "TAG_SALE_AMT": 40607706.0,
        "ACT_SALE_AMT": 33747110.190000005,
        "DISCOUNT_PCT": 16.9
      }
    ],
    "total_records_count": 141
  }
}