{
  "country": "CN",
  "brand_cd": "V",
  "brand_name": "DUVETICA",
  "yyyymm": "202505",
  "yyyymm_py": "202405",
  "key": "출고매출",
  "sub_key": "카테고리별매출분석",
  "analysis_data": {
    "title": "카테고리별 수익성 분석 (당해 전년 주요변화)",
    "sections": [
      {
        "div": "ACC",
        "sub_title": "ACC 전년대비 주요 변화",
        "ai_text": "ACC 카테고리는 심각한 수익성 악화를 보이고 있습니다. 전년 56k에서 당해 -84k로 -250.6% 급락하여 적자 전환되었습니다.\n\n**강세 아이템 분석:**\n• 신규 아이템들이 성장 동력: 마테라 토트백(2k), 마테라 백팩(2k), 키에리 크로스백(2k) 등 신규 가방류가 견조한 성과\n• CLOG 신발이 1k→2k로 88.8% 성장하며 기존 제품 중 유일한 성장세\n\n**약세 아이템 분석:**\n• 신발 카테고리 전반적 부진: BALTIC(-20k), DRESDEN(-22k), METEORA(-8k) 등 주력 신발 제품들의 대폭 매출 감소\n• 반품/환불로 인한 음의 매출 발생이 전체 실적을 크게 악화\n\n**전략적 시사점:**\n신발 제품 라인업 전면 재검토가 필요하며, 가방류 신규 제품군 확대가 돌파구가 될 수 있습니다."
      },
      {
        "div": "의류",
        "sub_title": "의류 전년대비 주요 변화",
        "ai_text": "의류 카테고리는 1,061k에서 551k로 -48.1% 감소했으나, ACC 대비 상대적으로 양호한 성과를 보이고 있습니다.\n\n**강세 아이템 분석:**\n• 반팔카라티셔츠 카테고리 성장: 남성 제원단카라(23k, +41.6%), 남성 기능성(23k, +62.8%) 등 여름 의류 강세\n• 방풍자켓 라인 견조: 여성 3L 고어텍스(18k, +81.7%), 남성 3L 고어 윈드스토퍼(13k, +78.9%) 등 기능성 아우터 성장\n• 신규 제품 성과: 페리도트 W 방수자켓(16k), 여성 고어텍스 코트형 롱패딩(14k) 등\n\n**약세 아이템 분석:**\n• 팬츠 카테고리 전반적 부진: 남성 경량 조거팬츠, 신트라 W 조거 등 다수 제품 매출 중단\n• 계절성 제품 판매 종료: 다운점퍼, 겨울 아이템들의 자연스러운 매출 감소\n\n**전략적 시사점:**\n기능성 아우터와 여름 의류에 집중하되, 팬츠 라인업 재정비가 필요합니다."
      },
      {
        "div": "종합분석-1",
        "sub_title": "카테고리별 수익성 종합 평가",
        "ai_text": "DUVETICA 브랜드는 전체 매출이 1,128k에서 446k로 -60.4% 급락하는 심각한 상황입니다.\n\n**카테고리별 기여도 분석:**\n• 의류: 전체 매출의 123.5% 기여 (551k), ACC 적자를 상쇄하는 주력 카테고리\n• ACC: -18.8% 기여 (-84k), 브랜드 전체 수익성을 크게 악화시키는 요인\n• 미분류: -4.7% 기여 (-21k), 데이터 정리 필요\n\n**수익성 구조 변화:**\n• 의류 의존도 심화: 전년 94.1%에서 당해 123.5%로 증가\n• ACC의 수익 기여 역할 상실: 전년 5.0%에서 당해 -18.8%로 전환\n\n**종합 평가:**\n브랜드 포트폴리오가 의류 단일 카테고리에 과도하게 집중되는 불균형 구조로 변화하고 있어 리스크 분산이 시급합니다."
      },
      {
        "div": "종합분석-2",
        "sub_title": "성장 카테고리 및 기회",
        "ai_text": "전반적인 매출 감소 상황에서도 일부 카테고리는 성장 기회를 보여주고 있습니다.\n\n**성장 동력 분석:**\n• 기능성 아우터: 고어텍스, 윈드스토퍼 등 프리미엄 기능성 소재 제품군이 지속 성장\n• 여름 의류: 반팔카라티셔츠, 기능성 티셔츠 등 시즌 적합 제품의 강세\n• 신규 가방류: 마테라, 키에리 등 새로운 디자인 라인의 시장 진입 성공\n\n**기회 요소:**\n• 프리미엄 기능성 의류에 대한 지속적 수요 증가\n• 아웃도어 라이프스타일 트렌드 확산\n• 가방류 신규 라인업의 확장 가능성\n\n**성장 전략 방향:**\n• 기능성 소재 기반 제품군 확대\n• 계절별 핵심 아이템 집중 개발\n• 액세서리 신규 카테고리 발굴 및 투자 확대"
      },
      {
        "div": "종합분석-3",
        "sub_title": "주의 필요 카테고리",
        "ai_text": "여러 카테고리에서 구조적 문제와 급격한 성과 악화가 관찰되고 있습니다.\n\n**고위험 카테고리:**\n• 신발류: BALTIC(-20k), DRESDEN(-22k) 등 주력 제품의 대폭 매출 감소 및 반품 급증\n• 팬츠류: 다수 제품의 매출 중단, 카테고리 전반의 경쟁력 상실\n• 기존 액세서리: 모자, 가방 등 기존 제품군의 지속적 매출 감소\n\n**주요 리스크 요인:**\n• 제품 품질 이슈: 신발류의 높은 반품률로 인한 음의 매출 발생\n• 시장 적합성 부족: 팬츠류의 디자인 및 핏 경쟁력 약화\n• 재고 관리 문제: 계절성 제품의 과다 재고 및 할인 판매\n\n**개선 방향:**\n• 신발류 품질 관리 시스템 강화 및 디자인 리뉴얼\n• 팬츠류 시장 조사 및 소비자 니즈 재분석\n• 재고 회전율 개선을 위한 예측 시스템 도입"
      },
      {
        "div": "종합분석-4",
        "sub_title": "이상징후 및 리스크 감지",
        "ai_text": "데이터 분석 결과 여러 심각한 이상징후가 감지되었습니다.\n\n**심각한 이상징후:**\n• ACC 카테고리 음의 매출: -84k라는 비정상적 수치는 대량 반품/환불을 시사\n• 데이터 무결성 문제: null 카테고리 -21k, 제품명 누락 등 시스템 오류 가능성\n• 급격한 매출 변동: 일부 제품의 1000% 이상 변동률은 데이터 검증 필요\n\n**잠재적 리스크:**\n• 품질 관리 시스템 붕괴: 신발류 중심의 대량 반품 발생\n• 재고 관리 실패: 계절성 제품의 과도한 할인 및 손실\n• 유통 채널 문제: 특정 제품군의 급격한 매출 중단\n\n**긴급 대응 필요 사항:**\n• 신발류 품질 점검 및 공급업체 감사\n• 데이터 시스템 정확성 검증\n• 반품/환불 프로세스 재점검\n• 재고 현황 전수 조사"
      },
      {
        "div": "종합분석-5",
        "sub_title": "카테고리별 전략 최적화 방안",
        "ai_text": "현 상황을 타개하기 위한 카테고리별 차별화된 전략 수립이 필요합니다.\n\n**즉시 실행 방안 (1-3개월):**\n• ACC 카테고리 긴급 재정비: 신발류 판매 일시 중단 및 품질 점검, 반품 처리 완료\n• 의류 강세 제품 집중: 반팔카라티셔츠, 기능성 아우터 재고 확보 및 마케팅 강화\n• 데이터 시스템 정비: null 카테고리 제품 분류 완료, 매출 데이터 정확성 확보\n\n**단기 전략 (3-6개월):**\n• 신발류 라인업 재구축: 품질 기준 강화, 신규 공급업체 발굴\n• 가방류 신규 라인 확대: 마테라, 키에리 시리즈 색상/사이즈 확장\n• 팬츠류 시장 재진입: 소비자 조사 기반 신제품 개발\n\n**중장기 전략 (6-12개월):**\n• 브랜드 포지셔닝 재정립: 프리미엄 기능성 의류 전문 브랜드로 집중\n• 카테고리 균형 재조정: 의류 70%, ACC 30% 목표 매출 구조 구축\n• 디지털 전환 가속화: 온라인 채널 강화 및 데이터 기반 상품 기획 시스템 도입"
      }
    ]
  },
  "summary": {
    "total_sales_cy": 446.0,
    "total_sales_py": 1128.0,
    "change_pct": -60.4,
    "total_records": 926,
    "analysis_period": "2024년 5월 vs 2025년 5월"
  },
  "category_analysis": {
    "의류": {
      "current_total": 551.0,
      "previous_total": 1061.0,
      "change_pct": -48.1,
      "strong_items": [
        {
          "item_nm": "반팔카라티셔츠",
          "prdt_nm": "남성 제원단카라 스몰로고 반",
          "current_sale": 23.0,
          "previous_sale": 16.0,
          "change_pct": 41.6,
          "type": "기존"
        },
        {
          "item_nm": "반팔카라티셔츠",
          "prdt_nm": "남성 기능성 스몰로고 반팔 카",
          "current_sale": 23.0,
          "previous_sale": 14.0,
          "change_pct": 62.8,
          "type": "기존"
        },
        {
          "item_nm": "방풍자켓",
          "prdt_nm": "여성 3L 고어텍스 자켓",
          "current_sale": 18.0,
          "previous_sale": 10.0,
          "change_pct": 81.7,
          "type": "기존"
        },
        {
          "item_nm": "방수자켓",
          "prdt_nm": "페리도트 W",
          "current_sale": 16.0,
          "previous_sale": 0,
          "change_pct": 999.9,
          "type": "신규"
        },
        {
          "item_nm": "방풍자켓",
          "prdt_nm": "[ANNONE]  안노네 로고테잎 여름",
          "current_sale": 15.0,
          "previous_sale": 9.0,
          "change_pct": 69.2,
          "type": "기존"
        },
        {
          "item_nm": "다운점퍼",
          "prdt_nm": "여성 고어텍스 코트형 롱패딩",
          "current_sale": 14.0,
          "previous_sale": 0,
          "change_pct": 999.9,
          "type": "신규"
        },
        {
          "item_nm": "방풍자켓",
          "prdt_nm": "남성 3L 고어 윈드스토퍼 자켓",
          "current_sale": 13.0,
          "previous_sale": 7.0,
          "change_pct": 78.9,
          "type": "기존"
        },
        {
          "item_nm": "방풍자켓",
          "prdt_nm": "남성 경량 하이브리드 바람막",
          "current_sale": 12.0,
          "previous_sale": 1.0,
          "change_pct": 1161.3,
          "type": "기존"
        },
        {
          "item_nm": "트레이닝(상의)",
          "prdt_nm": "트레나 풀집",
          "current_sale": 12.0,
          "previous_sale": 5.0,
          "change_pct": 137.8,
          "type": "기존"
        },
        {
          "item_nm": "팬츠",
          "prdt_nm": "남성 경량 하이스트레치 슬림",
          "current_sale": 10.0,
          "previous_sale": 7.0,
          "change_pct": 37.0,
          "type": "기존"
        }
      ],
      "weak_items": [
        {
          "item_nm": "방풍자켓",
          "prdt_nm": "여성 소프트 고어텍스 자켓",
          "current_sale": -1.0,
          "previous_sale": 2.0,
          "change_pct": -155.2,
          "type": "기존"
        },
        {
          "item_nm": "다운점퍼",
          "prdt_nm": "여성 바이른 튜브 구스다운 경량패딩",
          "current_sale": -0.0,
          "previous_sale": 1.0,
          "change_pct": -146.3,
          "type": "기존"
        },
        {
          "item_nm": "팬츠",
          "prdt_nm": "남성 경량 조거팬츠",
          "current_sale": -0.0,
          "previous_sale": 5.0,
          "change_pct": -101.3,
          "type": "기존"
        },
        {
          "item_nm": "방풍자켓",
          "prdt_nm": "마르네 롱",
          "current_sale": 0.0,
          "previous_sale": 1.0,
          "change_pct": -100.0,
          "type": "기존"
        },
        {
          "item_nm": "우븐셔츠",
          "prdt_nm": "아스포",
          "current_sale": 0.0,
          "previous_sale": 1.0,
          "change_pct": -100.0,
          "type": "기존"
        },
        {
          "item_nm": "팬츠",
          "prdt_nm": "신트라 W 조거",
          "current_sale": 0.0,
          "previous_sale": 5.0,
          "change_pct": -100.0,
          "type": "기존"
        },
        {
          "item_nm": "다운점퍼",
          "prdt_nm": "바시티 다운 컬러블럭 중경량패딩",
          "current_sale": 0.0,
          "previous_sale": 1.0,
          "change_pct": -100.0,
          "type": "기존"
        },
        {
          "item_nm": "팬츠",
          "prdt_nm": "여성 테이퍼드 카고조거팬츠",
          "current_sale": 0.0,
          "previous_sale": 2.0,
          "change_pct": -100.0,
          "type": "기존"
        },
        {
          "item_nm": "트레이닝(하의)",
          "prdt_nm": "아웃도어 고프코어 우븐 트레이닝 조거팬츠",
          "current_sale": 0.0,
          "previous_sale": 1.0,
          "change_pct": -100.0,
          "type": "기존"
        },
        {
          "item_nm": "팬츠",
          "prdt_nm": "신트라 W",
          "current_sale": 0.0,
          "previous_sale": 4.0,
          "change_pct": -100.0,
          "type": "기존"
        }
      ]
    },
    "ACC": {
      "current_total": -84.0,
      "previous_total": 56.0,
      "change_pct": -250.6,
      "strong_items": [
        {
          "item_nm": "신발",
          "prdt_nm": "CLOG",
          "current_sale": 2.0,
          "previous_sale": 1.0,
          "change_pct": 88.8,
          "type": "기존"
        },
        {
          "item_nm": "토드백",
          "prdt_nm": "마테라 토트백",
          "current_sale": 2.0,
          "previous_sale": 0,
          "change_pct": 999.9,
          "type": "신규"
        },
        {
          "item_nm": "백팩",
          "prdt_nm": "마테라 백팩",
          "current_sale": 2.0,
          "previous_sale": 0,
          "change_pct": 999.9,
          "type": "신규"
        },
        {
          "item_nm": "크로스백",
          "prdt_nm": "키에리 크로스백",
          "current_sale": 2.0,
          "previous_sale": 0,
          "change_pct": 999.9,
          "type": "신규"
        },
        {
          "item_nm": "장갑",
          "prdt_nm": "루보프",
          "current_sale": 1.0,
          "previous_sale": 0,
          "change_pct": 999.9,
          "type": "신규"
        },
        {
          "item_nm": "장갑",
          "prdt_nm": "필센 미튼",
          "current_sale": 0.0,
          "previous_sale": 0,
          "change_pct": 999.9,
          "type": "신규"
        },
        {
          "item_nm": "토드백",
          "prdt_nm": "테라모 토트백",
          "current_sale": 0.0,
          "previous_sale": 0,
          "change_pct": 999.9,
          "type": "신규"
        },
        {
          "item_nm": "햇",
          "prdt_nm": "[벨프_중국] 시그니처 버킷햇",
          "current_sale": 0.0,
          "previous_sale": 0,
          "change_pct": 999.9,
          "type": "신규"
        },
        {
          "item_nm": "백팩",
          "prdt_nm": "카페이 플랩 백팩",
          "current_sale": 0.0,
          "previous_sale": 0,
          "change_pct": 999.9,
          "type": "신규"
        },
        {
          "item_nm": "크로스백",
          "prdt_nm": "애슬레저 로고프린트 크로스바디",
          "current_sale": -0.0,
          "previous_sale": 0,
          "change_pct": 999.9,
          "type": "신규"
        }
      ],
      "weak_items": [
        {
          "item_nm": "토드백",
          "prdt_nm": "퀼팅 버킷백",
          "current_sale": -2.0,
          "previous_sale": 0.0,
          "change_pct": -23220000.0,
          "type": "기존"
        },
        {
          "item_nm": "신발",
          "prdt_nm": "METEORA",
          "current_sale": -8.0,
          "previous_sale": 1.0,
          "change_pct": -1113.4,
          "type": "기존"
        },
        {
          "item_nm": "신발",
          "prdt_nm": "ANDORRA",
          "current_sale": -4.0,
          "previous_sale": 1.0,
          "change_pct": -670.9,
          "type": "기존"
        },
        {
          "item_nm": "햇",
          "prdt_nm": "로고자수 버킷햇",
          "current_sale": -3.0,
          "previous_sale": 1.0,
          "change_pct": -609.5,
          "type": "기존"
        },
        {
          "item_nm": "신발",
          "prdt_nm": "BALTIC",
          "current_sale": -20.0,
          "previous_sale": 5.0,
          "change_pct": -553.5,
          "type": "기존"
        },
        {
          "item_nm": "신발",
          "prdt_nm": "DRESDEN",
          "current_sale": -22.0,
          "previous_sale": 13.0,
          "change_pct": -267.2,
          "type": "기존"
        },
        {
          "item_nm": "운동모",
          "prdt_nm": "로고와펜 캡",
          "current_sale": -1.0,
          "previous_sale": 1.0,
          "change_pct": -223.2,
          "type": "기존"
        },
        {
          "item_nm": "신발",
          "prdt_nm": "아오스타",
          "current_sale": -8.0,
          "previous_sale": 10.0,
          "change_pct": -174.3,
          "type": "기존"
        },
        {
          "item_nm": "신발",
          "prdt_nm": "에르타",
          "current_sale": -4.0,
          "previous_sale": 7.0,
          "change_pct": -151.7,
          "type": "기존"
        },
        {
          "item_nm": "신발",
          "prdt_nm": "에르타 LT",
          "current_sale": -3.0,
          "previous_sale": 7.0,
          "change_pct": -139.7,
          "type": "기존"
        }
      ]
    },
    "null": {
      "current_total": -21.0,
      "previous_total": 11.0,
      "change_pct": -287.3,
      "strong_items": [
        {
          "item_nm": null,
          "prdt_nm": "로고와펜 퀼팅 버킷햇",
          "current_sale": -0.0,
          "previous_sale": 0,
          "change_pct": 999.9,
          "type": "신규"
        },
        {
          "item_nm": null,
          "prdt_nm": "카르솔리",
          "current_sale": -0.0,
          "previous_sale": 0,
          "change_pct": 999.9,
          "type": "신규"
        },
        {
          "item_nm": null,
          "prdt_nm": "[리펠제 _중국] 로고 니트",
          "current_sale": 0.0,
          "previous_sale": 0,
          "change_pct": 999.9,
          "type": "신규"
        },
        {
          "item_nm": null,
          "prdt_nm": "애슬레저 로고프린트 슬링백",
          "current_sale": -0.0,
          "previous_sale": 0,
          "change_pct": 999.9,
          "type": "신규"
        },
        {
          "item_nm": null,
          "prdt_nm": "아티나 미드",
          "current_sale": -0.0,
          "previous_sale": 0,
          "change_pct": 999.9,
          "type": "신규"
        },
        {
          "item_nm": null,
          "prdt_nm": null,
          "current_sale": 0.0,
          "previous_sale": 0,
          "change_pct": 999.9,
          "type": "신규"
        },
        {
          "item_nm": null,
          "prdt_nm": null,
          "current_sale": 0.0,
          "previous_sale": 0,
          "change_pct": 999.9,
          "type": "신규"
        },
        {
          "item_nm": null,
          "prdt_nm": "아티나 앵클",
          "current_sale": -0.0,
          "previous_sale": 0,
          "change_pct": 999.9,
          "type": "신규"
        },
        {
          "item_nm": null,
          "prdt_nm": null,
          "current_sale": 0.0,
          "previous_sale": 0,
          "change_pct": 999.9,
          "type": "신규"
        },
        {
          "item_nm": null,
          "prdt_nm": "플리스 헤어밴드 이어워머",
          "current_sale": -0.0,
          "previous_sale": 0,
          "change_pct": 999.9,
          "type": "신규"
        }
      ],
      "weak_items": [
        {
          "item_nm": null,
          "prdt_nm": "고프코어 코듀라 슬링백",
          "current_sale": -1.0,
          "previous_sale": 0.0,
          "change_pct": -400.0,
          "type": "기존"
        },
        {
          "item_nm": null,
          "prdt_nm": "고프코어 코듀라 백팩",
          "current_sale": -2.0,
          "previous_sale": 1.0,
          "change_pct": -266.7,
          "type": "기존"
        },
        {
          "item_nm": null,
          "prdt_nm": "애슬레저 로고프린트 토트백",
          "current_sale": -1.0,
          "previous_sale": 2.0,
          "change_pct": -175.0,
          "type": "기존"
        },
        {
          "item_nm": null,
          "prdt_nm": "DV小号手提袋",
          "current_sale": 0,
          "previous_sale": 0.0,
          "change_pct": -100.0,
          "type": "단종"
        },
        {
          "item_nm": null,
          "prdt_nm": "[카페이 버클] 버클 프론트 아",
          "current_sale": 0,
          "previous_sale": 2.0,
          "change_pct": -100.0,
          "type": "단종"
        },
        {
          "item_nm": null,
          "prdt_nm": "[사마디] 로고 경량 여름 자켓",
          "current_sale": 0,
          "previous_sale": 2.0,
          "change_pct": -100.0,
          "type": "단종"
        },
        {
          "item_nm": null,
          "prdt_nm": "[오크사] 애슬레져 소재MIX 후",
          "current_sale": 0,
          "previous_sale": 3.0,
          "change_pct": -100.0,
          "type": "단종"
        }
      ]
    }
  },
  "raw_data": {
    "sample_records": [
      {
        "YYYYMM": "202405",
        "BRD_CD": "V",
        "LARGE_CLASS_NM": "의류",
        "MIDDLE_CLASS_NM": "Inner",
        "ITEM_NM": "라운드티",
        "PRDT_CD": "V22SVURT04623",
        "PRDT_NM": "부스키",
        "SALE_AMT": 0.0
      },
      {
        "YYYYMM": "202405",
        "BRD_CD": "V",
        "LARGE_CLASS_NM": "의류",
        "MIDDLE_CLASS_NM": "Bottom",
        "ITEM_NM": "트레이닝 숏팬츠",
        "PRDT_CD": "V24SVDTB30443",
        "PRDT_NM": "트레나 숏",
        "SALE_AMT": 825.0
      },
      {
        "YYYYMM": "202505",
        "BRD_CD": "V",
        "LARGE_CLASS_NM": "의류",
        "MIDDLE_CLASS_NM": "Outer",
        "ITEM_NM": "방풍자켓",
        "PRDT_CD": "V24SVDWJ30843",
        "PRDT_NM": "[ANNONE]  안노네 로고테잎 여름",
        "SALE_AMT": 15000.0
      },
      {
        "YYYYMM": "202405",
        "BRD_CD": "V",
        "LARGE_CLASS_NM": "ACC",
        "MIDDLE_CLASS_NM": "Acc_etc",
        "ITEM_NM": "짐백",
        "PRDT_CD": "V23NVXGYX553N",
        "PRDT_NM": "골프 테니스 보스턴백",
        "SALE_AMT": 1795.0
      },
      {
        "YYYYMM": "202505",
        "BRD_CD": "V",
        "LARGE_CLASS_NM": "의류",
        "MIDDLE_CLASS_NM": "Inner",
        "ITEM_NM": "라운드티",
        "PRDT_CD": "V22SVURT04623",
        "PRDT_NM": "부스키",
        "SALE_AMT": 0.0
      },
      {
        "YYYYMM": "202505",
        "BRD_CD": "V",
        "LARGE_CLASS_NM": "의류",
        "MIDDLE_CLASS_NM": "Outer",
        "ITEM_NM": "다운점퍼",
        "PRDT_CD": "V23FVDDJ80436",
        "PRDT_NM": "[마그리 G_중국] 니트 다운 G",
        "SALE_AMT": 0.0
      },
      {
        "YYYYMM": "202505",
        "BRD_CD": "V",
        "LARGE_CLASS_NM": "ACC",
        "MIDDLE_CLASS_NM": "Acc_etc",
        "ITEM_NM": "장갑",
        "PRDT_CD": "V24FVXAG10146",
        "PRDT_NM": "루보프",
        "SALE_AMT": 657.9200000000001
      },
      {
        "YYYYMM": "202505",
        "BRD_CD": "V",
        "LARGE_CLASS_NM": "의류",
        "MIDDLE_CLASS_NM": "Outer",
        "ITEM_NM": "방풍자켓",
        "PRDT_CD": "V24SVDWJH0243",
        "PRDT_NM": "여성 경량 하이넥 크롭 바람막",
        "SALE_AMT": 2730.0
      },
      {
        "YYYYMM": "202505",
        "BRD_CD": "V",
        "LARGE_CLASS_NM": null,
        "MIDDLE_CLASS_NM": null,
        "ITEM_NM": null,
        "PRDT_CD": "V23NVXHTY553NCN",
        "PRDT_NM": "로고와펜 퀼팅 버킷햇",
        "SALE_AMT": -400.5
      },
      {
        "YYYYMM": "202505",
        "BRD_CD": "V",
        "LARGE_CLASS_NM": "ACC",
        "MIDDLE_CLASS_NM": "Acc_etc",
        "ITEM_NM": "양말",
        "PRDT_CD": "V24SVXSO10143",
        "PRDT_NM": "레디",
        "SALE_AMT": 66.0
      },
      {
        "YYYYMM": "202505",
        "BRD_CD": "V",
        "LARGE_CLASS_NM": "의류",
        "MIDDLE_CLASS_NM": "Outer",
        "ITEM_NM": "방풍자켓",
        "PRDT_CD": "V22SVUWJ04221",
        "PRDT_NM": "카테르노",
        "SALE_AMT": 0.0
      },
      {
        "YYYYMM": "202505",
        "BRD_CD": "V",
        "LARGE_CLASS_NM": "의류",
        "MIDDLE_CLASS_NM": "Outer",
        "ITEM_NM": "방풍자켓",
        "PRDT_CD": "V24SVDWJ10141",
        "PRDT_NM": "카로 W",
        "SALE_AMT": 1960.0
      },
      {
        "YYYYMM": "202405",
        "BRD_CD": "V",
        "LARGE_CLASS_NM": "의류",
        "MIDDLE_CLASS_NM": "Bottom",
        "ITEM_NM": "트레이닝(하의)",
        "PRDT_CD": "V23FVDTPE0234",
        "PRDT_NM": "여성 카고형 조거핏 트레이닝 팬츠",
        "SALE_AMT": 0.0
      },
      {
        "YYYYMM": "202405",
        "BRD_CD": "V",
        "LARGE_CLASS_NM": "의류",
        "MIDDLE_CLASS_NM": "Outer",
        "ITEM_NM": "다운점퍼",
        "PRDT_CD": "V23FVUDJF0536",
        "PRDT_NM": "남성 레이튼 튜브 구스다운 경량패딩",
        "SALE_AMT": 0.0
      },
      {
        "YYYYMM": "202405",
        "BRD_CD": "V",
        "LARGE_CLASS_NM": "의류",
        "MIDDLE_CLASS_NM": "Outer",
        "ITEM_NM": "다운점퍼",
        "PRDT_CD": "V23FVUDJ80136",
        "PRDT_NM": "[아우바_중국] 후디드 풀집 헤비 숏다운",
        "SALE_AMT": 0.0
      },
      {
        "YYYYMM": "202405",
        "BRD_CD": "V",
        "LARGE_CLASS_NM": "의류",
        "MIDDLE_CLASS_NM": "Outer",
        "ITEM_NM": "다운점퍼",
        "PRDT_CD": "V23FVDDJ81136",
        "PRDT_NM": "[알리스카_중국] 하이넥 미드",
        "SALE_AMT": 4491.83
      },
      {
        "YYYYMM": "202405",
        "BRD_CD": "V",
        "LARGE_CLASS_NM": "의류",
        "MIDDLE_CLASS_NM": "Outer",
        "ITEM_NM": "방풍자켓",
        "PRDT_CD": "V24SVUWJA0541",
        "PRDT_NM": "남성 3L 고어텍스 자켓",
        "SALE_AMT": 20986.53
      },
      {
        "YYYYMM": "202405",
        "BRD_CD": "V",
        "LARGE_CLASS_NM": "의류",
        "MIDDLE_CLASS_NM": "Outer",
        "ITEM_NM": "방풍자켓",
        "PRDT_CD": "V24SVDWJE0441",
        "PRDT_NM": "여성 에어메쉬 하이브리드 바",
        "SALE_AMT": 9308.98
      },
      {
        "YYYYMM": "202405",
        "BRD_CD": "V",
        "LARGE_CLASS_NM": "의류",
        "MIDDLE_CLASS_NM": "Inner",
        "ITEM_NM": "맨투맨",
        "PRDT_CD": "V23FVXMTA0334",
        "PRDT_NM": "덴버 맨투맨",
        "SALE_AMT": 1200.71
      },
      {
        "YYYYMM": "202505",
        "BRD_CD": "V",
        "LARGE_CLASS_NM": "의류",
        "MIDDLE_CLASS_NM": "Bottom",
        "ITEM_NM": "팬츠",
        "PRDT_CD": "V24FVUPT30546",
        "PRDT_NM": "사베 M",
        "SALE_AMT": -8100.03
      },
      {
        "YYYYMM": "202505",
        "BRD_CD": "V",
        "LARGE_CLASS_NM": "의류",
        "MIDDLE_CLASS_NM": "Outer",
        "ITEM_NM": "소프트쉘",
        "PRDT_CD": "V23FVXSSF0136",
        "PRDT_NM": "에어플리스 후드 플리스 자켓",
        "SALE_AMT": 1403.1000000000001
      },
      {
        "YYYYMM": "202505",
        "BRD_CD": "V",
        "LARGE_CLASS_NM": "의류",
        "MIDDLE_CLASS_NM": "Inner",
        "ITEM_NM": "라운드티",
        "PRDT_CD": "V22SVXRT06223",
        "PRDT_NM": "비가리",
        "SALE_AMT": 0.0
      },
      {
        "YYYYMM": "202505",
        "BRD_CD": "V",
        "LARGE_CLASS_NM": "ACC",
        "MIDDLE_CLASS_NM": "Headwear",
        "ITEM_NM": "운동모",
        "PRDT_CD": "V24FVXCP30244",
        "PRDT_NM": "푸체키오",
        "SALE_AMT": -1325.01
      },
      {
        "YYYYMM": "202405",
        "BRD_CD": "V",
        "LARGE_CLASS_NM": "의류",
        "MIDDLE_CLASS_NM": "Bottom",
        "ITEM_NM": "팬츠",
        "PRDT_CD": "V24SVDPTG0241",
        "PRDT_NM": "여성 세미와이드 카고팬츠",
        "SALE_AMT": 15508.32
      },
      {
        "YYYYMM": "202405",
        "BRD_CD": "V",
        "LARGE_CLASS_NM": "의류",
        "MIDDLE_CLASS_NM": "Bottom",
        "ITEM_NM": "트레이닝(하의)",
        "PRDT_CD": "V23FVDTPG0134",
        "PRDT_NM": "여성 조거핏 트레이닝 팬츠",
        "SALE_AMT": 1224.72
      },
      {
        "YYYYMM": "202405",
        "BRD_CD": "V",
        "LARGE_CLASS_NM": "의류",
        "MIDDLE_CLASS_NM": "Inner",
        "ITEM_NM": "트레이닝(상의)",
        "PRDT_CD": "V23FVXTRB0336",
        "PRDT_NM": "플리스 하이넥 자켓",
        "SALE_AMT": 2714.58
      },
      {
        "YYYYMM": "202405",
        "BRD_CD": "V",
        "LARGE_CLASS_NM": "의류",
        "MIDDLE_CLASS_NM": "Outer",
        "ITEM_NM": "방풍자켓",
        "PRDT_CD": "V23FVUWJA0334",
        "PRDT_NM": "남성 베이직 고어텍스 자켓",
        "SALE_AMT": 9672.57
      },
      {
        "YYYYMM": "202405",
        "BRD_CD": "V",
        "LARGE_CLASS_NM": "의류",
        "MIDDLE_CLASS_NM": "Outer",
        "ITEM_NM": "다운점퍼",
        "PRDT_CD": "V23FVDDJH0336",
        "PRDT_NM": "여성 스피카 미드패딩",
        "SALE_AMT": 0.0
      },
      {
        "YYYYMM": "202405",
        "BRD_CD": "V",
        "LARGE_CLASS_NM": "의류",
        "MIDDLE_CLASS_NM": "Inner",
        "ITEM_NM": "트레이닝(상의)",
        "PRDT_CD": "V24SVUTRB0443",
        "PRDT_NM": "남성 경량 고프코어 우븐 반팔",
        "SALE_AMT": 5212.99
      },
      {
        "YYYYMM": "202505",
        "BRD_CD": "V",
        "LARGE_CLASS_NM": "의류",
        "MIDDLE_CLASS_NM": "Bottom",
        "ITEM_NM": "반바지",
        "PRDT_CD": "V24SVUSP10143",
        "PRDT_NM": "로치 M 숏츠",
        "SALE_AMT": 1530.0
      },
      {
        "YYYYMM": "202405",
        "BRD_CD": "V",
        "LARGE_CLASS_NM": "의류",
        "MIDDLE_CLASS_NM": "Inner",
        "ITEM_NM": "반팔티셔츠",
        "PRDT_CD": "V24SVURS10843",
        "PRDT_NM": "카로리",
        "SALE_AMT": 5112.0
      },
      {
        "YYYYMM": "202405",
        "BRD_CD": "V",
        "LARGE_CLASS_NM": "의류",
        "MIDDLE_CLASS_NM": "Bottom",
        "ITEM_NM": "팬츠",
        "PRDT_CD": "V23FVUPTA0534",
        "PRDT_NM": "남성 테이퍼드 카고조거팬츠",
        "SALE_AMT": 0.0
      },
      {
        "YYYYMM": "202505",
        "BRD_CD": "V",
        "LARGE_CLASS_NM": "의류",
        "MIDDLE_CLASS_NM": "Outer",
        "ITEM_NM": "다운점퍼",
        "PRDT_CD": "V23FVUDJ80836",
        "PRDT_NM": "[솔덴 _중국] 하이넥 푸퍼(디마",
        "SALE_AMT": 1336.5
      },
      {
        "YYYYMM": "202505",
        "BRD_CD": "V",
        "LARGE_CLASS_NM": "의류",
        "MIDDLE_CLASS_NM": "Bottom",
        "ITEM_NM": "반바지",
        "PRDT_CD": "V24SVUSP10343",
        "PRDT_NM": "크리코 숏츠",
        "SALE_AMT": 600.0
      },
      {
        "YYYYMM": "202505",
        "BRD_CD": "V",
        "LARGE_CLASS_NM": "의류",
        "MIDDLE_CLASS_NM": "Outer",
        "ITEM_NM": "다운점퍼",
        "PRDT_CD": "V24FVUDJ12346",
        "PRDT_NM": "쿠크 미드",
        "SALE_AMT": 0.0
      },
      {
        "YYYYMM": "202505",
        "BRD_CD": "V",
        "LARGE_CLASS_NM": "의류",
        "MIDDLE_CLASS_NM": "Inner",
        "ITEM_NM": "라운드티",
        "PRDT_CD": "V23SVDRT20533",
        "PRDT_NM": "쿠론",
        "SALE_AMT": 774.0
      },
      {
        "YYYYMM": "202505",
        "BRD_CD": "V",
        "LARGE_CLASS_NM": "ACC",
        "MIDDLE_CLASS_NM": "Shoes",
        "ITEM_NM": "신발",
        "PRDT_CD": "V23NVXSHA023N",
        "PRDT_NM": "ANDORRA",
        "SALE_AMT": -3583.49
      },
      {
        "YYYYMM": "202505",
        "BRD_CD": "V",
        "LARGE_CLASS_NM": "의류",
        "MIDDLE_CLASS_NM": "Bottom",
        "ITEM_NM": "팬츠",
        "PRDT_CD": "V24FVUPT18044",
        "PRDT_NM": "테이퍼드 카고 조거",
        "SALE_AMT": -5850.01
      },
      {
        "YYYYMM": "202505",
        "BRD_CD": "V",
        "LARGE_CLASS_NM": "의류",
        "MIDDLE_CLASS_NM": "Inner",
        "ITEM_NM": "반팔티셔츠",
        "PRDT_CD": "V24FVURS10344",
        "PRDT_NM": "네브스키 M",
        "SALE_AMT": 0.0
      },
      {
        "YYYYMM": "202505",
        "BRD_CD": "V",
        "LARGE_CLASS_NM": "의류",
        "MIDDLE_CLASS_NM": "Bottom",
        "ITEM_NM": "트레이닝 숏팬츠",
        "PRDT_CD": "V24SVXTBB0343",
        "PRDT_NM": "경량 아웃도어 포켓 트레이닝",
        "SALE_AMT": 2100.0
      },
      {
        "YYYYMM": "202505",
        "BRD_CD": "V",
        "LARGE_CLASS_NM": "의류",
        "MIDDLE_CLASS_NM": "Outer",
        "ITEM_NM": "방풍자켓",
        "PRDT_CD": "V24SVDWJ30241",
        "PRDT_NM": "마르네 롱",
        "SALE_AMT": 0.0
      },
      {
        "YYYYMM": "202505",
        "BRD_CD": "V",
        "LARGE_CLASS_NM": "ACC",
        "MIDDLE_CLASS_NM": "Shoes",
        "ITEM_NM": "방한화",
        "PRDT_CD": "V24NVXWB8014N",
        "PRDT_NM": "피오카",
        "SALE_AMT": -7546.49
      },
      {
        "YYYYMM": "202505",
        "BRD_CD": "V",
        "LARGE_CLASS_NM": "의류",
        "MIDDLE_CLASS_NM": "Inner",
        "ITEM_NM": "후드티",
        "PRDT_CD": "V22SVDHD00221",
        "PRDT_NM": "리페",
        "SALE_AMT": 0.0
      },
      {
        "YYYYMM": "202505",
        "BRD_CD": "V",
        "LARGE_CLASS_NM": "의류",
        "MIDDLE_CLASS_NM": "Outer",
        "ITEM_NM": "방풍자켓",
        "PRDT_CD": "V23SVDWJ30631",
        "PRDT_NM": "카마이오레",
        "SALE_AMT": 0.0
      },
      {
        "YYYYMM": "202405",
        "BRD_CD": "V",
        "LARGE_CLASS_NM": "의류",
        "MIDDLE_CLASS_NM": "Bottom",
        "ITEM_NM": "팬츠",
        "PRDT_CD": "V24SVUPTB0143",
        "PRDT_NM": "남성 경량 테이퍼드 카고조거",
        "SALE_AMT": 3677.0
      },
      {
        "YYYYMM": "202405",
        "BRD_CD": "V",
        "LARGE_CLASS_NM": "의류",
        "MIDDLE_CLASS_NM": "Bottom",
        "ITEM_NM": "트레이닝(하의)",
        "PRDT_CD": "V24SVDTPH0143",
        "PRDT_NM": "여성 우븐 쿨터치 트레이닝 와",
        "SALE_AMT": 3447.36
      },
      {
        "YYYYMM": "202405",
        "BRD_CD": "V",
        "LARGE_CLASS_NM": "의류",
        "MIDDLE_CLASS_NM": "Outer",
        "ITEM_NM": "다운점퍼",
        "PRDT_CD": "V23FVUDJB1936",
        "PRDT_NM": "남성 베르겐 고어 구스다운 미드패딩",
        "SALE_AMT": 3940.0
      },
      {
        "YYYYMM": "202405",
        "BRD_CD": "V",
        "LARGE_CLASS_NM": "의류",
        "MIDDLE_CLASS_NM": "Outer",
        "ITEM_NM": "방풍자켓",
        "PRDT_CD": "V24FVUWJ10544",
        "PRDT_NM": "가우메즈",
        "SALE_AMT": 5250.0
      },
      {
        "YYYYMM": "202405",
        "BRD_CD": "V",
        "LARGE_CLASS_NM": "의류",
        "MIDDLE_CLASS_NM": "Inner",
        "ITEM_NM": "라운드티",
        "PRDT_CD": "V22SVXRT00223",
        "PRDT_NM": "아리쏘토에",
        "SALE_AMT": 0.0
      },
      {
        "YYYYMM": "202405",
        "BRD_CD": "V",
        "LARGE_CLASS_NM": null,
        "MIDDLE_CLASS_NM": null,
        "ITEM_NM": null,
        "PRDT_CD": "V23FVUKP80534",
        "PRDT_NM": null,
        "SALE_AMT": 0.0
      }
    ],
    "total_records_count": 926
  }
}