{
  "country": "CN",
  "brand_cd": "X",
  "brand_name": "DISCOVERY",
  "yyyymm": "202502",
  "yyyymm_py": "202402",
  "key": "할인율",
  "sub_key": "종합분석",
  "analysis_data": {
    "title": "채널별 할인율 종합분석",
    "sections": [
      {
        "div": "종합분석-1",
        "sub_title": "할인율 전략이 우수한 채널",
        "ai_text": "현재 제공된 데이터에서는 분석 가능한 채널이 확인되지 않습니다.\nDISCOVERY 브랜드의 채널별 할인율 데이터가 누락되어 있어 우수 채널을 식별할 수 없는 상황입니다.\n데이터 수집 및 검증 후 재분석이 필요합니다."
      },
      {
        "div": "종합분석-2",
        "sub_title": "주의 필요 채널",
        "ai_text": "분석 대상 채널 데이터가 부재하여 주의가 필요한 채널을 식별할 수 없습니다.\n할인율 전략 수립을 위해서는 온라인몰, 백화점, 아울렛 등 주요 채널별 데이터 확보가 시급합니다.\n데이터 부재 자체가 할인율 관리 체계의 점검이 필요함을 시사합니다."
      },
      {
        "div": "종합분석-3",
        "sub_title": "AI 권장사항",
        "ai_text": "• 즉시 실행: DISCOVERY 브랜드 전 채널의 할인율 데이터 수집 및 모니터링 체계 구축\n• 데이터 인프라: 채널별 실시간 할인율 추적 시스템 도입으로 월별 성과 관리 강화\n• 벤치마킹: 타 브랜드 대비 DISCOVERY의 할인율 경쟁력 분석 및 최적 할인율 구간 설정\n• 전략 수립: 채널 특성별 차별화된 할인율 정책 개발 및 정기적 성과 리뷰 프로세스 확립"
      }
    ]
  },
  "summary": {
    "total_discount_current": 0,
    "total_discount_previous": 0,
    "total_change_pct": 0,
    "unique_channels": 3,
    "unique_months": 6,
    "analysis_period_month": "2024년 2월 vs 2025년 2월",
    "analysis_period_trend": "2024년 1월 ~ 2025년 2월"
  },
  "channel_summary": {
    "(EC)티몰": {
      "current_discount": 5.3,
      "previous_discount": 0,
      "change_pct": 5.3,
      "trend_months": [
        "202409",
        "202410",
        "202411",
        "202412",
        "202501",
        "202502"
      ],
      "trend_values": [
        3.2,
        15.1,
        13.8,
        6.3,
        13.4,
        5.3
      ],
      "current_tag_sale": 926.0,
      "current_act_sale": 877.0,
      "previous_tag_sale": 0.0,
      "previous_act_sale": 0.0
    },
    "(OFF)쇼핑몰": {
      "current_discount": 12.5,
      "previous_discount": 0,
      "change_pct": 12.5,
      "trend_months": [
        "202411",
        "202412",
        "202501",
        "202502"
      ],
      "trend_values": [
        19.4,
        15.8,
        17.5,
        12.5
      ],
      "current_tag_sale": 568.0,
      "current_act_sale": 497.0,
      "previous_tag_sale": 0.0,
      "previous_act_sale": 0.0
    },
    "(OFF)대리상": {
      "current_discount": 3.7,
      "previous_discount": 0,
      "change_pct": 3.7,
      "trend_months": [
        "202411",
        "202412",
        "202501",
        "202502"
      ],
      "trend_values": [
        4.9,
        3.7,
        5.2,
        3.7
      ],
      "current_tag_sale": 834.0,
      "current_act_sale": 803.0,
      "previous_tag_sale": 0.0,
      "previous_act_sale": 0.0
    }
  },
  "trend_data": {
    "trend_months": [
      "202409",
      "202410",
      "202411",
      "202412",
      "202501",
      "202502"
    ],
    "monthly_totals": [
      {
        "yyyymm": "202409",
        "tag_sale_amt": 71.0,
        "act_sale_amt": 69.0,
        "discount_pct": 3.2
      },
      {
        "yyyymm": "202410",
        "tag_sale_amt": 919.0,
        "act_sale_amt": 780.0,
        "discount_pct": 15.1
      },
      {
        "yyyymm": "202411",
        "tag_sale_amt": 1787.0,
        "act_sale_amt": 1546.0,
        "discount_pct": 13.5
      },
      {
        "yyyymm": "202412",
        "tag_sale_amt": 3461.0,
        "act_sale_amt": 3119.0,
        "discount_pct": 9.9
      },
      {
        "yyyymm": "202501",
        "tag_sale_amt": 2799.0,
        "act_sale_amt": 2491.0,
        "discount_pct": 11.0
      },
      {
        "yyyymm": "202502",
        "tag_sale_amt": 2329.0,
        "act_sale_amt": 2177.0,
        "discount_pct": 6.5
      }
    ],
    "channel_trends": {
      "(EC)티몰": {
        "202502": 5.3,
        "202501": 13.4,
        "202412": 6.3,
        "202411": 13.8,
        "202410": 15.1,
        "202409": 3.2
      },
      "(OFF)대리상": {
        "202502": 3.7,
        "202501": 5.2,
        "202412": 3.7,
        "202411": 4.9
      },
      "(OFF)쇼핑몰": {
        "202502": 12.5,
        "202501": 17.5,
        "202412": 15.8,
        "202411": 19.4
      }
    }
  },
  "raw_data": {
    "sample_records": [
      {
        "YYYYMM": "202502",
        "BRD_CD": "X",
        "CHNL_NM": "(EC)티몰",
        "TAG_SALE_AMT": 926259.0,
        "ACT_SALE_AMT": 876976.76,
        "DISCOUNT_PCT": 5.3
      },
      {
        "YYYYMM": "202502",
        "BRD_CD": "X",
        "CHNL_NM": "(OFF)대리상",
        "TAG_SALE_AMT": 834262.0,
        "ACT_SALE_AMT": 803040.0,
        "DISCOUNT_PCT": 3.7
      },
      {
        "YYYYMM": "202502",
        "BRD_CD": "X",
        "CHNL_NM": "(OFF)쇼핑몰",
        "TAG_SALE_AMT": 568307.0,
        "ACT_SALE_AMT": 496994.0,
        "DISCOUNT_PCT": 12.5
      },
      {
        "YYYYMM": "202501",
        "BRD_CD": "X",
        "CHNL_NM": "(EC)티몰",
        "TAG_SALE_AMT": 271430.0,
        "ACT_SALE_AMT": 235145.63,
        "DISCOUNT_PCT": 13.4
      },
      {
        "YYYYMM": "202501",
        "BRD_CD": "X",
        "CHNL_NM": "(OFF)대리상",
        "TAG_SALE_AMT": 1383004.0,
        "ACT_SALE_AMT": 1310826.0,
        "DISCOUNT_PCT": 5.2
      },
      {
        "YYYYMM": "202501",
        "BRD_CD": "X",
        "CHNL_NM": "(OFF)쇼핑몰",
        "TAG_SALE_AMT": 1144857.0,
        "ACT_SALE_AMT": 944995.0,
        "DISCOUNT_PCT": 17.5
      },
      {
        "YYYYMM": "202412",
        "BRD_CD": "X",
        "CHNL_NM": "(EC)티몰",
        "TAG_SALE_AMT": 854230.0,
        "ACT_SALE_AMT": 800597.2899999999,
        "DISCOUNT_PCT": 6.3
      },
      {
        "YYYYMM": "202412",
        "BRD_CD": "X",
        "CHNL_NM": "(OFF)대리상",
        "TAG_SALE_AMT": 1022696.0,
        "ACT_SALE_AMT": 984699.0,
        "DISCOUNT_PCT": 3.7
      },
      {
        "YYYYMM": "202412",
        "BRD_CD": "X",
        "CHNL_NM": "(OFF)쇼핑몰",
        "TAG_SALE_AMT": 1584068.0,
        "ACT_SALE_AMT": 1333450.0,
        "DISCOUNT_PCT": 15.8
      },
      {
        "YYYYMM": "202411",
        "BRD_CD": "X",
        "CHNL_NM": "(EC)티몰",
        "TAG_SALE_AMT": 1328465.0,
        "ACT_SALE_AMT": 1145145.79,
        "DISCOUNT_PCT": 13.8
      },
      {
        "YYYYMM": "202411",
        "BRD_CD": "X",
        "CHNL_NM": "(OFF)대리상",
        "TAG_SALE_AMT": 218814.0,
        "ACT_SALE_AMT": 208145.0,
        "DISCOUNT_PCT": 4.9
      },
      {
        "YYYYMM": "202411",
        "BRD_CD": "X",
        "CHNL_NM": "(OFF)쇼핑몰",
        "TAG_SALE_AMT": 239655.0,
        "ACT_SALE_AMT": 193087.0,
        "DISCOUNT_PCT": 19.4
      },
      {
        "YYYYMM": "202410",
        "BRD_CD": "X",
        "CHNL_NM": "(EC)티몰",
        "TAG_SALE_AMT": 918957.0,
        "ACT_SALE_AMT": 780459.28,
        "DISCOUNT_PCT": 15.1
      },
      {
        "YYYYMM": "202409",
        "BRD_CD": "X",
        "CHNL_NM": "(EC)티몰",
        "TAG_SALE_AMT": 71370.0,
        "ACT_SALE_AMT": 69073.41,
        "DISCOUNT_PCT": 3.2
      }
    ],
    "total_records_count": 14
  }
}