{
  "country": "CN",
  "brand_cd": "M",
  "brand_name": "MLB",
  "yyyymm": "202510",
  "yyyymm_py": "202410",
  "key": "월별아이템별재고추세",
  "analysis_data": {
    "title": "월별 아이템별 재고 추세 분석",
    "sections": [
      {
        "div": "종합분석-1",
        "sub_title": "조기경보",
        "ai_text": "⚠️ **신발 재고 급증 경고**: 1월 1,896k에서 10월 3,060k로 61.3% 증가하여 가장 위험한 상황. 특히 8월부터 급격한 증가세로 재고 회전율 저하 우려\n\n⚠️ **25F 의류 신규 입고 과다**: 5월부터 본격 입고되어 9월 2,992k까지 급증. 신상품임에도 불구하고 과도한 재고 축적으로 시즌 말 재고 부담 예상\n\n⚠️ **모자 재고 지속 증가**: 1월 620k에서 10월 912k로 47.0% 증가. 7월부터 급격한 증가세로 800k~1,000k 수준 유지하며 과재고 위험\n\n• 전체 재고 규모: 10월 기준 9,954k로 연중 최고 수준 근접\n• 재고 증가 아이템: 신발, 25F 의류, 모자가 전체 재고 증가의 주요 원인\n• 계절성 고려 부족: 가을/겨울 시즌 진입에도 불구하고 재고 감소 미흡"
      },
      {
        "div": "종합분석-2",
        "sub_title": "긍정신호",
        "ai_text": "✅ **과시즌 의류 재고 최적화**: 1월 1,043k에서 10월 567k로 45.6% 감소하여 가장 우수한 재고 관리 성과. 지속적인 감소 추세로 건전한 재고 회전율 달성\n\n✅ **24SF 의류 안정적 감소**: 1월 1,960k에서 10월 1,209k로 38.3% 감소. 전시즌 상품의 체계적인 재고 정리로 신상품 진입 공간 확보\n\n✅ **가방 재고 적정 관리**: 1월 337k에서 10월 254k로 24.8% 감소하며 250k~300k 수준의 안정적인 재고 유지\n\n✅ **25S 의류 계절 대응**: 3월 2,242k 피크 후 지속적 감소로 10월 1,059k까지 정리. 시즌 상품의 모범적인 재고 관리 사례\n\n• 재고 정리 성공 아이템: 과시즌 의류, 24SF 의류, 가방, 25S 의류\n• 계절성 반영: 봄/여름 상품의 적시 재고 정리로 가을/겨울 대비 완료"
      },
      {
        "div": "종합분석-3",
        "sub_title": "핵심액션",
        "ai_text": "🎯 **즉시 실행 과제**\n• 신발 재고 긴급 대응: 3,060k 재고의 30% 이상 감축 목표로 할인 프로모션 및 아울렛 채널 확대 추진\n• 25F 의류 판매 가속화: 2,850k 재고 대상 마케팅 집중 투입 및 온라인 채널 프로모션 강화\n• 모자 재고 조정: 912k 재고를 700k 수준으로 감축하기 위한 번들 상품 기획\n\n🎯 **중기 개선 전략**\n• 과시즌 의류 모델 벤치마킹: 45.6% 감소 성공 사례를 타 아이템에 적용하여 재고 회전율 개선 방안 수립\n• 계절별 재고 한도 설정: 아이템별 최적 재고 수준 기준 마련 (신발 2,500k, 모자 700k 상한선)\n• 신상품 입고 계획 재검토: 25F 의류 사례를 통한 신상품 물량 계획 정교화\n\n🎯 **모니터링 체계**\n• 주간 재고 증감 모니터링: 신발, 25F 의류, 모자 중점 관리\n• 월간 재고 회전율 KPI 설정: 전년 동기 대비 개선 목표 수립"
      }
    ]
  },
  "summary": {
    "total_stock": 78445065.0,
    "unique_months": 10,
    "unique_items": 9,
    "analysis_period": "2025년 01월 ~ 2025년 12월"
  },
  "monthly_totals": {
    "202501": 6952195.0,
    "202502": 5440798.0,
    "202503": 7560627.0,
    "202504": 7130927.0,
    "202505": 6632706.0,
    "202506": 7074394.0,
    "202507": 8150614.0,
    "202508": 9379832.0,
    "202509": 10168995.0,
    "202510": 9953977.0
  },
  "item_stock_data": {
    "기타": {
      "total_stock": 387314.0,
      "months": {
        "202501": 37893.0,
        "202502": 31299.0,
        "202503": 35498.0,
        "202504": 33987.0,
        "202505": 32054.0,
        "202506": 37312.0,
        "202507": 42496.0,
        "202508": 47783.0,
        "202509": 45862.0,
        "202510": 43130.0
      }
    },
    "과시즌 의류": {
      "total_stock": 7747470.0,
      "months": {
        "202501": 1042558.0,
        "202502": 689452.0,
        "202503": 928658.0,
        "202504": 873179.0,
        "202505": 799896.0,
        "202506": 793361.0,
        "202507": 739425.0,
        "202508": 691548.0,
        "202509": 622195.0,
        "202510": 567197.0
      }
    },
    "25F 의류": {
      "total_stock": 9458729.0,
      "months": {
        "202501": -4.0,
        "202503": -2.0,
        "202504": -4.0,
        "202505": 67204.0,
        "202506": 207374.0,
        "202507": 1160825.0,
        "202508": 2181890.0,
        "202509": 2991585.0,
        "202510": 2849861.0
      }
    },
    "신발": {
      "total_stock": 21352850.0,
      "months": {
        "202501": 1896397.0,
        "202502": 1543057.0,
        "202503": 1763493.0,
        "202504": 1820618.0,
        "202505": 1694425.0,
        "202506": 2034167.0,
        "202507": 2198378.0,
        "202508": 2550282.0,
        "202509": 2792505.0,
        "202510": 3059529.0
      }
    },
    "25S 의류": {
      "total_stock": 14601005.0,
      "months": {
        "202501": 1058019.0,
        "202502": 977545.0,
        "202503": 2241509.0,
        "202504": 1956324.0,
        "202505": 1784988.0,
        "202506": 1638256.0,
        "202507": 1421406.0,
        "202508": 1277091.0,
        "202509": 1186966.0,
        "202510": 1058899.0
      }
    },
    "가방": {
      "total_stock": 2816707.0,
      "months": {
        "202501": 337236.0,
        "202502": 232127.0,
        "202503": 300446.0,
        "202504": 296588.0,
        "202505": 256632.0,
        "202506": 268852.0,
        "202507": 312546.0,
        "202508": 295153.0,
        "202509": 263444.0,
        "202510": 253684.0
      }
    },
    "모자": {
      "total_stock": 6874539.0,
      "months": {
        "202501": 620475.0,
        "202502": 471531.0,
        "202503": 559124.0,
        "202504": 506200.0,
        "202505": 480272.0,
        "202506": 565283.0,
        "202507": 809116.0,
        "202508": 952510.0,
        "202509": 997645.0,
        "202510": 912383.0
      }
    },
    "미지정": {
      "total_stock": 147.0,
      "months": {
        "202501": 38.0,
        "202503": 36.0,
        "202504": 31.0,
        "202505": 17.0,
        "202506": 6.0,
        "202507": 6.0,
        "202508": 6.0,
        "202509": 4.0,
        "202510": 4.0
      }
    },
    "24SF 의류": {
      "total_stock": 15206305.0,
      "months": {
        "202501": 1959582.0,
        "202502": 1495787.0,
        "202503": 1731865.0,
        "202504": 1644004.0,
        "202505": 1517218.0,
        "202506": 1529785.0,
        "202507": 1466416.0,
        "202508": 1383569.0,
        "202509": 1268789.0,
        "202510": 1209289.0
      }
    }
  },
  "stock_trends": {
    "기타": {
      "change_pct": 13.8,
      "first_month": "202501",
      "last_month": "202510",
      "first_stock": 37893.0,
      "last_stock": 43130.0,
      "max_stock": 47783.0,
      "min_stock": 31299.0,
      "max_month": "202508",
      "min_month": "202502"
    },
    "과시즌 의류": {
      "change_pct": -45.6,
      "first_month": "202501",
      "last_month": "202510",
      "first_stock": 1042558.0,
      "last_stock": 567197.0,
      "max_stock": 1042558.0,
      "min_stock": 567197.0,
      "max_month": "202501",
      "min_month": "202510"
    },
    "25F 의류": {
      "change_pct": 0,
      "first_month": "202501",
      "last_month": "202510",
      "first_stock": -4.0,
      "last_stock": 2849861.0,
      "max_stock": 2991585.0,
      "min_stock": -4.0,
      "max_month": "202509",
      "min_month": "202504"
    },
    "신발": {
      "change_pct": 61.3,
      "first_month": "202501",
      "last_month": "202510",
      "first_stock": 1896397.0,
      "last_stock": 3059529.0,
      "max_stock": 3059529.0,
      "min_stock": 1543057.0,
      "max_month": "202510",
      "min_month": "202502"
    },
    "25S 의류": {
      "change_pct": 0.1,
      "first_month": "202501",
      "last_month": "202510",
      "first_stock": 1058019.0,
      "last_stock": 1058899.0,
      "max_stock": 2241509.0,
      "min_stock": 977545.0,
      "max_month": "202503",
      "min_month": "202502"
    },
    "가방": {
      "change_pct": -24.8,
      "first_month": "202501",
      "last_month": "202510",
      "first_stock": 337236.0,
      "last_stock": 253684.0,
      "max_stock": 337236.0,
      "min_stock": 232127.0,
      "max_month": "202501",
      "min_month": "202502"
    },
    "모자": {
      "change_pct": 47.0,
      "first_month": "202501",
      "last_month": "202510",
      "first_stock": 620475.0,
      "last_stock": 912383.0,
      "max_stock": 997645.0,
      "min_stock": 471531.0,
      "max_month": "202509",
      "min_month": "202502"
    },
    "미지정": {
      "change_pct": -89.2,
      "first_month": "202501",
      "last_month": "202510",
      "first_stock": 38.0,
      "last_stock": 4.0,
      "max_stock": 38.0,
      "min_stock": 4.0,
      "max_month": "202501",
      "min_month": "202509"
    },
    "24SF 의류": {
      "change_pct": -38.3,
      "first_month": "202501",
      "last_month": "202510",
      "first_stock": 1959582.0,
      "last_stock": 1209289.0,
      "max_stock": 1959582.0,
      "min_stock": 1209289.0,
      "max_month": "202501",
      "min_month": "202510"
    }
  },
  "raw_data": {
    "sample_records": [
      {
        "YYYYMM": "202501",
        "BRD_CD": "M",
        "ITEM_STD": "기타",
        "STOCK_TAG_AMT_EXPECTED": 37892978.0
      },
      {
        "YYYYMM": "202501",
        "BRD_CD": "M",
        "ITEM_STD": "과시즌 의류",
        "STOCK_TAG_AMT_EXPECTED": 1042557938.0
      },
      {
        "YYYYMM": "202501",
        "BRD_CD": "M",
        "ITEM_STD": "25F 의류",
        "STOCK_TAG_AMT_EXPECTED": -3867.0
      },
      {
        "YYYYMM": "202501",
        "BRD_CD": "M",
        "ITEM_STD": "신발",
        "STOCK_TAG_AMT_EXPECTED": 1896397131.0
      },
      {
        "YYYYMM": "202501",
        "BRD_CD": "M",
        "ITEM_STD": "25S 의류",
        "STOCK_TAG_AMT_EXPECTED": 1058019342.0
      },
      {
        "YYYYMM": "202501",
        "BRD_CD": "M",
        "ITEM_STD": "가방",
        "STOCK_TAG_AMT_EXPECTED": 337235513.0
      },
      {
        "YYYYMM": "202501",
        "BRD_CD": "M",
        "ITEM_STD": "모자",
        "STOCK_TAG_AMT_EXPECTED": 620475498.0
      },
      {
        "YYYYMM": "202501",
        "BRD_CD": "M",
        "ITEM_STD": "미지정",
        "STOCK_TAG_AMT_EXPECTED": 37980.0
      },
      {
        "YYYYMM": "202501",
        "BRD_CD": "M",
        "ITEM_STD": "24SF 의류",
        "STOCK_TAG_AMT_EXPECTED": 1959582455.0
      },
      {
        "YYYYMM": "202502",
        "BRD_CD": "M",
        "ITEM_STD": "25S 의류",
        "STOCK_TAG_AMT_EXPECTED": 977545278.0
      },
      {
        "YYYYMM": "202502",
        "BRD_CD": "M",
        "ITEM_STD": "과시즌 의류",
        "STOCK_TAG_AMT_EXPECTED": 689452353.0
      },
      {
        "YYYYMM": "202502",
        "BRD_CD": "M",
        "ITEM_STD": "신발",
        "STOCK_TAG_AMT_EXPECTED": 1543056693.0
      },
      {
        "YYYYMM": "202502",
        "BRD_CD": "M",
        "ITEM_STD": "기타",
        "STOCK_TAG_AMT_EXPECTED": 31299398.0
      },
      {
        "YYYYMM": "202502",
        "BRD_CD": "M",
        "ITEM_STD": "가방",
        "STOCK_TAG_AMT_EXPECTED": 232126596.0
      },
      {
        "YYYYMM": "202502",
        "BRD_CD": "M",
        "ITEM_STD": "모자",
        "STOCK_TAG_AMT_EXPECTED": 471530556.0
      },
      {
        "YYYYMM": "202502",
        "BRD_CD": "M",
        "ITEM_STD": "24SF 의류",
        "STOCK_TAG_AMT_EXPECTED": 1495786775.0
      },
      {
        "YYYYMM": "202503",
        "BRD_CD": "M",
        "ITEM_STD": "기타",
        "STOCK_TAG_AMT_EXPECTED": 35498308.0
      },
      {
        "YYYYMM": "202503",
        "BRD_CD": "M",
        "ITEM_STD": "과시즌 의류",
        "STOCK_TAG_AMT_EXPECTED": 928658041.0
      },
      {
        "YYYYMM": "202503",
        "BRD_CD": "M",
        "ITEM_STD": "미지정",
        "STOCK_TAG_AMT_EXPECTED": 35780.0
      },
      {
        "YYYYMM": "202503",
        "BRD_CD": "M",
        "ITEM_STD": "모자",
        "STOCK_TAG_AMT_EXPECTED": 559124159.0
      },
      {
        "YYYYMM": "202503",
        "BRD_CD": "M",
        "ITEM_STD": "25F 의류",
        "STOCK_TAG_AMT_EXPECTED": -1967.0
      },
      {
        "YYYYMM": "202503",
        "BRD_CD": "M",
        "ITEM_STD": "가방",
        "STOCK_TAG_AMT_EXPECTED": 300446286.0
      },
      {
        "YYYYMM": "202503",
        "BRD_CD": "M",
        "ITEM_STD": "25S 의류",
        "STOCK_TAG_AMT_EXPECTED": 2241508830.0
      },
      {
        "YYYYMM": "202503",
        "BRD_CD": "M",
        "ITEM_STD": "24SF 의류",
        "STOCK_TAG_AMT_EXPECTED": 1731865259.0
      },
      {
        "YYYYMM": "202503",
        "BRD_CD": "M",
        "ITEM_STD": "신발",
        "STOCK_TAG_AMT_EXPECTED": 1763492527.0
      },
      {
        "YYYYMM": "202504",
        "BRD_CD": "M",
        "ITEM_STD": "미지정",
        "STOCK_TAG_AMT_EXPECTED": 30840.0
      },
      {
        "YYYYMM": "202504",
        "BRD_CD": "M",
        "ITEM_STD": "신발",
        "STOCK_TAG_AMT_EXPECTED": 1820617892.0
      },
      {
        "YYYYMM": "202504",
        "BRD_CD": "M",
        "ITEM_STD": "기타",
        "STOCK_TAG_AMT_EXPECTED": 33986585.0
      },
      {
        "YYYYMM": "202504",
        "BRD_CD": "M",
        "ITEM_STD": "모자",
        "STOCK_TAG_AMT_EXPECTED": 506200036.0
      },
      {
        "YYYYMM": "202504",
        "BRD_CD": "M",
        "ITEM_STD": "가방",
        "STOCK_TAG_AMT_EXPECTED": 296587772.0
      },
      {
        "YYYYMM": "202504",
        "BRD_CD": "M",
        "ITEM_STD": "24SF 의류",
        "STOCK_TAG_AMT_EXPECTED": 1644004417.0
      },
      {
        "YYYYMM": "202504",
        "BRD_CD": "M",
        "ITEM_STD": "25F 의류",
        "STOCK_TAG_AMT_EXPECTED": -4395.0
      },
      {
        "YYYYMM": "202504",
        "BRD_CD": "M",
        "ITEM_STD": "25S 의류",
        "STOCK_TAG_AMT_EXPECTED": 1956324318.0
      },
      {
        "YYYYMM": "202504",
        "BRD_CD": "M",
        "ITEM_STD": "과시즌 의류",
        "STOCK_TAG_AMT_EXPECTED": 873179172.0
      },
      {
        "YYYYMM": "202505",
        "BRD_CD": "M",
        "ITEM_STD": "신발",
        "STOCK_TAG_AMT_EXPECTED": 1694425125.0
      },
      {
        "YYYYMM": "202505",
        "BRD_CD": "M",
        "ITEM_STD": "미지정",
        "STOCK_TAG_AMT_EXPECTED": 16760.0
      },
      {
        "YYYYMM": "202505",
        "BRD_CD": "M",
        "ITEM_STD": "24SF 의류",
        "STOCK_TAG_AMT_EXPECTED": 1517218212.0
      },
      {
        "YYYYMM": "202505",
        "BRD_CD": "M",
        "ITEM_STD": "기타",
        "STOCK_TAG_AMT_EXPECTED": 32053648.0
      },
      {
        "YYYYMM": "202505",
        "BRD_CD": "M",
        "ITEM_STD": "과시즌 의류",
        "STOCK_TAG_AMT_EXPECTED": 799896367.0
      },
      {
        "YYYYMM": "202505",
        "BRD_CD": "M",
        "ITEM_STD": "모자",
        "STOCK_TAG_AMT_EXPECTED": 480272466.0
      },
      {
        "YYYYMM": "202505",
        "BRD_CD": "M",
        "ITEM_STD": "가방",
        "STOCK_TAG_AMT_EXPECTED": 256631591.0
      },
      {
        "YYYYMM": "202505",
        "BRD_CD": "M",
        "ITEM_STD": "25S 의류",
        "STOCK_TAG_AMT_EXPECTED": 1784988328.0
      },
      {
        "YYYYMM": "202505",
        "BRD_CD": "M",
        "ITEM_STD": "25F 의류",
        "STOCK_TAG_AMT_EXPECTED": 67203613.0
      },
      {
        "YYYYMM": "202506",
        "BRD_CD": "M",
        "ITEM_STD": "모자",
        "STOCK_TAG_AMT_EXPECTED": 565283156.0
      },
      {
        "YYYYMM": "202506",
        "BRD_CD": "M",
        "ITEM_STD": "과시즌 의류",
        "STOCK_TAG_AMT_EXPECTED": 793360782.0
      },
      {
        "YYYYMM": "202506",
        "BRD_CD": "M",
        "ITEM_STD": "가방",
        "STOCK_TAG_AMT_EXPECTED": 268851532.0
      },
      {
        "YYYYMM": "202506",
        "BRD_CD": "M",
        "ITEM_STD": "25S 의류",
        "STOCK_TAG_AMT_EXPECTED": 1638255808.0
      },
      {
        "YYYYMM": "202506",
        "BRD_CD": "M",
        "ITEM_STD": "미지정",
        "STOCK_TAG_AMT_EXPECTED": 5860.0
      },
      {
        "YYYYMM": "202506",
        "BRD_CD": "M",
        "ITEM_STD": "기타",
        "STOCK_TAG_AMT_EXPECTED": 37311791.0
      },
      {
        "YYYYMM": "202506",
        "BRD_CD": "M",
        "ITEM_STD": "24SF 의류",
        "STOCK_TAG_AMT_EXPECTED": 1529784612.0
      }
    ],
    "total_records_count": 88
  }
}