{
  "country": "CN",
  "brand_cd": "V",
  "brand_name": "DUVETICA",
  "yyyymm": "202506",
  "yyyymm_py": "202406",
  "key": "리테일",
  "sub_key": "채널별TOP3분석",
  "analysis_data": {
    "title": "채널별 매출 top3 분석 (당해 전년 주요변화)",
    "sections": [
      {
        "div": "(EC)티몰",
        "sub_title": "(EC)티몰 전년대비 주요 변화",
        "ai_text": "• 다운점퍼: 60k 매출 유지로 채널 내 1위 지속, 전년 63k 대비 -3.6% 소폭 감소하며 안정적 성과\n• 반팔카라티셔츠: 19k로 2위 달성, 전년 5k 대비 +274.8% 폭발적 성장으로 여름 시즌 핵심 아이템 부상\n• 팬츠: 11k로 3위 진입, 전년 4k 대비 +207.5% 급성장하며 캐주얼 라인 강세 확인\n\n채널 전체 매출은 전년 140k에서 당해 120k로 -14.3% 감소했으나, 여름 아이템 중심의 포트폴리오 다각화 성공"
      },
      {
        "div": "(EC)할인몰",
        "sub_title": "(EC)할인몰 전년대비 주요 변화",
        "ai_text": "• 반팔티셔츠: 400원의 미미한 매출로 채널 유일 판매 아이템\n\n전년과 동일한 400원 수준 유지로 실질적 변화 없음. 할인몰 채널의 극히 제한적 운영 상태로 채널 전략 재검토 필요"
      },
      {
        "div": "(OFF)대리상",
        "sub_title": "(OFF)대리상 전년대비 주요 변화",
        "ai_text": "• 방풍자켓: -1k 반품으로 1위 기록, 전년 171k 대비 급격한 하락세\n• 다운점퍼: -3k 반품으로 2위, 재고 정리 및 시즌 종료 영향\n\n채널 전체가 전년 700k에서 당해 -4k로 완전 역전, 대리상 채널의 구조적 문제 발생. 즉시 채널 운영 전략 전면 재검토 및 파트너십 재정비 필요"
      },
      {
        "div": "(OFF)쇼핑몰",
        "sub_title": "(OFF)쇼핑몰 전년대비 주요 변화",
        "ai_text": "• 방풍자켓: 67k로 1위 달성, 전년 152k 대비 -55.7% 감소하며 여전히 채널 주력 상품\n• 반팔카라티셔츠: 37k로 2위, 전년 29k 대비 +29.1% 성장하며 여름 시즌 강세\n• 팬츠: 35k로 3위, 전년 47k 대비 -25.6% 감소하나 안정적 판매 유지\n\n채널 전체 매출은 전년 450k에서 당해 280k로 -37.8% 감소. 방풍자켓 의존도 완화 및 여름 아이템 다각화 전략 필요"
      },
      {
        "div": "종합분석-1",
        "sub_title": "최고 성과 채널",
        "ai_text": "(OFF)쇼핑몰이 매출액(v+) 288k로 전체의 64.0%를 차지하며 핵심 채널로 확립되었습니다.\n방풍자켓(67k), 반팔카라티셔츠(37k), 팬츠(35k) 등 다양한 아이템 포트폴리오를 통해 안정적 성과를 보이고 있습니다."
      },
      {
        "div": "종합분석-2",
        "sub_title": "개선 필요 채널",
        "ai_text": "(OFF)대리상은 전년 700k에서 당해 -4k로 완전 침체되어 즉시 회복 전략이 필요합니다.\n(EC)티몰은 -14.3% 감소했으나 다운점퍼(60k) 등 핵심 아이템 집중으로 회복 가능성을 보입니다."
      },
      {
        "div": "종합분석-3",
        "sub_title": "핵심 제안",
        "ai_text": "(OFF)쇼핑몰 중심의 채널 집중화와 (OFF)대리상 채널 재정비를 통해 매출 회복 기반을 구축해야 합니다.\n(EC)티몰의 다운점퍼 성공 모델을 다른 채널로 확산하고, 방풍자켓·반팔카라티셔츠 등 검증된 아이템 중심의 크로스채널 전략을 추진하세요."
      }
    ]
  },
  "summary": {
    "total_sales": 1.74,
    "total_sales_cy": 0.45,
    "total_sales_py": 1.29,
    "change_pct": -65.2,
    "unique_channels": 6,
    "unique_items": 27,
    "unique_months": 2,
    "analysis_period": "2024년 6월 vs 2025년 6월"
  },
  "channel_summary": {
    "(EC)티몰": {
      "total_sales": 0.26,
      "months": {
        "202506": 116223.84,
        "202406": 140130.48
      },
      "top_items": [
        {
          "item_nm": "다운점퍼",
          "total_sales": 0.12
        },
        {
          "item_nm": "방풍자켓",
          "total_sales": 0.02
        },
        {
          "item_nm": "반팔카라티셔츠",
          "total_sales": 0.02
        },
        {
          "item_nm": "팬츠",
          "total_sales": 0.01
        },
        {
          "item_nm": "신발",
          "total_sales": 0.01
        }
      ]
    },
    "(EC)할인몰": {
      "total_sales": 0.0,
      "months": {
        "202506": 400.0,
        "202406": 400.0
      },
      "top_items": [
        {
          "item_nm": "반팔티셔츠",
          "total_sales": 0.0
        }
      ]
    },
    "(OFF)대리상": {
      "total_sales": 0.7,
      "months": {
        "202506": -4150.0,
        "202406": 703743.0
      },
      "top_items": [
        {
          "item_nm": "방풍자켓",
          "total_sales": 0.17
        },
        {
          "item_nm": "반팔카라티셔츠",
          "total_sales": 0.13
        },
        {
          "item_nm": "반팔티셔츠",
          "total_sales": 0.11
        },
        {
          "item_nm": "반바지",
          "total_sales": 0.06
        },
        {
          "item_nm": "팬츠",
          "total_sales": 0.06
        }
      ]
    },
    "(OFF)쇼핑몰": {
      "total_sales": 0.73,
      "months": {
        "202506": 284915.0,
        "202406": 446654.0
      },
      "top_items": [
        {
          "item_nm": "방풍자켓",
          "total_sales": 0.22
        },
        {
          "item_nm": "반팔티셔츠",
          "total_sales": 0.11
        },
        {
          "item_nm": "팬츠",
          "total_sales": 0.08
        },
        {
          "item_nm": "반팔카라티셔츠",
          "total_sales": 0.07
        },
        {
          "item_nm": "트레이닝(하의)",
          "total_sales": 0.06
        }
      ]
    },
    "(OFF)아울렛": {
      "total_sales": 0.05,
      "months": {
        "202506": 52560.0
      },
      "top_items": [
        {
          "item_nm": "방풍자켓",
          "total_sales": 0.01
        },
        {
          "item_nm": "반팔카라티셔츠",
          "total_sales": 0.01
        },
        {
          "item_nm": "반팔티셔츠",
          "total_sales": 0.01
        },
        {
          "item_nm": "팬츠",
          "total_sales": 0.01
        },
        {
          "item_nm": "트레이닝(하의)",
          "total_sales": 0.0
        }
      ]
    },
    "(EC)대리상": {
      "total_sales": 0.0,
      "months": {
        "202406": 665.0
      },
      "top_items": [
        {
          "item_nm": "팬츠",
          "total_sales": 0.0
        },
        {
          "item_nm": "반팔카라티셔츠",
          "total_sales": 0.0
        },
        {
          "item_nm": "방풍자켓",
          "total_sales": -0.0
        }
      ]
    }
  },
  "channel_summary_overall": {
    "(EC)티몰": {
      "current_sales": 0.12,
      "previous_sales": 0.14,
      "all_items": [
        {
          "item_nm": "다운점퍼",
          "total_sales": 0.06
        },
        {
          "item_nm": "반팔카라티셔츠",
          "total_sales": 0.02
        },
        {
          "item_nm": "팬츠",
          "total_sales": 0.01
        },
        {
          "item_nm": "반바지",
          "total_sales": 0.0
        },
        {
          "item_nm": "반팔티셔츠",
          "total_sales": 0.0
        },
        {
          "item_nm": "백팩",
          "total_sales": 0.0
        },
        {
          "item_nm": "트레이닝(상의)",
          "total_sales": 0.0
        },
        {
          "item_nm": "트레이닝 숏팬츠",
          "total_sales": 0.0
        },
        {
          "item_nm": "토드백",
          "total_sales": 0.0
        },
        {
          "item_nm": "트레이닝(하의)",
          "total_sales": 0.0
        },
        {
          "item_nm": "소프트쉘",
          "total_sales": 0.0
        },
        {
          "item_nm": "우븐셔츠",
          "total_sales": 0.0
        },
        {
          "item_nm": "신발",
          "total_sales": 0.0
        },
        {
          "item_nm": "후드티",
          "total_sales": 0.0
        },
        {
          "item_nm": "비니",
          "total_sales": 0.0
        },
        {
          "item_nm": "레깅스",
          "total_sales": 0.0
        },
        {
          "item_nm": "방수자켓",
          "total_sales": 0.0
        },
        {
          "item_nm": "햇",
          "total_sales": 0.0
        },
        {
          "item_nm": "운동모",
          "total_sales": 0.0
        },
        {
          "item_nm": "양말",
          "total_sales": 0.0
        },
        {
          "item_nm": "집업티",
          "total_sales": 0.0
        },
        {
          "item_nm": "다운베스트",
          "total_sales": -0.0
        },
        {
          "item_nm": "방풍자켓",
          "total_sales": -0.0
        }
      ],
      "change_pct": -14.3
    },
    "(EC)할인몰": {
      "current_sales": 0.0,
      "previous_sales": 0.0,
      "all_items": [
        {
          "item_nm": "반팔티셔츠",
          "total_sales": 0.0
        }
      ],
      "change_pct": 0
    },
    "(OFF)대리상": {
      "current_sales": -0.0,
      "previous_sales": 0.7,
      "all_items": [
        {
          "item_nm": "방풍자켓",
          "total_sales": -0.0
        },
        {
          "item_nm": "다운점퍼",
          "total_sales": -0.0
        }
      ],
      "change_pct": -100.0
    },
    "(OFF)쇼핑몰": {
      "current_sales": 0.28,
      "previous_sales": 0.45,
      "all_items": [
        {
          "item_nm": "방풍자켓",
          "total_sales": 0.07
        },
        {
          "item_nm": "반팔카라티셔츠",
          "total_sales": 0.04
        },
        {
          "item_nm": "팬츠",
          "total_sales": 0.03
        },
        {
          "item_nm": "반팔티셔츠",
          "total_sales": 0.03
        },
        {
          "item_nm": "트레이닝(상의)",
          "total_sales": 0.03
        },
        {
          "item_nm": "반바지",
          "total_sales": 0.03
        },
        {
          "item_nm": "트레이닝(하의)",
          "total_sales": 0.02
        },
        {
          "item_nm": "트레이닝 숏팬츠",
          "total_sales": 0.01
        },
        {
          "item_nm": "신발",
          "total_sales": 0.01
        },
        {
          "item_nm": "백팩",
          "total_sales": 0.0
        },
        {
          "item_nm": "운동모",
          "total_sales": 0.0
        },
        {
          "item_nm": "슬링백",
          "total_sales": 0.0
        },
        {
          "item_nm": "크로스백",
          "total_sales": 0.0
        },
        {
          "item_nm": "햇",
          "total_sales": 0.0
        },
        {
          "item_nm": "토드백",
          "total_sales": 0.0
        },
        {
          "item_nm": "맨투맨",
          "total_sales": 0.0
        },
        {
          "item_nm": "양말",
          "total_sales": 0.0
        }
      ],
      "change_pct": -37.8
    },
    "(OFF)아울렛": {
      "current_sales": 0.05,
      "previous_sales": 0.0,
      "all_items": [
        {
          "item_nm": "방풍자켓",
          "total_sales": 0.01
        },
        {
          "item_nm": "반팔카라티셔츠",
          "total_sales": 0.01
        },
        {
          "item_nm": "반팔티셔츠",
          "total_sales": 0.01
        },
        {
          "item_nm": "팬츠",
          "total_sales": 0.01
        },
        {
          "item_nm": "트레이닝(하의)",
          "total_sales": 0.0
        },
        {
          "item_nm": "신발",
          "total_sales": 0.0
        },
        {
          "item_nm": "반바지",
          "total_sales": 0.0
        },
        {
          "item_nm": "트레이닝(상의)",
          "total_sales": 0.0
        },
        {
          "item_nm": "트레이닝 숏팬츠",
          "total_sales": 0.0
        },
        {
          "item_nm": "우븐셔츠",
          "total_sales": 0.0
        },
        {
          "item_nm": "토드백",
          "total_sales": 0.0
        },
        {
          "item_nm": "운동모",
          "total_sales": 0.0
        },
        {
          "item_nm": "슬링백",
          "total_sales": 0.0
        },
        {
          "item_nm": "크로스백",
          "total_sales": 0.0
        }
      ],
      "change_pct": 0
    },
    "(EC)대리상": {
      "current_sales": 0.0,
      "previous_sales": 0.0,
      "all_items": [],
      "change_pct": 0
    }
  },
  "raw_data": {
    "sample_records": [
      {
        "YYYYMM": "202506",
        "MGMT_CHNL_NM": "(EC)티몰",
        "ITEM_NM": "다운베스트",
        "SALE_AMT": -658.6000000000001
      },
      {
        "YYYYMM": "202506",
        "MGMT_CHNL_NM": "(EC)티몰",
        "ITEM_NM": "다운점퍼",
        "SALE_AMT": 60299.28
      },
      {
        "YYYYMM": "202506",
        "MGMT_CHNL_NM": "(EC)티몰",
        "ITEM_NM": "레깅스",
        "SALE_AMT": 523.3199999999999
      },
      {
        "YYYYMM": "202506",
        "MGMT_CHNL_NM": "(EC)티몰",
        "ITEM_NM": "반바지",
        "SALE_AMT": 4455.23
      },
      {
        "YYYYMM": "202506",
        "MGMT_CHNL_NM": "(EC)티몰",
        "ITEM_NM": "반팔카라티셔츠",
        "SALE_AMT": 19333.899999999998
      },
      {
        "YYYYMM": "202506",
        "MGMT_CHNL_NM": "(EC)티몰",
        "ITEM_NM": "반팔티셔츠",
        "SALE_AMT": 4355.59
      },
      {
        "YYYYMM": "202506",
        "MGMT_CHNL_NM": "(EC)티몰",
        "ITEM_NM": "방수자켓",
        "SALE_AMT": 464.3899999999999
      },
      {
        "YYYYMM": "202506",
        "MGMT_CHNL_NM": "(EC)티몰",
        "ITEM_NM": "방풍자켓",
        "SALE_AMT": -809.9000000000015
      },
      {
        "YYYYMM": "202506",
        "MGMT_CHNL_NM": "(EC)티몰",
        "ITEM_NM": "백팩",
        "SALE_AMT": 2865.27
      },
      {
        "YYYYMM": "202506",
        "MGMT_CHNL_NM": "(EC)티몰",
        "ITEM_NM": "비니",
        "SALE_AMT": 653.2
      },
      {
        "YYYYMM": "202506",
        "MGMT_CHNL_NM": "(EC)티몰",
        "ITEM_NM": "소프트쉘",
        "SALE_AMT": 1263.5899999999997
      },
      {
        "YYYYMM": "202506",
        "MGMT_CHNL_NM": "(EC)티몰",
        "ITEM_NM": "신발",
        "SALE_AMT": 1100.8500000000004
      },
      {
        "YYYYMM": "202506",
        "MGMT_CHNL_NM": "(EC)티몰",
        "ITEM_NM": "양말",
        "SALE_AMT": 134.0
      },
      {
        "YYYYMM": "202506",
        "MGMT_CHNL_NM": "(EC)티몰",
        "ITEM_NM": "우븐셔츠",
        "SALE_AMT": 1110.0
      },
      {
        "YYYYMM": "202506",
        "MGMT_CHNL_NM": "(EC)티몰",
        "ITEM_NM": "운동모",
        "SALE_AMT": 256.08
      },
      {
        "YYYYMM": "202506",
        "MGMT_CHNL_NM": "(EC)티몰",
        "ITEM_NM": "집업티",
        "SALE_AMT": 3.2899999999999636
      },
      {
        "YYYYMM": "202506",
        "MGMT_CHNL_NM": "(EC)티몰",
        "ITEM_NM": "토드백",
        "SALE_AMT": 1975.52
      },
      {
        "YYYYMM": "202506",
        "MGMT_CHNL_NM": "(EC)티몰",
        "ITEM_NM": "트레이닝 숏팬츠",
        "SALE_AMT": 2304.94
      },
      {
        "YYYYMM": "202506",
        "MGMT_CHNL_NM": "(EC)티몰",
        "ITEM_NM": "트레이닝(상의)",
        "SALE_AMT": 2447.25
      },
      {
        "YYYYMM": "202506",
        "MGMT_CHNL_NM": "(EC)티몰",
        "ITEM_NM": "트레이닝(하의)",
        "SALE_AMT": 1659.3299999999997
      },
      {
        "YYYYMM": "202506",
        "MGMT_CHNL_NM": "(EC)티몰",
        "ITEM_NM": "팬츠",
        "SALE_AMT": 11281.81
      },
      {
        "YYYYMM": "202506",
        "MGMT_CHNL_NM": "(EC)티몰",
        "ITEM_NM": "햇",
        "SALE_AMT": 450.1
      },
      {
        "YYYYMM": "202506",
        "MGMT_CHNL_NM": "(EC)티몰",
        "ITEM_NM": "후드티",
        "SALE_AMT": 755.4
      },
      {
        "YYYYMM": "202506",
        "MGMT_CHNL_NM": "(EC)할인몰",
        "ITEM_NM": "반팔티셔츠",
        "SALE_AMT": 400.0
      },
      {
        "YYYYMM": "202506",
        "MGMT_CHNL_NM": "(OFF)대리상",
        "ITEM_NM": "다운점퍼",
        "SALE_AMT": -3100.0
      },
      {
        "YYYYMM": "202506",
        "MGMT_CHNL_NM": "(OFF)대리상",
        "ITEM_NM": "방풍자켓",
        "SALE_AMT": -1050.0
      },
      {
        "YYYYMM": "202506",
        "MGMT_CHNL_NM": "(OFF)쇼핑몰",
        "ITEM_NM": "맨투맨",
        "SALE_AMT": 500.0
      },
      {
        "YYYYMM": "202506",
        "MGMT_CHNL_NM": "(OFF)쇼핑몰",
        "ITEM_NM": "반바지",
        "SALE_AMT": 25086.0
      },
      {
        "YYYYMM": "202506",
        "MGMT_CHNL_NM": "(OFF)쇼핑몰",
        "ITEM_NM": "반팔카라티셔츠",
        "SALE_AMT": 37200.0
      },
      {
        "YYYYMM": "202506",
        "MGMT_CHNL_NM": "(OFF)쇼핑몰",
        "ITEM_NM": "반팔티셔츠",
        "SALE_AMT": 34350.0
      },
      {
        "YYYYMM": "202506",
        "MGMT_CHNL_NM": "(OFF)쇼핑몰",
        "ITEM_NM": "방풍자켓",
        "SALE_AMT": 67475.0
      },
      {
        "YYYYMM": "202506",
        "MGMT_CHNL_NM": "(OFF)쇼핑몰",
        "ITEM_NM": "백팩",
        "SALE_AMT": 2750.0
      },
      {
        "YYYYMM": "202506",
        "MGMT_CHNL_NM": "(OFF)쇼핑몰",
        "ITEM_NM": "슬링백",
        "SALE_AMT": 2400.0
      },
      {
        "YYYYMM": "202506",
        "MGMT_CHNL_NM": "(OFF)쇼핑몰",
        "ITEM_NM": "신발",
        "SALE_AMT": 6950.0
      },
      {
        "YYYYMM": "202506",
        "MGMT_CHNL_NM": "(OFF)쇼핑몰",
        "ITEM_NM": "양말",
        "SALE_AMT": 135.0
      },
      {
        "YYYYMM": "202506",
        "MGMT_CHNL_NM": "(OFF)쇼핑몰",
        "ITEM_NM": "운동모",
        "SALE_AMT": 2435.0
      },
      {
        "YYYYMM": "202506",
        "MGMT_CHNL_NM": "(OFF)쇼핑몰",
        "ITEM_NM": "크로스백",
        "SALE_AMT": 2000.0
      },
      {
        "YYYYMM": "202506",
        "MGMT_CHNL_NM": "(OFF)쇼핑몰",
        "ITEM_NM": "토드백",
        "SALE_AMT": 1150.0
      },
      {
        "YYYYMM": "202506",
        "MGMT_CHNL_NM": "(OFF)쇼핑몰",
        "ITEM_NM": "트레이닝 숏팬츠",
        "SALE_AMT": 9250.0
      },
      {
        "YYYYMM": "202506",
        "MGMT_CHNL_NM": "(OFF)쇼핑몰",
        "ITEM_NM": "트레이닝(상의)",
        "SALE_AMT": 31914.0
      },
      {
        "YYYYMM": "202506",
        "MGMT_CHNL_NM": "(OFF)쇼핑몰",
        "ITEM_NM": "트레이닝(하의)",
        "SALE_AMT": 24425.0
      },
      {
        "YYYYMM": "202506",
        "MGMT_CHNL_NM": "(OFF)쇼핑몰",
        "ITEM_NM": "팬츠",
        "SALE_AMT": 34950.0
      },
      {
        "YYYYMM": "202506",
        "MGMT_CHNL_NM": "(OFF)쇼핑몰",
        "ITEM_NM": "햇",
        "SALE_AMT": 1945.0
      },
      {
        "YYYYMM": "202506",
        "MGMT_CHNL_NM": "(OFF)아울렛",
        "ITEM_NM": "반바지",
        "SALE_AMT": 3500.0
      },
      {
        "YYYYMM": "202506",
        "MGMT_CHNL_NM": "(OFF)아울렛",
        "ITEM_NM": "반팔카라티셔츠",
        "SALE_AMT": 8350.0
      },
      {
        "YYYYMM": "202506",
        "MGMT_CHNL_NM": "(OFF)아울렛",
        "ITEM_NM": "반팔티셔츠",
        "SALE_AMT": 7450.0
      },
      {
        "YYYYMM": "202506",
        "MGMT_CHNL_NM": "(OFF)아울렛",
        "ITEM_NM": "방풍자켓",
        "SALE_AMT": 10700.0
      },
      {
        "YYYYMM": "202506",
        "MGMT_CHNL_NM": "(OFF)아울렛",
        "ITEM_NM": "슬링백",
        "SALE_AMT": 600.0
      },
      {
        "YYYYMM": "202506",
        "MGMT_CHNL_NM": "(OFF)아울렛",
        "ITEM_NM": "신발",
        "SALE_AMT": 3910.0
      },
      {
        "YYYYMM": "202506",
        "MGMT_CHNL_NM": "(OFF)아울렛",
        "ITEM_NM": "우븐셔츠",
        "SALE_AMT": 1100.0
      }
    ],
    "total_records_count": 118
  },
  "trend_data": {
    "trend_months": [
      "202406",
      "202506"
    ],
    "monthly_totals": [
      {
        "yyyymm": "202406",
        "total_amount": 1.29
      },
      {
        "yyyymm": "202506",
        "total_amount": 0.45
      }
    ],
    "monthly_details": [
      {
        "yyyymm": "202506",
        "chnl_nm": "(EC)티몰",
        "item_nm": "다운베스트",
        "sale_amt": -0.0
      },
      {
        "yyyymm": "202506",
        "chnl_nm": "(EC)티몰",
        "item_nm": "다운점퍼",
        "sale_amt": 0.06
      },
      {
        "yyyymm": "202506",
        "chnl_nm": "(EC)티몰",
        "item_nm": "레깅스",
        "sale_amt": 0.0
      },
      {
        "yyyymm": "202506",
        "chnl_nm": "(EC)티몰",
        "item_nm": "반바지",
        "sale_amt": 0.0
      },
      {
        "yyyymm": "202506",
        "chnl_nm": "(EC)티몰",
        "item_nm": "반팔카라티셔츠",
        "sale_amt": 0.02
      },
      {
        "yyyymm": "202506",
        "chnl_nm": "(EC)티몰",
        "item_nm": "반팔티셔츠",
        "sale_amt": 0.0
      },
      {
        "yyyymm": "202506",
        "chnl_nm": "(EC)티몰",
        "item_nm": "방수자켓",
        "sale_amt": 0.0
      },
      {
        "yyyymm": "202506",
        "chnl_nm": "(EC)티몰",
        "item_nm": "방풍자켓",
        "sale_amt": -0.0
      },
      {
        "yyyymm": "202506",
        "chnl_nm": "(EC)티몰",
        "item_nm": "백팩",
        "sale_amt": 0.0
      },
      {
        "yyyymm": "202506",
        "chnl_nm": "(EC)티몰",
        "item_nm": "비니",
        "sale_amt": 0.0
      },
      {
        "yyyymm": "202506",
        "chnl_nm": "(EC)티몰",
        "item_nm": "소프트쉘",
        "sale_amt": 0.0
      },
      {
        "yyyymm": "202506",
        "chnl_nm": "(EC)티몰",
        "item_nm": "신발",
        "sale_amt": 0.0
      },
      {
        "yyyymm": "202506",
        "chnl_nm": "(EC)티몰",
        "item_nm": "양말",
        "sale_amt": 0.0
      },
      {
        "yyyymm": "202506",
        "chnl_nm": "(EC)티몰",
        "item_nm": "우븐셔츠",
        "sale_amt": 0.0
      },
      {
        "yyyymm": "202506",
        "chnl_nm": "(EC)티몰",
        "item_nm": "운동모",
        "sale_amt": 0.0
      },
      {
        "yyyymm": "202506",
        "chnl_nm": "(EC)티몰",
        "item_nm": "집업티",
        "sale_amt": 0.0
      },
      {
        "yyyymm": "202506",
        "chnl_nm": "(EC)티몰",
        "item_nm": "토드백",
        "sale_amt": 0.0
      },
      {
        "yyyymm": "202506",
        "chnl_nm": "(EC)티몰",
        "item_nm": "트레이닝 숏팬츠",
        "sale_amt": 0.0
      },
      {
        "yyyymm": "202506",
        "chnl_nm": "(EC)티몰",
        "item_nm": "트레이닝(상의)",
        "sale_amt": 0.0
      },
      {
        "yyyymm": "202506",
        "chnl_nm": "(EC)티몰",
        "item_nm": "트레이닝(하의)",
        "sale_amt": 0.0
      },
      {
        "yyyymm": "202506",
        "chnl_nm": "(EC)티몰",
        "item_nm": "팬츠",
        "sale_amt": 0.01
      },
      {
        "yyyymm": "202506",
        "chnl_nm": "(EC)티몰",
        "item_nm": "햇",
        "sale_amt": 0.0
      },
      {
        "yyyymm": "202506",
        "chnl_nm": "(EC)티몰",
        "item_nm": "후드티",
        "sale_amt": 0.0
      },
      {
        "yyyymm": "202506",
        "chnl_nm": "(EC)할인몰",
        "item_nm": "반팔티셔츠",
        "sale_amt": 0.0
      },
      {
        "yyyymm": "202506",
        "chnl_nm": "(OFF)대리상",
        "item_nm": "다운점퍼",
        "sale_amt": -0.0
      },
      {
        "yyyymm": "202506",
        "chnl_nm": "(OFF)대리상",
        "item_nm": "방풍자켓",
        "sale_amt": -0.0
      },
      {
        "yyyymm": "202506",
        "chnl_nm": "(OFF)쇼핑몰",
        "item_nm": "맨투맨",
        "sale_amt": 0.0
      },
      {
        "yyyymm": "202506",
        "chnl_nm": "(OFF)쇼핑몰",
        "item_nm": "반바지",
        "sale_amt": 0.03
      },
      {
        "yyyymm": "202506",
        "chnl_nm": "(OFF)쇼핑몰",
        "item_nm": "반팔카라티셔츠",
        "sale_amt": 0.04
      },
      {
        "yyyymm": "202506",
        "chnl_nm": "(OFF)쇼핑몰",
        "item_nm": "반팔티셔츠",
        "sale_amt": 0.03
      },
      {
        "yyyymm": "202506",
        "chnl_nm": "(OFF)쇼핑몰",
        "item_nm": "방풍자켓",
        "sale_amt": 0.07
      },
      {
        "yyyymm": "202506",
        "chnl_nm": "(OFF)쇼핑몰",
        "item_nm": "백팩",
        "sale_amt": 0.0
      },
      {
        "yyyymm": "202506",
        "chnl_nm": "(OFF)쇼핑몰",
        "item_nm": "슬링백",
        "sale_amt": 0.0
      },
      {
        "yyyymm": "202506",
        "chnl_nm": "(OFF)쇼핑몰",
        "item_nm": "신발",
        "sale_amt": 0.01
      },
      {
        "yyyymm": "202506",
        "chnl_nm": "(OFF)쇼핑몰",
        "item_nm": "양말",
        "sale_amt": 0.0
      },
      {
        "yyyymm": "202506",
        "chnl_nm": "(OFF)쇼핑몰",
        "item_nm": "운동모",
        "sale_amt": 0.0
      },
      {
        "yyyymm": "202506",
        "chnl_nm": "(OFF)쇼핑몰",
        "item_nm": "크로스백",
        "sale_amt": 0.0
      },
      {
        "yyyymm": "202506",
        "chnl_nm": "(OFF)쇼핑몰",
        "item_nm": "토드백",
        "sale_amt": 0.0
      },
      {
        "yyyymm": "202506",
        "chnl_nm": "(OFF)쇼핑몰",
        "item_nm": "트레이닝 숏팬츠",
        "sale_amt": 0.01
      },
      {
        "yyyymm": "202506",
        "chnl_nm": "(OFF)쇼핑몰",
        "item_nm": "트레이닝(상의)",
        "sale_amt": 0.03
      },
      {
        "yyyymm": "202506",
        "chnl_nm": "(OFF)쇼핑몰",
        "item_nm": "트레이닝(하의)",
        "sale_amt": 0.02
      },
      {
        "yyyymm": "202506",
        "chnl_nm": "(OFF)쇼핑몰",
        "item_nm": "팬츠",
        "sale_amt": 0.03
      },
      {
        "yyyymm": "202506",
        "chnl_nm": "(OFF)쇼핑몰",
        "item_nm": "햇",
        "sale_amt": 0.0
      },
      {
        "yyyymm": "202506",
        "chnl_nm": "(OFF)아울렛",
        "item_nm": "반바지",
        "sale_amt": 0.0
      },
      {
        "yyyymm": "202506",
        "chnl_nm": "(OFF)아울렛",
        "item_nm": "반팔카라티셔츠",
        "sale_amt": 0.01
      },
      {
        "yyyymm": "202506",
        "chnl_nm": "(OFF)아울렛",
        "item_nm": "반팔티셔츠",
        "sale_amt": 0.01
      },
      {
        "yyyymm": "202506",
        "chnl_nm": "(OFF)아울렛",
        "item_nm": "방풍자켓",
        "sale_amt": 0.01
      },
      {
        "yyyymm": "202506",
        "chnl_nm": "(OFF)아울렛",
        "item_nm": "슬링백",
        "sale_amt": 0.0
      },
      {
        "yyyymm": "202506",
        "chnl_nm": "(OFF)아울렛",
        "item_nm": "신발",
        "sale_amt": 0.0
      },
      {
        "yyyymm": "202506",
        "chnl_nm": "(OFF)아울렛",
        "item_nm": "우븐셔츠",
        "sale_amt": 0.0
      },
      {
        "yyyymm": "202506",
        "chnl_nm": "(OFF)아울렛",
        "item_nm": "운동모",
        "sale_amt": 0.0
      },
      {
        "yyyymm": "202506",
        "chnl_nm": "(OFF)아울렛",
        "item_nm": "크로스백",
        "sale_amt": 0.0
      },
      {
        "yyyymm": "202506",
        "chnl_nm": "(OFF)아울렛",
        "item_nm": "토드백",
        "sale_amt": 0.0
      },
      {
        "yyyymm": "202506",
        "chnl_nm": "(OFF)아울렛",
        "item_nm": "트레이닝 숏팬츠",
        "sale_amt": 0.0
      },
      {
        "yyyymm": "202506",
        "chnl_nm": "(OFF)아울렛",
        "item_nm": "트레이닝(상의)",
        "sale_amt": 0.0
      },
      {
        "yyyymm": "202506",
        "chnl_nm": "(OFF)아울렛",
        "item_nm": "트레이닝(하의)",
        "sale_amt": 0.0
      },
      {
        "yyyymm": "202506",
        "chnl_nm": "(OFF)아울렛",
        "item_nm": "팬츠",
        "sale_amt": 0.01
      },
      {
        "yyyymm": "202406",
        "chnl_nm": "(EC)대리상",
        "item_nm": "반팔카라티셔츠",
        "sale_amt": 0.0
      },
      {
        "yyyymm": "202406",
        "chnl_nm": "(EC)대리상",
        "item_nm": "방풍자켓",
        "sale_amt": -0.0
      },
      {
        "yyyymm": "202406",
        "chnl_nm": "(EC)대리상",
        "item_nm": "팬츠",
        "sale_amt": 0.0
      },
      {
        "yyyymm": "202406",
        "chnl_nm": "(EC)티몰",
        "item_nm": "다운베스트",
        "sale_amt": 0.0
      },
      {
        "yyyymm": "202406",
        "chnl_nm": "(EC)티몰",
        "item_nm": "다운점퍼",
        "sale_amt": 0.06
      },
      {
        "yyyymm": "202406",
        "chnl_nm": "(EC)티몰",
        "item_nm": "맨투맨",
        "sale_amt": 0.0
      },
      {
        "yyyymm": "202406",
        "chnl_nm": "(EC)티몰",
        "item_nm": "반바지",
        "sale_amt": 0.0
      },
      {
        "yyyymm": "202406",
        "chnl_nm": "(EC)티몰",
        "item_nm": "반팔카라티셔츠",
        "sale_amt": 0.01
      },
      {
        "yyyymm": "202406",
        "chnl_nm": "(EC)티몰",
        "item_nm": "반팔티셔츠",
        "sale_amt": 0.01
      },
      {
        "yyyymm": "202406",
        "chnl_nm": "(EC)티몰",
        "item_nm": "방풍자켓",
        "sale_amt": 0.03
      },
      {
        "yyyymm": "202406",
        "chnl_nm": "(EC)티몰",
        "item_nm": "백팩",
        "sale_amt": 0.0
      },
      {
        "yyyymm": "202406",
        "chnl_nm": "(EC)티몰",
        "item_nm": "소프트쉘",
        "sale_amt": -0.0
      },
      {
        "yyyymm": "202406",
        "chnl_nm": "(EC)티몰",
        "item_nm": "신발",
        "sale_amt": 0.01
      },
      {
        "yyyymm": "202406",
        "chnl_nm": "(EC)티몰",
        "item_nm": "양말",
        "sale_amt": 0.0
      },
      {
        "yyyymm": "202406",
        "chnl_nm": "(EC)티몰",
        "item_nm": "운동모",
        "sale_amt": 0.0
      },
      {
        "yyyymm": "202406",
        "chnl_nm": "(EC)티몰",
        "item_nm": "토드백",
        "sale_amt": 0.0
      },
      {
        "yyyymm": "202406",
        "chnl_nm": "(EC)티몰",
        "item_nm": "트레이닝 숏팬츠",
        "sale_amt": 0.0
      },
      {
        "yyyymm": "202406",
        "chnl_nm": "(EC)티몰",
        "item_nm": "트레이닝(상의)",
        "sale_amt": 0.0
      },
      {
        "yyyymm": "202406",
        "chnl_nm": "(EC)티몰",
        "item_nm": "트레이닝(하의)",
        "sale_amt": 0.0
      },
      {
        "yyyymm": "202406",
        "chnl_nm": "(EC)티몰",
        "item_nm": "팬츠",
        "sale_amt": 0.0
      },
      {
        "yyyymm": "202406",
        "chnl_nm": "(EC)티몰",
        "item_nm": "후드티",
        "sale_amt": 0.0
      },
      {
        "yyyymm": "202406",
        "chnl_nm": "(EC)할인몰",
        "item_nm": "반팔티셔츠",
        "sale_amt": 0.0
      },
      {
        "yyyymm": "202406",
        "chnl_nm": "(OFF)대리상",
        "item_nm": "맨투맨",
        "sale_amt": 0.0
      },
      {
        "yyyymm": "202406",
        "chnl_nm": "(OFF)대리상",
        "item_nm": "반바지",
        "sale_amt": 0.06
      },
      {
        "yyyymm": "202406",
        "chnl_nm": "(OFF)대리상",
        "item_nm": "반팔카라티셔츠",
        "sale_amt": 0.13
      },
      {
        "yyyymm": "202406",
        "chnl_nm": "(OFF)대리상",
        "item_nm": "반팔티셔츠",
        "sale_amt": 0.11
      },
      {
        "yyyymm": "202406",
        "chnl_nm": "(OFF)대리상",
        "item_nm": "방풍자켓",
        "sale_amt": 0.17
      },
      {
        "yyyymm": "202406",
        "chnl_nm": "(OFF)대리상",
        "item_nm": "백팩",
        "sale_amt": 0.0
      },
      {
        "yyyymm": "202406",
        "chnl_nm": "(OFF)대리상",
        "item_nm": "슬링백",
        "sale_amt": 0.01
      },
      {
        "yyyymm": "202406",
        "chnl_nm": "(OFF)대리상",
        "item_nm": "신발",
        "sale_amt": 0.03
      },
      {
        "yyyymm": "202406",
        "chnl_nm": "(OFF)대리상",
        "item_nm": "양말",
        "sale_amt": 0.0
      },
      {
        "yyyymm": "202406",
        "chnl_nm": "(OFF)대리상",
        "item_nm": "우븐셔츠",
        "sale_amt": 0.0
      },
      {
        "yyyymm": "202406",
        "chnl_nm": "(OFF)대리상",
        "item_nm": "운동모",
        "sale_amt": 0.01
      },
      {
        "yyyymm": "202406",
        "chnl_nm": "(OFF)대리상",
        "item_nm": "짐백",
        "sale_amt": 0.0
      },
      {
        "yyyymm": "202406",
        "chnl_nm": "(OFF)대리상",
        "item_nm": "크로스백",
        "sale_amt": 0.0
      },
      {
        "yyyymm": "202406",
        "chnl_nm": "(OFF)대리상",
        "item_nm": "토드백",
        "sale_amt": 0.01
      },
      {
        "yyyymm": "202406",
        "chnl_nm": "(OFF)대리상",
        "item_nm": "트레이닝 숏팬츠",
        "sale_amt": 0.01
      },
      {
        "yyyymm": "202406",
        "chnl_nm": "(OFF)대리상",
        "item_nm": "트레이닝(상의)",
        "sale_amt": 0.05
      },
      {
        "yyyymm": "202406",
        "chnl_nm": "(OFF)대리상",
        "item_nm": "트레이닝(하의)",
        "sale_amt": 0.04
      },
      {
        "yyyymm": "202406",
        "chnl_nm": "(OFF)대리상",
        "item_nm": "팬츠",
        "sale_amt": 0.06
      },
      {
        "yyyymm": "202406",
        "chnl_nm": "(OFF)대리상",
        "item_nm": "햇",
        "sale_amt": 0.0
      },
      {
        "yyyymm": "202406",
        "chnl_nm": "(OFF)대리상",
        "item_nm": "후드티",
        "sale_amt": 0.0
      },
      {
        "yyyymm": "202406",
        "chnl_nm": "(OFF)쇼핑몰",
        "item_nm": "레깅스",
        "sale_amt": 0.0
      },
      {
        "yyyymm": "202406",
        "chnl_nm": "(OFF)쇼핑몰",
        "item_nm": "맨투맨",
        "sale_amt": 0.0
      },
      {
        "yyyymm": "202406",
        "chnl_nm": "(OFF)쇼핑몰",
        "item_nm": "반바지",
        "sale_amt": 0.02
      },
      {
        "yyyymm": "202406",
        "chnl_nm": "(OFF)쇼핑몰",
        "item_nm": "반팔카라티셔츠",
        "sale_amt": 0.03
      },
      {
        "yyyymm": "202406",
        "chnl_nm": "(OFF)쇼핑몰",
        "item_nm": "반팔티셔츠",
        "sale_amt": 0.08
      },
      {
        "yyyymm": "202406",
        "chnl_nm": "(OFF)쇼핑몰",
        "item_nm": "방풍자켓",
        "sale_amt": 0.15
      },
      {
        "yyyymm": "202406",
        "chnl_nm": "(OFF)쇼핑몰",
        "item_nm": "백팩",
        "sale_amt": 0.01
      },
      {
        "yyyymm": "202406",
        "chnl_nm": "(OFF)쇼핑몰",
        "item_nm": "슬링백",
        "sale_amt": 0.01
      },
      {
        "yyyymm": "202406",
        "chnl_nm": "(OFF)쇼핑몰",
        "item_nm": "신발",
        "sale_amt": 0.03
      },
      {
        "yyyymm": "202406",
        "chnl_nm": "(OFF)쇼핑몰",
        "item_nm": "양말",
        "sale_amt": 0.0
      },
      {
        "yyyymm": "202406",
        "chnl_nm": "(OFF)쇼핑몰",
        "item_nm": "우븐셔츠",
        "sale_amt": 0.0
      },
      {
        "yyyymm": "202406",
        "chnl_nm": "(OFF)쇼핑몰",
        "item_nm": "운동모",
        "sale_amt": 0.0
      },
      {
        "yyyymm": "202406",
        "chnl_nm": "(OFF)쇼핑몰",
        "item_nm": "크로스백",
        "sale_amt": 0.0
      },
      {
        "yyyymm": "202406",
        "chnl_nm": "(OFF)쇼핑몰",
        "item_nm": "토드백",
        "sale_amt": 0.01
      },
      {
        "yyyymm": "202406",
        "chnl_nm": "(OFF)쇼핑몰",
        "item_nm": "트레이닝 숏팬츠",
        "sale_amt": 0.01
      },
      {
        "yyyymm": "202406",
        "chnl_nm": "(OFF)쇼핑몰",
        "item_nm": "트레이닝(상의)",
        "sale_amt": 0.02
      },
      {
        "yyyymm": "202406",
        "chnl_nm": "(OFF)쇼핑몰",
        "item_nm": "트레이닝(하의)",
        "sale_amt": 0.03
      },
      {
        "yyyymm": "202406",
        "chnl_nm": "(OFF)쇼핑몰",
        "item_nm": "팬츠",
        "sale_amt": 0.05
      },
      {
        "yyyymm": "202406",
        "chnl_nm": "(OFF)쇼핑몰",
        "item_nm": "햇",
        "sale_amt": 0.0
      }
    ]
  }
}