{
  "country": "CN",
  "brand_cd": "W",
  "brand_name": "SUPRA",
  "yyyymm": "202509",
  "yyyymm_py": "202409",
  "key": "할인율",
  "sub_key": "종합분석",
  "analysis_data": {
    "title": "채널별 할인율 종합분석",
    "sections": [
      {
        "div": "종합분석-1",
        "sub_title": "할인율 전략이 우수한 채널",
        "ai_text": "현재 분석된 2개 채널 모두 할인율이 45% 이상으로 높은 수준을 보이고 있어 우수한 할인율 전략을 구사하는 채널은 없는 상황입니다.\n(EC)티몰의 경우 45.8%로 상대적으로 낮은 할인율을 보이고 있으나, 전년대비 27.3%p 상승하여 할인율 관리에 어려움을 겪고 있습니다.\n두 채널 모두 할인율 개선이 시급한 상황으로, 근본적인 가격 전략 재검토가 필요합니다."
      },
      {
        "div": "종합분석-2",
        "sub_title": "주의 필요 채널",
        "ai_text": "(EC)할인몰은 57.6%의 매우 높은 할인율을 기록하며 전년대비 7.6%p 추가 상승하여 최우선 관리 대상입니다. 2025년 1월부터 할인율이 65%까지 급등한 후 지속적으로 높은 수준을 유지하고 있습니다.\n(EC)티몰도 45.8%의 높은 할인율로 주의가 필요하며, 특히 2024년 10월부터 할인율이 급격히 상승하여 현재까지 50% 내외를 지속하고 있어 수익성 악화가 우려됩니다."
      },
      {
        "div": "종합분석-3",
        "sub_title": "AI 권장사항",
        "ai_text": "• 즉시 실행: (EC)할인몰의 할인율을 50% 이하로 단계적 조정하고, 고수익 상품 믹스 확대를 통한 수익성 개선 추진\n• (EC)티몰은 2024년 상반기 수준(10-20%)으로 할인율 정상화를 위한 3개월 단위 단계적 조정 계획 수립 필요\n• 채널별 차별화된 상품 포트폴리오 구성으로 과도한 할인 의존도를 낮추고, 정가 판매 비중 확대 전략 도입\n• 월별 할인율 모니터링 체계 강화하여 40% 이상 시 즉시 대응하는 얼리워닝 시스템 구축 권장"
      }
    ]
  },
  "summary": {
    "total_discount_current": 55.2,
    "total_discount_previous": 19.6,
    "total_change_pct": 35.6,
    "unique_channels": 6,
    "unique_months": 21,
    "analysis_period_month": "2024년 9월 vs 2025년 9월",
    "analysis_period_trend": "2024년 1월 ~ 2025년 9월"
  },
  "channel_summary": {
    "(EC)티몰": {
      "current_discount": 45.8,
      "previous_discount": 18.5,
      "change_pct": 27.3,
      "trend_months": [
        "202401",
        "202402",
        "202403",
        "202404",
        "202405",
        "202406",
        "202407",
        "202408",
        "202409",
        "202410",
        "202411",
        "202412",
        "202501",
        "202502",
        "202503",
        "202504",
        "202505",
        "202506",
        "202507",
        "202508",
        "202509"
      ],
      "trend_values": [
        13.5,
        7.3,
        7.7,
        7.2,
        18.1,
        24.4,
        12.6,
        8.0,
        18.5,
        29.7,
        44.3,
        55.9,
        57.4,
        49.0,
        54.3,
        50.0,
        56.5,
        50.6,
        53.0,
        52.0,
        45.8
      ],
      "current_tag_sale": 25.0,
      "current_act_sale": 14.0,
      "previous_tag_sale": 20.0,
      "previous_act_sale": 16.0
    },
    "(EC)대리상": {
      "current_discount": 0,
      "previous_discount": 5.7,
      "change_pct": -5.7,
      "trend_months": [
        "202403",
        "202404",
        "202405",
        "202406",
        "202409",
        "202503"
      ],
      "trend_values": [
        1.3,
        7.6,
        12.9,
        5.0,
        5.7,
        50.0
      ],
      "current_tag_sale": 0.0,
      "current_act_sale": 0.0,
      "previous_tag_sale": 5.0,
      "previous_act_sale": 4.0
    },
    "(OFF)쇼핑몰": {
      "current_discount": 0,
      "previous_discount": 18.3,
      "change_pct": -18.3,
      "trend_months": [
        "202401",
        "202402",
        "202403",
        "202404",
        "202405",
        "202406",
        "202407",
        "202408",
        "202409",
        "202410",
        "202411",
        "202412",
        "202501",
        "202502",
        "202503",
        "202504",
        "202505",
        "202506"
      ],
      "trend_values": [
        13.2,
        15.5,
        15.2,
        14.5,
        15.5,
        17.1,
        17.8,
        12.5,
        18.3,
        26.9,
        47.8,
        56.9,
        57.2,
        55.4,
        45.0,
        48.8,
        49.7,
        56.0
      ],
      "current_tag_sale": 0.0,
      "current_act_sale": 0.0,
      "previous_tag_sale": 647.0,
      "previous_act_sale": 529.0
    },
    "(OFF)아울렛": {
      "current_discount": 77.6,
      "previous_discount": 0,
      "change_pct": 77.6,
      "trend_months": [
        "202408",
        "202503",
        "202504",
        "202505",
        "202506",
        "202507",
        "202508",
        "202509"
      ],
      "trend_values": [
        99.6,
        54.0,
        53.4,
        37.2,
        34.8,
        20.9,
        13.4,
        77.6
      ],
      "current_tag_sale": 917.0,
      "current_act_sale": 206.0,
      "previous_tag_sale": 0.0,
      "previous_act_sale": 0.0
    },
    "(EC)할인몰": {
      "current_discount": 57.6,
      "previous_discount": 50.0,
      "change_pct": 7.6,
      "trend_months": [
        "202405",
        "202406",
        "202407",
        "202408",
        "202409",
        "202410",
        "202411",
        "202501",
        "202502",
        "202503",
        "202504",
        "202505",
        "202506",
        "202507",
        "202508",
        "202509"
      ],
      "trend_values": [
        50.0,
        50.0,
        50.0,
        50.0,
        50.0,
        50.0,
        50.0,
        65.0,
        65.0,
        63.9,
        75.5,
        57.9,
        60.5,
        70.3,
        59.4,
        57.6
      ],
      "current_tag_sale": 99.0,
      "current_act_sale": 42.0,
      "previous_tag_sale": 1.0,
      "previous_act_sale": 0.0
    },
    "(OFF)대리상": {
      "current_discount": 0,
      "previous_discount": 5.1,
      "change_pct": -5.1,
      "trend_months": [
        "202401",
        "202402",
        "202403",
        "202404",
        "202405",
        "202406",
        "202407",
        "202408",
        "202409",
        "202410",
        "202411",
        "202412",
        "202501",
        "202502",
        "202503",
        "202504",
        "202505",
        "202507"
      ],
      "trend_values": [
        5.1,
        5.6,
        3.0,
        3.8,
        4.6,
        7.8,
        7.0,
        5.8,
        5.1,
        2.2,
        8.1,
        4.7,
        2.3,
        5.1,
        28.9,
        52.0,
        52.1,
        52.1
      ],
      "current_tag_sale": 0.0,
      "current_act_sale": 0.0,
      "previous_tag_sale": 304.0,
      "previous_act_sale": 288.0
    }
  },
  "trend_data": {
    "trend_months": [
      "202401",
      "202402",
      "202403",
      "202404",
      "202405",
      "202406",
      "202407",
      "202408",
      "202409",
      "202410",
      "202411",
      "202412",
      "202501",
      "202502",
      "202503",
      "202504",
      "202505",
      "202506",
      "202507",
      "202508",
      "202509"
    ],
    "monthly_totals": [
      {
        "yyyymm": "202401",
        "tag_sale_amt": 1903.0,
        "act_sale_amt": 1759.0,
        "discount_pct": 7.6
      },
      {
        "yyyymm": "202402",
        "tag_sale_amt": 1867.0,
        "act_sale_amt": 1724.0,
        "discount_pct": 7.6
      },
      {
        "yyyymm": "202403",
        "tag_sale_amt": 1292.0,
        "act_sale_amt": 1206.0,
        "discount_pct": 6.6
      },
      {
        "yyyymm": "202404",
        "tag_sale_amt": 1343.0,
        "act_sale_amt": 1249.0,
        "discount_pct": 7.0
      },
      {
        "yyyymm": "202405",
        "tag_sale_amt": 1190.0,
        "act_sale_amt": 1078.0,
        "discount_pct": 9.4
      },
      {
        "yyyymm": "202406",
        "tag_sale_amt": 1178.0,
        "act_sale_amt": 1031.0,
        "discount_pct": 12.5
      },
      {
        "yyyymm": "202407",
        "tag_sale_amt": 1351.0,
        "act_sale_amt": 1184.0,
        "discount_pct": 12.4
      },
      {
        "yyyymm": "202408",
        "tag_sale_amt": 1347.0,
        "act_sale_amt": 1086.0,
        "discount_pct": 19.3
      },
      {
        "yyyymm": "202409",
        "tag_sale_amt": 976.0,
        "act_sale_amt": 838.0,
        "discount_pct": 14.2
      },
      {
        "yyyymm": "202410",
        "tag_sale_amt": 1705.0,
        "act_sale_amt": 1344.0,
        "discount_pct": 21.1
      },
      {
        "yyyymm": "202411",
        "tag_sale_amt": 2490.0,
        "act_sale_amt": 1370.0,
        "discount_pct": 45.0
      },
      {
        "yyyymm": "202412",
        "tag_sale_amt": 4294.0,
        "act_sale_amt": 1962.0,
        "discount_pct": 54.3
      },
      {
        "yyyymm": "202501",
        "tag_sale_amt": 4042.0,
        "act_sale_amt": 1834.0,
        "discount_pct": 54.6
      },
      {
        "yyyymm": "202502",
        "tag_sale_amt": 1637.0,
        "act_sale_amt": 819.0,
        "discount_pct": 50.0
      },
      {
        "yyyymm": "202503",
        "tag_sale_amt": 638.0,
        "act_sale_amt": 325.0,
        "discount_pct": 49.1
      },
      {
        "yyyymm": "202504",
        "tag_sale_amt": 1453.0,
        "act_sale_amt": 469.0,
        "discount_pct": 67.7
      },
      {
        "yyyymm": "202505",
        "tag_sale_amt": 809.0,
        "act_sale_amt": 419.0,
        "discount_pct": 48.3
      },
      {
        "yyyymm": "202506",
        "tag_sale_amt": 561.0,
        "act_sale_amt": 288.0,
        "discount_pct": 48.8
      },
      {
        "yyyymm": "202507",
        "tag_sale_amt": 838.0,
        "act_sale_amt": 483.0,
        "discount_pct": 42.3
      },
      {
        "yyyymm": "202508",
        "tag_sale_amt": 720.0,
        "act_sale_amt": 573.0,
        "discount_pct": 20.4
      },
      {
        "yyyymm": "202509",
        "tag_sale_amt": 1042.0,
        "act_sale_amt": 261.0,
        "discount_pct": 74.9
      }
    ],
    "channel_trends": {
      "(EC)티몰": {
        "202509": 45.8,
        "202508": 52.0,
        "202507": 53.0,
        "202506": 50.6,
        "202505": 56.5,
        "202504": 50.0,
        "202503": 54.3,
        "202502": 49.0,
        "202501": 57.4,
        "202412": 55.9,
        "202411": 44.3,
        "202410": 29.7,
        "202409": 18.5,
        "202408": 8.0,
        "202407": 12.6,
        "202406": 24.4,
        "202405": 18.1,
        "202404": 7.2,
        "202403": 7.7,
        "202402": 7.3,
        "202401": 13.5
      },
      "(EC)할인몰": {
        "202509": 57.6,
        "202508": 59.4,
        "202507": 70.3,
        "202506": 60.5,
        "202505": 57.9,
        "202504": 75.5,
        "202503": 63.9,
        "202502": 65.0,
        "202501": 65.0,
        "202411": 50.0,
        "202410": 50.0,
        "202409": 50.0,
        "202408": 50.0,
        "202407": 50.0,
        "202406": 50.0,
        "202405": 50.0
      },
      "(OFF)아울렛": {
        "202509": 77.6,
        "202508": 13.4,
        "202507": 20.9,
        "202506": 34.8,
        "202505": 37.2,
        "202504": 53.4,
        "202503": 54.0,
        "202408": 99.6
      },
      "(OFF)대리상": {
        "202507": 52.1,
        "202505": 52.1,
        "202504": 52.0,
        "202503": 28.9,
        "202502": 5.1,
        "202501": 2.3,
        "202412": 4.7,
        "202411": 8.1,
        "202410": 2.2,
        "202409": 5.1,
        "202408": 5.8,
        "202407": 7.0,
        "202406": 7.8,
        "202405": 4.6,
        "202404": 3.8,
        "202403": 3.0,
        "202402": 5.6,
        "202401": 5.1
      },
      "(OFF)쇼핑몰": {
        "202506": 56.0,
        "202505": 49.7,
        "202504": 48.8,
        "202503": 45.0,
        "202502": 55.4,
        "202501": 57.2,
        "202412": 56.9,
        "202411": 47.8,
        "202410": 26.9,
        "202409": 18.3,
        "202408": 12.5,
        "202407": 17.8,
        "202406": 17.1,
        "202405": 15.5,
        "202404": 14.5,
        "202403": 15.2,
        "202402": 15.5,
        "202401": 13.2
      },
      "(EC)대리상": {
        "202503": 50.0,
        "202409": 5.7,
        "202406": 5.0,
        "202405": 12.9,
        "202404": 7.6,
        "202403": 1.3
      }
    }
  },
  "raw_data": {
    "sample_records": [
      {
        "YYYYMM": "202509",
        "BRD_CD": "W",
        "CHNL_NM": "(EC)티몰",
        "TAG_SALE_AMT": 25341.0,
        "ACT_SALE_AMT": 13743.199999999999,
        "DISCOUNT_PCT": 45.8
      },
      {
        "YYYYMM": "202509",
        "BRD_CD": "W",
        "CHNL_NM": "(EC)할인몰",
        "TAG_SALE_AMT": 99351.0,
        "ACT_SALE_AMT": 42084.95,
        "DISCOUNT_PCT": 57.6
      },
      {
        "YYYYMM": "202509",
        "BRD_CD": "W",
        "CHNL_NM": "(OFF)아울렛",
        "TAG_SALE_AMT": 916846.0,
        "ACT_SALE_AMT": 205504.4,
        "DISCOUNT_PCT": 77.6
      },
      {
        "YYYYMM": "202508",
        "BRD_CD": "W",
        "CHNL_NM": "(EC)티몰",
        "TAG_SALE_AMT": 41219.0,
        "ACT_SALE_AMT": 19796.25,
        "DISCOUNT_PCT": 52.0
      },
      {
        "YYYYMM": "202508",
        "BRD_CD": "W",
        "CHNL_NM": "(EC)할인몰",
        "TAG_SALE_AMT": 74529.0,
        "ACT_SALE_AMT": 30235.0,
        "DISCOUNT_PCT": 59.4
      },
      {
        "YYYYMM": "202508",
        "BRD_CD": "W",
        "CHNL_NM": "(OFF)아울렛",
        "TAG_SALE_AMT": 603991.0,
        "ACT_SALE_AMT": 522981.0,
        "DISCOUNT_PCT": 13.4
      },
      {
        "YYYYMM": "202507",
        "BRD_CD": "W",
        "CHNL_NM": "(EC)티몰",
        "TAG_SALE_AMT": 73010.0,
        "ACT_SALE_AMT": 34317.65,
        "DISCOUNT_PCT": 53.0
      },
      {
        "YYYYMM": "202507",
        "BRD_CD": "W",
        "CHNL_NM": "(EC)할인몰",
        "TAG_SALE_AMT": 314029.0,
        "ACT_SALE_AMT": 93164.85,
        "DISCOUNT_PCT": 70.3
      },
      {
        "YYYYMM": "202507",
        "BRD_CD": "W",
        "CHNL_NM": "(OFF)대리상",
        "TAG_SALE_AMT": 898.0,
        "ACT_SALE_AMT": 430.0,
        "DISCOUNT_PCT": 52.1
      },
      {
        "YYYYMM": "202507",
        "BRD_CD": "W",
        "CHNL_NM": "(OFF)아울렛",
        "TAG_SALE_AMT": 449597.0,
        "ACT_SALE_AMT": 355541.0,
        "DISCOUNT_PCT": 20.9
      },
      {
        "YYYYMM": "202506",
        "BRD_CD": "W",
        "CHNL_NM": "(EC)티몰",
        "TAG_SALE_AMT": 94814.0,
        "ACT_SALE_AMT": 46852.93,
        "DISCOUNT_PCT": 50.6
      },
      {
        "YYYYMM": "202506",
        "BRD_CD": "W",
        "CHNL_NM": "(EC)할인몰",
        "TAG_SALE_AMT": 146722.0,
        "ACT_SALE_AMT": 57940.55,
        "DISCOUNT_PCT": 60.5
      },
      {
        "YYYYMM": "202506",
        "BRD_CD": "W",
        "CHNL_NM": "(OFF)쇼핑몰",
        "TAG_SALE_AMT": 120917.0,
        "ACT_SALE_AMT": 53180.0,
        "DISCOUNT_PCT": 56.0
      },
      {
        "YYYYMM": "202506",
        "BRD_CD": "W",
        "CHNL_NM": "(OFF)아울렛",
        "TAG_SALE_AMT": 199041.0,
        "ACT_SALE_AMT": 129755.4667,
        "DISCOUNT_PCT": 34.8
      },
      {
        "YYYYMM": "202505",
        "BRD_CD": "W",
        "CHNL_NM": "(EC)티몰",
        "TAG_SALE_AMT": 104358.0,
        "ACT_SALE_AMT": 45349.73,
        "DISCOUNT_PCT": 56.5
      },
      {
        "YYYYMM": "202505",
        "BRD_CD": "W",
        "CHNL_NM": "(EC)할인몰",
        "TAG_SALE_AMT": 174217.0,
        "ACT_SALE_AMT": 73346.45,
        "DISCOUNT_PCT": 57.9
      },
      {
        "YYYYMM": "202505",
        "BRD_CD": "W",
        "CHNL_NM": "(OFF)대리상",
        "TAG_SALE_AMT": 2497.0,
        "ACT_SALE_AMT": 1197.0,
        "DISCOUNT_PCT": 52.1
      },
      {
        "YYYYMM": "202505",
        "BRD_CD": "W",
        "CHNL_NM": "(OFF)쇼핑몰",
        "TAG_SALE_AMT": 264165.0,
        "ACT_SALE_AMT": 132951.0,
        "DISCOUNT_PCT": 49.7
      },
      {
        "YYYYMM": "202505",
        "BRD_CD": "W",
        "CHNL_NM": "(OFF)아울렛",
        "TAG_SALE_AMT": 264014.0,
        "ACT_SALE_AMT": 165897.4,
        "DISCOUNT_PCT": 37.2
      },
      {
        "YYYYMM": "202504",
        "BRD_CD": "W",
        "CHNL_NM": "(EC)티몰",
        "TAG_SALE_AMT": 132146.0,
        "ACT_SALE_AMT": 66035.96,
        "DISCOUNT_PCT": 50.0
      },
      {
        "YYYYMM": "202504",
        "BRD_CD": "W",
        "CHNL_NM": "(EC)할인몰",
        "TAG_SALE_AMT": 999745.0,
        "ACT_SALE_AMT": 244845.3,
        "DISCOUNT_PCT": 75.5
      },
      {
        "YYYYMM": "202504",
        "BRD_CD": "W",
        "CHNL_NM": "(OFF)대리상",
        "TAG_SALE_AMT": 4796.0,
        "ACT_SALE_AMT": 2300.0,
        "DISCOUNT_PCT": 52.0
      },
      {
        "YYYYMM": "202504",
        "BRD_CD": "W",
        "CHNL_NM": "(OFF)쇼핑몰",
        "TAG_SALE_AMT": 191233.0,
        "ACT_SALE_AMT": 97931.0,
        "DISCOUNT_PCT": 48.8
      },
      {
        "YYYYMM": "202504",
        "BRD_CD": "W",
        "CHNL_NM": "(OFF)아울렛",
        "TAG_SALE_AMT": 124644.0,
        "ACT_SALE_AMT": 58129.0,
        "DISCOUNT_PCT": 53.4
      },
      {
        "YYYYMM": "202503",
        "BRD_CD": "W",
        "CHNL_NM": "(EC)대리상",
        "TAG_SALE_AMT": 6333.0,
        "ACT_SALE_AMT": 3169.0,
        "DISCOUNT_PCT": 50.0
      },
      {
        "YYYYMM": "202503",
        "BRD_CD": "W",
        "CHNL_NM": "(EC)티몰",
        "TAG_SALE_AMT": 146236.0,
        "ACT_SALE_AMT": 66793.43000000001,
        "DISCOUNT_PCT": 54.3
      },
      {
        "YYYYMM": "202503",
        "BRD_CD": "W",
        "CHNL_NM": "(EC)할인몰",
        "TAG_SALE_AMT": 18503.0,
        "ACT_SALE_AMT": 6672.7,
        "DISCOUNT_PCT": 63.9
      },
      {
        "YYYYMM": "202503",
        "BRD_CD": "W",
        "CHNL_NM": "(OFF)대리상",
        "TAG_SALE_AMT": 12254.0,
        "ACT_SALE_AMT": 8718.0,
        "DISCOUNT_PCT": 28.9
      },
      {
        "YYYYMM": "202503",
        "BRD_CD": "W",
        "CHNL_NM": "(OFF)쇼핑몰",
        "TAG_SALE_AMT": 334216.0,
        "ACT_SALE_AMT": 183857.0,
        "DISCOUNT_PCT": 45.0
      },
      {
        "YYYYMM": "202503",
        "BRD_CD": "W",
        "CHNL_NM": "(OFF)아울렛",
        "TAG_SALE_AMT": 120872.0,
        "ACT_SALE_AMT": 55575.0,
        "DISCOUNT_PCT": 54.0
      },
      {
        "YYYYMM": "202502",
        "BRD_CD": "W",
        "CHNL_NM": "(EC)티몰",
        "TAG_SALE_AMT": 102375.0,
        "ACT_SALE_AMT": 52213.520000000004,
        "DISCOUNT_PCT": 49.0
      },
      {
        "YYYYMM": "202502",
        "BRD_CD": "W",
        "CHNL_NM": "(EC)할인몰",
        "TAG_SALE_AMT": 16053.0,
        "ACT_SALE_AMT": 5618.55,
        "DISCOUNT_PCT": 65.0
      },
      {
        "YYYYMM": "202502",
        "BRD_CD": "W",
        "CHNL_NM": "(OFF)대리상",
        "TAG_SALE_AMT": 165304.0,
        "ACT_SALE_AMT": 156836.0,
        "DISCOUNT_PCT": 5.1
      },
      {
        "YYYYMM": "202502",
        "BRD_CD": "W",
        "CHNL_NM": "(OFF)쇼핑몰",
        "TAG_SALE_AMT": 1353133.0,
        "ACT_SALE_AMT": 604111.0,
        "DISCOUNT_PCT": 55.4
      },
      {
        "YYYYMM": "202501",
        "BRD_CD": "W",
        "CHNL_NM": "(EC)티몰",
        "TAG_SALE_AMT": 289463.0,
        "ACT_SALE_AMT": 123436.08,
        "DISCOUNT_PCT": 57.4
      },
      {
        "YYYYMM": "202501",
        "BRD_CD": "W",
        "CHNL_NM": "(EC)할인몰",
        "TAG_SALE_AMT": 1417.0,
        "ACT_SALE_AMT": 495.95000000000005,
        "DISCOUNT_PCT": 65.0
      },
      {
        "YYYYMM": "202501",
        "BRD_CD": "W",
        "CHNL_NM": "(OFF)대리상",
        "TAG_SALE_AMT": 193194.0,
        "ACT_SALE_AMT": 188826.0,
        "DISCOUNT_PCT": 2.3
      },
      {
        "YYYYMM": "202501",
        "BRD_CD": "W",
        "CHNL_NM": "(OFF)쇼핑몰",
        "TAG_SALE_AMT": 3557656.0,
        "ACT_SALE_AMT": 1521730.0,
        "DISCOUNT_PCT": 57.2
      },
      {
        "YYYYMM": "202412",
        "BRD_CD": "W",
        "CHNL_NM": "(EC)티몰",
        "TAG_SALE_AMT": 376347.0,
        "ACT_SALE_AMT": 165824.46,
        "DISCOUNT_PCT": 55.9
      },
      {
        "YYYYMM": "202412",
        "BRD_CD": "W",
        "CHNL_NM": "(OFF)대리상",
        "TAG_SALE_AMT": 207897.0,
        "ACT_SALE_AMT": 198169.0,
        "DISCOUNT_PCT": 4.7
      },
      {
        "YYYYMM": "202412",
        "BRD_CD": "W",
        "CHNL_NM": "(OFF)쇼핑몰",
        "TAG_SALE_AMT": 3709790.0,
        "ACT_SALE_AMT": 1598342.0,
        "DISCOUNT_PCT": 56.9
      },
      {
        "YYYYMM": "202411",
        "BRD_CD": "W",
        "CHNL_NM": "(EC)티몰",
        "TAG_SALE_AMT": 267781.0,
        "ACT_SALE_AMT": 149020.29,
        "DISCOUNT_PCT": 44.3
      },
      {
        "YYYYMM": "202411",
        "BRD_CD": "W",
        "CHNL_NM": "(EC)할인몰",
        "TAG_SALE_AMT": 749.0,
        "ACT_SALE_AMT": 374.5,
        "DISCOUNT_PCT": 50.0
      },
      {
        "YYYYMM": "202411",
        "BRD_CD": "W",
        "CHNL_NM": "(OFF)대리상",
        "TAG_SALE_AMT": 151112.0,
        "ACT_SALE_AMT": 138828.0,
        "DISCOUNT_PCT": 8.1
      },
      {
        "YYYYMM": "202411",
        "BRD_CD": "W",
        "CHNL_NM": "(OFF)쇼핑몰",
        "TAG_SALE_AMT": 2069897.0,
        "ACT_SALE_AMT": 1081511.0,
        "DISCOUNT_PCT": 47.8
      },
      {
        "YYYYMM": "202410",
        "BRD_CD": "W",
        "CHNL_NM": "(EC)티몰",
        "TAG_SALE_AMT": 126366.0,
        "ACT_SALE_AMT": 88817.26,
        "DISCOUNT_PCT": 29.7
      },
      {
        "YYYYMM": "202410",
        "BRD_CD": "W",
        "CHNL_NM": "(EC)할인몰",
        "TAG_SALE_AMT": 4346.0,
        "ACT_SALE_AMT": 2173.0,
        "DISCOUNT_PCT": 50.0
      },
      {
        "YYYYMM": "202410",
        "BRD_CD": "W",
        "CHNL_NM": "(OFF)대리상",
        "TAG_SALE_AMT": 415285.0,
        "ACT_SALE_AMT": 406094.8,
        "DISCOUNT_PCT": 2.2
      },
      {
        "YYYYMM": "202410",
        "BRD_CD": "W",
        "CHNL_NM": "(OFF)쇼핑몰",
        "TAG_SALE_AMT": 1158791.0,
        "ACT_SALE_AMT": 847282.0,
        "DISCOUNT_PCT": 26.9
      },
      {
        "YYYYMM": "202409",
        "BRD_CD": "W",
        "CHNL_NM": "(EC)대리상",
        "TAG_SALE_AMT": 4674.0,
        "ACT_SALE_AMT": 4406.4,
        "DISCOUNT_PCT": 5.7
      }
    ],
    "total_records_count": 87
  }
}