{
  "country": "CN",
  "brand_cd": "M",
  "brand_name": "MLB",
  "yyyymm": "202506",
  "yyyymm_py": "202411",
  "key": "(대리상오프)점당매출",
  "sub_key": "(대리상오프)점당매출 AI 분석",
  "analysis_data": {
    "title": "오프라인 대리상 점당매출 종합분석",
    "sections": [
      {
        "div": "종합분석-1",
        "sub_title": "우수 대리상",
        "ai_text": "**매출 규모 및 성장률 기준 우수 대리상**\n\n• **CHENGDU SHIDAI OUTLET (CN5996)**: 18,099k로 최고 매출 달성\n  - 1월 전년 대비 21.4% 성장으로 강력한 신년 시작\n  - 3-4월 안정적 성장세(1.0%, 6.2%) 유지\n\n• **BEIJING HUAXIANG OUTLET (CN5885)**: 12,926k, 전년 대비 35.5% 급성장\n  - 1월 87.0% 폭발적 성장으로 연간 성장 견인\n  - 4-5월 지속적 고성장(39.2%, 43.4%) 유지\n\n• **SHENZHEN DAMEISHA OUTLET (CN6276)**: 9,874k, 전년 대비 46.7% 성장\n  - 1월 283.6% 급증으로 신규 확장 효과 극대화\n  - 3-5월 30% 이상 안정적 성장세 지속\n\n• **BEIJING BADALING OUTLET (CN5569)**: 12,953k, 전년 대비 17.0% 성장\n  - 1월 59.7%, 4-5월 24-29% 성장으로 관광지 특성 활용 성공\n\n**성공 요인 분석**\n- 아울렛 업태 대리상들의 압도적 성과 (가격 경쟁력)\n- 베이징/선전 등 1급 도시 입지 우위\n- 1월 신년 특수 효과적 활용"
      },
      {
        "div": "종합분석-2",
        "sub_title": "수익성 개선 필요",
        "ai_text": "**매출 감소 및 부진 대리상**\n\n• **SUZHOU CENTER (CN5091)**: 10,641k, 전년 대비 -19.6% 급감\n  - 2월 -58.7% 폭락 후 지속적 마이너스 성장\n  - 프리미엄 몰 대비 경쟁력 약화 우려\n\n• **ZZ DAWEICHENG (CN5005)**: 8,894k, 전년 대비 -19.4% 감소\n  - 2월 -53.0% 급락 후 전 월 마이너스 성장\n  - 지역 경제 침체 영향으로 추정\n\n• **CHANGCHUN OUYA 1F (CN5118)**: 8,606k, 전년 대비 -12.6% 감소\n  - 6월 -38.6% 급락으로 하반기 부진 심각\n  - 동북지역 소비 위축 영향\n\n• **GUANGZHOU GRANDVIEW (CN5162)**: 12,996k, 전년 대비 -10.9% 감소\n  - 2월 -52.2% 급락 후 지속적 부진\n  - 광저우 지역 내 경쟁 심화로 추정\n\n**부진 원인 분석**\n- 프리미엄 몰 업태의 소비 위축 영향\n- 2월 춘절 이후 회복 지연\n- 지역별 경제 상황 및 경쟁 환경 악화\n- 동북지역 전반적 소비력 저하"
      },
      {
        "div": "종합분석-3",
        "sub_title": "인사이트",
        "ai_text": "**핵심 인사이트 및 전략적 시사점**\n\n**1. 업태별 성과 격차 심화**\n- 아울렛 업태: 평균 30% 이상 성장 vs 프리미엄 몰: 10% 이상 감소\n- 가격 민감도 증가로 아울렛 선호 현상 가속화\n- 업태별 차별화된 상품 구성 및 마케팅 전략 필요\n\n**2. 지역별 양극화 현상**\n- 1급 도시(베이징/선전): 강력한 성장 동력 유지\n- 2-3급 도시: 소비 위축으로 고전\n- 지역별 맞춤형 운영 전략 및 상품 포트폴리오 조정 필요\n\n**3. 계절성 패턴 변화**\n- 1월 신년 특수 효과 극대화 성공\n- 2월 춘절 이후 회복 속도 차이로 성과 격차 발생\n- 월별 프로모션 및 재고 관리 전략 고도화 필요\n\n**즉시 실행 액션플랜**\n- 우수 대리상 성공 모델 벤치마킹 및 확산\n- 부진 대리상 대상 긴급 지원 프로그램 실시\n- 아울렛 업태 확대 및 프리미엄 몰 포지셔닝 재검토\n- 지역별 차별화된 상품 기획 및 가격 정책 수립"
      }
    ]
  },
  "summary": {
    "total_cy": 3053407.0,
    "total_py": 2986164.0,
    "change_pct": 2.3,
    "total_agents": 921,
    "analysis_period": "2025년 1월 ~ 2025년 11월 vs 2024년 1월 ~ 2024년 11월"
  },
  "agent_summary": [
    {
      "shop_cd": "CN5996",
      "shop_en_nm": "CHENGDU  SHIDAI OUTLET",
      "total_cy": 18099.0,
      "total_py": 18615.0,
      "total_change_pct": -2.8,
      "months": {
        "202501": {
          "cy": 4498.0,
          "py": 3706.0,
          "change_pct": 21.4
        },
        "202502": {
          "cy": 2384.0,
          "py": 3301.0,
          "change_pct": -27.8
        },
        "202503": {
          "cy": 2900.0,
          "py": 2872.0,
          "change_pct": 1.0
        },
        "202504": {
          "cy": 3067.0,
          "py": 2887.0,
          "change_pct": 6.2
        },
        "202505": {
          "cy": 2919.0,
          "py": 3064.0,
          "change_pct": -4.7
        },
        "202506": {
          "cy": 2330.0,
          "py": 2785.0,
          "change_pct": -16.3
        }
      }
    },
    {
      "shop_cd": "CN5980",
      "shop_en_nm": "BEIJING SHOUCHUANG OUTLET",
      "total_cy": 16441.0,
      "total_py": 16849.0,
      "total_change_pct": -2.4,
      "months": {
        "202501": {
          "cy": 5122.0,
          "py": 2943.0,
          "change_pct": 74.1
        },
        "202502": {
          "cy": 2005.0,
          "py": 3342.0,
          "change_pct": -40.0
        },
        "202503": {
          "cy": 2705.0,
          "py": 2843.0,
          "change_pct": -4.8
        },
        "202504": {
          "cy": 2283.0,
          "py": 2963.0,
          "change_pct": -22.9
        },
        "202505": {
          "cy": 2565.0,
          "py": 2746.0,
          "change_pct": -6.6
        },
        "202506": {
          "cy": 1761.0,
          "py": 2012.0,
          "change_pct": -12.5
        }
      }
    },
    {
      "shop_cd": "CN5418",
      "shop_en_nm": "SHENZHEN WAREHOUSE 8",
      "total_cy": 15998.0,
      "total_py": 15276.0,
      "total_change_pct": 4.7,
      "months": {
        "202501": {
          "cy": 3882.0,
          "py": 3426.0,
          "change_pct": 13.3
        },
        "202502": {
          "cy": 2511.0,
          "py": 3204.0,
          "change_pct": -21.6
        },
        "202503": {
          "cy": 2402.0,
          "py": 1847.0,
          "change_pct": 30.0
        },
        "202504": {
          "cy": 2159.0,
          "py": 2104.0,
          "change_pct": 2.6
        },
        "202505": {
          "cy": 2756.0,
          "py": 2390.0,
          "change_pct": 15.3
        },
        "202506": {
          "cy": 2289.0,
          "py": 2305.0,
          "change_pct": -0.7
        }
      }
    },
    {
      "shop_cd": "CN5490",
      "shop_en_nm": "GUANGZHOU WANGUO",
      "total_cy": 14336.0,
      "total_py": 13676.0,
      "total_change_pct": 4.8,
      "months": {
        "202501": {
          "cy": 4800.0,
          "py": 2923.0,
          "change_pct": 64.2
        },
        "202502": {
          "cy": 1890.0,
          "py": 2420.0,
          "change_pct": -21.9
        },
        "202503": {
          "cy": 1890.0,
          "py": 1998.0,
          "change_pct": -5.4
        },
        "202504": {
          "cy": 2079.0,
          "py": 2471.0,
          "change_pct": -15.9
        },
        "202505": {
          "cy": 1933.0,
          "py": 2289.0,
          "change_pct": -15.6
        },
        "202506": {
          "cy": 1744.0,
          "py": 1576.0,
          "change_pct": 10.7
        }
      }
    },
    {
      "shop_cd": "CN5162",
      "shop_en_nm": "GUANGZHOU GRANDVIEW",
      "total_cy": 12996.0,
      "total_py": 14584.0,
      "total_change_pct": -10.9,
      "months": {
        "202501": {
          "cy": 4623.0,
          "py": 3560.0,
          "change_pct": 29.8
        },
        "202502": {
          "cy": 1431.0,
          "py": 2995.0,
          "change_pct": -52.2
        },
        "202503": {
          "cy": 1755.0,
          "py": 2000.0,
          "change_pct": -12.3
        },
        "202504": {
          "cy": 1769.0,
          "py": 2029.0,
          "change_pct": -12.8
        },
        "202505": {
          "cy": 1798.0,
          "py": 2180.0,
          "change_pct": -17.5
        },
        "202506": {
          "cy": 1620.0,
          "py": 1820.0,
          "change_pct": -11.0
        }
      }
    },
    {
      "shop_cd": "CN5569",
      "shop_en_nm": "BEIJING BADALING OUTLET",
      "total_cy": 12953.0,
      "total_py": 11071.0,
      "total_change_pct": 17.0,
      "months": {
        "202501": {
          "cy": 3638.0,
          "py": 2278.0,
          "change_pct": 59.7
        },
        "202502": {
          "cy": 1975.0,
          "py": 2449.0,
          "change_pct": -19.4
        },
        "202503": {
          "cy": 1809.0,
          "py": 1843.0,
          "change_pct": -1.8
        },
        "202504": {
          "cy": 2227.0,
          "py": 1792.0,
          "change_pct": 24.3
        },
        "202505": {
          "cy": 2151.0,
          "py": 1668.0,
          "change_pct": 29.0
        },
        "202506": {
          "cy": 1153.0,
          "py": 1041.0,
          "change_pct": 10.7
        }
      }
    },
    {
      "shop_cd": "CN5885",
      "shop_en_nm": "BEIJING HUAXIANG OUTLET",
      "total_cy": 12926.0,
      "total_py": 9541.0,
      "total_change_pct": 35.5,
      "months": {
        "202501": {
          "cy": 3844.0,
          "py": 2055.0,
          "change_pct": 87.0
        },
        "202502": {
          "cy": 2030.0,
          "py": 2104.0,
          "change_pct": -3.5
        },
        "202503": {
          "cy": 2028.0,
          "py": 1735.0,
          "change_pct": 16.8
        },
        "202504": {
          "cy": 2120.0,
          "py": 1523.0,
          "change_pct": 39.2
        },
        "202505": {
          "cy": 1748.0,
          "py": 1219.0,
          "change_pct": 43.4
        },
        "202506": {
          "cy": 1156.0,
          "py": 905.0,
          "change_pct": 27.8
        }
      }
    },
    {
      "shop_cd": "CN5024",
      "shop_en_nm": "BEIJING DAXING LIVAT",
      "total_cy": 12235.0,
      "total_py": 13360.0,
      "total_change_pct": -8.4,
      "months": {
        "202501": {
          "cy": 3775.0,
          "py": 2206.0,
          "change_pct": 71.1
        },
        "202502": {
          "cy": 1411.0,
          "py": 2737.0,
          "change_pct": -48.5
        },
        "202503": {
          "cy": 2126.0,
          "py": 2290.0,
          "change_pct": -7.1
        },
        "202504": {
          "cy": 1763.0,
          "py": 2363.0,
          "change_pct": -25.4
        },
        "202505": {
          "cy": 1757.0,
          "py": 2047.0,
          "change_pct": -14.2
        },
        "202506": {
          "cy": 1403.0,
          "py": 1717.0,
          "change_pct": -18.3
        }
      }
    },
    {
      "shop_cd": "CN5131",
      "shop_en_nm": "CHANGSHA JIULONGCANG IFS 3F",
      "total_cy": 12005.0,
      "total_py": 12893.0,
      "total_change_pct": -6.9,
      "months": {
        "202501": {
          "cy": 2972.0,
          "py": 2427.0,
          "change_pct": 22.5
        },
        "202502": {
          "cy": 1623.0,
          "py": 3000.0,
          "change_pct": -45.9
        },
        "202503": {
          "cy": 1775.0,
          "py": 2227.0,
          "change_pct": -20.3
        },
        "202504": {
          "cy": 1906.0,
          "py": 756.0,
          "change_pct": 152.2
        },
        "202505": {
          "cy": 2025.0,
          "py": 2418.0,
          "change_pct": -16.3
        },
        "202506": {
          "cy": 1704.0,
          "py": 2065.0,
          "change_pct": -17.5
        }
      }
    },
    {
      "shop_cd": "CN5323",
      "shop_en_nm": "SUZHOU VILLAGE POP-UP",
      "total_cy": 11488.0,
      "total_py": 9410.0,
      "total_change_pct": 22.1,
      "months": {
        "202501": {
          "cy": 3299.0,
          "py": 0.0,
          "change_pct": 0
        },
        "202502": {
          "cy": 1318.0,
          "py": 2444.0,
          "change_pct": -46.1
        },
        "202503": {
          "cy": 1801.0,
          "py": 1773.0,
          "change_pct": 1.6
        },
        "202504": {
          "cy": 1829.0,
          "py": 1810.0,
          "change_pct": 1.0
        },
        "202505": {
          "cy": 1818.0,
          "py": 2066.0,
          "change_pct": -12.0
        },
        "202506": {
          "cy": 1424.0,
          "py": 1317.0,
          "change_pct": 8.1
        }
      }
    },
    {
      "shop_cd": "CN5089",
      "shop_en_nm": "HANGZHOU XIASHA  OUTLET",
      "total_cy": 11446.0,
      "total_py": 10834.0,
      "total_change_pct": 5.6,
      "months": {
        "202501": {
          "cy": 3242.0,
          "py": 2545.0,
          "change_pct": 27.4
        },
        "202502": {
          "cy": 1489.0,
          "py": 2881.0,
          "change_pct": -48.3
        },
        "202503": {
          "cy": 1538.0,
          "py": 1664.0,
          "change_pct": -7.6
        },
        "202504": {
          "cy": 1571.0,
          "py": 1513.0,
          "change_pct": 3.8
        },
        "202505": {
          "cy": 2144.0,
          "py": 1265.0,
          "change_pct": 69.5
        },
        "202506": {
          "cy": 1463.0,
          "py": 967.0,
          "change_pct": 51.3
        }
      }
    },
    {
      "shop_cd": "CN5091",
      "shop_en_nm": "SUZHOU CENTER",
      "total_cy": 10641.0,
      "total_py": 13234.0,
      "total_change_pct": -19.6,
      "months": {
        "202501": {
          "cy": 2753.0,
          "py": 2330.0,
          "change_pct": 18.1
        },
        "202502": {
          "cy": 1232.0,
          "py": 2984.0,
          "change_pct": -58.7
        },
        "202503": {
          "cy": 1740.0,
          "py": 2061.0,
          "change_pct": -15.6
        },
        "202504": {
          "cy": 1681.0,
          "py": 1963.0,
          "change_pct": -14.4
        },
        "202505": {
          "cy": 1769.0,
          "py": 2006.0,
          "change_pct": -11.8
        },
        "202506": {
          "cy": 1465.0,
          "py": 1889.0,
          "change_pct": -22.4
        }
      }
    },
    {
      "shop_cd": "CN6276",
      "shop_en_nm": "SHENZHEN DAMEISHA OUTLET",
      "total_cy": 9874.0,
      "total_py": 6728.0,
      "total_change_pct": 46.7,
      "months": {
        "202501": {
          "cy": 2191.0,
          "py": 571.0,
          "change_pct": 283.6
        },
        "202502": {
          "cy": 1806.0,
          "py": 1567.0,
          "change_pct": 15.2
        },
        "202503": {
          "cy": 1736.0,
          "py": 1262.0,
          "change_pct": 37.6
        },
        "202504": {
          "cy": 1650.0,
          "py": 1228.0,
          "change_pct": 34.4
        },
        "202505": {
          "cy": 1505.0,
          "py": 1120.0,
          "change_pct": 34.4
        },
        "202506": {
          "cy": 985.0,
          "py": 980.0,
          "change_pct": 0.5
        }
      }
    },
    {
      "shop_cd": "CN5242",
      "shop_en_nm": "TIANJIN JOY CITY",
      "total_cy": 9834.0,
      "total_py": 10802.0,
      "total_change_pct": -9.0,
      "months": {
        "202501": {
          "cy": 3452.0,
          "py": 2427.0,
          "change_pct": 42.2
        },
        "202502": {
          "cy": 1092.0,
          "py": 2430.0,
          "change_pct": -55.1
        },
        "202503": {
          "cy": 1441.0,
          "py": 1681.0,
          "change_pct": -14.3
        },
        "202504": {
          "cy": 1330.0,
          "py": 1614.0,
          "change_pct": -17.6
        },
        "202505": {
          "cy": 1429.0,
          "py": 1433.0,
          "change_pct": -0.3
        },
        "202506": {
          "cy": 1091.0,
          "py": 1216.0,
          "change_pct": -10.3
        }
      }
    },
    {
      "shop_cd": "CN5202",
      "shop_en_nm": "YANCHENG JIANJUNLU GOLDEN EAGLE",
      "total_cy": 9537.0,
      "total_py": 7048.0,
      "total_change_pct": 35.3,
      "months": {
        "202501": {
          "cy": 3939.0,
          "py": 1673.0,
          "change_pct": 135.5
        },
        "202502": {
          "cy": 969.0,
          "py": 1607.0,
          "change_pct": -39.7
        },
        "202503": {
          "cy": 1078.0,
          "py": 847.0,
          "change_pct": 27.2
        },
        "202504": {
          "cy": 1252.0,
          "py": 977.0,
          "change_pct": 28.1
        },
        "202505": {
          "cy": 1289.0,
          "py": 1082.0,
          "change_pct": 19.1
        },
        "202506": {
          "cy": 1010.0,
          "py": 861.0,
          "change_pct": 17.3
        }
      }
    },
    {
      "shop_cd": "CN5269",
      "shop_en_nm": "HARBIN HAXI WANDA",
      "total_cy": 9514.0,
      "total_py": 10659.0,
      "total_change_pct": -10.7,
      "months": {
        "202501": {
          "cy": 2087.0,
          "py": 2035.0,
          "change_pct": 2.6
        },
        "202502": {
          "cy": 1330.0,
          "py": 2329.0,
          "change_pct": -42.9
        },
        "202503": {
          "cy": 1516.0,
          "py": 2014.0,
          "change_pct": -24.7
        },
        "202504": {
          "cy": 1549.0,
          "py": 1662.0,
          "change_pct": -6.8
        },
        "202505": {
          "cy": 1623.0,
          "py": 1458.0,
          "change_pct": 11.3
        },
        "202506": {
          "cy": 1408.0,
          "py": 1160.0,
          "change_pct": 21.4
        }
      }
    },
    {
      "shop_cd": "CN5064",
      "shop_en_nm": "DALIAN ROOSEVELT",
      "total_cy": 9455.0,
      "total_py": 10552.0,
      "total_change_pct": -10.4,
      "months": {
        "202501": {
          "cy": 2029.0,
          "py": 1717.0,
          "change_pct": 18.1
        },
        "202502": {
          "cy": 1300.0,
          "py": 1745.0,
          "change_pct": -25.5
        },
        "202503": {
          "cy": 1861.0,
          "py": 2399.0,
          "change_pct": -22.4
        },
        "202504": {
          "cy": 1061.0,
          "py": 1283.0,
          "change_pct": -17.3
        },
        "202505": {
          "cy": 1644.0,
          "py": 1707.0,
          "change_pct": -3.7
        },
        "202506": {
          "cy": 1560.0,
          "py": 1700.0,
          "change_pct": -8.2
        }
      }
    },
    {
      "shop_cd": "CN6097",
      "shop_en_nm": "BEIJING SAITEAOLAI",
      "total_cy": 9435.0,
      "total_py": 8922.0,
      "total_change_pct": 5.7,
      "months": {
        "202501": {
          "cy": 2546.0,
          "py": 1420.0,
          "change_pct": 79.3
        },
        "202502": {
          "cy": 1084.0,
          "py": 1718.0,
          "change_pct": -36.9
        },
        "202503": {
          "cy": 1613.0,
          "py": 1536.0,
          "change_pct": 5.0
        },
        "202504": {
          "cy": 1455.0,
          "py": 1764.0,
          "change_pct": -17.5
        },
        "202505": {
          "cy": 1594.0,
          "py": 1448.0,
          "change_pct": 10.1
        },
        "202506": {
          "cy": 1143.0,
          "py": 1036.0,
          "change_pct": 10.3
        }
      }
    },
    {
      "shop_cd": "CN5175",
      "shop_en_nm": "HUAIAN XINYA",
      "total_cy": 9239.0,
      "total_py": 6985.0,
      "total_change_pct": 32.3,
      "months": {
        "202501": {
          "cy": 2661.0,
          "py": 1129.0,
          "change_pct": 135.6
        },
        "202502": {
          "cy": 964.0,
          "py": 1466.0,
          "change_pct": -34.2
        },
        "202503": {
          "cy": 1566.0,
          "py": 1068.0,
          "change_pct": 46.6
        },
        "202504": {
          "cy": 1392.0,
          "py": 1118.0,
          "change_pct": 24.6
        },
        "202505": {
          "cy": 1570.0,
          "py": 1264.0,
          "change_pct": 24.2
        },
        "202506": {
          "cy": 1085.0,
          "py": 940.0,
          "change_pct": 15.4
        }
      }
    },
    {
      "shop_cd": "CN5126",
      "shop_en_nm": "SHENZHEN THE MIXC",
      "total_cy": 9220.0,
      "total_py": 8160.0,
      "total_change_pct": 13.0,
      "months": {
        "202501": {
          "cy": 2461.0,
          "py": 1456.0,
          "change_pct": 69.1
        },
        "202502": {
          "cy": 1000.0,
          "py": 1548.0,
          "change_pct": -35.4
        },
        "202503": {
          "cy": 1367.0,
          "py": 1387.0,
          "change_pct": -1.4
        },
        "202504": {
          "cy": 1319.0,
          "py": 1412.0,
          "change_pct": -6.6
        },
        "202505": {
          "cy": 1602.0,
          "py": 1227.0,
          "change_pct": 30.5
        },
        "202506": {
          "cy": 1470.0,
          "py": 1130.0,
          "change_pct": 30.1
        }
      }
    },
    {
      "shop_cd": "CN5311",
      "shop_en_nm": "XI＇AN SAGA (5F)",
      "total_cy": 9075.0,
      "total_py": 9852.0,
      "total_change_pct": -7.9,
      "months": {
        "202501": {
          "cy": 2531.0,
          "py": 1953.0,
          "change_pct": 29.6
        },
        "202502": {
          "cy": 1102.0,
          "py": 2209.0,
          "change_pct": -50.1
        },
        "202503": {
          "cy": 1514.0,
          "py": 1691.0,
          "change_pct": -10.4
        },
        "202504": {
          "cy": 1379.0,
          "py": 1454.0,
          "change_pct": -5.2
        },
        "202505": {
          "cy": 1461.0,
          "py": 1333.0,
          "change_pct": 9.6
        },
        "202506": {
          "cy": 1088.0,
          "py": 1212.0,
          "change_pct": -10.2
        }
      }
    },
    {
      "shop_cd": "CN5286",
      "shop_en_nm": "HARBIN SHANSHAN OUTLET",
      "total_cy": 9029.0,
      "total_py": 7599.0,
      "total_change_pct": 18.8,
      "months": {
        "202501": {
          "cy": 1827.0,
          "py": 1331.0,
          "change_pct": 37.3
        },
        "202502": {
          "cy": 927.0,
          "py": 1650.0,
          "change_pct": -43.8
        },
        "202503": {
          "cy": 1424.0,
          "py": 1238.0,
          "change_pct": 15.1
        },
        "202504": {
          "cy": 1873.0,
          "py": 1464.0,
          "change_pct": 28.0
        },
        "202505": {
          "cy": 1800.0,
          "py": 1307.0,
          "change_pct": 37.8
        },
        "202506": {
          "cy": 1176.0,
          "py": 610.0,
          "change_pct": 92.7
        }
      }
    },
    {
      "shop_cd": "CN5834",
      "shop_en_nm": "BEIJING YANSHA OUTLET",
      "total_cy": 8907.0,
      "total_py": 6342.0,
      "total_change_pct": 40.4,
      "months": {
        "202501": {
          "cy": 2731.0,
          "py": 1349.0,
          "change_pct": 102.4
        },
        "202502": {
          "cy": 1663.0,
          "py": 1448.0,
          "change_pct": 14.9
        },
        "202503": {
          "cy": 1291.0,
          "py": 1045.0,
          "change_pct": 23.6
        },
        "202504": {
          "cy": 1203.0,
          "py": 997.0,
          "change_pct": 20.7
        },
        "202505": {
          "cy": 1236.0,
          "py": 872.0,
          "change_pct": 41.8
        },
        "202506": {
          "cy": 781.0,
          "py": 630.0,
          "change_pct": 23.9
        }
      }
    },
    {
      "shop_cd": "CN5005",
      "shop_en_nm": "ZZ DAWEICHENG",
      "total_cy": 8894.0,
      "total_py": 11036.0,
      "total_change_pct": -19.4,
      "months": {
        "202501": {
          "cy": 2661.0,
          "py": 2037.0,
          "change_pct": 30.6
        },
        "202502": {
          "cy": 1263.0,
          "py": 2685.0,
          "change_pct": -53.0
        },
        "202503": {
          "cy": 1366.0,
          "py": 1675.0,
          "change_pct": -18.5
        },
        "202504": {
          "cy": 1478.0,
          "py": 1844.0,
          "change_pct": -19.8
        },
        "202505": {
          "cy": 1225.0,
          "py": 1535.0,
          "change_pct": -20.2
        },
        "202506": {
          "cy": 901.0,
          "py": 1259.0,
          "change_pct": -28.5
        }
      }
    },
    {
      "shop_cd": "CN5001",
      "shop_en_nm": "NANJING DEJI",
      "total_cy": 8809.0,
      "total_py": 8588.0,
      "total_change_pct": 2.6,
      "months": {
        "202501": {
          "cy": 2567.0,
          "py": 1574.0,
          "change_pct": 63.1
        },
        "202502": {
          "cy": 1105.0,
          "py": 1558.0,
          "change_pct": -29.0
        },
        "202503": {
          "cy": 1257.0,
          "py": 1146.0,
          "change_pct": 9.7
        },
        "202504": {
          "cy": 1393.0,
          "py": 1322.0,
          "change_pct": 5.4
        },
        "202505": {
          "cy": 1361.0,
          "py": 1370.0,
          "change_pct": -0.7
        },
        "202506": {
          "cy": 1125.0,
          "py": 1619.0,
          "change_pct": -30.5
        }
      }
    },
    {
      "shop_cd": "CN5473",
      "shop_en_nm": "XM SM I (Renew)",
      "total_cy": 8648.0,
      "total_py": 8771.0,
      "total_change_pct": -1.4,
      "months": {
        "202501": {
          "cy": 2973.0,
          "py": 2100.0,
          "change_pct": 41.6
        },
        "202502": {
          "cy": 862.0,
          "py": 1535.0,
          "change_pct": -43.8
        },
        "202503": {
          "cy": 1301.0,
          "py": 1394.0,
          "change_pct": -6.6
        },
        "202504": {
          "cy": 1346.0,
          "py": 1337.0,
          "change_pct": 0.7
        },
        "202505": {
          "cy": 1354.0,
          "py": 1315.0,
          "change_pct": 3.0
        },
        "202506": {
          "cy": 812.0,
          "py": 1090.0,
          "change_pct": -25.6
        }
      }
    },
    {
      "shop_cd": "CN5118",
      "shop_en_nm": "CHANGCHUN OUYA 1F",
      "total_cy": 8606.0,
      "total_py": 9842.0,
      "total_change_pct": -12.6,
      "months": {
        "202501": {
          "cy": 1965.0,
          "py": 1276.0,
          "change_pct": 53.9
        },
        "202502": {
          "cy": 1298.0,
          "py": 1933.0,
          "change_pct": -32.9
        },
        "202503": {
          "cy": 1447.0,
          "py": 1781.0,
          "change_pct": -18.8
        },
        "202504": {
          "cy": 1804.0,
          "py": 1950.0,
          "change_pct": -7.5
        },
        "202505": {
          "cy": 1230.0,
          "py": 1495.0,
          "change_pct": -17.7
        },
        "202506": {
          "cy": 863.0,
          "py": 1407.0,
          "change_pct": -38.6
        }
      }
    },
    {
      "shop_cd": "CN5840",
      "shop_en_nm": "SY XINGLONGDA OUTLET",
      "total_cy": 8346.0,
      "total_py": 9249.0,
      "total_change_pct": -9.8,
      "months": {
        "202501": {
          "cy": 1895.0,
          "py": 1643.0,
          "change_pct": 15.3
        },
        "202502": {
          "cy": 1824.0,
          "py": 2089.0,
          "change_pct": -12.7
        },
        "202503": {
          "cy": 1031.0,
          "py": 1241.0,
          "change_pct": -16.9
        },
        "202504": {
          "cy": 1297.0,
          "py": 1880.0,
          "change_pct": -31.0
        },
        "202505": {
          "cy": 1188.0,
          "py": 1251.0,
          "change_pct": -5.1
        },
        "202506": {
          "cy": 1111.0,
          "py": 1145.0,
          "change_pct": -3.0
        }
      }
    },
    {
      "shop_cd": "CN5471",
      "shop_en_nm": "DONGGUAN HUIYICHENG",
      "total_cy": 8318.0,
      "total_py": 7120.0,
      "total_change_pct": 16.8,
      "months": {
        "202501": {
          "cy": 3073.0,
          "py": 1736.0,
          "change_pct": 77.1
        },
        "202502": {
          "cy": 894.0,
          "py": 1469.0,
          "change_pct": -39.2
        },
        "202503": {
          "cy": 1138.0,
          "py": 1003.0,
          "change_pct": 13.5
        },
        "202504": {
          "cy": 999.0,
          "py": 1126.0,
          "change_pct": -11.3
        },
        "202505": {
          "cy": 1270.0,
          "py": 959.0,
          "change_pct": 32.3
        },
        "202506": {
          "cy": 945.0,
          "py": 827.0,
          "change_pct": 14.2
        }
      }
    },
    {
      "shop_cd": "CN5573",
      "shop_en_nm": "CHANGCHUN SAITE OUTLET",
      "total_cy": 8283.0,
      "total_py": 7914.0,
      "total_change_pct": 4.7,
      "months": {
        "202501": {
          "cy": 1846.0,
          "py": 1239.0,
          "change_pct": 49.0
        },
        "202502": {
          "cy": 1099.0,
          "py": 1615.0,
          "change_pct": -31.9
        },
        "202503": {
          "cy": 1327.0,
          "py": 1268.0,
          "change_pct": 4.6
        },
        "202504": {
          "cy": 1399.0,
          "py": 1368.0,
          "change_pct": 2.2
        },
        "202505": {
          "cy": 1481.0,
          "py": 1381.0,
          "change_pct": 7.2
        },
        "202506": {
          "cy": 1131.0,
          "py": 1042.0,
          "change_pct": 8.6
        }
      }
    },
    {
      "shop_cd": "CN5306",
      "shop_en_nm": "SHENYANG SAITE OUTLET",
      "total_cy": 8144.0,
      "total_py": 9094.0,
      "total_change_pct": -10.5,
      "months": {
        "202501": {
          "cy": 2057.0,
          "py": 1760.0,
          "change_pct": 16.8
        },
        "202502": {
          "cy": 1124.0,
          "py": 2072.0,
          "change_pct": -45.8
        },
        "202503": {
          "cy": 1167.0,
          "py": 1332.0,
          "change_pct": -12.4
        },
        "202504": {
          "cy": 1251.0,
          "py": 1312.0,
          "change_pct": -4.6
        },
        "202505": {
          "cy": 1588.0,
          "py": 1477.0,
          "change_pct": 7.5
        },
        "202506": {
          "cy": 957.0,
          "py": 1141.0,
          "change_pct": -16.1
        }
      }
    },
    {
      "shop_cd": "CN5307",
      "shop_en_nm": "SHENYANG SHANSHAN OUTLET",
      "total_cy": 8092.0,
      "total_py": 7990.0,
      "total_change_pct": 1.3,
      "months": {
        "202501": {
          "cy": 2800.0,
          "py": 1556.0,
          "change_pct": 79.9
        },
        "202502": {
          "cy": 1068.0,
          "py": 1497.0,
          "change_pct": -28.7
        },
        "202503": {
          "cy": 1236.0,
          "py": 1083.0,
          "change_pct": 14.2
        },
        "202504": {
          "cy": 981.0,
          "py": 1331.0,
          "change_pct": -26.3
        },
        "202505": {
          "cy": 1306.0,
          "py": 1316.0,
          "change_pct": -0.8
        },
        "202506": {
          "cy": 701.0,
          "py": 1207.0,
          "change_pct": -41.9
        }
      }
    },
    {
      "shop_cd": "CN5223",
      "shop_en_nm": "LIANYUNGANG SUNING",
      "total_cy": 8083.0,
      "total_py": 7566.0,
      "total_change_pct": 6.8,
      "months": {
        "202501": {
          "cy": 2381.0,
          "py": 1133.0,
          "change_pct": 110.2
        },
        "202502": {
          "cy": 903.0,
          "py": 1513.0,
          "change_pct": -40.3
        },
        "202503": {
          "cy": 1141.0,
          "py": 1091.0,
          "change_pct": 4.5
        },
        "202504": {
          "cy": 1325.0,
          "py": 1344.0,
          "change_pct": -1.4
        },
        "202505": {
          "cy": 1392.0,
          "py": 1372.0,
          "change_pct": 1.5
        },
        "202506": {
          "cy": 942.0,
          "py": 1113.0,
          "change_pct": -15.4
        }
      }
    },
    {
      "shop_cd": "CN5433",
      "shop_en_nm": "LANGFANG WANDA",
      "total_cy": 8076.0,
      "total_py": 7006.0,
      "total_change_pct": 15.3,
      "months": {
        "202501": {
          "cy": 2250.0,
          "py": 1322.0,
          "change_pct": 70.2
        },
        "202502": {
          "cy": 1588.0,
          "py": 1722.0,
          "change_pct": -7.8
        },
        "202503": {
          "cy": 1326.0,
          "py": 1064.0,
          "change_pct": 24.6
        },
        "202504": {
          "cy": 1005.0,
          "py": 1085.0,
          "change_pct": -7.4
        },
        "202505": {
          "cy": 1043.0,
          "py": 976.0,
          "change_pct": 6.9
        },
        "202506": {
          "cy": 864.0,
          "py": 838.0,
          "change_pct": 3.2
        }
      }
    },
    {
      "shop_cd": "CN5086",
      "shop_en_nm": "HARBIN FENGYE TOWN 1F",
      "total_cy": 7993.0,
      "total_py": 6371.0,
      "total_change_pct": 25.5,
      "months": {
        "202501": {
          "cy": 1893.0,
          "py": 1010.0,
          "change_pct": 87.5
        },
        "202502": {
          "cy": 853.0,
          "py": 2207.0,
          "change_pct": -61.4
        },
        "202503": {
          "cy": 1841.0,
          "py": 925.0,
          "change_pct": 99.1
        },
        "202504": {
          "cy": 1296.0,
          "py": 957.0,
          "change_pct": 35.4
        },
        "202505": {
          "cy": 1224.0,
          "py": 917.0,
          "change_pct": 33.5
        },
        "202506": {
          "cy": 886.0,
          "py": 355.0,
          "change_pct": 149.9
        }
      }
    },
    {
      "shop_cd": "CN5014",
      "shop_en_nm": "NANNING THE MIXC",
      "total_cy": 7980.0,
      "total_py": 6515.0,
      "total_change_pct": 22.5,
      "months": {
        "202501": {
          "cy": 2173.0,
          "py": 1246.0,
          "change_pct": 74.4
        },
        "202502": {
          "cy": 989.0,
          "py": 1337.0,
          "change_pct": -26.0
        },
        "202503": {
          "cy": 1339.0,
          "py": 1116.0,
          "change_pct": 20.0
        },
        "202504": {
          "cy": 1304.0,
          "py": 1206.0,
          "change_pct": 8.1
        },
        "202505": {
          "cy": 1158.0,
          "py": 630.0,
          "change_pct": 83.9
        },
        "202506": {
          "cy": 1016.0,
          "py": 980.0,
          "change_pct": 3.7
        }
      }
    },
    {
      "shop_cd": "CN5292",
      "shop_en_nm": "JINAN THE MIXC",
      "total_cy": 7958.0,
      "total_py": 7765.0,
      "total_change_pct": 2.5,
      "months": {
        "202501": {
          "cy": 2312.0,
          "py": 1577.0,
          "change_pct": 46.6
        },
        "202502": {
          "cy": 1110.0,
          "py": 1777.0,
          "change_pct": -37.5
        },
        "202503": {
          "cy": 1368.0,
          "py": 959.0,
          "change_pct": 42.6
        },
        "202504": {
          "cy": 1072.0,
          "py": 1286.0,
          "change_pct": -16.7
        },
        "202505": {
          "cy": 1114.0,
          "py": 1300.0,
          "change_pct": -14.3
        },
        "202506": {
          "cy": 983.0,
          "py": 865.0,
          "change_pct": 13.6
        }
      }
    },
    {
      "shop_cd": "CN5293",
      "shop_en_nm": "ZHENGZHOU ZHNEGHONGCHENG",
      "total_cy": 7955.0,
      "total_py": 8253.0,
      "total_change_pct": -3.6,
      "months": {
        "202501": {
          "cy": 1920.0,
          "py": 1595.0,
          "change_pct": 20.3
        },
        "202502": {
          "cy": 1062.0,
          "py": 1791.0,
          "change_pct": -40.7
        },
        "202503": {
          "cy": 1359.0,
          "py": 1377.0,
          "change_pct": -1.3
        },
        "202504": {
          "cy": 1400.0,
          "py": 1325.0,
          "change_pct": 5.6
        },
        "202505": {
          "cy": 1232.0,
          "py": 1188.0,
          "change_pct": 3.8
        },
        "202506": {
          "cy": 982.0,
          "py": 978.0,
          "change_pct": 0.4
        }
      }
    },
    {
      "shop_cd": "CN6049",
      "shop_en_nm": "JINZHONG TIANMEI SHANSHAN OUTLET",
      "total_cy": 7860.0,
      "total_py": 6878.0,
      "total_change_pct": 14.3,
      "months": {
        "202501": {
          "cy": 2833.0,
          "py": 2343.0,
          "change_pct": 20.9
        },
        "202502": {
          "cy": 472.0,
          "py": 1283.0,
          "change_pct": -63.2
        },
        "202503": {
          "cy": 884.0,
          "py": 869.0,
          "change_pct": 1.7
        },
        "202504": {
          "cy": 1359.0,
          "py": 1016.0,
          "change_pct": 33.7
        },
        "202505": {
          "cy": 1338.0,
          "py": 801.0,
          "change_pct": 67.1
        },
        "202506": {
          "cy": 974.0,
          "py": 566.0,
          "change_pct": 72.2
        }
      }
    },
    {
      "shop_cd": "CN5308",
      "shop_en_nm": "SHENGYANG THE MIXC",
      "total_cy": 7619.0,
      "total_py": 5217.0,
      "total_change_pct": 46.0,
      "months": {
        "202501": {
          "cy": 1865.0,
          "py": 136.0,
          "change_pct": 1269.1
        },
        "202502": {
          "cy": 1057.0,
          "py": 564.0,
          "change_pct": 87.5
        },
        "202503": {
          "cy": 1241.0,
          "py": 771.0,
          "change_pct": 61.0
        },
        "202504": {
          "cy": 1099.0,
          "py": 1212.0,
          "change_pct": -9.3
        },
        "202505": {
          "cy": 1104.0,
          "py": 1100.0,
          "change_pct": 0.4
        },
        "202506": {
          "cy": 1254.0,
          "py": 1435.0,
          "change_pct": -12.6
        }
      }
    },
    {
      "shop_cd": "CN6340",
      "shop_en_nm": "TAIYUAN SHANSHAN OUTLET",
      "total_cy": 7576.0,
      "total_py": 0.0,
      "total_change_pct": 0,
      "months": {
        "202501": {
          "cy": 2852.0,
          "py": 0.0,
          "change_pct": 0
        },
        "202502": {
          "cy": 476.0,
          "py": 0.0,
          "change_pct": 0
        },
        "202503": {
          "cy": 916.0,
          "py": 0.0,
          "change_pct": 0
        },
        "202504": {
          "cy": 1141.0,
          "py": 0.0,
          "change_pct": 0
        },
        "202505": {
          "cy": 1143.0,
          "py": 0.0,
          "change_pct": 0
        },
        "202506": {
          "cy": 1048.0,
          "py": 0.0,
          "change_pct": 0
        }
      }
    },
    {
      "shop_cd": "CN5225",
      "shop_en_nm": "TAIZHOU THE MIXC",
      "total_cy": 7552.0,
      "total_py": 5582.0,
      "total_change_pct": 35.3,
      "months": {
        "202501": {
          "cy": 3128.0,
          "py": 1119.0,
          "change_pct": 179.6
        },
        "202502": {
          "cy": 625.0,
          "py": 1155.0,
          "change_pct": -45.9
        },
        "202503": {
          "cy": 898.0,
          "py": 671.0,
          "change_pct": 33.9
        },
        "202504": {
          "cy": 1027.0,
          "py": 871.0,
          "change_pct": 17.9
        },
        "202505": {
          "cy": 1003.0,
          "py": 982.0,
          "change_pct": 2.2
        },
        "202506": {
          "cy": 870.0,
          "py": 784.0,
          "change_pct": 11.0
        }
      }
    },
    {
      "shop_cd": "CN5127",
      "shop_en_nm": "SZ YIFANGCHENG(RENEW)",
      "total_cy": 7546.0,
      "total_py": 8202.0,
      "total_change_pct": -8.0,
      "months": {
        "202501": {
          "cy": 2156.0,
          "py": 1696.0,
          "change_pct": 27.2
        },
        "202502": {
          "cy": 1007.0,
          "py": 1626.0,
          "change_pct": -38.1
        },
        "202503": {
          "cy": 704.0,
          "py": 1227.0,
          "change_pct": -42.6
        },
        "202504": {
          "cy": 927.0,
          "py": 1123.0,
          "change_pct": -17.5
        },
        "202505": {
          "cy": 1478.0,
          "py": 1258.0,
          "change_pct": 17.5
        },
        "202506": {
          "cy": 1274.0,
          "py": 1272.0,
          "change_pct": 0.2
        }
      }
    },
    {
      "shop_cd": "CN5201",
      "shop_en_nm": "YANCHENG JULONGHU GOLDEN EAGLE",
      "total_cy": 7535.0,
      "total_py": 4647.0,
      "total_change_pct": 62.1,
      "months": {
        "202501": {
          "cy": 3190.0,
          "py": 1031.0,
          "change_pct": 209.3
        },
        "202502": {
          "cy": 995.0,
          "py": 1217.0,
          "change_pct": -18.2
        },
        "202503": {
          "cy": 791.0,
          "py": 532.0,
          "change_pct": 48.6
        },
        "202504": {
          "cy": 886.0,
          "py": 631.0,
          "change_pct": 40.5
        },
        "202505": {
          "cy": 934.0,
          "py": 677.0,
          "change_pct": 37.9
        },
        "202506": {
          "cy": 740.0,
          "py": 559.0,
          "change_pct": 32.4
        }
      }
    },
    {
      "shop_cd": "CN5778",
      "shop_en_nm": "CHANGCHUN SHAZHICHUANG OUTLET",
      "total_cy": 7419.0,
      "total_py": 7372.0,
      "total_change_pct": 0.6,
      "months": {
        "202501": {
          "cy": 1574.0,
          "py": 852.0,
          "change_pct": 84.7
        },
        "202502": {
          "cy": 933.0,
          "py": 1977.0,
          "change_pct": -52.8
        },
        "202503": {
          "cy": 1236.0,
          "py": 1199.0,
          "change_pct": 3.1
        },
        "202504": {
          "cy": 1193.0,
          "py": 1048.0,
          "change_pct": 13.8
        },
        "202505": {
          "cy": 1453.0,
          "py": 1258.0,
          "change_pct": 15.5
        },
        "202506": {
          "cy": 1030.0,
          "py": 1039.0,
          "change_pct": -0.9
        }
      }
    },
    {
      "shop_cd": "CN5794",
      "shop_en_nm": "FOSHAN FLORENTIA VILLAGE",
      "total_cy": 7288.0,
      "total_py": 7669.0,
      "total_change_pct": -5.0,
      "months": {
        "202501": {
          "cy": 2760.0,
          "py": 2136.0,
          "change_pct": 29.2
        },
        "202502": {
          "cy": 900.0,
          "py": 2109.0,
          "change_pct": -57.3
        },
        "202503": {
          "cy": 717.0,
          "py": 801.0,
          "change_pct": -10.5
        },
        "202504": {
          "cy": 982.0,
          "py": 899.0,
          "change_pct": 9.2
        },
        "202505": {
          "cy": 1084.0,
          "py": 984.0,
          "change_pct": 10.1
        },
        "202506": {
          "cy": 846.0,
          "py": 739.0,
          "change_pct": 14.4
        }
      }
    },
    {
      "shop_cd": "CN5517",
      "shop_en_nm": "WUHAN BAILIAN OUTLET",
      "total_cy": 7251.0,
      "total_py": 7289.0,
      "total_change_pct": -0.5,
      "months": {
        "202501": {
          "cy": 1994.0,
          "py": 1547.0,
          "change_pct": 28.9
        },
        "202502": {
          "cy": 769.0,
          "py": 1375.0,
          "change_pct": -44.0
        },
        "202503": {
          "cy": 1401.0,
          "py": 1381.0,
          "change_pct": 1.4
        },
        "202504": {
          "cy": 1358.0,
          "py": 1288.0,
          "change_pct": 5.4
        },
        "202505": {
          "cy": 1077.0,
          "py": 1149.0,
          "change_pct": -6.3
        },
        "202506": {
          "cy": 652.0,
          "py": 548.0,
          "change_pct": 18.8
        }
      }
    },
    {
      "shop_cd": "CN5411",
      "shop_en_nm": "QUANZHOU PUXI WANDA",
      "total_cy": 7105.0,
      "total_py": 8121.0,
      "total_change_pct": -12.5,
      "months": {
        "202501": {
          "cy": 2669.0,
          "py": 1865.0,
          "change_pct": 43.1
        },
        "202502": {
          "cy": 632.0,
          "py": 1893.0,
          "change_pct": -66.6
        },
        "202503": {
          "cy": 899.0,
          "py": 1120.0,
          "change_pct": -19.8
        },
        "202504": {
          "cy": 1041.0,
          "py": 1222.0,
          "change_pct": -14.8
        },
        "202505": {
          "cy": 1107.0,
          "py": 1113.0,
          "change_pct": -0.5
        },
        "202506": {
          "cy": 757.0,
          "py": 908.0,
          "change_pct": -16.6
        }
      }
    },
    {
      "shop_cd": "CN5358",
      "shop_en_nm": "NANJING SHAZHICHUAN OUTLET",
      "total_cy": 7099.0,
      "total_py": 5401.0,
      "total_change_pct": 31.4,
      "months": {
        "202501": {
          "cy": 2797.0,
          "py": 1005.0,
          "change_pct": 178.3
        },
        "202502": {
          "cy": 673.0,
          "py": 1133.0,
          "change_pct": -40.6
        },
        "202503": {
          "cy": 812.0,
          "py": 639.0,
          "change_pct": 27.2
        },
        "202504": {
          "cy": 952.0,
          "py": 953.0,
          "change_pct": -0.1
        },
        "202505": {
          "cy": 1065.0,
          "py": 974.0,
          "change_pct": 9.4
        },
        "202506": {
          "cy": 800.0,
          "py": 698.0,
          "change_pct": 14.6
        }
      }
    },
    {
      "shop_cd": "CN5167",
      "shop_en_nm": "JIAXING BABAIBAN",
      "total_cy": 7096.0,
      "total_py": 7825.0,
      "total_change_pct": -9.3,
      "months": {
        "202501": {
          "cy": 1813.0,
          "py": 1494.0,
          "change_pct": 21.3
        },
        "202502": {
          "cy": 753.0,
          "py": 1717.0,
          "change_pct": -56.1
        },
        "202503": {
          "cy": 1262.0,
          "py": 1180.0,
          "change_pct": 6.9
        },
        "202504": {
          "cy": 1264.0,
          "py": 1127.0,
          "change_pct": 12.1
        },
        "202505": {
          "cy": 1150.0,
          "py": 1290.0,
          "change_pct": -10.9
        },
        "202506": {
          "cy": 855.0,
          "py": 1016.0,
          "change_pct": -15.9
        }
      }
    }
  ],
  "raw_data": {
    "sample_records": [
      {
        "YYYYMM": "202506",
        "BRD_CD": "M",
        "SHOP_CD": "CN5312",
        "SHOP_EN_NM": "BEIJING FANGSHAN PARADISE WALK",
        "CY_SALE_AMT": 259037.0,
        "PY_SALE_AMT": 176660.0,
        "DIV": "기존점"
      },
      {
        "YYYYMM": "202506",
        "BRD_CD": "M",
        "SHOP_CD": "CN5147",
        "SHOP_EN_NM": "TAIYUAN LONGHU WANDA",
        "CY_SALE_AMT": 765052.0,
        "PY_SALE_AMT": 566959.0,
        "DIV": "기존점"
      },
      {
        "YYYYMM": "202506",
        "BRD_CD": "M",
        "SHOP_CD": "CN5636",
        "SHOP_EN_NM": "SHENYANG TAIYUANJIE WANDA",
        "CY_SALE_AMT": 658359.0,
        "PY_SALE_AMT": 290454.0,
        "DIV": "기존점"
      },
      {
        "YYYYMM": "202506",
        "BRD_CD": "M",
        "SHOP_CD": "CN5161",
        "SHOP_EN_NM": "YANJI BAILI CITY",
        "CY_SALE_AMT": 410736.0,
        "PY_SALE_AMT": 366120.0,
        "DIV": "기존점"
      },
      {
        "YYYYMM": "202506",
        "BRD_CD": "M",
        "SHOP_CD": "CN6080",
        "SHOP_EN_NM": "HUAIAN CHUZHOUQU WANDA",
        "CY_SALE_AMT": 298973.0,
        "PY_SALE_AMT": 371959.0,
        "DIV": "기존점"
      },
      {
        "YYYYMM": "202506",
        "BRD_CD": "M",
        "SHOP_CD": "CN5718",
        "SHOP_EN_NM": "XIAMEN SHANGBO OUTLET",
        "CY_SALE_AMT": 405832.0,
        "PY_SALE_AMT": 402706.0,
        "DIV": "기존점"
      },
      {
        "YYYYMM": "202506",
        "BRD_CD": "M",
        "SHOP_CD": "CN5469",
        "SHOP_EN_NM": "SHENZHEN LONGGANG WANKE POP-UP",
        "CY_SALE_AMT": 641803.0,
        "PY_SALE_AMT": 826695.0,
        "DIV": "기존점"
      },
      {
        "YYYYMM": "202506",
        "BRD_CD": "M",
        "SHOP_CD": "CN5492",
        "SHOP_EN_NM": "NANJING JIANYEJINGYING",
        "CY_SALE_AMT": 409965.0,
        "PY_SALE_AMT": 460388.0,
        "DIV": "기존점"
      },
      {
        "YYYYMM": "202506",
        "BRD_CD": "M",
        "SHOP_CD": "CN6125",
        "SHOP_EN_NM": "BEIJING DONGBAWANDA",
        "CY_SALE_AMT": 200563.0,
        "PY_SALE_AMT": 265990.0,
        "DIV": "기존점"
      },
      {
        "YYYYMM": "202506",
        "BRD_CD": "M",
        "SHOP_CD": "CN6296",
        "SHOP_EN_NM": "CHONGQING MOSAIC SHOPPING MALL",
        "CY_SALE_AMT": 99450.0,
        "PY_SALE_AMT": 107733.0,
        "DIV": "기존점"
      },
      {
        "YYYYMM": "202506",
        "BRD_CD": "M",
        "SHOP_CD": "CN5329",
        "SHOP_EN_NM": "HEFEI GAOXIN INTIME",
        "CY_SALE_AMT": 114832.0,
        "PY_SALE_AMT": 195657.0,
        "DIV": "기존점"
      },
      {
        "YYYYMM": "202506",
        "BRD_CD": "M",
        "SHOP_CD": "CN5122",
        "SHOP_EN_NM": "XINING LAKE WANDA",
        "CY_SALE_AMT": 411959.0,
        "PY_SALE_AMT": 400028.24,
        "DIV": "기존점"
      },
      {
        "YYYYMM": "202506",
        "BRD_CD": "M",
        "SHOP_CD": "CN5373",
        "SHOP_EN_NM": "WENZHOU RUIAN WUYUE",
        "CY_SALE_AMT": 285187.0,
        "PY_SALE_AMT": 402963.0,
        "DIV": "기존점"
      },
      {
        "YYYYMM": "202506",
        "BRD_CD": "M",
        "SHOP_CD": "CN5263",
        "SHOP_EN_NM": "BEIJING CHONGWENMEN NEW WORLD",
        "CY_SALE_AMT": 136958.0,
        "PY_SALE_AMT": 173923.0,
        "DIV": "기존점"
      },
      {
        "YYYYMM": "202506",
        "BRD_CD": "I",
        "SHOP_CD": "CN5852",
        "SHOP_EN_NM": "QINGDAO SHOUCHUANG OUTLET",
        "CY_SALE_AMT": 36655.0,
        "PY_SALE_AMT": 64454.0,
        "DIV": "기존점"
      },
      {
        "YYYYMM": "202506",
        "BRD_CD": "M",
        "SHOP_CD": "CN5054",
        "SHOP_EN_NM": "NANJING PARKSON（NEW）",
        "CY_SALE_AMT": 245576.15,
        "PY_SALE_AMT": 291201.59,
        "DIV": "기존점"
      },
      {
        "YYYYMM": "202506",
        "BRD_CD": "M",
        "SHOP_CD": "CN5910",
        "SHOP_EN_NM": "SHENYANG JOYCITY E",
        "CY_SALE_AMT": 263975.0,
        "PY_SALE_AMT": 219218.0,
        "DIV": "기존점"
      },
      {
        "YYYYMM": "202506",
        "BRD_CD": "M",
        "SHOP_CD": "CN5859",
        "SHOP_EN_NM": "FOSHAN HUANYUCHENG",
        "CY_SALE_AMT": 793851.0,
        "PY_SALE_AMT": 619786.0,
        "DIV": "기존점"
      },
      {
        "YYYYMM": "202506",
        "BRD_CD": "M",
        "SHOP_CD": "CN5121",
        "SHOP_EN_NM": "QIQIHAER NEW MART",
        "CY_SALE_AMT": 586148.15,
        "PY_SALE_AMT": 431772.1,
        "DIV": "기존점"
      },
      {
        "YYYYMM": "202506",
        "BRD_CD": "M",
        "SHOP_CD": "CN5228",
        "SHOP_EN_NM": "YIXI HUADI",
        "CY_SALE_AMT": 222519.0,
        "PY_SALE_AMT": 245223.0,
        "DIV": "기존점"
      },
      {
        "YYYYMM": "202506",
        "BRD_CD": "M",
        "SHOP_CD": "CN5919",
        "SHOP_EN_NM": "RUDONG WENFENG",
        "CY_SALE_AMT": 181772.0,
        "PY_SALE_AMT": 273341.0,
        "DIV": "기존점"
      },
      {
        "YYYYMM": "202506",
        "BRD_CD": "M",
        "SHOP_CD": "CN6223",
        "SHOP_EN_NM": "JINHUA YIWUWANDA",
        "CY_SALE_AMT": 315720.0,
        "PY_SALE_AMT": 387478.0,
        "DIV": "기존점"
      },
      {
        "YYYYMM": "202506",
        "BRD_CD": "M",
        "SHOP_CD": "CN6024",
        "SHOP_EN_NM": "HAIKOU YUANDA",
        "CY_SALE_AMT": 128302.0,
        "PY_SALE_AMT": 159692.0,
        "DIV": "기존점"
      },
      {
        "YYYYMM": "202506",
        "BRD_CD": "M",
        "SHOP_CD": "CN6209",
        "SHOP_EN_NM": "JINING LONGGUI GOUWUZHONGXIN",
        "CY_SALE_AMT": 331031.0,
        "PY_SALE_AMT": 445600.0,
        "DIV": "기존점"
      },
      {
        "YYYYMM": "202506",
        "BRD_CD": "M",
        "SHOP_CD": "CN5488",
        "SHOP_EN_NM": "ANYANG DENNIS",
        "CY_SALE_AMT": 175425.0,
        "PY_SALE_AMT": 179596.0,
        "DIV": "기존점"
      },
      {
        "YYYYMM": "202506",
        "BRD_CD": "M",
        "SHOP_CD": "CN5860",
        "SHOP_EN_NM": "SHENZHEN JINGUANGHUA",
        "CY_SALE_AMT": 1043599.0,
        "PY_SALE_AMT": 784736.0,
        "DIV": "기존점"
      },
      {
        "YYYYMM": "202506",
        "BRD_CD": "M",
        "SHOP_CD": "CN6058",
        "SHOP_EN_NM": "NANJING JINGFENG RENEW",
        "CY_SALE_AMT": 882451.85,
        "PY_SALE_AMT": 708609.0,
        "DIV": "기존점"
      },
      {
        "YYYYMM": "202506",
        "BRD_CD": "M",
        "SHOP_CD": "CN5092",
        "SHOP_EN_NM": "SHANGHAI ZHOUPU WANDA",
        "CY_SALE_AMT": 503308.0,
        "PY_SALE_AMT": 564029.0,
        "DIV": "기존점"
      },
      {
        "YYYYMM": "202506",
        "BRD_CD": "M",
        "SHOP_CD": "CN5084",
        "SHOP_EN_NM": "BEIJING XIDAN JOY CITY 5F",
        "CY_SALE_AMT": 427943.0,
        "PY_SALE_AMT": 947313.0,
        "DIV": "기존점"
      },
      {
        "YYYYMM": "202506",
        "BRD_CD": "M",
        "SHOP_CD": "CN6222",
        "SHOP_EN_NM": "WENZHOU BINJIANG MIXC",
        "CY_SALE_AMT": 390402.0,
        "PY_SALE_AMT": 561850.0,
        "DIV": "기존점"
      },
      {
        "YYYYMM": "202506",
        "BRD_CD": "M",
        "SHOP_CD": "CN5418",
        "SHOP_EN_NM": "SHENZHEN WAREHOUSE 8",
        "CY_SALE_AMT": 2288016.0,
        "PY_SALE_AMT": 2307145.0,
        "DIV": "기존점"
      },
      {
        "YYYYMM": "202506",
        "BRD_CD": "M",
        "SHOP_CD": "CN5381",
        "SHOP_EN_NM": "HANGZHOU BINJIANG BAOLONG",
        "CY_SALE_AMT": 201464.0,
        "PY_SALE_AMT": 261118.0,
        "DIV": "기존점"
      },
      {
        "YYYYMM": "202506",
        "BRD_CD": "M",
        "SHOP_CD": "CN5743",
        "SHOP_EN_NM": "CHENGDE SHUANGBAI",
        "CY_SALE_AMT": 419713.0,
        "PY_SALE_AMT": 367995.0,
        "DIV": "기존점"
      },
      {
        "YYYYMM": "202506",
        "BRD_CD": "M",
        "SHOP_CD": "CN5770",
        "SHOP_EN_NM": "YC JINYING OUTLET",
        "CY_SALE_AMT": 451695.0,
        "PY_SALE_AMT": 360279.0,
        "DIV": "기존점"
      },
      {
        "YYYYMM": "202506",
        "BRD_CD": "I",
        "SHOP_CD": "CN5004",
        "SHOP_EN_NM": "SHANGHAI WUJIAOCHANG WANDA",
        "CY_SALE_AMT": 9225.05,
        "PY_SALE_AMT": 0.0,
        "DIV": "신규점"
      },
      {
        "YYYYMM": "202506",
        "BRD_CD": "M",
        "SHOP_CD": "CN5416",
        "SHOP_EN_NM": "SZ RAFFLES CITY(RENEW)",
        "CY_SALE_AMT": 543541.0,
        "PY_SALE_AMT": 604202.0,
        "DIV": "기존점"
      },
      {
        "YYYYMM": "202506",
        "BRD_CD": "M",
        "SHOP_CD": "CN5435",
        "SHOP_EN_NM": "HANGZHOU LONGHU DINGQIAOTIANJIE",
        "CY_SALE_AMT": 143250.0,
        "PY_SALE_AMT": 234317.0,
        "DIV": "기존점"
      },
      {
        "YYYYMM": "202506",
        "BRD_CD": "M",
        "SHOP_CD": "CN5319",
        "SHOP_EN_NM": "QINHUANGDAO LEDUHUI",
        "CY_SALE_AMT": 396143.0,
        "PY_SALE_AMT": 419660.0,
        "DIV": "기존점"
      },
      {
        "YYYYMM": "202506",
        "BRD_CD": "M",
        "SHOP_CD": "CN5012",
        "SHOP_EN_NM": "HARBIN HONGBO ZHONGYANG GONGYUAN B1F",
        "CY_SALE_AMT": 481575.7,
        "PY_SALE_AMT": 489015.0,
        "DIV": "기존점"
      },
      {
        "YYYYMM": "202506",
        "BRD_CD": "M",
        "SHOP_CD": "CN5171",
        "SHOP_EN_NM": "FUQING QINGCHANG WANDA",
        "CY_SALE_AMT": 934614.0,
        "PY_SALE_AMT": 726063.0,
        "DIV": "기존점"
      },
      {
        "YYYYMM": "202506",
        "BRD_CD": "M",
        "SHOP_CD": "CN5258",
        "SHOP_EN_NM": "SHANGHAI MINHANG LONGHUTIANJIE",
        "CY_SALE_AMT": 341991.0,
        "PY_SALE_AMT": 429231.0,
        "DIV": "기존점"
      },
      {
        "YYYYMM": "202506",
        "BRD_CD": "M",
        "SHOP_CD": "CN6180",
        "SHOP_EN_NM": "GUAGNZHOU BEIJINGLU TIANHECHENG",
        "CY_SALE_AMT": 806296.0,
        "PY_SALE_AMT": 869349.0,
        "DIV": "기존점"
      },
      {
        "YYYYMM": "202506",
        "BRD_CD": "M",
        "SHOP_CD": "CN5422",
        "SHOP_EN_NM": "SHENYANG TIEXI THE MIXC",
        "CY_SALE_AMT": 438140.0,
        "PY_SALE_AMT": 630641.0,
        "DIV": "기존점"
      },
      {
        "YYYYMM": "202506",
        "BRD_CD": "M",
        "SHOP_CD": "CN6066",
        "SHOP_EN_NM": "SHIJIAZHUANG BEIGUO OUTLET",
        "CY_SALE_AMT": 308277.0,
        "PY_SALE_AMT": 286376.0,
        "DIV": "기존점"
      },
      {
        "YYYYMM": "202506",
        "BRD_CD": "M",
        "SHOP_CD": "CN6171",
        "SHOP_EN_NM": "GUANGZHOU NANSHA HUANYUCHENG",
        "CY_SALE_AMT": 92301.0,
        "PY_SALE_AMT": 98622.0,
        "DIV": "기존점"
      },
      {
        "YYYYMM": "202506",
        "BRD_CD": "M",
        "SHOP_CD": "CN5369",
        "SHOP_EN_NM": "WUJIANG SHAZHICHUAN OUTLET",
        "CY_SALE_AMT": 321132.0,
        "PY_SALE_AMT": 328170.0,
        "DIV": "기존점"
      },
      {
        "YYYYMM": "202506",
        "BRD_CD": "M",
        "SHOP_CD": "CN6062",
        "SHOP_EN_NM": "LASA TIANHAIGUOJI",
        "CY_SALE_AMT": 477744.3,
        "PY_SALE_AMT": 571775.4,
        "DIV": "기존점"
      },
      {
        "YYYYMM": "202506",
        "BRD_CD": "I",
        "SHOP_CD": "CN6053",
        "SHOP_EN_NM": "SHANGHAI DANINGJIUGUANG",
        "CY_SALE_AMT": 8755.0,
        "PY_SALE_AMT": 0.0,
        "DIV": "신규점"
      },
      {
        "YYYYMM": "202506",
        "BRD_CD": "M",
        "SHOP_CD": "CN5804",
        "SHOP_EN_NM": "LINYI SHANGHAI ROAD WANDA",
        "CY_SALE_AMT": 151051.0,
        "PY_SALE_AMT": 202492.0,
        "DIV": "기존점"
      },
      {
        "YYYYMM": "202506",
        "BRD_CD": "M",
        "SHOP_CD": "CN6005",
        "SHOP_EN_NM": "XIAN DAMAOCHENG",
        "CY_SALE_AMT": 187528.3,
        "PY_SALE_AMT": 309979.5,
        "DIV": "기존점"
      }
    ],
    "total_records_count": 5980
  }
}