{
  "country": "CN",
  "brand_cd": "W",
  "brand_name": "SUPRA",
  "yyyymm": "202510",
  "yyyymm_py": "202410",
  "key": "월별채널별매출추세",
  "analysis_data": {
    "title": "월별 채널별 매출 추세 분석",
    "sections": [
      {
        "div": "종합분석-1",
        "sub_title": "월별 주요 인사이트",
        "ai_text": "SUPRA 브랜드의 2025년 매출 추이는 극명한 하락세를 보이고 있습니다.\n\n• 1월 1,834k에서 시작하여 3월 325k까지 급격히 감소(-82.3%)\n• 2분기(4-6월) 평균 392k로 저조한 성과 지속\n• 3분기(7-9월)에도 439k 수준으로 회복 미미\n• 10월 275k로 연중 최저 수준 기록\n\n특히 1-2월 급격한 매출 하락(▼1,015k, -55.3%)이 가장 심각한 이슈로, 이는 주력 채널인 쇼핑몰과 대리상의 동반 부진이 주요 원인입니다. 3월 이후 매출은 200-500k 구간에서 등락을 반복하며 뚜렷한 회복 신호를 보이지 못하고 있어 브랜드 전략의 근본적 재검토가 필요한 상황입니다."
      },
      {
        "div": "종합분석-2",
        "sub_title": "채널 트렌드",
        "ai_text": "채널별 매출 구조가 극적으로 변화하며 명확한 승패가 갈렸습니다.\n\n**강세 채널**\n• (OFF)아울렛: 총 매출 1,689k (31.9%) - 3월부터 본격 성장하여 8월 523k 최고점 달성\n• (OFF)쇼핑몰: 총 매출 2,594k (49.0%) - 상반기 집중 매출로 최대 채널 유지\n\n**약세 채널**\n• (EC)티몰: 지속적 하락세로 1월 123k → 10월 39k (-68.3%)\n• (EC)할인몰: 4월 245k 일시 급증 후 30-100k 구간 등락\n• (OFF)대리상: 2월 이후 사실상 매출 중단 (총 358k, 대부분 1-2월 집중)\n\n아울렛 채널이 7월부터 전체 매출의 70% 이상을 담당하며 유일한 성장 동력으로 부상했으나, 쇼핑몰과 대리상의 급격한 위축으로 전체 매출 감소를 상쇄하지 못하는 구조적 문제가 심각합니다."
      },
      {
        "div": "종합분석-3",
        "sub_title": "전략 포인트",
        "ai_text": "채널 재편과 매출 회복을 위한 긴급 전략 실행이 필요합니다.\n\n**즉시 실행 과제**\n• 아울렛 채널 확대: 유일한 성장 채널로 매장 수 확대 및 상품 라인업 강화\n• 쇼핑몰 채널 재활성화: 7월 이후 매출 제로 상태 해결을 위한 운영 재개 방안 수립\n• 대리상 채널 재구축: 3월 이후 사실상 중단된 채널의 재가동 또는 대체 전략 검토\n\n**중기 전략 방향**\n• EC 채널 최적화: 티몰과 할인몰의 저조한 성과 개선을 위한 디지털 마케팅 강화\n• 채널 간 시너지 창출: 아울렛 성공 모델을 다른 채널에 적용 가능한 요소 발굴\n• 계절성 대응: 하반기 매출 회복 실패 원인 분석 및 2026년 대응 전략 수립\n\n**리스크 관리**\n• 아울렛 채널 의존도 과다 리스크 분산\n• 전체 매출 규모 축소에 따른 고정비 구조 재조정 검토"
      }
    ]
  },
  "summary": {
    "total_sales": 5747.0,
    "unique_channels": 6,
    "unique_months": 10,
    "analysis_period": "2025년 01월 ~ 2025년 10월"
  },
  "monthly_totals": {
    "202501": 1834.0,
    "202502": 819.0,
    "202503": 325.0,
    "202504": 469.0,
    "202505": 419.0,
    "202506": 288.0,
    "202507": 483.0,
    "202508": 573.0,
    "202509": 261.0,
    "202510": 275.0
  },
  "channel_summary": {
    "(OFF)쇼핑몰": {
      "chnl_cd": "CN5",
      "total": 2594.0,
      "months": {
        "202501": 1522.0,
        "202502": 604.0,
        "202503": 184.0,
        "202504": 98.0,
        "202505": 133.0,
        "202506": 53.0,
        "202507": 0.0,
        "202508": 0.0,
        "202509": 0.0,
        "202510": 0.0
      }
    },
    "(OFF)아울렛": {
      "chnl_cd": "CN6",
      "total": 1689.0,
      "months": {
        "202501": 0.0,
        "202502": 0.0,
        "202503": 56.0,
        "202504": 58.0,
        "202505": 166.0,
        "202506": 130.0,
        "202507": 356.0,
        "202508": 523.0,
        "202509": 206.0,
        "202510": 195.0
      }
    },
    "(EC)할인몰": {
      "chnl_cd": "CN3",
      "total": 595.0,
      "months": {
        "202501": 0.0,
        "202502": 6.0,
        "202503": 7.0,
        "202504": 245.0,
        "202505": 73.0,
        "202506": 58.0,
        "202507": 93.0,
        "202508": 30.0,
        "202509": 42.0,
        "202510": 40.0
      }
    },
    "(EC)티몰": {
      "chnl_cd": "CN1",
      "total": 508.0,
      "months": {
        "202501": 123.0,
        "202502": 52.0,
        "202503": 67.0,
        "202504": 66.0,
        "202505": 45.0,
        "202506": 47.0,
        "202507": 34.0,
        "202508": 20.0,
        "202509": 14.0,
        "202510": 39.0
      }
    },
    "(OFF)대리상": {
      "chnl_cd": "CN8",
      "total": 358.0,
      "months": {
        "202501": 189.0,
        "202502": 157.0,
        "202503": 9.0,
        "202504": 2.0,
        "202505": 1.0,
        "202506": 0.0,
        "202507": 0.0,
        "202508": 0.0,
        "202509": 0.0,
        "202510": 0.0
      }
    },
    "(EC)대리상": {
      "chnl_cd": "CN7",
      "total": 3.0,
      "months": {
        "202501": 0.0,
        "202502": 0.0,
        "202503": 3.0,
        "202504": 0.0,
        "202505": 0.0,
        "202506": 0.0,
        "202507": 0.0,
        "202508": 0.0,
        "202509": 0.0,
        "202510": 0.0
      }
    },
    "null": {
      "chnl_cd": null,
      "total": 0.0,
      "months": {
        "202501": 0.0,
        "202502": 0.0,
        "202503": 0.0,
        "202504": 0.0,
        "202505": 0.0,
        "202506": 0.0,
        "202507": 0.0,
        "202508": 0.0,
        "202509": 0.0,
        "202510": 0.0
      }
    }
  },
  "raw_data": {
    "sample_records": [
      {
        "YYYYMM": "202510",
        "BRD_CD": "W",
        "CHNL_CD": "CN1",
        "CHNL_NM": "(EC)티몰",
        "SALE_AMT": 39343.83999999999
      },
      {
        "YYYYMM": "202510",
        "BRD_CD": "W",
        "CHNL_CD": "CN3",
        "CHNL_NM": "(EC)할인몰",
        "SALE_AMT": 40427.0
      },
      {
        "YYYYMM": "202510",
        "BRD_CD": "W",
        "CHNL_CD": "CN5",
        "CHNL_NM": "(OFF)쇼핑몰",
        "SALE_AMT": 0.0
      },
      {
        "YYYYMM": "202510",
        "BRD_CD": "W",
        "CHNL_CD": "CN6",
        "CHNL_NM": "(OFF)아울렛",
        "SALE_AMT": 195325.95000000007
      },
      {
        "YYYYMM": "202510",
        "BRD_CD": "W",
        "CHNL_CD": "CN7",
        "CHNL_NM": "(EC)대리상",
        "SALE_AMT": 0.0
      },
      {
        "YYYYMM": "202510",
        "BRD_CD": "W",
        "CHNL_CD": "CN8",
        "CHNL_NM": "(OFF)대리상",
        "SALE_AMT": 0.0
      },
      {
        "YYYYMM": "202510",
        "BRD_CD": "W",
        "CHNL_CD": null,
        "CHNL_NM": null,
        "SALE_AMT": 0.0
      },
      {
        "YYYYMM": "202509",
        "BRD_CD": "W",
        "CHNL_CD": "CN1",
        "CHNL_NM": "(EC)티몰",
        "SALE_AMT": 13743.199999999999
      },
      {
        "YYYYMM": "202509",
        "BRD_CD": "W",
        "CHNL_CD": "CN3",
        "CHNL_NM": "(EC)할인몰",
        "SALE_AMT": 42084.95
      },
      {
        "YYYYMM": "202509",
        "BRD_CD": "W",
        "CHNL_CD": "CN5",
        "CHNL_NM": "(OFF)쇼핑몰",
        "SALE_AMT": 0.0
      },
      {
        "YYYYMM": "202509",
        "BRD_CD": "W",
        "CHNL_CD": "CN6",
        "CHNL_NM": "(OFF)아울렛",
        "SALE_AMT": 205504.40000000002
      },
      {
        "YYYYMM": "202509",
        "BRD_CD": "W",
        "CHNL_CD": "CN7",
        "CHNL_NM": "(EC)대리상",
        "SALE_AMT": 0.0
      },
      {
        "YYYYMM": "202509",
        "BRD_CD": "W",
        "CHNL_CD": "CN8",
        "CHNL_NM": "(OFF)대리상",
        "SALE_AMT": 0.0
      },
      {
        "YYYYMM": "202509",
        "BRD_CD": "W",
        "CHNL_CD": null,
        "CHNL_NM": null,
        "SALE_AMT": 0.0
      },
      {
        "YYYYMM": "202508",
        "BRD_CD": "W",
        "CHNL_CD": "CN1",
        "CHNL_NM": "(EC)티몰",
        "SALE_AMT": 19796.250000000004
      },
      {
        "YYYYMM": "202508",
        "BRD_CD": "W",
        "CHNL_CD": "CN3",
        "CHNL_NM": "(EC)할인몰",
        "SALE_AMT": 30235.0
      },
      {
        "YYYYMM": "202508",
        "BRD_CD": "W",
        "CHNL_CD": "CN5",
        "CHNL_NM": "(OFF)쇼핑몰",
        "SALE_AMT": 0.0
      },
      {
        "YYYYMM": "202508",
        "BRD_CD": "W",
        "CHNL_CD": "CN6",
        "CHNL_NM": "(OFF)아울렛",
        "SALE_AMT": 522981.0
      },
      {
        "YYYYMM": "202508",
        "BRD_CD": "W",
        "CHNL_CD": "CN7",
        "CHNL_NM": "(EC)대리상",
        "SALE_AMT": 0.0
      },
      {
        "YYYYMM": "202508",
        "BRD_CD": "W",
        "CHNL_CD": "CN8",
        "CHNL_NM": "(OFF)대리상",
        "SALE_AMT": 0.0
      },
      {
        "YYYYMM": "202508",
        "BRD_CD": "W",
        "CHNL_CD": null,
        "CHNL_NM": null,
        "SALE_AMT": 0.0
      },
      {
        "YYYYMM": "202507",
        "BRD_CD": "W",
        "CHNL_CD": "CN1",
        "CHNL_NM": "(EC)티몰",
        "SALE_AMT": 34317.65
      },
      {
        "YYYYMM": "202507",
        "BRD_CD": "W",
        "CHNL_CD": "CN3",
        "CHNL_NM": "(EC)할인몰",
        "SALE_AMT": 93164.85
      },
      {
        "YYYYMM": "202507",
        "BRD_CD": "W",
        "CHNL_CD": "CN5",
        "CHNL_NM": "(OFF)쇼핑몰",
        "SALE_AMT": 0.0
      },
      {
        "YYYYMM": "202507",
        "BRD_CD": "W",
        "CHNL_CD": "CN6",
        "CHNL_NM": "(OFF)아울렛",
        "SALE_AMT": 355541.0
      },
      {
        "YYYYMM": "202507",
        "BRD_CD": "W",
        "CHNL_CD": "CN7",
        "CHNL_NM": "(EC)대리상",
        "SALE_AMT": 0.0
      },
      {
        "YYYYMM": "202507",
        "BRD_CD": "W",
        "CHNL_CD": "CN8",
        "CHNL_NM": "(OFF)대리상",
        "SALE_AMT": 430.0
      },
      {
        "YYYYMM": "202507",
        "BRD_CD": "W",
        "CHNL_CD": null,
        "CHNL_NM": null,
        "SALE_AMT": 0.0
      },
      {
        "YYYYMM": "202506",
        "BRD_CD": "W",
        "CHNL_CD": "CN1",
        "CHNL_NM": "(EC)티몰",
        "SALE_AMT": 46852.93000000002
      },
      {
        "YYYYMM": "202506",
        "BRD_CD": "W",
        "CHNL_CD": "CN3",
        "CHNL_NM": "(EC)할인몰",
        "SALE_AMT": 57940.55
      },
      {
        "YYYYMM": "202506",
        "BRD_CD": "W",
        "CHNL_CD": "CN5",
        "CHNL_NM": "(OFF)쇼핑몰",
        "SALE_AMT": 53180.0
      },
      {
        "YYYYMM": "202506",
        "BRD_CD": "W",
        "CHNL_CD": "CN6",
        "CHNL_NM": "(OFF)아울렛",
        "SALE_AMT": 129755.46669999999
      },
      {
        "YYYYMM": "202506",
        "BRD_CD": "W",
        "CHNL_CD": "CN7",
        "CHNL_NM": "(EC)대리상",
        "SALE_AMT": 0.0
      },
      {
        "YYYYMM": "202506",
        "BRD_CD": "W",
        "CHNL_CD": "CN8",
        "CHNL_NM": "(OFF)대리상",
        "SALE_AMT": 0.0
      },
      {
        "YYYYMM": "202506",
        "BRD_CD": "W",
        "CHNL_CD": null,
        "CHNL_NM": null,
        "SALE_AMT": 0.0
      },
      {
        "YYYYMM": "202505",
        "BRD_CD": "W",
        "CHNL_CD": "CN1",
        "CHNL_NM": "(EC)티몰",
        "SALE_AMT": 45349.73000000001
      },
      {
        "YYYYMM": "202505",
        "BRD_CD": "W",
        "CHNL_CD": "CN3",
        "CHNL_NM": "(EC)할인몰",
        "SALE_AMT": 73346.45
      },
      {
        "YYYYMM": "202505",
        "BRD_CD": "W",
        "CHNL_CD": "CN5",
        "CHNL_NM": "(OFF)쇼핑몰",
        "SALE_AMT": 132951.0
      },
      {
        "YYYYMM": "202505",
        "BRD_CD": "W",
        "CHNL_CD": "CN6",
        "CHNL_NM": "(OFF)아울렛",
        "SALE_AMT": 165897.4
      },
      {
        "YYYYMM": "202505",
        "BRD_CD": "W",
        "CHNL_CD": "CN7",
        "CHNL_NM": "(EC)대리상",
        "SALE_AMT": 0.0
      },
      {
        "YYYYMM": "202505",
        "BRD_CD": "W",
        "CHNL_CD": "CN8",
        "CHNL_NM": "(OFF)대리상",
        "SALE_AMT": 1197.0
      },
      {
        "YYYYMM": "202505",
        "BRD_CD": "W",
        "CHNL_CD": null,
        "CHNL_NM": null,
        "SALE_AMT": 0.0
      },
      {
        "YYYYMM": "202504",
        "BRD_CD": "W",
        "CHNL_CD": "CN1",
        "CHNL_NM": "(EC)티몰",
        "SALE_AMT": 66035.95999999998
      },
      {
        "YYYYMM": "202504",
        "BRD_CD": "W",
        "CHNL_CD": "CN3",
        "CHNL_NM": "(EC)할인몰",
        "SALE_AMT": 244845.29999999993
      },
      {
        "YYYYMM": "202504",
        "BRD_CD": "W",
        "CHNL_CD": "CN5",
        "CHNL_NM": "(OFF)쇼핑몰",
        "SALE_AMT": 97931.0
      },
      {
        "YYYYMM": "202504",
        "BRD_CD": "W",
        "CHNL_CD": "CN6",
        "CHNL_NM": "(OFF)아울렛",
        "SALE_AMT": 58129.0
      },
      {
        "YYYYMM": "202504",
        "BRD_CD": "W",
        "CHNL_CD": "CN7",
        "CHNL_NM": "(EC)대리상",
        "SALE_AMT": 0.0
      },
      {
        "YYYYMM": "202504",
        "BRD_CD": "W",
        "CHNL_CD": "CN8",
        "CHNL_NM": "(OFF)대리상",
        "SALE_AMT": 2300.0
      },
      {
        "YYYYMM": "202504",
        "BRD_CD": "W",
        "CHNL_CD": null,
        "CHNL_NM": null,
        "SALE_AMT": 0.0
      },
      {
        "YYYYMM": "202503",
        "BRD_CD": "W",
        "CHNL_CD": "CN1",
        "CHNL_NM": "(EC)티몰",
        "SALE_AMT": 66793.43000000004
      }
    ],
    "total_records_count": 70
  }
}