{
  "country": "CN",
  "brand_cd": "V",
  "brand_name": "DUVETICA",
  "yyyymm": "202510",
  "yyyymm_py": "202410",
  "key": "월별아이템별재고추세",
  "analysis_data": {
    "title": "월별 아이템별 재고 추세 분석",
    "sections": [
      {
        "div": "종합분석-1",
        "sub_title": "조기경보",
        "ai_text": "⚠️ **24SF 의류 재고 과다 위험**\n- 전체 재고의 57.7%를 차지하는 최대 재고 보유 아이템 (1,301,326k)\n- 1월 152,924k에서 10월 140,438k로 8.2% 감소했으나 여전히 과다 보유\n- 2월 급격한 재고 감소(3,937k) 후 완만한 감소세로 재고 회전율 저조\n\n⚠️ **과시즌 의류 처리 지연**\n- 753,625k 규모로 전체 재고의 33.4% 차지\n- 7.6% 감소율로 24SF 의류 대비 처리 속도 느림\n- 시즌 종료 후에도 80,947k 잔존으로 마크다운 손실 우려\n\n⚠️ **전반적 재고 회전율 저하**\n- 2월 이상 급감(6,545k) 후 3월부터 완만한 감소 패턴\n- 월평균 감소율 2.3%로 재고 소진 속도 부족\n- 신발(21,260k), 가방(4,774k) 등 액세서리류도 지속적 재고 누적"
      },
      {
        "div": "종합분석-2",
        "sub_title": "긍정신호",
        "ai_text": "✅ **소형 아이템 안정적 관리**\n- 모자: 1,436k→1,363k (5.0% 감소)로 적정 재고 수준 유지\n- 기타: 1,323k→1,287k (2.7% 감소)로 가장 안정적인 재고 추이\n- 소규모 재고로 리스크 최소화 및 효율적 관리\n\n✅ **지속적 재고 감소 추세**\n- 전 아이템에서 일관된 감소 패턴 확인\n- 2월 이후 안정적인 월별 감소율 유지\n- 재고 처리 방향성은 올바르게 설정됨\n\n✅ **카테고리별 차별화 관리**\n- 의류(24SF, 과시즌) vs 액세서리(신발, 가방, 모자) 구분 관리\n- 각 아이템별 특성에 맞는 재고 감소 속도 조절\n- 가방 4.1% 감소로 적정 수준의 재고 회전율 달성"
      },
      {
        "div": "종합분석-3",
        "sub_title": "핵심액션",
        "ai_text": "🎯 **즉시 실행 액션**\n- 24SF 의류 집중 처리: 11-12월 대대적 프로모션으로 월 15% 이상 재고 감소 목표\n- 과시즌 의류 긴급 처리: 아웃렛 채널 확대 및 B2B 도매 물량 증대\n- 재고 회전율 KPI 설정: 월별 8% 이상 감소율 목표 수립\n\n🎯 **중기 전략 수립**\n- 의류 카테고리 발주량 조정: 25SS 시즌 발주량 30% 축소 검토\n- 재고 예측 모델 고도화: AI 기반 수요 예측으로 적정 재고 수준 산정\n- 멀티채널 판매 전략: 온라인 전용 상품 기획으로 재고 회전율 개선\n\n🎯 **모니터링 체계 강화**\n- 주간 재고 현황 리포트: 아이템별 재고 회전율 실시간 추적\n- 조기경보 시스템 구축: 재고 증가 시 즉시 알림 체계 마련\n- 성과 지표 관리: 재고 자산 회전율, 재고 처리율 등 KPI 일일 모니터링"
      }
    ]
  },
  "summary": {
    "total_stock": 2319472.0,
    "unique_months": 10,
    "unique_items": 6,
    "analysis_period": "2025년 01월 ~ 2025년 12월"
  },
  "monthly_totals": {
    "202501": 270769.0,
    "202502": 6545.0,
    "202503": 264360.0,
    "202504": 258167.0,
    "202505": 256259.0,
    "202506": 255293.0,
    "202507": 253225.0,
    "202508": 252533.0,
    "202509": 252251.0,
    "202510": 250070.0
  },
  "item_stock_data": {
    "기타": {
      "total_stock": 11725.0,
      "months": {
        "202501": 1323.0,
        "202502": 43.0,
        "202503": 1304.0,
        "202504": 1299.0,
        "202505": 1297.0,
        "202506": 1296.0,
        "202507": 1294.0,
        "202508": 1292.0,
        "202509": 1289.0,
        "202510": 1287.0
      }
    },
    "과시즌 의류": {
      "total_stock": 753625.0,
      "months": {
        "202501": 87564.0,
        "202502": 927.0,
        "202503": 85051.0,
        "202504": 83931.0,
        "202505": 83519.0,
        "202506": 83371.0,
        "202507": 83006.0,
        "202508": 82727.0,
        "202509": 82583.0,
        "202510": 80947.0
      }
    },
    "24SF 의류": {
      "total_stock": 1301326.0,
      "months": {
        "202501": 152924.0,
        "202502": 3937.0,
        "202503": 149257.0,
        "202504": 144925.0,
        "202505": 143577.0,
        "202506": 142832.0,
        "202507": 141438.0,
        "202508": 141055.0,
        "202509": 140943.0,
        "202510": 140438.0
      }
    },
    "모자": {
      "total_stock": 12633.0,
      "months": {
        "202501": 1436.0,
        "202502": 123.0,
        "202503": 1411.0,
        "202504": 1400.0,
        "202505": 1394.0,
        "202506": 1379.0,
        "202507": 1377.0,
        "202508": 1377.0,
        "202509": 1373.0,
        "202510": 1363.0
      }
    },
    "신발": {
      "total_stock": 196408.0,
      "months": {
        "202501": 22543.0,
        "202502": 1312.0,
        "202503": 22435.0,
        "202504": 21737.0,
        "202505": 21633.0,
        "202506": 21607.0,
        "202507": 21311.0,
        "202508": 21292.0,
        "202509": 21280.0,
        "202510": 21260.0
      }
    },
    "가방": {
      "total_stock": 43755.0,
      "months": {
        "202501": 4980.0,
        "202502": 203.0,
        "202503": 4902.0,
        "202504": 4875.0,
        "202505": 4840.0,
        "202506": 4808.0,
        "202507": 4799.0,
        "202508": 4791.0,
        "202509": 4784.0,
        "202510": 4774.0
      }
    }
  },
  "stock_trends": {
    "기타": {
      "change_pct": -2.7,
      "first_month": "202501",
      "last_month": "202510",
      "first_stock": 1323.0,
      "last_stock": 1287.0,
      "max_stock": 1323.0,
      "min_stock": 43.0,
      "max_month": "202501",
      "min_month": "202502"
    },
    "과시즌 의류": {
      "change_pct": -7.6,
      "first_month": "202501",
      "last_month": "202510",
      "first_stock": 87564.0,
      "last_stock": 80947.0,
      "max_stock": 87564.0,
      "min_stock": 927.0,
      "max_month": "202501",
      "min_month": "202502"
    },
    "24SF 의류": {
      "change_pct": -8.2,
      "first_month": "202501",
      "last_month": "202510",
      "first_stock": 152924.0,
      "last_stock": 140438.0,
      "max_stock": 152924.0,
      "min_stock": 3937.0,
      "max_month": "202501",
      "min_month": "202502"
    },
    "모자": {
      "change_pct": -5.0,
      "first_month": "202501",
      "last_month": "202510",
      "first_stock": 1436.0,
      "last_stock": 1363.0,
      "max_stock": 1436.0,
      "min_stock": 123.0,
      "max_month": "202501",
      "min_month": "202502"
    },
    "신발": {
      "change_pct": -5.7,
      "first_month": "202501",
      "last_month": "202510",
      "first_stock": 22543.0,
      "last_stock": 21260.0,
      "max_stock": 22543.0,
      "min_stock": 1312.0,
      "max_month": "202501",
      "min_month": "202502"
    },
    "가방": {
      "change_pct": -4.1,
      "first_month": "202501",
      "last_month": "202510",
      "first_stock": 4980.0,
      "last_stock": 4774.0,
      "max_stock": 4980.0,
      "min_stock": 203.0,
      "max_month": "202501",
      "min_month": "202502"
    }
  },
  "raw_data": {
    "sample_records": [
      {
        "YYYYMM": "202501",
        "BRD_CD": "V",
        "ITEM_STD": "기타",
        "STOCK_TAG_AMT_EXPECTED": 1322990.0
      },
      {
        "YYYYMM": "202501",
        "BRD_CD": "V",
        "ITEM_STD": "과시즌 의류",
        "STOCK_TAG_AMT_EXPECTED": 87563590.0
      },
      {
        "YYYYMM": "202501",
        "BRD_CD": "V",
        "ITEM_STD": "24SF 의류",
        "STOCK_TAG_AMT_EXPECTED": 152923700.0
      },
      {
        "YYYYMM": "202501",
        "BRD_CD": "V",
        "ITEM_STD": "모자",
        "STOCK_TAG_AMT_EXPECTED": 1435750.0
      },
      {
        "YYYYMM": "202501",
        "BRD_CD": "V",
        "ITEM_STD": "신발",
        "STOCK_TAG_AMT_EXPECTED": 22542610.0
      },
      {
        "YYYYMM": "202501",
        "BRD_CD": "V",
        "ITEM_STD": "가방",
        "STOCK_TAG_AMT_EXPECTED": 4980020.0
      },
      {
        "YYYYMM": "202502",
        "BRD_CD": "V",
        "ITEM_STD": "24SF 의류",
        "STOCK_TAG_AMT_EXPECTED": 3936600.0
      },
      {
        "YYYYMM": "202502",
        "BRD_CD": "V",
        "ITEM_STD": "신발",
        "STOCK_TAG_AMT_EXPECTED": 1312140.0
      },
      {
        "YYYYMM": "202502",
        "BRD_CD": "V",
        "ITEM_STD": "기타",
        "STOCK_TAG_AMT_EXPECTED": 42930.0
      },
      {
        "YYYYMM": "202502",
        "BRD_CD": "V",
        "ITEM_STD": "모자",
        "STOCK_TAG_AMT_EXPECTED": 122990.0
      },
      {
        "YYYYMM": "202502",
        "BRD_CD": "V",
        "ITEM_STD": "가방",
        "STOCK_TAG_AMT_EXPECTED": 203430.0
      },
      {
        "YYYYMM": "202502",
        "BRD_CD": "V",
        "ITEM_STD": "과시즌 의류",
        "STOCK_TAG_AMT_EXPECTED": 927090.0
      },
      {
        "YYYYMM": "202503",
        "BRD_CD": "V",
        "ITEM_STD": "과시즌 의류",
        "STOCK_TAG_AMT_EXPECTED": 85050610.0
      },
      {
        "YYYYMM": "202503",
        "BRD_CD": "V",
        "ITEM_STD": "기타",
        "STOCK_TAG_AMT_EXPECTED": 1304050.0
      },
      {
        "YYYYMM": "202503",
        "BRD_CD": "V",
        "ITEM_STD": "모자",
        "STOCK_TAG_AMT_EXPECTED": 1411310.0
      },
      {
        "YYYYMM": "202503",
        "BRD_CD": "V",
        "ITEM_STD": "신발",
        "STOCK_TAG_AMT_EXPECTED": 22435350.0
      },
      {
        "YYYYMM": "202503",
        "BRD_CD": "V",
        "ITEM_STD": "24SF 의류",
        "STOCK_TAG_AMT_EXPECTED": 149257100.0
      },
      {
        "YYYYMM": "202503",
        "BRD_CD": "V",
        "ITEM_STD": "가방",
        "STOCK_TAG_AMT_EXPECTED": 4901830.0
      },
      {
        "YYYYMM": "202504",
        "BRD_CD": "V",
        "ITEM_STD": "24SF 의류",
        "STOCK_TAG_AMT_EXPECTED": 144925400.0
      },
      {
        "YYYYMM": "202504",
        "BRD_CD": "V",
        "ITEM_STD": "기타",
        "STOCK_TAG_AMT_EXPECTED": 1299410.0
      },
      {
        "YYYYMM": "202504",
        "BRD_CD": "V",
        "ITEM_STD": "가방",
        "STOCK_TAG_AMT_EXPECTED": 4874730.0
      },
      {
        "YYYYMM": "202504",
        "BRD_CD": "V",
        "ITEM_STD": "신발",
        "STOCK_TAG_AMT_EXPECTED": 21736710.0
      },
      {
        "YYYYMM": "202504",
        "BRD_CD": "V",
        "ITEM_STD": "모자",
        "STOCK_TAG_AMT_EXPECTED": 1400160.0
      },
      {
        "YYYYMM": "202504",
        "BRD_CD": "V",
        "ITEM_STD": "과시즌 의류",
        "STOCK_TAG_AMT_EXPECTED": 83930890.0
      },
      {
        "YYYYMM": "202505",
        "BRD_CD": "V",
        "ITEM_STD": "24SF 의류",
        "STOCK_TAG_AMT_EXPECTED": 143576700.0
      },
      {
        "YYYYMM": "202505",
        "BRD_CD": "V",
        "ITEM_STD": "과시즌 의류",
        "STOCK_TAG_AMT_EXPECTED": 83518730.0
      },
      {
        "YYYYMM": "202505",
        "BRD_CD": "V",
        "ITEM_STD": "기타",
        "STOCK_TAG_AMT_EXPECTED": 1297320.0
      },
      {
        "YYYYMM": "202505",
        "BRD_CD": "V",
        "ITEM_STD": "가방",
        "STOCK_TAG_AMT_EXPECTED": 4839530.0
      },
      {
        "YYYYMM": "202505",
        "BRD_CD": "V",
        "ITEM_STD": "모자",
        "STOCK_TAG_AMT_EXPECTED": 1393670.0
      },
      {
        "YYYYMM": "202505",
        "BRD_CD": "V",
        "ITEM_STD": "신발",
        "STOCK_TAG_AMT_EXPECTED": 21632830.0
      },
      {
        "YYYYMM": "202506",
        "BRD_CD": "V",
        "ITEM_STD": "신발",
        "STOCK_TAG_AMT_EXPECTED": 21606510.0
      },
      {
        "YYYYMM": "202506",
        "BRD_CD": "V",
        "ITEM_STD": "모자",
        "STOCK_TAG_AMT_EXPECTED": 1379330.0
      },
      {
        "YYYYMM": "202506",
        "BRD_CD": "V",
        "ITEM_STD": "과시즌 의류",
        "STOCK_TAG_AMT_EXPECTED": 83371290.0
      },
      {
        "YYYYMM": "202506",
        "BRD_CD": "V",
        "ITEM_STD": "가방",
        "STOCK_TAG_AMT_EXPECTED": 4807930.0
      },
      {
        "YYYYMM": "202506",
        "BRD_CD": "V",
        "ITEM_STD": "24SF 의류",
        "STOCK_TAG_AMT_EXPECTED": 142832200.0
      },
      {
        "YYYYMM": "202506",
        "BRD_CD": "V",
        "ITEM_STD": "기타",
        "STOCK_TAG_AMT_EXPECTED": 1296170.0
      },
      {
        "YYYYMM": "202507",
        "BRD_CD": "V",
        "ITEM_STD": "기타",
        "STOCK_TAG_AMT_EXPECTED": 1293690.0
      },
      {
        "YYYYMM": "202507",
        "BRD_CD": "V",
        "ITEM_STD": "신발",
        "STOCK_TAG_AMT_EXPECTED": 21310740.0
      },
      {
        "YYYYMM": "202507",
        "BRD_CD": "V",
        "ITEM_STD": "모자",
        "STOCK_TAG_AMT_EXPECTED": 1377130.0
      },
      {
        "YYYYMM": "202507",
        "BRD_CD": "V",
        "ITEM_STD": "과시즌 의류",
        "STOCK_TAG_AMT_EXPECTED": 83005970.0
      },
      {
        "YYYYMM": "202507",
        "BRD_CD": "V",
        "ITEM_STD": "가방",
        "STOCK_TAG_AMT_EXPECTED": 4799230.0
      },
      {
        "YYYYMM": "202507",
        "BRD_CD": "V",
        "ITEM_STD": "24SF 의류",
        "STOCK_TAG_AMT_EXPECTED": 141438100.0
      },
      {
        "YYYYMM": "202508",
        "BRD_CD": "V",
        "ITEM_STD": "모자",
        "STOCK_TAG_AMT_EXPECTED": 1376630.0
      },
      {
        "YYYYMM": "202508",
        "BRD_CD": "V",
        "ITEM_STD": "신발",
        "STOCK_TAG_AMT_EXPECTED": 21291690.0
      },
      {
        "YYYYMM": "202508",
        "BRD_CD": "V",
        "ITEM_STD": "24SF 의류",
        "STOCK_TAG_AMT_EXPECTED": 141055400.0
      },
      {
        "YYYYMM": "202508",
        "BRD_CD": "V",
        "ITEM_STD": "가방",
        "STOCK_TAG_AMT_EXPECTED": 4791130.0
      },
      {
        "YYYYMM": "202508",
        "BRD_CD": "V",
        "ITEM_STD": "과시즌 의류",
        "STOCK_TAG_AMT_EXPECTED": 82726570.0
      },
      {
        "YYYYMM": "202508",
        "BRD_CD": "V",
        "ITEM_STD": "기타",
        "STOCK_TAG_AMT_EXPECTED": 1291550.0
      },
      {
        "YYYYMM": "202509",
        "BRD_CD": "V",
        "ITEM_STD": "신발",
        "STOCK_TAG_AMT_EXPECTED": 21279590.0
      },
      {
        "YYYYMM": "202509",
        "BRD_CD": "V",
        "ITEM_STD": "가방",
        "STOCK_TAG_AMT_EXPECTED": 4783930.0
      }
    ],
    "total_records_count": 60
  }
}