{
  "country": "CN",
  "brand_cd": "X",
  "brand_name": "DISCOVERY",
  "yyyymm": "202507",
  "yyyymm_py": "202407",
  "key": "영업비",
  "sub_key": "종합분석",
  "analysis_data": {
    "title": "영업비 종합분석",
    "sections": [
      {
        "div": "종합분석-1",
        "sub_title": "전년/당해 동월 비교 (202407 VS 202507)",
        "ai_text": "**전년 동월(202407) 대비 당해당월(202507) 영업비 분석**\n\n전년 동월(2024년 7월)에는 DISCOVERY 브랜드의 영업활동이 전무했으나, 당해당월(2025년 7월)에는 본격적인 사업 운영이 시작되었습니다.\n\n**주요 영업비 현황 (당해당월 기준):**\n• 총 영업비: 2,411k (매출액(v+) 2,906k 대비 83.0%)\n• 인건비(급여+복리후생비): 1,223k (50.7%) - 가장 큰 비중\n• 광고비: 564k (23.4%) - 브랜드 인지도 구축을 위한 마케팅 투자\n• 지급수수료: 504k (20.9%) - 온라인 플랫폼 수수료 등\n• 기타비용: 119k (4.9%)\n• 감가상각비: 1k (0.1%)\n\n**전략적 포인트:**\n• 브랜드 런칭 초기 단계로 높은 영업비율은 예상 범위 내\n• 인건비 비중이 높아 조직 구성이 본격화됨을 시사\n• 광고비와 지급수수료 투자로 시장 진입에 적극적 자세"
      },
      {
        "div": "종합분석-2",
        "sub_title": "누적 YTD 비교 (전년 누적 VS 당해 누적)",
        "ai_text": "**전년 누적(202401~202407) 대비 당해 누적(202501~202507) 영업비 분석**\n\n전년 동기간에는 사업 운영이 없었으나, 당해 누적 기준으로 DISCOVERY 브랜드가 본격 런칭되어 총 25,692k의 영업비를 집행했습니다.\n\n**누적 영업비 구조 분석:**\n• 총 영업비: 25,692k (매출액(v+) 19,117k 대비 134.4%)\n• 광고비: 14,254k (55.5%) - 브랜드 인지도 구축 최우선 투자\n• 인건비(급여+복리후생비): 8,980k (35.0%) - 조직 확대 및 인력 충원\n• 지급수수료: 1,646k (6.4%) - 유통채널 다각화\n• 이벤트비용: 491k (1.9%) - 론칭 이벤트 및 프로모션\n• 기타비용: 319k (1.2%)\n• 감가상각비: 2k (0.0%)\n\n**핵심 인사이트:**\n• 광고비가 전체 영업비의 절반 이상을 차지하여 브랜드 구축에 집중\n• 매출액 대비 영업비율 134.4%는 신규 브랜드 런칭 단계의 전형적 패턴\n• 7개월간 꾸준한 투자로 브랜드 기반 구축 완료 단계"
      },
      {
        "div": "종합분석-3",
        "sub_title": "1년 추세 분석 (2024년 1월 ~ 2025년 7월, 202401~202507)",
        "ai_text": "**2024년 9월 ~ 2025년 7월 월별 영업비 추이 분석**\n\n**런칭 단계별 영업비 패턴:**\n\n**1단계: 브랜드 준비기 (2024년 9월~12월)**\n• 2024년 9월: 2,784k (이벤트비 979k로 런칭 이벤트 집중)\n• 2024년 10월: 4,366k (광고비 3,825k로 대규모 마케팅 시작)\n• 2024년 11월: 5,683k (광고비 4,747k로 최고치 기록)\n• 2024년 12월: 3,637k (연말 조정 및 정리)\n\n**2단계: 사업 안정화기 (2025년 1월~7월)**\n• 2025년 1월: 3,551k (신년 재시작, 인건비 1,250k로 조직 확대)\n• 2025년 2월: 3,263k (이벤트비 491k 추가 투입)\n• 2025년 3월: 4,024k (인건비 1,738k로 최고치, 조직 완성)\n• 2025년 4월: 3,304k (안정적 운영 패턴)\n• 2025년 5월: 4,552k (광고비 3,453k로 재투자)\n• 2025년 6월: 4,587k (광고비 3,444k 지속)\n• 2025년 7월: 2,411k (광고비 564k로 대폭 감소)\n\n**주요 트렌드:**\n• 광고비: 런칭 초기 고투입 → 7월 크게 감소 (효율성 개선 신호)\n• 인건비: 점진적 증가 후 월 900k~1,700k 수준에서 안정화\n• 지급수수료: 매출 연동으로 변동성 존재"
      },
      {
        "div": "종합분석-4",
        "sub_title": "법인 전체 대비 브랜드 비중 분석 (DISCOVERY vs 법인 전체)",
        "ai_text": "**당해당월(202507) 법인 전체 대비 DISCOVERY 브랜드 영업비 비중 분석**\n\n**전체 영업비 비중:**\n• DISCOVERY: 2,411k vs 법인 전체: 33,350k (비중 7.2%)\n• 신규 브랜드임에도 불구하고 상당한 영업비 투입 수준\n\n**영업비 계정별 법인 내 비중:**\n• 지급수수료: 20.8% (504k/2,424k) - 가장 높은 비중, 온라인 채널 집중도 반영\n• 기타비용: 23.8% (119k/501k) - 신규 브랜드 특수 비용 발생\n• 복리후생비: 11.2% (303k/2,713k) - 조직 규모 대비 높은 수준\n• 인건비: 10.7% (920k/8,596k) - 전담 조직 운영\n• 광고비: 5.7% (564k/9,880k) - 7월 광고비 축소로 상대적 낮음\n• 임차료, 이벤트비, 세금과공과: 0.0% - 아직 투입하지 않는 영역\n\n**당해 누적 법인 내 비중:**\n• 총 영업비 비중: 11.4% (25,692k/225,101k)\n• 월별 7.2% 대비 누적 11.4%는 상반기 집중 투자 결과\n\n**포지셔닝 분석:**\n• MLB, MLB KIDS 다음으로 상당한 영업비 투입 브랜드로 성장\n• 온라인 중심 사업모델로 임차료 부담 없이 효율적 운영\n• 법인 내 신성장 동력으로서의 역할 수행 중"
      },
      {
        "div": "종합분석-5",
        "sub_title": "전략적 시사점",
        "ai_text": "**종합 분석 결과 및 전략 방향**\n\n**현재 상황 진단:**\n• DISCOVERY는 2024년 9월 런칭 이후 약 1년간 브랜드 기반 구축 완료\n• 총 영업비 29,458k 투입으로 시장 진입 및 인지도 확보\n• 매출액 대비 높은 영업비율은 신규 브랜드 특성상 예상 범위\n\n**단기 전략 방향 (향후 3개월):**\n• **광고비 효율성 제고**: 7월 광고비 564k로 대폭 감소한 것은 긍정적 신호, ROI 기반 마케팅 최적화 지속\n• **지급수수료 관리**: 법인 내 20.8% 비중으로 높음, 온라인 채널별 수익성 분석 및 협상력 강화 필요\n• **인건비 안정화**: 월 1,200k 수준에서 고정비 관리, 매출 증대를 통한 생산성 향상 집중\n• **임차료 검토**: 현재 0k이나 오프라인 진출 시 신중한 입지 선정 필요\n\n**중장기 전략 방향 (향후 12개월):**\n• **수익성 개선**: 매출액 대비 영업비율 134.4% → 80% 이하로 개선 목표\n• **채널 다각화**: 온라인 중심에서 오프라인 진출 검토, 임차료 부담 최소화 전략 수립\n• **브랜드 포트폴리오 시너지**: 법인 내 다른 브랜드와의 교차 마케팅 및 운영 효율성 제고\n• **조직 효율성**: 법인 내 영업비 비중 11.4% 수준 유지하면서 매출 기여도 20% 이상 달성\n\n**핵심 KPI 모니터링:**\n• 월별 영업비율 80% 이하 달성 여부\n• 광고비 ROI 2.0 이상 유지\n• 법인 내 매출 기여도 vs 영업비 비중 격차 확대"
      }
    ]
  },
  "summary": {
    "current_month_expense": 2411.0,
    "previous_month_expense": 0.0,
    "current_ytd_expense": 25692.0,
    "previous_ytd_expense": 0.0,
    "total_records": 44,
    "analysis_period_month": "2024년 7월 VS 2025년 7월",
    "analysis_period_ytd": "2024년 1월~2024년 7월 VS 2025년 1월~2025년 7월",
    "trend_period": "2024년 1월 ~ 2025년 7월 (202401~202507)"
  },
  "month_comparison": {
    "previous_month": {
      "ad_cst_oprt": 0.0,
      "slry_csy_oprt": 0.0,
      "emp_bnft_cst_oprt": 0.0,
      "pmt_cms_oprt": 0.0,
      "shop_rnt_oprt": 0.0,
      "evnt_cst_oprt": 0.0,
      "tax_cst_oprt": 0.0,
      "deprc_cst_oprt": 0.0,
      "etc_cst_oprt": 0.0,
      "sale_amt": 0.0,
      "sale_amt_vat": 0.0
    },
    "current_month": {
      "ad_cst_oprt": 564.0,
      "slry_csy_oprt": 920.0,
      "emp_bnft_cst_oprt": 303.0,
      "pmt_cms_oprt": 504.0,
      "shop_rnt_oprt": 0.0,
      "evnt_cst_oprt": 0.0,
      "tax_cst_oprt": 0.0,
      "deprc_cst_oprt": 1.0,
      "etc_cst_oprt": 119.0,
      "sale_amt": 2906.0,
      "sale_amt_vat": 2640.0
    }
  },
  "ytd_comparison": {
    "previous_ytd": {
      "ad_cst_oprt": 0.0,
      "slry_csy_oprt": 0.0,
      "emp_bnft_cst_oprt": 0.0,
      "pmt_cms_oprt": 0.0,
      "shop_rnt_oprt": 0.0,
      "evnt_cst_oprt": 0.0,
      "tax_cst_oprt": 0.0,
      "deprc_cst_oprt": 0.0,
      "etc_cst_oprt": 0.0,
      "sale_amt": 0.0,
      "sale_amt_vat": 0.0
    },
    "current_ytd": {
      "ad_cst_oprt": 14254.0,
      "slry_csy_oprt": 7311.0,
      "emp_bnft_cst_oprt": 1669.0,
      "pmt_cms_oprt": 1646.0,
      "shop_rnt_oprt": 0.0,
      "evnt_cst_oprt": 491.0,
      "tax_cst_oprt": 0.0,
      "deprc_cst_oprt": 2.0,
      "etc_cst_oprt": 319.0,
      "sale_amt": 19117.0,
      "sale_amt_vat": 15516.0
    }
  },
  "trend_by_month": {
    "202409": {
      "ad_cst_oprt": 1411.0,
      "slry_csy_oprt": 294.0,
      "emp_bnft_cst_oprt": 94.0,
      "pmt_cms_oprt": 8.0,
      "shop_rnt_oprt": 0.0,
      "evnt_cst_oprt": 979.0,
      "tax_cst_oprt": 0.0,
      "deprc_cst_oprt": 0.0,
      "etc_cst_oprt": -2.0,
      "sale_amt": 69.0,
      "sale_amt_vat": 61.0
    },
    "202410": {
      "ad_cst_oprt": 3825.0,
      "slry_csy_oprt": 336.0,
      "emp_bnft_cst_oprt": 104.0,
      "pmt_cms_oprt": 15.0,
      "shop_rnt_oprt": 0.0,
      "evnt_cst_oprt": 0.0,
      "tax_cst_oprt": 0.0,
      "deprc_cst_oprt": 0.0,
      "etc_cst_oprt": 86.0,
      "sale_amt": 780.0,
      "sale_amt_vat": 691.0
    },
    "202411": {
      "ad_cst_oprt": 4747.0,
      "slry_csy_oprt": 578.0,
      "emp_bnft_cst_oprt": 181.0,
      "pmt_cms_oprt": 130.0,
      "shop_rnt_oprt": 0.0,
      "evnt_cst_oprt": 0.0,
      "tax_cst_oprt": 0.0,
      "deprc_cst_oprt": 0.0,
      "etc_cst_oprt": 47.0,
      "sale_amt": 3079.0,
      "sale_amt_vat": 1368.0
    },
    "202412": {
      "ad_cst_oprt": 2706.0,
      "slry_csy_oprt": 590.0,
      "emp_bnft_cst_oprt": 210.0,
      "pmt_cms_oprt": 12.0,
      "shop_rnt_oprt": 0.0,
      "evnt_cst_oprt": 0.0,
      "tax_cst_oprt": 0.0,
      "deprc_cst_oprt": 0.0,
      "etc_cst_oprt": 119.0,
      "sale_amt": 5208.0,
      "sale_amt_vat": 2760.0
    },
    "202501": {
      "ad_cst_oprt": 2040.0,
      "slry_csy_oprt": 1250.0,
      "emp_bnft_cst_oprt": 203.0,
      "pmt_cms_oprt": 0.0,
      "shop_rnt_oprt": 0.0,
      "evnt_cst_oprt": 0.0,
      "tax_cst_oprt": 0.0,
      "deprc_cst_oprt": 0.0,
      "etc_cst_oprt": 58.0,
      "sale_amt": 3718.0,
      "sale_amt_vat": 2204.0
    },
    "202502": {
      "ad_cst_oprt": 1483.0,
      "slry_csy_oprt": 850.0,
      "emp_bnft_cst_oprt": 224.0,
      "pmt_cms_oprt": 187.0,
      "shop_rnt_oprt": 0.0,
      "evnt_cst_oprt": 491.0,
      "tax_cst_oprt": 0.0,
      "deprc_cst_oprt": 0.0,
      "etc_cst_oprt": 28.0,
      "sale_amt": 2624.0,
      "sale_amt_vat": 1927.0
    },
    "202503": {
      "ad_cst_oprt": 1522.0,
      "slry_csy_oprt": 1738.0,
      "emp_bnft_cst_oprt": 240.0,
      "pmt_cms_oprt": 503.0,
      "shop_rnt_oprt": 0.0,
      "evnt_cst_oprt": 0.0,
      "tax_cst_oprt": 0.0,
      "deprc_cst_oprt": 0.0,
      "etc_cst_oprt": 21.0,
      "sale_amt": 1208.0,
      "sale_amt_vat": 1750.0
    },
    "202504": {
      "ad_cst_oprt": 1748.0,
      "slry_csy_oprt": 1053.0,
      "emp_bnft_cst_oprt": 266.0,
      "pmt_cms_oprt": 205.0,
      "shop_rnt_oprt": 0.0,
      "evnt_cst_oprt": 0.0,
      "tax_cst_oprt": 0.0,
      "deprc_cst_oprt": 1.0,
      "etc_cst_oprt": 31.0,
      "sale_amt": 4513.0,
      "sale_amt_vat": 1889.0
    },
    "202505": {
      "ad_cst_oprt": 3453.0,
      "slry_csy_oprt": 765.0,
      "emp_bnft_cst_oprt": 222.0,
      "pmt_cms_oprt": 97.0,
      "shop_rnt_oprt": 0.0,
      "evnt_cst_oprt": 0.0,
      "tax_cst_oprt": 0.0,
      "deprc_cst_oprt": 1.0,
      "etc_cst_oprt": 14.0,
      "sale_amt": 1026.0,
      "sale_amt_vat": 2639.0
    },
    "202506": {
      "ad_cst_oprt": 3444.0,
      "slry_csy_oprt": 733.0,
      "emp_bnft_cst_oprt": 211.0,
      "pmt_cms_oprt": 151.0,
      "shop_rnt_oprt": 0.0,
      "evnt_cst_oprt": 0.0,
      "tax_cst_oprt": 0.0,
      "deprc_cst_oprt": 1.0,
      "etc_cst_oprt": 47.0,
      "sale_amt": 3123.0,
      "sale_amt_vat": 2467.0
    },
    "202507": {
      "ad_cst_oprt": 564.0,
      "slry_csy_oprt": 920.0,
      "emp_bnft_cst_oprt": 303.0,
      "pmt_cms_oprt": 504.0,
      "shop_rnt_oprt": 0.0,
      "evnt_cst_oprt": 0.0,
      "tax_cst_oprt": 0.0,
      "deprc_cst_oprt": 1.0,
      "etc_cst_oprt": 119.0,
      "sale_amt": 2906.0,
      "sale_amt_vat": 2640.0
    }
  },
  "brand_vs_all_brands": {
    "current_month": {
      "brand_total": 2411.0,
      "all_brands_total": 33350.0,
      "ratio": 7.2,
      "by_account": {
        "ad_cst_oprt": {
          "brand": 564.0,
          "all_brands": 9880.0,
          "ratio": 5.7
        },
        "slry_csy_oprt": {
          "brand": 920.0,
          "all_brands": 8596.0,
          "ratio": 10.7
        },
        "emp_bnft_cst_oprt": {
          "brand": 303.0,
          "all_brands": 2713.0,
          "ratio": 11.2
        },
        "pmt_cms_oprt": {
          "brand": 504.0,
          "all_brands": 2424.0,
          "ratio": 20.8
        },
        "shop_rnt_oprt": {
          "brand": 0.0,
          "all_brands": 1900.0,
          "ratio": 0.0
        },
        "evnt_cst_oprt": {
          "brand": 0.0,
          "all_brands": 6116.0,
          "ratio": 0.0
        },
        "tax_cst_oprt": {
          "brand": 0.0,
          "all_brands": 774.0,
          "ratio": 0.0
        },
        "deprc_cst_oprt": {
          "brand": 1.0,
          "all_brands": 447.0,
          "ratio": 0.1
        },
        "etc_cst_oprt": {
          "brand": 119.0,
          "all_brands": 501.0,
          "ratio": 23.8
        }
      }
    },
    "current_ytd": {
      "brand_total": 25692.0,
      "all_brands_total": 225101.0,
      "ratio": 11.4
    }
  },
  "all_brands_summary": {
    "current_month": {
      "ad_cst_oprt": 9880.0,
      "slry_csy_oprt": 8596.0,
      "emp_bnft_cst_oprt": 2713.0,
      "pmt_cms_oprt": 2424.0,
      "shop_rnt_oprt": 1900.0,
      "evnt_cst_oprt": 6116.0,
      "tax_cst_oprt": 774.0,
      "deprc_cst_oprt": 447.0,
      "etc_cst_oprt": 501.0,
      "sale_amt": 398227.0,
      "sale_amt_vat": 484146.0
    },
    "previous_month": {
      "ad_cst_oprt": 4365.0,
      "slry_csy_oprt": 7811.0,
      "emp_bnft_cst_oprt": 2210.0,
      "pmt_cms_oprt": 975.0,
      "shop_rnt_oprt": 1526.0,
      "evnt_cst_oprt": 347.0,
      "tax_cst_oprt": 886.0,
      "deprc_cst_oprt": 483.0,
      "etc_cst_oprt": 330.0,
      "sale_amt": 340580.0,
      "sale_amt_vat": 451767.0
    },
    "current_ytd": {
      "ad_cst_oprt": 95999.0,
      "slry_csy_oprt": 60113.0,
      "emp_bnft_cst_oprt": 20007.0,
      "pmt_cms_oprt": 14543.0,
      "shop_rnt_oprt": 11312.0,
      "evnt_cst_oprt": 12816.0,
      "tax_cst_oprt": 5283.0,
      "deprc_cst_oprt": 2548.0,
      "etc_cst_oprt": 2480.0,
      "sale_amt": 2832995.0,
      "sale_amt_vat": 4279612.0
    },
    "previous_ytd": {
      "ad_cst_oprt": 73418.0,
      "slry_csy_oprt": 57454.0,
      "emp_bnft_cst_oprt": 17712.0,
      "pmt_cms_oprt": 9231.0,
      "shop_rnt_oprt": 10412.0,
      "evnt_cst_oprt": 9765.0,
      "tax_cst_oprt": 8014.0,
      "deprc_cst_oprt": 3438.0,
      "etc_cst_oprt": 4072.0,
      "sale_amt": 2688406.0,
      "sale_amt_vat": 4146449.0
    }
  },
  "raw_data": {
    "sample_records": [
      {
        "PST_YYYYMM": "202505",
        "BRD_CD": "X",
        "MGMT_CHNL_NM": null,
        "SALE_AMT": null,
        "SALE_AMT_VAT": null,
        "AD_CST_OPRT": 3452921.23,
        "SLRY_CSY_OPRT": 191730.66,
        "EMP_BNFT_CST_OPRT": 55282.5,
        "PMT_CMS_OPRT": 0.0,
        "SHOP_RNT_OPRT": 0.0,
        "EVNT_CST_OPRT": 0.0,
        "TAX_CST_OPRT": 0.0,
        "DEPRC_CST_OPRT": 0.0,
        "ETC_CST_OPRT": 128.56
      },
      {
        "PST_YYYYMM": "202504",
        "BRD_CD": "X",
        "MGMT_CHNL_NM": "(EC)티몰",
        "SALE_AMT": 434580.91,
        "SALE_AMT_VAT": 384584.8761061947,
        "AD_CST_OPRT": 0.0,
        "SLRY_CSY_OPRT": 206535.53,
        "EMP_BNFT_CST_OPRT": 45639.45,
        "PMT_CMS_OPRT": 14.99,
        "SHOP_RNT_OPRT": 0.0,
        "EVNT_CST_OPRT": 0.0,
        "TAX_CST_OPRT": 0.0,
        "DEPRC_CST_OPRT": 21.3,
        "ETC_CST_OPRT": 83.52
      },
      {
        "PST_YYYYMM": "202412",
        "BRD_CD": "X",
        "MGMT_CHNL_NM": "(OFF)쇼핑몰",
        "SALE_AMT": 1333450.0,
        "SALE_AMT_VAT": 1180044.2477876106,
        "AD_CST_OPRT": 10.49,
        "SLRY_CSY_OPRT": 2568.68,
        "EMP_BNFT_CST_OPRT": 651.83,
        "PMT_CMS_OPRT": 5.95,
        "SHOP_RNT_OPRT": 0.0,
        "EVNT_CST_OPRT": 0.0,
        "TAX_CST_OPRT": 0.0,
        "DEPRC_CST_OPRT": 2.08,
        "ETC_CST_OPRT": 29.44
      },
      {
        "PST_YYYYMM": "202410",
        "BRD_CD": "X",
        "MGMT_CHNL_NM": "(EC)티몰",
        "SALE_AMT": 780459.28,
        "SALE_AMT_VAT": 690671.92920354,
        "AD_CST_OPRT": 10.57,
        "SLRY_CSY_OPRT": 248344.45,
        "EMP_BNFT_CST_OPRT": 72271.58,
        "PMT_CMS_OPRT": 15014.52,
        "SHOP_RNT_OPRT": 0.0,
        "EVNT_CST_OPRT": 0.0,
        "TAX_CST_OPRT": 0.0,
        "DEPRC_CST_OPRT": 2.99,
        "ETC_CST_OPRT": 55495.9
      },
      {
        "PST_YYYYMM": "202507",
        "BRD_CD": "X",
        "MGMT_CHNL_NM": null,
        "SALE_AMT": null,
        "SALE_AMT_VAT": null,
        "AD_CST_OPRT": 564071.23,
        "SLRY_CSY_OPRT": 231334.53,
        "EMP_BNFT_CST_OPRT": 61959.5,
        "PMT_CMS_OPRT": 0.0,
        "SHOP_RNT_OPRT": 0.0,
        "EVNT_CST_OPRT": 0.0,
        "TAX_CST_OPRT": 0.0,
        "DEPRC_CST_OPRT": 0.0,
        "ETC_CST_OPRT": 13255.81
      },
      {
        "PST_YYYYMM": "202505",
        "BRD_CD": "X",
        "MGMT_CHNL_NM": "(OFF)쇼핑몰",
        "SALE_AMT": 538717.0,
        "SALE_AMT_VAT": 476740.7079646018,
        "AD_CST_OPRT": 0.34,
        "SLRY_CSY_OPRT": 294234.88,
        "EMP_BNFT_CST_OPRT": 70979.03,
        "PMT_CMS_OPRT": 97003.48,
        "SHOP_RNT_OPRT": 0.0,
        "EVNT_CST_OPRT": 0.0,
        "TAX_CST_OPRT": 0.0,
        "DEPRC_CST_OPRT": 504.76,
        "ETC_CST_OPRT": 7111.82
      },
      {
        "PST_YYYYMM": "202502",
        "BRD_CD": "X",
        "MGMT_CHNL_NM": "(OFF)쇼핑몰",
        "SALE_AMT": 496994.0,
        "SALE_AMT_VAT": 439817.6991150443,
        "AD_CST_OPRT": 0.63,
        "SLRY_CSY_OPRT": 215707.34,
        "EMP_BNFT_CST_OPRT": 58532.47,
        "PMT_CMS_OPRT": 187172.23,
        "SHOP_RNT_OPRT": 0.0,
        "EVNT_CST_OPRT": 0.0,
        "TAX_CST_OPRT": 0.0,
        "DEPRC_CST_OPRT": 0.59,
        "ETC_CST_OPRT": 2787.89
      },
      {
        "PST_YYYYMM": "202503",
        "BRD_CD": "X",
        "MGMT_CHNL_NM": "(OFF)대리상",
        "SALE_AMT": 164555.25999999998,
        "SALE_AMT_VAT": 826616.8141592921,
        "AD_CST_OPRT": 0.0,
        "SLRY_CSY_OPRT": 549285.35,
        "EMP_BNFT_CST_OPRT": 62441.97,
        "PMT_CMS_OPRT": 0.58,
        "SHOP_RNT_OPRT": 0.0,
        "EVNT_CST_OPRT": 0.0,
        "TAX_CST_OPRT": 0.0,
        "DEPRC_CST_OPRT": 0.01,
        "ETC_CST_OPRT": 12659.31
      },
      {
        "PST_YYYYMM": "202504",
        "BRD_CD": "X",
        "MGMT_CHNL_NM": "(OFF)대리상",
        "SALE_AMT": 3452974.26,
        "SALE_AMT_VAT": 950812.389380531,
        "AD_CST_OPRT": 0.0,
        "SLRY_CSY_OPRT": 377730.42,
        "EMP_BNFT_CST_OPRT": 77129.23,
        "PMT_CMS_OPRT": 19.52,
        "SHOP_RNT_OPRT": 0.0,
        "EVNT_CST_OPRT": 0.0,
        "TAX_CST_OPRT": 0.0,
        "DEPRC_CST_OPRT": 8.43,
        "ETC_CST_OPRT": 5705.64
      },
      {
        "PST_YYYYMM": "202411",
        "BRD_CD": "X",
        "MGMT_CHNL_NM": "(OFF)쇼핑몰",
        "SALE_AMT": 193087.0,
        "SALE_AMT_VAT": 170873.45132743364,
        "AD_CST_OPRT": 0.0,
        "SLRY_CSY_OPRT": 455.18,
        "EMP_BNFT_CST_OPRT": 112.05,
        "PMT_CMS_OPRT": 1.08,
        "SHOP_RNT_OPRT": 0.0,
        "EVNT_CST_OPRT": 0.0,
        "TAX_CST_OPRT": 0.0,
        "DEPRC_CST_OPRT": 0.98,
        "ETC_CST_OPRT": 2.13
      },
      {
        "PST_YYYYMM": "202503",
        "BRD_CD": "X",
        "MGMT_CHNL_NM": null,
        "SALE_AMT": null,
        "SALE_AMT_VAT": null,
        "AD_CST_OPRT": 1521502.11,
        "SLRY_CSY_OPRT": 419511.22,
        "EMP_BNFT_CST_OPRT": 69788.81,
        "PMT_CMS_OPRT": 0.0,
        "SHOP_RNT_OPRT": 0.0,
        "EVNT_CST_OPRT": 0.0,
        "TAX_CST_OPRT": 0.0,
        "DEPRC_CST_OPRT": 0.0,
        "ETC_CST_OPRT": 0.0
      },
      {
        "PST_YYYYMM": "202501",
        "BRD_CD": "X",
        "MGMT_CHNL_NM": "(EC)티몰",
        "SALE_AMT": 235145.63,
        "SALE_AMT_VAT": 208093.47787610622,
        "AD_CST_OPRT": 0.11,
        "SLRY_CSY_OPRT": 226515.48,
        "EMP_BNFT_CST_OPRT": 33755.14,
        "PMT_CMS_OPRT": 0.76,
        "SHOP_RNT_OPRT": 0.0,
        "EVNT_CST_OPRT": 0.0,
        "TAX_CST_OPRT": 0.0,
        "DEPRC_CST_OPRT": 0.23,
        "ETC_CST_OPRT": 23.75
      },
      {
        "PST_YYYYMM": "202501",
        "BRD_CD": "X",
        "MGMT_CHNL_NM": null,
        "SALE_AMT": null,
        "SALE_AMT_VAT": null,
        "AD_CST_OPRT": 2040382.01,
        "SLRY_CSY_OPRT": 298336.84,
        "EMP_BNFT_CST_OPRT": 47713.5,
        "PMT_CMS_OPRT": 0.0,
        "SHOP_RNT_OPRT": 0.0,
        "EVNT_CST_OPRT": 0.0,
        "TAX_CST_OPRT": 0.0,
        "DEPRC_CST_OPRT": 0.0,
        "ETC_CST_OPRT": 10524.45
      },
      {
        "PST_YYYYMM": "202503",
        "BRD_CD": "X",
        "MGMT_CHNL_NM": "(EC)티몰",
        "SALE_AMT": 599680.77,
        "SALE_AMT_VAT": 530690.946902655,
        "AD_CST_OPRT": 0.0,
        "SLRY_CSY_OPRT": 196732.0,
        "EMP_BNFT_CST_OPRT": 47681.26,
        "PMT_CMS_OPRT": 2.38,
        "SHOP_RNT_OPRT": 0.0,
        "EVNT_CST_OPRT": 0.0,
        "TAX_CST_OPRT": 0.0,
        "DEPRC_CST_OPRT": 0.83,
        "ETC_CST_OPRT": 34.23
      },
      {
        "PST_YYYYMM": "202411",
        "BRD_CD": "X",
        "MGMT_CHNL_NM": null,
        "SALE_AMT": null,
        "SALE_AMT_VAT": null,
        "AD_CST_OPRT": 4746520.31,
        "SLRY_CSY_OPRT": 130054.18,
        "EMP_BNFT_CST_OPRT": 39354.7,
        "PMT_CMS_OPRT": 0.0,
        "SHOP_RNT_OPRT": 0.0,
        "EVNT_CST_OPRT": 0.0,
        "TAX_CST_OPRT": 0.0,
        "DEPRC_CST_OPRT": 0.0,
        "ETC_CST_OPRT": 12438.26
      },
      {
        "PST_YYYYMM": "202507",
        "BRD_CD": "X",
        "MGMT_CHNL_NM": "(OFF)쇼핑몰",
        "SALE_AMT": 469927.0,
        "SALE_AMT_VAT": 415864.6017699116,
        "AD_CST_OPRT": 0.0,
        "SLRY_CSY_OPRT": 238684.8,
        "EMP_BNFT_CST_OPRT": 70283.8,
        "PMT_CMS_OPRT": 503802.09,
        "SHOP_RNT_OPRT": 0.0,
        "EVNT_CST_OPRT": 0.0,
        "TAX_CST_OPRT": 0.0,
        "DEPRC_CST_OPRT": 503.82,
        "ETC_CST_OPRT": 48860.21
      },
      {
        "PST_YYYYMM": "202505",
        "BRD_CD": "X",
        "MGMT_CHNL_NM": "(OFF)대리상",
        "SALE_AMT": -305856.2499999999,
        "SALE_AMT_VAT": 1460719.4690265488,
        "AD_CST_OPRT": -0.86,
        "SLRY_CSY_OPRT": 157282.09,
        "EMP_BNFT_CST_OPRT": 61843.63,
        "PMT_CMS_OPRT": -2.41,
        "SHOP_RNT_OPRT": 0.0,
        "EVNT_CST_OPRT": 0.0,
        "TAX_CST_OPRT": 0.0,
        "DEPRC_CST_OPRT": -1.74,
        "ETC_CST_OPRT": 6998.52
      },
      {
        "PST_YYYYMM": "202412",
        "BRD_CD": "X",
        "MGMT_CHNL_NM": "(OFF)대리상",
        "SALE_AMT": 3074363.9699999997,
        "SALE_AMT_VAT": 871415.0442477877,
        "AD_CST_OPRT": 24.53,
        "SLRY_CSY_OPRT": 65106.72,
        "EMP_BNFT_CST_OPRT": 22860.74,
        "PMT_CMS_OPRT": 13.96,
        "SHOP_RNT_OPRT": 0.0,
        "EVNT_CST_OPRT": 0.0,
        "TAX_CST_OPRT": 0.0,
        "DEPRC_CST_OPRT": 5.25,
        "ETC_CST_OPRT": 537.68
      },
      {
        "PST_YYYYMM": "202504",
        "BRD_CD": "X",
        "MGMT_CHNL_NM": null,
        "SALE_AMT": null,
        "SALE_AMT_VAT": null,
        "AD_CST_OPRT": 1747705.28,
        "SLRY_CSY_OPRT": 223066.47,
        "EMP_BNFT_CST_OPRT": 69511.5,
        "PMT_CMS_OPRT": 0.0,
        "SHOP_RNT_OPRT": 0.0,
        "EVNT_CST_OPRT": 0.0,
        "TAX_CST_OPRT": 0.0,
        "DEPRC_CST_OPRT": 0.0,
        "ETC_CST_OPRT": 17.3
      },
      {
        "PST_YYYYMM": "202502",
        "BRD_CD": "X",
        "MGMT_CHNL_NM": null,
        "SALE_AMT": null,
        "SALE_AMT_VAT": null,
        "AD_CST_OPRT": 1483169.57,
        "SLRY_CSY_OPRT": 243905.33,
        "EMP_BNFT_CST_OPRT": 71220.8,
        "PMT_CMS_OPRT": 0.0,
        "SHOP_RNT_OPRT": 0.0,
        "EVNT_CST_OPRT": 490550.52,
        "TAX_CST_OPRT": 0.0,
        "DEPRC_CST_OPRT": 0.0,
        "ETC_CST_OPRT": 5982.49
      },
      {
        "PST_YYYYMM": "202506",
        "BRD_CD": "X",
        "MGMT_CHNL_NM": "(EC)틱톡/JD",
        "SALE_AMT": 43878.020000000004,
        "SALE_AMT_VAT": 38830.10619469027,
        "AD_CST_OPRT": 0.02,
        "SLRY_CSY_OPRT": 7601.35,
        "EMP_BNFT_CST_OPRT": 2098.17,
        "PMT_CMS_OPRT": 0.27,
        "SHOP_RNT_OPRT": 0.0,
        "EVNT_CST_OPRT": 0.0,
        "TAX_CST_OPRT": 0.0,
        "DEPRC_CST_OPRT": 0.07,
        "ETC_CST_OPRT": 0.1
      },
      {
        "PST_YYYYMM": "202503",
        "BRD_CD": "X",
        "MGMT_CHNL_NM": "(OFF)쇼핑몰",
        "SALE_AMT": 443286.0,
        "SALE_AMT_VAT": 392288.49557522126,
        "AD_CST_OPRT": 0.0,
        "SLRY_CSY_OPRT": 572748.83,
        "EMP_BNFT_CST_OPRT": 60224.01,
        "PMT_CMS_OPRT": 502796.37,
        "SHOP_RNT_OPRT": 0.0,
        "EVNT_CST_OPRT": 0.0,
        "TAX_CST_OPRT": 0.0,
        "DEPRC_CST_OPRT": 0.36,
        "ETC_CST_OPRT": 8747.76
      },
      {
        "PST_YYYYMM": "202505",
        "BRD_CD": "X",
        "MGMT_CHNL_NM": "(EC)틱톡/JD",
        "SALE_AMT": 29864.0,
        "SALE_AMT_VAT": 26428.3185840708,
        "AD_CST_OPRT": 0.0,
        "SLRY_CSY_OPRT": 4588.88,
        "EMP_BNFT_CST_OPRT": 1282.52,
        "PMT_CMS_OPRT": 0.17,
        "SHOP_RNT_OPRT": 0.0,
        "EVNT_CST_OPRT": 0.0,
        "TAX_CST_OPRT": 0.0,
        "DEPRC_CST_OPRT": 0.02,
        "ETC_CST_OPRT": 0.97
      },
      {
        "PST_YYYYMM": "202411",
        "BRD_CD": "X",
        "MGMT_CHNL_NM": "(EC)티몰",
        "SALE_AMT": 1145145.79,
        "SALE_AMT_VAT": 1013403.353982301,
        "AD_CST_OPRT": 0.0,
        "SLRY_CSY_OPRT": 383958.32,
        "EMP_BNFT_CST_OPRT": 122467.75,
        "PMT_CMS_OPRT": 129806.7,
        "SHOP_RNT_OPRT": 0.0,
        "EVNT_CST_OPRT": 0.0,
        "TAX_CST_OPRT": 0.0,
        "DEPRC_CST_OPRT": 6.63,
        "ETC_CST_OPRT": 31083.91
      },
      {
        "PST_YYYYMM": "202410",
        "BRD_CD": "X",
        "MGMT_CHNL_NM": null,
        "SALE_AMT": null,
        "SALE_AMT_VAT": null,
        "AD_CST_OPRT": 3825278.0,
        "SLRY_CSY_OPRT": 87377.63,
        "EMP_BNFT_CST_OPRT": 31876.28,
        "PMT_CMS_OPRT": 300.0,
        "SHOP_RNT_OPRT": 0.0,
        "EVNT_CST_OPRT": 0.0,
        "TAX_CST_OPRT": 0.0,
        "DEPRC_CST_OPRT": 0.0,
        "ETC_CST_OPRT": 30477.99
      },
      {
        "PST_YYYYMM": "202505",
        "BRD_CD": "X",
        "MGMT_CHNL_NM": "(EC)티몰",
        "SALE_AMT": 763334.77,
        "SALE_AMT_VAT": 675517.4955752214,
        "AD_CST_OPRT": 0.69,
        "SLRY_CSY_OPRT": 117295.77,
        "EMP_BNFT_CST_OPRT": 32792.0,
        "PMT_CMS_OPRT": 15.41,
        "SHOP_RNT_OPRT": 0.0,
        "EVNT_CST_OPRT": 0.0,
        "TAX_CST_OPRT": 0.0,
        "DEPRC_CST_OPRT": 1.97,
        "ETC_CST_OPRT": 25.54
      },
      {
        "PST_YYYYMM": "202506",
        "BRD_CD": "X",
        "MGMT_CHNL_NM": "(EC)티몰",
        "SALE_AMT": 667743.01,
        "SALE_AMT_VAT": 590923.0176991151,
        "AD_CST_OPRT": 0.32,
        "SLRY_CSY_OPRT": 115679.52,
        "EMP_BNFT_CST_OPRT": 31930.21,
        "PMT_CMS_OPRT": 14.57,
        "SHOP_RNT_OPRT": 0.0,
        "EVNT_CST_OPRT": 0.0,
        "TAX_CST_OPRT": 0.0,
        "DEPRC_CST_OPRT": 1.59,
        "ETC_CST_OPRT": 2.98
      },
      {
        "PST_YYYYMM": "202507",
        "BRD_CD": "X",
        "MGMT_CHNL_NM": "(OFF)대리상",
        "SALE_AMT": 2183884.51,
        "SALE_AMT_VAT": 2001715.8407079647,
        "AD_CST_OPRT": 0.0,
        "SLRY_CSY_OPRT": 322651.11,
        "EMP_BNFT_CST_OPRT": 137128.53,
        "PMT_CMS_OPRT": 10.56,
        "SHOP_RNT_OPRT": 0.0,
        "EVNT_CST_OPRT": 0.0,
        "TAX_CST_OPRT": 0.0,
        "DEPRC_CST_OPRT": 0.46,
        "ETC_CST_OPRT": 57098.76
      },
      {
        "PST_YYYYMM": "202411",
        "BRD_CD": "X",
        "MGMT_CHNL_NM": "(OFF)대리상",
        "SALE_AMT": 1740984.91,
        "SALE_AMT_VAT": 184199.1150442478,
        "AD_CST_OPRT": 0.0,
        "SLRY_CSY_OPRT": 63288.37,
        "EMP_BNFT_CST_OPRT": 19034.16,
        "PMT_CMS_OPRT": 10.28,
        "SHOP_RNT_OPRT": 0.0,
        "EVNT_CST_OPRT": 0.0,
        "TAX_CST_OPRT": 0.0,
        "DEPRC_CST_OPRT": 10.31,
        "ETC_CST_OPRT": 3442.64
      },
      {
        "PST_YYYYMM": "202501",
        "BRD_CD": "X",
        "MGMT_CHNL_NM": "(OFF)대리상",
        "SALE_AMT": 2537663.6400000006,
        "SALE_AMT_VAT": 1160023.0088495575,
        "AD_CST_OPRT": 1.69,
        "SLRY_CSY_OPRT": 371430.23,
        "EMP_BNFT_CST_OPRT": 60747.79,
        "PMT_CMS_OPRT": 8.57,
        "SHOP_RNT_OPRT": 0.0,
        "EVNT_CST_OPRT": 0.0,
        "TAX_CST_OPRT": 0.0,
        "DEPRC_CST_OPRT": 3.1,
        "ETC_CST_OPRT": 30750.87
      },
      {
        "PST_YYYYMM": "202507",
        "BRD_CD": "X",
        "MGMT_CHNL_NM": "(EC)티몰",
        "SALE_AMT": 251707.57,
        "SALE_AMT_VAT": 222750.0619469027,
        "AD_CST_OPRT": 0.0,
        "SLRY_CSY_OPRT": 127590.78,
        "EMP_BNFT_CST_OPRT": 33634.68,
        "PMT_CMS_OPRT": 1.16,
        "SHOP_RNT_OPRT": 0.0,
        "EVNT_CST_OPRT": 0.0,
        "TAX_CST_OPRT": 0.0,
        "DEPRC_CST_OPRT": 0.04,
        "ETC_CST_OPRT": 9.22
      },
      {
        "PST_YYYYMM": "202412",
        "BRD_CD": "X",
        "MGMT_CHNL_NM": "(EC)티몰",
        "SALE_AMT": 800597.2899999999,
        "SALE_AMT_VAT": 708493.1769911505,
        "AD_CST_OPRT": 6.36,
        "SLRY_CSY_OPRT": 404512.92,
        "EMP_BNFT_CST_OPRT": 141847.66,
        "PMT_CMS_OPRT": 11503.65,
        "SHOP_RNT_OPRT": 0.0,
        "EVNT_CST_OPRT": 0.0,
        "TAX_CST_OPRT": 0.0,
        "DEPRC_CST_OPRT": 1.37,
        "ETC_CST_OPRT": 109128.14
      },
      {
        "PST_YYYYMM": "202412",
        "BRD_CD": "X",
        "MGMT_CHNL_NM": null,
        "SALE_AMT": null,
        "SALE_AMT_VAT": null,
        "AD_CST_OPRT": 2705693.5,
        "SLRY_CSY_OPRT": 117735.7,
        "EMP_BNFT_CST_OPRT": 44221.4,
        "PMT_CMS_OPRT": 0.0,
        "SHOP_RNT_OPRT": 0.0,
        "EVNT_CST_OPRT": 0.0,
        "TAX_CST_OPRT": 0.0,
        "DEPRC_CST_OPRT": 0.0,
        "ETC_CST_OPRT": 9374.31
      },
      {
        "PST_YYYYMM": "202506",
        "BRD_CD": "X",
        "MGMT_CHNL_NM": "(OFF)쇼핑몰",
        "SALE_AMT": 490948.0,
        "SALE_AMT_VAT": 434467.25663716823,
        "AD_CST_OPRT": 0.08,
        "SLRY_CSY_OPRT": 199415.97,
        "EMP_BNFT_CST_OPRT": 56895.23,
        "PMT_CMS_OPRT": 150832.97,
        "SHOP_RNT_OPRT": 0.0,
        "EVNT_CST_OPRT": 0.0,
        "TAX_CST_OPRT": 0.0,
        "DEPRC_CST_OPRT": 504.6,
        "ETC_CST_OPRT": 33724.61
      },
      {
        "PST_YYYYMM": "202504",
        "BRD_CD": "X",
        "MGMT_CHNL_NM": "(EC)틱톡/JD",
        "SALE_AMT": 19801.559999999998,
        "SALE_AMT_VAT": 17523.50442477876,
        "AD_CST_OPRT": 0.0,
        "SLRY_CSY_OPRT": 9410.77,
        "EMP_BNFT_CST_OPRT": 2078.55,
        "PMT_CMS_OPRT": 0.11,
        "SHOP_RNT_OPRT": 0.0,
        "EVNT_CST_OPRT": 0.0,
        "TAX_CST_OPRT": 0.0,
        "DEPRC_CST_OPRT": 0.01,
        "ETC_CST_OPRT": 2.11
      },
      {
        "PST_YYYYMM": "202409",
        "BRD_CD": "X",
        "MGMT_CHNL_NM": null,
        "SALE_AMT": null,
        "SALE_AMT_VAT": null,
        "AD_CST_OPRT": 1410600.0,
        "SLRY_CSY_OPRT": 87377.63,
        "EMP_BNFT_CST_OPRT": 30316.3,
        "PMT_CMS_OPRT": 0.0,
        "SHOP_RNT_OPRT": 0.0,
        "EVNT_CST_OPRT": 979137.72,
        "TAX_CST_OPRT": 0.0,
        "DEPRC_CST_OPRT": 0.0,
        "ETC_CST_OPRT": 0.0
      },
      {
        "PST_YYYYMM": "202502",
        "BRD_CD": "X",
        "MGMT_CHNL_NM": "(OFF)대리상",
        "SALE_AMT": 1250127.54,
        "SALE_AMT_VAT": 710654.8672566372,
        "AD_CST_OPRT": 2.09,
        "SLRY_CSY_OPRT": 256196.24,
        "EMP_BNFT_CST_OPRT": 60519.8,
        "PMT_CMS_OPRT": 5.87,
        "SHOP_RNT_OPRT": 0.0,
        "EVNT_CST_OPRT": 0.0,
        "TAX_CST_OPRT": 0.0,
        "DEPRC_CST_OPRT": 2.34,
        "ETC_CST_OPRT": 19033.78
      },
      {
        "PST_YYYYMM": "202409",
        "BRD_CD": "X",
        "MGMT_CHNL_NM": "(EC)티몰",
        "SALE_AMT": 69073.41,
        "SALE_AMT_VAT": 61126.91150442479,
        "AD_CST_OPRT": 0.28,
        "SLRY_CSY_OPRT": 206329.06,
        "EMP_BNFT_CST_OPRT": 64155.98,
        "PMT_CMS_OPRT": 8141.84,
        "SHOP_RNT_OPRT": 0.0,
        "EVNT_CST_OPRT": 0.0,
        "TAX_CST_OPRT": 0.0,
        "DEPRC_CST_OPRT": 0.17,
        "ETC_CST_OPRT": -1848.14
      },
      {
        "PST_YYYYMM": "202501",
        "BRD_CD": "X",
        "MGMT_CHNL_NM": "(OFF)쇼핑몰",
        "SALE_AMT": 944995.0,
        "SALE_AMT_VAT": 836278.761061947,
        "AD_CST_OPRT": 0.44,
        "SLRY_CSY_OPRT": 353960.63,
        "EMP_BNFT_CST_OPRT": 60305.0,
        "PMT_CMS_OPRT": 3.08,
        "SHOP_RNT_OPRT": 0.0,
        "EVNT_CST_OPRT": 0.0,
        "TAX_CST_OPRT": 0.0,
        "DEPRC_CST_OPRT": 0.96,
        "ETC_CST_OPRT": 16658.99
      },
      {
        "PST_YYYYMM": "202502",
        "BRD_CD": "X",
        "MGMT_CHNL_NM": "(EC)티몰",
        "SALE_AMT": 876976.76,
        "SALE_AMT_VAT": 776085.6283185842,
        "AD_CST_OPRT": 19.56,
        "SLRY_CSY_OPRT": 134320.58,
        "EMP_BNFT_CST_OPRT": 34098.56,
        "PMT_CMS_OPRT": 16.36,
        "SHOP_RNT_OPRT": 0.0,
        "EVNT_CST_OPRT": 0.0,
        "TAX_CST_OPRT": 0.0,
        "DEPRC_CST_OPRT": 18.3,
        "ETC_CST_OPRT": 17.86
      },
      {
        "PST_YYYYMM": "202504",
        "BRD_CD": "X",
        "MGMT_CHNL_NM": "(OFF)쇼핑몰",
        "SALE_AMT": 605476.0,
        "SALE_AMT_VAT": 535819.4690265488,
        "AD_CST_OPRT": 0.0,
        "SLRY_CSY_OPRT": 236683.54,
        "EMP_BNFT_CST_OPRT": 71443.16,
        "PMT_CMS_OPRT": 204531.53,
        "SHOP_RNT_OPRT": 0.0,
        "EVNT_CST_OPRT": 0.0,
        "TAX_CST_OPRT": 0.0,
        "DEPRC_CST_OPRT": 504.71,
        "ETC_CST_OPRT": 25566.59
      },
      {
        "PST_YYYYMM": "202506",
        "BRD_CD": "X",
        "MGMT_CHNL_NM": "(OFF)대리상",
        "SALE_AMT": 1920195.98,
        "SALE_AMT_VAT": 1402313.2743362833,
        "AD_CST_OPRT": 1.17,
        "SLRY_CSY_OPRT": 197243.34,
        "EMP_BNFT_CST_OPRT": 58016.7,
        "PMT_CMS_OPRT": 12.42,
        "SHOP_RNT_OPRT": 0.0,
        "EVNT_CST_OPRT": 0.0,
        "TAX_CST_OPRT": 0.0,
        "DEPRC_CST_OPRT": 5.22,
        "ETC_CST_OPRT": 11039.4
      },
      {
        "PST_YYYYMM": "202507",
        "BRD_CD": "X",
        "MGMT_CHNL_NM": "(EC)틱톡/JD",
        "SALE_AMT": 138.7300000000006,
        "SALE_AMT_VAT": 122.76991150442531,
        "AD_CST_OPRT": 0.0,
        "SLRY_CSY_OPRT": 70.28,
        "EMP_BNFT_CST_OPRT": 18.59,
        "PMT_CMS_OPRT": -0.01,
        "SHOP_RNT_OPRT": 0.0,
        "EVNT_CST_OPRT": 0.0,
        "TAX_CST_OPRT": 0.0,
        "DEPRC_CST_OPRT": 0.0,
        "ETC_CST_OPRT": 0.0
      },
      {
        "PST_YYYYMM": "202506",
        "BRD_CD": "X",
        "MGMT_CHNL_NM": null,
        "SALE_AMT": null,
        "SALE_AMT_VAT": null,
        "AD_CST_OPRT": 3444342.9,
        "SLRY_CSY_OPRT": 213417.87,
        "EMP_BNFT_CST_OPRT": 61952.68,
        "PMT_CMS_OPRT": 0.0,
        "SHOP_RNT_OPRT": 0.0,
        "EVNT_CST_OPRT": 0.0,
        "TAX_CST_OPRT": 0.0,
        "DEPRC_CST_OPRT": 0.0,
        "ETC_CST_OPRT": 2027.18
      }
    ],
    "total_records_count": 44
  }
}