{
  "country": "CN",
  "brand_cd": "W",
  "brand_name": "SUPRA",
  "yyyymm": "202510",
  "yyyymm_py": "202410",
  "key": "영업비",
  "sub_key": "종합분석",
  "analysis_data": {
    "title": "영업비 종합분석",
    "sections": [
      {
        "div": "종합분석-1",
        "sub_title": "전년/당해 동월 비교 (202410 VS 202510)",
        "ai_text": "**전년 동월(202410) 대비 당해당월(202510) 영업비 분석**\n\n• **전체 영업비**: 343k → 0k (▼100.0% 감소)\n• **계정별 변화**:\n  - 광고비: 80k → 0k (▼100.0% 감소)\n  - 급여: 178k → 0k (▼100.0% 감소)\n  - 복리후생비: 43k → 0k (▼100.0% 감소)\n  - 지급수수료: 39k → 0k (▼100.0% 감소)\n  - 감가상각비: 2k → 0k (▼100.0% 감소)\n  - 기타비용: 1k → 0k (▼100.0% 감소)\n\n**매출액(v+) 변화**: 1,176k → 243k (▼79.3% 감소)\n\n**⚠️ 이상징후**: 당해 10월 모든 영업비 계정이 0으로 처리되어 사업 운영 중단 또는 회계 처리 오류 가능성 시사. 매출액(v+)은 발생하고 있으나 영업비가 전혀 집행되지 않는 비정상적 상황으로 즉시 원인 파악 필요.\n\n**즉시 실행 액션플랜**:\n- 회계 시스템 점검 및 영업비 미처리 내역 확인\n- SUPRA 브랜드 운영 현황 및 조직 상태 점검\n- 매출 발생 대비 영업비 미집행 원인 분석"
      },
      {
        "div": "종합분석-2",
        "sub_title": "누적 YTD 비교 (전년 누적 VS 당해 누적)",
        "ai_text": "**전년 누적(202401~202410) 대비 당해 누적(202501~202510) 영업비 분석**\n\n• **전체 영업비**: 7,009k → ▼679k (▼109.7% 감소, 역영업비 발생)\n• **계정별 변화**:\n  - 광고비: 3,349k → 0k (▼100.0% 감소)\n  - 급여: 2,192k → ▼681k (▼131.1% 감소, 급여 환급 발생)\n  - 복리후생비: 542k → 1k (▼99.8% 감소)\n  - 지급수수료: 585k → 0k (▼100.0% 감소)\n  - 행사비: 242k → 0k (▼100.0% 감소)\n  - 감가상각비: 12k → 2k (▼83.3% 감소)\n  - 기타비용: 87k → 0k (▼100.0% 감소)\n\n**매출액(v+) 변화**: 10,994k → 4,766k (▼56.7% 감소)\n\n**⚠️ 특이사항**: \n- 급여에서 ▼681k 역산 발생으로 인건비 환급 또는 정산 처리 추정\n- 광고비, 지급수수료, 행사비 등 마케팅 관련 비용 전면 중단\n- 매출 감소율(56.7%) 대비 영업비 감소율(109.7%)이 더 크게 나타나 구조조정 진행 중으로 판단\n\n**전략적 대응방안**:\n- SUPRA 브랜드 사업 지속성 검토\n- 최소 운영비용 기준 재설정\n- 매출 대비 적정 영업비율 재산정"
      },
      {
        "div": "종합분석-3",
        "sub_title": "1년 추세 분석 (2024년 1월 ~ 2025년 10월, 202401~202510)",
        "ai_text": "**월별 영업비 추이 분석 (202401~202510)**\n\n**2024년 패턴**:\n• 202402: 광고비 1,537k로 연중 최대 집행 (신제품 론칭 추정)\n• 202404: 광고비 778k 재집행, 매출액(v+) ▼431k 역산 발생\n• 하반기(202407~202410): 영업비 300~600k 수준 유지\n\n**2025년 패턴**:\n• 202501: 최소 운영 수준 (총 영업비 6k)\n• 202502~202510: 대부분 계정 0 또는 미미한 수준\n• 202503: 급여 ▼685k 대규모 환급 발생\n\n**계절성 및 트렌드**:\n- **2024년 2분기**: 최대 마케팅 투자 시점 (광고비 집중)\n- **2024년 하반기**: 안정적 운영비 수준 유지\n- **2025년**: 전면적 운영 축소, 사실상 사업 중단 수준\n\n**매출액(v+) 추이**:\n- 2024년: 879k~2,077k 범위에서 변동\n- 2025년: 243k~1,646k 범위로 전반적 감소\n\n**⚠️ 임계점**: 202412 이후 급격한 운영비 감소로 2025년부터 사업 축소 모드 진입 확인"
      },
      {
        "div": "종합분석-4",
        "sub_title": "법인 전체 대비 브랜드 비중 분석 (SUPRA vs 법인 전체)",
        "ai_text": "**법인 전체 대비 SUPRA 브랜드 영업비 비중 분석**\n\n**당해당월(202510) 비중**:\n• **전체 영업비**: 0k / 36,245k = 0.0%\n• **계정별 비중**: 모든 계정에서 0.0%\n  - 광고비: 0k / 17,635k = 0.0%\n  - 급여: 0k / 8,567k = 0.0%\n  - 복리후생비: 0k / 2,836k = 0.0%\n  - 지급수수료: 0k / 1,893k = 0.0%\n  - 기타 모든 계정: 0.0%\n\n**당해 누적(202501~202510) 비중**:\n• **전체 영업비**: ▼679k / 349,489k = ▼0.2%\n• 법인 전체 영업비 중 SUPRA는 역영업비로 인해 마이너스 기여\n\n**브랜드 포지셔닝**:\n- **MLB**: 법인 내 주력 브랜드로 추정 (영업비 대부분 점유)\n- **SUPRA**: 법인 내 최하위 브랜드, 사실상 운영 중단 상태\n- **기타 브랜드**: MLB KIDS, DISCOVERY, DUVETICA, SERGIO TACCHINI가 잔여 비중 분담\n\n**전략적 함의**:\n- SUPRA 브랜드의 법인 내 기여도 제로화\n- 자원 배분에서 완전 배제된 상태\n- 브랜드 포트폴리오 재편 필요성 대두\n\n**권고사항**:\n- SUPRA 브랜드 존폐 여부 결정\n- 법인 자원의 핵심 브랜드 집중 전략 검토\n- 브랜드별 수익성 기준 재정립"
      },
      {
        "div": "종합분석-5",
        "sub_title": "전략적 시사점",
        "ai_text": "**종합 진단**: SUPRA 브랜드는 2025년 들어 사실상 운영 중단 상태로, 구조적 변화가 진행 중\n\n**단기 전략 (향후 3개월)**:\n1. **긴급 현황 점검**\n   - 회계 처리 오류 vs 실제 운영 중단 여부 확인\n   - 재고 자산 및 채권/채무 정리 현황 파악\n   - 잔여 인력 및 조직 운영 상태 점검\n\n2. **의사결정 실행**\n   - SUPRA 브랜드 존폐 여부 최종 결정\n   - 청산 시 자산 정리 및 손실 최소화 방안 수립\n   - 지속 시 최소 운영 기준 및 재투자 계획 수립\n\n**중장기 전략 (향후 12개월)**:\n1. **브랜드 포트폴리오 최적화**\n   - 법인 내 핵심 브랜드(MLB 중심) 자원 집중\n   - 수익성 기반 브랜드별 투자 우선순위 재설정\n   - 시너지 창출 가능한 브랜드 조합 전략 수립\n\n2. **운영 효율성 제고**\n   - 브랜드별 독립 손익 관리 체계 구축\n   - 공통 인프라 활용을 통한 비용 절감\n   - 성과 기반 자원 배분 시스템 도입\n\n**리스크 관리**:\n- SUPRA 관련 잠재 부채 및 계약상 의무 점검\n- 브랜드 정리 과정에서의 법적 리스크 최소화\n- 핵심 브랜드로의 고객 및 시장 전환 전략 수립"
      }
    ]
  },
  "summary": {
    "current_month_expense": 0.0,
    "previous_month_expense": 342.0,
    "current_ytd_expense": -679.0,
    "previous_ytd_expense": 7009.0,
    "total_records": 92,
    "analysis_period_month": "2024년 10월 VS 2025년 10월",
    "analysis_period_ytd": "2024년 1월~2024년 10월 VS 2025년 1월~2025년 10월",
    "trend_period": "2024년 1월 ~ 2025년 10월 (202401~202510)"
  },
  "month_comparison": {
    "previous_month": {
      "ad_cst_oprt": 80.0,
      "slry_csy_oprt": 178.0,
      "emp_bnft_cst_oprt": 43.0,
      "pmt_cms_oprt": 39.0,
      "shop_rnt_oprt": 0.0,
      "evnt_cst_oprt": 0.0,
      "tax_cst_oprt": 0.0,
      "deprc_cst_oprt": 2.0,
      "etc_cst_oprt": 1.0,
      "sale_amt": 131.0,
      "sale_amt_vat": 1176.0
    },
    "current_month": {
      "ad_cst_oprt": 0.0,
      "slry_csy_oprt": 0.0,
      "emp_bnft_cst_oprt": 0.0,
      "pmt_cms_oprt": 0.0,
      "shop_rnt_oprt": 0.0,
      "evnt_cst_oprt": 0.0,
      "tax_cst_oprt": 0.0,
      "deprc_cst_oprt": 0.0,
      "etc_cst_oprt": 0.0,
      "sale_amt": 275.0,
      "sale_amt_vat": 243.0
    }
  },
  "ytd_comparison": {
    "previous_ytd": {
      "ad_cst_oprt": 3349.0,
      "slry_csy_oprt": 2192.0,
      "emp_bnft_cst_oprt": 542.0,
      "pmt_cms_oprt": 585.0,
      "shop_rnt_oprt": 0.0,
      "evnt_cst_oprt": 242.0,
      "tax_cst_oprt": 0.0,
      "deprc_cst_oprt": 12.0,
      "etc_cst_oprt": 87.0,
      "sale_amt": 3078.0,
      "sale_amt_vat": 10994.0
    },
    "current_ytd": {
      "ad_cst_oprt": -0.0,
      "slry_csy_oprt": -681.0,
      "emp_bnft_cst_oprt": 1.0,
      "pmt_cms_oprt": 0.0,
      "shop_rnt_oprt": 0.0,
      "evnt_cst_oprt": 0.0,
      "tax_cst_oprt": 0.0,
      "deprc_cst_oprt": 2.0,
      "etc_cst_oprt": 0.0,
      "sale_amt": 2428.0,
      "sale_amt_vat": 4766.0
    }
  },
  "trend_by_month": {
    "202401": {
      "ad_cst_oprt": 120.0,
      "slry_csy_oprt": 249.0,
      "emp_bnft_cst_oprt": 61.0,
      "pmt_cms_oprt": 50.0,
      "shop_rnt_oprt": 0.0,
      "evnt_cst_oprt": 0.0,
      "tax_cst_oprt": 0.0,
      "deprc_cst_oprt": 1.0,
      "etc_cst_oprt": 40.0,
      "sale_amt": 1985.0,
      "sale_amt_vat": 1556.0
    },
    "202402": {
      "ad_cst_oprt": 1537.0,
      "slry_csy_oprt": 325.0,
      "emp_bnft_cst_oprt": 70.0,
      "pmt_cms_oprt": 200.0,
      "shop_rnt_oprt": 0.0,
      "evnt_cst_oprt": 242.0,
      "tax_cst_oprt": 0.0,
      "deprc_cst_oprt": 1.0,
      "etc_cst_oprt": 7.0,
      "sale_amt": 2077.0,
      "sale_amt_vat": 1526.0
    },
    "202403": {
      "ad_cst_oprt": 64.0,
      "slry_csy_oprt": 243.0,
      "emp_bnft_cst_oprt": 55.0,
      "pmt_cms_oprt": 0.0,
      "shop_rnt_oprt": 0.0,
      "evnt_cst_oprt": 0.0,
      "tax_cst_oprt": 0.0,
      "deprc_cst_oprt": 1.0,
      "etc_cst_oprt": 6.0,
      "sale_amt": 1714.0,
      "sale_amt_vat": 1068.0
    },
    "202404": {
      "ad_cst_oprt": 778.0,
      "slry_csy_oprt": 203.0,
      "emp_bnft_cst_oprt": 53.0,
      "pmt_cms_oprt": 158.0,
      "shop_rnt_oprt": 0.0,
      "evnt_cst_oprt": 0.0,
      "tax_cst_oprt": 0.0,
      "deprc_cst_oprt": 1.0,
      "etc_cst_oprt": 6.0,
      "sale_amt": -431.0,
      "sale_amt_vat": 1106.0
    },
    "202405": {
      "ad_cst_oprt": 81.0,
      "slry_csy_oprt": 211.0,
      "emp_bnft_cst_oprt": 55.0,
      "pmt_cms_oprt": 69.0,
      "shop_rnt_oprt": 0.0,
      "evnt_cst_oprt": 0.0,
      "tax_cst_oprt": 0.0,
      "deprc_cst_oprt": 1.0,
      "etc_cst_oprt": 2.0,
      "sale_amt": 1099.0,
      "sale_amt_vat": 954.0
    },
    "202406": {
      "ad_cst_oprt": 118.0,
      "slry_csy_oprt": 192.0,
      "emp_bnft_cst_oprt": 53.0,
      "pmt_cms_oprt": 50.0,
      "shop_rnt_oprt": 0.0,
      "evnt_cst_oprt": 0.0,
      "tax_cst_oprt": 0.0,
      "deprc_cst_oprt": 1.0,
      "etc_cst_oprt": 11.0,
      "sale_amt": -690.0,
      "sale_amt_vat": 879.0
    },
    "202407": {
      "ad_cst_oprt": 0.0,
      "slry_csy_oprt": 217.0,
      "emp_bnft_cst_oprt": 60.0,
      "pmt_cms_oprt": 20.0,
      "shop_rnt_oprt": 0.0,
      "evnt_cst_oprt": 0.0,
      "tax_cst_oprt": 0.0,
      "deprc_cst_oprt": 2.0,
      "etc_cst_oprt": 7.0,
      "sale_amt": -1118.0,
      "sale_amt_vat": 1044.0
    },
    "202408": {
      "ad_cst_oprt": 189.0,
      "slry_csy_oprt": 205.0,
      "emp_bnft_cst_oprt": 48.0,
      "pmt_cms_oprt": -0.0,
      "shop_rnt_oprt": 0.0,
      "evnt_cst_oprt": 0.0,
      "tax_cst_oprt": 0.0,
      "deprc_cst_oprt": 2.0,
      "etc_cst_oprt": 3.0,
      "sale_amt": -964.0,
      "sale_amt_vat": 954.0
    },
    "202409": {
      "ad_cst_oprt": 382.0,
      "slry_csy_oprt": 168.0,
      "emp_bnft_cst_oprt": 43.0,
      "pmt_cms_oprt": -0.0,
      "shop_rnt_oprt": 0.0,
      "evnt_cst_oprt": 0.0,
      "tax_cst_oprt": 0.0,
      "deprc_cst_oprt": 2.0,
      "etc_cst_oprt": 3.0,
      "sale_amt": -725.0,
      "sale_amt_vat": 733.0
    },
    "202410": {
      "ad_cst_oprt": 80.0,
      "slry_csy_oprt": 178.0,
      "emp_bnft_cst_oprt": 43.0,
      "pmt_cms_oprt": 39.0,
      "shop_rnt_oprt": 0.0,
      "evnt_cst_oprt": 0.0,
      "tax_cst_oprt": 0.0,
      "deprc_cst_oprt": 2.0,
      "etc_cst_oprt": 1.0,
      "sale_amt": 131.0,
      "sale_amt_vat": 1176.0
    },
    "202411": {
      "ad_cst_oprt": 0.0,
      "slry_csy_oprt": 182.0,
      "emp_bnft_cst_oprt": 46.0,
      "pmt_cms_oprt": -0.0,
      "shop_rnt_oprt": 0.0,
      "evnt_cst_oprt": 0.0,
      "tax_cst_oprt": 0.0,
      "deprc_cst_oprt": 2.0,
      "etc_cst_oprt": 1.0,
      "sale_amt": -284.0,
      "sale_amt_vat": 1203.0
    },
    "202412": {
      "ad_cst_oprt": 0.0,
      "slry_csy_oprt": 113.0,
      "emp_bnft_cst_oprt": 25.0,
      "pmt_cms_oprt": 0.0,
      "shop_rnt_oprt": 0.0,
      "evnt_cst_oprt": 0.0,
      "tax_cst_oprt": 0.0,
      "deprc_cst_oprt": 2.0,
      "etc_cst_oprt": 0.0,
      "sale_amt": 1384.0,
      "sale_amt_vat": 1600.0
    },
    "202501": {
      "ad_cst_oprt": 0.0,
      "slry_csy_oprt": 3.0,
      "emp_bnft_cst_oprt": 1.0,
      "pmt_cms_oprt": 0.0,
      "shop_rnt_oprt": 0.0,
      "evnt_cst_oprt": 0.0,
      "tax_cst_oprt": 0.0,
      "deprc_cst_oprt": 2.0,
      "etc_cst_oprt": 0.0,
      "sale_amt": 1646.0,
      "sale_amt_vat": 1456.0
    },
    "202502": {
      "ad_cst_oprt": -0.0,
      "slry_csy_oprt": -0.0,
      "emp_bnft_cst_oprt": -0.0,
      "pmt_cms_oprt": -0.0,
      "shop_rnt_oprt": 0.0,
      "evnt_cst_oprt": 0.0,
      "tax_cst_oprt": 0.0,
      "deprc_cst_oprt": -0.0,
      "etc_cst_oprt": -0.0,
      "sale_amt": -175.0,
      "sale_amt_vat": 586.0
    },
    "202503": {
      "ad_cst_oprt": 0.0,
      "slry_csy_oprt": -685.0,
      "emp_bnft_cst_oprt": 0.0,
      "pmt_cms_oprt": 0.0,
      "shop_rnt_oprt": 0.0,
      "evnt_cst_oprt": 0.0,
      "tax_cst_oprt": 0.0,
      "deprc_cst_oprt": 0.0,
      "etc_cst_oprt": 0.0,
      "sale_amt": 313.0,
      "sale_amt_vat": 277.0
    },
    "202504": {
      "ad_cst_oprt": 0.0,
      "slry_csy_oprt": -2.0,
      "emp_bnft_cst_oprt": -1.0,
      "pmt_cms_oprt": -0.0,
      "shop_rnt_oprt": 0.0,
      "evnt_cst_oprt": 0.0,
      "tax_cst_oprt": 0.0,
      "deprc_cst_oprt": -0.0,
      "etc_cst_oprt": 0.0,
      "sale_amt": -1059.0,
      "sale_amt_vat": 413.0
    },
    "202505": {
      "ad_cst_oprt": 0.0,
      "slry_csy_oprt": 1.0,
      "emp_bnft_cst_oprt": 0.0,
      "pmt_cms_oprt": 0.0,
      "shop_rnt_oprt": 0.0,
      "evnt_cst_oprt": 0.0,
      "tax_cst_oprt": 0.0,
      "deprc_cst_oprt": 0.0,
      "etc_cst_oprt": 0.0,
      "sale_amt": 418.0,
      "sale_amt_vat": 370.0
    },
    "202506": {
      "ad_cst_oprt": 0.0,
      "slry_csy_oprt": 1.0,
      "emp_bnft_cst_oprt": 0.0,
      "pmt_cms_oprt": 0.0,
      "shop_rnt_oprt": 0.0,
      "evnt_cst_oprt": 0.0,
      "tax_cst_oprt": 0.0,
      "deprc_cst_oprt": 0.0,
      "etc_cst_oprt": 0.0,
      "sale_amt": 288.0,
      "sale_amt_vat": 255.0
    },
    "202507": {
      "ad_cst_oprt": 0.0,
      "slry_csy_oprt": 1.0,
      "emp_bnft_cst_oprt": 0.0,
      "pmt_cms_oprt": 0.0,
      "shop_rnt_oprt": 0.0,
      "evnt_cst_oprt": 0.0,
      "tax_cst_oprt": 0.0,
      "deprc_cst_oprt": 0.0,
      "etc_cst_oprt": 0.0,
      "sale_amt": 483.0,
      "sale_amt_vat": 427.0
    },
    "202508": {
      "ad_cst_oprt": 0.0,
      "slry_csy_oprt": -0.0,
      "emp_bnft_cst_oprt": -0.0,
      "pmt_cms_oprt": -0.0,
      "shop_rnt_oprt": 0.0,
      "evnt_cst_oprt": 0.0,
      "tax_cst_oprt": 0.0,
      "deprc_cst_oprt": -0.0,
      "etc_cst_oprt": -0.0,
      "sale_amt": -21.0,
      "sale_amt_vat": 507.0
    },
    "202509": {
      "ad_cst_oprt": 0.0,
      "slry_csy_oprt": 0.0,
      "emp_bnft_cst_oprt": 0.0,
      "pmt_cms_oprt": 0.0,
      "shop_rnt_oprt": 0.0,
      "evnt_cst_oprt": 0.0,
      "tax_cst_oprt": 0.0,
      "deprc_cst_oprt": 0.0,
      "etc_cst_oprt": 0.0,
      "sale_amt": 261.0,
      "sale_amt_vat": 231.0
    },
    "202510": {
      "ad_cst_oprt": 0.0,
      "slry_csy_oprt": 0.0,
      "emp_bnft_cst_oprt": 0.0,
      "pmt_cms_oprt": 0.0,
      "shop_rnt_oprt": 0.0,
      "evnt_cst_oprt": 0.0,
      "tax_cst_oprt": 0.0,
      "deprc_cst_oprt": 0.0,
      "etc_cst_oprt": 0.0,
      "sale_amt": 275.0,
      "sale_amt_vat": 243.0
    }
  },
  "brand_vs_all_brands": {
    "current_month": {
      "brand_total": 0.0,
      "all_brands_total": 36245.0,
      "ratio": 0.0,
      "by_account": {
        "ad_cst_oprt": {
          "brand": 0.0,
          "all_brands": 17635.0,
          "ratio": 0.0
        },
        "slry_csy_oprt": {
          "brand": 0.0,
          "all_brands": 8567.0,
          "ratio": 0.0
        },
        "emp_bnft_cst_oprt": {
          "brand": 0.0,
          "all_brands": 2836.0,
          "ratio": 0.0
        },
        "pmt_cms_oprt": {
          "brand": 0.0,
          "all_brands": 1893.0,
          "ratio": 0.0
        },
        "shop_rnt_oprt": {
          "brand": 0.0,
          "all_brands": 1915.0,
          "ratio": 0.0
        },
        "evnt_cst_oprt": {
          "brand": 0.0,
          "all_brands": 797.0,
          "ratio": 0.0
        },
        "tax_cst_oprt": {
          "brand": 0.0,
          "all_brands": 1831.0,
          "ratio": 0.0
        },
        "deprc_cst_oprt": {
          "brand": 0.0,
          "all_brands": 465.0,
          "ratio": 0.0
        },
        "etc_cst_oprt": {
          "brand": 0.0,
          "all_brands": 305.0,
          "ratio": 0.0
        }
      }
    },
    "current_ytd": {
      "brand_total": -679.0,
      "all_brands_total": 349489.0,
      "ratio": -0.2
    }
  },
  "all_brands_summary": {
    "current_month": {
      "ad_cst_oprt": 17635.0,
      "slry_csy_oprt": 8567.0,
      "emp_bnft_cst_oprt": 2836.0,
      "pmt_cms_oprt": 1893.0,
      "shop_rnt_oprt": 1915.0,
      "evnt_cst_oprt": 797.0,
      "tax_cst_oprt": 1831.0,
      "deprc_cst_oprt": 465.0,
      "etc_cst_oprt": 305.0,
      "sale_amt": 574972.0,
      "sale_amt_vat": 840345.0
    },
    "previous_month": {
      "ad_cst_oprt": 18067.0,
      "slry_csy_oprt": 8090.0,
      "emp_bnft_cst_oprt": 2567.0,
      "pmt_cms_oprt": 1562.0,
      "shop_rnt_oprt": 1656.0,
      "evnt_cst_oprt": 0.0,
      "tax_cst_oprt": 299.0,
      "deprc_cst_oprt": 517.0,
      "etc_cst_oprt": 473.0,
      "sale_amt": 495769.0,
      "sale_amt_vat": 758205.0
    },
    "current_ytd": {
      "ad_cst_oprt": 169182.0,
      "slry_csy_oprt": 85980.0,
      "emp_bnft_cst_oprt": 28637.0,
      "pmt_cms_oprt": 19194.0,
      "shop_rnt_oprt": 17053.0,
      "evnt_cst_oprt": 13964.0,
      "tax_cst_oprt": 7892.0,
      "deprc_cst_oprt": 3935.0,
      "etc_cst_oprt": 3651.0,
      "sale_amt": 4654872.0,
      "sale_amt_vat": 6191345.0
    },
    "previous_ytd": {
      "ad_cst_oprt": 130637.0,
      "slry_csy_oprt": 80856.0,
      "emp_bnft_cst_oprt": 25431.0,
      "pmt_cms_oprt": 12907.0,
      "shop_rnt_oprt": 15153.0,
      "evnt_cst_oprt": 10536.0,
      "tax_cst_oprt": 10158.0,
      "deprc_cst_oprt": 4975.0,
      "etc_cst_oprt": 5172.0,
      "sale_amt": 4374025.0,
      "sale_amt_vat": 5904658.0
    }
  },
  "raw_data": {
    "sample_records": [
      {
        "PST_YYYYMM": "202408",
        "BRD_CD": "W",
        "MGMT_CHNL_NM": "(EC)할인몰",
        "SALE_AMT": 952.5,
        "SALE_AMT_VAT": 842.920353982301,
        "AD_CST_OPRT": -187.14,
        "SLRY_CSY_OPRT": -183.7,
        "EMP_BNFT_CST_OPRT": -40.91,
        "PMT_CMS_OPRT": 0.0,
        "SHOP_RNT_OPRT": 0.0,
        "EVNT_CST_OPRT": 0.0,
        "TAX_CST_OPRT": 0.0,
        "DEPRC_CST_OPRT": -0.22,
        "ETC_CST_OPRT": -2.55
      },
      {
        "PST_YYYYMM": "202411",
        "BRD_CD": "W",
        "MGMT_CHNL_NM": "(OFF)쇼핑몰",
        "SALE_AMT": 1081511.0,
        "SALE_AMT_VAT": 957089.3805309734,
        "AD_CST_OPRT": 0.0,
        "SLRY_CSY_OPRT": -692494.34,
        "EMP_BNFT_CST_OPRT": -172563.33,
        "PMT_CMS_OPRT": 6.3,
        "SHOP_RNT_OPRT": 0.0,
        "EVNT_CST_OPRT": 0.0,
        "TAX_CST_OPRT": 0.0,
        "DEPRC_CST_OPRT": -4154.6,
        "ETC_CST_OPRT": -3113.64
      },
      {
        "PST_YYYYMM": "202403",
        "BRD_CD": "W",
        "MGMT_CHNL_NM": "(OFF)대리상",
        "SALE_AMT": 1247284.3900000001,
        "SALE_AMT_VAT": 690101.7699115045,
        "AD_CST_OPRT": 46391.7,
        "SLRY_CSY_OPRT": 129983.06,
        "EMP_BNFT_CST_OPRT": 32520.93,
        "PMT_CMS_OPRT": 6.9,
        "SHOP_RNT_OPRT": 0.0,
        "EVNT_CST_OPRT": 0.0,
        "TAX_CST_OPRT": 0.0,
        "DEPRC_CST_OPRT": 744.23,
        "ETC_CST_OPRT": 4715.41
      },
      {
        "PST_YYYYMM": "202409",
        "BRD_CD": "W",
        "MGMT_CHNL_NM": "(OFF)대리상",
        "SALE_AMT": -1270219.26,
        "SALE_AMT_VAT": 249740.70796460178,
        "AD_CST_OPRT": 669123.39,
        "SLRY_CSY_OPRT": 293653.88,
        "EMP_BNFT_CST_OPRT": 74914.35,
        "PMT_CMS_OPRT": -4.63,
        "SHOP_RNT_OPRT": 0.0,
        "EVNT_CST_OPRT": 0.0,
        "TAX_CST_OPRT": 0.0,
        "DEPRC_CST_OPRT": 2671.56,
        "ETC_CST_OPRT": 5755.1
      },
      {
        "PST_YYYYMM": "202507",
        "BRD_CD": "W",
        "MGMT_CHNL_NM": "(OFF)쇼핑몰",
        "SALE_AMT": 0.0,
        "SALE_AMT_VAT": 0.0,
        "AD_CST_OPRT": 0.0,
        "SLRY_CSY_OPRT": 0.0,
        "EMP_BNFT_CST_OPRT": 0.0,
        "PMT_CMS_OPRT": 0.0,
        "SHOP_RNT_OPRT": 0.0,
        "EVNT_CST_OPRT": 0.0,
        "TAX_CST_OPRT": 0.0,
        "DEPRC_CST_OPRT": 0.0,
        "ETC_CST_OPRT": 0.0
      },
      {
        "PST_YYYYMM": "202412",
        "BRD_CD": "W",
        "MGMT_CHNL_NM": "(EC)대리상",
        "SALE_AMT": 0.0,
        "SALE_AMT_VAT": 0.0,
        "AD_CST_OPRT": 0.0,
        "SLRY_CSY_OPRT": 0.0,
        "EMP_BNFT_CST_OPRT": 0.0,
        "PMT_CMS_OPRT": 0.0,
        "SHOP_RNT_OPRT": 0.0,
        "EVNT_CST_OPRT": 0.0,
        "TAX_CST_OPRT": 0.0,
        "DEPRC_CST_OPRT": 0.0,
        "ETC_CST_OPRT": 0.0
      },
      {
        "PST_YYYYMM": "202405",
        "BRD_CD": "W",
        "MGMT_CHNL_NM": "(EC)할인몰",
        "SALE_AMT": 6953.5,
        "SALE_AMT_VAT": 6153.53982300885,
        "AD_CST_OPRT": 515.18,
        "SLRY_CSY_OPRT": 58872.75,
        "EMP_BNFT_CST_OPRT": 16431.72,
        "PMT_CMS_OPRT": 0.04,
        "SHOP_RNT_OPRT": 0.0,
        "EVNT_CST_OPRT": 0.0,
        "TAX_CST_OPRT": 0.0,
        "DEPRC_CST_OPRT": 1.36,
        "ETC_CST_OPRT": 8.61
      },
      {
        "PST_YYYYMM": "202409",
        "BRD_CD": "W",
        "MGMT_CHNL_NM": "(OFF)쇼핑몰",
        "SALE_AMT": 528990.0,
        "SALE_AMT_VAT": 468132.74336283194,
        "AD_CST_OPRT": -278660.88,
        "SLRY_CSY_OPRT": -122293.85,
        "EMP_BNFT_CST_OPRT": -31198.7,
        "PMT_CMS_OPRT": 1.55,
        "SHOP_RNT_OPRT": 0.0,
        "EVNT_CST_OPRT": 0.0,
        "TAX_CST_OPRT": 0.0,
        "DEPRC_CST_OPRT": -1113.01,
        "ETC_CST_OPRT": -2397.56
      },
      {
        "PST_YYYYMM": "202508",
        "BRD_CD": "W",
        "MGMT_CHNL_NM": "(OFF)쇼핑몰",
        "SALE_AMT": 0.0,
        "SALE_AMT_VAT": 0.0,
        "AD_CST_OPRT": 0.0,
        "SLRY_CSY_OPRT": 0.0,
        "EMP_BNFT_CST_OPRT": 0.0,
        "PMT_CMS_OPRT": 0.0,
        "SHOP_RNT_OPRT": 0.0,
        "EVNT_CST_OPRT": 0.0,
        "TAX_CST_OPRT": 0.0,
        "DEPRC_CST_OPRT": 0.0,
        "ETC_CST_OPRT": 0.0
      },
      {
        "PST_YYYYMM": "202412",
        "BRD_CD": "W",
        "MGMT_CHNL_NM": "(OFF)대리상",
        "SALE_AMT": -380014.85000000003,
        "SALE_AMT_VAT": 39102.65486725664,
        "AD_CST_OPRT": -2.95,
        "SLRY_CSY_OPRT": -31113.1,
        "EMP_BNFT_CST_OPRT": -7005.21,
        "PMT_CMS_OPRT": -1.64,
        "SHOP_RNT_OPRT": 0.0,
        "EVNT_CST_OPRT": 0.0,
        "TAX_CST_OPRT": 0.0,
        "DEPRC_CST_OPRT": -478.35,
        "ETC_CST_OPRT": -50.98
      },
      {
        "PST_YYYYMM": "202406",
        "BRD_CD": "W",
        "MGMT_CHNL_NM": "(OFF)쇼핑몰",
        "SALE_AMT": 380438.0,
        "SALE_AMT_VAT": 336670.79646017705,
        "AD_CST_OPRT": -64982.17,
        "SLRY_CSY_OPRT": -85218.02,
        "EMP_BNFT_CST_OPRT": -23471.2,
        "PMT_CMS_OPRT": -25633.26,
        "SHOP_RNT_OPRT": 0.0,
        "EVNT_CST_OPRT": 0.0,
        "TAX_CST_OPRT": 0.0,
        "DEPRC_CST_OPRT": -474.72,
        "ETC_CST_OPRT": -6011.57
      },
      {
        "PST_YYYYMM": "202401",
        "BRD_CD": "W",
        "MGMT_CHNL_NM": "(EC)대리상",
        "SALE_AMT": 276880.41,
        "SALE_AMT_VAT": 0.0,
        "AD_CST_OPRT": 16747.67,
        "SLRY_CSY_OPRT": 74174.99,
        "EMP_BNFT_CST_OPRT": 20015.09,
        "PMT_CMS_OPRT": 0.91,
        "SHOP_RNT_OPRT": 0.0,
        "EVNT_CST_OPRT": 0.0,
        "TAX_CST_OPRT": 0.0,
        "DEPRC_CST_OPRT": 1.59,
        "ETC_CST_OPRT": 641.8
      },
      {
        "PST_YYYYMM": "202403",
        "BRD_CD": "W",
        "MGMT_CHNL_NM": "(OFF)쇼핑몰",
        "SALE_AMT": 270798.0,
        "SALE_AMT_VAT": 239644.24778761063,
        "AD_CST_OPRT": 10072.15,
        "SLRY_CSY_OPRT": 28220.87,
        "EMP_BNFT_CST_OPRT": 7060.69,
        "PMT_CMS_OPRT": 1.34,
        "SHOP_RNT_OPRT": 0.0,
        "EVNT_CST_OPRT": 0.0,
        "TAX_CST_OPRT": 0.0,
        "DEPRC_CST_OPRT": 160.93,
        "ETC_CST_OPRT": 1024.29
      },
      {
        "PST_YYYYMM": "202403",
        "BRD_CD": "W",
        "MGMT_CHNL_NM": "(EC)대리상",
        "SALE_AMT": 44289.01,
        "SALE_AMT_VAT": 3447.83185840708,
        "AD_CST_OPRT": 1647.32,
        "SLRY_CSY_OPRT": 19116.99,
        "EMP_BNFT_CST_OPRT": 3566.54,
        "PMT_CMS_OPRT": 0.25,
        "SHOP_RNT_OPRT": 0.0,
        "EVNT_CST_OPRT": 0.0,
        "TAX_CST_OPRT": 0.0,
        "DEPRC_CST_OPRT": 5.72,
        "ETC_CST_OPRT": 22.72
      },
      {
        "PST_YYYYMM": "202501",
        "BRD_CD": "W",
        "MGMT_CHNL_NM": "(EC)티몰",
        "SALE_AMT": 123436.08,
        "SALE_AMT_VAT": 109235.46902654869,
        "AD_CST_OPRT": 0.03,
        "SLRY_CSY_OPRT": 240.38,
        "EMP_BNFT_CST_OPRT": 38.7,
        "PMT_CMS_OPRT": 0.22,
        "SHOP_RNT_OPRT": 0.0,
        "EVNT_CST_OPRT": 0.0,
        "TAX_CST_OPRT": 0.0,
        "DEPRC_CST_OPRT": 15.75,
        "ETC_CST_OPRT": 0.99
      },
      {
        "PST_YYYYMM": "202402",
        "BRD_CD": "W",
        "MGMT_CHNL_NM": "(OFF)쇼핑몰",
        "SALE_AMT": 321736.0,
        "SALE_AMT_VAT": 284722.1238938053,
        "AD_CST_OPRT": 238023.21,
        "SLRY_CSY_OPRT": 35825.13,
        "EMP_BNFT_CST_OPRT": 7570.03,
        "PMT_CMS_OPRT": 31688.02,
        "SHOP_RNT_OPRT": 0.0,
        "EVNT_CST_OPRT": 37473.79,
        "TAX_CST_OPRT": 0.0,
        "DEPRC_CST_OPRT": 148.13,
        "ETC_CST_OPRT": 1056.16
      },
      {
        "PST_YYYYMM": "202405",
        "BRD_CD": "W",
        "MGMT_CHNL_NM": "(OFF)대리상",
        "SALE_AMT": 773225.65,
        "SALE_AMT_VAT": 610756.1946902655,
        "AD_CST_OPRT": 57293.29,
        "SLRY_CSY_OPRT": 122228.7,
        "EMP_BNFT_CST_OPRT": 31296.91,
        "PMT_CMS_OPRT": 48589.98,
        "SHOP_RNT_OPRT": 0.0,
        "EVNT_CST_OPRT": 0.0,
        "TAX_CST_OPRT": 0.0,
        "DEPRC_CST_OPRT": 656.61,
        "ETC_CST_OPRT": 1644.31
      },
      {
        "PST_YYYYMM": "202509",
        "BRD_CD": "W",
        "MGMT_CHNL_NM": "(OFF)아울렛",
        "SALE_AMT": 205504.4,
        "SALE_AMT_VAT": 181862.30088495577,
        "AD_CST_OPRT": 0.03,
        "SLRY_CSY_OPRT": 203.26,
        "EMP_BNFT_CST_OPRT": 61.89,
        "PMT_CMS_OPRT": 0.49,
        "SHOP_RNT_OPRT": 0.0,
        "EVNT_CST_OPRT": 0.0,
        "TAX_CST_OPRT": 0.0,
        "DEPRC_CST_OPRT": 0.77,
        "ETC_CST_OPRT": 0.25
      },
      {
        "PST_YYYYMM": "202502",
        "BRD_CD": "W",
        "MGMT_CHNL_NM": "(EC)할인몰",
        "SALE_AMT": 5618.55,
        "SALE_AMT_VAT": 4972.168141592921,
        "AD_CST_OPRT": 0.0,
        "SLRY_CSY_OPRT": 9.78,
        "EMP_BNFT_CST_OPRT": 2.54,
        "PMT_CMS_OPRT": 0.0,
        "SHOP_RNT_OPRT": 0.0,
        "EVNT_CST_OPRT": 0.0,
        "TAX_CST_OPRT": 0.0,
        "DEPRC_CST_OPRT": 0.0,
        "ETC_CST_OPRT": 0.0
      },
      {
        "PST_YYYYMM": "202505",
        "BRD_CD": "W",
        "MGMT_CHNL_NM": "(OFF)아울렛",
        "SALE_AMT": 165897.4,
        "SALE_AMT_VAT": 146811.85840707965,
        "AD_CST_OPRT": 0.05,
        "SLRY_CSY_OPRT": 393.47,
        "EMP_BNFT_CST_OPRT": 112.97,
        "PMT_CMS_OPRT": 1.03,
        "SHOP_RNT_OPRT": 0.0,
        "EVNT_CST_OPRT": 0.0,
        "TAX_CST_OPRT": 0.0,
        "DEPRC_CST_OPRT": 0.21,
        "ETC_CST_OPRT": 5.61
      },
      {
        "PST_YYYYMM": "202506",
        "BRD_CD": "W",
        "MGMT_CHNL_NM": "(EC)할인몰",
        "SALE_AMT": 57940.55,
        "SALE_AMT_VAT": 51274.823008849555,
        "AD_CST_OPRT": 0.0,
        "SLRY_CSY_OPRT": 106.74,
        "EMP_BNFT_CST_OPRT": 31.71,
        "PMT_CMS_OPRT": 0.18,
        "SHOP_RNT_OPRT": 0.0,
        "EVNT_CST_OPRT": 0.0,
        "TAX_CST_OPRT": 0.0,
        "DEPRC_CST_OPRT": 0.03,
        "ETC_CST_OPRT": 0.07
      },
      {
        "PST_YYYYMM": "202408",
        "BRD_CD": "W",
        "MGMT_CHNL_NM": "(EC)티몰",
        "SALE_AMT": 46294.65,
        "SALE_AMT_VAT": 40968.7168141593,
        "AD_CST_OPRT": -9095.3,
        "SLRY_CSY_OPRT": -8927.24,
        "EMP_BNFT_CST_OPRT": -1986.79,
        "PMT_CMS_OPRT": 0.13,
        "SHOP_RNT_OPRT": 0.0,
        "EVNT_CST_OPRT": 0.0,
        "TAX_CST_OPRT": 0.0,
        "DEPRC_CST_OPRT": -9.87,
        "ETC_CST_OPRT": -124.82
      },
      {
        "PST_YYYYMM": "202403",
        "BRD_CD": "W",
        "MGMT_CHNL_NM": "(EC)티몰",
        "SALE_AMT": 151933.26,
        "SALE_AMT_VAT": 134454.21238938055,
        "AD_CST_OPRT": 5652.33,
        "SLRY_CSY_OPRT": 65580.85,
        "EMP_BNFT_CST_OPRT": 12236.07,
        "PMT_CMS_OPRT": 0.77,
        "SHOP_RNT_OPRT": 0.0,
        "EVNT_CST_OPRT": 0.0,
        "TAX_CST_OPRT": 0.0,
        "DEPRC_CST_OPRT": 19.57,
        "ETC_CST_OPRT": 78.5
      },
      {
        "PST_YYYYMM": "202501",
        "BRD_CD": "W",
        "MGMT_CHNL_NM": "(EC)할인몰",
        "SALE_AMT": 495.95000000000005,
        "SALE_AMT_VAT": 438.8938053097346,
        "AD_CST_OPRT": 0.0,
        "SLRY_CSY_OPRT": 0.96,
        "EMP_BNFT_CST_OPRT": 0.16,
        "PMT_CMS_OPRT": 0.0,
        "SHOP_RNT_OPRT": 0.0,
        "EVNT_CST_OPRT": 0.0,
        "TAX_CST_OPRT": 0.0,
        "DEPRC_CST_OPRT": 0.06,
        "ETC_CST_OPRT": 0.0
      },
      {
        "PST_YYYYMM": "202407",
        "BRD_CD": "W",
        "MGMT_CHNL_NM": "(EC)티몰",
        "SALE_AMT": 33863.69,
        "SALE_AMT_VAT": 29967.86725663717,
        "AD_CST_OPRT": 0.0,
        "SLRY_CSY_OPRT": 30753.78,
        "EMP_BNFT_CST_OPRT": 8424.91,
        "PMT_CMS_OPRT": 0.22,
        "SHOP_RNT_OPRT": 0.0,
        "EVNT_CST_OPRT": 0.0,
        "TAX_CST_OPRT": 0.0,
        "DEPRC_CST_OPRT": -6.1,
        "ETC_CST_OPRT": -183.89
      },
      {
        "PST_YYYYMM": "202503",
        "BRD_CD": "W",
        "MGMT_CHNL_NM": "(EC)티몰",
        "SALE_AMT": 66793.43000000001,
        "SALE_AMT_VAT": 59109.230088495584,
        "AD_CST_OPRT": 0.0,
        "SLRY_CSY_OPRT": -143067.56,
        "EMP_BNFT_CST_OPRT": 26.51,
        "PMT_CMS_OPRT": 0.16,
        "SHOP_RNT_OPRT": 0.0,
        "EVNT_CST_OPRT": 0.0,
        "TAX_CST_OPRT": 0.0,
        "DEPRC_CST_OPRT": 0.02,
        "ETC_CST_OPRT": 3.82
      },
      {
        "PST_YYYYMM": "202406",
        "BRD_CD": "W",
        "MGMT_CHNL_NM": "(EC)티몰",
        "SALE_AMT": 50618.45,
        "SALE_AMT_VAT": 44795.088495575226,
        "AD_CST_OPRT": -8646.3,
        "SLRY_CSY_OPRT": 25351.23,
        "EMP_BNFT_CST_OPRT": 6983.19,
        "PMT_CMS_OPRT": 3.84,
        "SHOP_RNT_OPRT": 0.0,
        "EVNT_CST_OPRT": 0.0,
        "TAX_CST_OPRT": 0.0,
        "DEPRC_CST_OPRT": -8.95,
        "ETC_CST_OPRT": -737.23
      },
      {
        "PST_YYYYMM": "202411",
        "BRD_CD": "W",
        "MGMT_CHNL_NM": "(EC)티몰",
        "SALE_AMT": 149020.29,
        "SALE_AMT_VAT": 131876.36283185842,
        "AD_CST_OPRT": 0.0,
        "SLRY_CSY_OPRT": -95418.45,
        "EMP_BNFT_CST_OPRT": -23192.38,
        "PMT_CMS_OPRT": 0.74,
        "SHOP_RNT_OPRT": 0.0,
        "EVNT_CST_OPRT": 0.0,
        "TAX_CST_OPRT": 0.0,
        "DEPRC_CST_OPRT": -108.62,
        "ETC_CST_OPRT": -65.65
      },
      {
        "PST_YYYYMM": "202406",
        "BRD_CD": "W",
        "MGMT_CHNL_NM": "(OFF)대리상",
        "SALE_AMT": -1122412.45,
        "SALE_AMT_VAT": 496236.99115044245,
        "AD_CST_OPRT": 191718.03,
        "SLRY_CSY_OPRT": 251420.21,
        "EMP_BNFT_CST_OPRT": 69247.28,
        "PMT_CMS_OPRT": 75625.9,
        "SHOP_RNT_OPRT": 0.0,
        "EVNT_CST_OPRT": 0.0,
        "TAX_CST_OPRT": 0.0,
        "DEPRC_CST_OPRT": 1398.9,
        "ETC_CST_OPRT": 17736.14
      },
      {
        "PST_YYYYMM": "202410",
        "BRD_CD": "W",
        "MGMT_CHNL_NM": "(OFF)쇼핑몰",
        "SALE_AMT": 847282.0,
        "SALE_AMT_VAT": 749807.0796460178,
        "AD_CST_OPRT": 519019.23,
        "SLRY_CSY_OPRT": 1640041.98,
        "EMP_BNFT_CST_OPRT": 391589.55,
        "PMT_CMS_OPRT": 823547.95,
        "SHOP_RNT_OPRT": 0.0,
        "EVNT_CST_OPRT": 0.0,
        "TAX_CST_OPRT": 0.0,
        "DEPRC_CST_OPRT": 30188.05,
        "ETC_CST_OPRT": 12497.45
      },
      {
        "PST_YYYYMM": "202506",
        "BRD_CD": "W",
        "MGMT_CHNL_NM": "(OFF)아울렛",
        "SALE_AMT": 129755.4667,
        "SALE_AMT_VAT": 114827.84663716816,
        "AD_CST_OPRT": 0.01,
        "SLRY_CSY_OPRT": 309.66,
        "EMP_BNFT_CST_OPRT": 92.2,
        "PMT_CMS_OPRT": 0.75,
        "SHOP_RNT_OPRT": 0.0,
        "EVNT_CST_OPRT": 0.0,
        "TAX_CST_OPRT": 0.0,
        "DEPRC_CST_OPRT": 0.13,
        "ETC_CST_OPRT": 0.28
      },
      {
        "PST_YYYYMM": "202505",
        "BRD_CD": "W",
        "MGMT_CHNL_NM": "(EC)할인몰",
        "SALE_AMT": 73346.45,
        "SALE_AMT_VAT": 64908.36283185841,
        "AD_CST_OPRT": 0.0,
        "SLRY_CSY_OPRT": 134.03,
        "EMP_BNFT_CST_OPRT": 38.32,
        "PMT_CMS_OPRT": 0.21,
        "SHOP_RNT_OPRT": 0.0,
        "EVNT_CST_OPRT": 0.0,
        "TAX_CST_OPRT": 0.0,
        "DEPRC_CST_OPRT": 0.02,
        "ETC_CST_OPRT": 1.76
      },
      {
        "PST_YYYYMM": "202402",
        "BRD_CD": "W",
        "MGMT_CHNL_NM": "(EC)티몰",
        "SALE_AMT": 43302.14,
        "SALE_AMT_VAT": 38320.4778761062,
        "AD_CST_OPRT": 32035.32,
        "SLRY_CSY_OPRT": 92574.79,
        "EMP_BNFT_CST_OPRT": 20984.74,
        "PMT_CMS_OPRT": 6.04,
        "SHOP_RNT_OPRT": 0.0,
        "EVNT_CST_OPRT": 5043.6,
        "TAX_CST_OPRT": 0.0,
        "DEPRC_CST_OPRT": 4.76,
        "ETC_CST_OPRT": 55.39
      },
      {
        "PST_YYYYMM": "202502",
        "BRD_CD": "W",
        "MGMT_CHNL_NM": "(OFF)대리상",
        "SALE_AMT": -836614.58,
        "SALE_AMT_VAT": 0.0,
        "AD_CST_OPRT": -1.45,
        "SLRY_CSY_OPRT": -1455.58,
        "EMP_BNFT_CST_OPRT": -381.45,
        "PMT_CMS_OPRT": -3.98,
        "SHOP_RNT_OPRT": 0.0,
        "EVNT_CST_OPRT": 0.0,
        "TAX_CST_OPRT": 0.0,
        "DEPRC_CST_OPRT": -1.55,
        "ETC_CST_OPRT": -0.76
      },
      {
        "PST_YYYYMM": "202510",
        "BRD_CD": "W",
        "MGMT_CHNL_NM": "(OFF)아울렛",
        "SALE_AMT": 195325.95,
        "SALE_AMT_VAT": 172854.82300884958,
        "AD_CST_OPRT": 0.0,
        "SLRY_CSY_OPRT": 210.54,
        "EMP_BNFT_CST_OPRT": 58.9,
        "PMT_CMS_OPRT": 0.42,
        "SHOP_RNT_OPRT": 0.0,
        "EVNT_CST_OPRT": 0.0,
        "TAX_CST_OPRT": 0.0,
        "DEPRC_CST_OPRT": 0.77,
        "ETC_CST_OPRT": 0.09
      },
      {
        "PST_YYYYMM": "202410",
        "BRD_CD": "W",
        "MGMT_CHNL_NM": "(EC)티몰",
        "SALE_AMT": 88817.26,
        "SALE_AMT_VAT": 78599.34513274337,
        "AD_CST_OPRT": 54406.54,
        "SLRY_CSY_OPRT": 99044.14,
        "EMP_BNFT_CST_OPRT": 24581.97,
        "PMT_CMS_OPRT": 0.33,
        "SHOP_RNT_OPRT": 0.0,
        "EVNT_CST_OPRT": 0.0,
        "TAX_CST_OPRT": 0.0,
        "DEPRC_CST_OPRT": 141.87,
        "ETC_CST_OPRT": 10.43
      },
      {
        "PST_YYYYMM": "202509",
        "BRD_CD": "W",
        "MGMT_CHNL_NM": "(EC)할인몰",
        "SALE_AMT": 42084.95,
        "SALE_AMT_VAT": 37243.3185840708,
        "AD_CST_OPRT": 0.0,
        "SLRY_CSY_OPRT": 32.16,
        "EMP_BNFT_CST_OPRT": 9.62,
        "PMT_CMS_OPRT": 0.0,
        "SHOP_RNT_OPRT": 0.0,
        "EVNT_CST_OPRT": 0.0,
        "TAX_CST_OPRT": 0.0,
        "DEPRC_CST_OPRT": 0.02,
        "ETC_CST_OPRT": 0.0
      },
      {
        "PST_YYYYMM": "202510",
        "BRD_CD": "W",
        "MGMT_CHNL_NM": "(EC)할인몰",
        "SALE_AMT": 40427.0,
        "SALE_AMT_VAT": 35776.10619469027,
        "AD_CST_OPRT": 0.0,
        "SLRY_CSY_OPRT": 33.55,
        "EMP_BNFT_CST_OPRT": 9.3,
        "PMT_CMS_OPRT": 0.02,
        "SHOP_RNT_OPRT": 0.0,
        "EVNT_CST_OPRT": 0.0,
        "TAX_CST_OPRT": 0.0,
        "DEPRC_CST_OPRT": 0.06,
        "ETC_CST_OPRT": 0.0
      },
      {
        "PST_YYYYMM": "202504",
        "BRD_CD": "W",
        "MGMT_CHNL_NM": "(OFF)대리상",
        "SALE_AMT": -1336112.08,
        "SALE_AMT_VAT": 0.0,
        "AD_CST_OPRT": 0.0,
        "SLRY_CSY_OPRT": -2806.27,
        "EMP_BNFT_CST_OPRT": -749.25,
        "PMT_CMS_OPRT": -7.43,
        "SHOP_RNT_OPRT": 0.0,
        "EVNT_CST_OPRT": 0.0,
        "TAX_CST_OPRT": 0.0,
        "DEPRC_CST_OPRT": -3.01,
        "ETC_CST_OPRT": -143.44
      },
      {
        "PST_YYYYMM": "202401",
        "BRD_CD": "W",
        "MGMT_CHNL_NM": "(OFF)쇼핑몰",
        "SALE_AMT": 372739.0,
        "SALE_AMT_VAT": 329857.52212389384,
        "AD_CST_OPRT": 22545.78,
        "SLRY_CSY_OPRT": 33119.54,
        "EMP_BNFT_CST_OPRT": 7461.14,
        "PMT_CMS_OPRT": 11815.78,
        "SHOP_RNT_OPRT": 0.0,
        "EVNT_CST_OPRT": 0.0,
        "TAX_CST_OPRT": 0.0,
        "DEPRC_CST_OPRT": 169.55,
        "ETC_CST_OPRT": 9338.71
      },
      {
        "PST_YYYYMM": "202405",
        "BRD_CD": "W",
        "MGMT_CHNL_NM": "(OFF)쇼핑몰",
        "SALE_AMT": 321756.0,
        "SALE_AMT_VAT": 284739.82300884963,
        "AD_CST_OPRT": 23841.04,
        "SLRY_CSY_OPRT": 50861.68,
        "EMP_BNFT_CST_OPRT": 13023.03,
        "PMT_CMS_OPRT": 20219.35,
        "SHOP_RNT_OPRT": 0.0,
        "EVNT_CST_OPRT": 0.0,
        "TAX_CST_OPRT": 0.0,
        "DEPRC_CST_OPRT": 272.57,
        "ETC_CST_OPRT": 683.87
      },
      {
        "PST_YYYYMM": "202405",
        "BRD_CD": "W",
        "MGMT_CHNL_NM": "(EC)대리상",
        "SALE_AMT": -59224.189999999995,
        "SALE_AMT_VAT": 1938.9380530973453,
        "AD_CST_OPRT": -4388.32,
        "SLRY_CSY_OPRT": -501428.1,
        "EMP_BNFT_CST_OPRT": -139951.8,
        "PMT_CMS_OPRT": -0.49,
        "SHOP_RNT_OPRT": 0.0,
        "EVNT_CST_OPRT": 0.0,
        "TAX_CST_OPRT": 0.0,
        "DEPRC_CST_OPRT": -11.82,
        "ETC_CST_OPRT": -73.5
      },
      {
        "PST_YYYYMM": "202505",
        "BRD_CD": "W",
        "MGMT_CHNL_NM": "(OFF)쇼핑몰",
        "SALE_AMT": 132951.0,
        "SALE_AMT_VAT": 117655.75221238939,
        "AD_CST_OPRT": 0.01,
        "SLRY_CSY_OPRT": 315.19,
        "EMP_BNFT_CST_OPRT": 90.26,
        "PMT_CMS_OPRT": 0.68,
        "SHOP_RNT_OPRT": 0.0,
        "EVNT_CST_OPRT": 0.0,
        "TAX_CST_OPRT": 0.0,
        "DEPRC_CST_OPRT": 0.06,
        "ETC_CST_OPRT": 4.42
      },
      {
        "PST_YYYYMM": "202405",
        "BRD_CD": "W",
        "MGMT_CHNL_NM": "(EC)티몰",
        "SALE_AMT": 56741.01,
        "SALE_AMT_VAT": 50213.283185840715,
        "AD_CST_OPRT": 4205.58,
        "SLRY_CSY_OPRT": 480403.48,
        "EMP_BNFT_CST_OPRT": 134091.1,
        "PMT_CMS_OPRT": 5.11,
        "SHOP_RNT_OPRT": 0.0,
        "EVNT_CST_OPRT": 0.0,
        "TAX_CST_OPRT": 0.0,
        "DEPRC_CST_OPRT": 32.16,
        "ETC_CST_OPRT": 84.52
      },
      {
        "PST_YYYYMM": "202507",
        "BRD_CD": "W",
        "MGMT_CHNL_NM": "(OFF)아울렛",
        "SALE_AMT": 355541.0,
        "SALE_AMT_VAT": 314638.05309734517,
        "AD_CST_OPRT": 0.0,
        "SLRY_CSY_OPRT": 586.74,
        "EMP_BNFT_CST_OPRT": 175.97,
        "PMT_CMS_OPRT": 1.56,
        "SHOP_RNT_OPRT": 0.0,
        "EVNT_CST_OPRT": 0.0,
        "TAX_CST_OPRT": 0.0,
        "DEPRC_CST_OPRT": 0.08,
        "ETC_CST_OPRT": 3.5
      },
      {
        "PST_YYYYMM": "202507",
        "BRD_CD": "W",
        "MGMT_CHNL_NM": "(EC)티몰",
        "SALE_AMT": 34317.65,
        "SALE_AMT_VAT": 30369.601769911507,
        "AD_CST_OPRT": 0.0,
        "SLRY_CSY_OPRT": 56.66,
        "EMP_BNFT_CST_OPRT": 16.96,
        "PMT_CMS_OPRT": 0.11,
        "SHOP_RNT_OPRT": 0.0,
        "EVNT_CST_OPRT": 0.0,
        "TAX_CST_OPRT": 0.0,
        "DEPRC_CST_OPRT": 0.0,
        "ETC_CST_OPRT": 0.25
      },
      {
        "PST_YYYYMM": "202510",
        "BRD_CD": "W",
        "MGMT_CHNL_NM": "(OFF)쇼핑몰",
        "SALE_AMT": 0.0,
        "SALE_AMT_VAT": 0.0,
        "AD_CST_OPRT": 0.0,
        "SLRY_CSY_OPRT": 0.0,
        "EMP_BNFT_CST_OPRT": 0.0,
        "PMT_CMS_OPRT": 0.0,
        "SHOP_RNT_OPRT": 0.0,
        "EVNT_CST_OPRT": 0.0,
        "TAX_CST_OPRT": 0.0,
        "DEPRC_CST_OPRT": 0.0,
        "ETC_CST_OPRT": 0.0
      },
      {
        "PST_YYYYMM": "202411",
        "BRD_CD": "W",
        "MGMT_CHNL_NM": "(EC)할인몰",
        "SALE_AMT": 374.5,
        "SALE_AMT_VAT": 331.41592920353986,
        "AD_CST_OPRT": 0.0,
        "SLRY_CSY_OPRT": -239.8,
        "EMP_BNFT_CST_OPRT": -58.28,
        "PMT_CMS_OPRT": 0.0,
        "SHOP_RNT_OPRT": 0.0,
        "EVNT_CST_OPRT": 0.0,
        "TAX_CST_OPRT": 0.0,
        "DEPRC_CST_OPRT": -0.28,
        "ETC_CST_OPRT": -0.17
      },
      {
        "PST_YYYYMM": "202504",
        "BRD_CD": "W",
        "MGMT_CHNL_NM": "(OFF)쇼핑몰",
        "SALE_AMT": 97931.0,
        "SALE_AMT_VAT": 86664.60176991152,
        "AD_CST_OPRT": 0.0,
        "SLRY_CSY_OPRT": 205.64,
        "EMP_BNFT_CST_OPRT": 54.77,
        "PMT_CMS_OPRT": 0.35,
        "SHOP_RNT_OPRT": 0.0,
        "EVNT_CST_OPRT": 0.0,
        "TAX_CST_OPRT": 0.0,
        "DEPRC_CST_OPRT": 0.03,
        "ETC_CST_OPRT": 98.03
      },
      {
        "PST_YYYYMM": "202503",
        "BRD_CD": "W",
        "MGMT_CHNL_NM": "(OFF)쇼핑몰",
        "SALE_AMT": 183857.0,
        "SALE_AMT_VAT": 162705.30973451328,
        "AD_CST_OPRT": 0.0,
        "SLRY_CSY_OPRT": -405619.98,
        "EMP_BNFT_CST_OPRT": 72.96,
        "PMT_CMS_OPRT": 0.46,
        "SHOP_RNT_OPRT": 0.0,
        "EVNT_CST_OPRT": 0.0,
        "TAX_CST_OPRT": 0.0,
        "DEPRC_CST_OPRT": 0.04,
        "ETC_CST_OPRT": 10.37
      }
    ],
    "total_records_count": 92
  }
}