{
  "country": "CN",
  "brand_cd": "V",
  "brand_name": "DUVETICA",
  "yyyymm": "202505",
  "yyyymm_py": "202411",
  "key": "(대리상오프)점당매출",
  "sub_key": "(대리상오프)점당매출 AI 분석",
  "analysis_data": {
    "title": "오프라인 대리상 점당매출 종합분석",
    "sections": [
      {
        "div": "종합분석-1",
        "sub_title": "우수 대리상",
        "ai_text": "**TAIYUAN WUYUE (CN6305)가 유일한 성장 대리상으로 부상**\n\n• 당해 매출: 116k (전체의 23.6%), 전년 대비 +552.6% 급성장\n• 2025년 1-3월 신규 매출 발생 (전년 동기 매출 전무)\n• 4월부터 기존 매출 대비 64.4% 성장하며 안정적 확장세\n• 월평균 매출 29k로 신규 대리상 중 가장 우수한 성과\n\n**DV HANGZHOU WULINYINTAI (CN6101)는 감소세에도 불구하고 절대 매출 1위 유지**\n\n• 당해 매출: 246k (전체의 50.0%), 전년 대비 -37.7% 감소\n• 1월 129k로 강세 시작했으나 2-3월 각각 59k, 58k로 급락\n• 여전히 전체 매출의 절반을 차지하는 핵심 대리상\n• 월별 매출 변동성이 크지만 기본 매출 규모는 안정적 유지"
      },
      {
        "div": "종합분석-2",
        "sub_title": "수익성 개선 필요",
        "ai_text": "**DVQINGDAOMIXCITY (CN6103)의 급격한 매출 하락이 가장 심각**\n\n• 당해 매출: 125k (전체의 25.4%), 전년 대비 -63.2% 급락\n• 1-2월 각각 -63.4%, -66.7%로 지속적 감소세\n• 전년 339k에서 214k 감소로 절대 손실액이 가장 큰 대리상\n• 3월 14k로 최저 매출 기록하며 운영 지속성 우려\n\n**DV HANDAN MIXC (CN6310)는 신규 개점했으나 매출 미미**\n\n• 당해 매출: 5k (전체의 1.0%), 신규 개점 대리상\n• 1-2월 각각 3k, 2k로 극히 저조한 매출 수준\n• 신규 대리상임을 감안해도 월평균 2.5k는 운영 한계점 근접\n• 입지 선정이나 마케팅 전략 재검토 필요한 상황"
      },
      {
        "div": "종합분석-3",
        "sub_title": "인사이트",
        "ai_text": "**대리상별 양극화 심화로 선택과 집중 전략 필요**\n\n• 전체 매출 -34.5% 감소 중 TAIYUAN WUYUE만 유일하게 성장세\n• 기존 핵심 대리상들의 매출 감소가 전체 성과에 결정적 영향\n• 신규 대리상 중 성공 사례와 실패 사례가 극명하게 대조\n\n**즉시 실행 액션플랜**\n\n• **우선순위 1**: TAIYUAN WUYUE 성공 모델 분석 및 타 지역 확산 방안 수립\n• **우선순위 2**: DVQINGDAOMIXCITY 매출 회복을 위한 긴급 지원책 마련 (재고 최적화, 프로모션 강화)\n• **우선순위 3**: DV HANDAN MIXC 운영 지속성 검토 및 철수/이전 여부 결정\n\n**전략적 시사점**\n\n• 지역별 시장 환경 변화에 대한 맞춤형 대응 전략 필요\n• 신규 대리상 개점 시 TAIYUAN WUYUE 모델 벤치마킹 필수\n• 기존 대리상 매출 회복을 위한 브랜드 차원의 마케팅 지원 강화"
      }
    ]
  },
  "summary": {
    "total_cy": 492.0,
    "total_py": 752.0,
    "change_pct": -34.5,
    "total_agents": 4,
    "analysis_period": "2025년 1월 ~ 2025년 11월 vs 2024년 1월 ~ 2024년 11월"
  },
  "agent_summary": [
    {
      "shop_cd": "CN6101",
      "shop_en_nm": "DV HANGZHOU WULINYINTAI",
      "total_cy": 246.0,
      "total_py": 395.0,
      "total_change_pct": -37.7,
      "months": {
        "202501": {
          "cy": 129.0,
          "py": 169.0,
          "change_pct": -23.4
        },
        "202502": {
          "cy": 59.0,
          "py": 136.0,
          "change_pct": -57.0
        },
        "202503": {
          "cy": 58.0,
          "py": 89.0,
          "change_pct": -35.4
        }
      }
    },
    {
      "shop_cd": "CN6103",
      "shop_en_nm": "DVQINGDAOMIXCITY",
      "total_cy": 125.0,
      "total_py": 339.0,
      "total_change_pct": -63.2,
      "months": {
        "202501": {
          "cy": 66.0,
          "py": 179.0,
          "change_pct": -63.4
        },
        "202502": {
          "cy": 46.0,
          "py": 137.0,
          "change_pct": -66.7
        },
        "202503": {
          "cy": 14.0,
          "py": 23.0,
          "change_pct": -40.3
        }
      }
    },
    {
      "shop_cd": "CN6305",
      "shop_en_nm": "TAIYUAN WUYUE",
      "total_cy": 116.0,
      "total_py": 18.0,
      "total_change_pct": 552.6,
      "months": {
        "202501": {
          "cy": 44.0,
          "py": 0.0,
          "change_pct": 0
        },
        "202502": {
          "cy": 18.0,
          "py": 0.0,
          "change_pct": 0
        },
        "202503": {
          "cy": 25.0,
          "py": 0.0,
          "change_pct": 0
        },
        "202504": {
          "cy": 29.0,
          "py": 18.0,
          "change_pct": 64.4
        }
      }
    },
    {
      "shop_cd": "CN6310",
      "shop_en_nm": "DV HANDAN MIXC",
      "total_cy": 5.0,
      "total_py": 0.0,
      "total_change_pct": 0,
      "months": {
        "202501": {
          "cy": 3.0,
          "py": 0.0,
          "change_pct": 0
        },
        "202502": {
          "cy": 2.0,
          "py": 0.0,
          "change_pct": 0
        }
      }
    }
  ],
  "raw_data": {
    "sample_records": [
      {
        "YYYYMM": "202504",
        "BRD_CD": "V",
        "SHOP_CD": "CN6305",
        "SHOP_EN_NM": "TAIYUAN WUYUE",
        "CY_SALE_AMT": 29247.0,
        "PY_SALE_AMT": 17790.0,
        "DIV": "기존점"
      },
      {
        "YYYYMM": "202503",
        "BRD_CD": "V",
        "SHOP_CD": "CN6103",
        "SHOP_EN_NM": "DVQINGDAOMIXCITY",
        "CY_SALE_AMT": 13870.0,
        "PY_SALE_AMT": 23250.0,
        "DIV": "기존점"
      },
      {
        "YYYYMM": "202503",
        "BRD_CD": "V",
        "SHOP_CD": "CN6101",
        "SHOP_EN_NM": "DV HANGZHOU WULINYINTAI",
        "CY_SALE_AMT": 57663.0,
        "PY_SALE_AMT": 89320.0,
        "DIV": "기존점"
      },
      {
        "YYYYMM": "202503",
        "BRD_CD": "V",
        "SHOP_CD": "CN6305",
        "SHOP_EN_NM": "TAIYUAN WUYUE",
        "CY_SALE_AMT": 24535.0,
        "PY_SALE_AMT": 0.0,
        "DIV": "신규점"
      },
      {
        "YYYYMM": "202502",
        "BRD_CD": "V",
        "SHOP_CD": "CN6103",
        "SHOP_EN_NM": "DVQINGDAOMIXCITY",
        "CY_SALE_AMT": 45580.0,
        "PY_SALE_AMT": 136990.0,
        "DIV": "기존점"
      },
      {
        "YYYYMM": "202502",
        "BRD_CD": "V",
        "SHOP_CD": "CN6310",
        "SHOP_EN_NM": "DV HANDAN MIXC",
        "CY_SALE_AMT": 1960.0,
        "PY_SALE_AMT": 0.0,
        "DIV": "신규점"
      },
      {
        "YYYYMM": "202502",
        "BRD_CD": "V",
        "SHOP_CD": "CN6101",
        "SHOP_EN_NM": "DV HANGZHOU WULINYINTAI",
        "CY_SALE_AMT": 58651.0,
        "PY_SALE_AMT": 136314.0,
        "DIV": "기존점"
      },
      {
        "YYYYMM": "202502",
        "BRD_CD": "V",
        "SHOP_CD": "CN6305",
        "SHOP_EN_NM": "TAIYUAN WUYUE",
        "CY_SALE_AMT": 18065.0,
        "PY_SALE_AMT": 0.0,
        "DIV": "신규점"
      },
      {
        "YYYYMM": "202501",
        "BRD_CD": "V",
        "SHOP_CD": "CN6103",
        "SHOP_EN_NM": "DVQINGDAOMIXCITY",
        "CY_SALE_AMT": 65520.0,
        "PY_SALE_AMT": 179180.0,
        "DIV": "기존점"
      },
      {
        "YYYYMM": "202501",
        "BRD_CD": "V",
        "SHOP_CD": "CN6310",
        "SHOP_EN_NM": "DV HANDAN MIXC",
        "CY_SALE_AMT": 3283.0,
        "PY_SALE_AMT": 0.0,
        "DIV": "신규점"
      },
      {
        "YYYYMM": "202501",
        "BRD_CD": "V",
        "SHOP_CD": "CN6101",
        "SHOP_EN_NM": "DV HANGZHOU WULINYINTAI",
        "CY_SALE_AMT": 129404.0,
        "PY_SALE_AMT": 168914.0,
        "DIV": "기존점"
      },
      {
        "YYYYMM": "202501",
        "BRD_CD": "V",
        "SHOP_CD": "CN6305",
        "SHOP_EN_NM": "TAIYUAN WUYUE",
        "CY_SALE_AMT": 44253.0,
        "PY_SALE_AMT": 0.0,
        "DIV": "신규점"
      }
    ],
    "total_records_count": 12
  }
}