{
  "country": "CN",
  "brand_cd": "M",
  "brand_name": "MLB",
  "yyyymm": "202502",
  "yyyymm_py": "202402",
  "key": "월별아이템별재고추세",
  "analysis_data": {
    "title": "월별 아이템별 재고 추세 분석",
    "sections": [
      {
        "div": "종합분석-1",
        "sub_title": "조기경보",
        "ai_text": "**과시즌 의류 재고 급감 주의**: 373,367k에서 183,366k로 50.9% 급감하여 품절 리스크 발생 가능성 높음. 재주문 타이밍 검토 필요\n\n**신발 카테고리 재고 과다**: 전체 재고의 28.1%(3,439,454k)를 차지하며 1,896,397k → 1,543,057k로 18.6% 감소했으나 여전히 과다 보유 상태. 재고 회전율 개선 시급\n\n**차기시즌 의류 재고 적체**: 7.6% 소폭 감소(1,058,015k → 977,545k)로 가장 낮은 감소율을 보여 시즌 진입 전 재고 소화 전략 필요\n\n**24F 의류 재고 부담**: 1,212,382k에서 893,352k로 26.3% 감소했으나 절대 금액이 여전히 높아 추가 프로모션 검토 필요"
      },
      {
        "div": "종합분석-2",
        "sub_title": "긍정신호",
        "ai_text": "**과시즌 의류 재고 최적화**: 50.9% 감소로 가장 효율적인 재고 소화율을 보여 시즌 마감 전략 성공적 실행\n\n**가방 카테고리 안정적 관리**: 337,236k → 232,127k로 31.2% 감소하며 적정 재고 수준 유지. 꾸준한 판매 성과 확인\n\n**23SF 의류 재고 정리**: 24.4% 감소(669,191k → 506,086k)로 구시즌 재고 효과적 소화 진행 중\n\n**전체 재고 감소 추세**: 총 재고가 6,952,195k에서 5,440,798k로 21.7% 감소하여 전반적인 재고 관리 개선 신호"
      },
      {
        "div": "종합분석-3",
        "sub_title": "핵심액션",
        "ai_text": "**즉시 실행 액션**:\n• 과시즌 의류: 긴급 재주문 계획 수립 및 품절 방지를 위한 안전재고 확보\n• 신발: 3월 내 추가 할인 프로모션 실시로 1,200,000k 수준까지 재고 감축 목표\n• 차기시즌 의류: 시즌 진입 전 20% 추가 감축을 위한 사전 판매 이벤트 기획\n\n**중기 전략 수립**:\n• 아이템별 재고 회전율 목표 설정: 신발 60일, 의류 45일, 가방/모자 30일\n• 월별 재고 감축 목표: 전체 재고 기준 월 15% 감소율 유지\n• 시즌별 재고 관리 매뉴얼 구축 및 카테고리별 차별화된 재고 정책 적용\n\n**모니터링 체계**:\n• 주간 재고 현황 보고서 작성 및 이상 징후 조기 감지 시스템 구축\n• 아이템별 판매 속도 추적을 통한 동적 재고 관리 체계 도입"
      }
    ]
  },
  "summary": {
    "total_stock": 12392993.0,
    "unique_months": 2,
    "unique_items": 10,
    "analysis_period": "2025년 01월 ~ 2025년 12월"
  },
  "monthly_totals": {
    "202501": 6952195.0,
    "202502": 5440798.0
  },
  "item_stock_data": {
    "과시즌 의류": {
      "total_stock": 556733.0,
      "months": {
        "202501": 373367.0,
        "202502": 183366.0
      }
    },
    "가방": {
      "total_stock": 569362.0,
      "months": {
        "202501": 337236.0,
        "202502": 232127.0
      }
    },
    "모자": {
      "total_stock": 1092006.0,
      "months": {
        "202501": 620475.0,
        "202502": 471531.0
      }
    },
    "신발": {
      "total_stock": 3439454.0,
      "months": {
        "202501": 1896397.0,
        "202502": 1543057.0
      }
    },
    "24S 의류": {
      "total_stock": 1349635.0,
      "months": {
        "202501": 747200.0,
        "202502": 602435.0
      }
    },
    "미지정": {
      "total_stock": 38.0,
      "months": {
        "202501": 38.0
      }
    },
    "차기시즌 의류": {
      "total_stock": 2035561.0,
      "months": {
        "202501": 1058015.0,
        "202502": 977545.0
      }
    },
    "기타": {
      "total_stock": 69192.0,
      "months": {
        "202501": 37893.0,
        "202502": 31299.0
      }
    },
    "23SF 의류": {
      "total_stock": 1175277.0,
      "months": {
        "202501": 669191.0,
        "202502": 506086.0
      }
    },
    "24F 의류": {
      "total_stock": 2105734.0,
      "months": {
        "202501": 1212382.0,
        "202502": 893352.0
      }
    }
  },
  "stock_trends": {
    "과시즌 의류": {
      "change_pct": -50.9,
      "first_month": "202501",
      "last_month": "202502",
      "first_stock": 373367.0,
      "last_stock": 183366.0,
      "max_stock": 373367.0,
      "min_stock": 183366.0,
      "max_month": "202501",
      "min_month": "202502"
    },
    "가방": {
      "change_pct": -31.2,
      "first_month": "202501",
      "last_month": "202502",
      "first_stock": 337236.0,
      "last_stock": 232127.0,
      "max_stock": 337236.0,
      "min_stock": 232127.0,
      "max_month": "202501",
      "min_month": "202502"
    },
    "모자": {
      "change_pct": -24.0,
      "first_month": "202501",
      "last_month": "202502",
      "first_stock": 620475.0,
      "last_stock": 471531.0,
      "max_stock": 620475.0,
      "min_stock": 471531.0,
      "max_month": "202501",
      "min_month": "202502"
    },
    "신발": {
      "change_pct": -18.6,
      "first_month": "202501",
      "last_month": "202502",
      "first_stock": 1896397.0,
      "last_stock": 1543057.0,
      "max_stock": 1896397.0,
      "min_stock": 1543057.0,
      "max_month": "202501",
      "min_month": "202502"
    },
    "24S 의류": {
      "change_pct": -19.4,
      "first_month": "202501",
      "last_month": "202502",
      "first_stock": 747200.0,
      "last_stock": 602435.0,
      "max_stock": 747200.0,
      "min_stock": 602435.0,
      "max_month": "202501",
      "min_month": "202502"
    },
    "차기시즌 의류": {
      "change_pct": -7.6,
      "first_month": "202501",
      "last_month": "202502",
      "first_stock": 1058015.0,
      "last_stock": 977545.0,
      "max_stock": 1058015.0,
      "min_stock": 977545.0,
      "max_month": "202501",
      "min_month": "202502"
    },
    "기타": {
      "change_pct": -17.4,
      "first_month": "202501",
      "last_month": "202502",
      "first_stock": 37893.0,
      "last_stock": 31299.0,
      "max_stock": 37893.0,
      "min_stock": 31299.0,
      "max_month": "202501",
      "min_month": "202502"
    },
    "23SF 의류": {
      "change_pct": -24.4,
      "first_month": "202501",
      "last_month": "202502",
      "first_stock": 669191.0,
      "last_stock": 506086.0,
      "max_stock": 669191.0,
      "min_stock": 506086.0,
      "max_month": "202501",
      "min_month": "202502"
    },
    "24F 의류": {
      "change_pct": -26.3,
      "first_month": "202501",
      "last_month": "202502",
      "first_stock": 1212382.0,
      "last_stock": 893352.0,
      "max_stock": 1212382.0,
      "min_stock": 893352.0,
      "max_month": "202501",
      "min_month": "202502"
    }
  },
  "raw_data": {
    "sample_records": [
      {
        "YYYYMM": "202501",
        "BRD_CD": "M",
        "ITEM_STD": "과시즌 의류",
        "STOCK_TAG_AMT_EXPECTED": 373366754.0
      },
      {
        "YYYYMM": "202501",
        "BRD_CD": "M",
        "ITEM_STD": "가방",
        "STOCK_TAG_AMT_EXPECTED": 337235513.0
      },
      {
        "YYYYMM": "202501",
        "BRD_CD": "M",
        "ITEM_STD": "모자",
        "STOCK_TAG_AMT_EXPECTED": 620475498.0
      },
      {
        "YYYYMM": "202501",
        "BRD_CD": "M",
        "ITEM_STD": "신발",
        "STOCK_TAG_AMT_EXPECTED": 1896397131.0
      },
      {
        "YYYYMM": "202501",
        "BRD_CD": "M",
        "ITEM_STD": "24S 의류",
        "STOCK_TAG_AMT_EXPECTED": 747200428.0
      },
      {
        "YYYYMM": "202501",
        "BRD_CD": "M",
        "ITEM_STD": "미지정",
        "STOCK_TAG_AMT_EXPECTED": 37980.0
      },
      {
        "YYYYMM": "202501",
        "BRD_CD": "M",
        "ITEM_STD": "차기시즌 의류",
        "STOCK_TAG_AMT_EXPECTED": 1058015475.0
      },
      {
        "YYYYMM": "202501",
        "BRD_CD": "M",
        "ITEM_STD": "기타",
        "STOCK_TAG_AMT_EXPECTED": 37892978.0
      },
      {
        "YYYYMM": "202501",
        "BRD_CD": "M",
        "ITEM_STD": "23SF 의류",
        "STOCK_TAG_AMT_EXPECTED": 669191184.0
      },
      {
        "YYYYMM": "202501",
        "BRD_CD": "M",
        "ITEM_STD": "24F 의류",
        "STOCK_TAG_AMT_EXPECTED": 1212382027.0
      },
      {
        "YYYYMM": "202502",
        "BRD_CD": "M",
        "ITEM_STD": "차기시즌 의류",
        "STOCK_TAG_AMT_EXPECTED": 977545278.0
      },
      {
        "YYYYMM": "202502",
        "BRD_CD": "M",
        "ITEM_STD": "가방",
        "STOCK_TAG_AMT_EXPECTED": 232126596.0
      },
      {
        "YYYYMM": "202502",
        "BRD_CD": "M",
        "ITEM_STD": "모자",
        "STOCK_TAG_AMT_EXPECTED": 471530556.0
      },
      {
        "YYYYMM": "202502",
        "BRD_CD": "M",
        "ITEM_STD": "24S 의류",
        "STOCK_TAG_AMT_EXPECTED": 602434762.0
      },
      {
        "YYYYMM": "202502",
        "BRD_CD": "M",
        "ITEM_STD": "신발",
        "STOCK_TAG_AMT_EXPECTED": 1543056693.0
      },
      {
        "YYYYMM": "202502",
        "BRD_CD": "M",
        "ITEM_STD": "기타",
        "STOCK_TAG_AMT_EXPECTED": 31299398.0
      },
      {
        "YYYYMM": "202502",
        "BRD_CD": "M",
        "ITEM_STD": "과시즌 의류",
        "STOCK_TAG_AMT_EXPECTED": 183366482.0
      },
      {
        "YYYYMM": "202502",
        "BRD_CD": "M",
        "ITEM_STD": "23SF 의류",
        "STOCK_TAG_AMT_EXPECTED": 506085871.0
      },
      {
        "YYYYMM": "202502",
        "BRD_CD": "M",
        "ITEM_STD": "24F 의류",
        "STOCK_TAG_AMT_EXPECTED": 893352013.0
      }
    ],
    "total_records_count": 19
  }
}