{
  "country": "CN",
  "brand_cd": "I",
  "brand_name": "MLB KIDS",
  "yyyymm": "20251",
  "yyyymm_py": "202501",
  "key": "월별아이템별매출추세",
  "analysis_data": {
    "title": "월별 아이템별 매출 추세 분석",
    "sections": [
      {
        "div": "종합분석-1",
        "sub_title": "시즌 트렌드",
        "ai_text": "**25F 의류 시즌별 매출 패턴 분석**\n\n• 25F 의류는 총 13,461k의 매출을 기록하며, 전형적인 가을/겨울 시즌 상품의 특성을 보임\n• 5-6월 초기 출시 시점에서는 미미한 매출(5k)로 시작하여 7월부터 본격 상승세 진입\n• 8월 5,420k → 9월 7,343k로 35.5% 급증하며 시즌 피크 도달\n• 7-9월 3개월간 전체 매출의 99.6%가 집중되어 극명한 시즌성 확인\n\n**차기시즌 의류 현황**\n• 9월 기준 차기시즌 의류 매출이 0k로 신상품 출시 지연 상황\n• 통상 9-10월 차기시즌 상품 출시를 고려할 때 상품 기획 일정 재검토 필요\n\n**시즌 전환 리스크**\n• 현재 25F 의류가 피크를 지나 하락세 전환 시점에 차기시즌 상품 공백 발생\n• 10-11월 의류 매출 급락 가능성 높음"
      },
      {
        "div": "종합분석-2",
        "sub_title": "카테고리",
        "ai_text": "**신발 카테고리 (전체 매출의 62.1%)**\n• 총 60,608k로 압도적 1위 카테고리, 월평균 6,734k 안정적 매출 유지\n• 1월 13,918k 최고점 이후 2-4월 하락세, 8월 7,558k로 재상승\n• 계절성보다는 신상품 출시 타이밍에 따른 변동성이 더 큰 특징\n\n**모자 카테고리 (전체 매출의 20.7%)**\n• 총 20,179k, 월평균 2,242k로 2위 카테고리\n• 1월 3,175k → 9월 1,546k로 지속적 하락 추세(-51.3%)\n• 여름철(6-7월) 최저점 기록 후 회복세 미미한 상황\n\n**가방 카테고리 (전체 매출의 17.2%)**\n• 총 16,769k, 여름성수기(6-8월) 강세 패턴 명확\n• 8월 3,386k 최고점으로 여름휴가철 수요 집중\n• 1-4월 월평균 1,308k → 6-8월 월평균 2,630k로 101.0% 증가\n\n**기타 카테고리 (전체 매출의 1.2%)**\n• 총 1,169k로 소규모 카테고리, 월평균 130k 수준\n• 전 기간 안정적이나 성장 동력 부족"
      },
      {
        "div": "종합분석-3",
        "sub_title": "핵심 액션",
        "ai_text": "**즉시 실행 액션 (10월 내)**\n• 차기시즌 의류 긴급 출시 준비: 25F 의류 하락세 대비 신상품 라인업 조기 런칭\n• 모자 카테고리 부진 원인 분석: 9개월 연속 하락세 요인 파악 및 상품믹스 재검토\n• 신발 카테고리 신상품 기획: 주력 카테고리 모멘텀 유지를 위한 11-12월 신제품 준비\n\n**중기 전략 액션 (11-12월)**\n• 가방 카테고리 확장 전략: 여름 성수기 성공 모델을 겨울시즌에 적용할 수 있는 상품 개발\n• 시즌 포트폴리오 다변화: 의류 시즌성 집중 리스크 분산을 위한 연중 판매 가능 아이템 확대\n• 카테고리별 차별화 전략: 신발(안정성), 가방(시즌성), 모자(회복) 각각의 특성에 맞는 마케팅 전략 수립\n\n**리스크 모니터링**\n• 10월 의류 매출 급락 시나리오 대비책 마련\n• 모자 카테고리 추가 하락 방지를 위한 긴급 프로모션 검토 필요"
      }
    ]
  },
  "summary": {
    "total_sales": 289395.0,
    "unique_months": 9,
    "unique_items": 7,
    "analysis_period": "2025년 01월 ~ 2025년 12월"
  },
  "monthly_totals": {
    "202501": 66667.0,
    "202502": 20261.0,
    "202503": 33159.0,
    "202504": 31702.0,
    "202505": 35208.0,
    "202506": 22754.0,
    "202507": 22543.0,
    "202508": 31192.0,
    "202509": 25908.0
  },
  "season_items": [
    {
      "name": "25F 의류",
      "total_sales": 13461.0,
      "months": {
        "202505": 1.0,
        "202506": 4.0,
        "202507": 692.0,
        "202508": 5420.0,
        "202509": 7343.0
      }
    },
    {
      "name": "차기시즌 의류",
      "total_sales": 0.0,
      "months": {
        "202509": 0.0
      }
    }
  ],
  "category_items": [
    {
      "name": "신발",
      "total_sales": 60608.0,
      "months": {
        "202501": 13918.0,
        "202502": 4879.0,
        "202503": 7517.0,
        "202504": 5280.0,
        "202505": 6177.0,
        "202506": 3994.0,
        "202507": 5246.0,
        "202508": 7558.0,
        "202509": 6039.0
      }
    },
    {
      "name": "모자",
      "total_sales": 20179.0,
      "months": {
        "202501": 3175.0,
        "202502": 1821.0,
        "202503": 3247.0,
        "202504": 2680.0,
        "202505": 2608.0,
        "202506": 1659.0,
        "202507": 1635.0,
        "202508": 1808.0,
        "202509": 1546.0
      }
    },
    {
      "name": "가방",
      "total_sales": 16769.0,
      "months": {
        "202501": 1463.0,
        "202502": 1334.0,
        "202503": 1190.0,
        "202504": 1244.0,
        "202505": 1860.0,
        "202506": 2366.0,
        "202507": 2139.0,
        "202508": 3386.0,
        "202509": 1786.0
      }
    },
    {
      "name": "기타",
      "total_sales": 1169.0,
      "months": {
        "202501": 334.0,
        "202502": 95.0,
        "202503": 120.0,
        "202504": 112.0,
        "202505": 131.0,
        "202506": 90.0,
        "202507": 80.0,
        "202508": 115.0,
        "202509": 92.0
      }
    }
  ],
  "raw_data": {
    "sample_records": [
      {
        "YYYYMM": "202501",
        "BRD_CD": "I",
        "ITEM_STD": "신발",
        "SALE_AMT": 13917604.539999995
      },
      {
        "YYYYMM": "202501",
        "BRD_CD": "I",
        "ITEM_STD": "가방",
        "SALE_AMT": 1462873.7999999998
      },
      {
        "YYYYMM": "202501",
        "BRD_CD": "I",
        "ITEM_STD": "미지정",
        "SALE_AMT": 47777492.72999999
      },
      {
        "YYYYMM": "202501",
        "BRD_CD": "I",
        "ITEM_STD": "기타",
        "SALE_AMT": 333736.92999999993
      },
      {
        "YYYYMM": "202501",
        "BRD_CD": "I",
        "ITEM_STD": "모자",
        "SALE_AMT": 3174911.3152000015
      },
      {
        "YYYYMM": "202502",
        "BRD_CD": "I",
        "ITEM_STD": "가방",
        "SALE_AMT": 1334183.8000000003
      },
      {
        "YYYYMM": "202502",
        "BRD_CD": "I",
        "ITEM_STD": "모자",
        "SALE_AMT": 1820990.3300000008
      },
      {
        "YYYYMM": "202502",
        "BRD_CD": "I",
        "ITEM_STD": "신발",
        "SALE_AMT": 4878799.6
      },
      {
        "YYYYMM": "202502",
        "BRD_CD": "I",
        "ITEM_STD": "미지정",
        "SALE_AMT": 12132008.720000004
      },
      {
        "YYYYMM": "202502",
        "BRD_CD": "I",
        "ITEM_STD": "기타",
        "SALE_AMT": 95149.13
      },
      {
        "YYYYMM": "202503",
        "BRD_CD": "I",
        "ITEM_STD": "신발",
        "SALE_AMT": 7516587.220000001
      },
      {
        "YYYYMM": "202503",
        "BRD_CD": "I",
        "ITEM_STD": "가방",
        "SALE_AMT": 1190325.8199999998
      },
      {
        "YYYYMM": "202503",
        "BRD_CD": "I",
        "ITEM_STD": "모자",
        "SALE_AMT": 3246514.44
      },
      {
        "YYYYMM": "202503",
        "BRD_CD": "I",
        "ITEM_STD": "기타",
        "SALE_AMT": 120229.08999999998
      },
      {
        "YYYYMM": "202503",
        "BRD_CD": "I",
        "ITEM_STD": "미지정",
        "SALE_AMT": 21085775.44
      },
      {
        "YYYYMM": "202504",
        "BRD_CD": "I",
        "ITEM_STD": "모자",
        "SALE_AMT": 2679935.7699999996
      },
      {
        "YYYYMM": "202504",
        "BRD_CD": "I",
        "ITEM_STD": "가방",
        "SALE_AMT": 1243501.67
      },
      {
        "YYYYMM": "202504",
        "BRD_CD": "I",
        "ITEM_STD": "신발",
        "SALE_AMT": 5279853.849999999
      },
      {
        "YYYYMM": "202504",
        "BRD_CD": "I",
        "ITEM_STD": "기타",
        "SALE_AMT": 111792.2
      },
      {
        "YYYYMM": "202504",
        "BRD_CD": "I",
        "ITEM_STD": "미지정",
        "SALE_AMT": 22387408.11000001
      },
      {
        "YYYYMM": "202505",
        "BRD_CD": "I",
        "ITEM_STD": "기타",
        "SALE_AMT": 131104.02
      },
      {
        "YYYYMM": "202505",
        "BRD_CD": "I",
        "ITEM_STD": "모자",
        "SALE_AMT": 2608434.35
      },
      {
        "YYYYMM": "202505",
        "BRD_CD": "I",
        "ITEM_STD": "가방",
        "SALE_AMT": 1860443.5099999998
      },
      {
        "YYYYMM": "202505",
        "BRD_CD": "I",
        "ITEM_STD": "25F 의류",
        "SALE_AMT": 923.0
      },
      {
        "YYYYMM": "202505",
        "BRD_CD": "I",
        "ITEM_STD": "신발",
        "SALE_AMT": 6176812.1400000015
      },
      {
        "YYYYMM": "202505",
        "BRD_CD": "I",
        "ITEM_STD": "미지정",
        "SALE_AMT": 24429823.56
      },
      {
        "YYYYMM": "202506",
        "BRD_CD": "I",
        "ITEM_STD": "기타",
        "SALE_AMT": 90398.74999999999
      },
      {
        "YYYYMM": "202506",
        "BRD_CD": "I",
        "ITEM_STD": "모자",
        "SALE_AMT": 1658936.98
      },
      {
        "YYYYMM": "202506",
        "BRD_CD": "I",
        "ITEM_STD": "가방",
        "SALE_AMT": 2366020.47
      },
      {
        "YYYYMM": "202506",
        "BRD_CD": "I",
        "ITEM_STD": "25F 의류",
        "SALE_AMT": 4133.8
      },
      {
        "YYYYMM": "202506",
        "BRD_CD": "I",
        "ITEM_STD": "미지정",
        "SALE_AMT": 14640618.039999995
      },
      {
        "YYYYMM": "202506",
        "BRD_CD": "I",
        "ITEM_STD": "신발",
        "SALE_AMT": 3994248.1199999996
      },
      {
        "YYYYMM": "202507",
        "BRD_CD": "I",
        "ITEM_STD": "가방",
        "SALE_AMT": 2139439.2399999998
      },
      {
        "YYYYMM": "202507",
        "BRD_CD": "I",
        "ITEM_STD": "모자",
        "SALE_AMT": 1635450.8599999996
      },
      {
        "YYYYMM": "202507",
        "BRD_CD": "I",
        "ITEM_STD": "기타",
        "SALE_AMT": 80216.81000000001
      },
      {
        "YYYYMM": "202507",
        "BRD_CD": "I",
        "ITEM_STD": "신발",
        "SALE_AMT": 5246041.67
      },
      {
        "YYYYMM": "202507",
        "BRD_CD": "I",
        "ITEM_STD": "25F 의류",
        "SALE_AMT": 692100.6399999999
      },
      {
        "YYYYMM": "202507",
        "BRD_CD": "I",
        "ITEM_STD": "미지정",
        "SALE_AMT": 12749388.349999994
      },
      {
        "YYYYMM": "202508",
        "BRD_CD": "I",
        "ITEM_STD": "25F 의류",
        "SALE_AMT": 5420111.983600002
      },
      {
        "YYYYMM": "202508",
        "BRD_CD": "I",
        "ITEM_STD": "기타",
        "SALE_AMT": 114834.47
      },
      {
        "YYYYMM": "202508",
        "BRD_CD": "I",
        "ITEM_STD": "미지정",
        "SALE_AMT": 12904834.0797
      },
      {
        "YYYYMM": "202508",
        "BRD_CD": "I",
        "ITEM_STD": "신발",
        "SALE_AMT": 7558450.901999997
      },
      {
        "YYYYMM": "202508",
        "BRD_CD": "I",
        "ITEM_STD": "모자",
        "SALE_AMT": 1807860.4305999998
      },
      {
        "YYYYMM": "202508",
        "BRD_CD": "I",
        "ITEM_STD": "가방",
        "SALE_AMT": 3386325.1416999996
      },
      {
        "YYYYMM": "202509",
        "BRD_CD": "I",
        "ITEM_STD": "미지정",
        "SALE_AMT": 9102277.65
      },
      {
        "YYYYMM": "202509",
        "BRD_CD": "I",
        "ITEM_STD": "차기시즌 의류",
        "SALE_AMT": 439.0
      },
      {
        "YYYYMM": "202509",
        "BRD_CD": "I",
        "ITEM_STD": "25F 의류",
        "SALE_AMT": 7343285.259999999
      },
      {
        "YYYYMM": "202509",
        "BRD_CD": "I",
        "ITEM_STD": "모자",
        "SALE_AMT": 1545777.21
      },
      {
        "YYYYMM": "202509",
        "BRD_CD": "I",
        "ITEM_STD": "신발",
        "SALE_AMT": 6039145.849999999
      },
      {
        "YYYYMM": "202509",
        "BRD_CD": "I",
        "ITEM_STD": "기타",
        "SALE_AMT": 91926.38
      }
    ],
    "total_records_count": 51
  }
}