{
  "country": "CN",
  "brand_cd": "I",
  "brand_name": "MLB KIDS",
  "yyyymm": "202509",
  "yyyymm_py": "202409",
  "key": "할인율",
  "sub_key": "종합분석",
  "analysis_data": {
    "title": "채널별 할인율 종합분석",
    "sections": [
      {
        "div": "종합분석-1",
        "sub_title": "할인율 전략이 우수한 채널",
        "ai_text": "(OFF)플래그쉽은 8.9% 할인율로 가장 낮은 수준을 유지하며 전년대비 1.2%p 개선되어 프리미엄 포지셔닝이 성공적으로 작동하고 있습니다.\n(EC)티몰은 16.6%로 전년 21.7%에서 5.1%p 대폭 개선되어 할인율 관리가 효과적으로 이루어지고 있으며, (OFF)쇼핑몰도 13.0%로 전년 16.5%에서 3.5%p 개선되었습니다.\n이들 채널은 할인율 절제를 통한 브랜드 가치 보호와 수익성 확보에 성공하고 있어 벤치마킹 대상으로 활용 가능합니다."
      },
      {
        "div": "종합분석-2",
        "sub_title": "주의 필요 채널",
        "ai_text": "(EC)할인몰이 55.7%로 가장 높은 할인율을 기록하며 전년 48.1%에서 7.6%p 악화되어 브랜드 가치 훼손 위험이 심각한 상황입니다.\n(OFF)아울렛은 47.7%로 높은 할인율을 유지하고 있으나 채널 특성상 불가피한 측면이 있고, (EC)대리상은 11.5%로 전년 9.0%에서 2.5%p 상승하여 관리 강화가 필요합니다.\n특히 (EC)할인몰의 경우 매출액이 1,083k로 전년 936k 대비 증가했으나 과도한 할인으로 인한 수익성 악화가 우려됩니다."
      },
      {
        "div": "종합분석-3",
        "sub_title": "AI 권장사항",
        "ai_text": "• 즉시 조치: (EC)할인몰 할인율을 50% 이하로 제한하고 프로모션 기획 시 브랜드 가이드라인 준수 의무화\n• 벤치마킹 확산: (OFF)플래그쉽과 (EC)티몰의 할인율 관리 노하우를 다른 채널에 적용하여 전체 할인율을 20% 이하로 관리\n• 채널별 차별화: 프리미엄 채널((OFF)플래그쉽)은 10% 이하, 일반 채널은 15% 이하, 할인 채널은 45% 이하로 할인율 상한선 설정\n• 모니터링 강화: 월별 할인율 추이를 실시간 모니터링하여 임계치 초과 시 즉시 조정할 수 있는 시스템 구축 및 채널별 KPI 관리 체계 도입"
      }
    ]
  },
  "summary": {
    "total_discount_current": 23.8,
    "total_discount_previous": 22.7,
    "total_change_pct": 1.1,
    "unique_channels": 8,
    "unique_months": 21,
    "analysis_period_month": "2024년 9월 vs 2025년 9월",
    "analysis_period_trend": "2024년 1월 ~ 2025년 9월"
  },
  "channel_summary": {
    "(EC)대리상": {
      "current_discount": 11.5,
      "previous_discount": 9.0,
      "change_pct": 2.5,
      "trend_months": [
        "202401",
        "202402",
        "202403",
        "202404",
        "202405",
        "202406",
        "202407",
        "202408",
        "202409",
        "202410",
        "202411",
        "202412",
        "202501",
        "202502",
        "202503",
        "202504",
        "202505",
        "202506",
        "202507",
        "202508",
        "202509"
      ],
      "trend_values": [
        9.2,
        8.7,
        8.3,
        8.9,
        9.0,
        8.9,
        10.0,
        9.1,
        9.0,
        12.2,
        9.7,
        10.6,
        9.4,
        7.6,
        10.6,
        10.5,
        12.1,
        15.9,
        15.7,
        12.0,
        11.5
      ],
      "current_tag_sale": 3580.0,
      "current_act_sale": 3168.0,
      "previous_tag_sale": 3409.0,
      "previous_act_sale": 3104.0
    },
    "(EC)티몰": {
      "current_discount": 16.6,
      "previous_discount": 21.7,
      "change_pct": -5.1,
      "trend_months": [
        "202401",
        "202402",
        "202403",
        "202404",
        "202405",
        "202406",
        "202407",
        "202408",
        "202409",
        "202410",
        "202411",
        "202412",
        "202501",
        "202502",
        "202503",
        "202504",
        "202505",
        "202506",
        "202507",
        "202508",
        "202509"
      ],
      "trend_values": [
        20.4,
        14.8,
        17.6,
        7.8,
        20.1,
        17.2,
        11.5,
        16.4,
        21.7,
        29.6,
        28.2,
        20.2,
        24.9,
        20.7,
        23.8,
        17.9,
        23.1,
        20.9,
        14.4,
        14.9,
        16.6
      ],
      "current_tag_sale": 2721.0,
      "current_act_sale": 2268.0,
      "previous_tag_sale": 2333.0,
      "previous_act_sale": 1827.0
    },
    "(OFF)쇼핑몰": {
      "current_discount": 13.0,
      "previous_discount": 16.5,
      "change_pct": -3.5,
      "trend_months": [
        "202401",
        "202402",
        "202403",
        "202404",
        "202405",
        "202406",
        "202407",
        "202408",
        "202409",
        "202410",
        "202411",
        "202412",
        "202501",
        "202502",
        "202503",
        "202504",
        "202505",
        "202506",
        "202507",
        "202508",
        "202509"
      ],
      "trend_values": [
        6.6,
        8.1,
        6.5,
        11.6,
        12.1,
        12.4,
        13.9,
        14.3,
        16.5,
        13.8,
        13.4,
        14.8,
        11.1,
        11.6,
        11.2,
        14.3,
        15.6,
        14.8,
        13.0,
        13.3,
        13.0
      ],
      "current_tag_sale": 1499.0,
      "current_act_sale": 1304.0,
      "previous_tag_sale": 1268.0,
      "previous_act_sale": 1059.0
    },
    "(OFF)플래그쉽": {
      "current_discount": 8.9,
      "previous_discount": 10.1,
      "change_pct": -1.2,
      "trend_months": [
        "202401",
        "202402",
        "202403",
        "202404",
        "202405",
        "202406",
        "202407",
        "202408",
        "202409",
        "202410",
        "202411",
        "202412",
        "202501",
        "202502",
        "202503",
        "202504",
        "202505",
        "202506",
        "202507",
        "202508",
        "202509"
      ],
      "trend_values": [
        3.7,
        1.6,
        1.3,
        5.8,
        4.1,
        4.5,
        1.5,
        4.7,
        10.1,
        12.1,
        9.0,
        10.1,
        8.7,
        5.2,
        6.4,
        8.7,
        7.6,
        7.6,
        7.2,
        6.4,
        8.9
      ],
      "current_tag_sale": 243.0,
      "current_act_sale": 222.0,
      "previous_tag_sale": 245.0,
      "previous_act_sale": 220.0
    },
    "(EC)틱톡/JD": {
      "current_discount": 21.9,
      "previous_discount": 19.6,
      "change_pct": 2.3,
      "trend_months": [
        "202404",
        "202405",
        "202406",
        "202407",
        "202408",
        "202409",
        "202410",
        "202411",
        "202412",
        "202501",
        "202502",
        "202503",
        "202504",
        "202505",
        "202506",
        "202507",
        "202508",
        "202509"
      ],
      "trend_values": [
        8.4,
        20.0,
        15.7,
        9.0,
        15.2,
        19.6,
        19.5,
        20.3,
        14.0,
        22.4,
        19.2,
        22.4,
        15.0,
        21.0,
        19.0,
        32.8,
        5.6,
        21.9
      ],
      "current_tag_sale": 423.0,
      "current_act_sale": 330.0,
      "previous_tag_sale": 132.0,
      "previous_act_sale": 106.0
    },
    "(OFF)아울렛": {
      "current_discount": 47.7,
      "previous_discount": 47.6,
      "change_pct": 0.1,
      "trend_months": [
        "202401",
        "202402",
        "202403",
        "202404",
        "202405",
        "202406",
        "202407",
        "202408",
        "202409",
        "202410",
        "202411",
        "202412",
        "202501",
        "202502",
        "202503",
        "202504",
        "202505",
        "202506",
        "202507",
        "202508",
        "202509"
      ],
      "trend_values": [
        32.0,
        31.9,
        35.9,
        35.7,
        36.4,
        36.1,
        36.3,
        66.8,
        47.6,
        41.4,
        39.3,
        38.3,
        34.8,
        36.5,
        36.6,
        45.5,
        45.0,
        48.0,
        48.6,
        47.6,
        47.7
      ],
      "current_tag_sale": 4627.0,
      "current_act_sale": 2421.0,
      "previous_tag_sale": 4906.0,
      "previous_act_sale": 2572.0
    },
    "(EC)할인몰": {
      "current_discount": 55.7,
      "previous_discount": 48.1,
      "change_pct": 7.6,
      "trend_months": [
        "202401",
        "202402",
        "202403",
        "202404",
        "202405",
        "202406",
        "202407",
        "202408",
        "202409",
        "202410",
        "202411",
        "202412",
        "202501",
        "202502",
        "202503",
        "202504",
        "202505",
        "202506",
        "202507",
        "202508",
        "202509"
      ],
      "trend_values": [
        41.7,
        35.7,
        42.4,
        38.9,
        39.2,
        40.2,
        37.8,
        40.5,
        48.1,
        49.4,
        47.7,
        46.8,
        42.8,
        42.1,
        42.6,
        49.5,
        49.6,
        55.7,
        55.4,
        60.0,
        55.7
      ],
      "current_tag_sale": 2444.0,
      "current_act_sale": 1083.0,
      "previous_tag_sale": 1806.0,
      "previous_act_sale": 936.0
    },
    "(OFF)대리상": {
      "current_discount": 18.1,
      "previous_discount": 18.3,
      "change_pct": -0.2,
      "trend_months": [
        "202401",
        "202402",
        "202403",
        "202404",
        "202405",
        "202406",
        "202407",
        "202408",
        "202409",
        "202410",
        "202411",
        "202412",
        "202501",
        "202502",
        "202503",
        "202504",
        "202505",
        "202506",
        "202507",
        "202508",
        "202509"
      ],
      "trend_values": [
        9.3,
        10.1,
        9.1,
        8.5,
        10.2,
        19.0,
        15.3,
        15.8,
        18.3,
        14.0,
        13.2,
        13.8,
        15.6,
        19.3,
        27.8,
        17.0,
        14.1,
        16.9,
        17.6,
        15.2,
        18.1
      ],
      "current_tag_sale": 18452.0,
      "current_act_sale": 15112.0,
      "previous_tag_sale": 24655.0,
      "previous_act_sale": 20147.0
    }
  },
  "trend_data": {
    "trend_months": [
      "202401",
      "202402",
      "202403",
      "202404",
      "202405",
      "202406",
      "202407",
      "202408",
      "202409",
      "202410",
      "202411",
      "202412",
      "202501",
      "202502",
      "202503",
      "202504",
      "202505",
      "202506",
      "202507",
      "202508",
      "202509"
    ],
    "monthly_totals": [
      {
        "yyyymm": "202401",
        "tag_sale_amt": 65576.0,
        "act_sale_amt": 57075.0,
        "discount_pct": 13.0
      },
      {
        "yyyymm": "202402",
        "tag_sale_amt": 58718.0,
        "act_sale_amt": 51152.0,
        "discount_pct": 12.9
      },
      {
        "yyyymm": "202403",
        "tag_sale_amt": 42846.0,
        "act_sale_amt": 36877.0,
        "discount_pct": 13.9
      },
      {
        "yyyymm": "202404",
        "tag_sale_amt": 41392.0,
        "act_sale_amt": 35969.0,
        "discount_pct": 13.1
      },
      {
        "yyyymm": "202405",
        "tag_sale_amt": 46962.0,
        "act_sale_amt": 40005.0,
        "discount_pct": 14.8
      },
      {
        "yyyymm": "202406",
        "tag_sale_amt": 35287.0,
        "act_sale_amt": 28394.0,
        "discount_pct": 19.5
      },
      {
        "yyyymm": "202407",
        "tag_sale_amt": 28369.0,
        "act_sale_amt": 23671.0,
        "discount_pct": 16.6
      },
      {
        "yyyymm": "202408",
        "tag_sale_amt": 40932.0,
        "act_sale_amt": 30916.0,
        "discount_pct": 24.5
      },
      {
        "yyyymm": "202409",
        "tag_sale_amt": 38756.0,
        "act_sale_amt": 29972.0,
        "discount_pct": 22.7
      },
      {
        "yyyymm": "202410",
        "tag_sale_amt": 55750.0,
        "act_sale_amt": 44304.0,
        "discount_pct": 20.5
      },
      {
        "yyyymm": "202411",
        "tag_sale_amt": 42980.0,
        "act_sale_amt": 34970.0,
        "discount_pct": 18.6
      },
      {
        "yyyymm": "202412",
        "tag_sale_amt": 50140.0,
        "act_sale_amt": 41457.0,
        "discount_pct": 17.3
      },
      {
        "yyyymm": "202501",
        "tag_sale_amt": 81246.0,
        "act_sale_amt": 66667.0,
        "discount_pct": 17.9
      },
      {
        "yyyymm": "202502",
        "tag_sale_amt": 25329.0,
        "act_sale_amt": 20261.0,
        "discount_pct": 20.0
      },
      {
        "yyyymm": "202503",
        "tag_sale_amt": 45167.0,
        "act_sale_amt": 33159.0,
        "discount_pct": 26.6
      },
      {
        "yyyymm": "202504",
        "tag_sale_amt": 40765.0,
        "act_sale_amt": 31702.0,
        "discount_pct": 22.2
      },
      {
        "yyyymm": "202505",
        "tag_sale_amt": 44135.0,
        "act_sale_amt": 35208.0,
        "discount_pct": 20.2
      },
      {
        "yyyymm": "202506",
        "tag_sale_amt": 29028.0,
        "act_sale_amt": 22754.0,
        "discount_pct": 21.6
      },
      {
        "yyyymm": "202507",
        "tag_sale_amt": 29067.0,
        "act_sale_amt": 22543.0,
        "discount_pct": 22.4
      },
      {
        "yyyymm": "202508",
        "tag_sale_amt": 40030.0,
        "act_sale_amt": 31192.0,
        "discount_pct": 22.1
      },
      {
        "yyyymm": "202509",
        "tag_sale_amt": 33989.0,
        "act_sale_amt": 25908.0,
        "discount_pct": 23.8
      }
    ],
    "channel_trends": {
      "(EC)대리상": {
        "202509": 11.5,
        "202508": 12.0,
        "202507": 15.7,
        "202506": 15.9,
        "202505": 12.1,
        "202504": 10.5,
        "202503": 10.6,
        "202502": 7.6,
        "202501": 9.4,
        "202412": 10.6,
        "202411": 9.7,
        "202410": 12.2,
        "202409": 9.0,
        "202408": 9.1,
        "202407": 10.0,
        "202406": 8.9,
        "202405": 9.0,
        "202404": 8.9,
        "202403": 8.3,
        "202402": 8.7,
        "202401": 9.2
      },
      "(EC)티몰": {
        "202509": 16.6,
        "202508": 14.9,
        "202507": 14.4,
        "202506": 20.9,
        "202505": 23.1,
        "202504": 17.9,
        "202503": 23.8,
        "202502": 20.7,
        "202501": 24.9,
        "202412": 20.2,
        "202411": 28.2,
        "202410": 29.6,
        "202409": 21.7,
        "202408": 16.4,
        "202407": 11.5,
        "202406": 17.2,
        "202405": 20.1,
        "202404": 7.8,
        "202403": 17.6,
        "202402": 14.8,
        "202401": 20.4
      },
      "(EC)틱톡/JD": {
        "202509": 21.9,
        "202508": 5.6,
        "202507": 32.8,
        "202506": 19.0,
        "202505": 21.0,
        "202504": 15.0,
        "202503": 22.4,
        "202502": 19.2,
        "202501": 22.4,
        "202412": 14.0,
        "202411": 20.3,
        "202410": 19.5,
        "202409": 19.6,
        "202408": 15.2,
        "202407": 9.0,
        "202406": 15.7,
        "202405": 20.0,
        "202404": 8.4
      },
      "(EC)할인몰": {
        "202509": 55.7,
        "202508": 60.0,
        "202507": 55.4,
        "202506": 55.7,
        "202505": 49.6,
        "202504": 49.5,
        "202503": 42.6,
        "202502": 42.1,
        "202501": 42.8,
        "202412": 46.8,
        "202411": 47.7,
        "202410": 49.4,
        "202409": 48.1,
        "202408": 40.5,
        "202407": 37.8,
        "202406": 40.2,
        "202405": 39.2,
        "202404": 38.9,
        "202403": 42.4,
        "202402": 35.7,
        "202401": 41.7
      },
      "(OFF)대리상": {
        "202509": 18.1,
        "202508": 15.2,
        "202507": 17.6,
        "202506": 16.9,
        "202505": 14.1,
        "202504": 17.0,
        "202503": 27.8,
        "202502": 19.3,
        "202501": 15.6,
        "202412": 13.8,
        "202411": 13.2,
        "202410": 14.0,
        "202409": 18.3,
        "202408": 15.8,
        "202407": 15.3,
        "202406": 19.0,
        "202405": 10.2,
        "202404": 8.5,
        "202403": 9.1,
        "202402": 10.1,
        "202401": 9.3
      },
      "(OFF)쇼핑몰": {
        "202509": 13.0,
        "202508": 13.3,
        "202507": 13.0,
        "202506": 14.8,
        "202505": 15.6,
        "202504": 14.3,
        "202503": 11.2,
        "202502": 11.6,
        "202501": 11.1,
        "202412": 14.8,
        "202411": 13.4,
        "202410": 13.8,
        "202409": 16.5,
        "202408": 14.3,
        "202407": 13.9,
        "202406": 12.4,
        "202405": 12.1,
        "202404": 11.6,
        "202403": 6.5,
        "202402": 8.1,
        "202401": 6.6
      },
      "(OFF)아울렛": {
        "202509": 47.7,
        "202508": 47.6,
        "202507": 48.6,
        "202506": 48.0,
        "202505": 45.0,
        "202504": 45.5,
        "202503": 36.6,
        "202502": 36.5,
        "202501": 34.8,
        "202412": 38.3,
        "202411": 39.3,
        "202410": 41.4,
        "202409": 47.6,
        "202408": 66.8,
        "202407": 36.3,
        "202406": 36.1,
        "202405": 36.4,
        "202404": 35.7,
        "202403": 35.9,
        "202402": 31.9,
        "202401": 32.0
      },
      "(OFF)플래그쉽": {
        "202509": 8.9,
        "202508": 6.4,
        "202507": 7.2,
        "202506": 7.6,
        "202505": 7.6,
        "202504": 8.7,
        "202503": 6.4,
        "202502": 5.2,
        "202501": 8.7,
        "202412": 10.1,
        "202411": 9.0,
        "202410": 12.1,
        "202409": 10.1,
        "202408": 4.7,
        "202407": 1.5,
        "202406": 4.5,
        "202405": 4.1,
        "202404": 5.8,
        "202403": 1.3,
        "202402": 1.6,
        "202401": 3.7
      }
    }
  },
  "raw_data": {
    "sample_records": [
      {
        "YYYYMM": "202509",
        "BRD_CD": "I",
        "CHNL_NM": "(EC)대리상",
        "TAG_SALE_AMT": 3580343.0,
        "ACT_SALE_AMT": 3168335.8,
        "DISCOUNT_PCT": 11.5
      },
      {
        "YYYYMM": "202509",
        "BRD_CD": "I",
        "CHNL_NM": "(EC)티몰",
        "TAG_SALE_AMT": 2721256.0,
        "ACT_SALE_AMT": 2268283.8,
        "DISCOUNT_PCT": 16.6
      },
      {
        "YYYYMM": "202509",
        "BRD_CD": "I",
        "CHNL_NM": "(EC)틱톡/JD",
        "TAG_SALE_AMT": 422703.0,
        "ACT_SALE_AMT": 330204.75,
        "DISCOUNT_PCT": 21.9
      },
      {
        "YYYYMM": "202509",
        "BRD_CD": "I",
        "CHNL_NM": "(EC)할인몰",
        "TAG_SALE_AMT": 2443933.0,
        "ACT_SALE_AMT": 1082778.34,
        "DISCOUNT_PCT": 55.7
      },
      {
        "YYYYMM": "202509",
        "BRD_CD": "I",
        "CHNL_NM": "(OFF)대리상",
        "TAG_SALE_AMT": 18451688.0,
        "ACT_SALE_AMT": 15111746.45,
        "DISCOUNT_PCT": 18.1
      },
      {
        "YYYYMM": "202509",
        "BRD_CD": "I",
        "CHNL_NM": "(OFF)쇼핑몰",
        "TAG_SALE_AMT": 1499000.0,
        "ACT_SALE_AMT": 1304147.0,
        "DISCOUNT_PCT": 13.0
      },
      {
        "YYYYMM": "202509",
        "BRD_CD": "I",
        "CHNL_NM": "(OFF)아울렛",
        "TAG_SALE_AMT": 4626582.0,
        "ACT_SALE_AMT": 2421308.0,
        "DISCOUNT_PCT": 47.7
      },
      {
        "YYYYMM": "202509",
        "BRD_CD": "I",
        "CHNL_NM": "(OFF)플래그쉽",
        "TAG_SALE_AMT": 243285.0,
        "ACT_SALE_AMT": 221590.0,
        "DISCOUNT_PCT": 8.9
      },
      {
        "YYYYMM": "202508",
        "BRD_CD": "I",
        "CHNL_NM": "(EC)대리상",
        "TAG_SALE_AMT": 3430164.0,
        "ACT_SALE_AMT": 3018775.2199999997,
        "DISCOUNT_PCT": 12.0
      },
      {
        "YYYYMM": "202508",
        "BRD_CD": "I",
        "CHNL_NM": "(EC)티몰",
        "TAG_SALE_AMT": 2188175.0,
        "ACT_SALE_AMT": 1861328.88,
        "DISCOUNT_PCT": 14.9
      },
      {
        "YYYYMM": "202508",
        "BRD_CD": "I",
        "CHNL_NM": "(EC)틱톡/JD",
        "TAG_SALE_AMT": 241561.0,
        "ACT_SALE_AMT": 227965.72999999998,
        "DISCOUNT_PCT": 5.6
      },
      {
        "YYYYMM": "202508",
        "BRD_CD": "I",
        "CHNL_NM": "(EC)할인몰",
        "TAG_SALE_AMT": 2647620.0,
        "ACT_SALE_AMT": 1059118.1197,
        "DISCOUNT_PCT": 60.0
      },
      {
        "YYYYMM": "202508",
        "BRD_CD": "I",
        "CHNL_NM": "(OFF)대리상",
        "TAG_SALE_AMT": 23521361.0,
        "ACT_SALE_AMT": 19952078.0579,
        "DISCOUNT_PCT": 15.2
      },
      {
        "YYYYMM": "202508",
        "BRD_CD": "I",
        "CHNL_NM": "(OFF)쇼핑몰",
        "TAG_SALE_AMT": 2028185.0,
        "ACT_SALE_AMT": 1757694.0,
        "DISCOUNT_PCT": 13.3
      },
      {
        "YYYYMM": "202508",
        "BRD_CD": "I",
        "CHNL_NM": "(OFF)아울렛",
        "TAG_SALE_AMT": 5522431.0,
        "ACT_SALE_AMT": 2894018.0,
        "DISCOUNT_PCT": 47.6
      },
      {
        "YYYYMM": "202508",
        "BRD_CD": "I",
        "CHNL_NM": "(OFF)플래그쉽",
        "TAG_SALE_AMT": 450201.0,
        "ACT_SALE_AMT": 421439.0,
        "DISCOUNT_PCT": 6.4
      },
      {
        "YYYYMM": "202507",
        "BRD_CD": "I",
        "CHNL_NM": "(EC)대리상",
        "TAG_SALE_AMT": 3882961.0,
        "ACT_SALE_AMT": 3274794.38,
        "DISCOUNT_PCT": 15.7
      },
      {
        "YYYYMM": "202507",
        "BRD_CD": "I",
        "CHNL_NM": "(EC)티몰",
        "TAG_SALE_AMT": 1208283.0,
        "ACT_SALE_AMT": 1034566.93,
        "DISCOUNT_PCT": 14.4
      },
      {
        "YYYYMM": "202507",
        "BRD_CD": "I",
        "CHNL_NM": "(EC)틱톡/JD",
        "TAG_SALE_AMT": 551007.0,
        "ACT_SALE_AMT": 370407.45,
        "DISCOUNT_PCT": 32.8
      },
      {
        "YYYYMM": "202507",
        "BRD_CD": "I",
        "CHNL_NM": "(EC)할인몰",
        "TAG_SALE_AMT": 1485595.0,
        "ACT_SALE_AMT": 662090.35,
        "DISCOUNT_PCT": 55.4
      },
      {
        "YYYYMM": "202507",
        "BRD_CD": "I",
        "CHNL_NM": "(OFF)대리상",
        "TAG_SALE_AMT": 17130419.0,
        "ACT_SALE_AMT": 14110294.46,
        "DISCOUNT_PCT": 17.6
      },
      {
        "YYYYMM": "202507",
        "BRD_CD": "I",
        "CHNL_NM": "(OFF)쇼핑몰",
        "TAG_SALE_AMT": 1333262.0,
        "ACT_SALE_AMT": 1160323.0,
        "DISCOUNT_PCT": 13.0
      },
      {
        "YYYYMM": "202507",
        "BRD_CD": "I",
        "CHNL_NM": "(OFF)아울렛",
        "TAG_SALE_AMT": 3124897.0,
        "ACT_SALE_AMT": 1605049.0,
        "DISCOUNT_PCT": 48.6
      },
      {
        "YYYYMM": "202507",
        "BRD_CD": "I",
        "CHNL_NM": "(OFF)플래그쉽",
        "TAG_SALE_AMT": 350204.0,
        "ACT_SALE_AMT": 325112.0,
        "DISCOUNT_PCT": 7.2
      },
      {
        "YYYYMM": "202506",
        "BRD_CD": "I",
        "CHNL_NM": "(EC)대리상",
        "TAG_SALE_AMT": 3767239.0,
        "ACT_SALE_AMT": 3166801.54,
        "DISCOUNT_PCT": 15.9
      },
      {
        "YYYYMM": "202506",
        "BRD_CD": "I",
        "CHNL_NM": "(EC)티몰",
        "TAG_SALE_AMT": 2175114.0,
        "ACT_SALE_AMT": 1720351.77,
        "DISCOUNT_PCT": 20.9
      },
      {
        "YYYYMM": "202506",
        "BRD_CD": "I",
        "CHNL_NM": "(EC)틱톡/JD",
        "TAG_SALE_AMT": 174966.0,
        "ACT_SALE_AMT": 141708.32,
        "DISCOUNT_PCT": 19.0
      },
      {
        "YYYYMM": "202506",
        "BRD_CD": "I",
        "CHNL_NM": "(EC)할인몰",
        "TAG_SALE_AMT": 1277908.0,
        "ACT_SALE_AMT": 566287.6,
        "DISCOUNT_PCT": 55.7
      },
      {
        "YYYYMM": "202506",
        "BRD_CD": "I",
        "CHNL_NM": "(OFF)대리상",
        "TAG_SALE_AMT": 17136131.0,
        "ACT_SALE_AMT": 14245671.93,
        "DISCOUNT_PCT": 16.9
      },
      {
        "YYYYMM": "202506",
        "BRD_CD": "I",
        "CHNL_NM": "(OFF)쇼핑몰",
        "TAG_SALE_AMT": 1354811.0,
        "ACT_SALE_AMT": 1154471.0,
        "DISCOUNT_PCT": 14.8
      },
      {
        "YYYYMM": "202506",
        "BRD_CD": "I",
        "CHNL_NM": "(OFF)아울렛",
        "TAG_SALE_AMT": 2832802.0,
        "ACT_SALE_AMT": 1473500.0,
        "DISCOUNT_PCT": 48.0
      },
      {
        "YYYYMM": "202506",
        "BRD_CD": "I",
        "CHNL_NM": "(OFF)플래그쉽",
        "TAG_SALE_AMT": 309030.0,
        "ACT_SALE_AMT": 285564.0,
        "DISCOUNT_PCT": 7.6
      },
      {
        "YYYYMM": "202505",
        "BRD_CD": "I",
        "CHNL_NM": "(EC)대리상",
        "TAG_SALE_AMT": 3514121.0,
        "ACT_SALE_AMT": 3087949.97,
        "DISCOUNT_PCT": 12.1
      },
      {
        "YYYYMM": "202505",
        "BRD_CD": "I",
        "CHNL_NM": "(EC)티몰",
        "TAG_SALE_AMT": 4724042.0,
        "ACT_SALE_AMT": 3633753.64,
        "DISCOUNT_PCT": 23.1
      },
      {
        "YYYYMM": "202505",
        "BRD_CD": "I",
        "CHNL_NM": "(EC)틱톡/JD",
        "TAG_SALE_AMT": 364598.0,
        "ACT_SALE_AMT": 287895.1,
        "DISCOUNT_PCT": 21.0
      },
      {
        "YYYYMM": "202505",
        "BRD_CD": "I",
        "CHNL_NM": "(EC)할인몰",
        "TAG_SALE_AMT": 1755301.0,
        "ACT_SALE_AMT": 884980.8,
        "DISCOUNT_PCT": 49.6
      },
      {
        "YYYYMM": "202505",
        "BRD_CD": "I",
        "CHNL_NM": "(OFF)대리상",
        "TAG_SALE_AMT": 25811726.0,
        "ACT_SALE_AMT": 22162221.07,
        "DISCOUNT_PCT": 14.1
      },
      {
        "YYYYMM": "202505",
        "BRD_CD": "I",
        "CHNL_NM": "(OFF)쇼핑몰",
        "TAG_SALE_AMT": 2060230.0,
        "ACT_SALE_AMT": 1739110.0,
        "DISCOUNT_PCT": 15.6
      },
      {
        "YYYYMM": "202505",
        "BRD_CD": "I",
        "CHNL_NM": "(OFF)아울렛",
        "TAG_SALE_AMT": 5471859.0,
        "ACT_SALE_AMT": 3011545.0,
        "DISCOUNT_PCT": 45.0
      },
      {
        "YYYYMM": "202505",
        "BRD_CD": "I",
        "CHNL_NM": "(OFF)플래그쉽",
        "TAG_SALE_AMT": 432840.0,
        "ACT_SALE_AMT": 400085.0,
        "DISCOUNT_PCT": 7.6
      },
      {
        "YYYYMM": "202504",
        "BRD_CD": "I",
        "CHNL_NM": "(EC)대리상",
        "TAG_SALE_AMT": 3063354.0,
        "ACT_SALE_AMT": 2743099.85,
        "DISCOUNT_PCT": 10.5
      },
      {
        "YYYYMM": "202504",
        "BRD_CD": "I",
        "CHNL_NM": "(EC)티몰",
        "TAG_SALE_AMT": 2996796.0,
        "ACT_SALE_AMT": 2459571.3,
        "DISCOUNT_PCT": 17.9
      },
      {
        "YYYYMM": "202504",
        "BRD_CD": "I",
        "CHNL_NM": "(EC)틱톡/JD",
        "TAG_SALE_AMT": 450171.0,
        "ACT_SALE_AMT": 382468.89,
        "DISCOUNT_PCT": 15.0
      },
      {
        "YYYYMM": "202504",
        "BRD_CD": "I",
        "CHNL_NM": "(EC)할인몰",
        "TAG_SALE_AMT": 2464918.0,
        "ACT_SALE_AMT": 1243605.35,
        "DISCOUNT_PCT": 49.5
      },
      {
        "YYYYMM": "202504",
        "BRD_CD": "I",
        "CHNL_NM": "(OFF)대리상",
        "TAG_SALE_AMT": 23925582.0,
        "ACT_SALE_AMT": 19856948.21,
        "DISCOUNT_PCT": 17.0
      },
      {
        "YYYYMM": "202504",
        "BRD_CD": "I",
        "CHNL_NM": "(OFF)쇼핑몰",
        "TAG_SALE_AMT": 1833050.0,
        "ACT_SALE_AMT": 1571685.0,
        "DISCOUNT_PCT": 14.3
      },
      {
        "YYYYMM": "202504",
        "BRD_CD": "I",
        "CHNL_NM": "(OFF)아울렛",
        "TAG_SALE_AMT": 5608846.0,
        "ACT_SALE_AMT": 3059497.0,
        "DISCOUNT_PCT": 45.5
      },
      {
        "YYYYMM": "202504",
        "BRD_CD": "I",
        "CHNL_NM": "(OFF)플래그쉽",
        "TAG_SALE_AMT": 422279.0,
        "ACT_SALE_AMT": 385616.0,
        "DISCOUNT_PCT": 8.7
      },
      {
        "YYYYMM": "202503",
        "BRD_CD": "I",
        "CHNL_NM": "(EC)대리상",
        "TAG_SALE_AMT": 3654951.0,
        "ACT_SALE_AMT": 3267538.24,
        "DISCOUNT_PCT": 10.6
      },
      {
        "YYYYMM": "202503",
        "BRD_CD": "I",
        "CHNL_NM": "(EC)티몰",
        "TAG_SALE_AMT": 4269067.0,
        "ACT_SALE_AMT": 3254038.68,
        "DISCOUNT_PCT": 23.8
      }
    ],
    "total_records_count": 165
  }
}