{
  "country": "CN",
  "brand_cd": "M",
  "brand_name": "MLB",
  "yyyymm": "202509",
  "yyyymm_py": "202409",
  "key": "영업비",
  "sub_key": "종합분석",
  "analysis_data": {
    "title": "영업비 종합분석",
    "sections": [
      {
        "div": "종합분석-1",
        "sub_title": "전년/당해 동월 비교 (202409 VS 202509)",
        "ai_text": "**202409 VS 202509 영업비 계정별 비교 분석**\n\n• **광고비(ad_cst_oprt)**: 15,587k → 24,676k (+58.3%) 증가\n  - 9,089k 절대 증가로 가장 큰 폭 상승\n  - 매출액 대비 비중: 2.6% → 4.3%로 1.7%p 상승\n  - 브랜드 마케팅 투자 확대가 주요 원인으로 추정\n\n• **인건비(slry_csy_oprt)**: 6,658k → 6,513k (-2.2%) 소폭 감소\n  - 145k 절대 감소, 인력 운영 효율화 효과\n\n• **복리후생비(emp_bnft_cst_oprt)**: 2,335k → 2,323k (-0.5%) 유지\n  - 거의 동일 수준으로 안정적 관리\n\n• **지급수수료(pmt_cms_oprt)**: 1,372k → 1,084k (-21.0%) 감소\n  - 288k 절대 감소, 수수료 협상 개선 효과\n\n• **임차료(shop_rnt_oprt)**: 1,546k → 1,909k (+23.5%) 증가\n  - 363k 절대 증가, 매장 확장 또는 임대료 인상 영향\n\n• **수주회비(evnt_cst_oprt)**: 0k → 299k (신규 발생)\n  - 당해 9월 이벤트 비용 발생\n\n• **세금과공과(tax_cst_oprt)**: 1,557k → 376k (-75.9%) 대폭 감소\n  - 1,181k 절대 감소, 세무 효율화 또는 일시적 요인\n\n**총 영업비**: 29,897k → 37,974k (+27.0%) 증가\n**매출액 대비 영업비율**: 5.1% → 6.6%로 1.5%p 악화\n\n**⚠️ 주요 리스크**: 광고비 급증으로 인한 수익성 압박\n**💡 기회**: 지급수수료 및 세금과공과 절감 성과"
      },
      {
        "div": "종합분석-2",
        "sub_title": "누적 YTD 비교 (전년 누적 VS 당해 누적)",
        "ai_text": "**전년 누적(202401~202409) VS 당해 누적(202501~202509) 영업비 비교**\n\n• **광고비(ad_cst_oprt)**: 93,698k → 112,551k (+20.1%) 증가\n  - 18,853k 절대 증가, 지속적인 마케팅 투자 확대\n  - 누적 매출액 대비 비중: 2.6% → 2.9%로 0.3%p 상승\n\n• **인건비(slry_csy_oprt)**: 61,450k → 61,726k (+0.4%) 미미한 증가\n  - 276k 절대 증가, 인건비 안정적 관리\n\n• **복리후생비(emp_bnft_cst_oprt)**: 19,703k → 21,598k (+9.6%) 증가\n  - 1,895k 절대 증가, 직원 복지 투자 확대\n\n• **지급수수료(pmt_cms_oprt)**: 10,327k → 15,415k (+49.3%) 대폭 증가\n  - 5,088k 절대 증가, 가장 큰 증가율 기록\n  - 온라인 채널 확대에 따른 수수료 증가 추정\n\n• **임차료(shop_rnt_oprt)**: 13,497k → 15,138k (+12.2%) 증가\n  - 1,641k 절대 증가, 매장 운영 확대\n\n• **수주회비(evnt_cst_oprt)**: 8,661k → 11,968k (+38.2%) 증가\n  - 3,307k 절대 증가, 이벤트 마케팅 활성화\n\n• **세금과공과(tax_cst_oprt)**: 9,859k → 6,061k (-38.5%) 감소\n  - 3,798k 절대 감소, 세무 최적화 효과\n\n**총 영업비**: 225,988k → 250,295k (+10.7%) 증가\n**누적 매출액 대비 영업비율**: 6.2% → 6.5%로 0.3%p 악화\n\n**핵심 이슈**: 지급수수료 49.3% 급증이 주요 비용 압박 요인\n**긍정 요소**: 세금과공과 38.5% 절감으로 일부 상쇄"
      },
      {
        "div": "종합분석-3",
        "sub_title": "1년 추세 분석 (2024년 1월 ~ 2025년 9월, 202401~202509)",
        "ai_text": "**2024년 1월 ~ 2025년 9월 월별 영업비 추세 분석**\n\n• **계절성 패턴 분석**:\n  - 광고비: 1월(22,569k), 8-9월(15,000k~24,676k) 집중 투자\n  - 수주회비: 6월(8,658k), 1월(5,787k), 7월(5,811k) 계절적 집중\n  - 전반적으로 상반기 마케팅 집중, 하반기 운영비 증가 패턴\n\n• **2024년 vs 2025년 동월 비교**:\n  - 2024년 1월: 39,948k vs 2025년 1월: 40,460k (+1.3%)\n  - 2024년 2월: 24,007k vs 2025년 2월: 26,124k (+8.8%)\n  - 2024년 3월: 18,075k vs 2025년 3월: 21,496k (+18.9%)\n  - 2024년 9월: 29,897k vs 2025년 9월: 37,974k (+27.0%)\n  - **월별 증가율 가속화 트렌드 확인**\n\n• **특이사항 및 이상징후**:\n  - 2025년 3월 인건비 급감(2,235k): 일시적 조정 또는 데이터 이슈 검토 필요\n  - 2025년 8월 광고비 급증(18,050k): 시즌 마케팅 캠페인 집중\n  - 지급수수료 2025년 5월 최고점(2,978k): 온라인 프로모션 영향\n\n• **비용 구조 변화**:\n  - 광고비 비중 지속 확대: 평균 8,000k~12,000k → 15,000k~25,000k\n  - 임차료 안정화: 월 1,500k~1,900k 범위 유지\n  - 세금과공과 변동성 확대: 월별 편차 증가\n\n**트렌드 요약**: 마케팅 투자 확대 기조, 운영비 안정화, 디지털 채널 수수료 증가"
      },
      {
        "div": "종합분석-4",
        "sub_title": "법인 전체 대비 브랜드 비중 분석 (MLB vs 법인 전체)",
        "ai_text": "**MLB 브랜드의 법인 전체(MLB + MLB KIDS + DISCOVERY + DUVETICA + SERGIO TACCHINI + SUPRA) 대비 영업비 비중 분석**\n\n• **당해당월(202509) 영업비 비중**:\n  - **총 영업비**: 37,974k / 51,990k = 73.0%\n  - MLB가 법인 전체 영업비의 3/4 차지하는 핵심 브랜드\n\n• **계정별 비중 분석**:\n  - **임차료(100.0%)**: 37,974k 중 1,909k 전액 MLB 부담\n  - **세금과공과(100.0%)**: 376k 전액 MLB\n  - **지급수수료(99.0%)**: 1,084k / 1,095k, 거의 전액 MLB\n  - **감가상각비(98.2%)**: 446k / 454k\n  - **복리후생비(81.6%)**: 2,323k / 2,846k\n  - **인건비(79.0%)**: 6,513k / 8,249k\n  - **광고비(68.2%)**: 24,676k / 36,169k\n  - **기타비용(64.1%)**: 347k / 541k\n\n• **당해 누적(202501~202509) 영업비 비중**:\n  - **총 영업비**: 250,295k / 313,244k = 79.9%\n  - 당월 대비 6.9%p 높은 비중, MLB의 지배적 위치 확인\n\n• **브랜드 포트폴리오 관점**:\n  - MLB: 핵심 수익 브랜드로 영업비 투자 집중\n  - 기타 브랜드들: 상대적으로 낮은 영업비 비중\n  - 임차료, 세금과공과 100% 부담은 MLB 중심 운영구조 반영\n\n• **전략적 의미**:\n  - MLB 브랜드의 성과가 전사 수익성에 직결\n  - 다른 브랜드들의 영업비 효율성 개선 여지 존재\n  - 포트폴리오 다각화를 통한 리스크 분산 필요성"
      },
      {
        "div": "종합분석-5",
        "sub_title": "전략적 시사점",
        "ai_text": "**단기 전략 방향 (향후 3개월)**\n\n• **비용 최적화 실행**:\n  - 광고비 ROI 모니터링 강화: 월 24,676k 투자 대비 매출 기여도 분석\n  - 지급수수료 협상 재개: 전년 동월 대비 21% 절감 성과 확대 적용\n  - 수주회비 299k 효과 측정 후 향후 이벤트 투자 방향 결정\n\n• **수익성 개선 액션**:\n  - 매출액 대비 영업비율 6.6% → 5.5% 목표 설정\n  - 임차료 증가(23.5%) 원인 분석 및 임대 조건 재협상\n  - 세금과공과 절감 노하우를 타 계정에 적용\n\n**중장기 전략 방향 (향후 1년)**\n\n• **브랜드 포트폴리오 최적화**:\n  - MLB 73% 집중도 → 65% 수준으로 조정하여 리스크 분산\n  - 기타 브랜드들의 영업비 효율성 제고를 통한 성장 동력 확보\n  - 브랜드별 영업비 배분 기준 재설정\n\n• **디지털 전환 가속화**:\n  - 지급수수료 49.3% 증가를 성장 투자로 전환\n  - 온라인 채널 수익성 개선을 통한 수수료 부담 상쇄\n  - 디지털 마케팅 ROI 향상으로 광고비 효율성 제고\n\n• **운영 효율화 로드맵**:\n  - 인건비 안정화 기조 유지하면서 생산성 향상\n  - 임차료 구조 개선: 매장 효율성 분석 기반 포트폴리오 조정\n  - 영업비 월별 변동성 최소화를 통한 예측 가능성 향상\n\n**핵심 KPI 설정**:\n- 매출액 대비 영업비율: 6.6% → 5.5%\n- 광고비 ROI: 현재 수준 대비 20% 개선\n- 브랜드별 영업비 효율성: 기타 브랜드 기여도 25% → 35%"
      }
    ]
  },
  "summary": {
    "current_month_expense": 37974.0,
    "previous_month_expense": 29898.0,
    "current_ytd_expense": 250295.0,
    "previous_ytd_expense": 225988.0,
    "total_records": 186,
    "analysis_period_month": "2024년 9월 VS 2025년 9월",
    "analysis_period_ytd": "2024년 1월~2024년 9월 VS 2025년 1월~2025년 9월",
    "trend_period": "2024년 1월 ~ 2025년 9월 (202401~202509)"
  },
  "month_comparison": {
    "previous_month": {
      "ad_cst_oprt": 15587.0,
      "slry_csy_oprt": 6658.0,
      "emp_bnft_cst_oprt": 2335.0,
      "pmt_cms_oprt": 1372.0,
      "shop_rnt_oprt": 1546.0,
      "evnt_cst_oprt": 0.0,
      "tax_cst_oprt": 1557.0,
      "deprc_cst_oprt": 506.0,
      "etc_cst_oprt": 336.0,
      "sale_amt": 588999.0,
      "sale_amt_vat": 476613.0
    },
    "current_month": {
      "ad_cst_oprt": 24676.0,
      "slry_csy_oprt": 6513.0,
      "emp_bnft_cst_oprt": 2323.0,
      "pmt_cms_oprt": 1084.0,
      "shop_rnt_oprt": 1909.0,
      "evnt_cst_oprt": 299.0,
      "tax_cst_oprt": 376.0,
      "deprc_cst_oprt": 446.0,
      "etc_cst_oprt": 347.0,
      "sale_amt": 575123.0,
      "sale_amt_vat": 488165.0
    }
  },
  "ytd_comparison": {
    "previous_ytd": {
      "ad_cst_oprt": 93698.0,
      "slry_csy_oprt": 61450.0,
      "emp_bnft_cst_oprt": 19703.0,
      "pmt_cms_oprt": 10327.0,
      "shop_rnt_oprt": 13497.0,
      "evnt_cst_oprt": 8661.0,
      "tax_cst_oprt": 9859.0,
      "deprc_cst_oprt": 4402.0,
      "etc_cst_oprt": 4391.0,
      "sale_amt": 3667269.0,
      "sale_amt_vat": 4856679.0
    },
    "current_ytd": {
      "ad_cst_oprt": 112551.0,
      "slry_csy_oprt": 61726.0,
      "emp_bnft_cst_oprt": 21598.0,
      "pmt_cms_oprt": 15415.0,
      "shop_rnt_oprt": 15138.0,
      "evnt_cst_oprt": 11968.0,
      "tax_cst_oprt": 6061.0,
      "deprc_cst_oprt": 3432.0,
      "etc_cst_oprt": 2405.0,
      "sale_amt": 3862452.0,
      "sale_amt_vat": 5068061.0
    }
  },
  "trend_by_month": {
    "202401": {
      "ad_cst_oprt": 22569.0,
      "slry_csy_oprt": 6241.0,
      "emp_bnft_cst_oprt": 3507.0,
      "pmt_cms_oprt": 1034.0,
      "shop_rnt_oprt": 1254.0,
      "evnt_cst_oprt": 0.0,
      "tax_cst_oprt": 3155.0,
      "deprc_cst_oprt": 494.0,
      "etc_cst_oprt": 1694.0,
      "sale_amt": 671766.0,
      "sale_amt_vat": 640175.0
    },
    "202402": {
      "ad_cst_oprt": 8098.0,
      "slry_csy_oprt": 9718.0,
      "emp_bnft_cst_oprt": 2130.0,
      "pmt_cms_oprt": 1397.0,
      "shop_rnt_oprt": 1528.0,
      "evnt_cst_oprt": 211.0,
      "tax_cst_oprt": 177.0,
      "deprc_cst_oprt": 491.0,
      "etc_cst_oprt": 257.0,
      "sale_amt": 259034.0,
      "sale_amt_vat": 666628.0
    },
    "202403": {
      "ad_cst_oprt": 7502.0,
      "slry_csy_oprt": 5020.0,
      "emp_bnft_cst_oprt": 1925.0,
      "pmt_cms_oprt": 1040.0,
      "shop_rnt_oprt": 1528.0,
      "evnt_cst_oprt": 0.0,
      "tax_cst_oprt": 221.0,
      "deprc_cst_oprt": 491.0,
      "etc_cst_oprt": 348.0,
      "sale_amt": 394537.0,
      "sale_amt_vat": 556519.0
    },
    "202404": {
      "ad_cst_oprt": 9656.0,
      "slry_csy_oprt": 6605.0,
      "emp_bnft_cst_oprt": 1711.0,
      "pmt_cms_oprt": 1434.0,
      "shop_rnt_oprt": 1524.0,
      "evnt_cst_oprt": 0.0,
      "tax_cst_oprt": 166.0,
      "deprc_cst_oprt": 478.0,
      "etc_cst_oprt": 408.0,
      "sale_amt": 383297.0,
      "sale_amt_vat": 554257.0
    },
    "202405": {
      "ad_cst_oprt": 5177.0,
      "slry_csy_oprt": 6849.0,
      "emp_bnft_cst_oprt": 1963.0,
      "pmt_cms_oprt": 1142.0,
      "shop_rnt_oprt": 1526.0,
      "evnt_cst_oprt": 0.0,
      "tax_cst_oprt": 1956.0,
      "deprc_cst_oprt": 488.0,
      "etc_cst_oprt": 182.0,
      "sale_amt": 265539.0,
      "sale_amt_vat": 572526.0
    },
    "202406": {
      "ad_cst_oprt": 3002.0,
      "slry_csy_oprt": 6984.0,
      "emp_bnft_cst_oprt": 2107.0,
      "pmt_cms_oprt": 1277.0,
      "shop_rnt_oprt": 1526.0,
      "evnt_cst_oprt": 8658.0,
      "tax_cst_oprt": 1453.0,
      "deprc_cst_oprt": 476.0,
      "etc_cst_oprt": 624.0,
      "sale_amt": 230175.0,
      "sale_amt_vat": 489726.0
    },
    "202407": {
      "ad_cst_oprt": 4059.0,
      "slry_csy_oprt": 6647.0,
      "emp_bnft_cst_oprt": 1856.0,
      "pmt_cms_oprt": 896.0,
      "shop_rnt_oprt": 1526.0,
      "evnt_cst_oprt": 0.0,
      "tax_cst_oprt": 886.0,
      "deprc_cst_oprt": 476.0,
      "etc_cst_oprt": 299.0,
      "sale_amt": 328288.0,
      "sale_amt_vat": 430538.0
    },
    "202408": {
      "ad_cst_oprt": 18050.0,
      "slry_csy_oprt": 6728.0,
      "emp_bnft_cst_oprt": 2169.0,
      "pmt_cms_oprt": 736.0,
      "shop_rnt_oprt": 1539.0,
      "evnt_cst_oprt": -208.0,
      "tax_cst_oprt": 288.0,
      "deprc_cst_oprt": 502.0,
      "etc_cst_oprt": 243.0,
      "sale_amt": 545633.0,
      "sale_amt_vat": 469696.0
    },
    "202409": {
      "ad_cst_oprt": 15587.0,
      "slry_csy_oprt": 6658.0,
      "emp_bnft_cst_oprt": 2335.0,
      "pmt_cms_oprt": 1372.0,
      "shop_rnt_oprt": 1546.0,
      "evnt_cst_oprt": 0.0,
      "tax_cst_oprt": 1557.0,
      "deprc_cst_oprt": 506.0,
      "etc_cst_oprt": 336.0,
      "sale_amt": 588999.0,
      "sale_amt_vat": 476613.0
    },
    "202410": {
      "ad_cst_oprt": 12843.0,
      "slry_csy_oprt": 6760.0,
      "emp_bnft_cst_oprt": 2242.0,
      "pmt_cms_oprt": 1525.0,
      "shop_rnt_oprt": 1656.0,
      "evnt_cst_oprt": 0.0,
      "tax_cst_oprt": 299.0,
      "deprc_cst_oprt": 511.0,
      "etc_cst_oprt": 349.0,
      "sale_amt": 469366.0,
      "sale_amt_vat": 717644.0
    },
    "202411": {
      "ad_cst_oprt": 11209.0,
      "slry_csy_oprt": 6628.0,
      "emp_bnft_cst_oprt": 2254.0,
      "pmt_cms_oprt": 530.0,
      "shop_rnt_oprt": 1606.0,
      "evnt_cst_oprt": 0.0,
      "tax_cst_oprt": 332.0,
      "deprc_cst_oprt": 511.0,
      "etc_cst_oprt": 767.0,
      "sale_amt": 322527.0,
      "sale_amt_vat": 692810.0
    },
    "202412": {
      "ad_cst_oprt": 9274.0,
      "slry_csy_oprt": 6506.0,
      "emp_bnft_cst_oprt": 2841.0,
      "pmt_cms_oprt": 1691.0,
      "shop_rnt_oprt": 1675.0,
      "evnt_cst_oprt": 0.0,
      "tax_cst_oprt": 2609.0,
      "deprc_cst_oprt": 347.0,
      "etc_cst_oprt": 437.0,
      "sale_amt": 409136.0,
      "sale_amt_vat": 719210.0
    },
    "202501": {
      "ad_cst_oprt": 14248.0,
      "slry_csy_oprt": 11741.0,
      "emp_bnft_cst_oprt": 3982.0,
      "pmt_cms_oprt": 1123.0,
      "shop_rnt_oprt": 1675.0,
      "evnt_cst_oprt": 5787.0,
      "tax_cst_oprt": 1322.0,
      "deprc_cst_oprt": 348.0,
      "etc_cst_oprt": 234.0,
      "sale_amt": 549448.0,
      "sale_amt_vat": 918471.0
    },
    "202502": {
      "ad_cst_oprt": 11936.0,
      "slry_csy_oprt": 6605.0,
      "emp_bnft_cst_oprt": 2477.0,
      "pmt_cms_oprt": 1276.0,
      "shop_rnt_oprt": 1678.0,
      "evnt_cst_oprt": 0.0,
      "tax_cst_oprt": 1577.0,
      "deprc_cst_oprt": 350.0,
      "etc_cst_oprt": 225.0,
      "sale_amt": 398424.0,
      "sale_amt_vat": 449152.0
    },
    "202503": {
      "ad_cst_oprt": 12296.0,
      "slry_csy_oprt": 2235.0,
      "emp_bnft_cst_oprt": 1989.0,
      "pmt_cms_oprt": 2397.0,
      "shop_rnt_oprt": 1676.0,
      "evnt_cst_oprt": 71.0,
      "tax_cst_oprt": 217.0,
      "deprc_cst_oprt": 357.0,
      "etc_cst_oprt": 257.0,
      "sale_amt": 458020.0,
      "sale_amt_vat": 570034.0
    },
    "202504": {
      "ad_cst_oprt": 8443.0,
      "slry_csy_oprt": 7193.0,
      "emp_bnft_cst_oprt": 2158.0,
      "pmt_cms_oprt": 1704.0,
      "shop_rnt_oprt": 1522.0,
      "evnt_cst_oprt": 0.0,
      "tax_cst_oprt": 170.0,
      "deprc_cst_oprt": 359.0,
      "etc_cst_oprt": 318.0,
      "sale_amt": 330937.0,
      "sale_amt_vat": 555173.0
    },
    "202505": {
      "ad_cst_oprt": 9836.0,
      "slry_csy_oprt": 6695.0,
      "emp_bnft_cst_oprt": 2317.0,
      "pmt_cms_oprt": 2978.0,
      "shop_rnt_oprt": 1426.0,
      "evnt_cst_oprt": 0.0,
      "tax_cst_oprt": 1026.0,
      "deprc_cst_oprt": 330.0,
      "etc_cst_oprt": 263.0,
      "sale_amt": 280695.0,
      "sale_amt_vat": 616285.0
    },
    "202506": {
      "ad_cst_oprt": 8221.0,
      "slry_csy_oprt": 6751.0,
      "emp_bnft_cst_oprt": 1766.0,
      "pmt_cms_oprt": 1308.0,
      "shop_rnt_oprt": 1435.0,
      "evnt_cst_oprt": 0.0,
      "tax_cst_oprt": 196.0,
      "deprc_cst_oprt": 340.0,
      "etc_cst_oprt": 233.0,
      "sale_amt": 289073.0,
      "sale_amt_vat": 488588.0
    },
    "202507": {
      "ad_cst_oprt": 7798.0,
      "slry_csy_oprt": 6847.0,
      "emp_bnft_cst_oprt": 2207.0,
      "pmt_cms_oprt": 1918.0,
      "shop_rnt_oprt": 1900.0,
      "evnt_cst_oprt": 5811.0,
      "tax_cst_oprt": 774.0,
      "deprc_cst_oprt": 444.0,
      "etc_cst_oprt": 325.0,
      "sale_amt": 378462.0,
      "sale_amt_vat": 461462.0
    },
    "202508": {
      "ad_cst_oprt": 15096.0,
      "slry_csy_oprt": 7147.0,
      "emp_bnft_cst_oprt": 2378.0,
      "pmt_cms_oprt": 1627.0,
      "shop_rnt_oprt": 1917.0,
      "evnt_cst_oprt": 0.0,
      "tax_cst_oprt": 402.0,
      "deprc_cst_oprt": 459.0,
      "etc_cst_oprt": 203.0,
      "sale_amt": 602270.0,
      "sale_amt_vat": 520730.0
    },
    "202509": {
      "ad_cst_oprt": 24676.0,
      "slry_csy_oprt": 6513.0,
      "emp_bnft_cst_oprt": 2323.0,
      "pmt_cms_oprt": 1084.0,
      "shop_rnt_oprt": 1909.0,
      "evnt_cst_oprt": 299.0,
      "tax_cst_oprt": 376.0,
      "deprc_cst_oprt": 446.0,
      "etc_cst_oprt": 347.0,
      "sale_amt": 575123.0,
      "sale_amt_vat": 488165.0
    }
  },
  "brand_vs_all_brands": {
    "current_month": {
      "brand_total": 37974.0,
      "all_brands_total": 51990.0,
      "ratio": 73.0,
      "by_account": {
        "ad_cst_oprt": {
          "brand": 24676.0,
          "all_brands": 36169.0,
          "ratio": 68.2
        },
        "slry_csy_oprt": {
          "brand": 6513.0,
          "all_brands": 8249.0,
          "ratio": 79.0
        },
        "emp_bnft_cst_oprt": {
          "brand": 2323.0,
          "all_brands": 2846.0,
          "ratio": 81.6
        },
        "pmt_cms_oprt": {
          "brand": 1084.0,
          "all_brands": 1095.0,
          "ratio": 99.0
        },
        "shop_rnt_oprt": {
          "brand": 1909.0,
          "all_brands": 1909.0,
          "ratio": 100.0
        },
        "evnt_cst_oprt": {
          "brand": 299.0,
          "all_brands": 351.0,
          "ratio": 85.1
        },
        "tax_cst_oprt": {
          "brand": 376.0,
          "all_brands": 376.0,
          "ratio": 100.0
        },
        "deprc_cst_oprt": {
          "brand": 446.0,
          "all_brands": 454.0,
          "ratio": 98.2
        },
        "etc_cst_oprt": {
          "brand": 347.0,
          "all_brands": 541.0,
          "ratio": 64.1
        }
      }
    },
    "current_ytd": {
      "brand_total": 250295.0,
      "all_brands_total": 313244.0,
      "ratio": 79.9
    }
  },
  "all_brands_summary": {
    "current_month": {
      "ad_cst_oprt": 36169.0,
      "slry_csy_oprt": 8249.0,
      "emp_bnft_cst_oprt": 2846.0,
      "pmt_cms_oprt": 1095.0,
      "shop_rnt_oprt": 1909.0,
      "evnt_cst_oprt": 351.0,
      "tax_cst_oprt": 376.0,
      "deprc_cst_oprt": 454.0,
      "etc_cst_oprt": 541.0,
      "sale_amt": 611832.0,
      "sale_amt_vat": 516171.0
    },
    "previous_month": {
      "ad_cst_oprt": 20159.0,
      "slry_csy_oprt": 7779.0,
      "emp_bnft_cst_oprt": 2688.0,
      "pmt_cms_oprt": 1378.0,
      "shop_rnt_oprt": 1546.0,
      "evnt_cst_oprt": 979.0,
      "tax_cst_oprt": 1557.0,
      "deprc_cst_oprt": 512.0,
      "etc_cst_oprt": 354.0,
      "sale_amt": 621496.0,
      "sale_amt_vat": 503278.0
    },
    "current_ytd": {
      "ad_cst_oprt": 151548.0,
      "slry_csy_oprt": 77412.0,
      "emp_bnft_cst_oprt": 25801.0,
      "pmt_cms_oprt": 17301.0,
      "shop_rnt_oprt": 15138.0,
      "evnt_cst_oprt": 13167.0,
      "tax_cst_oprt": 6061.0,
      "deprc_cst_oprt": 3470.0,
      "etc_cst_oprt": 3346.0,
      "sale_amt": 4079900.0,
      "sale_amt_vat": 5351000.0
    },
    "previous_ytd": {
      "ad_cst_oprt": 112570.0,
      "slry_csy_oprt": 72766.0,
      "emp_bnft_cst_oprt": 22864.0,
      "pmt_cms_oprt": 11345.0,
      "shop_rnt_oprt": 13497.0,
      "evnt_cst_oprt": 10536.0,
      "tax_cst_oprt": 9859.0,
      "deprc_cst_oprt": 4458.0,
      "etc_cst_oprt": 4699.0,
      "sale_amt": 3878256.0,
      "sale_amt_vat": 5146453.0
    }
  },
  "raw_data": {
    "sample_records": [
      {
        "PST_YYYYMM": "202504",
        "BRD_CD": "M",
        "MGMT_CHNL_NM": "(OFF)아울렛",
        "SALE_AMT": 21814303.0,
        "SALE_AMT_VAT": 19304692.920353986,
        "AD_CST_OPRT": 532388.47,
        "SLRY_CSY_OPRT": 702065.79,
        "EMP_BNFT_CST_OPRT": 217813.6,
        "PMT_CMS_OPRT": 91851.11,
        "SHOP_RNT_OPRT": 104556.76,
        "EVNT_CST_OPRT": 0.0,
        "TAX_CST_OPRT": 10739.74,
        "DEPRC_CST_OPRT": 23694.57,
        "ETC_CST_OPRT": 37550.65
      },
      {
        "PST_YYYYMM": "202408",
        "BRD_CD": "M",
        "MGMT_CHNL_NM": "(OFF)대리상",
        "SALE_AMT": 419510865.32,
        "SALE_AMT_VAT": 356827933.69911504,
        "AD_CST_OPRT": 13922092.76,
        "SLRY_CSY_OPRT": 4291627.06,
        "EMP_BNFT_CST_OPRT": 1365153.61,
        "PMT_CMS_OPRT": 540812.32,
        "SHOP_RNT_OPRT": 918293.96,
        "EVNT_CST_OPRT": -160050.28,
        "TAX_CST_OPRT": 221925.75,
        "DEPRC_CST_OPRT": 339133.74,
        "ETC_CST_OPRT": 165609.15
      },
      {
        "PST_YYYYMM": "202408",
        "BRD_CD": "M",
        "MGMT_CHNL_NM": "(EC)할인몰",
        "SALE_AMT": 4799137.53,
        "SALE_AMT_VAT": 4247024.362831859,
        "AD_CST_OPRT": 131626.21,
        "SLRY_CSY_OPRT": 65079.42,
        "EMP_BNFT_CST_OPRT": 21221.09,
        "PMT_CMS_OPRT": 6536.16,
        "SHOP_RNT_OPRT": 23014.04,
        "EVNT_CST_OPRT": -1513.2,
        "TAX_CST_OPRT": 2098.0,
        "DEPRC_CST_OPRT": 5739.29,
        "ETC_CST_OPRT": 2105.52
      },
      {
        "PST_YYYYMM": "202408",
        "BRD_CD": "M",
        "MGMT_CHNL_NM": "(OFF)아울렛",
        "SALE_AMT": 18248524.02,
        "SALE_AMT_VAT": 16149136.300884956,
        "AD_CST_OPRT": 575802.71,
        "SLRY_CSY_OPRT": 353516.59,
        "EMP_BNFT_CST_OPRT": 115264.7,
        "PMT_CMS_OPRT": 22361.86,
        "SHOP_RNT_OPRT": 37980.64,
        "EVNT_CST_OPRT": -6618.52,
        "TAX_CST_OPRT": 9178.4,
        "DEPRC_CST_OPRT": 14234.45,
        "ETC_CST_OPRT": 15550.82
      },
      {
        "PST_YYYYMM": "202406",
        "BRD_CD": "M",
        "MGMT_CHNL_NM": "(OFF)아울렛",
        "SALE_AMT": 18221232.0,
        "SALE_AMT_VAT": 16124984.070796462,
        "AD_CST_OPRT": 213429.36,
        "SLRY_CSY_OPRT": 511883.15,
        "EMP_BNFT_CST_OPRT": 154898.91,
        "PMT_CMS_OPRT": 91092.06,
        "SHOP_RNT_OPRT": 100248.77,
        "EVNT_CST_OPRT": 615555.04,
        "TAX_CST_OPRT": 103336.33,
        "DEPRC_CST_OPRT": 32650.14,
        "ETC_CST_OPRT": 40873.74
      },
      {
        "PST_YYYYMM": "202407",
        "BRD_CD": "M",
        "MGMT_CHNL_NM": "(EC)대리상",
        "SALE_AMT": 49837819.44,
        "SALE_AMT_VAT": 53648462.6840708,
        "AD_CST_OPRT": 621811.09,
        "SLRY_CSY_OPRT": 1283664.93,
        "EMP_BNFT_CST_OPRT": 335462.72,
        "PMT_CMS_OPRT": 152091.28,
        "SHOP_RNT_OPRT": 358825.98,
        "EVNT_CST_OPRT": 0.0,
        "TAX_CST_OPRT": 135673.27,
        "DEPRC_CST_OPRT": 93086.46,
        "ETC_CST_OPRT": 46828.32
      },
      {
        "PST_YYYYMM": "202503",
        "BRD_CD": "M",
        "MGMT_CHNL_NM": "(EC)티몰",
        "SALE_AMT": 38316374.18,
        "SALE_AMT_VAT": 33908295.734513275,
        "AD_CST_OPRT": 1034393.63,
        "SLRY_CSY_OPRT": 352778.62,
        "EMP_BNFT_CST_OPRT": 154387.85,
        "PMT_CMS_OPRT": 250792.5,
        "SHOP_RNT_OPRT": 138161.4,
        "EVNT_CST_OPRT": 5991.42,
        "TAX_CST_OPRT": 18273.3,
        "DEPRC_CST_OPRT": 29136.2,
        "ETC_CST_OPRT": 16892.5
      },
      {
        "PST_YYYYMM": "202404",
        "BRD_CD": "M",
        "MGMT_CHNL_NM": "(EC)티몰",
        "SALE_AMT": 27427454.06,
        "SALE_AMT_VAT": 24272083.238938056,
        "AD_CST_OPRT": 698767.13,
        "SLRY_CSY_OPRT": 538605.18,
        "EMP_BNFT_CST_OPRT": 126938.05,
        "PMT_CMS_OPRT": 106789.06,
        "SHOP_RNT_OPRT": 156847.04,
        "EVNT_CST_OPRT": 0.0,
        "TAX_CST_OPRT": 11977.7,
        "DEPRC_CST_OPRT": 41717.03,
        "ETC_CST_OPRT": 24422.64
      },
      {
        "PST_YYYYMM": "202505",
        "BRD_CD": "M",
        "MGMT_CHNL_NM": "(OFF)아울렛",
        "SALE_AMT": 24370916.0,
        "SALE_AMT_VAT": 21567182.300884962,
        "AD_CST_OPRT": 811412.84,
        "SLRY_CSY_OPRT": 798511.22,
        "EMP_BNFT_CST_OPRT": 282491.11,
        "PMT_CMS_OPRT": 305734.68,
        "SHOP_RNT_OPRT": 143035.64,
        "EVNT_CST_OPRT": 0.0,
        "TAX_CST_OPRT": 84651.16,
        "DEPRC_CST_OPRT": 29588.5,
        "ETC_CST_OPRT": 32052.78
      },
      {
        "PST_YYYYMM": "202406",
        "BRD_CD": "M",
        "MGMT_CHNL_NM": "(OFF)쇼핑몰",
        "SALE_AMT": 6712351.0,
        "SALE_AMT_VAT": 5940133.6283185845,
        "AD_CST_OPRT": 88798.38,
        "SLRY_CSY_OPRT": 212973.31,
        "EMP_BNFT_CST_OPRT": 64446.72,
        "PMT_CMS_OPRT": 37900.46,
        "SHOP_RNT_OPRT": 41709.4,
        "EVNT_CST_OPRT": 256107.55,
        "TAX_CST_OPRT": 42995.0,
        "DEPRC_CST_OPRT": 13586.15,
        "ETC_CST_OPRT": 16980.85
      },
      {
        "PST_YYYYMM": "202404",
        "BRD_CD": "M",
        "MGMT_CHNL_NM": "(OFF)쇼핑몰",
        "SALE_AMT": 7832197.0,
        "SALE_AMT_VAT": 6931147.78761062,
        "AD_CST_OPRT": 199646.84,
        "SLRY_CSY_OPRT": 144469.37,
        "EMP_BNFT_CST_OPRT": 39386.79,
        "PMT_CMS_OPRT": 29340.93,
        "SHOP_RNT_OPRT": 26882.84,
        "EVNT_CST_OPRT": 0.0,
        "TAX_CST_OPRT": 3422.0,
        "DEPRC_CST_OPRT": 9235.2,
        "ETC_CST_OPRT": 6566.79
      },
      {
        "PST_YYYYMM": "202412",
        "BRD_CD": "M",
        "MGMT_CHNL_NM": "(EC)대리상",
        "SALE_AMT": 29945058.6,
        "SALE_AMT_VAT": 95415603.37504426,
        "AD_CST_OPRT": 685228.62,
        "SLRY_CSY_OPRT": 601656.13,
        "EMP_BNFT_CST_OPRT": 278553.04,
        "PMT_CMS_OPRT": 132570.08,
        "SHOP_RNT_OPRT": 192289.63,
        "EVNT_CST_OPRT": 0.0,
        "TAX_CST_OPRT": 192776.2,
        "DEPRC_CST_OPRT": 30293.77,
        "ETC_CST_OPRT": 33720.34
      },
      {
        "PST_YYYYMM": "202509",
        "BRD_CD": "M",
        "MGMT_CHNL_NM": "(EC)할인몰",
        "SALE_AMT": 7351998.6755,
        "SALE_AMT_VAT": 6506193.518141594,
        "AD_CST_OPRT": 250882.78,
        "SLRY_CSY_OPRT": 86516.7,
        "EMP_BNFT_CST_OPRT": 28633.2,
        "PMT_CMS_OPRT": 15508.68,
        "SHOP_RNT_OPRT": 32269.77,
        "EVNT_CST_OPRT": 3039.74,
        "TAX_CST_OPRT": 3821.22,
        "DEPRC_CST_OPRT": 6054.06,
        "ETC_CST_OPRT": 3729.1
      },
      {
        "PST_YYYYMM": "202406",
        "BRD_CD": "M",
        "MGMT_CHNL_NM": "(EC)할인몰",
        "SALE_AMT": 6077294.936600001,
        "SALE_AMT_VAT": 5378137.112035398,
        "AD_CST_OPRT": 65046.02,
        "SLRY_CSY_OPRT": 147171.96,
        "EMP_BNFT_CST_OPRT": 46640.49,
        "PMT_CMS_OPRT": 27461.07,
        "SHOP_RNT_OPRT": 39615.57,
        "EVNT_CST_OPRT": 187597.94,
        "TAX_CST_OPRT": 31493.24,
        "DEPRC_CST_OPRT": 11317.78,
        "ETC_CST_OPRT": 12418.22
      },
      {
        "PST_YYYYMM": "202405",
        "BRD_CD": "M",
        "MGMT_CHNL_NM": null,
        "SALE_AMT": null,
        "SALE_AMT_VAT": null,
        "AD_CST_OPRT": 0.0,
        "SLRY_CSY_OPRT": 414753.33,
        "EMP_BNFT_CST_OPRT": 114493.02,
        "PMT_CMS_OPRT": 0.0,
        "SHOP_RNT_OPRT": 0.0,
        "EVNT_CST_OPRT": 0.0,
        "TAX_CST_OPRT": 0.0,
        "DEPRC_CST_OPRT": 0.0,
        "ETC_CST_OPRT": -37.39
      },
      {
        "PST_YYYYMM": "202507",
        "BRD_CD": "M",
        "MGMT_CHNL_NM": "(OFF)쇼핑몰",
        "SALE_AMT": 9015249.0,
        "SALE_AMT_VAT": 7978096.460176992,
        "AD_CST_OPRT": 169997.92,
        "SLRY_CSY_OPRT": 297643.85,
        "EMP_BNFT_CST_OPRT": 100391.92,
        "PMT_CMS_OPRT": 36422.9,
        "SHOP_RNT_OPRT": 36222.98,
        "EVNT_CST_OPRT": 139072.06,
        "TAX_CST_OPRT": 18521.41,
        "DEPRC_CST_OPRT": 10115.72,
        "ETC_CST_OPRT": 13838.95
      },
      {
        "PST_YYYYMM": "202407",
        "BRD_CD": "M",
        "MGMT_CHNL_NM": "(OFF)플래그쉽",
        "SALE_AMT": 5094110.0,
        "SALE_AMT_VAT": 4508061.946902655,
        "AD_CST_OPRT": 63557.41,
        "SLRY_CSY_OPRT": 112279.99,
        "EMP_BNFT_CST_OPRT": 32403.91,
        "PMT_CMS_OPRT": 13586.3,
        "SHOP_RNT_OPRT": 20201.4,
        "EVNT_CST_OPRT": 0.0,
        "TAX_CST_OPRT": 13867.82,
        "DEPRC_CST_OPRT": 6921.98,
        "ETC_CST_OPRT": 5360.56
      },
      {
        "PST_YYYYMM": "202404",
        "BRD_CD": "M",
        "MGMT_CHNL_NM": "(OFF)플래그쉽",
        "SALE_AMT": 6126225.0,
        "SALE_AMT_VAT": 5421438.053097346,
        "AD_CST_OPRT": 156160.75,
        "SLRY_CSY_OPRT": 113002.18,
        "EMP_BNFT_CST_OPRT": 30811.53,
        "PMT_CMS_OPRT": 22952.0,
        "SHOP_RNT_OPRT": 21027.2,
        "EVNT_CST_OPRT": 0.0,
        "TAX_CST_OPRT": 2676.64,
        "DEPRC_CST_OPRT": 7226.44,
        "ETC_CST_OPRT": 5146.81
      },
      {
        "PST_YYYYMM": "202411",
        "BRD_CD": "M",
        "MGMT_CHNL_NM": "(EC)티몰",
        "SALE_AMT": 63385166.15,
        "SALE_AMT_VAT": 56093067.38938054,
        "AD_CST_OPRT": 2222712.92,
        "SLRY_CSY_OPRT": 1281000.3,
        "EMP_BNFT_CST_OPRT": 408768.57,
        "PMT_CMS_OPRT": 89475.97,
        "SHOP_RNT_OPRT": 312183.37,
        "EVNT_CST_OPRT": 0.0,
        "TAX_CST_OPRT": 65818.04,
        "DEPRC_CST_OPRT": 99598.13,
        "ETC_CST_OPRT": 132411.39
      },
      {
        "PST_YYYYMM": "202406",
        "BRD_CD": "M",
        "MGMT_CHNL_NM": "(EC)틱톡/JD",
        "SALE_AMT": 1147164.41,
        "SALE_AMT_VAT": 1015189.7433628319,
        "AD_CST_OPRT": 15187.93,
        "SLRY_CSY_OPRT": 34338.19,
        "EMP_BNFT_CST_OPRT": 10885.08,
        "PMT_CMS_OPRT": 6408.88,
        "SHOP_RNT_OPRT": 9242.93,
        "EVNT_CST_OPRT": 43769.61,
        "TAX_CST_OPRT": 7347.22,
        "DEPRC_CST_OPRT": 2641.14,
        "ETC_CST_OPRT": 2899.0
      },
      {
        "PST_YYYYMM": "202412",
        "BRD_CD": "M",
        "MGMT_CHNL_NM": "(OFF)플래그쉽",
        "SALE_AMT": 6723918.0,
        "SALE_AMT_VAT": 5950369.911504425,
        "AD_CST_OPRT": 153862.69,
        "SLRY_CSY_OPRT": 128229.01,
        "EMP_BNFT_CST_OPRT": 53041.02,
        "PMT_CMS_OPRT": 38101.17,
        "SHOP_RNT_OPRT": 23803.34,
        "EVNT_CST_OPRT": 0.0,
        "TAX_CST_OPRT": 43286.31,
        "DEPRC_CST_OPRT": 5505.12,
        "ETC_CST_OPRT": 10502.13
      },
      {
        "PST_YYYYMM": "202505",
        "BRD_CD": "M",
        "MGMT_CHNL_NM": "(EC)할인몰",
        "SALE_AMT": 5883057.169,
        "SALE_AMT_VAT": 5206245.282300886,
        "AD_CST_OPRT": 166839.3,
        "SLRY_CSY_OPRT": 98456.58,
        "EMP_BNFT_CST_OPRT": 30859.34,
        "PMT_CMS_OPRT": 33811.05,
        "SHOP_RNT_OPRT": 17132.29,
        "EVNT_CST_OPRT": 0.0,
        "TAX_CST_OPRT": 17405.74,
        "DEPRC_CST_OPRT": 4965.43,
        "ETC_CST_OPRT": 3353.66
      },
      {
        "PST_YYYYMM": "202504",
        "BRD_CD": "M",
        "MGMT_CHNL_NM": "(EC)할인몰",
        "SALE_AMT": 7586810.8484,
        "SALE_AMT_VAT": 6713991.901238938,
        "AD_CST_OPRT": 155826.5,
        "SLRY_CSY_OPRT": 128347.0,
        "EMP_BNFT_CST_OPRT": 33629.48,
        "PMT_CMS_OPRT": 40574.69,
        "SHOP_RNT_OPRT": 23087.24,
        "EVNT_CST_OPRT": 0.0,
        "TAX_CST_OPRT": 3143.52,
        "DEPRC_CST_OPRT": 6036.8,
        "ETC_CST_OPRT": 4277.09
      },
      {
        "PST_YYYYMM": "202501",
        "BRD_CD": "M",
        "MGMT_CHNL_NM": null,
        "SALE_AMT": null,
        "SALE_AMT_VAT": null,
        "AD_CST_OPRT": 0.0,
        "SLRY_CSY_OPRT": 328461.0,
        "EMP_BNFT_CST_OPRT": 82724.51,
        "PMT_CMS_OPRT": 0.0,
        "SHOP_RNT_OPRT": 0.0,
        "EVNT_CST_OPRT": 0.0,
        "TAX_CST_OPRT": 0.0,
        "DEPRC_CST_OPRT": 0.0,
        "ETC_CST_OPRT": 1891.35
      },
      {
        "PST_YYYYMM": "202411",
        "BRD_CD": "M",
        "MGMT_CHNL_NM": "(OFF)플래그쉽",
        "SALE_AMT": 5287180.0,
        "SALE_AMT_VAT": 4678920.353982301,
        "AD_CST_OPRT": 185518.93,
        "SLRY_CSY_OPRT": 127468.14,
        "EMP_BNFT_CST_OPRT": 45289.79,
        "PMT_CMS_OPRT": 9422.24,
        "SHOP_RNT_OPRT": 26841.07,
        "EVNT_CST_OPRT": 0.0,
        "TAX_CST_OPRT": 5493.69,
        "DEPRC_CST_OPRT": 8557.08,
        "ETC_CST_OPRT": 14837.63
      },
      {
        "PST_YYYYMM": "202509",
        "BRD_CD": "M",
        "MGMT_CHNL_NM": "(OFF)플래그쉽",
        "SALE_AMT": 2049895.0,
        "SALE_AMT_VAT": 1814066.3716814162,
        "AD_CST_OPRT": 88437.95,
        "SLRY_CSY_OPRT": 47789.29,
        "EMP_BNFT_CST_OPRT": 16610.52,
        "PMT_CMS_OPRT": 3501.89,
        "SHOP_RNT_OPRT": 5741.53,
        "EVNT_CST_OPRT": 1071.39,
        "TAX_CST_OPRT": 1347.05,
        "DEPRC_CST_OPRT": 1673.16,
        "ETC_CST_OPRT": 2015.67
      },
      {
        "PST_YYYYMM": "202407",
        "BRD_CD": "M",
        "MGMT_CHNL_NM": "(EC)틱톡/JD",
        "SALE_AMT": 984197.68,
        "SALE_AMT_VAT": 870971.3982300885,
        "AD_CST_OPRT": 12278.5,
        "SLRY_CSY_OPRT": 23265.46,
        "EMP_BNFT_CST_OPRT": 6158.61,
        "PMT_CMS_OPRT": 3008.7,
        "SHOP_RNT_OPRT": 7085.78,
        "EVNT_CST_OPRT": 0.0,
        "TAX_CST_OPRT": 2679.33,
        "DEPRC_CST_OPRT": 1835.88,
        "ETC_CST_OPRT": 928.11
      },
      {
        "PST_YYYYMM": "202509",
        "BRD_CD": "M",
        "MGMT_CHNL_NM": "(EC)티몰",
        "SALE_AMT": 24820805.07,
        "SALE_AMT_VAT": 21965314.22123894,
        "AD_CST_OPRT": 1070314.53,
        "SLRY_CSY_OPRT": 369091.46,
        "EMP_BNFT_CST_OPRT": 122167.75,
        "PMT_CMS_OPRT": 66176.68,
        "SHOP_RNT_OPRT": 137667.43,
        "EVNT_CST_OPRT": 12965.83,
        "TAX_CST_OPRT": 16302.26,
        "DEPRC_CST_OPRT": 25841.14,
        "ETC_CST_OPRT": 15956.77
      },
      {
        "PST_YYYYMM": "202501",
        "BRD_CD": "M",
        "MGMT_CHNL_NM": "(OFF)아울렛",
        "SALE_AMT": 42197071.0,
        "SALE_AMT_VAT": 37342540.7079646,
        "AD_CST_OPRT": 1041351.89,
        "SLRY_CSY_OPRT": 986237.75,
        "EMP_BNFT_CST_OPRT": 319710.61,
        "PMT_CMS_OPRT": 77342.83,
        "SHOP_RNT_OPRT": 111397.56,
        "EVNT_CST_OPRT": 422954.58,
        "TAX_CST_OPRT": 96638.6,
        "DEPRC_CST_OPRT": 24770.58,
        "ETC_CST_OPRT": 19607.19
      },
      {
        "PST_YYYYMM": "202502",
        "BRD_CD": "M",
        "MGMT_CHNL_NM": "(OFF)쇼핑몰",
        "SALE_AMT": 6638122.0,
        "SALE_AMT_VAT": 5874444.247787612,
        "AD_CST_OPRT": 199782.66,
        "SLRY_CSY_OPRT": 215433.0,
        "EMP_BNFT_CST_OPRT": 77159.99,
        "PMT_CMS_OPRT": 18139.24,
        "SHOP_RNT_OPRT": 24666.9,
        "EVNT_CST_OPRT": 0.0,
        "TAX_CST_OPRT": 26399.95,
        "DEPRC_CST_OPRT": 5668.34,
        "ETC_CST_OPRT": 4220.52
      },
      {
        "PST_YYYYMM": "202410",
        "BRD_CD": "M",
        "MGMT_CHNL_NM": "(OFF)대리상",
        "SALE_AMT": 260439184.67999998,
        "SALE_AMT_VAT": 491796026.3331859,
        "AD_CST_OPRT": 6974099.27,
        "SLRY_CSY_OPRT": 3331734.01,
        "EMP_BNFT_CST_OPRT": 1135043.21,
        "PMT_CMS_OPRT": 812175.89,
        "SHOP_RNT_OPRT": 909106.21,
        "EVNT_CST_OPRT": 0.0,
        "TAX_CST_OPRT": 167291.41,
        "DEPRC_CST_OPRT": 283832.2,
        "ETC_CST_OPRT": 217601.6
      },
      {
        "PST_YYYYMM": "202412",
        "BRD_CD": "M",
        "MGMT_CHNL_NM": "(OFF)아울렛",
        "SALE_AMT": 30394302.0,
        "SALE_AMT_VAT": 26897612.38938053,
        "AD_CST_OPRT": 657473.71,
        "SLRY_CSY_OPRT": 547938.16,
        "EMP_BNFT_CST_OPRT": 226652.05,
        "PMT_CMS_OPRT": 162810.89,
        "SHOP_RNT_OPRT": 101715.19,
        "EVNT_CST_OPRT": 0.0,
        "TAX_CST_OPRT": 184968.32,
        "DEPRC_CST_OPRT": 23523.79,
        "ETC_CST_OPRT": 44878.23
      },
      {
        "PST_YYYYMM": "202404",
        "BRD_CD": "M",
        "MGMT_CHNL_NM": "(EC)대리상",
        "SALE_AMT": 63702262.46000001,
        "SALE_AMT_VAT": 68533871.62911505,
        "AD_CST_OPRT": 1623807.51,
        "SLRY_CSY_OPRT": 1363516.85,
        "EMP_BNFT_CST_OPRT": 319780.24,
        "PMT_CMS_OPRT": 248160.5,
        "SHOP_RNT_OPRT": 364483.47,
        "EVNT_CST_OPRT": 0.0,
        "TAX_CST_OPRT": 27833.59,
        "DEPRC_CST_OPRT": 97129.89,
        "ETC_CST_OPRT": 59085.38
      },
      {
        "PST_YYYYMM": "202410",
        "BRD_CD": "M",
        "MGMT_CHNL_NM": "(OFF)플래그쉽",
        "SALE_AMT": 5983500.0,
        "SALE_AMT_VAT": 5295132.743362833,
        "AD_CST_OPRT": 213935.52,
        "SLRY_CSY_OPRT": 108490.21,
        "EMP_BNFT_CST_OPRT": 39244.61,
        "PMT_CMS_OPRT": 29147.65,
        "SHOP_RNT_OPRT": 20886.45,
        "EVNT_CST_OPRT": 0.0,
        "TAX_CST_OPRT": 3843.53,
        "DEPRC_CST_OPRT": 6557.59,
        "ETC_CST_OPRT": 5747.08
      },
      {
        "PST_YYYYMM": "202501",
        "BRD_CD": "M",
        "MGMT_CHNL_NM": "(OFF)쇼핑몰",
        "SALE_AMT": 14916149.0,
        "SALE_AMT_VAT": 13200131.85840708,
        "AD_CST_OPRT": 389817.93,
        "SLRY_CSY_OPRT": 369189.06,
        "EMP_BNFT_CST_OPRT": 119691.08,
        "PMT_CMS_OPRT": 28951.87,
        "SHOP_RNT_OPRT": 41700.17,
        "EVNT_CST_OPRT": 158328.61,
        "TAX_CST_OPRT": 36175.16,
        "DEPRC_CST_OPRT": 9278.44,
        "ETC_CST_OPRT": 7374.08
      },
      {
        "PST_YYYYMM": "202501",
        "BRD_CD": "M",
        "MGMT_CHNL_NM": "(EC)틱톡/JD",
        "SALE_AMT": 11441569.969999999,
        "SALE_AMT_VAT": 10125283.159292035,
        "AD_CST_OPRT": 299014.51,
        "SLRY_CSY_OPRT": 296432.99,
        "EMP_BNFT_CST_OPRT": 95864.8,
        "PMT_CMS_OPRT": 40643.18,
        "SHOP_RNT_OPRT": 45333.96,
        "EVNT_CST_OPRT": 121447.36,
        "TAX_CST_OPRT": 27748.75,
        "DEPRC_CST_OPRT": 7933.62,
        "ETC_CST_OPRT": 5678.26
      },
      {
        "PST_YYYYMM": "202404",
        "BRD_CD": "M",
        "MGMT_CHNL_NM": "(EC)틱톡/JD",
        "SALE_AMT": 140284.05,
        "SALE_AMT_VAT": 124145.17699115045,
        "AD_CST_OPRT": 3578.43,
        "SLRY_CSY_OPRT": 2757.3,
        "EMP_BNFT_CST_OPRT": 654.47,
        "PMT_CMS_OPRT": 553.65,
        "SHOP_RNT_OPRT": 802.33,
        "EVNT_CST_OPRT": 0.0,
        "TAX_CST_OPRT": 62.47,
        "DEPRC_CST_OPRT": 213.14,
        "ETC_CST_OPRT": 123.63
      },
      {
        "PST_YYYYMM": "202401",
        "BRD_CD": "M",
        "MGMT_CHNL_NM": null,
        "SALE_AMT": null,
        "SALE_AMT_VAT": null,
        "AD_CST_OPRT": 0.0,
        "SLRY_CSY_OPRT": 327301.33,
        "EMP_BNFT_CST_OPRT": 95162.73,
        "PMT_CMS_OPRT": 0.0,
        "SHOP_RNT_OPRT": 0.0,
        "EVNT_CST_OPRT": 0.0,
        "TAX_CST_OPRT": 0.0,
        "DEPRC_CST_OPRT": 0.0,
        "ETC_CST_OPRT": 219.61
      },
      {
        "PST_YYYYMM": "202507",
        "BRD_CD": "M",
        "MGMT_CHNL_NM": null,
        "SALE_AMT": null,
        "SALE_AMT_VAT": null,
        "AD_CST_OPRT": 0.0,
        "SLRY_CSY_OPRT": 199944.6,
        "EMP_BNFT_CST_OPRT": 56084.67,
        "PMT_CMS_OPRT": 0.0,
        "SHOP_RNT_OPRT": 0.0,
        "EVNT_CST_OPRT": 0.0,
        "TAX_CST_OPRT": 0.0,
        "DEPRC_CST_OPRT": 0.0,
        "ETC_CST_OPRT": 158.45
      },
      {
        "PST_YYYYMM": "202508",
        "BRD_CD": "M",
        "MGMT_CHNL_NM": "(EC)틱톡/JD",
        "SALE_AMT": 6266398.5600000005,
        "SALE_AMT_VAT": 5545485.451327434,
        "AD_CST_OPRT": 157694.75,
        "SLRY_CSY_OPRT": 99714.68,
        "EMP_BNFT_CST_OPRT": 31941.73,
        "PMT_CMS_OPRT": 22979.09,
        "SHOP_RNT_OPRT": 37285.9,
        "EVNT_CST_OPRT": 0.0,
        "TAX_CST_OPRT": 4198.65,
        "DEPRC_CST_OPRT": 6934.21,
        "ETC_CST_OPRT": 2600.69
      },
      {
        "PST_YYYYMM": "202503",
        "BRD_CD": "M",
        "MGMT_CHNL_NM": "(EC)대리상",
        "SALE_AMT": 77022004.41,
        "SALE_AMT_VAT": 75278662.84513275,
        "AD_CST_OPRT": 2080373.96,
        "SLRY_CSY_OPRT": 624440.49,
        "EMP_BNFT_CST_OPRT": 333168.42,
        "PMT_CMS_OPRT": 504397.35,
        "SHOP_RNT_OPRT": 277870.39,
        "EVNT_CST_OPRT": 12050.2,
        "TAX_CST_OPRT": 36751.04,
        "DEPRC_CST_OPRT": 58603.79,
        "ETC_CST_OPRT": 33984.86
      },
      {
        "PST_YYYYMM": "202401",
        "BRD_CD": "M",
        "MGMT_CHNL_NM": "(OFF)플래그쉽",
        "SALE_AMT": 6116819.0,
        "SALE_AMT_VAT": 5413114.159292036,
        "AD_CST_OPRT": 207558.27,
        "SLRY_CSY_OPRT": 69359.97,
        "EMP_BNFT_CST_OPRT": 32936.68,
        "PMT_CMS_OPRT": 7673.79,
        "SHOP_RNT_OPRT": 9076.39,
        "EVNT_CST_OPRT": 0.0,
        "TAX_CST_OPRT": 29019.23,
        "DEPRC_CST_OPRT": 4177.15,
        "ETC_CST_OPRT": 15480.65
      },
      {
        "PST_YYYYMM": "202402",
        "BRD_CD": "M",
        "MGMT_CHNL_NM": "(OFF)플래그쉽",
        "SALE_AMT": 6262082.0,
        "SALE_AMT_VAT": 5541665.486725665,
        "AD_CST_OPRT": 199781.04,
        "SLRY_CSY_OPRT": 216430.94,
        "EMP_BNFT_CST_OPRT": 48400.51,
        "PMT_CMS_OPRT": 38919.85,
        "SHOP_RNT_OPRT": 30602.42,
        "EVNT_CST_OPRT": 5194.59,
        "TAX_CST_OPRT": 4366.54,
        "DEPRC_CST_OPRT": 11062.39,
        "ETC_CST_OPRT": 6359.81
      },
      {
        "PST_YYYYMM": "202504",
        "BRD_CD": "M",
        "MGMT_CHNL_NM": "(EC)티몰",
        "SALE_AMT": 28552181.669999998,
        "SALE_AMT_VAT": 25267417.40707965,
        "AD_CST_OPRT": 734013.99,
        "SLRY_CSY_OPRT": 604573.91,
        "EMP_BNFT_CST_OPRT": 158420.62,
        "PMT_CMS_OPRT": 191128.96,
        "SHOP_RNT_OPRT": 108752.4,
        "EVNT_CST_OPRT": 0.0,
        "TAX_CST_OPRT": 14806.7,
        "DEPRC_CST_OPRT": 28449.63,
        "ETC_CST_OPRT": 20187.21
      },
      {
        "PST_YYYYMM": "202404",
        "BRD_CD": "M",
        "MGMT_CHNL_NM": null,
        "SALE_AMT": null,
        "SALE_AMT_VAT": null,
        "AD_CST_OPRT": 0.0,
        "SLRY_CSY_OPRT": 414753.33,
        "EMP_BNFT_CST_OPRT": 104008.14,
        "PMT_CMS_OPRT": 0.0,
        "SHOP_RNT_OPRT": 0.0,
        "EVNT_CST_OPRT": 0.0,
        "TAX_CST_OPRT": 0.0,
        "DEPRC_CST_OPRT": 0.0,
        "ETC_CST_OPRT": 17044.94
      },
      {
        "PST_YYYYMM": "202408",
        "BRD_CD": "M",
        "MGMT_CHNL_NM": "(EC)대리상",
        "SALE_AMT": 66998264.8,
        "SALE_AMT_VAT": 60546298.207964614,
        "AD_CST_OPRT": 2223437.3,
        "SLRY_CSY_OPRT": 1171099.84,
        "EMP_BNFT_CST_OPRT": 378925.19,
        "PMT_CMS_OPRT": 110438.03,
        "SHOP_RNT_OPRT": 388754.57,
        "EVNT_CST_OPRT": -25560.94,
        "TAX_CST_OPRT": 35442.78,
        "DEPRC_CST_OPRT": 97054.68,
        "ETC_CST_OPRT": 35653.09
      },
      {
        "PST_YYYYMM": "202403",
        "BRD_CD": "M",
        "MGMT_CHNL_NM": "(OFF)플래그쉽",
        "SALE_AMT": 5426898.0,
        "SALE_AMT_VAT": 4802564.601769912,
        "AD_CST_OPRT": 104287.5,
        "SLRY_CSY_OPRT": 10324.61,
        "EMP_BNFT_CST_OPRT": 31430.13,
        "PMT_CMS_OPRT": 14496.4,
        "SHOP_RNT_OPRT": 18476.51,
        "EVNT_CST_OPRT": 0.0,
        "TAX_CST_OPRT": 3073.68,
        "DEPRC_CST_OPRT": 6470.22,
        "ETC_CST_OPRT": 4790.53
      },
      {
        "PST_YYYYMM": "202503",
        "BRD_CD": "M",
        "MGMT_CHNL_NM": "(EC)틱톡/JD",
        "SALE_AMT": 9401781.35,
        "SALE_AMT_VAT": 8320160.486725664,
        "AD_CST_OPRT": 253943.13,
        "SLRY_CSY_OPRT": 86605.51,
        "EMP_BNFT_CST_OPRT": 37902.11,
        "PMT_CMS_OPRT": 61576.36,
        "SHOP_RNT_OPRT": 33918.35,
        "EVNT_CST_OPRT": 1471.37,
        "TAX_CST_OPRT": 4486.38,
        "DEPRC_CST_OPRT": 7152.33,
        "ETC_CST_OPRT": 4153.25
      },
      {
        "PST_YYYYMM": "202408",
        "BRD_CD": "M",
        "MGMT_CHNL_NM": "(EC)틱톡/JD",
        "SALE_AMT": 2156978.81,
        "SALE_AMT_VAT": 1908830.8053097348,
        "AD_CST_OPRT": 71580.62,
        "SLRY_CSY_OPRT": 35391.98,
        "EMP_BNFT_CST_OPRT": 11540.74,
        "PMT_CMS_OPRT": 3562.34,
        "SHOP_RNT_OPRT": 12515.54,
        "EVNT_CST_OPRT": -825.12,
        "TAX_CST_OPRT": 1141.86,
        "DEPRC_CST_OPRT": 3123.24,
        "ETC_CST_OPRT": 1163.22
      },
      {
        "PST_YYYYMM": "202405",
        "BRD_CD": "M",
        "MGMT_CHNL_NM": "(OFF)플래그쉽",
        "SALE_AMT": 5941462.0,
        "SALE_AMT_VAT": 5257930.9734513275,
        "AD_CST_OPRT": 117705.1,
        "SLRY_CSY_OPRT": 148894.39,
        "EMP_BNFT_CST_OPRT": 45879.98,
        "PMT_CMS_OPRT": 28865.43,
        "SHOP_RNT_OPRT": 34874.69,
        "EVNT_CST_OPRT": 0.0,
        "TAX_CST_OPRT": 44482.25,
        "DEPRC_CST_OPRT": 11342.34,
        "ETC_CST_OPRT": 3990.07
      }
    ],
    "total_records_count": 186
  }
}