{
  "country": "CN",
  "brand_cd": "W",
  "brand_name": "SUPRA",
  "yyyymm": "202504",
  "yyyymm_py": "202404",
  "key": "출고매출",
  "sub_key": "카테고리별매출분석",
  "analysis_data": {
    "title": "카테고리별 수익성 분석 (당해 전년 주요변화)",
    "sections": [
      {
        "div": "ACC",
        "sub_title": "ACC 전년대비 주요 변화",
        "ai_text": "ACC 카테고리는 전년 282k에서 당해 -315k로 -597k 감소하며 -212.0% 급락한 심각한 상황입니다.\n\n**주요 위기 요인:**\n• 신발 라인업 전면 부진: VAIDER X (-129k→-25k→-18k), VAIDER STADIUM (-46k, -19k) 등 핵심 제품군 매출 급감\n• COURT CROWN (-8k, -382.0% 감소) 등 신제품 부진\n• 양말 카테고리 전면 침체로 소액 매출조차 마이너스 전환\n\n**긍정적 신호:**\n• 모자 라인업 신규 진입: BAYC 원포인트 로고 버킷햇, 에센셜 매쉬 트럭커 캡 등 4개 신제품 출시\n• COURT C (2k, +129.8%) 유일한 신발 성장 모델\n\n**즉시 실행 방안:**\n• VAIDER 시리즈 전면 재검토 및 가격정책 조정\n• 모자 카테고리 확대 투자로 성장 동력 확보\n• 신발 포트폴리오 다각화 및 COURT 라인 집중 육성"
      },
      {
        "div": "의류",
        "sub_title": "의류 전년대비 주요 변화",
        "ai_text": "의류 카테고리는 전년 -267k에서 당해 -626k로 -359k 추가 감소하며 구조적 문제가 심화되고 있습니다.\n\n**성장 동력:**\n• BAYC 브랜드 반팔티셔츠 강세: BAYC 스몰 그래픽 오버핏 티셔츠 (13k, +45.3%), BAYC 크라운 그래픽 반팔 티셔츠 (6k, +3125.9%)\n• 아웃도어 라인 안정세: 아웃도어 우븐 립스탑 반팔 티 (7k, +34.1%)\n• 신규 제품 성공: 에센셜 나일론 우븐 반바지 (5k), 에센셜 후드 롱 다운 자켓 (4k)\n\n**주요 위기 요인:**\n• 에센셜 라인 기본 티셔츠 급락: 에센셜 미디움/스몰 레터링 로고 반팔 (-9k/-11k)\n• 계절성 제품 재고 이슈: BAYC 폴로 티셔츠 (-72k→0k), 아웃도어 포켓 경량 바람막이 (-46k→0k)\n• 여성 라인 부진: BAYC 여성 크롭 스포츠 저지 티 (-57k→0k)\n\n**전략 방향:**\n• BAYC 브랜드 집중 투자 및 그래픽 라인 확대\n• 에센셜 기본 라인 리뉴얼 시급"
      },
      {
        "div": "종합분석-1",
        "sub_title": "카테고리별 수익성 종합 평가",
        "ai_text": "SUPRA 브랜드는 전체 매출이 전년 -431k에서 당해 -1,059k로 -628k 악화되며 심각한 수익성 위기에 직면했습니다.\n\n**카테고리별 기여도 분석:**\n• 의류: 전체 손실의 59.1% 차지 (-626k), 전년 대비 -359k 추가 악화\n• ACC: 전체 손실의 29.7% 차지 (-315k), 전년 흑자에서 적자 전환으로 -597k 충격\n• 미분류: 전체 손실의 11.1% 차지 (-118k), 전년 대비 327k 개선\n\n**수익성 구조 문제:**\n• 두 주력 카테고리 모두 적자 심화로 브랜드 전체 수익성 악화\n• ACC 카테고리의 흑자→적자 전환이 전체 실적에 결정적 악영향\n• 신제품 출시에도 불구하고 기존 제품 부진이 상쇄 효과 제한\n\n**긴급 대응 필요:**\n브랜드 전체 포지셔닝 재검토 및 수익성 회복을 위한 전면적 구조조정 불가피"
      },
      {
        "div": "종합분석-2",
        "sub_title": "성장 카테고리 및 기회",
        "ai_text": "제한적이지만 몇 가지 성장 기회가 확인되고 있습니다.\n\n**BAYC 브랜드 성장 동력:**\n• BAYC 크라운 그래픽 반팔 티셔츠 (+3125.9%), BAYC 스몰 그래픽 오버핏 티셔츠 (+45.3%)\n• BAYC 원포인트 로고 모자 라인 신규 진입 성공\n• 그래픽 중심의 차별화된 디자인이 시장에서 긍정적 반응\n\n**신규 제품군 기회:**\n• 모자 카테고리: 4개 신제품 모두 성공적 출시 (각 1k 매출)\n• 아웃도어 라인: 우븐 반팔 티셔츠, 립스탑 소재 등 기능성 제품 성장\n• 에센셜 나일론 우븐 반바지 등 신소재 활용 제품 성공\n\n**확대 전략:**\n• BAYC 브랜드 라인업 확대 및 그래픽 디자인 강화\n• 모자 카테고리 집중 투자로 ACC 수익성 개선\n• 아웃도어 기능성 소재 확대 적용\n• 계절성 신제품 타이밍 최적화"
      },
      {
        "div": "종합분석-3",
        "sub_title": "주의 필요 카테고리",
        "ai_text": "신발과 에센셜 기본 라인에서 심각한 구조적 문제가 발생하고 있습니다.\n\n**신발 카테고리 위기:**\n• VAIDER 시리즈 전면 부진: 총 -172k 손실 (-129k, -25k, -18k)\n• VAIDER STADIUM 라인 -65k 손실 (-46k, -19k)\n• 전체 신발 매출의 90% 이상이 마이너스 상태\n\n**에센셜 기본 라인 침체:**\n• 에센셜 레터링 로고 반팔 시리즈 -20k 손실 (-9k, -11k)\n• 브랜드 기본 아이덴티티 제품군의 경쟁력 상실\n• 가격 대비 차별화 부족으로 시장 매력도 하락\n\n**여성 라인 전면 재검토:**\n• BAYC 여성 크롭 스포츠 저지 티 (-57k→0k) 등 여성 타겟 제품 전면 부진\n• 여성 더블 카고 BAYC 포인트 우븐 스커트 (7k, +28.0%) 예외적 성과\n\n**개선 방향:**\n• 신발 포트폴리오 전면 재구성 및 가격 정책 재검토\n• 에센셜 라인 디자인 리뉴얼 및 브랜드 정체성 재정립 필요"
      },
      {
        "div": "종합분석-4",
        "sub_title": "이상징후 및 리스크 감지",
        "ai_text": "여러 심각한 이상징후가 감지되어 즉시 대응이 필요합니다.\n\n**매출 구조 이상:**\n• 전체 매출이 마이너스인 비정상적 상황 지속\n• ACC 카테고리 282k→-315k 급전직하로 -597k 충격\n• 주력 제품군의 동시 다발적 부진으로 포트폴리오 리스크 현실화\n\n**재고 및 유통 리스크:**\n• 계절성 제품 재고 소진 실패: 폴로 티셔츠 (-72k→0k), 바람막이 (-46k→0k)\n• 신제품 출시 대비 기존 제품 매출 감소폭이 과도하게 큰 상황\n• 반품/교환 증가 가능성 시사하는 마이너스 매출 구조\n\n**브랜드 포지셔닝 리스크:**\n• SUPRA 브랜드 아이덴티티 혼재: 스포츠/아웃도어/스트릿 경계 모호\n• 가격 경쟁력 상실로 소비자 이탈 가속화\n• 신규 고객 유입 대비 기존 고객 이탈이 더 큰 상황\n\n**긴급 대응 필요:**\n전면적 브랜드 전략 재검토 및 수익성 회복 로드맵 수립 시급"
      },
      {
        "div": "종합분석-5",
        "sub_title": "카테고리별 전략 최적화 방안",
        "ai_text": "수익성 회복을 위한 단계별 전략 최적화 방안을 제시합니다.\n\n**즉시 실행 방안 (1-3개월):**\n• BAYC 브랜드 집중: 성장세 제품 물량 확대 및 라인업 확장\n• VAIDER 시리즈 긴급 할인 정책으로 재고 정리 및 손실 최소화\n• 에센셜 기본 라인 가격 재조정 및 프로모션 강화\n• 모자 카테고리 신속 확대로 ACC 수익성 개선\n\n**중기 전략 (3-12개월):**\n• 신발 포트폴리오 재구성: COURT 라인 중심 전환, VAIDER 리뉴얼\n• 아웃도어 기능성 라인 확대: 우븐, 립스탑 소재 활용 제품군 강화\n• 여성 라인 선별적 집중: 성공 모델 중심 확대, 부진 라인 정리\n• 계절성 제품 기획 최적화 및 재고 관리 시스템 구축\n\n**장기 전략 (1-3년):**\n• SUPRA 브랜드 정체성 재정립: 스트릿 스포츠 브랜드로 포지셔닝 명확화\n• 디지털 마케팅 강화로 Z세대 타겟 확대\n• 콜라보레이션 전략 통한 브랜드 가치 제고\n• 지속가능한 수익 구조 확립을 위한 제품 믹스 최적화"
      }
    ]
  },
  "summary": {
    "total_sales_cy": -1059.0,
    "total_sales_py": -431.0,
    "change_pct": 0,
    "total_records": 799,
    "analysis_period": "2024년 4월 vs 2025년 4월"
  },
  "category_analysis": {
    "의류": {
      "current_total": -626.0,
      "previous_total": -267.0,
      "change_pct": 0,
      "strong_items": [
        {
          "item_nm": "반팔티셔츠",
          "prdt_nm": "BAYC 스몰 그래픽 오버핏 티셔",
          "current_sale": 13.0,
          "previous_sale": 9.0,
          "change_pct": 45.3,
          "type": "기존"
        },
        {
          "item_nm": "스커트",
          "prdt_nm": "여성 더블 카고 BAYC 포인트 우",
          "current_sale": 7.0,
          "previous_sale": 5.0,
          "change_pct": 28.0,
          "type": "기존"
        },
        {
          "item_nm": "반팔티셔츠",
          "prdt_nm": "아웃도어 우븐 립스탑 반팔 티",
          "current_sale": 7.0,
          "previous_sale": 5.0,
          "change_pct": 34.1,
          "type": "기존"
        },
        {
          "item_nm": "팬츠",
          "prdt_nm": "에센셜 세미 와이드 팬츠",
          "current_sale": 6.0,
          "previous_sale": 1.0,
          "change_pct": 278.1,
          "type": "기존"
        },
        {
          "item_nm": "반팔티셔츠",
          "prdt_nm": "BAYC 크라운 그래픽 반팔 티셔",
          "current_sale": 6.0,
          "previous_sale": 0.0,
          "change_pct": 3125.9,
          "type": "기존"
        },
        {
          "item_nm": "우븐반바지",
          "prdt_nm": "에센셜 나일론 우븐 반바지",
          "current_sale": 5.0,
          "previous_sale": 0,
          "change_pct": 999.9,
          "type": "신규"
        },
        {
          "item_nm": "반팔티셔츠",
          "prdt_nm": "BAYC 골프 X 로고 그래픽 반팔",
          "current_sale": 5.0,
          "previous_sale": 3.0,
          "change_pct": 49.9,
          "type": "기존"
        },
        {
          "item_nm": "반팔티셔츠",
          "prdt_nm": "아웃도어 우븐 반팔 티셔츠",
          "current_sale": 4.0,
          "previous_sale": 4.0,
          "change_pct": 2.3,
          "type": "기존"
        },
        {
          "item_nm": "반팔티셔츠",
          "prdt_nm": "아웃도어 빅 그래픽 티셔츠",
          "current_sale": 4.0,
          "previous_sale": 3.0,
          "change_pct": 3.7,
          "type": "기존"
        },
        {
          "item_nm": "다운점퍼",
          "prdt_nm": "에센셜 후드 롱 다운 자켓",
          "current_sale": 4.0,
          "previous_sale": 0,
          "change_pct": 999.9,
          "type": "신규"
        }
      ],
      "weak_items": [
        {
          "item_nm": "반팔티셔츠",
          "prdt_nm": "에센셜 미디움 레터링 로고 반",
          "current_sale": -9.0,
          "previous_sale": 4.0,
          "change_pct": -341.2,
          "type": "기존"
        },
        {
          "item_nm": "반팔티셔츠",
          "prdt_nm": "에센셜 스몰 레터링 로고 베이",
          "current_sale": -11.0,
          "previous_sale": 6.0,
          "change_pct": -306.4,
          "type": "기존"
        },
        {
          "item_nm": "후드티",
          "prdt_nm": "에센셜 베이직 스몰로고 레글런 후드티",
          "current_sale": -0.0,
          "previous_sale": 0.0,
          "change_pct": -192.3,
          "type": "기존"
        },
        {
          "item_nm": "반팔티셔츠",
          "prdt_nm": "에센셜 크라운 렌티큘러 반팔",
          "current_sale": -3.0,
          "previous_sale": 6.0,
          "change_pct": -142.5,
          "type": "기존"
        },
        {
          "item_nm": "반팔티셔츠",
          "prdt_nm": "에센셜 빅 그래픽 티셔츠",
          "current_sale": -1.0,
          "previous_sale": 5.0,
          "change_pct": -117.2,
          "type": "기존"
        },
        {
          "item_nm": "반팔티셔츠",
          "prdt_nm": "아웃도어 마운틴 그래픽 티셔",
          "current_sale": -3.0,
          "previous_sale": 102.0,
          "change_pct": -102.9,
          "type": "기존"
        },
        {
          "item_nm": "폴로 티셔츠",
          "prdt_nm": "BAYC 폴로 티셔츠",
          "current_sale": 0.0,
          "previous_sale": 72.0,
          "change_pct": -100.0,
          "type": "기존"
        },
        {
          "item_nm": "방풍자켓",
          "prdt_nm": "아웃도어 포켓 경량 바람막이",
          "current_sale": 0.0,
          "previous_sale": 46.0,
          "change_pct": -99.9,
          "type": "기존"
        },
        {
          "item_nm": "반팔티셔츠",
          "prdt_nm": "아웃도어 캠핑 그래픽 티셔츠",
          "current_sale": 0.0,
          "previous_sale": 101.0,
          "change_pct": -99.8,
          "type": "기존"
        },
        {
          "item_nm": "반팔티셔츠",
          "prdt_nm": "BAYC 여성 크롭 스포츠 저지 티",
          "current_sale": 0.0,
          "previous_sale": 57.0,
          "change_pct": -99.7,
          "type": "기존"
        }
      ]
    },
    "ACC": {
      "current_total": -315.0,
      "previous_total": 282.0,
      "change_pct": -212.0,
      "strong_items": [
        {
          "item_nm": "신발",
          "prdt_nm": "COURT C",
          "current_sale": 2.0,
          "previous_sale": 1.0,
          "change_pct": 129.8,
          "type": "기존"
        },
        {
          "item_nm": "운동모",
          "prdt_nm": "BAYC 원포인트 로고 버킷햇",
          "current_sale": 1.0,
          "previous_sale": 0,
          "change_pct": 999.9,
          "type": "신규"
        },
        {
          "item_nm": "운동모",
          "prdt_nm": "에센셜 매쉬 트럭커 캡",
          "current_sale": 1.0,
          "previous_sale": 0,
          "change_pct": 999.9,
          "type": "신규"
        },
        {
          "item_nm": "운동모",
          "prdt_nm": "에센셜 언스트럭처 크라운 로",
          "current_sale": 1.0,
          "previous_sale": 0,
          "change_pct": 999.9,
          "type": "신규"
        },
        {
          "item_nm": "운동모",
          "prdt_nm": "크라운 로고 포인트 컬러블록",
          "current_sale": 1.0,
          "previous_sale": 0,
          "change_pct": 999.9,
          "type": "신규"
        },
        {
          "item_nm": "운동모",
          "prdt_nm": "BAYC 원포인트 로고 볼캡",
          "current_sale": 1.0,
          "previous_sale": 1.0,
          "change_pct": 76.3,
          "type": "기존"
        },
        {
          "item_nm": "힙색",
          "prdt_nm": "에센셜 로고 포인트 힙색",
          "current_sale": 1.0,
          "previous_sale": 0.0,
          "change_pct": 30.2,
          "type": "기존"
        },
        {
          "item_nm": "햇",
          "prdt_nm": "아웃도어 사이드 포켓 햇",
          "current_sale": 1.0,
          "previous_sale": 1.0,
          "change_pct": 3.7,
          "type": "기존"
        },
        {
          "item_nm": "슬리퍼",
          "prdt_nm": "VAIDER FLIPPER",
          "current_sale": 1.0,
          "previous_sale": 0,
          "change_pct": 999.9,
          "type": "신규"
        },
        {
          "item_nm": "가방",
          "prdt_nm": "아웃도어 미니 크로스백",
          "current_sale": 1.0,
          "previous_sale": 0.0,
          "change_pct": 15.0,
          "type": "기존"
        }
      ],
      "weak_items": [
        {
          "item_nm": "양말",
          "prdt_nm": "바시티 로고 양말",
          "current_sale": -0.0,
          "previous_sale": 0.0,
          "change_pct": -840.7,
          "type": "기존"
        },
        {
          "item_nm": "신발",
          "prdt_nm": "VAIDER X",
          "current_sale": -25.0,
          "previous_sale": 4.0,
          "change_pct": -710.5,
          "type": "기존"
        },
        {
          "item_nm": "신발",
          "prdt_nm": "COURT CROWN",
          "current_sale": -8.0,
          "previous_sale": 3.0,
          "change_pct": -382.0,
          "type": "기존"
        },
        {
          "item_nm": "신발",
          "prdt_nm": "VAIDER X",
          "current_sale": -18.0,
          "previous_sale": 7.0,
          "change_pct": -381.3,
          "type": "기존"
        },
        {
          "item_nm": "양말",
          "prdt_nm": "에센셜 빅로고 포인트 양말",
          "current_sale": -0.0,
          "previous_sale": 0.0,
          "change_pct": -320.3,
          "type": "기존"
        },
        {
          "item_nm": "양말",
          "prdt_nm": "BAYC 빅로고 양말",
          "current_sale": -0.0,
          "previous_sale": 0.0,
          "change_pct": -304.2,
          "type": "기존"
        },
        {
          "item_nm": "신발",
          "prdt_nm": "VAIDER X",
          "current_sale": -129.0,
          "previous_sale": 71.0,
          "change_pct": -281.0,
          "type": "기존"
        },
        {
          "item_nm": "신발",
          "prdt_nm": "VAIDER STADIUM",
          "current_sale": -46.0,
          "previous_sale": 26.0,
          "change_pct": -278.1,
          "type": "기존"
        },
        {
          "item_nm": "신발",
          "prdt_nm": "VAIDER STADIUM",
          "current_sale": -19.0,
          "previous_sale": 21.0,
          "change_pct": -190.9,
          "type": "기존"
        },
        {
          "item_nm": "양말",
          "prdt_nm": "에센셜 기본 3쌍 세트 로고 양",
          "current_sale": -0.0,
          "previous_sale": 0.0,
          "change_pct": -152.5,
          "type": "기존"
        }
      ]
    },
    "null": {
      "current_total": -118.0,
      "previous_total": -445.0,
      "change_pct": 0,
      "strong_items": [
        {
          "item_nm": null,
          "prdt_nm": "크라운 엠블럼 로고 카라 맨투",
          "current_sale": -0.0,
          "previous_sale": 0,
          "change_pct": 999.9,
          "type": "신규"
        },
        {
          "item_nm": null,
          "prdt_nm": "BAYC 로고 보스턴백",
          "current_sale": -0.0,
          "previous_sale": 0,
          "change_pct": 999.9,
          "type": "신규"
        },
        {
          "item_nm": null,
          "prdt_nm": "아웃도어 미니 크로스백",
          "current_sale": -0.0,
          "previous_sale": 0,
          "change_pct": 999.9,
          "type": "신규"
        },
        {
          "item_nm": null,
          "prdt_nm": "여성 서클 크라운 골지 반팔",
          "current_sale": -0.0,
          "previous_sale": 0,
          "change_pct": 999.9,
          "type": "신규"
        },
        {
          "item_nm": null,
          "prdt_nm": "바시티 옥스포드 메신저 크로스백",
          "current_sale": -1.0,
          "previous_sale": 0,
          "change_pct": 999.9,
          "type": "신규"
        },
        {
          "item_nm": null,
          "prdt_nm": "에센셜 베이직 로고 프리미엄 백팩",
          "current_sale": -1.0,
          "previous_sale": 0,
          "change_pct": 999.9,
          "type": "신규"
        },
        {
          "item_nm": null,
          "prdt_nm": "여성 스몰로고 슬림핏 반팔 티",
          "current_sale": -1.0,
          "previous_sale": 0,
          "change_pct": 999.9,
          "type": "신규"
        },
        {
          "item_nm": null,
          "prdt_nm": "모노그램 크로스백",
          "current_sale": -1.0,
          "previous_sale": 0,
          "change_pct": 999.9,
          "type": "신규"
        },
        {
          "item_nm": null,
          "prdt_nm": "모노그램 립 스탑 포켓 맨투맨",
          "current_sale": -1.0,
          "previous_sale": 0,
          "change_pct": 999.9,
          "type": "신규"
        },
        {
          "item_nm": null,
          "prdt_nm": "경량 배색 여성 백팩 12L",
          "current_sale": -3.0,
          "previous_sale": 0,
          "change_pct": 999.9,
          "type": "신규"
        }
      ],
      "weak_items": [
        {
          "item_nm": null,
          "prdt_nm": "에센셜 스몰로고 조거 팬츠",
          "current_sale": -20.0,
          "previous_sale": 1.0,
          "change_pct": -2300.0,
          "type": "기존"
        },
        {
          "item_nm": null,
          "prdt_nm": "에센셜 빅로고 세미 와이드 팬",
          "current_sale": -8.0,
          "previous_sale": 1.0,
          "change_pct": -1600.0,
          "type": "기존"
        },
        {
          "item_nm": null,
          "prdt_nm": "에센셜 로고 포인트 힙색",
          "current_sale": -4.0,
          "previous_sale": 0.0,
          "change_pct": -850.0,
          "type": "기존"
        },
        {
          "item_nm": null,
          "prdt_nm": "에센셜 세미 와이드 팬츠",
          "current_sale": -8.0,
          "previous_sale": 2.0,
          "change_pct": -528.6,
          "type": "기존"
        },
        {
          "item_nm": null,
          "prdt_nm": "BAYC 로고 크로스 백",
          "current_sale": -4.0,
          "previous_sale": 2.0,
          "change_pct": -285.7,
          "type": "기존"
        },
        {
          "item_nm": null,
          "prdt_nm": "에센셜 기본 크로스백",
          "current_sale": -2.0,
          "previous_sale": 1.0,
          "change_pct": -275.0,
          "type": "기존"
        },
        {
          "item_nm": null,
          "prdt_nm": "아웃도어 하단 그래픽 티셔츠",
          "current_sale": -4.0,
          "previous_sale": 4.0,
          "change_pct": -224.0,
          "type": "기존"
        },
        {
          "item_nm": null,
          "prdt_nm": "BAYC 로고 미니 보스턴백",
          "current_sale": -1.0,
          "previous_sale": 1.0,
          "change_pct": -166.7,
          "type": "기존"
        },
        {
          "item_nm": null,
          "prdt_nm": "아웃도어 서클 포인트 그래픽",
          "current_sale": -0.0,
          "previous_sale": 1.0,
          "change_pct": -140.0,
          "type": "기존"
        },
        {
          "item_nm": null,
          "prdt_nm": "아웃도어 백 그래픽 티셔츠",
          "current_sale": -2.0,
          "previous_sale": 6.0,
          "change_pct": -139.0,
          "type": "기존"
        }
      ]
    }
  },
  "raw_data": {
    "sample_records": [
      {
        "YYYYMM": "202504",
        "BRD_CD": "W",
        "LARGE_CLASS_NM": "의류",
        "MIDDLE_CLASS_NM": "Inner",
        "ITEM_NM": "맨투맨",
        "PRDT_CD": "W23FWWMT40434",
        "PRDT_NM": "BAYC 여성 하프집업 크롭 맨투맨 셋업",
        "SALE_AMT": 160.0
      },
      {
        "YYYYMM": "202404",
        "BRD_CD": "W",
        "LARGE_CLASS_NM": "ACC",
        "MIDDLE_CLASS_NM": "Acc_etc",
        "ITEM_NM": "양말",
        "PRDT_CD": "W23NWXSO1043N",
        "PRDT_NM": "BAYC 바이오맥스 흡습속건 스트라이프 삭스",
        "SALE_AMT": 54.0
      },
      {
        "YYYYMM": "202504",
        "BRD_CD": "W",
        "LARGE_CLASS_NM": "의류",
        "MIDDLE_CLASS_NM": "Inner",
        "ITEM_NM": "맨투맨",
        "PRDT_CD": "W24FWXMT30444",
        "PRDT_NM": "반집업 맨투맨 셋업",
        "SALE_AMT": -4538.14
      },
      {
        "YYYYMM": "202404",
        "BRD_CD": "W",
        "LARGE_CLASS_NM": "ACC",
        "MIDDLE_CLASS_NM": "Headwear",
        "ITEM_NM": "운동모",
        "PRDT_CD": "W24NWXCP4024N",
        "PRDT_NM": "BAYC 기본 로고 볼캡",
        "SALE_AMT": 1655.1399999999999
      },
      {
        "YYYYMM": "202404",
        "BRD_CD": "W",
        "LARGE_CLASS_NM": "의류",
        "MIDDLE_CLASS_NM": "Inner",
        "ITEM_NM": "반팔티셔츠",
        "PRDT_CD": "W24SWXRS50043",
        "PRDT_NM": "BAYC 스몰 그래픽 오버핏 티셔",
        "SALE_AMT": 9103.0
      },
      {
        "YYYYMM": "202504",
        "BRD_CD": "W",
        "LARGE_CLASS_NM": "의류",
        "MIDDLE_CLASS_NM": "Outer",
        "ITEM_NM": "다운점퍼",
        "PRDT_CD": "W23FWMDJ31536",
        "PRDT_NM": "아웃도어 남성 4포켓 미드 다",
        "SALE_AMT": 0.0
      },
      {
        "YYYYMM": "202404",
        "BRD_CD": "W",
        "LARGE_CLASS_NM": "의류",
        "MIDDLE_CLASS_NM": "Bottom",
        "ITEM_NM": "팬츠",
        "PRDT_CD": "W23FWWPT41134",
        "PRDT_NM": "BAYC 여성 조거팬츠 셋업",
        "SALE_AMT": -44015.06
      },
      {
        "YYYYMM": "202404",
        "BRD_CD": "W",
        "LARGE_CLASS_NM": "의류",
        "MIDDLE_CLASS_NM": "Inner",
        "ITEM_NM": "맨투맨",
        "PRDT_CD": "W22FWXMT60324",
        "PRDT_NM": "SUPRA 빅로고 하프집 맨투맨",
        "SALE_AMT": -1362.89
      },
      {
        "YYYYMM": "202504",
        "BRD_CD": "W",
        "LARGE_CLASS_NM": "의류",
        "MIDDLE_CLASS_NM": "Inner",
        "ITEM_NM": "폴로 티셔츠",
        "PRDT_CD": "W24SWXPQ50543",
        "PRDT_NM": "크라운 엠블럼 스포츠 저지 카",
        "SALE_AMT": 809.0
      },
      {
        "YYYYMM": "202504",
        "BRD_CD": "W",
        "LARGE_CLASS_NM": "ACC",
        "MIDDLE_CLASS_NM": "Bag",
        "ITEM_NM": "크로스백",
        "PRDT_CD": "W24NWXCR4014N",
        "PRDT_NM": "BAYC 로고 크로스 백",
        "SALE_AMT": 861.0
      },
      {
        "YYYYMM": "202404",
        "BRD_CD": "W",
        "LARGE_CLASS_NM": "의류",
        "MIDDLE_CLASS_NM": "Inner",
        "ITEM_NM": "반팔티셔츠",
        "PRDT_CD": "W24SWXRS51643",
        "PRDT_NM": "BAYC 스몰 해골 그래픽 오버핏",
        "SALE_AMT": 1915.0
      },
      {
        "YYYYMM": "202404",
        "BRD_CD": "W",
        "LARGE_CLASS_NM": "의류",
        "MIDDLE_CLASS_NM": "Inner",
        "ITEM_NM": "후드티",
        "PRDT_CD": "W22FWXHD20524",
        "PRDT_NM": "우븐 믹스 후드티",
        "SALE_AMT": -16107.84
      },
      {
        "YYYYMM": "202404",
        "BRD_CD": "W",
        "LARGE_CLASS_NM": "ACC",
        "MIDDLE_CLASS_NM": "Headwear",
        "ITEM_NM": "운동모",
        "PRDT_CD": "W24NWXCP5034N",
        "PRDT_NM": "아웃도어 언스트럭처 우븐 스",
        "SALE_AMT": 22967.19
      },
      {
        "YYYYMM": "202504",
        "BRD_CD": "W",
        "LARGE_CLASS_NM": "ACC",
        "MIDDLE_CLASS_NM": "Bag",
        "ITEM_NM": "가방",
        "PRDT_CD": "W23NWXBG1053N",
        "PRDT_NM": "에센셜 베이직 로고 프리미엄 백팩",
        "SALE_AMT": 639.0
      },
      {
        "YYYYMM": "202504",
        "BRD_CD": "W",
        "LARGE_CLASS_NM": "의류",
        "MIDDLE_CLASS_NM": "Inner",
        "ITEM_NM": "긴팔티셔츠",
        "PRDT_CD": "W24FWXRL50244",
        "PRDT_NM": "후면 빅 그래픽 긴팔 티셔츠",
        "SALE_AMT": -6914.79
      },
      {
        "YYYYMM": "202504",
        "BRD_CD": "W",
        "LARGE_CLASS_NM": "의류",
        "MIDDLE_CLASS_NM": "Inner",
        "ITEM_NM": "반팔티셔츠",
        "PRDT_CD": "W24FWWRS30844",
        "PRDT_NM": "여성 서클 크라운 골지 반팔",
        "SALE_AMT": 183.32
      },
      {
        "YYYYMM": "202404",
        "BRD_CD": "W",
        "LARGE_CLASS_NM": "의류",
        "MIDDLE_CLASS_NM": "Inner",
        "ITEM_NM": "우븐셔츠",
        "PRDT_CD": "W24SWXWS10343",
        "PRDT_NM": "에센셜 원 포켓 우븐 반팔 셔",
        "SALE_AMT": 11847.55
      },
      {
        "YYYYMM": "202504",
        "BRD_CD": "W",
        "LARGE_CLASS_NM": "의류",
        "MIDDLE_CLASS_NM": "Inner",
        "ITEM_NM": "반팔티셔츠",
        "PRDT_CD": "W23SWXRS85333",
        "PRDT_NM": "[SUPRA X CRYPTO #7945] 메탈릭 로고 티셔츠",
        "SALE_AMT": 0.0
      },
      {
        "YYYYMM": "202404",
        "BRD_CD": "W",
        "LARGE_CLASS_NM": "의류",
        "MIDDLE_CLASS_NM": "Bottom",
        "ITEM_NM": "팬츠",
        "PRDT_CD": "W23FWWPT11436",
        "PRDT_NM": "바시티 여성 크라운 로고 져지 와이드팬츠",
        "SALE_AMT": -21806.33
      },
      {
        "YYYYMM": "202404",
        "BRD_CD": "W",
        "LARGE_CLASS_NM": "의류",
        "MIDDLE_CLASS_NM": "Bottom",
        "ITEM_NM": "팬츠",
        "PRDT_CD": "W23FWXPT01634",
        "PRDT_NM": "에센셜 스몰 로고 조거팬츠",
        "SALE_AMT": 0.0
      },
      {
        "YYYYMM": "202504",
        "BRD_CD": "W",
        "LARGE_CLASS_NM": "의류",
        "MIDDLE_CLASS_NM": "Inner",
        "ITEM_NM": "반팔티셔츠",
        "PRDT_CD": "W24SWXRS31343",
        "PRDT_NM": "아웃도어 우븐 반팔 티셔츠",
        "SALE_AMT": 3615.3199999999997
      },
      {
        "YYYYMM": "202504",
        "BRD_CD": "W",
        "LARGE_CLASS_NM": "의류",
        "MIDDLE_CLASS_NM": "Outer",
        "ITEM_NM": "방풍자켓",
        "PRDT_CD": "W24FWXWJ30244",
        "PRDT_NM": "투 포켓 배색 바람막이",
        "SALE_AMT": -39686.48
      },
      {
        "YYYYMM": "202404",
        "BRD_CD": "W",
        "LARGE_CLASS_NM": "의류",
        "MIDDLE_CLASS_NM": "Bottom",
        "ITEM_NM": "반바지",
        "PRDT_CD": "W24SWXSP50643",
        "PRDT_NM": "BAYC 금사 왕관 엠블럼 저지 숏",
        "SALE_AMT": 1706.0
      },
      {
        "YYYYMM": "202404",
        "BRD_CD": "W",
        "LARGE_CLASS_NM": null,
        "MIDDLE_CLASS_NM": null,
        "ITEM_NM": null,
        "PRDT_CD": "W24SWXRS51243CN",
        "PRDT_NM": "BAYC 아치 로고 그래픽 레그런",
        "SALE_AMT": 1508.22
      },
      {
        "YYYYMM": "202404",
        "BRD_CD": "W",
        "LARGE_CLASS_NM": "의류",
        "MIDDLE_CLASS_NM": "Inner",
        "ITEM_NM": "반팔티셔츠",
        "PRDT_CD": "W23SWXRS55033",
        "PRDT_NM": "SUPRA 메타와이드 스케이터 로",
        "SALE_AMT": 4362.42
      },
      {
        "YYYYMM": "202404",
        "BRD_CD": "W",
        "LARGE_CLASS_NM": "의류",
        "MIDDLE_CLASS_NM": "Inner",
        "ITEM_NM": "맨투맨",
        "PRDT_CD": "W23FWXMT10934",
        "PRDT_NM": "BAYC 그래픽 오버핏 맨투맨",
        "SALE_AMT": -11449.62
      },
      {
        "YYYYMM": "202504",
        "BRD_CD": "W",
        "LARGE_CLASS_NM": "의류",
        "MIDDLE_CLASS_NM": "Inner",
        "ITEM_NM": "반팔티셔츠",
        "PRDT_CD": "W24SWXRS31143",
        "PRDT_NM": "아웃도어 백 그래픽 티셔츠",
        "SALE_AMT": 4808.530000000001
      },
      {
        "YYYYMM": "202404",
        "BRD_CD": "W",
        "LARGE_CLASS_NM": "의류",
        "MIDDLE_CLASS_NM": "Outer",
        "ITEM_NM": "방풍자켓",
        "PRDT_CD": "W24SWXWJ30343",
        "PRDT_NM": "아웃도어 포켓 경량 바람막이",
        "SALE_AMT": 46139.04
      },
      {
        "YYYYMM": "202504",
        "BRD_CD": "W",
        "LARGE_CLASS_NM": "의류",
        "MIDDLE_CLASS_NM": "Inner",
        "ITEM_NM": "반팔티셔츠",
        "PRDT_CD": "W24SWXRS51743",
        "PRDT_NM": "후면 크라운 BAYC 빅 그래픽 반",
        "SALE_AMT": 1438.72
      },
      {
        "YYYYMM": "202504",
        "BRD_CD": "W",
        "LARGE_CLASS_NM": "의류",
        "MIDDLE_CLASS_NM": "Outer",
        "ITEM_NM": "점퍼",
        "PRDT_CD": "W23FWMJP30336",
        "PRDT_NM": "아웃도어 남성 립스탑 경량 패딩",
        "SALE_AMT": 0.0
      },
      {
        "YYYYMM": "202504",
        "BRD_CD": "W",
        "LARGE_CLASS_NM": "의류",
        "MIDDLE_CLASS_NM": "Outer",
        "ITEM_NM": "방풍자켓",
        "PRDT_CD": "W22FWWWJ40924",
        "PRDT_NM": "우먼스 윈드브레이커 자켓",
        "SALE_AMT": 1760.0
      },
      {
        "YYYYMM": "202504",
        "BRD_CD": "W",
        "LARGE_CLASS_NM": "의류",
        "MIDDLE_CLASS_NM": "Bottom",
        "ITEM_NM": "팬츠",
        "PRDT_CD": "W23FWMPT11836",
        "PRDT_NM": "페스티벌 남성 메가로고 자수 와이드 데님 팬츠",
        "SALE_AMT": -526.28
      },
      {
        "YYYYMM": "202504",
        "BRD_CD": "W",
        "LARGE_CLASS_NM": "의류",
        "MIDDLE_CLASS_NM": "Bottom",
        "ITEM_NM": "반바지",
        "PRDT_CD": "W24SWXSP20643",
        "PRDT_NM": "바시티 크라운 로고 5부 숏 팬",
        "SALE_AMT": 2933.0
      },
      {
        "YYYYMM": "202504",
        "BRD_CD": "W",
        "LARGE_CLASS_NM": "의류",
        "MIDDLE_CLASS_NM": "Bottom",
        "ITEM_NM": "우븐반바지",
        "PRDT_CD": "W24SWWSM12243",
        "PRDT_NM": "에센셜 여성 우븐 쇼츠",
        "SALE_AMT": 736.0
      },
      {
        "YYYYMM": "202504",
        "BRD_CD": "W",
        "LARGE_CLASS_NM": "ACC",
        "MIDDLE_CLASS_NM": "Shoes",
        "ITEM_NM": "신발",
        "PRDT_CD": "W23SWXSH13131",
        "PRDT_NM": "VAIDER X",
        "SALE_AMT": -4225.77
      },
      {
        "YYYYMM": "202404",
        "BRD_CD": "W",
        "LARGE_CLASS_NM": "ACC",
        "MIDDLE_CLASS_NM": "Headwear",
        "ITEM_NM": "운동모",
        "PRDT_CD": "W24NWXCP4014N",
        "PRDT_NM": "BAYC 스트럭쳐 엠블럼 캡",
        "SALE_AMT": 1545.86
      },
      {
        "YYYYMM": "202404",
        "BRD_CD": "W",
        "LARGE_CLASS_NM": "의류",
        "MIDDLE_CLASS_NM": "Inner",
        "ITEM_NM": "맨투맨",
        "PRDT_CD": "W22SWXMT50723",
        "PRDT_NM": "[SUPRA X #7298] 릭 헉슬리 스웻 셔",
        "SALE_AMT": -12036.81
      },
      {
        "YYYYMM": "202404",
        "BRD_CD": "W",
        "LARGE_CLASS_NM": "의류",
        "MIDDLE_CLASS_NM": "Inner",
        "ITEM_NM": "맨투맨",
        "PRDT_CD": "W23SWXMT85531",
        "PRDT_NM": "페스티벌 렌티큘러 메가오버 핏 맨투맨",
        "SALE_AMT": -16627.31
      },
      {
        "YYYYMM": "202504",
        "BRD_CD": "W",
        "LARGE_CLASS_NM": "의류",
        "MIDDLE_CLASS_NM": "Inner",
        "ITEM_NM": "후드티",
        "PRDT_CD": "W23FWXHD10134",
        "PRDT_NM": "BAYC 등판 그래픽 오버핏 후드",
        "SALE_AMT": 0.0
      },
      {
        "YYYYMM": "202404",
        "BRD_CD": "W",
        "LARGE_CLASS_NM": "ACC",
        "MIDDLE_CLASS_NM": "Headwear",
        "ITEM_NM": "운동모",
        "PRDT_CD": "W23NWXCP1043N",
        "PRDT_NM": "BAYC 원포인트 로고 볼캡",
        "SALE_AMT": 598.0
      },
      {
        "YYYYMM": "202504",
        "BRD_CD": "W",
        "LARGE_CLASS_NM": null,
        "MIDDLE_CLASS_NM": null,
        "ITEM_NM": null,
        "PRDT_CD": "W24FWWSK30144CN",
        "PRDT_NM": "여성 우븐 카고 스커트",
        "SALE_AMT": -4026.96
      },
      {
        "YYYYMM": "202404",
        "BRD_CD": "W",
        "LARGE_CLASS_NM": null,
        "MIDDLE_CLASS_NM": null,
        "ITEM_NM": null,
        "PRDT_CD": "W24SWXPT11641CN",
        "PRDT_NM": "에센셜 빅로고 세미 와이드 팬",
        "SALE_AMT": 503.17
      },
      {
        "YYYYMM": "202404",
        "BRD_CD": "W",
        "LARGE_CLASS_NM": "ACC",
        "MIDDLE_CLASS_NM": "Shoes",
        "ITEM_NM": "슬리퍼",
        "PRDT_CD": "W24SWXLP42141",
        "PRDT_NM": "VAIDER CLOG",
        "SALE_AMT": 0.0
      },
      {
        "YYYYMM": "202504",
        "BRD_CD": "W",
        "LARGE_CLASS_NM": "의류",
        "MIDDLE_CLASS_NM": "Outer",
        "ITEM_NM": "점퍼",
        "PRDT_CD": "W23FWWJP20434",
        "PRDT_NM": "바시티 여성 져지 후드자켓",
        "SALE_AMT": 0.0
      },
      {
        "YYYYMM": "202504",
        "BRD_CD": "W",
        "LARGE_CLASS_NM": "의류",
        "MIDDLE_CLASS_NM": "Bottom",
        "ITEM_NM": "우븐반바지",
        "PRDT_CD": "W23SWXSM70033",
        "PRDT_NM": "에센셜 나일론 우븐 반바지",
        "SALE_AMT": 5193.16
      },
      {
        "YYYYMM": "202504",
        "BRD_CD": "W",
        "LARGE_CLASS_NM": "의류",
        "MIDDLE_CLASS_NM": "Inner",
        "ITEM_NM": "맨투맨",
        "PRDT_CD": "W23FWXMT01036",
        "PRDT_NM": "BAYC 하프집업 메가 오버핏 맨투맨",
        "SALE_AMT": 323.02
      },
      {
        "YYYYMM": "202404",
        "BRD_CD": "W",
        "LARGE_CLASS_NM": "ACC",
        "MIDDLE_CLASS_NM": "Bag",
        "ITEM_NM": "백팩",
        "PRDT_CD": "W24NWXBK1014N",
        "PRDT_NM": "에센셜 기본 스케이트보드 백",
        "SALE_AMT": 0.0
      },
      {
        "YYYYMM": "202504",
        "BRD_CD": "W",
        "LARGE_CLASS_NM": "의류",
        "MIDDLE_CLASS_NM": "Inner",
        "ITEM_NM": "우븐셔츠",
        "PRDT_CD": "W24SWXWS21743",
        "PRDT_NM": "바시티 우븐 스케이트보드 그",
        "SALE_AMT": 3099.0
      },
      {
        "YYYYMM": "202504",
        "BRD_CD": "W",
        "LARGE_CLASS_NM": "ACC",
        "MIDDLE_CLASS_NM": "Shoes",
        "ITEM_NM": "신발",
        "PRDT_CD": "W24NWXSH5114N",
        "PRDT_NM": "VAIDER STADIUM",
        "SALE_AMT": -18636.11
      },
      {
        "YYYYMM": "202504",
        "BRD_CD": "W",
        "LARGE_CLASS_NM": "의류",
        "MIDDLE_CLASS_NM": "Bottom",
        "ITEM_NM": "팬츠",
        "PRDT_CD": "W23SWXPT30931",
        "PRDT_NM": "에센셜 트레이닝 팬츠",
        "SALE_AMT": -363.74
      }
    ],
    "total_records_count": 799
  }
}