{
  "country": "CN",
  "brand_cd": "W",
  "brand_name": "SUPRA",
  "yyyymm": "202509",
  "yyyymm_py": "202409",
  "key": "출고매출",
  "sub_key": "카테고리별매출분석",
  "analysis_data": {
    "title": "카테고리별 수익성 분석 (당해 전년 주요변화)",
    "sections": [
      {
        "div": "ACC",
        "sub_title": "ACC 전년대비 주요 변화",
        "ai_text": "ACC 카테고리는 당해 57k 매출로 전년 대비 극적인 회복세를 보였습니다. 전년 -445k의 마이너스 매출에서 플러스 전환된 것은 주목할 만한 성과입니다.\n\n**강세 아이템 분석:**\n• BAYC 로고 보스턴백(1k) - 신규 출시로 즉시 매출 기여\n• 바시티 컬러블록 포인트 볼캡 - 신규 모자류 라인 성공\n• 모노그램 포인트 버킷햇 - 계절성 아이템 강세\n\n**약세 아이템 분석:**\n• VAIDER MAXI 신발: 40k → 3k (-93.4%) 급락으로 가장 큰 손실\n• 스컬 자카드 로고 비니: 16k → 0k 완전 소진\n• 크라운 로고 포인트 비니: 11k → 0k 계절성 종료\n\n**전략적 시사점:**\n신규 BAYC 콜라보와 바시티 라인이 성장 동력으로 작용하고 있으나, 기존 신발류와 방한용품의 급격한 매출 감소가 우려됩니다. 단기적으로는 신규 라인 확대, 중장기적으로는 신발류 리뉴얼이 필요합니다."
      },
      {
        "div": "의류",
        "sub_title": "의류 전년대비 주요 변화",
        "ai_text": "의류 카테고리는 당해 204k 매출로 전년 -335k 대비 대폭 개선되었습니다. 전면적인 신규 라인업 도입이 성공적으로 작용했습니다.\n\n**강세 아이템 분석:**\n• 페스티벌 렌티큘러 컴포터블핏 후드집업(3k) - 신규 후드티 라인 선전\n• 바시티 빅 레터링 세미와이드 팬츠(2k) - 신규 바시티 라인 성공\n• 바시티 아치 로고 저지 바시티 점퍼(2k) - 바시티 브랜딩 효과\n• BAYC 우븐 오버핏 피스테(2k) - 콜라보 라인 안정적 성과\n• 에센셜 로고 트레이닝 팬츠(2k) - 기존 제품 중 유일한 성장\n\n**약세 아이템 분석:**\n• 백 그래픽 3L 바람막이: 101k → 0k 완전 소진\n• 후면 빅그래픽 신슐레이트 코트: 68k → 0k 완전 소진\n• 삼각 와펜 포인트 소프트쉘: 52k → 0k 완전 소진\n• 후드 퀼팅 경량 숏 다운: 50k → 0k 완전 소진\n\n**전략적 시사점:**\n신규 바시티와 BAYC 라인이 성장을 견인하고 있으나, 기존 아웃도어/방한 라인의 전면적 소진이 발생했습니다. 계절성 변화와 제품 라이프사이클 관리가 핵심 과제입니다."
      },
      {
        "div": "종합분석-1",
        "sub_title": "카테고리별 수익성 종합 평가",
        "ai_text": "SUPRA 브랜드는 2024년 9월 총 261k 매출로 전년 -725k 대비 극적인 회복을 달성했습니다.\n\n**카테고리별 기여도:**\n• 의류: 204k (78.2%) - 주력 카테고리로서 안정적 기여\n• ACC: 57k (21.8%) - 보조 카테고리이지만 성장률 높음\n• 단종 제품: 0k (전년 55k에서 완전 정리)\n\n**수익성 구조 변화:**\n전년 대비 매출 구조가 완전히 개편되었습니다. 기존 제품군의 대부분이 소진/단종되고, 신규 라인(바시티, BAYC, 페스티벌, 에센셜)이 매출의 대부분을 차지합니다.\n\n**브랜드 포트폴리오 최적화:**\n신규 라인 중심의 포트폴리오 재편이 성공적으로 진행되었으나, 제품 다양성 측면에서는 축소된 상황입니다. 향후 라인별 확장과 깊이 있는 제품 개발이 필요합니다."
      },
      {
        "div": "종합분석-2",
        "sub_title": "성장 카테고리 및 기회",
        "ai_text": "**핵심 성장 동력:**\n• 바시티 라인: 의류 3개 아이템(점퍼 2k, 팬츠 2k) + ACC 1개 아이템으로 총 4k+ 기여\n• BAYC 콜라보: 의류 3k + ACC 1k로 총 4k 기여, 브랜드 시너지 효과 확인\n• 페스티벌 라인: 후드티 3k + ACC 버킷햇으로 젊은 타겟 공략 성공\n\n**카테고리별 기회 분석:**\n• 의류: 신규 라인의 확장 가능성 높음, 특히 바시티와 에센셜 라인\n• ACC: 신규 모자류와 가방류 성과 양호, 신발류 리뉴얼 시급\n\n**시장 기회:**\n콜라보레이션 전략이 효과적으로 작용하고 있어, 추가 파트너십 확대 검토 필요합니다. 특히 BAYC와 같은 디지털 자산 기반 콜라보가 젊은 소비자층에게 어필하고 있습니다.\n\n**확장 전략:**\n성공한 신규 라인들의 시즌별 확장과 컬러/사이즈 다양화를 통해 매출 규모 확대가 가능할 것으로 판단됩니다."
      },
      {
        "div": "종합분석-3",
        "sub_title": "주의 필요 카테고리",
        "ai_text": "**고위험 카테고리:**\n• 신발류: VAIDER MAXI 40k → 3k (-93.4%) 급락으로 ACC 내 최대 리스크\n• 방한용품: 비니류 27k → 0k 완전 소진, 계절성 대응 실패\n• 아웃도어 라인: 방풍자켓, 패딩, 소프트쉘 등 총 271k → 0k 완전 철수\n\n**구조적 문제점:**\n기존 제품군의 전면적 소진은 단순한 계절성 변화를 넘어선 구조적 문제를 시사합니다. 특히 아웃도어 카테고리의 완전 철수는 브랜드 정체성 변화를 의미할 수 있습니다.\n\n**리스크 요소:**\n• 제품 다양성 급격한 축소로 인한 고객 이탈 위험\n• 계절성 대응 능력 저하 (방한, 아웃도어 라인 부재)\n• 신발류 경쟁력 약화로 인한 ACC 카테고리 성장 제약\n\n**개선 방향:**\n단기적으로는 신발류 리뉴얼과 방한용품 재도입, 중장기적으로는 아웃도어 라인의 선별적 복귀를 검토해야 합니다. 특히 계절성 제품군의 안정적 공급 체계 구축이 시급합니다."
      },
      {
        "div": "종합분석-4",
        "sub_title": "이상징후 및 리스크 감지",
        "ai_text": "**심각한 이상징후:**\n• 전년 대비 제품군 90% 이상 교체: 정상적인 시즌 체인지를 넘어선 급진적 변화\n• 단종 카테고리 등장: 'null' 카테고리에 55k 매출이 완전 소멸\n• 매출 규모 급격한 축소: 절대 매출액이 여전히 낮은 수준\n\n**데이터 품질 이슈:**\n• ACC 강세 아이템 중 일부가 0k 또는 음수 매출로 표시되는 데이터 오류\n• 변화율 계산에서 999.9% 표시는 신규 제품을 의미하나, 실제 성장률 파악 어려움\n\n**운영 리스크:**\n• 재고 관리 실패: 기존 제품 대량 소진으로 인한 기회 손실\n• 브랜드 일관성 훼손: 급격한 제품 라인 변화로 인한 브랜드 정체성 혼란\n• 공급망 불안정: 신규 제품 중심 구조로 인한 안정성 저하\n\n**잠재적 리스크:**\n신규 라인에 과도하게 의존하는 구조로 인해, 해당 라인의 실패 시 전체 브랜드에 미치는 영향이 클 수 있습니다. 리스크 분산을 위한 포트폴리오 다각화가 필요합니다."
      },
      {
        "div": "종합분석-5",
        "sub_title": "카테고리별 전략 최적화 방안",
        "ai_text": "**즉시 실행 방안 (1-3개월):**\n• 바시티 라인 확장: 성공 아이템 기반 컬러/사이즈 다양화\n• BAYC 콜라보 심화: 추가 아이템 개발 및 한정판 출시\n• 신발류 긴급 리뉴얼: VAIDER 라인 재설계 또는 신규 모델 도입\n• 데이터 품질 개선: 매출 집계 시스템 점검 및 오류 수정\n\n**단기 전략 (3-6개월):**\n• 계절성 제품 재도입: 방한용품과 경량 아웃도어 라인 선별적 복귀\n• 에센셜 라인 확장: 안정적 성과를 보인 기본 라인 강화\n• 페스티벌 라인 시즌 확장: 성공한 젊은 타겟 라인의 연중 전개\n• 가격대별 포트폴리오 구성: 다양한 가격대 제품으로 고객층 확대\n\n**중장기 전략 (6-12개월):**\n• 브랜드 정체성 재정립: 스트리트/어반 스포츠 브랜드로 포지셔닝 명확화\n• 콜라보레이션 전략 체계화: BAYC 성공 사례 기반 추가 파트너십 발굴\n• 옴니채널 전략: 온라인 전용 라인과 오프라인 전용 라인 차별화\n• 지속가능성 라인 도입: ESG 트렌드 반영한 친환경 제품군 개발\n\n**성과 측정 지표:**\n• 카테고리별 월 매출 성장률 10% 이상 유지\n• 신규 라인 기여도 60% 이하로 조정 (리스크 분산)\n• 고객 재구매율 25% 이상 달성\n• 브랜드 인지도 및 선호도 지수 개선"
      }
    ]
  },
  "summary": {
    "total_sales_cy": 261.0,
    "total_sales_py": -725.0,
    "change_pct": 0,
    "total_records": 795,
    "analysis_period": "2024년 9월 vs 2025년 9월"
  },
  "category_analysis": {
    "의류": {
      "current_total": 204.0,
      "previous_total": -335.0,
      "change_pct": 0,
      "strong_items": [
        {
          "item_nm": "후드티",
          "prdt_nm": "페스티벌 렌티큘러 컴포터블핏 후드집업",
          "current_sale": 3.0,
          "previous_sale": 0,
          "change_pct": 999.9,
          "type": "신규"
        },
        {
          "item_nm": "팬츠",
          "prdt_nm": "바시티 빅 레터링 세미와이드",
          "current_sale": 2.0,
          "previous_sale": 0,
          "change_pct": 999.9,
          "type": "신규"
        },
        {
          "item_nm": "점퍼",
          "prdt_nm": "바시티 아치 로고 저지 바시티",
          "current_sale": 2.0,
          "previous_sale": 0,
          "change_pct": 999.9,
          "type": "신규"
        },
        {
          "item_nm": "맨투맨",
          "prdt_nm": "BAYC 우븐 오버핏 피스테",
          "current_sale": 2.0,
          "previous_sale": 0,
          "change_pct": 999.9,
          "type": "신규"
        },
        {
          "item_nm": "팬츠",
          "prdt_nm": "에센셜 로고 트레이닝 팬츠",
          "current_sale": 2.0,
          "previous_sale": 0.0,
          "change_pct": 224.4,
          "type": "기존"
        },
        {
          "item_nm": "트레이닝(상의)",
          "prdt_nm": "에센셜 헤리티지 로고 스텐드넥 트랙 집업 셋업",
          "current_sale": 1.0,
          "previous_sale": 0,
          "change_pct": 999.9,
          "type": "신규"
        },
        {
          "item_nm": "점퍼",
          "prdt_nm": "에센셜 부클 자수 바시티 자켓",
          "current_sale": 1.0,
          "previous_sale": 0,
          "change_pct": 999.9,
          "type": "신규"
        },
        {
          "item_nm": "점퍼",
          "prdt_nm": "에센셜 나일론 트랙 자켓",
          "current_sale": 1.0,
          "previous_sale": 0,
          "change_pct": 999.9,
          "type": "신규"
        },
        {
          "item_nm": "점퍼",
          "prdt_nm": "아웃도어 남성 립스탑 경량 패딩",
          "current_sale": 1.0,
          "previous_sale": 0,
          "change_pct": 999.9,
          "type": "신규"
        },
        {
          "item_nm": "맨투맨",
          "prdt_nm": "BAYC 오버핏 맨투맨",
          "current_sale": 1.0,
          "previous_sale": 0,
          "change_pct": 999.9,
          "type": "신규"
        }
      ],
      "weak_items": [
        {
          "item_nm": "다운점퍼",
          "prdt_nm": "여성 베이직 다운자켓",
          "current_sale": 0.0,
          "previous_sale": 1.0,
          "change_pct": -100.0,
          "type": "기존"
        },
        {
          "item_nm": "후드티",
          "prdt_nm": "에센셜 잔디 자수 로고 오버핏 후드티",
          "current_sale": 0.0,
          "previous_sale": 0.0,
          "change_pct": -100.0,
          "type": "기존"
        },
        {
          "item_nm": "맨투맨",
          "prdt_nm": "백 마운틴 그래픽 맨투맨",
          "current_sale": 0.0,
          "previous_sale": 35.0,
          "change_pct": -100.0,
          "type": "기존"
        },
        {
          "item_nm": "맨투맨",
          "prdt_nm": "삼각 와펜 포인트 립스탑 우븐",
          "current_sale": 0.0,
          "previous_sale": 40.0,
          "change_pct": -100.0,
          "type": "기존"
        },
        {
          "item_nm": "다운점퍼",
          "prdt_nm": "후드 퀼팅 경량 숏 다운 자켓",
          "current_sale": 0.0,
          "previous_sale": 50.0,
          "change_pct": -100.0,
          "type": "기존"
        },
        {
          "item_nm": "방풍자켓",
          "prdt_nm": "백 그래픽 3L 바람막이",
          "current_sale": 0.0,
          "previous_sale": 101.0,
          "change_pct": -100.0,
          "type": "기존"
        },
        {
          "item_nm": "소프트쉘",
          "prdt_nm": "삼각 와펜 포인트 소프트쉘 자",
          "current_sale": 0.0,
          "previous_sale": 52.0,
          "change_pct": -100.0,
          "type": "기존"
        },
        {
          "item_nm": "패딩",
          "prdt_nm": "후면 빅그래픽 신슐레이트 코",
          "current_sale": 0.0,
          "previous_sale": 68.0,
          "change_pct": -100.0,
          "type": "기존"
        },
        {
          "item_nm": "다운점퍼",
          "prdt_nm": "아웃도어 립스탑 투톤 배색 숏",
          "current_sale": 0.0,
          "previous_sale": 1.0,
          "change_pct": -100.0,
          "type": "기존"
        },
        {
          "item_nm": "맨투맨",
          "prdt_nm": "플리스 맨투맨",
          "current_sale": 0.0,
          "previous_sale": 17.0,
          "change_pct": -100.0,
          "type": "기존"
        }
      ]
    },
    "ACC": {
      "current_total": 57.0,
      "previous_total": -445.0,
      "change_pct": 0,
      "strong_items": [
        {
          "item_nm": "보스톤백",
          "prdt_nm": "BAYC 로고 보스턴백",
          "current_sale": 1.0,
          "previous_sale": 0,
          "change_pct": 999.9,
          "type": "신규"
        },
        {
          "item_nm": "운동모",
          "prdt_nm": "바시티 컬러블록 포인트 볼캡",
          "current_sale": 0.0,
          "previous_sale": 0,
          "change_pct": 999.9,
          "type": "신규"
        },
        {
          "item_nm": "햇",
          "prdt_nm": "모노그램  포인트 버킷햇",
          "current_sale": 0.0,
          "previous_sale": 0,
          "change_pct": 999.9,
          "type": "신규"
        },
        {
          "item_nm": "운동모",
          "prdt_nm": "페스티벌 스팽글 포인트 버킷 햇",
          "current_sale": 0.0,
          "previous_sale": 0,
          "change_pct": 999.9,
          "type": "신규"
        },
        {
          "item_nm": "방한모",
          "prdt_nm": "라벨 포인트 트레퍼햇",
          "current_sale": 0.0,
          "previous_sale": 0,
          "change_pct": 999.9,
          "type": "신규"
        },
        {
          "item_nm": "양말",
          "prdt_nm": "BAYC 바이오맥스 흡습속건 스트라이프 삭스",
          "current_sale": -0.0,
          "previous_sale": 0,
          "change_pct": 999.9,
          "type": "신규"
        },
        {
          "item_nm": "운동모",
          "prdt_nm": "크라운 로고 포인트 컬러블록",
          "current_sale": 0.0,
          "previous_sale": 0.0,
          "change_pct": 1147.1,
          "type": "기존"
        },
        {
          "item_nm": "양말",
          "prdt_nm": "에센셜 부클 자수 양말",
          "current_sale": 0.0,
          "previous_sale": 0,
          "change_pct": 999.9,
          "type": "신규"
        },
        {
          "item_nm": "양말",
          "prdt_nm": "에센셜 베이직 로고 양말",
          "current_sale": -0.0,
          "previous_sale": 0,
          "change_pct": 999.9,
          "type": "신규"
        },
        {
          "item_nm": "운동모",
          "prdt_nm": "에센셜 투톤 로고 언스트럭쳐 볼캡",
          "current_sale": 0.0,
          "previous_sale": 0,
          "change_pct": 999.9,
          "type": "신규"
        }
      ],
      "weak_items": [
        {
          "item_nm": "비니",
          "prdt_nm": "스컬 자카드 로고 비니",
          "current_sale": 0.0,
          "previous_sale": 16.0,
          "change_pct": -100.0,
          "type": "기존"
        },
        {
          "item_nm": "백팩",
          "prdt_nm": "마운틴 SB 그래픽 라벨 포인트",
          "current_sale": 0.0,
          "previous_sale": 4.0,
          "change_pct": -100.0,
          "type": "기존"
        },
        {
          "item_nm": "비니",
          "prdt_nm": "크라운 로고 포인트 비니",
          "current_sale": 0.0,
          "previous_sale": 11.0,
          "change_pct": -100.0,
          "type": "기존"
        },
        {
          "item_nm": "가방",
          "prdt_nm": "바시티 옥스포드 메신저 크로스백",
          "current_sale": 0.0,
          "previous_sale": 1.0,
          "change_pct": -100.0,
          "type": "기존"
        },
        {
          "item_nm": "양말",
          "prdt_nm": "3족 세트 미드 양말",
          "current_sale": 0.0,
          "previous_sale": 1.0,
          "change_pct": -100.0,
          "type": "기존"
        },
        {
          "item_nm": "양말",
          "prdt_nm": "메리노 울 중목 양말",
          "current_sale": 0.0,
          "previous_sale": 1.0,
          "change_pct": -100.0,
          "type": "기존"
        },
        {
          "item_nm": "양말",
          "prdt_nm": "크라운 로고 포인트 기본 미드",
          "current_sale": 0.0,
          "previous_sale": 1.0,
          "change_pct": -100.0,
          "type": "기존"
        },
        {
          "item_nm": "신발",
          "prdt_nm": "VAIDER MAXI",
          "current_sale": 3.0,
          "previous_sale": 40.0,
          "change_pct": -93.4,
          "type": "기존"
        },
        {
          "item_nm": "가방",
          "prdt_nm": "아웃도어 미니 크로스백",
          "current_sale": 0.0,
          "previous_sale": 2.0,
          "change_pct": -91.6,
          "type": "기존"
        },
        {
          "item_nm": "운동모",
          "prdt_nm": "에센셜 언스트럭처 크라운 로",
          "current_sale": 1.0,
          "previous_sale": 7.0,
          "change_pct": -90.7,
          "type": "기존"
        }
      ]
    },
    "null": {
      "current_total": 0.0,
      "previous_total": 55.0,
      "change_pct": -100.0,
      "strong_items": [],
      "weak_items": [
        {
          "item_nm": null,
          "prdt_nm": "BAYC 테니스 그래픽 반팔 티셔",
          "current_sale": 0,
          "previous_sale": 0.0,
          "change_pct": -100.0,
          "type": "단종"
        },
        {
          "item_nm": null,
          "prdt_nm": "여성 스몰 로고 슬림핏 긴팔",
          "current_sale": 0,
          "previous_sale": 1.0,
          "change_pct": -100.0,
          "type": "단종"
        },
        {
          "item_nm": null,
          "prdt_nm": "여성 우븐 카고 스커트",
          "current_sale": 0,
          "previous_sale": 3.0,
          "change_pct": -100.0,
          "type": "단종"
        },
        {
          "item_nm": null,
          "prdt_nm": "우븐 포켓 플리스자켓",
          "current_sale": 0,
          "previous_sale": 49.0,
          "change_pct": -100.0,
          "type": "단종"
        },
        {
          "item_nm": null,
          "prdt_nm": "여성 서클 크라운 골지 반팔",
          "current_sale": 0,
          "previous_sale": 1.0,
          "change_pct": -100.0,
          "type": "단종"
        },
        {
          "item_nm": null,
          "prdt_nm": "에센셜 세미 와이드 팬츠",
          "current_sale": 0,
          "previous_sale": 0.0,
          "change_pct": -100.0,
          "type": "단종"
        },
        {
          "item_nm": null,
          "prdt_nm": "여성 스몰로고 슬림핏 반팔 티",
          "current_sale": 0,
          "previous_sale": 0.0,
          "change_pct": -100.0,
          "type": "단종"
        }
      ]
    }
  },
  "raw_data": {
    "sample_records": [
      {
        "YYYYMM": "202409",
        "BRD_CD": "W",
        "LARGE_CLASS_NM": "의류",
        "MIDDLE_CLASS_NM": "Outer",
        "ITEM_NM": "다운점퍼",
        "PRDT_CD": "W22FWXDJ20226",
        "PRDT_NM": "푸퍼 다운 자켓",
        "SALE_AMT": 0.0
      },
      {
        "YYYYMM": "202409",
        "BRD_CD": "W",
        "LARGE_CLASS_NM": "의류",
        "MIDDLE_CLASS_NM": "Inner",
        "ITEM_NM": "맨투맨",
        "PRDT_CD": "W22SWXMT50023",
        "PRDT_NM": "[SUPRA X #7298] 크라운 스웻 셔츠",
        "SALE_AMT": 0.0
      },
      {
        "YYYYMM": "202409",
        "BRD_CD": "W",
        "LARGE_CLASS_NM": "의류",
        "MIDDLE_CLASS_NM": "Inner",
        "ITEM_NM": "맨투맨",
        "PRDT_CD": "W23FWXMT10736",
        "PRDT_NM": "페스티벌 오버핏 맨투맨",
        "SALE_AMT": 0.0
      },
      {
        "YYYYMM": "202409",
        "BRD_CD": "W",
        "LARGE_CLASS_NM": "의류",
        "MIDDLE_CLASS_NM": "Inner",
        "ITEM_NM": "맨투맨",
        "PRDT_CD": "W23FWXMT70136",
        "PRDT_NM": "에센셜 오버핏 부클 자수 맨투맨",
        "SALE_AMT": 0.0
      },
      {
        "YYYYMM": "202409",
        "BRD_CD": "W",
        "LARGE_CLASS_NM": "의류",
        "MIDDLE_CLASS_NM": "Bottom",
        "ITEM_NM": "우븐팬츠",
        "PRDT_CD": "W24FWXWP30544",
        "PRDT_NM": "포켓 우븐 와이드 팬츠",
        "SALE_AMT": 26870.58
      },
      {
        "YYYYMM": "202409",
        "BRD_CD": "W",
        "LARGE_CLASS_NM": "의류",
        "MIDDLE_CLASS_NM": "Outer",
        "ITEM_NM": "점퍼",
        "PRDT_CD": "W24SWXJP50341",
        "PRDT_NM": "BAYC 후면 그래픽 우븐 코치 자",
        "SALE_AMT": -1384.75
      },
      {
        "YYYYMM": "202509",
        "BRD_CD": "W",
        "LARGE_CLASS_NM": "의류",
        "MIDDLE_CLASS_NM": "Bottom",
        "ITEM_NM": "팬츠",
        "PRDT_CD": "W23FWXPT01634",
        "PRDT_NM": "에센셜 스몰 로고 조거팬츠",
        "SALE_AMT": 662.2
      },
      {
        "YYYYMM": "202409",
        "BRD_CD": "W",
        "LARGE_CLASS_NM": "의류",
        "MIDDLE_CLASS_NM": "Outer",
        "ITEM_NM": "다운점퍼",
        "PRDT_CD": "W24FWXDJ31046",
        "PRDT_NM": "백 그래픽 숏 다운 자켓",
        "SALE_AMT": 0.0
      },
      {
        "YYYYMM": "202509",
        "BRD_CD": "W",
        "LARGE_CLASS_NM": "ACC",
        "MIDDLE_CLASS_NM": "Headwear",
        "ITEM_NM": "운동모",
        "PRDT_CD": "W23NWXCP1063N",
        "PRDT_NM": "바시티 컬러블록 포인트 볼캡",
        "SALE_AMT": 0.0
      },
      {
        "YYYYMM": "202409",
        "BRD_CD": "W",
        "LARGE_CLASS_NM": "의류",
        "MIDDLE_CLASS_NM": "Bottom",
        "ITEM_NM": "팬츠",
        "PRDT_CD": "W24FWXPT30244",
        "PRDT_NM": "캐주얼 트랙 팬츠 셋업",
        "SALE_AMT": 43403.73
      },
      {
        "YYYYMM": "202409",
        "BRD_CD": "W",
        "LARGE_CLASS_NM": "의류",
        "MIDDLE_CLASS_NM": "Inner",
        "ITEM_NM": "반팔티셔츠",
        "PRDT_CD": "W24SWXRS51243",
        "PRDT_NM": "BAYC 아치 로고 그래픽 레그런",
        "SALE_AMT": -39883.82
      },
      {
        "YYYYMM": "202409",
        "BRD_CD": "W",
        "LARGE_CLASS_NM": "의류",
        "MIDDLE_CLASS_NM": "Outer",
        "ITEM_NM": "방풍자켓",
        "PRDT_CD": "W24FWWWJ31044",
        "PRDT_NM": "여성 베이직 바람막이",
        "SALE_AMT": 16114.15
      },
      {
        "YYYYMM": "202409",
        "BRD_CD": "W",
        "LARGE_CLASS_NM": "ACC",
        "MIDDLE_CLASS_NM": "Shoes",
        "ITEM_NM": "신발",
        "PRDT_CD": "W23SWXSH10131",
        "PRDT_NM": "VAIDER X",
        "SALE_AMT": -9291.53
      },
      {
        "YYYYMM": "202509",
        "BRD_CD": "W",
        "LARGE_CLASS_NM": "의류",
        "MIDDLE_CLASS_NM": "Outer",
        "ITEM_NM": "점퍼",
        "PRDT_CD": "W24SWXJP50341",
        "PRDT_NM": "BAYC 후면 그래픽 우븐 코치 자",
        "SALE_AMT": 456.0
      },
      {
        "YYYYMM": "202509",
        "BRD_CD": "W",
        "LARGE_CLASS_NM": "의류",
        "MIDDLE_CLASS_NM": "Inner",
        "ITEM_NM": "후드티",
        "PRDT_CD": "W24FWXHD30544",
        "PRDT_NM": "라벨 포인트 데일리 후드",
        "SALE_AMT": 479.2
      },
      {
        "YYYYMM": "202409",
        "BRD_CD": "W",
        "LARGE_CLASS_NM": "의류",
        "MIDDLE_CLASS_NM": "Outer",
        "ITEM_NM": "방풍자켓",
        "PRDT_CD": "W24SWXWJ30243",
        "PRDT_NM": "아웃도어 반팔 후드 아노락",
        "SALE_AMT": -18793.96
      },
      {
        "YYYYMM": "202409",
        "BRD_CD": "W",
        "LARGE_CLASS_NM": "의류",
        "MIDDLE_CLASS_NM": "Inner",
        "ITEM_NM": "후드티",
        "PRDT_CD": "W23FWXHD30836",
        "PRDT_NM": "아웃도어 우븐 패치 오버핏 후드 집업",
        "SALE_AMT": 0.0
      },
      {
        "YYYYMM": "202409",
        "BRD_CD": "W",
        "LARGE_CLASS_NM": "ACC",
        "MIDDLE_CLASS_NM": "Bag",
        "ITEM_NM": "가방",
        "PRDT_CD": "W23NWXBG1093N",
        "PRDT_NM": "BAYC 베이직 로고 크로스백",
        "SALE_AMT": 419.3
      },
      {
        "YYYYMM": "202509",
        "BRD_CD": "W",
        "LARGE_CLASS_NM": "의류",
        "MIDDLE_CLASS_NM": "Inner",
        "ITEM_NM": "후드티",
        "PRDT_CD": "W23FWWHD20536",
        "PRDT_NM": "페스티벌 여성 벨벳 크롭 후드 집업 셋업",
        "SALE_AMT": 0.0
      },
      {
        "YYYYMM": "202509",
        "BRD_CD": "W",
        "LARGE_CLASS_NM": "ACC",
        "MIDDLE_CLASS_NM": "Headwear",
        "ITEM_NM": "비니",
        "PRDT_CD": "W24NWXBN3544N",
        "PRDT_NM": "스컬 자카드 로고 비니",
        "SALE_AMT": 0.0
      },
      {
        "YYYYMM": "202509",
        "BRD_CD": "W",
        "LARGE_CLASS_NM": "의류",
        "MIDDLE_CLASS_NM": "Outer",
        "ITEM_NM": "다운점퍼",
        "PRDT_CD": "W24FWXDJ10446",
        "PRDT_NM": "베이직 숏 다운 자켓",
        "SALE_AMT": 0.0
      },
      {
        "YYYYMM": "202509",
        "BRD_CD": "W",
        "LARGE_CLASS_NM": "의류",
        "MIDDLE_CLASS_NM": "Bottom",
        "ITEM_NM": "팬츠",
        "PRDT_CD": "W24SWXPT10741",
        "PRDT_NM": "에센셜 스몰로고 조거 팬츠",
        "SALE_AMT": 2415.6
      },
      {
        "YYYYMM": "202409",
        "BRD_CD": "W",
        "LARGE_CLASS_NM": "ACC",
        "MIDDLE_CLASS_NM": "Shoes",
        "ITEM_NM": "신발",
        "PRDT_CD": "W24NWXSH2114N",
        "PRDT_NM": "VAIDER",
        "SALE_AMT": 9124.77
      },
      {
        "YYYYMM": "202409",
        "BRD_CD": "W",
        "LARGE_CLASS_NM": "의류",
        "MIDDLE_CLASS_NM": "Bottom",
        "ITEM_NM": "팬츠",
        "PRDT_CD": "W24SWXPT10741",
        "PRDT_NM": "에센셜 스몰로고 조거 팬츠",
        "SALE_AMT": -38935.18
      },
      {
        "YYYYMM": "202409",
        "BRD_CD": "W",
        "LARGE_CLASS_NM": "의류",
        "MIDDLE_CLASS_NM": "Inner",
        "ITEM_NM": "반팔티셔츠",
        "PRDT_CD": "W24SWWRS11543",
        "PRDT_NM": "에센셜 신규 여성전용 반팔 크",
        "SALE_AMT": -6249.54
      },
      {
        "YYYYMM": "202509",
        "BRD_CD": "W",
        "LARGE_CLASS_NM": "의류",
        "MIDDLE_CLASS_NM": "Outer",
        "ITEM_NM": "다운베스트",
        "PRDT_CD": "W24FWXDV30346",
        "PRDT_NM": "백 그래픽 다운 베스트",
        "SALE_AMT": 0.0
      },
      {
        "YYYYMM": "202509",
        "BRD_CD": "W",
        "LARGE_CLASS_NM": "의류",
        "MIDDLE_CLASS_NM": "Outer",
        "ITEM_NM": "다운점퍼",
        "PRDT_CD": "W24FWWDJ31746",
        "PRDT_NM": "여성 베이직 다운자켓",
        "SALE_AMT": 0.0
      },
      {
        "YYYYMM": "202409",
        "BRD_CD": "W",
        "LARGE_CLASS_NM": "의류",
        "MIDDLE_CLASS_NM": "Outer",
        "ITEM_NM": "점퍼",
        "PRDT_CD": "W23FWWJP20434",
        "PRDT_NM": "바시티 여성 져지 후드자켓",
        "SALE_AMT": 839.0
      },
      {
        "YYYYMM": "202409",
        "BRD_CD": "W",
        "LARGE_CLASS_NM": "의류",
        "MIDDLE_CLASS_NM": "Inner",
        "ITEM_NM": "반팔티셔츠",
        "PRDT_CD": "W23SWXRS85333",
        "PRDT_NM": "[SUPRA X CRYPTO #7945] 메탈릭 로고 티셔츠",
        "SALE_AMT": 0.0
      },
      {
        "YYYYMM": "202409",
        "BRD_CD": "W",
        "LARGE_CLASS_NM": "의류",
        "MIDDLE_CLASS_NM": "Inner",
        "ITEM_NM": "반팔티셔츠",
        "PRDT_CD": "W24SWXRS50043",
        "PRDT_NM": "BAYC 스몰 그래픽 오버핏 티셔",
        "SALE_AMT": -17181.88
      },
      {
        "YYYYMM": "202509",
        "BRD_CD": "W",
        "LARGE_CLASS_NM": "ACC",
        "MIDDLE_CLASS_NM": "Shoes",
        "ITEM_NM": "신발",
        "PRDT_CD": "W23NWXSH5943N",
        "PRDT_NM": "VAIDER X",
        "SALE_AMT": 3956.4000000000005
      },
      {
        "YYYYMM": "202509",
        "BRD_CD": "W",
        "LARGE_CLASS_NM": "의류",
        "MIDDLE_CLASS_NM": "Outer",
        "ITEM_NM": "방풍자켓",
        "PRDT_CD": "W25SWXWJ73951",
        "PRDT_NM": "모노그램 사파리 자켓",
        "SALE_AMT": 0.0
      },
      {
        "YYYYMM": "202509",
        "BRD_CD": "W",
        "LARGE_CLASS_NM": "의류",
        "MIDDLE_CLASS_NM": "Inner",
        "ITEM_NM": "우븐셔츠",
        "PRDT_CD": "W24SWXWS50143",
        "PRDT_NM": "후면 아치 로고 BAYC 오픈 카라",
        "SALE_AMT": 0.0
      },
      {
        "YYYYMM": "202409",
        "BRD_CD": "W",
        "LARGE_CLASS_NM": "의류",
        "MIDDLE_CLASS_NM": "Outer",
        "ITEM_NM": "점퍼",
        "PRDT_CD": "W23FWXJP40336",
        "PRDT_NM": "바시티 울 와펜 플레이 자켓",
        "SALE_AMT": 0.0
      },
      {
        "YYYYMM": "202409",
        "BRD_CD": "W",
        "LARGE_CLASS_NM": "ACC",
        "MIDDLE_CLASS_NM": "Headwear",
        "ITEM_NM": "운동모",
        "PRDT_CD": "W23NWXCP2033N",
        "PRDT_NM": "BAYC 원포인트 로고 버킷햇",
        "SALE_AMT": -187.54
      },
      {
        "YYYYMM": "202409",
        "BRD_CD": "W",
        "LARGE_CLASS_NM": "의류",
        "MIDDLE_CLASS_NM": "Inner",
        "ITEM_NM": "긴팔티셔츠",
        "PRDT_CD": "W24FWXRL30244",
        "PRDT_NM": "그래픽 긴팔 티셔츠",
        "SALE_AMT": 3781.0
      },
      {
        "YYYYMM": "202409",
        "BRD_CD": "W",
        "LARGE_CLASS_NM": "의류",
        "MIDDLE_CLASS_NM": "Bottom",
        "ITEM_NM": "팬츠",
        "PRDT_CD": "W23FWWPT11436",
        "PRDT_NM": "바시티 여성 크라운 로고 져지 와이드팬츠",
        "SALE_AMT": 0.0
      },
      {
        "YYYYMM": "202409",
        "BRD_CD": "W",
        "LARGE_CLASS_NM": "의류",
        "MIDDLE_CLASS_NM": "Bottom",
        "ITEM_NM": "트레이닝(하의)",
        "PRDT_CD": "W22FWWTP41224",
        "PRDT_NM": "우먼스 트랙 팬츠",
        "SALE_AMT": 0.0
      },
      {
        "YYYYMM": "202409",
        "BRD_CD": "W",
        "LARGE_CLASS_NM": "의류",
        "MIDDLE_CLASS_NM": "Inner",
        "ITEM_NM": "긴팔티셔츠",
        "PRDT_CD": "W24FWWRL40144",
        "PRDT_NM": "여성 크라운 로고 슬림핏 긴팔",
        "SALE_AMT": 4064.2
      },
      {
        "YYYYMM": "202409",
        "BRD_CD": "W",
        "LARGE_CLASS_NM": "ACC",
        "MIDDLE_CLASS_NM": "Headwear",
        "ITEM_NM": "운동모",
        "PRDT_CD": "W24NWXCP2024N",
        "PRDT_NM": "바시티 아치 로고 컬러블록 캡",
        "SALE_AMT": -983.72
      },
      {
        "YYYYMM": "202409",
        "BRD_CD": "W",
        "LARGE_CLASS_NM": "ACC",
        "MIDDLE_CLASS_NM": "Acc_etc",
        "ITEM_NM": "양말",
        "PRDT_CD": "W24NWXSO4034N",
        "PRDT_NM": "BAYC 빅로고 양말",
        "SALE_AMT": -1792.2600000000002
      },
      {
        "YYYYMM": "202509",
        "BRD_CD": "W",
        "LARGE_CLASS_NM": "의류",
        "MIDDLE_CLASS_NM": "Inner",
        "ITEM_NM": "긴팔티셔츠",
        "PRDT_CD": "W24FWXRL30744",
        "PRDT_NM": "우븐 배색 포인트 긴팔 티셔츠",
        "SALE_AMT": 599.0
      },
      {
        "YYYYMM": "202409",
        "BRD_CD": "W",
        "LARGE_CLASS_NM": "의류",
        "MIDDLE_CLASS_NM": "Bottom",
        "ITEM_NM": "우븐팬츠",
        "PRDT_CD": "W24FWXWP30244",
        "PRDT_NM": "포켓 포인트 우븐 조거 팬츠",
        "SALE_AMT": 8429.74
      },
      {
        "YYYYMM": "202409",
        "BRD_CD": "W",
        "LARGE_CLASS_NM": "ACC",
        "MIDDLE_CLASS_NM": "Headwear",
        "ITEM_NM": "운동모",
        "PRDT_CD": "W24NWXCP3514N",
        "PRDT_NM": "마운틴 SB 그래픽 라벨 포인트",
        "SALE_AMT": -28029.33
      },
      {
        "YYYYMM": "202509",
        "BRD_CD": "W",
        "LARGE_CLASS_NM": "의류",
        "MIDDLE_CLASS_NM": "Bottom",
        "ITEM_NM": "팬츠",
        "PRDT_CD": "W23FWWPT42034",
        "PRDT_NM": "아웃도어 여성 우븐 카고 와이드 팬츠",
        "SALE_AMT": 0.0
      },
      {
        "YYYYMM": "202409",
        "BRD_CD": "W",
        "LARGE_CLASS_NM": "의류",
        "MIDDLE_CLASS_NM": "Inner",
        "ITEM_NM": "반팔티셔츠",
        "PRDT_CD": "W23SWXRS70133",
        "PRDT_NM": "크라운 오버핏 렌티큘러 반팔 티셔츠",
        "SALE_AMT": 0.0
      },
      {
        "YYYYMM": "202509",
        "BRD_CD": "W",
        "LARGE_CLASS_NM": "의류",
        "MIDDLE_CLASS_NM": "Inner",
        "ITEM_NM": "트레이닝(상의)",
        "PRDT_CD": "W23FWXTR02036",
        "PRDT_NM": "에센셜 헤리티지 로고 스텐드넥 트랙 집업 셋업",
        "SALE_AMT": 826.4
      },
      {
        "YYYYMM": "202509",
        "BRD_CD": "W",
        "LARGE_CLASS_NM": "의류",
        "MIDDLE_CLASS_NM": "Outer",
        "ITEM_NM": "폴라폴리스점퍼",
        "PRDT_CD": "W22FWXFD20425",
        "PRDT_NM": "쉐르파 모크넥 자켓",
        "SALE_AMT": 0.0
      },
      {
        "YYYYMM": "202509",
        "BRD_CD": "W",
        "LARGE_CLASS_NM": "의류",
        "MIDDLE_CLASS_NM": "Inner",
        "ITEM_NM": "반팔티셔츠",
        "PRDT_CD": "W24SWXRS50043",
        "PRDT_NM": "BAYC 스몰 그래픽 오버핏 티셔",
        "SALE_AMT": 8634.0
      },
      {
        "YYYYMM": "202409",
        "BRD_CD": "W",
        "LARGE_CLASS_NM": null,
        "MIDDLE_CLASS_NM": null,
        "ITEM_NM": null,
        "PRDT_CD": "W24SWXRS50843CN",
        "PRDT_NM": "BAYC 테니스 그래픽 반팔 티셔",
        "SALE_AMT": 159.6
      }
    ],
    "total_records_count": 795
  }
}