{
  "country": "CN",
  "brand_cd": "M",
  "brand_name": "MLB",
  "yyyymm": "202502",
  "yyyymm_py": "202402",
  "key": "영업비",
  "sub_key": "종합분석",
  "analysis_data": {
    "title": "영업비 종합분석",
    "sections": [
      {
        "div": "종합분석-1",
        "sub_title": "전년/당해 동월 비교 (202402 VS 202502)",
        "ai_text": "**전년 동월(202402) 대비 당해당월(202502) 영업비 변화 분석**\n\n총 영업비는 24,007k에서 26,123k로 2,116k(+8.8%) 증가했으나, 매출액(v+)이 259,034k에서 398,424k로 53.8% 급증하여 영업비 효율성은 크게 개선되었습니다.\n\n**주요 계정별 변화:**\n- 광고비: 8,098k → 11,936k (+3,838k, +47.4%) - 매출 확대를 위한 적극적 마케팅 투자\n- 인건비: 9,718k → 6,605k (-3,113k, -32.0%) - 인력 운영 효율화로 대폭 절감\n- 복리후생비: 2,130k → 2,477k (+347k, +16.3%) - 인건비 절감 대비 상대적 증가\n- 세금과공과: 177k → 1,577k (+1,400k, +790.4%) - 매출 증가에 따른 세무비용 급증\n- 수주회비: 211k → 0k (-211k, -100.0%) - 행사비 집행 없음\n\n**핵심 시사점:**\n매출액 대비 영업비 비율이 9.3%에서 6.6%로 2.7%p 개선되어 운영 효율성이 크게 향상되었습니다. 광고비 증가에도 불구하고 인건비 절감으로 전체 영업비를 통제하면서 매출 성장을 달성한 것은 긍정적 신호입니다."
      },
      {
        "div": "종합분석-2",
        "sub_title": "누적 YTD 비교 (전년 누적 VS 당해 누적)",
        "ai_text": "**전년 누적(202401~202402) 대비 당해 누적(202501~202502) 영업비 변화 분석**\n\n총 영업비는 63,952k에서 66,583k로 2,631k(+4.1%) 소폭 증가했으며, 매출액(v+)은 930,800k에서 947,871k로 17,071k(+1.8%) 증가하여 안정적 성장세를 보였습니다.\n\n**주요 계정별 변화:**\n- 광고비: 30,666k → 26,184k (-4,482k, -14.6%) - 마케팅 효율성 제고로 절감\n- 인건비: 15,958k → 18,345k (+2,387k, +15.0%) - 조직 확대 및 인건비 상승 반영\n- 수주회비: 211k → 5,787k (+5,576k, +2,643.1%) - 대규모 행사 집행\n- 임차료: 2,782k → 3,353k (+571k, +20.5%) - 매장 확장 및 임대료 인상\n- 세금과공과: 3,332k → 2,899k (-433k, -13.0%) - 세무 최적화 효과\n\n**누적 관점 특징:**\n매출액 대비 영업비 비율이 6.9%에서 7.0%로 0.1%p 상승하여 비용 통제력이 다소 약화되었습니다. 특히 수주회비와 인건비 증가가 광고비 절감 효과를 상쇄했습니다."
      },
      {
        "div": "종합분석-3",
        "sub_title": "1년 추세 분석 (2024년 1월 ~ 2025년 2월, 202401~202502)",
        "ai_text": "**14개월간 월별 영업비 추이 분석 (202401~202502)**\n\n**계절성 패턴:**\n- 1월: 광고비 집중 투자 시기 (22,569k → 14,248k)\n- 2월: 상대적 안정기 (8,098k → 11,936k)\n- 6월: 수주회비 집중 시기 (8,658k)\n- 8월: 광고비 재투자 시기 (18,050k)\n\n**주요 트렌드:**\n- 광고비: 변동성이 큰 편으로 전략적 타이밍에 집중 투자\n- 인건비: 6,000k~12,000k 범위에서 안정적 유지\n- 임차료: 1,500k 내외에서 일정하게 유지\n- 감가상각비: 350k~511k 범위에서 안정적\n\n**특이사항:**\n- 202408: 수주회비 마이너스 계상 (-208k) - 환입 처리\n- 202501: 인건비 급증 (11,741k) - 연초 보너스 등 일시적 요인\n- 202406: 수주회비 최대 집행 (8,658k) - 대규모 행사 개최\n\n**효율성 추이:**\n2024년 하반기부터 매출 대비 영업비 비율이 개선되는 추세로, 운영 효율성이 점진적으로 향상되고 있습니다."
      },
      {
        "div": "종합분석-4",
        "sub_title": "법인 전체 대비 브랜드 비중 분석 (MLB vs 법인 전체)",
        "ai_text": "**MLB 브랜드의 법인 전체 대비 영업비 비중 분석 (당해당월 202502 기준)**\n\nMLB 브랜드는 법인 전체(MLB + MLB KIDS + DISCOVERY + DUVETICA + SERGIO TACCHINI + SUPRA) 영업비의 83.2%(26,123k/31,417k)를 차지하여 압도적 비중을 보이고 있습니다.\n\n**계정별 비중 분석:**\n- 임차료: 100.0% (1,678k/1,678k) - 전액 MLB 부담\n- 세금과공과: 100.0% (1,577k/1,577k) - 전액 MLB 부담\n- 감가상각비: 99.3% (350k/352k) - 거의 전액 MLB 자산\n- 지급수수료: 87.2% (1,276k/1,464k) - 높은 비중\n- 복리후생비: 85.6% (2,477k/2,894k) - 인력 규모 반영\n- 광고비: 82.7% (11,936k/14,432k) - 마케팅 투자 집중\n- 인건비: 80.2% (6,605k/8,239k) - 조직 규모 반영\n- 기타비용: 77.3% (225k/291k) - 상대적 낮은 비중\n- 수주회비: 0.0% (0k/491k) - 타 브랜드에서 집행\n\n**누적 기준 비중:**\n당해 누적(202501~202502) 기준으로는 85.0%를 차지하여 MLB가 법인 영업비의 절대적 비중을 담당하고 있습니다."
      },
      {
        "div": "종합분석-5",
        "sub_title": "전략적 시사점",
        "ai_text": "**단기 전략 방향 (향후 3개월)**\n\n1. **광고비 ROI 최적화**: 47.4% 증가한 광고비 대비 매출 성과 모니터링 강화 필요\n2. **인건비 효율성 유지**: 32.0% 절감된 인건비 수준을 유지하되, 업무 부하 관리 필요\n3. **세무비용 관리**: 790.4% 급증한 세금과공과에 대한 사전 예측 및 예산 확보\n4. **수주회비 계획 수립**: 연간 행사 계획 수립으로 비용 변동성 최소화\n\n**중장기 전략 방향 (향후 1년)**\n\n1. **영업비 구조 개선**:\n   - 매출 대비 영업비 비율 6% 수준 목표 설정\n   - 고정비(임차료, 인건비) 대비 변동비(광고비) 비중 최적화\n\n2. **브랜드 포트폴리오 균형**:\n   - MLB 83.2% 집중도를 75% 수준으로 분산\n   - 타 브랜드 성장을 통한 리스크 분산\n\n3. **비용 효율성 고도화**:\n   - 디지털 마케팅 비중 확대로 광고비 효율성 제고\n   - 자동화 도입으로 인건비 증가율 억제\n   - 임차료 협상 및 매장 효율성 개선\n\n**즉시 실행 과제**:\n- 월별 영업비 예실 관리 체계 강화\n- 브랜드별 수익성 기여도 분석\n- 광고비 집행 효과 측정 시스템 구축"
      }
    ]
  },
  "summary": {
    "current_month_expense": 26123.0,
    "previous_month_expense": 24006.0,
    "current_ytd_expense": 66583.0,
    "previous_ytd_expense": 63953.0,
    "total_records": 123,
    "analysis_period_month": "2024년 2월 VS 2025년 2월",
    "analysis_period_ytd": "2024년 1월~2024년 2월 VS 2025년 1월~2025년 2월",
    "trend_period": "2024년 1월 ~ 2025년 2월 (202401~202502)"
  },
  "month_comparison": {
    "previous_month": {
      "ad_cst_oprt": 8098.0,
      "slry_csy_oprt": 9718.0,
      "emp_bnft_cst_oprt": 2130.0,
      "pmt_cms_oprt": 1397.0,
      "shop_rnt_oprt": 1528.0,
      "evnt_cst_oprt": 211.0,
      "tax_cst_oprt": 177.0,
      "deprc_cst_oprt": 491.0,
      "etc_cst_oprt": 257.0,
      "sale_amt": 259034.0,
      "sale_amt_vat": 666628.0
    },
    "current_month": {
      "ad_cst_oprt": 11936.0,
      "slry_csy_oprt": 6605.0,
      "emp_bnft_cst_oprt": 2477.0,
      "pmt_cms_oprt": 1276.0,
      "shop_rnt_oprt": 1678.0,
      "evnt_cst_oprt": 0.0,
      "tax_cst_oprt": 1577.0,
      "deprc_cst_oprt": 350.0,
      "etc_cst_oprt": 225.0,
      "sale_amt": 398424.0,
      "sale_amt_vat": 449152.0
    }
  },
  "ytd_comparison": {
    "previous_ytd": {
      "ad_cst_oprt": 30666.0,
      "slry_csy_oprt": 15958.0,
      "emp_bnft_cst_oprt": 5637.0,
      "pmt_cms_oprt": 2430.0,
      "shop_rnt_oprt": 2782.0,
      "evnt_cst_oprt": 211.0,
      "tax_cst_oprt": 3332.0,
      "deprc_cst_oprt": 985.0,
      "etc_cst_oprt": 1951.0,
      "sale_amt": 930800.0,
      "sale_amt_vat": 1306803.0
    },
    "current_ytd": {
      "ad_cst_oprt": 26184.0,
      "slry_csy_oprt": 18345.0,
      "emp_bnft_cst_oprt": 6458.0,
      "pmt_cms_oprt": 2400.0,
      "shop_rnt_oprt": 3353.0,
      "evnt_cst_oprt": 5787.0,
      "tax_cst_oprt": 2899.0,
      "deprc_cst_oprt": 697.0,
      "etc_cst_oprt": 459.0,
      "sale_amt": 947871.0,
      "sale_amt_vat": 1367623.0
    }
  },
  "trend_by_month": {
    "202401": {
      "ad_cst_oprt": 22569.0,
      "slry_csy_oprt": 6241.0,
      "emp_bnft_cst_oprt": 3507.0,
      "pmt_cms_oprt": 1034.0,
      "shop_rnt_oprt": 1254.0,
      "evnt_cst_oprt": 0.0,
      "tax_cst_oprt": 3155.0,
      "deprc_cst_oprt": 494.0,
      "etc_cst_oprt": 1694.0,
      "sale_amt": 671766.0,
      "sale_amt_vat": 640175.0
    },
    "202402": {
      "ad_cst_oprt": 8098.0,
      "slry_csy_oprt": 9718.0,
      "emp_bnft_cst_oprt": 2130.0,
      "pmt_cms_oprt": 1397.0,
      "shop_rnt_oprt": 1528.0,
      "evnt_cst_oprt": 211.0,
      "tax_cst_oprt": 177.0,
      "deprc_cst_oprt": 491.0,
      "etc_cst_oprt": 257.0,
      "sale_amt": 259034.0,
      "sale_amt_vat": 666628.0
    },
    "202403": {
      "ad_cst_oprt": 7502.0,
      "slry_csy_oprt": 5020.0,
      "emp_bnft_cst_oprt": 1925.0,
      "pmt_cms_oprt": 1040.0,
      "shop_rnt_oprt": 1528.0,
      "evnt_cst_oprt": 0.0,
      "tax_cst_oprt": 221.0,
      "deprc_cst_oprt": 491.0,
      "etc_cst_oprt": 348.0,
      "sale_amt": 394537.0,
      "sale_amt_vat": 556519.0
    },
    "202404": {
      "ad_cst_oprt": 9656.0,
      "slry_csy_oprt": 6605.0,
      "emp_bnft_cst_oprt": 1711.0,
      "pmt_cms_oprt": 1434.0,
      "shop_rnt_oprt": 1524.0,
      "evnt_cst_oprt": 0.0,
      "tax_cst_oprt": 166.0,
      "deprc_cst_oprt": 478.0,
      "etc_cst_oprt": 408.0,
      "sale_amt": 383297.0,
      "sale_amt_vat": 554257.0
    },
    "202405": {
      "ad_cst_oprt": 5177.0,
      "slry_csy_oprt": 6849.0,
      "emp_bnft_cst_oprt": 1963.0,
      "pmt_cms_oprt": 1142.0,
      "shop_rnt_oprt": 1526.0,
      "evnt_cst_oprt": 0.0,
      "tax_cst_oprt": 1956.0,
      "deprc_cst_oprt": 488.0,
      "etc_cst_oprt": 182.0,
      "sale_amt": 265539.0,
      "sale_amt_vat": 572526.0
    },
    "202406": {
      "ad_cst_oprt": 3002.0,
      "slry_csy_oprt": 6984.0,
      "emp_bnft_cst_oprt": 2107.0,
      "pmt_cms_oprt": 1277.0,
      "shop_rnt_oprt": 1526.0,
      "evnt_cst_oprt": 8658.0,
      "tax_cst_oprt": 1453.0,
      "deprc_cst_oprt": 476.0,
      "etc_cst_oprt": 624.0,
      "sale_amt": 230175.0,
      "sale_amt_vat": 489726.0
    },
    "202407": {
      "ad_cst_oprt": 4059.0,
      "slry_csy_oprt": 6647.0,
      "emp_bnft_cst_oprt": 1856.0,
      "pmt_cms_oprt": 896.0,
      "shop_rnt_oprt": 1526.0,
      "evnt_cst_oprt": 0.0,
      "tax_cst_oprt": 886.0,
      "deprc_cst_oprt": 476.0,
      "etc_cst_oprt": 299.0,
      "sale_amt": 328288.0,
      "sale_amt_vat": 430538.0
    },
    "202408": {
      "ad_cst_oprt": 18050.0,
      "slry_csy_oprt": 6728.0,
      "emp_bnft_cst_oprt": 2169.0,
      "pmt_cms_oprt": 736.0,
      "shop_rnt_oprt": 1539.0,
      "evnt_cst_oprt": -208.0,
      "tax_cst_oprt": 288.0,
      "deprc_cst_oprt": 502.0,
      "etc_cst_oprt": 243.0,
      "sale_amt": 545633.0,
      "sale_amt_vat": 469696.0
    },
    "202409": {
      "ad_cst_oprt": 15587.0,
      "slry_csy_oprt": 6658.0,
      "emp_bnft_cst_oprt": 2335.0,
      "pmt_cms_oprt": 1372.0,
      "shop_rnt_oprt": 1546.0,
      "evnt_cst_oprt": 0.0,
      "tax_cst_oprt": 1557.0,
      "deprc_cst_oprt": 506.0,
      "etc_cst_oprt": 336.0,
      "sale_amt": 588999.0,
      "sale_amt_vat": 476613.0
    },
    "202410": {
      "ad_cst_oprt": 12843.0,
      "slry_csy_oprt": 6760.0,
      "emp_bnft_cst_oprt": 2242.0,
      "pmt_cms_oprt": 1525.0,
      "shop_rnt_oprt": 1656.0,
      "evnt_cst_oprt": 0.0,
      "tax_cst_oprt": 299.0,
      "deprc_cst_oprt": 511.0,
      "etc_cst_oprt": 349.0,
      "sale_amt": 469366.0,
      "sale_amt_vat": 717644.0
    },
    "202411": {
      "ad_cst_oprt": 11209.0,
      "slry_csy_oprt": 6628.0,
      "emp_bnft_cst_oprt": 2254.0,
      "pmt_cms_oprt": 530.0,
      "shop_rnt_oprt": 1606.0,
      "evnt_cst_oprt": 0.0,
      "tax_cst_oprt": 332.0,
      "deprc_cst_oprt": 511.0,
      "etc_cst_oprt": 767.0,
      "sale_amt": 322527.0,
      "sale_amt_vat": 692810.0
    },
    "202412": {
      "ad_cst_oprt": 9274.0,
      "slry_csy_oprt": 6506.0,
      "emp_bnft_cst_oprt": 2841.0,
      "pmt_cms_oprt": 1691.0,
      "shop_rnt_oprt": 1675.0,
      "evnt_cst_oprt": 0.0,
      "tax_cst_oprt": 2609.0,
      "deprc_cst_oprt": 347.0,
      "etc_cst_oprt": 437.0,
      "sale_amt": 409136.0,
      "sale_amt_vat": 719210.0
    },
    "202501": {
      "ad_cst_oprt": 14248.0,
      "slry_csy_oprt": 11741.0,
      "emp_bnft_cst_oprt": 3982.0,
      "pmt_cms_oprt": 1123.0,
      "shop_rnt_oprt": 1675.0,
      "evnt_cst_oprt": 5787.0,
      "tax_cst_oprt": 1322.0,
      "deprc_cst_oprt": 348.0,
      "etc_cst_oprt": 234.0,
      "sale_amt": 549448.0,
      "sale_amt_vat": 918471.0
    },
    "202502": {
      "ad_cst_oprt": 11936.0,
      "slry_csy_oprt": 6605.0,
      "emp_bnft_cst_oprt": 2477.0,
      "pmt_cms_oprt": 1276.0,
      "shop_rnt_oprt": 1678.0,
      "evnt_cst_oprt": 0.0,
      "tax_cst_oprt": 1577.0,
      "deprc_cst_oprt": 350.0,
      "etc_cst_oprt": 225.0,
      "sale_amt": 398424.0,
      "sale_amt_vat": 449152.0
    }
  },
  "brand_vs_all_brands": {
    "current_month": {
      "brand_total": 26123.0,
      "all_brands_total": 31417.0,
      "ratio": 83.2,
      "by_account": {
        "ad_cst_oprt": {
          "brand": 11936.0,
          "all_brands": 14432.0,
          "ratio": 82.7
        },
        "slry_csy_oprt": {
          "brand": 6605.0,
          "all_brands": 8239.0,
          "ratio": 80.2
        },
        "emp_bnft_cst_oprt": {
          "brand": 2477.0,
          "all_brands": 2894.0,
          "ratio": 85.6
        },
        "pmt_cms_oprt": {
          "brand": 1276.0,
          "all_brands": 1464.0,
          "ratio": 87.2
        },
        "shop_rnt_oprt": {
          "brand": 1678.0,
          "all_brands": 1678.0,
          "ratio": 100.0
        },
        "evnt_cst_oprt": {
          "brand": 0.0,
          "all_brands": 491.0,
          "ratio": 0.0
        },
        "tax_cst_oprt": {
          "brand": 1577.0,
          "all_brands": 1577.0,
          "ratio": 100.0
        },
        "deprc_cst_oprt": {
          "brand": 350.0,
          "all_brands": 352.0,
          "ratio": 99.3
        },
        "etc_cst_oprt": {
          "brand": 225.0,
          "all_brands": 291.0,
          "ratio": 77.3
        }
      }
    },
    "current_ytd": {
      "brand_total": 66583.0,
      "all_brands_total": 78334.0,
      "ratio": 85.0
    }
  },
  "all_brands_summary": {
    "current_month": {
      "ad_cst_oprt": 14432.0,
      "slry_csy_oprt": 8239.0,
      "emp_bnft_cst_oprt": 2894.0,
      "pmt_cms_oprt": 1464.0,
      "shop_rnt_oprt": 1678.0,
      "evnt_cst_oprt": 491.0,
      "tax_cst_oprt": 1577.0,
      "deprc_cst_oprt": 352.0,
      "etc_cst_oprt": 291.0,
      "sale_amt": 416550.0,
      "sale_amt_vat": 469863.0
    },
    "previous_month": {
      "ad_cst_oprt": 11607.0,
      "slry_csy_oprt": 11521.0,
      "emp_bnft_cst_oprt": 2484.0,
      "pmt_cms_oprt": 1835.0,
      "shop_rnt_oprt": 1528.0,
      "evnt_cst_oprt": 452.0,
      "tax_cst_oprt": 177.0,
      "deprc_cst_oprt": 497.0,
      "etc_cst_oprt": 277.0,
      "sale_amt": 291092.0,
      "sale_amt_vat": 709794.0
    },
    "current_ytd": {
      "ad_cst_oprt": 31901.0,
      "slry_csy_oprt": 22383.0,
      "emp_bnft_cst_oprt": 7273.0,
      "pmt_cms_oprt": 2592.0,
      "shop_rnt_oprt": 3353.0,
      "evnt_cst_oprt": 6629.0,
      "tax_cst_oprt": 2899.0,
      "deprc_cst_oprt": 705.0,
      "etc_cst_oprt": 599.0,
      "sale_amt": 1005303.0,
      "sale_amt_vat": 1449397.0
    },
    "previous_ytd": {
      "ad_cst_oprt": 37012.0,
      "slry_csy_oprt": 18960.0,
      "emp_bnft_cst_oprt": 6355.0,
      "pmt_cms_oprt": 3019.0,
      "shop_rnt_oprt": 2782.0,
      "evnt_cst_oprt": 760.0,
      "tax_cst_oprt": 3332.0,
      "deprc_cst_oprt": 997.0,
      "etc_cst_oprt": 2029.0,
      "sale_amt": 1005734.0,
      "sale_amt_vat": 1400178.0
    }
  },
  "raw_data": {
    "sample_records": [
      {
        "PST_YYYYMM": "202408",
        "BRD_CD": "M",
        "MGMT_CHNL_NM": "(OFF)대리상",
        "SALE_AMT": 419510865.32,
        "SALE_AMT_VAT": 356827933.69911504,
        "AD_CST_OPRT": 13922092.76,
        "SLRY_CSY_OPRT": 4291627.06,
        "EMP_BNFT_CST_OPRT": 1365153.61,
        "PMT_CMS_OPRT": 540812.32,
        "SHOP_RNT_OPRT": 918293.96,
        "EVNT_CST_OPRT": -160050.28,
        "TAX_CST_OPRT": 221925.75,
        "DEPRC_CST_OPRT": 339133.74,
        "ETC_CST_OPRT": 165609.15
      },
      {
        "PST_YYYYMM": "202412",
        "BRD_CD": "M",
        "MGMT_CHNL_NM": "(OFF)플래그쉽",
        "SALE_AMT": 6723918.0,
        "SALE_AMT_VAT": 5950369.911504425,
        "AD_CST_OPRT": 153862.69,
        "SLRY_CSY_OPRT": 128229.01,
        "EMP_BNFT_CST_OPRT": 53041.02,
        "PMT_CMS_OPRT": 38101.17,
        "SHOP_RNT_OPRT": 23803.34,
        "EVNT_CST_OPRT": 0.0,
        "TAX_CST_OPRT": 43286.31,
        "DEPRC_CST_OPRT": 5505.12,
        "ETC_CST_OPRT": 10502.13
      },
      {
        "PST_YYYYMM": "202408",
        "BRD_CD": "M",
        "MGMT_CHNL_NM": "(OFF)아울렛",
        "SALE_AMT": 18248524.02,
        "SALE_AMT_VAT": 16149136.300884956,
        "AD_CST_OPRT": 575802.71,
        "SLRY_CSY_OPRT": 353516.59,
        "EMP_BNFT_CST_OPRT": 115264.7,
        "PMT_CMS_OPRT": 22361.86,
        "SHOP_RNT_OPRT": 37980.64,
        "EVNT_CST_OPRT": -6618.52,
        "TAX_CST_OPRT": 9178.4,
        "DEPRC_CST_OPRT": 14234.45,
        "ETC_CST_OPRT": 15550.82
      },
      {
        "PST_YYYYMM": "202412",
        "BRD_CD": "M",
        "MGMT_CHNL_NM": "(EC)대리상",
        "SALE_AMT": 29945058.6,
        "SALE_AMT_VAT": 95415603.37504424,
        "AD_CST_OPRT": 685228.62,
        "SLRY_CSY_OPRT": 601656.13,
        "EMP_BNFT_CST_OPRT": 278553.04,
        "PMT_CMS_OPRT": 132570.08,
        "SHOP_RNT_OPRT": 192289.63,
        "EVNT_CST_OPRT": 0.0,
        "TAX_CST_OPRT": 192776.2,
        "DEPRC_CST_OPRT": 30293.77,
        "ETC_CST_OPRT": 33720.34
      },
      {
        "PST_YYYYMM": "202406",
        "BRD_CD": "M",
        "MGMT_CHNL_NM": "(OFF)아울렛",
        "SALE_AMT": 18221232.0,
        "SALE_AMT_VAT": 16124984.070796462,
        "AD_CST_OPRT": 213429.36,
        "SLRY_CSY_OPRT": 511883.15,
        "EMP_BNFT_CST_OPRT": 154898.91,
        "PMT_CMS_OPRT": 91092.06,
        "SHOP_RNT_OPRT": 100248.77,
        "EVNT_CST_OPRT": 615555.04,
        "TAX_CST_OPRT": 103336.33,
        "DEPRC_CST_OPRT": 32650.14,
        "ETC_CST_OPRT": 40873.74
      },
      {
        "PST_YYYYMM": "202406",
        "BRD_CD": "M",
        "MGMT_CHNL_NM": "(EC)할인몰",
        "SALE_AMT": 6077294.936600001,
        "SALE_AMT_VAT": 5378137.112035398,
        "AD_CST_OPRT": 65046.02,
        "SLRY_CSY_OPRT": 147171.96,
        "EMP_BNFT_CST_OPRT": 46640.49,
        "PMT_CMS_OPRT": 27461.07,
        "SHOP_RNT_OPRT": 39615.57,
        "EVNT_CST_OPRT": 187597.94,
        "TAX_CST_OPRT": 31493.24,
        "DEPRC_CST_OPRT": 11317.78,
        "ETC_CST_OPRT": 12418.22
      },
      {
        "PST_YYYYMM": "202408",
        "BRD_CD": "M",
        "MGMT_CHNL_NM": "(EC)할인몰",
        "SALE_AMT": 4799137.53,
        "SALE_AMT_VAT": 4247024.362831859,
        "AD_CST_OPRT": 131626.21,
        "SLRY_CSY_OPRT": 65079.42,
        "EMP_BNFT_CST_OPRT": 21221.09,
        "PMT_CMS_OPRT": 6536.16,
        "SHOP_RNT_OPRT": 23014.04,
        "EVNT_CST_OPRT": -1513.2,
        "TAX_CST_OPRT": 2098.0,
        "DEPRC_CST_OPRT": 5739.29,
        "ETC_CST_OPRT": 2105.52
      },
      {
        "PST_YYYYMM": "202406",
        "BRD_CD": "M",
        "MGMT_CHNL_NM": "(OFF)쇼핑몰",
        "SALE_AMT": 6712351.0,
        "SALE_AMT_VAT": 5940133.6283185845,
        "AD_CST_OPRT": 88798.38,
        "SLRY_CSY_OPRT": 212973.31,
        "EMP_BNFT_CST_OPRT": 64446.72,
        "PMT_CMS_OPRT": 37900.46,
        "SHOP_RNT_OPRT": 41709.4,
        "EVNT_CST_OPRT": 256107.55,
        "TAX_CST_OPRT": 42995.0,
        "DEPRC_CST_OPRT": 13586.15,
        "ETC_CST_OPRT": 16980.85
      },
      {
        "PST_YYYYMM": "202404",
        "BRD_CD": "M",
        "MGMT_CHNL_NM": "(EC)티몰",
        "SALE_AMT": 27427454.06,
        "SALE_AMT_VAT": 24272083.238938056,
        "AD_CST_OPRT": 698767.13,
        "SLRY_CSY_OPRT": 538605.18,
        "EMP_BNFT_CST_OPRT": 126938.05,
        "PMT_CMS_OPRT": 106789.06,
        "SHOP_RNT_OPRT": 156847.04,
        "EVNT_CST_OPRT": 0.0,
        "TAX_CST_OPRT": 11977.7,
        "DEPRC_CST_OPRT": 41717.03,
        "ETC_CST_OPRT": 24422.64
      },
      {
        "PST_YYYYMM": "202411",
        "BRD_CD": "M",
        "MGMT_CHNL_NM": "(EC)티몰",
        "SALE_AMT": 63385166.15,
        "SALE_AMT_VAT": 56093067.38938054,
        "AD_CST_OPRT": 2222712.92,
        "SLRY_CSY_OPRT": 1281000.3,
        "EMP_BNFT_CST_OPRT": 408768.57,
        "PMT_CMS_OPRT": 89475.97,
        "SHOP_RNT_OPRT": 312183.37,
        "EVNT_CST_OPRT": 0.0,
        "TAX_CST_OPRT": 65818.04,
        "DEPRC_CST_OPRT": 99598.13,
        "ETC_CST_OPRT": 132411.39
      },
      {
        "PST_YYYYMM": "202501",
        "BRD_CD": "M",
        "MGMT_CHNL_NM": null,
        "SALE_AMT": null,
        "SALE_AMT_VAT": null,
        "AD_CST_OPRT": 0.0,
        "SLRY_CSY_OPRT": 328461.0,
        "EMP_BNFT_CST_OPRT": 82724.51,
        "PMT_CMS_OPRT": 0.0,
        "SHOP_RNT_OPRT": 0.0,
        "EVNT_CST_OPRT": 0.0,
        "TAX_CST_OPRT": 0.0,
        "DEPRC_CST_OPRT": 0.0,
        "ETC_CST_OPRT": 1891.35
      },
      {
        "PST_YYYYMM": "202405",
        "BRD_CD": "M",
        "MGMT_CHNL_NM": null,
        "SALE_AMT": null,
        "SALE_AMT_VAT": null,
        "AD_CST_OPRT": 0.0,
        "SLRY_CSY_OPRT": 414753.33,
        "EMP_BNFT_CST_OPRT": 114493.02,
        "PMT_CMS_OPRT": 0.0,
        "SHOP_RNT_OPRT": 0.0,
        "EVNT_CST_OPRT": 0.0,
        "TAX_CST_OPRT": 0.0,
        "DEPRC_CST_OPRT": 0.0,
        "ETC_CST_OPRT": -37.39
      },
      {
        "PST_YYYYMM": "202407",
        "BRD_CD": "M",
        "MGMT_CHNL_NM": "(OFF)플래그쉽",
        "SALE_AMT": 5094110.0,
        "SALE_AMT_VAT": 4508061.946902655,
        "AD_CST_OPRT": 63557.41,
        "SLRY_CSY_OPRT": 112279.99,
        "EMP_BNFT_CST_OPRT": 32403.91,
        "PMT_CMS_OPRT": 13586.3,
        "SHOP_RNT_OPRT": 20201.4,
        "EVNT_CST_OPRT": 0.0,
        "TAX_CST_OPRT": 13867.82,
        "DEPRC_CST_OPRT": 6921.98,
        "ETC_CST_OPRT": 5360.56
      },
      {
        "PST_YYYYMM": "202407",
        "BRD_CD": "M",
        "MGMT_CHNL_NM": "(EC)대리상",
        "SALE_AMT": 49837819.44,
        "SALE_AMT_VAT": 53648462.684070796,
        "AD_CST_OPRT": 621811.09,
        "SLRY_CSY_OPRT": 1283664.93,
        "EMP_BNFT_CST_OPRT": 335462.72,
        "PMT_CMS_OPRT": 152091.28,
        "SHOP_RNT_OPRT": 358825.98,
        "EVNT_CST_OPRT": 0.0,
        "TAX_CST_OPRT": 135673.27,
        "DEPRC_CST_OPRT": 93086.46,
        "ETC_CST_OPRT": 46828.32
      },
      {
        "PST_YYYYMM": "202404",
        "BRD_CD": "M",
        "MGMT_CHNL_NM": "(OFF)쇼핑몰",
        "SALE_AMT": 7832197.0,
        "SALE_AMT_VAT": 6931147.787610619,
        "AD_CST_OPRT": 199646.84,
        "SLRY_CSY_OPRT": 144469.37,
        "EMP_BNFT_CST_OPRT": 39386.79,
        "PMT_CMS_OPRT": 29340.93,
        "SHOP_RNT_OPRT": 26882.84,
        "EVNT_CST_OPRT": 0.0,
        "TAX_CST_OPRT": 3422.0,
        "DEPRC_CST_OPRT": 9235.2,
        "ETC_CST_OPRT": 6566.79
      },
      {
        "PST_YYYYMM": "202411",
        "BRD_CD": "M",
        "MGMT_CHNL_NM": "(OFF)플래그쉽",
        "SALE_AMT": 5287180.0,
        "SALE_AMT_VAT": 4678920.353982301,
        "AD_CST_OPRT": 185518.93,
        "SLRY_CSY_OPRT": 127468.14,
        "EMP_BNFT_CST_OPRT": 45289.79,
        "PMT_CMS_OPRT": 9422.24,
        "SHOP_RNT_OPRT": 26841.07,
        "EVNT_CST_OPRT": 0.0,
        "TAX_CST_OPRT": 5493.69,
        "DEPRC_CST_OPRT": 8557.08,
        "ETC_CST_OPRT": 14837.63
      },
      {
        "PST_YYYYMM": "202407",
        "BRD_CD": "M",
        "MGMT_CHNL_NM": "(EC)틱톡/JD",
        "SALE_AMT": 984197.68,
        "SALE_AMT_VAT": 870971.3982300885,
        "AD_CST_OPRT": 12278.5,
        "SLRY_CSY_OPRT": 23265.46,
        "EMP_BNFT_CST_OPRT": 6158.61,
        "PMT_CMS_OPRT": 3008.7,
        "SHOP_RNT_OPRT": 7085.78,
        "EVNT_CST_OPRT": 0.0,
        "TAX_CST_OPRT": 2679.33,
        "DEPRC_CST_OPRT": 1835.88,
        "ETC_CST_OPRT": 928.11
      },
      {
        "PST_YYYYMM": "202404",
        "BRD_CD": "M",
        "MGMT_CHNL_NM": "(OFF)플래그쉽",
        "SALE_AMT": 6126225.0,
        "SALE_AMT_VAT": 5421438.053097346,
        "AD_CST_OPRT": 156160.75,
        "SLRY_CSY_OPRT": 113002.18,
        "EMP_BNFT_CST_OPRT": 30811.53,
        "PMT_CMS_OPRT": 22952.0,
        "SHOP_RNT_OPRT": 21027.2,
        "EVNT_CST_OPRT": 0.0,
        "TAX_CST_OPRT": 2676.64,
        "DEPRC_CST_OPRT": 7226.44,
        "ETC_CST_OPRT": 5146.81
      },
      {
        "PST_YYYYMM": "202406",
        "BRD_CD": "M",
        "MGMT_CHNL_NM": "(EC)틱톡/JD",
        "SALE_AMT": 1147164.41,
        "SALE_AMT_VAT": 1015189.7433628319,
        "AD_CST_OPRT": 15187.93,
        "SLRY_CSY_OPRT": 34338.19,
        "EMP_BNFT_CST_OPRT": 10885.08,
        "PMT_CMS_OPRT": 6408.88,
        "SHOP_RNT_OPRT": 9242.93,
        "EVNT_CST_OPRT": 43769.61,
        "TAX_CST_OPRT": 7347.22,
        "DEPRC_CST_OPRT": 2641.14,
        "ETC_CST_OPRT": 2899.0
      },
      {
        "PST_YYYYMM": "202501",
        "BRD_CD": "M",
        "MGMT_CHNL_NM": "(EC)틱톡/JD",
        "SALE_AMT": 11441569.969999999,
        "SALE_AMT_VAT": 10125283.159292035,
        "AD_CST_OPRT": 299014.51,
        "SLRY_CSY_OPRT": 296432.99,
        "EMP_BNFT_CST_OPRT": 95864.8,
        "PMT_CMS_OPRT": 40643.18,
        "SHOP_RNT_OPRT": 45333.96,
        "EVNT_CST_OPRT": 121447.36,
        "TAX_CST_OPRT": 27748.75,
        "DEPRC_CST_OPRT": 7933.62,
        "ETC_CST_OPRT": 5678.26
      },
      {
        "PST_YYYYMM": "202501",
        "BRD_CD": "M",
        "MGMT_CHNL_NM": "(OFF)쇼핑몰",
        "SALE_AMT": 14916149.0,
        "SALE_AMT_VAT": 13200131.85840708,
        "AD_CST_OPRT": 389817.93,
        "SLRY_CSY_OPRT": 369189.06,
        "EMP_BNFT_CST_OPRT": 119691.08,
        "PMT_CMS_OPRT": 28951.87,
        "SHOP_RNT_OPRT": 41700.17,
        "EVNT_CST_OPRT": 158328.61,
        "TAX_CST_OPRT": 36175.16,
        "DEPRC_CST_OPRT": 9278.44,
        "ETC_CST_OPRT": 7374.08
      },
      {
        "PST_YYYYMM": "202410",
        "BRD_CD": "M",
        "MGMT_CHNL_NM": "(OFF)플래그쉽",
        "SALE_AMT": 5983500.0,
        "SALE_AMT_VAT": 5295132.743362833,
        "AD_CST_OPRT": 213935.52,
        "SLRY_CSY_OPRT": 108490.21,
        "EMP_BNFT_CST_OPRT": 39244.61,
        "PMT_CMS_OPRT": 29147.65,
        "SHOP_RNT_OPRT": 20886.45,
        "EVNT_CST_OPRT": 0.0,
        "TAX_CST_OPRT": 3843.53,
        "DEPRC_CST_OPRT": 6557.59,
        "ETC_CST_OPRT": 5747.08
      },
      {
        "PST_YYYYMM": "202502",
        "BRD_CD": "M",
        "MGMT_CHNL_NM": "(OFF)쇼핑몰",
        "SALE_AMT": 6638122.0,
        "SALE_AMT_VAT": 5874444.247787612,
        "AD_CST_OPRT": 199782.66,
        "SLRY_CSY_OPRT": 215433.0,
        "EMP_BNFT_CST_OPRT": 77159.99,
        "PMT_CMS_OPRT": 18139.24,
        "SHOP_RNT_OPRT": 24666.9,
        "EVNT_CST_OPRT": 0.0,
        "TAX_CST_OPRT": 26399.95,
        "DEPRC_CST_OPRT": 5668.34,
        "ETC_CST_OPRT": 4220.52
      },
      {
        "PST_YYYYMM": "202408",
        "BRD_CD": "M",
        "MGMT_CHNL_NM": "(EC)틱톡/JD",
        "SALE_AMT": 2156978.81,
        "SALE_AMT_VAT": 1908830.8053097348,
        "AD_CST_OPRT": 71580.62,
        "SLRY_CSY_OPRT": 35391.98,
        "EMP_BNFT_CST_OPRT": 11540.74,
        "PMT_CMS_OPRT": 3562.34,
        "SHOP_RNT_OPRT": 12515.54,
        "EVNT_CST_OPRT": -825.12,
        "TAX_CST_OPRT": 1141.86,
        "DEPRC_CST_OPRT": 3123.24,
        "ETC_CST_OPRT": 1163.22
      },
      {
        "PST_YYYYMM": "202410",
        "BRD_CD": "M",
        "MGMT_CHNL_NM": "(OFF)대리상",
        "SALE_AMT": 260439184.68,
        "SALE_AMT_VAT": 491796026.3331859,
        "AD_CST_OPRT": 6974099.27,
        "SLRY_CSY_OPRT": 3331734.01,
        "EMP_BNFT_CST_OPRT": 1135043.21,
        "PMT_CMS_OPRT": 812175.89,
        "SHOP_RNT_OPRT": 909106.21,
        "EVNT_CST_OPRT": 0.0,
        "TAX_CST_OPRT": 167291.41,
        "DEPRC_CST_OPRT": 283832.2,
        "ETC_CST_OPRT": 217601.6
      },
      {
        "PST_YYYYMM": "202405",
        "BRD_CD": "M",
        "MGMT_CHNL_NM": "(OFF)플래그쉽",
        "SALE_AMT": 5941462.0,
        "SALE_AMT_VAT": 5257930.9734513275,
        "AD_CST_OPRT": 117705.1,
        "SLRY_CSY_OPRT": 148894.39,
        "EMP_BNFT_CST_OPRT": 45879.98,
        "PMT_CMS_OPRT": 28865.43,
        "SHOP_RNT_OPRT": 34874.69,
        "EVNT_CST_OPRT": 0.0,
        "TAX_CST_OPRT": 44482.25,
        "DEPRC_CST_OPRT": 11342.34,
        "ETC_CST_OPRT": 3990.07
      },
      {
        "PST_YYYYMM": "202408",
        "BRD_CD": "M",
        "MGMT_CHNL_NM": "(EC)대리상",
        "SALE_AMT": 66998264.8,
        "SALE_AMT_VAT": 60546298.207964614,
        "AD_CST_OPRT": 2223437.3,
        "SLRY_CSY_OPRT": 1171099.84,
        "EMP_BNFT_CST_OPRT": 378925.19,
        "PMT_CMS_OPRT": 110438.03,
        "SHOP_RNT_OPRT": 388754.57,
        "EVNT_CST_OPRT": -25560.94,
        "TAX_CST_OPRT": 35442.78,
        "DEPRC_CST_OPRT": 97054.68,
        "ETC_CST_OPRT": 35653.09
      },
      {
        "PST_YYYYMM": "202502",
        "BRD_CD": "M",
        "MGMT_CHNL_NM": "(EC)할인몰",
        "SALE_AMT": 4815260.8984,
        "SALE_AMT_VAT": 4261292.830442479,
        "AD_CST_OPRT": 117447.21,
        "SLRY_CSY_OPRT": 82187.04,
        "EMP_BNFT_CST_OPRT": 29086.82,
        "PMT_CMS_OPRT": 17687.44,
        "SHOP_RNT_OPRT": 24445.0,
        "EVNT_CST_OPRT": 0.0,
        "TAX_CST_OPRT": 15519.76,
        "DEPRC_CST_OPRT": 3950.71,
        "ETC_CST_OPRT": 2411.5
      },
      {
        "PST_YYYYMM": "202412",
        "BRD_CD": "M",
        "MGMT_CHNL_NM": "(OFF)아울렛",
        "SALE_AMT": 30394302.0,
        "SALE_AMT_VAT": 26897612.389380533,
        "AD_CST_OPRT": 657473.71,
        "SLRY_CSY_OPRT": 547938.16,
        "EMP_BNFT_CST_OPRT": 226652.05,
        "PMT_CMS_OPRT": 162810.89,
        "SHOP_RNT_OPRT": 101715.19,
        "EVNT_CST_OPRT": 0.0,
        "TAX_CST_OPRT": 184968.32,
        "DEPRC_CST_OPRT": 23523.79,
        "ETC_CST_OPRT": 44878.23
      },
      {
        "PST_YYYYMM": "202501",
        "BRD_CD": "M",
        "MGMT_CHNL_NM": "(OFF)아울렛",
        "SALE_AMT": 42197071.0,
        "SALE_AMT_VAT": 37342540.70796461,
        "AD_CST_OPRT": 1041351.89,
        "SLRY_CSY_OPRT": 986237.75,
        "EMP_BNFT_CST_OPRT": 319710.61,
        "PMT_CMS_OPRT": 77342.83,
        "SHOP_RNT_OPRT": 111397.56,
        "EVNT_CST_OPRT": 422954.58,
        "TAX_CST_OPRT": 96638.6,
        "DEPRC_CST_OPRT": 24770.58,
        "ETC_CST_OPRT": 19607.19
      },
      {
        "PST_YYYYMM": "202404",
        "BRD_CD": "M",
        "MGMT_CHNL_NM": null,
        "SALE_AMT": null,
        "SALE_AMT_VAT": null,
        "AD_CST_OPRT": 0.0,
        "SLRY_CSY_OPRT": 414753.33,
        "EMP_BNFT_CST_OPRT": 104008.14,
        "PMT_CMS_OPRT": 0.0,
        "SHOP_RNT_OPRT": 0.0,
        "EVNT_CST_OPRT": 0.0,
        "TAX_CST_OPRT": 0.0,
        "DEPRC_CST_OPRT": 0.0,
        "ETC_CST_OPRT": 17044.94
      },
      {
        "PST_YYYYMM": "202402",
        "BRD_CD": "M",
        "MGMT_CHNL_NM": "(OFF)플래그쉽",
        "SALE_AMT": 6262082.0,
        "SALE_AMT_VAT": 5541665.486725664,
        "AD_CST_OPRT": 199781.04,
        "SLRY_CSY_OPRT": 216430.94,
        "EMP_BNFT_CST_OPRT": 48400.51,
        "PMT_CMS_OPRT": 38919.85,
        "SHOP_RNT_OPRT": 30602.42,
        "EVNT_CST_OPRT": 5194.59,
        "TAX_CST_OPRT": 4366.54,
        "DEPRC_CST_OPRT": 11062.39,
        "ETC_CST_OPRT": 6359.81
      },
      {
        "PST_YYYYMM": "202401",
        "BRD_CD": "M",
        "MGMT_CHNL_NM": "(OFF)플래그쉽",
        "SALE_AMT": 6116819.0,
        "SALE_AMT_VAT": 5413114.159292036,
        "AD_CST_OPRT": 207558.27,
        "SLRY_CSY_OPRT": 69359.97,
        "EMP_BNFT_CST_OPRT": 32936.68,
        "PMT_CMS_OPRT": 7673.79,
        "SHOP_RNT_OPRT": 9076.39,
        "EVNT_CST_OPRT": 0.0,
        "TAX_CST_OPRT": 29019.23,
        "DEPRC_CST_OPRT": 4177.15,
        "ETC_CST_OPRT": 15480.65
      },
      {
        "PST_YYYYMM": "202401",
        "BRD_CD": "M",
        "MGMT_CHNL_NM": null,
        "SALE_AMT": null,
        "SALE_AMT_VAT": null,
        "AD_CST_OPRT": 0.0,
        "SLRY_CSY_OPRT": 327301.33,
        "EMP_BNFT_CST_OPRT": 95162.73,
        "PMT_CMS_OPRT": 0.0,
        "SHOP_RNT_OPRT": 0.0,
        "EVNT_CST_OPRT": 0.0,
        "TAX_CST_OPRT": 0.0,
        "DEPRC_CST_OPRT": 0.0,
        "ETC_CST_OPRT": 219.61
      },
      {
        "PST_YYYYMM": "202404",
        "BRD_CD": "M",
        "MGMT_CHNL_NM": "(EC)대리상",
        "SALE_AMT": 63702262.45999999,
        "SALE_AMT_VAT": 68533871.62911506,
        "AD_CST_OPRT": 1623807.51,
        "SLRY_CSY_OPRT": 1363516.85,
        "EMP_BNFT_CST_OPRT": 319780.24,
        "PMT_CMS_OPRT": 248160.5,
        "SHOP_RNT_OPRT": 364483.47,
        "EVNT_CST_OPRT": 0.0,
        "TAX_CST_OPRT": 27833.59,
        "DEPRC_CST_OPRT": 97129.89,
        "ETC_CST_OPRT": 59085.38
      },
      {
        "PST_YYYYMM": "202404",
        "BRD_CD": "M",
        "MGMT_CHNL_NM": "(EC)틱톡/JD",
        "SALE_AMT": 140284.05,
        "SALE_AMT_VAT": 124145.17699115045,
        "AD_CST_OPRT": 3578.43,
        "SLRY_CSY_OPRT": 2757.3,
        "EMP_BNFT_CST_OPRT": 654.47,
        "PMT_CMS_OPRT": 553.65,
        "SHOP_RNT_OPRT": 802.33,
        "EVNT_CST_OPRT": 0.0,
        "TAX_CST_OPRT": 62.47,
        "DEPRC_CST_OPRT": 213.14,
        "ETC_CST_OPRT": 123.63
      },
      {
        "PST_YYYYMM": "202403",
        "BRD_CD": "M",
        "MGMT_CHNL_NM": "(OFF)플래그쉽",
        "SALE_AMT": 5426898.0,
        "SALE_AMT_VAT": 4802564.601769912,
        "AD_CST_OPRT": 104287.5,
        "SLRY_CSY_OPRT": 10324.61,
        "EMP_BNFT_CST_OPRT": 31430.13,
        "PMT_CMS_OPRT": 14496.4,
        "SHOP_RNT_OPRT": 18476.51,
        "EVNT_CST_OPRT": 0.0,
        "TAX_CST_OPRT": 3073.68,
        "DEPRC_CST_OPRT": 6470.22,
        "ETC_CST_OPRT": 4790.53
      },
      {
        "PST_YYYYMM": "202402",
        "BRD_CD": "M",
        "MGMT_CHNL_NM": "(OFF)대리상",
        "SALE_AMT": 152120155.25,
        "SALE_AMT_VAT": 556297350.7964602,
        "AD_CST_OPRT": 4853134.56,
        "SLRY_CSY_OPRT": 4741616.09,
        "EMP_BNFT_CST_OPRT": 1061911.0,
        "PMT_CMS_OPRT": 945445.58,
        "SHOP_RNT_OPRT": 743404.86,
        "EVNT_CST_OPRT": 126188.88,
        "TAX_CST_OPRT": 106068.72,
        "DEPRC_CST_OPRT": 266913.45,
        "ETC_CST_OPRT": 150814.98
      },
      {
        "PST_YYYYMM": "202410",
        "BRD_CD": "M",
        "MGMT_CHNL_NM": "(OFF)쇼핑몰",
        "SALE_AMT": 9348575.0,
        "SALE_AMT_VAT": 8273075.221238939,
        "AD_CST_OPRT": 334241.99,
        "SLRY_CSY_OPRT": 169504.98,
        "EMP_BNFT_CST_OPRT": 61314.66,
        "PMT_CMS_OPRT": 45543.34,
        "SHOP_RNT_OPRT": 32632.35,
        "EVNT_CST_OPRT": 0.0,
        "TAX_CST_OPRT": 6005.07,
        "DEPRC_CST_OPRT": 10245.86,
        "ETC_CST_OPRT": 8987.24
      },
      {
        "PST_YYYYMM": "202502",
        "BRD_CD": "M",
        "MGMT_CHNL_NM": "(OFF)아울렛",
        "SALE_AMT": 16719011.0,
        "SALE_AMT_VAT": 14795584.955752213,
        "AD_CST_OPRT": 475659.31,
        "SLRY_CSY_OPRT": 512917.03,
        "EMP_BNFT_CST_OPRT": 183681.94,
        "PMT_CMS_OPRT": 43180.63,
        "SHOP_RNT_OPRT": 58728.04,
        "EVNT_CST_OPRT": 0.0,
        "TAX_CST_OPRT": 62854.79,
        "DEPRC_CST_OPRT": 13487.58,
        "ETC_CST_OPRT": 10006.59
      },
      {
        "PST_YYYYMM": "202412",
        "BRD_CD": "M",
        "MGMT_CHNL_NM": "(OFF)대리상",
        "SALE_AMT": 274901331.03,
        "SALE_AMT_VAT": 531502470.221239,
        "AD_CST_OPRT": 6290529.0,
        "SLRY_CSY_OPRT": 3830374.16,
        "EMP_BNFT_CST_OPRT": 1642551.06,
        "PMT_CMS_OPRT": 1055797.61,
        "SHOP_RNT_OPRT": 973178.06,
        "EVNT_CST_OPRT": 0.0,
        "TAX_CST_OPRT": 1769722.1,
        "DEPRC_CST_OPRT": 224355.96,
        "ETC_CST_OPRT": 269356.15
      },
      {
        "PST_YYYYMM": "202501",
        "BRD_CD": "M",
        "MGMT_CHNL_NM": "(OFF)대리상",
        "SALE_AMT": 353342140.11,
        "SALE_AMT_VAT": 731722119.2123895,
        "AD_CST_OPRT": 9234288.28,
        "SLRY_CSY_OPRT": 6360152.38,
        "EMP_BNFT_CST_OPRT": 2290455.24,
        "PMT_CMS_OPRT": 542394.09,
        "SHOP_RNT_OPRT": 987818.13,
        "EVNT_CST_OPRT": 3750573.2,
        "TAX_CST_OPRT": 856947.15,
        "DEPRC_CST_OPRT": 218993.77,
        "ETC_CST_OPRT": 137384.45
      },
      {
        "PST_YYYYMM": "202401",
        "BRD_CD": "M",
        "MGMT_CHNL_NM": "(OFF)쇼핑몰",
        "SALE_AMT": 8920277.0,
        "SALE_AMT_VAT": 7894050.442477878,
        "AD_CST_OPRT": 302685.66,
        "SLRY_CSY_OPRT": 101149.71,
        "EMP_BNFT_CST_OPRT": 48031.54,
        "PMT_CMS_OPRT": 11189.17,
        "SHOP_RNT_OPRT": 13236.3,
        "EVNT_CST_OPRT": 0.0,
        "TAX_CST_OPRT": 42319.21,
        "DEPRC_CST_OPRT": 6089.07,
        "ETC_CST_OPRT": 22563.43
      },
      {
        "PST_YYYYMM": "202410",
        "BRD_CD": "M",
        "MGMT_CHNL_NM": "(EC)대리상",
        "SALE_AMT": 62399318.61,
        "SALE_AMT_VAT": 96177925.44973452,
        "AD_CST_OPRT": 1670942.88,
        "SLRY_CSY_OPRT": 991177.93,
        "EMP_BNFT_CST_OPRT": 306792.62,
        "PMT_CMS_OPRT": 192272.74,
        "SHOP_RNT_OPRT": 230861.48,
        "EVNT_CST_OPRT": 0.0,
        "TAX_CST_OPRT": 40081.88,
        "DEPRC_CST_OPRT": 69637.36,
        "ETC_CST_OPRT": 34254.62
      },
      {
        "PST_YYYYMM": "202408",
        "BRD_CD": "M",
        "MGMT_CHNL_NM": "(OFF)쇼핑몰",
        "SALE_AMT": 5747501.0,
        "SALE_AMT_VAT": 5086284.070796462,
        "AD_CST_OPRT": 190738.72,
        "SLRY_CSY_OPRT": 117103.79,
        "EMP_BNFT_CST_OPRT": 38164.1,
        "PMT_CMS_OPRT": 7405.04,
        "SHOP_RNT_OPRT": 12580.49,
        "EVNT_CST_OPRT": -2192.14,
        "TAX_CST_OPRT": 3040.53,
        "DEPRC_CST_OPRT": 4707.31,
        "ETC_CST_OPRT": 5120.22
      },
      {
        "PST_YYYYMM": "202411",
        "BRD_CD": "M",
        "MGMT_CHNL_NM": "(EC)할인몰",
        "SALE_AMT": 8973131.0957,
        "SALE_AMT_VAT": 7940823.9784955755,
        "AD_CST_OPRT": 254574.32,
        "SLRY_CSY_OPRT": 146714.82,
        "EMP_BNFT_CST_OPRT": 46817.74,
        "PMT_CMS_OPRT": 10250.92,
        "SHOP_RNT_OPRT": 35755.2,
        "EVNT_CST_OPRT": 0.0,
        "TAX_CST_OPRT": 7538.29,
        "DEPRC_CST_OPRT": 11405.86,
        "ETC_CST_OPRT": 15164.72
      },
      {
        "PST_YYYYMM": "202409",
        "BRD_CD": "M",
        "MGMT_CHNL_NM": "(EC)틱톡/JD",
        "SALE_AMT": 5292125.33,
        "SALE_AMT_VAT": 4683296.752212389,
        "AD_CST_OPRT": 140669.15,
        "SLRY_CSY_OPRT": 82020.39,
        "EMP_BNFT_CST_OPRT": 29398.2,
        "PMT_CMS_OPRT": 11444.35,
        "SHOP_RNT_OPRT": 26577.16,
        "EVNT_CST_OPRT": 0.0,
        "TAX_CST_OPRT": 14055.59,
        "DEPRC_CST_OPRT": 6820.3,
        "ETC_CST_OPRT": 3120.04
      },
      {
        "PST_YYYYMM": "202405",
        "BRD_CD": "M",
        "MGMT_CHNL_NM": "(OFF)쇼핑몰",
        "SALE_AMT": 7441496.0,
        "SALE_AMT_VAT": 6585394.690265488,
        "AD_CST_OPRT": 147421.85,
        "SLRY_CSY_OPRT": 186485.31,
        "EMP_BNFT_CST_OPRT": 57462.32,
        "PMT_CMS_OPRT": 36152.13,
        "SHOP_RNT_OPRT": 43679.27,
        "EVNT_CST_OPRT": 0.0,
        "TAX_CST_OPRT": 55712.71,
        "DEPRC_CST_OPRT": 14202.94,
        "ETC_CST_OPRT": 4985.89
      },
      {
        "PST_YYYYMM": "202401",
        "BRD_CD": "M",
        "MGMT_CHNL_NM": "(EC)할인몰",
        "SALE_AMT": 11773642.4487,
        "SALE_AMT_VAT": 10419152.609469026,
        "AD_CST_OPRT": 329978.84,
        "SLRY_CSY_OPRT": 124482.78,
        "EMP_BNFT_CST_OPRT": 79701.91,
        "PMT_CMS_OPRT": 26632.59,
        "SHOP_RNT_OPRT": 33759.42,
        "EVNT_CST_OPRT": 0.0,
        "TAX_CST_OPRT": 46135.16,
        "DEPRC_CST_OPRT": 10090.6,
        "ETC_CST_OPRT": 25131.67
      },
      {
        "PST_YYYYMM": "202502",
        "BRD_CD": "M",
        "MGMT_CHNL_NM": "(EC)티몰",
        "SALE_AMT": 20750725.169999998,
        "SALE_AMT_VAT": 18363473.601769913,
        "AD_CST_OPRT": 624161.25,
        "SLRY_CSY_OPRT": 436768.6,
        "EMP_BNFT_CST_OPRT": 154591.51,
        "PMT_CMS_OPRT": 94000.03,
        "SHOP_RNT_OPRT": 129909.25,
        "EVNT_CST_OPRT": 0.0,
        "TAX_CST_OPRT": 82477.35,
        "DEPRC_CST_OPRT": 21006.17,
        "ETC_CST_OPRT": 12843.57
      }
    ],
    "total_records_count": 123
  }
}