{
  "country": "CN",
  "brand_cd": "W",
  "brand_name": "SUPRA",
  "yyyymm": "202509",
  "yyyymm_py": "202409",
  "key": "리테일",
  "sub_key": "채널별TOP3분석",
  "analysis_data": {
    "title": "채널별 매출 top3 분석 (당해 전년 주요변화)",
    "sections": [
      {
        "div": "(EC)티몰",
        "sub_title": "(EC)티몰 전년대비 주요 변화",
        "ai_text": "• 신발: 8,590k로 압도적 1위 유지하며 전년(10,561k) 대비 -18.7% 소폭 감소했으나 여전히 채널 내 핵심 매출 동력\n• 반팔티셔츠: 2,345k로 2위, 전년(3,992k) 대비 -41.2% 대폭 하락으로 계절성 제품의 타이밍 이슈 노출\n• 소프트쉘: 1,492k로 3위, 전년(1,499k) 대비 거의 동일한 수준(-0.5%) 유지하며 안정적 성과\n\n채널 전체 매출액이 전년 대비 50% 급감(20k → 10k)하며 심각한 성장 둔화 상황. 신발 카테고리 집중도가 과도하게 높아 리스크 분산 필요. 반팔티셔츠의 급격한 매출 하락은 계절성 상품 기획과 타이밍 전략 재검토가 시급함을 시사."
      },
      {
        "div": "(EC)할인몰",
        "sub_title": "(EC)할인몰 전년대비 주요 변화",
        "ai_text": "• 반팔티셔츠: 8,541k로 압도적 1위, 전년 극소 매출에서 폭발적 성장하며 채널의 핵심 동력으로 부상\n• 신발: 5,590k로 2위, 신규 진입 아이템으로 강력한 매출 기여도 확보\n• 운동모: 4,000k로 3위, 액세서리 카테고리 중 독보적 성과로 브랜드 다각화 성공 사례\n\n채널 전체가 전년 거의 무매출 상태에서 40k로 폭발적 성장을 기록하며 새로운 성장 동력으로 부상. 특히 반팔티셔츠와 신발의 강력한 시너지로 의류-신발 연계 판매 전략이 효과적임을 입증. 할인몰 특성상 가성비 중심의 상품 구성이 성공 요인으로 분석되며, 향후 이 채널을 통한 재고 소진 및 신규 고객 유입 전략 강화가 필요."
      },
      {
        "div": "종합분석-1",
        "sub_title": "최고 성과 채널",
        "ai_text": "(EC)할인몰이 전년 대비 신규 진출하여 43k 매출을 달성하며 유일한 성장 채널로 부상했습니다.\n반팔티셔츠(9k)와 신발(6k) 카테고리에서 안정적인 매출을 기록하며 브랜드 회복의 핵심 동력을 제공하고 있습니다."
      },
      {
        "div": "종합분석-2",
        "sub_title": "개선 필요 채널",
        "ai_text": "(EC)티몰은 전년 대비 50% 감소한 11k로 급격한 매출 하락을 보이며 즉시 개선이 필요합니다.\n패딩(-3k), 탱크탑(-0.3k) 등 음수 매출 발생과 함께 주력 상품군의 경쟁력 약화가 심각한 상황입니다."
      },
      {
        "div": "종합분석-3",
        "sub_title": "핵심 제안",
        "ai_text": "할인몰 성공 모델을 티몰에 적용하여 반팔티셔츠, 신발 등 검증된 상품군 중심으로 포트폴리오를 재편해야 합니다.\n음수 매출 상품의 즉시 정리와 함께 할인몰 채널 확대를 통해 전체 매출 261k의 회복 기반을 마련할 것을 제안합니다."
      }
    ]
  },
  "summary": {
    "total_sales": 1.1,
    "total_sales_cy": 0.26,
    "total_sales_py": 0.84,
    "change_pct": -68.8,
    "unique_channels": 6,
    "unique_items": 33,
    "unique_months": 2,
    "analysis_period": "2024년 9월 vs 2025년 9월"
  },
  "channel_summary": {
    "(EC)티몰": {
      "total_sales": 0.03,
      "months": {
        "202509": 13743.199999999999,
        "202409": 16167.850000000002
      },
      "top_items": [
        {
          "item_nm": "신발",
          "total_sales": 0.02
        },
        {
          "item_nm": "반팔티셔츠",
          "total_sales": 0.01
        },
        {
          "item_nm": "방풍자켓",
          "total_sales": 0.0
        },
        {
          "item_nm": "후드티",
          "total_sales": 0.0
        },
        {
          "item_nm": "소프트쉘",
          "total_sales": 0.0
        }
      ]
    },
    "(EC)할인몰": {
      "total_sales": 0.04,
      "months": {
        "202509": 42084.950000000004,
        "202409": 369.0
      },
      "top_items": [
        {
          "item_nm": "반팔티셔츠",
          "total_sales": 0.01
        },
        {
          "item_nm": "신발",
          "total_sales": 0.01
        },
        {
          "item_nm": "운동모",
          "total_sales": 0.0
        },
        {
          "item_nm": "후드티",
          "total_sales": 0.0
        },
        {
          "item_nm": "맨투맨",
          "total_sales": 0.0
        }
      ]
    },
    "(OFF)아울렛": {
      "total_sales": 0.21,
      "months": {
        "202509": 205504.40000000005
      },
      "top_items": [
        {
          "item_nm": "반팔티셔츠",
          "total_sales": 0.07
        },
        {
          "item_nm": "신발",
          "total_sales": 0.03
        },
        {
          "item_nm": "방풍자켓",
          "total_sales": 0.02
        },
        {
          "item_nm": "우븐팬츠",
          "total_sales": 0.02
        },
        {
          "item_nm": "맨투맨",
          "total_sales": 0.01
        }
      ]
    },
    "(EC)대리상": {
      "total_sales": 0.0,
      "months": {
        "202409": 4406.4
      },
      "top_items": [
        {
          "item_nm": "신발",
          "total_sales": 0.0
        },
        {
          "item_nm": "반팔티셔츠",
          "total_sales": 0.0
        }
      ]
    },
    "(OFF)대리상": {
      "total_sales": 0.29,
      "months": {
        "202409": 288000.0
      },
      "top_items": [
        {
          "item_nm": "방풍자켓",
          "total_sales": 0.06
        },
        {
          "item_nm": "신발",
          "total_sales": 0.05
        },
        {
          "item_nm": "반팔티셔츠",
          "total_sales": 0.05
        },
        {
          "item_nm": "우븐팬츠",
          "total_sales": 0.03
        },
        {
          "item_nm": "긴팔티셔츠",
          "total_sales": 0.02
        }
      ]
    },
    "(OFF)쇼핑몰": {
      "total_sales": 0.53,
      "months": {
        "202409": 528990.0
      },
      "top_items": [
        {
          "item_nm": "방풍자켓",
          "total_sales": 0.14
        },
        {
          "item_nm": "신발",
          "total_sales": 0.09
        },
        {
          "item_nm": "우븐팬츠",
          "total_sales": 0.08
        },
        {
          "item_nm": "반팔티셔츠",
          "total_sales": 0.06
        },
        {
          "item_nm": "긴팔티셔츠",
          "total_sales": 0.04
        }
      ]
    }
  },
  "channel_summary_overall": {
    "(EC)티몰": {
      "current_sales": 0.01,
      "previous_sales": 0.02,
      "all_items": [
        {
          "item_nm": "신발",
          "total_sales": 0.01
        },
        {
          "item_nm": "반팔티셔츠",
          "total_sales": 0.0
        },
        {
          "item_nm": "소프트쉘",
          "total_sales": 0.0
        },
        {
          "item_nm": "다운점퍼",
          "total_sales": 0.0
        },
        {
          "item_nm": "후드티",
          "total_sales": 0.0
        },
        {
          "item_nm": "방풍자켓",
          "total_sales": 0.0
        },
        {
          "item_nm": "맨투맨",
          "total_sales": 0.0
        },
        {
          "item_nm": "우븐팬츠",
          "total_sales": 0.0
        },
        {
          "item_nm": "백팩",
          "total_sales": 0.0
        },
        {
          "item_nm": "트레이닝(상의)",
          "total_sales": 0.0
        },
        {
          "item_nm": "운동모",
          "total_sales": 0.0
        },
        {
          "item_nm": "긴팔티셔츠",
          "total_sales": 0.0
        },
        {
          "item_nm": "우븐반바지",
          "total_sales": 0.0
        },
        {
          "item_nm": "양말",
          "total_sales": 0.0
        },
        {
          "item_nm": "우븐셔츠",
          "total_sales": 0.0
        },
        {
          "item_nm": "점퍼",
          "total_sales": -0.0
        },
        {
          "item_nm": "햇",
          "total_sales": -0.0
        },
        {
          "item_nm": "슬리퍼",
          "total_sales": -0.0
        },
        {
          "item_nm": "탱크탑",
          "total_sales": -0.0
        },
        {
          "item_nm": "패딩",
          "total_sales": -0.0
        }
      ],
      "change_pct": -50.0
    },
    "(EC)할인몰": {
      "current_sales": 0.04,
      "previous_sales": 0.0,
      "all_items": [
        {
          "item_nm": "반팔티셔츠",
          "total_sales": 0.01
        },
        {
          "item_nm": "신발",
          "total_sales": 0.01
        },
        {
          "item_nm": "운동모",
          "total_sales": 0.0
        },
        {
          "item_nm": "후드티",
          "total_sales": 0.0
        },
        {
          "item_nm": "맨투맨",
          "total_sales": 0.0
        },
        {
          "item_nm": "팬츠",
          "total_sales": 0.0
        },
        {
          "item_nm": "슬리퍼",
          "total_sales": 0.0
        },
        {
          "item_nm": "방풍자켓",
          "total_sales": 0.0
        },
        {
          "item_nm": "우븐반바지",
          "total_sales": 0.0
        },
        {
          "item_nm": "반바지",
          "total_sales": 0.0
        },
        {
          "item_nm": "긴팔티셔츠",
          "total_sales": 0.0
        },
        {
          "item_nm": "다운점퍼",
          "total_sales": 0.0
        },
        {
          "item_nm": "다운베스트",
          "total_sales": 0.0
        },
        {
          "item_nm": "보스톤백",
          "total_sales": 0.0
        },
        {
          "item_nm": "폴로 티셔츠",
          "total_sales": 0.0
        },
        {
          "item_nm": "우븐팬츠",
          "total_sales": 0.0
        },
        {
          "item_nm": "소프트쉘",
          "total_sales": 0.0
        },
        {
          "item_nm": "양말",
          "total_sales": 0.0
        },
        {
          "item_nm": "가방",
          "total_sales": 0.0
        },
        {
          "item_nm": "힙색",
          "total_sales": 0.0
        },
        {
          "item_nm": "트레이닝(상의)",
          "total_sales": 0.0
        },
        {
          "item_nm": "점퍼",
          "total_sales": 0.0
        },
        {
          "item_nm": "햇",
          "total_sales": 0.0
        },
        {
          "item_nm": "탱크탑",
          "total_sales": 0.0
        },
        {
          "item_nm": "우븐셔츠",
          "total_sales": -0.0
        }
      ],
      "change_pct": 0
    },
    "(OFF)아울렛": {
      "current_sales": 0.21,
      "previous_sales": 0.0,
      "all_items": [
        {
          "item_nm": "반팔티셔츠",
          "total_sales": 0.07
        },
        {
          "item_nm": "신발",
          "total_sales": 0.03
        },
        {
          "item_nm": "방풍자켓",
          "total_sales": 0.02
        },
        {
          "item_nm": "우븐팬츠",
          "total_sales": 0.02
        },
        {
          "item_nm": "맨투맨",
          "total_sales": 0.01
        },
        {
          "item_nm": "후드티",
          "total_sales": 0.01
        },
        {
          "item_nm": "우븐셔츠",
          "total_sales": 0.01
        },
        {
          "item_nm": "팬츠",
          "total_sales": 0.01
        },
        {
          "item_nm": "반바지",
          "total_sales": 0.01
        },
        {
          "item_nm": "긴팔티셔츠",
          "total_sales": 0.0
        },
        {
          "item_nm": "점퍼",
          "total_sales": 0.0
        },
        {
          "item_nm": "폴로 티셔츠",
          "total_sales": 0.0
        },
        {
          "item_nm": "우븐반바지",
          "total_sales": 0.0
        },
        {
          "item_nm": "스커트",
          "total_sales": 0.0
        },
        {
          "item_nm": "데님셔츠",
          "total_sales": 0.0
        },
        {
          "item_nm": "운동모",
          "total_sales": 0.0
        },
        {
          "item_nm": "힙색",
          "total_sales": 0.0
        },
        {
          "item_nm": "트레이닝(상의)",
          "total_sales": 0.0
        },
        {
          "item_nm": "트레이닝(하의)",
          "total_sales": 0.0
        },
        {
          "item_nm": "크로스백",
          "total_sales": 0.0
        },
        {
          "item_nm": "슬리퍼",
          "total_sales": 0.0
        },
        {
          "item_nm": "양말",
          "total_sales": 0.0
        }
      ],
      "change_pct": 0
    },
    "(EC)대리상": {
      "current_sales": 0.0,
      "previous_sales": 0.0,
      "all_items": [],
      "change_pct": 0
    },
    "(OFF)대리상": {
      "current_sales": 0.0,
      "previous_sales": 0.29,
      "all_items": [],
      "change_pct": -100.0
    },
    "(OFF)쇼핑몰": {
      "current_sales": 0.0,
      "previous_sales": 0.53,
      "all_items": [],
      "change_pct": -100.0
    }
  },
  "raw_data": {
    "sample_records": [
      {
        "YYYYMM": "202509",
        "MGMT_CHNL_NM": "(EC)티몰",
        "ITEM_NM": "긴팔티셔츠",
        "SALE_AMT": 231.44
      },
      {
        "YYYYMM": "202509",
        "MGMT_CHNL_NM": "(EC)티몰",
        "ITEM_NM": "다운점퍼",
        "SALE_AMT": 1054.2
      },
      {
        "YYYYMM": "202509",
        "MGMT_CHNL_NM": "(EC)티몰",
        "ITEM_NM": "맨투맨",
        "SALE_AMT": 506.79999999999995
      },
      {
        "YYYYMM": "202509",
        "MGMT_CHNL_NM": "(EC)티몰",
        "ITEM_NM": "반팔티셔츠",
        "SALE_AMT": 2345.12
      },
      {
        "YYYYMM": "202509",
        "MGMT_CHNL_NM": "(EC)티몰",
        "ITEM_NM": "방풍자켓",
        "SALE_AMT": 527.3699999999999
      },
      {
        "YYYYMM": "202509",
        "MGMT_CHNL_NM": "(EC)티몰",
        "ITEM_NM": "백팩",
        "SALE_AMT": 448.3
      },
      {
        "YYYYMM": "202509",
        "MGMT_CHNL_NM": "(EC)티몰",
        "ITEM_NM": "소프트쉘",
        "SALE_AMT": 1492.4
      },
      {
        "YYYYMM": "202509",
        "MGMT_CHNL_NM": "(EC)티몰",
        "ITEM_NM": "슬리퍼",
        "SALE_AMT": -233.4
      },
      {
        "YYYYMM": "202509",
        "MGMT_CHNL_NM": "(EC)티몰",
        "ITEM_NM": "신발",
        "SALE_AMT": 8590.0
      },
      {
        "YYYYMM": "202509",
        "MGMT_CHNL_NM": "(EC)티몰",
        "ITEM_NM": "양말",
        "SALE_AMT": 99.83
      },
      {
        "YYYYMM": "202509",
        "MGMT_CHNL_NM": "(EC)티몰",
        "ITEM_NM": "우븐반바지",
        "SALE_AMT": 210.4
      },
      {
        "YYYYMM": "202509",
        "MGMT_CHNL_NM": "(EC)티몰",
        "ITEM_NM": "우븐셔츠",
        "SALE_AMT": 40.43
      },
      {
        "YYYYMM": "202509",
        "MGMT_CHNL_NM": "(EC)티몰",
        "ITEM_NM": "우븐팬츠",
        "SALE_AMT": 492.3
      },
      {
        "YYYYMM": "202509",
        "MGMT_CHNL_NM": "(EC)티몰",
        "ITEM_NM": "운동모",
        "SALE_AMT": 382.8
      },
      {
        "YYYYMM": "202509",
        "MGMT_CHNL_NM": "(EC)티몰",
        "ITEM_NM": "점퍼",
        "SALE_AMT": -185.89999999999998
      },
      {
        "YYYYMM": "202509",
        "MGMT_CHNL_NM": "(EC)티몰",
        "ITEM_NM": "탱크탑",
        "SALE_AMT": -316.05
      },
      {
        "YYYYMM": "202509",
        "MGMT_CHNL_NM": "(EC)티몰",
        "ITEM_NM": "트레이닝(상의)",
        "SALE_AMT": 427.4
      },
      {
        "YYYYMM": "202509",
        "MGMT_CHNL_NM": "(EC)티몰",
        "ITEM_NM": "패딩",
        "SALE_AMT": -2877.72
      },
      {
        "YYYYMM": "202509",
        "MGMT_CHNL_NM": "(EC)티몰",
        "ITEM_NM": "햇",
        "SALE_AMT": -231.75
      },
      {
        "YYYYMM": "202509",
        "MGMT_CHNL_NM": "(EC)티몰",
        "ITEM_NM": "후드티",
        "SALE_AMT": 739.23
      },
      {
        "YYYYMM": "202509",
        "MGMT_CHNL_NM": "(EC)할인몰",
        "ITEM_NM": "가방",
        "SALE_AMT": 596.0
      },
      {
        "YYYYMM": "202509",
        "MGMT_CHNL_NM": "(EC)할인몰",
        "ITEM_NM": "긴팔티셔츠",
        "SALE_AMT": 1209.0
      },
      {
        "YYYYMM": "202509",
        "MGMT_CHNL_NM": "(EC)할인몰",
        "ITEM_NM": "다운베스트",
        "SALE_AMT": 1106.0
      },
      {
        "YYYYMM": "202509",
        "MGMT_CHNL_NM": "(EC)할인몰",
        "ITEM_NM": "다운점퍼",
        "SALE_AMT": 1135.0
      },
      {
        "YYYYMM": "202509",
        "MGMT_CHNL_NM": "(EC)할인몰",
        "ITEM_NM": "맨투맨",
        "SALE_AMT": 2558.0
      },
      {
        "YYYYMM": "202509",
        "MGMT_CHNL_NM": "(EC)할인몰",
        "ITEM_NM": "반바지",
        "SALE_AMT": 1281.0
      },
      {
        "YYYYMM": "202509",
        "MGMT_CHNL_NM": "(EC)할인몰",
        "ITEM_NM": "반팔티셔츠",
        "SALE_AMT": 8541.0
      },
      {
        "YYYYMM": "202509",
        "MGMT_CHNL_NM": "(EC)할인몰",
        "ITEM_NM": "방풍자켓",
        "SALE_AMT": 1576.0
      },
      {
        "YYYYMM": "202509",
        "MGMT_CHNL_NM": "(EC)할인몰",
        "ITEM_NM": "보스톤백",
        "SALE_AMT": 1069.0
      },
      {
        "YYYYMM": "202509",
        "MGMT_CHNL_NM": "(EC)할인몰",
        "ITEM_NM": "소프트쉘",
        "SALE_AMT": 717.0
      },
      {
        "YYYYMM": "202509",
        "MGMT_CHNL_NM": "(EC)할인몰",
        "ITEM_NM": "슬리퍼",
        "SALE_AMT": 1924.0
      },
      {
        "YYYYMM": "202509",
        "MGMT_CHNL_NM": "(EC)할인몰",
        "ITEM_NM": "신발",
        "SALE_AMT": 5589.65
      },
      {
        "YYYYMM": "202509",
        "MGMT_CHNL_NM": "(EC)할인몰",
        "ITEM_NM": "양말",
        "SALE_AMT": 668.0
      },
      {
        "YYYYMM": "202509",
        "MGMT_CHNL_NM": "(EC)할인몰",
        "ITEM_NM": "우븐반바지",
        "SALE_AMT": 1373.0
      },
      {
        "YYYYMM": "202509",
        "MGMT_CHNL_NM": "(EC)할인몰",
        "ITEM_NM": "우븐셔츠",
        "SALE_AMT": -650.0
      },
      {
        "YYYYMM": "202509",
        "MGMT_CHNL_NM": "(EC)할인몰",
        "ITEM_NM": "우븐팬츠",
        "SALE_AMT": 757.0
      },
      {
        "YYYYMM": "202509",
        "MGMT_CHNL_NM": "(EC)할인몰",
        "ITEM_NM": "운동모",
        "SALE_AMT": 4000.0
      },
      {
        "YYYYMM": "202509",
        "MGMT_CHNL_NM": "(EC)할인몰",
        "ITEM_NM": "점퍼",
        "SALE_AMT": 202.0
      },
      {
        "YYYYMM": "202509",
        "MGMT_CHNL_NM": "(EC)할인몰",
        "ITEM_NM": "탱크탑",
        "SALE_AMT": 139.3
      },
      {
        "YYYYMM": "202509",
        "MGMT_CHNL_NM": "(EC)할인몰",
        "ITEM_NM": "트레이닝(상의)",
        "SALE_AMT": 399.0
      },
      {
        "YYYYMM": "202509",
        "MGMT_CHNL_NM": "(EC)할인몰",
        "ITEM_NM": "팬츠",
        "SALE_AMT": 2412.0
      },
      {
        "YYYYMM": "202509",
        "MGMT_CHNL_NM": "(EC)할인몰",
        "ITEM_NM": "폴로 티셔츠",
        "SALE_AMT": 832.0
      },
      {
        "YYYYMM": "202509",
        "MGMT_CHNL_NM": "(EC)할인몰",
        "ITEM_NM": "햇",
        "SALE_AMT": 159.0
      },
      {
        "YYYYMM": "202509",
        "MGMT_CHNL_NM": "(EC)할인몰",
        "ITEM_NM": "후드티",
        "SALE_AMT": 3953.0
      },
      {
        "YYYYMM": "202509",
        "MGMT_CHNL_NM": "(EC)할인몰",
        "ITEM_NM": "힙색",
        "SALE_AMT": 539.0
      },
      {
        "YYYYMM": "202509",
        "MGMT_CHNL_NM": "(OFF)아울렛",
        "ITEM_NM": "긴팔티셔츠",
        "SALE_AMT": 4922.8
      },
      {
        "YYYYMM": "202509",
        "MGMT_CHNL_NM": "(OFF)아울렛",
        "ITEM_NM": "데님셔츠",
        "SALE_AMT": 957.0
      },
      {
        "YYYYMM": "202509",
        "MGMT_CHNL_NM": "(OFF)아울렛",
        "ITEM_NM": "맨투맨",
        "SALE_AMT": 11225.400000000001
      },
      {
        "YYYYMM": "202509",
        "MGMT_CHNL_NM": "(OFF)아울렛",
        "ITEM_NM": "반바지",
        "SALE_AMT": 7275.6
      },
      {
        "YYYYMM": "202509",
        "MGMT_CHNL_NM": "(OFF)아울렛",
        "ITEM_NM": "반팔티셔츠",
        "SALE_AMT": 71792.20000000001
      }
    ],
    "total_records_count": 137
  },
  "trend_data": {
    "trend_months": [
      "202409",
      "202509"
    ],
    "monthly_totals": [
      {
        "yyyymm": "202409",
        "total_amount": 0.84
      },
      {
        "yyyymm": "202509",
        "total_amount": 0.26
      }
    ],
    "monthly_details": [
      {
        "yyyymm": "202509",
        "chnl_nm": "(EC)티몰",
        "item_nm": "긴팔티셔츠",
        "sale_amt": 0.0
      },
      {
        "yyyymm": "202509",
        "chnl_nm": "(EC)티몰",
        "item_nm": "다운점퍼",
        "sale_amt": 0.0
      },
      {
        "yyyymm": "202509",
        "chnl_nm": "(EC)티몰",
        "item_nm": "맨투맨",
        "sale_amt": 0.0
      },
      {
        "yyyymm": "202509",
        "chnl_nm": "(EC)티몰",
        "item_nm": "반팔티셔츠",
        "sale_amt": 0.0
      },
      {
        "yyyymm": "202509",
        "chnl_nm": "(EC)티몰",
        "item_nm": "방풍자켓",
        "sale_amt": 0.0
      },
      {
        "yyyymm": "202509",
        "chnl_nm": "(EC)티몰",
        "item_nm": "백팩",
        "sale_amt": 0.0
      },
      {
        "yyyymm": "202509",
        "chnl_nm": "(EC)티몰",
        "item_nm": "소프트쉘",
        "sale_amt": 0.0
      },
      {
        "yyyymm": "202509",
        "chnl_nm": "(EC)티몰",
        "item_nm": "슬리퍼",
        "sale_amt": -0.0
      },
      {
        "yyyymm": "202509",
        "chnl_nm": "(EC)티몰",
        "item_nm": "신발",
        "sale_amt": 0.01
      },
      {
        "yyyymm": "202509",
        "chnl_nm": "(EC)티몰",
        "item_nm": "양말",
        "sale_amt": 0.0
      },
      {
        "yyyymm": "202509",
        "chnl_nm": "(EC)티몰",
        "item_nm": "우븐반바지",
        "sale_amt": 0.0
      },
      {
        "yyyymm": "202509",
        "chnl_nm": "(EC)티몰",
        "item_nm": "우븐셔츠",
        "sale_amt": 0.0
      },
      {
        "yyyymm": "202509",
        "chnl_nm": "(EC)티몰",
        "item_nm": "우븐팬츠",
        "sale_amt": 0.0
      },
      {
        "yyyymm": "202509",
        "chnl_nm": "(EC)티몰",
        "item_nm": "운동모",
        "sale_amt": 0.0
      },
      {
        "yyyymm": "202509",
        "chnl_nm": "(EC)티몰",
        "item_nm": "점퍼",
        "sale_amt": -0.0
      },
      {
        "yyyymm": "202509",
        "chnl_nm": "(EC)티몰",
        "item_nm": "탱크탑",
        "sale_amt": -0.0
      },
      {
        "yyyymm": "202509",
        "chnl_nm": "(EC)티몰",
        "item_nm": "트레이닝(상의)",
        "sale_amt": 0.0
      },
      {
        "yyyymm": "202509",
        "chnl_nm": "(EC)티몰",
        "item_nm": "패딩",
        "sale_amt": -0.0
      },
      {
        "yyyymm": "202509",
        "chnl_nm": "(EC)티몰",
        "item_nm": "햇",
        "sale_amt": -0.0
      },
      {
        "yyyymm": "202509",
        "chnl_nm": "(EC)티몰",
        "item_nm": "후드티",
        "sale_amt": 0.0
      },
      {
        "yyyymm": "202509",
        "chnl_nm": "(EC)할인몰",
        "item_nm": "가방",
        "sale_amt": 0.0
      },
      {
        "yyyymm": "202509",
        "chnl_nm": "(EC)할인몰",
        "item_nm": "긴팔티셔츠",
        "sale_amt": 0.0
      },
      {
        "yyyymm": "202509",
        "chnl_nm": "(EC)할인몰",
        "item_nm": "다운베스트",
        "sale_amt": 0.0
      },
      {
        "yyyymm": "202509",
        "chnl_nm": "(EC)할인몰",
        "item_nm": "다운점퍼",
        "sale_amt": 0.0
      },
      {
        "yyyymm": "202509",
        "chnl_nm": "(EC)할인몰",
        "item_nm": "맨투맨",
        "sale_amt": 0.0
      },
      {
        "yyyymm": "202509",
        "chnl_nm": "(EC)할인몰",
        "item_nm": "반바지",
        "sale_amt": 0.0
      },
      {
        "yyyymm": "202509",
        "chnl_nm": "(EC)할인몰",
        "item_nm": "반팔티셔츠",
        "sale_amt": 0.01
      },
      {
        "yyyymm": "202509",
        "chnl_nm": "(EC)할인몰",
        "item_nm": "방풍자켓",
        "sale_amt": 0.0
      },
      {
        "yyyymm": "202509",
        "chnl_nm": "(EC)할인몰",
        "item_nm": "보스톤백",
        "sale_amt": 0.0
      },
      {
        "yyyymm": "202509",
        "chnl_nm": "(EC)할인몰",
        "item_nm": "소프트쉘",
        "sale_amt": 0.0
      },
      {
        "yyyymm": "202509",
        "chnl_nm": "(EC)할인몰",
        "item_nm": "슬리퍼",
        "sale_amt": 0.0
      },
      {
        "yyyymm": "202509",
        "chnl_nm": "(EC)할인몰",
        "item_nm": "신발",
        "sale_amt": 0.01
      },
      {
        "yyyymm": "202509",
        "chnl_nm": "(EC)할인몰",
        "item_nm": "양말",
        "sale_amt": 0.0
      },
      {
        "yyyymm": "202509",
        "chnl_nm": "(EC)할인몰",
        "item_nm": "우븐반바지",
        "sale_amt": 0.0
      },
      {
        "yyyymm": "202509",
        "chnl_nm": "(EC)할인몰",
        "item_nm": "우븐셔츠",
        "sale_amt": -0.0
      },
      {
        "yyyymm": "202509",
        "chnl_nm": "(EC)할인몰",
        "item_nm": "우븐팬츠",
        "sale_amt": 0.0
      },
      {
        "yyyymm": "202509",
        "chnl_nm": "(EC)할인몰",
        "item_nm": "운동모",
        "sale_amt": 0.0
      },
      {
        "yyyymm": "202509",
        "chnl_nm": "(EC)할인몰",
        "item_nm": "점퍼",
        "sale_amt": 0.0
      },
      {
        "yyyymm": "202509",
        "chnl_nm": "(EC)할인몰",
        "item_nm": "탱크탑",
        "sale_amt": 0.0
      },
      {
        "yyyymm": "202509",
        "chnl_nm": "(EC)할인몰",
        "item_nm": "트레이닝(상의)",
        "sale_amt": 0.0
      },
      {
        "yyyymm": "202509",
        "chnl_nm": "(EC)할인몰",
        "item_nm": "팬츠",
        "sale_amt": 0.0
      },
      {
        "yyyymm": "202509",
        "chnl_nm": "(EC)할인몰",
        "item_nm": "폴로 티셔츠",
        "sale_amt": 0.0
      },
      {
        "yyyymm": "202509",
        "chnl_nm": "(EC)할인몰",
        "item_nm": "햇",
        "sale_amt": 0.0
      },
      {
        "yyyymm": "202509",
        "chnl_nm": "(EC)할인몰",
        "item_nm": "후드티",
        "sale_amt": 0.0
      },
      {
        "yyyymm": "202509",
        "chnl_nm": "(EC)할인몰",
        "item_nm": "힙색",
        "sale_amt": 0.0
      },
      {
        "yyyymm": "202509",
        "chnl_nm": "(OFF)아울렛",
        "item_nm": "긴팔티셔츠",
        "sale_amt": 0.0
      },
      {
        "yyyymm": "202509",
        "chnl_nm": "(OFF)아울렛",
        "item_nm": "데님셔츠",
        "sale_amt": 0.0
      },
      {
        "yyyymm": "202509",
        "chnl_nm": "(OFF)아울렛",
        "item_nm": "맨투맨",
        "sale_amt": 0.01
      },
      {
        "yyyymm": "202509",
        "chnl_nm": "(OFF)아울렛",
        "item_nm": "반바지",
        "sale_amt": 0.01
      },
      {
        "yyyymm": "202509",
        "chnl_nm": "(OFF)아울렛",
        "item_nm": "반팔티셔츠",
        "sale_amt": 0.07
      },
      {
        "yyyymm": "202509",
        "chnl_nm": "(OFF)아울렛",
        "item_nm": "방풍자켓",
        "sale_amt": 0.02
      },
      {
        "yyyymm": "202509",
        "chnl_nm": "(OFF)아울렛",
        "item_nm": "스커트",
        "sale_amt": 0.0
      },
      {
        "yyyymm": "202509",
        "chnl_nm": "(OFF)아울렛",
        "item_nm": "슬리퍼",
        "sale_amt": 0.0
      },
      {
        "yyyymm": "202509",
        "chnl_nm": "(OFF)아울렛",
        "item_nm": "신발",
        "sale_amt": 0.03
      },
      {
        "yyyymm": "202509",
        "chnl_nm": "(OFF)아울렛",
        "item_nm": "양말",
        "sale_amt": 0.0
      },
      {
        "yyyymm": "202509",
        "chnl_nm": "(OFF)아울렛",
        "item_nm": "우븐반바지",
        "sale_amt": 0.0
      },
      {
        "yyyymm": "202509",
        "chnl_nm": "(OFF)아울렛",
        "item_nm": "우븐셔츠",
        "sale_amt": 0.01
      },
      {
        "yyyymm": "202509",
        "chnl_nm": "(OFF)아울렛",
        "item_nm": "우븐팬츠",
        "sale_amt": 0.02
      },
      {
        "yyyymm": "202509",
        "chnl_nm": "(OFF)아울렛",
        "item_nm": "운동모",
        "sale_amt": 0.0
      },
      {
        "yyyymm": "202509",
        "chnl_nm": "(OFF)아울렛",
        "item_nm": "점퍼",
        "sale_amt": 0.0
      },
      {
        "yyyymm": "202509",
        "chnl_nm": "(OFF)아울렛",
        "item_nm": "크로스백",
        "sale_amt": 0.0
      },
      {
        "yyyymm": "202509",
        "chnl_nm": "(OFF)아울렛",
        "item_nm": "트레이닝(상의)",
        "sale_amt": 0.0
      },
      {
        "yyyymm": "202509",
        "chnl_nm": "(OFF)아울렛",
        "item_nm": "트레이닝(하의)",
        "sale_amt": 0.0
      },
      {
        "yyyymm": "202509",
        "chnl_nm": "(OFF)아울렛",
        "item_nm": "팬츠",
        "sale_amt": 0.01
      },
      {
        "yyyymm": "202509",
        "chnl_nm": "(OFF)아울렛",
        "item_nm": "폴로 티셔츠",
        "sale_amt": 0.0
      },
      {
        "yyyymm": "202509",
        "chnl_nm": "(OFF)아울렛",
        "item_nm": "후드티",
        "sale_amt": 0.01
      },
      {
        "yyyymm": "202509",
        "chnl_nm": "(OFF)아울렛",
        "item_nm": "힙색",
        "sale_amt": 0.0
      },
      {
        "yyyymm": "202409",
        "chnl_nm": "(EC)대리상",
        "item_nm": "반팔티셔츠",
        "sale_amt": 0.0
      },
      {
        "yyyymm": "202409",
        "chnl_nm": "(EC)대리상",
        "item_nm": "신발",
        "sale_amt": 0.0
      },
      {
        "yyyymm": "202409",
        "chnl_nm": "(EC)티몰",
        "item_nm": "가방",
        "sale_amt": 0.0
      },
      {
        "yyyymm": "202409",
        "chnl_nm": "(EC)티몰",
        "item_nm": "긴팔티셔츠",
        "sale_amt": 0.0
      },
      {
        "yyyymm": "202409",
        "chnl_nm": "(EC)티몰",
        "item_nm": "다운점퍼",
        "sale_amt": -0.01
      },
      {
        "yyyymm": "202409",
        "chnl_nm": "(EC)티몰",
        "item_nm": "맨투맨",
        "sale_amt": 0.0
      },
      {
        "yyyymm": "202409",
        "chnl_nm": "(EC)티몰",
        "item_nm": "반팔티셔츠",
        "sale_amt": 0.0
      },
      {
        "yyyymm": "202409",
        "chnl_nm": "(EC)티몰",
        "item_nm": "방풍자켓",
        "sale_amt": 0.0
      },
      {
        "yyyymm": "202409",
        "chnl_nm": "(EC)티몰",
        "item_nm": "소프트쉘",
        "sale_amt": 0.0
      },
      {
        "yyyymm": "202409",
        "chnl_nm": "(EC)티몰",
        "item_nm": "스커트",
        "sale_amt": 0.0
      },
      {
        "yyyymm": "202409",
        "chnl_nm": "(EC)티몰",
        "item_nm": "신발",
        "sale_amt": 0.01
      },
      {
        "yyyymm": "202409",
        "chnl_nm": "(EC)티몰",
        "item_nm": "양말",
        "sale_amt": 0.0
      },
      {
        "yyyymm": "202409",
        "chnl_nm": "(EC)티몰",
        "item_nm": "우븐반바지",
        "sale_amt": 0.0
      },
      {
        "yyyymm": "202409",
        "chnl_nm": "(EC)티몰",
        "item_nm": "우븐셔츠",
        "sale_amt": 0.0
      },
      {
        "yyyymm": "202409",
        "chnl_nm": "(EC)티몰",
        "item_nm": "운동모",
        "sale_amt": 0.0
      },
      {
        "yyyymm": "202409",
        "chnl_nm": "(EC)티몰",
        "item_nm": "탱크탑",
        "sale_amt": -0.0
      },
      {
        "yyyymm": "202409",
        "chnl_nm": "(EC)티몰",
        "item_nm": "팬츠",
        "sale_amt": 0.0
      },
      {
        "yyyymm": "202409",
        "chnl_nm": "(EC)티몰",
        "item_nm": "후드티",
        "sale_amt": 0.0
      },
      {
        "yyyymm": "202409",
        "chnl_nm": "(EC)할인몰",
        "item_nm": "반팔티셔츠",
        "sale_amt": 0.0
      },
      {
        "yyyymm": "202409",
        "chnl_nm": "(OFF)대리상",
        "item_nm": "가방",
        "sale_amt": 0.01
      },
      {
        "yyyymm": "202409",
        "chnl_nm": "(OFF)대리상",
        "item_nm": "긴팔티셔츠",
        "sale_amt": 0.02
      },
      {
        "yyyymm": "202409",
        "chnl_nm": "(OFF)대리상",
        "item_nm": "데님셔츠",
        "sale_amt": 0.0
      },
      {
        "yyyymm": "202409",
        "chnl_nm": "(OFF)대리상",
        "item_nm": "맨투맨",
        "sale_amt": 0.01
      },
      {
        "yyyymm": "202409",
        "chnl_nm": "(OFF)대리상",
        "item_nm": "반바지",
        "sale_amt": 0.0
      },
      {
        "yyyymm": "202409",
        "chnl_nm": "(OFF)대리상",
        "item_nm": "반팔티셔츠",
        "sale_amt": 0.05
      },
      {
        "yyyymm": "202409",
        "chnl_nm": "(OFF)대리상",
        "item_nm": "방풍자켓",
        "sale_amt": 0.06
      },
      {
        "yyyymm": "202409",
        "chnl_nm": "(OFF)대리상",
        "item_nm": "백팩",
        "sale_amt": 0.0
      },
      {
        "yyyymm": "202409",
        "chnl_nm": "(OFF)대리상",
        "item_nm": "보스톤백",
        "sale_amt": 0.0
      },
      {
        "yyyymm": "202409",
        "chnl_nm": "(OFF)대리상",
        "item_nm": "비니",
        "sale_amt": 0.0
      },
      {
        "yyyymm": "202409",
        "chnl_nm": "(OFF)대리상",
        "item_nm": "소프트쉘",
        "sale_amt": 0.0
      },
      {
        "yyyymm": "202409",
        "chnl_nm": "(OFF)대리상",
        "item_nm": "스커트",
        "sale_amt": 0.0
      },
      {
        "yyyymm": "202409",
        "chnl_nm": "(OFF)대리상",
        "item_nm": "슬리퍼",
        "sale_amt": 0.01
      },
      {
        "yyyymm": "202409",
        "chnl_nm": "(OFF)대리상",
        "item_nm": "신발",
        "sale_amt": 0.05
      },
      {
        "yyyymm": "202409",
        "chnl_nm": "(OFF)대리상",
        "item_nm": "양말",
        "sale_amt": 0.0
      },
      {
        "yyyymm": "202409",
        "chnl_nm": "(OFF)대리상",
        "item_nm": "우븐반바지",
        "sale_amt": 0.01
      },
      {
        "yyyymm": "202409",
        "chnl_nm": "(OFF)대리상",
        "item_nm": "우븐셔츠",
        "sale_amt": 0.0
      },
      {
        "yyyymm": "202409",
        "chnl_nm": "(OFF)대리상",
        "item_nm": "우븐팬츠",
        "sale_amt": 0.03
      },
      {
        "yyyymm": "202409",
        "chnl_nm": "(OFF)대리상",
        "item_nm": "운동모",
        "sale_amt": 0.01
      },
      {
        "yyyymm": "202409",
        "chnl_nm": "(OFF)대리상",
        "item_nm": "진바지",
        "sale_amt": 0.0
      },
      {
        "yyyymm": "202409",
        "chnl_nm": "(OFF)대리상",
        "item_nm": "크로스백",
        "sale_amt": 0.0
      },
      {
        "yyyymm": "202409",
        "chnl_nm": "(OFF)대리상",
        "item_nm": "탱크탑",
        "sale_amt": 0.0
      },
      {
        "yyyymm": "202409",
        "chnl_nm": "(OFF)대리상",
        "item_nm": "팬츠",
        "sale_amt": 0.01
      },
      {
        "yyyymm": "202409",
        "chnl_nm": "(OFF)대리상",
        "item_nm": "햇",
        "sale_amt": 0.0
      },
      {
        "yyyymm": "202409",
        "chnl_nm": "(OFF)대리상",
        "item_nm": "후드티",
        "sale_amt": 0.0
      },
      {
        "yyyymm": "202409",
        "chnl_nm": "(OFF)쇼핑몰",
        "item_nm": "가방",
        "sale_amt": 0.0
      },
      {
        "yyyymm": "202409",
        "chnl_nm": "(OFF)쇼핑몰",
        "item_nm": "긴팔티셔츠",
        "sale_amt": 0.04
      },
      {
        "yyyymm": "202409",
        "chnl_nm": "(OFF)쇼핑몰",
        "item_nm": "다운점퍼",
        "sale_amt": 0.01
      },
      {
        "yyyymm": "202409",
        "chnl_nm": "(OFF)쇼핑몰",
        "item_nm": "맨투맨",
        "sale_amt": 0.01
      },
      {
        "yyyymm": "202409",
        "chnl_nm": "(OFF)쇼핑몰",
        "item_nm": "반바지",
        "sale_amt": 0.0
      },
      {
        "yyyymm": "202409",
        "chnl_nm": "(OFF)쇼핑몰",
        "item_nm": "반팔티셔츠",
        "sale_amt": 0.06
      },
      {
        "yyyymm": "202409",
        "chnl_nm": "(OFF)쇼핑몰",
        "item_nm": "방풍자켓",
        "sale_amt": 0.14
      },
      {
        "yyyymm": "202409",
        "chnl_nm": "(OFF)쇼핑몰",
        "item_nm": "백팩",
        "sale_amt": 0.0
      },
      {
        "yyyymm": "202409",
        "chnl_nm": "(OFF)쇼핑몰",
        "item_nm": "비니",
        "sale_amt": 0.0
      },
      {
        "yyyymm": "202409",
        "chnl_nm": "(OFF)쇼핑몰",
        "item_nm": "소프트쉘",
        "sale_amt": 0.01
      },
      {
        "yyyymm": "202409",
        "chnl_nm": "(OFF)쇼핑몰",
        "item_nm": "스커트",
        "sale_amt": 0.01
      },
      {
        "yyyymm": "202409",
        "chnl_nm": "(OFF)쇼핑몰",
        "item_nm": "슬리퍼",
        "sale_amt": 0.0
      },
      {
        "yyyymm": "202409",
        "chnl_nm": "(OFF)쇼핑몰",
        "item_nm": "신발",
        "sale_amt": 0.09
      },
      {
        "yyyymm": "202409",
        "chnl_nm": "(OFF)쇼핑몰",
        "item_nm": "양말",
        "sale_amt": 0.0
      },
      {
        "yyyymm": "202409",
        "chnl_nm": "(OFF)쇼핑몰",
        "item_nm": "우븐반바지",
        "sale_amt": 0.01
      },
      {
        "yyyymm": "202409",
        "chnl_nm": "(OFF)쇼핑몰",
        "item_nm": "우븐셔츠",
        "sale_amt": 0.01
      },
      {
        "yyyymm": "202409",
        "chnl_nm": "(OFF)쇼핑몰",
        "item_nm": "우븐팬츠",
        "sale_amt": 0.08
      },
      {
        "yyyymm": "202409",
        "chnl_nm": "(OFF)쇼핑몰",
        "item_nm": "운동모",
        "sale_amt": 0.02
      },
      {
        "yyyymm": "202409",
        "chnl_nm": "(OFF)쇼핑몰",
        "item_nm": "점퍼",
        "sale_amt": 0.0
      },
      {
        "yyyymm": "202409",
        "chnl_nm": "(OFF)쇼핑몰",
        "item_nm": "크로스백",
        "sale_amt": 0.0
      },
      {
        "yyyymm": "202409",
        "chnl_nm": "(OFF)쇼핑몰",
        "item_nm": "탱크탑",
        "sale_amt": 0.0
      },
      {
        "yyyymm": "202409",
        "chnl_nm": "(OFF)쇼핑몰",
        "item_nm": "팬츠",
        "sale_amt": 0.01
      },
      {
        "yyyymm": "202409",
        "chnl_nm": "(OFF)쇼핑몰",
        "item_nm": "폴로 티셔츠",
        "sale_amt": 0.0
      },
      {
        "yyyymm": "202409",
        "chnl_nm": "(OFF)쇼핑몰",
        "item_nm": "햇",
        "sale_amt": 0.0
      },
      {
        "yyyymm": "202409",
        "chnl_nm": "(OFF)쇼핑몰",
        "item_nm": "후드티",
        "sale_amt": 0.02
      },
      {
        "yyyymm": "202409",
        "chnl_nm": "(OFF)쇼핑몰",
        "item_nm": "힙색",
        "sale_amt": 0.0
      }
    ]
  }
}