{
  "country": "CN",
  "brand_cd": "M",
  "brand_name": "MLB",
  "yyyymm": "202507",
  "yyyymm_py": "202407",
  "key": "월별채널별매출추세",
  "analysis_data": {
    "title": "월별 채널별 매출 추세 분석",
    "sections": [
      {
        "div": "종합분석-1",
        "sub_title": "월별 주요 인사이트",
        "ai_text": "**1월 매출 급등 현상**: 1월 매출액(v+) 1,103,373k로 연중 최고치 기록, 2월 534,167k 대비 106.6% 급증\n- 신년 시즌 효과 및 겨울 상품 수요 집중으로 분석\n- (OFF)대리상 채널이 892,346k로 전체 매출의 80.9% 차지\n\n**2월 급락 후 회복세**: 2월 최저점 이후 3-5월 점진적 회복\n- 3월 663,824k(24.3% 증가), 4월 649,877k로 안정화\n- 5월 719,632k로 연중 2위 매출 달성, 봄시즌 상품 효과\n\n**6-7월 하락 트렌드**: 6월 552,104k, 7월 521,452k로 연속 감소\n- 여름 성수기 진입에도 불구하고 매출 둔화\n- 전년 동기 대비 성과 검토 및 하반기 전략 수정 필요"
      },
      {
        "div": "종합분석-2",
        "sub_title": "채널 트렌드",
        "ai_text": "**오프라인 대리상 절대 우위**: 총 매출의 73.3% 차지(3,584,577k)\n- 1월 892,346k에서 7월 406,698k로 54.4% 감소\n- 월평균 매출 512,225k로 안정적 기반 채널\n\n**EC 대리상 성장세**: 총 매출 578,329k(11.8% 비중)\n- 5월 109,387k로 최고치 달성 후 7월 58,543k로 급락\n- 월별 변동성이 크나 디지털 전환 트렌드 반영\n\n**특화 채널 분석**:\n- (EC)티몰: 225,968k, 5월 51,821k 피크 후 하락세\n- (OFF)아울렛: 154,322k, 안정적 성과 유지\n- (EC)틱톡/JD: 59,805k, 신규 플랫폼 대비 성장 잠재력\n\n**약세 채널**: (EC)할인몰, (OFF)플래그쉽 지속적 매출 감소"
      },
      {
        "div": "종합분석-3",
        "sub_title": "전략 포인트",
        "ai_text": "**즉시 실행 액션플랜**:\n\n**1. 오프라인 대리상 최적화**\n- 7월 매출 급락(54.4% 감소) 원인 분석 및 대응책 마련\n- 지역별/점포별 세분화 분석을 통한 맞춤형 지원 전략\n- 재고 최적화 및 시즌 상품 기획 강화\n\n**2. EC 채널 다각화 전략**\n- EC 대리상 변동성 완화를 위한 안정화 방안 수립\n- 틱톡/JD 등 신규 플랫폼 투자 확대(현재 1.2% → 목표 3%)\n- 티몰 채널 7월 급락(18,279k) 회복 전략 수립\n\n**3. 리스크 관리**\n- 6-7월 연속 하락 트렌드 차단을 위한 긴급 대응팀 구성\n- 할인몰, 플래그쉽 채널 구조조정 검토\n- 하반기 매출 목표 재설정 및 월별 모니터링 강화\n\n**4. 기회 포착**\n- 1월, 5월 고성과 요인 분석 후 타 월 적용\n- 아울렛 채널 안정성을 활용한 확장 검토"
      }
    ]
  },
  "summary": {
    "total_sales": 4744431.0,
    "unique_channels": 9,
    "unique_months": 7,
    "analysis_period": "2025년 01월 ~ 2025년 07월"
  },
  "monthly_totals": {
    "202501": 1103373.0,
    "202502": 534167.0,
    "202503": 663824.0,
    "202504": 649877.0,
    "202505": 719632.0,
    "202506": 552104.0,
    "202507": 521452.0
  },
  "channel_summary": {
    "(OFF)대리상": {
      "chnl_cd": "CN8",
      "total": 3584577.0,
      "months": {
        "202501": 892346.0,
        "202502": 409010.0,
        "202503": 489578.0,
        "202504": 489218.0,
        "202505": 503823.0,
        "202506": 393902.0,
        "202507": 406698.0
      }
    },
    "(EC)대리상": {
      "chnl_cd": "CN7",
      "total": 578329.0,
      "months": {
        "202501": 81312.0,
        "202502": 65302.0,
        "202503": 85065.0,
        "202504": 80915.0,
        "202505": 109387.0,
        "202506": 97805.0,
        "202507": 58543.0
      }
    },
    "(EC)티몰": {
      "chnl_cd": "CN1",
      "total": 225968.0,
      "months": {
        "202501": 43078.0,
        "202502": 20751.0,
        "202503": 38316.0,
        "202504": 28552.0,
        "202505": 51821.0,
        "202506": 25171.0,
        "202507": 18279.0
      }
    },
    "(OFF)아울렛": {
      "chnl_cd": "CN6",
      "total": 154322.0,
      "months": {
        "202501": 42197.0,
        "202502": 16719.0,
        "202503": 20934.0,
        "202504": 21814.0,
        "202505": 24371.0,
        "202506": 13908.0,
        "202507": 14379.0
      }
    },
    "(OFF)쇼핑몰": {
      "chnl_cd": "CN5",
      "total": 63824.0,
      "months": {
        "202501": 14916.0,
        "202502": 6638.0,
        "202503": 7842.0,
        "202504": 8484.0,
        "202505": 8972.0,
        "202506": 7957.0,
        "202507": 9015.0
      }
    },
    "(EC)틱톡/JD": {
      "chnl_cd": "CN2",
      "total": 59805.0,
      "months": {
        "202501": 11442.0,
        "202502": 7172.0,
        "202503": 9402.0,
        "202504": 9038.0,
        "202505": 11042.0,
        "202506": 5185.0,
        "202507": 6525.0
      }
    },
    "(EC)할인몰": {
      "chnl_cd": "CN3",
      "total": 45955.0,
      "months": {
        "202501": 10304.0,
        "202502": 4815.0,
        "202503": 8043.0,
        "202504": 7587.0,
        "202505": 5883.0,
        "202506": 4671.0,
        "202507": 4651.0
      }
    },
    "(OFF)플래그쉽": {
      "chnl_cd": "CN4",
      "total": 31651.0,
      "months": {
        "202501": 7778.0,
        "202502": 3760.0,
        "202503": 4643.0,
        "202504": 4270.0,
        "202505": 4333.0,
        "202506": 3506.0,
        "202507": 3362.0
      }
    },
    "미지정": {
      "chnl_cd": "CN9999",
      "total": 0.0,
      "months": {
        "202501": 0.0,
        "202502": 0.0,
        "202503": 0.0,
        "202504": 0.0,
        "202505": 0.0,
        "202506": 0.0,
        "202507": 0.0
      }
    },
    "null": {
      "chnl_cd": null,
      "total": 0.0,
      "months": {
        "202501": 0.0,
        "202502": 0.0,
        "202503": 0.0,
        "202504": 0.0,
        "202505": 0.0,
        "202506": 0.0,
        "202507": 0.0
      }
    }
  },
  "raw_data": {
    "sample_records": [
      {
        "YYYYMM": "202507",
        "BRD_CD": "M",
        "CHNL_CD": "CN1",
        "CHNL_NM": "(EC)티몰",
        "SALE_AMT": 18279191.90000002
      },
      {
        "YYYYMM": "202507",
        "BRD_CD": "M",
        "CHNL_CD": "CN2",
        "CHNL_NM": "(EC)틱톡/JD",
        "SALE_AMT": 6524614.0
      },
      {
        "YYYYMM": "202507",
        "BRD_CD": "M",
        "CHNL_CD": "CN3",
        "CHNL_NM": "(EC)할인몰",
        "SALE_AMT": 4651179.0217
      },
      {
        "YYYYMM": "202507",
        "BRD_CD": "M",
        "CHNL_CD": "CN4",
        "CHNL_NM": "(OFF)플래그쉽",
        "SALE_AMT": 3362066.0
      },
      {
        "YYYYMM": "202507",
        "BRD_CD": "M",
        "CHNL_CD": "CN5",
        "CHNL_NM": "(OFF)쇼핑몰",
        "SALE_AMT": 9015249.0
      },
      {
        "YYYYMM": "202507",
        "BRD_CD": "M",
        "CHNL_CD": "CN6",
        "CHNL_NM": "(OFF)아울렛",
        "SALE_AMT": 14379009.0
      },
      {
        "YYYYMM": "202507",
        "BRD_CD": "M",
        "CHNL_CD": "CN7",
        "CHNL_NM": "(EC)대리상",
        "SALE_AMT": 58542560.1768
      },
      {
        "YYYYMM": "202507",
        "BRD_CD": "M",
        "CHNL_CD": "CN8",
        "CHNL_NM": "(OFF)대리상",
        "SALE_AMT": 406698121.0803
      },
      {
        "YYYYMM": "202507",
        "BRD_CD": "M",
        "CHNL_CD": "CN9999",
        "CHNL_NM": "미지정",
        "SALE_AMT": 0.0
      },
      {
        "YYYYMM": "202507",
        "BRD_CD": "M",
        "CHNL_CD": null,
        "CHNL_NM": null,
        "SALE_AMT": 0.0
      },
      {
        "YYYYMM": "202506",
        "BRD_CD": "M",
        "CHNL_CD": "CN1",
        "CHNL_NM": "(EC)티몰",
        "SALE_AMT": 25171106.650000013
      },
      {
        "YYYYMM": "202506",
        "BRD_CD": "M",
        "CHNL_CD": "CN2",
        "CHNL_NM": "(EC)틱톡/JD",
        "SALE_AMT": 5184900.720000001
      },
      {
        "YYYYMM": "202506",
        "BRD_CD": "M",
        "CHNL_CD": "CN3",
        "CHNL_NM": "(EC)할인몰",
        "SALE_AMT": 4671050.925900001
      },
      {
        "YYYYMM": "202506",
        "BRD_CD": "M",
        "CHNL_CD": "CN4",
        "CHNL_NM": "(OFF)플래그쉽",
        "SALE_AMT": 3505675.0
      },
      {
        "YYYYMM": "202506",
        "BRD_CD": "M",
        "CHNL_CD": "CN5",
        "CHNL_NM": "(OFF)쇼핑몰",
        "SALE_AMT": 7956692.0
      },
      {
        "YYYYMM": "202506",
        "BRD_CD": "M",
        "CHNL_CD": "CN6",
        "CHNL_NM": "(OFF)아울렛",
        "SALE_AMT": 13907839.0
      },
      {
        "YYYYMM": "202506",
        "BRD_CD": "M",
        "CHNL_CD": "CN7",
        "CHNL_NM": "(EC)대리상",
        "SALE_AMT": 97804787.94999999
      },
      {
        "YYYYMM": "202506",
        "BRD_CD": "M",
        "CHNL_CD": "CN8",
        "CHNL_NM": "(OFF)대리상",
        "SALE_AMT": 393902275.38
      },
      {
        "YYYYMM": "202506",
        "BRD_CD": "M",
        "CHNL_CD": "CN9999",
        "CHNL_NM": "미지정",
        "SALE_AMT": 0.0
      },
      {
        "YYYYMM": "202506",
        "BRD_CD": "M",
        "CHNL_CD": null,
        "CHNL_NM": null,
        "SALE_AMT": 0.0
      },
      {
        "YYYYMM": "202505",
        "BRD_CD": "M",
        "CHNL_CD": "CN1",
        "CHNL_NM": "(EC)티몰",
        "SALE_AMT": 51820707.28000002
      },
      {
        "YYYYMM": "202505",
        "BRD_CD": "M",
        "CHNL_CD": "CN2",
        "CHNL_NM": "(EC)틱톡/JD",
        "SALE_AMT": 11042186.990000002
      },
      {
        "YYYYMM": "202505",
        "BRD_CD": "M",
        "CHNL_CD": "CN3",
        "CHNL_NM": "(EC)할인몰",
        "SALE_AMT": 5883057.169
      },
      {
        "YYYYMM": "202505",
        "BRD_CD": "M",
        "CHNL_CD": "CN4",
        "CHNL_NM": "(OFF)플래그쉽",
        "SALE_AMT": 4333159.0
      },
      {
        "YYYYMM": "202505",
        "BRD_CD": "M",
        "CHNL_CD": "CN5",
        "CHNL_NM": "(OFF)쇼핑몰",
        "SALE_AMT": 8971577.0
      },
      {
        "YYYYMM": "202505",
        "BRD_CD": "M",
        "CHNL_CD": "CN6",
        "CHNL_NM": "(OFF)아울렛",
        "SALE_AMT": 24370916.0
      },
      {
        "YYYYMM": "202505",
        "BRD_CD": "M",
        "CHNL_CD": "CN7",
        "CHNL_NM": "(EC)대리상",
        "SALE_AMT": 109387375.71000004
      },
      {
        "YYYYMM": "202505",
        "BRD_CD": "M",
        "CHNL_CD": "CN8",
        "CHNL_NM": "(OFF)대리상",
        "SALE_AMT": 503823382.0199999
      },
      {
        "YYYYMM": "202505",
        "BRD_CD": "M",
        "CHNL_CD": "CN9999",
        "CHNL_NM": "미지정",
        "SALE_AMT": 0.0
      },
      {
        "YYYYMM": "202505",
        "BRD_CD": "M",
        "CHNL_CD": null,
        "CHNL_NM": null,
        "SALE_AMT": 0.0
      },
      {
        "YYYYMM": "202504",
        "BRD_CD": "M",
        "CHNL_CD": "CN1",
        "CHNL_NM": "(EC)티몰",
        "SALE_AMT": 28552181.669999994
      },
      {
        "YYYYMM": "202504",
        "BRD_CD": "M",
        "CHNL_CD": "CN2",
        "CHNL_NM": "(EC)틱톡/JD",
        "SALE_AMT": 9037989.740000002
      },
      {
        "YYYYMM": "202504",
        "BRD_CD": "M",
        "CHNL_CD": "CN3",
        "CHNL_NM": "(EC)할인몰",
        "SALE_AMT": 7586810.8484
      },
      {
        "YYYYMM": "202504",
        "BRD_CD": "M",
        "CHNL_CD": "CN4",
        "CHNL_NM": "(OFF)플래그쉽",
        "SALE_AMT": 4269595.0
      },
      {
        "YYYYMM": "202504",
        "BRD_CD": "M",
        "CHNL_CD": "CN5",
        "CHNL_NM": "(OFF)쇼핑몰",
        "SALE_AMT": 8483550.0
      },
      {
        "YYYYMM": "202504",
        "BRD_CD": "M",
        "CHNL_CD": "CN6",
        "CHNL_NM": "(OFF)아울렛",
        "SALE_AMT": 21814303.0
      },
      {
        "YYYYMM": "202504",
        "BRD_CD": "M",
        "CHNL_CD": "CN7",
        "CHNL_NM": "(EC)대리상",
        "SALE_AMT": 80915193.55999999
      },
      {
        "YYYYMM": "202504",
        "BRD_CD": "M",
        "CHNL_CD": "CN8",
        "CHNL_NM": "(OFF)대리상",
        "SALE_AMT": 489217853.87999994
      },
      {
        "YYYYMM": "202504",
        "BRD_CD": "M",
        "CHNL_CD": "CN9999",
        "CHNL_NM": "미지정",
        "SALE_AMT": 0.0
      },
      {
        "YYYYMM": "202504",
        "BRD_CD": "M",
        "CHNL_CD": null,
        "CHNL_NM": null,
        "SALE_AMT": 0.0
      },
      {
        "YYYYMM": "202503",
        "BRD_CD": "M",
        "CHNL_CD": "CN1",
        "CHNL_NM": "(EC)티몰",
        "SALE_AMT": 38316374.17999999
      },
      {
        "YYYYMM": "202503",
        "BRD_CD": "M",
        "CHNL_CD": "CN2",
        "CHNL_NM": "(EC)틱톡/JD",
        "SALE_AMT": 9401781.350000001
      },
      {
        "YYYYMM": "202503",
        "BRD_CD": "M",
        "CHNL_CD": "CN3",
        "CHNL_NM": "(EC)할인몰",
        "SALE_AMT": 8043473.339299998
      },
      {
        "YYYYMM": "202503",
        "BRD_CD": "M",
        "CHNL_CD": "CN4",
        "CHNL_NM": "(OFF)플래그쉽",
        "SALE_AMT": 4643327.0
      },
      {
        "YYYYMM": "202503",
        "BRD_CD": "M",
        "CHNL_CD": "CN5",
        "CHNL_NM": "(OFF)쇼핑몰",
        "SALE_AMT": 7842431.0
      },
      {
        "YYYYMM": "202503",
        "BRD_CD": "M",
        "CHNL_CD": "CN6",
        "CHNL_NM": "(OFF)아울렛",
        "SALE_AMT": 20933852.0
      },
      {
        "YYYYMM": "202503",
        "BRD_CD": "M",
        "CHNL_CD": "CN7",
        "CHNL_NM": "(EC)대리상",
        "SALE_AMT": 85064889.01499996
      },
      {
        "YYYYMM": "202503",
        "BRD_CD": "M",
        "CHNL_CD": "CN8",
        "CHNL_NM": "(OFF)대리상",
        "SALE_AMT": 489578191.56999993
      },
      {
        "YYYYMM": "202503",
        "BRD_CD": "M",
        "CHNL_CD": "CN9999",
        "CHNL_NM": "미지정",
        "SALE_AMT": 0.0
      },
      {
        "YYYYMM": "202503",
        "BRD_CD": "M",
        "CHNL_CD": null,
        "CHNL_NM": null,
        "SALE_AMT": 0.0
      }
    ],
    "total_records_count": 70
  }
}