{
  "country": "CN",
  "brand_cd": "I",
  "brand_name": "MLB KIDS",
  "yyyymm": "202509",
  "yyyymm_py": "202409",
  "key": "영업비",
  "sub_key": "종합분석",
  "analysis_data": {
    "title": "영업비 종합분석",
    "sections": [
      {
        "sub_title": "분석 결과",
        "ai_text": "{\n  \"title\": \"영업비 종합분석\",\n  \"sections\": [\n    {\n      \"div\": \"종합분석-1\",\n      \"sub_title\": \"전년/당해 동월 비교 (202409 VS 202509)\",\n      \"ai_text\": \"**전년 동월(2024년 9월) 대비 당해당월(2025년 9월) 영업비 분석**\\n\\n• **총 영업비**: 3,687k → 2,920k (△20.8%, 767k 감소)\\n• **매출액(v+)**: 35,707k → 25,777k (△27.8%, 9,930k 감소)\\n• **영업비율**: 10.3% → 11.3% (1.0%p 악화)\\n\\n**계정별 주요 변화**\\n• **광고비**: 2,780k → 1,793k (△35.5%, 987k 감소) - 가장 큰 절대금액 감소\\n• **인건비**: 662k → 760k (+14.8%, 98k 증가) - 유일한 주요 증가 항목\\n• **복리후생비**: 216k → 219k (+1.4%, 3k 증가) - 안정적 수준 유지\\n• **기타비용**: 19k → 81k (+326.3%, 62k 증가) - 급격한 증가 주목 필요\\n• **수주회비**: 0k → 52k (신규 발생) - 마케팅 활동 확대\\n\\n**핵심 이슈**\\n- 매출 감소폭(-27.8%) 대비 영업비 감소폭(-20.8%)이 작아 효율성 악화\\n- 광고비는 절대금액 대폭 감소했으나 매출 대비 비중은 7.8% → 7.0%로 소폭 개선\\n- 기타비용 급증(326.3%)에 대한 원인 분석 및 통제 필요\\n\\n**즉시 액션플랜**\\n- 기타비용 급증 원인 파악 및 비용 통제 체계 강화\\n- 광고비 효율성 제고를 위한 ROI 분석 실시\\n- 인건비 증가 대비 생산성 향상 방안 수립\"\n    },\n    {\n      \"div\": \"종합분석-2\",\n      \"sub_title\": \"누적 YTD 비교 (전년 누적 VS 당해 누적)\",\n      \"ai_text\": \"**전년 누적(2024년 1-9월) 대비 당해 누적(2025년 1-9월) 영업비 분석**\\n\\n• **총 영업비**: 16,683k → 22,981k (+37.8%, 6,298k 증가)\\n• **매출액(v+)**: 205,634k → 169,468k (△17.6%, 36,166k 감소)\\n• **영업비율**: 8.1% → 13.6% (5.5%p 악화) - 심각한 효율성 저하\\n\\n**계정별 주요 변화**\\n• **광고비**: 8,912k → 12,172k (+36.6%, 3,260k 증가) - 최대 증가 항목\\n• **인건비**: 5,504k → 7,546k (+37.1%, 2,042k 증가) - 대폭 증가\\n• **복리후생비**: 1,584k → 1,907k (+20.4%, 323k 증가)\\n• **수주회비**: 347k → 709k (+104.3%, 362k 증가) - 2배 이상 증가\\n• **기타비용**: 112k → 422k (+276.8%, 310k 증가) - 급격한 증가\\n• **감가상각비**: 36k → 24k (△33.3%, 12k 감소)\\n\\n**심각한 구조적 문제**\\n- 매출은 17.6% 감소했으나 영업비는 37.8% 증가하는 역방향 현상\\n- 영업비율이 8.1%에서 13.6%로 5.5%p 악화되어 수익성 크게 저하\\n- 모든 주요 비용 항목에서 두 자릿수 증가율 기록\\n\\n**긴급 대응 방안**\\n- 영업비 총량 한도 설정 및 월별 모니터링 체계 구축\\n- 광고비 ROI 기준 강화 및 비효율적 마케팅 활동 중단\\n- 인력 운영 효율성 재검토 및 생산성 기반 인건비 관리\\n- 수주회 및 기타비용에 대한 엄격한 사전 승인 체계 도입\"\n    },\n    {\n      \"div\": \"종합분석-3\",\n      \"sub_title\": \"1년 추세 분석 (2024년 1월 ~ 2025년 9월, 202401~202509)\",\n      \"ai_text\": \"**21개월 월별 추세 분석 (2024년 1월 ~ 2025년 9월)**\\n\\n**계절성 패턴**\\n• **광고비**: 2024년 9월(2,780k), 2025년 5월(1,578k) 피크 - 신학기/가을시즌 집중 투자\\n• **수주회비**: 2025년 1월(352k), 2025년 7월(305k) 집중 - 시즌 마케팅 활동\\n• **매출 연동성**: 매출 증가 시기와 광고비 투자 시기의 불일치 문제\\n\\n**구조적 변화**\\n• **2025년 전환점**: 2024년 대비 모든 비용 항목에서 기준선 상승\\n- 인건비: 2024년 평균 600k대 → 2025년 평균 800k대\\n- 광고비: 2024년 변동폭 120k~2,780k → 2025년 1,000k~1,800k대 안정화\\n- 기타비용: 2024년 평균 10k대 → 2025년 평균 40k대로 4배 증가\\n\\n**특이사항**\\n• **2024년 2월**: 광고비 120k로 최저치 - 비수기 과도한 절약\\n• **2025년 1월**: 인건비 1,144k로 최고치 - 연초 보너스 등 일시적 요인\\n• **2025년 6-7월**: 매출 부진(7,825k, 15,998k) 대비 영업비 과다 투입\\n\\n**트렌드 분석**\\n- 2024년: 매출 연동형 변동비 패턴 (매출 증감에 따른 광고비 조절)\\n- 2025년: 고정비 증가 + 안정적 광고비 투입 패턴으로 전환\\n- 비용 구조의 경직성 증가로 매출 변동 대응력 저하\\n\\n**개선 방향**\\n- 계절성을 고려한 선행 지표 기반 비용 배분 체계 구축\\n- 매출 연동형 변동비 비중 확대로 탄력성 제고\\n- 월별 비용 한도 설정 시 과거 3년 계절성 패턴 반영\"\n    },\n    {\n      \"div\": \"종합분석-4\",\n      \"sub_title\": \"법인 전체 대비 브랜드 비중 분석 (MLB KIDS vs 법인 전체)\",\n      \"ai_text\": \"**MLB KIDS 브랜드의 법인 전체 대비 영업비 비중 분석**\\n\\n**전체 비중 현황 (2025년 9월)**\\n• **총 영업비 비중**: 5.6% (2,920k / 51,990k)\\n• **누적 비중**: 7.3% (22,981k / 313,244k) - 월별 대비 높은 누적 비중\\n\\n**계정별 법인 내 위치**\\n• **높은 비중 (평균 이상)**\\n- 수주회비: 14.9% (52k / 351k) - 법인 내 최고 수준\\n- 기타비용: 14.9% (81k / 541k) - 법인 내 최고 수준  \\n- 인건비: 9.2% (760k / 8,249k) - 브랜드 규모 대비 높음\\n- 복리후생비: 7.7% (219k / 2,846k) - 인건비 연동 적정 수준\\n\\n• **낮은 비중 (평균 이하)**\\n- 광고비: 5.0% (1,793k / 36,169k) - 브랜드 특성상 적정\\n- 지급수수료: 1.0% (11k / 1,095k) - 매우 낮은 수준\\n- 감가상각비: 0.8% (4k / 454k) - 자산 규모 반영\\n- 임차료: 0.0% (0k / 1,909k) - 온라인 중심 운영\\n- 세금과공과: 0.0% (0k / 376k) - 별도 부담 없음\\n\\n**브랜드 특성 분석**\\n• **키즈 브랜드 특성**: 수주회/이벤트 중심의 체험형 마케팅 비중 높음\\n• **인력 집약적 구조**: 인건비 9.2%로 법인 평균 대비 높은 비중\\n• **효율적 운영**: 임차료 0%로 고정비 절약, 온라인 중심 채널 운영\\n• **성장 단계**: 기타비용 14.9%로 신규 투자 및 시스템 구축 비용 높음\\n\\n**전략적 포지셀닝**\\n- MLB KIDS는 법인 내 중간 규모 브랜드로서 선택과 집중 전략 필요\\n- 수주회/이벤트 마케팅 강점을 활용한 차별화 포지셔닝\\n- 인건비 효율성 개선을 통한 수익성 제고 여지 존재\\n- 기타비용 관리 강화로 법인 평균 수준으로 정상화 필요\"\n    },\n    {\n      \"div\": \"종합분석-5\",\n      \"sub_title\": \"전략적 시사점\",\n      \"ai_text\": \"**단기 전략 방향 (3-6개월)**\\n\\n**긴급 비용 통제**\\n• 영업비율 목표: 현재 13.6% → 10% 이하로 단계적 개선\\n• 기타비용 정상화: 월 평균 40k → 20k 이하로 50% 절감\\n• 광고비 ROI 기준: 최소 3:1 이상 확보되는 채널에만 투자 집중\\n• 수주회 효율성: 참가 대비 매출 기여도 정량 평가 후 선별적 참여\\n\\n**운영 효율성 제고**\\n• 인건비 생산성: 1인당 월매출 목표 설정 (현재 대비 20% 향상)\\n• 비용 승인 체계: 월 50k 이상 비용은 사전 ROI 분석 의무화\\n• 월별 모니터링: 영업비율 8% 초과 시 즉시 원인 분석 및 대응\\n\\n**중장기 전략 방향 (6-24개월)**\\n\\n**수익성 기반 성장 모델**\\n• 매출 연동형 비용 구조: 변동비 70%, 고정비 30% 비중으로 재설계\\n• 디지털 마케팅 전환: 전통적 수주회 → 온라인 체험형 마케팅으로 점진적 전환\\n• 브랜드 포지셔닝: 법인 내 키즈 전문 브랜드로서 차별화된 마케팅 역량 구축\\n\\n**지속가능한 경쟁력 확보**\\n• 계절성 대응 체계: 성수기/비수기 비용 배분 최적화로 연간 수익성 안정화\\n• 인력 전문성 강화: 키즈 마케팅 전문 인력 육성으로 단위당 생산성 향상\\n• 법인 시너지: 다른 브랜드와의 공동 마케팅으로 비용 효율성 제고\\n\\n**핵심 성과지표 (KPI) 설정**\\n• 영업비율: 분기별 10% 이하 유지\\n• 광고비 ROI: 월별 3:1 이상 달성\\n• 1인당 매출: 전년 대비 15% 이상 증가\\n• 총 영업비 증가율: 매출 증가율의 70% 이하 수준 통제\\n\\n**리스크 관리**\\n- 키즈 시장 경기 민감성 대비 유연한 비용 구조 구축\\n- 인력 의존도 높은 구조 개선을 위한 시스템 자동화 투자\\n- 법인 내 브랜드"
      }
    ]
  },
  "summary": {
    "current_month_expense": 2920.0,
    "previous_month_expense": 3687.0,
    "current_ytd_expense": 22981.0,
    "previous_ytd_expense": 16683.0,
    "total_records": 179,
    "analysis_period_month": "2024년 9월 VS 2025년 9월",
    "analysis_period_ytd": "2024년 1월~2024년 9월 VS 2025년 1월~2025년 9월",
    "trend_period": "2024년 1월 ~ 2025년 9월 (202401~202509)"
  },
  "month_comparison": {
    "previous_month": {
      "ad_cst_oprt": 2780.0,
      "slry_csy_oprt": 662.0,
      "emp_bnft_cst_oprt": 216.0,
      "pmt_cms_oprt": 6.0,
      "shop_rnt_oprt": 0.0,
      "evnt_cst_oprt": 0.0,
      "tax_cst_oprt": 0.0,
      "deprc_cst_oprt": 4.0,
      "etc_cst_oprt": 19.0,
      "sale_amt": 35707.0,
      "sale_amt_vat": 24884.0
    },
    "current_month": {
      "ad_cst_oprt": 1793.0,
      "slry_csy_oprt": 760.0,
      "emp_bnft_cst_oprt": 219.0,
      "pmt_cms_oprt": 11.0,
      "shop_rnt_oprt": 0.0,
      "evnt_cst_oprt": 52.0,
      "tax_cst_oprt": 0.0,
      "deprc_cst_oprt": 4.0,
      "etc_cst_oprt": 81.0,
      "sale_amt": 25777.0,
      "sale_amt_vat": 22926.0
    }
  },
  "ytd_comparison": {
    "previous_ytd": {
      "ad_cst_oprt": 8912.0,
      "slry_csy_oprt": 5504.0,
      "emp_bnft_cst_oprt": 1584.0,
      "pmt_cms_oprt": 188.0,
      "shop_rnt_oprt": 0.0,
      "evnt_cst_oprt": 347.0,
      "tax_cst_oprt": 0.0,
      "deprc_cst_oprt": 36.0,
      "etc_cst_oprt": 112.0,
      "sale_amt": 205634.0,
      "sale_amt_vat": 267036.0
    },
    "current_ytd": {
      "ad_cst_oprt": 12172.0,
      "slry_csy_oprt": 7546.0,
      "emp_bnft_cst_oprt": 1907.0,
      "pmt_cms_oprt": 200.0,
      "shop_rnt_oprt": 0.0,
      "evnt_cst_oprt": 709.0,
      "tax_cst_oprt": 0.0,
      "deprc_cst_oprt": 24.0,
      "etc_cst_oprt": 422.0,
      "sale_amt": 169468.0,
      "sale_amt_vat": 243688.0
    }
  },
  "trend_by_month": {
    "202401": {
      "ad_cst_oprt": 893.0,
      "slry_csy_oprt": 564.0,
      "emp_bnft_cst_oprt": 171.0,
      "pmt_cms_oprt": 0.0,
      "shop_rnt_oprt": 0.0,
      "evnt_cst_oprt": 0.0,
      "tax_cst_oprt": 0.0,
      "deprc_cst_oprt": 4.0,
      "etc_cst_oprt": 2.0,
      "sale_amt": 36027.0,
      "sale_amt_vat": 45605.0
    },
    "202402": {
      "ad_cst_oprt": 120.0,
      "slry_csy_oprt": 876.0,
      "emp_bnft_cst_oprt": 169.0,
      "pmt_cms_oprt": 100.0,
      "shop_rnt_oprt": 0.0,
      "evnt_cst_oprt": 0.0,
      "tax_cst_oprt": 0.0,
      "deprc_cst_oprt": 4.0,
      "etc_cst_oprt": 6.0,
      "sale_amt": 26796.0,
      "sale_amt_vat": 39830.0
    },
    "202403": {
      "ad_cst_oprt": 2010.0,
      "slry_csy_oprt": 574.0,
      "emp_bnft_cst_oprt": 161.0,
      "pmt_cms_oprt": 0.0,
      "shop_rnt_oprt": 0.0,
      "evnt_cst_oprt": 0.0,
      "tax_cst_oprt": 0.0,
      "deprc_cst_oprt": 4.0,
      "etc_cst_oprt": 10.0,
      "sale_amt": 24614.0,
      "sale_amt_vat": 29836.0
    },
    "202404": {
      "ad_cst_oprt": 438.0,
      "slry_csy_oprt": 622.0,
      "emp_bnft_cst_oprt": 170.0,
      "pmt_cms_oprt": 0.0,
      "shop_rnt_oprt": 0.0,
      "evnt_cst_oprt": 0.0,
      "tax_cst_oprt": 0.0,
      "deprc_cst_oprt": 4.0,
      "etc_cst_oprt": 13.0,
      "sale_amt": 20358.0,
      "sale_amt_vat": 28862.0
    },
    "202405": {
      "ad_cst_oprt": 1164.0,
      "slry_csy_oprt": 549.0,
      "emp_bnft_cst_oprt": 160.0,
      "pmt_cms_oprt": 0.0,
      "shop_rnt_oprt": 0.0,
      "evnt_cst_oprt": 0.0,
      "tax_cst_oprt": 0.0,
      "deprc_cst_oprt": 4.0,
      "etc_cst_oprt": 10.0,
      "sale_amt": 11299.0,
      "sale_amt_vat": 32490.0
    },
    "202406": {
      "ad_cst_oprt": 442.0,
      "slry_csy_oprt": 529.0,
      "emp_bnft_cst_oprt": 161.0,
      "pmt_cms_oprt": 22.0,
      "shop_rnt_oprt": 0.0,
      "evnt_cst_oprt": 0.0,
      "tax_cst_oprt": 0.0,
      "deprc_cst_oprt": 4.0,
      "etc_cst_oprt": 14.0,
      "sale_amt": 7825.0,
      "sale_amt_vat": 21069.0
    },
    "202407": {
      "ad_cst_oprt": 306.0,
      "slry_csy_oprt": 521.0,
      "emp_bnft_cst_oprt": 157.0,
      "pmt_cms_oprt": 59.0,
      "shop_rnt_oprt": 0.0,
      "evnt_cst_oprt": 347.0,
      "tax_cst_oprt": 0.0,
      "deprc_cst_oprt": 4.0,
      "etc_cst_oprt": 19.0,
      "sale_amt": 14719.0,
      "sale_amt_vat": 19189.0
    },
    "202408": {
      "ad_cst_oprt": 759.0,
      "slry_csy_oprt": 607.0,
      "emp_bnft_cst_oprt": 219.0,
      "pmt_cms_oprt": 0.0,
      "shop_rnt_oprt": 0.0,
      "evnt_cst_oprt": 0.0,
      "tax_cst_oprt": 0.0,
      "deprc_cst_oprt": 4.0,
      "etc_cst_oprt": 17.0,
      "sale_amt": 28288.0,
      "sale_amt_vat": 25271.0
    },
    "202409": {
      "ad_cst_oprt": 2780.0,
      "slry_csy_oprt": 662.0,
      "emp_bnft_cst_oprt": 216.0,
      "pmt_cms_oprt": 6.0,
      "shop_rnt_oprt": 0.0,
      "evnt_cst_oprt": 0.0,
      "tax_cst_oprt": 0.0,
      "deprc_cst_oprt": 4.0,
      "etc_cst_oprt": 19.0,
      "sale_amt": 35707.0,
      "sale_amt_vat": 24884.0
    },
    "202410": {
      "ad_cst_oprt": 1271.0,
      "slry_csy_oprt": 818.0,
      "emp_bnft_cst_oprt": 177.0,
      "pmt_cms_oprt": 0.0,
      "shop_rnt_oprt": 0.0,
      "evnt_cst_oprt": 0.0,
      "tax_cst_oprt": 0.0,
      "deprc_cst_oprt": 3.0,
      "etc_cst_oprt": 37.0,
      "sale_amt": 26201.0,
      "sale_amt_vat": 36895.0
    },
    "202411": {
      "ad_cst_oprt": 799.0,
      "slry_csy_oprt": 656.0,
      "emp_bnft_cst_oprt": 204.0,
      "pmt_cms_oprt": 4.0,
      "shop_rnt_oprt": 0.0,
      "evnt_cst_oprt": 0.0,
      "tax_cst_oprt": 0.0,
      "deprc_cst_oprt": 3.0,
      "etc_cst_oprt": 23.0,
      "sale_amt": 13046.0,
      "sale_amt_vat": 28963.0
    },
    "202412": {
      "ad_cst_oprt": 244.0,
      "slry_csy_oprt": 669.0,
      "emp_bnft_cst_oprt": 224.0,
      "pmt_cms_oprt": 0.0,
      "shop_rnt_oprt": 0.0,
      "evnt_cst_oprt": 0.0,
      "tax_cst_oprt": 0.0,
      "deprc_cst_oprt": 3.0,
      "etc_cst_oprt": 47.0,
      "sale_amt": 20475.0,
      "sale_amt_vat": 34708.0
    },
    "202501": {
      "ad_cst_oprt": 1180.0,
      "slry_csy_oprt": 1144.0,
      "emp_bnft_cst_oprt": 194.0,
      "pmt_cms_oprt": 0.0,
      "shop_rnt_oprt": 0.0,
      "evnt_cst_oprt": 352.0,
      "tax_cst_oprt": 0.0,
      "deprc_cst_oprt": 3.0,
      "etc_cst_oprt": 16.0,
      "sale_amt": 30789.0,
      "sale_amt_vat": 54589.0
    },
    "202502": {
      "ad_cst_oprt": 1013.0,
      "slry_csy_oprt": 782.0,
      "emp_bnft_cst_oprt": 192.0,
      "pmt_cms_oprt": 0.0,
      "shop_rnt_oprt": 0.0,
      "evnt_cst_oprt": 0.0,
      "tax_cst_oprt": 0.0,
      "deprc_cst_oprt": 2.0,
      "etc_cst_oprt": 38.0,
      "sale_amt": 14079.0,
      "sale_amt_vat": 16785.0
    },
    "202503": {
      "ad_cst_oprt": 1075.0,
      "slry_csy_oprt": 742.0,
      "emp_bnft_cst_oprt": 206.0,
      "pmt_cms_oprt": 73.0,
      "shop_rnt_oprt": 0.0,
      "evnt_cst_oprt": 0.0,
      "tax_cst_oprt": 0.0,
      "deprc_cst_oprt": 3.0,
      "etc_cst_oprt": 42.0,
      "sale_amt": 19711.0,
      "sale_amt_vat": 25931.0
    },
    "202504": {
      "ad_cst_oprt": 1550.0,
      "slry_csy_oprt": 842.0,
      "emp_bnft_cst_oprt": 207.0,
      "pmt_cms_oprt": 0.0,
      "shop_rnt_oprt": 0.0,
      "evnt_cst_oprt": 0.0,
      "tax_cst_oprt": 0.0,
      "deprc_cst_oprt": 2.0,
      "etc_cst_oprt": 47.0,
      "sale_amt": 18180.0,
      "sale_amt_vat": 26962.0
    },
    "202505": {
      "ad_cst_oprt": 1578.0,
      "slry_csy_oprt": 813.0,
      "emp_bnft_cst_oprt": 219.0,
      "pmt_cms_oprt": 0.0,
      "shop_rnt_oprt": 0.0,
      "evnt_cst_oprt": 0.0,
      "tax_cst_oprt": 0.0,
      "deprc_cst_oprt": 3.0,
      "etc_cst_oprt": 58.0,
      "sale_amt": 12096.0,
      "sale_amt_vat": 29647.0
    },
    "202506": {
      "ad_cst_oprt": 1052.0,
      "slry_csy_oprt": 810.0,
      "emp_bnft_cst_oprt": 218.0,
      "pmt_cms_oprt": 113.0,
      "shop_rnt_oprt": 0.0,
      "evnt_cst_oprt": 0.0,
      "tax_cst_oprt": 0.0,
      "deprc_cst_oprt": 2.0,
      "etc_cst_oprt": 46.0,
      "sale_amt": 9809.0,
      "sale_amt_vat": 19991.0
    },
    "202507": {
      "ad_cst_oprt": 1517.0,
      "slry_csy_oprt": 827.0,
      "emp_bnft_cst_oprt": 202.0,
      "pmt_cms_oprt": 2.0,
      "shop_rnt_oprt": 0.0,
      "evnt_cst_oprt": 305.0,
      "tax_cst_oprt": 0.0,
      "deprc_cst_oprt": 2.0,
      "etc_cst_oprt": 57.0,
      "sale_amt": 15998.0,
      "sale_amt_vat": 19282.0
    },
    "202508": {
      "ad_cst_oprt": 1413.0,
      "slry_csy_oprt": 828.0,
      "emp_bnft_cst_oprt": 250.0,
      "pmt_cms_oprt": 0.0,
      "shop_rnt_oprt": 0.0,
      "evnt_cst_oprt": 0.0,
      "tax_cst_oprt": 0.0,
      "deprc_cst_oprt": 4.0,
      "etc_cst_oprt": 36.0,
      "sale_amt": 23029.0,
      "sale_amt_vat": 27575.0
    },
    "202509": {
      "ad_cst_oprt": 1793.0,
      "slry_csy_oprt": 760.0,
      "emp_bnft_cst_oprt": 219.0,
      "pmt_cms_oprt": 11.0,
      "shop_rnt_oprt": 0.0,
      "evnt_cst_oprt": 52.0,
      "tax_cst_oprt": 0.0,
      "deprc_cst_oprt": 4.0,
      "etc_cst_oprt": 81.0,
      "sale_amt": 25777.0,
      "sale_amt_vat": 22926.0
    }
  },
  "brand_vs_all_brands": {
    "current_month": {
      "brand_total": 2920.0,
      "all_brands_total": 51990.0,
      "ratio": 5.6,
      "by_account": {
        "ad_cst_oprt": {
          "brand": 1793.0,
          "all_brands": 36169.0,
          "ratio": 5.0
        },
        "slry_csy_oprt": {
          "brand": 760.0,
          "all_brands": 8249.0,
          "ratio": 9.2
        },
        "emp_bnft_cst_oprt": {
          "brand": 219.0,
          "all_brands": 2846.0,
          "ratio": 7.7
        },
        "pmt_cms_oprt": {
          "brand": 11.0,
          "all_brands": 1095.0,
          "ratio": 1.0
        },
        "shop_rnt_oprt": {
          "brand": 0.0,
          "all_brands": 1909.0,
          "ratio": 0.0
        },
        "evnt_cst_oprt": {
          "brand": 52.0,
          "all_brands": 351.0,
          "ratio": 14.9
        },
        "tax_cst_oprt": {
          "brand": 0.0,
          "all_brands": 376.0,
          "ratio": 0.0
        },
        "deprc_cst_oprt": {
          "brand": 4.0,
          "all_brands": 454.0,
          "ratio": 0.8
        },
        "etc_cst_oprt": {
          "brand": 81.0,
          "all_brands": 541.0,
          "ratio": 14.9
        }
      }
    },
    "current_ytd": {
      "brand_total": 22981.0,
      "all_brands_total": 313244.0,
      "ratio": 7.3
    }
  },
  "all_brands_summary": {
    "current_month": {
      "ad_cst_oprt": 36169.0,
      "slry_csy_oprt": 8249.0,
      "emp_bnft_cst_oprt": 2846.0,
      "pmt_cms_oprt": 1095.0,
      "shop_rnt_oprt": 1909.0,
      "evnt_cst_oprt": 351.0,
      "tax_cst_oprt": 376.0,
      "deprc_cst_oprt": 454.0,
      "etc_cst_oprt": 541.0,
      "sale_amt": 611832.0,
      "sale_amt_vat": 516171.0
    },
    "previous_month": {
      "ad_cst_oprt": 20159.0,
      "slry_csy_oprt": 7779.0,
      "emp_bnft_cst_oprt": 2688.0,
      "pmt_cms_oprt": 1378.0,
      "shop_rnt_oprt": 1546.0,
      "evnt_cst_oprt": 979.0,
      "tax_cst_oprt": 1557.0,
      "deprc_cst_oprt": 512.0,
      "etc_cst_oprt": 354.0,
      "sale_amt": 621496.0,
      "sale_amt_vat": 503278.0
    },
    "current_ytd": {
      "ad_cst_oprt": 151548.0,
      "slry_csy_oprt": 77412.0,
      "emp_bnft_cst_oprt": 25801.0,
      "pmt_cms_oprt": 17301.0,
      "shop_rnt_oprt": 15138.0,
      "evnt_cst_oprt": 13167.0,
      "tax_cst_oprt": 6061.0,
      "deprc_cst_oprt": 3470.0,
      "etc_cst_oprt": 3346.0,
      "sale_amt": 4079900.0,
      "sale_amt_vat": 5351000.0
    },
    "previous_ytd": {
      "ad_cst_oprt": 112570.0,
      "slry_csy_oprt": 72766.0,
      "emp_bnft_cst_oprt": 22864.0,
      "pmt_cms_oprt": 11345.0,
      "shop_rnt_oprt": 13497.0,
      "evnt_cst_oprt": 10536.0,
      "tax_cst_oprt": 9859.0,
      "deprc_cst_oprt": 4458.0,
      "etc_cst_oprt": 4699.0,
      "sale_amt": 3878256.0,
      "sale_amt_vat": 5146453.0
    }
  },
  "raw_data": {
    "sample_records": [
      {
        "PST_YYYYMM": "202507",
        "BRD_CD": "I",
        "MGMT_CHNL_NM": "(EC)할인몰",
        "SALE_AMT": 662090.35,
        "SALE_AMT_VAT": 585920.6637168142,
        "AD_CST_OPRT": 49200.09,
        "SLRY_CSY_OPRT": 14630.8,
        "EMP_BNFT_CST_OPRT": 3987.38,
        "PMT_CMS_OPRT": 1.96,
        "SHOP_RNT_OPRT": 0.0,
        "EVNT_CST_OPRT": 9890.36,
        "TAX_CST_OPRT": 0.0,
        "DEPRC_CST_OPRT": 30.74,
        "ETC_CST_OPRT": 201.7
      },
      {
        "PST_YYYYMM": "202507",
        "BRD_CD": "I",
        "MGMT_CHNL_NM": "(OFF)대리상",
        "SALE_AMT": 9681761.03,
        "SALE_AMT_VAT": 11822046.15044248,
        "AD_CST_OPRT": 926981.33,
        "SLRY_CSY_OPRT": 453133.39,
        "EMP_BNFT_CST_OPRT": 117924.45,
        "PMT_CMS_OPRT": 1792.77,
        "SHOP_RNT_OPRT": 0.0,
        "EVNT_CST_OPRT": 186348.14,
        "TAX_CST_OPRT": 0.0,
        "DEPRC_CST_OPRT": 1424.62,
        "ETC_CST_OPRT": 37902.18
      },
      {
        "PST_YYYYMM": "202412",
        "BRD_CD": "I",
        "MGMT_CHNL_NM": "(OFF)대리상",
        "SALE_AMT": 10102266.63,
        "SALE_AMT_VAT": 23304280.637168147,
        "AD_CST_OPRT": 121565.38,
        "SLRY_CSY_OPRT": 356491.01,
        "EMP_BNFT_CST_OPRT": 120853.02,
        "PMT_CMS_OPRT": 45.98,
        "SHOP_RNT_OPRT": 0.0,
        "EVNT_CST_OPRT": 0.0,
        "TAX_CST_OPRT": 0.0,
        "DEPRC_CST_OPRT": 1557.62,
        "ETC_CST_OPRT": 19636.85
      },
      {
        "PST_YYYYMM": "202509",
        "BRD_CD": "I",
        "MGMT_CHNL_NM": "(OFF)쇼핑몰",
        "SALE_AMT": 1304147.0,
        "SALE_AMT_VAT": 1154112.3893805312,
        "AD_CST_OPRT": 89854.38,
        "SLRY_CSY_OPRT": 79003.98,
        "EMP_BNFT_CST_OPRT": 17363.1,
        "PMT_CMS_OPRT": 710.58,
        "SHOP_RNT_OPRT": 0.0,
        "EVNT_CST_OPRT": 2629.69,
        "TAX_CST_OPRT": 0.0,
        "DEPRC_CST_OPRT": 321.69,
        "ETC_CST_OPRT": 5385.96
      },
      {
        "PST_YYYYMM": "202412",
        "BRD_CD": "I",
        "MGMT_CHNL_NM": "(OFF)쇼핑몰",
        "SALE_AMT": 3148507.0,
        "SALE_AMT_VAT": 2786289.380530974,
        "AD_CST_OPRT": 37891.18,
        "SLRY_CSY_OPRT": 119144.58,
        "EMP_BNFT_CST_OPRT": 29396.74,
        "PMT_CMS_OPRT": 23.51,
        "SHOP_RNT_OPRT": 0.0,
        "EVNT_CST_OPRT": 0.0,
        "TAX_CST_OPRT": 0.0,
        "DEPRC_CST_OPRT": 391.61,
        "ETC_CST_OPRT": 5913.28
      },
      {
        "PST_YYYYMM": "202506",
        "BRD_CD": "I",
        "MGMT_CHNL_NM": "(OFF)쇼핑몰",
        "SALE_AMT": 1154471.0,
        "SALE_AMT_VAT": 1021655.7522123894,
        "AD_CST_OPRT": 125279.63,
        "SLRY_CSY_OPRT": 119843.38,
        "EMP_BNFT_CST_OPRT": 26913.43,
        "PMT_CMS_OPRT": 19098.49,
        "SHOP_RNT_OPRT": 0.0,
        "EVNT_CST_OPRT": 0.0,
        "TAX_CST_OPRT": 0.0,
        "DEPRC_CST_OPRT": 316.66,
        "ETC_CST_OPRT": 4845.61
      },
      {
        "PST_YYYYMM": "202409",
        "BRD_CD": "I",
        "MGMT_CHNL_NM": null,
        "SALE_AMT": null,
        "SALE_AMT_VAT": null,
        "AD_CST_OPRT": 0.0,
        "SLRY_CSY_OPRT": 0.0,
        "EMP_BNFT_CST_OPRT": 0.0,
        "PMT_CMS_OPRT": 0.0,
        "SHOP_RNT_OPRT": 0.0,
        "EVNT_CST_OPRT": 0.0,
        "TAX_CST_OPRT": 0.0,
        "DEPRC_CST_OPRT": 0.0,
        "ETC_CST_OPRT": 1400.02
      },
      {
        "PST_YYYYMM": "202411",
        "BRD_CD": "I",
        "MGMT_CHNL_NM": null,
        "SALE_AMT": null,
        "SALE_AMT_VAT": null,
        "AD_CST_OPRT": 0.0,
        "SLRY_CSY_OPRT": 0.0,
        "EMP_BNFT_CST_OPRT": 14489.0,
        "PMT_CMS_OPRT": 0.0,
        "SHOP_RNT_OPRT": 0.0,
        "EVNT_CST_OPRT": 0.0,
        "TAX_CST_OPRT": 0.0,
        "DEPRC_CST_OPRT": 0.0,
        "ETC_CST_OPRT": 3831.32
      },
      {
        "PST_YYYYMM": "202411",
        "BRD_CD": "I",
        "MGMT_CHNL_NM": "(EC)티몰",
        "SALE_AMT": 4631968.53,
        "SALE_AMT_VAT": 4099087.1946902657,
        "AD_CST_OPRT": 289048.12,
        "SLRY_CSY_OPRT": 129982.8,
        "EMP_BNFT_CST_OPRT": 39366.01,
        "PMT_CMS_OPRT": 1609.12,
        "SHOP_RNT_OPRT": 0.0,
        "EVNT_CST_OPRT": 0.0,
        "TAX_CST_OPRT": 0.0,
        "DEPRC_CST_OPRT": 535.86,
        "ETC_CST_OPRT": 222.65
      },
      {
        "PST_YYYYMM": "202503",
        "BRD_CD": "I",
        "MGMT_CHNL_NM": "(EC)대리상",
        "SALE_AMT": 1771397.86,
        "SALE_AMT_VAT": 2880495.566371681,
        "AD_CST_OPRT": 97540.65,
        "SLRY_CSY_OPRT": 75628.74,
        "EMP_BNFT_CST_OPRT": 16711.57,
        "PMT_CMS_OPRT": 7.39,
        "SHOP_RNT_OPRT": 0.0,
        "EVNT_CST_OPRT": 0.0,
        "TAX_CST_OPRT": 0.0,
        "DEPRC_CST_OPRT": 152.47,
        "ETC_CST_OPRT": 2558.38
      },
      {
        "PST_YYYYMM": "202507",
        "BRD_CD": "I",
        "MGMT_CHNL_NM": "(EC)틱톡/JD",
        "SALE_AMT": 370407.45,
        "SALE_AMT_VAT": 327794.203539823,
        "AD_CST_OPRT": 35464.8,
        "SLRY_CSY_OPRT": 10546.45,
        "EMP_BNFT_CST_OPRT": 2874.96,
        "PMT_CMS_OPRT": 1.59,
        "SHOP_RNT_OPRT": 0.0,
        "EVNT_CST_OPRT": 7129.31,
        "TAX_CST_OPRT": 0.0,
        "DEPRC_CST_OPRT": 22.29,
        "ETC_CST_OPRT": 145.95
      },
      {
        "PST_YYYYMM": "202408",
        "BRD_CD": "I",
        "MGMT_CHNL_NM": null,
        "SALE_AMT": null,
        "SALE_AMT_VAT": null,
        "AD_CST_OPRT": 0.0,
        "SLRY_CSY_OPRT": 0.0,
        "EMP_BNFT_CST_OPRT": 0.0,
        "PMT_CMS_OPRT": 0.0,
        "SHOP_RNT_OPRT": 0.0,
        "EVNT_CST_OPRT": 0.0,
        "TAX_CST_OPRT": 0.0,
        "DEPRC_CST_OPRT": 0.0,
        "ETC_CST_OPRT": 877.39
      },
      {
        "PST_YYYYMM": "202405",
        "BRD_CD": "I",
        "MGMT_CHNL_NM": "(OFF)플래그쉽",
        "SALE_AMT": 306166.0,
        "SALE_AMT_VAT": 270943.36283185845,
        "AD_CST_OPRT": 32578.33,
        "SLRY_CSY_OPRT": 16167.1,
        "EMP_BNFT_CST_OPRT": 4442.87,
        "PMT_CMS_OPRT": 2.55,
        "SHOP_RNT_OPRT": 0.0,
        "EVNT_CST_OPRT": 0.0,
        "TAX_CST_OPRT": 0.0,
        "DEPRC_CST_OPRT": 81.13,
        "ETC_CST_OPRT": 176.09
      },
      {
        "PST_YYYYMM": "202406",
        "BRD_CD": "I",
        "MGMT_CHNL_NM": "(EC)티몰",
        "SALE_AMT": 1339276.01,
        "SALE_AMT_VAT": 1185200.0088495575,
        "AD_CST_OPRT": 78454.86,
        "SLRY_CSY_OPRT": 86424.06,
        "EMP_BNFT_CST_OPRT": 26840.62,
        "PMT_CMS_OPRT": 13.18,
        "SHOP_RNT_OPRT": 0.0,
        "EVNT_CST_OPRT": 0.0,
        "TAX_CST_OPRT": 0.0,
        "DEPRC_CST_OPRT": 512.55,
        "ETC_CST_OPRT": 2234.92
      },
      {
        "PST_YYYYMM": "202505",
        "BRD_CD": "I",
        "MGMT_CHNL_NM": "(EC)대리상",
        "SALE_AMT": 1098879.65,
        "SALE_AMT_VAT": 2732699.088495576,
        "AD_CST_OPRT": 145554.85,
        "SLRY_CSY_OPRT": 111181.23,
        "EMP_BNFT_CST_OPRT": 31953.9,
        "PMT_CMS_OPRT": 7.45,
        "SHOP_RNT_OPRT": 0.0,
        "EVNT_CST_OPRT": 0.0,
        "TAX_CST_OPRT": 0.0,
        "DEPRC_CST_OPRT": 297.82,
        "ETC_CST_OPRT": 5131.66
      },
      {
        "PST_YYYYMM": "202503",
        "BRD_CD": "I",
        "MGMT_CHNL_NM": "(OFF)대리상",
        "SALE_AMT": 9472010.249999998,
        "SALE_AMT_VAT": 15557538.123893807,
        "AD_CST_OPRT": 521568.8,
        "SLRY_CSY_OPRT": 396499.15,
        "EMP_BNFT_CST_OPRT": 109306.21,
        "PMT_CMS_OPRT": 51283.59,
        "SHOP_RNT_OPRT": 0.0,
        "EVNT_CST_OPRT": 0.0,
        "TAX_CST_OPRT": 0.0,
        "DEPRC_CST_OPRT": 1584.48,
        "ETC_CST_OPRT": 27643.72
      },
      {
        "PST_YYYYMM": "202406",
        "BRD_CD": "I",
        "MGMT_CHNL_NM": "(OFF)대리상",
        "SALE_AMT": 1693190.2000000002,
        "SALE_AMT_VAT": 14177933.238938056,
        "AD_CST_OPRT": 97848.82,
        "SLRY_CSY_OPRT": 150324.37,
        "EMP_BNFT_CST_OPRT": 44563.84,
        "PMT_CMS_OPRT": 7152.22,
        "SHOP_RNT_OPRT": 0.0,
        "EVNT_CST_OPRT": 0.0,
        "TAX_CST_OPRT": 0.0,
        "DEPRC_CST_OPRT": 1388.47,
        "ETC_CST_OPRT": 3127.68
      },
      {
        "PST_YYYYMM": "202501",
        "BRD_CD": "I",
        "MGMT_CHNL_NM": "(OFF)쇼핑몰",
        "SALE_AMT": 4837020.0,
        "SALE_AMT_VAT": 4280548.672566372,
        "AD_CST_OPRT": 186551.69,
        "SLRY_CSY_OPRT": 180383.62,
        "EMP_BNFT_CST_OPRT": 28409.7,
        "PMT_CMS_OPRT": 28.38,
        "SHOP_RNT_OPRT": 0.0,
        "EVNT_CST_OPRT": 55547.7,
        "TAX_CST_OPRT": 0.0,
        "DEPRC_CST_OPRT": 403.42,
        "ETC_CST_OPRT": 1060.23
      },
      {
        "PST_YYYYMM": "202503",
        "BRD_CD": "I",
        "MGMT_CHNL_NM": "(OFF)쇼핑몰",
        "SALE_AMT": 1324338.0,
        "SALE_AMT_VAT": 1171980.5309734514,
        "AD_CST_OPRT": 72923.59,
        "SLRY_CSY_OPRT": 76599.67,
        "EMP_BNFT_CST_OPRT": 16797.97,
        "PMT_CMS_OPRT": 7183.06,
        "SHOP_RNT_OPRT": 0.0,
        "EVNT_CST_OPRT": 0.0,
        "TAX_CST_OPRT": 0.0,
        "DEPRC_CST_OPRT": 191.18,
        "ETC_CST_OPRT": 2627.19
      },
      {
        "PST_YYYYMM": "202501",
        "BRD_CD": "I",
        "MGMT_CHNL_NM": "(OFF)아울렛",
        "SALE_AMT": 5128740.0,
        "SALE_AMT_VAT": 4538707.96460177,
        "AD_CST_OPRT": 197782.4,
        "SLRY_CSY_OPRT": 191261.75,
        "EMP_BNFT_CST_OPRT": 30077.57,
        "PMT_CMS_OPRT": 15.0,
        "SHOP_RNT_OPRT": 0.0,
        "EVNT_CST_OPRT": 58898.0,
        "TAX_CST_OPRT": 0.0,
        "DEPRC_CST_OPRT": 389.4,
        "ETC_CST_OPRT": 1103.65
      },
      {
        "PST_YYYYMM": "202502",
        "BRD_CD": "I",
        "MGMT_CHNL_NM": "(OFF)아울렛",
        "SALE_AMT": 1554993.0,
        "SALE_AMT_VAT": 1376100.0000000002,
        "AD_CST_OPRT": 112377.43,
        "SLRY_CSY_OPRT": 144790.72,
        "EMP_BNFT_CST_OPRT": 26940.99,
        "PMT_CMS_OPRT": 5.5,
        "SHOP_RNT_OPRT": 0.0,
        "EVNT_CST_OPRT": 0.0,
        "TAX_CST_OPRT": 0.0,
        "DEPRC_CST_OPRT": 269.6,
        "ETC_CST_OPRT": 4975.16
      },
      {
        "PST_YYYYMM": "202507",
        "BRD_CD": "I",
        "MGMT_CHNL_NM": "(EC)대리상",
        "SALE_AMT": 1158410.01,
        "SALE_AMT_VAT": 2895633.9203539826,
        "AD_CST_OPRT": 110912.07,
        "SLRY_CSY_OPRT": 47794.18,
        "EMP_BNFT_CST_OPRT": 12211.45,
        "PMT_CMS_OPRT": 5.78,
        "SHOP_RNT_OPRT": 0.0,
        "EVNT_CST_OPRT": 22296.3,
        "TAX_CST_OPRT": 0.0,
        "DEPRC_CST_OPRT": 69.96,
        "ETC_CST_OPRT": 930.64
      },
      {
        "PST_YYYYMM": "202401",
        "BRD_CD": "I",
        "MGMT_CHNL_NM": "(EC)할인몰",
        "SALE_AMT": 699128.94,
        "SALE_AMT_VAT": 618698.1769911505,
        "AD_CST_OPRT": 13834.68,
        "SLRY_CSY_OPRT": 7009.69,
        "EMP_BNFT_CST_OPRT": 2097.09,
        "PMT_CMS_OPRT": 1.5,
        "SHOP_RNT_OPRT": 0.0,
        "EVNT_CST_OPRT": 0.0,
        "TAX_CST_OPRT": 0.0,
        "DEPRC_CST_OPRT": 48.75,
        "ETC_CST_OPRT": -5.55
      },
      {
        "PST_YYYYMM": "202410",
        "BRD_CD": "I",
        "MGMT_CHNL_NM": "(EC)대리상",
        "SALE_AMT": 3040449.34,
        "SALE_AMT_VAT": 3382379.5575221246,
        "AD_CST_OPRT": 148941.98,
        "SLRY_CSY_OPRT": 83076.32,
        "EMP_BNFT_CST_OPRT": 20690.98,
        "PMT_CMS_OPRT": 14.3,
        "SHOP_RNT_OPRT": 0.0,
        "EVNT_CST_OPRT": 0.0,
        "TAX_CST_OPRT": 0.0,
        "DEPRC_CST_OPRT": 366.48,
        "ETC_CST_OPRT": 1104.45
      },
      {
        "PST_YYYYMM": "202501",
        "BRD_CD": "I",
        "MGMT_CHNL_NM": "(EC)티몰",
        "SALE_AMT": 3828883.4899999998,
        "SALE_AMT_VAT": 3388392.469026549,
        "AD_CST_OPRT": 148231.94,
        "SLRY_CSY_OPRT": 90024.41,
        "EMP_BNFT_CST_OPRT": 16691.56,
        "PMT_CMS_OPRT": 12.76,
        "SHOP_RNT_OPRT": 0.0,
        "EVNT_CST_OPRT": 44141.89,
        "TAX_CST_OPRT": 0.0,
        "DEPRC_CST_OPRT": 123.31,
        "ETC_CST_OPRT": 289.15
      },
      {
        "PST_YYYYMM": "202506",
        "BRD_CD": "I",
        "MGMT_CHNL_NM": "(OFF)대리상",
        "SALE_AMT": 3889128.7699999996,
        "SALE_AMT_VAT": 12465637.10619469,
        "AD_CST_OPRT": 422038.96,
        "SLRY_CSY_OPRT": 353745.84,
        "EMP_BNFT_CST_OPRT": 105333.49,
        "PMT_CMS_OPRT": 64341.35,
        "SHOP_RNT_OPRT": 0.0,
        "EVNT_CST_OPRT": 0.0,
        "TAX_CST_OPRT": 0.0,
        "DEPRC_CST_OPRT": 1368.87,
        "ETC_CST_OPRT": 17056.32
      },
      {
        "PST_YYYYMM": "202412",
        "BRD_CD": "I",
        "MGMT_CHNL_NM": "(EC)할인몰",
        "SALE_AMT": 986071.5717,
        "SALE_AMT_VAT": 872629.7094690267,
        "AD_CST_OPRT": 9270.19,
        "SLRY_CSY_OPRT": 14225.81,
        "EMP_BNFT_CST_OPRT": 4907.6,
        "PMT_CMS_OPRT": 3.05,
        "SHOP_RNT_OPRT": 0.0,
        "EVNT_CST_OPRT": 0.0,
        "TAX_CST_OPRT": 0.0,
        "DEPRC_CST_OPRT": 36.82,
        "ETC_CST_OPRT": 976.29
      },
      {
        "PST_YYYYMM": "202405",
        "BRD_CD": "I",
        "MGMT_CHNL_NM": "(EC)대리상",
        "SALE_AMT": 2034764.34,
        "SALE_AMT_VAT": 2267208.4591150447,
        "AD_CST_OPRT": 216513.67,
        "SLRY_CSY_OPRT": 99504.18,
        "EMP_BNFT_CST_OPRT": 30702.05,
        "PMT_CMS_OPRT": 17.08,
        "SHOP_RNT_OPRT": 0.0,
        "EVNT_CST_OPRT": 0.0,
        "TAX_CST_OPRT": 0.0,
        "DEPRC_CST_OPRT": 1772.23,
        "ETC_CST_OPRT": 5.42
      },
      {
        "PST_YYYYMM": "202507",
        "BRD_CD": "I",
        "MGMT_CHNL_NM": "(OFF)아울렛",
        "SALE_AMT": 1605049.0,
        "SALE_AMT_VAT": 1420397.3451327435,
        "AD_CST_OPRT": 153676.24,
        "SLRY_CSY_OPRT": 141226.95,
        "EMP_BNFT_CST_OPRT": 29471.79,
        "PMT_CMS_OPRT": 294.88,
        "SHOP_RNT_OPRT": 0.0,
        "EVNT_CST_OPRT": 30893.01,
        "TAX_CST_OPRT": 0.0,
        "DEPRC_CST_OPRT": 248.03,
        "ETC_CST_OPRT": 7854.54
      },
      {
        "PST_YYYYMM": "202509",
        "BRD_CD": "I",
        "MGMT_CHNL_NM": "(EC)틱톡/JD",
        "SALE_AMT": 330204.75,
        "SALE_AMT_VAT": 292216.59292035404,
        "AD_CST_OPRT": 23199.99,
        "SLRY_CSY_OPRT": 4941.6,
        "EMP_BNFT_CST_OPRT": 1726.09,
        "PMT_CMS_OPRT": 0.82,
        "SHOP_RNT_OPRT": 0.0,
        "EVNT_CST_OPRT": 679.22,
        "TAX_CST_OPRT": 0.0,
        "DEPRC_CST_OPRT": 22.31,
        "ETC_CST_OPRT": 255.21
      },
      {
        "PST_YYYYMM": "202501",
        "BRD_CD": "I",
        "MGMT_CHNL_NM": "(EC)할인몰",
        "SALE_AMT": 903773.0152,
        "SALE_AMT_VAT": 799799.1284955754,
        "AD_CST_OPRT": 27375.98,
        "SLRY_CSY_OPRT": 16626.32,
        "EMP_BNFT_CST_OPRT": 3081.07,
        "PMT_CMS_OPRT": 1.8,
        "SHOP_RNT_OPRT": 0.0,
        "EVNT_CST_OPRT": 8152.34,
        "TAX_CST_OPRT": 0.0,
        "DEPRC_CST_OPRT": 22.18,
        "ETC_CST_OPRT": 52.2
      },
      {
        "PST_YYYYMM": "202501",
        "BRD_CD": "I",
        "MGMT_CHNL_NM": "(OFF)플래그쉽",
        "SALE_AMT": 627525.0,
        "SALE_AMT_VAT": 555331.8584070797,
        "AD_CST_OPRT": 24199.46,
        "SLRY_CSY_OPRT": 23402.18,
        "EMP_BNFT_CST_OPRT": 3680.49,
        "PMT_CMS_OPRT": 1.87,
        "SHOP_RNT_OPRT": 0.0,
        "EVNT_CST_OPRT": 7206.48,
        "TAX_CST_OPRT": 0.0,
        "DEPRC_CST_OPRT": 47.59,
        "ETC_CST_OPRT": 135.55
      },
      {
        "PST_YYYYMM": "202411",
        "BRD_CD": "I",
        "MGMT_CHNL_NM": "(EC)대리상",
        "SALE_AMT": 2080773.2899999998,
        "SALE_AMT_VAT": 2786961.6637168145,
        "AD_CST_OPRT": 128754.15,
        "SLRY_CSY_OPRT": 127407.71,
        "EMP_BNFT_CST_OPRT": 41333.04,
        "PMT_CMS_OPRT": 716.74,
        "SHOP_RNT_OPRT": 0.0,
        "EVNT_CST_OPRT": 0.0,
        "TAX_CST_OPRT": 0.0,
        "DEPRC_CST_OPRT": 744.12,
        "ETC_CST_OPRT": 2224.69
      },
      {
        "PST_YYYYMM": "202509",
        "BRD_CD": "I",
        "MGMT_CHNL_NM": "(EC)티몰",
        "SALE_AMT": 2268283.8,
        "SALE_AMT_VAT": 2007330.7964601773,
        "AD_CST_OPRT": 160227.16,
        "SLRY_CSY_OPRT": 34129.2,
        "EMP_BNFT_CST_OPRT": 11922.86,
        "PMT_CMS_OPRT": 7.09,
        "SHOP_RNT_OPRT": 0.0,
        "EVNT_CST_OPRT": 4690.83,
        "TAX_CST_OPRT": 0.0,
        "DEPRC_CST_OPRT": 156.13,
        "ETC_CST_OPRT": 1770.07
      },
      {
        "PST_YYYYMM": "202406",
        "BRD_CD": "I",
        "MGMT_CHNL_NM": "(EC)틱톡/JD",
        "SALE_AMT": 117623.19,
        "SALE_AMT_VAT": 104091.3185840708,
        "AD_CST_OPRT": 6797.42,
        "SLRY_CSY_OPRT": 7487.96,
        "EMP_BNFT_CST_OPRT": 2325.57,
        "PMT_CMS_OPRT": 1.13,
        "SHOP_RNT_OPRT": 0.0,
        "EVNT_CST_OPRT": 0.0,
        "TAX_CST_OPRT": 0.0,
        "DEPRC_CST_OPRT": 44.27,
        "ETC_CST_OPRT": 193.71
      },
      {
        "PST_YYYYMM": "202504",
        "BRD_CD": "I",
        "MGMT_CHNL_NM": "(EC)티몰",
        "SALE_AMT": 2459571.3,
        "SALE_AMT_VAT": 2176611.769911505,
        "AD_CST_OPRT": 213938.98,
        "SLRY_CSY_OPRT": 69817.04,
        "EMP_BNFT_CST_OPRT": 18986.54,
        "PMT_CMS_OPRT": 13.85,
        "SHOP_RNT_OPRT": 0.0,
        "EVNT_CST_OPRT": 0.0,
        "TAX_CST_OPRT": 0.0,
        "DEPRC_CST_OPRT": 136.25,
        "ETC_CST_OPRT": 3114.27
      },
      {
        "PST_YYYYMM": "202411",
        "BRD_CD": "I",
        "MGMT_CHNL_NM": "(EC)틱톡/JD",
        "SALE_AMT": 145644.17,
        "SALE_AMT_VAT": 128888.64601769914,
        "AD_CST_OPRT": 9012.11,
        "SLRY_CSY_OPRT": 4052.74,
        "EMP_BNFT_CST_OPRT": 1227.45,
        "PMT_CMS_OPRT": 50.1,
        "SHOP_RNT_OPRT": 0.0,
        "EVNT_CST_OPRT": 0.0,
        "TAX_CST_OPRT": 0.0,
        "DEPRC_CST_OPRT": 16.55,
        "ETC_CST_OPRT": 6.71
      },
      {
        "PST_YYYYMM": "202501",
        "BRD_CD": "I",
        "MGMT_CHNL_NM": null,
        "SALE_AMT": null,
        "SALE_AMT_VAT": null,
        "AD_CST_OPRT": 0.0,
        "SLRY_CSY_OPRT": 0.0,
        "EMP_BNFT_CST_OPRT": 0.0,
        "PMT_CMS_OPRT": 0.0,
        "SHOP_RNT_OPRT": 0.0,
        "EVNT_CST_OPRT": 0.0,
        "TAX_CST_OPRT": 0.0,
        "DEPRC_CST_OPRT": 0.0,
        "ETC_CST_OPRT": 1415.15
      },
      {
        "PST_YYYYMM": "202507",
        "BRD_CD": "I",
        "MGMT_CHNL_NM": "(EC)티몰",
        "SALE_AMT": 1034566.93,
        "SALE_AMT_VAT": 915545.9557522126,
        "AD_CST_OPRT": 99717.47,
        "SLRY_CSY_OPRT": 29653.17,
        "EMP_BNFT_CST_OPRT": 8084.83,
        "PMT_CMS_OPRT": 4.95,
        "SHOP_RNT_OPRT": 0.0,
        "EVNT_CST_OPRT": 20046.57,
        "TAX_CST_OPRT": 0.0,
        "DEPRC_CST_OPRT": 61.76,
        "ETC_CST_OPRT": 410.1
      },
      {
        "PST_YYYYMM": "202401",
        "BRD_CD": "I",
        "MGMT_CHNL_NM": "(OFF)쇼핑몰",
        "SALE_AMT": 3557003.0,
        "SALE_AMT_VAT": 3147790.265486726,
        "AD_CST_OPRT": 87522.16,
        "SLRY_CSY_OPRT": 54272.04,
        "EMP_BNFT_CST_OPRT": 17135.21,
        "PMT_CMS_OPRT": 23.12,
        "SHOP_RNT_OPRT": 0.0,
        "EVNT_CST_OPRT": 0.0,
        "TAX_CST_OPRT": 0.0,
        "DEPRC_CST_OPRT": 338.63,
        "ETC_CST_OPRT": 784.62
      },
      {
        "PST_YYYYMM": "202406",
        "BRD_CD": "I",
        "MGMT_CHNL_NM": "(OFF)쇼핑몰",
        "SALE_AMT": 1554886.0,
        "SALE_AMT_VAT": 1376005.3097345135,
        "AD_CST_OPRT": 89856.21,
        "SLRY_CSY_OPRT": 98796.63,
        "EMP_BNFT_CST_OPRT": 30086.91,
        "PMT_CMS_OPRT": 6567.74,
        "SHOP_RNT_OPRT": 0.0,
        "EVNT_CST_OPRT": 0.0,
        "TAX_CST_OPRT": 0.0,
        "DEPRC_CST_OPRT": 598.15,
        "ETC_CST_OPRT": 2974.51
      },
      {
        "PST_YYYYMM": "202504",
        "BRD_CD": "I",
        "MGMT_CHNL_NM": "(OFF)아울렛",
        "SALE_AMT": 3059497.0,
        "SALE_AMT_VAT": 2707519.469026549,
        "AD_CST_OPRT": 264776.81,
        "SLRY_CSY_OPRT": 182788.4,
        "EMP_BNFT_CST_OPRT": 36273.81,
        "PMT_CMS_OPRT": 14.89,
        "SHOP_RNT_OPRT": 0.0,
        "EVNT_CST_OPRT": 0.0,
        "TAX_CST_OPRT": 0.0,
        "DEPRC_CST_OPRT": 438.99,
        "ETC_CST_OPRT": 7943.32
      },
      {
        "PST_YYYYMM": "202404",
        "BRD_CD": "I",
        "MGMT_CHNL_NM": "(EC)할인몰",
        "SALE_AMT": 908031.5800000001,
        "SALE_AMT_VAT": 803567.7699115045,
        "AD_CST_OPRT": 15773.33,
        "SLRY_CSY_OPRT": 17822.8,
        "EMP_BNFT_CST_OPRT": 4957.64,
        "PMT_CMS_OPRT": 3.88,
        "SHOP_RNT_OPRT": 0.0,
        "EVNT_CST_OPRT": 0.0,
        "TAX_CST_OPRT": 0.0,
        "DEPRC_CST_OPRT": 105.5,
        "ETC_CST_OPRT": 90.31
      },
      {
        "PST_YYYYMM": "202403",
        "BRD_CD": "I",
        "MGMT_CHNL_NM": "(OFF)대리상",
        "SALE_AMT": 13751136.58,
        "SALE_AMT_VAT": 19398720.920353983,
        "AD_CST_OPRT": 1140640.08,
        "SLRY_CSY_OPRT": 234873.86,
        "EMP_BNFT_CST_OPRT": 96665.48,
        "PMT_CMS_OPRT": 76.59,
        "SHOP_RNT_OPRT": 0.0,
        "EVNT_CST_OPRT": 0.0,
        "TAX_CST_OPRT": 0.0,
        "DEPRC_CST_OPRT": 2590.43,
        "ETC_CST_OPRT": 6286.25
      },
      {
        "PST_YYYYMM": "202503",
        "BRD_CD": "I",
        "MGMT_CHNL_NM": "(OFF)아울렛",
        "SALE_AMT": 2383430.0,
        "SALE_AMT_VAT": 2109230.0884955754,
        "AD_CST_OPRT": 131241.87,
        "SLRY_CSY_OPRT": 137858.77,
        "EMP_BNFT_CST_OPRT": 30173.63,
        "PMT_CMS_OPRT": 12902.13,
        "SHOP_RNT_OPRT": 0.0,
        "EVNT_CST_OPRT": 0.0,
        "TAX_CST_OPRT": 0.0,
        "DEPRC_CST_OPRT": 323.77,
        "ETC_CST_OPRT": 4660.75
      },
      {
        "PST_YYYYMM": "202503",
        "BRD_CD": "I",
        "MGMT_CHNL_NM": "(EC)할인몰",
        "SALE_AMT": 986914.6799999999,
        "SALE_AMT_VAT": 873375.8230088496,
        "AD_CST_OPRT": 42544.1,
        "SLRY_CSY_OPRT": 6463.16,
        "EMP_BNFT_CST_OPRT": 5334.16,
        "PMT_CMS_OPRT": 2.45,
        "SHOP_RNT_OPRT": 0.0,
        "EVNT_CST_OPRT": 0.0,
        "TAX_CST_OPRT": 0.0,
        "DEPRC_CST_OPRT": 37.98,
        "ETC_CST_OPRT": 377.99
      },
      {
        "PST_YYYYMM": "202410",
        "BRD_CD": "I",
        "MGMT_CHNL_NM": "(OFF)쇼핑몰",
        "SALE_AMT": 1831148.0,
        "SALE_AMT_VAT": 1620484.9557522126,
        "AD_CST_OPRT": 89702.45,
        "SLRY_CSY_OPRT": 82602.54,
        "EMP_BNFT_CST_OPRT": 12633.24,
        "PMT_CMS_OPRT": 7.05,
        "SHOP_RNT_OPRT": 0.0,
        "EVNT_CST_OPRT": 0.0,
        "TAX_CST_OPRT": 0.0,
        "DEPRC_CST_OPRT": 253.52,
        "ETC_CST_OPRT": 2039.75
      },
      {
        "PST_YYYYMM": "202409",
        "BRD_CD": "I",
        "MGMT_CHNL_NM": "(EC)할인몰",
        "SALE_AMT": 936390.9495,
        "SALE_AMT_VAT": 828664.557079646,
        "AD_CST_OPRT": 57241.52,
        "SLRY_CSY_OPRT": 6862.57,
        "EMP_BNFT_CST_OPRT": 2580.88,
        "PMT_CMS_OPRT": 2.22,
        "SHOP_RNT_OPRT": 0.0,
        "EVNT_CST_OPRT": 0.0,
        "TAX_CST_OPRT": 0.0,
        "DEPRC_CST_OPRT": 30.5,
        "ETC_CST_OPRT": 28.46
      },
      {
        "PST_YYYYMM": "202505",
        "BRD_CD": "I",
        "MGMT_CHNL_NM": "(EC)할인몰",
        "SALE_AMT": 884980.8,
        "SALE_AMT_VAT": 783168.8495575222,
        "AD_CST_OPRT": 91710.6,
        "SLRY_CSY_OPRT": 27384.77,
        "EMP_BNFT_CST_OPRT": 8320.94,
        "PMT_CMS_OPRT": 4.16,
        "SHOP_RNT_OPRT": 0.0,
        "EVNT_CST_OPRT": 0.0,
        "TAX_CST_OPRT": 0.0,
        "DEPRC_CST_OPRT": 55.99,
        "ETC_CST_OPRT": 169.38
      },
      {
        "PST_YYYYMM": "202502",
        "BRD_CD": "I",
        "MGMT_CHNL_NM": "(OFF)플래그쉽",
        "SALE_AMT": 204125.0,
        "SALE_AMT_VAT": 180641.59292035399,
        "AD_CST_OPRT": 14745.18,
        "SLRY_CSY_OPRT": 18998.07,
        "EMP_BNFT_CST_OPRT": 3535.23,
        "PMT_CMS_OPRT": 0.8,
        "SHOP_RNT_OPRT": 0.0,
        "EVNT_CST_OPRT": 0.0,
        "TAX_CST_OPRT": 0.0,
        "DEPRC_CST_OPRT": 33.75,
        "ETC_CST_OPRT": 653.18
      }
    ],
    "total_records_count": 179
  }
}