{
  "country": "CN",
  "brand_cd": "V",
  "brand_name": "DUVETICA",
  "yyyymm": "202502",
  "yyyymm_py": "202402",
  "key": "영업비",
  "sub_key": "종합분석",
  "analysis_data": {
    "title": "영업비 종합분석",
    "sections": [
      {
        "div": "종합분석-1",
        "sub_title": "전년/당해 동월 비교 (202402 VS 202502)",
        "ai_text": "**전년 동월(202402) 대비 당해당월(202502) 영업비 대폭 감소**\n\n• 총 영업비: 2,717k → 4k (▼99.9% 감소)\n• 매출액(v+): 3,185k → 1,598k (▼49.8% 감소)\n• 영업비율(영업비/매출액): 85.3% → 0.3% (▼85.0%p 개선)\n\n**계정별 변화 분석:**\n• 광고비: 1,853k → 0k (▼100% 감소) - 마케팅 활동 전면 중단\n• 급여제수당: 602k → 3k (▼99.5% 감소) - 인력 운영 최소화\n• 복리후생비: 115k → 1k (▼99.1% 감소)\n• 지급수수료: 138k → 0k (▼100% 감소)\n• 감가상각비: 2k → 0k (▼100% 감소)\n\n**⚠️ 이상징후:** 영업비 구조가 전면적으로 축소되어 정상적인 브랜드 운영이 어려운 상태로 판단됨. 특히 광고비와 인건비의 급격한 감소는 브랜드 마케팅 및 운영 역량 저하를 시사함."
      },
      {
        "div": "종합분석-2",
        "sub_title": "누적 YTD 비교 (전년 누적 VS 당해 누적)",
        "ai_text": "**전년 누적(202401~202402) 대비 당해 누적(202501~202502) 영업비 급감**\n\n• 총 영업비: 5,482k → 17k (▼99.7% 감소)\n• 매출액(v+): 8,050k → 4,751k (▼41.0% 감소)\n• 영업비율: 68.1% → 0.4% (▼67.7%p 개선)\n\n**계정별 누적 비교:**\n• 광고비: 3,676k → 0k (▼100% 감소) - 마케팅 투자 전무\n• 급여제수당: 988k → 9k (▼99.1% 감소) - 인력 운영 극도로 축소\n• 복리후생비: 247k → 2k (▼99.2% 감소)\n• 지급수수료: 239k → 5k (▼97.9% 감소)\n• 수주회비: 307k → 0k (▼100% 감소) - 이벤트/프로모션 활동 중단\n\n**핵심 이슈:** 2025년 들어 DUVETICA 브랜드의 영업비 집행이 거의 중단된 상태. 매출 감소율(41.0%)보다 영업비 감소율(99.7%)이 훨씬 높아 브랜드 투자 중단으로 해석됨."
      },
      {
        "div": "종합분석-3",
        "sub_title": "1년 추세 분석 (2024년 1월 ~ 2025년 2월, 202401~202502)",
        "ai_text": "**영업비 집행 패턴의 급격한 변화**\n\n**2024년 상반기 (1~6월):** 정상적인 브랜드 운영\n• 월평균 영업비: 1,400k~2,800k\n• 광고비 집중 투자: 1월(1,823k), 2월(1,853k)\n• 급여제수당 안정적 유지: 월평균 450k~600k\n\n**2024년 하반기 (7~12월):** 영업비 축소 시작\n• 광고비 급감: 7월부터 거의 0k 수준\n• 급여제수당 조정: 8~10월 음수 발생(정산/환입)\n• 영업비 최소화 운영 체제로 전환\n\n**2025년 (1~2월):** 극도로 축소된 운영\n• 월평균 영업비: 13k~4k (전년 동기 대비 99% 감소)\n• 광고비: 완전 중단\n• 인건비: 최소 유지 관리 수준\n\n**계절성 분석:** 2024년 1~2월 고강도 마케팅 투자 → 2025년 동기간 투자 전무로 브랜드 전략 방향이 완전히 변경됨."
      },
      {
        "div": "종합분석-4",
        "sub_title": "법인 전체 대비 브랜드 비중 분석 (DUVETICA vs 법인 전체)",
        "ai_text": "**DUVETICA 브랜드의 법인 전체 대비 영업비 비중 극히 미미**\n\n**당해당월(202502) 비중:**\n• 전체 영업비 대비: 4k / 31,417k = 0.0%\n• 법인 내 최하위 수준의 영업비 집행\n\n**계정별 법인 대비 비중:**\n• 광고비: 0k / 14,432k = 0.0% (투자 전무)\n• 급여제수당: 3k / 8,239k = 0.0% (최소 유지)\n• 복리후생비: 1k / 2,894k = 0.0%\n• 지급수수료: 0k / 1,464k = 0.0%\n• 기타 모든 계정: 0.0%\n\n**당해 누적(202501~202502) 비중:**\n• 전체 영업비 대비: 17k / 78,334k = 0.0%\n\n**브랜드 포지셔닝:** DUVETICA는 법인 내 6개 브랜드(MLB, MLB KIDS, DISCOVERY, DUVETICA, SERGIO TACCHINI, SUPRA) 중 영업비 투자 우선순위에서 완전히 배제된 상태. 브랜드 유지 관리 수준의 최소 비용만 집행하고 있어 사실상 휴면 브랜드 상태로 판단됨."
      },
      {
        "div": "종합분석-5",
        "sub_title": "전략적 시사점",
        "ai_text": "**현황 진단: DUVETICA 브랜드 사실상 휴면 상태**\n\n**단기 전략 방향 (3~6개월):**\n• 브랜드 포지셔닝 재정의: 지속 vs 철수 vs 리런칭 전략 결정 필요\n• 최소 브랜드 유지 비용 재산정: 현재 월 4k~13k 수준의 적정성 검토\n• 재고 및 유통망 정리: 기존 재고 처리 및 유통 파트너 관계 정리\n• 인력 재배치: DUVETICA 담당 인력의 타 브랜드 전환 검토\n\n**중장기 전략 방향 (1~3년):**\n• 브랜드 라이프사이클 재평가: 시장 환경 변화 및 브랜드 가치 재검토\n• 리런칭 시나리오 수립: 만약 재진입 시 필요 투자 규모 및 ROI 분석\n• 포트폴리오 최적화: 법인 내 6개 브랜드 중 DUVETICA의 역할 재정의\n• 대안 전략 모색: 브랜드 라이선싱, 파트너십, 매각 등 다양한 옵션 검토\n\n**⚠️ 긴급 액션 아이템:**\n1. DUVETICA 브랜드 전략 회의 소집 (경영진 참여)\n2. 브랜드 지속 여부에 대한 명확한 의사결정 요구\n3. 현재 최소 운영 체제의 지속가능성 검토\n4. 2025년 하반기 브랜드 방향성 확정"
      }
    ]
  },
  "summary": {
    "current_month_expense": 4.0,
    "previous_month_expense": 2716.0,
    "current_ytd_expense": 16.0,
    "previous_ytd_expense": 5481.0,
    "total_records": 55,
    "analysis_period_month": "2024년 2월 VS 2025년 2월",
    "analysis_period_ytd": "2024년 1월~2024년 2월 VS 2025년 1월~2025년 2월",
    "trend_period": "2024년 1월 ~ 2025년 2월 (202401~202502)"
  },
  "month_comparison": {
    "previous_month": {
      "ad_cst_oprt": 1853.0,
      "slry_csy_oprt": 602.0,
      "emp_bnft_cst_oprt": 115.0,
      "pmt_cms_oprt": 138.0,
      "shop_rnt_oprt": 0.0,
      "evnt_cst_oprt": 0.0,
      "tax_cst_oprt": 0.0,
      "deprc_cst_oprt": 2.0,
      "etc_cst_oprt": 7.0,
      "sale_amt": 3185.0,
      "sale_amt_vat": 1810.0
    },
    "current_month": {
      "ad_cst_oprt": 0.0,
      "slry_csy_oprt": 3.0,
      "emp_bnft_cst_oprt": 1.0,
      "pmt_cms_oprt": 0.0,
      "shop_rnt_oprt": 0.0,
      "evnt_cst_oprt": 0.0,
      "tax_cst_oprt": 0.0,
      "deprc_cst_oprt": 0.0,
      "etc_cst_oprt": 0.0,
      "sale_amt": 1598.0,
      "sale_amt_vat": 1414.0
    }
  },
  "ytd_comparison": {
    "previous_ytd": {
      "ad_cst_oprt": 3676.0,
      "slry_csy_oprt": 988.0,
      "emp_bnft_cst_oprt": 247.0,
      "pmt_cms_oprt": 239.0,
      "shop_rnt_oprt": 0.0,
      "evnt_cst_oprt": 307.0,
      "tax_cst_oprt": 0.0,
      "deprc_cst_oprt": 2.0,
      "etc_cst_oprt": 23.0,
      "sale_amt": 8050.0,
      "sale_amt_vat": 4859.0
    },
    "current_ytd": {
      "ad_cst_oprt": 0.0,
      "slry_csy_oprt": 9.0,
      "emp_bnft_cst_oprt": 2.0,
      "pmt_cms_oprt": 5.0,
      "shop_rnt_oprt": 0.0,
      "evnt_cst_oprt": 0.0,
      "tax_cst_oprt": 0.0,
      "deprc_cst_oprt": 1.0,
      "etc_cst_oprt": 0.0,
      "sale_amt": 4751.0,
      "sale_amt_vat": 4227.0
    }
  },
  "trend_by_month": {
    "202401": {
      "ad_cst_oprt": 1823.0,
      "slry_csy_oprt": 386.0,
      "emp_bnft_cst_oprt": 132.0,
      "pmt_cms_oprt": 101.0,
      "shop_rnt_oprt": 0.0,
      "evnt_cst_oprt": 307.0,
      "tax_cst_oprt": 0.0,
      "deprc_cst_oprt": 0.0,
      "etc_cst_oprt": 15.0,
      "sale_amt": 4865.0,
      "sale_amt_vat": 3048.0
    },
    "202402": {
      "ad_cst_oprt": 1853.0,
      "slry_csy_oprt": 602.0,
      "emp_bnft_cst_oprt": 115.0,
      "pmt_cms_oprt": 138.0,
      "shop_rnt_oprt": 0.0,
      "evnt_cst_oprt": 0.0,
      "tax_cst_oprt": 0.0,
      "deprc_cst_oprt": 2.0,
      "etc_cst_oprt": 7.0,
      "sale_amt": 3185.0,
      "sale_amt_vat": 1810.0
    },
    "202403": {
      "ad_cst_oprt": 684.0,
      "slry_csy_oprt": 725.0,
      "emp_bnft_cst_oprt": 139.0,
      "pmt_cms_oprt": 30.0,
      "shop_rnt_oprt": 0.0,
      "evnt_cst_oprt": 0.0,
      "tax_cst_oprt": 0.0,
      "deprc_cst_oprt": 1.0,
      "etc_cst_oprt": 9.0,
      "sale_amt": -2052.0,
      "sale_amt_vat": 1348.0
    },
    "202404": {
      "ad_cst_oprt": 476.0,
      "slry_csy_oprt": 473.0,
      "emp_bnft_cst_oprt": 139.0,
      "pmt_cms_oprt": 0.0,
      "shop_rnt_oprt": 0.0,
      "evnt_cst_oprt": 0.0,
      "tax_cst_oprt": 0.0,
      "deprc_cst_oprt": 2.0,
      "etc_cst_oprt": 40.0,
      "sale_amt": 3000.0,
      "sale_amt_vat": 1313.0
    },
    "202405": {
      "ad_cst_oprt": 450.0,
      "slry_csy_oprt": 461.0,
      "emp_bnft_cst_oprt": 144.0,
      "pmt_cms_oprt": 15.0,
      "shop_rnt_oprt": 0.0,
      "evnt_cst_oprt": 0.0,
      "tax_cst_oprt": 0.0,
      "deprc_cst_oprt": 1.0,
      "etc_cst_oprt": 26.0,
      "sale_amt": 1128.0,
      "sale_amt_vat": 1550.0
    },
    "202406": {
      "ad_cst_oprt": 0.0,
      "slry_csy_oprt": 442.0,
      "emp_bnft_cst_oprt": 151.0,
      "pmt_cms_oprt": 0.0,
      "shop_rnt_oprt": 0.0,
      "evnt_cst_oprt": 0.0,
      "tax_cst_oprt": 0.0,
      "deprc_cst_oprt": 1.0,
      "etc_cst_oprt": 2.0,
      "sale_amt": 678.0,
      "sale_amt_vat": 1001.0
    },
    "202407": {
      "ad_cst_oprt": 0.0,
      "slry_csy_oprt": 426.0,
      "emp_bnft_cst_oprt": 137.0,
      "pmt_cms_oprt": -0.0,
      "shop_rnt_oprt": 0.0,
      "evnt_cst_oprt": 0.0,
      "tax_cst_oprt": 0.0,
      "deprc_cst_oprt": 1.0,
      "etc_cst_oprt": 4.0,
      "sale_amt": -1309.0,
      "sale_amt_vat": 996.0
    },
    "202408": {
      "ad_cst_oprt": -5.0,
      "slry_csy_oprt": -7.0,
      "emp_bnft_cst_oprt": 28.0,
      "pmt_cms_oprt": -0.0,
      "shop_rnt_oprt": 0.0,
      "evnt_cst_oprt": 0.0,
      "tax_cst_oprt": 0.0,
      "deprc_cst_oprt": 1.0,
      "etc_cst_oprt": 10.0,
      "sale_amt": -4603.0,
      "sale_amt_vat": 805.0
    },
    "202409": {
      "ad_cst_oprt": -0.0,
      "slry_csy_oprt": -3.0,
      "emp_bnft_cst_oprt": -1.0,
      "pmt_cms_oprt": -9.0,
      "shop_rnt_oprt": 0.0,
      "evnt_cst_oprt": 0.0,
      "tax_cst_oprt": 0.0,
      "deprc_cst_oprt": 1.0,
      "etc_cst_oprt": -2.0,
      "sale_amt": -2555.0,
      "sale_amt_vat": 988.0
    },
    "202410": {
      "ad_cst_oprt": 49.0,
      "slry_csy_oprt": -1.0,
      "emp_bnft_cst_oprt": -0.0,
      "pmt_cms_oprt": -17.0,
      "shop_rnt_oprt": 0.0,
      "evnt_cst_oprt": 0.0,
      "tax_cst_oprt": 0.0,
      "deprc_cst_oprt": 1.0,
      "etc_cst_oprt": -0.0,
      "sale_amt": -708.0,
      "sale_amt_vat": 1800.0
    },
    "202411": {
      "ad_cst_oprt": 0.0,
      "slry_csy_oprt": 3.0,
      "emp_bnft_cst_oprt": 1.0,
      "pmt_cms_oprt": 0.0,
      "shop_rnt_oprt": 0.0,
      "evnt_cst_oprt": 0.0,
      "tax_cst_oprt": 0.0,
      "deprc_cst_oprt": 1.0,
      "etc_cst_oprt": 0.0,
      "sale_amt": 1093.0,
      "sale_amt_vat": 2268.0
    },
    "202412": {
      "ad_cst_oprt": 0.0,
      "slry_csy_oprt": 6.0,
      "emp_bnft_cst_oprt": 2.0,
      "pmt_cms_oprt": 0.0,
      "shop_rnt_oprt": 0.0,
      "evnt_cst_oprt": 0.0,
      "tax_cst_oprt": 0.0,
      "deprc_cst_oprt": 1.0,
      "etc_cst_oprt": 0.0,
      "sale_amt": 3099.0,
      "sale_amt_vat": 3806.0
    },
    "202501": {
      "ad_cst_oprt": 0.0,
      "slry_csy_oprt": 6.0,
      "emp_bnft_cst_oprt": 1.0,
      "pmt_cms_oprt": 5.0,
      "shop_rnt_oprt": 0.0,
      "evnt_cst_oprt": 0.0,
      "tax_cst_oprt": 0.0,
      "deprc_cst_oprt": 1.0,
      "etc_cst_oprt": 0.0,
      "sale_amt": 3153.0,
      "sale_amt_vat": 2813.0
    },
    "202502": {
      "ad_cst_oprt": 0.0,
      "slry_csy_oprt": 3.0,
      "emp_bnft_cst_oprt": 1.0,
      "pmt_cms_oprt": 0.0,
      "shop_rnt_oprt": 0.0,
      "evnt_cst_oprt": 0.0,
      "tax_cst_oprt": 0.0,
      "deprc_cst_oprt": 0.0,
      "etc_cst_oprt": 0.0,
      "sale_amt": 1598.0,
      "sale_amt_vat": 1414.0
    }
  },
  "brand_vs_all_brands": {
    "current_month": {
      "brand_total": 4.0,
      "all_brands_total": 31417.0,
      "ratio": 0.0,
      "by_account": {
        "ad_cst_oprt": {
          "brand": 0.0,
          "all_brands": 14432.0,
          "ratio": 0.0
        },
        "slry_csy_oprt": {
          "brand": 3.0,
          "all_brands": 8239.0,
          "ratio": 0.0
        },
        "emp_bnft_cst_oprt": {
          "brand": 1.0,
          "all_brands": 2894.0,
          "ratio": 0.0
        },
        "pmt_cms_oprt": {
          "brand": 0.0,
          "all_brands": 1464.0,
          "ratio": 0.0
        },
        "shop_rnt_oprt": {
          "brand": 0.0,
          "all_brands": 1678.0,
          "ratio": 0.0
        },
        "evnt_cst_oprt": {
          "brand": 0.0,
          "all_brands": 491.0,
          "ratio": 0.0
        },
        "tax_cst_oprt": {
          "brand": 0.0,
          "all_brands": 1577.0,
          "ratio": 0.0
        },
        "deprc_cst_oprt": {
          "brand": 0.0,
          "all_brands": 352.0,
          "ratio": 0.0
        },
        "etc_cst_oprt": {
          "brand": 0.0,
          "all_brands": 291.0,
          "ratio": 0.0
        }
      }
    },
    "current_ytd": {
      "brand_total": 16.0,
      "all_brands_total": 78334.0,
      "ratio": 0.0
    }
  },
  "all_brands_summary": {
    "current_month": {
      "ad_cst_oprt": 14432.0,
      "slry_csy_oprt": 8239.0,
      "emp_bnft_cst_oprt": 2894.0,
      "pmt_cms_oprt": 1464.0,
      "shop_rnt_oprt": 1678.0,
      "evnt_cst_oprt": 491.0,
      "tax_cst_oprt": 1577.0,
      "deprc_cst_oprt": 352.0,
      "etc_cst_oprt": 291.0,
      "sale_amt": 416550.0,
      "sale_amt_vat": 469863.0
    },
    "previous_month": {
      "ad_cst_oprt": 11607.0,
      "slry_csy_oprt": 11521.0,
      "emp_bnft_cst_oprt": 2484.0,
      "pmt_cms_oprt": 1835.0,
      "shop_rnt_oprt": 1528.0,
      "evnt_cst_oprt": 452.0,
      "tax_cst_oprt": 177.0,
      "deprc_cst_oprt": 497.0,
      "etc_cst_oprt": 277.0,
      "sale_amt": 291092.0,
      "sale_amt_vat": 709794.0
    },
    "current_ytd": {
      "ad_cst_oprt": 31901.0,
      "slry_csy_oprt": 22383.0,
      "emp_bnft_cst_oprt": 7273.0,
      "pmt_cms_oprt": 2592.0,
      "shop_rnt_oprt": 3353.0,
      "evnt_cst_oprt": 6629.0,
      "tax_cst_oprt": 2899.0,
      "deprc_cst_oprt": 705.0,
      "etc_cst_oprt": 599.0,
      "sale_amt": 1005303.0,
      "sale_amt_vat": 1449397.0
    },
    "previous_ytd": {
      "ad_cst_oprt": 37012.0,
      "slry_csy_oprt": 18960.0,
      "emp_bnft_cst_oprt": 6355.0,
      "pmt_cms_oprt": 3019.0,
      "shop_rnt_oprt": 2782.0,
      "evnt_cst_oprt": 760.0,
      "tax_cst_oprt": 3332.0,
      "deprc_cst_oprt": 997.0,
      "etc_cst_oprt": 2029.0,
      "sale_amt": 1005734.0,
      "sale_amt_vat": 1400178.0
    }
  },
  "raw_data": {
    "sample_records": [
      {
        "PST_YYYYMM": "202402",
        "BRD_CD": "V",
        "MGMT_CHNL_NM": "(OFF)대리상",
        "SALE_AMT": 2571934.96,
        "SALE_AMT_VAT": 1268217.6991150442,
        "AD_CST_OPRT": 1496653.12,
        "SLRY_CSY_OPRT": 383655.32,
        "EMP_BNFT_CST_OPRT": 71079.49,
        "PMT_CMS_OPRT": 112170.45,
        "SHOP_RNT_OPRT": 0.0,
        "EVNT_CST_OPRT": 0.0,
        "TAX_CST_OPRT": 0.0,
        "DEPRC_CST_OPRT": 1234.62,
        "ETC_CST_OPRT": 5972.63
      },
      {
        "PST_YYYYMM": "202404",
        "BRD_CD": "V",
        "MGMT_CHNL_NM": "(OFF)대리상",
        "SALE_AMT": 2487037.909999999,
        "SALE_AMT_VAT": 863462.3893805312,
        "AD_CST_OPRT": 394479.37,
        "SLRY_CSY_OPRT": 332837.16,
        "EMP_BNFT_CST_OPRT": 100304.37,
        "PMT_CMS_OPRT": 14.28,
        "SHOP_RNT_OPRT": 0.0,
        "EVNT_CST_OPRT": 0.0,
        "TAX_CST_OPRT": 0.0,
        "DEPRC_CST_OPRT": 1283.27,
        "ETC_CST_OPRT": 34086.81
      },
      {
        "PST_YYYYMM": "202401",
        "BRD_CD": "V",
        "MGMT_CHNL_NM": "(OFF)대리상",
        "SALE_AMT": 3202209.58,
        "SALE_AMT_VAT": 1576223.008849558,
        "AD_CST_OPRT": 1199672.83,
        "SLRY_CSY_OPRT": 215121.98,
        "EMP_BNFT_CST_OPRT": 72504.27,
        "PMT_CMS_OPRT": 79866.99,
        "SHOP_RNT_OPRT": 0.0,
        "EVNT_CST_OPRT": 202296.26,
        "TAX_CST_OPRT": 0.0,
        "DEPRC_CST_OPRT": 18.02,
        "ETC_CST_OPRT": 11893.74
      },
      {
        "PST_YYYYMM": "202409",
        "BRD_CD": "V",
        "MGMT_CHNL_NM": "(OFF)대리상",
        "SALE_AMT": -3205998.4000000004,
        "SALE_AMT_VAT": 411832.74336283194,
        "AD_CST_OPRT": -12.41,
        "SLRY_CSY_OPRT": -4025.62,
        "EMP_BNFT_CST_OPRT": -953.62,
        "PMT_CMS_OPRT": -10291.72,
        "SHOP_RNT_OPRT": 0.0,
        "EVNT_CST_OPRT": 0.0,
        "TAX_CST_OPRT": 0.0,
        "DEPRC_CST_OPRT": 886.29,
        "ETC_CST_OPRT": -2922.8
      },
      {
        "PST_YYYYMM": "202411",
        "BRD_CD": "V",
        "MGMT_CHNL_NM": "(OFF)대리상",
        "SALE_AMT": -1223163.1,
        "SALE_AMT_VAT": 218556.63716814163,
        "AD_CST_OPRT": 0.0,
        "SLRY_CSY_OPRT": -2883.32,
        "EMP_BNFT_CST_OPRT": -709.85,
        "PMT_CMS_OPRT": -7.09,
        "SHOP_RNT_OPRT": 0.0,
        "EVNT_CST_OPRT": 0.0,
        "TAX_CST_OPRT": 0.0,
        "DEPRC_CST_OPRT": 9667.95,
        "ETC_CST_OPRT": -13.97
      },
      {
        "PST_YYYYMM": "202405",
        "BRD_CD": "V",
        "MGMT_CHNL_NM": "(OFF)대리상",
        "SALE_AMT": 372676.57,
        "SALE_AMT_VAT": 881068.5840707966,
        "AD_CST_OPRT": 148714.45,
        "SLRY_CSY_OPRT": 137069.95,
        "EMP_BNFT_CST_OPRT": 44178.0,
        "PMT_CMS_OPRT": 6094.97,
        "SHOP_RNT_OPRT": 0.0,
        "EVNT_CST_OPRT": 0.0,
        "TAX_CST_OPRT": 0.0,
        "DEPRC_CST_OPRT": 605.61,
        "ETC_CST_OPRT": 8940.18
      },
      {
        "PST_YYYYMM": "202411",
        "BRD_CD": "V",
        "MGMT_CHNL_NM": "(OFF)쇼핑몰",
        "SALE_AMT": 945822.0,
        "SALE_AMT_VAT": 837010.6194690266,
        "AD_CST_OPRT": 0.0,
        "SLRY_CSY_OPRT": 2229.65,
        "EMP_BNFT_CST_OPRT": 548.8,
        "PMT_CMS_OPRT": 5.57,
        "SHOP_RNT_OPRT": 0.0,
        "EVNT_CST_OPRT": 0.0,
        "TAX_CST_OPRT": 0.0,
        "DEPRC_CST_OPRT": -7476.16,
        "ETC_CST_OPRT": 10.67
      },
      {
        "PST_YYYYMM": "202405",
        "BRD_CD": "V",
        "MGMT_CHNL_NM": "(EC)티몰",
        "SALE_AMT": 210526.3,
        "SALE_AMT_VAT": 186306.46017699115,
        "AD_CST_OPRT": 84009.75,
        "SLRY_CSY_OPRT": 123666.7,
        "EMP_BNFT_CST_OPRT": 35711.15,
        "PMT_CMS_OPRT": 1.76,
        "SHOP_RNT_OPRT": 0.0,
        "EVNT_CST_OPRT": 0.0,
        "TAX_CST_OPRT": 0.0,
        "DEPRC_CST_OPRT": 2.15,
        "ETC_CST_OPRT": 4356.93
      },
      {
        "PST_YYYYMM": "202401",
        "BRD_CD": "V",
        "MGMT_CHNL_NM": "(OFF)쇼핑몰",
        "SALE_AMT": 830172.0,
        "SALE_AMT_VAT": 734665.4867256638,
        "AD_CST_OPRT": 311015.0,
        "SLRY_CSY_OPRT": 55770.26,
        "EMP_BNFT_CST_OPRT": 18796.46,
        "PMT_CMS_OPRT": 20706.01,
        "SHOP_RNT_OPRT": 0.0,
        "EVNT_CST_OPRT": 52445.12,
        "TAX_CST_OPRT": 0.0,
        "DEPRC_CST_OPRT": 4.6,
        "ETC_CST_OPRT": 3082.34
      },
      {
        "PST_YYYYMM": "202410",
        "BRD_CD": "V",
        "MGMT_CHNL_NM": "(OFF)쇼핑몰",
        "SALE_AMT": 616269.0,
        "SALE_AMT_VAT": 545370.796460177,
        "AD_CST_OPRT": -42205.83,
        "SLRY_CSY_OPRT": 965.68,
        "EMP_BNFT_CST_OPRT": 236.03,
        "PMT_CMS_OPRT": 6343.03,
        "SHOP_RNT_OPRT": 0.0,
        "EVNT_CST_OPRT": 0.0,
        "TAX_CST_OPRT": 0.0,
        "DEPRC_CST_OPRT": -274.22,
        "ETC_CST_OPRT": 72.84
      },
      {
        "PST_YYYYMM": "202405",
        "BRD_CD": "V",
        "MGMT_CHNL_NM": "(EC)할인몰",
        "SALE_AMT": 0.0,
        "SALE_AMT_VAT": 0.0,
        "AD_CST_OPRT": 0.0,
        "SLRY_CSY_OPRT": 0.0,
        "EMP_BNFT_CST_OPRT": 0.0,
        "PMT_CMS_OPRT": 0.0,
        "SHOP_RNT_OPRT": 0.0,
        "EVNT_CST_OPRT": 0.0,
        "TAX_CST_OPRT": 0.0,
        "DEPRC_CST_OPRT": 0.0,
        "ETC_CST_OPRT": 0.0
      },
      {
        "PST_YYYYMM": "202501",
        "BRD_CD": "V",
        "MGMT_CHNL_NM": "(OFF)아울렛",
        "SALE_AMT": 969326.0,
        "SALE_AMT_VAT": 857810.6194690266,
        "AD_CST_OPRT": 0.35,
        "SLRY_CSY_OPRT": 1887.75,
        "EMP_BNFT_CST_OPRT": 304.72,
        "PMT_CMS_OPRT": 1952.19,
        "SHOP_RNT_OPRT": 0.0,
        "EVNT_CST_OPRT": 0.0,
        "TAX_CST_OPRT": 0.0,
        "DEPRC_CST_OPRT": 289.78,
        "ETC_CST_OPRT": 10.15
      },
      {
        "PST_YYYYMM": "202404",
        "BRD_CD": "V",
        "MGMT_CHNL_NM": "(EC)대리상",
        "SALE_AMT": 4410.0,
        "SALE_AMT_VAT": 0.0,
        "AD_CST_OPRT": 699.49,
        "SLRY_CSY_OPRT": 4424.66,
        "EMP_BNFT_CST_OPRT": 1116.52,
        "PMT_CMS_OPRT": 0.03,
        "SHOP_RNT_OPRT": 0.0,
        "EVNT_CST_OPRT": 0.0,
        "TAX_CST_OPRT": 0.0,
        "DEPRC_CST_OPRT": 0.03,
        "ETC_CST_OPRT": 27.2
      },
      {
        "PST_YYYYMM": "202408",
        "BRD_CD": "V",
        "MGMT_CHNL_NM": "(OFF)대리상",
        "SALE_AMT": -4972095.390000001,
        "SALE_AMT_VAT": 479115.04424778756,
        "AD_CST_OPRT": -5862.49,
        "SLRY_CSY_OPRT": -7719.29,
        "EMP_BNFT_CST_OPRT": 29805.98,
        "PMT_CMS_OPRT": -20.17,
        "SHOP_RNT_OPRT": 0.0,
        "EVNT_CST_OPRT": 0.0,
        "TAX_CST_OPRT": 0.0,
        "DEPRC_CST_OPRT": 772.69,
        "ETC_CST_OPRT": 10575.82
      },
      {
        "PST_YYYYMM": "202502",
        "BRD_CD": "V",
        "MGMT_CHNL_NM": "(EC)할인몰",
        "SALE_AMT": 13918.0,
        "SALE_AMT_VAT": 12316.814159292036,
        "AD_CST_OPRT": 0.0,
        "SLRY_CSY_OPRT": 24.22,
        "EMP_BNFT_CST_OPRT": 6.34,
        "PMT_CMS_OPRT": 0.04,
        "SHOP_RNT_OPRT": 0.0,
        "EVNT_CST_OPRT": 0.0,
        "TAX_CST_OPRT": 0.0,
        "DEPRC_CST_OPRT": 0.0,
        "ETC_CST_OPRT": 0.0
      },
      {
        "PST_YYYYMM": "202411",
        "BRD_CD": "V",
        "MGMT_CHNL_NM": "(OFF)아울렛",
        "SALE_AMT": 183666.0,
        "SALE_AMT_VAT": 162536.28318584073,
        "AD_CST_OPRT": 0.0,
        "SLRY_CSY_OPRT": 432.93,
        "EMP_BNFT_CST_OPRT": 106.58,
        "PMT_CMS_OPRT": 1.12,
        "SHOP_RNT_OPRT": 0.0,
        "EVNT_CST_OPRT": 0.0,
        "TAX_CST_OPRT": 0.0,
        "DEPRC_CST_OPRT": -1451.78,
        "ETC_CST_OPRT": 1.98
      },
      {
        "PST_YYYYMM": "202412",
        "BRD_CD": "V",
        "MGMT_CHNL_NM": "(EC)할인몰",
        "SALE_AMT": 5640.0,
        "SALE_AMT_VAT": 4991.150442477877,
        "AD_CST_OPRT": 0.05,
        "SLRY_CSY_OPRT": 10.86,
        "EMP_BNFT_CST_OPRT": 2.75,
        "PMT_CMS_OPRT": 0.02,
        "SHOP_RNT_OPRT": 0.0,
        "EVNT_CST_OPRT": 0.0,
        "TAX_CST_OPRT": 0.0,
        "DEPRC_CST_OPRT": 0.0,
        "ETC_CST_OPRT": 0.12
      },
      {
        "PST_YYYYMM": "202502",
        "BRD_CD": "V",
        "MGMT_CHNL_NM": "(OFF)쇼핑몰",
        "SALE_AMT": 860085.0,
        "SALE_AMT_VAT": 761137.168141593,
        "AD_CST_OPRT": 1.2,
        "SLRY_CSY_OPRT": 1496.33,
        "EMP_BNFT_CST_OPRT": 392.0,
        "PMT_CMS_OPRT": 4.06,
        "SHOP_RNT_OPRT": 0.0,
        "EVNT_CST_OPRT": 0.0,
        "TAX_CST_OPRT": 0.0,
        "DEPRC_CST_OPRT": 1.22,
        "ETC_CST_OPRT": 0.64
      },
      {
        "PST_YYYYMM": "202408",
        "BRD_CD": "V",
        "MGMT_CHNL_NM": "(OFF)아울렛",
        "SALE_AMT": 52.050000000000004,
        "SALE_AMT_VAT": 46.061946902654874,
        "AD_CST_OPRT": 0.0,
        "SLRY_CSY_OPRT": 0.15,
        "EMP_BNFT_CST_OPRT": -0.3,
        "PMT_CMS_OPRT": 0.0,
        "SHOP_RNT_OPRT": 0.0,
        "EVNT_CST_OPRT": 0.0,
        "TAX_CST_OPRT": 0.0,
        "DEPRC_CST_OPRT": 0.0,
        "ETC_CST_OPRT": 0.0
      },
      {
        "PST_YYYYMM": "202408",
        "BRD_CD": "V",
        "MGMT_CHNL_NM": "(EC)티몰",
        "SALE_AMT": 50023.49,
        "SALE_AMT_VAT": 44268.57522123894,
        "AD_CST_OPRT": 59.17,
        "SLRY_CSY_OPRT": 77.65,
        "EMP_BNFT_CST_OPRT": -182.22,
        "PMT_CMS_OPRT": 0.16,
        "SHOP_RNT_OPRT": 0.0,
        "EVNT_CST_OPRT": 0.0,
        "TAX_CST_OPRT": 0.0,
        "DEPRC_CST_OPRT": 0.11,
        "ETC_CST_OPRT": -58.71
      },
      {
        "PST_YYYYMM": "202407",
        "BRD_CD": "V",
        "MGMT_CHNL_NM": "(EC)티몰",
        "SALE_AMT": 33759.13,
        "SALE_AMT_VAT": 29875.33628318584,
        "AD_CST_OPRT": 0.0,
        "SLRY_CSY_OPRT": 70717.34,
        "EMP_BNFT_CST_OPRT": 17206.79,
        "PMT_CMS_OPRT": 0.24,
        "SHOP_RNT_OPRT": 0.0,
        "EVNT_CST_OPRT": 0.0,
        "TAX_CST_OPRT": 0.0,
        "DEPRC_CST_OPRT": 0.25,
        "ETC_CST_OPRT": -98.81
      },
      {
        "PST_YYYYMM": "202406",
        "BRD_CD": "V",
        "MGMT_CHNL_NM": "(OFF)대리상",
        "SALE_AMT": 90747.01999999999,
        "SALE_AMT_VAT": 480974.3362831859,
        "AD_CST_OPRT": 0.0,
        "SLRY_CSY_OPRT": 53145.22,
        "EMP_BNFT_CST_OPRT": 18965.24,
        "PMT_CMS_OPRT": 0.82,
        "SHOP_RNT_OPRT": 0.0,
        "EVNT_CST_OPRT": 0.0,
        "TAX_CST_OPRT": 0.0,
        "DEPRC_CST_OPRT": 251.04,
        "ETC_CST_OPRT": 222.08
      },
      {
        "PST_YYYYMM": "202403",
        "BRD_CD": "V",
        "MGMT_CHNL_NM": "(OFF)대리상",
        "SALE_AMT": -2952404.63,
        "SALE_AMT_VAT": 680794.6902654868,
        "AD_CST_OPRT": 984620.19,
        "SLRY_CSY_OPRT": 800015.49,
        "EMP_BNFT_CST_OPRT": 164064.68,
        "PMT_CMS_OPRT": 36719.68,
        "SHOP_RNT_OPRT": 0.0,
        "EVNT_CST_OPRT": 0.0,
        "TAX_CST_OPRT": 0.0,
        "DEPRC_CST_OPRT": 1790.85,
        "ETC_CST_OPRT": 12834.35
      },
      {
        "PST_YYYYMM": "202408",
        "BRD_CD": "V",
        "MGMT_CHNL_NM": "(OFF)쇼핑몰",
        "SALE_AMT": 318694.0,
        "SALE_AMT_VAT": 282030.08849557524,
        "AD_CST_OPRT": 375.6,
        "SLRY_CSY_OPRT": 494.78,
        "EMP_BNFT_CST_OPRT": -1911.32,
        "PMT_CMS_OPRT": 1.15,
        "SHOP_RNT_OPRT": 0.0,
        "EVNT_CST_OPRT": 0.0,
        "TAX_CST_OPRT": 0.0,
        "DEPRC_CST_OPRT": -50.03,
        "ETC_CST_OPRT": -677.55
      },
      {
        "PST_YYYYMM": "202501",
        "BRD_CD": "V",
        "MGMT_CHNL_NM": "(OFF)대리상",
        "SALE_AMT": -25762.49,
        "SALE_AMT_VAT": 0.0,
        "AD_CST_OPRT": 0.0,
        "SLRY_CSY_OPRT": -50.17,
        "EMP_BNFT_CST_OPRT": -8.06,
        "PMT_CMS_OPRT": -0.07,
        "SHOP_RNT_OPRT": 0.0,
        "EVNT_CST_OPRT": 0.0,
        "TAX_CST_OPRT": 0.0,
        "DEPRC_CST_OPRT": 0.0,
        "ETC_CST_OPRT": -0.24
      },
      {
        "PST_YYYYMM": "202403",
        "BRD_CD": "V",
        "MGMT_CHNL_NM": "(EC)대리상",
        "SALE_AMT": 148716.03,
        "SALE_AMT_VAT": 1353.982300884956,
        "AD_CST_OPRT": -49596.45,
        "SLRY_CSY_OPRT": 29565.33,
        "EMP_BNFT_CST_OPRT": 2137.39,
        "PMT_CMS_OPRT": 0.83,
        "SHOP_RNT_OPRT": 0.0,
        "EVNT_CST_OPRT": 0.0,
        "TAX_CST_OPRT": 0.0,
        "DEPRC_CST_OPRT": 1.16,
        "ETC_CST_OPRT": -534.15
      },
      {
        "PST_YYYYMM": "202412",
        "BRD_CD": "V",
        "MGMT_CHNL_NM": "(EC)티몰",
        "SALE_AMT": 2035523.58,
        "SALE_AMT_VAT": 1801348.300884956,
        "AD_CST_OPRT": 16.21,
        "SLRY_CSY_OPRT": 3921.19,
        "EMP_BNFT_CST_OPRT": 994.76,
        "PMT_CMS_OPRT": 9.17,
        "SHOP_RNT_OPRT": 0.0,
        "EVNT_CST_OPRT": 0.0,
        "TAX_CST_OPRT": 0.0,
        "DEPRC_CST_OPRT": 3.53,
        "ETC_CST_OPRT": 45.14
      },
      {
        "PST_YYYYMM": "202402",
        "BRD_CD": "V",
        "MGMT_CHNL_NM": "(EC)티몰",
        "SALE_AMT": 21532.64,
        "SALE_AMT_VAT": 19055.433628318584,
        "AD_CST_OPRT": 12530.22,
        "SLRY_CSY_OPRT": 129866.92,
        "EMP_BNFT_CST_OPRT": 27302.13,
        "PMT_CMS_OPRT": 0.15,
        "SHOP_RNT_OPRT": 0.0,
        "EVNT_CST_OPRT": 0.0,
        "TAX_CST_OPRT": 0.0,
        "DEPRC_CST_OPRT": 0.19,
        "ETC_CST_OPRT": 16.12
      },
      {
        "PST_YYYYMM": "202401",
        "BRD_CD": "V",
        "MGMT_CHNL_NM": "(EC)티몰",
        "SALE_AMT": 833076.54,
        "SALE_AMT_VAT": 737235.8761061948,
        "AD_CST_OPRT": 312102.82,
        "SLRY_CSY_OPRT": 115429.59,
        "EMP_BNFT_CST_OPRT": 40885.45,
        "PMT_CMS_OPRT": 2.69,
        "SHOP_RNT_OPRT": 0.0,
        "EVNT_CST_OPRT": 52628.38,
        "TAX_CST_OPRT": 0.0,
        "DEPRC_CST_OPRT": 4.67,
        "ETC_CST_OPRT": 294.08
      },
      {
        "PST_YYYYMM": "202406",
        "BRD_CD": "V",
        "MGMT_CHNL_NM": "(EC)티몰",
        "SALE_AMT": 140130.48,
        "SALE_AMT_VAT": 124009.27433628321,
        "AD_CST_OPRT": 0.0,
        "SLRY_CSY_OPRT": 126423.88,
        "EMP_BNFT_CST_OPRT": 38849.14,
        "PMT_CMS_OPRT": 1.41,
        "SHOP_RNT_OPRT": 0.0,
        "EVNT_CST_OPRT": 0.0,
        "TAX_CST_OPRT": 0.0,
        "DEPRC_CST_OPRT": 1.61,
        "ETC_CST_OPRT": 205.92
      },
      {
        "PST_YYYYMM": "202409",
        "BRD_CD": "V",
        "MGMT_CHNL_NM": "(OFF)쇼핑몰",
        "SALE_AMT": 451655.0,
        "SALE_AMT_VAT": 399694.6902654868,
        "AD_CST_OPRT": 1.65,
        "SLRY_CSY_OPRT": 567.12,
        "EMP_BNFT_CST_OPRT": 134.36,
        "PMT_CMS_OPRT": 1449.8,
        "SHOP_RNT_OPRT": 0.0,
        "EVNT_CST_OPRT": 0.0,
        "TAX_CST_OPRT": 0.0,
        "DEPRC_CST_OPRT": -125.21,
        "ETC_CST_OPRT": 411.01
      },
      {
        "PST_YYYYMM": "202407",
        "BRD_CD": "V",
        "MGMT_CHNL_NM": "(EC)할인몰",
        "SALE_AMT": -400.0,
        "SALE_AMT_VAT": -353.9823008849558,
        "AD_CST_OPRT": 0.0,
        "SLRY_CSY_OPRT": -837.9,
        "EMP_BNFT_CST_OPRT": -203.86,
        "PMT_CMS_OPRT": 0.0,
        "SHOP_RNT_OPRT": 0.0,
        "EVNT_CST_OPRT": 0.0,
        "TAX_CST_OPRT": 0.0,
        "DEPRC_CST_OPRT": 0.0,
        "ETC_CST_OPRT": 1.18
      },
      {
        "PST_YYYYMM": "202410",
        "BRD_CD": "V",
        "MGMT_CHNL_NM": "(OFF)아울렛",
        "SALE_AMT": 59524.0,
        "SALE_AMT_VAT": 52676.10619469027,
        "AD_CST_OPRT": -4076.57,
        "SLRY_CSY_OPRT": 93.27,
        "EMP_BNFT_CST_OPRT": 22.79,
        "PMT_CMS_OPRT": 612.65,
        "SHOP_RNT_OPRT": 0.0,
        "EVNT_CST_OPRT": 0.0,
        "TAX_CST_OPRT": 0.0,
        "DEPRC_CST_OPRT": -26.56,
        "ETC_CST_OPRT": 6.98
      },
      {
        "PST_YYYYMM": "202404",
        "BRD_CD": "V",
        "MGMT_CHNL_NM": "(EC)티몰",
        "SALE_AMT": 78175.96,
        "SALE_AMT_VAT": 69182.26548672568,
        "AD_CST_OPRT": 12399.69,
        "SLRY_CSY_OPRT": 78435.99,
        "EMP_BNFT_CST_OPRT": 19792.34,
        "PMT_CMS_OPRT": 0.41,
        "SHOP_RNT_OPRT": 0.0,
        "EVNT_CST_OPRT": 0.0,
        "TAX_CST_OPRT": 0.0,
        "DEPRC_CST_OPRT": 0.6,
        "ETC_CST_OPRT": 482.55
      },
      {
        "PST_YYYYMM": "202406",
        "BRD_CD": "V",
        "MGMT_CHNL_NM": "(EC)할인몰",
        "SALE_AMT": 400.0,
        "SALE_AMT_VAT": 353.9823008849558,
        "AD_CST_OPRT": 0.0,
        "SLRY_CSY_OPRT": 360.88,
        "EMP_BNFT_CST_OPRT": 110.89,
        "PMT_CMS_OPRT": 0.0,
        "SHOP_RNT_OPRT": 0.0,
        "EVNT_CST_OPRT": 0.0,
        "TAX_CST_OPRT": 0.0,
        "DEPRC_CST_OPRT": 0.0,
        "ETC_CST_OPRT": 0.59
      },
      {
        "PST_YYYYMM": "202404",
        "BRD_CD": "V",
        "MGMT_CHNL_NM": "(OFF)쇼핑몰",
        "SALE_AMT": 430212.0,
        "SALE_AMT_VAT": 380718.5840707965,
        "AD_CST_OPRT": 68237.86,
        "SLRY_CSY_OPRT": 57574.6,
        "EMP_BNFT_CST_OPRT": 17350.17,
        "PMT_CMS_OPRT": 2.53,
        "SHOP_RNT_OPRT": 0.0,
        "EVNT_CST_OPRT": 0.0,
        "TAX_CST_OPRT": 0.0,
        "DEPRC_CST_OPRT": 222.01,
        "ETC_CST_OPRT": 5896.88
      },
      {
        "PST_YYYYMM": "202409",
        "BRD_CD": "V",
        "MGMT_CHNL_NM": "(EC)티몰",
        "SALE_AMT": 95970.68,
        "SALE_AMT_VAT": 84929.80530973451,
        "AD_CST_OPRT": 0.36,
        "SLRY_CSY_OPRT": 120.51,
        "EMP_BNFT_CST_OPRT": 28.45,
        "PMT_CMS_OPRT": 0.34,
        "SHOP_RNT_OPRT": 0.0,
        "EVNT_CST_OPRT": 0.0,
        "TAX_CST_OPRT": 0.0,
        "DEPRC_CST_OPRT": 0.22,
        "ETC_CST_OPRT": 4.02
      },
      {
        "PST_YYYYMM": "202409",
        "BRD_CD": "V",
        "MGMT_CHNL_NM": "(OFF)아울렛",
        "SALE_AMT": 103434.0,
        "SALE_AMT_VAT": 91534.51327433629,
        "AD_CST_OPRT": 0.35,
        "SLRY_CSY_OPRT": 129.91,
        "EMP_BNFT_CST_OPRT": 30.68,
        "PMT_CMS_OPRT": 332.0,
        "SHOP_RNT_OPRT": 0.0,
        "EVNT_CST_OPRT": 0.0,
        "TAX_CST_OPRT": 0.0,
        "DEPRC_CST_OPRT": -28.65,
        "ETC_CST_OPRT": 94.18
      },
      {
        "PST_YYYYMM": "202403",
        "BRD_CD": "V",
        "MGMT_CHNL_NM": "(OFF)쇼핑몰",
        "SALE_AMT": 541353.0,
        "SALE_AMT_VAT": 479073.4513274337,
        "AD_CST_OPRT": -180539.95,
        "SLRY_CSY_OPRT": -146691.84,
        "EMP_BNFT_CST_OPRT": -30083.24,
        "PMT_CMS_OPRT": -6732.57,
        "SHOP_RNT_OPRT": 0.0,
        "EVNT_CST_OPRT": 0.0,
        "TAX_CST_OPRT": 0.0,
        "DEPRC_CST_OPRT": -328.75,
        "ETC_CST_OPRT": -2353.49
      },
      {
        "PST_YYYYMM": "202412",
        "BRD_CD": "V",
        "MGMT_CHNL_NM": "(OFF)아울렛",
        "SALE_AMT": 608102.0,
        "SALE_AMT_VAT": 538143.3628318585,
        "AD_CST_OPRT": 4.95,
        "SLRY_CSY_OPRT": 1171.45,
        "EMP_BNFT_CST_OPRT": 297.19,
        "PMT_CMS_OPRT": 2.73,
        "SHOP_RNT_OPRT": 0.0,
        "EVNT_CST_OPRT": 0.0,
        "TAX_CST_OPRT": 0.0,
        "DEPRC_CST_OPRT": 426.56,
        "ETC_CST_OPRT": 13.21
      },
      {
        "PST_YYYYMM": "202403",
        "BRD_CD": "V",
        "MGMT_CHNL_NM": "(EC)티몰",
        "SALE_AMT": 210832.76,
        "SALE_AMT_VAT": 186577.6637168142,
        "AD_CST_OPRT": -70312.29,
        "SLRY_CSY_OPRT": 41914.33,
        "EMP_BNFT_CST_OPRT": 3030.05,
        "PMT_CMS_OPRT": 1.19,
        "SHOP_RNT_OPRT": 0.0,
        "EVNT_CST_OPRT": 0.0,
        "TAX_CST_OPRT": 0.0,
        "DEPRC_CST_OPRT": 1.66,
        "ETC_CST_OPRT": -757.39
      },
      {
        "PST_YYYYMM": "202412",
        "BRD_CD": "V",
        "MGMT_CHNL_NM": "(OFF)쇼핑몰",
        "SALE_AMT": 1639736.0,
        "SALE_AMT_VAT": 1451093.8053097345,
        "AD_CST_OPRT": 13.06,
        "SLRY_CSY_OPRT": 3158.75,
        "EMP_BNFT_CST_OPRT": 801.51,
        "PMT_CMS_OPRT": 7.31,
        "SHOP_RNT_OPRT": 0.0,
        "EVNT_CST_OPRT": 0.0,
        "TAX_CST_OPRT": 0.0,
        "DEPRC_CST_OPRT": 1151.07,
        "ETC_CST_OPRT": 36.26
      },
      {
        "PST_YYYYMM": "202406",
        "BRD_CD": "V",
        "MGMT_CHNL_NM": "(OFF)쇼핑몰",
        "SALE_AMT": 446654.0,
        "SALE_AMT_VAT": 395269.0265486726,
        "AD_CST_OPRT": 0.0,
        "SLRY_CSY_OPRT": 261579.66,
        "EMP_BNFT_CST_OPRT": 93346.91,
        "PMT_CMS_OPRT": 4.43,
        "SHOP_RNT_OPRT": 0.0,
        "EVNT_CST_OPRT": 0.0,
        "TAX_CST_OPRT": 0.0,
        "DEPRC_CST_OPRT": 1237.1,
        "ETC_CST_OPRT": 1092.01
      },
      {
        "PST_YYYYMM": "202405",
        "BRD_CD": "V",
        "MGMT_CHNL_NM": "(OFF)쇼핑몰",
        "SALE_AMT": 544959.0,
        "SALE_AMT_VAT": 482264.60176991153,
        "AD_CST_OPRT": 217462.94,
        "SLRY_CSY_OPRT": 200435.38,
        "EMP_BNFT_CST_OPRT": 64601.11,
        "PMT_CMS_OPRT": 8912.71,
        "SHOP_RNT_OPRT": 0.0,
        "EVNT_CST_OPRT": 0.0,
        "TAX_CST_OPRT": 0.0,
        "DEPRC_CST_OPRT": 885.67,
        "ETC_CST_OPRT": 13073.13
      },
      {
        "PST_YYYYMM": "202502",
        "BRD_CD": "V",
        "MGMT_CHNL_NM": "(OFF)아울렛",
        "SALE_AMT": 355029.0,
        "SALE_AMT_VAT": 314184.95575221244,
        "AD_CST_OPRT": 0.38,
        "SLRY_CSY_OPRT": 617.6,
        "EMP_BNFT_CST_OPRT": 161.57,
        "PMT_CMS_OPRT": 1.58,
        "SHOP_RNT_OPRT": 0.0,
        "EVNT_CST_OPRT": 0.0,
        "TAX_CST_OPRT": 0.0,
        "DEPRC_CST_OPRT": 0.3,
        "ETC_CST_OPRT": 0.15
      },
      {
        "PST_YYYYMM": "202501",
        "BRD_CD": "V",
        "MGMT_CHNL_NM": "(OFF)쇼핑몰",
        "SALE_AMT": 1517334.0,
        "SALE_AMT_VAT": 1342773.4513274338,
        "AD_CST_OPRT": 0.73,
        "SLRY_CSY_OPRT": 2954.79,
        "EMP_BNFT_CST_OPRT": 476.81,
        "PMT_CMS_OPRT": 3056.1,
        "SHOP_RNT_OPRT": 0.0,
        "EVNT_CST_OPRT": 0.0,
        "TAX_CST_OPRT": 0.0,
        "DEPRC_CST_OPRT": 453.67,
        "ETC_CST_OPRT": 16.29
      },
      {
        "PST_YYYYMM": "202407",
        "BRD_CD": "V",
        "MGMT_CHNL_NM": "(OFF)대리상",
        "SALE_AMT": -1707862.75,
        "SALE_AMT_VAT": 642814.1592920355,
        "AD_CST_OPRT": 0.0,
        "SLRY_CSY_OPRT": 452438.68,
        "EMP_BNFT_CST_OPRT": 152741.73,
        "PMT_CMS_OPRT": -11.65,
        "SHOP_RNT_OPRT": 0.0,
        "EVNT_CST_OPRT": 0.0,
        "TAX_CST_OPRT": 0.0,
        "DEPRC_CST_OPRT": 928.01,
        "ETC_CST_OPRT": 5071.32
      },
      {
        "PST_YYYYMM": "202411",
        "BRD_CD": "V",
        "MGMT_CHNL_NM": "(EC)티몰",
        "SALE_AMT": 1186911.03,
        "SALE_AMT_VAT": 1050363.7433628319,
        "AD_CST_OPRT": 0.0,
        "SLRY_CSY_OPRT": 2797.94,
        "EMP_BNFT_CST_OPRT": 688.78,
        "PMT_CMS_OPRT": 6.89,
        "SHOP_RNT_OPRT": 0.0,
        "EVNT_CST_OPRT": 0.0,
        "TAX_CST_OPRT": 0.0,
        "DEPRC_CST_OPRT": 6.72,
        "ETC_CST_OPRT": 13.63
      },
      {
        "PST_YYYYMM": "202402",
        "BRD_CD": "V",
        "MGMT_CHNL_NM": "(OFF)쇼핑몰",
        "SALE_AMT": 591112.0,
        "SALE_AMT_VAT": 523107.9646017699,
        "AD_CST_OPRT": 343978.17,
        "SLRY_CSY_OPRT": 88175.81,
        "EMP_BNFT_CST_OPRT": 16336.43,
        "PMT_CMS_OPRT": 25780.19,
        "SHOP_RNT_OPRT": 0.0,
        "EVNT_CST_OPRT": 0.0,
        "TAX_CST_OPRT": 0.0,
        "DEPRC_CST_OPRT": 283.94,
        "ETC_CST_OPRT": 1371.66
      },
      {
        "PST_YYYYMM": "202412",
        "BRD_CD": "V",
        "MGMT_CHNL_NM": "(OFF)대리상",
        "SALE_AMT": -1189908.17,
        "SALE_AMT_VAT": 10365.486725663717,
        "AD_CST_OPRT": -9.46,
        "SLRY_CSY_OPRT": -2292.1,
        "EMP_BNFT_CST_OPRT": -581.5,
        "PMT_CMS_OPRT": -5.42,
        "SHOP_RNT_OPRT": 0.0,
        "EVNT_CST_OPRT": 0.0,
        "TAX_CST_OPRT": 0.0,
        "DEPRC_CST_OPRT": -835.34,
        "ETC_CST_OPRT": -26.31
      }
    ],
    "total_records_count": 55
  }
}