{
  "country": "CN",
  "brand_cd": "X",
  "brand_name": "DISCOVERY",
  "yyyymm": "202508",
  "yyyymm_py": "202408",
  "key": "할인율",
  "sub_key": "종합분석",
  "analysis_data": {
    "title": "채널별 할인율 종합분석",
    "sections": [
      {
        "div": "종합분석-1",
        "sub_title": "할인율 전략이 우수한 채널",
        "ai_text": "현재 분석 가능한 채널 데이터가 없어 구체적인 우수 채널을 식별할 수 없습니다.\n정상적인 데이터 수집을 통해 할인율이 낮고 안정적인 채널들을 파악하여 벤치마킹 대상으로 설정할 필요가 있습니다.\n데이터 확보 후 할인율 30% 이하, 전년대비 개선 또는 안정적 유지 채널을 우선 분석 대상으로 선정해야 합니다."
      },
      {
        "div": "종합분석-2",
        "sub_title": "주의 필요 채널",
        "ai_text": "채널별 할인율 데이터 부재로 리스크 채널 식별이 불가능한 상황입니다.\n할인율 모니터링 시스템 구축을 통해 50% 이상 고할인율 채널 또는 전년대비 10%p 이상 악화 채널을 즉시 파악해야 합니다.\n데이터 수집 체계 정비 후 월별 할인율 추이 분석을 통한 조기 경보 시스템 도입이 시급합니다."
      },
      {
        "div": "종합분석-3",
        "sub_title": "AI 권장사항",
        "ai_text": "• 즉시 액션: DISCOVERY 브랜드 채널별 할인율 데이터 수집 체계 구축 및 월별 모니터링 시스템 도입\n• 단기 전략: 주요 채널별 할인율 기준선 설정 후 목표 할인율 35% 이하 유지를 위한 채널별 맞춤 전략 수립\n• 중기 전략: 우수 채널의 할인율 관리 노하우를 타 채널에 전파하고, 계절별/이벤트별 할인율 가이드라인 표준화\n• 장기 전략: AI 기반 동적 할인율 최적화 시스템 도입으로 채널별 수익성과 할인율의 균형점 확보"
      }
    ]
  },
  "summary": {
    "total_discount_current": 0,
    "total_discount_previous": 0,
    "total_change_pct": 0,
    "unique_channels": 4,
    "unique_months": 12,
    "analysis_period_month": "2024년 8월 vs 2025년 8월",
    "analysis_period_trend": "2024년 1월 ~ 2025년 8월"
  },
  "channel_summary": {
    "(EC)티몰": {
      "current_discount": 3.2,
      "previous_discount": 0,
      "change_pct": 3.2,
      "trend_months": [
        "202409",
        "202410",
        "202411",
        "202412",
        "202501",
        "202502",
        "202503",
        "202504",
        "202505",
        "202506",
        "202507",
        "202508"
      ],
      "trend_values": [
        3.2,
        15.1,
        13.8,
        6.3,
        13.4,
        5.3,
        9.7,
        2.7,
        12.2,
        10.1,
        5.5,
        3.2
      ],
      "current_tag_sale": 2627.0,
      "current_act_sale": 2542.0,
      "previous_tag_sale": 0.0,
      "previous_act_sale": 0.0
    },
    "(OFF)쇼핑몰": {
      "current_discount": 7.3,
      "previous_discount": 0,
      "change_pct": 7.3,
      "trend_months": [
        "202411",
        "202412",
        "202501",
        "202502",
        "202503",
        "202504",
        "202505",
        "202506",
        "202507",
        "202508"
      ],
      "trend_values": [
        19.4,
        15.8,
        17.5,
        12.5,
        18.5,
        14.0,
        14.3,
        17.2,
        9.4,
        7.3
      ],
      "current_tag_sale": 1165.0,
      "current_act_sale": 1080.0,
      "previous_tag_sale": 0.0,
      "previous_act_sale": 0.0
    },
    "(EC)틱톡/JD": {
      "current_discount": 3.2,
      "previous_discount": 0,
      "change_pct": 3.2,
      "trend_months": [
        "202504",
        "202505",
        "202506",
        "202507",
        "202508"
      ],
      "trend_values": [
        5.0,
        12.5,
        2.7,
        70.5,
        3.2
      ],
      "current_tag_sale": 226.0,
      "current_act_sale": 219.0,
      "previous_tag_sale": 0.0,
      "previous_act_sale": 0.0
    },
    "(OFF)대리상": {
      "current_discount": 2.9,
      "previous_discount": 0,
      "change_pct": 2.9,
      "trend_months": [
        "202411",
        "202412",
        "202501",
        "202502",
        "202503",
        "202504",
        "202505",
        "202506",
        "202507",
        "202508"
      ],
      "trend_values": [
        4.9,
        3.7,
        5.2,
        3.7,
        3.3,
        3.4,
        3.1,
        3.8,
        3.4,
        2.9
      ],
      "current_tag_sale": 3275.0,
      "current_act_sale": 3179.0,
      "previous_tag_sale": 0.0,
      "previous_act_sale": 0.0
    }
  },
  "trend_data": {
    "trend_months": [
      "202409",
      "202410",
      "202411",
      "202412",
      "202501",
      "202502",
      "202503",
      "202504",
      "202505",
      "202506",
      "202507",
      "202508"
    ],
    "monthly_totals": [
      {
        "yyyymm": "202409",
        "tag_sale_amt": 71.0,
        "act_sale_amt": 69.0,
        "discount_pct": 3.2
      },
      {
        "yyyymm": "202410",
        "tag_sale_amt": 919.0,
        "act_sale_amt": 780.0,
        "discount_pct": 15.1
      },
      {
        "yyyymm": "202411",
        "tag_sale_amt": 1787.0,
        "act_sale_amt": 1546.0,
        "discount_pct": 13.5
      },
      {
        "yyyymm": "202412",
        "tag_sale_amt": 3461.0,
        "act_sale_amt": 3119.0,
        "discount_pct": 9.9
      },
      {
        "yyyymm": "202501",
        "tag_sale_amt": 2799.0,
        "act_sale_amt": 2491.0,
        "discount_pct": 11.0
      },
      {
        "yyyymm": "202502",
        "tag_sale_amt": 2329.0,
        "act_sale_amt": 2177.0,
        "discount_pct": 6.5
      },
      {
        "yyyymm": "202503",
        "tag_sale_amt": 2174.0,
        "act_sale_amt": 1977.0,
        "discount_pct": 9.0
      },
      {
        "yyyymm": "202504",
        "tag_sale_amt": 2283.0,
        "act_sale_amt": 2134.0,
        "discount_pct": 6.5
      },
      {
        "yyyymm": "202505",
        "tag_sale_amt": 3235.0,
        "act_sale_amt": 2983.0,
        "discount_pct": 7.8
      },
      {
        "yyyymm": "202506",
        "tag_sale_amt": 3028.0,
        "act_sale_amt": 2787.0,
        "discount_pct": 7.9
      },
      {
        "yyyymm": "202507",
        "tag_sale_amt": 3127.0,
        "act_sale_amt": 2984.0,
        "discount_pct": 4.6
      },
      {
        "yyyymm": "202508",
        "tag_sale_amt": 7293.0,
        "act_sale_amt": 7021.0,
        "discount_pct": 3.7
      }
    ],
    "channel_trends": {
      "(EC)티몰": {
        "202508": 3.2,
        "202507": 5.5,
        "202506": 10.1,
        "202505": 12.2,
        "202504": 2.7,
        "202503": 9.7,
        "202502": 5.3,
        "202501": 13.4,
        "202412": 6.3,
        "202411": 13.8,
        "202410": 15.1,
        "202409": 3.2
      },
      "(EC)틱톡/JD": {
        "202508": 3.2,
        "202507": 70.5,
        "202506": 2.7,
        "202505": 12.5,
        "202504": 5.0
      },
      "(OFF)대리상": {
        "202508": 2.9,
        "202507": 3.4,
        "202506": 3.8,
        "202505": 3.1,
        "202504": 3.4,
        "202503": 3.3,
        "202502": 3.7,
        "202501": 5.2,
        "202412": 3.7,
        "202411": 4.9
      },
      "(OFF)쇼핑몰": {
        "202508": 7.3,
        "202507": 9.4,
        "202506": 17.2,
        "202505": 14.3,
        "202504": 14.0,
        "202503": 18.5,
        "202502": 12.5,
        "202501": 17.5,
        "202412": 15.8,
        "202411": 19.4
      }
    }
  },
  "raw_data": {
    "sample_records": [
      {
        "YYYYMM": "202508",
        "BRD_CD": "X",
        "CHNL_NM": "(EC)티몰",
        "TAG_SALE_AMT": 2627495.0,
        "ACT_SALE_AMT": 2542372.35,
        "DISCOUNT_PCT": 3.2
      },
      {
        "YYYYMM": "202508",
        "BRD_CD": "X",
        "CHNL_NM": "(EC)틱톡/JD",
        "TAG_SALE_AMT": 225867.0,
        "ACT_SALE_AMT": 218546.01,
        "DISCOUNT_PCT": 3.2
      },
      {
        "YYYYMM": "202508",
        "BRD_CD": "X",
        "CHNL_NM": "(OFF)대리상",
        "TAG_SALE_AMT": 3274981.0,
        "ACT_SALE_AMT": 3179484.0,
        "DISCOUNT_PCT": 2.9
      },
      {
        "YYYYMM": "202508",
        "BRD_CD": "X",
        "CHNL_NM": "(OFF)쇼핑몰",
        "TAG_SALE_AMT": 1164808.0,
        "ACT_SALE_AMT": 1080244.0,
        "DISCOUNT_PCT": 7.3
      },
      {
        "YYYYMM": "202507",
        "BRD_CD": "X",
        "CHNL_NM": "(EC)티몰",
        "TAG_SALE_AMT": 266488.0,
        "ACT_SALE_AMT": 251707.57,
        "DISCOUNT_PCT": 5.5
      },
      {
        "YYYYMM": "202507",
        "BRD_CD": "X",
        "CHNL_NM": "(EC)틱톡/JD",
        "TAG_SALE_AMT": 470.0,
        "ACT_SALE_AMT": 138.7300000000006,
        "DISCOUNT_PCT": 70.5
      },
      {
        "YYYYMM": "202507",
        "BRD_CD": "X",
        "CHNL_NM": "(OFF)대리상",
        "TAG_SALE_AMT": 2341703.0,
        "ACT_SALE_AMT": 2261938.9,
        "DISCOUNT_PCT": 3.4
      },
      {
        "YYYYMM": "202507",
        "BRD_CD": "X",
        "CHNL_NM": "(OFF)쇼핑몰",
        "TAG_SALE_AMT": 518450.0,
        "ACT_SALE_AMT": 469927.0,
        "DISCOUNT_PCT": 9.4
      },
      {
        "YYYYMM": "202506",
        "BRD_CD": "X",
        "CHNL_NM": "(EC)티몰",
        "TAG_SALE_AMT": 742395.0,
        "ACT_SALE_AMT": 667743.01,
        "DISCOUNT_PCT": 10.1
      },
      {
        "YYYYMM": "202506",
        "BRD_CD": "X",
        "CHNL_NM": "(EC)틱톡/JD",
        "TAG_SALE_AMT": 45079.0,
        "ACT_SALE_AMT": 43878.020000000004,
        "DISCOUNT_PCT": 2.7
      },
      {
        "YYYYMM": "202506",
        "BRD_CD": "X",
        "CHNL_NM": "(OFF)대리상",
        "TAG_SALE_AMT": 1647628.0,
        "ACT_SALE_AMT": 1584614.0,
        "DISCOUNT_PCT": 3.8
      },
      {
        "YYYYMM": "202506",
        "BRD_CD": "X",
        "CHNL_NM": "(OFF)쇼핑몰",
        "TAG_SALE_AMT": 592672.0,
        "ACT_SALE_AMT": 490948.0,
        "DISCOUNT_PCT": 17.2
      },
      {
        "YYYYMM": "202505",
        "BRD_CD": "X",
        "CHNL_NM": "(EC)티몰",
        "TAG_SALE_AMT": 869546.0,
        "ACT_SALE_AMT": 763334.77,
        "DISCOUNT_PCT": 12.2
      },
      {
        "YYYYMM": "202505",
        "BRD_CD": "X",
        "CHNL_NM": "(EC)틱톡/JD",
        "TAG_SALE_AMT": 34120.0,
        "ACT_SALE_AMT": 29864.0,
        "DISCOUNT_PCT": 12.5
      },
      {
        "YYYYMM": "202505",
        "BRD_CD": "X",
        "CHNL_NM": "(OFF)대리상",
        "TAG_SALE_AMT": 1702774.0,
        "ACT_SALE_AMT": 1650613.0,
        "DISCOUNT_PCT": 3.1
      },
      {
        "YYYYMM": "202505",
        "BRD_CD": "X",
        "CHNL_NM": "(OFF)쇼핑몰",
        "TAG_SALE_AMT": 628836.0,
        "ACT_SALE_AMT": 538717.0,
        "DISCOUNT_PCT": 14.3
      },
      {
        "YYYYMM": "202504",
        "BRD_CD": "X",
        "CHNL_NM": "(EC)티몰",
        "TAG_SALE_AMT": 446668.0,
        "ACT_SALE_AMT": 434580.91,
        "DISCOUNT_PCT": 2.7
      },
      {
        "YYYYMM": "202504",
        "BRD_CD": "X",
        "CHNL_NM": "(EC)틱톡/JD",
        "TAG_SALE_AMT": 20840.0,
        "ACT_SALE_AMT": 19801.559999999998,
        "DISCOUNT_PCT": 5.0
      },
      {
        "YYYYMM": "202504",
        "BRD_CD": "X",
        "CHNL_NM": "(OFF)대리상",
        "TAG_SALE_AMT": 1111810.0,
        "ACT_SALE_AMT": 1074418.0,
        "DISCOUNT_PCT": 3.4
      },
      {
        "YYYYMM": "202504",
        "BRD_CD": "X",
        "CHNL_NM": "(OFF)쇼핑몰",
        "TAG_SALE_AMT": 703986.0,
        "ACT_SALE_AMT": 605476.0,
        "DISCOUNT_PCT": 14.0
      },
      {
        "YYYYMM": "202503",
        "BRD_CD": "X",
        "CHNL_NM": "(EC)티몰",
        "TAG_SALE_AMT": 664125.0,
        "ACT_SALE_AMT": 599680.77,
        "DISCOUNT_PCT": 9.7
      },
      {
        "YYYYMM": "202503",
        "BRD_CD": "X",
        "CHNL_NM": "(OFF)대리상",
        "TAG_SALE_AMT": 966032.0,
        "ACT_SALE_AMT": 934077.0,
        "DISCOUNT_PCT": 3.3
      },
      {
        "YYYYMM": "202503",
        "BRD_CD": "X",
        "CHNL_NM": "(OFF)쇼핑몰",
        "TAG_SALE_AMT": 543610.0,
        "ACT_SALE_AMT": 443286.0,
        "DISCOUNT_PCT": 18.5
      },
      {
        "YYYYMM": "202502",
        "BRD_CD": "X",
        "CHNL_NM": "(EC)티몰",
        "TAG_SALE_AMT": 926259.0,
        "ACT_SALE_AMT": 876976.76,
        "DISCOUNT_PCT": 5.3
      },
      {
        "YYYYMM": "202502",
        "BRD_CD": "X",
        "CHNL_NM": "(OFF)대리상",
        "TAG_SALE_AMT": 834262.0,
        "ACT_SALE_AMT": 803040.0,
        "DISCOUNT_PCT": 3.7
      },
      {
        "YYYYMM": "202502",
        "BRD_CD": "X",
        "CHNL_NM": "(OFF)쇼핑몰",
        "TAG_SALE_AMT": 568307.0,
        "ACT_SALE_AMT": 496994.0,
        "DISCOUNT_PCT": 12.5
      },
      {
        "YYYYMM": "202501",
        "BRD_CD": "X",
        "CHNL_NM": "(EC)티몰",
        "TAG_SALE_AMT": 271430.0,
        "ACT_SALE_AMT": 235145.63,
        "DISCOUNT_PCT": 13.4
      },
      {
        "YYYYMM": "202501",
        "BRD_CD": "X",
        "CHNL_NM": "(OFF)대리상",
        "TAG_SALE_AMT": 1383004.0,
        "ACT_SALE_AMT": 1310826.0,
        "DISCOUNT_PCT": 5.2
      },
      {
        "YYYYMM": "202501",
        "BRD_CD": "X",
        "CHNL_NM": "(OFF)쇼핑몰",
        "TAG_SALE_AMT": 1144857.0,
        "ACT_SALE_AMT": 944995.0,
        "DISCOUNT_PCT": 17.5
      },
      {
        "YYYYMM": "202412",
        "BRD_CD": "X",
        "CHNL_NM": "(EC)티몰",
        "TAG_SALE_AMT": 854230.0,
        "ACT_SALE_AMT": 800597.2899999999,
        "DISCOUNT_PCT": 6.3
      },
      {
        "YYYYMM": "202412",
        "BRD_CD": "X",
        "CHNL_NM": "(OFF)대리상",
        "TAG_SALE_AMT": 1022696.0,
        "ACT_SALE_AMT": 984699.0,
        "DISCOUNT_PCT": 3.7
      },
      {
        "YYYYMM": "202412",
        "BRD_CD": "X",
        "CHNL_NM": "(OFF)쇼핑몰",
        "TAG_SALE_AMT": 1584068.0,
        "ACT_SALE_AMT": 1333450.0,
        "DISCOUNT_PCT": 15.8
      },
      {
        "YYYYMM": "202411",
        "BRD_CD": "X",
        "CHNL_NM": "(EC)티몰",
        "TAG_SALE_AMT": 1328465.0,
        "ACT_SALE_AMT": 1145145.79,
        "DISCOUNT_PCT": 13.8
      },
      {
        "YYYYMM": "202411",
        "BRD_CD": "X",
        "CHNL_NM": "(OFF)대리상",
        "TAG_SALE_AMT": 218814.0,
        "ACT_SALE_AMT": 208145.0,
        "DISCOUNT_PCT": 4.9
      },
      {
        "YYYYMM": "202411",
        "BRD_CD": "X",
        "CHNL_NM": "(OFF)쇼핑몰",
        "TAG_SALE_AMT": 239655.0,
        "ACT_SALE_AMT": 193087.0,
        "DISCOUNT_PCT": 19.4
      },
      {
        "YYYYMM": "202410",
        "BRD_CD": "X",
        "CHNL_NM": "(EC)티몰",
        "TAG_SALE_AMT": 918957.0,
        "ACT_SALE_AMT": 780459.28,
        "DISCOUNT_PCT": 15.1
      },
      {
        "YYYYMM": "202409",
        "BRD_CD": "X",
        "CHNL_NM": "(EC)티몰",
        "TAG_SALE_AMT": 71370.0,
        "ACT_SALE_AMT": 69073.41,
        "DISCOUNT_PCT": 3.2
      }
    ],
    "total_records_count": 37
  }
}