{
  "country": "CN",
  "brand_cd": "M",
  "brand_name": "MLB",
  "yyyymm": "202501",
  "yyyymm_py": "202401",
  "key": "월별아이템별재고추세",
  "analysis_data": {
    "title": "월별 아이템별 재고 추세 분석",
    "sections": [
      {
        "div": "종합분석-1",
        "sub_title": "조기경보",
        "ai_text": "**고위험 재고 과다 아이템 (총 재고액 6,952,195k)**\n\n• **신발 카테고리 (1,896,397k, 27.3%)**: 전체 재고의 1/4 이상을 차지하는 최대 위험 요소. 단일 카테고리로는 과도한 재고 집중도\n\n• **24F 의류 (1,212,382k, 17.4%)**: 겨울 시즌 종료 시점에서 1.2조원 규모의 재고 보유는 심각한 수준. 즉시 클리어런스 전략 필요\n\n• **차기시즌 의류 (1,058,015k, 15.2%)**: 시즌 전환기 재고 1조원 초과는 과다 선입고 가능성 시사\n\n• **24S 의류 (747,200k, 10.7%)**: 지난 봄/여름 시즌 재고가 여전히 747백만k 잔존, 재고 회전율 저하 우려\n\n**위험도 평가**: 상위 4개 카테고리가 전체 재고의 70.6%를 차지하여 재고 집중 리스크 매우 높음"
      },
      {
        "div": "종합분석-2",
        "sub_title": "긍정신호",
        "ai_text": "**재고 최적화 우수 카테고리**\n\n• **미지정 (38k, 0.001%)**: 분류 오류 재고가 극미량으로 시스템 관리 효율성 우수\n\n• **기타 (37,893k, 0.5%)**: 기타 카테고리 재고 비중이 1% 미만으로 상품 분류 체계 안정적\n\n• **가방 (337,236k, 4.9%)**: 액세서리 카테고리 중 적정 수준의 재고 유지. 계절성이 낮아 안정적 관리 가능\n\n• **과시즌 의류 (373,367k, 5.4%)**: 시즌리스 상품군으로 5% 내외 비중은 적절한 수준\n\n**관리 효율성**: 소품목 카테고리들의 재고 비중이 전체 10.8%로 적정 수준 유지. 주력 상품군에 집중된 재고 구조는 관리 효율성 측면에서 긍정적"
      },
      {
        "div": "종합분석-3",
        "sub_title": "핵심액션",
        "ai_text": "**즉시 실행 액션 (1-2주 내)**\n\n• **24F 의류 긴급 클리어런스**: 1,212,382k 재고 50% 이상 소진 목표로 30-50% 할인 프로모션 즉시 실행\n• **신발 카테고리 재고 분석**: 1,896,397k 재고의 SKU별, 사이즈별 상세 분석 후 슬로무빙 제품 식별\n\n**단기 실행 액션 (1-3개월)**\n\n• **24S 의류 정리**: 747,200k 잔존 재고 아울렛 채널 및 온라인 특가 이벤트로 3월 내 80% 소진\n• **차기시즌 의류 입고 조정**: 1,058,015k 재고 수준 고려하여 신규 입고량 30% 감축\n• **재고 회전율 KPI 설정**: 카테고리별 월 회전율 목표치 설정 (신발 15%, 의류 20% 이상)\n\n**중장기 전략 액션 (3-6개월)**\n\n• **예측 기반 발주 시스템 도입**: AI 수요예측 모델 구축으로 과다 재고 방지\n• **카테고리별 재고 한도 설정**: 신발 20%, 단일 시즌 의류 15% 이내로 재고 비중 제한\n• **크로스독킹 시스템 구축**: 직배송 비중 확대로 창고 재고 부담 경감"
      }
    ]
  },
  "summary": {
    "total_stock": 6952195.0,
    "unique_months": 1,
    "unique_items": 10,
    "analysis_period": "2025년 01월 ~ 2025년 12월"
  },
  "monthly_totals": {
    "202501": 6952195.0
  },
  "item_stock_data": {
    "기타": {
      "total_stock": 37893.0,
      "months": {
        "202501": 37893.0
      }
    },
    "과시즌 의류": {
      "total_stock": 373367.0,
      "months": {
        "202501": 373367.0
      }
    },
    "가방": {
      "total_stock": 337236.0,
      "months": {
        "202501": 337236.0
      }
    },
    "신발": {
      "total_stock": 1896397.0,
      "months": {
        "202501": 1896397.0
      }
    },
    "차기시즌 의류": {
      "total_stock": 1058015.0,
      "months": {
        "202501": 1058015.0
      }
    },
    "모자": {
      "total_stock": 620475.0,
      "months": {
        "202501": 620475.0
      }
    },
    "미지정": {
      "total_stock": 38.0,
      "months": {
        "202501": 38.0
      }
    },
    "23SF 의류": {
      "total_stock": 669191.0,
      "months": {
        "202501": 669191.0
      }
    },
    "24S 의류": {
      "total_stock": 747200.0,
      "months": {
        "202501": 747200.0
      }
    },
    "24F 의류": {
      "total_stock": 1212382.0,
      "months": {
        "202501": 1212382.0
      }
    }
  },
  "stock_trends": {},
  "raw_data": {
    "sample_records": [
      {
        "YYYYMM": "202501",
        "BRD_CD": "M",
        "ITEM_STD": "기타",
        "STOCK_TAG_AMT_EXPECTED": 37892978.0
      },
      {
        "YYYYMM": "202501",
        "BRD_CD": "M",
        "ITEM_STD": "과시즌 의류",
        "STOCK_TAG_AMT_EXPECTED": 373366754.0
      },
      {
        "YYYYMM": "202501",
        "BRD_CD": "M",
        "ITEM_STD": "가방",
        "STOCK_TAG_AMT_EXPECTED": 337235513.0
      },
      {
        "YYYYMM": "202501",
        "BRD_CD": "M",
        "ITEM_STD": "신발",
        "STOCK_TAG_AMT_EXPECTED": 1896397131.0
      },
      {
        "YYYYMM": "202501",
        "BRD_CD": "M",
        "ITEM_STD": "차기시즌 의류",
        "STOCK_TAG_AMT_EXPECTED": 1058015475.0
      },
      {
        "YYYYMM": "202501",
        "BRD_CD": "M",
        "ITEM_STD": "모자",
        "STOCK_TAG_AMT_EXPECTED": 620475498.0
      },
      {
        "YYYYMM": "202501",
        "BRD_CD": "M",
        "ITEM_STD": "미지정",
        "STOCK_TAG_AMT_EXPECTED": 37980.0
      },
      {
        "YYYYMM": "202501",
        "BRD_CD": "M",
        "ITEM_STD": "23SF 의류",
        "STOCK_TAG_AMT_EXPECTED": 669191184.0
      },
      {
        "YYYYMM": "202501",
        "BRD_CD": "M",
        "ITEM_STD": "24S 의류",
        "STOCK_TAG_AMT_EXPECTED": 747200428.0
      },
      {
        "YYYYMM": "202501",
        "BRD_CD": "M",
        "ITEM_STD": "24F 의류",
        "STOCK_TAG_AMT_EXPECTED": 1212382027.0
      }
    ],
    "total_records_count": 10
  }
}