{
  "country": "CN",
  "brand_cd": "V",
  "brand_name": "DUVETICA",
  "yyyymm": "202510",
  "yyyymm_py": "202411",
  "key": "(대리상오프)점당매출",
  "sub_key": "(대리상오프)점당매출 AI 분석",
  "analysis_data": {
    "title": "오프라인 대리상 점당매출 종합분석",
    "sections": [
      {
        "div": "종합분석-1",
        "sub_title": "우수 대리상",
        "ai_text": "**TAIYUAN WUYUE (CN6305)**: 당해 총 매출 116k로 전년 대비 552.6% 급성장\n- 전년 18k에서 당해 116k로 6배 이상 성장한 유일한 성장 매장\n- 2025년 1-3월 신규 매출 발생(전년 동기 0k)으로 신규 입점 효과 확인\n- 4월 29k 매출로 전년 동기 18k 대비 64.4% 성장하며 안정적 매출 기반 구축\n\n**DV HANDAN MIXC (CN6310)**: 신규 입점 매장으로 성장 잠재력 보유\n- 2025년 신규 개점하여 1-2월 총 5k 매출 기록\n- 소규모이지만 신규 시장 개척을 통한 매출 다변화 기여\n\n**핵심 성공 요인**:\n- 신규 입점을 통한 시장 확장 전략의 성과\n- TAIYUAN WUYUE의 경우 지역 특성과 브랜드 포지셔닝의 적절한 매칭"
      },
      {
        "div": "종합분석-2",
        "sub_title": "수익성 개선 필요",
        "ai_text": "**DV HANGZHOU WULINYINTAI (CN6101)**: 최대 매출 규모이나 급격한 하락세\n- 당해 매출 242k(전체의 49.6%)로 최대 비중이나 전년 425k 대비 43.2% 감소\n- 1월 129k에서 2월 59k로 급락(-54.3%), 3월 58k 유지 후 6월 -4k(반품) 발생\n- 월별 매출 변동성 심화로 운영 안정성 우려\n\n**DVQINGDAOMIXCITY (CN6103)**: 지속적 매출 감소로 구조적 문제 시사\n- 당해 매출 125k로 전년 339k 대비 63.2% 급감\n- 1-2월 연속 60% 이상 감소율 기록하며 가장 심각한 하락세\n- 3월 14k로 전년 23k 대비서도 40.3% 감소하며 회복 기미 없음\n\n**주요 문제점**:\n- 기존 주력 매장들의 동반 부진으로 전체 매출 37.6% 감소 주도\n- 계절성을 고려해도 과도한 매출 하락폭\n- 6월 반품 발생으로 재고 관리 및 상품 기획 이슈 노출"
      },
      {
        "div": "종합분석-3",
        "sub_title": "인사이트",
        "ai_text": "**양극화 현상 심화**: 신규 입점 매장 성장 vs 기존 주력 매장 급락\n- 전체 매출의 90% 이상을 차지하는 기존 2개 매장의 동반 부진이 전체 성과 악화 주도\n- 신규 매장 성과는 양호하나 규모가 작아 전체 매출 하락 상쇄 불가\n\n**지역별 성과 격차 분석**:\n- TAIYUAN(태원) 지역: 552.6% 성장으로 브랜드 수용도 높음\n- HANGZHOU(항저우), QINGDAO(청도): 각각 43.2%, 63.2% 감소로 소비 위축 심각\n- 동일 브랜드 내에서도 지역별 소비 패턴과 경쟁 환경 차이 극명\n\n**전략적 개선 방안**:\n- 단기: HANGZHOU, QINGDAO 매장 대상 긴급 매출 회복 프로그램 실행\n- 중기: 성공 매장(TAIYUAN) 운영 모델 벤치마킹 및 타 매장 적용\n- 장기: 포트폴리오 재편을 통한 수익성 중심의 매장 운영 체계 구축\n\n**즉시 실행 액션**:\n- HANGZHOU 매장 6월 반품 원인 분석 및 재고 최적화\n- 부진 매장 대상 상품 구성 및 가격 정책 재검토\n- TAIYUAN 성공 사례 기반 운영 매뉴얼 수립 및 전파"
      }
    ]
  },
  "summary": {
    "total_cy": 488.0,
    "total_py": 782.0,
    "change_pct": -37.6,
    "total_agents": 4,
    "analysis_period": "2025년 1월 ~ 2025년 11월 vs 2024년 1월 ~ 2024년 11월"
  },
  "agent_summary": [
    {
      "shop_cd": "CN6101",
      "shop_en_nm": "DV HANGZHOU WULINYINTAI",
      "total_cy": 242.0,
      "total_py": 425.0,
      "total_change_pct": -43.2,
      "months": {
        "202501": {
          "cy": 129.0,
          "py": 169.0,
          "change_pct": -23.4
        },
        "202502": {
          "cy": 59.0,
          "py": 136.0,
          "change_pct": -57.0
        },
        "202503": {
          "cy": 58.0,
          "py": 89.0,
          "change_pct": -35.4
        },
        "202506": {
          "cy": -4.0,
          "py": 30.0,
          "change_pct": -113.6
        }
      }
    },
    {
      "shop_cd": "CN6103",
      "shop_en_nm": "DVQINGDAOMIXCITY",
      "total_cy": 125.0,
      "total_py": 339.0,
      "total_change_pct": -63.2,
      "months": {
        "202501": {
          "cy": 66.0,
          "py": 179.0,
          "change_pct": -63.4
        },
        "202502": {
          "cy": 46.0,
          "py": 137.0,
          "change_pct": -66.7
        },
        "202503": {
          "cy": 14.0,
          "py": 23.0,
          "change_pct": -40.3
        }
      }
    },
    {
      "shop_cd": "CN6305",
      "shop_en_nm": "TAIYUAN WUYUE",
      "total_cy": 116.0,
      "total_py": 18.0,
      "total_change_pct": 552.6,
      "months": {
        "202501": {
          "cy": 44.0,
          "py": 0.0,
          "change_pct": 0
        },
        "202502": {
          "cy": 18.0,
          "py": 0.0,
          "change_pct": 0
        },
        "202503": {
          "cy": 25.0,
          "py": 0.0,
          "change_pct": 0
        },
        "202504": {
          "cy": 29.0,
          "py": 18.0,
          "change_pct": 64.4
        }
      }
    },
    {
      "shop_cd": "CN6310",
      "shop_en_nm": "DV HANDAN MIXC",
      "total_cy": 5.0,
      "total_py": 0.0,
      "total_change_pct": 0,
      "months": {
        "202501": {
          "cy": 3.0,
          "py": 0.0,
          "change_pct": 0
        },
        "202502": {
          "cy": 2.0,
          "py": 0.0,
          "change_pct": 0
        }
      }
    }
  ],
  "raw_data": {
    "sample_records": [
      {
        "YYYYMM": "202506",
        "BRD_CD": "V",
        "SHOP_CD": "CN6101",
        "SHOP_EN_NM": "DV HANGZHOU WULINYINTAI",
        "CY_SALE_AMT": -4150.0,
        "PY_SALE_AMT": 30442.0,
        "DIV": "기존점"
      },
      {
        "YYYYMM": "202504",
        "BRD_CD": "V",
        "SHOP_CD": "CN6305",
        "SHOP_EN_NM": "TAIYUAN WUYUE",
        "CY_SALE_AMT": 29247.0,
        "PY_SALE_AMT": 17790.0,
        "DIV": "기존점"
      },
      {
        "YYYYMM": "202503",
        "BRD_CD": "V",
        "SHOP_CD": "CN6101",
        "SHOP_EN_NM": "DV HANGZHOU WULINYINTAI",
        "CY_SALE_AMT": 57663.0,
        "PY_SALE_AMT": 89320.0,
        "DIV": "기존점"
      },
      {
        "YYYYMM": "202503",
        "BRD_CD": "V",
        "SHOP_CD": "CN6305",
        "SHOP_EN_NM": "TAIYUAN WUYUE",
        "CY_SALE_AMT": 24535.0,
        "PY_SALE_AMT": 0.0,
        "DIV": "신규점"
      },
      {
        "YYYYMM": "202503",
        "BRD_CD": "V",
        "SHOP_CD": "CN6103",
        "SHOP_EN_NM": "DVQINGDAOMIXCITY",
        "CY_SALE_AMT": 13870.0,
        "PY_SALE_AMT": 23250.0,
        "DIV": "기존점"
      },
      {
        "YYYYMM": "202502",
        "BRD_CD": "V",
        "SHOP_CD": "CN6101",
        "SHOP_EN_NM": "DV HANGZHOU WULINYINTAI",
        "CY_SALE_AMT": 58651.0,
        "PY_SALE_AMT": 136314.0,
        "DIV": "기존점"
      },
      {
        "YYYYMM": "202502",
        "BRD_CD": "V",
        "SHOP_CD": "CN6103",
        "SHOP_EN_NM": "DVQINGDAOMIXCITY",
        "CY_SALE_AMT": 45580.0,
        "PY_SALE_AMT": 136990.0,
        "DIV": "기존점"
      },
      {
        "YYYYMM": "202502",
        "BRD_CD": "V",
        "SHOP_CD": "CN6305",
        "SHOP_EN_NM": "TAIYUAN WUYUE",
        "CY_SALE_AMT": 18065.0,
        "PY_SALE_AMT": 0.0,
        "DIV": "신규점"
      },
      {
        "YYYYMM": "202502",
        "BRD_CD": "V",
        "SHOP_CD": "CN6310",
        "SHOP_EN_NM": "DV HANDAN MIXC",
        "CY_SALE_AMT": 1960.0,
        "PY_SALE_AMT": 0.0,
        "DIV": "신규점"
      },
      {
        "YYYYMM": "202501",
        "BRD_CD": "V",
        "SHOP_CD": "CN6103",
        "SHOP_EN_NM": "DVQINGDAOMIXCITY",
        "CY_SALE_AMT": 65520.0,
        "PY_SALE_AMT": 179180.0,
        "DIV": "기존점"
      },
      {
        "YYYYMM": "202501",
        "BRD_CD": "V",
        "SHOP_CD": "CN6310",
        "SHOP_EN_NM": "DV HANDAN MIXC",
        "CY_SALE_AMT": 3283.0,
        "PY_SALE_AMT": 0.0,
        "DIV": "신규점"
      },
      {
        "YYYYMM": "202501",
        "BRD_CD": "V",
        "SHOP_CD": "CN6305",
        "SHOP_EN_NM": "TAIYUAN WUYUE",
        "CY_SALE_AMT": 44253.0,
        "PY_SALE_AMT": 0.0,
        "DIV": "신규점"
      },
      {
        "YYYYMM": "202501",
        "BRD_CD": "V",
        "SHOP_CD": "CN6101",
        "SHOP_EN_NM": "DV HANGZHOU WULINYINTAI",
        "CY_SALE_AMT": 129404.0,
        "PY_SALE_AMT": 168914.0,
        "DIV": "기존점"
      }
    ],
    "total_records_count": 13
  }
}