{
  "country": "CN",
  "brand_cd": "X",
  "brand_name": "DISCOVERY",
  "yyyymm": "202505",
  "yyyymm_py": "202405",
  "key": "월별채널별매출추세",
  "analysis_data": {
    "title": "월별 채널별 매출 추세 분석",
    "sections": [
      {
        "div": "종합분석-1",
        "sub_title": "월별 주요 인사이트",
        "ai_text": "**2025년 1-5월 매출 추이 분석**\n\n• 1월(2,491k) → 3월(1,977k): 20.6% 하락으로 매출 급감세\n• 3월 최저점 기록 후 4월(2,134k)부터 반등 시작\n• 5월(2,983k) 전체 기간 중 최고 매출 달성, 전월 대비 39.8% 급증\n\n**주요 특징**\n• 2-3월 춘절 시즌 매출 부진으로 연초 대비 급락\n• 4월부터 회복세 전환, 5월 폭발적 성장으로 V자 반등\n• 월별 변동폭이 큰 불안정한 매출 패턴 확인\n• 5월 급증은 계절적 요인과 특별 프로모션 효과로 추정"
      },
      {
        "div": "종합분석-2",
        "sub_title": "채널 트렌드",
        "ai_text": "**채널별 성과 분석 (총 매출 기준)**\n\n• (OFF)대리상(5,773k, 49.3%): 최대 매출 채널, 5월 1,651k로 급성장\n• (OFF)쇼핑몰(3,029k, 25.9%): 2위 채널이나 지속적 감소 추세\n• (EC)티몰(2,910k, 24.8%): 변동성 높지만 안정적 기여도 유지\n\n**채널별 월별 추이**\n• 대리상: 2월 최저(803k) → 5월 최고(1,651k)로 105.6% 급증\n• 쇼핑몰: 1월(945k) → 5월(539k)로 지속 하락, -43.0% 감소\n• 티몰: 2월 정점(877k) 후 변동 반복, 5월 763k로 회복\n• 틱톡/JD: 신규 채널로 3월부터 운영, 아직 미미한 수준(50k)\n\n**강세/약세 채널**\n• 강세: 대리상(오프라인 회복), 티몰(온라인 안정성)\n• 약세: 쇼핑몰(경쟁 심화로 지속 하락)"
      },
      {
        "div": "종합분석-3",
        "sub_title": "전략 포인트",
        "ai_text": "**즉시 실행 액션플랜**\n\n**1. 채널 최적화 전략**\n• 대리상 채널: 5월 성공 요인 분석 후 재현 가능한 프로모션 모델 구축\n• 쇼핑몰 채널: 급락 원인 진단 및 상품 구성/가격 전략 재검토 필요\n• 티몰 채널: 변동성 완화를 위한 정기 프로모션 스케줄 수립\n\n**2. 신규 채널 육성**\n• 틱톡/JD: 현재 0.4% 비중을 5% 목표로 집중 투자\n• 인플루언서 마케팅 및 라이브 커머스 강화\n• 젊은 소비층 타겟 상품 라인업 확대\n\n**3. 리스크 관리**\n• 월별 매출 변동성(CV=17.2%) 완화를 위한 안정화 전략\n• 쇼핑몰 채널 의존도 축소 및 대체 채널 발굴\n• 계절성 대응 재고 관리 시스템 구축\n\n**4. 성장 동력 확보**\n• 대리상-티몰 연계 O2O 서비스 도입 검토\n• 5월 성장 모멘텀 지속을 위한 하반기 마케팅 예산 확대"
      }
    ]
  },
  "summary": {
    "total_sales": 11762.0,
    "unique_channels": 4,
    "unique_months": 5,
    "analysis_period": "2025년 01월 ~ 2025년 05월"
  },
  "monthly_totals": {
    "202501": 2491.0,
    "202502": 2177.0,
    "202503": 1977.0,
    "202504": 2134.0,
    "202505": 2983.0
  },
  "channel_summary": {
    "(OFF)대리상": {
      "chnl_cd": "CN8",
      "total": 5773.0,
      "months": {
        "202501": 1311.0,
        "202502": 803.0,
        "202503": 934.0,
        "202504": 1074.0,
        "202505": 1651.0
      }
    },
    "(OFF)쇼핑몰": {
      "chnl_cd": "CN5",
      "total": 3029.0,
      "months": {
        "202501": 945.0,
        "202502": 497.0,
        "202503": 443.0,
        "202504": 605.0,
        "202505": 539.0
      }
    },
    "(EC)티몰": {
      "chnl_cd": "CN1",
      "total": 2910.0,
      "months": {
        "202501": 235.0,
        "202502": 877.0,
        "202503": 600.0,
        "202504": 435.0,
        "202505": 763.0
      }
    },
    "(EC)틱톡/JD": {
      "chnl_cd": "CN2",
      "total": 50.0,
      "months": {
        "202503": 0.0,
        "202504": 20.0,
        "202505": 30.0
      }
    },
    "null": {
      "chnl_cd": null,
      "total": 0.0,
      "months": {
        "202501": 0.0,
        "202502": 0.0,
        "202503": 0.0,
        "202504": 0.0,
        "202505": 0.0
      }
    }
  },
  "raw_data": {
    "sample_records": [
      {
        "YYYYMM": "202505",
        "BRD_CD": "X",
        "CHNL_CD": "CN1",
        "CHNL_NM": "(EC)티몰",
        "SALE_AMT": 763334.77
      },
      {
        "YYYYMM": "202505",
        "BRD_CD": "X",
        "CHNL_CD": "CN2",
        "CHNL_NM": "(EC)틱톡/JD",
        "SALE_AMT": 29864.0
      },
      {
        "YYYYMM": "202505",
        "BRD_CD": "X",
        "CHNL_CD": "CN5",
        "CHNL_NM": "(OFF)쇼핑몰",
        "SALE_AMT": 538717.0
      },
      {
        "YYYYMM": "202505",
        "BRD_CD": "X",
        "CHNL_CD": "CN8",
        "CHNL_NM": "(OFF)대리상",
        "SALE_AMT": 1650613.0
      },
      {
        "YYYYMM": "202505",
        "BRD_CD": "X",
        "CHNL_CD": null,
        "CHNL_NM": null,
        "SALE_AMT": 0.0
      },
      {
        "YYYYMM": "202504",
        "BRD_CD": "X",
        "CHNL_CD": "CN1",
        "CHNL_NM": "(EC)티몰",
        "SALE_AMT": 434580.9100000001
      },
      {
        "YYYYMM": "202504",
        "BRD_CD": "X",
        "CHNL_CD": "CN2",
        "CHNL_NM": "(EC)틱톡/JD",
        "SALE_AMT": 19801.559999999998
      },
      {
        "YYYYMM": "202504",
        "BRD_CD": "X",
        "CHNL_CD": "CN5",
        "CHNL_NM": "(OFF)쇼핑몰",
        "SALE_AMT": 605476.0
      },
      {
        "YYYYMM": "202504",
        "BRD_CD": "X",
        "CHNL_CD": "CN8",
        "CHNL_NM": "(OFF)대리상",
        "SALE_AMT": 1074418.0
      },
      {
        "YYYYMM": "202504",
        "BRD_CD": "X",
        "CHNL_CD": null,
        "CHNL_NM": null,
        "SALE_AMT": 0.0
      },
      {
        "YYYYMM": "202503",
        "BRD_CD": "X",
        "CHNL_CD": "CN1",
        "CHNL_NM": "(EC)티몰",
        "SALE_AMT": 599680.7700000001
      },
      {
        "YYYYMM": "202503",
        "BRD_CD": "X",
        "CHNL_CD": "CN2",
        "CHNL_NM": "(EC)틱톡/JD",
        "SALE_AMT": 0.0
      },
      {
        "YYYYMM": "202503",
        "BRD_CD": "X",
        "CHNL_CD": "CN5",
        "CHNL_NM": "(OFF)쇼핑몰",
        "SALE_AMT": 443286.0
      },
      {
        "YYYYMM": "202503",
        "BRD_CD": "X",
        "CHNL_CD": "CN8",
        "CHNL_NM": "(OFF)대리상",
        "SALE_AMT": 934077.0
      },
      {
        "YYYYMM": "202503",
        "BRD_CD": "X",
        "CHNL_CD": null,
        "CHNL_NM": null,
        "SALE_AMT": 0.0
      },
      {
        "YYYYMM": "202502",
        "BRD_CD": "X",
        "CHNL_CD": "CN1",
        "CHNL_NM": "(EC)티몰",
        "SALE_AMT": 876976.7600000002
      },
      {
        "YYYYMM": "202502",
        "BRD_CD": "X",
        "CHNL_CD": "CN5",
        "CHNL_NM": "(OFF)쇼핑몰",
        "SALE_AMT": 496994.0
      },
      {
        "YYYYMM": "202502",
        "BRD_CD": "X",
        "CHNL_CD": "CN8",
        "CHNL_NM": "(OFF)대리상",
        "SALE_AMT": 803040.0
      },
      {
        "YYYYMM": "202502",
        "BRD_CD": "X",
        "CHNL_CD": null,
        "CHNL_NM": null,
        "SALE_AMT": 0.0
      },
      {
        "YYYYMM": "202501",
        "BRD_CD": "X",
        "CHNL_CD": "CN1",
        "CHNL_NM": "(EC)티몰",
        "SALE_AMT": 235145.62999999998
      },
      {
        "YYYYMM": "202501",
        "BRD_CD": "X",
        "CHNL_CD": "CN5",
        "CHNL_NM": "(OFF)쇼핑몰",
        "SALE_AMT": 944995.0
      },
      {
        "YYYYMM": "202501",
        "BRD_CD": "X",
        "CHNL_CD": "CN8",
        "CHNL_NM": "(OFF)대리상",
        "SALE_AMT": 1310826.0
      },
      {
        "YYYYMM": "202501",
        "BRD_CD": "X",
        "CHNL_CD": null,
        "CHNL_NM": null,
        "SALE_AMT": 0.0
      }
    ],
    "total_records_count": 23
  }
}