{
  "country": "CN",
  "brand_cd": "X",
  "brand_name": "DISCOVERY",
  "yyyymm": "202510",
  "yyyymm_py": "202410",
  "key": "월별채널별매출추세",
  "analysis_data": {
    "title": "월별 채널별 매출 추세 분석",
    "sections": [
      {
        "div": "종합분석-1",
        "sub_title": "월별 주요 인사이트",
        "ai_text": "2025년 DISCOVERY 브랜드는 뚜렷한 성장 궤도를 보이며, 특히 하반기 폭발적 성장을 기록했습니다.\n\n• 1-4월 침체기: 1월 2,491k에서 3월 1,977k까지 감소 후 4월 소폭 회복\n• 5-7월 회복기: 5월부터 본격 회복세로 전환, 7월 2,984k 달성\n• 8월 돌파구: 전월 대비 135.2% 급증한 7,021k로 첫 7천k 돌파\n• 9월 조정: 5,366k로 일시 조정되었으나 여전히 상반기 대비 높은 수준\n• 10월 최고점: 9,356k로 역대 최고 월 매출 달성, 전년 동기 대비 폭발적 성장\n\n하반기 성장률이 상반기 대비 273.8% 증가하여, 브랜드 인지도 상승과 마케팅 효과가 본격 발현된 것으로 분석됩니다."
      },
      {
        "div": "종합분석-2",
        "sub_title": "채널 트렌드",
        "ai_text": "채널별로 차별화된 성장 패턴을 보이며, 오프라인과 온라인이 균형잡힌 성장을 달성했습니다.\n\n**강세 채널:**\n• (OFF)대리상 (20,580k, 52.6%): 연중 꾸준한 성장세로 10월 4,724k 달성, 핵심 매출 채널 역할\n• (EC)티몰 (10,368k, 26.5%): 8월 2,542k, 10월 3,247k로 온라인 급성장 견인\n• (OFF)쇼핑몰 (6,588k, 16.8%): 안정적 매출 기여, 8월 1,080k로 최고점 기록\n\n**신규 성장 채널:**\n• (EC)틱톡/JD (1,722k, 4.4%): 3월 런칭 후 9월 781k로 급성장, 신규 고객층 확보\n\n**채널 다변화 성과:**\n오프라인 69.4%, 온라인 30.6%로 균형잡힌 포트폴리오 구축. 특히 온라인 채널의 하반기 급성장이 전체 매출 상승을 주도했습니다."
      },
      {
        "div": "종합분석-3",
        "sub_title": "전략 포인트",
        "ai_text": "데이터 기반 3대 핵심 전략으로 성장 모멘텀을 지속 강화해야 합니다.\n\n**1. 채널별 최적화 전략**\n• 대리상 채널: 10월 4,724k 달성 모멘텀 활용, 2026년 월 5,000k+ 목표 설정\n• 티몰 채널: 8-10월 고성장 패턴 분석하여 마케팅 예산 30% 증액 검토\n• 틱톡/JD: 9월 781k 성과 기반으로 인플루언서 마케팅 확대 및 라이브커머스 강화\n\n**2. 시즌별 대응 전략**\n• 상반기 매출 안정화: 1-4월 침체 패턴 개선을 위한 신상품 런칭 시기 조정\n• 하반기 성장 극대화: 8-10월 고성장 동력을 2026년에도 재현할 수 있는 마케팅 캘린더 수립\n\n**3. 리스크 관리**\n• 채널 집중도 리스크: 대리상 52.6% 의존도 완화를 위한 온라인 채널 비중 40% 목표\n• 계절성 리스크: 상반기 매출 변동성 완화를 위한 제품 포트폴리오 다양화 필요"
      }
    ]
  },
  "summary": {
    "total_sales": 39276.0,
    "unique_channels": 6,
    "unique_months": 10,
    "analysis_period": "2025년 01월 ~ 2025년 10월"
  },
  "monthly_totals": {
    "202501": 2491.0,
    "202502": 2177.0,
    "202503": 1977.0,
    "202504": 2134.0,
    "202505": 2983.0,
    "202506": 2787.0,
    "202507": 2984.0,
    "202508": 7021.0,
    "202509": 5366.0,
    "202510": 9356.0
  },
  "channel_summary": {
    "(OFF)대리상": {
      "chnl_cd": "CN8",
      "total": 20580.0,
      "months": {
        "202501": 1311.0,
        "202502": 803.0,
        "202503": 934.0,
        "202504": 1074.0,
        "202505": 1651.0,
        "202506": 1585.0,
        "202507": 2262.0,
        "202508": 3179.0,
        "202509": 3057.0,
        "202510": 4724.0
      }
    },
    "(EC)티몰": {
      "chnl_cd": "CN1",
      "total": 10368.0,
      "months": {
        "202501": 235.0,
        "202502": 877.0,
        "202503": 600.0,
        "202504": 435.0,
        "202505": 763.0,
        "202506": 668.0,
        "202507": 252.0,
        "202508": 2542.0,
        "202509": 750.0,
        "202510": 3247.0
      }
    },
    "(OFF)쇼핑몰": {
      "chnl_cd": "CN5",
      "total": 6588.0,
      "months": {
        "202501": 945.0,
        "202502": 497.0,
        "202503": 443.0,
        "202504": 605.0,
        "202505": 539.0,
        "202506": 491.0,
        "202507": 470.0,
        "202508": 1080.0,
        "202509": 779.0,
        "202510": 739.0
      }
    },
    "(EC)틱톡/JD": {
      "chnl_cd": "CN2",
      "total": 1722.0,
      "months": {
        "202503": 0.0,
        "202504": 20.0,
        "202505": 30.0,
        "202506": 44.0,
        "202507": 0.0,
        "202508": 219.0,
        "202509": 781.0,
        "202510": 629.0
      }
    },
    "(EC)대리상": {
      "chnl_cd": "CN7",
      "total": 17.0,
      "months": {
        "202509": 0.0,
        "202510": 16.0
      }
    },
    "(EC)할인몰": {
      "chnl_cd": "CN3",
      "total": 1.0,
      "months": {
        "202509": 0.0,
        "202510": 1.0
      }
    },
    "null": {
      "chnl_cd": null,
      "total": 0.0,
      "months": {
        "202501": 0.0,
        "202502": 0.0,
        "202503": 0.0,
        "202504": 0.0,
        "202505": 0.0,
        "202506": 0.0,
        "202507": 0.0,
        "202508": 0.0,
        "202509": 0.0,
        "202510": 0.0
      }
    }
  },
  "raw_data": {
    "sample_records": [
      {
        "YYYYMM": "202510",
        "BRD_CD": "X",
        "CHNL_CD": "CN1",
        "CHNL_NM": "(EC)티몰",
        "SALE_AMT": 3246594.260000001
      },
      {
        "YYYYMM": "202510",
        "BRD_CD": "X",
        "CHNL_CD": "CN2",
        "CHNL_NM": "(EC)틱톡/JD",
        "SALE_AMT": 629279.05
      },
      {
        "YYYYMM": "202510",
        "BRD_CD": "X",
        "CHNL_CD": "CN3",
        "CHNL_NM": "(EC)할인몰",
        "SALE_AMT": 1188.0
      },
      {
        "YYYYMM": "202510",
        "BRD_CD": "X",
        "CHNL_CD": "CN5",
        "CHNL_NM": "(OFF)쇼핑몰",
        "SALE_AMT": 738918.0
      },
      {
        "YYYYMM": "202510",
        "BRD_CD": "X",
        "CHNL_CD": "CN7",
        "CHNL_NM": "(EC)대리상",
        "SALE_AMT": 16289.9
      },
      {
        "YYYYMM": "202510",
        "BRD_CD": "X",
        "CHNL_CD": "CN8",
        "CHNL_NM": "(OFF)대리상",
        "SALE_AMT": 4724123.0
      },
      {
        "YYYYMM": "202510",
        "BRD_CD": "X",
        "CHNL_CD": null,
        "CHNL_NM": null,
        "SALE_AMT": 0.0
      },
      {
        "YYYYMM": "202509",
        "BRD_CD": "X",
        "CHNL_CD": "CN1",
        "CHNL_NM": "(EC)티몰",
        "SALE_AMT": 749592.5899999996
      },
      {
        "YYYYMM": "202509",
        "BRD_CD": "X",
        "CHNL_CD": "CN2",
        "CHNL_NM": "(EC)틱톡/JD",
        "SALE_AMT": 780839.55
      },
      {
        "YYYYMM": "202509",
        "BRD_CD": "X",
        "CHNL_CD": "CN3",
        "CHNL_NM": "(EC)할인몰",
        "SALE_AMT": 0.0
      },
      {
        "YYYYMM": "202509",
        "BRD_CD": "X",
        "CHNL_CD": "CN5",
        "CHNL_NM": "(OFF)쇼핑몰",
        "SALE_AMT": 778571.0
      },
      {
        "YYYYMM": "202509",
        "BRD_CD": "X",
        "CHNL_CD": "CN7",
        "CHNL_NM": "(EC)대리상",
        "SALE_AMT": 390.0
      },
      {
        "YYYYMM": "202509",
        "BRD_CD": "X",
        "CHNL_CD": "CN8",
        "CHNL_NM": "(OFF)대리상",
        "SALE_AMT": 3056662.0
      },
      {
        "YYYYMM": "202509",
        "BRD_CD": "X",
        "CHNL_CD": null,
        "CHNL_NM": null,
        "SALE_AMT": 0.0
      },
      {
        "YYYYMM": "202508",
        "BRD_CD": "X",
        "CHNL_CD": "CN1",
        "CHNL_NM": "(EC)티몰",
        "SALE_AMT": 2542372.35
      },
      {
        "YYYYMM": "202508",
        "BRD_CD": "X",
        "CHNL_CD": "CN2",
        "CHNL_NM": "(EC)틱톡/JD",
        "SALE_AMT": 218546.01
      },
      {
        "YYYYMM": "202508",
        "BRD_CD": "X",
        "CHNL_CD": "CN5",
        "CHNL_NM": "(OFF)쇼핑몰",
        "SALE_AMT": 1080244.0
      },
      {
        "YYYYMM": "202508",
        "BRD_CD": "X",
        "CHNL_CD": "CN8",
        "CHNL_NM": "(OFF)대리상",
        "SALE_AMT": 3179484.0
      },
      {
        "YYYYMM": "202508",
        "BRD_CD": "X",
        "CHNL_CD": null,
        "CHNL_NM": null,
        "SALE_AMT": 0.0
      },
      {
        "YYYYMM": "202507",
        "BRD_CD": "X",
        "CHNL_CD": "CN1",
        "CHNL_NM": "(EC)티몰",
        "SALE_AMT": 251707.57000000007
      },
      {
        "YYYYMM": "202507",
        "BRD_CD": "X",
        "CHNL_CD": "CN2",
        "CHNL_NM": "(EC)틱톡/JD",
        "SALE_AMT": 138.73000000000047
      },
      {
        "YYYYMM": "202507",
        "BRD_CD": "X",
        "CHNL_CD": "CN5",
        "CHNL_NM": "(OFF)쇼핑몰",
        "SALE_AMT": 469927.0
      },
      {
        "YYYYMM": "202507",
        "BRD_CD": "X",
        "CHNL_CD": "CN8",
        "CHNL_NM": "(OFF)대리상",
        "SALE_AMT": 2261938.9
      },
      {
        "YYYYMM": "202507",
        "BRD_CD": "X",
        "CHNL_CD": null,
        "CHNL_NM": null,
        "SALE_AMT": 0.0
      },
      {
        "YYYYMM": "202506",
        "BRD_CD": "X",
        "CHNL_CD": "CN1",
        "CHNL_NM": "(EC)티몰",
        "SALE_AMT": 667743.01
      },
      {
        "YYYYMM": "202506",
        "BRD_CD": "X",
        "CHNL_CD": "CN2",
        "CHNL_NM": "(EC)틱톡/JD",
        "SALE_AMT": 43878.020000000004
      },
      {
        "YYYYMM": "202506",
        "BRD_CD": "X",
        "CHNL_CD": "CN5",
        "CHNL_NM": "(OFF)쇼핑몰",
        "SALE_AMT": 490948.0
      },
      {
        "YYYYMM": "202506",
        "BRD_CD": "X",
        "CHNL_CD": "CN8",
        "CHNL_NM": "(OFF)대리상",
        "SALE_AMT": 1584614.0
      },
      {
        "YYYYMM": "202506",
        "BRD_CD": "X",
        "CHNL_CD": null,
        "CHNL_NM": null,
        "SALE_AMT": 0.0
      },
      {
        "YYYYMM": "202505",
        "BRD_CD": "X",
        "CHNL_CD": "CN1",
        "CHNL_NM": "(EC)티몰",
        "SALE_AMT": 763334.77
      },
      {
        "YYYYMM": "202505",
        "BRD_CD": "X",
        "CHNL_CD": "CN2",
        "CHNL_NM": "(EC)틱톡/JD",
        "SALE_AMT": 29864.0
      },
      {
        "YYYYMM": "202505",
        "BRD_CD": "X",
        "CHNL_CD": "CN5",
        "CHNL_NM": "(OFF)쇼핑몰",
        "SALE_AMT": 538717.0
      },
      {
        "YYYYMM": "202505",
        "BRD_CD": "X",
        "CHNL_CD": "CN8",
        "CHNL_NM": "(OFF)대리상",
        "SALE_AMT": 1650613.0
      },
      {
        "YYYYMM": "202505",
        "BRD_CD": "X",
        "CHNL_CD": null,
        "CHNL_NM": null,
        "SALE_AMT": 0.0
      },
      {
        "YYYYMM": "202504",
        "BRD_CD": "X",
        "CHNL_CD": "CN1",
        "CHNL_NM": "(EC)티몰",
        "SALE_AMT": 434580.91000000003
      },
      {
        "YYYYMM": "202504",
        "BRD_CD": "X",
        "CHNL_CD": "CN2",
        "CHNL_NM": "(EC)틱톡/JD",
        "SALE_AMT": 19801.559999999998
      },
      {
        "YYYYMM": "202504",
        "BRD_CD": "X",
        "CHNL_CD": "CN5",
        "CHNL_NM": "(OFF)쇼핑몰",
        "SALE_AMT": 605476.0
      },
      {
        "YYYYMM": "202504",
        "BRD_CD": "X",
        "CHNL_CD": "CN8",
        "CHNL_NM": "(OFF)대리상",
        "SALE_AMT": 1074418.0
      },
      {
        "YYYYMM": "202504",
        "BRD_CD": "X",
        "CHNL_CD": null,
        "CHNL_NM": null,
        "SALE_AMT": 0.0
      },
      {
        "YYYYMM": "202503",
        "BRD_CD": "X",
        "CHNL_CD": "CN1",
        "CHNL_NM": "(EC)티몰",
        "SALE_AMT": 599680.7699999998
      },
      {
        "YYYYMM": "202503",
        "BRD_CD": "X",
        "CHNL_CD": "CN2",
        "CHNL_NM": "(EC)틱톡/JD",
        "SALE_AMT": 0.0
      },
      {
        "YYYYMM": "202503",
        "BRD_CD": "X",
        "CHNL_CD": "CN5",
        "CHNL_NM": "(OFF)쇼핑몰",
        "SALE_AMT": 443286.0
      },
      {
        "YYYYMM": "202503",
        "BRD_CD": "X",
        "CHNL_CD": "CN8",
        "CHNL_NM": "(OFF)대리상",
        "SALE_AMT": 934077.0
      },
      {
        "YYYYMM": "202503",
        "BRD_CD": "X",
        "CHNL_CD": null,
        "CHNL_NM": null,
        "SALE_AMT": 0.0
      },
      {
        "YYYYMM": "202502",
        "BRD_CD": "X",
        "CHNL_CD": "CN1",
        "CHNL_NM": "(EC)티몰",
        "SALE_AMT": 876976.76
      },
      {
        "YYYYMM": "202502",
        "BRD_CD": "X",
        "CHNL_CD": "CN5",
        "CHNL_NM": "(OFF)쇼핑몰",
        "SALE_AMT": 496994.0
      },
      {
        "YYYYMM": "202502",
        "BRD_CD": "X",
        "CHNL_CD": "CN8",
        "CHNL_NM": "(OFF)대리상",
        "SALE_AMT": 803040.0
      },
      {
        "YYYYMM": "202502",
        "BRD_CD": "X",
        "CHNL_CD": null,
        "CHNL_NM": null,
        "SALE_AMT": 0.0
      },
      {
        "YYYYMM": "202501",
        "BRD_CD": "X",
        "CHNL_CD": "CN1",
        "CHNL_NM": "(EC)티몰",
        "SALE_AMT": 235145.63
      },
      {
        "YYYYMM": "202501",
        "BRD_CD": "X",
        "CHNL_CD": "CN5",
        "CHNL_NM": "(OFF)쇼핑몰",
        "SALE_AMT": 944995.0
      }
    ],
    "total_records_count": 52
  }
}