{
  "country": "CN",
  "brand_cd": "X",
  "brand_name": "DISCOVERY",
  "yyyymm": "202509",
  "yyyymm_py": "202409",
  "key": "출고매출",
  "sub_key": "카테고리별매출분석",
  "analysis_data": {
    "title": "출고카테고리별 매출분석",
    "sections": [
      {
        "sub_title": "분석 결과",
        "ai_text": "{\n  \"title\": \"카테고리별 수익성 분석 (당해 전년 주요변화)\",\n  \"sections\": [\n    {\n      \"div\": \"ACC\",\n      \"sub_title\": \"ACC 전년대비 주요 변화\",\n      \"ai_text\": \"ACC 카테고리는 전년 1k에서 당해 1,384k로 145,604.9% 폭증하며 전체 매출의 13.1%를 차지하는 성장 카테고리로 부상했습니다.\\n\\n**강세 아이템 분석:**\\n• 신발: '벨리스' 259k, '글라이드 비브람' 132k로 신발 카테고리가 ACC 매출의 33.1%를 담당\\n• 모자류: '디스커버러 볼캡' 70k, '어썸 볼캡' 51k, '라쿤 블렌디드 비니' 76k로 안정적 성과\\n• 기능성 액세서리: '폴라텍 라이트 윈터 글로브' 58k, '리프레임 호보 크로스백' 50k로 실용성 중심 제품 강세\\n\\n**전략적 시사점:**\\nACC 카테고리는 완전히 새로운 포트폴리오로 재편되었으며, 모든 주요 제품이 신규 론칭 아이템입니다. 특히 신발과 모자류가 핵심 성장 동력으로 작용하고 있어 이 분야의 지속적 확장이 필요합니다.\\n\\n**단기 전략:** 신발 라인업 확대 및 계절성 액세서리(비니, 장갑) 재고 최적화\\n**중장기 전략:** ACC를 독립적 수익 카테고리로 육성하여 의류 의존도 완화\"\n    },\n    {\n      \"div\": \"의류\",\n      \"sub_title\": \"의류 전년대비 주요 변화\",\n      \"ai_text\": \"의류 카테고리는 전년 68k에서 당해 9,126k로 13,296.7% 급성장하며 전체 매출의 86.4%를 차지하는 핵심 카테고리입니다.\\n\\n**강세 아이템 분석:**\\n• 점퍼류: '베르텍스 우븐 본딩 3IN1 방수' 1,598k가 단일 제품 최고 매출 기록\\n• 방풍자켓: '여성 베르텍스 크롭 3L 방수' 512k, '고어텍스 3L 방수' 485k로 기능성 자켓 강세\\n• 다운점퍼: '여성 티베른 튜브 구스다운' 399k, '남성 올버트 구스다운' 366k로 프리미엄 다운 제품군 성과 우수\\n\\n**약세 아이템 분석:**\\n• 기존 제품 대부분이 매출 감소 또는 중단: '남성 레스터G 구스다운' (-5k→0k), '여성 레스터G 하이넥 구스다운' (-6k→0k)\\n• 베르텍스A 시리즈 부진: '남성 베르텍스A 컬러블럭' -1k, '여성 베르텍스A 반슬리' 0k로 리뉴얼 필요\\n\\n**전략적 시사점:**\\n의류는 완전한 제품 포트폴리오 교체를 통해 성장했으며, 기능성과 프리미엄화가 핵심 성공 요인입니다. 하지만 기존 제품군의 전면적 단종은 브랜드 연속성 측면에서 리스크 요소입니다.\\n\\n**단기 전략:** 베르텍스 시리즈와 고어텍스 라인 확대, 약세 제품군 리뉴얼\\n**중장기 전략:** 프리미엄 아웃도어 포지셔닝 강화 및 사계절 제품군 균형 구축\"\n    },\n    {\n      \"div\": \"종합분석-1\",\n      \"sub_title\": \"카테고리별 수익성 종합 평가\",\n      \"ai_text\": \"DISCOVERY 브랜드는 2024년 9월 대비 2025년 9월 15,185.0%라는 폭발적 성장을 기록하며 전체 매출이 69k에서 10,558k로 급증했습니다.\\n\\n**매출 구조 분석:**\\n• 의류: 9,126k (86.4%) - 절대적 매출 기여 카테고리\\n• ACC: 1,384k (13.1%) - 신규 성장 동력\\n• 기타: 47k (0.4%) - 미분류 제품군\\n\\n**수익성 구조 특징:**\\n• 의류는 전통적 강세 카테고리로서 안정적 매출 기반 제공\\n• ACC는 높은 성장률(145,604.9%)로 향후 수익 다각화 가능성 제시\\n• 전체적으로 신규 제품 중심의 포트폴리오 재편으로 브랜드 리뉴얼 성공\\n\\n**카테고리별 기여도:**\\n의류가 압도적 비중을 차지하지만, ACC의 급성장은 브랜드 확장성과 수익 안정성 측면에서 매우 긍정적 신호입니다. 다만 기존 제품군의 전면적 교체는 고객 충성도 관리 측면에서 지속적 모니터링이 필요합니다.\"\n    },\n    {\n      \"div\": \"종합분석-2\",\n      \"sub_title\": \"성장 카테고리 및 기회\",\n      \"ai_text\": \"**핵심 성장 카테고리:**\\n• 기능성 아웃도어: 베르텍스, 고어텍스 기술 기반 제품군이 매출의 30% 이상 기여\\n• 프리미엄 다운: 구스다운 제품군이 1,000k 이상 매출 달성\\n• 신발/액세서리: 완전 신규 진출 영역에서 400k 이상 매출 창출\\n\\n**성장 동력 분석:**\\n• 기술적 차별화: 방수, 투습, 보온 등 기능성 강화로 프리미엄 가격 정당성 확보\\n• 시즌 최적화: 겨울철 아웃도어 제품군 집중으로 계절적 수요 극대화\\n• 카테고리 확장: 의류에서 ACC로 영역 확장하여 토털 아웃도어 브랜드 포지셔닝\\n\\n**향후 기회 요소:**\\n• 신발 카테고리: 391k 매출로 ACC 내 28.2% 비중, 추가 확장 여지 충분\\n• 여성 제품군: 크롭 자켓, 튜브 다운 등 여성 전용 디자인 제품 강세로 타겟 확대 가능\\n• 3IN1 시스템: 다기능 제품에 대한 높은 선호도로 시스템 제품군 확대 기회\\n\\n**단기 확장 전략:** 성공 제품군의 컬러/사이즈 확대 및 유사 기능 제품 라인업 보강\\n**중장기 기회:** 사계절 아웃도어 생활 전반으로 제품군 확장\"\n    },\n    {\n      \"div\": \"종합분석-3\",\n      \"sub_title\": \"주의 필요 카테고리\",\n      \"ai_text\": \"**고위험 제품군:**\\n• 기존 다운 제품: 레스터G 시리즈 완전 매출 중단 (-11k), 올튼 퍼텍스 퀀텀 (-2k) 등 기존 프리미엄 라인 부진\\n• 베르텍스A 시리즈: 컬러블럭 (-1k), 반슬리 (0k) 등 A라인 전반적 성과 저조\\n• 트레이닝웨어: 여성 우븐 트레이닝 자켓 매출 중단으로 캐주얼 라인 공백\\n\\n**구조적 리스크:**\\n• 제품 생명주기: 전년 주력 제품 대부분이 1년 만에 매출 중단으로 제품 지속성 문제\\n• 브랜드 연속성: 급진적 포트폴리오 변화로 기존 고객층 이탈 위험\\n• 계절 편중: 겨울 아웃도어 제품 집중으로 사계절 매출 안정성 우려\\n\\n**카테고리별 주의사항:**\\n• 의류: 기존 제품군 전면 교체로 인한 브랜드 아이덴티티 혼재 가능성\\n• ACC: 신규 진출 영역으로 품질 관리 및 A/S 체계 미비 우려\\n• 미분류(null): 47k 매출 중 상당 부분이 카테고리 미지정으로 관리 체계 정비 필요\\n\\n**개선 방향:**\\n• 단기: 약세 제품 리뉴얼 및 재론칭 전략 수립\\n• 중기: 사계절 균형 잡힌 제품 포트폴리오 구축\\n• 장기: 브랜드 헤리티지와 혁신의 조화로운 발전 방향 설정\"\n    },\n    {\n      \"div\": \"종합분석-4\",\n      \"sub_title\": \"이상징후 및 리스크 감지\",\n      \"ai_text\": \"**주요 이상징후:**\\n• 극단적 성장률: 15,185.0% 성장은 정상적 비즈니스 성장을 초과하는 수준으로 기준년도 데이터 검증 필요\\n• 제품 포트폴리오 완전 교체: 전년 주력 제품 대부분 매출 중단으로 비즈니스 연속성 의문\\n• 음수 매출: '남성 베르텍스A 컬러블럭' -1k, '남성 올튼 퍼텍스 퀀텀' -2k 등 반품/교환 이슈 의심\\n\\n**데이터 품질 리스크:**\\n• null 카테고리: 47k 매출이 미분류 상태로 데이터 관리 체계 점검 필요\\n• 중국어 제품명: 'DX小号购物袋', 'DX中号购物袋' 등 해외 전용 제품 혼재\\n• 제품명 null: 일부 제품의 제품명이 누락되어 재고 관리 시스템 점검 필요\\n\\n**비즈니스 리스크:**\\n• 과도한 신제품 의존: 신규 제품 비중 95% 이상으로 시장 검증 부족 리스크\\n• 계절성 편중: 겨울 제품 집중으로 오프시즌 매출 공백 우려\\n• 품질 관리: 급속한 제품군 확장으로 품질 관리 체계 부족 가능성\\n\\n**시장 리스크:**\\n• 경쟁 대응: 프리미엄 아웃도어 시장 진입으로 기존 강자들과의 경쟁 심화\\n• 가격 정책: 고가 제품군 집중으로 경기 민감도 증가\\n• 유통 채널: 새로운 제품군에 대한 유통업체 수용성 검증 필요\\n\\n**즉시 대응 필요사항:**\\n• 전년 동월 데이터 재검증 및 성장률 정확성 확인\\n• 음수 매출 제품의 반품/교환 사유 분석\\n• 제품 분류 체계 정비 및 데이터 품질 관리 강화\"\n    },\n    {\n      \"div\": \"종합분석-5\",\n      \"sub_title\": \"카테고리별 전략 최적화 방안\",\n      \"ai_text\": \"**의류 카테고리 최적화:**\\n• 즉시 실행: 베르텍스 우븐 본딩(1,598k) 성공 모델 기반 유사 제품군 2-3개 추가 개발\\n• 단기(3개월): 약세 베르텍스A 시리즈 디자인 리뉴얼 및 가격 재조정\\n• 중기(6개월): 사계절 균형 위해 봄/여름 경량 아웃도어 라인 20% 확대\\n• 장기(1년): 프리미엄 다운 제품군을 중심으로 연간 매출 12,000k 목표 설정\\n\\n**ACC 카테고리 최적"
      }
    ]
  },
  "summary": {
    "total_sales_cy": 10558.0,
    "total_sales_py": 69.0,
    "change_pct": 15185.0,
    "total_records": 797,
    "analysis_period": "2024년 9월 vs 2025년 9월"
  },
  "category_analysis": {
    "의류": {
      "current_total": 9126.0,
      "previous_total": 68.0,
      "change_pct": 13296.7,
      "strong_items": [
        {
          "item_nm": "점퍼",
          "prdt_nm": "베르텍스 우븐 본딩 3IN1 방수",
          "current_sale": 1598.0,
          "previous_sale": 0,
          "change_pct": 999.9,
          "type": "신규"
        },
        {
          "item_nm": "점퍼",
          "prdt_nm": "고어텍스 2L 다운 3IN1 방수 자",
          "current_sale": 681.0,
          "previous_sale": 0,
          "change_pct": 999.9,
          "type": "신규"
        },
        {
          "item_nm": "방풍자켓",
          "prdt_nm": "여성 베르텍스 크롭 3L 방수 자",
          "current_sale": 512.0,
          "previous_sale": 0,
          "change_pct": 999.9,
          "type": "신규"
        },
        {
          "item_nm": "방풍자켓",
          "prdt_nm": "고어텍스 3L 방수 자켓",
          "current_sale": 485.0,
          "previous_sale": 0,
          "change_pct": 999.9,
          "type": "신규"
        },
        {
          "item_nm": "방풍자켓",
          "prdt_nm": "남성 베르텍스 3L 방수 자켓",
          "current_sale": 449.0,
          "previous_sale": 0,
          "change_pct": 999.9,
          "type": "신규"
        },
        {
          "item_nm": "다운점퍼",
          "prdt_nm": "여성 티베른 튜브 구스다운 경",
          "current_sale": 399.0,
          "previous_sale": 0,
          "change_pct": 999.9,
          "type": "신규"
        },
        {
          "item_nm": "다운점퍼",
          "prdt_nm": "남성 올버트 구스다운 경량패",
          "current_sale": 366.0,
          "previous_sale": 0,
          "change_pct": 999.9,
          "type": "신규"
        },
        {
          "item_nm": "방풍자켓",
          "prdt_nm": "여성 고어텍스 3L 방수 자켓",
          "current_sale": 343.0,
          "previous_sale": 0,
          "change_pct": 999.9,
          "type": "신규"
        },
        {
          "item_nm": "방풍자켓",
          "prdt_nm": "베르텍스 사파리 자켓",
          "current_sale": 307.0,
          "previous_sale": 0,
          "change_pct": 999.9,
          "type": "신규"
        },
        {
          "item_nm": "다운점퍼",
          "prdt_nm": "여성 베르겐 고어 윈드스토퍼",
          "current_sale": 293.0,
          "previous_sale": 0,
          "change_pct": 999.9,
          "type": "신규"
        }
      ],
      "weak_items": [
        {
          "item_nm": "방풍자켓",
          "prdt_nm": "남성 베르텍스A 컬러블럭 3L 자",
          "current_sale": -1.0,
          "previous_sale": 1.0,
          "change_pct": -206.1,
          "type": "기존"
        },
        {
          "item_nm": "다운점퍼",
          "prdt_nm": "남성 올튼 퍼텍스 퀀텀 구스다",
          "current_sale": -2.0,
          "previous_sale": 2.0,
          "change_pct": -182.9,
          "type": "기존"
        },
        {
          "item_nm": "다운점퍼",
          "prdt_nm": "남성 레스터G 구스다운 숏패딩",
          "current_sale": 0.0,
          "previous_sale": 5.0,
          "change_pct": -100.0,
          "type": "기존"
        },
        {
          "item_nm": "다운점퍼",
          "prdt_nm": "여성 레스터G 하이넥 구스다운",
          "current_sale": 0.0,
          "previous_sale": 6.0,
          "change_pct": -100.0,
          "type": "기존"
        },
        {
          "item_nm": "방풍자켓",
          "prdt_nm": "여성 베르텍스A 반슬리 3L 자켓",
          "current_sale": 0.0,
          "previous_sale": 1.0,
          "change_pct": -100.0,
          "type": "기존"
        },
        {
          "item_nm": "다운점퍼",
          "prdt_nm": "여성 베르겐 고어 윈드스토퍼",
          "current_sale": 0.0,
          "previous_sale": 9.0,
          "change_pct": -100.0,
          "type": "기존"
        },
        {
          "item_nm": "다운점퍼",
          "prdt_nm": "남성 샌드루 구스다운 경량패",
          "current_sale": 0.0,
          "previous_sale": 2.0,
          "change_pct": -100.0,
          "type": "기존"
        },
        {
          "item_nm": "트레이닝(상의)",
          "prdt_nm": "여성 우븐 트레이닝 자켓",
          "current_sale": 0.0,
          "previous_sale": 1.0,
          "change_pct": -100.0,
          "type": "기존"
        },
        {
          "item_nm": "다운점퍼",
          "prdt_nm": "남성 베르겐 고어 윈드스토퍼",
          "current_sale": 0.0,
          "previous_sale": 3.0,
          "change_pct": -100.0,
          "type": "기존"
        },
        {
          "item_nm": "방풍자켓",
          "prdt_nm": "남성 베르텍스A 반슬리 3L 자켓",
          "current_sale": 0.0,
          "previous_sale": 1.0,
          "change_pct": -100.0,
          "type": "기존"
        }
      ]
    },
    "ACC": {
      "current_total": 1384.0,
      "previous_total": 1.0,
      "change_pct": 145604.9,
      "strong_items": [
        {
          "item_nm": "신발",
          "prdt_nm": "벨리스",
          "current_sale": 259.0,
          "previous_sale": 0,
          "change_pct": 999.9,
          "type": "신규"
        },
        {
          "item_nm": "신발",
          "prdt_nm": "글라이드 비브람",
          "current_sale": 132.0,
          "previous_sale": 0,
          "change_pct": 999.9,
          "type": "신규"
        },
        {
          "item_nm": "비니",
          "prdt_nm": "라쿤 블렌디드 비니",
          "current_sale": 76.0,
          "previous_sale": 0,
          "change_pct": 999.9,
          "type": "신규"
        },
        {
          "item_nm": "운동모",
          "prdt_nm": "디스커버러 볼캡",
          "current_sale": 70.0,
          "previous_sale": 0,
          "change_pct": 999.9,
          "type": "신규"
        },
        {
          "item_nm": "신발",
          "prdt_nm": "벨리스",
          "current_sale": 68.0,
          "previous_sale": 0,
          "change_pct": 999.9,
          "type": "신규"
        },
        {
          "item_nm": "장갑",
          "prdt_nm": "폴라텍 라이트 윈터 글로브",
          "current_sale": 58.0,
          "previous_sale": 0,
          "change_pct": 999.9,
          "type": "신규"
        },
        {
          "item_nm": "비니",
          "prdt_nm": "컨투어 그래픽 자카드 논커프",
          "current_sale": 52.0,
          "previous_sale": 0,
          "change_pct": 999.9,
          "type": "신규"
        },
        {
          "item_nm": "운동모",
          "prdt_nm": "어썸 볼캡",
          "current_sale": 51.0,
          "previous_sale": 0,
          "change_pct": 999.9,
          "type": "신규"
        },
        {
          "item_nm": "크로스백",
          "prdt_nm": "리프레임 호보 크로스백",
          "current_sale": 50.0,
          "previous_sale": 0,
          "change_pct": 999.9,
          "type": "신규"
        },
        {
          "item_nm": "운동모",
          "prdt_nm": "코듀로이 볼캡",
          "current_sale": 47.0,
          "previous_sale": 0,
          "change_pct": 999.9,
          "type": "신규"
        }
      ],
      "weak_items": []
    },
    "null": {
      "current_total": 47.0,
      "previous_total": 0.0,
      "change_pct": 0,
      "strong_items": [
        {
          "item_nm": null,
          "prdt_nm": "리프레임 크로스백",
          "current_sale": 17.0,
          "previous_sale": 0,
          "change_pct": 999.9,
          "type": "신규"
        },
        {
          "item_nm": null,
          "prdt_nm": "에어 스플리트 백팩 25",
          "current_sale": 15.0,
          "previous_sale": 0,
          "change_pct": 999.9,
          "type": "신규"
        },
        {
          "item_nm": null,
          "prdt_nm": "아웃도어 트레킹 하이 삭스",
          "current_sale": 11.0,
          "previous_sale": 0,
          "change_pct": 999.9,
          "type": "신규"
        },
        {
          "item_nm": null,
          "prdt_nm": "에어 스플리트 백팩 17",
          "current_sale": 10.0,
          "previous_sale": 0,
          "change_pct": 999.9,
          "type": "신규"
        },
        {
          "item_nm": null,
          "prdt_nm": "남성 스몰로고 반팔티셔츠",
          "current_sale": 9.0,
          "previous_sale": 0,
          "change_pct": 999.9,
          "type": "신규"
        },
        {
          "item_nm": null,
          "prdt_nm": "여성 스몰로고 반팔티셔츠",
          "current_sale": 8.0,
          "previous_sale": 0,
          "change_pct": 999.9,
          "type": "신규"
        },
        {
          "item_nm": null,
          "prdt_nm": "에어 스플리트 미니 크로스백",
          "current_sale": 5.0,
          "previous_sale": 0,
          "change_pct": 999.9,
          "type": "신규"
        },
        {
          "item_nm": null,
          "prdt_nm": "DX小号购物袋",
          "current_sale": 0.0,
          "previous_sale": 0,
          "change_pct": 999.9,
          "type": "신규"
        },
        {
          "item_nm": null,
          "prdt_nm": null,
          "current_sale": 0.0,
          "previous_sale": 0,
          "change_pct": 999.9,
          "type": "신규"
        },
        {
          "item_nm": null,
          "prdt_nm": "DX中号购物袋",
          "current_sale": 0.0,
          "previous_sale": 0,
          "change_pct": 999.9,
          "type": "신규"
        }
      ],
      "weak_items": []
    }
  },
  "raw_data": {
    "sample_records": [
      {
        "YYYYMM": "202409",
        "BRD_CD": "X",
        "LARGE_CLASS_NM": "의류",
        "MIDDLE_CLASS_NM": "Outer",
        "ITEM_NM": "다운점퍼",
        "PRDT_CD": "X24FDMDJC1946",
        "PRDT_NM": "남성 베르겐 고어 윈드스토퍼",
        "SALE_AMT": 2900.0
      },
      {
        "YYYYMM": "202509",
        "BRD_CD": "X",
        "LARGE_CLASS_NM": "의류",
        "MIDDLE_CLASS_NM": "Outer",
        "ITEM_NM": "다운점퍼",
        "PRDT_CD": "X24FDMDJC1146",
        "PRDT_NM": "남성 올버트 구스다운 경량패",
        "SALE_AMT": 0.0
      },
      {
        "YYYYMM": "202509",
        "BRD_CD": "X",
        "LARGE_CLASS_NM": "의류",
        "MIDDLE_CLASS_NM": "Inner",
        "ITEM_NM": "트레이닝(상의)",
        "PRDT_CD": "X24FDMTR31044",
        "PRDT_NM": "남성 우븐 하이넥 트레이닝 자",
        "SALE_AMT": 959.0
      },
      {
        "YYYYMM": "202509",
        "BRD_CD": "X",
        "LARGE_CLASS_NM": "ACC",
        "MIDDLE_CLASS_NM": "Bag",
        "ITEM_NM": "백팩",
        "PRDT_CD": "X25NDXBK5025N",
        "PRDT_NM": "에어 스플리트 백팩 17",
        "SALE_AMT": 3197.0
      },
      {
        "YYYYMM": "202509",
        "BRD_CD": "X",
        "LARGE_CLASS_NM": "의류",
        "MIDDLE_CLASS_NM": "Inner",
        "ITEM_NM": "긴팔티셔츠",
        "PRDT_CD": "X25FDMRL3E054",
        "PRDT_NM": "남성 그래핀 그리드 플리스 긴",
        "SALE_AMT": 41944.67
      },
      {
        "YYYYMM": "202509",
        "BRD_CD": "X",
        "LARGE_CLASS_NM": "의류",
        "MIDDLE_CLASS_NM": "Bottom",
        "ITEM_NM": "팬츠",
        "PRDT_CD": "X25FDWPT97056",
        "PRDT_NM": "여성 스트링포인트 기모안감",
        "SALE_AMT": 0.0
      },
      {
        "YYYYMM": "202509",
        "BRD_CD": "X",
        "LARGE_CLASS_NM": "의류",
        "MIDDLE_CLASS_NM": "Bottom",
        "ITEM_NM": "팬츠",
        "PRDT_CD": "X24FDMPT7C046",
        "PRDT_NM": "남성 고프코어 기모 파라슈트",
        "SALE_AMT": 0.0
      },
      {
        "YYYYMM": "202509",
        "BRD_CD": "X",
        "LARGE_CLASS_NM": "의류",
        "MIDDLE_CLASS_NM": "Bottom",
        "ITEM_NM": "팬츠",
        "PRDT_CD": "X24FDMPT79046",
        "PRDT_NM": "남성 루즈핏 기모안감 팬츠",
        "SALE_AMT": 0.0
      },
      {
        "YYYYMM": "202509",
        "BRD_CD": "X",
        "LARGE_CLASS_NM": "의류",
        "MIDDLE_CLASS_NM": "Outer",
        "ITEM_NM": "방풍자켓",
        "PRDT_CD": "X25SDMWJ33051",
        "PRDT_NM": "베르텍스 남성 반슬리 자켓",
        "SALE_AMT": -4361.44
      },
      {
        "YYYYMM": "202509",
        "BRD_CD": "X",
        "LARGE_CLASS_NM": "의류",
        "MIDDLE_CLASS_NM": "Outer",
        "ITEM_NM": "소프트쉘",
        "PRDT_CD": "X25FDWSS3B054",
        "PRDT_NM": "여성 폴라텍 그리드 플리스 자",
        "SALE_AMT": 0.0
      },
      {
        "YYYYMM": "202509",
        "BRD_CD": "X",
        "LARGE_CLASS_NM": "의류",
        "MIDDLE_CLASS_NM": "Inner",
        "ITEM_NM": "맨투맨",
        "PRDT_CD": "X24FDWMT91046",
        "PRDT_NM": "여성 세미크롭 기모 맨투맨",
        "SALE_AMT": -1425.69
      },
      {
        "YYYYMM": "202509",
        "BRD_CD": "X",
        "LARGE_CLASS_NM": "의류",
        "MIDDLE_CLASS_NM": "Inner",
        "ITEM_NM": "반팔카라티셔츠",
        "PRDT_CD": "X25SDMTS6K053",
        "PRDT_NM": "프레시벤트 남성 에어닷 우븐",
        "SALE_AMT": -34259.66
      },
      {
        "YYYYMM": "202509",
        "BRD_CD": "X",
        "LARGE_CLASS_NM": null,
        "MIDDLE_CLASS_NM": null,
        "ITEM_NM": null,
        "PRDT_CD": "XXE11011222",
        "PRDT_NM": "DX小号购物袋",
        "SALE_AMT": 0.0
      },
      {
        "YYYYMM": "202409",
        "BRD_CD": "X",
        "LARGE_CLASS_NM": "의류",
        "MIDDLE_CLASS_NM": "Outer",
        "ITEM_NM": "방풍자켓",
        "PRDT_CD": "X24FDMWJ3C044",
        "PRDT_NM": "남성 베르텍스A 컬러블럭 3L 자",
        "SALE_AMT": 1318.66
      },
      {
        "YYYYMM": "202409",
        "BRD_CD": "X",
        "LARGE_CLASS_NM": "의류",
        "MIDDLE_CLASS_NM": "Outer",
        "ITEM_NM": "다운점퍼",
        "PRDT_CD": "X24FDWDJC1146",
        "PRDT_NM": "여성 올버트 구스다운 경량패",
        "SALE_AMT": 1340.46
      },
      {
        "YYYYMM": "202509",
        "BRD_CD": "X",
        "LARGE_CLASS_NM": "의류",
        "MIDDLE_CLASS_NM": "Outer",
        "ITEM_NM": "다운점퍼",
        "PRDT_CD": "X24FDWDJC1646",
        "PRDT_NM": "여성 픽토르 구스다운 경량패",
        "SALE_AMT": 1940.0
      },
      {
        "YYYYMM": "202509",
        "BRD_CD": "X",
        "LARGE_CLASS_NM": "의류",
        "MIDDLE_CLASS_NM": "Bottom",
        "ITEM_NM": "팬츠",
        "PRDT_CD": "X25SDMPT63053",
        "PRDT_NM": "프레시벤트 남성 에센셜 레귤",
        "SALE_AMT": -31978.94
      },
      {
        "YYYYMM": "202509",
        "BRD_CD": "X",
        "LARGE_CLASS_NM": "의류",
        "MIDDLE_CLASS_NM": "Bottom",
        "ITEM_NM": "스커트",
        "PRDT_CD": "X25FDWSK43054",
        "PRDT_NM": "여성 파라슈트 벌룬 스커트",
        "SALE_AMT": 8199.630000000001
      },
      {
        "YYYYMM": "202509",
        "BRD_CD": "X",
        "LARGE_CLASS_NM": "의류",
        "MIDDLE_CLASS_NM": "Inner",
        "ITEM_NM": "후드티",
        "PRDT_CD": "X25FDXHD55056",
        "PRDT_NM": "아웃도어 백그래픽 기모 후드",
        "SALE_AMT": 0.0
      },
      {
        "YYYYMM": "202509",
        "BRD_CD": "X",
        "LARGE_CLASS_NM": "의류",
        "MIDDLE_CLASS_NM": "Outer",
        "ITEM_NM": "다운점퍼",
        "PRDT_CD": "X25FDMDJ51056",
        "PRDT_NM": "남성 멀티포켓 다운 경량패딩",
        "SALE_AMT": 0.0
      },
      {
        "YYYYMM": "202509",
        "BRD_CD": "X",
        "LARGE_CLASS_NM": "의류",
        "MIDDLE_CLASS_NM": "Outer",
        "ITEM_NM": "다운점퍼",
        "PRDT_CD": "X24FDWDJC1246",
        "PRDT_NM": "여성 디하스 튜브 구스다운 경",
        "SALE_AMT": 0.0
      },
      {
        "YYYYMM": "202509",
        "BRD_CD": "X",
        "LARGE_CLASS_NM": "의류",
        "MIDDLE_CLASS_NM": "Inner",
        "ITEM_NM": "맨투맨",
        "PRDT_CD": "X25SDMMT39051",
        "PRDT_NM": "남성 기능성 소재 맨투맨",
        "SALE_AMT": -1894.52
      },
      {
        "YYYYMM": "202509",
        "BRD_CD": "X",
        "LARGE_CLASS_NM": "의류",
        "MIDDLE_CLASS_NM": "Inner",
        "ITEM_NM": "트레이닝(상의)",
        "PRDT_CD": "X24FDWTR41044",
        "PRDT_NM": "여성 크롭 트레이닝 후드형 자",
        "SALE_AMT": 3150.0
      },
      {
        "YYYYMM": "202509",
        "BRD_CD": "X",
        "LARGE_CLASS_NM": "ACC",
        "MIDDLE_CLASS_NM": "Headwear",
        "ITEM_NM": "운동모",
        "PRDT_CD": "X25NDXCP7065N",
        "PRDT_NM": "워싱 코튼 컬러블럭 캠프캡",
        "SALE_AMT": 4154.969999999999
      },
      {
        "YYYYMM": "202509",
        "BRD_CD": "X",
        "LARGE_CLASS_NM": "의류",
        "MIDDLE_CLASS_NM": "Bottom",
        "ITEM_NM": "팬츠",
        "PRDT_CD": "X25FDWPT93056",
        "PRDT_NM": "여성 파라슈트 기모안감 카고",
        "SALE_AMT": 0.0
      },
      {
        "YYYYMM": "202509",
        "BRD_CD": "X",
        "LARGE_CLASS_NM": "의류",
        "MIDDLE_CLASS_NM": "Bottom",
        "ITEM_NM": "팬츠",
        "PRDT_CD": "X24FDWPT92046",
        "PRDT_NM": "여성 입체포켓 기모 파라슈트",
        "SALE_AMT": 0.0
      },
      {
        "YYYYMM": "202509",
        "BRD_CD": "X",
        "LARGE_CLASS_NM": "의류",
        "MIDDLE_CLASS_NM": "Bottom",
        "ITEM_NM": "팬츠",
        "PRDT_CD": "X25FDMPT3I054",
        "PRDT_NM": "남성 벨티드 파라슈트 카고팬",
        "SALE_AMT": 65593.84
      },
      {
        "YYYYMM": "202509",
        "BRD_CD": "X",
        "LARGE_CLASS_NM": null,
        "MIDDLE_CLASS_NM": null,
        "ITEM_NM": null,
        "PRDT_CD": "X25NDXBK1115NCN",
        "PRDT_NM": "리프레임 라운드 백팩",
        "SALE_AMT": -17063.96
      },
      {
        "YYYYMM": "202509",
        "BRD_CD": "X",
        "LARGE_CLASS_NM": "의류",
        "MIDDLE_CLASS_NM": "Inner",
        "ITEM_NM": "긴팔티셔츠",
        "PRDT_CD": "X25FDMRL37054",
        "PRDT_NM": "남성 델타픽 반하이넥 긴팔티",
        "SALE_AMT": 78719.68
      },
      {
        "YYYYMM": "202509",
        "BRD_CD": "X",
        "LARGE_CLASS_NM": "의류",
        "MIDDLE_CLASS_NM": "Outer",
        "ITEM_NM": "방풍자켓",
        "PRDT_CD": "X25SDMWJ37051",
        "PRDT_NM": "베르텍스 남성 리버티 바람막",
        "SALE_AMT": 490.5
      },
      {
        "YYYYMM": "202509",
        "BRD_CD": "X",
        "LARGE_CLASS_NM": "의류",
        "MIDDLE_CLASS_NM": "Bottom",
        "ITEM_NM": "스윔웨어 하의",
        "PRDT_CD": "X24SDMSB63043",
        "PRDT_NM": "프레시벤트 남성 2IN1 보드숏",
        "SALE_AMT": 0.0
      },
      {
        "YYYYMM": "202509",
        "BRD_CD": "X",
        "LARGE_CLASS_NM": "의류",
        "MIDDLE_CLASS_NM": "Inner",
        "ITEM_NM": "스윔웨어",
        "PRDT_CD": "X24SDXSW75043",
        "PRDT_NM": "메인크루 백그래픽 워터 반팔",
        "SALE_AMT": -3105.07
      },
      {
        "YYYYMM": "202509",
        "BRD_CD": "X",
        "LARGE_CLASS_NM": "의류",
        "MIDDLE_CLASS_NM": "Outer",
        "ITEM_NM": "다운점퍼",
        "PRDT_CD": "X25FDWDJ62056",
        "PRDT_NM": "여성 레스터G 구스다운 숏패딩",
        "SALE_AMT": 78000.02
      },
      {
        "YYYYMM": "202509",
        "BRD_CD": "X",
        "LARGE_CLASS_NM": "의류",
        "MIDDLE_CLASS_NM": "Inner",
        "ITEM_NM": "반팔티셔츠",
        "PRDT_CD": "X25SDWRS99053",
        "PRDT_NM": "프레시벤트 여성 워싱 크롭 아",
        "SALE_AMT": -8216.5
      },
      {
        "YYYYMM": "202509",
        "BRD_CD": "X",
        "LARGE_CLASS_NM": "의류",
        "MIDDLE_CLASS_NM": "Bottom",
        "ITEM_NM": "레깅스",
        "PRDT_CD": "X25SDWLG43051",
        "PRDT_NM": "여성 우븐 하이브리드 레깅스",
        "SALE_AMT": 0.0
      },
      {
        "YYYYMM": "202509",
        "BRD_CD": "X",
        "LARGE_CLASS_NM": "ACC",
        "MIDDLE_CLASS_NM": "Shoes",
        "ITEM_NM": "신발",
        "PRDT_CD": "X25NDXSH5155N",
        "PRDT_NM": "벨리스",
        "SALE_AMT": 259034.1
      },
      {
        "YYYYMM": "202509",
        "BRD_CD": "X",
        "LARGE_CLASS_NM": "의류",
        "MIDDLE_CLASS_NM": "Inner",
        "ITEM_NM": "맨투맨",
        "PRDT_CD": "X24FDMMT37044",
        "PRDT_NM": "남성 우븐 맨투맨",
        "SALE_AMT": 519.0
      },
      {
        "YYYYMM": "202509",
        "BRD_CD": "X",
        "LARGE_CLASS_NM": "의류",
        "MIDDLE_CLASS_NM": "Outer",
        "ITEM_NM": "소프트쉘",
        "PRDT_CD": "X24FDMSS77046",
        "PRDT_NM": "남성 패딩 하이브리드 플리스",
        "SALE_AMT": 0.0
      },
      {
        "YYYYMM": "202509",
        "BRD_CD": "X",
        "LARGE_CLASS_NM": "의류",
        "MIDDLE_CLASS_NM": "Outer",
        "ITEM_NM": "다운점퍼",
        "PRDT_CD": "X24FDWDJC1846",
        "PRDT_NM": "여성 베르겐 고어 윈드스토퍼",
        "SALE_AMT": 0.0
      },
      {
        "YYYYMM": "202509",
        "BRD_CD": "X",
        "LARGE_CLASS_NM": "의류",
        "MIDDLE_CLASS_NM": "Inner",
        "ITEM_NM": "긴팔티셔츠",
        "PRDT_CD": "X25FDXRL2C054",
        "PRDT_NM": "빅로고 그래픽 기능성 긴팔티",
        "SALE_AMT": 48705.79
      },
      {
        "YYYYMM": "202409",
        "BRD_CD": "X",
        "LARGE_CLASS_NM": "의류",
        "MIDDLE_CLASS_NM": "Outer",
        "ITEM_NM": "방풍자켓",
        "PRDT_CD": "X24FDWWJ4B044",
        "PRDT_NM": "여성 미드기장 3L 윈드자켓",
        "SALE_AMT": 1390.0
      },
      {
        "YYYYMM": "202509",
        "BRD_CD": "X",
        "LARGE_CLASS_NM": "의류",
        "MIDDLE_CLASS_NM": "Outer",
        "ITEM_NM": "다운점퍼",
        "PRDT_CD": "X25FDXDJCA056",
        "PRDT_NM": "유니 반슬리 구스다운 숏패딩",
        "SALE_AMT": 0.0
      },
      {
        "YYYYMM": "202509",
        "BRD_CD": "X",
        "LARGE_CLASS_NM": "의류",
        "MIDDLE_CLASS_NM": "Bottom",
        "ITEM_NM": "스윔웨어 하의",
        "PRDT_CD": "X25SDWSBL2053",
        "PRDT_NM": "프레시벤트 여성 에센셜 워터",
        "SALE_AMT": 0.0
      },
      {
        "YYYYMM": "202509",
        "BRD_CD": "X",
        "LARGE_CLASS_NM": "의류",
        "MIDDLE_CLASS_NM": "Outer",
        "ITEM_NM": "다운점퍼",
        "PRDT_CD": "X25FDWDJ7B056",
        "PRDT_NM": "여성 베르겐 고어 윈드스토퍼",
        "SALE_AMT": 292627.96
      },
      {
        "YYYYMM": "202509",
        "BRD_CD": "X",
        "LARGE_CLASS_NM": "의류",
        "MIDDLE_CLASS_NM": "Wear_etc",
        "ITEM_NM": "브라",
        "PRDT_CD": "X25SDWBR41051",
        "PRDT_NM": "프레시벤트 우먼스 크롭 데일",
        "SALE_AMT": 290.0
      },
      {
        "YYYYMM": "202409",
        "BRD_CD": "X",
        "LARGE_CLASS_NM": "의류",
        "MIDDLE_CLASS_NM": "Bottom",
        "ITEM_NM": "팬츠",
        "PRDT_CD": "X24FDMPT3A044",
        "PRDT_NM": "남성 파라슈트 카고팬츠",
        "SALE_AMT": 1455.03
      },
      {
        "YYYYMM": "202509",
        "BRD_CD": "X",
        "LARGE_CLASS_NM": "의류",
        "MIDDLE_CLASS_NM": "Bottom",
        "ITEM_NM": "스윔웨어 하의",
        "PRDT_CD": "X24SDMSB73043",
        "PRDT_NM": "프레시벤트 남성 메인크루 그",
        "SALE_AMT": -3024.02
      },
      {
        "YYYYMM": "202409",
        "BRD_CD": "X",
        "LARGE_CLASS_NM": "ACC",
        "MIDDLE_CLASS_NM": "Bag",
        "ITEM_NM": "슬링백",
        "PRDT_CD": "X24NDXSG1574N",
        "PRDT_NM": "크러스트 슬링백",
        "SALE_AMT": 0.0
      },
      {
        "YYYYMM": "202409",
        "BRD_CD": "X",
        "LARGE_CLASS_NM": "의류",
        "MIDDLE_CLASS_NM": "Outer",
        "ITEM_NM": "다운점퍼",
        "PRDT_CD": "X24FDWDJC2946",
        "PRDT_NM": "여성 올튼 퍼텍스 퀀텀 구스다",
        "SALE_AMT": 2300.0
      },
      {
        "YYYYMM": "202509",
        "BRD_CD": "X",
        "LARGE_CLASS_NM": "의류",
        "MIDDLE_CLASS_NM": "Outer",
        "ITEM_NM": "다운점퍼",
        "PRDT_CD": "X24FDMDJ57046",
        "PRDT_NM": "남성 구스다운 롱패딩",
        "SALE_AMT": 0.0
      }
    ],
    "total_records_count": 797
  }
}