{
  "country": "CN",
  "brand_cd": "M",
  "brand_name": "MLB",
  "yyyymm": "202508",
  "yyyymm_py": "202408",
  "key": "영업비",
  "sub_key": "종합분석",
  "analysis_data": {
    "title": "영업비 종합분석",
    "sections": [
      {
        "div": "종합분석-1",
        "sub_title": "전년/당해 동월 비교 (202408 VS 202508)",
        "ai_text": "**전년 동월(202408) 대비 당해당월(202508) 영업비 분석**\n\n총 영업비는 30,047k에서 29,229k로 818k(-2.7%) 감소하여 비용 효율성이 개선되었습니다. 매출액(v+)은 545,633k에서 602,270k로 56,637k(+10.4%) 증가하여 매출 대비 영업비율이 5.5%에서 4.9%로 0.6%p 개선되었습니다.\n\n**주요 계정별 변화:**\n- 광고비: 18,050k → 15,096k (-2,954k, -16.4%) 대폭 감소로 마케팅 효율성 제고\n- 지급수수료: 736k → 1,627k (+891k, +121.1%) 급증, 온라인 수수료 증가 추정\n- 임차료: 1,539k → 1,917k (+378k, +24.5%) 증가, 매장 확장 또는 임대료 상승\n- 인건비: 6,728k → 7,147k (+419k, +6.2%) 소폭 증가\n- 복리후생비: 2,169k → 2,378k (+209k, +9.6%) 증가\n\n**전략적 포인트:**\n광고비 절감에도 불구하고 매출이 크게 증가한 것은 마케팅 ROI가 현저히 개선되었음을 시사합니다. 다만 지급수수료 급증은 온라인 채널 확대에 따른 것으로 보이며, 수수료율 협상이 필요합니다."
      },
      {
        "div": "종합분석-2",
        "sub_title": "누적 YTD 비교 (전년 누적 VS 당해 누적)",
        "ai_text": "**전년 누적(202401~202408) 대비 당해 누적(202501~202508) 영업비 분석**\n\n총 영업비는 196,091k에서 212,321k로 16,230k(+8.3%) 증가했으나, 매출액(v+)이 3,078,270k에서 3,287,329k로 209,059k(+6.8%) 증가하여 매출 대비 영업비율이 6.4%에서 6.5%로 0.1%p 상승했습니다.\n\n**주요 계정별 변화:**\n- 광고비: 78,111k → 87,875k (+9,764k, +12.5%) 브랜드 투자 확대\n- 지급수수료: 8,955k → 14,331k (+5,376k, +60.0%) 온라인 수수료 급증\n- 임차료: 11,951k → 13,229k (+1,278k, +10.7%) 매장 운영비 증가\n- 수주회비: 8,661k → 11,669k (+3,008k, +34.7%) 이벤트 투자 확대\n- 복리후생비: 17,368k → 19,275k (+1,907k, +11.0%) 인력 투자 증가\n\n**주목할 변화:**\n- 세금과공과: 8,302k → 5,685k (-2,617k, -31.5%) 대폭 감소\n- 감가상각비: 3,896k → 2,986k (-910k, -23.4%) 감소\n- 기타비용: 4,055k → 2,058k (-1,997k, -49.2%) 절반 수준으로 감소\n\n누적 관점에서 매출 증가율(+6.8%) 대비 영업비 증가율(+8.3%)이 높아 비용 관리 강화가 필요합니다."
      },
      {
        "div": "종합분석-3",
        "sub_title": "1년 추세 분석 (2024년 1월 ~ 2025년 8월, 202401~202508)",
        "ai_text": "**20개월 월별 추이 분석 (202401~202508)**\n\n**계절성 패턴:**\n- 광고비는 1월(22,569k → 14,248k), 8월(18,050k → 15,096k)에 집중 투자하는 패턴 유지\n- 수주회비는 6월(8,658k), 7월(5,811k)에 집중되는 하계 이벤트 패턴\n- 매출액(v+)은 1월, 8월이 피크를 보이는 계절성 뚜렷\n\n**주요 트렌드:**\n1. **광고비 효율성 개선**: 2024년 월평균 9,764k에서 2025년 월평균 10,985k로 투자 증가하되, 매출 대비 비중은 감소\n2. **지급수수료 급증**: 2024년 월평균 1,119k에서 2025년 월평균 1,791k로 60% 증가\n3. **임차료 안정화**: 월 1,500~1,900k 수준에서 안정적 유지\n4. **인건비 변동성**: 2025년 2월(2,235k), 3월 급감 후 정상화\n\n**특이사항:**\n- 202408 수주회비 -208k (환급 발생)\n- 202503 인건비 2,235k로 급감 (인력 조정 추정)\n- 202505 지급수수료 2,978k로 최고치 기록\n\n**운영 효율성**: 2025년 들어 기타비용이 크게 감소(월평균 437k → 258k)하여 운영 효율성이 개선되었습니다."
      },
      {
        "div": "종합분석-4",
        "sub_title": "법인 전체 대비 브랜드 비중 분석 (MLB vs 법인 전체)",
        "ai_text": "**MLB 브랜드의 법인 전체 대비 영업비 비중 분석**\n\n**당해당월(202508) 비중:**\nMLB 브랜드가 법인 전체(MLB + MLB KIDS + DISCOVERY + DUVETICA + SERGIO TACCHINI + SUPRA) 영업비의 80.8%(29,229k/36,152k)를 차지하여 압도적 비중을 보입니다.\n\n**계정별 비중 분석:**\n- 임차료: 100.0% (1,917k/1,917k) - MLB가 모든 매장 운영\n- 세금과공과: 100.0% (402k/402k) - MLB 단독 부담\n- 지급수수료: 97.9% (1,627k/1,662k) - 거의 MLB 집중\n- 감가상각비: 98.3% (459k/467k) - MLB 자산 집중\n- 복리후생비: 80.6% (2,378k/2,948k) - 인력의 80% 수준\n- 인건비: 79.0% (7,147k/9,051k) - 법인 인력의 79%\n- 광고비: 77.9% (15,096k/19,380k) - 마케팅 투자 집중\n- 기타비용: 62.4% (203k/325k) - 상대적으로 낮은 비중\n\n**당해 누적(202501~202508) 비중:**\n연간 누적 기준으로도 81.3%(212,321k/261,254k)의 높은 비중을 유지하고 있습니다.\n\n**전략적 의미:**\nMLB가 F&F 그룹 내 핵심 브랜드로서 영업비의 80% 이상을 차지하는 것은 브랜드 포트폴리오 전략 상 자연스러우나, 다른 브랜드들의 성장을 위한 투자 배분도 고려해야 합니다."
      },
      {
        "div": "종합분석-5",
        "sub_title": "전략적 시사점",
        "ai_text": "**종합 평가:**\nMLB 브랜드는 영업비 효율성 개선과 매출 성장을 동시에 달성하며 양호한 성과를 보이고 있습니다. 특히 광고비 절감에도 불구하고 매출이 증가한 것은 마케팅 ROI 개선의 긍정적 신호입니다.\n\n**단기 전략 방향 (향후 3개월):**\n- **지급수수료 최적화**: 온라인 채널 수수료율 재협상으로 월 200~300k 절감 목표\n- **광고비 ROI 모니터링**: 현재의 효율적 광고 집행 방식 유지 및 성과 측정 체계 강화\n- **임차료 관리**: 신규 매장 개설 시 수익성 분석 강화로 월 임차료 1,900k 수준 유지\n- **계절성 대응**: 9~12월 광고비 배분 최적화로 연말 매출 극대화\n\n**중장기 전략 방향 (향후 1년):**\n- **디지털 전환 가속화**: 온라인 매출 비중 확대에 따른 오프라인 비용 구조 재설계\n- **브랜드 포트폴리오 균형**: MLB 외 브랜드 성장을 위한 영업비 재배분 검토\n- **비용 구조 혁신**: 고정비(임차료, 인건비) 대비 변동비(광고비, 수수료) 비중 조정\n- **수익성 중심 성장**: 매출 대비 영업비율 5% 이하 유지를 통한 지속가능한 성장 모델 구축\n\n**핵심 KPI 관리:**\n매출 대비 영업비율 5% 이하 유지, 광고비 ROI 지속 개선, 온라인 수수료율 3% 이하 달성을 목표로 설정하여 월별 모니터링을 강화해야 합니다."
      }
    ]
  },
  "summary": {
    "current_month_expense": 29229.0,
    "previous_month_expense": 30047.0,
    "current_ytd_expense": 212321.0,
    "previous_ytd_expense": 196091.0,
    "total_records": 177,
    "analysis_period_month": "2024년 8월 VS 2025년 8월",
    "analysis_period_ytd": "2024년 1월~2024년 8월 VS 2025년 1월~2025년 8월",
    "trend_period": "2024년 1월 ~ 2025년 8월 (202401~202508)"
  },
  "month_comparison": {
    "previous_month": {
      "ad_cst_oprt": 18050.0,
      "slry_csy_oprt": 6728.0,
      "emp_bnft_cst_oprt": 2169.0,
      "pmt_cms_oprt": 736.0,
      "shop_rnt_oprt": 1539.0,
      "evnt_cst_oprt": -208.0,
      "tax_cst_oprt": 288.0,
      "deprc_cst_oprt": 502.0,
      "etc_cst_oprt": 243.0,
      "sale_amt": 545633.0,
      "sale_amt_vat": 469696.0
    },
    "current_month": {
      "ad_cst_oprt": 15096.0,
      "slry_csy_oprt": 7147.0,
      "emp_bnft_cst_oprt": 2378.0,
      "pmt_cms_oprt": 1627.0,
      "shop_rnt_oprt": 1917.0,
      "evnt_cst_oprt": 0.0,
      "tax_cst_oprt": 402.0,
      "deprc_cst_oprt": 459.0,
      "etc_cst_oprt": 203.0,
      "sale_amt": 602270.0,
      "sale_amt_vat": 520730.0
    }
  },
  "ytd_comparison": {
    "previous_ytd": {
      "ad_cst_oprt": 78111.0,
      "slry_csy_oprt": 54792.0,
      "emp_bnft_cst_oprt": 17368.0,
      "pmt_cms_oprt": 8955.0,
      "shop_rnt_oprt": 11951.0,
      "evnt_cst_oprt": 8661.0,
      "tax_cst_oprt": 8302.0,
      "deprc_cst_oprt": 3896.0,
      "etc_cst_oprt": 4055.0,
      "sale_amt": 3078270.0,
      "sale_amt_vat": 4380066.0
    },
    "current_ytd": {
      "ad_cst_oprt": 87875.0,
      "slry_csy_oprt": 55213.0,
      "emp_bnft_cst_oprt": 19275.0,
      "pmt_cms_oprt": 14331.0,
      "shop_rnt_oprt": 13229.0,
      "evnt_cst_oprt": 11669.0,
      "tax_cst_oprt": 5685.0,
      "deprc_cst_oprt": 2986.0,
      "etc_cst_oprt": 2058.0,
      "sale_amt": 3287329.0,
      "sale_amt_vat": 4579895.0
    }
  },
  "trend_by_month": {
    "202401": {
      "ad_cst_oprt": 22569.0,
      "slry_csy_oprt": 6241.0,
      "emp_bnft_cst_oprt": 3507.0,
      "pmt_cms_oprt": 1034.0,
      "shop_rnt_oprt": 1254.0,
      "evnt_cst_oprt": 0.0,
      "tax_cst_oprt": 3155.0,
      "deprc_cst_oprt": 494.0,
      "etc_cst_oprt": 1694.0,
      "sale_amt": 671766.0,
      "sale_amt_vat": 640175.0
    },
    "202402": {
      "ad_cst_oprt": 8098.0,
      "slry_csy_oprt": 9718.0,
      "emp_bnft_cst_oprt": 2130.0,
      "pmt_cms_oprt": 1397.0,
      "shop_rnt_oprt": 1528.0,
      "evnt_cst_oprt": 211.0,
      "tax_cst_oprt": 177.0,
      "deprc_cst_oprt": 491.0,
      "etc_cst_oprt": 257.0,
      "sale_amt": 259034.0,
      "sale_amt_vat": 666628.0
    },
    "202403": {
      "ad_cst_oprt": 7502.0,
      "slry_csy_oprt": 5020.0,
      "emp_bnft_cst_oprt": 1925.0,
      "pmt_cms_oprt": 1040.0,
      "shop_rnt_oprt": 1528.0,
      "evnt_cst_oprt": 0.0,
      "tax_cst_oprt": 221.0,
      "deprc_cst_oprt": 491.0,
      "etc_cst_oprt": 348.0,
      "sale_amt": 394537.0,
      "sale_amt_vat": 556519.0
    },
    "202404": {
      "ad_cst_oprt": 9656.0,
      "slry_csy_oprt": 6605.0,
      "emp_bnft_cst_oprt": 1711.0,
      "pmt_cms_oprt": 1434.0,
      "shop_rnt_oprt": 1524.0,
      "evnt_cst_oprt": 0.0,
      "tax_cst_oprt": 166.0,
      "deprc_cst_oprt": 478.0,
      "etc_cst_oprt": 408.0,
      "sale_amt": 383297.0,
      "sale_amt_vat": 554257.0
    },
    "202405": {
      "ad_cst_oprt": 5177.0,
      "slry_csy_oprt": 6849.0,
      "emp_bnft_cst_oprt": 1963.0,
      "pmt_cms_oprt": 1142.0,
      "shop_rnt_oprt": 1526.0,
      "evnt_cst_oprt": 0.0,
      "tax_cst_oprt": 1956.0,
      "deprc_cst_oprt": 488.0,
      "etc_cst_oprt": 182.0,
      "sale_amt": 265539.0,
      "sale_amt_vat": 572526.0
    },
    "202406": {
      "ad_cst_oprt": 3002.0,
      "slry_csy_oprt": 6984.0,
      "emp_bnft_cst_oprt": 2107.0,
      "pmt_cms_oprt": 1277.0,
      "shop_rnt_oprt": 1526.0,
      "evnt_cst_oprt": 8658.0,
      "tax_cst_oprt": 1453.0,
      "deprc_cst_oprt": 476.0,
      "etc_cst_oprt": 624.0,
      "sale_amt": 230175.0,
      "sale_amt_vat": 489726.0
    },
    "202407": {
      "ad_cst_oprt": 4059.0,
      "slry_csy_oprt": 6647.0,
      "emp_bnft_cst_oprt": 1856.0,
      "pmt_cms_oprt": 896.0,
      "shop_rnt_oprt": 1526.0,
      "evnt_cst_oprt": 0.0,
      "tax_cst_oprt": 886.0,
      "deprc_cst_oprt": 476.0,
      "etc_cst_oprt": 299.0,
      "sale_amt": 328288.0,
      "sale_amt_vat": 430538.0
    },
    "202408": {
      "ad_cst_oprt": 18050.0,
      "slry_csy_oprt": 6728.0,
      "emp_bnft_cst_oprt": 2169.0,
      "pmt_cms_oprt": 736.0,
      "shop_rnt_oprt": 1539.0,
      "evnt_cst_oprt": -208.0,
      "tax_cst_oprt": 288.0,
      "deprc_cst_oprt": 502.0,
      "etc_cst_oprt": 243.0,
      "sale_amt": 545633.0,
      "sale_amt_vat": 469696.0
    },
    "202409": {
      "ad_cst_oprt": 15587.0,
      "slry_csy_oprt": 6658.0,
      "emp_bnft_cst_oprt": 2335.0,
      "pmt_cms_oprt": 1372.0,
      "shop_rnt_oprt": 1546.0,
      "evnt_cst_oprt": 0.0,
      "tax_cst_oprt": 1557.0,
      "deprc_cst_oprt": 506.0,
      "etc_cst_oprt": 336.0,
      "sale_amt": 588999.0,
      "sale_amt_vat": 476613.0
    },
    "202410": {
      "ad_cst_oprt": 12843.0,
      "slry_csy_oprt": 6760.0,
      "emp_bnft_cst_oprt": 2242.0,
      "pmt_cms_oprt": 1525.0,
      "shop_rnt_oprt": 1656.0,
      "evnt_cst_oprt": 0.0,
      "tax_cst_oprt": 299.0,
      "deprc_cst_oprt": 511.0,
      "etc_cst_oprt": 349.0,
      "sale_amt": 469366.0,
      "sale_amt_vat": 717644.0
    },
    "202411": {
      "ad_cst_oprt": 11209.0,
      "slry_csy_oprt": 6628.0,
      "emp_bnft_cst_oprt": 2254.0,
      "pmt_cms_oprt": 530.0,
      "shop_rnt_oprt": 1606.0,
      "evnt_cst_oprt": 0.0,
      "tax_cst_oprt": 332.0,
      "deprc_cst_oprt": 511.0,
      "etc_cst_oprt": 767.0,
      "sale_amt": 322527.0,
      "sale_amt_vat": 692810.0
    },
    "202412": {
      "ad_cst_oprt": 9274.0,
      "slry_csy_oprt": 6506.0,
      "emp_bnft_cst_oprt": 2841.0,
      "pmt_cms_oprt": 1691.0,
      "shop_rnt_oprt": 1675.0,
      "evnt_cst_oprt": 0.0,
      "tax_cst_oprt": 2609.0,
      "deprc_cst_oprt": 347.0,
      "etc_cst_oprt": 437.0,
      "sale_amt": 409136.0,
      "sale_amt_vat": 719210.0
    },
    "202501": {
      "ad_cst_oprt": 14248.0,
      "slry_csy_oprt": 11741.0,
      "emp_bnft_cst_oprt": 3982.0,
      "pmt_cms_oprt": 1123.0,
      "shop_rnt_oprt": 1675.0,
      "evnt_cst_oprt": 5787.0,
      "tax_cst_oprt": 1322.0,
      "deprc_cst_oprt": 348.0,
      "etc_cst_oprt": 234.0,
      "sale_amt": 549448.0,
      "sale_amt_vat": 918471.0
    },
    "202502": {
      "ad_cst_oprt": 11936.0,
      "slry_csy_oprt": 6605.0,
      "emp_bnft_cst_oprt": 2477.0,
      "pmt_cms_oprt": 1276.0,
      "shop_rnt_oprt": 1678.0,
      "evnt_cst_oprt": 0.0,
      "tax_cst_oprt": 1577.0,
      "deprc_cst_oprt": 350.0,
      "etc_cst_oprt": 225.0,
      "sale_amt": 398424.0,
      "sale_amt_vat": 449152.0
    },
    "202503": {
      "ad_cst_oprt": 12296.0,
      "slry_csy_oprt": 2235.0,
      "emp_bnft_cst_oprt": 1989.0,
      "pmt_cms_oprt": 2397.0,
      "shop_rnt_oprt": 1676.0,
      "evnt_cst_oprt": 71.0,
      "tax_cst_oprt": 217.0,
      "deprc_cst_oprt": 357.0,
      "etc_cst_oprt": 257.0,
      "sale_amt": 458020.0,
      "sale_amt_vat": 570034.0
    },
    "202504": {
      "ad_cst_oprt": 8443.0,
      "slry_csy_oprt": 7193.0,
      "emp_bnft_cst_oprt": 2158.0,
      "pmt_cms_oprt": 1704.0,
      "shop_rnt_oprt": 1522.0,
      "evnt_cst_oprt": 0.0,
      "tax_cst_oprt": 170.0,
      "deprc_cst_oprt": 359.0,
      "etc_cst_oprt": 318.0,
      "sale_amt": 330937.0,
      "sale_amt_vat": 555173.0
    },
    "202505": {
      "ad_cst_oprt": 9836.0,
      "slry_csy_oprt": 6695.0,
      "emp_bnft_cst_oprt": 2317.0,
      "pmt_cms_oprt": 2978.0,
      "shop_rnt_oprt": 1426.0,
      "evnt_cst_oprt": 0.0,
      "tax_cst_oprt": 1026.0,
      "deprc_cst_oprt": 330.0,
      "etc_cst_oprt": 263.0,
      "sale_amt": 280695.0,
      "sale_amt_vat": 616285.0
    },
    "202506": {
      "ad_cst_oprt": 8221.0,
      "slry_csy_oprt": 6751.0,
      "emp_bnft_cst_oprt": 1766.0,
      "pmt_cms_oprt": 1308.0,
      "shop_rnt_oprt": 1435.0,
      "evnt_cst_oprt": 0.0,
      "tax_cst_oprt": 196.0,
      "deprc_cst_oprt": 340.0,
      "etc_cst_oprt": 233.0,
      "sale_amt": 289073.0,
      "sale_amt_vat": 488588.0
    },
    "202507": {
      "ad_cst_oprt": 7798.0,
      "slry_csy_oprt": 6847.0,
      "emp_bnft_cst_oprt": 2207.0,
      "pmt_cms_oprt": 1918.0,
      "shop_rnt_oprt": 1900.0,
      "evnt_cst_oprt": 5811.0,
      "tax_cst_oprt": 774.0,
      "deprc_cst_oprt": 444.0,
      "etc_cst_oprt": 325.0,
      "sale_amt": 378462.0,
      "sale_amt_vat": 461462.0
    },
    "202508": {
      "ad_cst_oprt": 15096.0,
      "slry_csy_oprt": 7147.0,
      "emp_bnft_cst_oprt": 2378.0,
      "pmt_cms_oprt": 1627.0,
      "shop_rnt_oprt": 1917.0,
      "evnt_cst_oprt": 0.0,
      "tax_cst_oprt": 402.0,
      "deprc_cst_oprt": 459.0,
      "etc_cst_oprt": 203.0,
      "sale_amt": 602270.0,
      "sale_amt_vat": 520730.0
    }
  },
  "brand_vs_all_brands": {
    "current_month": {
      "brand_total": 29229.0,
      "all_brands_total": 36152.0,
      "ratio": 80.8,
      "by_account": {
        "ad_cst_oprt": {
          "brand": 15096.0,
          "all_brands": 19380.0,
          "ratio": 77.9
        },
        "slry_csy_oprt": {
          "brand": 7147.0,
          "all_brands": 9051.0,
          "ratio": 79.0
        },
        "emp_bnft_cst_oprt": {
          "brand": 2378.0,
          "all_brands": 2948.0,
          "ratio": 80.6
        },
        "pmt_cms_oprt": {
          "brand": 1627.0,
          "all_brands": 1662.0,
          "ratio": 97.9
        },
        "shop_rnt_oprt": {
          "brand": 1917.0,
          "all_brands": 1917.0,
          "ratio": 100.0
        },
        "evnt_cst_oprt": {
          "brand": 0.0,
          "all_brands": 0.0,
          "ratio": 0.0
        },
        "tax_cst_oprt": {
          "brand": 402.0,
          "all_brands": 402.0,
          "ratio": 100.0
        },
        "deprc_cst_oprt": {
          "brand": 459.0,
          "all_brands": 467.0,
          "ratio": 98.3
        },
        "etc_cst_oprt": {
          "brand": 203.0,
          "all_brands": 325.0,
          "ratio": 62.4
        }
      }
    },
    "current_ytd": {
      "brand_total": 212321.0,
      "all_brands_total": 261254.0,
      "ratio": 81.3
    }
  },
  "all_brands_summary": {
    "current_month": {
      "ad_cst_oprt": 19380.0,
      "slry_csy_oprt": 9051.0,
      "emp_bnft_cst_oprt": 2948.0,
      "pmt_cms_oprt": 1662.0,
      "shop_rnt_oprt": 1917.0,
      "evnt_cst_oprt": 0.0,
      "tax_cst_oprt": 402.0,
      "deprc_cst_oprt": 467.0,
      "etc_cst_oprt": 325.0,
      "sale_amt": 635073.0,
      "sale_amt_vat": 555217.0
    },
    "previous_month": {
      "ad_cst_oprt": 18993.0,
      "slry_csy_oprt": 7534.0,
      "emp_bnft_cst_oprt": 2464.0,
      "pmt_cms_oprt": 736.0,
      "shop_rnt_oprt": 1539.0,
      "evnt_cst_oprt": -208.0,
      "tax_cst_oprt": 288.0,
      "deprc_cst_oprt": 508.0,
      "etc_cst_oprt": 273.0,
      "sale_amt": 568354.0,
      "sale_amt_vat": 496726.0
    },
    "current_ytd": {
      "ad_cst_oprt": 115379.0,
      "slry_csy_oprt": 69164.0,
      "emp_bnft_cst_oprt": 22955.0,
      "pmt_cms_oprt": 16205.0,
      "shop_rnt_oprt": 13229.0,
      "evnt_cst_oprt": 12816.0,
      "tax_cst_oprt": 5685.0,
      "deprc_cst_oprt": 3016.0,
      "etc_cst_oprt": 2805.0,
      "sale_amt": 3468068.0,
      "sale_amt_vat": 4834830.0
    },
    "previous_ytd": {
      "ad_cst_oprt": 92411.0,
      "slry_csy_oprt": 64987.0,
      "emp_bnft_cst_oprt": 20176.0,
      "pmt_cms_oprt": 9967.0,
      "shop_rnt_oprt": 11951.0,
      "evnt_cst_oprt": 9557.0,
      "tax_cst_oprt": 8302.0,
      "deprc_cst_oprt": 3946.0,
      "etc_cst_oprt": 4345.0,
      "sale_amt": 3256760.0,
      "sale_amt_vat": 4643175.0
    }
  },
  "raw_data": {
    "sample_records": [
      {
        "PST_YYYYMM": "202408",
        "BRD_CD": "M",
        "MGMT_CHNL_NM": "(OFF)대리상",
        "SALE_AMT": 419510865.32,
        "SALE_AMT_VAT": 356827933.69911516,
        "AD_CST_OPRT": 13922092.76,
        "SLRY_CSY_OPRT": 4291627.06,
        "EMP_BNFT_CST_OPRT": 1365153.61,
        "PMT_CMS_OPRT": 540812.32,
        "SHOP_RNT_OPRT": 918293.96,
        "EVNT_CST_OPRT": -160050.28,
        "TAX_CST_OPRT": 221925.75,
        "DEPRC_CST_OPRT": 339133.74,
        "ETC_CST_OPRT": 165609.15
      },
      {
        "PST_YYYYMM": "202412",
        "BRD_CD": "M",
        "MGMT_CHNL_NM": "(OFF)플래그쉽",
        "SALE_AMT": 6723918.0,
        "SALE_AMT_VAT": 5950369.911504425,
        "AD_CST_OPRT": 153862.69,
        "SLRY_CSY_OPRT": 128229.01,
        "EMP_BNFT_CST_OPRT": 53041.02,
        "PMT_CMS_OPRT": 38101.17,
        "SHOP_RNT_OPRT": 23803.34,
        "EVNT_CST_OPRT": 0.0,
        "TAX_CST_OPRT": 43286.31,
        "DEPRC_CST_OPRT": 5505.12,
        "ETC_CST_OPRT": 10502.13
      },
      {
        "PST_YYYYMM": "202505",
        "BRD_CD": "M",
        "MGMT_CHNL_NM": "(OFF)아울렛",
        "SALE_AMT": 24370916.0,
        "SALE_AMT_VAT": 21567182.30088496,
        "AD_CST_OPRT": 811412.84,
        "SLRY_CSY_OPRT": 798511.22,
        "EMP_BNFT_CST_OPRT": 282491.11,
        "PMT_CMS_OPRT": 305734.68,
        "SHOP_RNT_OPRT": 143035.64,
        "EVNT_CST_OPRT": 0.0,
        "TAX_CST_OPRT": 84651.16,
        "DEPRC_CST_OPRT": 29588.5,
        "ETC_CST_OPRT": 32052.78
      },
      {
        "PST_YYYYMM": "202407",
        "BRD_CD": "M",
        "MGMT_CHNL_NM": "(OFF)플래그쉽",
        "SALE_AMT": 5094110.0,
        "SALE_AMT_VAT": 4508061.946902655,
        "AD_CST_OPRT": 63557.41,
        "SLRY_CSY_OPRT": 112279.99,
        "EMP_BNFT_CST_OPRT": 32403.91,
        "PMT_CMS_OPRT": 13586.3,
        "SHOP_RNT_OPRT": 20201.4,
        "EVNT_CST_OPRT": 0.0,
        "TAX_CST_OPRT": 13867.82,
        "DEPRC_CST_OPRT": 6921.98,
        "ETC_CST_OPRT": 5360.56
      },
      {
        "PST_YYYYMM": "202412",
        "BRD_CD": "M",
        "MGMT_CHNL_NM": "(EC)대리상",
        "SALE_AMT": 29945058.6,
        "SALE_AMT_VAT": 95415603.37504424,
        "AD_CST_OPRT": 685228.62,
        "SLRY_CSY_OPRT": 601656.13,
        "EMP_BNFT_CST_OPRT": 278553.04,
        "PMT_CMS_OPRT": 132570.08,
        "SHOP_RNT_OPRT": 192289.63,
        "EVNT_CST_OPRT": 0.0,
        "TAX_CST_OPRT": 192776.2,
        "DEPRC_CST_OPRT": 30293.77,
        "ETC_CST_OPRT": 33720.34
      },
      {
        "PST_YYYYMM": "202504",
        "BRD_CD": "M",
        "MGMT_CHNL_NM": "(OFF)아울렛",
        "SALE_AMT": 21814303.0,
        "SALE_AMT_VAT": 19304692.920353983,
        "AD_CST_OPRT": 532388.47,
        "SLRY_CSY_OPRT": 702065.79,
        "EMP_BNFT_CST_OPRT": 217813.6,
        "PMT_CMS_OPRT": 91851.11,
        "SHOP_RNT_OPRT": 104556.76,
        "EVNT_CST_OPRT": 0.0,
        "TAX_CST_OPRT": 10739.74,
        "DEPRC_CST_OPRT": 23694.57,
        "ETC_CST_OPRT": 37550.65
      },
      {
        "PST_YYYYMM": "202406",
        "BRD_CD": "M",
        "MGMT_CHNL_NM": "(OFF)아울렛",
        "SALE_AMT": 18221232.0,
        "SALE_AMT_VAT": 16124984.070796462,
        "AD_CST_OPRT": 213429.36,
        "SLRY_CSY_OPRT": 511883.15,
        "EMP_BNFT_CST_OPRT": 154898.91,
        "PMT_CMS_OPRT": 91092.06,
        "SHOP_RNT_OPRT": 100248.77,
        "EVNT_CST_OPRT": 615555.04,
        "TAX_CST_OPRT": 103336.33,
        "DEPRC_CST_OPRT": 32650.14,
        "ETC_CST_OPRT": 40873.74
      },
      {
        "PST_YYYYMM": "202503",
        "BRD_CD": "M",
        "MGMT_CHNL_NM": "(EC)티몰",
        "SALE_AMT": 38316374.18,
        "SALE_AMT_VAT": 33908295.73451328,
        "AD_CST_OPRT": 1034393.63,
        "SLRY_CSY_OPRT": 352778.62,
        "EMP_BNFT_CST_OPRT": 154387.85,
        "PMT_CMS_OPRT": 250792.5,
        "SHOP_RNT_OPRT": 138161.4,
        "EVNT_CST_OPRT": 5991.42,
        "TAX_CST_OPRT": 18273.3,
        "DEPRC_CST_OPRT": 29136.2,
        "ETC_CST_OPRT": 16892.5
      },
      {
        "PST_YYYYMM": "202406",
        "BRD_CD": "M",
        "MGMT_CHNL_NM": "(EC)할인몰",
        "SALE_AMT": 6077294.936600001,
        "SALE_AMT_VAT": 5378137.112035398,
        "AD_CST_OPRT": 65046.02,
        "SLRY_CSY_OPRT": 147171.96,
        "EMP_BNFT_CST_OPRT": 46640.49,
        "PMT_CMS_OPRT": 27461.07,
        "SHOP_RNT_OPRT": 39615.57,
        "EVNT_CST_OPRT": 187597.94,
        "TAX_CST_OPRT": 31493.24,
        "DEPRC_CST_OPRT": 11317.78,
        "ETC_CST_OPRT": 12418.22
      },
      {
        "PST_YYYYMM": "202404",
        "BRD_CD": "M",
        "MGMT_CHNL_NM": "(EC)티몰",
        "SALE_AMT": 27427454.060000002,
        "SALE_AMT_VAT": 24272083.238938056,
        "AD_CST_OPRT": 698767.13,
        "SLRY_CSY_OPRT": 538605.18,
        "EMP_BNFT_CST_OPRT": 126938.05,
        "PMT_CMS_OPRT": 106789.06,
        "SHOP_RNT_OPRT": 156847.04,
        "EVNT_CST_OPRT": 0.0,
        "TAX_CST_OPRT": 11977.7,
        "DEPRC_CST_OPRT": 41717.03,
        "ETC_CST_OPRT": 24422.64
      },
      {
        "PST_YYYYMM": "202406",
        "BRD_CD": "M",
        "MGMT_CHNL_NM": "(OFF)쇼핑몰",
        "SALE_AMT": 6712351.0,
        "SALE_AMT_VAT": 5940133.6283185845,
        "AD_CST_OPRT": 88798.38,
        "SLRY_CSY_OPRT": 212973.31,
        "EMP_BNFT_CST_OPRT": 64446.72,
        "PMT_CMS_OPRT": 37900.46,
        "SHOP_RNT_OPRT": 41709.4,
        "EVNT_CST_OPRT": 256107.55,
        "TAX_CST_OPRT": 42995.0,
        "DEPRC_CST_OPRT": 13586.15,
        "ETC_CST_OPRT": 16980.85
      },
      {
        "PST_YYYYMM": "202408",
        "BRD_CD": "M",
        "MGMT_CHNL_NM": "(EC)할인몰",
        "SALE_AMT": 4799137.53,
        "SALE_AMT_VAT": 4247024.362831859,
        "AD_CST_OPRT": 131626.21,
        "SLRY_CSY_OPRT": 65079.42,
        "EMP_BNFT_CST_OPRT": 21221.09,
        "PMT_CMS_OPRT": 6536.16,
        "SHOP_RNT_OPRT": 23014.04,
        "EVNT_CST_OPRT": -1513.2,
        "TAX_CST_OPRT": 2098.0,
        "DEPRC_CST_OPRT": 5739.29,
        "ETC_CST_OPRT": 2105.52
      },
      {
        "PST_YYYYMM": "202411",
        "BRD_CD": "M",
        "MGMT_CHNL_NM": "(EC)티몰",
        "SALE_AMT": 63385166.15,
        "SALE_AMT_VAT": 56093067.38938054,
        "AD_CST_OPRT": 2222712.92,
        "SLRY_CSY_OPRT": 1281000.3,
        "EMP_BNFT_CST_OPRT": 408768.57,
        "PMT_CMS_OPRT": 89475.97,
        "SHOP_RNT_OPRT": 312183.37,
        "EVNT_CST_OPRT": 0.0,
        "TAX_CST_OPRT": 65818.04,
        "DEPRC_CST_OPRT": 99598.13,
        "ETC_CST_OPRT": 132411.39
      },
      {
        "PST_YYYYMM": "202501",
        "BRD_CD": "M",
        "MGMT_CHNL_NM": null,
        "SALE_AMT": null,
        "SALE_AMT_VAT": null,
        "AD_CST_OPRT": 0.0,
        "SLRY_CSY_OPRT": 328461.0,
        "EMP_BNFT_CST_OPRT": 82724.51,
        "PMT_CMS_OPRT": 0.0,
        "SHOP_RNT_OPRT": 0.0,
        "EVNT_CST_OPRT": 0.0,
        "TAX_CST_OPRT": 0.0,
        "DEPRC_CST_OPRT": 0.0,
        "ETC_CST_OPRT": 1891.35
      },
      {
        "PST_YYYYMM": "202408",
        "BRD_CD": "M",
        "MGMT_CHNL_NM": "(OFF)아울렛",
        "SALE_AMT": 18248524.02,
        "SALE_AMT_VAT": 16149136.300884958,
        "AD_CST_OPRT": 575802.71,
        "SLRY_CSY_OPRT": 353516.59,
        "EMP_BNFT_CST_OPRT": 115264.7,
        "PMT_CMS_OPRT": 22361.86,
        "SHOP_RNT_OPRT": 37980.64,
        "EVNT_CST_OPRT": -6618.52,
        "TAX_CST_OPRT": 9178.4,
        "DEPRC_CST_OPRT": 14234.45,
        "ETC_CST_OPRT": 15550.82
      },
      {
        "PST_YYYYMM": "202507",
        "BRD_CD": "M",
        "MGMT_CHNL_NM": "(OFF)쇼핑몰",
        "SALE_AMT": 9015249.0,
        "SALE_AMT_VAT": 7978096.460176992,
        "AD_CST_OPRT": 169997.92,
        "SLRY_CSY_OPRT": 297643.85,
        "EMP_BNFT_CST_OPRT": 100391.92,
        "PMT_CMS_OPRT": 36422.9,
        "SHOP_RNT_OPRT": 36222.98,
        "EVNT_CST_OPRT": 139072.06,
        "TAX_CST_OPRT": 18521.41,
        "DEPRC_CST_OPRT": 10115.72,
        "ETC_CST_OPRT": 13838.95
      },
      {
        "PST_YYYYMM": "202407",
        "BRD_CD": "M",
        "MGMT_CHNL_NM": "(EC)대리상",
        "SALE_AMT": 49837819.440000005,
        "SALE_AMT_VAT": 53648462.6840708,
        "AD_CST_OPRT": 621811.09,
        "SLRY_CSY_OPRT": 1283664.93,
        "EMP_BNFT_CST_OPRT": 335462.72,
        "PMT_CMS_OPRT": 152091.28,
        "SHOP_RNT_OPRT": 358825.98,
        "EVNT_CST_OPRT": 0.0,
        "TAX_CST_OPRT": 135673.27,
        "DEPRC_CST_OPRT": 93086.46,
        "ETC_CST_OPRT": 46828.32
      },
      {
        "PST_YYYYMM": "202404",
        "BRD_CD": "M",
        "MGMT_CHNL_NM": "(OFF)쇼핑몰",
        "SALE_AMT": 7832197.0,
        "SALE_AMT_VAT": 6931147.78761062,
        "AD_CST_OPRT": 199646.84,
        "SLRY_CSY_OPRT": 144469.37,
        "EMP_BNFT_CST_OPRT": 39386.79,
        "PMT_CMS_OPRT": 29340.93,
        "SHOP_RNT_OPRT": 26882.84,
        "EVNT_CST_OPRT": 0.0,
        "TAX_CST_OPRT": 3422.0,
        "DEPRC_CST_OPRT": 9235.2,
        "ETC_CST_OPRT": 6566.79
      },
      {
        "PST_YYYYMM": "202406",
        "BRD_CD": "M",
        "MGMT_CHNL_NM": "(EC)틱톡/JD",
        "SALE_AMT": 1147164.41,
        "SALE_AMT_VAT": 1015189.7433628319,
        "AD_CST_OPRT": 15187.93,
        "SLRY_CSY_OPRT": 34338.19,
        "EMP_BNFT_CST_OPRT": 10885.08,
        "PMT_CMS_OPRT": 6408.88,
        "SHOP_RNT_OPRT": 9242.93,
        "EVNT_CST_OPRT": 43769.61,
        "TAX_CST_OPRT": 7347.22,
        "DEPRC_CST_OPRT": 2641.14,
        "ETC_CST_OPRT": 2899.0
      },
      {
        "PST_YYYYMM": "202505",
        "BRD_CD": "M",
        "MGMT_CHNL_NM": "(EC)할인몰",
        "SALE_AMT": 5883057.169,
        "SALE_AMT_VAT": 5206245.282300886,
        "AD_CST_OPRT": 166839.3,
        "SLRY_CSY_OPRT": 98456.58,
        "EMP_BNFT_CST_OPRT": 30859.34,
        "PMT_CMS_OPRT": 33811.05,
        "SHOP_RNT_OPRT": 17132.29,
        "EVNT_CST_OPRT": 0.0,
        "TAX_CST_OPRT": 17405.74,
        "DEPRC_CST_OPRT": 4965.43,
        "ETC_CST_OPRT": 3353.66
      },
      {
        "PST_YYYYMM": "202504",
        "BRD_CD": "M",
        "MGMT_CHNL_NM": "(EC)할인몰",
        "SALE_AMT": 7586810.8484,
        "SALE_AMT_VAT": 6713991.901238938,
        "AD_CST_OPRT": 155826.5,
        "SLRY_CSY_OPRT": 128347.0,
        "EMP_BNFT_CST_OPRT": 33629.48,
        "PMT_CMS_OPRT": 40574.69,
        "SHOP_RNT_OPRT": 23087.24,
        "EVNT_CST_OPRT": 0.0,
        "TAX_CST_OPRT": 3143.52,
        "DEPRC_CST_OPRT": 6036.8,
        "ETC_CST_OPRT": 4277.09
      },
      {
        "PST_YYYYMM": "202405",
        "BRD_CD": "M",
        "MGMT_CHNL_NM": null,
        "SALE_AMT": null,
        "SALE_AMT_VAT": null,
        "AD_CST_OPRT": 0.0,
        "SLRY_CSY_OPRT": 414753.33,
        "EMP_BNFT_CST_OPRT": 114493.02,
        "PMT_CMS_OPRT": 0.0,
        "SHOP_RNT_OPRT": 0.0,
        "EVNT_CST_OPRT": 0.0,
        "TAX_CST_OPRT": 0.0,
        "DEPRC_CST_OPRT": 0.0,
        "ETC_CST_OPRT": -37.39
      },
      {
        "PST_YYYYMM": "202411",
        "BRD_CD": "M",
        "MGMT_CHNL_NM": "(OFF)플래그쉽",
        "SALE_AMT": 5287180.0,
        "SALE_AMT_VAT": 4678920.353982301,
        "AD_CST_OPRT": 185518.93,
        "SLRY_CSY_OPRT": 127468.14,
        "EMP_BNFT_CST_OPRT": 45289.79,
        "PMT_CMS_OPRT": 9422.24,
        "SHOP_RNT_OPRT": 26841.07,
        "EVNT_CST_OPRT": 0.0,
        "TAX_CST_OPRT": 5493.69,
        "DEPRC_CST_OPRT": 8557.08,
        "ETC_CST_OPRT": 14837.63
      },
      {
        "PST_YYYYMM": "202407",
        "BRD_CD": "M",
        "MGMT_CHNL_NM": "(EC)틱톡/JD",
        "SALE_AMT": 984197.68,
        "SALE_AMT_VAT": 870971.3982300885,
        "AD_CST_OPRT": 12278.5,
        "SLRY_CSY_OPRT": 23265.46,
        "EMP_BNFT_CST_OPRT": 6158.61,
        "PMT_CMS_OPRT": 3008.7,
        "SHOP_RNT_OPRT": 7085.78,
        "EVNT_CST_OPRT": 0.0,
        "TAX_CST_OPRT": 2679.33,
        "DEPRC_CST_OPRT": 1835.88,
        "ETC_CST_OPRT": 928.11
      },
      {
        "PST_YYYYMM": "202404",
        "BRD_CD": "M",
        "MGMT_CHNL_NM": "(OFF)플래그쉽",
        "SALE_AMT": 6126225.0,
        "SALE_AMT_VAT": 5421438.053097346,
        "AD_CST_OPRT": 156160.75,
        "SLRY_CSY_OPRT": 113002.18,
        "EMP_BNFT_CST_OPRT": 30811.53,
        "PMT_CMS_OPRT": 22952.0,
        "SHOP_RNT_OPRT": 21027.2,
        "EVNT_CST_OPRT": 0.0,
        "TAX_CST_OPRT": 2676.64,
        "DEPRC_CST_OPRT": 7226.44,
        "ETC_CST_OPRT": 5146.81
      },
      {
        "PST_YYYYMM": "202410",
        "BRD_CD": "M",
        "MGMT_CHNL_NM": "(OFF)대리상",
        "SALE_AMT": 260439184.68,
        "SALE_AMT_VAT": 491796026.3331859,
        "AD_CST_OPRT": 6974099.27,
        "SLRY_CSY_OPRT": 3331734.01,
        "EMP_BNFT_CST_OPRT": 1135043.21,
        "PMT_CMS_OPRT": 812175.89,
        "SHOP_RNT_OPRT": 909106.21,
        "EVNT_CST_OPRT": 0.0,
        "TAX_CST_OPRT": 167291.41,
        "DEPRC_CST_OPRT": 283832.2,
        "ETC_CST_OPRT": 217601.6
      },
      {
        "PST_YYYYMM": "202501",
        "BRD_CD": "M",
        "MGMT_CHNL_NM": "(OFF)쇼핑몰",
        "SALE_AMT": 14916149.0,
        "SALE_AMT_VAT": 13200131.85840708,
        "AD_CST_OPRT": 389817.93,
        "SLRY_CSY_OPRT": 369189.06,
        "EMP_BNFT_CST_OPRT": 119691.08,
        "PMT_CMS_OPRT": 28951.87,
        "SHOP_RNT_OPRT": 41700.17,
        "EVNT_CST_OPRT": 158328.61,
        "TAX_CST_OPRT": 36175.16,
        "DEPRC_CST_OPRT": 9278.44,
        "ETC_CST_OPRT": 7374.08
      },
      {
        "PST_YYYYMM": "202412",
        "BRD_CD": "M",
        "MGMT_CHNL_NM": "(OFF)아울렛",
        "SALE_AMT": 30394302.0,
        "SALE_AMT_VAT": 26897612.389380533,
        "AD_CST_OPRT": 657473.71,
        "SLRY_CSY_OPRT": 547938.16,
        "EMP_BNFT_CST_OPRT": 226652.05,
        "PMT_CMS_OPRT": 162810.89,
        "SHOP_RNT_OPRT": 101715.19,
        "EVNT_CST_OPRT": 0.0,
        "TAX_CST_OPRT": 184968.32,
        "DEPRC_CST_OPRT": 23523.79,
        "ETC_CST_OPRT": 44878.23
      },
      {
        "PST_YYYYMM": "202403",
        "BRD_CD": "M",
        "MGMT_CHNL_NM": "(OFF)플래그쉽",
        "SALE_AMT": 5426898.0,
        "SALE_AMT_VAT": 4802564.601769912,
        "AD_CST_OPRT": 104287.5,
        "SLRY_CSY_OPRT": 10324.61,
        "EMP_BNFT_CST_OPRT": 31430.13,
        "PMT_CMS_OPRT": 14496.4,
        "SHOP_RNT_OPRT": 18476.51,
        "EVNT_CST_OPRT": 0.0,
        "TAX_CST_OPRT": 3073.68,
        "DEPRC_CST_OPRT": 6470.22,
        "ETC_CST_OPRT": 4790.53
      },
      {
        "PST_YYYYMM": "202504",
        "BRD_CD": "M",
        "MGMT_CHNL_NM": "(EC)티몰",
        "SALE_AMT": 28552181.669999998,
        "SALE_AMT_VAT": 25267417.40707965,
        "AD_CST_OPRT": 734013.99,
        "SLRY_CSY_OPRT": 604573.91,
        "EMP_BNFT_CST_OPRT": 158420.62,
        "PMT_CMS_OPRT": 191128.96,
        "SHOP_RNT_OPRT": 108752.4,
        "EVNT_CST_OPRT": 0.0,
        "TAX_CST_OPRT": 14806.7,
        "DEPRC_CST_OPRT": 28449.63,
        "ETC_CST_OPRT": 20187.21
      },
      {
        "PST_YYYYMM": "202503",
        "BRD_CD": "M",
        "MGMT_CHNL_NM": "(EC)틱톡/JD",
        "SALE_AMT": 9401781.35,
        "SALE_AMT_VAT": 8320160.486725664,
        "AD_CST_OPRT": 253943.13,
        "SLRY_CSY_OPRT": 86605.51,
        "EMP_BNFT_CST_OPRT": 37902.11,
        "PMT_CMS_OPRT": 61576.36,
        "SHOP_RNT_OPRT": 33918.35,
        "EVNT_CST_OPRT": 1471.37,
        "TAX_CST_OPRT": 4486.38,
        "DEPRC_CST_OPRT": 7152.33,
        "ETC_CST_OPRT": 4153.25
      },
      {
        "PST_YYYYMM": "202502",
        "BRD_CD": "M",
        "MGMT_CHNL_NM": "(OFF)쇼핑몰",
        "SALE_AMT": 6638122.0,
        "SALE_AMT_VAT": 5874444.247787612,
        "AD_CST_OPRT": 199782.66,
        "SLRY_CSY_OPRT": 215433.0,
        "EMP_BNFT_CST_OPRT": 77159.99,
        "PMT_CMS_OPRT": 18139.24,
        "SHOP_RNT_OPRT": 24666.9,
        "EVNT_CST_OPRT": 0.0,
        "TAX_CST_OPRT": 26399.95,
        "DEPRC_CST_OPRT": 5668.34,
        "ETC_CST_OPRT": 4220.52
      },
      {
        "PST_YYYYMM": "202508",
        "BRD_CD": "M",
        "MGMT_CHNL_NM": "(EC)틱톡/JD",
        "SALE_AMT": 6266398.5600000005,
        "SALE_AMT_VAT": 5545485.451327434,
        "AD_CST_OPRT": 157694.75,
        "SLRY_CSY_OPRT": 99714.68,
        "EMP_BNFT_CST_OPRT": 31941.73,
        "PMT_CMS_OPRT": 22979.09,
        "SHOP_RNT_OPRT": 37285.9,
        "EVNT_CST_OPRT": 0.0,
        "TAX_CST_OPRT": 4198.65,
        "DEPRC_CST_OPRT": 6934.21,
        "ETC_CST_OPRT": 2600.69
      },
      {
        "PST_YYYYMM": "202501",
        "BRD_CD": "M",
        "MGMT_CHNL_NM": "(OFF)아울렛",
        "SALE_AMT": 42197071.0,
        "SALE_AMT_VAT": 37342540.7079646,
        "AD_CST_OPRT": 1041351.89,
        "SLRY_CSY_OPRT": 986237.75,
        "EMP_BNFT_CST_OPRT": 319710.61,
        "PMT_CMS_OPRT": 77342.83,
        "SHOP_RNT_OPRT": 111397.56,
        "EVNT_CST_OPRT": 422954.58,
        "TAX_CST_OPRT": 96638.6,
        "DEPRC_CST_OPRT": 24770.58,
        "ETC_CST_OPRT": 19607.19
      },
      {
        "PST_YYYYMM": "202408",
        "BRD_CD": "M",
        "MGMT_CHNL_NM": "(EC)대리상",
        "SALE_AMT": 66998264.8,
        "SALE_AMT_VAT": 60546298.207964614,
        "AD_CST_OPRT": 2223437.3,
        "SLRY_CSY_OPRT": 1171099.84,
        "EMP_BNFT_CST_OPRT": 378925.19,
        "PMT_CMS_OPRT": 110438.03,
        "SHOP_RNT_OPRT": 388754.57,
        "EVNT_CST_OPRT": -25560.94,
        "TAX_CST_OPRT": 35442.78,
        "DEPRC_CST_OPRT": 97054.68,
        "ETC_CST_OPRT": 35653.09
      },
      {
        "PST_YYYYMM": "202502",
        "BRD_CD": "M",
        "MGMT_CHNL_NM": "(EC)할인몰",
        "SALE_AMT": 4815260.8984,
        "SALE_AMT_VAT": 4261292.830442479,
        "AD_CST_OPRT": 117447.21,
        "SLRY_CSY_OPRT": 82187.04,
        "EMP_BNFT_CST_OPRT": 29086.82,
        "PMT_CMS_OPRT": 17687.44,
        "SHOP_RNT_OPRT": 24445.0,
        "EVNT_CST_OPRT": 0.0,
        "TAX_CST_OPRT": 15519.76,
        "DEPRC_CST_OPRT": 3950.71,
        "ETC_CST_OPRT": 2411.5
      },
      {
        "PST_YYYYMM": "202404",
        "BRD_CD": "M",
        "MGMT_CHNL_NM": null,
        "SALE_AMT": null,
        "SALE_AMT_VAT": null,
        "AD_CST_OPRT": 0.0,
        "SLRY_CSY_OPRT": 414753.33,
        "EMP_BNFT_CST_OPRT": 104008.14,
        "PMT_CMS_OPRT": 0.0,
        "SHOP_RNT_OPRT": 0.0,
        "EVNT_CST_OPRT": 0.0,
        "TAX_CST_OPRT": 0.0,
        "DEPRC_CST_OPRT": 0.0,
        "ETC_CST_OPRT": 17044.94
      },
      {
        "PST_YYYYMM": "202501",
        "BRD_CD": "M",
        "MGMT_CHNL_NM": "(EC)틱톡/JD",
        "SALE_AMT": 11441569.97,
        "SALE_AMT_VAT": 10125283.159292037,
        "AD_CST_OPRT": 299014.51,
        "SLRY_CSY_OPRT": 296432.99,
        "EMP_BNFT_CST_OPRT": 95864.8,
        "PMT_CMS_OPRT": 40643.18,
        "SHOP_RNT_OPRT": 45333.96,
        "EVNT_CST_OPRT": 121447.36,
        "TAX_CST_OPRT": 27748.75,
        "DEPRC_CST_OPRT": 7933.62,
        "ETC_CST_OPRT": 5678.26
      },
      {
        "PST_YYYYMM": "202401",
        "BRD_CD": "M",
        "MGMT_CHNL_NM": "(OFF)플래그쉽",
        "SALE_AMT": 6116819.0,
        "SALE_AMT_VAT": 5413114.159292036,
        "AD_CST_OPRT": 207558.27,
        "SLRY_CSY_OPRT": 69359.97,
        "EMP_BNFT_CST_OPRT": 32936.68,
        "PMT_CMS_OPRT": 7673.79,
        "SHOP_RNT_OPRT": 9076.39,
        "EVNT_CST_OPRT": 0.0,
        "TAX_CST_OPRT": 29019.23,
        "DEPRC_CST_OPRT": 4177.15,
        "ETC_CST_OPRT": 15480.65
      },
      {
        "PST_YYYYMM": "202503",
        "BRD_CD": "M",
        "MGMT_CHNL_NM": "(EC)대리상",
        "SALE_AMT": 77022004.41000001,
        "SALE_AMT_VAT": 75278662.84513275,
        "AD_CST_OPRT": 2080373.96,
        "SLRY_CSY_OPRT": 624440.49,
        "EMP_BNFT_CST_OPRT": 333168.42,
        "PMT_CMS_OPRT": 504397.35,
        "SHOP_RNT_OPRT": 277870.39,
        "EVNT_CST_OPRT": 12050.2,
        "TAX_CST_OPRT": 36751.04,
        "DEPRC_CST_OPRT": 58603.79,
        "ETC_CST_OPRT": 33984.86
      },
      {
        "PST_YYYYMM": "202404",
        "BRD_CD": "M",
        "MGMT_CHNL_NM": "(EC)대리상",
        "SALE_AMT": 63702262.46,
        "SALE_AMT_VAT": 68533871.62911505,
        "AD_CST_OPRT": 1623807.51,
        "SLRY_CSY_OPRT": 1363516.85,
        "EMP_BNFT_CST_OPRT": 319780.24,
        "PMT_CMS_OPRT": 248160.5,
        "SHOP_RNT_OPRT": 364483.47,
        "EVNT_CST_OPRT": 0.0,
        "TAX_CST_OPRT": 27833.59,
        "DEPRC_CST_OPRT": 97129.89,
        "ETC_CST_OPRT": 59085.38
      },
      {
        "PST_YYYYMM": "202402",
        "BRD_CD": "M",
        "MGMT_CHNL_NM": "(OFF)플래그쉽",
        "SALE_AMT": 6262082.0,
        "SALE_AMT_VAT": 5541665.486725664,
        "AD_CST_OPRT": 199781.04,
        "SLRY_CSY_OPRT": 216430.94,
        "EMP_BNFT_CST_OPRT": 48400.51,
        "PMT_CMS_OPRT": 38919.85,
        "SHOP_RNT_OPRT": 30602.42,
        "EVNT_CST_OPRT": 5194.59,
        "TAX_CST_OPRT": 4366.54,
        "DEPRC_CST_OPRT": 11062.39,
        "ETC_CST_OPRT": 6359.81
      },
      {
        "PST_YYYYMM": "202503",
        "BRD_CD": "M",
        "MGMT_CHNL_NM": "(EC)할인몰",
        "SALE_AMT": 8043473.339299999,
        "SALE_AMT_VAT": 7118117.999380532,
        "AD_CST_OPRT": 173409.46,
        "SLRY_CSY_OPRT": 59141.57,
        "EMP_BNFT_CST_OPRT": 25879.01,
        "PMT_CMS_OPRT": 42042.5,
        "SHOP_RNT_OPRT": 23162.07,
        "EVNT_CST_OPRT": 1004.31,
        "TAX_CST_OPRT": 3063.49,
        "DEPRC_CST_OPRT": 4881.34,
        "ETC_CST_OPRT": 2824.53
      },
      {
        "PST_YYYYMM": "202507",
        "BRD_CD": "M",
        "MGMT_CHNL_NM": null,
        "SALE_AMT": null,
        "SALE_AMT_VAT": null,
        "AD_CST_OPRT": 0.0,
        "SLRY_CSY_OPRT": 199944.6,
        "EMP_BNFT_CST_OPRT": 56084.67,
        "PMT_CMS_OPRT": 0.0,
        "SHOP_RNT_OPRT": 0.0,
        "EVNT_CST_OPRT": 0.0,
        "TAX_CST_OPRT": 0.0,
        "DEPRC_CST_OPRT": 0.0,
        "ETC_CST_OPRT": 158.45
      },
      {
        "PST_YYYYMM": "202410",
        "BRD_CD": "M",
        "MGMT_CHNL_NM": "(OFF)플래그쉽",
        "SALE_AMT": 5983500.0,
        "SALE_AMT_VAT": 5295132.743362833,
        "AD_CST_OPRT": 213935.52,
        "SLRY_CSY_OPRT": 108490.21,
        "EMP_BNFT_CST_OPRT": 39244.61,
        "PMT_CMS_OPRT": 29147.65,
        "SHOP_RNT_OPRT": 20886.45,
        "EVNT_CST_OPRT": 0.0,
        "TAX_CST_OPRT": 3843.53,
        "DEPRC_CST_OPRT": 6557.59,
        "ETC_CST_OPRT": 5747.08
      },
      {
        "PST_YYYYMM": "202408",
        "BRD_CD": "M",
        "MGMT_CHNL_NM": "(EC)틱톡/JD",
        "SALE_AMT": 2156978.81,
        "SALE_AMT_VAT": 1908830.8053097348,
        "AD_CST_OPRT": 71580.62,
        "SLRY_CSY_OPRT": 35391.98,
        "EMP_BNFT_CST_OPRT": 11540.74,
        "PMT_CMS_OPRT": 3562.34,
        "SHOP_RNT_OPRT": 12515.54,
        "EVNT_CST_OPRT": -825.12,
        "TAX_CST_OPRT": 1141.86,
        "DEPRC_CST_OPRT": 3123.24,
        "ETC_CST_OPRT": 1163.22
      },
      {
        "PST_YYYYMM": "202405",
        "BRD_CD": "M",
        "MGMT_CHNL_NM": "(OFF)플래그쉽",
        "SALE_AMT": 5941462.0,
        "SALE_AMT_VAT": 5257930.9734513275,
        "AD_CST_OPRT": 117705.1,
        "SLRY_CSY_OPRT": 148894.39,
        "EMP_BNFT_CST_OPRT": 45879.98,
        "PMT_CMS_OPRT": 28865.43,
        "SHOP_RNT_OPRT": 34874.69,
        "EVNT_CST_OPRT": 0.0,
        "TAX_CST_OPRT": 44482.25,
        "DEPRC_CST_OPRT": 11342.34,
        "ETC_CST_OPRT": 3990.07
      },
      {
        "PST_YYYYMM": "202401",
        "BRD_CD": "M",
        "MGMT_CHNL_NM": null,
        "SALE_AMT": null,
        "SALE_AMT_VAT": null,
        "AD_CST_OPRT": 0.0,
        "SLRY_CSY_OPRT": 327301.33,
        "EMP_BNFT_CST_OPRT": 95162.73,
        "PMT_CMS_OPRT": 0.0,
        "SHOP_RNT_OPRT": 0.0,
        "EVNT_CST_OPRT": 0.0,
        "TAX_CST_OPRT": 0.0,
        "DEPRC_CST_OPRT": 0.0,
        "ETC_CST_OPRT": 219.61
      },
      {
        "PST_YYYYMM": "202404",
        "BRD_CD": "M",
        "MGMT_CHNL_NM": "(EC)틱톡/JD",
        "SALE_AMT": 140284.05,
        "SALE_AMT_VAT": 124145.17699115045,
        "AD_CST_OPRT": 3578.43,
        "SLRY_CSY_OPRT": 2757.3,
        "EMP_BNFT_CST_OPRT": 654.47,
        "PMT_CMS_OPRT": 553.65,
        "SHOP_RNT_OPRT": 802.33,
        "EVNT_CST_OPRT": 0.0,
        "TAX_CST_OPRT": 62.47,
        "DEPRC_CST_OPRT": 213.14,
        "ETC_CST_OPRT": 123.63
      },
      {
        "PST_YYYYMM": "202506",
        "BRD_CD": "M",
        "MGMT_CHNL_NM": "(OFF)플래그쉽",
        "SALE_AMT": 3505675.0,
        "SALE_AMT_VAT": 3102367.2566371686,
        "AD_CST_OPRT": 100330.71,
        "SLRY_CSY_OPRT": 134749.17,
        "EMP_BNFT_CST_OPRT": 37777.8,
        "PMT_CMS_OPRT": 15152.16,
        "SHOP_RNT_OPRT": 16535.19,
        "EVNT_CST_OPRT": 0.0,
        "TAX_CST_OPRT": 2396.68,
        "DEPRC_CST_OPRT": 4041.84,
        "ETC_CST_OPRT": 3486.74
      }
    ],
    "total_records_count": 177
  }
}