{
  "country": "CN",
  "brand_cd": "V",
  "brand_name": "DUVETICA",
  "yyyymm": "202503",
  "yyyymm_py": "202403",
  "key": "출고매출",
  "sub_key": "카테고리별매출분석",
  "analysis_data": {
    "title": "카테고리별 수익성 분석 (당해 전년 주요변화)",
    "sections": [
      {
        "div": "ACC",
        "sub_title": "ACC 전년대비 주요 변화",
        "ai_text": "ACC 카테고리는 매출 적자폭이 -52k로 전년 -99k 대비 47k 개선되었으나, 여전히 적자 구조를 유지하고 있어 근본적인 수익성 개선이 필요한 상황입니다.\n\n**강세 아이템 분석:**\n• 신규 백팩 라인업이 성과를 보이며, 마테라 백팩(4k), 카페이 플랩 백팩(1k) 등이 시장 진입에 성공\n• 크로스백 카테고리에서 키에리 크로스백(2k), 올트 미니크로스(1k) 등 신규 제품이 매출 기여\n\n**약세 아이템 분석:**\n• 신발 카테고리가 최대 리스크 요소로, DRESDEN(-15k), METEORA(-10k), 에르타(-4k) 등 주력 제품들이 대폭 부진\n• 모자류도 로고와펜 캡(-2k), 로고자수 버킷햇(-1k) 등 전반적 매출 감소\n\n**전략적 시사점:**\nACC 카테고리는 신규 백팩/크로스백 라인은 성장하고 있으나, 신발과 모자류의 부진으로 전체 수익성이 제약받고 있습니다. 신발 브랜딩 전략 재검토와 백팩 라인업 확대가 필요합니다."
      },
      {
        "div": "의류",
        "sub_title": "의류 전년대비 주요 변화",
        "ai_text": "의류 카테고리는 732k 매출을 기록하여 전년 -1,210k 대비 1,942k의 극적인 개선을 보이며, 적자에서 흑자 전환에 성공했습니다.\n\n**강세 아이템 분석:**\n• 방수자켓이 핵심 성장 동력으로, 페리도트 W(77k), 옵시디안 W(14k) 등 신규 제품이 큰 성과\n• 방풍자켓 라인업이 안정적 성장세를 보이며, 카로 W(19k→65.9% 증가), 카로 M(12k→160.5% 증가) 등이 견조한 성과\n• 기능성 아웃도어 제품군인 GTX 3-IN-1 자켓 시리즈(여성 14k, 남성 8k)가 신규 진입하며 프리미엄 시장 공략\n\n**약세 아이템 분석:**\n• 캐주얼 라인이 전반적 부진을 보이며, 반팔카라티셔츠(-147k 감소), 반바지(-102k 감소) 등 계절성 제품 매출 급감\n• 트레이닝복과 후드티 등 스포츠 캐주얼 라인도 부진하며 브랜드 포지셔닝 재검토 필요\n\n**전략적 시사점:**\n의류는 아웃도어 기능성 제품 중심의 성공적인 포트폴리오 전환을 달성했으나, 캐주얼 라인의 급격한 매출 감소는 계절성 대응 전략 부재를 시사합니다."
      },
      {
        "div": "종합분석-1",
        "sub_title": "카테고리별 수익성 종합 평가",
        "ai_text": "전체 매출은 680k로 전년 -2,052k 대비 2,732k의 극적인 개선을 보이며, 적자에서 흑자로 완전한 턴어라운드를 달성했습니다.\n\n**매출 구조 분석:**\n• 의류가 전체 매출의 107.6%(732k)를 차지하며 절대적 기여\n• ACC는 -7.6%(-52k)로 여전히 수익성 개선 과제 보유\n\n**카테고리별 기여도:**\n• 의류: 전년 대비 1,942k 개선으로 전체 턴어라운드의 핵심 동력\n• ACC: 47k 개선되었으나 절대 규모가 작아 전체 영향도 제한적\n\n**수익성 구조:**\n의류 중심의 수익 창출 구조로 전환되었으나, ACC 카테고리의 지속적 적자는 포트폴리오 다각화 측면에서 리스크 요소로 작용하고 있습니다. 브랜드 전체적으로는 아웃도어 기능성 제품에 대한 집중도가 높아지며 계절성 리스크가 증가할 가능성이 있습니다."
      },
      {
        "div": "종합분석-2",
        "sub_title": "성장 카테고리 및 기회",
        "ai_text": "**핵심 성장 동력:**\n• 방수/방풍 자켓 카테고리가 가장 강력한 성장 엔진으로 작용하며, 특히 여성 라인업(페리도트 W, 옵시디안 W 등)이 시장에서 높은 호응\n• 프리미엄 기능성 제품군(GTX 3-IN-1 시리즈)이 새로운 성장 기회를 창출하며 브랜드 가치 상승에 기여\n\n**신규 시장 기회:**\n• 백팩/크로스백 시장에서 마테라, 키에리 등 신규 라인업이 성공적 진입을 보이며 라이프스타일 시장 확장 가능성 확인\n• 아웃도어 기능성 의류 시장의 지속적 성장 트렌드와 브랜드 포지셔닝이 일치\n\n**확장 전략:**\n성공한 방수자켓 라인업의 남성 버전 확대, 프리미엄 기능성 라인의 다양화, 그리고 백팩 카테고리의 제품군 확장이 향후 성장을 위한 핵심 기회로 판단됩니다. 특히 여성 아웃도어 시장에서의 강력한 포지션을 바탕으로 관련 액세서리 라인업 확대가 시너지를 창출할 것으로 예상됩니다."
      },
      {
        "div": "종합분석-3",
        "sub_title": "주의 필요 카테고리",
        "ai_text": "**고위험 카테고리:**\n• 신발 카테고리가 가장 심각한 부진을 보이며, 주력 모델들(DRESDEN -15k, METEORA -10k, 에르타 -4k)의 동반 부진으로 카테고리 전체 재검토 필요\n• 캐주얼 의류 라인(반팔카라티셔츠, 반바지, 트레이닝복 등)이 급격한 매출 감소를 보이며 계절성 대응 전략 부재 노출\n\n**구조적 문제점:**\n• 모자류 액세서리의 전반적 부진(로고와펜 캡 -2k, 버킷햇 -1k)으로 브랜드 인지도 확산 도구 역할 제한\n• 스포츠 캐주얼 라인의 지속적 부진으로 젊은 층 고객 확보에 어려움\n\n**즉시 개선 필요 영역:**\n신발 카테고리는 제품 기획부터 마케팅까지 전면 재검토가 필요하며, 캐주얼 의류는 계절성을 고려한 상품 기획과 재고 관리 체계 구축이 시급합니다. 특히 -100% 매출 감소를 보인 제품들의 단종 여부와 대체 상품 기획이 필요한 상황입니다."
      },
      {
        "div": "종합분석-4",
        "sub_title": "이상징후 및 리스크 감지",
        "ai_text": "**데이터 이상 징후:**\n• null 카테고리에서 -742k의 전년 매출이 당해 0k로 완전 소멸된 것은 중국 전용 제품군의 전면 단종을 시사하며, 글로벌 전략 변화 가능성\n• 다수 제품의 -100% 매출 감소는 정상적인 시장 변화보다는 공급망 이슈나 전략적 단종 결정으로 추정\n\n**구조적 리스크:**\n• 의류 매출의 아웃도어 기능성 제품 집중도 심화로 계절성 리스크 증가\n• ACC 카테고리의 지속적 적자는 브랜드 포트폴리오 균형성 저해\n• 신발 카테고리 전체 부진은 브랜드 완성도 측면에서 중대한 약점\n\n**잠재적 리스크:**\n• 캐주얼 라인의 급격한 축소로 고객층 다양성 감소 우려\n• 중국 시장 전용 제품군 단종으로 글로벌 시장 대응력 저하 가능성\n• 성공 제품군의 과도한 집중으로 시장 변화 대응 유연성 제한\n\n**모니터링 필요 지표:**\n향후 분기별 아웃도어 제품 매출 변동성, ACC 카테고리 수익성 개선 속도, 그리고 신규 제품 라인업의 시장 안착도를 면밀히 모니터링해야 합니다."
      },
      {
        "div": "종합분석-5",
        "sub_title": "카테고리별 전략 최적화 방안",
        "ai_text": "**즉시 실행 방안:**\n• 의류: 성공한 방수자켓 라인업의 남성 버전 및 색상 확장을 통한 매출 확대, 계절성 대응을 위한 봄/여름용 기능성 제품 기획 착수\n• ACC: 신발 카테고리 전면 재검토 및 부진 모델 단종, 성공한 백팩 라인업의 제품군 확대와 마케팅 강화\n\n**중기 전략 (6-12개월):**\n• 의류: 프리미엄 기능성 라인(GTX 시리즈)의 제품군 다양화 및 브랜드 스토리텔링 강화\n• ACC: 백팩/크로스백 중심의 포트폴리오 재편, 신발 카테고리는 선택과 집중을 통한 핵심 모델 육성\n• 전체: 아웃도어 라이프스타일 브랜드로의 포지셔닝 명확화\n\n**장기 전략 (1-2년):**\n• 성공한 아웃도어 기능성 DNA를 바탕으로 한 라이프스타일 제품군 확장\n• 지속가능성과 기능성을 결합한 프리미엄 라인업 구축\n• 글로벌 시장 대응을 위한 지역별 맞춤형 제품 기획 체계 구축\n\n**핵심 KPI 설정:**\n의류 카테고리 800k+ 매출 달성, ACC 카테고리 손익분기점 달성, 신규 제품 라인업의 분기별 30% 이상 성장률 유지를 목표로 설정하여 체계적인 성과 관리가 필요합니다."
      }
    ]
  },
  "summary": {
    "total_sales_cy": 680.0,
    "total_sales_py": -2052.0,
    "change_pct": 0,
    "total_records": 928,
    "analysis_period": "2024년 3월 vs 2025년 3월"
  },
  "category_analysis": {
    "의류": {
      "current_total": 732.0,
      "previous_total": -1210.0,
      "change_pct": 0,
      "strong_items": [
        {
          "item_nm": "방수자켓",
          "prdt_nm": "페리도트 W",
          "current_sale": 77.0,
          "previous_sale": 0,
          "change_pct": 999.9,
          "type": "신규"
        },
        {
          "item_nm": "방풍자켓",
          "prdt_nm": "카로 W",
          "current_sale": 19.0,
          "previous_sale": 12.0,
          "change_pct": 65.9,
          "type": "기존"
        },
        {
          "item_nm": "방풍자켓",
          "prdt_nm": "카로 W 미드",
          "current_sale": 17.0,
          "previous_sale": 13.0,
          "change_pct": 33.3,
          "type": "기존"
        },
        {
          "item_nm": "방풍자켓",
          "prdt_nm": "지넥스 블루종",
          "current_sale": 15.0,
          "previous_sale": 10.0,
          "change_pct": 57.4,
          "type": "기존"
        },
        {
          "item_nm": "방수자켓",
          "prdt_nm": "옵시디안 W",
          "current_sale": 14.0,
          "previous_sale": 0,
          "change_pct": 999.9,
          "type": "신규"
        },
        {
          "item_nm": "다운점퍼",
          "prdt_nm": "여성 GTX 2L 방풍3 IN 1자켓(+다운",
          "current_sale": 14.0,
          "previous_sale": 0,
          "change_pct": 999.9,
          "type": "신규"
        },
        {
          "item_nm": "방풍자켓",
          "prdt_nm": "카로 M",
          "current_sale": 12.0,
          "previous_sale": 5.0,
          "change_pct": 160.5,
          "type": "기존"
        },
        {
          "item_nm": "방풍자켓",
          "prdt_nm": "마니브",
          "current_sale": 11.0,
          "previous_sale": 10.0,
          "change_pct": 8.8,
          "type": "기존"
        },
        {
          "item_nm": "방풍자켓",
          "prdt_nm": "여성 고어텍스 롱기장 자켓",
          "current_sale": 9.0,
          "previous_sale": 0,
          "change_pct": 999.9,
          "type": "신규"
        },
        {
          "item_nm": "다운점퍼",
          "prdt_nm": "남성 GTX 2L 방풍3 IN 1자켓(+다운",
          "current_sale": 8.0,
          "previous_sale": 0,
          "change_pct": 999.9,
          "type": "신규"
        }
      ],
      "weak_items": [
        {
          "item_nm": "트레이닝(상의)",
          "prdt_nm": "여성 크롭 트레이닝 맨투맨",
          "current_sale": -5.0,
          "previous_sale": 1.0,
          "change_pct": -770.7,
          "type": "기존"
        },
        {
          "item_nm": "후드티",
          "prdt_nm": "로건 후드티",
          "current_sale": -5.0,
          "previous_sale": 7.0,
          "change_pct": -170.5,
          "type": "기존"
        },
        {
          "item_nm": "트레이닝(상의)",
          "prdt_nm": "여성 크롭 하프집업",
          "current_sale": -0.0,
          "previous_sale": 2.0,
          "change_pct": -108.3,
          "type": "기존"
        },
        {
          "item_nm": "반팔카라티셔츠",
          "prdt_nm": "남성 가슴포켓 반팔 집업 카라",
          "current_sale": -0.0,
          "previous_sale": 147.0,
          "change_pct": -100.3,
          "type": "기존"
        },
        {
          "item_nm": "팬츠",
          "prdt_nm": "남성 경량 조거팬츠",
          "current_sale": 0.0,
          "previous_sale": 8.0,
          "change_pct": -100.0,
          "type": "기존"
        },
        {
          "item_nm": "맨투맨",
          "prdt_nm": "스몰로고 맨투맨",
          "current_sale": 0.0,
          "previous_sale": 11.0,
          "change_pct": -100.0,
          "type": "기존"
        },
        {
          "item_nm": "반바지",
          "prdt_nm": "로치 M 숏츠",
          "current_sale": 0.0,
          "previous_sale": 102.0,
          "change_pct": -100.0,
          "type": "기존"
        },
        {
          "item_nm": "방풍자켓",
          "prdt_nm": "여성 경량 하이넥 크롭 바람막",
          "current_sale": 0.0,
          "previous_sale": 11.0,
          "change_pct": -100.0,
          "type": "기존"
        },
        {
          "item_nm": "트레이닝(하의)",
          "prdt_nm": "아웃도어 고프코어 우븐 트레이닝 조거팬츠",
          "current_sale": 0.0,
          "previous_sale": 8.0,
          "change_pct": -100.0,
          "type": "기존"
        },
        {
          "item_nm": "반팔카라티셔츠",
          "prdt_nm": "바바로 카라티",
          "current_sale": 0.0,
          "previous_sale": 104.0,
          "change_pct": -100.0,
          "type": "기존"
        }
      ]
    },
    "ACC": {
      "current_total": -52.0,
      "previous_total": -99.0,
      "change_pct": 0,
      "strong_items": [
        {
          "item_nm": "백팩",
          "prdt_nm": "마테라 백팩",
          "current_sale": 4.0,
          "previous_sale": 0,
          "change_pct": 999.9,
          "type": "신규"
        },
        {
          "item_nm": "크로스백",
          "prdt_nm": "키에리 크로스백",
          "current_sale": 2.0,
          "previous_sale": 0,
          "change_pct": 999.9,
          "type": "신규"
        },
        {
          "item_nm": "백팩",
          "prdt_nm": "카페이 플랩 백팩",
          "current_sale": 1.0,
          "previous_sale": 0,
          "change_pct": 999.9,
          "type": "신규"
        },
        {
          "item_nm": "크로스백",
          "prdt_nm": "올트 미니크로스",
          "current_sale": 1.0,
          "previous_sale": 0,
          "change_pct": 999.9,
          "type": "신규"
        },
        {
          "item_nm": "백팩",
          "prdt_nm": "카페이 백팩",
          "current_sale": 0.0,
          "previous_sale": 0,
          "change_pct": 999.9,
          "type": "신규"
        },
        {
          "item_nm": "슬링백",
          "prdt_nm": "애슬레저 로고프린트 슬링백",
          "current_sale": -0.0,
          "previous_sale": 0,
          "change_pct": 999.9,
          "type": "신규"
        },
        {
          "item_nm": "백팩",
          "prdt_nm": "테라모 백팩",
          "current_sale": 0.0,
          "previous_sale": 0,
          "change_pct": 999.9,
          "type": "신규"
        },
        {
          "item_nm": "신발",
          "prdt_nm": "CLOG",
          "current_sale": -0.0,
          "previous_sale": 0,
          "change_pct": 999.9,
          "type": "신규"
        },
        {
          "item_nm": "운동모",
          "prdt_nm": "[크슈타트 _중국] 남성 겨울 하이브리드 볼캡",
          "current_sale": 0.0,
          "previous_sale": 0,
          "change_pct": 999.9,
          "type": "신규"
        },
        {
          "item_nm": "토드백",
          "prdt_nm": "[베로운_중국] 다이아 패딩 크로스백",
          "current_sale": 0.0,
          "previous_sale": 0,
          "change_pct": 999.9,
          "type": "신규"
        }
      ],
      "weak_items": [
        {
          "item_nm": "신발",
          "prdt_nm": "DRESDEN",
          "current_sale": -15.0,
          "previous_sale": 2.0,
          "change_pct": -754.5,
          "type": "기존"
        },
        {
          "item_nm": "신발",
          "prdt_nm": "METEORA",
          "current_sale": -10.0,
          "previous_sale": 4.0,
          "change_pct": -335.7,
          "type": "기존"
        },
        {
          "item_nm": "신발",
          "prdt_nm": "ANDORRA",
          "current_sale": -4.0,
          "previous_sale": 3.0,
          "change_pct": -217.0,
          "type": "기존"
        },
        {
          "item_nm": "신발",
          "prdt_nm": "에르타",
          "current_sale": -4.0,
          "previous_sale": 45.0,
          "change_pct": -110.0,
          "type": "기존"
        },
        {
          "item_nm": "햇",
          "prdt_nm": "로고자수 버킷햇",
          "current_sale": -1.0,
          "previous_sale": 14.0,
          "change_pct": -107.3,
          "type": "기존"
        },
        {
          "item_nm": "운동모",
          "prdt_nm": "로고와펜 캡",
          "current_sale": -2.0,
          "previous_sale": 30.0,
          "change_pct": -107.2,
          "type": "기존"
        },
        {
          "item_nm": "신발",
          "prdt_nm": "아오스타",
          "current_sale": -4.0,
          "previous_sale": 71.0,
          "change_pct": -105.8,
          "type": "기존"
        },
        {
          "item_nm": "신발",
          "prdt_nm": "에르타 LT",
          "current_sale": -1.0,
          "previous_sale": 62.0,
          "change_pct": -102.1,
          "type": "기존"
        },
        {
          "item_nm": "햇",
          "prdt_nm": "나스데",
          "current_sale": 0.0,
          "previous_sale": 2.0,
          "change_pct": -100.0,
          "type": "기존"
        },
        {
          "item_nm": "양말",
          "prdt_nm": "레디 에센셜",
          "current_sale": 0.0,
          "previous_sale": 3.0,
          "change_pct": -100.0,
          "type": "기존"
        }
      ]
    },
    "null": {
      "current_total": 0.0,
      "previous_total": -742.0,
      "change_pct": 0,
      "strong_items": [
        {
          "item_nm": null,
          "prdt_nm": "[리펠제 _중국] 로고 니트",
          "current_sale": 0.0,
          "previous_sale": 0,
          "change_pct": 999.9,
          "type": "신규"
        },
        {
          "item_nm": null,
          "prdt_nm": null,
          "current_sale": 0.0,
          "previous_sale": 0,
          "change_pct": 999.9,
          "type": "신규"
        },
        {
          "item_nm": null,
          "prdt_nm": null,
          "current_sale": 0.0,
          "previous_sale": 0,
          "change_pct": 999.9,
          "type": "신규"
        },
        {
          "item_nm": null,
          "prdt_nm": null,
          "current_sale": 0.0,
          "previous_sale": 0,
          "change_pct": 999.9,
          "type": "신규"
        },
        {
          "item_nm": null,
          "prdt_nm": null,
          "current_sale": 0.0,
          "previous_sale": 0,
          "change_pct": 999.9,
          "type": "신규"
        },
        {
          "item_nm": null,
          "prdt_nm": null,
          "current_sale": 0.0,
          "previous_sale": 0,
          "change_pct": 999.9,
          "type": "신규"
        }
      ],
      "weak_items": [
        {
          "item_nm": null,
          "prdt_nm": "[오를리체 _중국] 터틀넥 니트",
          "current_sale": 0,
          "previous_sale": -61.0,
          "change_pct": -100.0,
          "type": "단종"
        },
        {
          "item_nm": null,
          "prdt_nm": "DV小号手提袋",
          "current_sale": 0,
          "previous_sale": 0.0,
          "change_pct": -100.0,
          "type": "단종"
        },
        {
          "item_nm": null,
          "prdt_nm": "[벨프_중국] 시그니처 버킷햇",
          "current_sale": 0,
          "previous_sale": -26.0,
          "change_pct": -100.0,
          "type": "단종"
        },
        {
          "item_nm": null,
          "prdt_nm": "[피네롤로_중국] 로고 니트",
          "current_sale": 0,
          "previous_sale": -53.0,
          "change_pct": -100.0,
          "type": "단종"
        },
        {
          "item_nm": null,
          "prdt_nm": "골프 테니스 보스턴백",
          "current_sale": 0,
          "previous_sale": 23.0,
          "change_pct": -100.0,
          "type": "단종"
        },
        {
          "item_nm": null,
          "prdt_nm": "[알리스카_중국] 하이넥 미드",
          "current_sale": 0,
          "previous_sale": -90.0,
          "change_pct": -100.0,
          "type": "단종"
        },
        {
          "item_nm": null,
          "prdt_nm": "[치리포_중국] 하이브리드 경량 자켓",
          "current_sale": 0,
          "previous_sale": -40.0,
          "change_pct": -100.0,
          "type": "단종"
        },
        {
          "item_nm": null,
          "prdt_nm": "골프 테니스 토트백",
          "current_sale": 0,
          "previous_sale": 26.0,
          "change_pct": -100.0,
          "type": "단종"
        },
        {
          "item_nm": null,
          "prdt_nm": "[카간_중국] 퀼팅 벨트백",
          "current_sale": 0,
          "previous_sale": -21.0,
          "change_pct": -100.0,
          "type": "단종"
        },
        {
          "item_nm": null,
          "prdt_nm": "애슬레저 로고프린트 토트백",
          "current_sale": 0,
          "previous_sale": 34.0,
          "change_pct": -100.0,
          "type": "단종"
        }
      ]
    }
  },
  "raw_data": {
    "sample_records": [
      {
        "YYYYMM": "202403",
        "BRD_CD": "V",
        "LARGE_CLASS_NM": "의류",
        "MIDDLE_CLASS_NM": "Outer",
        "ITEM_NM": "방풍자켓",
        "PRDT_CD": "V22SVUWJ05323",
        "PRDT_NM": "사프리",
        "SALE_AMT": 0.0
      },
      {
        "YYYYMM": "202403",
        "BRD_CD": "V",
        "LARGE_CLASS_NM": "의류",
        "MIDDLE_CLASS_NM": "Outer",
        "ITEM_NM": "다운점퍼",
        "PRDT_CD": "V23FVDDJF0836",
        "PRDT_NM": "여성 베른 라글란 구스다운 숏패딩",
        "SALE_AMT": -69749.89
      },
      {
        "YYYYMM": "202403",
        "BRD_CD": "V",
        "LARGE_CLASS_NM": "의류",
        "MIDDLE_CLASS_NM": "Bottom",
        "ITEM_NM": "팬츠",
        "PRDT_CD": "V23FVDPTF0236",
        "PRDT_NM": "여성 기모 하이스트레치 팬츠",
        "SALE_AMT": -31554.35
      },
      {
        "YYYYMM": "202403",
        "BRD_CD": "V",
        "LARGE_CLASS_NM": "의류",
        "MIDDLE_CLASS_NM": "Outer",
        "ITEM_NM": "다운점퍼",
        "PRDT_CD": "V23FVDDJ81136",
        "PRDT_NM": "[알리스카_중국] 하이넥 미드",
        "SALE_AMT": 0.0
      },
      {
        "YYYYMM": "202503",
        "BRD_CD": "V",
        "LARGE_CLASS_NM": "의류",
        "MIDDLE_CLASS_NM": "Inner",
        "ITEM_NM": "후드티",
        "PRDT_CD": "V23FVXHDB0136",
        "PRDT_NM": "로건 기모 후드티",
        "SALE_AMT": 1145.0
      },
      {
        "YYYYMM": "202403",
        "BRD_CD": "V",
        "LARGE_CLASS_NM": "의류",
        "MIDDLE_CLASS_NM": "Outer",
        "ITEM_NM": "다운점퍼",
        "PRDT_CD": "V23FVUDJD0736",
        "PRDT_NM": "남성 레스터G RDS 구스다운 하이넥 숏패딩",
        "SALE_AMT": -162911.11
      },
      {
        "YYYYMM": "202503",
        "BRD_CD": "V",
        "LARGE_CLASS_NM": "의류",
        "MIDDLE_CLASS_NM": "Inner",
        "ITEM_NM": "맨투맨",
        "PRDT_CD": "V23FVXMTA0134",
        "PRDT_NM": "로건 맨투맨",
        "SALE_AMT": 6090.48
      },
      {
        "YYYYMM": "202403",
        "BRD_CD": "V",
        "LARGE_CLASS_NM": "의류",
        "MIDDLE_CLASS_NM": "Bottom",
        "ITEM_NM": "반바지",
        "PRDT_CD": "V24SVUSPB0143",
        "PRDT_NM": "남성 경량 컬러 쇼츠",
        "SALE_AMT": 0.0
      },
      {
        "YYYYMM": "202403",
        "BRD_CD": "V",
        "LARGE_CLASS_NM": "ACC",
        "MIDDLE_CLASS_NM": "Shoes",
        "ITEM_NM": "신발",
        "PRDT_CD": "V23NVXSHA033N",
        "PRDT_NM": "TOLEDO",
        "SALE_AMT": 981.0
      },
      {
        "YYYYMM": "202503",
        "BRD_CD": "V",
        "LARGE_CLASS_NM": "의류",
        "MIDDLE_CLASS_NM": "Outer",
        "ITEM_NM": "다운점퍼",
        "PRDT_CD": "V23FVDDJ80136",
        "PRDT_NM": "羽绒服",
        "SALE_AMT": -2248.0
      },
      {
        "YYYYMM": "202503",
        "BRD_CD": "V",
        "LARGE_CLASS_NM": "의류",
        "MIDDLE_CLASS_NM": "Outer",
        "ITEM_NM": "다운점퍼",
        "PRDT_CD": "V23FVUDJ80836",
        "PRDT_NM": "[솔덴 _중국] 하이넥 푸퍼(디마",
        "SALE_AMT": -362.02
      },
      {
        "YYYYMM": "202503",
        "BRD_CD": "V",
        "LARGE_CLASS_NM": "ACC",
        "MIDDLE_CLASS_NM": "Shoes",
        "ITEM_NM": "신발",
        "PRDT_CD": "V23NVXSHA053N",
        "PRDT_NM": "DRESDEN",
        "SALE_AMT": -14762.74
      },
      {
        "YYYYMM": "202503",
        "BRD_CD": "V",
        "LARGE_CLASS_NM": "의류",
        "MIDDLE_CLASS_NM": "Outer",
        "ITEM_NM": "다운점퍼",
        "PRDT_CD": "V23FVUDJ80936",
        "PRDT_NM": "[메그레즈 숏_중국] 소재믹스 푸퍼(숏 메그레즈)",
        "SALE_AMT": 1785.0
      },
      {
        "YYYYMM": "202503",
        "BRD_CD": "V",
        "LARGE_CLASS_NM": "의류",
        "MIDDLE_CLASS_NM": "Outer",
        "ITEM_NM": "방풍자켓",
        "PRDT_CD": "V24SVDWJA0241",
        "PRDT_NM": "여성 베이직 고어 윈드스토퍼",
        "SALE_AMT": 10000.0
      },
      {
        "YYYYMM": "202503",
        "BRD_CD": "V",
        "LARGE_CLASS_NM": "의류",
        "MIDDLE_CLASS_NM": "Bottom",
        "ITEM_NM": "팬츠",
        "PRDT_CD": "V24SVUPTB1143",
        "PRDT_NM": "남성 경량 조거팬츠",
        "SALE_AMT": 0.0
      },
      {
        "YYYYMM": "202403",
        "BRD_CD": "V",
        "LARGE_CLASS_NM": "의류",
        "MIDDLE_CLASS_NM": "Outer",
        "ITEM_NM": "다운점퍼",
        "PRDT_CD": "V23FVDDJ81236",
        "PRDT_NM": "[샤스타  _중국] 후드탈부착 벨티드 중량 다운자켓",
        "SALE_AMT": -75474.04
      },
      {
        "YYYYMM": "202503",
        "BRD_CD": "V",
        "LARGE_CLASS_NM": "의류",
        "MIDDLE_CLASS_NM": "Outer",
        "ITEM_NM": "다운점퍼",
        "PRDT_CD": "V23FVUDJ81435",
        "PRDT_NM": "[카프룬_중국] 후드탈착 중량 숏다운",
        "SALE_AMT": 0.0
      },
      {
        "YYYYMM": "202403",
        "BRD_CD": "V",
        "LARGE_CLASS_NM": "의류",
        "MIDDLE_CLASS_NM": "Outer",
        "ITEM_NM": "다운점퍼",
        "PRDT_CD": "V23FVDDJH0336",
        "PRDT_NM": "여성 스피카 미드패딩",
        "SALE_AMT": -133204.73
      },
      {
        "YYYYMM": "202403",
        "BRD_CD": "V",
        "LARGE_CLASS_NM": "의류",
        "MIDDLE_CLASS_NM": "Bottom",
        "ITEM_NM": "팬츠",
        "PRDT_CD": "V23FVUPTB0536",
        "PRDT_NM": "남성 기모 테이퍼드 카고조거팬츠",
        "SALE_AMT": -33830.91
      },
      {
        "YYYYMM": "202503",
        "BRD_CD": "V",
        "LARGE_CLASS_NM": "의류",
        "MIDDLE_CLASS_NM": "Bottom",
        "ITEM_NM": "팬츠",
        "PRDT_CD": "V24FVUPT38046",
        "PRDT_NM": "기모 테이퍼드 카고 조거",
        "SALE_AMT": -9450.01
      },
      {
        "YYYYMM": "202403",
        "BRD_CD": "V",
        "LARGE_CLASS_NM": "의류",
        "MIDDLE_CLASS_NM": "Outer",
        "ITEM_NM": "소프트쉘",
        "PRDT_CD": "V23FVDSSA0234",
        "PRDT_NM": "여성 리버시블 퀼팅 플리스 자켓",
        "SALE_AMT": -67041.54999999999
      },
      {
        "YYYYMM": "202403",
        "BRD_CD": "V",
        "LARGE_CLASS_NM": "의류",
        "MIDDLE_CLASS_NM": "Inner",
        "ITEM_NM": "반팔카라티셔츠",
        "PRDT_CD": "V24SVUTS10143",
        "PRDT_NM": "바바로 카라티",
        "SALE_AMT": 103500.0
      },
      {
        "YYYYMM": "202503",
        "BRD_CD": "V",
        "LARGE_CLASS_NM": "의류",
        "MIDDLE_CLASS_NM": "Outer",
        "ITEM_NM": "다운점퍼",
        "PRDT_CD": "V23FVUDJD0136",
        "PRDT_NM": "남성 픽토르U 구스다운 경량패딩",
        "SALE_AMT": 0.0
      },
      {
        "YYYYMM": "202503",
        "BRD_CD": "V",
        "LARGE_CLASS_NM": "ACC",
        "MIDDLE_CLASS_NM": "Acc_etc",
        "ITEM_NM": "다운 스카프",
        "PRDT_CD": "V23NVXDCZ643N",
        "PRDT_NM": "로고와펜 퀼팅 머플러",
        "SALE_AMT": 0.0
      },
      {
        "YYYYMM": "202503",
        "BRD_CD": "V",
        "LARGE_CLASS_NM": "의류",
        "MIDDLE_CLASS_NM": "Bottom",
        "ITEM_NM": "팬츠",
        "PRDT_CD": "V24FVDPT30246",
        "PRDT_NM": "모리나 N",
        "SALE_AMT": 2532.0
      },
      {
        "YYYYMM": "202403",
        "BRD_CD": "V",
        "LARGE_CLASS_NM": "의류",
        "MIDDLE_CLASS_NM": "Outer",
        "ITEM_NM": "방풍자켓",
        "PRDT_CD": "V23FVXWJC0534",
        "PRDT_NM": "바시티 자켓",
        "SALE_AMT": -41080.48
      },
      {
        "YYYYMM": "202403",
        "BRD_CD": "V",
        "LARGE_CLASS_NM": "의류",
        "MIDDLE_CLASS_NM": "Inner",
        "ITEM_NM": "반팔티셔츠",
        "PRDT_CD": "V24SVXRS10243",
        "PRDT_NM": "에미리",
        "SALE_AMT": 1770.0
      },
      {
        "YYYYMM": "202503",
        "BRD_CD": "V",
        "LARGE_CLASS_NM": "의류",
        "MIDDLE_CLASS_NM": "Bottom",
        "ITEM_NM": "팬츠",
        "PRDT_CD": "V23FVUPTB0136",
        "PRDT_NM": "남성 기모 에센셜 조거팬츠",
        "SALE_AMT": 0.0
      },
      {
        "YYYYMM": "202503",
        "BRD_CD": "V",
        "LARGE_CLASS_NM": "의류",
        "MIDDLE_CLASS_NM": "Inner",
        "ITEM_NM": "반팔카라티셔츠",
        "PRDT_CD": "V24SVUTSF1143",
        "PRDT_NM": "남성 라글란 소매레터링 반팔",
        "SALE_AMT": 876.24
      },
      {
        "YYYYMM": "202503",
        "BRD_CD": "V",
        "LARGE_CLASS_NM": "의류",
        "MIDDLE_CLASS_NM": "Bottom",
        "ITEM_NM": "팬츠",
        "PRDT_CD": "V22SVUPT04121",
        "PRDT_NM": "토이마보",
        "SALE_AMT": 0.0
      },
      {
        "YYYYMM": "202403",
        "BRD_CD": "V",
        "LARGE_CLASS_NM": "의류",
        "MIDDLE_CLASS_NM": "Outer",
        "ITEM_NM": "다운점퍼",
        "PRDT_CD": "V23FVUDJD1136",
        "PRDT_NM": "남성 레스터G RDS 구스다운 롱패딩",
        "SALE_AMT": -126616.5
      },
      {
        "YYYYMM": "202503",
        "BRD_CD": "V",
        "LARGE_CLASS_NM": "의류",
        "MIDDLE_CLASS_NM": "Outer",
        "ITEM_NM": "다운점퍼",
        "PRDT_CD": "V23FVDDJ80536",
        "PRDT_NM": "[솔레즈_중국] 후드풀집업 다",
        "SALE_AMT": -2000.0
      },
      {
        "YYYYMM": "202503",
        "BRD_CD": "V",
        "LARGE_CLASS_NM": "ACC",
        "MIDDLE_CLASS_NM": "Bag",
        "ITEM_NM": "크로스백",
        "PRDT_CD": "V24FVXCR10144",
        "PRDT_NM": "키에리 크로스백",
        "SALE_AMT": 2497.61
      },
      {
        "YYYYMM": "202403",
        "BRD_CD": "V",
        "LARGE_CLASS_NM": "의류",
        "MIDDLE_CLASS_NM": "Outer",
        "ITEM_NM": "방풍자켓",
        "PRDT_CD": "V24SVDWJ10443",
        "PRDT_NM": "사오나",
        "SALE_AMT": 95816.95
      },
      {
        "YYYYMM": "202503",
        "BRD_CD": "V",
        "LARGE_CLASS_NM": "의류",
        "MIDDLE_CLASS_NM": "Bottom",
        "ITEM_NM": "트레이닝 숏팬츠",
        "PRDT_CD": "V24SVDTB30443",
        "PRDT_NM": "트레나 숏",
        "SALE_AMT": 500.0
      },
      {
        "YYYYMM": "202403",
        "BRD_CD": "V",
        "LARGE_CLASS_NM": "의류",
        "MIDDLE_CLASS_NM": "Inner",
        "ITEM_NM": "반팔카라티셔츠",
        "PRDT_CD": "V24SVDTS30143",
        "PRDT_NM": "세톨 W",
        "SALE_AMT": 148150.0
      },
      {
        "YYYYMM": "202403",
        "BRD_CD": "V",
        "LARGE_CLASS_NM": "의류",
        "MIDDLE_CLASS_NM": "Outer",
        "ITEM_NM": "방풍자켓",
        "PRDT_CD": "V24SVUWJ30343",
        "PRDT_NM": "마데라스",
        "SALE_AMT": 131670.02
      },
      {
        "YYYYMM": "202403",
        "BRD_CD": "V",
        "LARGE_CLASS_NM": "의류",
        "MIDDLE_CLASS_NM": "Inner",
        "ITEM_NM": "트레이닝(상의)",
        "PRDT_CD": "V24SVXTRD0143",
        "PRDT_NM": "경량 캐쥬얼 트레이닝 반팔 맨",
        "SALE_AMT": 115553.11
      },
      {
        "YYYYMM": "202403",
        "BRD_CD": "V",
        "LARGE_CLASS_NM": "의류",
        "MIDDLE_CLASS_NM": "Inner",
        "ITEM_NM": "반팔카라티셔츠",
        "PRDT_CD": "V24SVDTSF1243",
        "PRDT_NM": "여성 라글란 소매레터링 반팔",
        "SALE_AMT": 0.0
      },
      {
        "YYYYMM": "202403",
        "BRD_CD": "V",
        "LARGE_CLASS_NM": "의류",
        "MIDDLE_CLASS_NM": "Outer",
        "ITEM_NM": "방풍자켓",
        "PRDT_CD": "V24SVDWJH0143",
        "PRDT_NM": "여성 경량 아웃포켓 크롭 바람",
        "SALE_AMT": 6750.03
      },
      {
        "YYYYMM": "202503",
        "BRD_CD": "V",
        "LARGE_CLASS_NM": "의류",
        "MIDDLE_CLASS_NM": "Outer",
        "ITEM_NM": "방풍자켓",
        "PRDT_CD": "V23FVUWJC0334",
        "PRDT_NM": "남성 항공점퍼",
        "SALE_AMT": 2961.9399999999996
      },
      {
        "YYYYMM": "202503",
        "BRD_CD": "V",
        "LARGE_CLASS_NM": "의류",
        "MIDDLE_CLASS_NM": "Bottom",
        "ITEM_NM": "팬츠",
        "PRDT_CD": "V23FVUPTB0336",
        "PRDT_NM": "남성 기모 테이퍼드 카고팬츠",
        "SALE_AMT": 2453.0
      },
      {
        "YYYYMM": "202403",
        "BRD_CD": "V",
        "LARGE_CLASS_NM": "의류",
        "MIDDLE_CLASS_NM": "Inner",
        "ITEM_NM": "트레이닝(상의)",
        "PRDT_CD": "V24SVUTR10541",
        "PRDT_NM": "레그레소 맨투맨",
        "SALE_AMT": 1844.0
      },
      {
        "YYYYMM": "202503",
        "BRD_CD": "V",
        "LARGE_CLASS_NM": "의류",
        "MIDDLE_CLASS_NM": "Bottom",
        "ITEM_NM": "팬츠",
        "PRDT_CD": "V24FVDPT10444",
        "PRDT_NM": "[위루 우먼스 컴포트 조거] 여",
        "SALE_AMT": -4350.03
      },
      {
        "YYYYMM": "202403",
        "BRD_CD": "V",
        "LARGE_CLASS_NM": null,
        "MIDDLE_CLASS_NM": null,
        "ITEM_NM": null,
        "PRDT_CD": "V23FVDKP80236CN",
        "PRDT_NM": "[오를리체 _중국] 터틀넥 니트",
        "SALE_AMT": -60606.0
      },
      {
        "YYYYMM": "202403",
        "BRD_CD": "V",
        "LARGE_CLASS_NM": "의류",
        "MIDDLE_CLASS_NM": "Bottom",
        "ITEM_NM": "팬츠",
        "PRDT_CD": "V24SVUPTF0543",
        "PRDT_NM": "남성 경량 하이스트레치 슬림",
        "SALE_AMT": 126950.0
      },
      {
        "YYYYMM": "202503",
        "BRD_CD": "V",
        "LARGE_CLASS_NM": "ACC",
        "MIDDLE_CLASS_NM": "Headwear",
        "ITEM_NM": "햇",
        "PRDT_CD": "V24FVXHT10144",
        "PRDT_NM": "포사가",
        "SALE_AMT": -780.01
      },
      {
        "YYYYMM": "202503",
        "BRD_CD": "V",
        "LARGE_CLASS_NM": "의류",
        "MIDDLE_CLASS_NM": "Inner",
        "ITEM_NM": "트레이닝(상의)",
        "PRDT_CD": "V24SVUTR10541",
        "PRDT_NM": "레그레소 맨투맨",
        "SALE_AMT": 1300.0
      },
      {
        "YYYYMM": "202503",
        "BRD_CD": "V",
        "LARGE_CLASS_NM": "의류",
        "MIDDLE_CLASS_NM": "Inner",
        "ITEM_NM": "라운드티",
        "PRDT_CD": "V22SVURT07223",
        "PRDT_NM": "베그리",
        "SALE_AMT": 0.0
      },
      {
        "YYYYMM": "202403",
        "BRD_CD": "V",
        "LARGE_CLASS_NM": "의류",
        "MIDDLE_CLASS_NM": "Outer",
        "ITEM_NM": "방풍자켓",
        "PRDT_CD": "V23SVDWJ10633",
        "PRDT_NM": "안노네",
        "SALE_AMT": 0.0
      }
    ],
    "total_records_count": 928
  }
}