{
  "country": "CN",
  "brand_cd": "W",
  "brand_name": "SUPRA",
  "yyyymm": "202506",
  "yyyymm_py": "202406",
  "key": "월별채널별매출추세",
  "analysis_data": {
    "title": "월별 채널별 매출 추세 분석",
    "sections": [
      {
        "div": "종합분석-1",
        "sub_title": "월별 주요 인사이트",
        "ai_text": "SUPRA 브랜드의 2025년 상반기 매출은 심각한 하락세를 보이고 있습니다.\n\n• 1월 1,834k에서 6월 288k로 84.3% 급감하여 매우 우려스러운 상황\n• 2월 819k(-55.3%), 3월 325k(-60.3%)로 연속 급락 후 4월 469k로 소폭 회복\n• 5월 419k(-10.7%), 6월 288k(-31.3%)로 재차 하락하며 최저점 기록\n• 상반기 총 매출 4,154k 중 1월이 44.2%를 차지하는 극도로 불균형한 분포\n\n⚠️ 특이사항: 1월 이후 지속적인 매출 감소는 브랜드 전략 재검토가 시급함을 시사합니다. 특히 3월과 6월의 매출이 각각 325k, 288k로 1월 대비 80% 이상 감소한 점은 구조적 문제를 나타냅니다."
      },
      {
        "div": "종합분석-2",
        "sub_title": "채널 트렌드",
        "ai_text": "채널별 성과는 극명한 명암을 보이며, 오프라인과 온라인 채널 간 상반된 트렌드를 나타냅니다.\n\n**강세 채널:**\n• (OFF)아울렛: 3월부터 본격 가동하여 409k 달성, 5-6월 296k(72.4%) 집중\n• (EC)할인몰: 4월 245k 폭증으로 총 389k 중 62.9%를 4월에 기록\n\n**약세 채널:**\n• (OFF)쇼핑몰: 총 2,594k로 최대 채널이나 1월 1,522k→6월 53k로 96.5% 급락\n• (OFF)대리상: 1-2월 346k→3월 이후 사실상 중단(12k)\n• (EC)티몰: 안정적이나 소규모 유지(월평균 67k)\n\n**채널 구조 변화:**\n• 1월: 쇼핑몰(83.0%) 중심 → 6월: 아울렛(45.1%), 할인몰(20.1%) 분산\n• 오프라인 비중: 1월 93.3% → 6월 63.5%로 온라인 채널 비중 확대\n• 대리상 채널의 급속한 위축은 유통 구조 재편 필요성을 시사"
      },
      {
        "div": "종합분석-3",
        "sub_title": "전략 포인트",
        "ai_text": "현재 상황은 위기이자 기회로, 채널 포트폴리오 재편과 브랜드 전략 혁신이 필요합니다.\n\n**즉시 실행 액션플랜:**\n• 아울렛 채널 확대: 5-6월 안정적 성과를 바탕으로 하반기 아울렛 입점 2배 확대\n• 할인몰 최적화: 4월 245k 급증 원인 분석 후 프로모션 전략 정례화\n• 쇼핑몰 채널 긴급 진단: 96.5% 매출 감소 원인 파악 및 회복 방안 수립\n\n**중장기 전략:**\n• 채널 다변화: 아울렛(30%), 할인몰(25%), 쇼핑몰(30%), 기타(15%) 목표 비중 설정\n• 온라인 강화: EC 채널 비중을 현재 20%에서 40%까지 확대\n• 대리상 구조조정: 성과 저조 대리상 정리 후 핵심 거점 중심 재편\n\n**리스크 관리:**\n• 단일 채널 의존도 50% 이하로 제한하는 리스크 관리 체계 구축\n• 월별 매출 변동성 완화를 위한 계절별 상품 포트폴리오 다양화\n• 3개월 연속 매출 감소 시 자동 경보 시스템 도입"
      }
    ]
  },
  "summary": {
    "total_sales": 4154.0,
    "unique_channels": 6,
    "unique_months": 6,
    "analysis_period": "2025년 01월 ~ 2025년 06월"
  },
  "monthly_totals": {
    "202501": 1834.0,
    "202502": 819.0,
    "202503": 325.0,
    "202504": 469.0,
    "202505": 419.0,
    "202506": 288.0
  },
  "channel_summary": {
    "(OFF)쇼핑몰": {
      "chnl_cd": "CN5",
      "total": 2594.0,
      "months": {
        "202501": 1522.0,
        "202502": 604.0,
        "202503": 184.0,
        "202504": 98.0,
        "202505": 133.0,
        "202506": 53.0
      }
    },
    "(OFF)아울렛": {
      "chnl_cd": "CN6",
      "total": 409.0,
      "months": {
        "202501": 0.0,
        "202502": 0.0,
        "202503": 56.0,
        "202504": 58.0,
        "202505": 166.0,
        "202506": 130.0
      }
    },
    "(EC)티몰": {
      "chnl_cd": "CN1",
      "total": 401.0,
      "months": {
        "202501": 123.0,
        "202502": 52.0,
        "202503": 67.0,
        "202504": 66.0,
        "202505": 45.0,
        "202506": 47.0
      }
    },
    "(EC)할인몰": {
      "chnl_cd": "CN3",
      "total": 389.0,
      "months": {
        "202501": 0.0,
        "202502": 6.0,
        "202503": 7.0,
        "202504": 245.0,
        "202505": 73.0,
        "202506": 58.0
      }
    },
    "(OFF)대리상": {
      "chnl_cd": "CN8",
      "total": 358.0,
      "months": {
        "202501": 189.0,
        "202502": 157.0,
        "202503": 9.0,
        "202504": 2.0,
        "202505": 1.0,
        "202506": 0.0
      }
    },
    "(EC)대리상": {
      "chnl_cd": "CN7",
      "total": 3.0,
      "months": {
        "202501": 0.0,
        "202502": 0.0,
        "202503": 3.0,
        "202504": 0.0,
        "202505": 0.0,
        "202506": 0.0
      }
    },
    "null": {
      "chnl_cd": null,
      "total": 0.0,
      "months": {
        "202501": 0.0,
        "202502": 0.0,
        "202503": 0.0,
        "202504": 0.0,
        "202505": 0.0,
        "202506": 0.0
      }
    }
  },
  "raw_data": {
    "sample_records": [
      {
        "YYYYMM": "202506",
        "BRD_CD": "W",
        "CHNL_CD": "CN1",
        "CHNL_NM": "(EC)티몰",
        "SALE_AMT": 46852.93000000002
      },
      {
        "YYYYMM": "202506",
        "BRD_CD": "W",
        "CHNL_CD": "CN3",
        "CHNL_NM": "(EC)할인몰",
        "SALE_AMT": 57940.55
      },
      {
        "YYYYMM": "202506",
        "BRD_CD": "W",
        "CHNL_CD": "CN5",
        "CHNL_NM": "(OFF)쇼핑몰",
        "SALE_AMT": 53180.0
      },
      {
        "YYYYMM": "202506",
        "BRD_CD": "W",
        "CHNL_CD": "CN6",
        "CHNL_NM": "(OFF)아울렛",
        "SALE_AMT": 129755.46669999999
      },
      {
        "YYYYMM": "202506",
        "BRD_CD": "W",
        "CHNL_CD": "CN7",
        "CHNL_NM": "(EC)대리상",
        "SALE_AMT": 0.0
      },
      {
        "YYYYMM": "202506",
        "BRD_CD": "W",
        "CHNL_CD": "CN8",
        "CHNL_NM": "(OFF)대리상",
        "SALE_AMT": 0.0
      },
      {
        "YYYYMM": "202506",
        "BRD_CD": "W",
        "CHNL_CD": null,
        "CHNL_NM": null,
        "SALE_AMT": 0.0
      },
      {
        "YYYYMM": "202505",
        "BRD_CD": "W",
        "CHNL_CD": "CN1",
        "CHNL_NM": "(EC)티몰",
        "SALE_AMT": 45349.73000000001
      },
      {
        "YYYYMM": "202505",
        "BRD_CD": "W",
        "CHNL_CD": "CN3",
        "CHNL_NM": "(EC)할인몰",
        "SALE_AMT": 73346.45
      },
      {
        "YYYYMM": "202505",
        "BRD_CD": "W",
        "CHNL_CD": "CN5",
        "CHNL_NM": "(OFF)쇼핑몰",
        "SALE_AMT": 132951.0
      },
      {
        "YYYYMM": "202505",
        "BRD_CD": "W",
        "CHNL_CD": "CN6",
        "CHNL_NM": "(OFF)아울렛",
        "SALE_AMT": 165897.4
      },
      {
        "YYYYMM": "202505",
        "BRD_CD": "W",
        "CHNL_CD": "CN7",
        "CHNL_NM": "(EC)대리상",
        "SALE_AMT": 0.0
      },
      {
        "YYYYMM": "202505",
        "BRD_CD": "W",
        "CHNL_CD": "CN8",
        "CHNL_NM": "(OFF)대리상",
        "SALE_AMT": 1197.0
      },
      {
        "YYYYMM": "202505",
        "BRD_CD": "W",
        "CHNL_CD": null,
        "CHNL_NM": null,
        "SALE_AMT": 0.0
      },
      {
        "YYYYMM": "202504",
        "BRD_CD": "W",
        "CHNL_CD": "CN1",
        "CHNL_NM": "(EC)티몰",
        "SALE_AMT": 66035.95999999996
      },
      {
        "YYYYMM": "202504",
        "BRD_CD": "W",
        "CHNL_CD": "CN3",
        "CHNL_NM": "(EC)할인몰",
        "SALE_AMT": 244845.29999999987
      },
      {
        "YYYYMM": "202504",
        "BRD_CD": "W",
        "CHNL_CD": "CN5",
        "CHNL_NM": "(OFF)쇼핑몰",
        "SALE_AMT": 97931.0
      },
      {
        "YYYYMM": "202504",
        "BRD_CD": "W",
        "CHNL_CD": "CN6",
        "CHNL_NM": "(OFF)아울렛",
        "SALE_AMT": 58129.0
      },
      {
        "YYYYMM": "202504",
        "BRD_CD": "W",
        "CHNL_CD": "CN7",
        "CHNL_NM": "(EC)대리상",
        "SALE_AMT": 0.0
      },
      {
        "YYYYMM": "202504",
        "BRD_CD": "W",
        "CHNL_CD": "CN8",
        "CHNL_NM": "(OFF)대리상",
        "SALE_AMT": 2300.0
      },
      {
        "YYYYMM": "202504",
        "BRD_CD": "W",
        "CHNL_CD": null,
        "CHNL_NM": null,
        "SALE_AMT": 0.0
      },
      {
        "YYYYMM": "202503",
        "BRD_CD": "W",
        "CHNL_CD": "CN1",
        "CHNL_NM": "(EC)티몰",
        "SALE_AMT": 66793.43000000004
      },
      {
        "YYYYMM": "202503",
        "BRD_CD": "W",
        "CHNL_CD": "CN3",
        "CHNL_NM": "(EC)할인몰",
        "SALE_AMT": 6672.7
      },
      {
        "YYYYMM": "202503",
        "BRD_CD": "W",
        "CHNL_CD": "CN5",
        "CHNL_NM": "(OFF)쇼핑몰",
        "SALE_AMT": 183857.0
      },
      {
        "YYYYMM": "202503",
        "BRD_CD": "W",
        "CHNL_CD": "CN6",
        "CHNL_NM": "(OFF)아울렛",
        "SALE_AMT": 55575.0
      },
      {
        "YYYYMM": "202503",
        "BRD_CD": "W",
        "CHNL_CD": "CN7",
        "CHNL_NM": "(EC)대리상",
        "SALE_AMT": 3169.0
      },
      {
        "YYYYMM": "202503",
        "BRD_CD": "W",
        "CHNL_CD": "CN8",
        "CHNL_NM": "(OFF)대리상",
        "SALE_AMT": 8718.0
      },
      {
        "YYYYMM": "202503",
        "BRD_CD": "W",
        "CHNL_CD": null,
        "CHNL_NM": null,
        "SALE_AMT": 0.0
      },
      {
        "YYYYMM": "202502",
        "BRD_CD": "W",
        "CHNL_CD": "CN1",
        "CHNL_NM": "(EC)티몰",
        "SALE_AMT": 52213.52000000001
      },
      {
        "YYYYMM": "202502",
        "BRD_CD": "W",
        "CHNL_CD": "CN3",
        "CHNL_NM": "(EC)할인몰",
        "SALE_AMT": 5618.549999999997
      },
      {
        "YYYYMM": "202502",
        "BRD_CD": "W",
        "CHNL_CD": "CN5",
        "CHNL_NM": "(OFF)쇼핑몰",
        "SALE_AMT": 604111.0
      },
      {
        "YYYYMM": "202502",
        "BRD_CD": "W",
        "CHNL_CD": "CN6",
        "CHNL_NM": "(OFF)아울렛",
        "SALE_AMT": 0.0
      },
      {
        "YYYYMM": "202502",
        "BRD_CD": "W",
        "CHNL_CD": "CN7",
        "CHNL_NM": "(EC)대리상",
        "SALE_AMT": 0.0
      },
      {
        "YYYYMM": "202502",
        "BRD_CD": "W",
        "CHNL_CD": "CN8",
        "CHNL_NM": "(OFF)대리상",
        "SALE_AMT": 156836.0
      },
      {
        "YYYYMM": "202502",
        "BRD_CD": "W",
        "CHNL_CD": null,
        "CHNL_NM": null,
        "SALE_AMT": 0.0
      },
      {
        "YYYYMM": "202501",
        "BRD_CD": "W",
        "CHNL_CD": "CN1",
        "CHNL_NM": "(EC)티몰",
        "SALE_AMT": 123436.08
      },
      {
        "YYYYMM": "202501",
        "BRD_CD": "W",
        "CHNL_CD": "CN3",
        "CHNL_NM": "(EC)할인몰",
        "SALE_AMT": 495.95000000000005
      },
      {
        "YYYYMM": "202501",
        "BRD_CD": "W",
        "CHNL_CD": "CN5",
        "CHNL_NM": "(OFF)쇼핑몰",
        "SALE_AMT": 1521730.0
      },
      {
        "YYYYMM": "202501",
        "BRD_CD": "W",
        "CHNL_CD": "CN6",
        "CHNL_NM": "(OFF)아울렛",
        "SALE_AMT": 0.0
      },
      {
        "YYYYMM": "202501",
        "BRD_CD": "W",
        "CHNL_CD": "CN7",
        "CHNL_NM": "(EC)대리상",
        "SALE_AMT": 0.0
      },
      {
        "YYYYMM": "202501",
        "BRD_CD": "W",
        "CHNL_CD": "CN8",
        "CHNL_NM": "(OFF)대리상",
        "SALE_AMT": 188826.0
      },
      {
        "YYYYMM": "202501",
        "BRD_CD": "W",
        "CHNL_CD": null,
        "CHNL_NM": null,
        "SALE_AMT": 0.0
      }
    ],
    "total_records_count": 42
  }
}