{
  "country": "CN",
  "brand_cd": "M",
  "brand_name": "MLB",
  "yyyymm": "202504",
  "yyyymm_py": "202404",
  "key": "할인율",
  "sub_key": "종합분석",
  "analysis_data": {
    "title": "채널별 할인율 종합분석",
    "sections": [
      {
        "div": "종합분석-1",
        "sub_title": "할인율 전략이 우수한 채널",
        "ai_text": "• (EC)대리상: 할인율 11.0%로 전년대비 1.3%p 개선, 16개월간 추세분석 결과 2024년 하반기부터 안정화 추세\n• (EC)티몰: 할인율 7.6%로 전년대비 0.1%p 개선, 매출액(v+) 29k로 안정적 운영\n• (OFF)플래그쉽: 할인율 7.0%로 낮은 수준 유지, 브랜드 포지셔닝에 적합한 프리미엄 전략 실행"
      },
      {
        "div": "종합분석-2",
        "sub_title": "주의 필요 채널",
        "ai_text": "• (EC)할인몰: 할인율 38.7%로 전년대비 5.7%p 악화, 수익성 훼손 우려 심각\n• (OFF)아울렛: 할인율 35.4%로 전년대비 1.8%p 악화, 2024년 8월 66.4% 급등 이후 불안정한 추세\n• (EC)틱톡/JD: 할인율 5.4%로 전년대비 2.9%p 악화, 신규 채널임에도 할인율 상승세 지속"
      },
      {
        "div": "종합분석-3",
        "sub_title": "AI 권장사항",
        "ai_text": "• 즉시 실행: (EC)할인몰 할인율 35% 이하로 제한, 상품믹스 조정 및 프로모션 정책 재검토 필요\n• 중기 전략: (OFF)아울렛 재고 관리 체계 구축으로 할인율 30% 이하 목표, 계절성 고려한 할인 정책 수립\n• 신규 채널: (EC)틱톡/JD는 브랜드 가치 보호를 위해 할인율 상한선 8% 설정 권장\n• 벤치마킹: (EC)티몰과 (OFF)플래그쉽의 저할인율 운영 노하우를 타 채널에 적용하여 전체 할인율 10% 이하 달성"
      }
    ]
  },
  "summary": {
    "total_discount_current": 10.9,
    "total_discount_previous": 9.7,
    "total_change_pct": 1.2,
    "unique_channels": 8,
    "unique_months": 16,
    "analysis_period_month": "2024년 4월 vs 2025년 4월",
    "analysis_period_trend": "2024년 1월 ~ 2025년 4월"
  },
  "channel_summary": {
    "(EC)대리상": {
      "current_discount": 11.0,
      "previous_discount": 12.3,
      "change_pct": -1.3,
      "trend_months": [
        "202401",
        "202402",
        "202403",
        "202404",
        "202405",
        "202406",
        "202407",
        "202408",
        "202409",
        "202410",
        "202411",
        "202412",
        "202501",
        "202502",
        "202503",
        "202504"
      ],
      "trend_values": [
        12.4,
        13.4,
        12.5,
        12.3,
        13.0,
        13.9,
        11.8,
        9.4,
        8.7,
        11.2,
        14.9,
        11.5,
        10.9,
        9.8,
        10.0,
        11.0
      ],
      "current_tag_sale": 90902.0,
      "current_act_sale": 80915.0,
      "previous_tag_sale": 88317.0,
      "previous_act_sale": 77443.0
    },
    "(EC)티몰": {
      "current_discount": 7.6,
      "previous_discount": 7.7,
      "change_pct": -0.1,
      "trend_months": [
        "202401",
        "202402",
        "202403",
        "202404",
        "202405",
        "202406",
        "202407",
        "202408",
        "202409",
        "202410",
        "202411",
        "202412",
        "202501",
        "202502",
        "202503",
        "202504"
      ],
      "trend_values": [
        16.3,
        6.3,
        10.7,
        7.7,
        18.4,
        18.3,
        12.1,
        13.2,
        15.2,
        26.7,
        23.0,
        16.9,
        17.4,
        9.1,
        14.0,
        7.6
      ],
      "current_tag_sale": 30902.0,
      "current_act_sale": 28552.0,
      "previous_tag_sale": 29707.0,
      "previous_act_sale": 27427.0
    },
    "(OFF)쇼핑몰": {
      "current_discount": 10.5,
      "previous_discount": 9.4,
      "change_pct": 1.1,
      "trend_months": [
        "202401",
        "202402",
        "202403",
        "202404",
        "202405",
        "202406",
        "202407",
        "202408",
        "202409",
        "202410",
        "202411",
        "202412",
        "202501",
        "202502",
        "202503",
        "202504"
      ],
      "trend_values": [
        13.7,
        13.2,
        6.6,
        9.4,
        8.6,
        8.1,
        6.5,
        6.3,
        8.9,
        10.4,
        10.0,
        12.8,
        12.7,
        11.8,
        9.0,
        10.5
      ],
      "current_tag_sale": 9481.0,
      "current_act_sale": 8484.0,
      "previous_tag_sale": 8641.0,
      "previous_act_sale": 7832.0
    },
    "(OFF)플래그쉽": {
      "current_discount": 7.0,
      "previous_discount": 4.6,
      "change_pct": 2.4,
      "trend_months": [
        "202401",
        "202402",
        "202403",
        "202404",
        "202405",
        "202406",
        "202407",
        "202408",
        "202409",
        "202410",
        "202411",
        "202412",
        "202501",
        "202502",
        "202503",
        "202504"
      ],
      "trend_values": [
        11.8,
        10.4,
        3.1,
        4.6,
        5.7,
        5.6,
        3.5,
        2.1,
        6.5,
        12.7,
        10.0,
        10.7,
        9.9,
        8.3,
        6.7,
        7.0
      ],
      "current_tag_sale": 4593.0,
      "current_act_sale": 4270.0,
      "previous_tag_sale": 6423.0,
      "previous_act_sale": 6126.0
    },
    "(EC)틱톡/JD": {
      "current_discount": 5.4,
      "previous_discount": 2.5,
      "change_pct": 2.9,
      "trend_months": [
        "202404",
        "202405",
        "202406",
        "202407",
        "202408",
        "202409",
        "202410",
        "202411",
        "202412",
        "202501",
        "202502",
        "202503",
        "202504"
      ],
      "trend_values": [
        2.5,
        12.7,
        16.3,
        10.2,
        9.6,
        8.0,
        14.5,
        17.2,
        7.3,
        11.2,
        6.1,
        7.8,
        5.4
      ],
      "current_tag_sale": 9554.0,
      "current_act_sale": 9038.0,
      "previous_tag_sale": 144.0,
      "previous_act_sale": 140.0
    },
    "(OFF)아울렛": {
      "current_discount": 35.4,
      "previous_discount": 33.6,
      "change_pct": 1.8,
      "trend_months": [
        "202401",
        "202402",
        "202403",
        "202404",
        "202405",
        "202406",
        "202407",
        "202408",
        "202409",
        "202410",
        "202411",
        "202412",
        "202501",
        "202502",
        "202503",
        "202504"
      ],
      "trend_values": [
        36.6,
        32.8,
        33.1,
        33.6,
        31.5,
        30.7,
        29.5,
        66.4,
        32.0,
        36.4,
        32.1,
        29.5,
        27.6,
        29.7,
        31.1,
        35.4
      ],
      "current_tag_sale": 33769.0,
      "current_act_sale": 21814.0,
      "previous_tag_sale": 41711.0,
      "previous_act_sale": 27698.0
    },
    "(EC)할인몰": {
      "current_discount": 38.7,
      "previous_discount": 33.0,
      "change_pct": 5.7,
      "trend_months": [
        "202401",
        "202402",
        "202403",
        "202404",
        "202405",
        "202406",
        "202407",
        "202408",
        "202409",
        "202410",
        "202411",
        "202412",
        "202501",
        "202502",
        "202503",
        "202504"
      ],
      "trend_values": [
        37.9,
        28.1,
        33.5,
        33.0,
        36.6,
        39.1,
        32.3,
        34.1,
        37.9,
        42.0,
        37.7,
        40.2,
        36.0,
        38.6,
        40.2,
        38.7
      ],
      "current_tag_sale": 12371.0,
      "current_act_sale": 7587.0,
      "previous_tag_sale": 12158.0,
      "previous_act_sale": 8150.0
    },
    "(OFF)대리상": {
      "current_discount": 9.0,
      "previous_discount": 7.1,
      "change_pct": 1.9,
      "trend_months": [
        "202401",
        "202402",
        "202403",
        "202404",
        "202405",
        "202406",
        "202407",
        "202408",
        "202409",
        "202410",
        "202411",
        "202412",
        "202501",
        "202502",
        "202503",
        "202504"
      ],
      "trend_values": [
        7.5,
        6.4,
        7.6,
        7.1,
        6.5,
        6.6,
        7.8,
        7.7,
        9.8,
        9.7,
        9.6,
        9.3,
        9.0,
        9.4,
        10.4,
        9.0
      ],
      "current_tag_sale": 537895.0,
      "current_act_sale": 489218.0,
      "previous_tag_sale": 542367.0,
      "previous_act_sale": 503667.0
    }
  },
  "trend_data": {
    "trend_months": [
      "202401",
      "202402",
      "202403",
      "202404",
      "202405",
      "202406",
      "202407",
      "202408",
      "202409",
      "202410",
      "202411",
      "202412",
      "202501",
      "202502",
      "202503",
      "202504"
    ],
    "monthly_totals": [
      {
        "yyyymm": "202401",
        "tag_sale_amt": 868265.0,
        "act_sale_amt": 772446.0,
        "discount_pct": 11.0
      },
      {
        "yyyymm": "202402",
        "tag_sale_amt": 884621.0,
        "act_sale_amt": 808057.0,
        "discount_pct": 8.7
      },
      {
        "yyyymm": "202403",
        "tag_sale_amt": 730195.0,
        "act_sale_amt": 658013.0,
        "discount_pct": 9.9
      },
      {
        "yyyymm": "202404",
        "tag_sale_amt": 729468.0,
        "act_sale_amt": 658484.0,
        "discount_pct": 9.7
      },
      {
        "yyyymm": "202405",
        "tag_sale_amt": 754488.0,
        "act_sale_amt": 679145.0,
        "discount_pct": 10.0
      },
      {
        "yyyymm": "202406",
        "tag_sale_amt": 644486.0,
        "act_sale_amt": 578677.0,
        "discount_pct": 10.2
      },
      {
        "yyyymm": "202407",
        "tag_sale_amt": 566932.0,
        "act_sale_amt": 512070.0,
        "discount_pct": 9.7
      },
      {
        "yyyymm": "202408",
        "tag_sale_amt": 644079.0,
        "act_sale_amt": 557969.0,
        "discount_pct": 13.4
      },
      {
        "yyyymm": "202409",
        "tag_sale_amt": 632911.0,
        "act_sale_amt": 561752.0,
        "discount_pct": 11.2
      },
      {
        "yyyymm": "202410",
        "tag_sale_amt": 982382.0,
        "act_sale_amt": 846299.0,
        "discount_pct": 13.9
      },
      {
        "yyyymm": "202411",
        "tag_sale_amt": 940109.0,
        "act_sale_amt": 815822.0,
        "discount_pct": 13.2
      },
      {
        "yyyymm": "202412",
        "tag_sale_amt": 960732.0,
        "act_sale_amt": 850756.0,
        "discount_pct": 11.4
      },
      {
        "yyyymm": "202501",
        "tag_sale_amt": 1236661.0,
        "act_sale_amt": 1103373.0,
        "discount_pct": 10.8
      },
      {
        "yyyymm": "202502",
        "tag_sale_amt": 597686.0,
        "act_sale_amt": 534167.0,
        "discount_pct": 10.6
      },
      {
        "yyyymm": "202503",
        "tag_sale_amt": 753055.0,
        "act_sale_amt": 663824.0,
        "discount_pct": 11.8
      },
      {
        "yyyymm": "202504",
        "tag_sale_amt": 729467.0,
        "act_sale_amt": 649877.0,
        "discount_pct": 10.9
      }
    ],
    "channel_trends": {
      "(EC)대리상": {
        "202504": 11.0,
        "202503": 10.0,
        "202502": 9.8,
        "202501": 10.9,
        "202412": 11.5,
        "202411": 14.9,
        "202410": 11.2,
        "202409": 8.7,
        "202408": 9.4,
        "202407": 11.8,
        "202406": 13.9,
        "202405": 13.0,
        "202404": 12.3,
        "202403": 12.5,
        "202402": 13.4,
        "202401": 12.4
      },
      "(EC)티몰": {
        "202504": 7.6,
        "202503": 14.0,
        "202502": 9.1,
        "202501": 17.4,
        "202412": 16.9,
        "202411": 23.0,
        "202410": 26.7,
        "202409": 15.2,
        "202408": 13.2,
        "202407": 12.1,
        "202406": 18.3,
        "202405": 18.4,
        "202404": 7.7,
        "202403": 10.7,
        "202402": 6.3,
        "202401": 16.3
      },
      "(EC)틱톡/JD": {
        "202504": 5.4,
        "202503": 7.8,
        "202502": 6.1,
        "202501": 11.2,
        "202412": 7.3,
        "202411": 17.2,
        "202410": 14.5,
        "202409": 8.0,
        "202408": 9.6,
        "202407": 10.2,
        "202406": 16.3,
        "202405": 12.7,
        "202404": 2.5
      },
      "(EC)할인몰": {
        "202504": 38.7,
        "202503": 40.2,
        "202502": 38.6,
        "202501": 36.0,
        "202412": 40.2,
        "202411": 37.7,
        "202410": 42.0,
        "202409": 37.9,
        "202408": 34.1,
        "202407": 32.3,
        "202406": 39.1,
        "202405": 36.6,
        "202404": 33.0,
        "202403": 33.5,
        "202402": 28.1,
        "202401": 37.9
      },
      "(OFF)대리상": {
        "202504": 9.0,
        "202503": 10.4,
        "202502": 9.4,
        "202501": 9.0,
        "202412": 9.3,
        "202411": 9.6,
        "202410": 9.7,
        "202409": 9.8,
        "202408": 7.7,
        "202407": 7.8,
        "202406": 6.6,
        "202405": 6.5,
        "202404": 7.1,
        "202403": 7.6,
        "202402": 6.4,
        "202401": 7.5
      },
      "(OFF)쇼핑몰": {
        "202504": 10.5,
        "202503": 9.0,
        "202502": 11.8,
        "202501": 12.7,
        "202412": 12.8,
        "202411": 10.0,
        "202410": 10.4,
        "202409": 8.9,
        "202408": 6.3,
        "202407": 6.5,
        "202406": 8.1,
        "202405": 8.6,
        "202404": 9.4,
        "202403": 6.6,
        "202402": 13.2,
        "202401": 13.7
      },
      "(OFF)아울렛": {
        "202504": 35.4,
        "202503": 31.1,
        "202502": 29.7,
        "202501": 27.6,
        "202412": 29.5,
        "202411": 32.1,
        "202410": 36.4,
        "202409": 32.0,
        "202408": 66.4,
        "202407": 29.5,
        "202406": 30.7,
        "202405": 31.5,
        "202404": 33.6,
        "202403": 33.1,
        "202402": 32.8,
        "202401": 36.6
      },
      "(OFF)플래그쉽": {
        "202504": 7.0,
        "202503": 6.7,
        "202502": 8.3,
        "202501": 9.9,
        "202412": 10.7,
        "202411": 10.0,
        "202410": 12.7,
        "202409": 6.5,
        "202408": 2.1,
        "202407": 3.5,
        "202406": 5.6,
        "202405": 5.7,
        "202404": 4.6,
        "202403": 3.1,
        "202402": 10.4,
        "202401": 11.8
      }
    }
  },
  "raw_data": {
    "sample_records": [
      {
        "YYYYMM": "202504",
        "BRD_CD": "M",
        "CHNL_NM": "(EC)대리상",
        "TAG_SALE_AMT": 90901798.0,
        "ACT_SALE_AMT": 80915193.56,
        "DISCOUNT_PCT": 11.0
      },
      {
        "YYYYMM": "202504",
        "BRD_CD": "M",
        "CHNL_NM": "(EC)티몰",
        "TAG_SALE_AMT": 30902084.0,
        "ACT_SALE_AMT": 28552181.669999998,
        "DISCOUNT_PCT": 7.6
      },
      {
        "YYYYMM": "202504",
        "BRD_CD": "M",
        "CHNL_NM": "(EC)틱톡/JD",
        "TAG_SALE_AMT": 9553617.0,
        "ACT_SALE_AMT": 9037989.74,
        "DISCOUNT_PCT": 5.4
      },
      {
        "YYYYMM": "202504",
        "BRD_CD": "M",
        "CHNL_NM": "(EC)할인몰",
        "TAG_SALE_AMT": 12370956.0,
        "ACT_SALE_AMT": 7586810.8484000005,
        "DISCOUNT_PCT": 38.7
      },
      {
        "YYYYMM": "202504",
        "BRD_CD": "M",
        "CHNL_NM": "(OFF)대리상",
        "TAG_SALE_AMT": 537894964.0,
        "ACT_SALE_AMT": 489217853.88,
        "DISCOUNT_PCT": 9.0
      },
      {
        "YYYYMM": "202504",
        "BRD_CD": "M",
        "CHNL_NM": "(OFF)쇼핑몰",
        "TAG_SALE_AMT": 9481134.0,
        "ACT_SALE_AMT": 8483550.0,
        "DISCOUNT_PCT": 10.5
      },
      {
        "YYYYMM": "202504",
        "BRD_CD": "M",
        "CHNL_NM": "(OFF)아울렛",
        "TAG_SALE_AMT": 33769487.0,
        "ACT_SALE_AMT": 21814303.0,
        "DISCOUNT_PCT": 35.4
      },
      {
        "YYYYMM": "202504",
        "BRD_CD": "M",
        "CHNL_NM": "(OFF)플래그쉽",
        "TAG_SALE_AMT": 4593040.0,
        "ACT_SALE_AMT": 4269595.0,
        "DISCOUNT_PCT": 7.0
      },
      {
        "YYYYMM": "202503",
        "BRD_CD": "M",
        "CHNL_NM": "(EC)대리상",
        "TAG_SALE_AMT": 94504596.0,
        "ACT_SALE_AMT": 85064889.01499999,
        "DISCOUNT_PCT": 10.0
      },
      {
        "YYYYMM": "202503",
        "BRD_CD": "M",
        "CHNL_NM": "(EC)티몰",
        "TAG_SALE_AMT": 44574157.0,
        "ACT_SALE_AMT": 38316374.18,
        "DISCOUNT_PCT": 14.0
      },
      {
        "YYYYMM": "202503",
        "BRD_CD": "M",
        "CHNL_NM": "(EC)틱톡/JD",
        "TAG_SALE_AMT": 10194630.0,
        "ACT_SALE_AMT": 9401781.35,
        "DISCOUNT_PCT": 7.8
      },
      {
        "YYYYMM": "202503",
        "BRD_CD": "M",
        "CHNL_NM": "(EC)할인몰",
        "TAG_SALE_AMT": 13448877.0,
        "ACT_SALE_AMT": 8043473.339299999,
        "DISCOUNT_PCT": 40.2
      },
      {
        "YYYYMM": "202503",
        "BRD_CD": "M",
        "CHNL_NM": "(OFF)대리상",
        "TAG_SALE_AMT": 546338303.0,
        "ACT_SALE_AMT": 489578191.57000005,
        "DISCOUNT_PCT": 10.4
      },
      {
        "YYYYMM": "202503",
        "BRD_CD": "M",
        "CHNL_NM": "(OFF)쇼핑몰",
        "TAG_SALE_AMT": 8616571.0,
        "ACT_SALE_AMT": 7842431.0,
        "DISCOUNT_PCT": 9.0
      },
      {
        "YYYYMM": "202503",
        "BRD_CD": "M",
        "CHNL_NM": "(OFF)아울렛",
        "TAG_SALE_AMT": 30403542.0,
        "ACT_SALE_AMT": 20933852.0,
        "DISCOUNT_PCT": 31.1
      },
      {
        "YYYYMM": "202503",
        "BRD_CD": "M",
        "CHNL_NM": "(OFF)플래그쉽",
        "TAG_SALE_AMT": 4974651.0,
        "ACT_SALE_AMT": 4643327.0,
        "DISCOUNT_PCT": 6.7
      },
      {
        "YYYYMM": "202502",
        "BRD_CD": "M",
        "CHNL_NM": "(EC)대리상",
        "TAG_SALE_AMT": 72373733.0,
        "ACT_SALE_AMT": 65302132.121,
        "DISCOUNT_PCT": 9.8
      },
      {
        "YYYYMM": "202502",
        "BRD_CD": "M",
        "CHNL_NM": "(EC)티몰",
        "TAG_SALE_AMT": 22833424.0,
        "ACT_SALE_AMT": 20750725.169999998,
        "DISCOUNT_PCT": 9.1
      },
      {
        "YYYYMM": "202502",
        "BRD_CD": "M",
        "CHNL_NM": "(EC)틱톡/JD",
        "TAG_SALE_AMT": 7641865.0,
        "ACT_SALE_AMT": 7171937.87,
        "DISCOUNT_PCT": 6.1
      },
      {
        "YYYYMM": "202502",
        "BRD_CD": "M",
        "CHNL_NM": "(EC)할인몰",
        "TAG_SALE_AMT": 7836777.0,
        "ACT_SALE_AMT": 4815260.8984,
        "DISCOUNT_PCT": 38.6
      },
      {
        "YYYYMM": "202502",
        "BRD_CD": "M",
        "CHNL_NM": "(OFF)대리상",
        "TAG_SALE_AMT": 451589422.0,
        "ACT_SALE_AMT": 409010299.8000001,
        "DISCOUNT_PCT": 9.4
      },
      {
        "YYYYMM": "202502",
        "BRD_CD": "M",
        "CHNL_NM": "(OFF)쇼핑몰",
        "TAG_SALE_AMT": 7524192.0,
        "ACT_SALE_AMT": 6638122.0,
        "DISCOUNT_PCT": 11.8
      },
      {
        "YYYYMM": "202502",
        "BRD_CD": "M",
        "CHNL_NM": "(OFF)아울렛",
        "TAG_SALE_AMT": 23788600.0,
        "ACT_SALE_AMT": 16719011.0,
        "DISCOUNT_PCT": 29.7
      },
      {
        "YYYYMM": "202502",
        "BRD_CD": "M",
        "CHNL_NM": "(OFF)플래그쉽",
        "TAG_SALE_AMT": 4098484.0,
        "ACT_SALE_AMT": 3759978.0,
        "DISCOUNT_PCT": 8.3
      },
      {
        "YYYYMM": "202501",
        "BRD_CD": "M",
        "CHNL_NM": "(EC)대리상",
        "TAG_SALE_AMT": 91246267.0,
        "ACT_SALE_AMT": 81311772.14950001,
        "DISCOUNT_PCT": 10.9
      },
      {
        "YYYYMM": "202501",
        "BRD_CD": "M",
        "CHNL_NM": "(EC)티몰",
        "TAG_SALE_AMT": 52145486.0,
        "ACT_SALE_AMT": 43078129.76,
        "DISCOUNT_PCT": 17.4
      },
      {
        "YYYYMM": "202501",
        "BRD_CD": "M",
        "CHNL_NM": "(EC)틱톡/JD",
        "TAG_SALE_AMT": 12888419.0,
        "ACT_SALE_AMT": 11441569.969999999,
        "DISCOUNT_PCT": 11.2
      },
      {
        "YYYYMM": "202501",
        "BRD_CD": "M",
        "CHNL_NM": "(EC)할인몰",
        "TAG_SALE_AMT": 16087632.0,
        "ACT_SALE_AMT": 10304114.985,
        "DISCOUNT_PCT": 36.0
      },
      {
        "YYYYMM": "202501",
        "BRD_CD": "M",
        "CHNL_NM": "(OFF)대리상",
        "TAG_SALE_AMT": 980257264.0,
        "ACT_SALE_AMT": 892346487.8400002,
        "DISCOUNT_PCT": 9.0
      },
      {
        "YYYYMM": "202501",
        "BRD_CD": "M",
        "CHNL_NM": "(OFF)쇼핑몰",
        "TAG_SALE_AMT": 17089872.0,
        "ACT_SALE_AMT": 14916149.0,
        "DISCOUNT_PCT": 12.7
      },
      {
        "YYYYMM": "202501",
        "BRD_CD": "M",
        "CHNL_NM": "(OFF)아울렛",
        "TAG_SALE_AMT": 58312517.0,
        "ACT_SALE_AMT": 42197071.0,
        "DISCOUNT_PCT": 27.6
      },
      {
        "YYYYMM": "202501",
        "BRD_CD": "M",
        "CHNL_NM": "(OFF)플래그쉽",
        "TAG_SALE_AMT": 8633887.0,
        "ACT_SALE_AMT": 7777693.0,
        "DISCOUNT_PCT": 9.9
      },
      {
        "YYYYMM": "202412",
        "BRD_CD": "M",
        "CHNL_NM": "(EC)대리상",
        "TAG_SALE_AMT": 121786820.0,
        "ACT_SALE_AMT": 107819631.8138,
        "DISCOUNT_PCT": 11.5
      },
      {
        "YYYYMM": "202412",
        "BRD_CD": "M",
        "CHNL_NM": "(EC)티몰",
        "TAG_SALE_AMT": 40607706.0,
        "ACT_SALE_AMT": 33747110.190000005,
        "DISCOUNT_PCT": 16.9
      },
      {
        "YYYYMM": "202412",
        "BRD_CD": "M",
        "CHNL_NM": "(EC)틱톡/JD",
        "TAG_SALE_AMT": 11669038.0,
        "ACT_SALE_AMT": 10812912.05,
        "DISCOUNT_PCT": 7.3
      },
      {
        "YYYYMM": "202412",
        "BRD_CD": "M",
        "CHNL_NM": "(EC)할인몰",
        "TAG_SALE_AMT": 18694256.0,
        "ACT_SALE_AMT": 11186152.5538,
        "DISCOUNT_PCT": 40.2
      },
      {
        "YYYYMM": "202412",
        "BRD_CD": "M",
        "CHNL_NM": "(OFF)대리상",
        "TAG_SALE_AMT": 704220702.0,
        "ACT_SALE_AMT": 638646838.5,
        "DISCOUNT_PCT": 9.3
      },
      {
        "YYYYMM": "202412",
        "BRD_CD": "M",
        "CHNL_NM": "(OFF)쇼핑몰",
        "TAG_SALE_AMT": 13103384.0,
        "ACT_SALE_AMT": 11425047.0,
        "DISCOUNT_PCT": 12.8
      },
      {
        "YYYYMM": "202412",
        "BRD_CD": "M",
        "CHNL_NM": "(OFF)아울렛",
        "TAG_SALE_AMT": 43119423.0,
        "ACT_SALE_AMT": 30394302.0,
        "DISCOUNT_PCT": 29.5
      },
      {
        "YYYYMM": "202412",
        "BRD_CD": "M",
        "CHNL_NM": "(OFF)플래그쉽",
        "TAG_SALE_AMT": 7530805.0,
        "ACT_SALE_AMT": 6723918.0,
        "DISCOUNT_PCT": 10.7
      },
      {
        "YYYYMM": "202411",
        "BRD_CD": "M",
        "CHNL_NM": "(EC)대리상",
        "TAG_SALE_AMT": 181772543.0,
        "ACT_SALE_AMT": 154671597.45340002,
        "DISCOUNT_PCT": 14.9
      },
      {
        "YYYYMM": "202411",
        "BRD_CD": "M",
        "CHNL_NM": "(EC)티몰",
        "TAG_SALE_AMT": 82350596.0,
        "ACT_SALE_AMT": 63385166.15,
        "DISCOUNT_PCT": 23.0
      },
      {
        "YYYYMM": "202411",
        "BRD_CD": "M",
        "CHNL_NM": "(EC)틱톡/JD",
        "TAG_SALE_AMT": 9717520.0,
        "ACT_SALE_AMT": 8047008.6899999995,
        "DISCOUNT_PCT": 17.2
      },
      {
        "YYYYMM": "202411",
        "BRD_CD": "M",
        "CHNL_NM": "(EC)할인몰",
        "TAG_SALE_AMT": 14413476.0,
        "ACT_SALE_AMT": 8973131.0957,
        "DISCOUNT_PCT": 37.7
      },
      {
        "YYYYMM": "202411",
        "BRD_CD": "M",
        "CHNL_NM": "(OFF)대리상",
        "TAG_SALE_AMT": 597311337.0,
        "ACT_SALE_AMT": 540218424.59,
        "DISCOUNT_PCT": 9.6
      },
      {
        "YYYYMM": "202411",
        "BRD_CD": "M",
        "CHNL_NM": "(OFF)쇼핑몰",
        "TAG_SALE_AMT": 9952852.0,
        "ACT_SALE_AMT": 8953208.0,
        "DISCOUNT_PCT": 10.0
      },
      {
        "YYYYMM": "202411",
        "BRD_CD": "M",
        "CHNL_NM": "(OFF)아울렛",
        "TAG_SALE_AMT": 38718954.0,
        "ACT_SALE_AMT": 26286279.0,
        "DISCOUNT_PCT": 32.1
      },
      {
        "YYYYMM": "202411",
        "BRD_CD": "M",
        "CHNL_NM": "(OFF)플래그쉽",
        "TAG_SALE_AMT": 5871707.0,
        "ACT_SALE_AMT": 5287180.0,
        "DISCOUNT_PCT": 10.0
      },
      {
        "YYYYMM": "202410",
        "BRD_CD": "M",
        "CHNL_NM": "(EC)대리상",
        "TAG_SALE_AMT": 122397707.0,
        "ACT_SALE_AMT": 108681055.7582,
        "DISCOUNT_PCT": 11.2
      },
      {
        "YYYYMM": "202410",
        "BRD_CD": "M",
        "CHNL_NM": "(EC)티몰",
        "TAG_SALE_AMT": 103116016.0,
        "ACT_SALE_AMT": 75608746.42000002,
        "DISCOUNT_PCT": 26.7
      }
    ],
    "total_records_count": 125
  }
}