{
  "country": "CN",
  "brand_cd": "V",
  "brand_name": "DUVETICA",
  "yyyymm": "202506",
  "yyyymm_py": "202411",
  "key": "(대리상오프)점당매출",
  "sub_key": "(대리상오프)점당매출 AI 분석",
  "analysis_data": {
    "title": "오프라인 대리상 점당매출 종합분석",
    "sections": [
      {
        "div": "종합분석-1",
        "sub_title": "우수 대리상",
        "ai_text": "**TAIYUAN WUYUE (CN6305)** 대리상이 가장 우수한 성과를 기록했습니다.\n\n• 당해 매출액(v+): 116k (전체 매출의 23.8%)\n• 전년 대비 성장률: +552.6%로 압도적 성장\n• 월별 안정적 매출 유지: 1-3월 연속 매출 발생\n\n**성과 요인 분석:**\n- 신규 개점 효과: 전년 대비 본격적인 매출 시작\n- 지역 특화 전략 성공: 타이위안 지역 소비자 니즈 적중\n- 초기 런칭 마케팅 효과로 월평균 29k의 안정적 매출 구조 확립\n\n**DV HANGZHOU WULINYINTAI (CN6101)**는 매출 규모 면에서 최대 기여도를 보였습니다.\n\n• 당해 매출액(v+): 242k (전체 매출의 49.6%)\n• 1월 129k로 단월 최고 매출 기록\n• 전체 매출의 절반을 담당하는 핵심 거점"
      },
      {
        "div": "종합분석-2",
        "sub_title": "수익성 개선 필요",
        "ai_text": "**DVQINGDAOMIXCITY (CN6103)** 대리상의 급격한 매출 하락이 우려됩니다.\n\n• 당해 매출액(v+): 125k\n• 전년 대비 변화율: -63.2%로 최대 감소폭\n• 월별 하락 추세: 1월 66k → 2월 46k → 3월 14k로 지속 감소\n\n**DV HANGZHOU WULINYINTAI (CN6101)**도 규모 대비 개선이 필요합니다.\n\n• 전년 대비 변화율: -43.2% (매출액 183k 감소)\n• 6월 마이너스 매출(-4k) 발생으로 반품/환불 이슈 존재\n• 월별 매출 변동성 확대: 1월 129k 대비 2-3월 급감\n\n**DV HANDAN MIXC (CN6310)**는 신규 개점이지만 매출 규모가 미미합니다.\n\n• 당해 매출액(v+): 5k (전체 매출의 1.0%)\n• 1-2월에만 소량 매출 발생 후 중단\n• 지역 적합성 재검토 필요"
      },
      {
        "div": "종합분석-3",
        "sub_title": "인사이트",
        "ai_text": "**핵심 인사이트:**\n\n**1. 양극화된 대리상 성과**\n• 성장형 vs 쇠퇴형으로 명확히 구분되는 성과 패턴\n• TAIYUAN WUYUE (+552.6%) vs DVQINGDAOMIXCITY (-63.2%)의 극명한 대조\n• 지역별 시장 환경과 운영 역량의 차이가 성과에 직결\n\n**2. 계절성 및 운영 이슈**\n• 1-3월 집중 매출 구조로 계절 의존도 높음\n• 6월 마이너스 매출 발생은 재고 관리 및 상품 기획 개선 필요 신호\n• 4월 이후 대부분 대리상의 매출 중단으로 상품 공급 이슈 추정\n\n**3. 전략적 개선 방안**\n• **우수 대리상 벤치마킹**: TAIYUAN WUYUE 성공 모델을 타 지역에 적용\n• **부진 대리상 집중 관리**: DVQINGDAOMIXCITY 매출 회복을 위한 특별 지원 프로그램 필요\n• **신규 개점 기준 강화**: DV HANDAN MIXC 사례를 통한 입지 선정 기준 재정립\n• **연중 매출 안정화**: 동계 시즌 외 상품 라인업 확대로 매출 지속성 확보"
      }
    ]
  },
  "summary": {
    "total_cy": 488.0,
    "total_py": 782.0,
    "change_pct": -37.6,
    "total_agents": 4,
    "analysis_period": "2025년 1월 ~ 2025년 11월 vs 2024년 1월 ~ 2024년 11월"
  },
  "agent_summary": [
    {
      "shop_cd": "CN6101",
      "shop_en_nm": "DV HANGZHOU WULINYINTAI",
      "total_cy": 242.0,
      "total_py": 425.0,
      "total_change_pct": -43.2,
      "months": {
        "202501": {
          "cy": 129.0,
          "py": 169.0,
          "change_pct": -23.4
        },
        "202502": {
          "cy": 59.0,
          "py": 136.0,
          "change_pct": -57.0
        },
        "202503": {
          "cy": 58.0,
          "py": 89.0,
          "change_pct": -35.4
        },
        "202506": {
          "cy": -4.0,
          "py": 30.0,
          "change_pct": -113.6
        }
      }
    },
    {
      "shop_cd": "CN6103",
      "shop_en_nm": "DVQINGDAOMIXCITY",
      "total_cy": 125.0,
      "total_py": 339.0,
      "total_change_pct": -63.2,
      "months": {
        "202501": {
          "cy": 66.0,
          "py": 179.0,
          "change_pct": -63.4
        },
        "202502": {
          "cy": 46.0,
          "py": 137.0,
          "change_pct": -66.7
        },
        "202503": {
          "cy": 14.0,
          "py": 23.0,
          "change_pct": -40.3
        }
      }
    },
    {
      "shop_cd": "CN6305",
      "shop_en_nm": "TAIYUAN WUYUE",
      "total_cy": 116.0,
      "total_py": 18.0,
      "total_change_pct": 552.6,
      "months": {
        "202501": {
          "cy": 44.0,
          "py": 0.0,
          "change_pct": 0
        },
        "202502": {
          "cy": 18.0,
          "py": 0.0,
          "change_pct": 0
        },
        "202503": {
          "cy": 25.0,
          "py": 0.0,
          "change_pct": 0
        },
        "202504": {
          "cy": 29.0,
          "py": 18.0,
          "change_pct": 64.4
        }
      }
    },
    {
      "shop_cd": "CN6310",
      "shop_en_nm": "DV HANDAN MIXC",
      "total_cy": 5.0,
      "total_py": 0.0,
      "total_change_pct": 0,
      "months": {
        "202501": {
          "cy": 3.0,
          "py": 0.0,
          "change_pct": 0
        },
        "202502": {
          "cy": 2.0,
          "py": 0.0,
          "change_pct": 0
        }
      }
    }
  ],
  "raw_data": {
    "sample_records": [
      {
        "YYYYMM": "202506",
        "BRD_CD": "V",
        "SHOP_CD": "CN6101",
        "SHOP_EN_NM": "DV HANGZHOU WULINYINTAI",
        "CY_SALE_AMT": -4150.0,
        "PY_SALE_AMT": 30442.0,
        "DIV": "기존점"
      },
      {
        "YYYYMM": "202504",
        "BRD_CD": "V",
        "SHOP_CD": "CN6305",
        "SHOP_EN_NM": "TAIYUAN WUYUE",
        "CY_SALE_AMT": 29247.0,
        "PY_SALE_AMT": 17790.0,
        "DIV": "기존점"
      },
      {
        "YYYYMM": "202503",
        "BRD_CD": "V",
        "SHOP_CD": "CN6103",
        "SHOP_EN_NM": "DVQINGDAOMIXCITY",
        "CY_SALE_AMT": 13870.0,
        "PY_SALE_AMT": 23250.0,
        "DIV": "기존점"
      },
      {
        "YYYYMM": "202503",
        "BRD_CD": "V",
        "SHOP_CD": "CN6305",
        "SHOP_EN_NM": "TAIYUAN WUYUE",
        "CY_SALE_AMT": 24535.0,
        "PY_SALE_AMT": 0.0,
        "DIV": "신규점"
      },
      {
        "YYYYMM": "202503",
        "BRD_CD": "V",
        "SHOP_CD": "CN6101",
        "SHOP_EN_NM": "DV HANGZHOU WULINYINTAI",
        "CY_SALE_AMT": 57663.0,
        "PY_SALE_AMT": 89320.0,
        "DIV": "기존점"
      },
      {
        "YYYYMM": "202502",
        "BRD_CD": "V",
        "SHOP_CD": "CN6101",
        "SHOP_EN_NM": "DV HANGZHOU WULINYINTAI",
        "CY_SALE_AMT": 58651.0,
        "PY_SALE_AMT": 136314.0,
        "DIV": "기존점"
      },
      {
        "YYYYMM": "202502",
        "BRD_CD": "V",
        "SHOP_CD": "CN6103",
        "SHOP_EN_NM": "DVQINGDAOMIXCITY",
        "CY_SALE_AMT": 45580.0,
        "PY_SALE_AMT": 136990.0,
        "DIV": "기존점"
      },
      {
        "YYYYMM": "202502",
        "BRD_CD": "V",
        "SHOP_CD": "CN6305",
        "SHOP_EN_NM": "TAIYUAN WUYUE",
        "CY_SALE_AMT": 18065.0,
        "PY_SALE_AMT": 0.0,
        "DIV": "신규점"
      },
      {
        "YYYYMM": "202502",
        "BRD_CD": "V",
        "SHOP_CD": "CN6310",
        "SHOP_EN_NM": "DV HANDAN MIXC",
        "CY_SALE_AMT": 1960.0,
        "PY_SALE_AMT": 0.0,
        "DIV": "신규점"
      },
      {
        "YYYYMM": "202501",
        "BRD_CD": "V",
        "SHOP_CD": "CN6103",
        "SHOP_EN_NM": "DVQINGDAOMIXCITY",
        "CY_SALE_AMT": 65520.0,
        "PY_SALE_AMT": 179180.0,
        "DIV": "기존점"
      },
      {
        "YYYYMM": "202501",
        "BRD_CD": "V",
        "SHOP_CD": "CN6101",
        "SHOP_EN_NM": "DV HANGZHOU WULINYINTAI",
        "CY_SALE_AMT": 129404.0,
        "PY_SALE_AMT": 168914.0,
        "DIV": "기존점"
      },
      {
        "YYYYMM": "202501",
        "BRD_CD": "V",
        "SHOP_CD": "CN6305",
        "SHOP_EN_NM": "TAIYUAN WUYUE",
        "CY_SALE_AMT": 44253.0,
        "PY_SALE_AMT": 0.0,
        "DIV": "신규점"
      },
      {
        "YYYYMM": "202501",
        "BRD_CD": "V",
        "SHOP_CD": "CN6310",
        "SHOP_EN_NM": "DV HANDAN MIXC",
        "CY_SALE_AMT": 3283.0,
        "PY_SALE_AMT": 0.0,
        "DIV": "신규점"
      }
    ],
    "total_records_count": 13
  }
}