{
  "country": "CN",
  "brand_cd": "V",
  "brand_name": "DUVETICA",
  "yyyymm": "202506",
  "yyyymm_py": "202406",
  "key": "영업비",
  "sub_key": "종합분석",
  "analysis_data": {
    "title": "영업비 종합분석",
    "sections": [
      {
        "div": "종합분석-1",
        "sub_title": "전년/당해 동월 비교 (202406 VS 202506)",
        "ai_text": "**전년 동월(202406) 대비 당해당월(202506) 영업비 분석**\n\n• **총 영업비**: 596k → 1k (△99.8% 감소)\n  - 전년 동월 대비 영업비가 극적으로 감소하여 거의 0에 수렴\n\n• **주요 계정별 변화**:\n  - 급여: 442k → 1k (△99.8% 감소)\n  - 복리후생비: 151k → 0k (△100.0% 감소)\n  - 감가상각비: 1k → 0k (△100.0% 감소)\n  - 기타비용: 2k → 0k (△100.0% 감소)\n\n• **매출액(V+) 변화**: 678k → 454k (△33.0% 감소)\n  - 매출 감소폭보다 영업비 감소폭이 훨씬 큰 상황\n\n• **영업비율 변화**: 87.9% → 0.2% (△87.7%p 개선)\n  - 매출 대비 영업비 비중이 극적으로 개선됨\n\n**⚠️ 이상징후**: 영업비가 거의 0에 가까운 수준으로 감소한 것은 사업 축소 또는 비용 구조 조정을 시사"
      },
      {
        "div": "종합분석-2",
        "sub_title": "누적 YTD 비교 (전년 누적 VS 당해 누적)",
        "ai_text": "**전년 누적(202401~202406) 대비 당해 누적(202501~202506) 영업비 분석**\n\n• **총 영업비**: 9,894k → △534k (△105.4% 감소)\n  - 당해 누적 영업비가 마이너스로 전환 (환급 또는 조정 발생)\n\n• **주요 계정별 변화**:\n  - 광고비: 5,286k → 0k (△100.0% 감소)\n  - 급여: 3,089k → △542k (△117.5% 감소, 마이너스 전환)\n  - 복리후생비: 820k → 2k (△99.8% 감소)\n  - 지급수수료: 284k → 5k (△98.2% 감소)\n  - 수주회비용: 307k → 0k (△100.0% 감소)\n\n• **매출액(V+) 변화**: 10,804k → 5,866k (△45.7% 감소)\n  - 영업비 감소폭이 매출 감소폭을 크게 상회\n\n• **영업비율 변화**: 91.6% → △9.1% (△100.7%p 개선)\n  - 영업비 마이너스로 인한 극적 개선\n\n**전략적 의미**: DUVETICA 브랜드의 대폭적인 비용 구조 조정이 진행된 것으로 판단"
      },
      {
        "div": "종합분석-3",
        "sub_title": "1년 추세 분석 (2024년 1월 ~ 2025년 6월, 202401~202506)",
        "ai_text": "**18개월 월별 영업비 추이 분석 (202401~202506)**\n\n• **2024년 상반기 (202401~202406)**: 고비용 구조\n  - 월평균 영업비: 1,649k\n  - 광고비 집중 투입: 1월 1,823k, 2월 1,853k\n  - 인건비 안정적 유지: 월평균 538k\n\n• **2024년 하반기 (202407~202412)**: 점진적 축소\n  - 월평균 영업비: 95k\n  - 광고비 중단, 인건비 최소화\n  - 7월부터 급격한 비용 절감 시작\n\n• **2025년 상반기 (202501~202506)**: 극소 운영\n  - 월평균 영업비: △89k\n  - 3월 급여 대폭 조정: △552k (퇴직금 또는 정산)\n  - 4~6월 최소 유지비용만 발생\n\n• **계절성 패턴**:\n  - 2024년: 1~2월 마케팅 집중, 3~6월 운영비 중심\n  - 2025년: 전반적 최소 운영 체제\n\n**특이사항**: 2024년 7월부터 급격한 사업 축소 모드 진입, 2025년 3월 대규모 인력 조정 단행"
      },
      {
        "div": "종합분석-4",
        "sub_title": "법인 전체 대비 브랜드 비중 분석 (DUVETICA vs 법인 전체)",
        "ai_text": "**DUVETICA 브랜드의 법인 전체 영업비 대비 비중 분석**\n\n• **당해당월(202506) 비중**:\n  - 총 영업비: 1k / 27,081k = 0.0%\n  - 법인 전체 영업비에서 거의 무시할 수 있는 수준\n\n• **계정별 법인 대비 비중**:\n  - 광고비: 0k / 12,718k = 0.0%\n  - 급여: 1k / 8,296k = 0.0%\n  - 복리후생비: 0k / 2,196k = 0.0%\n  - 지급수수료: 0k / 1,571k = 0.0%\n  - 모든 계정에서 0.0% 수준\n\n• **당해 누적(202501~202506) 비중**:\n  - 총 영업비: △534k / 191,751k = △0.3%\n  - 마이너스 비중으로 법인 전체 영업비율 개선에 기여\n\n• **브랜드 포지션**:\n  - MLB, MLB KIDS, DISCOVERY가 주력 브랜드로 추정\n  - DUVETICA는 현재 최소 운영 또는 정리 단계\n  - SERGIO TACCHINI, SUPRA와 함께 부차적 위치\n\n**전략적 의미**: DUVETICA는 법인 내 영업비 부담이 거의 없는 상태로, 향후 재투자 또는 정리 결정이 필요한 시점"
      },
      {
        "div": "종합분석-5",
        "sub_title": "전략적 시사점",
        "ai_text": "**종합 분석 결과 및 전략 방향**\n\n• **현황 진단**:\n  - DUVETICA 브랜드는 2024년 7월부터 급격한 사업 축소 진행\n  - 2025년 3월 대규모 인력 조정으로 운영비 구조 최소화\n  - 현재 법인 내 영업비 비중 0.0%로 거의 휴면 상태\n\n• **단기 전략 (3~6개월)**:\n  - **브랜드 방향성 결정**: 재투자 vs 정리 vs 라이선스 전환\n  - **최소 유지비용 관리**: 월 1~5k 수준의 기본 운영비 최적화\n  - **자산 정리**: 재고, 매장, 인력 등 잔여 자산 정리 완료\n\n• **중장기 전략 (6~12개월)**:\n  - **재진입 시나리오**: 시장 상황 개선 시 최소 투자로 재시작 방안\n  - **브랜드 가치 보존**: 상표권, 디자인 등 핵심 자산 유지\n  - **포트폴리오 최적화**: 주력 브랜드(MLB 계열) 집중 투자로 자원 재배치\n\n• **리스크 관리**:\n  - 브랜드 완전 철수 시 매몰비용 최소화\n  - 재진입 시 초기 투자비용 과다 방지\n\n• **기회 요소**:\n  - 현재 비용 부담 제로로 부담 없는 의사결정 가능\n  - 아웃도어/프리미엄 시장 회복 시 빠른 대응 가능"
      }
    ]
  },
  "summary": {
    "current_month_expense": 1.0,
    "previous_month_expense": 596.0,
    "current_ytd_expense": -534.0,
    "previous_ytd_expense": 9894.0,
    "total_records": 75,
    "analysis_period_month": "2024년 6월 VS 2025년 6월",
    "analysis_period_ytd": "2024년 1월~2024년 6월 VS 2025년 1월~2025년 6월",
    "trend_period": "2024년 1월 ~ 2025년 6월 (202401~202506)"
  },
  "month_comparison": {
    "previous_month": {
      "ad_cst_oprt": 0.0,
      "slry_csy_oprt": 442.0,
      "emp_bnft_cst_oprt": 151.0,
      "pmt_cms_oprt": 0.0,
      "shop_rnt_oprt": 0.0,
      "evnt_cst_oprt": 0.0,
      "tax_cst_oprt": 0.0,
      "deprc_cst_oprt": 1.0,
      "etc_cst_oprt": 2.0,
      "sale_amt": 678.0,
      "sale_amt_vat": 1001.0
    },
    "current_month": {
      "ad_cst_oprt": 0.0,
      "slry_csy_oprt": 1.0,
      "emp_bnft_cst_oprt": 0.0,
      "pmt_cms_oprt": 0.0,
      "shop_rnt_oprt": 0.0,
      "evnt_cst_oprt": 0.0,
      "tax_cst_oprt": 0.0,
      "deprc_cst_oprt": 0.0,
      "etc_cst_oprt": 0.0,
      "sale_amt": 454.0,
      "sale_amt_vat": 402.0
    }
  },
  "ytd_comparison": {
    "previous_ytd": {
      "ad_cst_oprt": 5286.0,
      "slry_csy_oprt": 3089.0,
      "emp_bnft_cst_oprt": 820.0,
      "pmt_cms_oprt": 284.0,
      "shop_rnt_oprt": 0.0,
      "evnt_cst_oprt": 307.0,
      "tax_cst_oprt": 0.0,
      "deprc_cst_oprt": 8.0,
      "etc_cst_oprt": 100.0,
      "sale_amt": 10804.0,
      "sale_amt_vat": 10070.0
    },
    "current_ytd": {
      "ad_cst_oprt": 0.0,
      "slry_csy_oprt": -542.0,
      "emp_bnft_cst_oprt": 2.0,
      "pmt_cms_oprt": 5.0,
      "shop_rnt_oprt": 0.0,
      "evnt_cst_oprt": 0.0,
      "tax_cst_oprt": 0.0,
      "deprc_cst_oprt": 1.0,
      "etc_cst_oprt": 0.0,
      "sale_amt": 5866.0,
      "sale_amt_vat": 7626.0
    }
  },
  "trend_by_month": {
    "202401": {
      "ad_cst_oprt": 1823.0,
      "slry_csy_oprt": 386.0,
      "emp_bnft_cst_oprt": 132.0,
      "pmt_cms_oprt": 101.0,
      "shop_rnt_oprt": 0.0,
      "evnt_cst_oprt": 307.0,
      "tax_cst_oprt": 0.0,
      "deprc_cst_oprt": 0.0,
      "etc_cst_oprt": 15.0,
      "sale_amt": 4865.0,
      "sale_amt_vat": 3048.0
    },
    "202402": {
      "ad_cst_oprt": 1853.0,
      "slry_csy_oprt": 602.0,
      "emp_bnft_cst_oprt": 115.0,
      "pmt_cms_oprt": 138.0,
      "shop_rnt_oprt": 0.0,
      "evnt_cst_oprt": 0.0,
      "tax_cst_oprt": 0.0,
      "deprc_cst_oprt": 2.0,
      "etc_cst_oprt": 7.0,
      "sale_amt": 3185.0,
      "sale_amt_vat": 1810.0
    },
    "202403": {
      "ad_cst_oprt": 684.0,
      "slry_csy_oprt": 725.0,
      "emp_bnft_cst_oprt": 139.0,
      "pmt_cms_oprt": 30.0,
      "shop_rnt_oprt": 0.0,
      "evnt_cst_oprt": 0.0,
      "tax_cst_oprt": 0.0,
      "deprc_cst_oprt": 1.0,
      "etc_cst_oprt": 9.0,
      "sale_amt": -2052.0,
      "sale_amt_vat": 1348.0
    },
    "202404": {
      "ad_cst_oprt": 476.0,
      "slry_csy_oprt": 473.0,
      "emp_bnft_cst_oprt": 139.0,
      "pmt_cms_oprt": 0.0,
      "shop_rnt_oprt": 0.0,
      "evnt_cst_oprt": 0.0,
      "tax_cst_oprt": 0.0,
      "deprc_cst_oprt": 2.0,
      "etc_cst_oprt": 40.0,
      "sale_amt": 3000.0,
      "sale_amt_vat": 1313.0
    },
    "202405": {
      "ad_cst_oprt": 450.0,
      "slry_csy_oprt": 461.0,
      "emp_bnft_cst_oprt": 144.0,
      "pmt_cms_oprt": 15.0,
      "shop_rnt_oprt": 0.0,
      "evnt_cst_oprt": 0.0,
      "tax_cst_oprt": 0.0,
      "deprc_cst_oprt": 1.0,
      "etc_cst_oprt": 26.0,
      "sale_amt": 1128.0,
      "sale_amt_vat": 1550.0
    },
    "202406": {
      "ad_cst_oprt": 0.0,
      "slry_csy_oprt": 442.0,
      "emp_bnft_cst_oprt": 151.0,
      "pmt_cms_oprt": 0.0,
      "shop_rnt_oprt": 0.0,
      "evnt_cst_oprt": 0.0,
      "tax_cst_oprt": 0.0,
      "deprc_cst_oprt": 1.0,
      "etc_cst_oprt": 2.0,
      "sale_amt": 678.0,
      "sale_amt_vat": 1001.0
    },
    "202407": {
      "ad_cst_oprt": 0.0,
      "slry_csy_oprt": 426.0,
      "emp_bnft_cst_oprt": 137.0,
      "pmt_cms_oprt": -0.0,
      "shop_rnt_oprt": 0.0,
      "evnt_cst_oprt": 0.0,
      "tax_cst_oprt": 0.0,
      "deprc_cst_oprt": 1.0,
      "etc_cst_oprt": 4.0,
      "sale_amt": -1309.0,
      "sale_amt_vat": 996.0
    },
    "202408": {
      "ad_cst_oprt": -5.0,
      "slry_csy_oprt": -7.0,
      "emp_bnft_cst_oprt": 28.0,
      "pmt_cms_oprt": -0.0,
      "shop_rnt_oprt": 0.0,
      "evnt_cst_oprt": 0.0,
      "tax_cst_oprt": 0.0,
      "deprc_cst_oprt": 1.0,
      "etc_cst_oprt": 10.0,
      "sale_amt": -4603.0,
      "sale_amt_vat": 805.0
    },
    "202409": {
      "ad_cst_oprt": -0.0,
      "slry_csy_oprt": -3.0,
      "emp_bnft_cst_oprt": -1.0,
      "pmt_cms_oprt": -9.0,
      "shop_rnt_oprt": 0.0,
      "evnt_cst_oprt": 0.0,
      "tax_cst_oprt": 0.0,
      "deprc_cst_oprt": 1.0,
      "etc_cst_oprt": -2.0,
      "sale_amt": -2555.0,
      "sale_amt_vat": 988.0
    },
    "202410": {
      "ad_cst_oprt": 49.0,
      "slry_csy_oprt": -1.0,
      "emp_bnft_cst_oprt": -0.0,
      "pmt_cms_oprt": -17.0,
      "shop_rnt_oprt": 0.0,
      "evnt_cst_oprt": 0.0,
      "tax_cst_oprt": 0.0,
      "deprc_cst_oprt": 1.0,
      "etc_cst_oprt": -0.0,
      "sale_amt": -708.0,
      "sale_amt_vat": 1800.0
    },
    "202411": {
      "ad_cst_oprt": 0.0,
      "slry_csy_oprt": 3.0,
      "emp_bnft_cst_oprt": 1.0,
      "pmt_cms_oprt": 0.0,
      "shop_rnt_oprt": 0.0,
      "evnt_cst_oprt": 0.0,
      "tax_cst_oprt": 0.0,
      "deprc_cst_oprt": 1.0,
      "etc_cst_oprt": 0.0,
      "sale_amt": 1093.0,
      "sale_amt_vat": 2268.0
    },
    "202412": {
      "ad_cst_oprt": 0.0,
      "slry_csy_oprt": 6.0,
      "emp_bnft_cst_oprt": 2.0,
      "pmt_cms_oprt": 0.0,
      "shop_rnt_oprt": 0.0,
      "evnt_cst_oprt": 0.0,
      "tax_cst_oprt": 0.0,
      "deprc_cst_oprt": 1.0,
      "etc_cst_oprt": 0.0,
      "sale_amt": 3099.0,
      "sale_amt_vat": 3806.0
    },
    "202501": {
      "ad_cst_oprt": 0.0,
      "slry_csy_oprt": 6.0,
      "emp_bnft_cst_oprt": 1.0,
      "pmt_cms_oprt": 5.0,
      "shop_rnt_oprt": 0.0,
      "evnt_cst_oprt": 0.0,
      "tax_cst_oprt": 0.0,
      "deprc_cst_oprt": 1.0,
      "etc_cst_oprt": 0.0,
      "sale_amt": 3153.0,
      "sale_amt_vat": 2813.0
    },
    "202502": {
      "ad_cst_oprt": 0.0,
      "slry_csy_oprt": 3.0,
      "emp_bnft_cst_oprt": 1.0,
      "pmt_cms_oprt": 0.0,
      "shop_rnt_oprt": 0.0,
      "evnt_cst_oprt": 0.0,
      "tax_cst_oprt": 0.0,
      "deprc_cst_oprt": 0.0,
      "etc_cst_oprt": 0.0,
      "sale_amt": 1598.0,
      "sale_amt_vat": 1414.0
    },
    "202503": {
      "ad_cst_oprt": 0.0,
      "slry_csy_oprt": -552.0,
      "emp_bnft_cst_oprt": 0.0,
      "pmt_cms_oprt": 0.0,
      "shop_rnt_oprt": 0.0,
      "evnt_cst_oprt": 0.0,
      "tax_cst_oprt": 0.0,
      "deprc_cst_oprt": 0.0,
      "etc_cst_oprt": 0.0,
      "sale_amt": 680.0,
      "sale_amt_vat": 941.0
    },
    "202504": {
      "ad_cst_oprt": 0.0,
      "slry_csy_oprt": -1.0,
      "emp_bnft_cst_oprt": -0.0,
      "pmt_cms_oprt": -0.0,
      "shop_rnt_oprt": 0.0,
      "evnt_cst_oprt": 0.0,
      "tax_cst_oprt": 0.0,
      "deprc_cst_oprt": -0.0,
      "etc_cst_oprt": -0.0,
      "sale_amt": -466.0,
      "sale_amt_vat": 1315.0
    },
    "202505": {
      "ad_cst_oprt": 0.0,
      "slry_csy_oprt": 1.0,
      "emp_bnft_cst_oprt": 0.0,
      "pmt_cms_oprt": 0.0,
      "shop_rnt_oprt": 0.0,
      "evnt_cst_oprt": 0.0,
      "tax_cst_oprt": 0.0,
      "deprc_cst_oprt": 0.0,
      "etc_cst_oprt": 0.0,
      "sale_amt": 446.0,
      "sale_amt_vat": 740.0
    },
    "202506": {
      "ad_cst_oprt": 0.0,
      "slry_csy_oprt": 1.0,
      "emp_bnft_cst_oprt": 0.0,
      "pmt_cms_oprt": 0.0,
      "shop_rnt_oprt": 0.0,
      "evnt_cst_oprt": 0.0,
      "tax_cst_oprt": 0.0,
      "deprc_cst_oprt": 0.0,
      "etc_cst_oprt": 0.0,
      "sale_amt": 454.0,
      "sale_amt_vat": 402.0
    }
  },
  "brand_vs_all_brands": {
    "current_month": {
      "brand_total": 1.0,
      "all_brands_total": 27081.0,
      "ratio": 0.0,
      "by_account": {
        "ad_cst_oprt": {
          "brand": 0.0,
          "all_brands": 12718.0,
          "ratio": 0.0
        },
        "slry_csy_oprt": {
          "brand": 1.0,
          "all_brands": 8296.0,
          "ratio": 0.0
        },
        "emp_bnft_cst_oprt": {
          "brand": 0.0,
          "all_brands": 2196.0,
          "ratio": 0.0
        },
        "pmt_cms_oprt": {
          "brand": 0.0,
          "all_brands": 1571.0,
          "ratio": 0.0
        },
        "shop_rnt_oprt": {
          "brand": 0.0,
          "all_brands": 1435.0,
          "ratio": 0.0
        },
        "evnt_cst_oprt": {
          "brand": 0.0,
          "all_brands": 0.0,
          "ratio": 0.0
        },
        "tax_cst_oprt": {
          "brand": 0.0,
          "all_brands": 196.0,
          "ratio": 0.0
        },
        "deprc_cst_oprt": {
          "brand": 0.0,
          "all_brands": 343.0,
          "ratio": 0.0
        },
        "etc_cst_oprt": {
          "brand": 0.0,
          "all_brands": 326.0,
          "ratio": 0.0
        }
      }
    },
    "current_ytd": {
      "brand_total": -534.0,
      "all_brands_total": 191751.0,
      "ratio": -0.3
    }
  },
  "all_brands_summary": {
    "current_month": {
      "ad_cst_oprt": 12718.0,
      "slry_csy_oprt": 8296.0,
      "emp_bnft_cst_oprt": 2196.0,
      "pmt_cms_oprt": 1571.0,
      "shop_rnt_oprt": 1435.0,
      "evnt_cst_oprt": 0.0,
      "tax_cst_oprt": 196.0,
      "deprc_cst_oprt": 343.0,
      "etc_cst_oprt": 326.0,
      "sale_amt": 302747.0,
      "sale_amt_vat": 511702.0
    },
    "previous_month": {
      "ad_cst_oprt": 3561.0,
      "slry_csy_oprt": 8147.0,
      "emp_bnft_cst_oprt": 2472.0,
      "pmt_cms_oprt": 1349.0,
      "shop_rnt_oprt": 1526.0,
      "evnt_cst_oprt": 8658.0,
      "tax_cst_oprt": 1453.0,
      "deprc_cst_oprt": 482.0,
      "etc_cst_oprt": 650.0,
      "sale_amt": 237989.0,
      "sale_amt_vat": 512675.0
    },
    "current_ytd": {
      "ad_cst_oprt": 86119.0,
      "slry_csy_oprt": 51517.0,
      "emp_bnft_cst_oprt": 17294.0,
      "pmt_cms_oprt": 12119.0,
      "shop_rnt_oprt": 9412.0,
      "evnt_cst_oprt": 6700.0,
      "tax_cst_oprt": 4509.0,
      "deprc_cst_oprt": 2102.0,
      "etc_cst_oprt": 1979.0,
      "sale_amt": 2434768.0,
      "sale_amt_vat": 3795466.0
    },
    "previous_ytd": {
      "ad_cst_oprt": 69053.0,
      "slry_csy_oprt": 49642.0,
      "emp_bnft_cst_oprt": 15501.0,
      "pmt_cms_oprt": 8256.0,
      "shop_rnt_oprt": 8887.0,
      "evnt_cst_oprt": 9417.0,
      "tax_cst_oprt": 7129.0,
      "deprc_cst_oprt": 2955.0,
      "etc_cst_oprt": 3742.0,
      "sale_amt": 2347826.0,
      "sale_amt_vat": 3694681.0
    }
  },
  "raw_data": {
    "sample_records": [
      {
        "PST_YYYYMM": "202402",
        "BRD_CD": "V",
        "MGMT_CHNL_NM": "(OFF)대리상",
        "SALE_AMT": 2571934.9599999995,
        "SALE_AMT_VAT": 1268217.6991150444,
        "AD_CST_OPRT": 1496653.12,
        "SLRY_CSY_OPRT": 383655.32,
        "EMP_BNFT_CST_OPRT": 71079.49,
        "PMT_CMS_OPRT": 112170.45,
        "SHOP_RNT_OPRT": 0.0,
        "EVNT_CST_OPRT": 0.0,
        "TAX_CST_OPRT": 0.0,
        "DEPRC_CST_OPRT": 1234.62,
        "ETC_CST_OPRT": 5972.63
      },
      {
        "PST_YYYYMM": "202505",
        "BRD_CD": "V",
        "MGMT_CHNL_NM": "(EC)할인몰",
        "SALE_AMT": -940.0,
        "SALE_AMT_VAT": -831.8584070796461,
        "AD_CST_OPRT": 0.0,
        "SLRY_CSY_OPRT": -2.23,
        "EMP_BNFT_CST_OPRT": -0.64,
        "PMT_CMS_OPRT": 0.0,
        "SHOP_RNT_OPRT": 0.0,
        "EVNT_CST_OPRT": 0.0,
        "TAX_CST_OPRT": 0.0,
        "DEPRC_CST_OPRT": 0.0,
        "ETC_CST_OPRT": -0.03
      },
      {
        "PST_YYYYMM": "202505",
        "BRD_CD": "V",
        "MGMT_CHNL_NM": "(OFF)아울렛",
        "SALE_AMT": 140487.0,
        "SALE_AMT_VAT": 124324.77876106196,
        "AD_CST_OPRT": 0.02,
        "SLRY_CSY_OPRT": 333.16,
        "EMP_BNFT_CST_OPRT": 95.77,
        "PMT_CMS_OPRT": 0.85,
        "SHOP_RNT_OPRT": 0.0,
        "EVNT_CST_OPRT": 0.0,
        "TAX_CST_OPRT": 0.0,
        "DEPRC_CST_OPRT": 0.07,
        "ETC_CST_OPRT": 4.65
      },
      {
        "PST_YYYYMM": "202401",
        "BRD_CD": "V",
        "MGMT_CHNL_NM": "(OFF)대리상",
        "SALE_AMT": 3202209.58,
        "SALE_AMT_VAT": 1576223.0088495575,
        "AD_CST_OPRT": 1199672.83,
        "SLRY_CSY_OPRT": 215121.98,
        "EMP_BNFT_CST_OPRT": 72504.27,
        "PMT_CMS_OPRT": 79866.99,
        "SHOP_RNT_OPRT": 0.0,
        "EVNT_CST_OPRT": 202296.26,
        "TAX_CST_OPRT": 0.0,
        "DEPRC_CST_OPRT": 18.02,
        "ETC_CST_OPRT": 11893.74
      },
      {
        "PST_YYYYMM": "202404",
        "BRD_CD": "V",
        "MGMT_CHNL_NM": "(OFF)대리상",
        "SALE_AMT": 2487037.9099999997,
        "SALE_AMT_VAT": 863462.3893805312,
        "AD_CST_OPRT": 394479.37,
        "SLRY_CSY_OPRT": 332837.16,
        "EMP_BNFT_CST_OPRT": 100304.37,
        "PMT_CMS_OPRT": 14.28,
        "SHOP_RNT_OPRT": 0.0,
        "EVNT_CST_OPRT": 0.0,
        "TAX_CST_OPRT": 0.0,
        "DEPRC_CST_OPRT": 1283.27,
        "ETC_CST_OPRT": 34086.81
      },
      {
        "PST_YYYYMM": "202501",
        "BRD_CD": "V",
        "MGMT_CHNL_NM": "(OFF)아울렛",
        "SALE_AMT": 969326.0,
        "SALE_AMT_VAT": 857810.6194690266,
        "AD_CST_OPRT": 0.35,
        "SLRY_CSY_OPRT": 1887.75,
        "EMP_BNFT_CST_OPRT": 304.72,
        "PMT_CMS_OPRT": 1952.19,
        "SHOP_RNT_OPRT": 0.0,
        "EVNT_CST_OPRT": 0.0,
        "TAX_CST_OPRT": 0.0,
        "DEPRC_CST_OPRT": 289.78,
        "ETC_CST_OPRT": 10.15
      },
      {
        "PST_YYYYMM": "202405",
        "BRD_CD": "V",
        "MGMT_CHNL_NM": "(OFF)대리상",
        "SALE_AMT": 372676.57000000007,
        "SALE_AMT_VAT": 881068.5840707965,
        "AD_CST_OPRT": 148714.45,
        "SLRY_CSY_OPRT": 137069.95,
        "EMP_BNFT_CST_OPRT": 44178.0,
        "PMT_CMS_OPRT": 6094.97,
        "SHOP_RNT_OPRT": 0.0,
        "EVNT_CST_OPRT": 0.0,
        "TAX_CST_OPRT": 0.0,
        "DEPRC_CST_OPRT": 605.61,
        "ETC_CST_OPRT": 8940.18
      },
      {
        "PST_YYYYMM": "202404",
        "BRD_CD": "V",
        "MGMT_CHNL_NM": "(EC)대리상",
        "SALE_AMT": 4410.0,
        "SALE_AMT_VAT": 0.0,
        "AD_CST_OPRT": 699.49,
        "SLRY_CSY_OPRT": 4424.66,
        "EMP_BNFT_CST_OPRT": 1116.52,
        "PMT_CMS_OPRT": 0.03,
        "SHOP_RNT_OPRT": 0.0,
        "EVNT_CST_OPRT": 0.0,
        "TAX_CST_OPRT": 0.0,
        "DEPRC_CST_OPRT": 0.03,
        "ETC_CST_OPRT": 27.2
      },
      {
        "PST_YYYYMM": "202411",
        "BRD_CD": "V",
        "MGMT_CHNL_NM": "(OFF)대리상",
        "SALE_AMT": -1223163.1,
        "SALE_AMT_VAT": 218556.6371681416,
        "AD_CST_OPRT": 0.0,
        "SLRY_CSY_OPRT": -2883.32,
        "EMP_BNFT_CST_OPRT": -709.85,
        "PMT_CMS_OPRT": -7.09,
        "SHOP_RNT_OPRT": 0.0,
        "EVNT_CST_OPRT": 0.0,
        "TAX_CST_OPRT": 0.0,
        "DEPRC_CST_OPRT": 9667.95,
        "ETC_CST_OPRT": -13.97
      },
      {
        "PST_YYYYMM": "202409",
        "BRD_CD": "V",
        "MGMT_CHNL_NM": "(OFF)대리상",
        "SALE_AMT": -3205998.4,
        "SALE_AMT_VAT": 411832.7433628319,
        "AD_CST_OPRT": -12.41,
        "SLRY_CSY_OPRT": -4025.62,
        "EMP_BNFT_CST_OPRT": -953.62,
        "PMT_CMS_OPRT": -10291.72,
        "SHOP_RNT_OPRT": 0.0,
        "EVNT_CST_OPRT": 0.0,
        "TAX_CST_OPRT": 0.0,
        "DEPRC_CST_OPRT": 886.29,
        "ETC_CST_OPRT": -2922.8
      },
      {
        "PST_YYYYMM": "202506",
        "BRD_CD": "V",
        "MGMT_CHNL_NM": "(OFF)아울렛",
        "SALE_AMT": 52560.0,
        "SALE_AMT_VAT": 46513.27433628319,
        "AD_CST_OPRT": 0.0,
        "SLRY_CSY_OPRT": 125.43,
        "EMP_BNFT_CST_OPRT": 37.2,
        "PMT_CMS_OPRT": 0.27,
        "SHOP_RNT_OPRT": 0.0,
        "EVNT_CST_OPRT": 0.0,
        "TAX_CST_OPRT": 0.0,
        "DEPRC_CST_OPRT": 0.0,
        "ETC_CST_OPRT": 0.0
      },
      {
        "PST_YYYYMM": "202505",
        "BRD_CD": "V",
        "MGMT_CHNL_NM": "(OFF)대리상",
        "SALE_AMT": -390123.08,
        "SALE_AMT_VAT": 0.0,
        "AD_CST_OPRT": -0.38,
        "SLRY_CSY_OPRT": -925.21,
        "EMP_BNFT_CST_OPRT": -265.88,
        "PMT_CMS_OPRT": -2.62,
        "SHOP_RNT_OPRT": 0.0,
        "EVNT_CST_OPRT": 0.0,
        "TAX_CST_OPRT": 0.0,
        "DEPRC_CST_OPRT": -1.11,
        "ETC_CST_OPRT": -13.82
      },
      {
        "PST_YYYYMM": "202503",
        "BRD_CD": "V",
        "MGMT_CHNL_NM": "(OFF)쇼핑몰",
        "SALE_AMT": 701375.0,
        "SALE_AMT_VAT": 620685.8407079646,
        "AD_CST_OPRT": 0.0,
        "SLRY_CSY_OPRT": -407243.29,
        "EMP_BNFT_CST_OPRT": 279.39,
        "PMT_CMS_OPRT": 2.82,
        "SHOP_RNT_OPRT": 0.0,
        "EVNT_CST_OPRT": 0.0,
        "TAX_CST_OPRT": 0.0,
        "DEPRC_CST_OPRT": 0.66,
        "ETC_CST_OPRT": 40.6
      },
      {
        "PST_YYYYMM": "202401",
        "BRD_CD": "V",
        "MGMT_CHNL_NM": "(OFF)쇼핑몰",
        "SALE_AMT": 830172.0,
        "SALE_AMT_VAT": 734665.4867256638,
        "AD_CST_OPRT": 311015.0,
        "SLRY_CSY_OPRT": 55770.26,
        "EMP_BNFT_CST_OPRT": 18796.46,
        "PMT_CMS_OPRT": 20706.01,
        "SHOP_RNT_OPRT": 0.0,
        "EVNT_CST_OPRT": 52445.12,
        "TAX_CST_OPRT": 0.0,
        "DEPRC_CST_OPRT": 4.6,
        "ETC_CST_OPRT": 3082.34
      },
      {
        "PST_YYYYMM": "202410",
        "BRD_CD": "V",
        "MGMT_CHNL_NM": "(OFF)쇼핑몰",
        "SALE_AMT": 616269.0,
        "SALE_AMT_VAT": 545370.796460177,
        "AD_CST_OPRT": -42205.83,
        "SLRY_CSY_OPRT": 965.68,
        "EMP_BNFT_CST_OPRT": 236.03,
        "PMT_CMS_OPRT": 6343.03,
        "SHOP_RNT_OPRT": 0.0,
        "EVNT_CST_OPRT": 0.0,
        "TAX_CST_OPRT": 0.0,
        "DEPRC_CST_OPRT": -274.22,
        "ETC_CST_OPRT": 72.84
      },
      {
        "PST_YYYYMM": "202405",
        "BRD_CD": "V",
        "MGMT_CHNL_NM": "(EC)할인몰",
        "SALE_AMT": 0.0,
        "SALE_AMT_VAT": 0.0,
        "AD_CST_OPRT": 0.0,
        "SLRY_CSY_OPRT": 0.0,
        "EMP_BNFT_CST_OPRT": 0.0,
        "PMT_CMS_OPRT": 0.0,
        "SHOP_RNT_OPRT": 0.0,
        "EVNT_CST_OPRT": 0.0,
        "TAX_CST_OPRT": 0.0,
        "DEPRC_CST_OPRT": 0.0,
        "ETC_CST_OPRT": 0.0
      },
      {
        "PST_YYYYMM": "202506",
        "BRD_CD": "V",
        "MGMT_CHNL_NM": "(OFF)쇼핑몰",
        "SALE_AMT": 284915.0,
        "SALE_AMT_VAT": 252137.16814159293,
        "AD_CST_OPRT": 0.02,
        "SLRY_CSY_OPRT": 679.98,
        "EMP_BNFT_CST_OPRT": 202.56,
        "PMT_CMS_OPRT": 1.76,
        "SHOP_RNT_OPRT": 0.0,
        "EVNT_CST_OPRT": 0.0,
        "TAX_CST_OPRT": 0.0,
        "DEPRC_CST_OPRT": 0.37,
        "ETC_CST_OPRT": 0.84
      },
      {
        "PST_YYYYMM": "202405",
        "BRD_CD": "V",
        "MGMT_CHNL_NM": "(EC)티몰",
        "SALE_AMT": 210526.3,
        "SALE_AMT_VAT": 186306.46017699115,
        "AD_CST_OPRT": 84009.75,
        "SLRY_CSY_OPRT": 123666.7,
        "EMP_BNFT_CST_OPRT": 35711.15,
        "PMT_CMS_OPRT": 1.76,
        "SHOP_RNT_OPRT": 0.0,
        "EVNT_CST_OPRT": 0.0,
        "TAX_CST_OPRT": 0.0,
        "DEPRC_CST_OPRT": 2.15,
        "ETC_CST_OPRT": 4356.93
      },
      {
        "PST_YYYYMM": "202411",
        "BRD_CD": "V",
        "MGMT_CHNL_NM": "(OFF)쇼핑몰",
        "SALE_AMT": 945822.0,
        "SALE_AMT_VAT": 837010.6194690266,
        "AD_CST_OPRT": 0.0,
        "SLRY_CSY_OPRT": 2229.65,
        "EMP_BNFT_CST_OPRT": 548.8,
        "PMT_CMS_OPRT": 5.57,
        "SHOP_RNT_OPRT": 0.0,
        "EVNT_CST_OPRT": 0.0,
        "TAX_CST_OPRT": 0.0,
        "DEPRC_CST_OPRT": -7476.16,
        "ETC_CST_OPRT": 10.67
      },
      {
        "PST_YYYYMM": "202505",
        "BRD_CD": "V",
        "MGMT_CHNL_NM": "(EC)티몰",
        "SALE_AMT": 310094.09,
        "SALE_AMT_VAT": 274419.5486725664,
        "AD_CST_OPRT": 0.2,
        "SLRY_CSY_OPRT": 735.42,
        "EMP_BNFT_CST_OPRT": 211.29,
        "PMT_CMS_OPRT": 2.01,
        "SHOP_RNT_OPRT": 0.0,
        "EVNT_CST_OPRT": 0.0,
        "TAX_CST_OPRT": 0.0,
        "DEPRC_CST_OPRT": 0.56,
        "ETC_CST_OPRT": 10.68
      },
      {
        "PST_YYYYMM": "202408",
        "BRD_CD": "V",
        "MGMT_CHNL_NM": "(OFF)대리상",
        "SALE_AMT": -4972095.390000001,
        "SALE_AMT_VAT": 479115.0442477876,
        "AD_CST_OPRT": -5862.49,
        "SLRY_CSY_OPRT": -7719.29,
        "EMP_BNFT_CST_OPRT": 29805.98,
        "PMT_CMS_OPRT": -20.17,
        "SHOP_RNT_OPRT": 0.0,
        "EVNT_CST_OPRT": 0.0,
        "TAX_CST_OPRT": 0.0,
        "DEPRC_CST_OPRT": 772.69,
        "ETC_CST_OPRT": 10575.82
      },
      {
        "PST_YYYYMM": "202412",
        "BRD_CD": "V",
        "MGMT_CHNL_NM": "(EC)할인몰",
        "SALE_AMT": 5640.0,
        "SALE_AMT_VAT": 4991.150442477877,
        "AD_CST_OPRT": 0.05,
        "SLRY_CSY_OPRT": 10.86,
        "EMP_BNFT_CST_OPRT": 2.75,
        "PMT_CMS_OPRT": 0.02,
        "SHOP_RNT_OPRT": 0.0,
        "EVNT_CST_OPRT": 0.0,
        "TAX_CST_OPRT": 0.0,
        "DEPRC_CST_OPRT": 0.0,
        "ETC_CST_OPRT": 0.12
      },
      {
        "PST_YYYYMM": "202506",
        "BRD_CD": "V",
        "MGMT_CHNL_NM": "(EC)티몰",
        "SALE_AMT": 116223.84,
        "SALE_AMT_VAT": 102852.9557522124,
        "AD_CST_OPRT": 0.0,
        "SLRY_CSY_OPRT": 277.41,
        "EMP_BNFT_CST_OPRT": 82.76,
        "PMT_CMS_OPRT": 0.72,
        "SHOP_RNT_OPRT": 0.0,
        "EVNT_CST_OPRT": 0.0,
        "TAX_CST_OPRT": 0.0,
        "DEPRC_CST_OPRT": 0.18,
        "ETC_CST_OPRT": 0.37
      },
      {
        "PST_YYYYMM": "202502",
        "BRD_CD": "V",
        "MGMT_CHNL_NM": "(EC)할인몰",
        "SALE_AMT": 13918.0,
        "SALE_AMT_VAT": 12316.814159292036,
        "AD_CST_OPRT": 0.0,
        "SLRY_CSY_OPRT": 24.22,
        "EMP_BNFT_CST_OPRT": 6.34,
        "PMT_CMS_OPRT": 0.04,
        "SHOP_RNT_OPRT": 0.0,
        "EVNT_CST_OPRT": 0.0,
        "TAX_CST_OPRT": 0.0,
        "DEPRC_CST_OPRT": 0.0,
        "ETC_CST_OPRT": 0.0
      },
      {
        "PST_YYYYMM": "202411",
        "BRD_CD": "V",
        "MGMT_CHNL_NM": "(OFF)아울렛",
        "SALE_AMT": 183666.0,
        "SALE_AMT_VAT": 162536.28318584073,
        "AD_CST_OPRT": 0.0,
        "SLRY_CSY_OPRT": 432.93,
        "EMP_BNFT_CST_OPRT": 106.58,
        "PMT_CMS_OPRT": 1.12,
        "SHOP_RNT_OPRT": 0.0,
        "EVNT_CST_OPRT": 0.0,
        "TAX_CST_OPRT": 0.0,
        "DEPRC_CST_OPRT": -1451.78,
        "ETC_CST_OPRT": 1.98
      },
      {
        "PST_YYYYMM": "202504",
        "BRD_CD": "V",
        "MGMT_CHNL_NM": "(EC)대리상",
        "SALE_AMT": -147235.51,
        "SALE_AMT_VAT": 0.0,
        "AD_CST_OPRT": 0.0,
        "SLRY_CSY_OPRT": -309.23,
        "EMP_BNFT_CST_OPRT": -82.61,
        "PMT_CMS_OPRT": -0.84,
        "SHOP_RNT_OPRT": 0.0,
        "EVNT_CST_OPRT": 0.0,
        "TAX_CST_OPRT": 0.0,
        "DEPRC_CST_OPRT": -0.36,
        "ETC_CST_OPRT": -15.85
      },
      {
        "PST_YYYYMM": "202503",
        "BRD_CD": "V",
        "MGMT_CHNL_NM": "(EC)할인몰",
        "SALE_AMT": 1250.0,
        "SALE_AMT_VAT": 1106.1946902654868,
        "AD_CST_OPRT": 0.0,
        "SLRY_CSY_OPRT": -800.91,
        "EMP_BNFT_CST_OPRT": 0.49,
        "PMT_CMS_OPRT": 0.01,
        "SHOP_RNT_OPRT": 0.0,
        "EVNT_CST_OPRT": 0.0,
        "TAX_CST_OPRT": 0.0,
        "DEPRC_CST_OPRT": 0.0,
        "ETC_CST_OPRT": 0.07
      },
      {
        "PST_YYYYMM": "202502",
        "BRD_CD": "V",
        "MGMT_CHNL_NM": "(OFF)쇼핑몰",
        "SALE_AMT": 860085.0,
        "SALE_AMT_VAT": 761137.168141593,
        "AD_CST_OPRT": 1.2,
        "SLRY_CSY_OPRT": 1496.33,
        "EMP_BNFT_CST_OPRT": 392.0,
        "PMT_CMS_OPRT": 4.06,
        "SHOP_RNT_OPRT": 0.0,
        "EVNT_CST_OPRT": 0.0,
        "TAX_CST_OPRT": 0.0,
        "DEPRC_CST_OPRT": 1.22,
        "ETC_CST_OPRT": 0.64
      },
      {
        "PST_YYYYMM": "202408",
        "BRD_CD": "V",
        "MGMT_CHNL_NM": "(OFF)아울렛",
        "SALE_AMT": 52.050000000000004,
        "SALE_AMT_VAT": 46.061946902654874,
        "AD_CST_OPRT": 0.0,
        "SLRY_CSY_OPRT": 0.15,
        "EMP_BNFT_CST_OPRT": -0.3,
        "PMT_CMS_OPRT": 0.0,
        "SHOP_RNT_OPRT": 0.0,
        "EVNT_CST_OPRT": 0.0,
        "TAX_CST_OPRT": 0.0,
        "DEPRC_CST_OPRT": 0.0,
        "ETC_CST_OPRT": 0.0
      },
      {
        "PST_YYYYMM": "202408",
        "BRD_CD": "V",
        "MGMT_CHNL_NM": "(EC)티몰",
        "SALE_AMT": 50023.49,
        "SALE_AMT_VAT": 44268.57522123894,
        "AD_CST_OPRT": 59.17,
        "SLRY_CSY_OPRT": 77.65,
        "EMP_BNFT_CST_OPRT": -182.22,
        "PMT_CMS_OPRT": 0.16,
        "SHOP_RNT_OPRT": 0.0,
        "EVNT_CST_OPRT": 0.0,
        "TAX_CST_OPRT": 0.0,
        "DEPRC_CST_OPRT": 0.11,
        "ETC_CST_OPRT": -58.71
      },
      {
        "PST_YYYYMM": "202407",
        "BRD_CD": "V",
        "MGMT_CHNL_NM": "(EC)티몰",
        "SALE_AMT": 33759.13,
        "SALE_AMT_VAT": 29875.33628318584,
        "AD_CST_OPRT": 0.0,
        "SLRY_CSY_OPRT": 70717.34,
        "EMP_BNFT_CST_OPRT": 17206.79,
        "PMT_CMS_OPRT": 0.24,
        "SHOP_RNT_OPRT": 0.0,
        "EVNT_CST_OPRT": 0.0,
        "TAX_CST_OPRT": 0.0,
        "DEPRC_CST_OPRT": 0.25,
        "ETC_CST_OPRT": -98.81
      },
      {
        "PST_YYYYMM": "202403",
        "BRD_CD": "V",
        "MGMT_CHNL_NM": "(OFF)대리상",
        "SALE_AMT": -2952404.63,
        "SALE_AMT_VAT": 680794.6902654868,
        "AD_CST_OPRT": 984620.19,
        "SLRY_CSY_OPRT": 800015.49,
        "EMP_BNFT_CST_OPRT": 164064.68,
        "PMT_CMS_OPRT": 36719.68,
        "SHOP_RNT_OPRT": 0.0,
        "EVNT_CST_OPRT": 0.0,
        "TAX_CST_OPRT": 0.0,
        "DEPRC_CST_OPRT": 1790.85,
        "ETC_CST_OPRT": 12834.35
      },
      {
        "PST_YYYYMM": "202406",
        "BRD_CD": "V",
        "MGMT_CHNL_NM": "(OFF)대리상",
        "SALE_AMT": 90747.01999999999,
        "SALE_AMT_VAT": 480974.3362831859,
        "AD_CST_OPRT": 0.0,
        "SLRY_CSY_OPRT": 53145.22,
        "EMP_BNFT_CST_OPRT": 18965.24,
        "PMT_CMS_OPRT": 0.82,
        "SHOP_RNT_OPRT": 0.0,
        "EVNT_CST_OPRT": 0.0,
        "TAX_CST_OPRT": 0.0,
        "DEPRC_CST_OPRT": 251.04,
        "ETC_CST_OPRT": 222.08
      },
      {
        "PST_YYYYMM": "202504",
        "BRD_CD": "V",
        "MGMT_CHNL_NM": "(OFF)쇼핑몰",
        "SALE_AMT": 449979.0,
        "SALE_AMT_VAT": 398211.5044247788,
        "AD_CST_OPRT": 0.0,
        "SLRY_CSY_OPRT": 945.26,
        "EMP_BNFT_CST_OPRT": 252.12,
        "PMT_CMS_OPRT": 2.41,
        "SHOP_RNT_OPRT": 0.0,
        "EVNT_CST_OPRT": 0.0,
        "TAX_CST_OPRT": 0.0,
        "DEPRC_CST_OPRT": 0.67,
        "ETC_CST_OPRT": 47.97
      },
      {
        "PST_YYYYMM": "202504",
        "BRD_CD": "V",
        "MGMT_CHNL_NM": "(OFF)아울렛",
        "SALE_AMT": 100803.0,
        "SALE_AMT_VAT": 89206.19469026549,
        "AD_CST_OPRT": 0.0,
        "SLRY_CSY_OPRT": 211.9,
        "EMP_BNFT_CST_OPRT": 56.35,
        "PMT_CMS_OPRT": 0.49,
        "SHOP_RNT_OPRT": 0.0,
        "EVNT_CST_OPRT": 0.0,
        "TAX_CST_OPRT": 0.0,
        "DEPRC_CST_OPRT": 0.04,
        "ETC_CST_OPRT": 10.55
      },
      {
        "PST_YYYYMM": "202408",
        "BRD_CD": "V",
        "MGMT_CHNL_NM": "(OFF)쇼핑몰",
        "SALE_AMT": 318694.0,
        "SALE_AMT_VAT": 282030.08849557524,
        "AD_CST_OPRT": 375.6,
        "SLRY_CSY_OPRT": 494.78,
        "EMP_BNFT_CST_OPRT": -1911.32,
        "PMT_CMS_OPRT": 1.15,
        "SHOP_RNT_OPRT": 0.0,
        "EVNT_CST_OPRT": 0.0,
        "TAX_CST_OPRT": 0.0,
        "DEPRC_CST_OPRT": -50.03,
        "ETC_CST_OPRT": -677.55
      },
      {
        "PST_YYYYMM": "202403",
        "BRD_CD": "V",
        "MGMT_CHNL_NM": "(EC)대리상",
        "SALE_AMT": 148716.03,
        "SALE_AMT_VAT": 1353.982300884956,
        "AD_CST_OPRT": -49596.45,
        "SLRY_CSY_OPRT": 29565.33,
        "EMP_BNFT_CST_OPRT": 2137.39,
        "PMT_CMS_OPRT": 0.83,
        "SHOP_RNT_OPRT": 0.0,
        "EVNT_CST_OPRT": 0.0,
        "TAX_CST_OPRT": 0.0,
        "DEPRC_CST_OPRT": 1.16,
        "ETC_CST_OPRT": -534.15
      },
      {
        "PST_YYYYMM": "202412",
        "BRD_CD": "V",
        "MGMT_CHNL_NM": "(EC)티몰",
        "SALE_AMT": 2035523.58,
        "SALE_AMT_VAT": 1801348.300884956,
        "AD_CST_OPRT": 16.21,
        "SLRY_CSY_OPRT": 3921.19,
        "EMP_BNFT_CST_OPRT": 994.76,
        "PMT_CMS_OPRT": 9.17,
        "SHOP_RNT_OPRT": 0.0,
        "EVNT_CST_OPRT": 0.0,
        "TAX_CST_OPRT": 0.0,
        "DEPRC_CST_OPRT": 3.53,
        "ETC_CST_OPRT": 45.14
      },
      {
        "PST_YYYYMM": "202402",
        "BRD_CD": "V",
        "MGMT_CHNL_NM": "(EC)티몰",
        "SALE_AMT": 21532.64,
        "SALE_AMT_VAT": 19055.433628318584,
        "AD_CST_OPRT": 12530.22,
        "SLRY_CSY_OPRT": 129866.92,
        "EMP_BNFT_CST_OPRT": 27302.13,
        "PMT_CMS_OPRT": 0.15,
        "SHOP_RNT_OPRT": 0.0,
        "EVNT_CST_OPRT": 0.0,
        "TAX_CST_OPRT": 0.0,
        "DEPRC_CST_OPRT": 0.19,
        "ETC_CST_OPRT": 16.12
      },
      {
        "PST_YYYYMM": "202401",
        "BRD_CD": "V",
        "MGMT_CHNL_NM": "(EC)티몰",
        "SALE_AMT": 833076.54,
        "SALE_AMT_VAT": 737235.8761061948,
        "AD_CST_OPRT": 312102.82,
        "SLRY_CSY_OPRT": 115429.59,
        "EMP_BNFT_CST_OPRT": 40885.45,
        "PMT_CMS_OPRT": 2.69,
        "SHOP_RNT_OPRT": 0.0,
        "EVNT_CST_OPRT": 52628.38,
        "TAX_CST_OPRT": 0.0,
        "DEPRC_CST_OPRT": 4.67,
        "ETC_CST_OPRT": 294.08
      },
      {
        "PST_YYYYMM": "202501",
        "BRD_CD": "V",
        "MGMT_CHNL_NM": "(OFF)대리상",
        "SALE_AMT": -25762.49,
        "SALE_AMT_VAT": 0.0,
        "AD_CST_OPRT": 0.0,
        "SLRY_CSY_OPRT": -50.17,
        "EMP_BNFT_CST_OPRT": -8.06,
        "PMT_CMS_OPRT": -0.07,
        "SHOP_RNT_OPRT": 0.0,
        "EVNT_CST_OPRT": 0.0,
        "TAX_CST_OPRT": 0.0,
        "DEPRC_CST_OPRT": 0.0,
        "ETC_CST_OPRT": -0.24
      },
      {
        "PST_YYYYMM": "202506",
        "BRD_CD": "V",
        "MGMT_CHNL_NM": "(EC)할인몰",
        "SALE_AMT": 400.0,
        "SALE_AMT_VAT": 353.9823008849558,
        "AD_CST_OPRT": 0.0,
        "SLRY_CSY_OPRT": 0.95,
        "EMP_BNFT_CST_OPRT": 0.29,
        "PMT_CMS_OPRT": 0.0,
        "SHOP_RNT_OPRT": 0.0,
        "EVNT_CST_OPRT": 0.0,
        "TAX_CST_OPRT": 0.0,
        "DEPRC_CST_OPRT": 0.0,
        "ETC_CST_OPRT": 0.0
      },
      {
        "PST_YYYYMM": "202409",
        "BRD_CD": "V",
        "MGMT_CHNL_NM": "(OFF)쇼핑몰",
        "SALE_AMT": 451655.0,
        "SALE_AMT_VAT": 399694.6902654868,
        "AD_CST_OPRT": 1.65,
        "SLRY_CSY_OPRT": 567.12,
        "EMP_BNFT_CST_OPRT": 134.36,
        "PMT_CMS_OPRT": 1449.8,
        "SHOP_RNT_OPRT": 0.0,
        "EVNT_CST_OPRT": 0.0,
        "TAX_CST_OPRT": 0.0,
        "DEPRC_CST_OPRT": -125.21,
        "ETC_CST_OPRT": 411.01
      },
      {
        "PST_YYYYMM": "202410",
        "BRD_CD": "V",
        "MGMT_CHNL_NM": "(OFF)아울렛",
        "SALE_AMT": 59524.0,
        "SALE_AMT_VAT": 52676.10619469027,
        "AD_CST_OPRT": -4076.57,
        "SLRY_CSY_OPRT": 93.27,
        "EMP_BNFT_CST_OPRT": 22.79,
        "PMT_CMS_OPRT": 612.65,
        "SHOP_RNT_OPRT": 0.0,
        "EVNT_CST_OPRT": 0.0,
        "TAX_CST_OPRT": 0.0,
        "DEPRC_CST_OPRT": -26.56,
        "ETC_CST_OPRT": 6.98
      },
      {
        "PST_YYYYMM": "202404",
        "BRD_CD": "V",
        "MGMT_CHNL_NM": "(EC)티몰",
        "SALE_AMT": 78175.96,
        "SALE_AMT_VAT": 69182.26548672568,
        "AD_CST_OPRT": 12399.69,
        "SLRY_CSY_OPRT": 78435.99,
        "EMP_BNFT_CST_OPRT": 19792.34,
        "PMT_CMS_OPRT": 0.41,
        "SHOP_RNT_OPRT": 0.0,
        "EVNT_CST_OPRT": 0.0,
        "TAX_CST_OPRT": 0.0,
        "DEPRC_CST_OPRT": 0.6,
        "ETC_CST_OPRT": 482.55
      },
      {
        "PST_YYYYMM": "202407",
        "BRD_CD": "V",
        "MGMT_CHNL_NM": "(EC)할인몰",
        "SALE_AMT": -400.0,
        "SALE_AMT_VAT": -353.9823008849558,
        "AD_CST_OPRT": 0.0,
        "SLRY_CSY_OPRT": -837.9,
        "EMP_BNFT_CST_OPRT": -203.86,
        "PMT_CMS_OPRT": 0.0,
        "SHOP_RNT_OPRT": 0.0,
        "EVNT_CST_OPRT": 0.0,
        "TAX_CST_OPRT": 0.0,
        "DEPRC_CST_OPRT": 0.0,
        "ETC_CST_OPRT": 1.18
      },
      {
        "PST_YYYYMM": "202406",
        "BRD_CD": "V",
        "MGMT_CHNL_NM": "(EC)티몰",
        "SALE_AMT": 140130.48,
        "SALE_AMT_VAT": 124009.27433628321,
        "AD_CST_OPRT": 0.0,
        "SLRY_CSY_OPRT": 126423.88,
        "EMP_BNFT_CST_OPRT": 38849.14,
        "PMT_CMS_OPRT": 1.41,
        "SHOP_RNT_OPRT": 0.0,
        "EVNT_CST_OPRT": 0.0,
        "TAX_CST_OPRT": 0.0,
        "DEPRC_CST_OPRT": 1.61,
        "ETC_CST_OPRT": 205.92
      },
      {
        "PST_YYYYMM": "202409",
        "BRD_CD": "V",
        "MGMT_CHNL_NM": "(OFF)아울렛",
        "SALE_AMT": 103434.0,
        "SALE_AMT_VAT": 91534.51327433629,
        "AD_CST_OPRT": 0.35,
        "SLRY_CSY_OPRT": 129.91,
        "EMP_BNFT_CST_OPRT": 30.68,
        "PMT_CMS_OPRT": 332.0,
        "SHOP_RNT_OPRT": 0.0,
        "EVNT_CST_OPRT": 0.0,
        "TAX_CST_OPRT": 0.0,
        "DEPRC_CST_OPRT": -28.65,
        "ETC_CST_OPRT": 94.18
      },
      {
        "PST_YYYYMM": "202505",
        "BRD_CD": "V",
        "MGMT_CHNL_NM": "(OFF)쇼핑몰",
        "SALE_AMT": 386875.0,
        "SALE_AMT_VAT": 342367.2566371682,
        "AD_CST_OPRT": 0.23,
        "SLRY_CSY_OPRT": 917.48,
        "EMP_BNFT_CST_OPRT": 263.75,
        "PMT_CMS_OPRT": 2.63,
        "SHOP_RNT_OPRT": 0.0,
        "EVNT_CST_OPRT": 0.0,
        "TAX_CST_OPRT": 0.0,
        "DEPRC_CST_OPRT": 0.8,
        "ETC_CST_OPRT": 13.4
      },
      {
        "PST_YYYYMM": "202403",
        "BRD_CD": "V",
        "MGMT_CHNL_NM": "(OFF)쇼핑몰",
        "SALE_AMT": 541353.0,
        "SALE_AMT_VAT": 479073.4513274337,
        "AD_CST_OPRT": -180539.95,
        "SLRY_CSY_OPRT": -146691.84,
        "EMP_BNFT_CST_OPRT": -30083.24,
        "PMT_CMS_OPRT": -6732.57,
        "SHOP_RNT_OPRT": 0.0,
        "EVNT_CST_OPRT": 0.0,
        "TAX_CST_OPRT": 0.0,
        "DEPRC_CST_OPRT": -328.75,
        "ETC_CST_OPRT": -2353.49
      }
    ],
    "total_records_count": 75
  }
}