{
  "country": "CN",
  "brand_cd": "X",
  "brand_name": "DISCOVERY",
  "yyyymm": "202508",
  "yyyymm_py": "202408",
  "key": "영업비",
  "sub_key": "종합분석",
  "analysis_data": {
    "title": "영업비 종합분석",
    "sections": [
      {
        "div": "종합분석-1",
        "sub_title": "전년/당해 동월 비교 (202408 VS 202508)",
        "ai_text": "**전년 동월(202408) 대비 당해당월(202508) 영업비 현황**\n\n전년 동월(202408)에는 DISCOVERY 브랜드의 영업활동이 전무했으나, 당해당월(202508)에는 본격적인 사업 운영이 시작되어 총 4,394k의 영업비가 발생했습니다.\n\n**주요 영업비 구성 분석:**\n• 광고비(ad_cst_oprt): 2,871k (65.3%) - 영업비 중 최대 비중\n• 급여(slry_csy_oprt): 1,077k (24.5%) - 인력 확충에 따른 인건비\n• 복리후생비(emp_bnft_cst_oprt): 321k (7.3%) - 직원 복리후생 지원\n• 지급수수료(pmt_cms_oprt): 35k (0.8%) - 운영 관련 수수료\n• 기타비용(etc_cst_oprt): 86k (2.0%) - 기타 운영비용\n\n**전략적 관점:**\n브랜드 런칭 초기 단계로 광고비 집중 투자가 적절하며, 매출액(v+) 9,578k 대비 영업비율 45.9%는 신규 브랜드 육성 단계에서 합리적 수준입니다. 향후 매출 증대에 따른 영업비 효율성 개선이 필요합니다."
      },
      {
        "div": "종합분석-2",
        "sub_title": "누적 YTD 비교 (전년 누적 VS 당해 누적)",
        "ai_text": "**전년 누적(202401~202408) 대비 당해 누적(202501~202508) 영업비 현황**\n\n전년 누적 기간에는 DISCOVERY 브랜드 운영이 없었으나, 당해 누적에서는 총 30,085k의 영업비가 투입되어 본격적인 브랜드 운영이 시작되었습니다.\n\n**누적 영업비 구성:**\n• 광고비: 17,125k (56.9%) - 브랜드 인지도 구축을 위한 핵심 투자\n• 급여: 8,387k (27.9%) - 안정적 조직 구축\n• 복리후생비: 1,990k (6.6%) - 직원 만족도 제고\n• 지급수수료: 1,681k (5.6%) - 운영 인프라 구축\n• 행사비: 491k (1.6%) - 마케팅 활동 지원\n• 기타비용: 405k (1.3%) - 기타 운영 지원\n\n**누적 매출 대비 영업비율:**\n당해 누적 매출액(v+) 28,694k 대비 영업비율 104.8%로, 브랜드 런칭 초기 투자 단계의 특성을 보입니다. 2025년 하반기부터 매출 확대를 통한 수익성 개선이 중요한 과제입니다."
      },
      {
        "div": "종합분석-3",
        "sub_title": "1년 추세 분석 (2024년 1월 ~ 2025년 8월, 202401~202508)",
        "ai_text": "**2024년 1월~2025년 8월(202401~202508) 월별 영업비 추이 분석**\n\n**사업 시작 시점:** 2024년 9월(202409)부터 DISCOVERY 브랜드 운영 개시\n\n**단계별 운영 패턴:**\n\n**1단계 (202409~202412): 초기 런칭**\n• 월평균 영업비: 3,422k\n• 광고비 집중 투자: 월평균 3,172k\n• 초기 조직 구성: 급여 월평균 450k\n\n**2단계 (202501~202508): 본격 운영**\n• 월평균 영업비: 3,761k (전 단계 대비 9.9% 증가)\n• 광고비 안정화: 월평균 2,141k\n• 인력 확충: 급여 월평균 1,048k (전 단계 대비 133% 증가)\n\n**주목할 변화:**\n• 202508월 급증: 영업비 4,394k, 매출액(v+) 9,578k로 최고치 기록\n• 광고비 변동성: 202507월 564k → 202508월 2,871k (409% 급증)\n• 매출 연동성: 202508월 매출 급증과 광고비 투자 동조화\n\n**계절성 및 트렌드:**\n매출 성장에 맞춘 광고비 탄력적 운영과 조직 안정화가 동시 진행되고 있으며, 하반기 성수기 대응 체계가 구축되었습니다."
      },
      {
        "div": "종합분석-4",
        "sub_title": "법인 전체 대비 브랜드 비중 분석 (DISCOVERY vs 법인 전체)",
        "ai_text": "**법인 전체(MLB + MLB KIDS + DISCOVERY + DUVETICA + SERGIO TACCHINI + SUPRA) 대비 DISCOVERY 브랜드 영업비 비중 분석**\n\n**당해당월(202508) 법인 대비 비중:**\n• 전체 영업비: 4,393k / 36,152k = 12.2%\n• 당해 누적 영업비: 30,085k / 261,254k = 11.5%\n\n**영업비 계정별 법인 대비 비중 (202508):**\n• 기타비용: 26.4% (86k/325k) - 법인 내 최고 비중\n• 광고비: 14.8% (2,871k/19,380k) - 브랜드 마케팅 투자 적극적\n• 급여: 11.9% (1,077k/9,051k) - 법인 평균 수준\n• 복리후생비: 10.9% (321k/2,948k) - 법인 평균 수준\n• 지급수수료: 2.1% (35k/1,662k) - 상대적 저비중\n• 감가상각비: 0.9% (4k/467k) - 신규 브랜드 특성\n• 임차료: 0.0% - 별도 매장 없음\n\n**브랜드 포지셔닝:**\nDISCOVERY는 법인 내에서 영업비 기준 12.2%의 비중을 차지하는 중간 규모 브랜드로 자리잡았습니다. 특히 광고비와 기타비용에서 높은 비중을 보여 적극적인 마케팅 전략을 구사하고 있으며, 인건비는 법인 평균 수준을 유지하여 효율적 조직 운영을 실현하고 있습니다.\n\n**경쟁력 분석:**\n신규 브랜드임에도 불구하고 법인 내 10% 이상의 영업비 비중을 확보하여 성장 잠재력을 입증했으며, 향후 매출 확대를 통한 영업 효율성 개선이 핵심 과제입니다."
      },
      {
        "div": "종합분석-5",
        "sub_title": "전략적 시사점",
        "ai_text": "**종합 분석 결과 및 전략 방향**\n\n**현재 상황 진단:**\n• DISCOVERY 브랜드는 2024년 9월 런칭 후 안정적 성장 궤도 진입\n• 법인 내 영업비 기준 12.2% 비중으로 중간 규모 브랜드 위치 확보\n• 광고비 중심의 적극적 마케팅과 조직 안정화 동시 추진\n• 2025년 8월 매출 급증(9,578k)으로 성장 모멘텀 확인\n\n**단기 전략 방향 (3-6개월):**\n\n**1. 영업비 효율성 개선**\n• 목표: 영업비율 45.9% → 35% 이하로 개선\n• 실행: 매출 증대에 따른 광고비 ROI 모니터링 강화\n• 측정: 월별 매출액(v+) 대비 영업비율 추적\n\n**2. 광고비 최적화**\n• 현재 광고비 비중 65.3%의 효과성 검증\n• 채널별 광고 성과 분석을 통한 예산 재배분\n• 매출 연동형 광고비 운영 체계 구축\n\n**중장기 전략 방향 (6-12개월):**\n\n**1. 수익성 중심 성장 전략**\n• 목표: 2025년 말 영업비율 30% 달성\n• 매출 규모 확대를 통한 고정비 분산 효과 극대화\n• 브랜드 인지도 상승에 따른 광고비 효율성 개선\n\n**2. 조직 운영 효율화**\n• 인건비 비중 24.5% 수준에서 생산성 극대화\n• 성과 기반 보상 체계 도입으로 매출 연동성 강화\n• 법인 내 시너지 창출을 통한 운영비 절감\n\n**3. 법인 내 포지셔닝 강화**\n• 현재 법인 대비 12.2% 비중에서 15% 이상 확대 목표\n• 차별화된 브랜드 정체성 구축으로 독립적 성장 기반 마련\n• 다른 브랜드와의 크로스 마케팅 기회 활용\n\n**리스크 관리:**\n• 광고비 의존도 과다에 따른 수익성 악화 위험 상시 모니터링\n• 매출 변동성에 대응한 탄력적 영업비 운영 체계 구축\n• 법인 내 브랜드 간 리소스 경합 최소화 방안 마련"
      }
    ]
  },
  "summary": {
    "current_month_expense": 4393.0,
    "previous_month_expense": 0.0,
    "current_ytd_expense": 30085.0,
    "previous_ytd_expense": 0.0,
    "total_records": 49,
    "analysis_period_month": "2024년 8월 VS 2025년 8월",
    "analysis_period_ytd": "2024년 1월~2024년 8월 VS 2025년 1월~2025년 8월",
    "trend_period": "2024년 1월 ~ 2025년 8월 (202401~202508)"
  },
  "month_comparison": {
    "previous_month": {
      "ad_cst_oprt": 0.0,
      "slry_csy_oprt": 0.0,
      "emp_bnft_cst_oprt": 0.0,
      "pmt_cms_oprt": 0.0,
      "shop_rnt_oprt": 0.0,
      "evnt_cst_oprt": 0.0,
      "tax_cst_oprt": 0.0,
      "deprc_cst_oprt": 0.0,
      "etc_cst_oprt": 0.0,
      "sale_amt": 0.0,
      "sale_amt_vat": 0.0
    },
    "current_month": {
      "ad_cst_oprt": 2871.0,
      "slry_csy_oprt": 1077.0,
      "emp_bnft_cst_oprt": 321.0,
      "pmt_cms_oprt": 35.0,
      "shop_rnt_oprt": 0.0,
      "evnt_cst_oprt": 0.0,
      "tax_cst_oprt": 0.0,
      "deprc_cst_oprt": 4.0,
      "etc_cst_oprt": 86.0,
      "sale_amt": 9578.0,
      "sale_amt_vat": 6213.0
    }
  },
  "ytd_comparison": {
    "previous_ytd": {
      "ad_cst_oprt": 0.0,
      "slry_csy_oprt": 0.0,
      "emp_bnft_cst_oprt": 0.0,
      "pmt_cms_oprt": 0.0,
      "shop_rnt_oprt": 0.0,
      "evnt_cst_oprt": 0.0,
      "tax_cst_oprt": 0.0,
      "deprc_cst_oprt": 0.0,
      "etc_cst_oprt": 0.0,
      "sale_amt": 0.0,
      "sale_amt_vat": 0.0
    },
    "current_ytd": {
      "ad_cst_oprt": 17125.0,
      "slry_csy_oprt": 8387.0,
      "emp_bnft_cst_oprt": 1990.0,
      "pmt_cms_oprt": 1681.0,
      "shop_rnt_oprt": 0.0,
      "evnt_cst_oprt": 491.0,
      "tax_cst_oprt": 0.0,
      "deprc_cst_oprt": 6.0,
      "etc_cst_oprt": 405.0,
      "sale_amt": 28694.0,
      "sale_amt_vat": 21729.0
    }
  },
  "trend_by_month": {
    "202409": {
      "ad_cst_oprt": 1411.0,
      "slry_csy_oprt": 294.0,
      "emp_bnft_cst_oprt": 94.0,
      "pmt_cms_oprt": 8.0,
      "shop_rnt_oprt": 0.0,
      "evnt_cst_oprt": 979.0,
      "tax_cst_oprt": 0.0,
      "deprc_cst_oprt": 0.0,
      "etc_cst_oprt": -2.0,
      "sale_amt": 69.0,
      "sale_amt_vat": 61.0
    },
    "202410": {
      "ad_cst_oprt": 3825.0,
      "slry_csy_oprt": 336.0,
      "emp_bnft_cst_oprt": 104.0,
      "pmt_cms_oprt": 15.0,
      "shop_rnt_oprt": 0.0,
      "evnt_cst_oprt": 0.0,
      "tax_cst_oprt": 0.0,
      "deprc_cst_oprt": 0.0,
      "etc_cst_oprt": 86.0,
      "sale_amt": 780.0,
      "sale_amt_vat": 691.0
    },
    "202411": {
      "ad_cst_oprt": 4747.0,
      "slry_csy_oprt": 578.0,
      "emp_bnft_cst_oprt": 181.0,
      "pmt_cms_oprt": 130.0,
      "shop_rnt_oprt": 0.0,
      "evnt_cst_oprt": 0.0,
      "tax_cst_oprt": 0.0,
      "deprc_cst_oprt": 0.0,
      "etc_cst_oprt": 47.0,
      "sale_amt": 3079.0,
      "sale_amt_vat": 1368.0
    },
    "202412": {
      "ad_cst_oprt": 2706.0,
      "slry_csy_oprt": 590.0,
      "emp_bnft_cst_oprt": 210.0,
      "pmt_cms_oprt": 12.0,
      "shop_rnt_oprt": 0.0,
      "evnt_cst_oprt": 0.0,
      "tax_cst_oprt": 0.0,
      "deprc_cst_oprt": 0.0,
      "etc_cst_oprt": 119.0,
      "sale_amt": 5208.0,
      "sale_amt_vat": 2760.0
    },
    "202501": {
      "ad_cst_oprt": 2040.0,
      "slry_csy_oprt": 1250.0,
      "emp_bnft_cst_oprt": 203.0,
      "pmt_cms_oprt": 0.0,
      "shop_rnt_oprt": 0.0,
      "evnt_cst_oprt": 0.0,
      "tax_cst_oprt": 0.0,
      "deprc_cst_oprt": 0.0,
      "etc_cst_oprt": 58.0,
      "sale_amt": 3718.0,
      "sale_amt_vat": 2204.0
    },
    "202502": {
      "ad_cst_oprt": 1483.0,
      "slry_csy_oprt": 850.0,
      "emp_bnft_cst_oprt": 224.0,
      "pmt_cms_oprt": 187.0,
      "shop_rnt_oprt": 0.0,
      "evnt_cst_oprt": 491.0,
      "tax_cst_oprt": 0.0,
      "deprc_cst_oprt": 0.0,
      "etc_cst_oprt": 28.0,
      "sale_amt": 2624.0,
      "sale_amt_vat": 1927.0
    },
    "202503": {
      "ad_cst_oprt": 1522.0,
      "slry_csy_oprt": 1738.0,
      "emp_bnft_cst_oprt": 240.0,
      "pmt_cms_oprt": 503.0,
      "shop_rnt_oprt": 0.0,
      "evnt_cst_oprt": 0.0,
      "tax_cst_oprt": 0.0,
      "deprc_cst_oprt": 0.0,
      "etc_cst_oprt": 21.0,
      "sale_amt": 1208.0,
      "sale_amt_vat": 1750.0
    },
    "202504": {
      "ad_cst_oprt": 1748.0,
      "slry_csy_oprt": 1053.0,
      "emp_bnft_cst_oprt": 266.0,
      "pmt_cms_oprt": 205.0,
      "shop_rnt_oprt": 0.0,
      "evnt_cst_oprt": 0.0,
      "tax_cst_oprt": 0.0,
      "deprc_cst_oprt": 1.0,
      "etc_cst_oprt": 31.0,
      "sale_amt": 4513.0,
      "sale_amt_vat": 1889.0
    },
    "202505": {
      "ad_cst_oprt": 3453.0,
      "slry_csy_oprt": 765.0,
      "emp_bnft_cst_oprt": 222.0,
      "pmt_cms_oprt": 97.0,
      "shop_rnt_oprt": 0.0,
      "evnt_cst_oprt": 0.0,
      "tax_cst_oprt": 0.0,
      "deprc_cst_oprt": 1.0,
      "etc_cst_oprt": 14.0,
      "sale_amt": 1026.0,
      "sale_amt_vat": 2639.0
    },
    "202506": {
      "ad_cst_oprt": 3444.0,
      "slry_csy_oprt": 733.0,
      "emp_bnft_cst_oprt": 211.0,
      "pmt_cms_oprt": 151.0,
      "shop_rnt_oprt": 0.0,
      "evnt_cst_oprt": 0.0,
      "tax_cst_oprt": 0.0,
      "deprc_cst_oprt": 1.0,
      "etc_cst_oprt": 47.0,
      "sale_amt": 3123.0,
      "sale_amt_vat": 2467.0
    },
    "202507": {
      "ad_cst_oprt": 564.0,
      "slry_csy_oprt": 920.0,
      "emp_bnft_cst_oprt": 303.0,
      "pmt_cms_oprt": 504.0,
      "shop_rnt_oprt": 0.0,
      "evnt_cst_oprt": 0.0,
      "tax_cst_oprt": 0.0,
      "deprc_cst_oprt": 1.0,
      "etc_cst_oprt": 119.0,
      "sale_amt": 2906.0,
      "sale_amt_vat": 2640.0
    },
    "202508": {
      "ad_cst_oprt": 2871.0,
      "slry_csy_oprt": 1077.0,
      "emp_bnft_cst_oprt": 321.0,
      "pmt_cms_oprt": 35.0,
      "shop_rnt_oprt": 0.0,
      "evnt_cst_oprt": 0.0,
      "tax_cst_oprt": 0.0,
      "deprc_cst_oprt": 4.0,
      "etc_cst_oprt": 86.0,
      "sale_amt": 9578.0,
      "sale_amt_vat": 6213.0
    }
  },
  "brand_vs_all_brands": {
    "current_month": {
      "brand_total": 4393.0,
      "all_brands_total": 36152.0,
      "ratio": 12.2,
      "by_account": {
        "ad_cst_oprt": {
          "brand": 2871.0,
          "all_brands": 19380.0,
          "ratio": 14.8
        },
        "slry_csy_oprt": {
          "brand": 1077.0,
          "all_brands": 9051.0,
          "ratio": 11.9
        },
        "emp_bnft_cst_oprt": {
          "brand": 321.0,
          "all_brands": 2948.0,
          "ratio": 10.9
        },
        "pmt_cms_oprt": {
          "brand": 35.0,
          "all_brands": 1662.0,
          "ratio": 2.1
        },
        "shop_rnt_oprt": {
          "brand": 0.0,
          "all_brands": 1917.0,
          "ratio": 0.0
        },
        "evnt_cst_oprt": {
          "brand": 0.0,
          "all_brands": 0.0,
          "ratio": 0.0
        },
        "tax_cst_oprt": {
          "brand": 0.0,
          "all_brands": 402.0,
          "ratio": 0.0
        },
        "deprc_cst_oprt": {
          "brand": 4.0,
          "all_brands": 467.0,
          "ratio": 0.9
        },
        "etc_cst_oprt": {
          "brand": 86.0,
          "all_brands": 325.0,
          "ratio": 26.4
        }
      }
    },
    "current_ytd": {
      "brand_total": 30085.0,
      "all_brands_total": 261254.0,
      "ratio": 11.5
    }
  },
  "all_brands_summary": {
    "current_month": {
      "ad_cst_oprt": 19380.0,
      "slry_csy_oprt": 9051.0,
      "emp_bnft_cst_oprt": 2948.0,
      "pmt_cms_oprt": 1662.0,
      "shop_rnt_oprt": 1917.0,
      "evnt_cst_oprt": 0.0,
      "tax_cst_oprt": 402.0,
      "deprc_cst_oprt": 467.0,
      "etc_cst_oprt": 325.0,
      "sale_amt": 635073.0,
      "sale_amt_vat": 555217.0
    },
    "previous_month": {
      "ad_cst_oprt": 18993.0,
      "slry_csy_oprt": 7534.0,
      "emp_bnft_cst_oprt": 2464.0,
      "pmt_cms_oprt": 736.0,
      "shop_rnt_oprt": 1539.0,
      "evnt_cst_oprt": -208.0,
      "tax_cst_oprt": 288.0,
      "deprc_cst_oprt": 508.0,
      "etc_cst_oprt": 273.0,
      "sale_amt": 568354.0,
      "sale_amt_vat": 496726.0
    },
    "current_ytd": {
      "ad_cst_oprt": 115379.0,
      "slry_csy_oprt": 69164.0,
      "emp_bnft_cst_oprt": 22955.0,
      "pmt_cms_oprt": 16205.0,
      "shop_rnt_oprt": 13229.0,
      "evnt_cst_oprt": 12816.0,
      "tax_cst_oprt": 5685.0,
      "deprc_cst_oprt": 3016.0,
      "etc_cst_oprt": 2805.0,
      "sale_amt": 3468068.0,
      "sale_amt_vat": 4834830.0
    },
    "previous_ytd": {
      "ad_cst_oprt": 92411.0,
      "slry_csy_oprt": 64987.0,
      "emp_bnft_cst_oprt": 20176.0,
      "pmt_cms_oprt": 9967.0,
      "shop_rnt_oprt": 11951.0,
      "evnt_cst_oprt": 9557.0,
      "tax_cst_oprt": 8302.0,
      "deprc_cst_oprt": 3946.0,
      "etc_cst_oprt": 4345.0,
      "sale_amt": 3256760.0,
      "sale_amt_vat": 4643175.0
    }
  },
  "raw_data": {
    "sample_records": [
      {
        "PST_YYYYMM": "202507",
        "BRD_CD": "X",
        "MGMT_CHNL_NM": null,
        "SALE_AMT": null,
        "SALE_AMT_VAT": null,
        "AD_CST_OPRT": 564071.23,
        "SLRY_CSY_OPRT": 231334.53,
        "EMP_BNFT_CST_OPRT": 61959.5,
        "PMT_CMS_OPRT": 0.0,
        "SHOP_RNT_OPRT": 0.0,
        "EVNT_CST_OPRT": 0.0,
        "TAX_CST_OPRT": 0.0,
        "DEPRC_CST_OPRT": 0.0,
        "ETC_CST_OPRT": 13255.81
      },
      {
        "PST_YYYYMM": "202508",
        "BRD_CD": "X",
        "MGMT_CHNL_NM": "(OFF)대리상",
        "SALE_AMT": 5736396.380000001,
        "SALE_AMT_VAT": 2813702.654867257,
        "AD_CST_OPRT": 0.0,
        "SLRY_CSY_OPRT": 399290.11,
        "EMP_BNFT_CST_OPRT": 99692.08,
        "PMT_CMS_OPRT": 18.05,
        "SHOP_RNT_OPRT": 0.0,
        "EVNT_CST_OPRT": 0.0,
        "TAX_CST_OPRT": 0.0,
        "DEPRC_CST_OPRT": 2046.36,
        "ETC_CST_OPRT": 62183.85
      },
      {
        "PST_YYYYMM": "202412",
        "BRD_CD": "X",
        "MGMT_CHNL_NM": "(OFF)쇼핑몰",
        "SALE_AMT": 1333450.0,
        "SALE_AMT_VAT": 1180044.2477876106,
        "AD_CST_OPRT": 10.49,
        "SLRY_CSY_OPRT": 2568.68,
        "EMP_BNFT_CST_OPRT": 651.83,
        "PMT_CMS_OPRT": 5.95,
        "SHOP_RNT_OPRT": 0.0,
        "EVNT_CST_OPRT": 0.0,
        "TAX_CST_OPRT": 0.0,
        "DEPRC_CST_OPRT": 2.08,
        "ETC_CST_OPRT": 29.44
      },
      {
        "PST_YYYYMM": "202410",
        "BRD_CD": "X",
        "MGMT_CHNL_NM": "(EC)티몰",
        "SALE_AMT": 780459.28,
        "SALE_AMT_VAT": 690671.92920354,
        "AD_CST_OPRT": 10.57,
        "SLRY_CSY_OPRT": 248344.45,
        "EMP_BNFT_CST_OPRT": 72271.58,
        "PMT_CMS_OPRT": 15014.52,
        "SHOP_RNT_OPRT": 0.0,
        "EVNT_CST_OPRT": 0.0,
        "TAX_CST_OPRT": 0.0,
        "DEPRC_CST_OPRT": 2.99,
        "ETC_CST_OPRT": 55495.9
      },
      {
        "PST_YYYYMM": "202505",
        "BRD_CD": "X",
        "MGMT_CHNL_NM": null,
        "SALE_AMT": null,
        "SALE_AMT_VAT": null,
        "AD_CST_OPRT": 3452921.23,
        "SLRY_CSY_OPRT": 191730.66,
        "EMP_BNFT_CST_OPRT": 55282.5,
        "PMT_CMS_OPRT": 0.0,
        "SHOP_RNT_OPRT": 0.0,
        "EVNT_CST_OPRT": 0.0,
        "TAX_CST_OPRT": 0.0,
        "DEPRC_CST_OPRT": 0.0,
        "ETC_CST_OPRT": 128.56
      },
      {
        "PST_YYYYMM": "202504",
        "BRD_CD": "X",
        "MGMT_CHNL_NM": "(EC)티몰",
        "SALE_AMT": 434580.91,
        "SALE_AMT_VAT": 384584.8761061947,
        "AD_CST_OPRT": 0.0,
        "SLRY_CSY_OPRT": 206535.53,
        "EMP_BNFT_CST_OPRT": 45639.45,
        "PMT_CMS_OPRT": 14.99,
        "SHOP_RNT_OPRT": 0.0,
        "EVNT_CST_OPRT": 0.0,
        "TAX_CST_OPRT": 0.0,
        "DEPRC_CST_OPRT": 21.3,
        "ETC_CST_OPRT": 83.52
      },
      {
        "PST_YYYYMM": "202505",
        "BRD_CD": "X",
        "MGMT_CHNL_NM": "(OFF)쇼핑몰",
        "SALE_AMT": 538717.0,
        "SALE_AMT_VAT": 476740.7079646018,
        "AD_CST_OPRT": 0.34,
        "SLRY_CSY_OPRT": 294234.88,
        "EMP_BNFT_CST_OPRT": 70979.03,
        "PMT_CMS_OPRT": 97003.48,
        "SHOP_RNT_OPRT": 0.0,
        "EVNT_CST_OPRT": 0.0,
        "TAX_CST_OPRT": 0.0,
        "DEPRC_CST_OPRT": 504.76,
        "ETC_CST_OPRT": 7111.82
      },
      {
        "PST_YYYYMM": "202504",
        "BRD_CD": "X",
        "MGMT_CHNL_NM": "(OFF)대리상",
        "SALE_AMT": 3452974.26,
        "SALE_AMT_VAT": 950812.389380531,
        "AD_CST_OPRT": 0.0,
        "SLRY_CSY_OPRT": 377730.42,
        "EMP_BNFT_CST_OPRT": 77129.23,
        "PMT_CMS_OPRT": 19.52,
        "SHOP_RNT_OPRT": 0.0,
        "EVNT_CST_OPRT": 0.0,
        "TAX_CST_OPRT": 0.0,
        "DEPRC_CST_OPRT": 8.43,
        "ETC_CST_OPRT": 5705.64
      },
      {
        "PST_YYYYMM": "202503",
        "BRD_CD": "X",
        "MGMT_CHNL_NM": "(OFF)대리상",
        "SALE_AMT": 164555.25999999998,
        "SALE_AMT_VAT": 826616.8141592921,
        "AD_CST_OPRT": 0.0,
        "SLRY_CSY_OPRT": 549285.35,
        "EMP_BNFT_CST_OPRT": 62441.97,
        "PMT_CMS_OPRT": 0.58,
        "SHOP_RNT_OPRT": 0.0,
        "EVNT_CST_OPRT": 0.0,
        "TAX_CST_OPRT": 0.0,
        "DEPRC_CST_OPRT": 0.01,
        "ETC_CST_OPRT": 12659.31
      },
      {
        "PST_YYYYMM": "202508",
        "BRD_CD": "X",
        "MGMT_CHNL_NM": "(OFF)쇼핑몰",
        "SALE_AMT": 1080244.0,
        "SALE_AMT_VAT": 955968.1415929204,
        "AD_CST_OPRT": 0.0,
        "SLRY_CSY_OPRT": 311578.09,
        "EMP_BNFT_CST_OPRT": 110091.23,
        "PMT_CMS_OPRT": 34602.97,
        "SHOP_RNT_OPRT": 0.0,
        "EVNT_CST_OPRT": 0.0,
        "TAX_CST_OPRT": 0.0,
        "DEPRC_CST_OPRT": 2317.46,
        "ETC_CST_OPRT": 23024.59
      },
      {
        "PST_YYYYMM": "202502",
        "BRD_CD": "X",
        "MGMT_CHNL_NM": "(OFF)쇼핑몰",
        "SALE_AMT": 496994.0,
        "SALE_AMT_VAT": 439817.6991150443,
        "AD_CST_OPRT": 0.63,
        "SLRY_CSY_OPRT": 215707.34,
        "EMP_BNFT_CST_OPRT": 58532.47,
        "PMT_CMS_OPRT": 187172.23,
        "SHOP_RNT_OPRT": 0.0,
        "EVNT_CST_OPRT": 0.0,
        "TAX_CST_OPRT": 0.0,
        "DEPRC_CST_OPRT": 0.59,
        "ETC_CST_OPRT": 2787.89
      },
      {
        "PST_YYYYMM": "202508",
        "BRD_CD": "X",
        "MGMT_CHNL_NM": null,
        "SALE_AMT": null,
        "SALE_AMT_VAT": null,
        "AD_CST_OPRT": 2870925.89,
        "SLRY_CSY_OPRT": 242729.81,
        "EMP_BNFT_CST_OPRT": 76573.18,
        "PMT_CMS_OPRT": 0.0,
        "SHOP_RNT_OPRT": 0.0,
        "EVNT_CST_OPRT": 0.0,
        "TAX_CST_OPRT": 0.0,
        "DEPRC_CST_OPRT": 0.0,
        "ETC_CST_OPRT": 600.0
      },
      {
        "PST_YYYYMM": "202411",
        "BRD_CD": "X",
        "MGMT_CHNL_NM": "(OFF)쇼핑몰",
        "SALE_AMT": 193087.0,
        "SALE_AMT_VAT": 170873.45132743364,
        "AD_CST_OPRT": 0.0,
        "SLRY_CSY_OPRT": 455.18,
        "EMP_BNFT_CST_OPRT": 112.05,
        "PMT_CMS_OPRT": 1.08,
        "SHOP_RNT_OPRT": 0.0,
        "EVNT_CST_OPRT": 0.0,
        "TAX_CST_OPRT": 0.0,
        "DEPRC_CST_OPRT": 0.98,
        "ETC_CST_OPRT": 2.13
      },
      {
        "PST_YYYYMM": "202501",
        "BRD_CD": "X",
        "MGMT_CHNL_NM": "(EC)티몰",
        "SALE_AMT": 235145.63,
        "SALE_AMT_VAT": 208093.47787610622,
        "AD_CST_OPRT": 0.11,
        "SLRY_CSY_OPRT": 226515.48,
        "EMP_BNFT_CST_OPRT": 33755.14,
        "PMT_CMS_OPRT": 0.76,
        "SHOP_RNT_OPRT": 0.0,
        "EVNT_CST_OPRT": 0.0,
        "TAX_CST_OPRT": 0.0,
        "DEPRC_CST_OPRT": 0.23,
        "ETC_CST_OPRT": 23.75
      },
      {
        "PST_YYYYMM": "202501",
        "BRD_CD": "X",
        "MGMT_CHNL_NM": null,
        "SALE_AMT": null,
        "SALE_AMT_VAT": null,
        "AD_CST_OPRT": 2040382.01,
        "SLRY_CSY_OPRT": 298336.84,
        "EMP_BNFT_CST_OPRT": 47713.5,
        "PMT_CMS_OPRT": 0.0,
        "SHOP_RNT_OPRT": 0.0,
        "EVNT_CST_OPRT": 0.0,
        "TAX_CST_OPRT": 0.0,
        "DEPRC_CST_OPRT": 0.0,
        "ETC_CST_OPRT": 10524.45
      },
      {
        "PST_YYYYMM": "202411",
        "BRD_CD": "X",
        "MGMT_CHNL_NM": null,
        "SALE_AMT": null,
        "SALE_AMT_VAT": null,
        "AD_CST_OPRT": 4746520.31,
        "SLRY_CSY_OPRT": 130054.18,
        "EMP_BNFT_CST_OPRT": 39354.7,
        "PMT_CMS_OPRT": 0.0,
        "SHOP_RNT_OPRT": 0.0,
        "EVNT_CST_OPRT": 0.0,
        "TAX_CST_OPRT": 0.0,
        "DEPRC_CST_OPRT": 0.0,
        "ETC_CST_OPRT": 12438.26
      },
      {
        "PST_YYYYMM": "202503",
        "BRD_CD": "X",
        "MGMT_CHNL_NM": null,
        "SALE_AMT": null,
        "SALE_AMT_VAT": null,
        "AD_CST_OPRT": 1521502.11,
        "SLRY_CSY_OPRT": 419511.22,
        "EMP_BNFT_CST_OPRT": 69788.81,
        "PMT_CMS_OPRT": 0.0,
        "SHOP_RNT_OPRT": 0.0,
        "EVNT_CST_OPRT": 0.0,
        "TAX_CST_OPRT": 0.0,
        "DEPRC_CST_OPRT": 0.0,
        "ETC_CST_OPRT": 0.0
      },
      {
        "PST_YYYYMM": "202503",
        "BRD_CD": "X",
        "MGMT_CHNL_NM": "(EC)티몰",
        "SALE_AMT": 599680.77,
        "SALE_AMT_VAT": 530690.946902655,
        "AD_CST_OPRT": 0.0,
        "SLRY_CSY_OPRT": 196732.0,
        "EMP_BNFT_CST_OPRT": 47681.26,
        "PMT_CMS_OPRT": 2.38,
        "SHOP_RNT_OPRT": 0.0,
        "EVNT_CST_OPRT": 0.0,
        "TAX_CST_OPRT": 0.0,
        "DEPRC_CST_OPRT": 0.83,
        "ETC_CST_OPRT": 34.23
      },
      {
        "PST_YYYYMM": "202503",
        "BRD_CD": "X",
        "MGMT_CHNL_NM": "(OFF)쇼핑몰",
        "SALE_AMT": 443286.0,
        "SALE_AMT_VAT": 392288.49557522126,
        "AD_CST_OPRT": 0.0,
        "SLRY_CSY_OPRT": 572748.83,
        "EMP_BNFT_CST_OPRT": 60224.01,
        "PMT_CMS_OPRT": 502796.37,
        "SHOP_RNT_OPRT": 0.0,
        "EVNT_CST_OPRT": 0.0,
        "TAX_CST_OPRT": 0.0,
        "DEPRC_CST_OPRT": 0.36,
        "ETC_CST_OPRT": 8747.76
      },
      {
        "PST_YYYYMM": "202507",
        "BRD_CD": "X",
        "MGMT_CHNL_NM": "(OFF)쇼핑몰",
        "SALE_AMT": 469927.0,
        "SALE_AMT_VAT": 415864.6017699116,
        "AD_CST_OPRT": 0.0,
        "SLRY_CSY_OPRT": 238684.8,
        "EMP_BNFT_CST_OPRT": 70283.8,
        "PMT_CMS_OPRT": 503802.09,
        "SHOP_RNT_OPRT": 0.0,
        "EVNT_CST_OPRT": 0.0,
        "TAX_CST_OPRT": 0.0,
        "DEPRC_CST_OPRT": 503.82,
        "ETC_CST_OPRT": 48860.21
      },
      {
        "PST_YYYYMM": "202505",
        "BRD_CD": "X",
        "MGMT_CHNL_NM": "(OFF)대리상",
        "SALE_AMT": -305856.2499999999,
        "SALE_AMT_VAT": 1460719.4690265488,
        "AD_CST_OPRT": -0.86,
        "SLRY_CSY_OPRT": 157282.09,
        "EMP_BNFT_CST_OPRT": 61843.63,
        "PMT_CMS_OPRT": -2.41,
        "SHOP_RNT_OPRT": 0.0,
        "EVNT_CST_OPRT": 0.0,
        "TAX_CST_OPRT": 0.0,
        "DEPRC_CST_OPRT": -1.74,
        "ETC_CST_OPRT": 6998.52
      },
      {
        "PST_YYYYMM": "202412",
        "BRD_CD": "X",
        "MGMT_CHNL_NM": "(OFF)대리상",
        "SALE_AMT": 3074363.9699999997,
        "SALE_AMT_VAT": 871415.0442477877,
        "AD_CST_OPRT": 24.53,
        "SLRY_CSY_OPRT": 65106.72,
        "EMP_BNFT_CST_OPRT": 22860.74,
        "PMT_CMS_OPRT": 13.96,
        "SHOP_RNT_OPRT": 0.0,
        "EVNT_CST_OPRT": 0.0,
        "TAX_CST_OPRT": 0.0,
        "DEPRC_CST_OPRT": 5.25,
        "ETC_CST_OPRT": 537.68
      },
      {
        "PST_YYYYMM": "202504",
        "BRD_CD": "X",
        "MGMT_CHNL_NM": null,
        "SALE_AMT": null,
        "SALE_AMT_VAT": null,
        "AD_CST_OPRT": 1747705.28,
        "SLRY_CSY_OPRT": 223066.47,
        "EMP_BNFT_CST_OPRT": 69511.5,
        "PMT_CMS_OPRT": 0.0,
        "SHOP_RNT_OPRT": 0.0,
        "EVNT_CST_OPRT": 0.0,
        "TAX_CST_OPRT": 0.0,
        "DEPRC_CST_OPRT": 0.0,
        "ETC_CST_OPRT": 17.3
      },
      {
        "PST_YYYYMM": "202502",
        "BRD_CD": "X",
        "MGMT_CHNL_NM": null,
        "SALE_AMT": null,
        "SALE_AMT_VAT": null,
        "AD_CST_OPRT": 1483169.57,
        "SLRY_CSY_OPRT": 243905.33,
        "EMP_BNFT_CST_OPRT": 71220.8,
        "PMT_CMS_OPRT": 0.0,
        "SHOP_RNT_OPRT": 0.0,
        "EVNT_CST_OPRT": 490550.52,
        "TAX_CST_OPRT": 0.0,
        "DEPRC_CST_OPRT": 0.0,
        "ETC_CST_OPRT": 5982.49
      },
      {
        "PST_YYYYMM": "202506",
        "BRD_CD": "X",
        "MGMT_CHNL_NM": "(EC)틱톡/JD",
        "SALE_AMT": 43878.020000000004,
        "SALE_AMT_VAT": 38830.10619469027,
        "AD_CST_OPRT": 0.02,
        "SLRY_CSY_OPRT": 7601.35,
        "EMP_BNFT_CST_OPRT": 2098.17,
        "PMT_CMS_OPRT": 0.27,
        "SHOP_RNT_OPRT": 0.0,
        "EVNT_CST_OPRT": 0.0,
        "TAX_CST_OPRT": 0.0,
        "DEPRC_CST_OPRT": 0.07,
        "ETC_CST_OPRT": 0.1
      },
      {
        "PST_YYYYMM": "202410",
        "BRD_CD": "X",
        "MGMT_CHNL_NM": null,
        "SALE_AMT": null,
        "SALE_AMT_VAT": null,
        "AD_CST_OPRT": 3825278.0,
        "SLRY_CSY_OPRT": 87377.63,
        "EMP_BNFT_CST_OPRT": 31876.28,
        "PMT_CMS_OPRT": 300.0,
        "SHOP_RNT_OPRT": 0.0,
        "EVNT_CST_OPRT": 0.0,
        "TAX_CST_OPRT": 0.0,
        "DEPRC_CST_OPRT": 0.0,
        "ETC_CST_OPRT": 30477.99
      },
      {
        "PST_YYYYMM": "202506",
        "BRD_CD": "X",
        "MGMT_CHNL_NM": "(EC)티몰",
        "SALE_AMT": 667743.01,
        "SALE_AMT_VAT": 590923.0176991151,
        "AD_CST_OPRT": 0.32,
        "SLRY_CSY_OPRT": 115679.52,
        "EMP_BNFT_CST_OPRT": 31930.21,
        "PMT_CMS_OPRT": 14.57,
        "SHOP_RNT_OPRT": 0.0,
        "EVNT_CST_OPRT": 0.0,
        "TAX_CST_OPRT": 0.0,
        "DEPRC_CST_OPRT": 1.59,
        "ETC_CST_OPRT": 2.98
      },
      {
        "PST_YYYYMM": "202505",
        "BRD_CD": "X",
        "MGMT_CHNL_NM": "(EC)틱톡/JD",
        "SALE_AMT": 29864.0,
        "SALE_AMT_VAT": 26428.3185840708,
        "AD_CST_OPRT": 0.0,
        "SLRY_CSY_OPRT": 4588.88,
        "EMP_BNFT_CST_OPRT": 1282.52,
        "PMT_CMS_OPRT": 0.17,
        "SHOP_RNT_OPRT": 0.0,
        "EVNT_CST_OPRT": 0.0,
        "TAX_CST_OPRT": 0.0,
        "DEPRC_CST_OPRT": 0.02,
        "ETC_CST_OPRT": 0.97
      },
      {
        "PST_YYYYMM": "202505",
        "BRD_CD": "X",
        "MGMT_CHNL_NM": "(EC)티몰",
        "SALE_AMT": 763334.77,
        "SALE_AMT_VAT": 675517.4955752214,
        "AD_CST_OPRT": 0.69,
        "SLRY_CSY_OPRT": 117295.77,
        "EMP_BNFT_CST_OPRT": 32792.0,
        "PMT_CMS_OPRT": 15.41,
        "SHOP_RNT_OPRT": 0.0,
        "EVNT_CST_OPRT": 0.0,
        "TAX_CST_OPRT": 0.0,
        "DEPRC_CST_OPRT": 1.97,
        "ETC_CST_OPRT": 25.54
      },
      {
        "PST_YYYYMM": "202411",
        "BRD_CD": "X",
        "MGMT_CHNL_NM": "(EC)티몰",
        "SALE_AMT": 1145145.79,
        "SALE_AMT_VAT": 1013403.353982301,
        "AD_CST_OPRT": 0.0,
        "SLRY_CSY_OPRT": 383958.32,
        "EMP_BNFT_CST_OPRT": 122467.75,
        "PMT_CMS_OPRT": 129806.7,
        "SHOP_RNT_OPRT": 0.0,
        "EVNT_CST_OPRT": 0.0,
        "TAX_CST_OPRT": 0.0,
        "DEPRC_CST_OPRT": 6.63,
        "ETC_CST_OPRT": 31083.91
      },
      {
        "PST_YYYYMM": "202501",
        "BRD_CD": "X",
        "MGMT_CHNL_NM": "(OFF)대리상",
        "SALE_AMT": 2537663.64,
        "SALE_AMT_VAT": 1160023.0088495575,
        "AD_CST_OPRT": 1.69,
        "SLRY_CSY_OPRT": 371430.23,
        "EMP_BNFT_CST_OPRT": 60747.79,
        "PMT_CMS_OPRT": 8.57,
        "SHOP_RNT_OPRT": 0.0,
        "EVNT_CST_OPRT": 0.0,
        "TAX_CST_OPRT": 0.0,
        "DEPRC_CST_OPRT": 3.1,
        "ETC_CST_OPRT": 30750.87
      },
      {
        "PST_YYYYMM": "202508",
        "BRD_CD": "X",
        "MGMT_CHNL_NM": "(EC)티몰",
        "SALE_AMT": 2542372.35,
        "SALE_AMT_VAT": 2249887.0353982304,
        "AD_CST_OPRT": 0.0,
        "SLRY_CSY_OPRT": 113179.35,
        "EMP_BNFT_CST_OPRT": 31734.42,
        "PMT_CMS_OPRT": 7.67,
        "SHOP_RNT_OPRT": 0.0,
        "EVNT_CST_OPRT": 0.0,
        "TAX_CST_OPRT": 0.0,
        "DEPRC_CST_OPRT": 13.34,
        "ETC_CST_OPRT": 11.09
      },
      {
        "PST_YYYYMM": "202507",
        "BRD_CD": "X",
        "MGMT_CHNL_NM": "(OFF)대리상",
        "SALE_AMT": 2183884.5100000002,
        "SALE_AMT_VAT": 2001715.8407079647,
        "AD_CST_OPRT": 0.0,
        "SLRY_CSY_OPRT": 322651.11,
        "EMP_BNFT_CST_OPRT": 137128.53,
        "PMT_CMS_OPRT": 10.56,
        "SHOP_RNT_OPRT": 0.0,
        "EVNT_CST_OPRT": 0.0,
        "TAX_CST_OPRT": 0.0,
        "DEPRC_CST_OPRT": 0.46,
        "ETC_CST_OPRT": 57098.76
      },
      {
        "PST_YYYYMM": "202411",
        "BRD_CD": "X",
        "MGMT_CHNL_NM": "(OFF)대리상",
        "SALE_AMT": 1740984.91,
        "SALE_AMT_VAT": 184199.1150442478,
        "AD_CST_OPRT": 0.0,
        "SLRY_CSY_OPRT": 63288.37,
        "EMP_BNFT_CST_OPRT": 19034.16,
        "PMT_CMS_OPRT": 10.28,
        "SHOP_RNT_OPRT": 0.0,
        "EVNT_CST_OPRT": 0.0,
        "TAX_CST_OPRT": 0.0,
        "DEPRC_CST_OPRT": 10.31,
        "ETC_CST_OPRT": 3442.64
      },
      {
        "PST_YYYYMM": "202412",
        "BRD_CD": "X",
        "MGMT_CHNL_NM": "(EC)티몰",
        "SALE_AMT": 800597.2899999999,
        "SALE_AMT_VAT": 708493.1769911505,
        "AD_CST_OPRT": 6.36,
        "SLRY_CSY_OPRT": 404512.92,
        "EMP_BNFT_CST_OPRT": 141847.66,
        "PMT_CMS_OPRT": 11503.65,
        "SHOP_RNT_OPRT": 0.0,
        "EVNT_CST_OPRT": 0.0,
        "TAX_CST_OPRT": 0.0,
        "DEPRC_CST_OPRT": 1.37,
        "ETC_CST_OPRT": 109128.14
      },
      {
        "PST_YYYYMM": "202507",
        "BRD_CD": "X",
        "MGMT_CHNL_NM": "(EC)티몰",
        "SALE_AMT": 251707.57,
        "SALE_AMT_VAT": 222750.0619469027,
        "AD_CST_OPRT": 0.0,
        "SLRY_CSY_OPRT": 127590.78,
        "EMP_BNFT_CST_OPRT": 33634.68,
        "PMT_CMS_OPRT": 1.16,
        "SHOP_RNT_OPRT": 0.0,
        "EVNT_CST_OPRT": 0.0,
        "TAX_CST_OPRT": 0.0,
        "DEPRC_CST_OPRT": 0.04,
        "ETC_CST_OPRT": 9.22
      },
      {
        "PST_YYYYMM": "202506",
        "BRD_CD": "X",
        "MGMT_CHNL_NM": "(OFF)쇼핑몰",
        "SALE_AMT": 490948.0,
        "SALE_AMT_VAT": 434467.25663716823,
        "AD_CST_OPRT": 0.08,
        "SLRY_CSY_OPRT": 199415.97,
        "EMP_BNFT_CST_OPRT": 56895.23,
        "PMT_CMS_OPRT": 150832.97,
        "SHOP_RNT_OPRT": 0.0,
        "EVNT_CST_OPRT": 0.0,
        "TAX_CST_OPRT": 0.0,
        "DEPRC_CST_OPRT": 504.6,
        "ETC_CST_OPRT": 33724.61
      },
      {
        "PST_YYYYMM": "202504",
        "BRD_CD": "X",
        "MGMT_CHNL_NM": "(EC)틱톡/JD",
        "SALE_AMT": 19801.559999999998,
        "SALE_AMT_VAT": 17523.50442477876,
        "AD_CST_OPRT": 0.0,
        "SLRY_CSY_OPRT": 9410.77,
        "EMP_BNFT_CST_OPRT": 2078.55,
        "PMT_CMS_OPRT": 0.11,
        "SHOP_RNT_OPRT": 0.0,
        "EVNT_CST_OPRT": 0.0,
        "TAX_CST_OPRT": 0.0,
        "DEPRC_CST_OPRT": 0.01,
        "ETC_CST_OPRT": 2.11
      },
      {
        "PST_YYYYMM": "202502",
        "BRD_CD": "X",
        "MGMT_CHNL_NM": "(OFF)대리상",
        "SALE_AMT": 1250127.54,
        "SALE_AMT_VAT": 710654.8672566372,
        "AD_CST_OPRT": 2.09,
        "SLRY_CSY_OPRT": 256196.24,
        "EMP_BNFT_CST_OPRT": 60519.8,
        "PMT_CMS_OPRT": 5.87,
        "SHOP_RNT_OPRT": 0.0,
        "EVNT_CST_OPRT": 0.0,
        "TAX_CST_OPRT": 0.0,
        "DEPRC_CST_OPRT": 2.34,
        "ETC_CST_OPRT": 19033.78
      },
      {
        "PST_YYYYMM": "202508",
        "BRD_CD": "X",
        "MGMT_CHNL_NM": "(EC)틱톡/JD",
        "SALE_AMT": 218546.01,
        "SALE_AMT_VAT": 193403.5486725664,
        "AD_CST_OPRT": 0.0,
        "SLRY_CSY_OPRT": 9729.12,
        "EMP_BNFT_CST_OPRT": 2727.81,
        "PMT_CMS_OPRT": 0.61,
        "SHOP_RNT_OPRT": 0.0,
        "EVNT_CST_OPRT": 0.0,
        "TAX_CST_OPRT": 0.0,
        "DEPRC_CST_OPRT": 1.07,
        "ETC_CST_OPRT": 0.82
      },
      {
        "PST_YYYYMM": "202412",
        "BRD_CD": "X",
        "MGMT_CHNL_NM": null,
        "SALE_AMT": null,
        "SALE_AMT_VAT": null,
        "AD_CST_OPRT": 2705693.5,
        "SLRY_CSY_OPRT": 117735.7,
        "EMP_BNFT_CST_OPRT": 44221.4,
        "PMT_CMS_OPRT": 0.0,
        "SHOP_RNT_OPRT": 0.0,
        "EVNT_CST_OPRT": 0.0,
        "TAX_CST_OPRT": 0.0,
        "DEPRC_CST_OPRT": 0.0,
        "ETC_CST_OPRT": 9374.31
      },
      {
        "PST_YYYYMM": "202409",
        "BRD_CD": "X",
        "MGMT_CHNL_NM": null,
        "SALE_AMT": null,
        "SALE_AMT_VAT": null,
        "AD_CST_OPRT": 1410600.0,
        "SLRY_CSY_OPRT": 87377.63,
        "EMP_BNFT_CST_OPRT": 30316.3,
        "PMT_CMS_OPRT": 0.0,
        "SHOP_RNT_OPRT": 0.0,
        "EVNT_CST_OPRT": 979137.72,
        "TAX_CST_OPRT": 0.0,
        "DEPRC_CST_OPRT": 0.0,
        "ETC_CST_OPRT": 0.0
      },
      {
        "PST_YYYYMM": "202504",
        "BRD_CD": "X",
        "MGMT_CHNL_NM": "(OFF)쇼핑몰",
        "SALE_AMT": 605476.0,
        "SALE_AMT_VAT": 535819.4690265488,
        "AD_CST_OPRT": 0.0,
        "SLRY_CSY_OPRT": 236683.54,
        "EMP_BNFT_CST_OPRT": 71443.16,
        "PMT_CMS_OPRT": 204531.53,
        "SHOP_RNT_OPRT": 0.0,
        "EVNT_CST_OPRT": 0.0,
        "TAX_CST_OPRT": 0.0,
        "DEPRC_CST_OPRT": 504.71,
        "ETC_CST_OPRT": 25566.59
      },
      {
        "PST_YYYYMM": "202506",
        "BRD_CD": "X",
        "MGMT_CHNL_NM": "(OFF)대리상",
        "SALE_AMT": 1920195.98,
        "SALE_AMT_VAT": 1402313.2743362833,
        "AD_CST_OPRT": 1.17,
        "SLRY_CSY_OPRT": 197243.34,
        "EMP_BNFT_CST_OPRT": 58016.7,
        "PMT_CMS_OPRT": 12.42,
        "SHOP_RNT_OPRT": 0.0,
        "EVNT_CST_OPRT": 0.0,
        "TAX_CST_OPRT": 0.0,
        "DEPRC_CST_OPRT": 5.22,
        "ETC_CST_OPRT": 11039.4
      },
      {
        "PST_YYYYMM": "202506",
        "BRD_CD": "X",
        "MGMT_CHNL_NM": null,
        "SALE_AMT": null,
        "SALE_AMT_VAT": null,
        "AD_CST_OPRT": 3444342.9,
        "SLRY_CSY_OPRT": 213417.87,
        "EMP_BNFT_CST_OPRT": 61952.68,
        "PMT_CMS_OPRT": 0.0,
        "SHOP_RNT_OPRT": 0.0,
        "EVNT_CST_OPRT": 0.0,
        "TAX_CST_OPRT": 0.0,
        "DEPRC_CST_OPRT": 0.0,
        "ETC_CST_OPRT": 2027.18
      },
      {
        "PST_YYYYMM": "202507",
        "BRD_CD": "X",
        "MGMT_CHNL_NM": "(EC)틱톡/JD",
        "SALE_AMT": 138.7300000000006,
        "SALE_AMT_VAT": 122.76991150442531,
        "AD_CST_OPRT": 0.0,
        "SLRY_CSY_OPRT": 70.28,
        "EMP_BNFT_CST_OPRT": 18.59,
        "PMT_CMS_OPRT": -0.01,
        "SHOP_RNT_OPRT": 0.0,
        "EVNT_CST_OPRT": 0.0,
        "TAX_CST_OPRT": 0.0,
        "DEPRC_CST_OPRT": 0.0,
        "ETC_CST_OPRT": 0.0
      },
      {
        "PST_YYYYMM": "202501",
        "BRD_CD": "X",
        "MGMT_CHNL_NM": "(OFF)쇼핑몰",
        "SALE_AMT": 944995.0,
        "SALE_AMT_VAT": 836278.761061947,
        "AD_CST_OPRT": 0.44,
        "SLRY_CSY_OPRT": 353960.63,
        "EMP_BNFT_CST_OPRT": 60305.0,
        "PMT_CMS_OPRT": 3.08,
        "SHOP_RNT_OPRT": 0.0,
        "EVNT_CST_OPRT": 0.0,
        "TAX_CST_OPRT": 0.0,
        "DEPRC_CST_OPRT": 0.96,
        "ETC_CST_OPRT": 16658.99
      },
      {
        "PST_YYYYMM": "202502",
        "BRD_CD": "X",
        "MGMT_CHNL_NM": "(EC)티몰",
        "SALE_AMT": 876976.76,
        "SALE_AMT_VAT": 776085.6283185842,
        "AD_CST_OPRT": 19.56,
        "SLRY_CSY_OPRT": 134320.58,
        "EMP_BNFT_CST_OPRT": 34098.56,
        "PMT_CMS_OPRT": 16.36,
        "SHOP_RNT_OPRT": 0.0,
        "EVNT_CST_OPRT": 0.0,
        "TAX_CST_OPRT": 0.0,
        "DEPRC_CST_OPRT": 18.3,
        "ETC_CST_OPRT": 17.86
      },
      {
        "PST_YYYYMM": "202409",
        "BRD_CD": "X",
        "MGMT_CHNL_NM": "(EC)티몰",
        "SALE_AMT": 69073.41,
        "SALE_AMT_VAT": 61126.91150442479,
        "AD_CST_OPRT": 0.28,
        "SLRY_CSY_OPRT": 206329.06,
        "EMP_BNFT_CST_OPRT": 64155.98,
        "PMT_CMS_OPRT": 8141.84,
        "SHOP_RNT_OPRT": 0.0,
        "EVNT_CST_OPRT": 0.0,
        "TAX_CST_OPRT": 0.0,
        "DEPRC_CST_OPRT": 0.17,
        "ETC_CST_OPRT": -1848.14
      }
    ],
    "total_records_count": 49
  }
}