{
  "country": "CN",
  "brand_cd": "X",
  "brand_name": "DISCOVERY",
  "yyyymm": "202510",
  "yyyymm_py": "202410",
  "key": "영업비",
  "sub_key": "종합분석",
  "analysis_data": {
    "title": "영업비 종합분석",
    "sections": [
      {
        "div": "종합분석-1",
        "sub_title": "전년/당해 동월 비교 (202410 VS 202510)",
        "ai_text": "**전년 동월(202410) 대비 당해당월(202510) 영업비 현황**\n\n• **총 영업비**: 4,366k → 7,722k (+76.9%)\n• **광고비**: 3,825k → 5,397k (+41.1%) - 가장 큰 비중 차지\n• **인건비**: 336k → 1,101k (+227.7%) - 급격한 증가\n• **복리후생비**: 104k → 294k (+182.7%) - 인력 확충 영향\n• **지급수수료**: 15k → 46k (+206.7%) - 외부 서비스 확대\n• **수주회**: 0k → 797k (신규 발생) - 대규모 이벤트 진행\n• **감가상각비**: 0k → 6k (신규 발생) - 자산 투자 시작\n• **기타비용**: 86k → 81k (-5.8%) - 유일한 감소 항목\n\n**주요 특징**\n- 매출액(v+)이 780k → 10,792k로 1,284% 급증하며 사업 확장 가속화\n- 영업비 증가율(76.9%)이 매출 증가율 대비 상대적으로 낮아 효율성 개선\n- 인건비 급증은 조직 확대 및 성과급 지급 영향으로 분석\n- 수주회 797k는 브랜드 런칭 및 마케팅 강화 전략의 일환"
      },
      {
        "div": "종합분석-2",
        "sub_title": "누적 YTD 비교 (전년 누적 VS 당해 누적)",
        "ai_text": "**전년 누적(202401~202410) 대비 당해 누적(202501~202510) 영업비 현황**\n\n• **총 영업비**: 7,150k → 48,904k (+584.0%) - 대폭 증가\n• **광고비**: 5,236k → 32,221k (+515.4%) - 마케팅 투자 집중\n• **인건비**: 629k → 10,464k (+1,563.6%) - 조직 규모 대폭 확대\n• **복리후생비**: 199k → 2,587k (+1,200.0%) - 인력 증가에 따른 자연 증가\n• **지급수수료**: 23k → 1,727k (+7,408.7%) - 외부 파트너십 강화\n• **수주회**: 979k → 1,288k (+31.6%) - 지속적 브랜드 활동\n• **감가상각비**: 0k → 17k (신규) - 인프라 투자 본격화\n• **기타비용**: 84k → 600k (+614.3%) - 운영비 다각화\n\n**전략적 관점**\n- 매출액(v+)이 850k → 50,044k로 5,787% 급성장하며 스케일업 단계 진입\n- 영업비 증가율(584.0%)이 매출 증가율 대비 낮아 운영 효율성 확보\n- 인건비 비중이 전체 영업비의 21.4%로 조직 투자 집중\n- 광고비가 전체의 65.9%로 브랜드 인지도 제고에 전략적 집중"
      },
      {
        "div": "종합분석-3",
        "sub_title": "1년 추세 분석 (2024년 1월 ~ 2025년 10월, 202401~202510)",
        "ai_text": "**2024년 1월~2025년 10월 월별 영업비 추이 분석**\n\n**2024년 특징 (202409~202412)**\n- 2024년 9월: 총 2,784k (매출 69k, 영업비율 4,042%)\n- 2024년 10월: 총 4,366k (매출 780k, 영업비율 560%)\n- 2024년 11-12월: 안정적 증가세 (5,683k → 3,637k)\n\n**2025년 특징 (202501~202510)**\n- Q1 (1-3월): 평균 3,725k/월, 매출 대비 영업비율 150-300%\n- Q2 (4-6월): 평균 4,353k/월, 매출 증가와 함께 효율성 개선\n- Q3 (7-9월): 급격한 증가 (2,411k → 11,095k), 9월 광고비 9,699k로 최고점\n- 10월: 7,722k로 조정, 수주회 797k 재개\n\n**계절성 및 트렌드**\n- 광고비: 2025년 5-6월, 9월에 집중 투자 (3,000k 이상)\n- 인건비: 2025년 들어 월 평균 1,000k 수준으로 안정화\n- 수주회: 2024년 9월, 2025년 2월, 10월에 집중 진행\n- 매출 대비 영업비율이 2025년 하반기 들어 50-100% 수준으로 정상화"
      },
      {
        "div": "종합분석-4",
        "sub_title": "법인 전체 대비 브랜드 비중 분석 (DISCOVERY vs 법인 전체)",
        "ai_text": "**당해당월(202510) 법인 전체 대비 DISCOVERY 브랜드 영업비 비중**\n\n• **전체 영업비 비중**: 7,723k / 36,245k = 21.3%\n• **광고비**: 5,397k / 17,635k = 30.6% (법인 내 최고 비중)\n• **인건비**: 1,101k / 8,567k = 12.9%\n• **복리후생비**: 294k / 2,836k = 10.4%\n• **지급수수료**: 46k / 1,893k = 2.5% (상대적 저비중)\n• **수주회**: 797k / 797k = 100.0% (DISCOVERY 단독 진행)\n• **기타비용**: 81k / 305k = 26.6%\n• **임차료, 세금과공과**: 0% (타 브랜드에서 전담)\n\n**당해 누적(202501~202510) 법인 전체 대비 비중**\n- 전체 영업비 비중: 48,904k / 349,489k = 14.0%\n\n**브랜드 포지셔닝 분석**\n- DISCOVERY는 신규 브랜드임에도 법인 내 영업비 21.3% 차지\n- 광고비 집중도(30.6%)가 높아 브랜드 런칭 단계의 특성 반영\n- 수주회 100% 독점은 브랜드 독립성과 전략적 중요도 시사\n- 임차료 0%는 기존 인프라 활용을 통한 효율적 런칭 전략"
      },
      {
        "div": "종합분석-5",
        "sub_title": "전략적 시사점",
        "ai_text": "**단기 전략 방향 (향후 3-6개월)**\n\n• **영업비 효율성 관리**\n- 광고비 ROI 모니터링 강화: 월 5,000k 수준의 적정성 검토\n- 인건비 안정화: 월 1,100k 수준에서 생산성 극대화 방안 수립\n- 수주회 효과 측정: 797k 투자 대비 브랜드 인지도 및 매출 기여도 분석\n\n• **운영 최적화**\n- 지급수수료 2.5% 저비중 활용: 외부 파트너십 확대 여지 검토\n- 법인 공통비용 활용: 임차료, 세금과공과 절약 효과 지속 유지\n\n**중장기 전략 방향 (6개월-2년)**\n\n• **브랜드 독립성 강화**\n- 현재 법인 내 21.3% 비중을 25-30%까지 확대\n- 광고비 집중도를 점진적으로 25% 수준으로 조정하며 다른 영업비와 균형 추구\n\n• **조직 및 인프라 투자**\n- 인건비 비중 현재 12.9%에서 15% 수준까지 확대하여 전문 조직 구축\n- 감가상각비 증가 대비: 브랜드 전용 자산 투자 계획 수립\n\n• **수익성 개선 로드맵**\n- 매출 대비 영업비율을 현재 72%에서 50% 이하로 단계적 개선\n- 2026년까지 영업비 효율성을 MLB 브랜드 수준으로 벤치마킹\n\n**리스크 관리**\n- 급격한 영업비 증가(584%)에 따른 캐시플로우 모니터링 필수\n- 광고비 의존도 완화를 위한 다양한 마케팅 채널 개발 필요"
      }
    ]
  },
  "summary": {
    "current_month_expense": 7723.0,
    "previous_month_expense": 4366.0,
    "current_ytd_expense": 48904.0,
    "previous_ytd_expense": 7151.0,
    "total_records": 63,
    "analysis_period_month": "2024년 10월 VS 2025년 10월",
    "analysis_period_ytd": "2024년 1월~2024년 10월 VS 2025년 1월~2025년 10월",
    "trend_period": "2024년 1월 ~ 2025년 10월 (202401~202510)"
  },
  "month_comparison": {
    "previous_month": {
      "ad_cst_oprt": 3825.0,
      "slry_csy_oprt": 336.0,
      "emp_bnft_cst_oprt": 104.0,
      "pmt_cms_oprt": 15.0,
      "shop_rnt_oprt": 0.0,
      "evnt_cst_oprt": 0.0,
      "tax_cst_oprt": 0.0,
      "deprc_cst_oprt": 0.0,
      "etc_cst_oprt": 86.0,
      "sale_amt": 780.0,
      "sale_amt_vat": 691.0
    },
    "current_month": {
      "ad_cst_oprt": 5397.0,
      "slry_csy_oprt": 1101.0,
      "emp_bnft_cst_oprt": 294.0,
      "pmt_cms_oprt": 46.0,
      "shop_rnt_oprt": 0.0,
      "evnt_cst_oprt": 797.0,
      "tax_cst_oprt": 0.0,
      "deprc_cst_oprt": 6.0,
      "etc_cst_oprt": 81.0,
      "sale_amt": 10792.0,
      "sale_amt_vat": 8280.0
    }
  },
  "ytd_comparison": {
    "previous_ytd": {
      "ad_cst_oprt": 5236.0,
      "slry_csy_oprt": 629.0,
      "emp_bnft_cst_oprt": 199.0,
      "pmt_cms_oprt": 23.0,
      "shop_rnt_oprt": 0.0,
      "evnt_cst_oprt": 979.0,
      "tax_cst_oprt": 0.0,
      "deprc_cst_oprt": 0.0,
      "etc_cst_oprt": 84.0,
      "sale_amt": 850.0,
      "sale_amt_vat": 752.0
    },
    "current_ytd": {
      "ad_cst_oprt": 32221.0,
      "slry_csy_oprt": 10464.0,
      "emp_bnft_cst_oprt": 2587.0,
      "pmt_cms_oprt": 1727.0,
      "shop_rnt_oprt": 0.0,
      "evnt_cst_oprt": 1288.0,
      "tax_cst_oprt": 0.0,
      "deprc_cst_oprt": 17.0,
      "etc_cst_oprt": 600.0,
      "sale_amt": 50044.0,
      "sale_amt_vat": 34757.0
    }
  },
  "trend_by_month": {
    "202409": {
      "ad_cst_oprt": 1411.0,
      "slry_csy_oprt": 294.0,
      "emp_bnft_cst_oprt": 94.0,
      "pmt_cms_oprt": 8.0,
      "shop_rnt_oprt": 0.0,
      "evnt_cst_oprt": 979.0,
      "tax_cst_oprt": 0.0,
      "deprc_cst_oprt": 0.0,
      "etc_cst_oprt": -2.0,
      "sale_amt": 69.0,
      "sale_amt_vat": 61.0
    },
    "202410": {
      "ad_cst_oprt": 3825.0,
      "slry_csy_oprt": 336.0,
      "emp_bnft_cst_oprt": 104.0,
      "pmt_cms_oprt": 15.0,
      "shop_rnt_oprt": 0.0,
      "evnt_cst_oprt": 0.0,
      "tax_cst_oprt": 0.0,
      "deprc_cst_oprt": 0.0,
      "etc_cst_oprt": 86.0,
      "sale_amt": 780.0,
      "sale_amt_vat": 691.0
    },
    "202411": {
      "ad_cst_oprt": 4747.0,
      "slry_csy_oprt": 578.0,
      "emp_bnft_cst_oprt": 181.0,
      "pmt_cms_oprt": 130.0,
      "shop_rnt_oprt": 0.0,
      "evnt_cst_oprt": 0.0,
      "tax_cst_oprt": 0.0,
      "deprc_cst_oprt": 0.0,
      "etc_cst_oprt": 47.0,
      "sale_amt": 3079.0,
      "sale_amt_vat": 1368.0
    },
    "202412": {
      "ad_cst_oprt": 2706.0,
      "slry_csy_oprt": 590.0,
      "emp_bnft_cst_oprt": 210.0,
      "pmt_cms_oprt": 12.0,
      "shop_rnt_oprt": 0.0,
      "evnt_cst_oprt": 0.0,
      "tax_cst_oprt": 0.0,
      "deprc_cst_oprt": 0.0,
      "etc_cst_oprt": 119.0,
      "sale_amt": 5208.0,
      "sale_amt_vat": 2760.0
    },
    "202501": {
      "ad_cst_oprt": 2040.0,
      "slry_csy_oprt": 1250.0,
      "emp_bnft_cst_oprt": 203.0,
      "pmt_cms_oprt": 0.0,
      "shop_rnt_oprt": 0.0,
      "evnt_cst_oprt": 0.0,
      "tax_cst_oprt": 0.0,
      "deprc_cst_oprt": 0.0,
      "etc_cst_oprt": 58.0,
      "sale_amt": 3718.0,
      "sale_amt_vat": 2204.0
    },
    "202502": {
      "ad_cst_oprt": 1483.0,
      "slry_csy_oprt": 850.0,
      "emp_bnft_cst_oprt": 224.0,
      "pmt_cms_oprt": 187.0,
      "shop_rnt_oprt": 0.0,
      "evnt_cst_oprt": 491.0,
      "tax_cst_oprt": 0.0,
      "deprc_cst_oprt": 0.0,
      "etc_cst_oprt": 28.0,
      "sale_amt": 2624.0,
      "sale_amt_vat": 1927.0
    },
    "202503": {
      "ad_cst_oprt": 1522.0,
      "slry_csy_oprt": 1738.0,
      "emp_bnft_cst_oprt": 240.0,
      "pmt_cms_oprt": 503.0,
      "shop_rnt_oprt": 0.0,
      "evnt_cst_oprt": 0.0,
      "tax_cst_oprt": 0.0,
      "deprc_cst_oprt": 0.0,
      "etc_cst_oprt": 21.0,
      "sale_amt": 1208.0,
      "sale_amt_vat": 1750.0
    },
    "202504": {
      "ad_cst_oprt": 1748.0,
      "slry_csy_oprt": 1053.0,
      "emp_bnft_cst_oprt": 266.0,
      "pmt_cms_oprt": 205.0,
      "shop_rnt_oprt": 0.0,
      "evnt_cst_oprt": 0.0,
      "tax_cst_oprt": 0.0,
      "deprc_cst_oprt": 1.0,
      "etc_cst_oprt": 31.0,
      "sale_amt": 4513.0,
      "sale_amt_vat": 1889.0
    },
    "202505": {
      "ad_cst_oprt": 3453.0,
      "slry_csy_oprt": 765.0,
      "emp_bnft_cst_oprt": 222.0,
      "pmt_cms_oprt": 97.0,
      "shop_rnt_oprt": 0.0,
      "evnt_cst_oprt": 0.0,
      "tax_cst_oprt": 0.0,
      "deprc_cst_oprt": 1.0,
      "etc_cst_oprt": 14.0,
      "sale_amt": 1026.0,
      "sale_amt_vat": 2639.0
    },
    "202506": {
      "ad_cst_oprt": 3444.0,
      "slry_csy_oprt": 733.0,
      "emp_bnft_cst_oprt": 211.0,
      "pmt_cms_oprt": 151.0,
      "shop_rnt_oprt": 0.0,
      "evnt_cst_oprt": 0.0,
      "tax_cst_oprt": 0.0,
      "deprc_cst_oprt": 1.0,
      "etc_cst_oprt": 47.0,
      "sale_amt": 3123.0,
      "sale_amt_vat": 2467.0
    },
    "202507": {
      "ad_cst_oprt": 564.0,
      "slry_csy_oprt": 920.0,
      "emp_bnft_cst_oprt": 303.0,
      "pmt_cms_oprt": 504.0,
      "shop_rnt_oprt": 0.0,
      "evnt_cst_oprt": 0.0,
      "tax_cst_oprt": 0.0,
      "deprc_cst_oprt": 1.0,
      "etc_cst_oprt": 119.0,
      "sale_amt": 2906.0,
      "sale_amt_vat": 2640.0
    },
    "202508": {
      "ad_cst_oprt": 2871.0,
      "slry_csy_oprt": 1077.0,
      "emp_bnft_cst_oprt": 321.0,
      "pmt_cms_oprt": 35.0,
      "shop_rnt_oprt": 0.0,
      "evnt_cst_oprt": 0.0,
      "tax_cst_oprt": 0.0,
      "deprc_cst_oprt": 4.0,
      "etc_cst_oprt": 86.0,
      "sale_amt": 9578.0,
      "sale_amt_vat": 6213.0
    },
    "202509": {
      "ad_cst_oprt": 9699.0,
      "slry_csy_oprt": 975.0,
      "emp_bnft_cst_oprt": 303.0,
      "pmt_cms_oprt": 0.0,
      "shop_rnt_oprt": 0.0,
      "evnt_cst_oprt": 0.0,
      "tax_cst_oprt": 0.0,
      "deprc_cst_oprt": 4.0,
      "etc_cst_oprt": 114.0,
      "sale_amt": 10558.0,
      "sale_amt_vat": 4749.0
    },
    "202510": {
      "ad_cst_oprt": 5397.0,
      "slry_csy_oprt": 1101.0,
      "emp_bnft_cst_oprt": 294.0,
      "pmt_cms_oprt": 46.0,
      "shop_rnt_oprt": 0.0,
      "evnt_cst_oprt": 797.0,
      "tax_cst_oprt": 0.0,
      "deprc_cst_oprt": 6.0,
      "etc_cst_oprt": 81.0,
      "sale_amt": 10792.0,
      "sale_amt_vat": 8280.0
    }
  },
  "brand_vs_all_brands": {
    "current_month": {
      "brand_total": 7723.0,
      "all_brands_total": 36245.0,
      "ratio": 21.3,
      "by_account": {
        "ad_cst_oprt": {
          "brand": 5397.0,
          "all_brands": 17635.0,
          "ratio": 30.6
        },
        "slry_csy_oprt": {
          "brand": 1101.0,
          "all_brands": 8567.0,
          "ratio": 12.9
        },
        "emp_bnft_cst_oprt": {
          "brand": 294.0,
          "all_brands": 2836.0,
          "ratio": 10.4
        },
        "pmt_cms_oprt": {
          "brand": 46.0,
          "all_brands": 1893.0,
          "ratio": 2.5
        },
        "shop_rnt_oprt": {
          "brand": 0.0,
          "all_brands": 1915.0,
          "ratio": 0.0
        },
        "evnt_cst_oprt": {
          "brand": 797.0,
          "all_brands": 797.0,
          "ratio": 100.0
        },
        "tax_cst_oprt": {
          "brand": 0.0,
          "all_brands": 1831.0,
          "ratio": 0.0
        },
        "deprc_cst_oprt": {
          "brand": 6.0,
          "all_brands": 465.0,
          "ratio": 1.2
        },
        "etc_cst_oprt": {
          "brand": 81.0,
          "all_brands": 305.0,
          "ratio": 26.6
        }
      }
    },
    "current_ytd": {
      "brand_total": 48904.0,
      "all_brands_total": 349489.0,
      "ratio": 14.0
    }
  },
  "all_brands_summary": {
    "current_month": {
      "ad_cst_oprt": 17635.0,
      "slry_csy_oprt": 8567.0,
      "emp_bnft_cst_oprt": 2836.0,
      "pmt_cms_oprt": 1893.0,
      "shop_rnt_oprt": 1915.0,
      "evnt_cst_oprt": 797.0,
      "tax_cst_oprt": 1831.0,
      "deprc_cst_oprt": 465.0,
      "etc_cst_oprt": 305.0,
      "sale_amt": 574972.0,
      "sale_amt_vat": 840345.0
    },
    "previous_month": {
      "ad_cst_oprt": 18067.0,
      "slry_csy_oprt": 8090.0,
      "emp_bnft_cst_oprt": 2567.0,
      "pmt_cms_oprt": 1562.0,
      "shop_rnt_oprt": 1656.0,
      "evnt_cst_oprt": 0.0,
      "tax_cst_oprt": 299.0,
      "deprc_cst_oprt": 517.0,
      "etc_cst_oprt": 473.0,
      "sale_amt": 495769.0,
      "sale_amt_vat": 758205.0
    },
    "current_ytd": {
      "ad_cst_oprt": 169182.0,
      "slry_csy_oprt": 85980.0,
      "emp_bnft_cst_oprt": 28637.0,
      "pmt_cms_oprt": 19194.0,
      "shop_rnt_oprt": 17053.0,
      "evnt_cst_oprt": 13964.0,
      "tax_cst_oprt": 7892.0,
      "deprc_cst_oprt": 3935.0,
      "etc_cst_oprt": 3651.0,
      "sale_amt": 4654872.0,
      "sale_amt_vat": 6191345.0
    },
    "previous_ytd": {
      "ad_cst_oprt": 130637.0,
      "slry_csy_oprt": 80856.0,
      "emp_bnft_cst_oprt": 25431.0,
      "pmt_cms_oprt": 12907.0,
      "shop_rnt_oprt": 15153.0,
      "evnt_cst_oprt": 10536.0,
      "tax_cst_oprt": 10158.0,
      "deprc_cst_oprt": 4975.0,
      "etc_cst_oprt": 5172.0,
      "sale_amt": 4374025.0,
      "sale_amt_vat": 5904658.0
    }
  },
  "raw_data": {
    "sample_records": [
      {
        "PST_YYYYMM": "202508",
        "BRD_CD": "X",
        "MGMT_CHNL_NM": "(OFF)대리상",
        "SALE_AMT": 5736396.380000001,
        "SALE_AMT_VAT": 2813702.654867257,
        "AD_CST_OPRT": 0.0,
        "SLRY_CSY_OPRT": 399290.11,
        "EMP_BNFT_CST_OPRT": 99692.08,
        "PMT_CMS_OPRT": 18.05,
        "SHOP_RNT_OPRT": 0.0,
        "EVNT_CST_OPRT": 0.0,
        "TAX_CST_OPRT": 0.0,
        "DEPRC_CST_OPRT": 2046.36,
        "ETC_CST_OPRT": 62183.85
      },
      {
        "PST_YYYYMM": "202505",
        "BRD_CD": "X",
        "MGMT_CHNL_NM": null,
        "SALE_AMT": null,
        "SALE_AMT_VAT": null,
        "AD_CST_OPRT": 3452921.23,
        "SLRY_CSY_OPRT": 191730.66,
        "EMP_BNFT_CST_OPRT": 55282.5,
        "PMT_CMS_OPRT": 0.0,
        "SHOP_RNT_OPRT": 0.0,
        "EVNT_CST_OPRT": 0.0,
        "TAX_CST_OPRT": 0.0,
        "DEPRC_CST_OPRT": 0.0,
        "ETC_CST_OPRT": 128.56
      },
      {
        "PST_YYYYMM": "202507",
        "BRD_CD": "X",
        "MGMT_CHNL_NM": null,
        "SALE_AMT": null,
        "SALE_AMT_VAT": null,
        "AD_CST_OPRT": 564071.23,
        "SLRY_CSY_OPRT": 231334.53,
        "EMP_BNFT_CST_OPRT": 61959.5,
        "PMT_CMS_OPRT": 0.0,
        "SHOP_RNT_OPRT": 0.0,
        "EVNT_CST_OPRT": 0.0,
        "TAX_CST_OPRT": 0.0,
        "DEPRC_CST_OPRT": 0.0,
        "ETC_CST_OPRT": 13255.81
      },
      {
        "PST_YYYYMM": "202504",
        "BRD_CD": "X",
        "MGMT_CHNL_NM": "(EC)티몰",
        "SALE_AMT": 434580.91,
        "SALE_AMT_VAT": 384584.8761061947,
        "AD_CST_OPRT": 0.0,
        "SLRY_CSY_OPRT": 206535.53,
        "EMP_BNFT_CST_OPRT": 45639.45,
        "PMT_CMS_OPRT": 14.99,
        "SHOP_RNT_OPRT": 0.0,
        "EVNT_CST_OPRT": 0.0,
        "TAX_CST_OPRT": 0.0,
        "DEPRC_CST_OPRT": 21.3,
        "ETC_CST_OPRT": 83.52
      },
      {
        "PST_YYYYMM": "202510",
        "BRD_CD": "X",
        "MGMT_CHNL_NM": null,
        "SALE_AMT": null,
        "SALE_AMT_VAT": null,
        "AD_CST_OPRT": 5396085.99,
        "SLRY_CSY_OPRT": 194632.2,
        "EMP_BNFT_CST_OPRT": 66565.25,
        "PMT_CMS_OPRT": 0.0,
        "SHOP_RNT_OPRT": 0.0,
        "EVNT_CST_OPRT": 797025.5,
        "TAX_CST_OPRT": 0.0,
        "DEPRC_CST_OPRT": 0.0,
        "ETC_CST_OPRT": 25158.8
      },
      {
        "PST_YYYYMM": "202412",
        "BRD_CD": "X",
        "MGMT_CHNL_NM": "(OFF)쇼핑몰",
        "SALE_AMT": 1333450.0,
        "SALE_AMT_VAT": 1180044.2477876106,
        "AD_CST_OPRT": 10.49,
        "SLRY_CSY_OPRT": 2568.68,
        "EMP_BNFT_CST_OPRT": 651.83,
        "PMT_CMS_OPRT": 5.95,
        "SHOP_RNT_OPRT": 0.0,
        "EVNT_CST_OPRT": 0.0,
        "TAX_CST_OPRT": 0.0,
        "DEPRC_CST_OPRT": 2.08,
        "ETC_CST_OPRT": 29.44
      },
      {
        "PST_YYYYMM": "202410",
        "BRD_CD": "X",
        "MGMT_CHNL_NM": "(EC)티몰",
        "SALE_AMT": 780459.28,
        "SALE_AMT_VAT": 690671.92920354,
        "AD_CST_OPRT": 10.57,
        "SLRY_CSY_OPRT": 248344.45,
        "EMP_BNFT_CST_OPRT": 72271.58,
        "PMT_CMS_OPRT": 15014.52,
        "SHOP_RNT_OPRT": 0.0,
        "EVNT_CST_OPRT": 0.0,
        "TAX_CST_OPRT": 0.0,
        "DEPRC_CST_OPRT": 2.99,
        "ETC_CST_OPRT": 55495.9
      },
      {
        "PST_YYYYMM": "202510",
        "BRD_CD": "X",
        "MGMT_CHNL_NM": "(EC)할인몰",
        "SALE_AMT": 1188.0,
        "SALE_AMT_VAT": 1051.3274336283187,
        "AD_CST_OPRT": 0.0,
        "SLRY_CSY_OPRT": 50.62,
        "EMP_BNFT_CST_OPRT": 10.67,
        "PMT_CMS_OPRT": 0.0,
        "SHOP_RNT_OPRT": 0.0,
        "EVNT_CST_OPRT": 0.0,
        "TAX_CST_OPRT": 0.0,
        "DEPRC_CST_OPRT": 0.0,
        "ETC_CST_OPRT": 0.0
      },
      {
        "PST_YYYYMM": "202505",
        "BRD_CD": "X",
        "MGMT_CHNL_NM": "(OFF)쇼핑몰",
        "SALE_AMT": 538717.0,
        "SALE_AMT_VAT": 476740.7079646018,
        "AD_CST_OPRT": 0.34,
        "SLRY_CSY_OPRT": 294234.88,
        "EMP_BNFT_CST_OPRT": 70979.03,
        "PMT_CMS_OPRT": 97003.48,
        "SHOP_RNT_OPRT": 0.0,
        "EVNT_CST_OPRT": 0.0,
        "TAX_CST_OPRT": 0.0,
        "DEPRC_CST_OPRT": 504.76,
        "ETC_CST_OPRT": 7111.82
      },
      {
        "PST_YYYYMM": "202502",
        "BRD_CD": "X",
        "MGMT_CHNL_NM": "(OFF)쇼핑몰",
        "SALE_AMT": 496994.0,
        "SALE_AMT_VAT": 439817.6991150443,
        "AD_CST_OPRT": 0.63,
        "SLRY_CSY_OPRT": 215707.34,
        "EMP_BNFT_CST_OPRT": 58532.47,
        "PMT_CMS_OPRT": 187172.23,
        "SHOP_RNT_OPRT": 0.0,
        "EVNT_CST_OPRT": 0.0,
        "TAX_CST_OPRT": 0.0,
        "DEPRC_CST_OPRT": 0.59,
        "ETC_CST_OPRT": 2787.89
      },
      {
        "PST_YYYYMM": "202504",
        "BRD_CD": "X",
        "MGMT_CHNL_NM": "(OFF)대리상",
        "SALE_AMT": 3452974.2600000002,
        "SALE_AMT_VAT": 950812.3893805312,
        "AD_CST_OPRT": 0.0,
        "SLRY_CSY_OPRT": 377730.42,
        "EMP_BNFT_CST_OPRT": 77129.23,
        "PMT_CMS_OPRT": 19.52,
        "SHOP_RNT_OPRT": 0.0,
        "EVNT_CST_OPRT": 0.0,
        "TAX_CST_OPRT": 0.0,
        "DEPRC_CST_OPRT": 8.43,
        "ETC_CST_OPRT": 5705.64
      },
      {
        "PST_YYYYMM": "202510",
        "BRD_CD": "X",
        "MGMT_CHNL_NM": "(OFF)대리상",
        "SALE_AMT": 5958619.500000001,
        "SALE_AMT_VAT": 4180639.8230088498,
        "AD_CST_OPRT": 1389.2,
        "SLRY_CSY_OPRT": 404373.26,
        "EMP_BNFT_CST_OPRT": 93295.8,
        "PMT_CMS_OPRT": 20.38,
        "SHOP_RNT_OPRT": 0.0,
        "EVNT_CST_OPRT": 0.0,
        "TAX_CST_OPRT": 0.0,
        "DEPRC_CST_OPRT": 3427.64,
        "ETC_CST_OPRT": 36768.85
      },
      {
        "PST_YYYYMM": "202510",
        "BRD_CD": "X",
        "MGMT_CHNL_NM": "(EC)틱톡/JD",
        "SALE_AMT": 629279.05,
        "SALE_AMT_VAT": 556884.1150442478,
        "AD_CST_OPRT": 0.0,
        "SLRY_CSY_OPRT": 26813.07,
        "EMP_BNFT_CST_OPRT": 5653.62,
        "PMT_CMS_OPRT": 2.15,
        "SHOP_RNT_OPRT": 0.0,
        "EVNT_CST_OPRT": 0.0,
        "TAX_CST_OPRT": 0.0,
        "DEPRC_CST_OPRT": 3.61,
        "ETC_CST_OPRT": 1.12
      },
      {
        "PST_YYYYMM": "202503",
        "BRD_CD": "X",
        "MGMT_CHNL_NM": "(OFF)대리상",
        "SALE_AMT": 164555.25999999995,
        "SALE_AMT_VAT": 826616.8141592921,
        "AD_CST_OPRT": 0.0,
        "SLRY_CSY_OPRT": 549285.35,
        "EMP_BNFT_CST_OPRT": 62441.97,
        "PMT_CMS_OPRT": 0.58,
        "SHOP_RNT_OPRT": 0.0,
        "EVNT_CST_OPRT": 0.0,
        "TAX_CST_OPRT": 0.0,
        "DEPRC_CST_OPRT": 0.01,
        "ETC_CST_OPRT": 12659.31
      },
      {
        "PST_YYYYMM": "202508",
        "BRD_CD": "X",
        "MGMT_CHNL_NM": null,
        "SALE_AMT": null,
        "SALE_AMT_VAT": null,
        "AD_CST_OPRT": 2870925.89,
        "SLRY_CSY_OPRT": 242729.81,
        "EMP_BNFT_CST_OPRT": 76573.18,
        "PMT_CMS_OPRT": 0.0,
        "SHOP_RNT_OPRT": 0.0,
        "EVNT_CST_OPRT": 0.0,
        "TAX_CST_OPRT": 0.0,
        "DEPRC_CST_OPRT": 0.0,
        "ETC_CST_OPRT": 600.0
      },
      {
        "PST_YYYYMM": "202508",
        "BRD_CD": "X",
        "MGMT_CHNL_NM": "(OFF)쇼핑몰",
        "SALE_AMT": 1080244.0,
        "SALE_AMT_VAT": 955968.1415929204,
        "AD_CST_OPRT": 0.0,
        "SLRY_CSY_OPRT": 311578.09,
        "EMP_BNFT_CST_OPRT": 110091.23,
        "PMT_CMS_OPRT": 34602.97,
        "SHOP_RNT_OPRT": 0.0,
        "EVNT_CST_OPRT": 0.0,
        "TAX_CST_OPRT": 0.0,
        "DEPRC_CST_OPRT": 2317.46,
        "ETC_CST_OPRT": 23024.59
      },
      {
        "PST_YYYYMM": "202510",
        "BRD_CD": "X",
        "MGMT_CHNL_NM": "(EC)티몰",
        "SALE_AMT": 3246594.26,
        "SALE_AMT_VAT": 2873092.2654867256,
        "AD_CST_OPRT": 0.0,
        "SLRY_CSY_OPRT": 138333.0,
        "EMP_BNFT_CST_OPRT": 29169.12,
        "PMT_CMS_OPRT": 11.09,
        "SHOP_RNT_OPRT": 0.0,
        "EVNT_CST_OPRT": 0.0,
        "TAX_CST_OPRT": 0.0,
        "DEPRC_CST_OPRT": 19.1,
        "ETC_CST_OPRT": 6.43
      },
      {
        "PST_YYYYMM": "202510",
        "BRD_CD": "X",
        "MGMT_CHNL_NM": "(EC)대리상",
        "SALE_AMT": 217124.99,
        "SALE_AMT_VAT": 14415.840707964602,
        "AD_CST_OPRT": 0.0,
        "SLRY_CSY_OPRT": 234.01,
        "EMP_BNFT_CST_OPRT": 65.34,
        "PMT_CMS_OPRT": 0.75,
        "SHOP_RNT_OPRT": 0.0,
        "EVNT_CST_OPRT": 0.0,
        "TAX_CST_OPRT": 0.0,
        "DEPRC_CST_OPRT": 1.31,
        "ETC_CST_OPRT": 0.47
      },
      {
        "PST_YYYYMM": "202509",
        "BRD_CD": "X",
        "MGMT_CHNL_NM": "(OFF)쇼핑몰",
        "SALE_AMT": 778571.0,
        "SALE_AMT_VAT": 689000.8849557523,
        "AD_CST_OPRT": 0.52,
        "SLRY_CSY_OPRT": 307751.54,
        "EMP_BNFT_CST_OPRT": 94696.4,
        "PMT_CMS_OPRT": 2.18,
        "SHOP_RNT_OPRT": 0.0,
        "EVNT_CST_OPRT": 0.0,
        "TAX_CST_OPRT": 0.0,
        "DEPRC_CST_OPRT": 2315.96,
        "ETC_CST_OPRT": 17351.9
      },
      {
        "PST_YYYYMM": "202509",
        "BRD_CD": "X",
        "MGMT_CHNL_NM": "(EC)틱톡/JD",
        "SALE_AMT": 780839.5499999999,
        "SALE_AMT_VAT": 691008.4513274337,
        "AD_CST_OPRT": 0.93,
        "SLRY_CSY_OPRT": 73134.51,
        "EMP_BNFT_CST_OPRT": 23906.99,
        "PMT_CMS_OPRT": 2.51,
        "SHOP_RNT_OPRT": 0.0,
        "EVNT_CST_OPRT": 0.0,
        "TAX_CST_OPRT": 0.0,
        "DEPRC_CST_OPRT": 4.25,
        "ETC_CST_OPRT": 2.18
      },
      {
        "PST_YYYYMM": "202503",
        "BRD_CD": "X",
        "MGMT_CHNL_NM": "(EC)티몰",
        "SALE_AMT": 599680.77,
        "SALE_AMT_VAT": 530690.946902655,
        "AD_CST_OPRT": 0.0,
        "SLRY_CSY_OPRT": 196732.0,
        "EMP_BNFT_CST_OPRT": 47681.26,
        "PMT_CMS_OPRT": 2.38,
        "SHOP_RNT_OPRT": 0.0,
        "EVNT_CST_OPRT": 0.0,
        "TAX_CST_OPRT": 0.0,
        "DEPRC_CST_OPRT": 0.83,
        "ETC_CST_OPRT": 34.23
      },
      {
        "PST_YYYYMM": "202411",
        "BRD_CD": "X",
        "MGMT_CHNL_NM": "(OFF)쇼핑몰",
        "SALE_AMT": 193087.0,
        "SALE_AMT_VAT": 170873.45132743364,
        "AD_CST_OPRT": 0.0,
        "SLRY_CSY_OPRT": 455.18,
        "EMP_BNFT_CST_OPRT": 112.05,
        "PMT_CMS_OPRT": 1.08,
        "SHOP_RNT_OPRT": 0.0,
        "EVNT_CST_OPRT": 0.0,
        "TAX_CST_OPRT": 0.0,
        "DEPRC_CST_OPRT": 0.98,
        "ETC_CST_OPRT": 2.13
      },
      {
        "PST_YYYYMM": "202411",
        "BRD_CD": "X",
        "MGMT_CHNL_NM": null,
        "SALE_AMT": null,
        "SALE_AMT_VAT": null,
        "AD_CST_OPRT": 4746520.31,
        "SLRY_CSY_OPRT": 130054.18,
        "EMP_BNFT_CST_OPRT": 39354.7,
        "PMT_CMS_OPRT": 0.0,
        "SHOP_RNT_OPRT": 0.0,
        "EVNT_CST_OPRT": 0.0,
        "TAX_CST_OPRT": 0.0,
        "DEPRC_CST_OPRT": 0.0,
        "ETC_CST_OPRT": 12438.26
      },
      {
        "PST_YYYYMM": "202503",
        "BRD_CD": "X",
        "MGMT_CHNL_NM": null,
        "SALE_AMT": null,
        "SALE_AMT_VAT": null,
        "AD_CST_OPRT": 1521502.11,
        "SLRY_CSY_OPRT": 419511.22,
        "EMP_BNFT_CST_OPRT": 69788.81,
        "PMT_CMS_OPRT": 0.0,
        "SHOP_RNT_OPRT": 0.0,
        "EVNT_CST_OPRT": 0.0,
        "TAX_CST_OPRT": 0.0,
        "DEPRC_CST_OPRT": 0.0,
        "ETC_CST_OPRT": 0.0
      },
      {
        "PST_YYYYMM": "202501",
        "BRD_CD": "X",
        "MGMT_CHNL_NM": "(EC)티몰",
        "SALE_AMT": 235145.63,
        "SALE_AMT_VAT": 208093.47787610622,
        "AD_CST_OPRT": 0.11,
        "SLRY_CSY_OPRT": 226515.48,
        "EMP_BNFT_CST_OPRT": 33755.14,
        "PMT_CMS_OPRT": 0.76,
        "SHOP_RNT_OPRT": 0.0,
        "EVNT_CST_OPRT": 0.0,
        "TAX_CST_OPRT": 0.0,
        "DEPRC_CST_OPRT": 0.23,
        "ETC_CST_OPRT": 23.75
      },
      {
        "PST_YYYYMM": "202501",
        "BRD_CD": "X",
        "MGMT_CHNL_NM": null,
        "SALE_AMT": null,
        "SALE_AMT_VAT": null,
        "AD_CST_OPRT": 2040382.01,
        "SLRY_CSY_OPRT": 298336.84,
        "EMP_BNFT_CST_OPRT": 47713.5,
        "PMT_CMS_OPRT": 0.0,
        "SHOP_RNT_OPRT": 0.0,
        "EVNT_CST_OPRT": 0.0,
        "TAX_CST_OPRT": 0.0,
        "DEPRC_CST_OPRT": 0.0,
        "ETC_CST_OPRT": 10524.45
      },
      {
        "PST_YYYYMM": "202505",
        "BRD_CD": "X",
        "MGMT_CHNL_NM": "(OFF)대리상",
        "SALE_AMT": -305856.2499999999,
        "SALE_AMT_VAT": 1460719.4690265488,
        "AD_CST_OPRT": -0.86,
        "SLRY_CSY_OPRT": 157282.09,
        "EMP_BNFT_CST_OPRT": 61843.63,
        "PMT_CMS_OPRT": -2.41,
        "SHOP_RNT_OPRT": 0.0,
        "EVNT_CST_OPRT": 0.0,
        "TAX_CST_OPRT": 0.0,
        "DEPRC_CST_OPRT": -1.74,
        "ETC_CST_OPRT": 6998.52
      },
      {
        "PST_YYYYMM": "202502",
        "BRD_CD": "X",
        "MGMT_CHNL_NM": null,
        "SALE_AMT": null,
        "SALE_AMT_VAT": null,
        "AD_CST_OPRT": 1483169.57,
        "SLRY_CSY_OPRT": 243905.33,
        "EMP_BNFT_CST_OPRT": 71220.8,
        "PMT_CMS_OPRT": 0.0,
        "SHOP_RNT_OPRT": 0.0,
        "EVNT_CST_OPRT": 490550.52,
        "TAX_CST_OPRT": 0.0,
        "DEPRC_CST_OPRT": 0.0,
        "ETC_CST_OPRT": 5982.49
      },
      {
        "PST_YYYYMM": "202507",
        "BRD_CD": "X",
        "MGMT_CHNL_NM": "(OFF)쇼핑몰",
        "SALE_AMT": 469927.0,
        "SALE_AMT_VAT": 415864.6017699116,
        "AD_CST_OPRT": 0.0,
        "SLRY_CSY_OPRT": 238684.8,
        "EMP_BNFT_CST_OPRT": 70283.8,
        "PMT_CMS_OPRT": 503802.09,
        "SHOP_RNT_OPRT": 0.0,
        "EVNT_CST_OPRT": 0.0,
        "TAX_CST_OPRT": 0.0,
        "DEPRC_CST_OPRT": 503.82,
        "ETC_CST_OPRT": 48860.21
      },
      {
        "PST_YYYYMM": "202506",
        "BRD_CD": "X",
        "MGMT_CHNL_NM": "(EC)틱톡/JD",
        "SALE_AMT": 43878.020000000004,
        "SALE_AMT_VAT": 38830.10619469027,
        "AD_CST_OPRT": 0.02,
        "SLRY_CSY_OPRT": 7601.35,
        "EMP_BNFT_CST_OPRT": 2098.17,
        "PMT_CMS_OPRT": 0.27,
        "SHOP_RNT_OPRT": 0.0,
        "EVNT_CST_OPRT": 0.0,
        "TAX_CST_OPRT": 0.0,
        "DEPRC_CST_OPRT": 0.07,
        "ETC_CST_OPRT": 0.1
      },
      {
        "PST_YYYYMM": "202503",
        "BRD_CD": "X",
        "MGMT_CHNL_NM": "(OFF)쇼핑몰",
        "SALE_AMT": 443286.0,
        "SALE_AMT_VAT": 392288.49557522126,
        "AD_CST_OPRT": 0.0,
        "SLRY_CSY_OPRT": 572748.83,
        "EMP_BNFT_CST_OPRT": 60224.01,
        "PMT_CMS_OPRT": 502796.37,
        "SHOP_RNT_OPRT": 0.0,
        "EVNT_CST_OPRT": 0.0,
        "TAX_CST_OPRT": 0.0,
        "DEPRC_CST_OPRT": 0.36,
        "ETC_CST_OPRT": 8747.76
      },
      {
        "PST_YYYYMM": "202509",
        "BRD_CD": "X",
        "MGMT_CHNL_NM": "(EC)티몰",
        "SALE_AMT": 749592.59,
        "SALE_AMT_VAT": 663356.2743362832,
        "AD_CST_OPRT": 0.63,
        "SLRY_CSY_OPRT": 70207.59,
        "EMP_BNFT_CST_OPRT": 22955.24,
        "PMT_CMS_OPRT": 2.36,
        "SHOP_RNT_OPRT": 0.0,
        "EVNT_CST_OPRT": 0.0,
        "TAX_CST_OPRT": 0.0,
        "DEPRC_CST_OPRT": 3.95,
        "ETC_CST_OPRT": 1.77
      },
      {
        "PST_YYYYMM": "202412",
        "BRD_CD": "X",
        "MGMT_CHNL_NM": "(OFF)대리상",
        "SALE_AMT": 3074363.9699999997,
        "SALE_AMT_VAT": 871415.0442477877,
        "AD_CST_OPRT": 24.53,
        "SLRY_CSY_OPRT": 65106.72,
        "EMP_BNFT_CST_OPRT": 22860.74,
        "PMT_CMS_OPRT": 13.96,
        "SHOP_RNT_OPRT": 0.0,
        "EVNT_CST_OPRT": 0.0,
        "TAX_CST_OPRT": 0.0,
        "DEPRC_CST_OPRT": 5.25,
        "ETC_CST_OPRT": 537.68
      },
      {
        "PST_YYYYMM": "202504",
        "BRD_CD": "X",
        "MGMT_CHNL_NM": null,
        "SALE_AMT": null,
        "SALE_AMT_VAT": null,
        "AD_CST_OPRT": 1747705.28,
        "SLRY_CSY_OPRT": 223066.47,
        "EMP_BNFT_CST_OPRT": 69511.5,
        "PMT_CMS_OPRT": 0.0,
        "SHOP_RNT_OPRT": 0.0,
        "EVNT_CST_OPRT": 0.0,
        "TAX_CST_OPRT": 0.0,
        "DEPRC_CST_OPRT": 0.0,
        "ETC_CST_OPRT": 17.3
      },
      {
        "PST_YYYYMM": "202411",
        "BRD_CD": "X",
        "MGMT_CHNL_NM": "(EC)티몰",
        "SALE_AMT": 1145145.79,
        "SALE_AMT_VAT": 1013403.353982301,
        "AD_CST_OPRT": 0.0,
        "SLRY_CSY_OPRT": 383958.32,
        "EMP_BNFT_CST_OPRT": 122467.75,
        "PMT_CMS_OPRT": 129806.7,
        "SHOP_RNT_OPRT": 0.0,
        "EVNT_CST_OPRT": 0.0,
        "TAX_CST_OPRT": 0.0,
        "DEPRC_CST_OPRT": 6.63,
        "ETC_CST_OPRT": 31083.91
      },
      {
        "PST_YYYYMM": "202510",
        "BRD_CD": "X",
        "MGMT_CHNL_NM": "(OFF)쇼핑몰",
        "SALE_AMT": 738918.0,
        "SALE_AMT_VAT": 653909.7345132744,
        "AD_CST_OPRT": 0.0,
        "SLRY_CSY_OPRT": 336710.34,
        "EMP_BNFT_CST_OPRT": 99516.7,
        "PMT_CMS_OPRT": 46419.41,
        "SHOP_RNT_OPRT": 0.0,
        "EVNT_CST_OPRT": 0.0,
        "TAX_CST_OPRT": 0.0,
        "DEPRC_CST_OPRT": 2315.98,
        "ETC_CST_OPRT": 19359.98
      },
      {
        "PST_YYYYMM": "202410",
        "BRD_CD": "X",
        "MGMT_CHNL_NM": null,
        "SALE_AMT": null,
        "SALE_AMT_VAT": null,
        "AD_CST_OPRT": 3825278.0,
        "SLRY_CSY_OPRT": 87377.63,
        "EMP_BNFT_CST_OPRT": 31876.28,
        "PMT_CMS_OPRT": 300.0,
        "SHOP_RNT_OPRT": 0.0,
        "EVNT_CST_OPRT": 0.0,
        "TAX_CST_OPRT": 0.0,
        "DEPRC_CST_OPRT": 0.0,
        "ETC_CST_OPRT": 30477.99
      },
      {
        "PST_YYYYMM": "202505",
        "BRD_CD": "X",
        "MGMT_CHNL_NM": "(EC)틱톡/JD",
        "SALE_AMT": 29864.0,
        "SALE_AMT_VAT": 26428.3185840708,
        "AD_CST_OPRT": 0.0,
        "SLRY_CSY_OPRT": 4588.88,
        "EMP_BNFT_CST_OPRT": 1282.52,
        "PMT_CMS_OPRT": 0.17,
        "SHOP_RNT_OPRT": 0.0,
        "EVNT_CST_OPRT": 0.0,
        "TAX_CST_OPRT": 0.0,
        "DEPRC_CST_OPRT": 0.02,
        "ETC_CST_OPRT": 0.97
      },
      {
        "PST_YYYYMM": "202505",
        "BRD_CD": "X",
        "MGMT_CHNL_NM": "(EC)티몰",
        "SALE_AMT": 763334.77,
        "SALE_AMT_VAT": 675517.4955752214,
        "AD_CST_OPRT": 0.69,
        "SLRY_CSY_OPRT": 117295.77,
        "EMP_BNFT_CST_OPRT": 32792.0,
        "PMT_CMS_OPRT": 15.41,
        "SHOP_RNT_OPRT": 0.0,
        "EVNT_CST_OPRT": 0.0,
        "TAX_CST_OPRT": 0.0,
        "DEPRC_CST_OPRT": 1.97,
        "ETC_CST_OPRT": 25.54
      },
      {
        "PST_YYYYMM": "202506",
        "BRD_CD": "X",
        "MGMT_CHNL_NM": "(EC)티몰",
        "SALE_AMT": 667743.01,
        "SALE_AMT_VAT": 590923.0176991151,
        "AD_CST_OPRT": 0.32,
        "SLRY_CSY_OPRT": 115679.52,
        "EMP_BNFT_CST_OPRT": 31930.21,
        "PMT_CMS_OPRT": 14.57,
        "SHOP_RNT_OPRT": 0.0,
        "EVNT_CST_OPRT": 0.0,
        "TAX_CST_OPRT": 0.0,
        "DEPRC_CST_OPRT": 1.59,
        "ETC_CST_OPRT": 2.98
      },
      {
        "PST_YYYYMM": "202507",
        "BRD_CD": "X",
        "MGMT_CHNL_NM": "(OFF)대리상",
        "SALE_AMT": 2183884.5100000002,
        "SALE_AMT_VAT": 2001715.8407079647,
        "AD_CST_OPRT": 0.0,
        "SLRY_CSY_OPRT": 322651.11,
        "EMP_BNFT_CST_OPRT": 137128.53,
        "PMT_CMS_OPRT": 10.56,
        "SHOP_RNT_OPRT": 0.0,
        "EVNT_CST_OPRT": 0.0,
        "TAX_CST_OPRT": 0.0,
        "DEPRC_CST_OPRT": 0.46,
        "ETC_CST_OPRT": 57098.76
      },
      {
        "PST_YYYYMM": "202507",
        "BRD_CD": "X",
        "MGMT_CHNL_NM": "(EC)티몰",
        "SALE_AMT": 251707.57,
        "SALE_AMT_VAT": 222750.0619469027,
        "AD_CST_OPRT": 0.0,
        "SLRY_CSY_OPRT": 127590.78,
        "EMP_BNFT_CST_OPRT": 33634.68,
        "PMT_CMS_OPRT": 1.16,
        "SHOP_RNT_OPRT": 0.0,
        "EVNT_CST_OPRT": 0.0,
        "TAX_CST_OPRT": 0.0,
        "DEPRC_CST_OPRT": 0.04,
        "ETC_CST_OPRT": 9.22
      },
      {
        "PST_YYYYMM": "202411",
        "BRD_CD": "X",
        "MGMT_CHNL_NM": "(OFF)대리상",
        "SALE_AMT": 1740984.91,
        "SALE_AMT_VAT": 184199.1150442478,
        "AD_CST_OPRT": 0.0,
        "SLRY_CSY_OPRT": 63288.37,
        "EMP_BNFT_CST_OPRT": 19034.16,
        "PMT_CMS_OPRT": 10.28,
        "SHOP_RNT_OPRT": 0.0,
        "EVNT_CST_OPRT": 0.0,
        "TAX_CST_OPRT": 0.0,
        "DEPRC_CST_OPRT": 10.31,
        "ETC_CST_OPRT": 3442.64
      },
      {
        "PST_YYYYMM": "202412",
        "BRD_CD": "X",
        "MGMT_CHNL_NM": "(EC)티몰",
        "SALE_AMT": 800597.2899999999,
        "SALE_AMT_VAT": 708493.1769911505,
        "AD_CST_OPRT": 6.36,
        "SLRY_CSY_OPRT": 404512.92,
        "EMP_BNFT_CST_OPRT": 141847.66,
        "PMT_CMS_OPRT": 11503.65,
        "SHOP_RNT_OPRT": 0.0,
        "EVNT_CST_OPRT": 0.0,
        "TAX_CST_OPRT": 0.0,
        "DEPRC_CST_OPRT": 1.37,
        "ETC_CST_OPRT": 109128.14
      },
      {
        "PST_YYYYMM": "202501",
        "BRD_CD": "X",
        "MGMT_CHNL_NM": "(OFF)대리상",
        "SALE_AMT": 2537663.6400000006,
        "SALE_AMT_VAT": 1160023.0088495575,
        "AD_CST_OPRT": 1.69,
        "SLRY_CSY_OPRT": 371430.23,
        "EMP_BNFT_CST_OPRT": 60747.79,
        "PMT_CMS_OPRT": 8.57,
        "SHOP_RNT_OPRT": 0.0,
        "EVNT_CST_OPRT": 0.0,
        "TAX_CST_OPRT": 0.0,
        "DEPRC_CST_OPRT": 3.1,
        "ETC_CST_OPRT": 30750.87
      },
      {
        "PST_YYYYMM": "202509",
        "BRD_CD": "X",
        "MGMT_CHNL_NM": "(EC)할인몰",
        "SALE_AMT": 0.0,
        "SALE_AMT_VAT": 0.0,
        "AD_CST_OPRT": 0.0,
        "SLRY_CSY_OPRT": 0.0,
        "EMP_BNFT_CST_OPRT": 0.0,
        "PMT_CMS_OPRT": 0.0,
        "SHOP_RNT_OPRT": 0.0,
        "EVNT_CST_OPRT": 0.0,
        "TAX_CST_OPRT": 0.0,
        "DEPRC_CST_OPRT": 0.0,
        "ETC_CST_OPRT": 0.0
      },
      {
        "PST_YYYYMM": "202508",
        "BRD_CD": "X",
        "MGMT_CHNL_NM": "(EC)티몰",
        "SALE_AMT": 2542372.35,
        "SALE_AMT_VAT": 2249887.0353982304,
        "AD_CST_OPRT": 0.0,
        "SLRY_CSY_OPRT": 113179.35,
        "EMP_BNFT_CST_OPRT": 31734.42,
        "PMT_CMS_OPRT": 7.67,
        "SHOP_RNT_OPRT": 0.0,
        "EVNT_CST_OPRT": 0.0,
        "TAX_CST_OPRT": 0.0,
        "DEPRC_CST_OPRT": 13.34,
        "ETC_CST_OPRT": 11.09
      },
      {
        "PST_YYYYMM": "202506",
        "BRD_CD": "X",
        "MGMT_CHNL_NM": "(OFF)쇼핑몰",
        "SALE_AMT": 490948.0,
        "SALE_AMT_VAT": 434467.2566371682,
        "AD_CST_OPRT": 0.08,
        "SLRY_CSY_OPRT": 199415.97,
        "EMP_BNFT_CST_OPRT": 56895.23,
        "PMT_CMS_OPRT": 150832.97,
        "SHOP_RNT_OPRT": 0.0,
        "EVNT_CST_OPRT": 0.0,
        "TAX_CST_OPRT": 0.0,
        "DEPRC_CST_OPRT": 504.6,
        "ETC_CST_OPRT": 33724.61
      },
      {
        "PST_YYYYMM": "202509",
        "BRD_CD": "X",
        "MGMT_CHNL_NM": null,
        "SALE_AMT": null,
        "SALE_AMT_VAT": null,
        "AD_CST_OPRT": 9698892.0,
        "SLRY_CSY_OPRT": 200685.88,
        "EMP_BNFT_CST_OPRT": 74565.09,
        "PMT_CMS_OPRT": 0.0,
        "SHOP_RNT_OPRT": 0.0,
        "EVNT_CST_OPRT": 0.0,
        "TAX_CST_OPRT": 0.0,
        "DEPRC_CST_OPRT": 0.0,
        "ETC_CST_OPRT": 4437.65
      },
      {
        "PST_YYYYMM": "202508",
        "BRD_CD": "X",
        "MGMT_CHNL_NM": "(EC)틱톡/JD",
        "SALE_AMT": 218546.01,
        "SALE_AMT_VAT": 193403.5486725664,
        "AD_CST_OPRT": 0.0,
        "SLRY_CSY_OPRT": 9729.12,
        "EMP_BNFT_CST_OPRT": 2727.81,
        "PMT_CMS_OPRT": 0.61,
        "SHOP_RNT_OPRT": 0.0,
        "EVNT_CST_OPRT": 0.0,
        "TAX_CST_OPRT": 0.0,
        "DEPRC_CST_OPRT": 1.07,
        "ETC_CST_OPRT": 0.82
      }
    ],
    "total_records_count": 63
  }
}