{
  "country": "CN",
  "brand_cd": "W",
  "brand_name": "SUPRA",
  "yyyymm": "202505",
  "yyyymm_py": "202405",
  "key": "출고매출",
  "sub_key": "카테고리별매출분석",
  "analysis_data": {
    "title": "카테고리별 수익성 분석 (당해 전년 주요변화)",
    "sections": [
      {
        "div": "ACC",
        "sub_title": "ACC 전년대비 주요 변화",
        "ai_text": "ACC 카테고리는 전년 204k에서 84k로 58.6% 급감하여 심각한 매출 위기 상황입니다.\n\n**주요 성과 분석:**\n• 신규 진입 제품들이 성장 동력 역할: VAIDER 신발 시리즈(6k, 3k), 에센셜 캡 라인(2k씩)\n• 기존 강세 제품: 바시티 크로스 백(1k, 91.3% 성장), 옥스포드 메신저백(1k, 31.1% 성장)\n• 치명적 약세 제품: VAIDER X SLIDE(77k→0k), VAIDER X CLOG(85k→1k), VAIDER X FLIPPER(75k→3k)\n\n**핵심 리스크:**\nVAIDER X 슬리퍼 라인의 몰락으로 전년 237k 매출이 4k로 급감(-98.3%)하여 ACC 카테고리 전체를 압박하고 있습니다.\n\n**전략 방향:**\n단기적으로 신규 VAIDER 신발 라인 확대 투자와 에센셜 캡 라인 물량 확보가 필요하며, 중장기적으로는 슬리퍼 카테고리 전면 재검토와 신규 ACC 카테고리 발굴이 시급합니다."
      },
      {
        "div": "의류",
        "sub_title": "의류 전년대비 주요 변화",
        "ai_text": "의류 카테고리는 전년 839k에서 333k로 60.3% 감소했으나, ACC 대비 상대적으로 안정적인 매출 구조를 유지하고 있습니다.\n\n**강세 아이템 분석:**\n• BAYC 그래픽 티셔츠 라인 급성장: 스몰 그래픽(8k→19k, 124.7%), 빅 그래픽(3k→8k, 175.4%)\n• 반바지 카테고리 부상: 쉴드 아치로고 패치(1k→10k, 1,075.8%), 바시티 크라운 로고(2k→5k, 168.1%)\n• 에센셜 라인 안정성: 미디움 레터링(11k→13k, 19.3%), 나일론 우븐 반바지(1k→6k, 848.0%)\n\n**약세 아이템 분석:**\n• 계절성 아우터 완전 소멸: 다운베스트, 다운점퍼, 방풍자켓 등 전년 5k→0k\n• 후드티/맨투맨 라인 부진: 에센셜 베이직 라인 매출 전무\n\n**전략적 시사점:**\n여름 시즌 특성상 반팔티셔츠와 반바지 중심의 매출 구조가 자연스러우며, BAYC 콜라보와 에센셜 라인이 핵심 성장 동력으로 확인됩니다."
      },
      {
        "div": "종합분석-1",
        "sub_title": "카테고리별 수익성 종합 평가",
        "ai_text": "SUPRA 브랜드는 전체 매출이 1,099k에서 418k로 62.0% 급감하여 심각한 매출 위기에 직면해 있습니다.\n\n**카테고리별 기여도 변화:**\n• 의류: 전년 76.3%에서 79.7%로 비중 확대 (333k/418k)\n• ACC: 전년 18.6%에서 20.1%로 소폭 증가 (84k/418k)\n• 단종 제품: 전년 5.2%(57k)에서 완전 소멸\n\n**매출 구조 분석:**\n의류가 상대적으로 안정적인 매출 기반을 제공하고 있으나, ACC 카테고리의 VAIDER X 슬리퍼 라인 붕괴(-233k)가 전체 매출 감소의 주요 원인입니다.\n\n**수익성 구조:**\n단종된 제품군(57k→0k)의 완전 정리로 포트폴리오 효율성은 개선되었으나, 전체 매출 규모 축소로 인한 고정비 부담 증가가 우려됩니다."
      },
      {
        "div": "종합분석-2",
        "sub_title": "성장 카테고리 및 기회",
        "ai_text": "성장 동력은 주로 의류 카테고리의 특정 라인과 ACC의 신규 진입 제품에서 발견됩니다.\n\n**핵심 성장 동력:**\n• BAYC 콜라보 라인: 그래픽 티셔츠 시리즈가 전반적으로 강세(19k, 8k, 7k 등)\n• 반바지 카테고리: 여름 시즌 특수와 함께 급성장(쉴드 아치로고 1,075.8% 성장)\n• 에센셜 라인: 베이직 아이템 중심으로 안정적 성장(나일론 우븐 반바지 848.0%)\n\n**신규 기회 영역:**\n• VAIDER 신발 라인: 슬리퍼 대체재로서 새로운 성장 가능성(6k, 3k 신규 진입)\n• 운동모 카테고리: 에센셜 캡 라인 신규 진입으로 확장 가능성 확인\n• 가방 라인: BAYC 보스톤 백, 옥스포드 백팩 등 신규 아이템 성과\n\n**확장 전략:**\n성장하는 BAYC 콜라보와 에센셜 라인을 중심으로 SKU 확대 및 계절별 라인업 다양화가 필요합니다."
      },
      {
        "div": "종합분석-3",
        "sub_title": "주의 필요 카테고리",
        "ai_text": "ACC 카테고리 내 슬리퍼 라인의 완전 붕괴와 의류의 계절성 아이템 부재가 주요 위험 요소입니다.\n\n**고위험 카테고리:**\n• 슬리퍼 라인: VAIDER X 시리즈 매출이 237k에서 4k로 98.3% 급감\n  - VAIDER X SLIDE: 77k→0k (완전 소멸)\n  - VAIDER X CLOG: 85k→1k (98.9% 감소)\n  - VAIDER X FLIPPER: 75k→3k (95.9% 감소)\n\n• 계절성 아우터: 다운베스트, 다운점퍼, 방풍자켓 등 5월 특성상 자연스러운 감소이나 전체적인 아우터 라인 부재\n\n• 후드티/맨투맨: 에센셜 베이직 라인의 완전 부진으로 가을/겨울 대비 우려\n\n**개선 방향:**\n슬리퍼 라인의 브랜드 이미지 및 품질 문제 전면 재검토, 계절별 아이템 포트폴리오 균형 조정, 그리고 기본 아이템 라인의 경쟁력 강화가 시급합니다."
      },
      {
        "div": "종합분석-4",
        "sub_title": "이상징후 및 리스크 감지",
        "ai_text": "데이터 분석 결과 여러 심각한 이상징후가 감지되어 즉각적인 대응이 필요합니다.\n\n**심각한 이상징후:**\n• 매출 급감률 이상: 전체 62.0% 감소는 단순 계절성을 넘어선 구조적 문제 시사\n• VAIDER X 라인 붕괴: 전년 핵심 매출원(237k)이 거의 소멸(4k)된 것은 품질 또는 시장 수용성 문제 가능성\n• 단종 제품 대량 발생: 57k 규모의 제품이 완전 단종된 것은 재고 처리 또는 전략적 포기를 의미\n\n**데이터 이상 요소:**\n• 일부 제품의 음수 매출(-0.0k) 발생으로 반품/환불 이슈 존재\n• 동일 제품명이 다른 카테고리에서 중복 집계되는 현상 (쉴드 아치로고, 후면 스컬 등)\n\n**잠재적 리스크:**\n브랜드 이미지 손상, 유통채널 문제, 품질 이슈, 또는 경쟁사 대응 부족 등이 복합적으로 작용했을 가능성이 높으며, 근본 원인 분석이 시급합니다."
      },
      {
        "div": "종합분석-5",
        "sub_title": "카테고리별 전략 최적화 방안",
        "ai_text": "현재 위기 상황을 극복하기 위한 단계별 전략 실행이 필요합니다.\n\n**즉시 실행 방안 (1-3개월):**\n• BAYC 콜라보 확대: 성장하는 그래픽 티셔츠 라인 SKU 확대 및 물량 확보\n• VAIDER 신발 라인 집중 투자: 슬리퍼 대체재로서 마케팅 및 유통 강화\n• 에센셜 라인 여름 아이템 긴급 보강: 반바지, 나일론 우븐 등 성장 아이템 중심\n• 슬리퍼 라인 긴급 진단: 품질, 디자인, 가격 경쟁력 전면 재검토\n\n**중기 전략 (3-12개월):**\n• 계절별 포트폴리오 균형화: 가을/겨울 아이템 라인업 재구성\n• ACC 카테고리 다각화: 가방, 모자 라인 확대를 통한 슬리퍼 의존도 축소\n• 데이터 관리 체계 개선: 중복 집계 및 음수 매출 등 데이터 품질 향상\n\n**장기 전략 (1년 이상):**\n• 브랜드 포지셔닝 재정립: SUPRA의 차별화된 정체성 확립\n• 신규 카테고리 진출: 성장 가능성이 높은 스포츠웨어, 라이프스타일 영역 확장"
      }
    ]
  },
  "summary": {
    "total_sales_cy": 418.0,
    "total_sales_py": 1099.0,
    "change_pct": -62.0,
    "total_records": 749,
    "analysis_period": "2024년 5월 vs 2025년 5월"
  },
  "category_analysis": {
    "의류": {
      "current_total": 333.0,
      "previous_total": 839.0,
      "change_pct": -60.3,
      "strong_items": [
        {
          "item_nm": "반팔티셔츠",
          "prdt_nm": "BAYC 스몰 그래픽 오버핏 티셔",
          "current_sale": 19.0,
          "previous_sale": 8.0,
          "change_pct": 124.7,
          "type": "기존"
        },
        {
          "item_nm": "반팔티셔츠",
          "prdt_nm": "에센셜 미디움 레터링 로고 반",
          "current_sale": 13.0,
          "previous_sale": 11.0,
          "change_pct": 19.3,
          "type": "기존"
        },
        {
          "item_nm": "반바지",
          "prdt_nm": "쉴드 아치로고 BAYC 자수 패치",
          "current_sale": 10.0,
          "previous_sale": 1.0,
          "change_pct": 1075.8,
          "type": "기존"
        },
        {
          "item_nm": "반팔티셔츠",
          "prdt_nm": "아웃도어 백 그래픽 티셔츠",
          "current_sale": 9.0,
          "previous_sale": 8.0,
          "change_pct": 24.3,
          "type": "기존"
        },
        {
          "item_nm": "반팔티셔츠",
          "prdt_nm": "BAYC 빅 그래픽 트리코트 오버",
          "current_sale": 8.0,
          "previous_sale": 3.0,
          "change_pct": 175.4,
          "type": "기존"
        },
        {
          "item_nm": "반팔티셔츠",
          "prdt_nm": "후면 스컬 빅 그래픽 반팔 티",
          "current_sale": 7.0,
          "previous_sale": 4.0,
          "change_pct": 91.0,
          "type": "기존"
        },
        {
          "item_nm": "우븐반바지",
          "prdt_nm": "에센셜 나일론 우븐 반바지",
          "current_sale": 6.0,
          "previous_sale": 1.0,
          "change_pct": 848.0,
          "type": "기존"
        },
        {
          "item_nm": "반바지",
          "prdt_nm": "바시티 크라운 로고 5부 숏 팬",
          "current_sale": 5.0,
          "previous_sale": 2.0,
          "change_pct": 168.1,
          "type": "기존"
        },
        {
          "item_nm": "반팔티셔츠",
          "prdt_nm": "BAYC 골프 X 로고 그래픽 반팔",
          "current_sale": 5.0,
          "previous_sale": 3.0,
          "change_pct": 48.5,
          "type": "기존"
        },
        {
          "item_nm": "우븐셔츠",
          "prdt_nm": "바시티 우븐 스케이트보드 그",
          "current_sale": 4.0,
          "previous_sale": 2.0,
          "change_pct": 126.9,
          "type": "기존"
        }
      ],
      "weak_items": [
        {
          "item_nm": "팬츠",
          "prdt_nm": "바시티 남성 크라운 부클 원포인트 솔리드 데님 팬츠",
          "current_sale": -0.0,
          "previous_sale": 1.0,
          "change_pct": -165.0,
          "type": "기존"
        },
        {
          "item_nm": "폴로 티셔츠",
          "prdt_nm": "크라운 엠블럼 스포츠 저지 카",
          "current_sale": 0.0,
          "previous_sale": 0.0,
          "change_pct": -100.0,
          "type": "기존"
        },
        {
          "item_nm": "다운베스트",
          "prdt_nm": "페스티벌 남성 글로시 다운 베",
          "current_sale": 0.0,
          "previous_sale": 1.0,
          "change_pct": -100.0,
          "type": "기존"
        },
        {
          "item_nm": "다운점퍼",
          "prdt_nm": "아웃도어 립스탑 투톤 배색 숏",
          "current_sale": 0.0,
          "previous_sale": 1.0,
          "change_pct": -100.0,
          "type": "기존"
        },
        {
          "item_nm": "후드티",
          "prdt_nm": "에센셜 베이직 로고 오버핏 후드티",
          "current_sale": 0.0,
          "previous_sale": 0.0,
          "change_pct": -100.0,
          "type": "기존"
        },
        {
          "item_nm": "후드티",
          "prdt_nm": "에센셜 베이직 스몰로고 레글런 후드티",
          "current_sale": 0.0,
          "previous_sale": 0.0,
          "change_pct": -100.0,
          "type": "기존"
        },
        {
          "item_nm": "맨투맨",
          "prdt_nm": "에센셜 부클 자수 오버핏  맨투맨",
          "current_sale": 0.0,
          "previous_sale": 0.0,
          "change_pct": -100.0,
          "type": "기존"
        },
        {
          "item_nm": "다운점퍼",
          "prdt_nm": "바시티 숏 다운 자켓",
          "current_sale": 0.0,
          "previous_sale": 2.0,
          "change_pct": -100.0,
          "type": "기존"
        },
        {
          "item_nm": "점퍼",
          "prdt_nm": "에센셜 부클 자수 바시티 자켓",
          "current_sale": 0.0,
          "previous_sale": 1.0,
          "change_pct": -100.0,
          "type": "기존"
        },
        {
          "item_nm": "방풍자켓",
          "prdt_nm": "우먼스 윈드브레이커 자켓",
          "current_sale": 0.0,
          "previous_sale": 1.0,
          "change_pct": -100.0,
          "type": "기존"
        }
      ]
    },
    "ACC": {
      "current_total": 84.0,
      "previous_total": 204.0,
      "change_pct": -58.6,
      "strong_items": [
        {
          "item_nm": "신발",
          "prdt_nm": "VAIDER",
          "current_sale": 6.0,
          "previous_sale": 0,
          "change_pct": 999.9,
          "type": "신규"
        },
        {
          "item_nm": "신발",
          "prdt_nm": "VAIDER",
          "current_sale": 3.0,
          "previous_sale": 0,
          "change_pct": 999.9,
          "type": "신규"
        },
        {
          "item_nm": "운동모",
          "prdt_nm": "에센셜 언스트럭처 크라운 로",
          "current_sale": 2.0,
          "previous_sale": 0,
          "change_pct": 999.9,
          "type": "신규"
        },
        {
          "item_nm": "운동모",
          "prdt_nm": "크라운 로고 포인트 컬러블록",
          "current_sale": 2.0,
          "previous_sale": 0,
          "change_pct": 999.9,
          "type": "신규"
        },
        {
          "item_nm": "가방",
          "prdt_nm": "BAYC 로고 아치 보스톤 백",
          "current_sale": 2.0,
          "previous_sale": 0,
          "change_pct": 999.9,
          "type": "신규"
        },
        {
          "item_nm": "운동모",
          "prdt_nm": "에센셜 매쉬 트럭커 캡",
          "current_sale": 1.0,
          "previous_sale": 0,
          "change_pct": 999.9,
          "type": "신규"
        },
        {
          "item_nm": "백팩",
          "prdt_nm": "경량 배색 여성 백팩 12L",
          "current_sale": 1.0,
          "previous_sale": 0,
          "change_pct": 999.9,
          "type": "신규"
        },
        {
          "item_nm": "크로스백",
          "prdt_nm": "바시티 크로스 백",
          "current_sale": 1.0,
          "previous_sale": 0.0,
          "change_pct": 91.3,
          "type": "기존"
        },
        {
          "item_nm": "가방",
          "prdt_nm": "바시티 옥스포드 메신저 크로스백",
          "current_sale": 1.0,
          "previous_sale": 1.0,
          "change_pct": 31.1,
          "type": "기존"
        },
        {
          "item_nm": "가방",
          "prdt_nm": "바시티 옥스포드 백팩",
          "current_sale": 1.0,
          "previous_sale": 0,
          "change_pct": 999.9,
          "type": "신규"
        }
      ],
      "weak_items": [
        {
          "item_nm": "운동모",
          "prdt_nm": "페스티벌 스팽글 포인트 비니",
          "current_sale": 0.0,
          "previous_sale": 0.0,
          "change_pct": -100.0,
          "type": "기존"
        },
        {
          "item_nm": "신발",
          "prdt_nm": "VAIDER X",
          "current_sale": 0.0,
          "previous_sale": 2.0,
          "change_pct": -100.0,
          "type": "기존"
        },
        {
          "item_nm": "양말",
          "prdt_nm": "에센셜 빅로고 포인트 양말",
          "current_sale": 0.0,
          "previous_sale": 1.0,
          "change_pct": -100.0,
          "type": "기존"
        },
        {
          "item_nm": "신발",
          "prdt_nm": "VAIDER X",
          "current_sale": 0.0,
          "previous_sale": 3.0,
          "change_pct": -100.0,
          "type": "기존"
        },
        {
          "item_nm": "슬리퍼",
          "prdt_nm": "VAIDER X SLIDE",
          "current_sale": 0.0,
          "previous_sale": 77.0,
          "change_pct": -99.8,
          "type": "기존"
        },
        {
          "item_nm": "슬리퍼",
          "prdt_nm": "VAIDER X CLOG",
          "current_sale": 1.0,
          "previous_sale": 85.0,
          "change_pct": -98.9,
          "type": "기존"
        },
        {
          "item_nm": "양말",
          "prdt_nm": "에센셜 컬러 블록 로고 양말",
          "current_sale": 0.0,
          "previous_sale": 1.0,
          "change_pct": -97.2,
          "type": "기존"
        },
        {
          "item_nm": "슬리퍼",
          "prdt_nm": "VAIDER X FLIPPER",
          "current_sale": 3.0,
          "previous_sale": 75.0,
          "change_pct": -95.9,
          "type": "기존"
        },
        {
          "item_nm": "슬리퍼",
          "prdt_nm": "ESSENTIAL SLIDE",
          "current_sale": 0.0,
          "previous_sale": 3.0,
          "change_pct": -94.6,
          "type": "기존"
        },
        {
          "item_nm": "운동모",
          "prdt_nm": "에센셜 스트럭쳐 로고 포인트",
          "current_sale": 0.0,
          "previous_sale": 5.0,
          "change_pct": -94.1,
          "type": "기존"
        }
      ]
    },
    "null": {
      "current_total": 0.0,
      "previous_total": 57.0,
      "change_pct": -100.0,
      "strong_items": [],
      "weak_items": [
        {
          "item_nm": null,
          "prdt_nm": "BAYC 원포인트 로고 볼캡",
          "current_sale": 0,
          "previous_sale": -15.0,
          "change_pct": -100.0,
          "type": "단종"
        },
        {
          "item_nm": null,
          "prdt_nm": "쉴드 아치로고 BAYC 자수 패치",
          "current_sale": 0,
          "previous_sale": 10.0,
          "change_pct": -100.0,
          "type": "단종"
        },
        {
          "item_nm": null,
          "prdt_nm": "후면 스컬 빅 그래픽 반팔 티",
          "current_sale": 0,
          "previous_sale": 11.0,
          "change_pct": -100.0,
          "type": "단종"
        },
        {
          "item_nm": null,
          "prdt_nm": "에센셜 베이직 로고 프리미엄 백팩",
          "current_sale": 0,
          "previous_sale": 4.0,
          "change_pct": -100.0,
          "type": "단종"
        },
        {
          "item_nm": null,
          "prdt_nm": "아웃도어 사이드 포켓 햇",
          "current_sale": 0,
          "previous_sale": 3.0,
          "change_pct": -100.0,
          "type": "단종"
        },
        {
          "item_nm": null,
          "prdt_nm": "아웃도어 하단 그래픽 티셔츠",
          "current_sale": 0,
          "previous_sale": 14.0,
          "change_pct": -100.0,
          "type": "단종"
        },
        {
          "item_nm": null,
          "prdt_nm": "바시티 크라운 로고 5부 숏 팬",
          "current_sale": 0,
          "previous_sale": 13.0,
          "change_pct": -100.0,
          "type": "단종"
        },
        {
          "item_nm": null,
          "prdt_nm": "BAYC 테니스 그래픽 반팔 티셔",
          "current_sale": 0,
          "previous_sale": 12.0,
          "change_pct": -100.0,
          "type": "단종"
        },
        {
          "item_nm": null,
          "prdt_nm": "BAYC 금사 왕관 엠블럼 저지 숏",
          "current_sale": 0,
          "previous_sale": 9.0,
          "change_pct": -100.0,
          "type": "단종"
        },
        {
          "item_nm": null,
          "prdt_nm": "아웃도어 빅 그래픽 티셔츠",
          "current_sale": 0,
          "previous_sale": 6.0,
          "change_pct": -100.0,
          "type": "단종"
        }
      ]
    }
  },
  "raw_data": {
    "sample_records": [
      {
        "YYYYMM": "202505",
        "BRD_CD": "W",
        "LARGE_CLASS_NM": "의류",
        "MIDDLE_CLASS_NM": "Inner",
        "ITEM_NM": "긴팔티셔츠",
        "PRDT_CD": "W23FWXRL01334",
        "PRDT_NM": "에센셜 로고 롱슬리브 티셔츠",
        "SALE_AMT": 159.1
      },
      {
        "YYYYMM": "202505",
        "BRD_CD": "W",
        "LARGE_CLASS_NM": "의류",
        "MIDDLE_CLASS_NM": "Inner",
        "ITEM_NM": "폴로 티셔츠",
        "PRDT_CD": "W24SWXPQ50543",
        "PRDT_NM": "크라운 엠블럼 스포츠 저지 카",
        "SALE_AMT": 0.0
      },
      {
        "YYYYMM": "202505",
        "BRD_CD": "W",
        "LARGE_CLASS_NM": "의류",
        "MIDDLE_CLASS_NM": "Inner",
        "ITEM_NM": "폴로 티셔츠",
        "PRDT_CD": "W24SWXPQ50643",
        "PRDT_NM": "후면 쉴드 아치로고 BAYC 그래",
        "SALE_AMT": 990.0
      },
      {
        "YYYYMM": "202505",
        "BRD_CD": "W",
        "LARGE_CLASS_NM": "의류",
        "MIDDLE_CLASS_NM": "Inner",
        "ITEM_NM": "후드티",
        "PRDT_CD": "W23FWWHD20634",
        "PRDT_NM": "BAYC 여성 크롭 후드티",
        "SALE_AMT": 0.0
      },
      {
        "YYYYMM": "202505",
        "BRD_CD": "W",
        "LARGE_CLASS_NM": "의류",
        "MIDDLE_CLASS_NM": "Bottom",
        "ITEM_NM": "우븐팬츠",
        "PRDT_CD": "W24FWXWP30244",
        "PRDT_NM": "포켓 포인트 우븐 조거 팬츠",
        "SALE_AMT": 0.0
      },
      {
        "YYYYMM": "202505",
        "BRD_CD": "W",
        "LARGE_CLASS_NM": "의류",
        "MIDDLE_CLASS_NM": "Bottom",
        "ITEM_NM": "우븐반바지",
        "PRDT_CD": "W24SWXSM51043",
        "PRDT_NM": "더블 카고 BAYC 포인트 우븐 숏",
        "SALE_AMT": 574.0
      },
      {
        "YYYYMM": "202505",
        "BRD_CD": "W",
        "LARGE_CLASS_NM": "의류",
        "MIDDLE_CLASS_NM": "Bottom",
        "ITEM_NM": "우븐팬츠",
        "PRDT_CD": "W24FWXWP30644",
        "PRDT_NM": "자가드 포켓 우븐 팬츠",
        "SALE_AMT": 0.0
      },
      {
        "YYYYMM": "202405",
        "BRD_CD": "W",
        "LARGE_CLASS_NM": "의류",
        "MIDDLE_CLASS_NM": "Inner",
        "ITEM_NM": "트레이닝(상의)",
        "PRDT_CD": "W23FWXTR02036",
        "PRDT_NM": "에센셜 헤리티지 로고 스텐드넥 트랙 집업 셋업",
        "SALE_AMT": 0.0
      },
      {
        "YYYYMM": "202505",
        "BRD_CD": "W",
        "LARGE_CLASS_NM": "의류",
        "MIDDLE_CLASS_NM": "Inner",
        "ITEM_NM": "맨투맨",
        "PRDT_CD": "W24FWXMT30644",
        "PRDT_NM": "플리스 맨투맨",
        "SALE_AMT": 0.0
      },
      {
        "YYYYMM": "202405",
        "BRD_CD": "W",
        "LARGE_CLASS_NM": "의류",
        "MIDDLE_CLASS_NM": "Outer",
        "ITEM_NM": "다운점퍼",
        "PRDT_CD": "W23FWMDJ31536",
        "PRDT_NM": "아웃도어 남성 4포켓 미드 다",
        "SALE_AMT": -2015.16
      },
      {
        "YYYYMM": "202505",
        "BRD_CD": "W",
        "LARGE_CLASS_NM": "의류",
        "MIDDLE_CLASS_NM": "Inner",
        "ITEM_NM": "후드티",
        "PRDT_CD": "W23SWXHD70631",
        "PRDT_NM": "에센셜 벨벳 로고 오버핏 후드티",
        "SALE_AMT": 0.0
      },
      {
        "YYYYMM": "202505",
        "BRD_CD": "W",
        "LARGE_CLASS_NM": "ACC",
        "MIDDLE_CLASS_NM": "Acc_etc",
        "ITEM_NM": "양말",
        "PRDT_CD": "W24NWXSO4034N",
        "PRDT_NM": "BAYC 빅로고 양말",
        "SALE_AMT": 69.0
      },
      {
        "YYYYMM": "202405",
        "BRD_CD": "W",
        "LARGE_CLASS_NM": "의류",
        "MIDDLE_CLASS_NM": "Bottom",
        "ITEM_NM": "우븐팬츠",
        "PRDT_CD": "W24SWXWP11541",
        "PRDT_NM": "에센셜 세미 와이드 우븐 팬츠",
        "SALE_AMT": 20100.97
      },
      {
        "YYYYMM": "202505",
        "BRD_CD": "W",
        "LARGE_CLASS_NM": "ACC",
        "MIDDLE_CLASS_NM": "Shoes",
        "ITEM_NM": "슬리퍼",
        "PRDT_CD": "W23SWXLP41131",
        "PRDT_NM": "VAIDER X FLIPPER",
        "SALE_AMT": 3056.42
      },
      {
        "YYYYMM": "202405",
        "BRD_CD": "W",
        "LARGE_CLASS_NM": null,
        "MIDDLE_CLASS_NM": null,
        "ITEM_NM": null,
        "PRDT_CD": "W23NWXCP1043NCN",
        "PRDT_NM": "BAYC 원포인트 로고 볼캡",
        "SALE_AMT": -15141.37
      },
      {
        "YYYYMM": "202405",
        "BRD_CD": "W",
        "LARGE_CLASS_NM": "의류",
        "MIDDLE_CLASS_NM": "Outer",
        "ITEM_NM": "다운점퍼",
        "PRDT_CD": "W23FWXDJ40036",
        "PRDT_NM": "바시티 숏 다운 자켓",
        "SALE_AMT": 1669.0
      },
      {
        "YYYYMM": "202405",
        "BRD_CD": "W",
        "LARGE_CLASS_NM": null,
        "MIDDLE_CLASS_NM": null,
        "ITEM_NM": null,
        "PRDT_CD": "W24SWXSP50943CN",
        "PRDT_NM": "쉴드 아치로고 BAYC 자수 패치",
        "SALE_AMT": 9587.84
      },
      {
        "YYYYMM": "202405",
        "BRD_CD": "W",
        "LARGE_CLASS_NM": "ACC",
        "MIDDLE_CLASS_NM": "Bag",
        "ITEM_NM": "크로스백",
        "PRDT_CD": "W24NWXCR4014N",
        "PRDT_NM": "BAYC 로고 크로스 백",
        "SALE_AMT": 1647.0
      },
      {
        "YYYYMM": "202405",
        "BRD_CD": "W",
        "LARGE_CLASS_NM": "의류",
        "MIDDLE_CLASS_NM": "Inner",
        "ITEM_NM": "맨투맨",
        "PRDT_CD": "W23FWWMT20836",
        "PRDT_NM": "에센셜 여성 오버핏 크롭 맨투맨",
        "SALE_AMT": 0.0
      },
      {
        "YYYYMM": "202505",
        "BRD_CD": "W",
        "LARGE_CLASS_NM": "의류",
        "MIDDLE_CLASS_NM": "Inner",
        "ITEM_NM": "후드티",
        "PRDT_CD": "W22FWXHD60224",
        "PRDT_NM": "SUPRA 빅로고 후드티",
        "SALE_AMT": 0.0
      },
      {
        "YYYYMM": "202505",
        "BRD_CD": "W",
        "LARGE_CLASS_NM": "의류",
        "MIDDLE_CLASS_NM": "Inner",
        "ITEM_NM": "데님셔츠",
        "PRDT_CD": "W24SWXDR10343",
        "PRDT_NM": "Team supra 후면 데님 반팔 셔츠",
        "SALE_AMT": 455.90000000000003
      },
      {
        "YYYYMM": "202505",
        "BRD_CD": "W",
        "LARGE_CLASS_NM": "의류",
        "MIDDLE_CLASS_NM": "Inner",
        "ITEM_NM": "맨투맨",
        "PRDT_CD": "W24SWXMT50741",
        "PRDT_NM": "쉴드 로고 배색 반집업 맨투맨",
        "SALE_AMT": 0.0
      },
      {
        "YYYYMM": "202505",
        "BRD_CD": "W",
        "LARGE_CLASS_NM": "의류",
        "MIDDLE_CLASS_NM": "Outer",
        "ITEM_NM": "소프트쉘",
        "PRDT_CD": "W24FWXSS30544",
        "PRDT_NM": "우븐 포켓 플리스자켓",
        "SALE_AMT": 609.0
      },
      {
        "YYYYMM": "202505",
        "BRD_CD": "W",
        "LARGE_CLASS_NM": "ACC",
        "MIDDLE_CLASS_NM": "Acc_etc",
        "ITEM_NM": "양말",
        "PRDT_CD": "W24NWXSO4014N",
        "PRDT_NM": "BAYC  기본 로고 양말",
        "SALE_AMT": 512.0
      },
      {
        "YYYYMM": "202505",
        "BRD_CD": "W",
        "LARGE_CLASS_NM": "ACC",
        "MIDDLE_CLASS_NM": "Bag",
        "ITEM_NM": "가방",
        "PRDT_CD": "W23NWXBG1093N",
        "PRDT_NM": "BAYC 베이직 로고 크로스백",
        "SALE_AMT": 238.0
      },
      {
        "YYYYMM": "202405",
        "BRD_CD": "W",
        "LARGE_CLASS_NM": "의류",
        "MIDDLE_CLASS_NM": "Inner",
        "ITEM_NM": "후드티",
        "PRDT_CD": "W23FWXHD00836",
        "PRDT_NM": "에센셜 베이직 로고 오버핏 후드티",
        "SALE_AMT": 356.0
      },
      {
        "YYYYMM": "202405",
        "BRD_CD": "W",
        "LARGE_CLASS_NM": "ACC",
        "MIDDLE_CLASS_NM": "Acc_etc",
        "ITEM_NM": "양말",
        "PRDT_CD": "W23NWXSO7103N",
        "PRDT_NM": "에센셜 로고 양말",
        "SALE_AMT": -5785.35
      },
      {
        "YYYYMM": "202405",
        "BRD_CD": "W",
        "LARGE_CLASS_NM": "ACC",
        "MIDDLE_CLASS_NM": "Shoes",
        "ITEM_NM": "신발",
        "PRDT_CD": "W24NWXSH5914N",
        "PRDT_NM": "VAIDER X",
        "SALE_AMT": 18821.9
      },
      {
        "YYYYMM": "202405",
        "BRD_CD": "W",
        "LARGE_CLASS_NM": "의류",
        "MIDDLE_CLASS_NM": "Outer",
        "ITEM_NM": "베스트",
        "PRDT_CD": "W23FWWVT41434",
        "PRDT_NM": "BAYC 여성 울 오버핏 바시티 베스트",
        "SALE_AMT": 0.0
      },
      {
        "YYYYMM": "202505",
        "BRD_CD": "W",
        "LARGE_CLASS_NM": "ACC",
        "MIDDLE_CLASS_NM": "Shoes",
        "ITEM_NM": "슬리퍼",
        "PRDT_CD": "W24SWXLP42141",
        "PRDT_NM": "VAIDER CLOG",
        "SALE_AMT": 287.0
      },
      {
        "YYYYMM": "202505",
        "BRD_CD": "W",
        "LARGE_CLASS_NM": "ACC",
        "MIDDLE_CLASS_NM": "Headwear",
        "ITEM_NM": "운동모",
        "PRDT_CD": "W23NWXCP2033N",
        "PRDT_NM": "BAYC 원포인트 로고 버킷햇",
        "SALE_AMT": 738.1800000000001
      },
      {
        "YYYYMM": "202405",
        "BRD_CD": "W",
        "LARGE_CLASS_NM": "의류",
        "MIDDLE_CLASS_NM": "Inner",
        "ITEM_NM": "트레이닝(상의)",
        "PRDT_CD": "W23FWXTR42134",
        "PRDT_NM": "BAYC 스탠드넥 트레이닝 집업 셋업",
        "SALE_AMT": 0.0
      },
      {
        "YYYYMM": "202505",
        "BRD_CD": "W",
        "LARGE_CLASS_NM": "의류",
        "MIDDLE_CLASS_NM": "Bottom",
        "ITEM_NM": "트레이닝(하의)",
        "PRDT_CD": "W24SWXTP10741",
        "PRDT_NM": "에센셜 배색 트랙 팬츠",
        "SALE_AMT": 0.0
      },
      {
        "YYYYMM": "202505",
        "BRD_CD": "W",
        "LARGE_CLASS_NM": "ACC",
        "MIDDLE_CLASS_NM": "Headwear",
        "ITEM_NM": "운동모",
        "PRDT_CD": "W24NWXCP3514N",
        "PRDT_NM": "마운틴 SB 그래픽 라벨 포인트",
        "SALE_AMT": 0.0
      },
      {
        "YYYYMM": "202405",
        "BRD_CD": "W",
        "LARGE_CLASS_NM": "의류",
        "MIDDLE_CLASS_NM": "Inner",
        "ITEM_NM": "후드티",
        "PRDT_CD": "W22FWWHD40424",
        "PRDT_NM": "우먼스 크롭 후드티",
        "SALE_AMT": 0.0
      },
      {
        "YYYYMM": "202505",
        "BRD_CD": "W",
        "LARGE_CLASS_NM": "의류",
        "MIDDLE_CLASS_NM": "Inner",
        "ITEM_NM": "맨투맨",
        "PRDT_CD": "W24FWXMT50746",
        "PRDT_NM": "삼각 와펜 포인트 립스탑 우븐",
        "SALE_AMT": 0.0
      },
      {
        "YYYYMM": "202405",
        "BRD_CD": "W",
        "LARGE_CLASS_NM": "의류",
        "MIDDLE_CLASS_NM": "Inner",
        "ITEM_NM": "맨투맨",
        "PRDT_CD": "W24SWXMT20143",
        "PRDT_NM": "TEAM SUPRA 반팔 맨투맨",
        "SALE_AMT": 923.0
      },
      {
        "YYYYMM": "202505",
        "BRD_CD": "W",
        "LARGE_CLASS_NM": "의류",
        "MIDDLE_CLASS_NM": "Outer",
        "ITEM_NM": "방풍자켓",
        "PRDT_CD": "W23FWXWJ41534",
        "PRDT_NM": "BAYC 우븐 오버핏 아노락",
        "SALE_AMT": 0.0
      },
      {
        "YYYYMM": "202405",
        "BRD_CD": "W",
        "LARGE_CLASS_NM": "ACC",
        "MIDDLE_CLASS_NM": "Shoes",
        "ITEM_NM": "신발",
        "PRDT_CD": "W23NWXSH5113N",
        "PRDT_NM": "VAIDER STADIUM",
        "SALE_AMT": 21899.52
      },
      {
        "YYYYMM": "202505",
        "BRD_CD": "W",
        "LARGE_CLASS_NM": "ACC",
        "MIDDLE_CLASS_NM": "Shoes",
        "ITEM_NM": "신발",
        "PRDT_CD": "W24NWXSH5954N",
        "PRDT_NM": "VAIDER X",
        "SALE_AMT": 1604.22
      },
      {
        "YYYYMM": "202505",
        "BRD_CD": "W",
        "LARGE_CLASS_NM": "의류",
        "MIDDLE_CLASS_NM": "Bottom",
        "ITEM_NM": "팬츠",
        "PRDT_CD": "W23FWMPT31336",
        "PRDT_NM": "바시티 남성 크라운 로고 져지 와이드팬츠",
        "SALE_AMT": -291.42
      },
      {
        "YYYYMM": "202405",
        "BRD_CD": "W",
        "LARGE_CLASS_NM": "의류",
        "MIDDLE_CLASS_NM": "Outer",
        "ITEM_NM": "다운점퍼",
        "PRDT_CD": "W23FWXDJ10136",
        "PRDT_NM": "에센셜 오버핏 숏 다운 자켓",
        "SALE_AMT": -5036.64
      },
      {
        "YYYYMM": "202405",
        "BRD_CD": "W",
        "LARGE_CLASS_NM": "의류",
        "MIDDLE_CLASS_NM": "Inner",
        "ITEM_NM": "후드티",
        "PRDT_CD": "W23FWWHD20536",
        "PRDT_NM": "페스티벌 여성 벨벳 크롭 후드 집업 셋업",
        "SALE_AMT": 0.0
      },
      {
        "YYYYMM": "202405",
        "BRD_CD": "W",
        "LARGE_CLASS_NM": "ACC",
        "MIDDLE_CLASS_NM": "Bag",
        "ITEM_NM": "가방",
        "PRDT_CD": "W23NWXBG1043N",
        "PRDT_NM": "에센셜 베이직 로고 힙색",
        "SALE_AMT": 0.0
      },
      {
        "YYYYMM": "202405",
        "BRD_CD": "W",
        "LARGE_CLASS_NM": "의류",
        "MIDDLE_CLASS_NM": "Inner",
        "ITEM_NM": "반팔티셔츠",
        "PRDT_CD": "W24SWXRS20143",
        "PRDT_NM": "바시티 06 넘버링 반팔 티셔츠",
        "SALE_AMT": 8958.060000000001
      },
      {
        "YYYYMM": "202505",
        "BRD_CD": "W",
        "LARGE_CLASS_NM": "ACC",
        "MIDDLE_CLASS_NM": "Acc_etc",
        "ITEM_NM": "양말",
        "PRDT_CD": "W23NWXSO7103N",
        "PRDT_NM": "에센셜 로고 양말",
        "SALE_AMT": 233.0
      },
      {
        "YYYYMM": "202505",
        "BRD_CD": "W",
        "LARGE_CLASS_NM": "의류",
        "MIDDLE_CLASS_NM": "Inner",
        "ITEM_NM": "후드티",
        "PRDT_CD": "W24FWXHD30544",
        "PRDT_NM": "라벨 포인트 데일리 후드",
        "SALE_AMT": 294.15
      },
      {
        "YYYYMM": "202505",
        "BRD_CD": "W",
        "LARGE_CLASS_NM": "의류",
        "MIDDLE_CLASS_NM": "Inner",
        "ITEM_NM": "맨투맨",
        "PRDT_CD": "W22SWXMT50723",
        "PRDT_NM": "[SUPRA X #7298] 릭 헉슬리 스웻 셔",
        "SALE_AMT": 0.0
      },
      {
        "YYYYMM": "202505",
        "BRD_CD": "W",
        "LARGE_CLASS_NM": "의류",
        "MIDDLE_CLASS_NM": "Inner",
        "ITEM_NM": "반팔티셔츠",
        "PRDT_CD": "W24SWWRS21243",
        "PRDT_NM": "바시티 여성 에스 포인트 크롭",
        "SALE_AMT": 1918.0
      },
      {
        "YYYYMM": "202405",
        "BRD_CD": "W",
        "LARGE_CLASS_NM": "ACC",
        "MIDDLE_CLASS_NM": "Acc_etc",
        "ITEM_NM": "양말",
        "PRDT_CD": "W24NWXSO1034N",
        "PRDT_NM": "에센셜 컬러 블록 로고 양말",
        "SALE_AMT": 1229.52
      }
    ],
    "total_records_count": 749
  }
}