{
  "country": "CN",
  "brand_cd": "X",
  "brand_name": "DISCOVERY",
  "yyyymm": "202510",
  "yyyymm_py": "202411",
  "key": "(대리상오프)점당매출",
  "sub_key": "(대리상오프)점당매출 AI 분석",
  "analysis_data": {
    "title": "오프라인 대리상 점당매출 종합분석",
    "sections": [
      {
        "div": "종합분석-1",
        "sub_title": "우수 대리상",
        "ai_text": "**매출 규모별 TOP 3 우수 대리상**\n\n• **HAERBIN XICHENGHONGCHANG (CN6382)**: 3,787k로 전체 매출의 18.4% 차지\n  - 1월 429k로 강력한 출발, 10월 639k로 최고 매출 달성\n  - 월평균 379k의 안정적 매출 유지로 최우수 성과\n\n• **CHANGCHUN OUYA SHANGDU (CN6384)**: 2,442k로 전체 매출의 11.9% 차지\n  - 1월 335k 시작, 6월 284k로 상반기 안정적 성장\n  - 10월 314k로 하반기 회복세 보여 지속 성장 가능성\n\n• **CHANGCHUN OUYA MAICHANG (CN6385)**: 2,390k로 전체 매출의 11.6% 차지\n  - 6월 285k 피크 후 9월 107k로 일시 하락\n  - 10월 397k로 강력한 반등, 계절적 변동성 극복\n\n**신규 오픈 대리상 중 주목할 성과**\n\n• **BEIJING DAXING IKEA (CN6424)**: 6월 오픈 후 5개월간 1,889k 달성\n  - 월평균 378k로 기존 우수 대리상과 동등한 수준\n  - 10월 700k로 급성장, 수도권 시장 진출 성공"
      },
      {
        "div": "종합분석-2",
        "sub_title": "수익성 개선 필요",
        "ai_text": "**매출 규모 하위 대리상 현황**\n\n• **SANYA CDF (CN6434)**: 77k로 최저 매출 기록\n  - 9월 27k, 10월 50k로 극히 제한적인 매출 규모\n  - 면세점 특성상 관광객 감소 영향으로 추정\n\n• **WULUMUQI MM1 (CN6426)**: 214k로 하위권 매출\n  - 8월 94k에서 10월 63k로 지속적 감소 추세\n  - 지역적 특성과 접근성 문제로 매출 한계 노출\n\n• **BAICHENG OUYA (CN6445)**: 267k로 저조한 성과\n  - 9월 60k에서 10월 207k로 개선되었으나 여전히 낮은 수준\n  - 지방 소도시 특성상 구매력 제약 요인\n\n**운영 기간 대비 저성과 대리상**\n\n• **ZHENGDONG MIXC (CN6423)**: 6월 오픈 후 5개월간 648k\n  - 월평균 130k로 신규 대리상 중 상대적 저성과\n  - 대형 쇼핑몰 입점임에도 기대치 대비 부진\n\n• **CHONGQING BEICHENG TIANJIE (CN6409)**: 7개월 운영 977k\n  - 월평균 140k로 대도시 대리상 치고는 아쉬운 성과\n  - 8월 213k 이후 지속적 매출 감소 우려"
      },
      {
        "div": "종합분석-3",
        "sub_title": "인사이트",
        "ai_text": "**핵심 성과 격차 요인 분석**\n\n1. **지역별 성과 편차**: 동북지역(하얼빈, 장춘) 대리상들이 상위권 독점\n   - 하얼빈 1개소 3,787k vs 하위 5개소 합계 1,201k\n   - 지역별 브랜드 인지도와 구매력 차이 명확히 드러남\n\n2. **오픈 시기별 성과 차이**: 연초 오픈 대리상이 압도적 우위\n   - 1~3월 오픈: 평균 2,689k vs 7월 이후 오픈: 평균 759k\n   - 브랜딩 기간과 시장 정착 시간의 중요성 확인\n\n**전략적 개선 방안**\n\n• **우수 대리상 성공 모델 벤치마킹**\n  - 하얼빈, 장춘 지역 운영 노하우를 타 지역에 전파\n  - 월별 매출 변동성 관리 방안 표준화\n\n• **저성과 대리상 집중 지원**\n  - 매출 500k 미만 8개소에 대한 맞춤형 마케팅 지원\n  - 지역 특성을 고려한 상품 구성 및 가격 정책 차별화\n\n• **신규 진출 전략 수정**\n  - 수도권(베이징 이케아) 성공 사례를 활용한 1~2선 도시 확장\n  - 3~4선 도시 진출 시 신중한 시장 조사와 단계적 접근 필요\n\n**2025년 하반기 액션 플랜**\n\n- 우수 대리상 3개소 추가 확장 검토\n- 저성과 대리상 5개소 운영 개선 프로그램 시행\n- 지역별 차별화된 브랜드 마케팅 전략 수립"
      }
    ]
  },
  "summary": {
    "total_cy": 20535.0,
    "total_py": 0.0,
    "change_pct": 0,
    "total_agents": 17,
    "analysis_period": "2025년 1월 ~ 2025년 11월 vs 2024년 1월 ~ 2024년 11월"
  },
  "agent_summary": [
    {
      "shop_cd": "CN6382",
      "shop_en_nm": "HAERBIN XICHENGHONGCHANG",
      "total_cy": 3787.0,
      "total_py": 0.0,
      "total_change_pct": 0,
      "months": {
        "202501": {
          "cy": 429.0,
          "py": 0.0,
          "change_pct": 0
        },
        "202502": {
          "cy": 272.0,
          "py": 0.0,
          "change_pct": 0
        },
        "202503": {
          "cy": 337.0,
          "py": 0.0,
          "change_pct": 0
        },
        "202504": {
          "cy": 320.0,
          "py": 0.0,
          "change_pct": 0
        },
        "202505": {
          "cy": 339.0,
          "py": 0.0,
          "change_pct": 0
        },
        "202506": {
          "cy": 325.0,
          "py": 0.0,
          "change_pct": 0
        },
        "202507": {
          "cy": 330.0,
          "py": 0.0,
          "change_pct": 0
        },
        "202508": {
          "cy": 442.0,
          "py": 0.0,
          "change_pct": 0
        },
        "202509": {
          "cy": 354.0,
          "py": 0.0,
          "change_pct": 0
        },
        "202510": {
          "cy": 639.0,
          "py": 0.0,
          "change_pct": 0
        }
      }
    },
    {
      "shop_cd": "CN6384",
      "shop_en_nm": "CHANGCHUN OUYA SHANGDU",
      "total_cy": 2442.0,
      "total_py": 0.0,
      "total_change_pct": 0,
      "months": {
        "202501": {
          "cy": 335.0,
          "py": 0.0,
          "change_pct": 0
        },
        "202502": {
          "cy": 183.0,
          "py": 0.0,
          "change_pct": 0
        },
        "202503": {
          "cy": 165.0,
          "py": 0.0,
          "change_pct": 0
        },
        "202504": {
          "cy": 241.0,
          "py": 0.0,
          "change_pct": 0
        },
        "202505": {
          "cy": 239.0,
          "py": 0.0,
          "change_pct": 0
        },
        "202506": {
          "cy": 284.0,
          "py": 0.0,
          "change_pct": 0
        },
        "202507": {
          "cy": 253.0,
          "py": 0.0,
          "change_pct": 0
        },
        "202508": {
          "cy": 229.0,
          "py": 0.0,
          "change_pct": 0
        },
        "202509": {
          "cy": 199.0,
          "py": 0.0,
          "change_pct": 0
        },
        "202510": {
          "cy": 314.0,
          "py": 0.0,
          "change_pct": 0
        }
      }
    },
    {
      "shop_cd": "CN6385",
      "shop_en_nm": "CHANGCHUN OUYA MAICHANG",
      "total_cy": 2390.0,
      "total_py": 0.0,
      "total_change_pct": 0,
      "months": {
        "202501": {
          "cy": 279.0,
          "py": 0.0,
          "change_pct": 0
        },
        "202502": {
          "cy": 149.0,
          "py": 0.0,
          "change_pct": 0
        },
        "202503": {
          "cy": 222.0,
          "py": 0.0,
          "change_pct": 0
        },
        "202504": {
          "cy": 250.0,
          "py": 0.0,
          "change_pct": 0
        },
        "202505": {
          "cy": 270.0,
          "py": 0.0,
          "change_pct": 0
        },
        "202506": {
          "cy": 285.0,
          "py": 0.0,
          "change_pct": 0
        },
        "202507": {
          "cy": 206.0,
          "py": 0.0,
          "change_pct": 0
        },
        "202508": {
          "cy": 226.0,
          "py": 0.0,
          "change_pct": 0
        },
        "202509": {
          "cy": 107.0,
          "py": 0.0,
          "change_pct": 0
        },
        "202510": {
          "cy": 397.0,
          "py": 0.0,
          "change_pct": 0
        }
      }
    },
    {
      "shop_cd": "CN6383",
      "shop_en_nm": "TAIYUAN MIXC",
      "total_cy": 2138.0,
      "total_py": 0.0,
      "total_change_pct": 0,
      "months": {
        "202501": {
          "cy": 268.0,
          "py": 0.0,
          "change_pct": 0
        },
        "202502": {
          "cy": 198.0,
          "py": 0.0,
          "change_pct": 0
        },
        "202503": {
          "cy": 210.0,
          "py": 0.0,
          "change_pct": 0
        },
        "202504": {
          "cy": 163.0,
          "py": 0.0,
          "change_pct": 0
        },
        "202505": {
          "cy": 237.0,
          "py": 0.0,
          "change_pct": 0
        },
        "202506": {
          "cy": 121.0,
          "py": 0.0,
          "change_pct": 0
        },
        "202507": {
          "cy": 108.0,
          "py": 0.0,
          "change_pct": 0
        },
        "202508": {
          "cy": 353.0,
          "py": 0.0,
          "change_pct": 0
        },
        "202509": {
          "cy": 168.0,
          "py": 0.0,
          "change_pct": 0
        },
        "202510": {
          "cy": 311.0,
          "py": 0.0,
          "change_pct": 0
        }
      }
    },
    {
      "shop_cd": "CN6424",
      "shop_en_nm": "BEIJING DAXING IKEA",
      "total_cy": 1889.0,
      "total_py": 0.0,
      "total_change_pct": 0,
      "months": {
        "202506": {
          "cy": 74.0,
          "py": 0.0,
          "change_pct": 0
        },
        "202507": {
          "cy": 286.0,
          "py": 0.0,
          "change_pct": 0
        },
        "202508": {
          "cy": 413.0,
          "py": 0.0,
          "change_pct": 0
        },
        "202509": {
          "cy": 415.0,
          "py": 0.0,
          "change_pct": 0
        },
        "202510": {
          "cy": 700.0,
          "py": 0.0,
          "change_pct": 0
        }
      }
    },
    {
      "shop_cd": "CN6428",
      "shop_en_nm": "YANJI DEPARTMENT STORE",
      "total_cy": 1444.0,
      "total_py": 0.0,
      "total_change_pct": 0,
      "months": {
        "202507": {
          "cy": 416.0,
          "py": 0.0,
          "change_pct": 0
        },
        "202508": {
          "cy": 262.0,
          "py": 0.0,
          "change_pct": 0
        },
        "202509": {
          "cy": 297.0,
          "py": 0.0,
          "change_pct": 0
        },
        "202510": {
          "cy": 469.0,
          "py": 0.0,
          "change_pct": 0
        }
      }
    },
    {
      "shop_cd": "CN6414",
      "shop_en_nm": "WUHAN WUSHANGMENGSHIDAI",
      "total_cy": 1088.0,
      "total_py": 0.0,
      "total_change_pct": 0,
      "months": {
        "202505": {
          "cy": 202.0,
          "py": 0.0,
          "change_pct": 0
        },
        "202506": {
          "cy": 108.0,
          "py": 0.0,
          "change_pct": 0
        },
        "202507": {
          "cy": 161.0,
          "py": 0.0,
          "change_pct": 0
        },
        "202508": {
          "cy": 254.0,
          "py": 0.0,
          "change_pct": 0
        },
        "202509": {
          "cy": 136.0,
          "py": 0.0,
          "change_pct": 0
        },
        "202510": {
          "cy": 227.0,
          "py": 0.0,
          "change_pct": 0
        }
      }
    },
    {
      "shop_cd": "CN6410",
      "shop_en_nm": "NANCHANG THE MIXC",
      "total_cy": 1045.0,
      "total_py": 0.0,
      "total_change_pct": 0,
      "months": {
        "202505": {
          "cy": 224.0,
          "py": 0.0,
          "change_pct": 0
        },
        "202506": {
          "cy": 153.0,
          "py": 0.0,
          "change_pct": 0
        },
        "202507": {
          "cy": 152.0,
          "py": 0.0,
          "change_pct": 0
        },
        "202508": {
          "cy": 190.0,
          "py": 0.0,
          "change_pct": 0
        },
        "202509": {
          "cy": 134.0,
          "py": 0.0,
          "change_pct": 0
        },
        "202510": {
          "cy": 192.0,
          "py": 0.0,
          "change_pct": 0
        }
      }
    },
    {
      "shop_cd": "CN6409",
      "shop_en_nm": "CHONGQING BEICHENG TIANJIE",
      "total_cy": 977.0,
      "total_py": 0.0,
      "total_change_pct": 0,
      "months": {
        "202504": {
          "cy": 101.0,
          "py": 0.0,
          "change_pct": 0
        },
        "202505": {
          "cy": 139.0,
          "py": 0.0,
          "change_pct": 0
        },
        "202506": {
          "cy": 146.0,
          "py": 0.0,
          "change_pct": 0
        },
        "202507": {
          "cy": 112.0,
          "py": 0.0,
          "change_pct": 0
        },
        "202508": {
          "cy": 213.0,
          "py": 0.0,
          "change_pct": 0
        },
        "202509": {
          "cy": 112.0,
          "py": 0.0,
          "change_pct": 0
        },
        "202510": {
          "cy": 154.0,
          "py": 0.0,
          "change_pct": 0
        }
      }
    },
    {
      "shop_cd": "CN6433",
      "shop_en_nm": "HANGZHOU BINJIANG LONGHU",
      "total_cy": 941.0,
      "total_py": 0.0,
      "total_change_pct": 0,
      "months": {
        "202507": {
          "cy": 33.0,
          "py": 0.0,
          "change_pct": 0
        },
        "202508": {
          "cy": 243.0,
          "py": 0.0,
          "change_pct": 0
        },
        "202509": {
          "cy": 454.0,
          "py": 0.0,
          "change_pct": 0
        },
        "202510": {
          "cy": 212.0,
          "py": 0.0,
          "change_pct": 0
        }
      }
    },
    {
      "shop_cd": "CN6423",
      "shop_en_nm": "ZHENGDONG MIXC",
      "total_cy": 648.0,
      "total_py": 0.0,
      "total_change_pct": 0,
      "months": {
        "202506": {
          "cy": 79.0,
          "py": 0.0,
          "change_pct": 0
        },
        "202507": {
          "cy": 177.0,
          "py": 0.0,
          "change_pct": 0
        },
        "202508": {
          "cy": 129.0,
          "py": 0.0,
          "change_pct": 0
        },
        "202509": {
          "cy": 103.0,
          "py": 0.0,
          "change_pct": 0
        },
        "202510": {
          "cy": 160.0,
          "py": 0.0,
          "change_pct": 0
        }
      }
    },
    {
      "shop_cd": "CN6435",
      "shop_en_nm": "JIAMUSI NEW MART",
      "total_cy": 477.0,
      "total_py": 0.0,
      "total_change_pct": 0,
      "months": {
        "202508": {
          "cy": 131.0,
          "py": 0.0,
          "change_pct": 0
        },
        "202509": {
          "cy": 145.0,
          "py": 0.0,
          "change_pct": 0
        },
        "202510": {
          "cy": 201.0,
          "py": 0.0,
          "change_pct": 0
        }
      }
    },
    {
      "shop_cd": "CN6446",
      "shop_en_nm": "SHENYANG ZHONGXINGSHANGYEDASHA",
      "total_cy": 448.0,
      "total_py": 0.0,
      "total_change_pct": 0,
      "months": {
        "202509": {
          "cy": 186.0,
          "py": 0.0,
          "change_pct": 0
        },
        "202510": {
          "cy": 262.0,
          "py": 0.0,
          "change_pct": 0
        }
      }
    },
    {
      "shop_cd": "CN6445",
      "shop_en_nm": "BAICHENG OUYA",
      "total_cy": 267.0,
      "total_py": 0.0,
      "total_change_pct": 0,
      "months": {
        "202509": {
          "cy": 60.0,
          "py": 0.0,
          "change_pct": 0
        },
        "202510": {
          "cy": 207.0,
          "py": 0.0,
          "change_pct": 0
        }
      }
    },
    {
      "shop_cd": "CN6452",
      "shop_en_nm": "HANGZHOUDASHA",
      "total_cy": 264.0,
      "total_py": 0.0,
      "total_change_pct": 0,
      "months": {
        "202509": {
          "cy": 104.0,
          "py": 0.0,
          "change_pct": 0
        },
        "202510": {
          "cy": 161.0,
          "py": 0.0,
          "change_pct": 0
        }
      }
    },
    {
      "shop_cd": "CN6426",
      "shop_en_nm": "WULUMUQI MM1",
      "total_cy": 214.0,
      "total_py": 0.0,
      "total_change_pct": 0,
      "months": {
        "202508": {
          "cy": 94.0,
          "py": 0.0,
          "change_pct": 0
        },
        "202509": {
          "cy": 57.0,
          "py": 0.0,
          "change_pct": 0
        },
        "202510": {
          "cy": 63.0,
          "py": 0.0,
          "change_pct": 0
        }
      }
    },
    {
      "shop_cd": "CN6434",
      "shop_en_nm": "SANYA CDF",
      "total_cy": 77.0,
      "total_py": 0.0,
      "total_change_pct": 0,
      "months": {
        "202509": {
          "cy": 27.0,
          "py": 0.0,
          "change_pct": 0
        },
        "202510": {
          "cy": 50.0,
          "py": 0.0,
          "change_pct": 0
        }
      }
    }
  ],
  "raw_data": {
    "sample_records": [
      {
        "YYYYMM": "202510",
        "BRD_CD": "X",
        "SHOP_CD": "CN6445",
        "SHOP_EN_NM": "BAICHENG OUYA",
        "CY_SALE_AMT": 206783.0,
        "PY_SALE_AMT": 0.0,
        "DIV": "신규점"
      },
      {
        "YYYYMM": "202510",
        "BRD_CD": "X",
        "SHOP_CD": "CN6452",
        "SHOP_EN_NM": "HANGZHOUDASHA",
        "CY_SALE_AMT": 160576.0,
        "PY_SALE_AMT": 0.0,
        "DIV": "신규점"
      },
      {
        "YYYYMM": "202510",
        "BRD_CD": "X",
        "SHOP_CD": "CN6383",
        "SHOP_EN_NM": "TAIYUAN MIXC",
        "CY_SALE_AMT": 310563.0,
        "PY_SALE_AMT": 0.0,
        "DIV": "신규점"
      },
      {
        "YYYYMM": "202510",
        "BRD_CD": "X",
        "SHOP_CD": "CN6433",
        "SHOP_EN_NM": "HANGZHOU BINJIANG LONGHU",
        "CY_SALE_AMT": 211860.0,
        "PY_SALE_AMT": 0.0,
        "DIV": "신규점"
      },
      {
        "YYYYMM": "202510",
        "BRD_CD": "X",
        "SHOP_CD": "CN6446",
        "SHOP_EN_NM": "SHENYANG ZHONGXINGSHANGYEDASHA",
        "CY_SALE_AMT": 261855.0,
        "PY_SALE_AMT": 0.0,
        "DIV": "신규점"
      },
      {
        "YYYYMM": "202510",
        "BRD_CD": "X",
        "SHOP_CD": "CN6434",
        "SHOP_EN_NM": "SANYA CDF",
        "CY_SALE_AMT": 50121.0,
        "PY_SALE_AMT": 0.0,
        "DIV": "신규점"
      },
      {
        "YYYYMM": "202510",
        "BRD_CD": "X",
        "SHOP_CD": "CN6382",
        "SHOP_EN_NM": "HAERBIN XICHENGHONGCHANG",
        "CY_SALE_AMT": 639363.0,
        "PY_SALE_AMT": 0.0,
        "DIV": "신규점"
      },
      {
        "YYYYMM": "202510",
        "BRD_CD": "X",
        "SHOP_CD": "CN6435",
        "SHOP_EN_NM": "JIAMUSI NEW MART",
        "CY_SALE_AMT": 200773.0,
        "PY_SALE_AMT": 0.0,
        "DIV": "신규점"
      },
      {
        "YYYYMM": "202510",
        "BRD_CD": "X",
        "SHOP_CD": "CN6410",
        "SHOP_EN_NM": "NANCHANG THE MIXC",
        "CY_SALE_AMT": 191606.0,
        "PY_SALE_AMT": 0.0,
        "DIV": "신규점"
      },
      {
        "YYYYMM": "202510",
        "BRD_CD": "X",
        "SHOP_CD": "CN6423",
        "SHOP_EN_NM": "ZHENGDONG MIXC",
        "CY_SALE_AMT": 160108.0,
        "PY_SALE_AMT": 0.0,
        "DIV": "신규점"
      },
      {
        "YYYYMM": "202510",
        "BRD_CD": "X",
        "SHOP_CD": "CN6424",
        "SHOP_EN_NM": "BEIJING DAXING IKEA",
        "CY_SALE_AMT": 700031.0,
        "PY_SALE_AMT": 0.0,
        "DIV": "신규점"
      },
      {
        "YYYYMM": "202510",
        "BRD_CD": "X",
        "SHOP_CD": "CN6428",
        "SHOP_EN_NM": "YANJI DEPARTMENT STORE",
        "CY_SALE_AMT": 468767.0,
        "PY_SALE_AMT": 0.0,
        "DIV": "신규점"
      },
      {
        "YYYYMM": "202510",
        "BRD_CD": "X",
        "SHOP_CD": "CN6385",
        "SHOP_EN_NM": "CHANGCHUN OUYA MAICHANG",
        "CY_SALE_AMT": 396586.0,
        "PY_SALE_AMT": 0.0,
        "DIV": "신규점"
      },
      {
        "YYYYMM": "202510",
        "BRD_CD": "X",
        "SHOP_CD": "CN6414",
        "SHOP_EN_NM": "WUHAN WUSHANGMENGSHIDAI",
        "CY_SALE_AMT": 226695.0,
        "PY_SALE_AMT": 0.0,
        "DIV": "신규점"
      },
      {
        "YYYYMM": "202510",
        "BRD_CD": "X",
        "SHOP_CD": "CN6384",
        "SHOP_EN_NM": "CHANGCHUN OUYA SHANGDU",
        "CY_SALE_AMT": 314433.0,
        "PY_SALE_AMT": 0.0,
        "DIV": "신규점"
      },
      {
        "YYYYMM": "202510",
        "BRD_CD": "X",
        "SHOP_CD": "CN6426",
        "SHOP_EN_NM": "WULUMUQI MM1",
        "CY_SALE_AMT": 62761.0,
        "PY_SALE_AMT": 0.0,
        "DIV": "신규점"
      },
      {
        "YYYYMM": "202510",
        "BRD_CD": "X",
        "SHOP_CD": "CN6409",
        "SHOP_EN_NM": "CHONGQING BEICHENG TIANJIE",
        "CY_SALE_AMT": 154384.0,
        "PY_SALE_AMT": 0.0,
        "DIV": "신규점"
      },
      {
        "YYYYMM": "202509",
        "BRD_CD": "X",
        "SHOP_CD": "CN6434",
        "SHOP_EN_NM": "SANYA CDF",
        "CY_SALE_AMT": 27229.0,
        "PY_SALE_AMT": 0.0,
        "DIV": "신규점"
      },
      {
        "YYYYMM": "202509",
        "BRD_CD": "X",
        "SHOP_CD": "CN6446",
        "SHOP_EN_NM": "SHENYANG ZHONGXINGSHANGYEDASHA",
        "CY_SALE_AMT": 186062.0,
        "PY_SALE_AMT": 0.0,
        "DIV": "신규점"
      },
      {
        "YYYYMM": "202509",
        "BRD_CD": "X",
        "SHOP_CD": "CN6409",
        "SHOP_EN_NM": "CHONGQING BEICHENG TIANJIE",
        "CY_SALE_AMT": 111584.0,
        "PY_SALE_AMT": 0.0,
        "DIV": "신규점"
      },
      {
        "YYYYMM": "202509",
        "BRD_CD": "X",
        "SHOP_CD": "CN6435",
        "SHOP_EN_NM": "JIAMUSI NEW MART",
        "CY_SALE_AMT": 144850.0,
        "PY_SALE_AMT": 0.0,
        "DIV": "신규점"
      },
      {
        "YYYYMM": "202509",
        "BRD_CD": "X",
        "SHOP_CD": "CN6385",
        "SHOP_EN_NM": "CHANGCHUN OUYA MAICHANG",
        "CY_SALE_AMT": 106584.0,
        "PY_SALE_AMT": 0.0,
        "DIV": "신규점"
      },
      {
        "YYYYMM": "202509",
        "BRD_CD": "X",
        "SHOP_CD": "CN6382",
        "SHOP_EN_NM": "HAERBIN XICHENGHONGCHANG",
        "CY_SALE_AMT": 353844.0,
        "PY_SALE_AMT": 0.0,
        "DIV": "신규점"
      },
      {
        "YYYYMM": "202509",
        "BRD_CD": "X",
        "SHOP_CD": "CN6423",
        "SHOP_EN_NM": "ZHENGDONG MIXC",
        "CY_SALE_AMT": 103281.0,
        "PY_SALE_AMT": 0.0,
        "DIV": "신규점"
      },
      {
        "YYYYMM": "202509",
        "BRD_CD": "X",
        "SHOP_CD": "CN6384",
        "SHOP_EN_NM": "CHANGCHUN OUYA SHANGDU",
        "CY_SALE_AMT": 198642.0,
        "PY_SALE_AMT": 0.0,
        "DIV": "신규점"
      },
      {
        "YYYYMM": "202509",
        "BRD_CD": "X",
        "SHOP_CD": "CN6426",
        "SHOP_EN_NM": "WULUMUQI MM1",
        "CY_SALE_AMT": 57243.0,
        "PY_SALE_AMT": 0.0,
        "DIV": "신규점"
      },
      {
        "YYYYMM": "202509",
        "BRD_CD": "X",
        "SHOP_CD": "CN6452",
        "SHOP_EN_NM": "HANGZHOUDASHA",
        "CY_SALE_AMT": 103909.0,
        "PY_SALE_AMT": 0.0,
        "DIV": "신규점"
      },
      {
        "YYYYMM": "202509",
        "BRD_CD": "X",
        "SHOP_CD": "CN6383",
        "SHOP_EN_NM": "TAIYUAN MIXC",
        "CY_SALE_AMT": 167811.0,
        "PY_SALE_AMT": 0.0,
        "DIV": "신규점"
      },
      {
        "YYYYMM": "202509",
        "BRD_CD": "X",
        "SHOP_CD": "CN6428",
        "SHOP_EN_NM": "YANJI DEPARTMENT STORE",
        "CY_SALE_AMT": 297211.0,
        "PY_SALE_AMT": 0.0,
        "DIV": "신규점"
      },
      {
        "YYYYMM": "202509",
        "BRD_CD": "X",
        "SHOP_CD": "CN6424",
        "SHOP_EN_NM": "BEIJING DAXING IKEA",
        "CY_SALE_AMT": 414991.0,
        "PY_SALE_AMT": 0.0,
        "DIV": "신규점"
      },
      {
        "YYYYMM": "202509",
        "BRD_CD": "X",
        "SHOP_CD": "CN6410",
        "SHOP_EN_NM": "NANCHANG THE MIXC",
        "CY_SALE_AMT": 133574.0,
        "PY_SALE_AMT": 0.0,
        "DIV": "신규점"
      },
      {
        "YYYYMM": "202509",
        "BRD_CD": "X",
        "SHOP_CD": "CN6414",
        "SHOP_EN_NM": "WUHAN WUSHANGMENGSHIDAI",
        "CY_SALE_AMT": 135990.0,
        "PY_SALE_AMT": 0.0,
        "DIV": "신규점"
      },
      {
        "YYYYMM": "202509",
        "BRD_CD": "X",
        "SHOP_CD": "CN6433",
        "SHOP_EN_NM": "HANGZHOU BINJIANG LONGHU",
        "CY_SALE_AMT": 454068.0,
        "PY_SALE_AMT": 0.0,
        "DIV": "신규점"
      },
      {
        "YYYYMM": "202509",
        "BRD_CD": "X",
        "SHOP_CD": "CN6445",
        "SHOP_EN_NM": "BAICHENG OUYA",
        "CY_SALE_AMT": 59789.0,
        "PY_SALE_AMT": 0.0,
        "DIV": "신규점"
      },
      {
        "YYYYMM": "202508",
        "BRD_CD": "X",
        "SHOP_CD": "CN6383",
        "SHOP_EN_NM": "TAIYUAN MIXC",
        "CY_SALE_AMT": 353445.0,
        "PY_SALE_AMT": 0.0,
        "DIV": "신규점"
      },
      {
        "YYYYMM": "202508",
        "BRD_CD": "X",
        "SHOP_CD": "CN6435",
        "SHOP_EN_NM": "JIAMUSI NEW MART",
        "CY_SALE_AMT": 131147.0,
        "PY_SALE_AMT": 0.0,
        "DIV": "신규점"
      },
      {
        "YYYYMM": "202508",
        "BRD_CD": "X",
        "SHOP_CD": "CN6385",
        "SHOP_EN_NM": "CHANGCHUN OUYA MAICHANG",
        "CY_SALE_AMT": 226170.0,
        "PY_SALE_AMT": 0.0,
        "DIV": "신규점"
      },
      {
        "YYYYMM": "202508",
        "BRD_CD": "X",
        "SHOP_CD": "CN6410",
        "SHOP_EN_NM": "NANCHANG THE MIXC",
        "CY_SALE_AMT": 189984.0,
        "PY_SALE_AMT": 0.0,
        "DIV": "신규점"
      },
      {
        "YYYYMM": "202508",
        "BRD_CD": "X",
        "SHOP_CD": "CN6384",
        "SHOP_EN_NM": "CHANGCHUN OUYA SHANGDU",
        "CY_SALE_AMT": 228917.0,
        "PY_SALE_AMT": 0.0,
        "DIV": "신규점"
      },
      {
        "YYYYMM": "202508",
        "BRD_CD": "X",
        "SHOP_CD": "CN6428",
        "SHOP_EN_NM": "YANJI DEPARTMENT STORE",
        "CY_SALE_AMT": 261963.0,
        "PY_SALE_AMT": 0.0,
        "DIV": "신규점"
      },
      {
        "YYYYMM": "202508",
        "BRD_CD": "X",
        "SHOP_CD": "CN6433",
        "SHOP_EN_NM": "HANGZHOU BINJIANG LONGHU",
        "CY_SALE_AMT": 242720.0,
        "PY_SALE_AMT": 0.0,
        "DIV": "신규점"
      },
      {
        "YYYYMM": "202508",
        "BRD_CD": "X",
        "SHOP_CD": "CN6424",
        "SHOP_EN_NM": "BEIJING DAXING IKEA",
        "CY_SALE_AMT": 413455.0,
        "PY_SALE_AMT": 0.0,
        "DIV": "신규점"
      },
      {
        "YYYYMM": "202508",
        "BRD_CD": "X",
        "SHOP_CD": "CN6414",
        "SHOP_EN_NM": "WUHAN WUSHANGMENGSHIDAI",
        "CY_SALE_AMT": 254303.0,
        "PY_SALE_AMT": 0.0,
        "DIV": "신규점"
      },
      {
        "YYYYMM": "202508",
        "BRD_CD": "X",
        "SHOP_CD": "CN6426",
        "SHOP_EN_NM": "WULUMUQI MM1",
        "CY_SALE_AMT": 93654.0,
        "PY_SALE_AMT": 0.0,
        "DIV": "신규점"
      },
      {
        "YYYYMM": "202508",
        "BRD_CD": "X",
        "SHOP_CD": "CN6382",
        "SHOP_EN_NM": "HAERBIN XICHENGHONGCHANG",
        "CY_SALE_AMT": 441711.0,
        "PY_SALE_AMT": 0.0,
        "DIV": "신규점"
      },
      {
        "YYYYMM": "202508",
        "BRD_CD": "X",
        "SHOP_CD": "CN6423",
        "SHOP_EN_NM": "ZHENGDONG MIXC",
        "CY_SALE_AMT": 129389.0,
        "PY_SALE_AMT": 0.0,
        "DIV": "신규점"
      },
      {
        "YYYYMM": "202508",
        "BRD_CD": "X",
        "SHOP_CD": "CN6409",
        "SHOP_EN_NM": "CHONGQING BEICHENG TIANJIE",
        "CY_SALE_AMT": 212626.0,
        "PY_SALE_AMT": 0.0,
        "DIV": "신규점"
      },
      {
        "YYYYMM": "202507",
        "BRD_CD": "X",
        "SHOP_CD": "CN6410",
        "SHOP_EN_NM": "NANCHANG THE MIXC",
        "CY_SALE_AMT": 151924.0,
        "PY_SALE_AMT": 0.0,
        "DIV": "신규점"
      },
      {
        "YYYYMM": "202507",
        "BRD_CD": "X",
        "SHOP_CD": "CN6385",
        "SHOP_EN_NM": "CHANGCHUN OUYA MAICHANG",
        "CY_SALE_AMT": 206295.0,
        "PY_SALE_AMT": 0.0,
        "DIV": "신규점"
      },
      {
        "YYYYMM": "202507",
        "BRD_CD": "X",
        "SHOP_CD": "CN6383",
        "SHOP_EN_NM": "TAIYUAN MIXC",
        "CY_SALE_AMT": 107565.0,
        "PY_SALE_AMT": 0.0,
        "DIV": "신규점"
      }
    ],
    "total_records_count": 91
  }
}