{
  "country": "CN",
  "brand_cd": "X",
  "brand_name": "DISCOVERY",
  "yyyymm": "202503",
  "yyyymm_py": "202403",
  "key": "리테일",
  "sub_key": "채널별TOP3분석",
  "analysis_data": {
    "title": "채널별 매출 top3 분석 (당해 전년 주요변화)",
    "sections": [
      {
        "div": "(EC)티몰",
        "sub_title": "(EC)티몰 전년대비 주요 변화",
        "ai_text": "• 방풍자켓: 400k 매출로 압도적 1위, 계절적 수요와 기능성 아우터 트렌드 반영\n• 팬츠: 54k 매출로 2위, 기본 아이템으로서 안정적 수요 유지\n• 반팔티셔츠: 29k 매출로 3위, 봄철 시즌 진입으로 반팔 카테고리 성장세\n\n티몰 채널은 방풍자켓이 전체 매출의 상당 부분을 차지하며 기능성 아우터에 대한 강력한 수요를 보여줌. 반팔티셔츠와 신발(25k) 등 기본 아이템들의 고른 성장으로 포트폴리오 다양화 성과 확인. 3월 계절 전환기 특성상 아우터와 봄철 아이템의 동반 성장 패턴이 뚜렷하게 나타남."
      },
      {
        "div": "(OFF)대리상",
        "sub_title": "(OFF)대리상 전년대비 주요 변화",
        "ai_text": "• 방풍자켓: 546k 매출로 절대 강세, 오프라인 채널에서 기능성 제품 선호도 극대화\n• 팬츠: 123k 매출로 견고한 2위, 대리상 채널의 기본 아이템 판매력 입증\n• 반팔티셔츠: 42k 매출로 3위, 계절 전환기 수요 적극 대응\n\n대리상 채널은 방풍자켓 중심의 매출 구조로 단일 아이템 의존도가 높은 상황. 패딩(35k), 신발(35k), 긴팔티셔츠(36k) 등이 고른 성과를 보이며 오프라인 특성상 실용성 중심의 구매 패턴 확인. 대리상 네트워크를 통한 기능성 제품 유통 전략이 효과적으로 작동하고 있음."
      },
      {
        "div": "(OFF)쇼핑몰",
        "sub_title": "(OFF)쇼핑몰 전년대비 주요 변화",
        "ai_text": "• 방풍자켓: 266k 매출로 압도적 1위, 쇼핑몰 채널에서도 기능성 아우터 강세 지속\n• 팬츠: 43k 매출로 안정적 2위, 온오프라인 공통 베스트셀러 아이템 확인\n• 반팔티셔츠: 30k 매출로 3위, 봄철 시즌 대응 우수한 성과\n\n쇼핑몰 채널은 방풍자켓의 독주 체제 하에서도 신발(20k), 트레이닝하의(14k), 긴팔티셔츠(12k) 등 다양한 카테고리가 균형잡힌 성장세를 보임. 오프라인 쇼핑몰 특성상 체험 구매가 가능한 기능성 제품과 기본 아이템들의 동반 성장이 두드러짐. 슬링백, 힙색 등 액세서리 카테고리 진출도 주목할 만한 변화."
      },
      {
        "div": "종합분석-1",
        "sub_title": "최고 성과 채널",
        "ai_text": "(OFF)대리상이 933k로 전체 매출의 47.2%를 차지하며 최고 성과를 기록, 방풍자켓(546k)과 팬츠(123k)가 핵심 견인\n(EC)티몰이 618k(31.3%)로 2위를 기록했으나 다운점퍼에서 -44k의 역성장 발생"
      },
      {
        "div": "종합분석-2",
        "sub_title": "개선 필요 채널",
        "ai_text": "(OFF)쇼핑몰은 425k(21.5%)로 상대적 저성과를 보이며, 전체적으로 아이템별 매출 편중도가 심화되어 포트폴리오 다각화 필요\n(EC)티몰의 다운점퍼 역성장과 레깅스 부진(-1k)은 즉시 개선이 요구되는 영역"
      },
      {
        "div": "종합분석-3",
        "sub_title": "핵심 제안",
        "ai_text": "대리상 채널의 우수 성과를 벤치마킹하여 티몰과 쇼핑몰 채널에 방풍자켓 마케팅 강화 및 교차판매 전략 도입 필요\n채널별 아이템 포트폴리오 재조정을 통해 방풍자켓(56.1%) 의존도를 낮추고 반팔티셔츠, 팬츠 등 안정 아이템 비중 확대 추진"
      }
    ]
  },
  "summary": {
    "total_sales": 1.98,
    "total_sales_cy": 1.98,
    "total_sales_py": 0.0,
    "change_pct": 0,
    "unique_channels": 3,
    "unique_items": 28,
    "unique_months": 1,
    "analysis_period": "2024년 3월 vs 2025년 3월"
  },
  "channel_summary": {
    "(EC)티몰": {
      "total_sales": 0.6,
      "months": {
        "202503": 599680.7699999999
      },
      "top_items": [
        {
          "item_nm": "방풍자켓",
          "total_sales": 0.4
        },
        {
          "item_nm": "팬츠",
          "total_sales": 0.05
        },
        {
          "item_nm": "반팔티셔츠",
          "total_sales": 0.03
        },
        {
          "item_nm": "신발",
          "total_sales": 0.03
        },
        {
          "item_nm": "트레이닝(상의)",
          "total_sales": 0.02
        }
      ]
    },
    "(OFF)대리상": {
      "total_sales": 0.93,
      "months": {
        "202503": 934077.0
      },
      "top_items": [
        {
          "item_nm": "방풍자켓",
          "total_sales": 0.55
        },
        {
          "item_nm": "팬츠",
          "total_sales": 0.12
        },
        {
          "item_nm": "반팔티셔츠",
          "total_sales": 0.04
        },
        {
          "item_nm": "긴팔티셔츠",
          "total_sales": 0.04
        },
        {
          "item_nm": "신발",
          "total_sales": 0.04
        }
      ]
    },
    "(OFF)쇼핑몰": {
      "total_sales": 0.44,
      "months": {
        "202503": 443286.0
      },
      "top_items": [
        {
          "item_nm": "방풍자켓",
          "total_sales": 0.27
        },
        {
          "item_nm": "팬츠",
          "total_sales": 0.04
        },
        {
          "item_nm": "반팔티셔츠",
          "total_sales": 0.03
        },
        {
          "item_nm": "신발",
          "total_sales": 0.02
        },
        {
          "item_nm": "트레이닝(하의)",
          "total_sales": 0.01
        }
      ]
    }
  },
  "channel_summary_overall": {
    "(EC)티몰": {
      "current_sales": 0.6,
      "previous_sales": 0.0,
      "all_items": [
        {
          "item_nm": "방풍자켓",
          "total_sales": 0.4
        },
        {
          "item_nm": "팬츠",
          "total_sales": 0.05
        },
        {
          "item_nm": "반팔티셔츠",
          "total_sales": 0.03
        },
        {
          "item_nm": "신발",
          "total_sales": 0.03
        },
        {
          "item_nm": "트레이닝(상의)",
          "total_sales": 0.02
        },
        {
          "item_nm": "트레이닝(하의)",
          "total_sales": 0.02
        },
        {
          "item_nm": "긴팔티셔츠",
          "total_sales": 0.02
        },
        {
          "item_nm": "패딩",
          "total_sales": 0.01
        },
        {
          "item_nm": "소프트쉘",
          "total_sales": 0.01
        },
        {
          "item_nm": "운동모",
          "total_sales": 0.01
        },
        {
          "item_nm": "맨투맨",
          "total_sales": 0.01
        },
        {
          "item_nm": "스커트",
          "total_sales": 0.01
        },
        {
          "item_nm": "반팔카라티셔츠",
          "total_sales": 0.0
        },
        {
          "item_nm": "트레이닝 숏팬츠",
          "total_sales": 0.0
        },
        {
          "item_nm": "후드티",
          "total_sales": 0.0
        },
        {
          "item_nm": "반바지",
          "total_sales": 0.0
        },
        {
          "item_nm": "백팩",
          "total_sales": 0.0
        },
        {
          "item_nm": "크로스백",
          "total_sales": 0.0
        },
        {
          "item_nm": "브라",
          "total_sales": 0.0
        },
        {
          "item_nm": "비니",
          "total_sales": 0.0
        },
        {
          "item_nm": "바디백",
          "total_sales": 0.0
        },
        {
          "item_nm": "양말",
          "total_sales": 0.0
        },
        {
          "item_nm": "햇",
          "total_sales": 0.0
        },
        {
          "item_nm": "레깅스",
          "total_sales": -0.0
        },
        {
          "item_nm": "다운점퍼",
          "total_sales": -0.04
        }
      ],
      "change_pct": 0
    },
    "(OFF)대리상": {
      "current_sales": 0.93,
      "previous_sales": 0.0,
      "all_items": [
        {
          "item_nm": "방풍자켓",
          "total_sales": 0.55
        },
        {
          "item_nm": "팬츠",
          "total_sales": 0.12
        },
        {
          "item_nm": "반팔티셔츠",
          "total_sales": 0.04
        },
        {
          "item_nm": "긴팔티셔츠",
          "total_sales": 0.04
        },
        {
          "item_nm": "신발",
          "total_sales": 0.04
        },
        {
          "item_nm": "패딩",
          "total_sales": 0.04
        },
        {
          "item_nm": "트레이닝(상의)",
          "total_sales": 0.03
        },
        {
          "item_nm": "맨투맨",
          "total_sales": 0.02
        },
        {
          "item_nm": "트레이닝(하의)",
          "total_sales": 0.02
        },
        {
          "item_nm": "반팔카라티셔츠",
          "total_sales": 0.01
        },
        {
          "item_nm": "소프트쉘",
          "total_sales": 0.01
        },
        {
          "item_nm": "다운점퍼",
          "total_sales": 0.01
        },
        {
          "item_nm": "운동모",
          "total_sales": 0.01
        },
        {
          "item_nm": "후드티",
          "total_sales": 0.0
        },
        {
          "item_nm": "스커트",
          "total_sales": 0.0
        },
        {
          "item_nm": "햇",
          "total_sales": 0.0
        },
        {
          "item_nm": "레깅스",
          "total_sales": 0.0
        },
        {
          "item_nm": "크로스백",
          "total_sales": 0.0
        },
        {
          "item_nm": "백팩",
          "total_sales": 0.0
        },
        {
          "item_nm": "반바지",
          "total_sales": 0.0
        },
        {
          "item_nm": "양말",
          "total_sales": 0.0
        },
        {
          "item_nm": "마스크(패션용)",
          "total_sales": 0.0
        }
      ],
      "change_pct": 0
    },
    "(OFF)쇼핑몰": {
      "current_sales": 0.44,
      "previous_sales": 0.0,
      "all_items": [
        {
          "item_nm": "방풍자켓",
          "total_sales": 0.27
        },
        {
          "item_nm": "팬츠",
          "total_sales": 0.04
        },
        {
          "item_nm": "반팔티셔츠",
          "total_sales": 0.03
        },
        {
          "item_nm": "신발",
          "total_sales": 0.02
        },
        {
          "item_nm": "트레이닝(하의)",
          "total_sales": 0.01
        },
        {
          "item_nm": "긴팔티셔츠",
          "total_sales": 0.01
        },
        {
          "item_nm": "트레이닝(상의)",
          "total_sales": 0.01
        },
        {
          "item_nm": "운동모",
          "total_sales": 0.01
        },
        {
          "item_nm": "소프트쉘",
          "total_sales": 0.01
        },
        {
          "item_nm": "반팔카라티셔츠",
          "total_sales": 0.01
        },
        {
          "item_nm": "스커트",
          "total_sales": 0.0
        },
        {
          "item_nm": "맨투맨",
          "total_sales": 0.0
        },
        {
          "item_nm": "반바지",
          "total_sales": 0.0
        },
        {
          "item_nm": "패딩",
          "total_sales": 0.0
        },
        {
          "item_nm": "백팩",
          "total_sales": 0.0
        },
        {
          "item_nm": "후드티",
          "total_sales": 0.0
        },
        {
          "item_nm": "다운점퍼",
          "total_sales": 0.0
        },
        {
          "item_nm": "바디백",
          "total_sales": 0.0
        },
        {
          "item_nm": "햇",
          "total_sales": 0.0
        },
        {
          "item_nm": "힙색",
          "total_sales": 0.0
        },
        {
          "item_nm": "크로스백",
          "total_sales": 0.0
        },
        {
          "item_nm": "슬링백",
          "total_sales": 0.0
        },
        {
          "item_nm": "레깅스",
          "total_sales": 0.0
        },
        {
          "item_nm": "양말",
          "total_sales": 0.0
        },
        {
          "item_nm": "비니",
          "total_sales": 0.0
        }
      ],
      "change_pct": 0
    }
  },
  "raw_data": {
    "sample_records": [
      {
        "YYYYMM": "202503",
        "MGMT_CHNL_NM": "(EC)티몰",
        "ITEM_NM": "긴팔티셔츠",
        "SALE_AMT": 18844.96
      },
      {
        "YYYYMM": "202503",
        "MGMT_CHNL_NM": "(EC)티몰",
        "ITEM_NM": "다운점퍼",
        "SALE_AMT": -43710.42
      },
      {
        "YYYYMM": "202503",
        "MGMT_CHNL_NM": "(EC)티몰",
        "ITEM_NM": "레깅스",
        "SALE_AMT": -304.96
      },
      {
        "YYYYMM": "202503",
        "MGMT_CHNL_NM": "(EC)티몰",
        "ITEM_NM": "맨투맨",
        "SALE_AMT": 9065.54
      },
      {
        "YYYYMM": "202503",
        "MGMT_CHNL_NM": "(EC)티몰",
        "ITEM_NM": "바디백",
        "SALE_AMT": 592.95
      },
      {
        "YYYYMM": "202503",
        "MGMT_CHNL_NM": "(EC)티몰",
        "ITEM_NM": "반바지",
        "SALE_AMT": 2203.37
      },
      {
        "YYYYMM": "202503",
        "MGMT_CHNL_NM": "(EC)티몰",
        "ITEM_NM": "반팔카라티셔츠",
        "SALE_AMT": 3450.0
      },
      {
        "YYYYMM": "202503",
        "MGMT_CHNL_NM": "(EC)티몰",
        "ITEM_NM": "반팔티셔츠",
        "SALE_AMT": 28573.159999999996
      },
      {
        "YYYYMM": "202503",
        "MGMT_CHNL_NM": "(EC)티몰",
        "ITEM_NM": "방풍자켓",
        "SALE_AMT": 399617.91
      },
      {
        "YYYYMM": "202503",
        "MGMT_CHNL_NM": "(EC)티몰",
        "ITEM_NM": "백팩",
        "SALE_AMT": 2132.2599999999998
      },
      {
        "YYYYMM": "202503",
        "MGMT_CHNL_NM": "(EC)티몰",
        "ITEM_NM": "브라",
        "SALE_AMT": 1205.29
      },
      {
        "YYYYMM": "202503",
        "MGMT_CHNL_NM": "(EC)티몰",
        "ITEM_NM": "비니",
        "SALE_AMT": 1164.77
      },
      {
        "YYYYMM": "202503",
        "MGMT_CHNL_NM": "(EC)티몰",
        "ITEM_NM": "소프트쉘",
        "SALE_AMT": 13943.530000000002
      },
      {
        "YYYYMM": "202503",
        "MGMT_CHNL_NM": "(EC)티몰",
        "ITEM_NM": "스커트",
        "SALE_AMT": 6865.6900000000005
      },
      {
        "YYYYMM": "202503",
        "MGMT_CHNL_NM": "(EC)티몰",
        "ITEM_NM": "신발",
        "SALE_AMT": 25470.67
      },
      {
        "YYYYMM": "202503",
        "MGMT_CHNL_NM": "(EC)티몰",
        "ITEM_NM": "양말",
        "SALE_AMT": 384.59000000000003
      },
      {
        "YYYYMM": "202503",
        "MGMT_CHNL_NM": "(EC)티몰",
        "ITEM_NM": "운동모",
        "SALE_AMT": 12094.98
      },
      {
        "YYYYMM": "202503",
        "MGMT_CHNL_NM": "(EC)티몰",
        "ITEM_NM": "크로스백",
        "SALE_AMT": 1474.5800000000002
      },
      {
        "YYYYMM": "202503",
        "MGMT_CHNL_NM": "(EC)티몰",
        "ITEM_NM": "트레이닝 숏팬츠",
        "SALE_AMT": 3134.77
      },
      {
        "YYYYMM": "202503",
        "MGMT_CHNL_NM": "(EC)티몰",
        "ITEM_NM": "트레이닝(상의)",
        "SALE_AMT": 22973.589999999997
      },
      {
        "YYYYMM": "202503",
        "MGMT_CHNL_NM": "(EC)티몰",
        "ITEM_NM": "트레이닝(하의)",
        "SALE_AMT": 19248.9
      },
      {
        "YYYYMM": "202503",
        "MGMT_CHNL_NM": "(EC)티몰",
        "ITEM_NM": "패딩",
        "SALE_AMT": 14761.470000000001
      },
      {
        "YYYYMM": "202503",
        "MGMT_CHNL_NM": "(EC)티몰",
        "ITEM_NM": "팬츠",
        "SALE_AMT": 53764.079999999994
      },
      {
        "YYYYMM": "202503",
        "MGMT_CHNL_NM": "(EC)티몰",
        "ITEM_NM": "햇",
        "SALE_AMT": 318.20000000000005
      },
      {
        "YYYYMM": "202503",
        "MGMT_CHNL_NM": "(EC)티몰",
        "ITEM_NM": "후드티",
        "SALE_AMT": 2410.89
      },
      {
        "YYYYMM": "202503",
        "MGMT_CHNL_NM": "(OFF)대리상",
        "ITEM_NM": "긴팔티셔츠",
        "SALE_AMT": 36250.0
      },
      {
        "YYYYMM": "202503",
        "MGMT_CHNL_NM": "(OFF)대리상",
        "ITEM_NM": "다운점퍼",
        "SALE_AMT": 8641.0
      },
      {
        "YYYYMM": "202503",
        "MGMT_CHNL_NM": "(OFF)대리상",
        "ITEM_NM": "레깅스",
        "SALE_AMT": 2842.0
      },
      {
        "YYYYMM": "202503",
        "MGMT_CHNL_NM": "(OFF)대리상",
        "ITEM_NM": "마스크(패션용)",
        "SALE_AMT": 276.0
      },
      {
        "YYYYMM": "202503",
        "MGMT_CHNL_NM": "(OFF)대리상",
        "ITEM_NM": "맨투맨",
        "SALE_AMT": 16811.0
      },
      {
        "YYYYMM": "202503",
        "MGMT_CHNL_NM": "(OFF)대리상",
        "ITEM_NM": "반바지",
        "SALE_AMT": 1064.0
      },
      {
        "YYYYMM": "202503",
        "MGMT_CHNL_NM": "(OFF)대리상",
        "ITEM_NM": "반팔카라티셔츠",
        "SALE_AMT": 11966.0
      },
      {
        "YYYYMM": "202503",
        "MGMT_CHNL_NM": "(OFF)대리상",
        "ITEM_NM": "반팔티셔츠",
        "SALE_AMT": 42252.0
      },
      {
        "YYYYMM": "202503",
        "MGMT_CHNL_NM": "(OFF)대리상",
        "ITEM_NM": "방풍자켓",
        "SALE_AMT": 545945.0
      },
      {
        "YYYYMM": "202503",
        "MGMT_CHNL_NM": "(OFF)대리상",
        "ITEM_NM": "백팩",
        "SALE_AMT": 1740.0
      },
      {
        "YYYYMM": "202503",
        "MGMT_CHNL_NM": "(OFF)대리상",
        "ITEM_NM": "소프트쉘",
        "SALE_AMT": 9886.0
      },
      {
        "YYYYMM": "202503",
        "MGMT_CHNL_NM": "(OFF)대리상",
        "ITEM_NM": "스커트",
        "SALE_AMT": 3583.0
      },
      {
        "YYYYMM": "202503",
        "MGMT_CHNL_NM": "(OFF)대리상",
        "ITEM_NM": "신발",
        "SALE_AMT": 35462.0
      },
      {
        "YYYYMM": "202503",
        "MGMT_CHNL_NM": "(OFF)대리상",
        "ITEM_NM": "양말",
        "SALE_AMT": 530.0
      },
      {
        "YYYYMM": "202503",
        "MGMT_CHNL_NM": "(OFF)대리상",
        "ITEM_NM": "운동모",
        "SALE_AMT": 7317.0
      },
      {
        "YYYYMM": "202503",
        "MGMT_CHNL_NM": "(OFF)대리상",
        "ITEM_NM": "크로스백",
        "SALE_AMT": 2060.0
      },
      {
        "YYYYMM": "202503",
        "MGMT_CHNL_NM": "(OFF)대리상",
        "ITEM_NM": "트레이닝(상의)",
        "SALE_AMT": 25815.0
      },
      {
        "YYYYMM": "202503",
        "MGMT_CHNL_NM": "(OFF)대리상",
        "ITEM_NM": "트레이닝(하의)",
        "SALE_AMT": 16455.0
      },
      {
        "YYYYMM": "202503",
        "MGMT_CHNL_NM": "(OFF)대리상",
        "ITEM_NM": "패딩",
        "SALE_AMT": 35164.0
      },
      {
        "YYYYMM": "202503",
        "MGMT_CHNL_NM": "(OFF)대리상",
        "ITEM_NM": "팬츠",
        "SALE_AMT": 123084.0
      },
      {
        "YYYYMM": "202503",
        "MGMT_CHNL_NM": "(OFF)대리상",
        "ITEM_NM": "햇",
        "SALE_AMT": 3227.0
      },
      {
        "YYYYMM": "202503",
        "MGMT_CHNL_NM": "(OFF)대리상",
        "ITEM_NM": "후드티",
        "SALE_AMT": 3707.0
      },
      {
        "YYYYMM": "202503",
        "MGMT_CHNL_NM": "(OFF)쇼핑몰",
        "ITEM_NM": "긴팔티셔츠",
        "SALE_AMT": 12151.0
      },
      {
        "YYYYMM": "202503",
        "MGMT_CHNL_NM": "(OFF)쇼핑몰",
        "ITEM_NM": "다운점퍼",
        "SALE_AMT": 1980.0
      },
      {
        "YYYYMM": "202503",
        "MGMT_CHNL_NM": "(OFF)쇼핑몰",
        "ITEM_NM": "레깅스",
        "SALE_AMT": 561.0
      }
    ],
    "total_records_count": 72
  },
  "trend_data": {
    "trend_months": [
      "202503"
    ],
    "monthly_totals": [
      {
        "yyyymm": "202503",
        "total_amount": 1.98
      }
    ],
    "monthly_details": [
      {
        "yyyymm": "202503",
        "chnl_nm": "(EC)티몰",
        "item_nm": "긴팔티셔츠",
        "sale_amt": 0.02
      },
      {
        "yyyymm": "202503",
        "chnl_nm": "(EC)티몰",
        "item_nm": "다운점퍼",
        "sale_amt": -0.04
      },
      {
        "yyyymm": "202503",
        "chnl_nm": "(EC)티몰",
        "item_nm": "레깅스",
        "sale_amt": -0.0
      },
      {
        "yyyymm": "202503",
        "chnl_nm": "(EC)티몰",
        "item_nm": "맨투맨",
        "sale_amt": 0.01
      },
      {
        "yyyymm": "202503",
        "chnl_nm": "(EC)티몰",
        "item_nm": "바디백",
        "sale_amt": 0.0
      },
      {
        "yyyymm": "202503",
        "chnl_nm": "(EC)티몰",
        "item_nm": "반바지",
        "sale_amt": 0.0
      },
      {
        "yyyymm": "202503",
        "chnl_nm": "(EC)티몰",
        "item_nm": "반팔카라티셔츠",
        "sale_amt": 0.0
      },
      {
        "yyyymm": "202503",
        "chnl_nm": "(EC)티몰",
        "item_nm": "반팔티셔츠",
        "sale_amt": 0.03
      },
      {
        "yyyymm": "202503",
        "chnl_nm": "(EC)티몰",
        "item_nm": "방풍자켓",
        "sale_amt": 0.4
      },
      {
        "yyyymm": "202503",
        "chnl_nm": "(EC)티몰",
        "item_nm": "백팩",
        "sale_amt": 0.0
      },
      {
        "yyyymm": "202503",
        "chnl_nm": "(EC)티몰",
        "item_nm": "브라",
        "sale_amt": 0.0
      },
      {
        "yyyymm": "202503",
        "chnl_nm": "(EC)티몰",
        "item_nm": "비니",
        "sale_amt": 0.0
      },
      {
        "yyyymm": "202503",
        "chnl_nm": "(EC)티몰",
        "item_nm": "소프트쉘",
        "sale_amt": 0.01
      },
      {
        "yyyymm": "202503",
        "chnl_nm": "(EC)티몰",
        "item_nm": "스커트",
        "sale_amt": 0.01
      },
      {
        "yyyymm": "202503",
        "chnl_nm": "(EC)티몰",
        "item_nm": "신발",
        "sale_amt": 0.03
      },
      {
        "yyyymm": "202503",
        "chnl_nm": "(EC)티몰",
        "item_nm": "양말",
        "sale_amt": 0.0
      },
      {
        "yyyymm": "202503",
        "chnl_nm": "(EC)티몰",
        "item_nm": "운동모",
        "sale_amt": 0.01
      },
      {
        "yyyymm": "202503",
        "chnl_nm": "(EC)티몰",
        "item_nm": "크로스백",
        "sale_amt": 0.0
      },
      {
        "yyyymm": "202503",
        "chnl_nm": "(EC)티몰",
        "item_nm": "트레이닝 숏팬츠",
        "sale_amt": 0.0
      },
      {
        "yyyymm": "202503",
        "chnl_nm": "(EC)티몰",
        "item_nm": "트레이닝(상의)",
        "sale_amt": 0.02
      },
      {
        "yyyymm": "202503",
        "chnl_nm": "(EC)티몰",
        "item_nm": "트레이닝(하의)",
        "sale_amt": 0.02
      },
      {
        "yyyymm": "202503",
        "chnl_nm": "(EC)티몰",
        "item_nm": "패딩",
        "sale_amt": 0.01
      },
      {
        "yyyymm": "202503",
        "chnl_nm": "(EC)티몰",
        "item_nm": "팬츠",
        "sale_amt": 0.05
      },
      {
        "yyyymm": "202503",
        "chnl_nm": "(EC)티몰",
        "item_nm": "햇",
        "sale_amt": 0.0
      },
      {
        "yyyymm": "202503",
        "chnl_nm": "(EC)티몰",
        "item_nm": "후드티",
        "sale_amt": 0.0
      },
      {
        "yyyymm": "202503",
        "chnl_nm": "(OFF)대리상",
        "item_nm": "긴팔티셔츠",
        "sale_amt": 0.04
      },
      {
        "yyyymm": "202503",
        "chnl_nm": "(OFF)대리상",
        "item_nm": "다운점퍼",
        "sale_amt": 0.01
      },
      {
        "yyyymm": "202503",
        "chnl_nm": "(OFF)대리상",
        "item_nm": "레깅스",
        "sale_amt": 0.0
      },
      {
        "yyyymm": "202503",
        "chnl_nm": "(OFF)대리상",
        "item_nm": "마스크(패션용)",
        "sale_amt": 0.0
      },
      {
        "yyyymm": "202503",
        "chnl_nm": "(OFF)대리상",
        "item_nm": "맨투맨",
        "sale_amt": 0.02
      },
      {
        "yyyymm": "202503",
        "chnl_nm": "(OFF)대리상",
        "item_nm": "반바지",
        "sale_amt": 0.0
      },
      {
        "yyyymm": "202503",
        "chnl_nm": "(OFF)대리상",
        "item_nm": "반팔카라티셔츠",
        "sale_amt": 0.01
      },
      {
        "yyyymm": "202503",
        "chnl_nm": "(OFF)대리상",
        "item_nm": "반팔티셔츠",
        "sale_amt": 0.04
      },
      {
        "yyyymm": "202503",
        "chnl_nm": "(OFF)대리상",
        "item_nm": "방풍자켓",
        "sale_amt": 0.55
      },
      {
        "yyyymm": "202503",
        "chnl_nm": "(OFF)대리상",
        "item_nm": "백팩",
        "sale_amt": 0.0
      },
      {
        "yyyymm": "202503",
        "chnl_nm": "(OFF)대리상",
        "item_nm": "소프트쉘",
        "sale_amt": 0.01
      },
      {
        "yyyymm": "202503",
        "chnl_nm": "(OFF)대리상",
        "item_nm": "스커트",
        "sale_amt": 0.0
      },
      {
        "yyyymm": "202503",
        "chnl_nm": "(OFF)대리상",
        "item_nm": "신발",
        "sale_amt": 0.04
      },
      {
        "yyyymm": "202503",
        "chnl_nm": "(OFF)대리상",
        "item_nm": "양말",
        "sale_amt": 0.0
      },
      {
        "yyyymm": "202503",
        "chnl_nm": "(OFF)대리상",
        "item_nm": "운동모",
        "sale_amt": 0.01
      },
      {
        "yyyymm": "202503",
        "chnl_nm": "(OFF)대리상",
        "item_nm": "크로스백",
        "sale_amt": 0.0
      },
      {
        "yyyymm": "202503",
        "chnl_nm": "(OFF)대리상",
        "item_nm": "트레이닝(상의)",
        "sale_amt": 0.03
      },
      {
        "yyyymm": "202503",
        "chnl_nm": "(OFF)대리상",
        "item_nm": "트레이닝(하의)",
        "sale_amt": 0.02
      },
      {
        "yyyymm": "202503",
        "chnl_nm": "(OFF)대리상",
        "item_nm": "패딩",
        "sale_amt": 0.04
      },
      {
        "yyyymm": "202503",
        "chnl_nm": "(OFF)대리상",
        "item_nm": "팬츠",
        "sale_amt": 0.12
      },
      {
        "yyyymm": "202503",
        "chnl_nm": "(OFF)대리상",
        "item_nm": "햇",
        "sale_amt": 0.0
      },
      {
        "yyyymm": "202503",
        "chnl_nm": "(OFF)대리상",
        "item_nm": "후드티",
        "sale_amt": 0.0
      },
      {
        "yyyymm": "202503",
        "chnl_nm": "(OFF)쇼핑몰",
        "item_nm": "긴팔티셔츠",
        "sale_amt": 0.01
      },
      {
        "yyyymm": "202503",
        "chnl_nm": "(OFF)쇼핑몰",
        "item_nm": "다운점퍼",
        "sale_amt": 0.0
      },
      {
        "yyyymm": "202503",
        "chnl_nm": "(OFF)쇼핑몰",
        "item_nm": "레깅스",
        "sale_amt": 0.0
      },
      {
        "yyyymm": "202503",
        "chnl_nm": "(OFF)쇼핑몰",
        "item_nm": "맨투맨",
        "sale_amt": 0.0
      },
      {
        "yyyymm": "202503",
        "chnl_nm": "(OFF)쇼핑몰",
        "item_nm": "바디백",
        "sale_amt": 0.0
      },
      {
        "yyyymm": "202503",
        "chnl_nm": "(OFF)쇼핑몰",
        "item_nm": "반바지",
        "sale_amt": 0.0
      },
      {
        "yyyymm": "202503",
        "chnl_nm": "(OFF)쇼핑몰",
        "item_nm": "반팔카라티셔츠",
        "sale_amt": 0.01
      },
      {
        "yyyymm": "202503",
        "chnl_nm": "(OFF)쇼핑몰",
        "item_nm": "반팔티셔츠",
        "sale_amt": 0.03
      },
      {
        "yyyymm": "202503",
        "chnl_nm": "(OFF)쇼핑몰",
        "item_nm": "방풍자켓",
        "sale_amt": 0.27
      },
      {
        "yyyymm": "202503",
        "chnl_nm": "(OFF)쇼핑몰",
        "item_nm": "백팩",
        "sale_amt": 0.0
      },
      {
        "yyyymm": "202503",
        "chnl_nm": "(OFF)쇼핑몰",
        "item_nm": "비니",
        "sale_amt": 0.0
      },
      {
        "yyyymm": "202503",
        "chnl_nm": "(OFF)쇼핑몰",
        "item_nm": "소프트쉘",
        "sale_amt": 0.01
      },
      {
        "yyyymm": "202503",
        "chnl_nm": "(OFF)쇼핑몰",
        "item_nm": "스커트",
        "sale_amt": 0.0
      },
      {
        "yyyymm": "202503",
        "chnl_nm": "(OFF)쇼핑몰",
        "item_nm": "슬링백",
        "sale_amt": 0.0
      },
      {
        "yyyymm": "202503",
        "chnl_nm": "(OFF)쇼핑몰",
        "item_nm": "신발",
        "sale_amt": 0.02
      },
      {
        "yyyymm": "202503",
        "chnl_nm": "(OFF)쇼핑몰",
        "item_nm": "양말",
        "sale_amt": 0.0
      },
      {
        "yyyymm": "202503",
        "chnl_nm": "(OFF)쇼핑몰",
        "item_nm": "운동모",
        "sale_amt": 0.01
      },
      {
        "yyyymm": "202503",
        "chnl_nm": "(OFF)쇼핑몰",
        "item_nm": "크로스백",
        "sale_amt": 0.0
      },
      {
        "yyyymm": "202503",
        "chnl_nm": "(OFF)쇼핑몰",
        "item_nm": "트레이닝(상의)",
        "sale_amt": 0.01
      },
      {
        "yyyymm": "202503",
        "chnl_nm": "(OFF)쇼핑몰",
        "item_nm": "트레이닝(하의)",
        "sale_amt": 0.01
      },
      {
        "yyyymm": "202503",
        "chnl_nm": "(OFF)쇼핑몰",
        "item_nm": "패딩",
        "sale_amt": 0.0
      },
      {
        "yyyymm": "202503",
        "chnl_nm": "(OFF)쇼핑몰",
        "item_nm": "팬츠",
        "sale_amt": 0.04
      },
      {
        "yyyymm": "202503",
        "chnl_nm": "(OFF)쇼핑몰",
        "item_nm": "햇",
        "sale_amt": 0.0
      },
      {
        "yyyymm": "202503",
        "chnl_nm": "(OFF)쇼핑몰",
        "item_nm": "후드티",
        "sale_amt": 0.0
      },
      {
        "yyyymm": "202503",
        "chnl_nm": "(OFF)쇼핑몰",
        "item_nm": "힙색",
        "sale_amt": 0.0
      }
    ]
  }
}