{
  "country": "CN",
  "brand_cd": "W",
  "brand_name": "SUPRA",
  "yyyymm": "202502",
  "yyyymm_py": "202402",
  "key": "리테일",
  "sub_key": "채널별TOP3분석",
  "analysis_data": {
    "title": "채널별 매출 top3 분석 (당해 전년 주요변화)",
    "sections": [
      {
        "div": "(EC)티몰",
        "sub_title": "(EC)티몰 전년대비 주요 변화",
        "ai_text": "• 신발: 17,611k로 압도적 1위, 전년 15,271k 대비 +15.3% 성장세 지속\n• 점퍼: 4,699k로 2위, 전년 4,327k 대비 +8.6% 안정적 성장\n• 맨투맨: 4,333k로 3위, 전년 2,500k 대비 +73.3% 폭발적 성장\n\n채널 전체 매출액(v+)은 50k로 전년 40k 대비 +25.0% 성장했으나 절대 규모는 여전히 소규모입니다. 맨투맨의 급성장이 주목할 만하며, 신발과 점퍼의 꾸준한 성장세가 채널 안정성을 뒷받침하고 있습니다. 단기적으로는 맨투맨 카테고리 확대와 신발 라인업 강화가 필요하며, 중장기적으로는 EC 채널 특성을 활용한 디지털 마케팅 강화로 전체 매출 규모 확대가 시급합니다."
      },
      {
        "div": "(OFF)대리상",
        "sub_title": "(OFF)대리상 전년대비 주요 변화",
        "ai_text": "• 다운점퍼: 44,008k로 1위, 전년 252,329k 대비 -82.6% 급격한 하락\n• 신발: 19,439k로 2위, 전년 185,818k 대비 -89.5% 심각한 매출 감소\n• 방풍자켓: 18,945k로 3위, 전년 36,892k 대비 -48.6% 절반 수준 하락\n\n채널 전체 매출액(v+)이 160k로 전년 1,360k 대비 -88.2%의 극심한 하락세를 보이고 있어 즉시 대응이 필요합니다. 모든 주력 카테고리에서 80% 이상의 매출 감소가 발생했으며, 특히 신발과 다운점퍼의 타격이 심각합니다. 단기적으로는 대리상 네트워크 재정비와 긴급 판촉 전략 실행이 필요하며, 중장기적으로는 대리상 채널 전략의 근본적 재검토와 디지털 전환 가속화가 시급합니다."
      },
      {
        "div": "(OFF)쇼핑몰",
        "sub_title": "(OFF)쇼핑몰 전년대비 주요 변화",
        "ai_text": "• 다운점퍼: 144,406k로 압도적 1위, 전년 43,607k 대비 +231.1% 폭발적 성장\n• 신발: 101,497k로 2위, 전년 63,692k 대비 +59.3% 강력한 성장세\n• 소프트쉘: 61,845k로 3위, 전년 데이터 없음으로 신규 성장 동력 확인\n\n채널 전체 매출액(v+)이 600k로 전년 320k 대비 +87.5%의 강력한 성장을 기록했습니다. 다운점퍼의 3배 이상 성장과 신발의 60% 성장이 채널 성장을 견인하고 있으며, 소프트쉘의 신규 성장이 주목됩니다. 단기적으로는 다운점퍼와 신발 재고 확보 및 소프트쉘 라인 확장이 필요하며, 중장기적으로는 쇼핑몰 채널의 성공 요인을 분석하여 다른 채널로 확산시키는 전략이 효과적일 것입니다."
      },
      {
        "div": "종합분석-1",
        "sub_title": "최고 성과 채널",
        "ai_text": "(OFF)쇼핑몰이 매출액(v+) 600k로 전체 73.3%를 차지하며 전년대비 +87.5% 성장으로 독보적 성과를 기록했습니다.\n다운점퍼(144k), 신발(101k), 소프트쉘(62k) 순으로 매출 견인하며 아웃도어 카테고리가 성장 동력으로 작용했습니다."
      },
      {
        "div": "종합분석-2",
        "sub_title": "개선 필요 채널",
        "ai_text": "(OFF)대리상이 매출액(v+) 160k로 전년 1,360k 대비 -88.2% 급락하여 브랜드 전체 매출 감소의 주요 원인으로 분석됩니다.\n(EC)티몰은 50k로 소폭 증가(+25.0%)했으나 절대 규모가 미미하여 온라인 채널 다각화가 시급한 상황입니다."
      },
      {
        "div": "종합분석-3",
        "sub_title": "핵심 제안",
        "ai_text": "쇼핑몰 채널의 성공 모델을 대리상에 적용하여 아웃도어 제품군 중심의 상품 포트폴리오 재편을 즉시 실행해야 합니다.\n온라인 채널 비중을 현재 6.1%에서 20% 이상으로 확대하고, 특히 티몰 외 추가 이커머스 플랫폼 진출을 통한 디지털 전환을 가속화해야 합니다."
      }
    ]
  },
  "summary": {
    "total_sales": 2.54,
    "total_sales_cy": 0.82,
    "total_sales_py": 1.72,
    "change_pct": -52.5,
    "unique_channels": 4,
    "unique_items": 32,
    "unique_months": 2,
    "analysis_period": "2024년 2월 vs 2025년 2월"
  },
  "channel_summary": {
    "(EC)티몰": {
      "total_sales": 0.1,
      "months": {
        "202502": 52213.520000000004,
        "202402": 43302.14000000001
      },
      "top_items": [
        {
          "item_nm": "신발",
          "total_sales": 0.03
        },
        {
          "item_nm": "다운점퍼",
          "total_sales": 0.01
        },
        {
          "item_nm": "점퍼",
          "total_sales": 0.01
        },
        {
          "item_nm": "후드티",
          "total_sales": 0.01
        },
        {
          "item_nm": "맨투맨",
          "total_sales": 0.01
        }
      ]
    },
    "(EC)할인몰": {
      "total_sales": 0.01,
      "months": {
        "202502": 5618.549999999999
      },
      "top_items": [
        {
          "item_nm": "팬츠",
          "total_sales": 0.0
        },
        {
          "item_nm": "후드티",
          "total_sales": 0.0
        },
        {
          "item_nm": "신발",
          "total_sales": 0.0
        },
        {
          "item_nm": "반팔티셔츠",
          "total_sales": 0.0
        },
        {
          "item_nm": "다운베스트",
          "total_sales": 0.0
        }
      ]
    },
    "(OFF)대리상": {
      "total_sales": 1.52,
      "months": {
        "202502": 156836.0,
        "202402": 1358913.0
      },
      "top_items": [
        {
          "item_nm": "다운점퍼",
          "total_sales": 0.3
        },
        {
          "item_nm": "점퍼",
          "total_sales": 0.23
        },
        {
          "item_nm": "신발",
          "total_sales": 0.21
        },
        {
          "item_nm": "팬츠",
          "total_sales": 0.18
        },
        {
          "item_nm": "맨투맨",
          "total_sales": 0.15
        }
      ]
    },
    "(OFF)쇼핑몰": {
      "total_sales": 0.93,
      "months": {
        "202502": 604111.0,
        "202402": 321736.0
      },
      "top_items": [
        {
          "item_nm": "다운점퍼",
          "total_sales": 0.19
        },
        {
          "item_nm": "신발",
          "total_sales": 0.17
        },
        {
          "item_nm": "점퍼",
          "total_sales": 0.13
        },
        {
          "item_nm": "팬츠",
          "total_sales": 0.08
        },
        {
          "item_nm": "맨투맨",
          "total_sales": 0.07
        }
      ]
    }
  },
  "channel_summary_overall": {
    "(EC)티몰": {
      "current_sales": 0.05,
      "previous_sales": 0.04,
      "all_items": [
        {
          "item_nm": "신발",
          "total_sales": 0.02
        },
        {
          "item_nm": "점퍼",
          "total_sales": 0.0
        },
        {
          "item_nm": "맨투맨",
          "total_sales": 0.0
        },
        {
          "item_nm": "긴팔티셔츠",
          "total_sales": 0.0
        },
        {
          "item_nm": "반팔티셔츠",
          "total_sales": 0.0
        },
        {
          "item_nm": "팬츠",
          "total_sales": 0.0
        },
        {
          "item_nm": "다운점퍼",
          "total_sales": 0.0
        },
        {
          "item_nm": "후드티",
          "total_sales": 0.0
        },
        {
          "item_nm": "방풍자켓",
          "total_sales": 0.0
        },
        {
          "item_nm": "다운베스트",
          "total_sales": 0.0
        },
        {
          "item_nm": "운동모",
          "total_sales": 0.0
        },
        {
          "item_nm": "슬리퍼",
          "total_sales": 0.0
        },
        {
          "item_nm": "가방",
          "total_sales": 0.0
        },
        {
          "item_nm": "소프트쉘",
          "total_sales": 0.0
        },
        {
          "item_nm": "트레이닝(상의)",
          "total_sales": 0.0
        },
        {
          "item_nm": "우븐반바지",
          "total_sales": 0.0
        },
        {
          "item_nm": "트레이닝(하의)",
          "total_sales": 0.0
        },
        {
          "item_nm": "반바지",
          "total_sales": 0.0
        },
        {
          "item_nm": "비니",
          "total_sales": 0.0
        },
        {
          "item_nm": "양말",
          "total_sales": 0.0
        },
        {
          "item_nm": "탱크탑",
          "total_sales": 0.0
        }
      ],
      "change_pct": 25.0
    },
    "(EC)할인몰": {
      "current_sales": 0.01,
      "previous_sales": 0.0,
      "all_items": [
        {
          "item_nm": "팬츠",
          "total_sales": 0.0
        },
        {
          "item_nm": "후드티",
          "total_sales": 0.0
        },
        {
          "item_nm": "신발",
          "total_sales": 0.0
        },
        {
          "item_nm": "반팔티셔츠",
          "total_sales": 0.0
        },
        {
          "item_nm": "다운베스트",
          "total_sales": 0.0
        },
        {
          "item_nm": "양말",
          "total_sales": 0.0
        },
        {
          "item_nm": "우븐팬츠",
          "total_sales": 0.0
        },
        {
          "item_nm": "트레이닝(하의)",
          "total_sales": 0.0
        },
        {
          "item_nm": "가방",
          "total_sales": 0.0
        },
        {
          "item_nm": "맨투맨",
          "total_sales": 0.0
        },
        {
          "item_nm": "긴팔티셔츠",
          "total_sales": 0.0
        },
        {
          "item_nm": "반바지",
          "total_sales": 0.0
        },
        {
          "item_nm": "슬리퍼",
          "total_sales": 0.0
        }
      ],
      "change_pct": 0
    },
    "(OFF)대리상": {
      "current_sales": 0.16,
      "previous_sales": 1.36,
      "all_items": [
        {
          "item_nm": "다운점퍼",
          "total_sales": 0.04
        },
        {
          "item_nm": "신발",
          "total_sales": 0.02
        },
        {
          "item_nm": "방풍자켓",
          "total_sales": 0.02
        },
        {
          "item_nm": "우븐팬츠",
          "total_sales": 0.02
        },
        {
          "item_nm": "소프트쉘",
          "total_sales": 0.01
        },
        {
          "item_nm": "긴팔티셔츠",
          "total_sales": 0.01
        },
        {
          "item_nm": "맨투맨",
          "total_sales": 0.01
        },
        {
          "item_nm": "패딩",
          "total_sales": 0.01
        },
        {
          "item_nm": "후드티",
          "total_sales": 0.0
        },
        {
          "item_nm": "운동모",
          "total_sales": 0.0
        },
        {
          "item_nm": "다운베스트",
          "total_sales": 0.0
        },
        {
          "item_nm": "팬츠",
          "total_sales": 0.0
        },
        {
          "item_nm": "백팩",
          "total_sales": 0.0
        },
        {
          "item_nm": "햇",
          "total_sales": 0.0
        },
        {
          "item_nm": "비니",
          "total_sales": 0.0
        },
        {
          "item_nm": "보스톤백",
          "total_sales": 0.0
        },
        {
          "item_nm": "크로스백",
          "total_sales": 0.0
        },
        {
          "item_nm": "방한모",
          "total_sales": 0.0
        },
        {
          "item_nm": "힙색",
          "total_sales": 0.0
        },
        {
          "item_nm": "양말",
          "total_sales": 0.0
        }
      ],
      "change_pct": -88.2
    },
    "(OFF)쇼핑몰": {
      "current_sales": 0.6,
      "previous_sales": 0.32,
      "all_items": [
        {
          "item_nm": "다운점퍼",
          "total_sales": 0.14
        },
        {
          "item_nm": "신발",
          "total_sales": 0.1
        },
        {
          "item_nm": "소프트쉘",
          "total_sales": 0.06
        },
        {
          "item_nm": "점퍼",
          "total_sales": 0.06
        },
        {
          "item_nm": "팬츠",
          "total_sales": 0.05
        },
        {
          "item_nm": "맨투맨",
          "total_sales": 0.05
        },
        {
          "item_nm": "후드티",
          "total_sales": 0.03
        },
        {
          "item_nm": "우븐팬츠",
          "total_sales": 0.03
        },
        {
          "item_nm": "방풍자켓",
          "total_sales": 0.02
        },
        {
          "item_nm": "운동모",
          "total_sales": 0.01
        },
        {
          "item_nm": "다운베스트",
          "total_sales": 0.01
        },
        {
          "item_nm": "긴팔티셔츠",
          "total_sales": 0.01
        },
        {
          "item_nm": "크로스백",
          "total_sales": 0.01
        },
        {
          "item_nm": "패딩",
          "total_sales": 0.01
        },
        {
          "item_nm": "가방",
          "total_sales": 0.0
        },
        {
          "item_nm": "백팩",
          "total_sales": 0.0
        },
        {
          "item_nm": "폴라폴리스점퍼",
          "total_sales": 0.0
        },
        {
          "item_nm": "양말",
          "total_sales": 0.0
        },
        {
          "item_nm": "비니",
          "total_sales": 0.0
        },
        {
          "item_nm": "방한모",
          "total_sales": 0.0
        },
        {
          "item_nm": "트레이닝(상의)",
          "total_sales": 0.0
        },
        {
          "item_nm": "햇",
          "total_sales": 0.0
        },
        {
          "item_nm": "힙색",
          "total_sales": 0.0
        }
      ],
      "change_pct": 87.5
    }
  },
  "raw_data": {
    "sample_records": [
      {
        "YYYYMM": "202502",
        "MGMT_CHNL_NM": "(EC)티몰",
        "ITEM_NM": "가방",
        "SALE_AMT": 636.94
      },
      {
        "YYYYMM": "202502",
        "MGMT_CHNL_NM": "(EC)티몰",
        "ITEM_NM": "긴팔티셔츠",
        "SALE_AMT": 4251.58
      },
      {
        "YYYYMM": "202502",
        "MGMT_CHNL_NM": "(EC)티몰",
        "ITEM_NM": "다운베스트",
        "SALE_AMT": 1367.21
      },
      {
        "YYYYMM": "202502",
        "MGMT_CHNL_NM": "(EC)티몰",
        "ITEM_NM": "다운점퍼",
        "SALE_AMT": 3054.5699999999997
      },
      {
        "YYYYMM": "202502",
        "MGMT_CHNL_NM": "(EC)티몰",
        "ITEM_NM": "맨투맨",
        "SALE_AMT": 4332.54
      },
      {
        "YYYYMM": "202502",
        "MGMT_CHNL_NM": "(EC)티몰",
        "ITEM_NM": "반바지",
        "SALE_AMT": 197.11
      },
      {
        "YYYYMM": "202502",
        "MGMT_CHNL_NM": "(EC)티몰",
        "ITEM_NM": "반팔티셔츠",
        "SALE_AMT": 3653.520000000001
      },
      {
        "YYYYMM": "202502",
        "MGMT_CHNL_NM": "(EC)티몰",
        "ITEM_NM": "방풍자켓",
        "SALE_AMT": 1984.99
      },
      {
        "YYYYMM": "202502",
        "MGMT_CHNL_NM": "(EC)티몰",
        "ITEM_NM": "비니",
        "SALE_AMT": 187.13
      },
      {
        "YYYYMM": "202502",
        "MGMT_CHNL_NM": "(EC)티몰",
        "ITEM_NM": "소프트쉘",
        "SALE_AMT": 442.24
      },
      {
        "YYYYMM": "202502",
        "MGMT_CHNL_NM": "(EC)티몰",
        "ITEM_NM": "슬리퍼",
        "SALE_AMT": 793.5
      },
      {
        "YYYYMM": "202502",
        "MGMT_CHNL_NM": "(EC)티몰",
        "ITEM_NM": "신발",
        "SALE_AMT": 17610.79
      },
      {
        "YYYYMM": "202502",
        "MGMT_CHNL_NM": "(EC)티몰",
        "ITEM_NM": "양말",
        "SALE_AMT": 120.71000000000001
      },
      {
        "YYYYMM": "202502",
        "MGMT_CHNL_NM": "(EC)티몰",
        "ITEM_NM": "우븐반바지",
        "SALE_AMT": 417.97
      },
      {
        "YYYYMM": "202502",
        "MGMT_CHNL_NM": "(EC)티몰",
        "ITEM_NM": "운동모",
        "SALE_AMT": 1182.67
      },
      {
        "YYYYMM": "202502",
        "MGMT_CHNL_NM": "(EC)티몰",
        "ITEM_NM": "점퍼",
        "SALE_AMT": 4699.41
      },
      {
        "YYYYMM": "202502",
        "MGMT_CHNL_NM": "(EC)티몰",
        "ITEM_NM": "탱크탑",
        "SALE_AMT": 64.55
      },
      {
        "YYYYMM": "202502",
        "MGMT_CHNL_NM": "(EC)티몰",
        "ITEM_NM": "트레이닝(상의)",
        "SALE_AMT": 441.42
      },
      {
        "YYYYMM": "202502",
        "MGMT_CHNL_NM": "(EC)티몰",
        "ITEM_NM": "트레이닝(하의)",
        "SALE_AMT": 305.91
      },
      {
        "YYYYMM": "202502",
        "MGMT_CHNL_NM": "(EC)티몰",
        "ITEM_NM": "팬츠",
        "SALE_AMT": 3623.6700000000005
      },
      {
        "YYYYMM": "202502",
        "MGMT_CHNL_NM": "(EC)티몰",
        "ITEM_NM": "후드티",
        "SALE_AMT": 2845.09
      },
      {
        "YYYYMM": "202502",
        "MGMT_CHNL_NM": "(EC)할인몰",
        "ITEM_NM": "가방",
        "SALE_AMT": 174.65
      },
      {
        "YYYYMM": "202502",
        "MGMT_CHNL_NM": "(EC)할인몰",
        "ITEM_NM": "긴팔티셔츠",
        "SALE_AMT": 157.15
      },
      {
        "YYYYMM": "202502",
        "MGMT_CHNL_NM": "(EC)할인몰",
        "ITEM_NM": "다운베스트",
        "SALE_AMT": 454.65
      },
      {
        "YYYYMM": "202502",
        "MGMT_CHNL_NM": "(EC)할인몰",
        "ITEM_NM": "맨투맨",
        "SALE_AMT": 174.65
      },
      {
        "YYYYMM": "202502",
        "MGMT_CHNL_NM": "(EC)할인몰",
        "ITEM_NM": "반바지",
        "SALE_AMT": 153.65
      },
      {
        "YYYYMM": "202502",
        "MGMT_CHNL_NM": "(EC)할인몰",
        "ITEM_NM": "반팔티셔츠",
        "SALE_AMT": 624.75
      },
      {
        "YYYYMM": "202502",
        "MGMT_CHNL_NM": "(EC)할인몰",
        "ITEM_NM": "슬리퍼",
        "SALE_AMT": 139.65
      },
      {
        "YYYYMM": "202502",
        "MGMT_CHNL_NM": "(EC)할인몰",
        "ITEM_NM": "신발",
        "SALE_AMT": 629.3
      },
      {
        "YYYYMM": "202502",
        "MGMT_CHNL_NM": "(EC)할인몰",
        "ITEM_NM": "양말",
        "SALE_AMT": 383.5999999999999
      },
      {
        "YYYYMM": "202502",
        "MGMT_CHNL_NM": "(EC)할인몰",
        "ITEM_NM": "우븐팬츠",
        "SALE_AMT": 314.65
      },
      {
        "YYYYMM": "202502",
        "MGMT_CHNL_NM": "(EC)할인몰",
        "ITEM_NM": "트레이닝(하의)",
        "SALE_AMT": 192.15
      },
      {
        "YYYYMM": "202502",
        "MGMT_CHNL_NM": "(EC)할인몰",
        "ITEM_NM": "팬츠",
        "SALE_AMT": 1206.1
      },
      {
        "YYYYMM": "202502",
        "MGMT_CHNL_NM": "(EC)할인몰",
        "ITEM_NM": "후드티",
        "SALE_AMT": 1013.5999999999999
      },
      {
        "YYYYMM": "202502",
        "MGMT_CHNL_NM": "(OFF)대리상",
        "ITEM_NM": "긴팔티셔츠",
        "SALE_AMT": 9473.0
      },
      {
        "YYYYMM": "202502",
        "MGMT_CHNL_NM": "(OFF)대리상",
        "ITEM_NM": "다운베스트",
        "SALE_AMT": 2198.0
      },
      {
        "YYYYMM": "202502",
        "MGMT_CHNL_NM": "(OFF)대리상",
        "ITEM_NM": "다운점퍼",
        "SALE_AMT": 44008.0
      },
      {
        "YYYYMM": "202502",
        "MGMT_CHNL_NM": "(OFF)대리상",
        "ITEM_NM": "맨투맨",
        "SALE_AMT": 8666.0
      },
      {
        "YYYYMM": "202502",
        "MGMT_CHNL_NM": "(OFF)대리상",
        "ITEM_NM": "방풍자켓",
        "SALE_AMT": 18945.0
      },
      {
        "YYYYMM": "202502",
        "MGMT_CHNL_NM": "(OFF)대리상",
        "ITEM_NM": "방한모",
        "SALE_AMT": 599.0
      },
      {
        "YYYYMM": "202502",
        "MGMT_CHNL_NM": "(OFF)대리상",
        "ITEM_NM": "백팩",
        "SALE_AMT": 1498.0
      },
      {
        "YYYYMM": "202502",
        "MGMT_CHNL_NM": "(OFF)대리상",
        "ITEM_NM": "보스톤백",
        "SALE_AMT": 999.0
      },
      {
        "YYYYMM": "202502",
        "MGMT_CHNL_NM": "(OFF)대리상",
        "ITEM_NM": "비니",
        "SALE_AMT": 1017.0
      },
      {
        "YYYYMM": "202502",
        "MGMT_CHNL_NM": "(OFF)대리상",
        "ITEM_NM": "소프트쉘",
        "SALE_AMT": 13589.0
      },
      {
        "YYYYMM": "202502",
        "MGMT_CHNL_NM": "(OFF)대리상",
        "ITEM_NM": "신발",
        "SALE_AMT": 19439.0
      },
      {
        "YYYYMM": "202502",
        "MGMT_CHNL_NM": "(OFF)대리상",
        "ITEM_NM": "양말",
        "SALE_AMT": 99.0
      },
      {
        "YYYYMM": "202502",
        "MGMT_CHNL_NM": "(OFF)대리상",
        "ITEM_NM": "우븐팬츠",
        "SALE_AMT": 15748.0
      },
      {
        "YYYYMM": "202502",
        "MGMT_CHNL_NM": "(OFF)대리상",
        "ITEM_NM": "운동모",
        "SALE_AMT": 3894.0
      },
      {
        "YYYYMM": "202502",
        "MGMT_CHNL_NM": "(OFF)대리상",
        "ITEM_NM": "크로스백",
        "SALE_AMT": 886.0
      },
      {
        "YYYYMM": "202502",
        "MGMT_CHNL_NM": "(OFF)대리상",
        "ITEM_NM": "패딩",
        "SALE_AMT": 7995.0
      }
    ],
    "total_records_count": 135
  },
  "trend_data": {
    "trend_months": [
      "202402",
      "202502"
    ],
    "monthly_totals": [
      {
        "yyyymm": "202402",
        "total_amount": 1.72
      },
      {
        "yyyymm": "202502",
        "total_amount": 0.82
      }
    ],
    "monthly_details": [
      {
        "yyyymm": "202502",
        "chnl_nm": "(EC)티몰",
        "item_nm": "가방",
        "sale_amt": 0.0
      },
      {
        "yyyymm": "202502",
        "chnl_nm": "(EC)티몰",
        "item_nm": "긴팔티셔츠",
        "sale_amt": 0.0
      },
      {
        "yyyymm": "202502",
        "chnl_nm": "(EC)티몰",
        "item_nm": "다운베스트",
        "sale_amt": 0.0
      },
      {
        "yyyymm": "202502",
        "chnl_nm": "(EC)티몰",
        "item_nm": "다운점퍼",
        "sale_amt": 0.0
      },
      {
        "yyyymm": "202502",
        "chnl_nm": "(EC)티몰",
        "item_nm": "맨투맨",
        "sale_amt": 0.0
      },
      {
        "yyyymm": "202502",
        "chnl_nm": "(EC)티몰",
        "item_nm": "반바지",
        "sale_amt": 0.0
      },
      {
        "yyyymm": "202502",
        "chnl_nm": "(EC)티몰",
        "item_nm": "반팔티셔츠",
        "sale_amt": 0.0
      },
      {
        "yyyymm": "202502",
        "chnl_nm": "(EC)티몰",
        "item_nm": "방풍자켓",
        "sale_amt": 0.0
      },
      {
        "yyyymm": "202502",
        "chnl_nm": "(EC)티몰",
        "item_nm": "비니",
        "sale_amt": 0.0
      },
      {
        "yyyymm": "202502",
        "chnl_nm": "(EC)티몰",
        "item_nm": "소프트쉘",
        "sale_amt": 0.0
      },
      {
        "yyyymm": "202502",
        "chnl_nm": "(EC)티몰",
        "item_nm": "슬리퍼",
        "sale_amt": 0.0
      },
      {
        "yyyymm": "202502",
        "chnl_nm": "(EC)티몰",
        "item_nm": "신발",
        "sale_amt": 0.02
      },
      {
        "yyyymm": "202502",
        "chnl_nm": "(EC)티몰",
        "item_nm": "양말",
        "sale_amt": 0.0
      },
      {
        "yyyymm": "202502",
        "chnl_nm": "(EC)티몰",
        "item_nm": "우븐반바지",
        "sale_amt": 0.0
      },
      {
        "yyyymm": "202502",
        "chnl_nm": "(EC)티몰",
        "item_nm": "운동모",
        "sale_amt": 0.0
      },
      {
        "yyyymm": "202502",
        "chnl_nm": "(EC)티몰",
        "item_nm": "점퍼",
        "sale_amt": 0.0
      },
      {
        "yyyymm": "202502",
        "chnl_nm": "(EC)티몰",
        "item_nm": "탱크탑",
        "sale_amt": 0.0
      },
      {
        "yyyymm": "202502",
        "chnl_nm": "(EC)티몰",
        "item_nm": "트레이닝(상의)",
        "sale_amt": 0.0
      },
      {
        "yyyymm": "202502",
        "chnl_nm": "(EC)티몰",
        "item_nm": "트레이닝(하의)",
        "sale_amt": 0.0
      },
      {
        "yyyymm": "202502",
        "chnl_nm": "(EC)티몰",
        "item_nm": "팬츠",
        "sale_amt": 0.0
      },
      {
        "yyyymm": "202502",
        "chnl_nm": "(EC)티몰",
        "item_nm": "후드티",
        "sale_amt": 0.0
      },
      {
        "yyyymm": "202502",
        "chnl_nm": "(EC)할인몰",
        "item_nm": "가방",
        "sale_amt": 0.0
      },
      {
        "yyyymm": "202502",
        "chnl_nm": "(EC)할인몰",
        "item_nm": "긴팔티셔츠",
        "sale_amt": 0.0
      },
      {
        "yyyymm": "202502",
        "chnl_nm": "(EC)할인몰",
        "item_nm": "다운베스트",
        "sale_amt": 0.0
      },
      {
        "yyyymm": "202502",
        "chnl_nm": "(EC)할인몰",
        "item_nm": "맨투맨",
        "sale_amt": 0.0
      },
      {
        "yyyymm": "202502",
        "chnl_nm": "(EC)할인몰",
        "item_nm": "반바지",
        "sale_amt": 0.0
      },
      {
        "yyyymm": "202502",
        "chnl_nm": "(EC)할인몰",
        "item_nm": "반팔티셔츠",
        "sale_amt": 0.0
      },
      {
        "yyyymm": "202502",
        "chnl_nm": "(EC)할인몰",
        "item_nm": "슬리퍼",
        "sale_amt": 0.0
      },
      {
        "yyyymm": "202502",
        "chnl_nm": "(EC)할인몰",
        "item_nm": "신발",
        "sale_amt": 0.0
      },
      {
        "yyyymm": "202502",
        "chnl_nm": "(EC)할인몰",
        "item_nm": "양말",
        "sale_amt": 0.0
      },
      {
        "yyyymm": "202502",
        "chnl_nm": "(EC)할인몰",
        "item_nm": "우븐팬츠",
        "sale_amt": 0.0
      },
      {
        "yyyymm": "202502",
        "chnl_nm": "(EC)할인몰",
        "item_nm": "트레이닝(하의)",
        "sale_amt": 0.0
      },
      {
        "yyyymm": "202502",
        "chnl_nm": "(EC)할인몰",
        "item_nm": "팬츠",
        "sale_amt": 0.0
      },
      {
        "yyyymm": "202502",
        "chnl_nm": "(EC)할인몰",
        "item_nm": "후드티",
        "sale_amt": 0.0
      },
      {
        "yyyymm": "202502",
        "chnl_nm": "(OFF)대리상",
        "item_nm": "긴팔티셔츠",
        "sale_amt": 0.01
      },
      {
        "yyyymm": "202502",
        "chnl_nm": "(OFF)대리상",
        "item_nm": "다운베스트",
        "sale_amt": 0.0
      },
      {
        "yyyymm": "202502",
        "chnl_nm": "(OFF)대리상",
        "item_nm": "다운점퍼",
        "sale_amt": 0.04
      },
      {
        "yyyymm": "202502",
        "chnl_nm": "(OFF)대리상",
        "item_nm": "맨투맨",
        "sale_amt": 0.01
      },
      {
        "yyyymm": "202502",
        "chnl_nm": "(OFF)대리상",
        "item_nm": "방풍자켓",
        "sale_amt": 0.02
      },
      {
        "yyyymm": "202502",
        "chnl_nm": "(OFF)대리상",
        "item_nm": "방한모",
        "sale_amt": 0.0
      },
      {
        "yyyymm": "202502",
        "chnl_nm": "(OFF)대리상",
        "item_nm": "백팩",
        "sale_amt": 0.0
      },
      {
        "yyyymm": "202502",
        "chnl_nm": "(OFF)대리상",
        "item_nm": "보스톤백",
        "sale_amt": 0.0
      },
      {
        "yyyymm": "202502",
        "chnl_nm": "(OFF)대리상",
        "item_nm": "비니",
        "sale_amt": 0.0
      },
      {
        "yyyymm": "202502",
        "chnl_nm": "(OFF)대리상",
        "item_nm": "소프트쉘",
        "sale_amt": 0.01
      },
      {
        "yyyymm": "202502",
        "chnl_nm": "(OFF)대리상",
        "item_nm": "신발",
        "sale_amt": 0.02
      },
      {
        "yyyymm": "202502",
        "chnl_nm": "(OFF)대리상",
        "item_nm": "양말",
        "sale_amt": 0.0
      },
      {
        "yyyymm": "202502",
        "chnl_nm": "(OFF)대리상",
        "item_nm": "우븐팬츠",
        "sale_amt": 0.02
      },
      {
        "yyyymm": "202502",
        "chnl_nm": "(OFF)대리상",
        "item_nm": "운동모",
        "sale_amt": 0.0
      },
      {
        "yyyymm": "202502",
        "chnl_nm": "(OFF)대리상",
        "item_nm": "크로스백",
        "sale_amt": 0.0
      },
      {
        "yyyymm": "202502",
        "chnl_nm": "(OFF)대리상",
        "item_nm": "패딩",
        "sale_amt": 0.01
      },
      {
        "yyyymm": "202502",
        "chnl_nm": "(OFF)대리상",
        "item_nm": "팬츠",
        "sale_amt": 0.0
      },
      {
        "yyyymm": "202502",
        "chnl_nm": "(OFF)대리상",
        "item_nm": "햇",
        "sale_amt": 0.0
      },
      {
        "yyyymm": "202502",
        "chnl_nm": "(OFF)대리상",
        "item_nm": "후드티",
        "sale_amt": 0.0
      },
      {
        "yyyymm": "202502",
        "chnl_nm": "(OFF)대리상",
        "item_nm": "힙색",
        "sale_amt": 0.0
      },
      {
        "yyyymm": "202502",
        "chnl_nm": "(OFF)쇼핑몰",
        "item_nm": "가방",
        "sale_amt": 0.0
      },
      {
        "yyyymm": "202502",
        "chnl_nm": "(OFF)쇼핑몰",
        "item_nm": "긴팔티셔츠",
        "sale_amt": 0.01
      },
      {
        "yyyymm": "202502",
        "chnl_nm": "(OFF)쇼핑몰",
        "item_nm": "다운베스트",
        "sale_amt": 0.01
      },
      {
        "yyyymm": "202502",
        "chnl_nm": "(OFF)쇼핑몰",
        "item_nm": "다운점퍼",
        "sale_amt": 0.14
      },
      {
        "yyyymm": "202502",
        "chnl_nm": "(OFF)쇼핑몰",
        "item_nm": "맨투맨",
        "sale_amt": 0.05
      },
      {
        "yyyymm": "202502",
        "chnl_nm": "(OFF)쇼핑몰",
        "item_nm": "방풍자켓",
        "sale_amt": 0.02
      },
      {
        "yyyymm": "202502",
        "chnl_nm": "(OFF)쇼핑몰",
        "item_nm": "방한모",
        "sale_amt": 0.0
      },
      {
        "yyyymm": "202502",
        "chnl_nm": "(OFF)쇼핑몰",
        "item_nm": "백팩",
        "sale_amt": 0.0
      },
      {
        "yyyymm": "202502",
        "chnl_nm": "(OFF)쇼핑몰",
        "item_nm": "비니",
        "sale_amt": 0.0
      },
      {
        "yyyymm": "202502",
        "chnl_nm": "(OFF)쇼핑몰",
        "item_nm": "소프트쉘",
        "sale_amt": 0.06
      },
      {
        "yyyymm": "202502",
        "chnl_nm": "(OFF)쇼핑몰",
        "item_nm": "신발",
        "sale_amt": 0.1
      },
      {
        "yyyymm": "202502",
        "chnl_nm": "(OFF)쇼핑몰",
        "item_nm": "양말",
        "sale_amt": 0.0
      },
      {
        "yyyymm": "202502",
        "chnl_nm": "(OFF)쇼핑몰",
        "item_nm": "우븐팬츠",
        "sale_amt": 0.03
      },
      {
        "yyyymm": "202502",
        "chnl_nm": "(OFF)쇼핑몰",
        "item_nm": "운동모",
        "sale_amt": 0.01
      },
      {
        "yyyymm": "202502",
        "chnl_nm": "(OFF)쇼핑몰",
        "item_nm": "점퍼",
        "sale_amt": 0.06
      },
      {
        "yyyymm": "202502",
        "chnl_nm": "(OFF)쇼핑몰",
        "item_nm": "크로스백",
        "sale_amt": 0.01
      },
      {
        "yyyymm": "202502",
        "chnl_nm": "(OFF)쇼핑몰",
        "item_nm": "트레이닝(상의)",
        "sale_amt": 0.0
      },
      {
        "yyyymm": "202502",
        "chnl_nm": "(OFF)쇼핑몰",
        "item_nm": "패딩",
        "sale_amt": 0.01
      },
      {
        "yyyymm": "202502",
        "chnl_nm": "(OFF)쇼핑몰",
        "item_nm": "팬츠",
        "sale_amt": 0.05
      },
      {
        "yyyymm": "202502",
        "chnl_nm": "(OFF)쇼핑몰",
        "item_nm": "폴라폴리스점퍼",
        "sale_amt": 0.0
      },
      {
        "yyyymm": "202502",
        "chnl_nm": "(OFF)쇼핑몰",
        "item_nm": "햇",
        "sale_amt": 0.0
      },
      {
        "yyyymm": "202502",
        "chnl_nm": "(OFF)쇼핑몰",
        "item_nm": "후드티",
        "sale_amt": 0.03
      },
      {
        "yyyymm": "202502",
        "chnl_nm": "(OFF)쇼핑몰",
        "item_nm": "힙색",
        "sale_amt": 0.0
      },
      {
        "yyyymm": "202402",
        "chnl_nm": "(EC)티몰",
        "item_nm": "가방",
        "sale_amt": 0.0
      },
      {
        "yyyymm": "202402",
        "chnl_nm": "(EC)티몰",
        "item_nm": "다운점퍼",
        "sale_amt": 0.01
      },
      {
        "yyyymm": "202402",
        "chnl_nm": "(EC)티몰",
        "item_nm": "맨투맨",
        "sale_amt": 0.0
      },
      {
        "yyyymm": "202402",
        "chnl_nm": "(EC)티몰",
        "item_nm": "방풍자켓",
        "sale_amt": 0.0
      },
      {
        "yyyymm": "202402",
        "chnl_nm": "(EC)티몰",
        "item_nm": "신발",
        "sale_amt": 0.02
      },
      {
        "yyyymm": "202402",
        "chnl_nm": "(EC)티몰",
        "item_nm": "양말",
        "sale_amt": 0.0
      },
      {
        "yyyymm": "202402",
        "chnl_nm": "(EC)티몰",
        "item_nm": "운동모",
        "sale_amt": 0.0
      },
      {
        "yyyymm": "202402",
        "chnl_nm": "(EC)티몰",
        "item_nm": "점퍼",
        "sale_amt": 0.0
      },
      {
        "yyyymm": "202402",
        "chnl_nm": "(EC)티몰",
        "item_nm": "트레이닝(상의)",
        "sale_amt": 0.0
      },
      {
        "yyyymm": "202402",
        "chnl_nm": "(EC)티몰",
        "item_nm": "트레이닝(하의)",
        "sale_amt": 0.0
      },
      {
        "yyyymm": "202402",
        "chnl_nm": "(EC)티몰",
        "item_nm": "패딩",
        "sale_amt": 0.0
      },
      {
        "yyyymm": "202402",
        "chnl_nm": "(EC)티몰",
        "item_nm": "팬츠",
        "sale_amt": 0.0
      },
      {
        "yyyymm": "202402",
        "chnl_nm": "(EC)티몰",
        "item_nm": "후드티",
        "sale_amt": 0.0
      },
      {
        "yyyymm": "202402",
        "chnl_nm": "(OFF)대리상",
        "item_nm": "가방",
        "sale_amt": 0.03
      },
      {
        "yyyymm": "202402",
        "chnl_nm": "(OFF)대리상",
        "item_nm": "긴팔티셔츠",
        "sale_amt": 0.01
      },
      {
        "yyyymm": "202402",
        "chnl_nm": "(OFF)대리상",
        "item_nm": "다운베스트",
        "sale_amt": 0.04
      },
      {
        "yyyymm": "202402",
        "chnl_nm": "(OFF)대리상",
        "item_nm": "다운점퍼",
        "sale_amt": 0.25
      },
      {
        "yyyymm": "202402",
        "chnl_nm": "(OFF)대리상",
        "item_nm": "맨투맨",
        "sale_amt": 0.14
      },
      {
        "yyyymm": "202402",
        "chnl_nm": "(OFF)대리상",
        "item_nm": "반팔티셔츠",
        "sale_amt": 0.01
      },
      {
        "yyyymm": "202402",
        "chnl_nm": "(OFF)대리상",
        "item_nm": "방풍자켓",
        "sale_amt": 0.04
      },
      {
        "yyyymm": "202402",
        "chnl_nm": "(OFF)대리상",
        "item_nm": "베스트",
        "sale_amt": 0.0
      },
      {
        "yyyymm": "202402",
        "chnl_nm": "(OFF)대리상",
        "item_nm": "신발",
        "sale_amt": 0.19
      },
      {
        "yyyymm": "202402",
        "chnl_nm": "(OFF)대리상",
        "item_nm": "양말",
        "sale_amt": 0.01
      },
      {
        "yyyymm": "202402",
        "chnl_nm": "(OFF)대리상",
        "item_nm": "우븐셔츠",
        "sale_amt": 0.0
      },
      {
        "yyyymm": "202402",
        "chnl_nm": "(OFF)대리상",
        "item_nm": "우븐팬츠",
        "sale_amt": 0.0
      },
      {
        "yyyymm": "202402",
        "chnl_nm": "(OFF)대리상",
        "item_nm": "운동모",
        "sale_amt": 0.02
      },
      {
        "yyyymm": "202402",
        "chnl_nm": "(OFF)대리상",
        "item_nm": "점퍼",
        "sale_amt": 0.23
      },
      {
        "yyyymm": "202402",
        "chnl_nm": "(OFF)대리상",
        "item_nm": "크로스백",
        "sale_amt": 0.01
      },
      {
        "yyyymm": "202402",
        "chnl_nm": "(OFF)대리상",
        "item_nm": "트레이닝(상의)",
        "sale_amt": 0.01
      },
      {
        "yyyymm": "202402",
        "chnl_nm": "(OFF)대리상",
        "item_nm": "트레이닝(하의)",
        "sale_amt": 0.01
      },
      {
        "yyyymm": "202402",
        "chnl_nm": "(OFF)대리상",
        "item_nm": "패딩",
        "sale_amt": 0.05
      },
      {
        "yyyymm": "202402",
        "chnl_nm": "(OFF)대리상",
        "item_nm": "팬츠",
        "sale_amt": 0.18
      },
      {
        "yyyymm": "202402",
        "chnl_nm": "(OFF)대리상",
        "item_nm": "폴라폴리스점퍼",
        "sale_amt": 0.01
      },
      {
        "yyyymm": "202402",
        "chnl_nm": "(OFF)대리상",
        "item_nm": "햇",
        "sale_amt": 0.0
      },
      {
        "yyyymm": "202402",
        "chnl_nm": "(OFF)대리상",
        "item_nm": "후드티",
        "sale_amt": 0.12
      },
      {
        "yyyymm": "202402",
        "chnl_nm": "(OFF)대리상",
        "item_nm": "힙색",
        "sale_amt": 0.0
      },
      {
        "yyyymm": "202402",
        "chnl_nm": "(OFF)쇼핑몰",
        "item_nm": "가방",
        "sale_amt": 0.01
      },
      {
        "yyyymm": "202402",
        "chnl_nm": "(OFF)쇼핑몰",
        "item_nm": "긴팔티셔츠",
        "sale_amt": 0.0
      },
      {
        "yyyymm": "202402",
        "chnl_nm": "(OFF)쇼핑몰",
        "item_nm": "다운베스트",
        "sale_amt": 0.01
      },
      {
        "yyyymm": "202402",
        "chnl_nm": "(OFF)쇼핑몰",
        "item_nm": "다운점퍼",
        "sale_amt": 0.04
      },
      {
        "yyyymm": "202402",
        "chnl_nm": "(OFF)쇼핑몰",
        "item_nm": "맨투맨",
        "sale_amt": 0.02
      },
      {
        "yyyymm": "202402",
        "chnl_nm": "(OFF)쇼핑몰",
        "item_nm": "반팔티셔츠",
        "sale_amt": 0.0
      },
      {
        "yyyymm": "202402",
        "chnl_nm": "(OFF)쇼핑몰",
        "item_nm": "방풍자켓",
        "sale_amt": 0.0
      },
      {
        "yyyymm": "202402",
        "chnl_nm": "(OFF)쇼핑몰",
        "item_nm": "백팩",
        "sale_amt": 0.0
      },
      {
        "yyyymm": "202402",
        "chnl_nm": "(OFF)쇼핑몰",
        "item_nm": "베스트",
        "sale_amt": 0.0
      },
      {
        "yyyymm": "202402",
        "chnl_nm": "(OFF)쇼핑몰",
        "item_nm": "보스톤백",
        "sale_amt": 0.0
      },
      {
        "yyyymm": "202402",
        "chnl_nm": "(OFF)쇼핑몰",
        "item_nm": "신발",
        "sale_amt": 0.06
      },
      {
        "yyyymm": "202402",
        "chnl_nm": "(OFF)쇼핑몰",
        "item_nm": "양말",
        "sale_amt": 0.0
      },
      {
        "yyyymm": "202402",
        "chnl_nm": "(OFF)쇼핑몰",
        "item_nm": "우븐셔츠",
        "sale_amt": 0.0
      },
      {
        "yyyymm": "202402",
        "chnl_nm": "(OFF)쇼핑몰",
        "item_nm": "운동모",
        "sale_amt": 0.01
      },
      {
        "yyyymm": "202402",
        "chnl_nm": "(OFF)쇼핑몰",
        "item_nm": "점퍼",
        "sale_amt": 0.08
      },
      {
        "yyyymm": "202402",
        "chnl_nm": "(OFF)쇼핑몰",
        "item_nm": "크로스백",
        "sale_amt": 0.01
      },
      {
        "yyyymm": "202402",
        "chnl_nm": "(OFF)쇼핑몰",
        "item_nm": "트레이닝(상의)",
        "sale_amt": 0.0
      },
      {
        "yyyymm": "202402",
        "chnl_nm": "(OFF)쇼핑몰",
        "item_nm": "트레이닝(하의)",
        "sale_amt": 0.01
      },
      {
        "yyyymm": "202402",
        "chnl_nm": "(OFF)쇼핑몰",
        "item_nm": "패딩",
        "sale_amt": 0.01
      },
      {
        "yyyymm": "202402",
        "chnl_nm": "(OFF)쇼핑몰",
        "item_nm": "팬츠",
        "sale_amt": 0.03
      },
      {
        "yyyymm": "202402",
        "chnl_nm": "(OFF)쇼핑몰",
        "item_nm": "폴라폴리스점퍼",
        "sale_amt": 0.0
      },
      {
        "yyyymm": "202402",
        "chnl_nm": "(OFF)쇼핑몰",
        "item_nm": "후드티",
        "sale_amt": 0.02
      }
    ]
  }
}