{
  "country": "CN",
  "brand_cd": "X",
  "brand_name": "DISCOVERY",
  "yyyymm": "202509",
  "yyyymm_py": "202409",
  "key": "리테일",
  "sub_key": "채널별TOP3분석",
  "analysis_data": {
    "title": "채널별 매출 top3 분석 (당해 전년 주요변화)",
    "sections": [
      {
        "div": "(EC)티몰",
        "sub_title": "(EC)티몰 전년대비 주요 변화",
        "ai_text": "• 방풍자켓: 229k로 채널 1위 매출 달성, 전년 7k 대비 3,162% 폭증으로 가을철 아웃도어 트렌드 완벽 포착\n• 점퍼: 137k로 2위 기록, 신규 진입 아이템으로 가을 시즌 니즈 적중하며 강력한 성장세 시현\n• 긴팔티셔츠: 93k로 3위 달성, 전년 1k 대비 10,442% 급증으로 베이직 아이템 강화 전략 성공\n\n채널 전체 매출이 전년 66k 대비 당해 751k로 1,038% 급성장하며 EC 채널 최강자로 부상. 특히 아웃도어 카테고리(방풍자켓, 점퍼)가 전체 매출의 49%를 차지하며 핵심 성장 동력으로 작용.\n\n단기 전략: 방풍자켓 재고 확보 및 점퍼 라인업 확장을 통한 아웃도어 포지셔닝 강화\n중장기 전략: 티몰 플랫폼 특성에 맞춘 시즌별 아웃도어 상품 기획 및 베이직 아이템 포트폴리오 다각화"
      },
      {
        "div": "종합분석-1",
        "sub_title": "최고 성과 채널",
        "ai_text": "(OFF)대리상이 3,013k로 최대 매출을 기록하며 전체 매출의 36.2%를 담당하는 핵심 채널로 확인됨.\n(EC)틱톡/JD가 754k로 온라인 채널 중 최고 성과를 보이며, 점퍼 카테고리(454k)에서 특히 강세를 나타냄."
      },
      {
        "div": "종합분석-2",
        "sub_title": "개선 필요 채널",
        "ai_text": "(EC)티몰이 전년 69k 대비 971.4% 급성장했으나 여전히 754k 수준으로 타 채널 대비 저조한 성과를 보임.\n온라인 채널 전반의 매출 비중이 오프라인 대비 낮아 디지털 전환 가속화가 시급한 상황임."
      },
      {
        "div": "종합분석-3",
        "sub_title": "핵심 제안",
        "ai_text": "(OFF)대리상의 성공 모델을 온라인 채널에 적용하여 방풍자켓·점퍼 등 핵심 아이템 중심의 채널별 차별화 전략 수립 필요.\n(EC)틱톡/JD의 성장세를 활용한 라이브 커머스 확대와 (EC)티몰의 급성장 모멘텀 지속을 위한 마케팅 투자 집중 권고."
      }
    ]
  },
  "summary": {
    "total_sales": 5.44,
    "total_sales_cy": 5.37,
    "total_sales_py": 0.07,
    "change_pct": 7668.6,
    "unique_channels": 5,
    "unique_items": 38,
    "unique_months": 2,
    "analysis_period": "2024년 9월 vs 2025년 9월"
  },
  "channel_summary": {
    "(EC)대리상": {
      "total_sales": 0.0,
      "months": {
        "202509": 390.0
      },
      "top_items": [
        {
          "item_nm": "긴팔티셔츠",
          "total_sales": 0.0
        }
      ]
    },
    "(EC)티몰": {
      "total_sales": 0.82,
      "months": {
        "202509": 749592.5900000002,
        "202409": 69073.41
      },
      "top_items": [
        {
          "item_nm": "방풍자켓",
          "total_sales": 0.24
        },
        {
          "item_nm": "점퍼",
          "total_sales": 0.14
        },
        {
          "item_nm": "다운점퍼",
          "total_sales": 0.13
        },
        {
          "item_nm": "긴팔티셔츠",
          "total_sales": 0.09
        },
        {
          "item_nm": "운동모",
          "total_sales": 0.04
        }
      ]
    },
    "(EC)틱톡/JD": {
      "total_sales": 0.78,
      "months": {
        "202509": 780839.55
      },
      "top_items": [
        {
          "item_nm": "점퍼",
          "total_sales": 0.45
        },
        {
          "item_nm": "방풍자켓",
          "total_sales": 0.1
        },
        {
          "item_nm": "긴팔티셔츠",
          "total_sales": 0.09
        },
        {
          "item_nm": "팬츠",
          "total_sales": 0.05
        },
        {
          "item_nm": "운동모",
          "total_sales": 0.02
        }
      ]
    },
    "(OFF)대리상": {
      "total_sales": 3.06,
      "months": {
        "202509": 3056662.0
      },
      "top_items": [
        {
          "item_nm": "방풍자켓",
          "total_sales": 1.02
        },
        {
          "item_nm": "팬츠",
          "total_sales": 0.47
        },
        {
          "item_nm": "점퍼",
          "total_sales": 0.27
        },
        {
          "item_nm": "긴팔티셔츠",
          "total_sales": 0.21
        },
        {
          "item_nm": "트레이닝(상의)",
          "total_sales": 0.18
        }
      ]
    },
    "(OFF)쇼핑몰": {
      "total_sales": 0.78,
      "months": {
        "202509": 778571.0
      },
      "top_items": [
        {
          "item_nm": "방풍자켓",
          "total_sales": 0.26
        },
        {
          "item_nm": "팬츠",
          "total_sales": 0.1
        },
        {
          "item_nm": "점퍼",
          "total_sales": 0.08
        },
        {
          "item_nm": "긴팔티셔츠",
          "total_sales": 0.06
        },
        {
          "item_nm": "트레이닝(상의)",
          "total_sales": 0.05
        }
      ]
    }
  },
  "channel_summary_overall": {
    "(EC)대리상": {
      "current_sales": 0.0,
      "previous_sales": 0.0,
      "all_items": [
        {
          "item_nm": "긴팔티셔츠",
          "total_sales": 0.0
        }
      ],
      "change_pct": 0
    },
    "(EC)티몰": {
      "current_sales": 0.75,
      "previous_sales": 0.07,
      "all_items": [
        {
          "item_nm": "방풍자켓",
          "total_sales": 0.23
        },
        {
          "item_nm": "점퍼",
          "total_sales": 0.14
        },
        {
          "item_nm": "긴팔티셔츠",
          "total_sales": 0.09
        },
        {
          "item_nm": "다운점퍼",
          "total_sales": 0.08
        },
        {
          "item_nm": "운동모",
          "total_sales": 0.04
        },
        {
          "item_nm": "트레이닝(상의)",
          "total_sales": 0.04
        },
        {
          "item_nm": "반팔티셔츠",
          "total_sales": 0.03
        },
        {
          "item_nm": "신발",
          "total_sales": 0.02
        },
        {
          "item_nm": "트레이닝(하의)",
          "total_sales": 0.02
        },
        {
          "item_nm": "패딩",
          "total_sales": 0.01
        },
        {
          "item_nm": "후드티",
          "total_sales": 0.01
        },
        {
          "item_nm": "소프트쉘",
          "total_sales": 0.01
        },
        {
          "item_nm": "비니",
          "total_sales": 0.01
        },
        {
          "item_nm": "스커트",
          "total_sales": 0.01
        },
        {
          "item_nm": "백팩",
          "total_sales": 0.01
        },
        {
          "item_nm": "크로스백",
          "total_sales": 0.01
        },
        {
          "item_nm": "집업티",
          "total_sales": 0.01
        },
        {
          "item_nm": "힙색",
          "total_sales": 0.01
        },
        {
          "item_nm": "원피스",
          "total_sales": 0.0
        },
        {
          "item_nm": "바디백",
          "total_sales": 0.0
        },
        {
          "item_nm": "반바지",
          "total_sales": 0.0
        },
        {
          "item_nm": "스윔웨어",
          "total_sales": 0.0
        },
        {
          "item_nm": "트레이닝 숏팬츠",
          "total_sales": 0.0
        },
        {
          "item_nm": "슬링백",
          "total_sales": 0.0
        },
        {
          "item_nm": "햇",
          "total_sales": 0.0
        },
        {
          "item_nm": "레깅스",
          "total_sales": 0.0
        },
        {
          "item_nm": "슬리브리스",
          "total_sales": 0.0
        },
        {
          "item_nm": "반팔카라티셔츠",
          "total_sales": 0.0
        },
        {
          "item_nm": "슬리퍼",
          "total_sales": 0.0
        },
        {
          "item_nm": "스윔웨어 하의",
          "total_sales": 0.0
        },
        {
          "item_nm": "토시",
          "total_sales": 0.0
        },
        {
          "item_nm": "양말",
          "total_sales": 0.0
        },
        {
          "item_nm": "브라",
          "total_sales": -0.0
        },
        {
          "item_nm": "팬츠",
          "total_sales": -0.0
        },
        {
          "item_nm": "맨투맨",
          "total_sales": -0.01
        }
      ],
      "change_pct": 971.4
    },
    "(EC)틱톡/JD": {
      "current_sales": 0.78,
      "previous_sales": 0.0,
      "all_items": [
        {
          "item_nm": "점퍼",
          "total_sales": 0.45
        },
        {
          "item_nm": "방풍자켓",
          "total_sales": 0.1
        },
        {
          "item_nm": "긴팔티셔츠",
          "total_sales": 0.09
        },
        {
          "item_nm": "팬츠",
          "total_sales": 0.05
        },
        {
          "item_nm": "운동모",
          "total_sales": 0.02
        },
        {
          "item_nm": "다운점퍼",
          "total_sales": 0.02
        },
        {
          "item_nm": "트레이닝(상의)",
          "total_sales": 0.01
        },
        {
          "item_nm": "비니",
          "total_sales": 0.01
        },
        {
          "item_nm": "신발",
          "total_sales": 0.01
        },
        {
          "item_nm": "백팩",
          "total_sales": 0.01
        },
        {
          "item_nm": "트레이닝(하의)",
          "total_sales": 0.0
        },
        {
          "item_nm": "크로스백",
          "total_sales": 0.0
        },
        {
          "item_nm": "힙색",
          "total_sales": 0.0
        },
        {
          "item_nm": "슬리퍼",
          "total_sales": 0.0
        },
        {
          "item_nm": "반팔티셔츠",
          "total_sales": 0.0
        },
        {
          "item_nm": "레깅스",
          "total_sales": 0.0
        },
        {
          "item_nm": "집업티",
          "total_sales": 0.0
        },
        {
          "item_nm": "장갑",
          "total_sales": 0.0
        },
        {
          "item_nm": "양말",
          "total_sales": 0.0
        },
        {
          "item_nm": "브라",
          "total_sales": 0.0
        },
        {
          "item_nm": "반팔카라티셔츠",
          "total_sales": 0.0
        },
        {
          "item_nm": "맨투맨",
          "total_sales": -0.0
        },
        {
          "item_nm": "소프트쉘",
          "total_sales": -0.0
        }
      ],
      "change_pct": 0
    },
    "(OFF)대리상": {
      "current_sales": 3.06,
      "previous_sales": 0.0,
      "all_items": [
        {
          "item_nm": "방풍자켓",
          "total_sales": 1.02
        },
        {
          "item_nm": "팬츠",
          "total_sales": 0.47
        },
        {
          "item_nm": "점퍼",
          "total_sales": 0.27
        },
        {
          "item_nm": "긴팔티셔츠",
          "total_sales": 0.21
        },
        {
          "item_nm": "트레이닝(상의)",
          "total_sales": 0.18
        },
        {
          "item_nm": "운동모",
          "total_sales": 0.15
        },
        {
          "item_nm": "집업티",
          "total_sales": 0.12
        },
        {
          "item_nm": "신발",
          "total_sales": 0.1
        },
        {
          "item_nm": "소프트쉘",
          "total_sales": 0.1
        },
        {
          "item_nm": "맨투맨",
          "total_sales": 0.07
        },
        {
          "item_nm": "패딩",
          "total_sales": 0.07
        },
        {
          "item_nm": "반팔티셔츠",
          "total_sales": 0.07
        },
        {
          "item_nm": "다운점퍼",
          "total_sales": 0.04
        },
        {
          "item_nm": "후드티",
          "total_sales": 0.04
        },
        {
          "item_nm": "트레이닝(하의)",
          "total_sales": 0.04
        },
        {
          "item_nm": "스커트",
          "total_sales": 0.03
        },
        {
          "item_nm": "반팔카라티셔츠",
          "total_sales": 0.02
        },
        {
          "item_nm": "크로스백",
          "total_sales": 0.01
        },
        {
          "item_nm": "백팩",
          "total_sales": 0.01
        },
        {
          "item_nm": "힙색",
          "total_sales": 0.01
        },
        {
          "item_nm": "원피스",
          "total_sales": 0.01
        },
        {
          "item_nm": "비니",
          "total_sales": 0.0
        },
        {
          "item_nm": "햇",
          "total_sales": 0.0
        },
        {
          "item_nm": "레깅스",
          "total_sales": 0.0
        },
        {
          "item_nm": "슬리퍼",
          "total_sales": 0.0
        },
        {
          "item_nm": "양말",
          "total_sales": 0.0
        },
        {
          "item_nm": "트레이닝 숏팬츠",
          "total_sales": 0.0
        },
        {
          "item_nm": "브라",
          "total_sales": 0.0
        },
        {
          "item_nm": "반바지",
          "total_sales": 0.0
        },
        {
          "item_nm": "바디백",
          "total_sales": 0.0
        },
        {
          "item_nm": "토시",
          "total_sales": 0.0
        }
      ],
      "change_pct": 0
    },
    "(OFF)쇼핑몰": {
      "current_sales": 0.78,
      "previous_sales": 0.0,
      "all_items": [
        {
          "item_nm": "방풍자켓",
          "total_sales": 0.26
        },
        {
          "item_nm": "팬츠",
          "total_sales": 0.1
        },
        {
          "item_nm": "점퍼",
          "total_sales": 0.08
        },
        {
          "item_nm": "긴팔티셔츠",
          "total_sales": 0.06
        },
        {
          "item_nm": "트레이닝(상의)",
          "total_sales": 0.05
        },
        {
          "item_nm": "운동모",
          "total_sales": 0.04
        },
        {
          "item_nm": "반팔티셔츠",
          "total_sales": 0.04
        },
        {
          "item_nm": "신발",
          "total_sales": 0.03
        },
        {
          "item_nm": "맨투맨",
          "total_sales": 0.02
        },
        {
          "item_nm": "트레이닝(하의)",
          "total_sales": 0.01
        },
        {
          "item_nm": "집업티",
          "total_sales": 0.01
        },
        {
          "item_nm": "스커트",
          "total_sales": 0.01
        },
        {
          "item_nm": "후드티",
          "total_sales": 0.01
        },
        {
          "item_nm": "소프트쉘",
          "total_sales": 0.01
        },
        {
          "item_nm": "다운점퍼",
          "total_sales": 0.01
        },
        {
          "item_nm": "패딩",
          "total_sales": 0.01
        },
        {
          "item_nm": "반팔카라티셔츠",
          "total_sales": 0.01
        },
        {
          "item_nm": "백팩",
          "total_sales": 0.01
        },
        {
          "item_nm": "반바지",
          "total_sales": 0.0
        },
        {
          "item_nm": "힙색",
          "total_sales": 0.0
        },
        {
          "item_nm": "크로스백",
          "total_sales": 0.0
        },
        {
          "item_nm": "트레이닝 숏팬츠",
          "total_sales": 0.0
        },
        {
          "item_nm": "긴팔카라티셔츠",
          "total_sales": 0.0
        },
        {
          "item_nm": "원피스",
          "total_sales": 0.0
        },
        {
          "item_nm": "비니",
          "total_sales": 0.0
        },
        {
          "item_nm": "레깅스",
          "total_sales": 0.0
        },
        {
          "item_nm": "브라",
          "total_sales": 0.0
        },
        {
          "item_nm": "양말",
          "total_sales": 0.0
        },
        {
          "item_nm": "다운베스트",
          "total_sales": 0.0
        },
        {
          "item_nm": "슬리퍼",
          "total_sales": 0.0
        },
        {
          "item_nm": "햇",
          "total_sales": 0.0
        },
        {
          "item_nm": "슬링백",
          "total_sales": 0.0
        }
      ],
      "change_pct": 0
    }
  },
  "raw_data": {
    "sample_records": [
      {
        "YYYYMM": "202509",
        "MGMT_CHNL_NM": "(EC)대리상",
        "ITEM_NM": "긴팔티셔츠",
        "SALE_AMT": 390.0
      },
      {
        "YYYYMM": "202509",
        "MGMT_CHNL_NM": "(EC)티몰",
        "ITEM_NM": "긴팔티셔츠",
        "SALE_AMT": 93301.31
      },
      {
        "YYYYMM": "202509",
        "MGMT_CHNL_NM": "(EC)티몰",
        "ITEM_NM": "다운점퍼",
        "SALE_AMT": 76585.66
      },
      {
        "YYYYMM": "202509",
        "MGMT_CHNL_NM": "(EC)티몰",
        "ITEM_NM": "레깅스",
        "SALE_AMT": 985.0999999999999
      },
      {
        "YYYYMM": "202509",
        "MGMT_CHNL_NM": "(EC)티몰",
        "ITEM_NM": "맨투맨",
        "SALE_AMT": -12115.4
      },
      {
        "YYYYMM": "202509",
        "MGMT_CHNL_NM": "(EC)티몰",
        "ITEM_NM": "바디백",
        "SALE_AMT": 3705.0
      },
      {
        "YYYYMM": "202509",
        "MGMT_CHNL_NM": "(EC)티몰",
        "ITEM_NM": "반바지",
        "SALE_AMT": 2467.0
      },
      {
        "YYYYMM": "202509",
        "MGMT_CHNL_NM": "(EC)티몰",
        "ITEM_NM": "반팔카라티셔츠",
        "SALE_AMT": 820.0
      },
      {
        "YYYYMM": "202509",
        "MGMT_CHNL_NM": "(EC)티몰",
        "ITEM_NM": "반팔티셔츠",
        "SALE_AMT": 26856.08
      },
      {
        "YYYYMM": "202509",
        "MGMT_CHNL_NM": "(EC)티몰",
        "ITEM_NM": "방풍자켓",
        "SALE_AMT": 228821.74
      },
      {
        "YYYYMM": "202509",
        "MGMT_CHNL_NM": "(EC)티몰",
        "ITEM_NM": "백팩",
        "SALE_AMT": 6294.369999999999
      },
      {
        "YYYYMM": "202509",
        "MGMT_CHNL_NM": "(EC)티몰",
        "ITEM_NM": "브라",
        "SALE_AMT": -20.5
      },
      {
        "YYYYMM": "202509",
        "MGMT_CHNL_NM": "(EC)티몰",
        "ITEM_NM": "비니",
        "SALE_AMT": 7918.279999999999
      },
      {
        "YYYYMM": "202509",
        "MGMT_CHNL_NM": "(EC)티몰",
        "ITEM_NM": "소프트쉘",
        "SALE_AMT": 8345.0
      },
      {
        "YYYYMM": "202509",
        "MGMT_CHNL_NM": "(EC)티몰",
        "ITEM_NM": "스윔웨어",
        "SALE_AMT": 2227.35
      },
      {
        "YYYYMM": "202509",
        "MGMT_CHNL_NM": "(EC)티몰",
        "ITEM_NM": "스윔웨어 하의",
        "SALE_AMT": 504.0
      },
      {
        "YYYYMM": "202509",
        "MGMT_CHNL_NM": "(EC)티몰",
        "ITEM_NM": "스커트",
        "SALE_AMT": 6927.68
      },
      {
        "YYYYMM": "202509",
        "MGMT_CHNL_NM": "(EC)티몰",
        "ITEM_NM": "슬리브리스",
        "SALE_AMT": 917.0
      },
      {
        "YYYYMM": "202509",
        "MGMT_CHNL_NM": "(EC)티몰",
        "ITEM_NM": "슬리퍼",
        "SALE_AMT": 513.0
      },
      {
        "YYYYMM": "202509",
        "MGMT_CHNL_NM": "(EC)티몰",
        "ITEM_NM": "슬링백",
        "SALE_AMT": 1109.0
      },
      {
        "YYYYMM": "202509",
        "MGMT_CHNL_NM": "(EC)티몰",
        "ITEM_NM": "신발",
        "SALE_AMT": 22500.309999999998
      },
      {
        "YYYYMM": "202509",
        "MGMT_CHNL_NM": "(EC)티몰",
        "ITEM_NM": "양말",
        "SALE_AMT": 22.029999999999994
      },
      {
        "YYYYMM": "202509",
        "MGMT_CHNL_NM": "(EC)티몰",
        "ITEM_NM": "운동모",
        "SALE_AMT": 37008.32
      },
      {
        "YYYYMM": "202509",
        "MGMT_CHNL_NM": "(EC)티몰",
        "ITEM_NM": "원피스",
        "SALE_AMT": 4696.41
      },
      {
        "YYYYMM": "202509",
        "MGMT_CHNL_NM": "(EC)티몰",
        "ITEM_NM": "점퍼",
        "SALE_AMT": 136802.91
      },
      {
        "YYYYMM": "202509",
        "MGMT_CHNL_NM": "(EC)티몰",
        "ITEM_NM": "집업티",
        "SALE_AMT": 6086.29
      },
      {
        "YYYYMM": "202509",
        "MGMT_CHNL_NM": "(EC)티몰",
        "ITEM_NM": "크로스백",
        "SALE_AMT": 6211.3099999999995
      },
      {
        "YYYYMM": "202509",
        "MGMT_CHNL_NM": "(EC)티몰",
        "ITEM_NM": "토시",
        "SALE_AMT": 139.0
      },
      {
        "YYYYMM": "202509",
        "MGMT_CHNL_NM": "(EC)티몰",
        "ITEM_NM": "트레이닝 숏팬츠",
        "SALE_AMT": 1770.0
      },
      {
        "YYYYMM": "202509",
        "MGMT_CHNL_NM": "(EC)티몰",
        "ITEM_NM": "트레이닝(상의)",
        "SALE_AMT": 35066.03
      },
      {
        "YYYYMM": "202509",
        "MGMT_CHNL_NM": "(EC)티몰",
        "ITEM_NM": "트레이닝(하의)",
        "SALE_AMT": 16238.419999999998
      },
      {
        "YYYYMM": "202509",
        "MGMT_CHNL_NM": "(EC)티몰",
        "ITEM_NM": "패딩",
        "SALE_AMT": 11896.0
      },
      {
        "YYYYMM": "202509",
        "MGMT_CHNL_NM": "(EC)티몰",
        "ITEM_NM": "팬츠",
        "SALE_AMT": -261.3500000000013
      },
      {
        "YYYYMM": "202509",
        "MGMT_CHNL_NM": "(EC)티몰",
        "ITEM_NM": "햇",
        "SALE_AMT": 1040.0
      },
      {
        "YYYYMM": "202509",
        "MGMT_CHNL_NM": "(EC)티몰",
        "ITEM_NM": "후드티",
        "SALE_AMT": 8587.529999999999
      },
      {
        "YYYYMM": "202509",
        "MGMT_CHNL_NM": "(EC)티몰",
        "ITEM_NM": "힙색",
        "SALE_AMT": 5627.71
      },
      {
        "YYYYMM": "202509",
        "MGMT_CHNL_NM": "(EC)틱톡/JD",
        "ITEM_NM": "긴팔티셔츠",
        "SALE_AMT": 88749.19
      },
      {
        "YYYYMM": "202509",
        "MGMT_CHNL_NM": "(EC)틱톡/JD",
        "ITEM_NM": "다운점퍼",
        "SALE_AMT": 16820.5
      },
      {
        "YYYYMM": "202509",
        "MGMT_CHNL_NM": "(EC)틱톡/JD",
        "ITEM_NM": "레깅스",
        "SALE_AMT": 1423.5
      },
      {
        "YYYYMM": "202509",
        "MGMT_CHNL_NM": "(EC)틱톡/JD",
        "ITEM_NM": "맨투맨",
        "SALE_AMT": -169.22000000000025
      },
      {
        "YYYYMM": "202509",
        "MGMT_CHNL_NM": "(EC)틱톡/JD",
        "ITEM_NM": "반팔카라티셔츠",
        "SALE_AMT": 23.980000000000018
      },
      {
        "YYYYMM": "202509",
        "MGMT_CHNL_NM": "(EC)틱톡/JD",
        "ITEM_NM": "반팔티셔츠",
        "SALE_AMT": 1434.06
      },
      {
        "YYYYMM": "202509",
        "MGMT_CHNL_NM": "(EC)틱톡/JD",
        "ITEM_NM": "방풍자켓",
        "SALE_AMT": 104916.33
      },
      {
        "YYYYMM": "202509",
        "MGMT_CHNL_NM": "(EC)틱톡/JD",
        "ITEM_NM": "백팩",
        "SALE_AMT": 5502.0
      },
      {
        "YYYYMM": "202509",
        "MGMT_CHNL_NM": "(EC)틱톡/JD",
        "ITEM_NM": "브라",
        "SALE_AMT": 77.80000000000001
      },
      {
        "YYYYMM": "202509",
        "MGMT_CHNL_NM": "(EC)틱톡/JD",
        "ITEM_NM": "비니",
        "SALE_AMT": 9483.0
      },
      {
        "YYYYMM": "202509",
        "MGMT_CHNL_NM": "(EC)틱톡/JD",
        "ITEM_NM": "소프트쉘",
        "SALE_AMT": -930.17
      },
      {
        "YYYYMM": "202509",
        "MGMT_CHNL_NM": "(EC)틱톡/JD",
        "ITEM_NM": "슬리퍼",
        "SALE_AMT": 2115.0
      },
      {
        "YYYYMM": "202509",
        "MGMT_CHNL_NM": "(EC)틱톡/JD",
        "ITEM_NM": "신발",
        "SALE_AMT": 9102.0
      },
      {
        "YYYYMM": "202509",
        "MGMT_CHNL_NM": "(EC)틱톡/JD",
        "ITEM_NM": "양말",
        "SALE_AMT": 153.1
      }
    ],
    "total_records_count": 129
  },
  "trend_data": {
    "trend_months": [
      "202409",
      "202509"
    ],
    "monthly_totals": [
      {
        "yyyymm": "202409",
        "total_amount": 0.07
      },
      {
        "yyyymm": "202509",
        "total_amount": 5.37
      }
    ],
    "monthly_details": [
      {
        "yyyymm": "202509",
        "chnl_nm": "(EC)대리상",
        "item_nm": "긴팔티셔츠",
        "sale_amt": 0.0
      },
      {
        "yyyymm": "202509",
        "chnl_nm": "(EC)티몰",
        "item_nm": "긴팔티셔츠",
        "sale_amt": 0.09
      },
      {
        "yyyymm": "202509",
        "chnl_nm": "(EC)티몰",
        "item_nm": "다운점퍼",
        "sale_amt": 0.08
      },
      {
        "yyyymm": "202509",
        "chnl_nm": "(EC)티몰",
        "item_nm": "레깅스",
        "sale_amt": 0.0
      },
      {
        "yyyymm": "202509",
        "chnl_nm": "(EC)티몰",
        "item_nm": "맨투맨",
        "sale_amt": -0.01
      },
      {
        "yyyymm": "202509",
        "chnl_nm": "(EC)티몰",
        "item_nm": "바디백",
        "sale_amt": 0.0
      },
      {
        "yyyymm": "202509",
        "chnl_nm": "(EC)티몰",
        "item_nm": "반바지",
        "sale_amt": 0.0
      },
      {
        "yyyymm": "202509",
        "chnl_nm": "(EC)티몰",
        "item_nm": "반팔카라티셔츠",
        "sale_amt": 0.0
      },
      {
        "yyyymm": "202509",
        "chnl_nm": "(EC)티몰",
        "item_nm": "반팔티셔츠",
        "sale_amt": 0.03
      },
      {
        "yyyymm": "202509",
        "chnl_nm": "(EC)티몰",
        "item_nm": "방풍자켓",
        "sale_amt": 0.23
      },
      {
        "yyyymm": "202509",
        "chnl_nm": "(EC)티몰",
        "item_nm": "백팩",
        "sale_amt": 0.01
      },
      {
        "yyyymm": "202509",
        "chnl_nm": "(EC)티몰",
        "item_nm": "브라",
        "sale_amt": -0.0
      },
      {
        "yyyymm": "202509",
        "chnl_nm": "(EC)티몰",
        "item_nm": "비니",
        "sale_amt": 0.01
      },
      {
        "yyyymm": "202509",
        "chnl_nm": "(EC)티몰",
        "item_nm": "소프트쉘",
        "sale_amt": 0.01
      },
      {
        "yyyymm": "202509",
        "chnl_nm": "(EC)티몰",
        "item_nm": "스윔웨어",
        "sale_amt": 0.0
      },
      {
        "yyyymm": "202509",
        "chnl_nm": "(EC)티몰",
        "item_nm": "스윔웨어 하의",
        "sale_amt": 0.0
      },
      {
        "yyyymm": "202509",
        "chnl_nm": "(EC)티몰",
        "item_nm": "스커트",
        "sale_amt": 0.01
      },
      {
        "yyyymm": "202509",
        "chnl_nm": "(EC)티몰",
        "item_nm": "슬리브리스",
        "sale_amt": 0.0
      },
      {
        "yyyymm": "202509",
        "chnl_nm": "(EC)티몰",
        "item_nm": "슬리퍼",
        "sale_amt": 0.0
      },
      {
        "yyyymm": "202509",
        "chnl_nm": "(EC)티몰",
        "item_nm": "슬링백",
        "sale_amt": 0.0
      },
      {
        "yyyymm": "202509",
        "chnl_nm": "(EC)티몰",
        "item_nm": "신발",
        "sale_amt": 0.02
      },
      {
        "yyyymm": "202509",
        "chnl_nm": "(EC)티몰",
        "item_nm": "양말",
        "sale_amt": 0.0
      },
      {
        "yyyymm": "202509",
        "chnl_nm": "(EC)티몰",
        "item_nm": "운동모",
        "sale_amt": 0.04
      },
      {
        "yyyymm": "202509",
        "chnl_nm": "(EC)티몰",
        "item_nm": "원피스",
        "sale_amt": 0.0
      },
      {
        "yyyymm": "202509",
        "chnl_nm": "(EC)티몰",
        "item_nm": "점퍼",
        "sale_amt": 0.14
      },
      {
        "yyyymm": "202509",
        "chnl_nm": "(EC)티몰",
        "item_nm": "집업티",
        "sale_amt": 0.01
      },
      {
        "yyyymm": "202509",
        "chnl_nm": "(EC)티몰",
        "item_nm": "크로스백",
        "sale_amt": 0.01
      },
      {
        "yyyymm": "202509",
        "chnl_nm": "(EC)티몰",
        "item_nm": "토시",
        "sale_amt": 0.0
      },
      {
        "yyyymm": "202509",
        "chnl_nm": "(EC)티몰",
        "item_nm": "트레이닝 숏팬츠",
        "sale_amt": 0.0
      },
      {
        "yyyymm": "202509",
        "chnl_nm": "(EC)티몰",
        "item_nm": "트레이닝(상의)",
        "sale_amt": 0.04
      },
      {
        "yyyymm": "202509",
        "chnl_nm": "(EC)티몰",
        "item_nm": "트레이닝(하의)",
        "sale_amt": 0.02
      },
      {
        "yyyymm": "202509",
        "chnl_nm": "(EC)티몰",
        "item_nm": "패딩",
        "sale_amt": 0.01
      },
      {
        "yyyymm": "202509",
        "chnl_nm": "(EC)티몰",
        "item_nm": "팬츠",
        "sale_amt": -0.0
      },
      {
        "yyyymm": "202509",
        "chnl_nm": "(EC)티몰",
        "item_nm": "햇",
        "sale_amt": 0.0
      },
      {
        "yyyymm": "202509",
        "chnl_nm": "(EC)티몰",
        "item_nm": "후드티",
        "sale_amt": 0.01
      },
      {
        "yyyymm": "202509",
        "chnl_nm": "(EC)티몰",
        "item_nm": "힙색",
        "sale_amt": 0.01
      },
      {
        "yyyymm": "202509",
        "chnl_nm": "(EC)틱톡/JD",
        "item_nm": "긴팔티셔츠",
        "sale_amt": 0.09
      },
      {
        "yyyymm": "202509",
        "chnl_nm": "(EC)틱톡/JD",
        "item_nm": "다운점퍼",
        "sale_amt": 0.02
      },
      {
        "yyyymm": "202509",
        "chnl_nm": "(EC)틱톡/JD",
        "item_nm": "레깅스",
        "sale_amt": 0.0
      },
      {
        "yyyymm": "202509",
        "chnl_nm": "(EC)틱톡/JD",
        "item_nm": "맨투맨",
        "sale_amt": -0.0
      },
      {
        "yyyymm": "202509",
        "chnl_nm": "(EC)틱톡/JD",
        "item_nm": "반팔카라티셔츠",
        "sale_amt": 0.0
      },
      {
        "yyyymm": "202509",
        "chnl_nm": "(EC)틱톡/JD",
        "item_nm": "반팔티셔츠",
        "sale_amt": 0.0
      },
      {
        "yyyymm": "202509",
        "chnl_nm": "(EC)틱톡/JD",
        "item_nm": "방풍자켓",
        "sale_amt": 0.1
      },
      {
        "yyyymm": "202509",
        "chnl_nm": "(EC)틱톡/JD",
        "item_nm": "백팩",
        "sale_amt": 0.01
      },
      {
        "yyyymm": "202509",
        "chnl_nm": "(EC)틱톡/JD",
        "item_nm": "브라",
        "sale_amt": 0.0
      },
      {
        "yyyymm": "202509",
        "chnl_nm": "(EC)틱톡/JD",
        "item_nm": "비니",
        "sale_amt": 0.01
      },
      {
        "yyyymm": "202509",
        "chnl_nm": "(EC)틱톡/JD",
        "item_nm": "소프트쉘",
        "sale_amt": -0.0
      },
      {
        "yyyymm": "202509",
        "chnl_nm": "(EC)틱톡/JD",
        "item_nm": "슬리퍼",
        "sale_amt": 0.0
      },
      {
        "yyyymm": "202509",
        "chnl_nm": "(EC)틱톡/JD",
        "item_nm": "신발",
        "sale_amt": 0.01
      },
      {
        "yyyymm": "202509",
        "chnl_nm": "(EC)틱톡/JD",
        "item_nm": "양말",
        "sale_amt": 0.0
      },
      {
        "yyyymm": "202509",
        "chnl_nm": "(EC)틱톡/JD",
        "item_nm": "운동모",
        "sale_amt": 0.02
      },
      {
        "yyyymm": "202509",
        "chnl_nm": "(EC)틱톡/JD",
        "item_nm": "장갑",
        "sale_amt": 0.0
      },
      {
        "yyyymm": "202509",
        "chnl_nm": "(EC)틱톡/JD",
        "item_nm": "점퍼",
        "sale_amt": 0.45
      },
      {
        "yyyymm": "202509",
        "chnl_nm": "(EC)틱톡/JD",
        "item_nm": "집업티",
        "sale_amt": 0.0
      },
      {
        "yyyymm": "202509",
        "chnl_nm": "(EC)틱톡/JD",
        "item_nm": "크로스백",
        "sale_amt": 0.0
      },
      {
        "yyyymm": "202509",
        "chnl_nm": "(EC)틱톡/JD",
        "item_nm": "트레이닝(상의)",
        "sale_amt": 0.01
      },
      {
        "yyyymm": "202509",
        "chnl_nm": "(EC)틱톡/JD",
        "item_nm": "트레이닝(하의)",
        "sale_amt": 0.0
      },
      {
        "yyyymm": "202509",
        "chnl_nm": "(EC)틱톡/JD",
        "item_nm": "팬츠",
        "sale_amt": 0.05
      },
      {
        "yyyymm": "202509",
        "chnl_nm": "(EC)틱톡/JD",
        "item_nm": "힙색",
        "sale_amt": 0.0
      },
      {
        "yyyymm": "202509",
        "chnl_nm": "(OFF)대리상",
        "item_nm": "긴팔티셔츠",
        "sale_amt": 0.21
      },
      {
        "yyyymm": "202509",
        "chnl_nm": "(OFF)대리상",
        "item_nm": "다운점퍼",
        "sale_amt": 0.04
      },
      {
        "yyyymm": "202509",
        "chnl_nm": "(OFF)대리상",
        "item_nm": "레깅스",
        "sale_amt": 0.0
      },
      {
        "yyyymm": "202509",
        "chnl_nm": "(OFF)대리상",
        "item_nm": "맨투맨",
        "sale_amt": 0.07
      },
      {
        "yyyymm": "202509",
        "chnl_nm": "(OFF)대리상",
        "item_nm": "바디백",
        "sale_amt": 0.0
      },
      {
        "yyyymm": "202509",
        "chnl_nm": "(OFF)대리상",
        "item_nm": "반바지",
        "sale_amt": 0.0
      },
      {
        "yyyymm": "202509",
        "chnl_nm": "(OFF)대리상",
        "item_nm": "반팔카라티셔츠",
        "sale_amt": 0.02
      },
      {
        "yyyymm": "202509",
        "chnl_nm": "(OFF)대리상",
        "item_nm": "반팔티셔츠",
        "sale_amt": 0.07
      },
      {
        "yyyymm": "202509",
        "chnl_nm": "(OFF)대리상",
        "item_nm": "방풍자켓",
        "sale_amt": 1.02
      },
      {
        "yyyymm": "202509",
        "chnl_nm": "(OFF)대리상",
        "item_nm": "백팩",
        "sale_amt": 0.01
      },
      {
        "yyyymm": "202509",
        "chnl_nm": "(OFF)대리상",
        "item_nm": "브라",
        "sale_amt": 0.0
      },
      {
        "yyyymm": "202509",
        "chnl_nm": "(OFF)대리상",
        "item_nm": "비니",
        "sale_amt": 0.0
      },
      {
        "yyyymm": "202509",
        "chnl_nm": "(OFF)대리상",
        "item_nm": "소프트쉘",
        "sale_amt": 0.1
      },
      {
        "yyyymm": "202509",
        "chnl_nm": "(OFF)대리상",
        "item_nm": "스커트",
        "sale_amt": 0.03
      },
      {
        "yyyymm": "202509",
        "chnl_nm": "(OFF)대리상",
        "item_nm": "슬리퍼",
        "sale_amt": 0.0
      },
      {
        "yyyymm": "202509",
        "chnl_nm": "(OFF)대리상",
        "item_nm": "신발",
        "sale_amt": 0.1
      },
      {
        "yyyymm": "202509",
        "chnl_nm": "(OFF)대리상",
        "item_nm": "양말",
        "sale_amt": 0.0
      },
      {
        "yyyymm": "202509",
        "chnl_nm": "(OFF)대리상",
        "item_nm": "운동모",
        "sale_amt": 0.15
      },
      {
        "yyyymm": "202509",
        "chnl_nm": "(OFF)대리상",
        "item_nm": "원피스",
        "sale_amt": 0.01
      },
      {
        "yyyymm": "202509",
        "chnl_nm": "(OFF)대리상",
        "item_nm": "점퍼",
        "sale_amt": 0.27
      },
      {
        "yyyymm": "202509",
        "chnl_nm": "(OFF)대리상",
        "item_nm": "집업티",
        "sale_amt": 0.12
      },
      {
        "yyyymm": "202509",
        "chnl_nm": "(OFF)대리상",
        "item_nm": "크로스백",
        "sale_amt": 0.01
      },
      {
        "yyyymm": "202509",
        "chnl_nm": "(OFF)대리상",
        "item_nm": "토시",
        "sale_amt": 0.0
      },
      {
        "yyyymm": "202509",
        "chnl_nm": "(OFF)대리상",
        "item_nm": "트레이닝 숏팬츠",
        "sale_amt": 0.0
      },
      {
        "yyyymm": "202509",
        "chnl_nm": "(OFF)대리상",
        "item_nm": "트레이닝(상의)",
        "sale_amt": 0.18
      },
      {
        "yyyymm": "202509",
        "chnl_nm": "(OFF)대리상",
        "item_nm": "트레이닝(하의)",
        "sale_amt": 0.04
      },
      {
        "yyyymm": "202509",
        "chnl_nm": "(OFF)대리상",
        "item_nm": "패딩",
        "sale_amt": 0.07
      },
      {
        "yyyymm": "202509",
        "chnl_nm": "(OFF)대리상",
        "item_nm": "팬츠",
        "sale_amt": 0.47
      },
      {
        "yyyymm": "202509",
        "chnl_nm": "(OFF)대리상",
        "item_nm": "햇",
        "sale_amt": 0.0
      },
      {
        "yyyymm": "202509",
        "chnl_nm": "(OFF)대리상",
        "item_nm": "후드티",
        "sale_amt": 0.04
      },
      {
        "yyyymm": "202509",
        "chnl_nm": "(OFF)대리상",
        "item_nm": "힙색",
        "sale_amt": 0.01
      },
      {
        "yyyymm": "202509",
        "chnl_nm": "(OFF)쇼핑몰",
        "item_nm": "긴팔카라티셔츠",
        "sale_amt": 0.0
      },
      {
        "yyyymm": "202509",
        "chnl_nm": "(OFF)쇼핑몰",
        "item_nm": "긴팔티셔츠",
        "sale_amt": 0.06
      },
      {
        "yyyymm": "202509",
        "chnl_nm": "(OFF)쇼핑몰",
        "item_nm": "다운베스트",
        "sale_amt": 0.0
      },
      {
        "yyyymm": "202509",
        "chnl_nm": "(OFF)쇼핑몰",
        "item_nm": "다운점퍼",
        "sale_amt": 0.01
      },
      {
        "yyyymm": "202509",
        "chnl_nm": "(OFF)쇼핑몰",
        "item_nm": "레깅스",
        "sale_amt": 0.0
      },
      {
        "yyyymm": "202509",
        "chnl_nm": "(OFF)쇼핑몰",
        "item_nm": "맨투맨",
        "sale_amt": 0.02
      },
      {
        "yyyymm": "202509",
        "chnl_nm": "(OFF)쇼핑몰",
        "item_nm": "반바지",
        "sale_amt": 0.0
      },
      {
        "yyyymm": "202509",
        "chnl_nm": "(OFF)쇼핑몰",
        "item_nm": "반팔카라티셔츠",
        "sale_amt": 0.01
      },
      {
        "yyyymm": "202509",
        "chnl_nm": "(OFF)쇼핑몰",
        "item_nm": "반팔티셔츠",
        "sale_amt": 0.04
      },
      {
        "yyyymm": "202509",
        "chnl_nm": "(OFF)쇼핑몰",
        "item_nm": "방풍자켓",
        "sale_amt": 0.26
      },
      {
        "yyyymm": "202509",
        "chnl_nm": "(OFF)쇼핑몰",
        "item_nm": "백팩",
        "sale_amt": 0.01
      },
      {
        "yyyymm": "202509",
        "chnl_nm": "(OFF)쇼핑몰",
        "item_nm": "브라",
        "sale_amt": 0.0
      },
      {
        "yyyymm": "202509",
        "chnl_nm": "(OFF)쇼핑몰",
        "item_nm": "비니",
        "sale_amt": 0.0
      },
      {
        "yyyymm": "202509",
        "chnl_nm": "(OFF)쇼핑몰",
        "item_nm": "소프트쉘",
        "sale_amt": 0.01
      },
      {
        "yyyymm": "202509",
        "chnl_nm": "(OFF)쇼핑몰",
        "item_nm": "스커트",
        "sale_amt": 0.01
      },
      {
        "yyyymm": "202509",
        "chnl_nm": "(OFF)쇼핑몰",
        "item_nm": "슬리퍼",
        "sale_amt": 0.0
      },
      {
        "yyyymm": "202509",
        "chnl_nm": "(OFF)쇼핑몰",
        "item_nm": "슬링백",
        "sale_amt": 0.0
      },
      {
        "yyyymm": "202509",
        "chnl_nm": "(OFF)쇼핑몰",
        "item_nm": "신발",
        "sale_amt": 0.03
      },
      {
        "yyyymm": "202509",
        "chnl_nm": "(OFF)쇼핑몰",
        "item_nm": "양말",
        "sale_amt": 0.0
      },
      {
        "yyyymm": "202509",
        "chnl_nm": "(OFF)쇼핑몰",
        "item_nm": "운동모",
        "sale_amt": 0.04
      },
      {
        "yyyymm": "202509",
        "chnl_nm": "(OFF)쇼핑몰",
        "item_nm": "원피스",
        "sale_amt": 0.0
      },
      {
        "yyyymm": "202509",
        "chnl_nm": "(OFF)쇼핑몰",
        "item_nm": "점퍼",
        "sale_amt": 0.08
      },
      {
        "yyyymm": "202509",
        "chnl_nm": "(OFF)쇼핑몰",
        "item_nm": "집업티",
        "sale_amt": 0.01
      },
      {
        "yyyymm": "202509",
        "chnl_nm": "(OFF)쇼핑몰",
        "item_nm": "크로스백",
        "sale_amt": 0.0
      },
      {
        "yyyymm": "202509",
        "chnl_nm": "(OFF)쇼핑몰",
        "item_nm": "트레이닝 숏팬츠",
        "sale_amt": 0.0
      },
      {
        "yyyymm": "202509",
        "chnl_nm": "(OFF)쇼핑몰",
        "item_nm": "트레이닝(상의)",
        "sale_amt": 0.05
      },
      {
        "yyyymm": "202509",
        "chnl_nm": "(OFF)쇼핑몰",
        "item_nm": "트레이닝(하의)",
        "sale_amt": 0.01
      },
      {
        "yyyymm": "202509",
        "chnl_nm": "(OFF)쇼핑몰",
        "item_nm": "패딩",
        "sale_amt": 0.01
      },
      {
        "yyyymm": "202509",
        "chnl_nm": "(OFF)쇼핑몰",
        "item_nm": "팬츠",
        "sale_amt": 0.1
      },
      {
        "yyyymm": "202509",
        "chnl_nm": "(OFF)쇼핑몰",
        "item_nm": "햇",
        "sale_amt": 0.0
      },
      {
        "yyyymm": "202509",
        "chnl_nm": "(OFF)쇼핑몰",
        "item_nm": "후드티",
        "sale_amt": 0.01
      },
      {
        "yyyymm": "202509",
        "chnl_nm": "(OFF)쇼핑몰",
        "item_nm": "힙색",
        "sale_amt": 0.0
      },
      {
        "yyyymm": "202409",
        "chnl_nm": "(EC)티몰",
        "item_nm": "긴팔티셔츠",
        "sale_amt": 0.0
      },
      {
        "yyyymm": "202409",
        "chnl_nm": "(EC)티몰",
        "item_nm": "다운점퍼",
        "sale_amt": 0.06
      },
      {
        "yyyymm": "202409",
        "chnl_nm": "(EC)티몰",
        "item_nm": "방풍자켓",
        "sale_amt": 0.01
      },
      {
        "yyyymm": "202409",
        "chnl_nm": "(EC)티몰",
        "item_nm": "신발",
        "sale_amt": 0.0
      },
      {
        "yyyymm": "202409",
        "chnl_nm": "(EC)티몰",
        "item_nm": "트레이닝(상의)",
        "sale_amt": 0.0
      },
      {
        "yyyymm": "202409",
        "chnl_nm": "(EC)티몰",
        "item_nm": "트레이닝(하의)",
        "sale_amt": 0.0
      },
      {
        "yyyymm": "202409",
        "chnl_nm": "(EC)티몰",
        "item_nm": "팬츠",
        "sale_amt": 0.0
      }
    ]
  }
}