{
  "country": "CN",
  "brand_cd": "W",
  "brand_name": "SUPRA",
  "yyyymm": "202503",
  "yyyymm_py": "202403",
  "key": "영업비",
  "sub_key": "종합분석",
  "analysis_data": {
    "title": "영업비 종합분석",
    "sections": [
      {
        "div": "종합분석-1",
        "sub_title": "전년/당해 동월 비교 (202403 VS 202503)",
        "ai_text": "**전년 동월(202403) 대비 당해당월(202503) 영업비 현황**\n\n• **총 영업비 변화**: 369k → -685k (1,054k 감소, -285.9%)\n• **매출액(V+) 변화**: 1,714k → 313k (1,401k 감소, -81.7%)\n\n**주요 계정별 변화 분석**\n- **광고비**: 64k → 0k (64k 감소, -100.0%)\n- **인건비**: 243k → -685k (928k 감소, -381.9%) ⚠️ **이상징후**\n- **복리후생비**: 55k → 0k (55k 감소, -100.0%)\n- **감가상각비**: 1k → 0k (1k 감소, -100.0%)\n- **기타비용**: 6k → 0k (6k 감소, -100.0%)\n\n**⚠️ 중요 이상징후**\n인건비가 -685k로 마이너스 계상된 것은 급여 환수, 충당금 환입, 또는 회계처리 조정이 있었음을 시사합니다.\n\n**즉시 실행 액션플랜**\n1. 인건비 마이너스 계상 원인 즉시 확인 및 회계처리 검토\n2. 광고비 집행 중단 사유 파악 및 마케팅 전략 점검\n3. 매출 급감 대응 방안 수립 필요"
      },
      {
        "div": "종합분석-2",
        "sub_title": "누적 YTD 비교 (전년 누적 VS 당해 누적)",
        "ai_text": "**전년 누적(202401~202403) 대비 당해 누적(202501~202503) 영업비 현황**\n\n• **총 영업비 변화**: 3,272k → -679k (3,951k 감소, -120.8%)\n• **매출액(V+) 변화**: 5,776k → 1,784k (3,992k 감소, -69.1%)\n\n**주요 계정별 변화 분석**\n- **광고비**: 1,720k → 0k (1,720k 감소, -100.0%)\n- **인건비**: 817k → -682k (1,499k 감소, -183.5%) ⚠️ **심각한 이상징후**\n- **복리후생비**: 187k → 1k (186k 감소, -99.5%)\n- **지급수수료**: 250k → 0k (250k 감소, -100.0%)\n- **수주회비**: 242k → 0k (242k 감소, -100.0%)\n- **감가상각비**: 3k → 2k (1k 감소, -33.3%)\n- **기타비용**: 53k → 0k (53k 감소, -100.0%)\n\n**전략적 위험 신호**\n1. 영업비 총액이 마이너스로 전환된 것은 브랜드 운영 중단 또는 대규모 회계조정을 의미\n2. 광고비 전액 삭감으로 브랜드 인지도 및 매출 추가 하락 우려\n3. 매출 69.1% 감소는 브랜드 생존 위기 수준\n\n**긴급 대응 방안**\n1. SUPRA 브랜드 사업 지속 여부 경영진 검토 필요\n2. 비용 구조 재편 및 손익분기점 재산정\n3. 브랜드 포트폴리오 내 SUPRA 포지셔닝 재검토"
      },
      {
        "div": "종합분석-3",
        "sub_title": "1년 추세 분석 (2024년 1월 ~ 2025년 3월, 202401~202503)",
        "ai_text": "**15개월 월별 추이 분석 (202401~202503)**\n\n**Phase 1: 2024년 1분기 (202401~202403)**\n- 영업비 월평균: 1,091k (안정적 운영)\n- 광고비 집중: 202402에 1,537k 대규모 집행\n- 매출액(V+) 월평균: 1,925k\n\n**Phase 2: 2024년 2~3분기 (202404~202409)**\n- 영업비 월평균: 448k (운영비 절감 시작)\n- 매출액(V+) 마이너스 전환: 202404부터 지속적 적자\n- 광고비 대폭 축소: 월평균 258k\n\n**Phase 3: 2024년 4분기 (202410~202412)**\n- 영업비 월평균: 178k (최소 운영 체제)\n- 광고비 거의 중단: 202411, 202412 0k\n- 매출 회복 조짐: 202412에 1,384k\n\n**Phase 4: 2025년 1분기 (202501~202503)**\n- 영업비 급격 감소: 월평균 -227k\n- 광고비 완전 중단: 3개월 연속 0k\n- 인건비 마이너스 계상: 202503에 -685k\n\n**계절성 및 트렌드**\n1. **2024년 2월 광고비 집중**: 1,537k (연간 최대 집행)\n2. **2024년 하반기 구조조정**: 영업비 지속적 감소\n3. **2025년 사실상 운영 중단**: 대부분 영업비 0k\n\n**특이사항**\n- 202404~202409: 6개월 연속 매출 마이너스\n- 202501~202503: 영업활동 최소화 상태\n- 인건비 환수는 퇴직 또는 타 브랜드 전환 시사"
      },
      {
        "div": "종합분석-4",
        "sub_title": "법인 전체 대비 브랜드 비중 분석 (SUPRA vs 법인 전체)",
        "ai_text": "**당해당월(202503) 법인 전체 대비 SUPRA 비중 현황**\n\n• **총 영업비 비중**: -685k / 26,424k = -2.6%\n• **당해 누적 영업비 비중**: -680k / 104,758k = -0.6%\n\n**계정별 법인 전체 대비 비중 분석**\n- **광고비**: 0k / 14,892k = 0.0% (기여도 없음)\n- **인건비**: -685k / 3,478k = -19.7% ⚠️ **법인 전체 인건비의 19.7% 환수**\n- **복리후생비**: 0k / 2,437k = 0.0%\n- **지급수수료**: 0k / 2,973k = 0.0%\n- **임차료**: 0k / 1,676k = 0.0%\n- **기타 모든 계정**: 0.0%\n\n**브랜드 포지셔닝 분석**\n1. **사실상 운영 중단 상태**: 인건비 환수를 제외한 모든 영업비 0k\n2. **법인 전체 영업비 절감 기여**: 인건비 환수로 -2.6% 기여\n3. **브랜드 존재감 소멸**: 6개 브랜드 중 유일한 마이너스 영업비\n\n**법인 내 브랜드별 비교 관점**\n- MLB, MLB KIDS가 주력 브랜드로 추정 (영업비 대부분 차지)\n- SUPRA는 포트폴리오 내 최하위 브랜드로 전락\n- 인건비 환수는 다른 브랜드로의 인력 재배치 시사\n\n**전략적 함의**\n1. **브랜드 철수 또는 휴면 검토 단계**: 실질적 영업활동 중단\n2. **자원 재배치 효과**: 인건비 환수로 다른 브랜드 강화 가능\n3. **포트폴리오 최적화**: 수익성 낮은 브랜드 정리를 통한 집중화 전략"
      },
      {
        "div": "종합분석-5",
        "sub_title": "전략적 시사점",
        "ai_text": "**종합 진단: SUPRA 브랜드 사실상 운영 중단 상태**\n\n**핵심 발견사항**\n1. **2025년 1분기 영업활동 최소화**: 광고비, 복리후생비, 지급수수료 등 모든 운영비 0k\n2. **인건비 대규모 환수**: -685k는 인력의 타 브랜드 전환 또는 퇴직을 의미\n3. **매출 급감**: 전년 동월 대비 81.7% 감소로 브랜드 생존 위기\n4. **법인 내 포지셔닝**: 6개 브랜드 중 유일한 마이너스 영업비로 최하위\n\n**단기 전략 방향 (3개월 내)**\n1. **브랜드 운영 중단 공식화**\n   - 재고 정리 및 청산 계획 수립\n   - 남은 인력의 타 브랜드 배치 완료\n   - 브랜드 관련 자산 및 부채 정리\n\n2. **회계 정리 작업**\n   - 인건비 환수 회계처리 적정성 검토\n   - 브랜드 관련 충당금 및 준비금 정리\n   - 세무 영향 분석 및 대응\n\n3. **이해관계자 커뮤니케이션**\n   - 내부 직원 대상 브랜드 중단 공지\n   - 거래처 및 파트너사 정리 작업\n   - 고객 대상 서비스 종료 안내\n\n**중장기 전략 방향 (6개월~1년)**\n1. **브랜드 포트폴리오 재편**\n   - MLB, MLB KIDS 등 주력 브랜드 집중 투자\n   - SUPRA 자원을 수익성 높은 브랜드로 재배치\n   - 신규 브랜드 론칭 또는 기존 브랜드 확장 검토\n\n2. **운영 효율성 극대화**\n   - SUPRA 인력의 타 브랜드 통합으로 시너지 창출\n   - 영업비 절감 효과를 주력 브랜드 마케팅 투자로 전환\n   - 브랜드별 수익성 모니터링 체계 강화\n\n3. **리스크 관리 체계 구축**\n   - 브랜드별 조기경보시스템 도입\n   - 최소 수익성 기준 설정 및 정기 점검\n   - 브랜드 라이프사이클 관리 프로세스 정립\n\n**경영진 의사결정 권고사항**\n• **즉시 실행**: SUPRA 브랜드 공식 중단 선언 및 정리 작업 착수\n• **우선순위**: 인력 재배치 완료 및 회계 정리\n• **중장기 과제**: 브랜드 포트폴리오 최적화를 통한 수익성 극대화"
      }
    ]
  },
  "summary": {
    "current_month_expense": -685.0,
    "previous_month_expense": 369.0,
    "current_ytd_expense": -680.0,
    "previous_ytd_expense": 3271.0,
    "total_records": 61,
    "analysis_period_month": "2024년 3월 VS 2025년 3월",
    "analysis_period_ytd": "2024년 1월~2024년 3월 VS 2025년 1월~2025년 3월",
    "trend_period": "2024년 1월 ~ 2025년 3월 (202401~202503)"
  },
  "month_comparison": {
    "previous_month": {
      "ad_cst_oprt": 64.0,
      "slry_csy_oprt": 243.0,
      "emp_bnft_cst_oprt": 55.0,
      "pmt_cms_oprt": 0.0,
      "shop_rnt_oprt": 0.0,
      "evnt_cst_oprt": 0.0,
      "tax_cst_oprt": 0.0,
      "deprc_cst_oprt": 1.0,
      "etc_cst_oprt": 6.0,
      "sale_amt": 1714.0,
      "sale_amt_vat": 1068.0
    },
    "current_month": {
      "ad_cst_oprt": 0.0,
      "slry_csy_oprt": -685.0,
      "emp_bnft_cst_oprt": 0.0,
      "pmt_cms_oprt": 0.0,
      "shop_rnt_oprt": 0.0,
      "evnt_cst_oprt": 0.0,
      "tax_cst_oprt": 0.0,
      "deprc_cst_oprt": 0.0,
      "etc_cst_oprt": 0.0,
      "sale_amt": 313.0,
      "sale_amt_vat": 277.0
    }
  },
  "ytd_comparison": {
    "previous_ytd": {
      "ad_cst_oprt": 1720.0,
      "slry_csy_oprt": 817.0,
      "emp_bnft_cst_oprt": 187.0,
      "pmt_cms_oprt": 250.0,
      "shop_rnt_oprt": 0.0,
      "evnt_cst_oprt": 242.0,
      "tax_cst_oprt": 0.0,
      "deprc_cst_oprt": 3.0,
      "etc_cst_oprt": 53.0,
      "sale_amt": 5776.0,
      "sale_amt_vat": 4150.0
    },
    "current_ytd": {
      "ad_cst_oprt": -0.0,
      "slry_csy_oprt": -682.0,
      "emp_bnft_cst_oprt": 1.0,
      "pmt_cms_oprt": 0.0,
      "shop_rnt_oprt": 0.0,
      "evnt_cst_oprt": 0.0,
      "tax_cst_oprt": 0.0,
      "deprc_cst_oprt": 2.0,
      "etc_cst_oprt": 0.0,
      "sale_amt": 1784.0,
      "sale_amt_vat": 2319.0
    }
  },
  "trend_by_month": {
    "202401": {
      "ad_cst_oprt": 120.0,
      "slry_csy_oprt": 249.0,
      "emp_bnft_cst_oprt": 61.0,
      "pmt_cms_oprt": 50.0,
      "shop_rnt_oprt": 0.0,
      "evnt_cst_oprt": 0.0,
      "tax_cst_oprt": 0.0,
      "deprc_cst_oprt": 1.0,
      "etc_cst_oprt": 40.0,
      "sale_amt": 1985.0,
      "sale_amt_vat": 1556.0
    },
    "202402": {
      "ad_cst_oprt": 1537.0,
      "slry_csy_oprt": 325.0,
      "emp_bnft_cst_oprt": 70.0,
      "pmt_cms_oprt": 200.0,
      "shop_rnt_oprt": 0.0,
      "evnt_cst_oprt": 242.0,
      "tax_cst_oprt": 0.0,
      "deprc_cst_oprt": 1.0,
      "etc_cst_oprt": 7.0,
      "sale_amt": 2077.0,
      "sale_amt_vat": 1526.0
    },
    "202403": {
      "ad_cst_oprt": 64.0,
      "slry_csy_oprt": 243.0,
      "emp_bnft_cst_oprt": 55.0,
      "pmt_cms_oprt": 0.0,
      "shop_rnt_oprt": 0.0,
      "evnt_cst_oprt": 0.0,
      "tax_cst_oprt": 0.0,
      "deprc_cst_oprt": 1.0,
      "etc_cst_oprt": 6.0,
      "sale_amt": 1714.0,
      "sale_amt_vat": 1068.0
    },
    "202404": {
      "ad_cst_oprt": 778.0,
      "slry_csy_oprt": 203.0,
      "emp_bnft_cst_oprt": 53.0,
      "pmt_cms_oprt": 158.0,
      "shop_rnt_oprt": 0.0,
      "evnt_cst_oprt": 0.0,
      "tax_cst_oprt": 0.0,
      "deprc_cst_oprt": 1.0,
      "etc_cst_oprt": 6.0,
      "sale_amt": -431.0,
      "sale_amt_vat": 1106.0
    },
    "202405": {
      "ad_cst_oprt": 81.0,
      "slry_csy_oprt": 211.0,
      "emp_bnft_cst_oprt": 55.0,
      "pmt_cms_oprt": 69.0,
      "shop_rnt_oprt": 0.0,
      "evnt_cst_oprt": 0.0,
      "tax_cst_oprt": 0.0,
      "deprc_cst_oprt": 1.0,
      "etc_cst_oprt": 2.0,
      "sale_amt": 1099.0,
      "sale_amt_vat": 954.0
    },
    "202406": {
      "ad_cst_oprt": 118.0,
      "slry_csy_oprt": 192.0,
      "emp_bnft_cst_oprt": 53.0,
      "pmt_cms_oprt": 50.0,
      "shop_rnt_oprt": 0.0,
      "evnt_cst_oprt": 0.0,
      "tax_cst_oprt": 0.0,
      "deprc_cst_oprt": 1.0,
      "etc_cst_oprt": 11.0,
      "sale_amt": -690.0,
      "sale_amt_vat": 879.0
    },
    "202407": {
      "ad_cst_oprt": 0.0,
      "slry_csy_oprt": 217.0,
      "emp_bnft_cst_oprt": 60.0,
      "pmt_cms_oprt": 20.0,
      "shop_rnt_oprt": 0.0,
      "evnt_cst_oprt": 0.0,
      "tax_cst_oprt": 0.0,
      "deprc_cst_oprt": 2.0,
      "etc_cst_oprt": 7.0,
      "sale_amt": -1118.0,
      "sale_amt_vat": 1044.0
    },
    "202408": {
      "ad_cst_oprt": 189.0,
      "slry_csy_oprt": 205.0,
      "emp_bnft_cst_oprt": 48.0,
      "pmt_cms_oprt": -0.0,
      "shop_rnt_oprt": 0.0,
      "evnt_cst_oprt": 0.0,
      "tax_cst_oprt": 0.0,
      "deprc_cst_oprt": 2.0,
      "etc_cst_oprt": 3.0,
      "sale_amt": -964.0,
      "sale_amt_vat": 954.0
    },
    "202409": {
      "ad_cst_oprt": 382.0,
      "slry_csy_oprt": 168.0,
      "emp_bnft_cst_oprt": 43.0,
      "pmt_cms_oprt": -0.0,
      "shop_rnt_oprt": 0.0,
      "evnt_cst_oprt": 0.0,
      "tax_cst_oprt": 0.0,
      "deprc_cst_oprt": 2.0,
      "etc_cst_oprt": 3.0,
      "sale_amt": -725.0,
      "sale_amt_vat": 733.0
    },
    "202410": {
      "ad_cst_oprt": 80.0,
      "slry_csy_oprt": 178.0,
      "emp_bnft_cst_oprt": 43.0,
      "pmt_cms_oprt": 39.0,
      "shop_rnt_oprt": 0.0,
      "evnt_cst_oprt": 0.0,
      "tax_cst_oprt": 0.0,
      "deprc_cst_oprt": 2.0,
      "etc_cst_oprt": 1.0,
      "sale_amt": 131.0,
      "sale_amt_vat": 1176.0
    },
    "202411": {
      "ad_cst_oprt": 0.0,
      "slry_csy_oprt": 182.0,
      "emp_bnft_cst_oprt": 46.0,
      "pmt_cms_oprt": -0.0,
      "shop_rnt_oprt": 0.0,
      "evnt_cst_oprt": 0.0,
      "tax_cst_oprt": 0.0,
      "deprc_cst_oprt": 2.0,
      "etc_cst_oprt": 1.0,
      "sale_amt": -284.0,
      "sale_amt_vat": 1203.0
    },
    "202412": {
      "ad_cst_oprt": 0.0,
      "slry_csy_oprt": 113.0,
      "emp_bnft_cst_oprt": 25.0,
      "pmt_cms_oprt": 0.0,
      "shop_rnt_oprt": 0.0,
      "evnt_cst_oprt": 0.0,
      "tax_cst_oprt": 0.0,
      "deprc_cst_oprt": 2.0,
      "etc_cst_oprt": 0.0,
      "sale_amt": 1384.0,
      "sale_amt_vat": 1600.0
    },
    "202501": {
      "ad_cst_oprt": 0.0,
      "slry_csy_oprt": 3.0,
      "emp_bnft_cst_oprt": 1.0,
      "pmt_cms_oprt": 0.0,
      "shop_rnt_oprt": 0.0,
      "evnt_cst_oprt": 0.0,
      "tax_cst_oprt": 0.0,
      "deprc_cst_oprt": 2.0,
      "etc_cst_oprt": 0.0,
      "sale_amt": 1646.0,
      "sale_amt_vat": 1456.0
    },
    "202502": {
      "ad_cst_oprt": -0.0,
      "slry_csy_oprt": -0.0,
      "emp_bnft_cst_oprt": -0.0,
      "pmt_cms_oprt": -0.0,
      "shop_rnt_oprt": 0.0,
      "evnt_cst_oprt": 0.0,
      "tax_cst_oprt": 0.0,
      "deprc_cst_oprt": -0.0,
      "etc_cst_oprt": -0.0,
      "sale_amt": -175.0,
      "sale_amt_vat": 586.0
    },
    "202503": {
      "ad_cst_oprt": 0.0,
      "slry_csy_oprt": -685.0,
      "emp_bnft_cst_oprt": 0.0,
      "pmt_cms_oprt": 0.0,
      "shop_rnt_oprt": 0.0,
      "evnt_cst_oprt": 0.0,
      "tax_cst_oprt": 0.0,
      "deprc_cst_oprt": 0.0,
      "etc_cst_oprt": 0.0,
      "sale_amt": 313.0,
      "sale_amt_vat": 277.0
    }
  },
  "brand_vs_all_brands": {
    "current_month": {
      "brand_total": -685.0,
      "all_brands_total": 26424.0,
      "ratio": -2.6,
      "by_account": {
        "ad_cst_oprt": {
          "brand": 0.0,
          "all_brands": 14892.0,
          "ratio": 0.0
        },
        "slry_csy_oprt": {
          "brand": -685.0,
          "all_brands": 3478.0,
          "ratio": -19.7
        },
        "emp_bnft_cst_oprt": {
          "brand": 0.0,
          "all_brands": 2437.0,
          "ratio": 0.0
        },
        "pmt_cms_oprt": {
          "brand": 0.0,
          "all_brands": 2973.0,
          "ratio": 0.0
        },
        "shop_rnt_oprt": {
          "brand": 0.0,
          "all_brands": 1676.0,
          "ratio": 0.0
        },
        "evnt_cst_oprt": {
          "brand": 0.0,
          "all_brands": 71.0,
          "ratio": 0.0
        },
        "tax_cst_oprt": {
          "brand": 0.0,
          "all_brands": 217.0,
          "ratio": 0.0
        },
        "deprc_cst_oprt": {
          "brand": 0.0,
          "all_brands": 359.0,
          "ratio": 0.0
        },
        "etc_cst_oprt": {
          "brand": 0.0,
          "all_brands": 321.0,
          "ratio": 0.0
        }
      }
    },
    "current_ytd": {
      "brand_total": -680.0,
      "all_brands_total": 104758.0,
      "ratio": -0.6
    }
  },
  "all_brands_summary": {
    "current_month": {
      "ad_cst_oprt": 14892.0,
      "slry_csy_oprt": 3478.0,
      "emp_bnft_cst_oprt": 2437.0,
      "pmt_cms_oprt": 2973.0,
      "shop_rnt_oprt": 1676.0,
      "evnt_cst_oprt": 71.0,
      "tax_cst_oprt": 217.0,
      "deprc_cst_oprt": 359.0,
      "etc_cst_oprt": 321.0,
      "sale_amt": 479932.0,
      "sale_amt_vat": 598933.0
    },
    "previous_month": {
      "ad_cst_oprt": 10260.0,
      "slry_csy_oprt": 6562.0,
      "emp_bnft_cst_oprt": 2280.0,
      "pmt_cms_oprt": 1070.0,
      "shop_rnt_oprt": 1528.0,
      "evnt_cst_oprt": 0.0,
      "tax_cst_oprt": 221.0,
      "deprc_cst_oprt": 497.0,
      "etc_cst_oprt": 374.0,
      "sale_amt": 418813.0,
      "sale_amt_vat": 588771.0
    },
    "current_ytd": {
      "ad_cst_oprt": 46793.0,
      "slry_csy_oprt": 25861.0,
      "emp_bnft_cst_oprt": 9710.0,
      "pmt_cms_oprt": 5565.0,
      "shop_rnt_oprt": 5028.0,
      "evnt_cst_oprt": 6700.0,
      "tax_cst_oprt": 3117.0,
      "deprc_cst_oprt": 1064.0,
      "etc_cst_oprt": 921.0,
      "sale_amt": 1485235.0,
      "sale_amt_vat": 2048330.0
    },
    "previous_ytd": {
      "ad_cst_oprt": 47272.0,
      "slry_csy_oprt": 25522.0,
      "emp_bnft_cst_oprt": 8635.0,
      "pmt_cms_oprt": 4089.0,
      "shop_rnt_oprt": 4310.0,
      "evnt_cst_oprt": 760.0,
      "tax_cst_oprt": 3553.0,
      "deprc_cst_oprt": 1494.0,
      "etc_cst_oprt": 2403.0,
      "sale_amt": 1424547.0,
      "sale_amt_vat": 1988949.0
    }
  },
  "raw_data": {
    "sample_records": [
      {
        "PST_YYYYMM": "202409",
        "BRD_CD": "W",
        "MGMT_CHNL_NM": "(OFF)쇼핑몰",
        "SALE_AMT": 528990.0,
        "SALE_AMT_VAT": 468132.74336283194,
        "AD_CST_OPRT": -278660.88,
        "SLRY_CSY_OPRT": -122293.85,
        "EMP_BNFT_CST_OPRT": -31198.7,
        "PMT_CMS_OPRT": 1.55,
        "SHOP_RNT_OPRT": 0.0,
        "EVNT_CST_OPRT": 0.0,
        "TAX_CST_OPRT": 0.0,
        "DEPRC_CST_OPRT": -1113.01,
        "ETC_CST_OPRT": -2397.56
      },
      {
        "PST_YYYYMM": "202401",
        "BRD_CD": "W",
        "MGMT_CHNL_NM": "(EC)대리상",
        "SALE_AMT": 276880.41,
        "SALE_AMT_VAT": 0.0,
        "AD_CST_OPRT": 16747.67,
        "SLRY_CSY_OPRT": 74174.99,
        "EMP_BNFT_CST_OPRT": 20015.09,
        "PMT_CMS_OPRT": 0.91,
        "SHOP_RNT_OPRT": 0.0,
        "EVNT_CST_OPRT": 0.0,
        "TAX_CST_OPRT": 0.0,
        "DEPRC_CST_OPRT": 1.59,
        "ETC_CST_OPRT": 641.8
      },
      {
        "PST_YYYYMM": "202406",
        "BRD_CD": "W",
        "MGMT_CHNL_NM": "(OFF)쇼핑몰",
        "SALE_AMT": 380438.0,
        "SALE_AMT_VAT": 336670.79646017705,
        "AD_CST_OPRT": -64982.17,
        "SLRY_CSY_OPRT": -85218.02,
        "EMP_BNFT_CST_OPRT": -23471.2,
        "PMT_CMS_OPRT": -25633.26,
        "SHOP_RNT_OPRT": 0.0,
        "EVNT_CST_OPRT": 0.0,
        "TAX_CST_OPRT": 0.0,
        "DEPRC_CST_OPRT": -474.72,
        "ETC_CST_OPRT": -6011.57
      },
      {
        "PST_YYYYMM": "202403",
        "BRD_CD": "W",
        "MGMT_CHNL_NM": "(OFF)쇼핑몰",
        "SALE_AMT": 270798.0,
        "SALE_AMT_VAT": 239644.24778761063,
        "AD_CST_OPRT": 10072.15,
        "SLRY_CSY_OPRT": 28220.87,
        "EMP_BNFT_CST_OPRT": 7060.69,
        "PMT_CMS_OPRT": 1.34,
        "SHOP_RNT_OPRT": 0.0,
        "EVNT_CST_OPRT": 0.0,
        "TAX_CST_OPRT": 0.0,
        "DEPRC_CST_OPRT": 160.93,
        "ETC_CST_OPRT": 1024.29
      },
      {
        "PST_YYYYMM": "202409",
        "BRD_CD": "W",
        "MGMT_CHNL_NM": "(OFF)대리상",
        "SALE_AMT": -1270219.26,
        "SALE_AMT_VAT": 249740.7079646018,
        "AD_CST_OPRT": 669123.39,
        "SLRY_CSY_OPRT": 293653.88,
        "EMP_BNFT_CST_OPRT": 74914.35,
        "PMT_CMS_OPRT": -4.63,
        "SHOP_RNT_OPRT": 0.0,
        "EVNT_CST_OPRT": 0.0,
        "TAX_CST_OPRT": 0.0,
        "DEPRC_CST_OPRT": 2671.56,
        "ETC_CST_OPRT": 5755.1
      },
      {
        "PST_YYYYMM": "202403",
        "BRD_CD": "W",
        "MGMT_CHNL_NM": "(OFF)대리상",
        "SALE_AMT": 1247284.3900000001,
        "SALE_AMT_VAT": 690101.7699115046,
        "AD_CST_OPRT": 46391.7,
        "SLRY_CSY_OPRT": 129983.06,
        "EMP_BNFT_CST_OPRT": 32520.93,
        "PMT_CMS_OPRT": 6.9,
        "SHOP_RNT_OPRT": 0.0,
        "EVNT_CST_OPRT": 0.0,
        "TAX_CST_OPRT": 0.0,
        "DEPRC_CST_OPRT": 744.23,
        "ETC_CST_OPRT": 4715.41
      },
      {
        "PST_YYYYMM": "202412",
        "BRD_CD": "W",
        "MGMT_CHNL_NM": "(OFF)대리상",
        "SALE_AMT": -380014.85000000003,
        "SALE_AMT_VAT": 39102.65486725664,
        "AD_CST_OPRT": -2.95,
        "SLRY_CSY_OPRT": -31113.1,
        "EMP_BNFT_CST_OPRT": -7005.21,
        "PMT_CMS_OPRT": -1.64,
        "SHOP_RNT_OPRT": 0.0,
        "EVNT_CST_OPRT": 0.0,
        "TAX_CST_OPRT": 0.0,
        "DEPRC_CST_OPRT": -478.35,
        "ETC_CST_OPRT": -50.98
      },
      {
        "PST_YYYYMM": "202408",
        "BRD_CD": "W",
        "MGMT_CHNL_NM": "(EC)할인몰",
        "SALE_AMT": 952.5,
        "SALE_AMT_VAT": 842.920353982301,
        "AD_CST_OPRT": -187.14,
        "SLRY_CSY_OPRT": -183.7,
        "EMP_BNFT_CST_OPRT": -40.91,
        "PMT_CMS_OPRT": 0.0,
        "SHOP_RNT_OPRT": 0.0,
        "EVNT_CST_OPRT": 0.0,
        "TAX_CST_OPRT": 0.0,
        "DEPRC_CST_OPRT": -0.22,
        "ETC_CST_OPRT": -2.55
      },
      {
        "PST_YYYYMM": "202411",
        "BRD_CD": "W",
        "MGMT_CHNL_NM": "(OFF)쇼핑몰",
        "SALE_AMT": 1081511.0,
        "SALE_AMT_VAT": 957089.3805309734,
        "AD_CST_OPRT": 0.0,
        "SLRY_CSY_OPRT": -692494.34,
        "EMP_BNFT_CST_OPRT": -172563.33,
        "PMT_CMS_OPRT": 6.3,
        "SHOP_RNT_OPRT": 0.0,
        "EVNT_CST_OPRT": 0.0,
        "TAX_CST_OPRT": 0.0,
        "DEPRC_CST_OPRT": -4154.6,
        "ETC_CST_OPRT": -3113.64
      },
      {
        "PST_YYYYMM": "202412",
        "BRD_CD": "W",
        "MGMT_CHNL_NM": "(EC)대리상",
        "SALE_AMT": 0.0,
        "SALE_AMT_VAT": 0.0,
        "AD_CST_OPRT": 0.0,
        "SLRY_CSY_OPRT": 0.0,
        "EMP_BNFT_CST_OPRT": 0.0,
        "PMT_CMS_OPRT": 0.0,
        "SHOP_RNT_OPRT": 0.0,
        "EVNT_CST_OPRT": 0.0,
        "TAX_CST_OPRT": 0.0,
        "DEPRC_CST_OPRT": 0.0,
        "ETC_CST_OPRT": 0.0
      },
      {
        "PST_YYYYMM": "202405",
        "BRD_CD": "W",
        "MGMT_CHNL_NM": "(EC)할인몰",
        "SALE_AMT": 6953.5,
        "SALE_AMT_VAT": 6153.53982300885,
        "AD_CST_OPRT": 515.18,
        "SLRY_CSY_OPRT": 58872.75,
        "EMP_BNFT_CST_OPRT": 16431.72,
        "PMT_CMS_OPRT": 0.04,
        "SHOP_RNT_OPRT": 0.0,
        "EVNT_CST_OPRT": 0.0,
        "TAX_CST_OPRT": 0.0,
        "DEPRC_CST_OPRT": 1.36,
        "ETC_CST_OPRT": 8.61
      },
      {
        "PST_YYYYMM": "202403",
        "BRD_CD": "W",
        "MGMT_CHNL_NM": "(EC)대리상",
        "SALE_AMT": 44289.01,
        "SALE_AMT_VAT": 3447.83185840708,
        "AD_CST_OPRT": 1647.32,
        "SLRY_CSY_OPRT": 19116.99,
        "EMP_BNFT_CST_OPRT": 3566.54,
        "PMT_CMS_OPRT": 0.25,
        "SHOP_RNT_OPRT": 0.0,
        "EVNT_CST_OPRT": 0.0,
        "TAX_CST_OPRT": 0.0,
        "DEPRC_CST_OPRT": 5.72,
        "ETC_CST_OPRT": 22.72
      },
      {
        "PST_YYYYMM": "202501",
        "BRD_CD": "W",
        "MGMT_CHNL_NM": "(EC)티몰",
        "SALE_AMT": 123436.08,
        "SALE_AMT_VAT": 109235.46902654869,
        "AD_CST_OPRT": 0.03,
        "SLRY_CSY_OPRT": 240.38,
        "EMP_BNFT_CST_OPRT": 38.7,
        "PMT_CMS_OPRT": 0.22,
        "SHOP_RNT_OPRT": 0.0,
        "EVNT_CST_OPRT": 0.0,
        "TAX_CST_OPRT": 0.0,
        "DEPRC_CST_OPRT": 15.75,
        "ETC_CST_OPRT": 0.99
      },
      {
        "PST_YYYYMM": "202402",
        "BRD_CD": "W",
        "MGMT_CHNL_NM": "(OFF)쇼핑몰",
        "SALE_AMT": 321736.0,
        "SALE_AMT_VAT": 284722.1238938053,
        "AD_CST_OPRT": 238023.21,
        "SLRY_CSY_OPRT": 35825.13,
        "EMP_BNFT_CST_OPRT": 7570.03,
        "PMT_CMS_OPRT": 31688.02,
        "SHOP_RNT_OPRT": 0.0,
        "EVNT_CST_OPRT": 37473.79,
        "TAX_CST_OPRT": 0.0,
        "DEPRC_CST_OPRT": 148.13,
        "ETC_CST_OPRT": 1056.16
      },
      {
        "PST_YYYYMM": "202405",
        "BRD_CD": "W",
        "MGMT_CHNL_NM": "(OFF)대리상",
        "SALE_AMT": 773225.65,
        "SALE_AMT_VAT": 610756.1946902656,
        "AD_CST_OPRT": 57293.29,
        "SLRY_CSY_OPRT": 122228.7,
        "EMP_BNFT_CST_OPRT": 31296.91,
        "PMT_CMS_OPRT": 48589.98,
        "SHOP_RNT_OPRT": 0.0,
        "EVNT_CST_OPRT": 0.0,
        "TAX_CST_OPRT": 0.0,
        "DEPRC_CST_OPRT": 656.61,
        "ETC_CST_OPRT": 1644.31
      },
      {
        "PST_YYYYMM": "202408",
        "BRD_CD": "W",
        "MGMT_CHNL_NM": "(EC)티몰",
        "SALE_AMT": 46294.65,
        "SALE_AMT_VAT": 40968.7168141593,
        "AD_CST_OPRT": -9095.3,
        "SLRY_CSY_OPRT": -8927.24,
        "EMP_BNFT_CST_OPRT": -1986.79,
        "PMT_CMS_OPRT": 0.13,
        "SHOP_RNT_OPRT": 0.0,
        "EVNT_CST_OPRT": 0.0,
        "TAX_CST_OPRT": 0.0,
        "DEPRC_CST_OPRT": -9.87,
        "ETC_CST_OPRT": -124.82
      },
      {
        "PST_YYYYMM": "202501",
        "BRD_CD": "W",
        "MGMT_CHNL_NM": "(EC)할인몰",
        "SALE_AMT": 495.95000000000005,
        "SALE_AMT_VAT": 438.8938053097346,
        "AD_CST_OPRT": 0.0,
        "SLRY_CSY_OPRT": 0.96,
        "EMP_BNFT_CST_OPRT": 0.16,
        "PMT_CMS_OPRT": 0.0,
        "SHOP_RNT_OPRT": 0.0,
        "EVNT_CST_OPRT": 0.0,
        "TAX_CST_OPRT": 0.0,
        "DEPRC_CST_OPRT": 0.06,
        "ETC_CST_OPRT": 0.0
      },
      {
        "PST_YYYYMM": "202407",
        "BRD_CD": "W",
        "MGMT_CHNL_NM": "(EC)티몰",
        "SALE_AMT": 33863.69,
        "SALE_AMT_VAT": 29967.86725663717,
        "AD_CST_OPRT": 0.0,
        "SLRY_CSY_OPRT": 30753.78,
        "EMP_BNFT_CST_OPRT": 8424.91,
        "PMT_CMS_OPRT": 0.22,
        "SHOP_RNT_OPRT": 0.0,
        "EVNT_CST_OPRT": 0.0,
        "TAX_CST_OPRT": 0.0,
        "DEPRC_CST_OPRT": -6.1,
        "ETC_CST_OPRT": -183.89
      },
      {
        "PST_YYYYMM": "202403",
        "BRD_CD": "W",
        "MGMT_CHNL_NM": "(EC)티몰",
        "SALE_AMT": 151933.26,
        "SALE_AMT_VAT": 134454.21238938055,
        "AD_CST_OPRT": 5652.33,
        "SLRY_CSY_OPRT": 65580.85,
        "EMP_BNFT_CST_OPRT": 12236.07,
        "PMT_CMS_OPRT": 0.77,
        "SHOP_RNT_OPRT": 0.0,
        "EVNT_CST_OPRT": 0.0,
        "TAX_CST_OPRT": 0.0,
        "DEPRC_CST_OPRT": 19.57,
        "ETC_CST_OPRT": 78.5
      },
      {
        "PST_YYYYMM": "202502",
        "BRD_CD": "W",
        "MGMT_CHNL_NM": "(EC)할인몰",
        "SALE_AMT": 5618.55,
        "SALE_AMT_VAT": 4972.168141592921,
        "AD_CST_OPRT": 0.0,
        "SLRY_CSY_OPRT": 9.78,
        "EMP_BNFT_CST_OPRT": 2.54,
        "PMT_CMS_OPRT": 0.0,
        "SHOP_RNT_OPRT": 0.0,
        "EVNT_CST_OPRT": 0.0,
        "TAX_CST_OPRT": 0.0,
        "DEPRC_CST_OPRT": 0.0,
        "ETC_CST_OPRT": 0.0
      },
      {
        "PST_YYYYMM": "202503",
        "BRD_CD": "W",
        "MGMT_CHNL_NM": "(EC)티몰",
        "SALE_AMT": 66793.43000000001,
        "SALE_AMT_VAT": 59109.230088495584,
        "AD_CST_OPRT": 0.0,
        "SLRY_CSY_OPRT": -143067.56,
        "EMP_BNFT_CST_OPRT": 26.51,
        "PMT_CMS_OPRT": 0.16,
        "SHOP_RNT_OPRT": 0.0,
        "EVNT_CST_OPRT": 0.0,
        "TAX_CST_OPRT": 0.0,
        "DEPRC_CST_OPRT": 0.02,
        "ETC_CST_OPRT": 3.82
      },
      {
        "PST_YYYYMM": "202406",
        "BRD_CD": "W",
        "MGMT_CHNL_NM": "(EC)티몰",
        "SALE_AMT": 50618.45,
        "SALE_AMT_VAT": 44795.088495575226,
        "AD_CST_OPRT": -8646.3,
        "SLRY_CSY_OPRT": 25351.23,
        "EMP_BNFT_CST_OPRT": 6983.19,
        "PMT_CMS_OPRT": 3.84,
        "SHOP_RNT_OPRT": 0.0,
        "EVNT_CST_OPRT": 0.0,
        "TAX_CST_OPRT": 0.0,
        "DEPRC_CST_OPRT": -8.95,
        "ETC_CST_OPRT": -737.23
      },
      {
        "PST_YYYYMM": "202411",
        "BRD_CD": "W",
        "MGMT_CHNL_NM": "(EC)티몰",
        "SALE_AMT": 149020.29,
        "SALE_AMT_VAT": 131876.36283185842,
        "AD_CST_OPRT": 0.0,
        "SLRY_CSY_OPRT": -95418.45,
        "EMP_BNFT_CST_OPRT": -23192.38,
        "PMT_CMS_OPRT": 0.74,
        "SHOP_RNT_OPRT": 0.0,
        "EVNT_CST_OPRT": 0.0,
        "TAX_CST_OPRT": 0.0,
        "DEPRC_CST_OPRT": -108.62,
        "ETC_CST_OPRT": -65.65
      },
      {
        "PST_YYYYMM": "202406",
        "BRD_CD": "W",
        "MGMT_CHNL_NM": "(OFF)대리상",
        "SALE_AMT": -1122412.45,
        "SALE_AMT_VAT": 496236.9911504425,
        "AD_CST_OPRT": 191718.03,
        "SLRY_CSY_OPRT": 251420.21,
        "EMP_BNFT_CST_OPRT": 69247.28,
        "PMT_CMS_OPRT": 75625.9,
        "SHOP_RNT_OPRT": 0.0,
        "EVNT_CST_OPRT": 0.0,
        "TAX_CST_OPRT": 0.0,
        "DEPRC_CST_OPRT": 1398.9,
        "ETC_CST_OPRT": 17736.14
      },
      {
        "PST_YYYYMM": "202401",
        "BRD_CD": "W",
        "MGMT_CHNL_NM": "(OFF)쇼핑몰",
        "SALE_AMT": 372739.0,
        "SALE_AMT_VAT": 329857.52212389384,
        "AD_CST_OPRT": 22545.78,
        "SLRY_CSY_OPRT": 33119.54,
        "EMP_BNFT_CST_OPRT": 7461.14,
        "PMT_CMS_OPRT": 11815.78,
        "SHOP_RNT_OPRT": 0.0,
        "EVNT_CST_OPRT": 0.0,
        "TAX_CST_OPRT": 0.0,
        "DEPRC_CST_OPRT": 169.55,
        "ETC_CST_OPRT": 9338.71
      },
      {
        "PST_YYYYMM": "202410",
        "BRD_CD": "W",
        "MGMT_CHNL_NM": "(OFF)쇼핑몰",
        "SALE_AMT": 847282.0,
        "SALE_AMT_VAT": 749807.0796460178,
        "AD_CST_OPRT": 519019.23,
        "SLRY_CSY_OPRT": 1640041.98,
        "EMP_BNFT_CST_OPRT": 391589.55,
        "PMT_CMS_OPRT": 823547.95,
        "SHOP_RNT_OPRT": 0.0,
        "EVNT_CST_OPRT": 0.0,
        "TAX_CST_OPRT": 0.0,
        "DEPRC_CST_OPRT": 30188.05,
        "ETC_CST_OPRT": 12497.45
      },
      {
        "PST_YYYYMM": "202402",
        "BRD_CD": "W",
        "MGMT_CHNL_NM": "(EC)티몰",
        "SALE_AMT": 43302.14,
        "SALE_AMT_VAT": 38320.4778761062,
        "AD_CST_OPRT": 32035.32,
        "SLRY_CSY_OPRT": 92574.79,
        "EMP_BNFT_CST_OPRT": 20984.74,
        "PMT_CMS_OPRT": 6.04,
        "SHOP_RNT_OPRT": 0.0,
        "EVNT_CST_OPRT": 5043.6,
        "TAX_CST_OPRT": 0.0,
        "DEPRC_CST_OPRT": 4.76,
        "ETC_CST_OPRT": 55.39
      },
      {
        "PST_YYYYMM": "202502",
        "BRD_CD": "W",
        "MGMT_CHNL_NM": "(OFF)대리상",
        "SALE_AMT": -836614.58,
        "SALE_AMT_VAT": 0.0,
        "AD_CST_OPRT": -1.45,
        "SLRY_CSY_OPRT": -1455.58,
        "EMP_BNFT_CST_OPRT": -381.45,
        "PMT_CMS_OPRT": -3.98,
        "SHOP_RNT_OPRT": 0.0,
        "EVNT_CST_OPRT": 0.0,
        "TAX_CST_OPRT": 0.0,
        "DEPRC_CST_OPRT": -1.55,
        "ETC_CST_OPRT": -0.76
      },
      {
        "PST_YYYYMM": "202410",
        "BRD_CD": "W",
        "MGMT_CHNL_NM": "(EC)티몰",
        "SALE_AMT": 88817.26,
        "SALE_AMT_VAT": 78599.34513274337,
        "AD_CST_OPRT": 54406.54,
        "SLRY_CSY_OPRT": 99044.14,
        "EMP_BNFT_CST_OPRT": 24581.97,
        "PMT_CMS_OPRT": 0.33,
        "SHOP_RNT_OPRT": 0.0,
        "EVNT_CST_OPRT": 0.0,
        "TAX_CST_OPRT": 0.0,
        "DEPRC_CST_OPRT": 141.87,
        "ETC_CST_OPRT": 10.43
      },
      {
        "PST_YYYYMM": "202405",
        "BRD_CD": "W",
        "MGMT_CHNL_NM": "(EC)티몰",
        "SALE_AMT": 56741.01,
        "SALE_AMT_VAT": 50213.283185840715,
        "AD_CST_OPRT": 4205.58,
        "SLRY_CSY_OPRT": 480403.48,
        "EMP_BNFT_CST_OPRT": 134091.1,
        "PMT_CMS_OPRT": 5.11,
        "SHOP_RNT_OPRT": 0.0,
        "EVNT_CST_OPRT": 0.0,
        "TAX_CST_OPRT": 0.0,
        "DEPRC_CST_OPRT": 32.16,
        "ETC_CST_OPRT": 84.52
      },
      {
        "PST_YYYYMM": "202405",
        "BRD_CD": "W",
        "MGMT_CHNL_NM": "(OFF)쇼핑몰",
        "SALE_AMT": 321756.0,
        "SALE_AMT_VAT": 284739.82300884963,
        "AD_CST_OPRT": 23841.04,
        "SLRY_CSY_OPRT": 50861.68,
        "EMP_BNFT_CST_OPRT": 13023.03,
        "PMT_CMS_OPRT": 20219.35,
        "SHOP_RNT_OPRT": 0.0,
        "EVNT_CST_OPRT": 0.0,
        "TAX_CST_OPRT": 0.0,
        "DEPRC_CST_OPRT": 272.57,
        "ETC_CST_OPRT": 683.87
      },
      {
        "PST_YYYYMM": "202411",
        "BRD_CD": "W",
        "MGMT_CHNL_NM": "(EC)할인몰",
        "SALE_AMT": 374.5,
        "SALE_AMT_VAT": 331.41592920353986,
        "AD_CST_OPRT": 0.0,
        "SLRY_CSY_OPRT": -239.8,
        "EMP_BNFT_CST_OPRT": -58.28,
        "PMT_CMS_OPRT": 0.0,
        "SHOP_RNT_OPRT": 0.0,
        "EVNT_CST_OPRT": 0.0,
        "TAX_CST_OPRT": 0.0,
        "DEPRC_CST_OPRT": -0.28,
        "ETC_CST_OPRT": -0.17
      },
      {
        "PST_YYYYMM": "202405",
        "BRD_CD": "W",
        "MGMT_CHNL_NM": "(EC)대리상",
        "SALE_AMT": -59224.189999999995,
        "SALE_AMT_VAT": 1938.9380530973453,
        "AD_CST_OPRT": -4388.32,
        "SLRY_CSY_OPRT": -501428.1,
        "EMP_BNFT_CST_OPRT": -139951.8,
        "PMT_CMS_OPRT": -0.49,
        "SHOP_RNT_OPRT": 0.0,
        "EVNT_CST_OPRT": 0.0,
        "TAX_CST_OPRT": 0.0,
        "DEPRC_CST_OPRT": -11.82,
        "ETC_CST_OPRT": -73.5
      },
      {
        "PST_YYYYMM": "202407",
        "BRD_CD": "W",
        "MGMT_CHNL_NM": "(EC)할인몰",
        "SALE_AMT": 2326.5,
        "SALE_AMT_VAT": 2058.849557522124,
        "AD_CST_OPRT": 0.0,
        "SLRY_CSY_OPRT": 2112.82,
        "EMP_BNFT_CST_OPRT": 578.85,
        "PMT_CMS_OPRT": 0.01,
        "SHOP_RNT_OPRT": 0.0,
        "EVNT_CST_OPRT": 0.0,
        "TAX_CST_OPRT": 0.0,
        "DEPRC_CST_OPRT": -0.42,
        "ETC_CST_OPRT": -12.63
      },
      {
        "PST_YYYYMM": "202410",
        "BRD_CD": "W",
        "MGMT_CHNL_NM": "(OFF)대리상",
        "SALE_AMT": -807671.81,
        "SALE_AMT_VAT": 345745.84070796455,
        "AD_CST_OPRT": -494755.22,
        "SLRY_CSY_OPRT": -1563371.33,
        "EMP_BNFT_CST_OPRT": -373282.94,
        "PMT_CMS_OPRT": -785048.03,
        "SHOP_RNT_OPRT": 0.0,
        "EVNT_CST_OPRT": 0.0,
        "TAX_CST_OPRT": 0.0,
        "DEPRC_CST_OPRT": -28776.71,
        "ETC_CST_OPRT": -11913.34
      },
      {
        "PST_YYYYMM": "202404",
        "BRD_CD": "W",
        "MGMT_CHNL_NM": "(EC)티몰",
        "SALE_AMT": 36897.0,
        "SALE_AMT_VAT": 32652.212389380533,
        "AD_CST_OPRT": -66600.08,
        "SLRY_CSY_OPRT": -244007.67,
        "EMP_BNFT_CST_OPRT": -66336.96,
        "PMT_CMS_OPRT": 0.19,
        "SHOP_RNT_OPRT": 0.0,
        "EVNT_CST_OPRT": 0.0,
        "TAX_CST_OPRT": 0.0,
        "DEPRC_CST_OPRT": -17.59,
        "ETC_CST_OPRT": -499.03
      },
      {
        "PST_YYYYMM": "202503",
        "BRD_CD": "W",
        "MGMT_CHNL_NM": "(OFF)쇼핑몰",
        "SALE_AMT": 183857.0,
        "SALE_AMT_VAT": 162705.30973451328,
        "AD_CST_OPRT": 0.0,
        "SLRY_CSY_OPRT": -405619.98,
        "EMP_BNFT_CST_OPRT": 72.96,
        "PMT_CMS_OPRT": 0.46,
        "SHOP_RNT_OPRT": 0.0,
        "EVNT_CST_OPRT": 0.0,
        "TAX_CST_OPRT": 0.0,
        "DEPRC_CST_OPRT": 0.04,
        "ETC_CST_OPRT": 10.37
      },
      {
        "PST_YYYYMM": "202410",
        "BRD_CD": "W",
        "MGMT_CHNL_NM": "(EC)할인몰",
        "SALE_AMT": 2173.0,
        "SALE_AMT_VAT": 1923.0088495575224,
        "AD_CST_OPRT": 1331.11,
        "SLRY_CSY_OPRT": 2423.19,
        "EMP_BNFT_CST_OPRT": 601.41,
        "PMT_CMS_OPRT": 0.01,
        "SHOP_RNT_OPRT": 0.0,
        "EVNT_CST_OPRT": 0.0,
        "TAX_CST_OPRT": 0.0,
        "DEPRC_CST_OPRT": 3.47,
        "ETC_CST_OPRT": 0.25
      },
      {
        "PST_YYYYMM": "202409",
        "BRD_CD": "W",
        "MGMT_CHNL_NM": "(EC)티몰",
        "SALE_AMT": 16167.85,
        "SALE_AMT_VAT": 14307.831858407082,
        "AD_CST_OPRT": -8517.0,
        "SLRY_CSY_OPRT": -3028.82,
        "EMP_BNFT_CST_OPRT": -793.43,
        "PMT_CMS_OPRT": 0.01,
        "SHOP_RNT_OPRT": 0.0,
        "EVNT_CST_OPRT": 0.0,
        "TAX_CST_OPRT": 0.0,
        "DEPRC_CST_OPRT": -4.67,
        "ETC_CST_OPRT": -8.65
      },
      {
        "PST_YYYYMM": "202502",
        "BRD_CD": "W",
        "MGMT_CHNL_NM": "(EC)티몰",
        "SALE_AMT": 52213.520000000004,
        "SALE_AMT_VAT": 46206.65486725664,
        "AD_CST_OPRT": 0.03,
        "SLRY_CSY_OPRT": 90.84,
        "EMP_BNFT_CST_OPRT": 23.71,
        "PMT_CMS_OPRT": 0.18,
        "SHOP_RNT_OPRT": 0.0,
        "EVNT_CST_OPRT": 0.0,
        "TAX_CST_OPRT": 0.0,
        "DEPRC_CST_OPRT": 0.02,
        "ETC_CST_OPRT": 0.01
      },
      {
        "PST_YYYYMM": "202411",
        "BRD_CD": "W",
        "MGMT_CHNL_NM": "(OFF)대리상",
        "SALE_AMT": -1514605.74,
        "SALE_AMT_VAT": 113448.6725663717,
        "AD_CST_OPRT": 0.0,
        "SLRY_CSY_OPRT": 969807.18,
        "EMP_BNFT_CST_OPRT": 241666.95,
        "PMT_CMS_OPRT": -8.71,
        "SHOP_RNT_OPRT": 0.0,
        "EVNT_CST_OPRT": 0.0,
        "TAX_CST_OPRT": 0.0,
        "DEPRC_CST_OPRT": 5817.55,
        "ETC_CST_OPRT": 4360.13
      },
      {
        "PST_YYYYMM": "202404",
        "BRD_CD": "W",
        "MGMT_CHNL_NM": "(OFF)대리상",
        "SALE_AMT": -757910.7699999999,
        "SALE_AMT_VAT": 776654.9292035399,
        "AD_CST_OPRT": 1368056.45,
        "SLRY_CSY_OPRT": 291300.5,
        "EMP_BNFT_CST_OPRT": 75806.14,
        "PMT_CMS_OPRT": 281674.58,
        "SHOP_RNT_OPRT": 0.0,
        "EVNT_CST_OPRT": 0.0,
        "TAX_CST_OPRT": 0.0,
        "DEPRC_CST_OPRT": 1625.15,
        "ETC_CST_OPRT": 10192.62
      },
      {
        "PST_YYYYMM": "202401",
        "BRD_CD": "W",
        "MGMT_CHNL_NM": "(OFF)대리상",
        "SALE_AMT": 1204693.02,
        "SALE_AMT_VAT": 1111158.336283186,
        "AD_CST_OPRT": 72868.18,
        "SLRY_CSY_OPRT": 107042.44,
        "EMP_BNFT_CST_OPRT": 24114.49,
        "PMT_CMS_OPRT": 38188.91,
        "SHOP_RNT_OPRT": 0.0,
        "EVNT_CST_OPRT": 0.0,
        "TAX_CST_OPRT": 0.0,
        "DEPRC_CST_OPRT": 548.61,
        "ETC_CST_OPRT": 30185.81
      },
      {
        "PST_YYYYMM": "202412",
        "BRD_CD": "W",
        "MGMT_CHNL_NM": "(EC)티몰",
        "SALE_AMT": 165824.46,
        "SALE_AMT_VAT": 146747.30973451328,
        "AD_CST_OPRT": 1.12,
        "SLRY_CSY_OPRT": 13576.85,
        "EMP_BNFT_CST_OPRT": 2988.62,
        "PMT_CMS_OPRT": 0.6,
        "SHOP_RNT_OPRT": 0.0,
        "EVNT_CST_OPRT": 0.0,
        "TAX_CST_OPRT": 0.0,
        "DEPRC_CST_OPRT": 25.27,
        "ETC_CST_OPRT": 14.12
      },
      {
        "PST_YYYYMM": "202409",
        "BRD_CD": "W",
        "MGMT_CHNL_NM": "(EC)할인몰",
        "SALE_AMT": 369.0,
        "SALE_AMT_VAT": 326.5486725663717,
        "AD_CST_OPRT": -194.38,
        "SLRY_CSY_OPRT": -69.13,
        "EMP_BNFT_CST_OPRT": -18.1,
        "PMT_CMS_OPRT": 0.0,
        "SHOP_RNT_OPRT": 0.0,
        "EVNT_CST_OPRT": 0.0,
        "TAX_CST_OPRT": 0.0,
        "DEPRC_CST_OPRT": -0.11,
        "ETC_CST_OPRT": -0.19
      },
      {
        "PST_YYYYMM": "202402",
        "BRD_CD": "W",
        "MGMT_CHNL_NM": "(OFF)대리상",
        "SALE_AMT": 1709072.1700000002,
        "SALE_AMT_VAT": 1202577.8761061947,
        "AD_CST_OPRT": 1264388.13,
        "SLRY_CSY_OPRT": 190304.39,
        "EMP_BNFT_CST_OPRT": 40213.65,
        "PMT_CMS_OPRT": 168328.19,
        "SHOP_RNT_OPRT": 0.0,
        "EVNT_CST_OPRT": 199062.09,
        "TAX_CST_OPRT": 0.0,
        "DEPRC_CST_OPRT": 788.61,
        "ETC_CST_OPRT": 5612.57
      },
      {
        "PST_YYYYMM": "202407",
        "BRD_CD": "W",
        "MGMT_CHNL_NM": "(OFF)대리상",
        "SALE_AMT": -1678888.7099999997,
        "SALE_AMT_VAT": 547740.4778761063,
        "AD_CST_OPRT": 0.0,
        "SLRY_CSY_OPRT": 268538.76,
        "EMP_BNFT_CST_OPRT": 74692.23,
        "PMT_CMS_OPRT": 29079.97,
        "SHOP_RNT_OPRT": 0.0,
        "EVNT_CST_OPRT": 0.0,
        "TAX_CST_OPRT": 0.0,
        "DEPRC_CST_OPRT": 2259.26,
        "ETC_CST_OPRT": 11134.18
      },
      {
        "PST_YYYYMM": "202412",
        "BRD_CD": "W",
        "MGMT_CHNL_NM": "(OFF)쇼핑몰",
        "SALE_AMT": 1598342.0,
        "SALE_AMT_VAT": 1414461.946902655,
        "AD_CST_OPRT": 12.51,
        "SLRY_CSY_OPRT": 130861.68,
        "EMP_BNFT_CST_OPRT": 29463.79,
        "PMT_CMS_OPRT": 6.9,
        "SHOP_RNT_OPRT": 0.0,
        "EVNT_CST_OPRT": 0.0,
        "TAX_CST_OPRT": 0.0,
        "DEPRC_CST_OPRT": 2011.12,
        "ETC_CST_OPRT": 214.18
      },
      {
        "PST_YYYYMM": "202404",
        "BRD_CD": "W",
        "MGMT_CHNL_NM": "(OFF)쇼핑몰",
        "SALE_AMT": 332782.0,
        "SALE_AMT_VAT": 294497.34513274336,
        "AD_CST_OPRT": -600683.2,
        "SLRY_CSY_OPRT": -127903.58,
        "EMP_BNFT_CST_OPRT": -33285.25,
        "PMT_CMS_OPRT": -123677.36,
        "SHOP_RNT_OPRT": 0.0,
        "EVNT_CST_OPRT": 0.0,
        "TAX_CST_OPRT": 0.0,
        "DEPRC_CST_OPRT": -714.18,
        "ETC_CST_OPRT": -4475.67
      },
      {
        "PST_YYYYMM": "202404",
        "BRD_CD": "W",
        "MGMT_CHNL_NM": "(EC)대리상",
        "SALE_AMT": -42850.479999999996,
        "SALE_AMT_VAT": 1715.0442477876109,
        "AD_CST_OPRT": 77346.63,
        "SLRY_CSY_OPRT": 283375.99,
        "EMP_BNFT_CST_OPRT": 77039.03,
        "PMT_CMS_OPRT": -0.23,
        "SHOP_RNT_OPRT": 0.0,
        "EVNT_CST_OPRT": 0.0,
        "TAX_CST_OPRT": 0.0,
        "DEPRC_CST_OPRT": 20.33,
        "ETC_CST_OPRT": 578.02
      }
    ],
    "total_records_count": 61
  }
}