{
  "country": "CN",
  "brand_cd": "W",
  "brand_name": "SUPRA",
  "yyyymm": "202502",
  "yyyymm_py": "202402",
  "key": "영업비",
  "sub_key": "종합분석",
  "analysis_data": {
    "title": "영업비 종합분석",
    "sections": [
      {
        "div": "종합분석-1",
        "sub_title": "전년/당해 동월 비교 (202402 VS 202502)",
        "ai_text": "**전년 동월(202402) 대비 당해당월(202502) 영업비 급격한 감소**\n\n• 총 영업비: 2,382k → 0k (100% 감소)\n• 매출액(v+): 2,077k → -175k (108.4% 감소)\n\n**주요 계정별 변화**\n• 광고비(ad_cst_oprt): 1,537k → 0k (100% 감소) - 마케팅 활동 완전 중단\n• 인건비(slry_csy_oprt): 325k → 0k (100% 감소) - 인력 운영 중단\n• 복리후생비(emp_bnft_cst_oprt): 70k → 0k (100% 감소)\n• 지급수수료(pmt_cms_oprt): 200k → 0k (100% 감소)\n• 이벤트비(evnt_cst_oprt): 242k → 0k (100% 감소)\n\n**⚠️ 위험 신호**\n• 매출액이 마이너스로 전환되면서 영업비 지출 완전 중단\n• 브랜드 운영이 사실상 정지 상태로 판단됨\n• 전년 동월 대비 모든 영업활동 중단으로 브랜드 경쟁력 급속 악화 우려\n\n**즉시 실행 액션**\n• SUPRA 브랜드 운영 전략 재검토 및 사업 지속성 판단 필요\n• 브랜드 철수 또는 재런칭 전략 수립 시급"
      },
      {
        "div": "종합분석-2",
        "sub_title": "누적 YTD 비교 (전년 누적 VS 당해 누적)",
        "ai_text": "**전년 누적(202401~202402) 대비 당해 누적(202501~202502) 영업비 구조적 변화**\n\n• 총 영업비: 2,903k → 5k (99.8% 감소)\n• 매출액(v+): 4,061k → 1,471k (63.8% 감소)\n\n**주요 계정별 누적 비교**\n• 광고비: 1,657k → 0k (100% 감소) - 마케팅 투자 전면 중단\n• 인건비: 574k → 3k (99.5% 감소) - 최소 유지비용만 발생\n• 복리후생비: 131k → 0k (100% 감소)\n• 지급수수료: 250k → 0k (100% 감소)\n• 감가상각비: 2k → 2k (변동 없음) - 고정비 성격 유지\n\n**영업비율 분석**\n• 전년 누적 영업비율: 78.7% (2,903k/3,692k)\n• 당해 누적 영업비율: 0.3% (5k/1,856k)\n• 영업비 효율성은 개선되었으나 브랜드 투자 부족으로 장기적 위험 증가\n\n**구조적 변화 시사점**\n• 브랜드 운영 방식의 근본적 변화 또는 사업 축소 진행 중\n• 최소한의 유지비용 외 모든 투자 중단 상태\n• 2025년 브랜드 전략 재정립 필요성 대두"
      },
      {
        "div": "종합분석-3",
        "sub_title": "1년 추세 분석 (2024년 1월 ~ 2025년 2월, 202401~202502)",
        "ai_text": "**월별 영업비 추이 패턴 분석**\n\n**2024년 상반기 (1~6월)**\n• 평균 월 영업비: 약 600k 수준\n• 2월 특이점: 2,382k로 급증 (광고비 1,537k, 이벤트비 242k 집중 투입)\n• 4월 광고비 778k로 재투입 후 감소 추세\n\n**2024년 하반기 (7~12월)**\n• 평균 월 영업비: 약 400k 수준으로 감소\n• 9월 광고비 382k 일시 증가 외 대부분 최소 운영\n• 인건비는 월 평균 180k 수준으로 안정적 유지\n\n**2025년 (1~2월)**\n• 1월: 6k (감가상각비 2k, 인건비 3k만 발생)\n• 2월: 0k (완전 중단)\n• 매출액도 2월 -175k로 마이너스 전환\n\n**계절성 및 트렌드**\n• 2024년 2월, 4월 집중 마케팅 투입 패턴\n• 2024년 하반기부터 영업비 점진적 축소\n• 2025년 들어 브랜드 운영 사실상 중단\n\n**특이사항**\n• 매출액 변동성 심화: 2024년 4월(-431k), 2025년 2월(-175k) 마이너스 발생\n• 영업비 대비 매출 효율성 지속적 악화\n• 브랜드 생명주기 상 쇠퇴기 진입 신호"
      },
      {
        "div": "종합분석-4",
        "sub_title": "법인 전체 대비 브랜드 비중 분석 (SUPRA vs 법인 전체)",
        "ai_text": "**당해당월(202502) 법인 전체 대비 SUPRA 브랜드 비중**\n\n• 총 영업비 비중: 0% (0k / 31,417k)\n• SUPRA 브랜드의 영업비 지출이 전무한 상태\n\n**계정별 법인 기여도**\n• 광고비: 0% (0k / 14,432k) - 법인 광고비의 미기여\n• 인건비: 0% (0k / 8,239k) - 법인 인건비의 미기여\n• 복리후생비: 0% (0k / 2,894k)\n• 지급수수료: 0% (0k / 1,464k)\n• 임차료: 0% (0k / 1,678k)\n• 세금과공과: 0% (0k / 1,577k)\n\n**당해 누적(202501~202502) 비중**\n• 총 영업비 비중: 0.0% (5k / 78,334k)\n• 법인 전체 영업비 중 SUPRA가 차지하는 비중 미미\n\n**브랜드 포트폴리오 내 위치**\n• MLB, DISCOVERY 등 주력 브랜드 대비 극히 미미한 투자\n• 법인 차원에서 SUPRA 브랜드 우선순위 최하위로 판단\n• 자원 배분에서 완전히 배제된 상태\n\n**전략적 함의**\n• 법인 전체 관점에서 SUPRA 브랜드의 전략적 가치 재평가 필요\n• 브랜드 정리 또는 매각 검토 단계로 판단\n• 주력 브랜드 집중 전략의 일환으로 해석 가능"
      },
      {
        "div": "종합분석-5",
        "sub_title": "전략적 시사점",
        "ai_text": "**단기 전략 방향 (향후 3개월)**\n\n**즉시 실행 과제**\n• SUPRA 브랜드 사업 지속성 최종 판단 (30일 내)\n• 브랜드 철수 시나리오 vs 재런칭 시나리오 비교 분석\n• 잔여 재고 처리 및 정리 계획 수립\n• 관련 인력 재배치 또는 정리 계획 확정\n\n**리스크 관리**\n• 브랜드 철수 시 법적 이슈 (라이선스, 계약 등) 사전 검토\n• 유통업체 및 파트너사 대상 커뮤니케이션 계획\n• 브랜드 자산 가치 보존 방안 검토\n\n**중장기 전략 방향 (향후 1년)**\n\n**시나리오 1: 브랜드 정리**\n• 단계적 사업 철수 로드맵 수립\n• 브랜드 자산 매각 또는 라이선스 반납 추진\n• 확보된 자원을 주력 브랜드(MLB, DISCOVERY)로 재배분\n\n**시나리오 2: 선택적 재런칭**\n• 온라인 전용 또는 특정 세그먼트 타겟 재포지셔닝\n• 최소 투자로 니치 마켓 공략 전략\n• 성과 기반 단계적 투자 확대 방식 채택\n\n**법인 차원 최적화**\n• 브랜드 포트폴리오 집중화를 통한 운영 효율성 극대화\n• SUPRA 정리 시 확보 자원을 성장 브랜드 투자로 활용\n• 브랜드별 ROI 기준 강화 및 정기적 포트폴리오 리뷰 체계 구축"
      }
    ]
  },
  "summary": {
    "current_month_expense": -0.0,
    "previous_month_expense": 2381.0,
    "current_ytd_expense": 5.0,
    "previous_ytd_expense": 2903.0,
    "total_records": 57,
    "analysis_period_month": "2024년 2월 VS 2025년 2월",
    "analysis_period_ytd": "2024년 1월~2024년 2월 VS 2025년 1월~2025년 2월",
    "trend_period": "2024년 1월 ~ 2025년 2월 (202401~202502)"
  },
  "month_comparison": {
    "previous_month": {
      "ad_cst_oprt": 1537.0,
      "slry_csy_oprt": 325.0,
      "emp_bnft_cst_oprt": 70.0,
      "pmt_cms_oprt": 200.0,
      "shop_rnt_oprt": 0.0,
      "evnt_cst_oprt": 242.0,
      "tax_cst_oprt": 0.0,
      "deprc_cst_oprt": 1.0,
      "etc_cst_oprt": 7.0,
      "sale_amt": 2077.0,
      "sale_amt_vat": 1526.0
    },
    "current_month": {
      "ad_cst_oprt": -0.0,
      "slry_csy_oprt": -0.0,
      "emp_bnft_cst_oprt": -0.0,
      "pmt_cms_oprt": -0.0,
      "shop_rnt_oprt": 0.0,
      "evnt_cst_oprt": 0.0,
      "tax_cst_oprt": 0.0,
      "deprc_cst_oprt": -0.0,
      "etc_cst_oprt": -0.0,
      "sale_amt": -175.0,
      "sale_amt_vat": 586.0
    }
  },
  "ytd_comparison": {
    "previous_ytd": {
      "ad_cst_oprt": 1657.0,
      "slry_csy_oprt": 574.0,
      "emp_bnft_cst_oprt": 131.0,
      "pmt_cms_oprt": 250.0,
      "shop_rnt_oprt": 0.0,
      "evnt_cst_oprt": 242.0,
      "tax_cst_oprt": 0.0,
      "deprc_cst_oprt": 2.0,
      "etc_cst_oprt": 47.0,
      "sale_amt": 4061.0,
      "sale_amt_vat": 3082.0
    },
    "current_ytd": {
      "ad_cst_oprt": -0.0,
      "slry_csy_oprt": 3.0,
      "emp_bnft_cst_oprt": 0.0,
      "pmt_cms_oprt": 0.0,
      "shop_rnt_oprt": 0.0,
      "evnt_cst_oprt": 0.0,
      "tax_cst_oprt": 0.0,
      "deprc_cst_oprt": 2.0,
      "etc_cst_oprt": 0.0,
      "sale_amt": 1471.0,
      "sale_amt_vat": 2042.0
    }
  },
  "trend_by_month": {
    "202401": {
      "ad_cst_oprt": 120.0,
      "slry_csy_oprt": 249.0,
      "emp_bnft_cst_oprt": 61.0,
      "pmt_cms_oprt": 50.0,
      "shop_rnt_oprt": 0.0,
      "evnt_cst_oprt": 0.0,
      "tax_cst_oprt": 0.0,
      "deprc_cst_oprt": 1.0,
      "etc_cst_oprt": 40.0,
      "sale_amt": 1985.0,
      "sale_amt_vat": 1556.0
    },
    "202402": {
      "ad_cst_oprt": 1537.0,
      "slry_csy_oprt": 325.0,
      "emp_bnft_cst_oprt": 70.0,
      "pmt_cms_oprt": 200.0,
      "shop_rnt_oprt": 0.0,
      "evnt_cst_oprt": 242.0,
      "tax_cst_oprt": 0.0,
      "deprc_cst_oprt": 1.0,
      "etc_cst_oprt": 7.0,
      "sale_amt": 2077.0,
      "sale_amt_vat": 1526.0
    },
    "202403": {
      "ad_cst_oprt": 64.0,
      "slry_csy_oprt": 243.0,
      "emp_bnft_cst_oprt": 55.0,
      "pmt_cms_oprt": 0.0,
      "shop_rnt_oprt": 0.0,
      "evnt_cst_oprt": 0.0,
      "tax_cst_oprt": 0.0,
      "deprc_cst_oprt": 1.0,
      "etc_cst_oprt": 6.0,
      "sale_amt": 1714.0,
      "sale_amt_vat": 1068.0
    },
    "202404": {
      "ad_cst_oprt": 778.0,
      "slry_csy_oprt": 203.0,
      "emp_bnft_cst_oprt": 53.0,
      "pmt_cms_oprt": 158.0,
      "shop_rnt_oprt": 0.0,
      "evnt_cst_oprt": 0.0,
      "tax_cst_oprt": 0.0,
      "deprc_cst_oprt": 1.0,
      "etc_cst_oprt": 6.0,
      "sale_amt": -431.0,
      "sale_amt_vat": 1106.0
    },
    "202405": {
      "ad_cst_oprt": 81.0,
      "slry_csy_oprt": 211.0,
      "emp_bnft_cst_oprt": 55.0,
      "pmt_cms_oprt": 69.0,
      "shop_rnt_oprt": 0.0,
      "evnt_cst_oprt": 0.0,
      "tax_cst_oprt": 0.0,
      "deprc_cst_oprt": 1.0,
      "etc_cst_oprt": 2.0,
      "sale_amt": 1099.0,
      "sale_amt_vat": 954.0
    },
    "202406": {
      "ad_cst_oprt": 118.0,
      "slry_csy_oprt": 192.0,
      "emp_bnft_cst_oprt": 53.0,
      "pmt_cms_oprt": 50.0,
      "shop_rnt_oprt": 0.0,
      "evnt_cst_oprt": 0.0,
      "tax_cst_oprt": 0.0,
      "deprc_cst_oprt": 1.0,
      "etc_cst_oprt": 11.0,
      "sale_amt": -690.0,
      "sale_amt_vat": 879.0
    },
    "202407": {
      "ad_cst_oprt": 0.0,
      "slry_csy_oprt": 217.0,
      "emp_bnft_cst_oprt": 60.0,
      "pmt_cms_oprt": 20.0,
      "shop_rnt_oprt": 0.0,
      "evnt_cst_oprt": 0.0,
      "tax_cst_oprt": 0.0,
      "deprc_cst_oprt": 2.0,
      "etc_cst_oprt": 7.0,
      "sale_amt": -1118.0,
      "sale_amt_vat": 1044.0
    },
    "202408": {
      "ad_cst_oprt": 189.0,
      "slry_csy_oprt": 205.0,
      "emp_bnft_cst_oprt": 48.0,
      "pmt_cms_oprt": -0.0,
      "shop_rnt_oprt": 0.0,
      "evnt_cst_oprt": 0.0,
      "tax_cst_oprt": 0.0,
      "deprc_cst_oprt": 2.0,
      "etc_cst_oprt": 3.0,
      "sale_amt": -964.0,
      "sale_amt_vat": 954.0
    },
    "202409": {
      "ad_cst_oprt": 382.0,
      "slry_csy_oprt": 168.0,
      "emp_bnft_cst_oprt": 43.0,
      "pmt_cms_oprt": -0.0,
      "shop_rnt_oprt": 0.0,
      "evnt_cst_oprt": 0.0,
      "tax_cst_oprt": 0.0,
      "deprc_cst_oprt": 2.0,
      "etc_cst_oprt": 3.0,
      "sale_amt": -725.0,
      "sale_amt_vat": 733.0
    },
    "202410": {
      "ad_cst_oprt": 80.0,
      "slry_csy_oprt": 178.0,
      "emp_bnft_cst_oprt": 43.0,
      "pmt_cms_oprt": 39.0,
      "shop_rnt_oprt": 0.0,
      "evnt_cst_oprt": 0.0,
      "tax_cst_oprt": 0.0,
      "deprc_cst_oprt": 2.0,
      "etc_cst_oprt": 1.0,
      "sale_amt": 131.0,
      "sale_amt_vat": 1176.0
    },
    "202411": {
      "ad_cst_oprt": 0.0,
      "slry_csy_oprt": 182.0,
      "emp_bnft_cst_oprt": 46.0,
      "pmt_cms_oprt": -0.0,
      "shop_rnt_oprt": 0.0,
      "evnt_cst_oprt": 0.0,
      "tax_cst_oprt": 0.0,
      "deprc_cst_oprt": 2.0,
      "etc_cst_oprt": 1.0,
      "sale_amt": -284.0,
      "sale_amt_vat": 1203.0
    },
    "202412": {
      "ad_cst_oprt": 0.0,
      "slry_csy_oprt": 113.0,
      "emp_bnft_cst_oprt": 25.0,
      "pmt_cms_oprt": 0.0,
      "shop_rnt_oprt": 0.0,
      "evnt_cst_oprt": 0.0,
      "tax_cst_oprt": 0.0,
      "deprc_cst_oprt": 2.0,
      "etc_cst_oprt": 0.0,
      "sale_amt": 1384.0,
      "sale_amt_vat": 1600.0
    },
    "202501": {
      "ad_cst_oprt": 0.0,
      "slry_csy_oprt": 3.0,
      "emp_bnft_cst_oprt": 1.0,
      "pmt_cms_oprt": 0.0,
      "shop_rnt_oprt": 0.0,
      "evnt_cst_oprt": 0.0,
      "tax_cst_oprt": 0.0,
      "deprc_cst_oprt": 2.0,
      "etc_cst_oprt": 0.0,
      "sale_amt": 1646.0,
      "sale_amt_vat": 1456.0
    },
    "202502": {
      "ad_cst_oprt": -0.0,
      "slry_csy_oprt": -0.0,
      "emp_bnft_cst_oprt": -0.0,
      "pmt_cms_oprt": -0.0,
      "shop_rnt_oprt": 0.0,
      "evnt_cst_oprt": 0.0,
      "tax_cst_oprt": 0.0,
      "deprc_cst_oprt": -0.0,
      "etc_cst_oprt": -0.0,
      "sale_amt": -175.0,
      "sale_amt_vat": 586.0
    }
  },
  "brand_vs_all_brands": {
    "current_month": {
      "brand_total": -0.0,
      "all_brands_total": 31417.0,
      "ratio": -0.0,
      "by_account": {
        "ad_cst_oprt": {
          "brand": -0.0,
          "all_brands": 14432.0,
          "ratio": -0.0
        },
        "slry_csy_oprt": {
          "brand": -0.0,
          "all_brands": 8239.0,
          "ratio": -0.0
        },
        "emp_bnft_cst_oprt": {
          "brand": -0.0,
          "all_brands": 2894.0,
          "ratio": -0.0
        },
        "pmt_cms_oprt": {
          "brand": -0.0,
          "all_brands": 1464.0,
          "ratio": -0.0
        },
        "shop_rnt_oprt": {
          "brand": 0.0,
          "all_brands": 1678.0,
          "ratio": 0.0
        },
        "evnt_cst_oprt": {
          "brand": 0.0,
          "all_brands": 491.0,
          "ratio": 0.0
        },
        "tax_cst_oprt": {
          "brand": 0.0,
          "all_brands": 1577.0,
          "ratio": 0.0
        },
        "deprc_cst_oprt": {
          "brand": -0.0,
          "all_brands": 352.0,
          "ratio": -0.0
        },
        "etc_cst_oprt": {
          "brand": -0.0,
          "all_brands": 291.0,
          "ratio": -0.0
        }
      }
    },
    "current_ytd": {
      "brand_total": 5.0,
      "all_brands_total": 78334.0,
      "ratio": 0.0
    }
  },
  "all_brands_summary": {
    "current_month": {
      "ad_cst_oprt": 14432.0,
      "slry_csy_oprt": 8239.0,
      "emp_bnft_cst_oprt": 2894.0,
      "pmt_cms_oprt": 1464.0,
      "shop_rnt_oprt": 1678.0,
      "evnt_cst_oprt": 491.0,
      "tax_cst_oprt": 1577.0,
      "deprc_cst_oprt": 352.0,
      "etc_cst_oprt": 291.0,
      "sale_amt": 416550.0,
      "sale_amt_vat": 469863.0
    },
    "previous_month": {
      "ad_cst_oprt": 11607.0,
      "slry_csy_oprt": 11521.0,
      "emp_bnft_cst_oprt": 2484.0,
      "pmt_cms_oprt": 1835.0,
      "shop_rnt_oprt": 1528.0,
      "evnt_cst_oprt": 452.0,
      "tax_cst_oprt": 177.0,
      "deprc_cst_oprt": 497.0,
      "etc_cst_oprt": 277.0,
      "sale_amt": 291092.0,
      "sale_amt_vat": 709794.0
    },
    "current_ytd": {
      "ad_cst_oprt": 31901.0,
      "slry_csy_oprt": 22383.0,
      "emp_bnft_cst_oprt": 7273.0,
      "pmt_cms_oprt": 2592.0,
      "shop_rnt_oprt": 3353.0,
      "evnt_cst_oprt": 6629.0,
      "tax_cst_oprt": 2899.0,
      "deprc_cst_oprt": 705.0,
      "etc_cst_oprt": 599.0,
      "sale_amt": 1005303.0,
      "sale_amt_vat": 1449397.0
    },
    "previous_ytd": {
      "ad_cst_oprt": 37012.0,
      "slry_csy_oprt": 18960.0,
      "emp_bnft_cst_oprt": 6355.0,
      "pmt_cms_oprt": 3019.0,
      "shop_rnt_oprt": 2782.0,
      "evnt_cst_oprt": 760.0,
      "tax_cst_oprt": 3332.0,
      "deprc_cst_oprt": 997.0,
      "etc_cst_oprt": 2029.0,
      "sale_amt": 1005734.0,
      "sale_amt_vat": 1400178.0
    }
  },
  "raw_data": {
    "sample_records": [
      {
        "PST_YYYYMM": "202408",
        "BRD_CD": "W",
        "MGMT_CHNL_NM": "(EC)할인몰",
        "SALE_AMT": 952.5,
        "SALE_AMT_VAT": 842.920353982301,
        "AD_CST_OPRT": -187.14,
        "SLRY_CSY_OPRT": -183.7,
        "EMP_BNFT_CST_OPRT": -40.91,
        "PMT_CMS_OPRT": 0.0,
        "SHOP_RNT_OPRT": 0.0,
        "EVNT_CST_OPRT": 0.0,
        "TAX_CST_OPRT": 0.0,
        "DEPRC_CST_OPRT": -0.22,
        "ETC_CST_OPRT": -2.55
      },
      {
        "PST_YYYYMM": "202411",
        "BRD_CD": "W",
        "MGMT_CHNL_NM": "(OFF)쇼핑몰",
        "SALE_AMT": 1081511.0,
        "SALE_AMT_VAT": 957089.3805309734,
        "AD_CST_OPRT": 0.0,
        "SLRY_CSY_OPRT": -692494.34,
        "EMP_BNFT_CST_OPRT": -172563.33,
        "PMT_CMS_OPRT": 6.3,
        "SHOP_RNT_OPRT": 0.0,
        "EVNT_CST_OPRT": 0.0,
        "TAX_CST_OPRT": 0.0,
        "DEPRC_CST_OPRT": -4154.6,
        "ETC_CST_OPRT": -3113.64
      },
      {
        "PST_YYYYMM": "202403",
        "BRD_CD": "W",
        "MGMT_CHNL_NM": "(OFF)대리상",
        "SALE_AMT": 1247284.39,
        "SALE_AMT_VAT": 690101.7699115046,
        "AD_CST_OPRT": 46391.7,
        "SLRY_CSY_OPRT": 129983.06,
        "EMP_BNFT_CST_OPRT": 32520.93,
        "PMT_CMS_OPRT": 6.9,
        "SHOP_RNT_OPRT": 0.0,
        "EVNT_CST_OPRT": 0.0,
        "TAX_CST_OPRT": 0.0,
        "DEPRC_CST_OPRT": 744.23,
        "ETC_CST_OPRT": 4715.41
      },
      {
        "PST_YYYYMM": "202409",
        "BRD_CD": "W",
        "MGMT_CHNL_NM": "(OFF)대리상",
        "SALE_AMT": -1270219.26,
        "SALE_AMT_VAT": 249740.70796460175,
        "AD_CST_OPRT": 669123.39,
        "SLRY_CSY_OPRT": 293653.88,
        "EMP_BNFT_CST_OPRT": 74914.35,
        "PMT_CMS_OPRT": -4.63,
        "SHOP_RNT_OPRT": 0.0,
        "EVNT_CST_OPRT": 0.0,
        "TAX_CST_OPRT": 0.0,
        "DEPRC_CST_OPRT": 2671.56,
        "ETC_CST_OPRT": 5755.1
      },
      {
        "PST_YYYYMM": "202412",
        "BRD_CD": "W",
        "MGMT_CHNL_NM": "(EC)대리상",
        "SALE_AMT": 0.0,
        "SALE_AMT_VAT": 0.0,
        "AD_CST_OPRT": 0.0,
        "SLRY_CSY_OPRT": 0.0,
        "EMP_BNFT_CST_OPRT": 0.0,
        "PMT_CMS_OPRT": 0.0,
        "SHOP_RNT_OPRT": 0.0,
        "EVNT_CST_OPRT": 0.0,
        "TAX_CST_OPRT": 0.0,
        "DEPRC_CST_OPRT": 0.0,
        "ETC_CST_OPRT": 0.0
      },
      {
        "PST_YYYYMM": "202405",
        "BRD_CD": "W",
        "MGMT_CHNL_NM": "(EC)할인몰",
        "SALE_AMT": 6953.5,
        "SALE_AMT_VAT": 6153.53982300885,
        "AD_CST_OPRT": 515.18,
        "SLRY_CSY_OPRT": 58872.75,
        "EMP_BNFT_CST_OPRT": 16431.72,
        "PMT_CMS_OPRT": 0.04,
        "SHOP_RNT_OPRT": 0.0,
        "EVNT_CST_OPRT": 0.0,
        "TAX_CST_OPRT": 0.0,
        "DEPRC_CST_OPRT": 1.36,
        "ETC_CST_OPRT": 8.61
      },
      {
        "PST_YYYYMM": "202409",
        "BRD_CD": "W",
        "MGMT_CHNL_NM": "(OFF)쇼핑몰",
        "SALE_AMT": 528990.0,
        "SALE_AMT_VAT": 468132.7433628319,
        "AD_CST_OPRT": -278660.88,
        "SLRY_CSY_OPRT": -122293.85,
        "EMP_BNFT_CST_OPRT": -31198.7,
        "PMT_CMS_OPRT": 1.55,
        "SHOP_RNT_OPRT": 0.0,
        "EVNT_CST_OPRT": 0.0,
        "TAX_CST_OPRT": 0.0,
        "DEPRC_CST_OPRT": -1113.01,
        "ETC_CST_OPRT": -2397.56
      },
      {
        "PST_YYYYMM": "202412",
        "BRD_CD": "W",
        "MGMT_CHNL_NM": "(OFF)대리상",
        "SALE_AMT": -380014.85000000003,
        "SALE_AMT_VAT": 39102.654867256635,
        "AD_CST_OPRT": -2.95,
        "SLRY_CSY_OPRT": -31113.1,
        "EMP_BNFT_CST_OPRT": -7005.21,
        "PMT_CMS_OPRT": -1.64,
        "SHOP_RNT_OPRT": 0.0,
        "EVNT_CST_OPRT": 0.0,
        "TAX_CST_OPRT": 0.0,
        "DEPRC_CST_OPRT": -478.35,
        "ETC_CST_OPRT": -50.98
      },
      {
        "PST_YYYYMM": "202406",
        "BRD_CD": "W",
        "MGMT_CHNL_NM": "(OFF)쇼핑몰",
        "SALE_AMT": 380438.0,
        "SALE_AMT_VAT": 336670.79646017705,
        "AD_CST_OPRT": -64982.17,
        "SLRY_CSY_OPRT": -85218.02,
        "EMP_BNFT_CST_OPRT": -23471.2,
        "PMT_CMS_OPRT": -25633.26,
        "SHOP_RNT_OPRT": 0.0,
        "EVNT_CST_OPRT": 0.0,
        "TAX_CST_OPRT": 0.0,
        "DEPRC_CST_OPRT": -474.72,
        "ETC_CST_OPRT": -6011.57
      },
      {
        "PST_YYYYMM": "202403",
        "BRD_CD": "W",
        "MGMT_CHNL_NM": "(EC)대리상",
        "SALE_AMT": 44289.01,
        "SALE_AMT_VAT": 3447.83185840708,
        "AD_CST_OPRT": 1647.32,
        "SLRY_CSY_OPRT": 19116.99,
        "EMP_BNFT_CST_OPRT": 3566.54,
        "PMT_CMS_OPRT": 0.25,
        "SHOP_RNT_OPRT": 0.0,
        "EVNT_CST_OPRT": 0.0,
        "TAX_CST_OPRT": 0.0,
        "DEPRC_CST_OPRT": 5.72,
        "ETC_CST_OPRT": 22.72
      },
      {
        "PST_YYYYMM": "202501",
        "BRD_CD": "W",
        "MGMT_CHNL_NM": "(EC)티몰",
        "SALE_AMT": 123436.08,
        "SALE_AMT_VAT": 109235.46902654869,
        "AD_CST_OPRT": 0.03,
        "SLRY_CSY_OPRT": 240.38,
        "EMP_BNFT_CST_OPRT": 38.7,
        "PMT_CMS_OPRT": 0.22,
        "SHOP_RNT_OPRT": 0.0,
        "EVNT_CST_OPRT": 0.0,
        "TAX_CST_OPRT": 0.0,
        "DEPRC_CST_OPRT": 15.75,
        "ETC_CST_OPRT": 0.99
      },
      {
        "PST_YYYYMM": "202401",
        "BRD_CD": "W",
        "MGMT_CHNL_NM": "(EC)대리상",
        "SALE_AMT": 276880.41,
        "SALE_AMT_VAT": 0.0,
        "AD_CST_OPRT": 16747.67,
        "SLRY_CSY_OPRT": 74174.99,
        "EMP_BNFT_CST_OPRT": 20015.09,
        "PMT_CMS_OPRT": 0.91,
        "SHOP_RNT_OPRT": 0.0,
        "EVNT_CST_OPRT": 0.0,
        "TAX_CST_OPRT": 0.0,
        "DEPRC_CST_OPRT": 1.59,
        "ETC_CST_OPRT": 641.8
      },
      {
        "PST_YYYYMM": "202403",
        "BRD_CD": "W",
        "MGMT_CHNL_NM": "(OFF)쇼핑몰",
        "SALE_AMT": 270798.0,
        "SALE_AMT_VAT": 239644.24778761063,
        "AD_CST_OPRT": 10072.15,
        "SLRY_CSY_OPRT": 28220.87,
        "EMP_BNFT_CST_OPRT": 7060.69,
        "PMT_CMS_OPRT": 1.34,
        "SHOP_RNT_OPRT": 0.0,
        "EVNT_CST_OPRT": 0.0,
        "TAX_CST_OPRT": 0.0,
        "DEPRC_CST_OPRT": 160.93,
        "ETC_CST_OPRT": 1024.29
      },
      {
        "PST_YYYYMM": "202402",
        "BRD_CD": "W",
        "MGMT_CHNL_NM": "(OFF)쇼핑몰",
        "SALE_AMT": 321736.0,
        "SALE_AMT_VAT": 284722.1238938053,
        "AD_CST_OPRT": 238023.21,
        "SLRY_CSY_OPRT": 35825.13,
        "EMP_BNFT_CST_OPRT": 7570.03,
        "PMT_CMS_OPRT": 31688.02,
        "SHOP_RNT_OPRT": 0.0,
        "EVNT_CST_OPRT": 37473.79,
        "TAX_CST_OPRT": 0.0,
        "DEPRC_CST_OPRT": 148.13,
        "ETC_CST_OPRT": 1056.16
      },
      {
        "PST_YYYYMM": "202405",
        "BRD_CD": "W",
        "MGMT_CHNL_NM": "(OFF)대리상",
        "SALE_AMT": 773225.65,
        "SALE_AMT_VAT": 610756.1946902656,
        "AD_CST_OPRT": 57293.29,
        "SLRY_CSY_OPRT": 122228.7,
        "EMP_BNFT_CST_OPRT": 31296.91,
        "PMT_CMS_OPRT": 48589.98,
        "SHOP_RNT_OPRT": 0.0,
        "EVNT_CST_OPRT": 0.0,
        "TAX_CST_OPRT": 0.0,
        "DEPRC_CST_OPRT": 656.61,
        "ETC_CST_OPRT": 1644.31
      },
      {
        "PST_YYYYMM": "202501",
        "BRD_CD": "W",
        "MGMT_CHNL_NM": "(EC)할인몰",
        "SALE_AMT": 495.95000000000005,
        "SALE_AMT_VAT": 438.8938053097346,
        "AD_CST_OPRT": 0.0,
        "SLRY_CSY_OPRT": 0.96,
        "EMP_BNFT_CST_OPRT": 0.16,
        "PMT_CMS_OPRT": 0.0,
        "SHOP_RNT_OPRT": 0.0,
        "EVNT_CST_OPRT": 0.0,
        "TAX_CST_OPRT": 0.0,
        "DEPRC_CST_OPRT": 0.06,
        "ETC_CST_OPRT": 0.0
      },
      {
        "PST_YYYYMM": "202407",
        "BRD_CD": "W",
        "MGMT_CHNL_NM": "(EC)티몰",
        "SALE_AMT": 33863.69,
        "SALE_AMT_VAT": 29967.86725663717,
        "AD_CST_OPRT": 0.0,
        "SLRY_CSY_OPRT": 30753.78,
        "EMP_BNFT_CST_OPRT": 8424.91,
        "PMT_CMS_OPRT": 0.22,
        "SHOP_RNT_OPRT": 0.0,
        "EVNT_CST_OPRT": 0.0,
        "TAX_CST_OPRT": 0.0,
        "DEPRC_CST_OPRT": -6.1,
        "ETC_CST_OPRT": -183.89
      },
      {
        "PST_YYYYMM": "202408",
        "BRD_CD": "W",
        "MGMT_CHNL_NM": "(EC)티몰",
        "SALE_AMT": 46294.65,
        "SALE_AMT_VAT": 40968.7168141593,
        "AD_CST_OPRT": -9095.3,
        "SLRY_CSY_OPRT": -8927.24,
        "EMP_BNFT_CST_OPRT": -1986.79,
        "PMT_CMS_OPRT": 0.13,
        "SHOP_RNT_OPRT": 0.0,
        "EVNT_CST_OPRT": 0.0,
        "TAX_CST_OPRT": 0.0,
        "DEPRC_CST_OPRT": -9.87,
        "ETC_CST_OPRT": -124.82
      },
      {
        "PST_YYYYMM": "202406",
        "BRD_CD": "W",
        "MGMT_CHNL_NM": "(EC)티몰",
        "SALE_AMT": 50618.45,
        "SALE_AMT_VAT": 44795.088495575226,
        "AD_CST_OPRT": -8646.3,
        "SLRY_CSY_OPRT": 25351.23,
        "EMP_BNFT_CST_OPRT": 6983.19,
        "PMT_CMS_OPRT": 3.84,
        "SHOP_RNT_OPRT": 0.0,
        "EVNT_CST_OPRT": 0.0,
        "TAX_CST_OPRT": 0.0,
        "DEPRC_CST_OPRT": -8.95,
        "ETC_CST_OPRT": -737.23
      },
      {
        "PST_YYYYMM": "202411",
        "BRD_CD": "W",
        "MGMT_CHNL_NM": "(EC)티몰",
        "SALE_AMT": 149020.29,
        "SALE_AMT_VAT": 131876.36283185842,
        "AD_CST_OPRT": 0.0,
        "SLRY_CSY_OPRT": -95418.45,
        "EMP_BNFT_CST_OPRT": -23192.38,
        "PMT_CMS_OPRT": 0.74,
        "SHOP_RNT_OPRT": 0.0,
        "EVNT_CST_OPRT": 0.0,
        "TAX_CST_OPRT": 0.0,
        "DEPRC_CST_OPRT": -108.62,
        "ETC_CST_OPRT": -65.65
      },
      {
        "PST_YYYYMM": "202403",
        "BRD_CD": "W",
        "MGMT_CHNL_NM": "(EC)티몰",
        "SALE_AMT": 151933.26,
        "SALE_AMT_VAT": 134454.21238938055,
        "AD_CST_OPRT": 5652.33,
        "SLRY_CSY_OPRT": 65580.85,
        "EMP_BNFT_CST_OPRT": 12236.07,
        "PMT_CMS_OPRT": 0.77,
        "SHOP_RNT_OPRT": 0.0,
        "EVNT_CST_OPRT": 0.0,
        "TAX_CST_OPRT": 0.0,
        "DEPRC_CST_OPRT": 19.57,
        "ETC_CST_OPRT": 78.5
      },
      {
        "PST_YYYYMM": "202502",
        "BRD_CD": "W",
        "MGMT_CHNL_NM": "(EC)할인몰",
        "SALE_AMT": 5618.55,
        "SALE_AMT_VAT": 4972.168141592921,
        "AD_CST_OPRT": 0.0,
        "SLRY_CSY_OPRT": 9.78,
        "EMP_BNFT_CST_OPRT": 2.54,
        "PMT_CMS_OPRT": 0.0,
        "SHOP_RNT_OPRT": 0.0,
        "EVNT_CST_OPRT": 0.0,
        "TAX_CST_OPRT": 0.0,
        "DEPRC_CST_OPRT": 0.0,
        "ETC_CST_OPRT": 0.0
      },
      {
        "PST_YYYYMM": "202406",
        "BRD_CD": "W",
        "MGMT_CHNL_NM": "(OFF)대리상",
        "SALE_AMT": -1122412.45,
        "SALE_AMT_VAT": 496236.99115044257,
        "AD_CST_OPRT": 191718.03,
        "SLRY_CSY_OPRT": 251420.21,
        "EMP_BNFT_CST_OPRT": 69247.28,
        "PMT_CMS_OPRT": 75625.9,
        "SHOP_RNT_OPRT": 0.0,
        "EVNT_CST_OPRT": 0.0,
        "TAX_CST_OPRT": 0.0,
        "DEPRC_CST_OPRT": 1398.9,
        "ETC_CST_OPRT": 17736.14
      },
      {
        "PST_YYYYMM": "202401",
        "BRD_CD": "W",
        "MGMT_CHNL_NM": "(OFF)쇼핑몰",
        "SALE_AMT": 372739.0,
        "SALE_AMT_VAT": 329857.52212389384,
        "AD_CST_OPRT": 22545.78,
        "SLRY_CSY_OPRT": 33119.54,
        "EMP_BNFT_CST_OPRT": 7461.14,
        "PMT_CMS_OPRT": 11815.78,
        "SHOP_RNT_OPRT": 0.0,
        "EVNT_CST_OPRT": 0.0,
        "TAX_CST_OPRT": 0.0,
        "DEPRC_CST_OPRT": 169.55,
        "ETC_CST_OPRT": 9338.71
      },
      {
        "PST_YYYYMM": "202410",
        "BRD_CD": "W",
        "MGMT_CHNL_NM": "(OFF)쇼핑몰",
        "SALE_AMT": 847282.0,
        "SALE_AMT_VAT": 749807.0796460178,
        "AD_CST_OPRT": 519019.23,
        "SLRY_CSY_OPRT": 1640041.98,
        "EMP_BNFT_CST_OPRT": 391589.55,
        "PMT_CMS_OPRT": 823547.95,
        "SHOP_RNT_OPRT": 0.0,
        "EVNT_CST_OPRT": 0.0,
        "TAX_CST_OPRT": 0.0,
        "DEPRC_CST_OPRT": 30188.05,
        "ETC_CST_OPRT": 12497.45
      },
      {
        "PST_YYYYMM": "202402",
        "BRD_CD": "W",
        "MGMT_CHNL_NM": "(EC)티몰",
        "SALE_AMT": 43302.14,
        "SALE_AMT_VAT": 38320.4778761062,
        "AD_CST_OPRT": 32035.32,
        "SLRY_CSY_OPRT": 92574.79,
        "EMP_BNFT_CST_OPRT": 20984.74,
        "PMT_CMS_OPRT": 6.04,
        "SHOP_RNT_OPRT": 0.0,
        "EVNT_CST_OPRT": 5043.6,
        "TAX_CST_OPRT": 0.0,
        "DEPRC_CST_OPRT": 4.76,
        "ETC_CST_OPRT": 55.39
      },
      {
        "PST_YYYYMM": "202502",
        "BRD_CD": "W",
        "MGMT_CHNL_NM": "(OFF)대리상",
        "SALE_AMT": -836614.58,
        "SALE_AMT_VAT": 0.0,
        "AD_CST_OPRT": -1.45,
        "SLRY_CSY_OPRT": -1455.58,
        "EMP_BNFT_CST_OPRT": -381.45,
        "PMT_CMS_OPRT": -3.98,
        "SHOP_RNT_OPRT": 0.0,
        "EVNT_CST_OPRT": 0.0,
        "TAX_CST_OPRT": 0.0,
        "DEPRC_CST_OPRT": -1.55,
        "ETC_CST_OPRT": -0.76
      },
      {
        "PST_YYYYMM": "202410",
        "BRD_CD": "W",
        "MGMT_CHNL_NM": "(EC)티몰",
        "SALE_AMT": 88817.26,
        "SALE_AMT_VAT": 78599.34513274337,
        "AD_CST_OPRT": 54406.54,
        "SLRY_CSY_OPRT": 99044.14,
        "EMP_BNFT_CST_OPRT": 24581.97,
        "PMT_CMS_OPRT": 0.33,
        "SHOP_RNT_OPRT": 0.0,
        "EVNT_CST_OPRT": 0.0,
        "TAX_CST_OPRT": 0.0,
        "DEPRC_CST_OPRT": 141.87,
        "ETC_CST_OPRT": 10.43
      },
      {
        "PST_YYYYMM": "202405",
        "BRD_CD": "W",
        "MGMT_CHNL_NM": "(EC)티몰",
        "SALE_AMT": 56741.01,
        "SALE_AMT_VAT": 50213.283185840715,
        "AD_CST_OPRT": 4205.58,
        "SLRY_CSY_OPRT": 480403.48,
        "EMP_BNFT_CST_OPRT": 134091.1,
        "PMT_CMS_OPRT": 5.11,
        "SHOP_RNT_OPRT": 0.0,
        "EVNT_CST_OPRT": 0.0,
        "TAX_CST_OPRT": 0.0,
        "DEPRC_CST_OPRT": 32.16,
        "ETC_CST_OPRT": 84.52
      },
      {
        "PST_YYYYMM": "202405",
        "BRD_CD": "W",
        "MGMT_CHNL_NM": "(OFF)쇼핑몰",
        "SALE_AMT": 321756.0,
        "SALE_AMT_VAT": 284739.82300884963,
        "AD_CST_OPRT": 23841.04,
        "SLRY_CSY_OPRT": 50861.68,
        "EMP_BNFT_CST_OPRT": 13023.03,
        "PMT_CMS_OPRT": 20219.35,
        "SHOP_RNT_OPRT": 0.0,
        "EVNT_CST_OPRT": 0.0,
        "TAX_CST_OPRT": 0.0,
        "DEPRC_CST_OPRT": 272.57,
        "ETC_CST_OPRT": 683.87
      },
      {
        "PST_YYYYMM": "202405",
        "BRD_CD": "W",
        "MGMT_CHNL_NM": "(EC)대리상",
        "SALE_AMT": -59224.189999999995,
        "SALE_AMT_VAT": 1938.9380530973453,
        "AD_CST_OPRT": -4388.32,
        "SLRY_CSY_OPRT": -501428.1,
        "EMP_BNFT_CST_OPRT": -139951.8,
        "PMT_CMS_OPRT": -0.49,
        "SHOP_RNT_OPRT": 0.0,
        "EVNT_CST_OPRT": 0.0,
        "TAX_CST_OPRT": 0.0,
        "DEPRC_CST_OPRT": -11.82,
        "ETC_CST_OPRT": -73.5
      },
      {
        "PST_YYYYMM": "202411",
        "BRD_CD": "W",
        "MGMT_CHNL_NM": "(EC)할인몰",
        "SALE_AMT": 374.5,
        "SALE_AMT_VAT": 331.41592920353986,
        "AD_CST_OPRT": 0.0,
        "SLRY_CSY_OPRT": -239.8,
        "EMP_BNFT_CST_OPRT": -58.28,
        "PMT_CMS_OPRT": 0.0,
        "SHOP_RNT_OPRT": 0.0,
        "EVNT_CST_OPRT": 0.0,
        "TAX_CST_OPRT": 0.0,
        "DEPRC_CST_OPRT": -0.28,
        "ETC_CST_OPRT": -0.17
      },
      {
        "PST_YYYYMM": "202407",
        "BRD_CD": "W",
        "MGMT_CHNL_NM": "(EC)할인몰",
        "SALE_AMT": 2326.5,
        "SALE_AMT_VAT": 2058.849557522124,
        "AD_CST_OPRT": 0.0,
        "SLRY_CSY_OPRT": 2112.82,
        "EMP_BNFT_CST_OPRT": 578.85,
        "PMT_CMS_OPRT": 0.01,
        "SHOP_RNT_OPRT": 0.0,
        "EVNT_CST_OPRT": 0.0,
        "TAX_CST_OPRT": 0.0,
        "DEPRC_CST_OPRT": -0.42,
        "ETC_CST_OPRT": -12.63
      },
      {
        "PST_YYYYMM": "202410",
        "BRD_CD": "W",
        "MGMT_CHNL_NM": "(OFF)대리상",
        "SALE_AMT": -807671.8099999999,
        "SALE_AMT_VAT": 345745.8407079646,
        "AD_CST_OPRT": -494755.22,
        "SLRY_CSY_OPRT": -1563371.33,
        "EMP_BNFT_CST_OPRT": -373282.94,
        "PMT_CMS_OPRT": -785048.03,
        "SHOP_RNT_OPRT": 0.0,
        "EVNT_CST_OPRT": 0.0,
        "TAX_CST_OPRT": 0.0,
        "DEPRC_CST_OPRT": -28776.71,
        "ETC_CST_OPRT": -11913.34
      },
      {
        "PST_YYYYMM": "202410",
        "BRD_CD": "W",
        "MGMT_CHNL_NM": "(EC)할인몰",
        "SALE_AMT": 2173.0,
        "SALE_AMT_VAT": 1923.0088495575224,
        "AD_CST_OPRT": 1331.11,
        "SLRY_CSY_OPRT": 2423.19,
        "EMP_BNFT_CST_OPRT": 601.41,
        "PMT_CMS_OPRT": 0.01,
        "SHOP_RNT_OPRT": 0.0,
        "EVNT_CST_OPRT": 0.0,
        "TAX_CST_OPRT": 0.0,
        "DEPRC_CST_OPRT": 3.47,
        "ETC_CST_OPRT": 0.25
      },
      {
        "PST_YYYYMM": "202404",
        "BRD_CD": "W",
        "MGMT_CHNL_NM": "(EC)티몰",
        "SALE_AMT": 36897.0,
        "SALE_AMT_VAT": 32652.212389380533,
        "AD_CST_OPRT": -66600.08,
        "SLRY_CSY_OPRT": -244007.67,
        "EMP_BNFT_CST_OPRT": -66336.96,
        "PMT_CMS_OPRT": 0.19,
        "SHOP_RNT_OPRT": 0.0,
        "EVNT_CST_OPRT": 0.0,
        "TAX_CST_OPRT": 0.0,
        "DEPRC_CST_OPRT": -17.59,
        "ETC_CST_OPRT": -499.03
      },
      {
        "PST_YYYYMM": "202409",
        "BRD_CD": "W",
        "MGMT_CHNL_NM": "(EC)티몰",
        "SALE_AMT": 16167.85,
        "SALE_AMT_VAT": 14307.831858407082,
        "AD_CST_OPRT": -8517.0,
        "SLRY_CSY_OPRT": -3028.82,
        "EMP_BNFT_CST_OPRT": -793.43,
        "PMT_CMS_OPRT": 0.01,
        "SHOP_RNT_OPRT": 0.0,
        "EVNT_CST_OPRT": 0.0,
        "TAX_CST_OPRT": 0.0,
        "DEPRC_CST_OPRT": -4.67,
        "ETC_CST_OPRT": -8.65
      },
      {
        "PST_YYYYMM": "202502",
        "BRD_CD": "W",
        "MGMT_CHNL_NM": "(EC)티몰",
        "SALE_AMT": 52213.520000000004,
        "SALE_AMT_VAT": 46206.65486725664,
        "AD_CST_OPRT": 0.03,
        "SLRY_CSY_OPRT": 90.84,
        "EMP_BNFT_CST_OPRT": 23.71,
        "PMT_CMS_OPRT": 0.18,
        "SHOP_RNT_OPRT": 0.0,
        "EVNT_CST_OPRT": 0.0,
        "TAX_CST_OPRT": 0.0,
        "DEPRC_CST_OPRT": 0.02,
        "ETC_CST_OPRT": 0.01
      },
      {
        "PST_YYYYMM": "202411",
        "BRD_CD": "W",
        "MGMT_CHNL_NM": "(OFF)대리상",
        "SALE_AMT": -1514605.7400000002,
        "SALE_AMT_VAT": 113448.6725663717,
        "AD_CST_OPRT": 0.0,
        "SLRY_CSY_OPRT": 969807.18,
        "EMP_BNFT_CST_OPRT": 241666.95,
        "PMT_CMS_OPRT": -8.71,
        "SHOP_RNT_OPRT": 0.0,
        "EVNT_CST_OPRT": 0.0,
        "TAX_CST_OPRT": 0.0,
        "DEPRC_CST_OPRT": 5817.55,
        "ETC_CST_OPRT": 4360.13
      },
      {
        "PST_YYYYMM": "202404",
        "BRD_CD": "W",
        "MGMT_CHNL_NM": "(OFF)대리상",
        "SALE_AMT": -757910.7699999999,
        "SALE_AMT_VAT": 776654.9292035399,
        "AD_CST_OPRT": 1368056.45,
        "SLRY_CSY_OPRT": 291300.5,
        "EMP_BNFT_CST_OPRT": 75806.14,
        "PMT_CMS_OPRT": 281674.58,
        "SHOP_RNT_OPRT": 0.0,
        "EVNT_CST_OPRT": 0.0,
        "TAX_CST_OPRT": 0.0,
        "DEPRC_CST_OPRT": 1625.15,
        "ETC_CST_OPRT": 10192.62
      },
      {
        "PST_YYYYMM": "202412",
        "BRD_CD": "W",
        "MGMT_CHNL_NM": "(EC)티몰",
        "SALE_AMT": 165824.46,
        "SALE_AMT_VAT": 146747.30973451328,
        "AD_CST_OPRT": 1.12,
        "SLRY_CSY_OPRT": 13576.85,
        "EMP_BNFT_CST_OPRT": 2988.62,
        "PMT_CMS_OPRT": 0.6,
        "SHOP_RNT_OPRT": 0.0,
        "EVNT_CST_OPRT": 0.0,
        "TAX_CST_OPRT": 0.0,
        "DEPRC_CST_OPRT": 25.27,
        "ETC_CST_OPRT": 14.12
      },
      {
        "PST_YYYYMM": "202401",
        "BRD_CD": "W",
        "MGMT_CHNL_NM": "(OFF)대리상",
        "SALE_AMT": 1204693.02,
        "SALE_AMT_VAT": 1111158.336283186,
        "AD_CST_OPRT": 72868.18,
        "SLRY_CSY_OPRT": 107042.44,
        "EMP_BNFT_CST_OPRT": 24114.49,
        "PMT_CMS_OPRT": 38188.91,
        "SHOP_RNT_OPRT": 0.0,
        "EVNT_CST_OPRT": 0.0,
        "TAX_CST_OPRT": 0.0,
        "DEPRC_CST_OPRT": 548.61,
        "ETC_CST_OPRT": 30185.81
      },
      {
        "PST_YYYYMM": "202409",
        "BRD_CD": "W",
        "MGMT_CHNL_NM": "(EC)할인몰",
        "SALE_AMT": 369.0,
        "SALE_AMT_VAT": 326.5486725663717,
        "AD_CST_OPRT": -194.38,
        "SLRY_CSY_OPRT": -69.13,
        "EMP_BNFT_CST_OPRT": -18.1,
        "PMT_CMS_OPRT": 0.0,
        "SHOP_RNT_OPRT": 0.0,
        "EVNT_CST_OPRT": 0.0,
        "TAX_CST_OPRT": 0.0,
        "DEPRC_CST_OPRT": -0.11,
        "ETC_CST_OPRT": -0.19
      },
      {
        "PST_YYYYMM": "202402",
        "BRD_CD": "W",
        "MGMT_CHNL_NM": "(OFF)대리상",
        "SALE_AMT": 1709072.17,
        "SALE_AMT_VAT": 1202577.8761061947,
        "AD_CST_OPRT": 1264388.13,
        "SLRY_CSY_OPRT": 190304.39,
        "EMP_BNFT_CST_OPRT": 40213.65,
        "PMT_CMS_OPRT": 168328.19,
        "SHOP_RNT_OPRT": 0.0,
        "EVNT_CST_OPRT": 199062.09,
        "TAX_CST_OPRT": 0.0,
        "DEPRC_CST_OPRT": 788.61,
        "ETC_CST_OPRT": 5612.57
      },
      {
        "PST_YYYYMM": "202407",
        "BRD_CD": "W",
        "MGMT_CHNL_NM": "(OFF)대리상",
        "SALE_AMT": -1678888.71,
        "SALE_AMT_VAT": 547740.4778761063,
        "AD_CST_OPRT": 0.0,
        "SLRY_CSY_OPRT": 268538.76,
        "EMP_BNFT_CST_OPRT": 74692.23,
        "PMT_CMS_OPRT": 29079.97,
        "SHOP_RNT_OPRT": 0.0,
        "EVNT_CST_OPRT": 0.0,
        "TAX_CST_OPRT": 0.0,
        "DEPRC_CST_OPRT": 2259.26,
        "ETC_CST_OPRT": 11134.18
      },
      {
        "PST_YYYYMM": "202501",
        "BRD_CD": "W",
        "MGMT_CHNL_NM": "(OFF)쇼핑몰",
        "SALE_AMT": 1521730.0,
        "SALE_AMT_VAT": 1346663.7168141594,
        "AD_CST_OPRT": 0.57,
        "SLRY_CSY_OPRT": 2963.31,
        "EMP_BNFT_CST_OPRT": 478.11,
        "PMT_CMS_OPRT": 4.77,
        "SHOP_RNT_OPRT": 0.0,
        "EVNT_CST_OPRT": 0.0,
        "TAX_CST_OPRT": 0.0,
        "DEPRC_CST_OPRT": 1541.73,
        "ETC_CST_OPRT": 172.78
      },
      {
        "PST_YYYYMM": "202407",
        "BRD_CD": "W",
        "MGMT_CHNL_NM": "(OFF)쇼핑몰",
        "SALE_AMT": 524662.0,
        "SALE_AMT_VAT": 464302.65486725664,
        "AD_CST_OPRT": 0.0,
        "SLRY_CSY_OPRT": -83920.19,
        "EMP_BNFT_CST_OPRT": -23341.74,
        "PMT_CMS_OPRT": -9087.73,
        "SHOP_RNT_OPRT": 0.0,
        "EVNT_CST_OPRT": 0.0,
        "TAX_CST_OPRT": 0.0,
        "DEPRC_CST_OPRT": -706.69,
        "ETC_CST_OPRT": -3480.42
      },
      {
        "PST_YYYYMM": "202404",
        "BRD_CD": "W",
        "MGMT_CHNL_NM": "(EC)대리상",
        "SALE_AMT": -42850.479999999996,
        "SALE_AMT_VAT": 1715.0442477876109,
        "AD_CST_OPRT": 77346.63,
        "SLRY_CSY_OPRT": 283375.99,
        "EMP_BNFT_CST_OPRT": 77039.03,
        "PMT_CMS_OPRT": -0.23,
        "SHOP_RNT_OPRT": 0.0,
        "EVNT_CST_OPRT": 0.0,
        "TAX_CST_OPRT": 0.0,
        "DEPRC_CST_OPRT": 20.33,
        "ETC_CST_OPRT": 578.02
      },
      {
        "PST_YYYYMM": "202412",
        "BRD_CD": "W",
        "MGMT_CHNL_NM": "(OFF)쇼핑몰",
        "SALE_AMT": 1598342.0,
        "SALE_AMT_VAT": 1414461.946902655,
        "AD_CST_OPRT": 12.51,
        "SLRY_CSY_OPRT": 130861.68,
        "EMP_BNFT_CST_OPRT": 29463.79,
        "PMT_CMS_OPRT": 6.9,
        "SHOP_RNT_OPRT": 0.0,
        "EVNT_CST_OPRT": 0.0,
        "TAX_CST_OPRT": 0.0,
        "DEPRC_CST_OPRT": 2011.12,
        "ETC_CST_OPRT": 214.18
      },
      {
        "PST_YYYYMM": "202401",
        "BRD_CD": "W",
        "MGMT_CHNL_NM": "(EC)티몰",
        "SALE_AMT": 130201.37,
        "SALE_AMT_VAT": 115222.45132743364,
        "AD_CST_OPRT": 7875.6,
        "SLRY_CSY_OPRT": 34880.49,
        "EMP_BNFT_CST_OPRT": 9413.81,
        "PMT_CMS_OPRT": 0.36,
        "SHOP_RNT_OPRT": 0.0,
        "EVNT_CST_OPRT": 0.0,
        "TAX_CST_OPRT": 0.0,
        "DEPRC_CST_OPRT": 0.64,
        "ETC_CST_OPRT": 301.81
      }
    ],
    "total_records_count": 57
  }
}