{
  "country": "CN",
  "brand_cd": "W",
  "brand_name": "SUPRA",
  "yyyymm": "202507",
  "yyyymm_py": "202407",
  "key": "리테일",
  "sub_key": "채널별TOP3분석",
  "analysis_data": {
    "title": "채널별 매출 top3 분석 (당해 전년 주요변화)",
    "sections": [
      {
        "div": "(EC)티몰",
        "sub_title": "(EC)티몰 전년대비 주요 변화",
        "ai_text": "• 반팔티셔츠: 당해 8k → 전년 19k 대비 -58.0% 급감, 여름 성수기 판매 부진\n• 방풍자켓: 당해 7k → 전년 1k 대비 +1,147.0% 폭증, 기능성 아우터 수요 급증\n• 신발: 당해 5k → 전년 6k 대비 -18.8% 소폭 감소, 경쟁 심화 영향\n\n채널 전체 매출은 전년과 동일 수준 유지하며, 아이템별 편차가 큰 상황. 방풍자켓의 폭발적 성장이 반팔티셔츠 부진을 상쇄하는 구조로 전환됨"
      },
      {
        "div": "(EC)할인몰",
        "sub_title": "(EC)할인몰 전년대비 주요 변화",
        "ai_text": "• 반팔티셔츠: 당해 27k로 압도적 1위, 할인몰 특성에 맞는 가격 경쟁력 확보\n• 우븐반바지: 당해 11k로 2위, 여름 시즌 캐주얼 아이템 강세\n• 신발: 당해 7k로 3위, 스포츠 슈즈 카테고리 안정적 성장\n\n전년 대비 채널 전체가 신규 진입 또는 본격 운영 시작으로 보이며, 반팔티셔츠를 중심으로 한 여름 의류 라인업이 성공적으로 정착. 할인몰 특성상 가격 민감 고객층 확보에 성공"
      },
      {
        "div": "(OFF)대리상",
        "sub_title": "(OFF)대리상 전년대비 주요 변화",
        "ai_text": "• 팬츠: 당해 287원으로 미미한 수준, 전년 대비 급격한 매출 축소\n• 운동모: 당해 143원으로 극소 매출, 액세서리 카테고리 부진\n\n전년 620k → 당해 430원으로 -99.9% 급락하며 채널 기능 사실상 정지 상태. 대리상 채널 전략 재검토 필요하며, 온라인 채널로의 고객 이탈과 유통 구조 변화가 주요 원인으로 분석됨. 채널 통폐합 또는 새로운 오프라인 전략 수립이 시급함"
      },
      {
        "div": "종합분석-1",
        "sub_title": "최고 성과 채널",
        "ai_text": "(EC)할인몰이 전년 매출액(v+) 0k에서 당해 89k로 신규 진출하여 유일한 성장 채널로 부상했습니다.\n반팔티셔츠(27k), 우븐반바지(11k), 신발(7k) 등 여름 시즌 아이템이 할인몰 채널의 성장을 견인하고 있습니다."
      },
      {
        "div": "종합분석-2",
        "sub_title": "개선 필요 채널",
        "ai_text": "(OFF)대리상이 전년 대비 -100% 급락하여 매출액(v+) 619k에서 0k로 완전 중단된 상황입니다.\n(EC)티몰은 전년과 동일한 32k 수준을 유지하고 있으나, 브랜드 전체 매출 급감 상황에서 성장 동력 확보가 시급합니다."
      },
      {
        "div": "종합분석-3",
        "sub_title": "핵심 제안",
        "ai_text": "대리상 채널 중단으로 인한 매출 공백을 EC 채널 확대로 보완하되, 할인몰 성공 모델을 티몰에 적용하여 매출 회복을 추진해야 합니다.\n반팔티셔츠, 우븐반바지 등 할인몰 성공 아이템을 중심으로 티몰 채널 상품 믹스 재구성과 프로모션 강화가 필요합니다."
      }
    ]
  },
  "summary": {
    "total_sales": 1.67,
    "total_sales_cy": 0.48,
    "total_sales_py": 1.18,
    "change_pct": -59.2,
    "unique_channels": 5,
    "unique_items": 34,
    "unique_months": 2,
    "analysis_period": "2024년 7월 vs 2025년 7월"
  },
  "channel_summary": {
    "(EC)티몰": {
      "total_sales": 0.07,
      "months": {
        "202507": 34317.65,
        "202407": 33863.69000000001
      },
      "top_items": [
        {
          "item_nm": "반팔티셔츠",
          "total_sales": 0.03
        },
        {
          "item_nm": "신발",
          "total_sales": 0.01
        },
        {
          "item_nm": "방풍자켓",
          "total_sales": 0.01
        },
        {
          "item_nm": "우븐셔츠",
          "total_sales": 0.0
        },
        {
          "item_nm": "다운점퍼",
          "total_sales": 0.0
        }
      ]
    },
    "(EC)할인몰": {
      "total_sales": 0.1,
      "months": {
        "202507": 93164.85,
        "202407": 2326.5
      },
      "top_items": [
        {
          "item_nm": "반팔티셔츠",
          "total_sales": 0.03
        },
        {
          "item_nm": "우븐반바지",
          "total_sales": 0.01
        },
        {
          "item_nm": "신발",
          "total_sales": 0.01
        },
        {
          "item_nm": "반바지",
          "total_sales": 0.01
        },
        {
          "item_nm": "슬리퍼",
          "total_sales": 0.01
        }
      ]
    },
    "(OFF)대리상": {
      "total_sales": 0.62,
      "months": {
        "202507": 430.0,
        "202407": 623042.74
      },
      "top_items": [
        {
          "item_nm": "반팔티셔츠",
          "total_sales": 0.22
        },
        {
          "item_nm": "신발",
          "total_sales": 0.09
        },
        {
          "item_nm": "우븐반바지",
          "total_sales": 0.06
        },
        {
          "item_nm": "우븐팬츠",
          "total_sales": 0.05
        },
        {
          "item_nm": "반바지",
          "total_sales": 0.03
        }
      ]
    },
    "(OFF)아울렛": {
      "total_sales": 0.36,
      "months": {
        "202507": 355541.0
      },
      "top_items": [
        {
          "item_nm": "반팔티셔츠",
          "total_sales": 0.16
        },
        {
          "item_nm": "신발",
          "total_sales": 0.07
        },
        {
          "item_nm": "우븐셔츠",
          "total_sales": 0.04
        },
        {
          "item_nm": "반바지",
          "total_sales": 0.03
        },
        {
          "item_nm": "폴로 티셔츠",
          "total_sales": 0.01
        }
      ]
    },
    "(OFF)쇼핑몰": {
      "total_sales": 0.52,
      "months": {
        "202407": 524662.0
      },
      "top_items": [
        {
          "item_nm": "반팔티셔츠",
          "total_sales": 0.14
        },
        {
          "item_nm": "신발",
          "total_sales": 0.07
        },
        {
          "item_nm": "우븐팬츠",
          "total_sales": 0.06
        },
        {
          "item_nm": "우븐반바지",
          "total_sales": 0.05
        },
        {
          "item_nm": "방풍자켓",
          "total_sales": 0.04
        }
      ]
    }
  },
  "channel_summary_overall": {
    "(EC)티몰": {
      "current_sales": 0.03,
      "previous_sales": 0.03,
      "all_items": [
        {
          "item_nm": "반팔티셔츠",
          "total_sales": 0.01
        },
        {
          "item_nm": "방풍자켓",
          "total_sales": 0.01
        },
        {
          "item_nm": "신발",
          "total_sales": 0.01
        },
        {
          "item_nm": "다운점퍼",
          "total_sales": 0.0
        },
        {
          "item_nm": "운동모",
          "total_sales": 0.0
        },
        {
          "item_nm": "우븐셔츠",
          "total_sales": 0.0
        },
        {
          "item_nm": "반바지",
          "total_sales": 0.0
        },
        {
          "item_nm": "슬리퍼",
          "total_sales": 0.0
        },
        {
          "item_nm": "소프트쉘",
          "total_sales": 0.0
        },
        {
          "item_nm": "우븐반바지",
          "total_sales": 0.0
        },
        {
          "item_nm": "가방",
          "total_sales": 0.0
        },
        {
          "item_nm": "맨투맨",
          "total_sales": 0.0
        },
        {
          "item_nm": "팬츠",
          "total_sales": 0.0
        },
        {
          "item_nm": "데님셔츠",
          "total_sales": 0.0
        },
        {
          "item_nm": "크로스백",
          "total_sales": 0.0
        },
        {
          "item_nm": "스커트",
          "total_sales": 0.0
        },
        {
          "item_nm": "힙색",
          "total_sales": 0.0
        },
        {
          "item_nm": "탱크탑",
          "total_sales": 0.0
        },
        {
          "item_nm": "양말",
          "total_sales": -0.0
        }
      ],
      "change_pct": 0.0
    },
    "(EC)할인몰": {
      "current_sales": 0.09,
      "previous_sales": 0.0,
      "all_items": [
        {
          "item_nm": "반팔티셔츠",
          "total_sales": 0.03
        },
        {
          "item_nm": "우븐반바지",
          "total_sales": 0.01
        },
        {
          "item_nm": "신발",
          "total_sales": 0.01
        },
        {
          "item_nm": "반바지",
          "total_sales": 0.01
        },
        {
          "item_nm": "슬리퍼",
          "total_sales": 0.01
        },
        {
          "item_nm": "운동모",
          "total_sales": 0.0
        },
        {
          "item_nm": "다운점퍼",
          "total_sales": 0.0
        },
        {
          "item_nm": "폴로 티셔츠",
          "total_sales": 0.0
        },
        {
          "item_nm": "후드티",
          "total_sales": 0.0
        },
        {
          "item_nm": "맨투맨",
          "total_sales": 0.0
        },
        {
          "item_nm": "방풍자켓",
          "total_sales": 0.0
        },
        {
          "item_nm": "긴팔티셔츠",
          "total_sales": 0.0
        },
        {
          "item_nm": "팬츠",
          "total_sales": 0.0
        },
        {
          "item_nm": "소프트쉘",
          "total_sales": 0.0
        },
        {
          "item_nm": "우븐팬츠",
          "total_sales": 0.0
        },
        {
          "item_nm": "스커트",
          "total_sales": 0.0
        },
        {
          "item_nm": "점퍼",
          "total_sales": 0.0
        },
        {
          "item_nm": "다운베스트",
          "total_sales": 0.0
        },
        {
          "item_nm": "트레이닝(하의)",
          "total_sales": 0.0
        },
        {
          "item_nm": "양말",
          "total_sales": 0.0
        },
        {
          "item_nm": "햇",
          "total_sales": 0.0
        },
        {
          "item_nm": "데님셔츠",
          "total_sales": 0.0
        },
        {
          "item_nm": "트레이닝(상의)",
          "total_sales": 0.0
        },
        {
          "item_nm": "패딩",
          "total_sales": 0.0
        },
        {
          "item_nm": "폴라폴리스점퍼",
          "total_sales": 0.0
        },
        {
          "item_nm": "진바지",
          "total_sales": 0.0
        },
        {
          "item_nm": "가방",
          "total_sales": 0.0
        },
        {
          "item_nm": "힙색",
          "total_sales": 0.0
        },
        {
          "item_nm": "우븐셔츠",
          "total_sales": 0.0
        },
        {
          "item_nm": "탱크탑",
          "total_sales": 0.0
        },
        {
          "item_nm": "보스톤백",
          "total_sales": -0.0
        }
      ],
      "change_pct": 0
    },
    "(OFF)대리상": {
      "current_sales": 0.0,
      "previous_sales": 0.62,
      "all_items": [
        {
          "item_nm": "팬츠",
          "total_sales": 0.0
        },
        {
          "item_nm": "운동모",
          "total_sales": 0.0
        }
      ],
      "change_pct": -100.0
    },
    "(OFF)아울렛": {
      "current_sales": 0.36,
      "previous_sales": 0.0,
      "all_items": [
        {
          "item_nm": "반팔티셔츠",
          "total_sales": 0.16
        },
        {
          "item_nm": "신발",
          "total_sales": 0.07
        },
        {
          "item_nm": "우븐셔츠",
          "total_sales": 0.04
        },
        {
          "item_nm": "반바지",
          "total_sales": 0.03
        },
        {
          "item_nm": "폴로 티셔츠",
          "total_sales": 0.01
        },
        {
          "item_nm": "우븐팬츠",
          "total_sales": 0.01
        },
        {
          "item_nm": "팬츠",
          "total_sales": 0.01
        },
        {
          "item_nm": "우븐반바지",
          "total_sales": 0.01
        },
        {
          "item_nm": "방풍자켓",
          "total_sales": 0.01
        },
        {
          "item_nm": "운동모",
          "total_sales": 0.0
        },
        {
          "item_nm": "스커트",
          "total_sales": 0.0
        },
        {
          "item_nm": "슬리퍼",
          "total_sales": 0.0
        },
        {
          "item_nm": "크로스백",
          "total_sales": 0.0
        },
        {
          "item_nm": "긴팔티셔츠",
          "total_sales": 0.0
        },
        {
          "item_nm": "햇",
          "total_sales": 0.0
        },
        {
          "item_nm": "데님셔츠",
          "total_sales": 0.0
        },
        {
          "item_nm": "맨투맨",
          "total_sales": 0.0
        },
        {
          "item_nm": "진바지",
          "total_sales": 0.0
        },
        {
          "item_nm": "힙색",
          "total_sales": 0.0
        },
        {
          "item_nm": "가방",
          "total_sales": 0.0
        },
        {
          "item_nm": "양말",
          "total_sales": 0.0
        },
        {
          "item_nm": "트레이닝(상의)",
          "total_sales": 0.0
        },
        {
          "item_nm": "점퍼",
          "total_sales": 0.0
        },
        {
          "item_nm": "탱크탑",
          "total_sales": 0.0
        }
      ],
      "change_pct": 0
    },
    "(OFF)쇼핑몰": {
      "current_sales": 0.0,
      "previous_sales": 0.52,
      "all_items": [],
      "change_pct": -100.0
    }
  },
  "raw_data": {
    "sample_records": [
      {
        "YYYYMM": "202507",
        "MGMT_CHNL_NM": "(EC)티몰",
        "ITEM_NM": "가방",
        "SALE_AMT": 532.4300000000001
      },
      {
        "YYYYMM": "202507",
        "MGMT_CHNL_NM": "(EC)티몰",
        "ITEM_NM": "다운점퍼",
        "SALE_AMT": 3906.63
      },
      {
        "YYYYMM": "202507",
        "MGMT_CHNL_NM": "(EC)티몰",
        "ITEM_NM": "데님셔츠",
        "SALE_AMT": 372.0
      },
      {
        "YYYYMM": "202507",
        "MGMT_CHNL_NM": "(EC)티몰",
        "ITEM_NM": "맨투맨",
        "SALE_AMT": 524.0
      },
      {
        "YYYYMM": "202507",
        "MGMT_CHNL_NM": "(EC)티몰",
        "ITEM_NM": "반바지",
        "SALE_AMT": 1076.52
      },
      {
        "YYYYMM": "202507",
        "MGMT_CHNL_NM": "(EC)티몰",
        "ITEM_NM": "반팔티셔츠",
        "SALE_AMT": 7974.0999999999985
      },
      {
        "YYYYMM": "202507",
        "MGMT_CHNL_NM": "(EC)티몰",
        "ITEM_NM": "방풍자켓",
        "SALE_AMT": 7158.22
      },
      {
        "YYYYMM": "202507",
        "MGMT_CHNL_NM": "(EC)티몰",
        "ITEM_NM": "소프트쉘",
        "SALE_AMT": 806.0
      },
      {
        "YYYYMM": "202507",
        "MGMT_CHNL_NM": "(EC)티몰",
        "ITEM_NM": "스커트",
        "SALE_AMT": 294.43
      },
      {
        "YYYYMM": "202507",
        "MGMT_CHNL_NM": "(EC)티몰",
        "ITEM_NM": "슬리퍼",
        "SALE_AMT": 1053.97
      },
      {
        "YYYYMM": "202507",
        "MGMT_CHNL_NM": "(EC)티몰",
        "ITEM_NM": "신발",
        "SALE_AMT": 5154.040000000001
      },
      {
        "YYYYMM": "202507",
        "MGMT_CHNL_NM": "(EC)티몰",
        "ITEM_NM": "양말",
        "SALE_AMT": -21.3
      },
      {
        "YYYYMM": "202507",
        "MGMT_CHNL_NM": "(EC)티몰",
        "ITEM_NM": "우븐반바지",
        "SALE_AMT": 551.34
      },
      {
        "YYYYMM": "202507",
        "MGMT_CHNL_NM": "(EC)티몰",
        "ITEM_NM": "우븐셔츠",
        "SALE_AMT": 1366.3600000000001
      },
      {
        "YYYYMM": "202507",
        "MGMT_CHNL_NM": "(EC)티몰",
        "ITEM_NM": "운동모",
        "SALE_AMT": 2446.42
      },
      {
        "YYYYMM": "202507",
        "MGMT_CHNL_NM": "(EC)티몰",
        "ITEM_NM": "크로스백",
        "SALE_AMT": 308.0
      },
      {
        "YYYYMM": "202507",
        "MGMT_CHNL_NM": "(EC)티몰",
        "ITEM_NM": "탱크탑",
        "SALE_AMT": 116.0
      },
      {
        "YYYYMM": "202507",
        "MGMT_CHNL_NM": "(EC)티몰",
        "ITEM_NM": "팬츠",
        "SALE_AMT": 458.49
      },
      {
        "YYYYMM": "202507",
        "MGMT_CHNL_NM": "(EC)티몰",
        "ITEM_NM": "힙색",
        "SALE_AMT": 240.0
      },
      {
        "YYYYMM": "202507",
        "MGMT_CHNL_NM": "(EC)할인몰",
        "ITEM_NM": "가방",
        "SALE_AMT": 192.0
      },
      {
        "YYYYMM": "202507",
        "MGMT_CHNL_NM": "(EC)할인몰",
        "ITEM_NM": "긴팔티셔츠",
        "SALE_AMT": 2376.0
      },
      {
        "YYYYMM": "202507",
        "MGMT_CHNL_NM": "(EC)할인몰",
        "ITEM_NM": "다운베스트",
        "SALE_AMT": 1120.0
      },
      {
        "YYYYMM": "202507",
        "MGMT_CHNL_NM": "(EC)할인몰",
        "ITEM_NM": "다운점퍼",
        "SALE_AMT": 4000.0
      },
      {
        "YYYYMM": "202507",
        "MGMT_CHNL_NM": "(EC)할인몰",
        "ITEM_NM": "데님셔츠",
        "SALE_AMT": 320.0
      },
      {
        "YYYYMM": "202507",
        "MGMT_CHNL_NM": "(EC)할인몰",
        "ITEM_NM": "맨투맨",
        "SALE_AMT": 2743.0
      },
      {
        "YYYYMM": "202507",
        "MGMT_CHNL_NM": "(EC)할인몰",
        "ITEM_NM": "반바지",
        "SALE_AMT": 6347.65
      },
      {
        "YYYYMM": "202507",
        "MGMT_CHNL_NM": "(EC)할인몰",
        "ITEM_NM": "반팔티셔츠",
        "SALE_AMT": 27143.9
      },
      {
        "YYYYMM": "202507",
        "MGMT_CHNL_NM": "(EC)할인몰",
        "ITEM_NM": "방풍자켓",
        "SALE_AMT": 2420.0
      },
      {
        "YYYYMM": "202507",
        "MGMT_CHNL_NM": "(EC)할인몰",
        "ITEM_NM": "보스톤백",
        "SALE_AMT": -71.0
      },
      {
        "YYYYMM": "202507",
        "MGMT_CHNL_NM": "(EC)할인몰",
        "ITEM_NM": "소프트쉘",
        "SALE_AMT": 1980.0
      },
      {
        "YYYYMM": "202507",
        "MGMT_CHNL_NM": "(EC)할인몰",
        "ITEM_NM": "스커트",
        "SALE_AMT": 1600.0
      },
      {
        "YYYYMM": "202507",
        "MGMT_CHNL_NM": "(EC)할인몰",
        "ITEM_NM": "슬리퍼",
        "SALE_AMT": 6019.0
      },
      {
        "YYYYMM": "202507",
        "MGMT_CHNL_NM": "(EC)할인몰",
        "ITEM_NM": "신발",
        "SALE_AMT": 7482.0
      },
      {
        "YYYYMM": "202507",
        "MGMT_CHNL_NM": "(EC)할인몰",
        "ITEM_NM": "양말",
        "SALE_AMT": 374.3
      },
      {
        "YYYYMM": "202507",
        "MGMT_CHNL_NM": "(EC)할인몰",
        "ITEM_NM": "우븐반바지",
        "SALE_AMT": 11331.0
      },
      {
        "YYYYMM": "202507",
        "MGMT_CHNL_NM": "(EC)할인몰",
        "ITEM_NM": "우븐셔츠",
        "SALE_AMT": 115.0
      },
      {
        "YYYYMM": "202507",
        "MGMT_CHNL_NM": "(EC)할인몰",
        "ITEM_NM": "우븐팬츠",
        "SALE_AMT": 1760.0
      },
      {
        "YYYYMM": "202507",
        "MGMT_CHNL_NM": "(EC)할인몰",
        "ITEM_NM": "운동모",
        "SALE_AMT": 4675.0
      },
      {
        "YYYYMM": "202507",
        "MGMT_CHNL_NM": "(EC)할인몰",
        "ITEM_NM": "점퍼",
        "SALE_AMT": 1128.0
      },
      {
        "YYYYMM": "202507",
        "MGMT_CHNL_NM": "(EC)할인몰",
        "ITEM_NM": "진바지",
        "SALE_AMT": 240.0
      },
      {
        "YYYYMM": "202507",
        "MGMT_CHNL_NM": "(EC)할인몰",
        "ITEM_NM": "탱크탑",
        "SALE_AMT": 94.0
      },
      {
        "YYYYMM": "202507",
        "MGMT_CHNL_NM": "(EC)할인몰",
        "ITEM_NM": "트레이닝(상의)",
        "SALE_AMT": 320.0
      },
      {
        "YYYYMM": "202507",
        "MGMT_CHNL_NM": "(EC)할인몰",
        "ITEM_NM": "트레이닝(하의)",
        "SALE_AMT": 465.0
      },
      {
        "YYYYMM": "202507",
        "MGMT_CHNL_NM": "(EC)할인몰",
        "ITEM_NM": "패딩",
        "SALE_AMT": 280.0
      },
      {
        "YYYYMM": "202507",
        "MGMT_CHNL_NM": "(EC)할인몰",
        "ITEM_NM": "팬츠",
        "SALE_AMT": 2010.0
      },
      {
        "YYYYMM": "202507",
        "MGMT_CHNL_NM": "(EC)할인몰",
        "ITEM_NM": "폴라폴리스점퍼",
        "SALE_AMT": 280.0
      },
      {
        "YYYYMM": "202507",
        "MGMT_CHNL_NM": "(EC)할인몰",
        "ITEM_NM": "폴로 티셔츠",
        "SALE_AMT": 3052.0
      },
      {
        "YYYYMM": "202507",
        "MGMT_CHNL_NM": "(EC)할인몰",
        "ITEM_NM": "햇",
        "SALE_AMT": 336.0
      },
      {
        "YYYYMM": "202507",
        "MGMT_CHNL_NM": "(EC)할인몰",
        "ITEM_NM": "후드티",
        "SALE_AMT": 2857.0
      },
      {
        "YYYYMM": "202507",
        "MGMT_CHNL_NM": "(EC)할인몰",
        "ITEM_NM": "힙색",
        "SALE_AMT": 175.0
      }
    ],
    "total_records_count": 141
  },
  "trend_data": {
    "trend_months": [
      "202407",
      "202507"
    ],
    "monthly_totals": [
      {
        "yyyymm": "202407",
        "total_amount": 1.18
      },
      {
        "yyyymm": "202507",
        "total_amount": 0.48
      }
    ],
    "monthly_details": [
      {
        "yyyymm": "202507",
        "chnl_nm": "(EC)티몰",
        "item_nm": "가방",
        "sale_amt": 0.0
      },
      {
        "yyyymm": "202507",
        "chnl_nm": "(EC)티몰",
        "item_nm": "다운점퍼",
        "sale_amt": 0.0
      },
      {
        "yyyymm": "202507",
        "chnl_nm": "(EC)티몰",
        "item_nm": "데님셔츠",
        "sale_amt": 0.0
      },
      {
        "yyyymm": "202507",
        "chnl_nm": "(EC)티몰",
        "item_nm": "맨투맨",
        "sale_amt": 0.0
      },
      {
        "yyyymm": "202507",
        "chnl_nm": "(EC)티몰",
        "item_nm": "반바지",
        "sale_amt": 0.0
      },
      {
        "yyyymm": "202507",
        "chnl_nm": "(EC)티몰",
        "item_nm": "반팔티셔츠",
        "sale_amt": 0.01
      },
      {
        "yyyymm": "202507",
        "chnl_nm": "(EC)티몰",
        "item_nm": "방풍자켓",
        "sale_amt": 0.01
      },
      {
        "yyyymm": "202507",
        "chnl_nm": "(EC)티몰",
        "item_nm": "소프트쉘",
        "sale_amt": 0.0
      },
      {
        "yyyymm": "202507",
        "chnl_nm": "(EC)티몰",
        "item_nm": "스커트",
        "sale_amt": 0.0
      },
      {
        "yyyymm": "202507",
        "chnl_nm": "(EC)티몰",
        "item_nm": "슬리퍼",
        "sale_amt": 0.0
      },
      {
        "yyyymm": "202507",
        "chnl_nm": "(EC)티몰",
        "item_nm": "신발",
        "sale_amt": 0.01
      },
      {
        "yyyymm": "202507",
        "chnl_nm": "(EC)티몰",
        "item_nm": "양말",
        "sale_amt": -0.0
      },
      {
        "yyyymm": "202507",
        "chnl_nm": "(EC)티몰",
        "item_nm": "우븐반바지",
        "sale_amt": 0.0
      },
      {
        "yyyymm": "202507",
        "chnl_nm": "(EC)티몰",
        "item_nm": "우븐셔츠",
        "sale_amt": 0.0
      },
      {
        "yyyymm": "202507",
        "chnl_nm": "(EC)티몰",
        "item_nm": "운동모",
        "sale_amt": 0.0
      },
      {
        "yyyymm": "202507",
        "chnl_nm": "(EC)티몰",
        "item_nm": "크로스백",
        "sale_amt": 0.0
      },
      {
        "yyyymm": "202507",
        "chnl_nm": "(EC)티몰",
        "item_nm": "탱크탑",
        "sale_amt": 0.0
      },
      {
        "yyyymm": "202507",
        "chnl_nm": "(EC)티몰",
        "item_nm": "팬츠",
        "sale_amt": 0.0
      },
      {
        "yyyymm": "202507",
        "chnl_nm": "(EC)티몰",
        "item_nm": "힙색",
        "sale_amt": 0.0
      },
      {
        "yyyymm": "202507",
        "chnl_nm": "(EC)할인몰",
        "item_nm": "가방",
        "sale_amt": 0.0
      },
      {
        "yyyymm": "202507",
        "chnl_nm": "(EC)할인몰",
        "item_nm": "긴팔티셔츠",
        "sale_amt": 0.0
      },
      {
        "yyyymm": "202507",
        "chnl_nm": "(EC)할인몰",
        "item_nm": "다운베스트",
        "sale_amt": 0.0
      },
      {
        "yyyymm": "202507",
        "chnl_nm": "(EC)할인몰",
        "item_nm": "다운점퍼",
        "sale_amt": 0.0
      },
      {
        "yyyymm": "202507",
        "chnl_nm": "(EC)할인몰",
        "item_nm": "데님셔츠",
        "sale_amt": 0.0
      },
      {
        "yyyymm": "202507",
        "chnl_nm": "(EC)할인몰",
        "item_nm": "맨투맨",
        "sale_amt": 0.0
      },
      {
        "yyyymm": "202507",
        "chnl_nm": "(EC)할인몰",
        "item_nm": "반바지",
        "sale_amt": 0.01
      },
      {
        "yyyymm": "202507",
        "chnl_nm": "(EC)할인몰",
        "item_nm": "반팔티셔츠",
        "sale_amt": 0.03
      },
      {
        "yyyymm": "202507",
        "chnl_nm": "(EC)할인몰",
        "item_nm": "방풍자켓",
        "sale_amt": 0.0
      },
      {
        "yyyymm": "202507",
        "chnl_nm": "(EC)할인몰",
        "item_nm": "보스톤백",
        "sale_amt": -0.0
      },
      {
        "yyyymm": "202507",
        "chnl_nm": "(EC)할인몰",
        "item_nm": "소프트쉘",
        "sale_amt": 0.0
      },
      {
        "yyyymm": "202507",
        "chnl_nm": "(EC)할인몰",
        "item_nm": "스커트",
        "sale_amt": 0.0
      },
      {
        "yyyymm": "202507",
        "chnl_nm": "(EC)할인몰",
        "item_nm": "슬리퍼",
        "sale_amt": 0.01
      },
      {
        "yyyymm": "202507",
        "chnl_nm": "(EC)할인몰",
        "item_nm": "신발",
        "sale_amt": 0.01
      },
      {
        "yyyymm": "202507",
        "chnl_nm": "(EC)할인몰",
        "item_nm": "양말",
        "sale_amt": 0.0
      },
      {
        "yyyymm": "202507",
        "chnl_nm": "(EC)할인몰",
        "item_nm": "우븐반바지",
        "sale_amt": 0.01
      },
      {
        "yyyymm": "202507",
        "chnl_nm": "(EC)할인몰",
        "item_nm": "우븐셔츠",
        "sale_amt": 0.0
      },
      {
        "yyyymm": "202507",
        "chnl_nm": "(EC)할인몰",
        "item_nm": "우븐팬츠",
        "sale_amt": 0.0
      },
      {
        "yyyymm": "202507",
        "chnl_nm": "(EC)할인몰",
        "item_nm": "운동모",
        "sale_amt": 0.0
      },
      {
        "yyyymm": "202507",
        "chnl_nm": "(EC)할인몰",
        "item_nm": "점퍼",
        "sale_amt": 0.0
      },
      {
        "yyyymm": "202507",
        "chnl_nm": "(EC)할인몰",
        "item_nm": "진바지",
        "sale_amt": 0.0
      },
      {
        "yyyymm": "202507",
        "chnl_nm": "(EC)할인몰",
        "item_nm": "탱크탑",
        "sale_amt": 0.0
      },
      {
        "yyyymm": "202507",
        "chnl_nm": "(EC)할인몰",
        "item_nm": "트레이닝(상의)",
        "sale_amt": 0.0
      },
      {
        "yyyymm": "202507",
        "chnl_nm": "(EC)할인몰",
        "item_nm": "트레이닝(하의)",
        "sale_amt": 0.0
      },
      {
        "yyyymm": "202507",
        "chnl_nm": "(EC)할인몰",
        "item_nm": "패딩",
        "sale_amt": 0.0
      },
      {
        "yyyymm": "202507",
        "chnl_nm": "(EC)할인몰",
        "item_nm": "팬츠",
        "sale_amt": 0.0
      },
      {
        "yyyymm": "202507",
        "chnl_nm": "(EC)할인몰",
        "item_nm": "폴라폴리스점퍼",
        "sale_amt": 0.0
      },
      {
        "yyyymm": "202507",
        "chnl_nm": "(EC)할인몰",
        "item_nm": "폴로 티셔츠",
        "sale_amt": 0.0
      },
      {
        "yyyymm": "202507",
        "chnl_nm": "(EC)할인몰",
        "item_nm": "햇",
        "sale_amt": 0.0
      },
      {
        "yyyymm": "202507",
        "chnl_nm": "(EC)할인몰",
        "item_nm": "후드티",
        "sale_amt": 0.0
      },
      {
        "yyyymm": "202507",
        "chnl_nm": "(EC)할인몰",
        "item_nm": "힙색",
        "sale_amt": 0.0
      },
      {
        "yyyymm": "202507",
        "chnl_nm": "(OFF)대리상",
        "item_nm": "운동모",
        "sale_amt": 0.0
      },
      {
        "yyyymm": "202507",
        "chnl_nm": "(OFF)대리상",
        "item_nm": "팬츠",
        "sale_amt": 0.0
      },
      {
        "yyyymm": "202507",
        "chnl_nm": "(OFF)아울렛",
        "item_nm": "가방",
        "sale_amt": 0.0
      },
      {
        "yyyymm": "202507",
        "chnl_nm": "(OFF)아울렛",
        "item_nm": "긴팔티셔츠",
        "sale_amt": 0.0
      },
      {
        "yyyymm": "202507",
        "chnl_nm": "(OFF)아울렛",
        "item_nm": "데님셔츠",
        "sale_amt": 0.0
      },
      {
        "yyyymm": "202507",
        "chnl_nm": "(OFF)아울렛",
        "item_nm": "맨투맨",
        "sale_amt": 0.0
      },
      {
        "yyyymm": "202507",
        "chnl_nm": "(OFF)아울렛",
        "item_nm": "반바지",
        "sale_amt": 0.03
      },
      {
        "yyyymm": "202507",
        "chnl_nm": "(OFF)아울렛",
        "item_nm": "반팔티셔츠",
        "sale_amt": 0.16
      },
      {
        "yyyymm": "202507",
        "chnl_nm": "(OFF)아울렛",
        "item_nm": "방풍자켓",
        "sale_amt": 0.01
      },
      {
        "yyyymm": "202507",
        "chnl_nm": "(OFF)아울렛",
        "item_nm": "스커트",
        "sale_amt": 0.0
      },
      {
        "yyyymm": "202507",
        "chnl_nm": "(OFF)아울렛",
        "item_nm": "슬리퍼",
        "sale_amt": 0.0
      },
      {
        "yyyymm": "202507",
        "chnl_nm": "(OFF)아울렛",
        "item_nm": "신발",
        "sale_amt": 0.07
      },
      {
        "yyyymm": "202507",
        "chnl_nm": "(OFF)아울렛",
        "item_nm": "양말",
        "sale_amt": 0.0
      },
      {
        "yyyymm": "202507",
        "chnl_nm": "(OFF)아울렛",
        "item_nm": "우븐반바지",
        "sale_amt": 0.01
      },
      {
        "yyyymm": "202507",
        "chnl_nm": "(OFF)아울렛",
        "item_nm": "우븐셔츠",
        "sale_amt": 0.04
      },
      {
        "yyyymm": "202507",
        "chnl_nm": "(OFF)아울렛",
        "item_nm": "우븐팬츠",
        "sale_amt": 0.01
      },
      {
        "yyyymm": "202507",
        "chnl_nm": "(OFF)아울렛",
        "item_nm": "운동모",
        "sale_amt": 0.0
      },
      {
        "yyyymm": "202507",
        "chnl_nm": "(OFF)아울렛",
        "item_nm": "점퍼",
        "sale_amt": 0.0
      },
      {
        "yyyymm": "202507",
        "chnl_nm": "(OFF)아울렛",
        "item_nm": "진바지",
        "sale_amt": 0.0
      },
      {
        "yyyymm": "202507",
        "chnl_nm": "(OFF)아울렛",
        "item_nm": "크로스백",
        "sale_amt": 0.0
      },
      {
        "yyyymm": "202507",
        "chnl_nm": "(OFF)아울렛",
        "item_nm": "탱크탑",
        "sale_amt": 0.0
      },
      {
        "yyyymm": "202507",
        "chnl_nm": "(OFF)아울렛",
        "item_nm": "트레이닝(상의)",
        "sale_amt": 0.0
      },
      {
        "yyyymm": "202507",
        "chnl_nm": "(OFF)아울렛",
        "item_nm": "팬츠",
        "sale_amt": 0.01
      },
      {
        "yyyymm": "202507",
        "chnl_nm": "(OFF)아울렛",
        "item_nm": "폴로 티셔츠",
        "sale_amt": 0.01
      },
      {
        "yyyymm": "202507",
        "chnl_nm": "(OFF)아울렛",
        "item_nm": "햇",
        "sale_amt": 0.0
      },
      {
        "yyyymm": "202507",
        "chnl_nm": "(OFF)아울렛",
        "item_nm": "힙색",
        "sale_amt": 0.0
      },
      {
        "yyyymm": "202407",
        "chnl_nm": "(EC)티몰",
        "item_nm": "데님셔츠",
        "sale_amt": 0.0
      },
      {
        "yyyymm": "202407",
        "chnl_nm": "(EC)티몰",
        "item_nm": "반바지",
        "sale_amt": 0.0
      },
      {
        "yyyymm": "202407",
        "chnl_nm": "(EC)티몰",
        "item_nm": "반팔티셔츠",
        "sale_amt": 0.02
      },
      {
        "yyyymm": "202407",
        "chnl_nm": "(EC)티몰",
        "item_nm": "방풍자켓",
        "sale_amt": 0.0
      },
      {
        "yyyymm": "202407",
        "chnl_nm": "(EC)티몰",
        "item_nm": "슬리퍼",
        "sale_amt": 0.0
      },
      {
        "yyyymm": "202407",
        "chnl_nm": "(EC)티몰",
        "item_nm": "신발",
        "sale_amt": 0.01
      },
      {
        "yyyymm": "202407",
        "chnl_nm": "(EC)티몰",
        "item_nm": "양말",
        "sale_amt": 0.0
      },
      {
        "yyyymm": "202407",
        "chnl_nm": "(EC)티몰",
        "item_nm": "우븐반바지",
        "sale_amt": 0.0
      },
      {
        "yyyymm": "202407",
        "chnl_nm": "(EC)티몰",
        "item_nm": "우븐셔츠",
        "sale_amt": 0.0
      },
      {
        "yyyymm": "202407",
        "chnl_nm": "(EC)티몰",
        "item_nm": "우븐팬츠",
        "sale_amt": 0.0
      },
      {
        "yyyymm": "202407",
        "chnl_nm": "(EC)티몰",
        "item_nm": "운동모",
        "sale_amt": 0.0
      },
      {
        "yyyymm": "202407",
        "chnl_nm": "(EC)티몰",
        "item_nm": "트레이닝(하의)",
        "sale_amt": -0.0
      },
      {
        "yyyymm": "202407",
        "chnl_nm": "(EC)할인몰",
        "item_nm": "반팔티셔츠",
        "sale_amt": 0.0
      },
      {
        "yyyymm": "202407",
        "chnl_nm": "(EC)할인몰",
        "item_nm": "방풍자켓",
        "sale_amt": 0.0
      },
      {
        "yyyymm": "202407",
        "chnl_nm": "(EC)할인몰",
        "item_nm": "신발",
        "sale_amt": 0.0
      },
      {
        "yyyymm": "202407",
        "chnl_nm": "(OFF)대리상",
        "item_nm": "가방",
        "sale_amt": 0.01
      },
      {
        "yyyymm": "202407",
        "chnl_nm": "(OFF)대리상",
        "item_nm": "긴팔티셔츠",
        "sale_amt": 0.0
      },
      {
        "yyyymm": "202407",
        "chnl_nm": "(OFF)대리상",
        "item_nm": "다운점퍼",
        "sale_amt": 0.0
      },
      {
        "yyyymm": "202407",
        "chnl_nm": "(OFF)대리상",
        "item_nm": "데님셔츠",
        "sale_amt": 0.0
      },
      {
        "yyyymm": "202407",
        "chnl_nm": "(OFF)대리상",
        "item_nm": "맨투맨",
        "sale_amt": 0.0
      },
      {
        "yyyymm": "202407",
        "chnl_nm": "(OFF)대리상",
        "item_nm": "반바지",
        "sale_amt": 0.03
      },
      {
        "yyyymm": "202407",
        "chnl_nm": "(OFF)대리상",
        "item_nm": "반팔티셔츠",
        "sale_amt": 0.22
      },
      {
        "yyyymm": "202407",
        "chnl_nm": "(OFF)대리상",
        "item_nm": "방풍자켓",
        "sale_amt": 0.03
      },
      {
        "yyyymm": "202407",
        "chnl_nm": "(OFF)대리상",
        "item_nm": "백팩",
        "sale_amt": 0.0
      },
      {
        "yyyymm": "202407",
        "chnl_nm": "(OFF)대리상",
        "item_nm": "보스톤백",
        "sale_amt": 0.0
      },
      {
        "yyyymm": "202407",
        "chnl_nm": "(OFF)대리상",
        "item_nm": "스커트",
        "sale_amt": 0.01
      },
      {
        "yyyymm": "202407",
        "chnl_nm": "(OFF)대리상",
        "item_nm": "슬리퍼",
        "sale_amt": 0.02
      },
      {
        "yyyymm": "202407",
        "chnl_nm": "(OFF)대리상",
        "item_nm": "신발",
        "sale_amt": 0.09
      },
      {
        "yyyymm": "202407",
        "chnl_nm": "(OFF)대리상",
        "item_nm": "양말",
        "sale_amt": 0.0
      },
      {
        "yyyymm": "202407",
        "chnl_nm": "(OFF)대리상",
        "item_nm": "우븐반바지",
        "sale_amt": 0.06
      },
      {
        "yyyymm": "202407",
        "chnl_nm": "(OFF)대리상",
        "item_nm": "우븐셔츠",
        "sale_amt": 0.02
      },
      {
        "yyyymm": "202407",
        "chnl_nm": "(OFF)대리상",
        "item_nm": "우븐팬츠",
        "sale_amt": 0.05
      },
      {
        "yyyymm": "202407",
        "chnl_nm": "(OFF)대리상",
        "item_nm": "운동모",
        "sale_amt": 0.02
      },
      {
        "yyyymm": "202407",
        "chnl_nm": "(OFF)대리상",
        "item_nm": "점퍼",
        "sale_amt": 0.0
      },
      {
        "yyyymm": "202407",
        "chnl_nm": "(OFF)대리상",
        "item_nm": "진바지",
        "sale_amt": 0.0
      },
      {
        "yyyymm": "202407",
        "chnl_nm": "(OFF)대리상",
        "item_nm": "크로스백",
        "sale_amt": 0.01
      },
      {
        "yyyymm": "202407",
        "chnl_nm": "(OFF)대리상",
        "item_nm": "탱크탑",
        "sale_amt": 0.0
      },
      {
        "yyyymm": "202407",
        "chnl_nm": "(OFF)대리상",
        "item_nm": "토드백",
        "sale_amt": 0.0
      },
      {
        "yyyymm": "202407",
        "chnl_nm": "(OFF)대리상",
        "item_nm": "팬츠",
        "sale_amt": 0.0
      },
      {
        "yyyymm": "202407",
        "chnl_nm": "(OFF)대리상",
        "item_nm": "폴로 티셔츠",
        "sale_amt": 0.02
      },
      {
        "yyyymm": "202407",
        "chnl_nm": "(OFF)대리상",
        "item_nm": "햇",
        "sale_amt": 0.0
      },
      {
        "yyyymm": "202407",
        "chnl_nm": "(OFF)대리상",
        "item_nm": "힙색",
        "sale_amt": 0.0
      },
      {
        "yyyymm": "202407",
        "chnl_nm": "(OFF)쇼핑몰",
        "item_nm": "가방",
        "sale_amt": 0.01
      },
      {
        "yyyymm": "202407",
        "chnl_nm": "(OFF)쇼핑몰",
        "item_nm": "긴팔티셔츠",
        "sale_amt": 0.01
      },
      {
        "yyyymm": "202407",
        "chnl_nm": "(OFF)쇼핑몰",
        "item_nm": "데님셔츠",
        "sale_amt": 0.0
      },
      {
        "yyyymm": "202407",
        "chnl_nm": "(OFF)쇼핑몰",
        "item_nm": "맨투맨",
        "sale_amt": 0.0
      },
      {
        "yyyymm": "202407",
        "chnl_nm": "(OFF)쇼핑몰",
        "item_nm": "반바지",
        "sale_amt": 0.01
      },
      {
        "yyyymm": "202407",
        "chnl_nm": "(OFF)쇼핑몰",
        "item_nm": "반팔티셔츠",
        "sale_amt": 0.14
      },
      {
        "yyyymm": "202407",
        "chnl_nm": "(OFF)쇼핑몰",
        "item_nm": "방풍자켓",
        "sale_amt": 0.04
      },
      {
        "yyyymm": "202407",
        "chnl_nm": "(OFF)쇼핑몰",
        "item_nm": "스커트",
        "sale_amt": 0.02
      },
      {
        "yyyymm": "202407",
        "chnl_nm": "(OFF)쇼핑몰",
        "item_nm": "슬리퍼",
        "sale_amt": 0.03
      },
      {
        "yyyymm": "202407",
        "chnl_nm": "(OFF)쇼핑몰",
        "item_nm": "신발",
        "sale_amt": 0.07
      },
      {
        "yyyymm": "202407",
        "chnl_nm": "(OFF)쇼핑몰",
        "item_nm": "양말",
        "sale_amt": 0.0
      },
      {
        "yyyymm": "202407",
        "chnl_nm": "(OFF)쇼핑몰",
        "item_nm": "우븐반바지",
        "sale_amt": 0.05
      },
      {
        "yyyymm": "202407",
        "chnl_nm": "(OFF)쇼핑몰",
        "item_nm": "우븐셔츠",
        "sale_amt": 0.04
      },
      {
        "yyyymm": "202407",
        "chnl_nm": "(OFF)쇼핑몰",
        "item_nm": "우븐팬츠",
        "sale_amt": 0.06
      },
      {
        "yyyymm": "202407",
        "chnl_nm": "(OFF)쇼핑몰",
        "item_nm": "운동모",
        "sale_amt": 0.02
      },
      {
        "yyyymm": "202407",
        "chnl_nm": "(OFF)쇼핑몰",
        "item_nm": "진바지",
        "sale_amt": 0.0
      },
      {
        "yyyymm": "202407",
        "chnl_nm": "(OFF)쇼핑몰",
        "item_nm": "크로스백",
        "sale_amt": 0.01
      },
      {
        "yyyymm": "202407",
        "chnl_nm": "(OFF)쇼핑몰",
        "item_nm": "탱크탑",
        "sale_amt": 0.0
      },
      {
        "yyyymm": "202407",
        "chnl_nm": "(OFF)쇼핑몰",
        "item_nm": "토드백",
        "sale_amt": 0.0
      },
      {
        "yyyymm": "202407",
        "chnl_nm": "(OFF)쇼핑몰",
        "item_nm": "팬츠",
        "sale_amt": 0.0
      },
      {
        "yyyymm": "202407",
        "chnl_nm": "(OFF)쇼핑몰",
        "item_nm": "폴로 티셔츠",
        "sale_amt": 0.0
      },
      {
        "yyyymm": "202407",
        "chnl_nm": "(OFF)쇼핑몰",
        "item_nm": "햇",
        "sale_amt": 0.0
      },
      {
        "yyyymm": "202407",
        "chnl_nm": "(OFF)쇼핑몰",
        "item_nm": "힙색",
        "sale_amt": 0.0
      }
    ]
  }
}