{
  "country": "CN",
  "brand_cd": "M",
  "brand_name": "MLB",
  "yyyymm": "202510",
  "yyyymm_py": "202410",
  "key": "영업비",
  "sub_key": "종합분석",
  "analysis_data": {
    "title": "영업비 종합분석",
    "sections": [
      {
        "div": "종합분석-1",
        "sub_title": "전년/당해 동월 비교 (202410 VS 202510)",
        "ai_text": "**전년 동월(202410) 대비 당해 당월(202510) 영업비 변화 분석**\n\n• **총 영업비**: 26,185k → 25,691k (-1.9%)\n- 매출액(v+) 증가(469,366k → 536,948k, +14.4%)에도 불구하고 영업비는 소폭 감소하여 운영 효율성 개선\n\n• **주요 증가 항목**:\n- 세금과공과: 299k → 1,831k (+512.0%) - 세무 관련 비용 급증으로 원인 분석 필요\n- 지급수수료: 1,525k → 1,847k (+21.1%) - 매출 증가에 따른 수수료 증가\n- 임차료: 1,656k → 1,915k (+15.6%) - 매장 임차료 상승\n- 복리후생비: 2,242k → 2,317k (+3.3%) - 인건비 연동 증가\n\n• **주요 감소 항목**:\n- 광고비: 12,843k → 10,409k (-19.0%) - 마케팅 비용 절감\n- 기타비용: 349k → 207k (-40.7%) - 기타 운영비 효율화\n- 감가상각비: 511k → 456k (-10.8%) - 설비 투자 감소 반영\n- 급여: 6,760k → 6,709k (-0.8%) - 인건비 안정화\n\n**⚠️ 주요 이상징후**: 세금과공과 512% 급증은 즉시 원인 분석과 대응이 필요한 상황"
      },
      {
        "div": "종합분석-2",
        "sub_title": "누적 YTD 비교 (전년 누적 VS 당해 누적)",
        "ai_text": "**전년 누적(202401~202410) 대비 당해 누적(202501~202510) 영업비 변화 분석**\n\n• **총 영업비**: 252,171k → 275,985k (+9.4%)\n- 매출액(v+) 증가(4,136,635k → 4,399,401k, +6.4%) 대비 영업비 증가율이 높아 비용 관리 강화 필요\n\n• **주요 증가 항목**:\n- 광고비: 106,540k → 122,960k (+15.4%) - 브랜드 마케팅 투자 확대\n- 지급수수료: 11,852k → 17,262k (+45.6%) - 수수료 구조 재검토 필요\n- 수주회: 8,661k → 11,968k (+38.2%) - 이벤트 활동 증가\n- 복리후생비: 21,944k → 23,915k (+9.0%) - 인력 규모 확대 반영\n- 임차료: 15,153k → 17,053k (+12.5%) - 매장 확장 및 임대료 상승\n\n• **주요 감소 항목**:\n- 세금과공과: 10,158k → 7,892k (-22.3%) - 세무 효율화 성과\n- 감가상각비: 4,913k → 3,888k (-20.9%) - 설비 투자 감소\n- 기타비용: 4,740k → 2,612k (-44.9%) - 운영비 효율화 성과\n- 급여: 68,210k → 68,435k (+0.3%) - 인건비 안정 관리\n\n**전략적 포인트**: 매출 대비 영업비율 개선을 위한 지급수수료와 광고비 효율성 제고 필요"
      },
      {
        "div": "종합분석-3",
        "sub_title": "1년 추세 분석 (2024년 1월 ~ 2025년 10월, 202401~202510)",
        "ai_text": "**22개월간(202401~202510) 월별 영업비 추이 분석**\n\n• **계절성 패턴**:\n- 1월: 광고비 집중 투자 (22,569k → 14,248k로 조정)\n- 6월: 수주회 비용 집중 (8,658k → 0k로 변화)\n- 8-9월: 성수기 광고비 증가 (18,050k, 15,587k → 15,096k, 24,676k)\n\n• **2024년 vs 2025년 동월 비교 트렌드**:\n- 광고비: 대부분 월에서 감소 추세 (효율성 개선)\n- 급여: 안정적 수준 유지 (월평균 6,500k~7,000k)\n- 임차료: 2025년 하반기부터 증가 (1,900k 수준으로 상승)\n- 지급수수료: 2025년 변동성 확대 (530k~2,978k)\n\n• **특이사항**:\n- 202508: 광고비 급증 (15,096k) - 성수기 마케팅 강화\n- 202509: 광고비 최고점 (24,676k) - 대규모 캠페인 실행\n- 202506: 수주회 없음에서 202507 급증 (5,811k) - 이벤트 집중화\n\n**운영 효율성**: 2025년 들어 월별 변동성이 증가하여 예산 관리의 정교화가 필요한 상황"
      },
      {
        "div": "종합분석-4",
        "sub_title": "법인 전체 대비 브랜드 비중 분석 (MLB vs 법인 전체)",
        "ai_text": "**MLB 브랜드의 법인 전체(MLB + MLB KIDS + DISCOVERY + DUVETICA + SERGIO TACCHINI + SUPRA) 대비 영업비 비중 분석**\n\n• **전체 영업비 비중**:\n- 당월(202510): 25,690k / 36,245k = 70.9%\n- 누적(202501~202510): 275,985k / 349,489k = 79.0%\n- MLB가 법인 영업비의 약 3/4을 차지하는 주력 브랜드 위치 확인\n\n• **계정별 법인 내 비중 (202510 기준)**:\n- **높은 비중 (90% 이상)**: 임차료 100.0%, 지급수수료 97.5%, 세금과공과 100.0%, 감가상각비 98.0%\n- **중간 비중 (70~90%)**: 급여 78.3%, 복리후생비 81.7%\n- **상대적 낮은 비중**: 광고비 59.0%, 기타비용 67.6%\n- **제로 비중**: 수주회 0.0% (다른 브랜드에서 797k 집행)\n\n• **전략적 의미**:\n- MLB는 법인의 핵심 수익 브랜드로서 영업비 집중도가 높음\n- 광고비 비중이 상대적으로 낮아 마케팅 투자 확대 여지 존재\n- 고정비(임차료, 세금 등)는 MLB에 집중되어 있어 효율성 관리 중요\n\n**포트폴리오 관점**: MLB 중심의 비용 구조에서 다른 브랜드들의 성장을 위한 투자 배분 재검토 필요"
      },
      {
        "div": "종합분석-5",
        "sub_title": "전략적 시사점",
        "ai_text": "**단기 전략 방향 (3-6개월)**\n\n• **비용 효율성 개선**:\n- 세금과공과 급증(+512%) 원인 분석 및 세무 최적화 방안 수립\n- 지급수수료 증가율(+45.6%) 억제를 위한 수수료 구조 재협상\n- 광고비 ROI 분석을 통한 마케팅 예산 최적화\n\n• **운영 관리 강화**:\n- 월별 영업비 변동성 관리를 위한 예산 통제 시스템 구축\n- 매출 증가 대비 영업비 증가율 모니터링 체계 확립\n\n**중장기 전략 방향 (6개월-2년)**\n\n• **포트폴리오 균형화**:\n- MLB 의존도(79.0%) 완화를 위한 다른 브랜드 육성 투자\n- 브랜드별 영업비 배분 최적화 및 성과 기반 예산 배정\n\n• **디지털 전환**:\n- 전통적 광고비에서 디지털 마케팅으로의 예산 이동\n- 데이터 기반 마케팅 ROI 측정 시스템 구축\n\n• **고정비 관리**:\n- 임차료 상승 압박에 대비한 매장 효율성 개선\n- 인건비 대비 생산성 향상을 위한 업무 프로세스 혁신\n\n**핵심 KPI 설정**: 매출 대비 영업비율 개선, 브랜드별 영업비 ROI, 월별 예산 달성률을 주요 관리 지표로 설정하여 지속적 모니터링 체계 구축"
      }
    ]
  },
  "summary": {
    "current_month_expense": 25690.0,
    "previous_month_expense": 26183.0,
    "current_ytd_expense": 275985.0,
    "previous_ytd_expense": 252172.0,
    "total_records": 195,
    "analysis_period_month": "2024년 10월 VS 2025년 10월",
    "analysis_period_ytd": "2024년 1월~2024년 10월 VS 2025년 1월~2025년 10월",
    "trend_period": "2024년 1월 ~ 2025년 10월 (202401~202510)"
  },
  "month_comparison": {
    "previous_month": {
      "ad_cst_oprt": 12843.0,
      "slry_csy_oprt": 6760.0,
      "emp_bnft_cst_oprt": 2242.0,
      "pmt_cms_oprt": 1525.0,
      "shop_rnt_oprt": 1656.0,
      "evnt_cst_oprt": 0.0,
      "tax_cst_oprt": 299.0,
      "deprc_cst_oprt": 511.0,
      "etc_cst_oprt": 349.0,
      "sale_amt": 469366.0,
      "sale_amt_vat": 717644.0
    },
    "current_month": {
      "ad_cst_oprt": 10409.0,
      "slry_csy_oprt": 6709.0,
      "emp_bnft_cst_oprt": 2317.0,
      "pmt_cms_oprt": 1847.0,
      "shop_rnt_oprt": 1915.0,
      "evnt_cst_oprt": 0.0,
      "tax_cst_oprt": 1831.0,
      "deprc_cst_oprt": 456.0,
      "etc_cst_oprt": 207.0,
      "sale_amt": 536948.0,
      "sale_amt_vat": 791916.0
    }
  },
  "ytd_comparison": {
    "previous_ytd": {
      "ad_cst_oprt": 106540.0,
      "slry_csy_oprt": 68210.0,
      "emp_bnft_cst_oprt": 21944.0,
      "pmt_cms_oprt": 11852.0,
      "shop_rnt_oprt": 15153.0,
      "evnt_cst_oprt": 8661.0,
      "tax_cst_oprt": 10158.0,
      "deprc_cst_oprt": 4913.0,
      "etc_cst_oprt": 4740.0,
      "sale_amt": 4136635.0,
      "sale_amt_vat": 5574323.0
    },
    "current_ytd": {
      "ad_cst_oprt": 122960.0,
      "slry_csy_oprt": 68435.0,
      "emp_bnft_cst_oprt": 23915.0,
      "pmt_cms_oprt": 17262.0,
      "shop_rnt_oprt": 17053.0,
      "evnt_cst_oprt": 11968.0,
      "tax_cst_oprt": 7892.0,
      "deprc_cst_oprt": 3888.0,
      "etc_cst_oprt": 2612.0,
      "sale_amt": 4399401.0,
      "sale_amt_vat": 5859977.0
    }
  },
  "trend_by_month": {
    "202401": {
      "ad_cst_oprt": 22569.0,
      "slry_csy_oprt": 6241.0,
      "emp_bnft_cst_oprt": 3507.0,
      "pmt_cms_oprt": 1034.0,
      "shop_rnt_oprt": 1254.0,
      "evnt_cst_oprt": 0.0,
      "tax_cst_oprt": 3155.0,
      "deprc_cst_oprt": 494.0,
      "etc_cst_oprt": 1694.0,
      "sale_amt": 671766.0,
      "sale_amt_vat": 640175.0
    },
    "202402": {
      "ad_cst_oprt": 8098.0,
      "slry_csy_oprt": 9718.0,
      "emp_bnft_cst_oprt": 2130.0,
      "pmt_cms_oprt": 1397.0,
      "shop_rnt_oprt": 1528.0,
      "evnt_cst_oprt": 211.0,
      "tax_cst_oprt": 177.0,
      "deprc_cst_oprt": 491.0,
      "etc_cst_oprt": 257.0,
      "sale_amt": 259034.0,
      "sale_amt_vat": 666628.0
    },
    "202403": {
      "ad_cst_oprt": 7502.0,
      "slry_csy_oprt": 5020.0,
      "emp_bnft_cst_oprt": 1925.0,
      "pmt_cms_oprt": 1040.0,
      "shop_rnt_oprt": 1528.0,
      "evnt_cst_oprt": 0.0,
      "tax_cst_oprt": 221.0,
      "deprc_cst_oprt": 491.0,
      "etc_cst_oprt": 348.0,
      "sale_amt": 394537.0,
      "sale_amt_vat": 556519.0
    },
    "202404": {
      "ad_cst_oprt": 9656.0,
      "slry_csy_oprt": 6605.0,
      "emp_bnft_cst_oprt": 1711.0,
      "pmt_cms_oprt": 1434.0,
      "shop_rnt_oprt": 1524.0,
      "evnt_cst_oprt": 0.0,
      "tax_cst_oprt": 166.0,
      "deprc_cst_oprt": 478.0,
      "etc_cst_oprt": 408.0,
      "sale_amt": 383297.0,
      "sale_amt_vat": 554257.0
    },
    "202405": {
      "ad_cst_oprt": 5177.0,
      "slry_csy_oprt": 6849.0,
      "emp_bnft_cst_oprt": 1963.0,
      "pmt_cms_oprt": 1142.0,
      "shop_rnt_oprt": 1526.0,
      "evnt_cst_oprt": 0.0,
      "tax_cst_oprt": 1956.0,
      "deprc_cst_oprt": 488.0,
      "etc_cst_oprt": 182.0,
      "sale_amt": 265539.0,
      "sale_amt_vat": 572526.0
    },
    "202406": {
      "ad_cst_oprt": 3002.0,
      "slry_csy_oprt": 6984.0,
      "emp_bnft_cst_oprt": 2107.0,
      "pmt_cms_oprt": 1277.0,
      "shop_rnt_oprt": 1526.0,
      "evnt_cst_oprt": 8658.0,
      "tax_cst_oprt": 1453.0,
      "deprc_cst_oprt": 476.0,
      "etc_cst_oprt": 624.0,
      "sale_amt": 230175.0,
      "sale_amt_vat": 489726.0
    },
    "202407": {
      "ad_cst_oprt": 4059.0,
      "slry_csy_oprt": 6647.0,
      "emp_bnft_cst_oprt": 1856.0,
      "pmt_cms_oprt": 896.0,
      "shop_rnt_oprt": 1526.0,
      "evnt_cst_oprt": 0.0,
      "tax_cst_oprt": 886.0,
      "deprc_cst_oprt": 476.0,
      "etc_cst_oprt": 299.0,
      "sale_amt": 328288.0,
      "sale_amt_vat": 430538.0
    },
    "202408": {
      "ad_cst_oprt": 18050.0,
      "slry_csy_oprt": 6728.0,
      "emp_bnft_cst_oprt": 2169.0,
      "pmt_cms_oprt": 736.0,
      "shop_rnt_oprt": 1539.0,
      "evnt_cst_oprt": -208.0,
      "tax_cst_oprt": 288.0,
      "deprc_cst_oprt": 502.0,
      "etc_cst_oprt": 243.0,
      "sale_amt": 545633.0,
      "sale_amt_vat": 469696.0
    },
    "202409": {
      "ad_cst_oprt": 15587.0,
      "slry_csy_oprt": 6658.0,
      "emp_bnft_cst_oprt": 2335.0,
      "pmt_cms_oprt": 1372.0,
      "shop_rnt_oprt": 1546.0,
      "evnt_cst_oprt": 0.0,
      "tax_cst_oprt": 1557.0,
      "deprc_cst_oprt": 506.0,
      "etc_cst_oprt": 336.0,
      "sale_amt": 588999.0,
      "sale_amt_vat": 476613.0
    },
    "202410": {
      "ad_cst_oprt": 12843.0,
      "slry_csy_oprt": 6760.0,
      "emp_bnft_cst_oprt": 2242.0,
      "pmt_cms_oprt": 1525.0,
      "shop_rnt_oprt": 1656.0,
      "evnt_cst_oprt": 0.0,
      "tax_cst_oprt": 299.0,
      "deprc_cst_oprt": 511.0,
      "etc_cst_oprt": 349.0,
      "sale_amt": 469366.0,
      "sale_amt_vat": 717644.0
    },
    "202411": {
      "ad_cst_oprt": 11209.0,
      "slry_csy_oprt": 6628.0,
      "emp_bnft_cst_oprt": 2254.0,
      "pmt_cms_oprt": 530.0,
      "shop_rnt_oprt": 1606.0,
      "evnt_cst_oprt": 0.0,
      "tax_cst_oprt": 332.0,
      "deprc_cst_oprt": 511.0,
      "etc_cst_oprt": 767.0,
      "sale_amt": 322527.0,
      "sale_amt_vat": 692810.0
    },
    "202412": {
      "ad_cst_oprt": 9274.0,
      "slry_csy_oprt": 6506.0,
      "emp_bnft_cst_oprt": 2841.0,
      "pmt_cms_oprt": 1691.0,
      "shop_rnt_oprt": 1675.0,
      "evnt_cst_oprt": 0.0,
      "tax_cst_oprt": 2609.0,
      "deprc_cst_oprt": 347.0,
      "etc_cst_oprt": 437.0,
      "sale_amt": 409136.0,
      "sale_amt_vat": 719210.0
    },
    "202501": {
      "ad_cst_oprt": 14248.0,
      "slry_csy_oprt": 11741.0,
      "emp_bnft_cst_oprt": 3982.0,
      "pmt_cms_oprt": 1123.0,
      "shop_rnt_oprt": 1675.0,
      "evnt_cst_oprt": 5787.0,
      "tax_cst_oprt": 1322.0,
      "deprc_cst_oprt": 348.0,
      "etc_cst_oprt": 234.0,
      "sale_amt": 549448.0,
      "sale_amt_vat": 918471.0
    },
    "202502": {
      "ad_cst_oprt": 11936.0,
      "slry_csy_oprt": 6605.0,
      "emp_bnft_cst_oprt": 2477.0,
      "pmt_cms_oprt": 1276.0,
      "shop_rnt_oprt": 1678.0,
      "evnt_cst_oprt": 0.0,
      "tax_cst_oprt": 1577.0,
      "deprc_cst_oprt": 350.0,
      "etc_cst_oprt": 225.0,
      "sale_amt": 398424.0,
      "sale_amt_vat": 449152.0
    },
    "202503": {
      "ad_cst_oprt": 12296.0,
      "slry_csy_oprt": 2235.0,
      "emp_bnft_cst_oprt": 1989.0,
      "pmt_cms_oprt": 2397.0,
      "shop_rnt_oprt": 1676.0,
      "evnt_cst_oprt": 71.0,
      "tax_cst_oprt": 217.0,
      "deprc_cst_oprt": 357.0,
      "etc_cst_oprt": 257.0,
      "sale_amt": 458020.0,
      "sale_amt_vat": 570034.0
    },
    "202504": {
      "ad_cst_oprt": 8443.0,
      "slry_csy_oprt": 7193.0,
      "emp_bnft_cst_oprt": 2158.0,
      "pmt_cms_oprt": 1704.0,
      "shop_rnt_oprt": 1522.0,
      "evnt_cst_oprt": 0.0,
      "tax_cst_oprt": 170.0,
      "deprc_cst_oprt": 359.0,
      "etc_cst_oprt": 318.0,
      "sale_amt": 330937.0,
      "sale_amt_vat": 555173.0
    },
    "202505": {
      "ad_cst_oprt": 9836.0,
      "slry_csy_oprt": 6695.0,
      "emp_bnft_cst_oprt": 2317.0,
      "pmt_cms_oprt": 2978.0,
      "shop_rnt_oprt": 1426.0,
      "evnt_cst_oprt": 0.0,
      "tax_cst_oprt": 1026.0,
      "deprc_cst_oprt": 330.0,
      "etc_cst_oprt": 263.0,
      "sale_amt": 280695.0,
      "sale_amt_vat": 616285.0
    },
    "202506": {
      "ad_cst_oprt": 8221.0,
      "slry_csy_oprt": 6751.0,
      "emp_bnft_cst_oprt": 1766.0,
      "pmt_cms_oprt": 1308.0,
      "shop_rnt_oprt": 1435.0,
      "evnt_cst_oprt": 0.0,
      "tax_cst_oprt": 196.0,
      "deprc_cst_oprt": 340.0,
      "etc_cst_oprt": 233.0,
      "sale_amt": 289073.0,
      "sale_amt_vat": 488588.0
    },
    "202507": {
      "ad_cst_oprt": 7798.0,
      "slry_csy_oprt": 6847.0,
      "emp_bnft_cst_oprt": 2207.0,
      "pmt_cms_oprt": 1918.0,
      "shop_rnt_oprt": 1900.0,
      "evnt_cst_oprt": 5811.0,
      "tax_cst_oprt": 774.0,
      "deprc_cst_oprt": 444.0,
      "etc_cst_oprt": 325.0,
      "sale_amt": 378462.0,
      "sale_amt_vat": 461462.0
    },
    "202508": {
      "ad_cst_oprt": 15096.0,
      "slry_csy_oprt": 7147.0,
      "emp_bnft_cst_oprt": 2378.0,
      "pmt_cms_oprt": 1627.0,
      "shop_rnt_oprt": 1917.0,
      "evnt_cst_oprt": 0.0,
      "tax_cst_oprt": 402.0,
      "deprc_cst_oprt": 459.0,
      "etc_cst_oprt": 203.0,
      "sale_amt": 602270.0,
      "sale_amt_vat": 520730.0
    },
    "202509": {
      "ad_cst_oprt": 24676.0,
      "slry_csy_oprt": 6513.0,
      "emp_bnft_cst_oprt": 2323.0,
      "pmt_cms_oprt": 1084.0,
      "shop_rnt_oprt": 1909.0,
      "evnt_cst_oprt": 299.0,
      "tax_cst_oprt": 376.0,
      "deprc_cst_oprt": 446.0,
      "etc_cst_oprt": 347.0,
      "sale_amt": 575123.0,
      "sale_amt_vat": 488165.0
    },
    "202510": {
      "ad_cst_oprt": 10409.0,
      "slry_csy_oprt": 6709.0,
      "emp_bnft_cst_oprt": 2317.0,
      "pmt_cms_oprt": 1847.0,
      "shop_rnt_oprt": 1915.0,
      "evnt_cst_oprt": 0.0,
      "tax_cst_oprt": 1831.0,
      "deprc_cst_oprt": 456.0,
      "etc_cst_oprt": 207.0,
      "sale_amt": 536948.0,
      "sale_amt_vat": 791916.0
    }
  },
  "brand_vs_all_brands": {
    "current_month": {
      "brand_total": 25690.0,
      "all_brands_total": 36245.0,
      "ratio": 70.9,
      "by_account": {
        "ad_cst_oprt": {
          "brand": 10409.0,
          "all_brands": 17635.0,
          "ratio": 59.0
        },
        "slry_csy_oprt": {
          "brand": 6709.0,
          "all_brands": 8567.0,
          "ratio": 78.3
        },
        "emp_bnft_cst_oprt": {
          "brand": 2317.0,
          "all_brands": 2836.0,
          "ratio": 81.7
        },
        "pmt_cms_oprt": {
          "brand": 1847.0,
          "all_brands": 1893.0,
          "ratio": 97.5
        },
        "shop_rnt_oprt": {
          "brand": 1915.0,
          "all_brands": 1915.0,
          "ratio": 100.0
        },
        "evnt_cst_oprt": {
          "brand": 0.0,
          "all_brands": 797.0,
          "ratio": 0.0
        },
        "tax_cst_oprt": {
          "brand": 1831.0,
          "all_brands": 1831.0,
          "ratio": 100.0
        },
        "deprc_cst_oprt": {
          "brand": 456.0,
          "all_brands": 465.0,
          "ratio": 98.0
        },
        "etc_cst_oprt": {
          "brand": 207.0,
          "all_brands": 305.0,
          "ratio": 67.6
        }
      }
    },
    "current_ytd": {
      "brand_total": 275985.0,
      "all_brands_total": 349489.0,
      "ratio": 79.0
    }
  },
  "all_brands_summary": {
    "current_month": {
      "ad_cst_oprt": 17635.0,
      "slry_csy_oprt": 8567.0,
      "emp_bnft_cst_oprt": 2836.0,
      "pmt_cms_oprt": 1893.0,
      "shop_rnt_oprt": 1915.0,
      "evnt_cst_oprt": 797.0,
      "tax_cst_oprt": 1831.0,
      "deprc_cst_oprt": 465.0,
      "etc_cst_oprt": 305.0,
      "sale_amt": 574972.0,
      "sale_amt_vat": 840345.0
    },
    "previous_month": {
      "ad_cst_oprt": 18067.0,
      "slry_csy_oprt": 8090.0,
      "emp_bnft_cst_oprt": 2567.0,
      "pmt_cms_oprt": 1562.0,
      "shop_rnt_oprt": 1656.0,
      "evnt_cst_oprt": 0.0,
      "tax_cst_oprt": 299.0,
      "deprc_cst_oprt": 517.0,
      "etc_cst_oprt": 473.0,
      "sale_amt": 495769.0,
      "sale_amt_vat": 758205.0
    },
    "current_ytd": {
      "ad_cst_oprt": 169182.0,
      "slry_csy_oprt": 85980.0,
      "emp_bnft_cst_oprt": 28637.0,
      "pmt_cms_oprt": 19194.0,
      "shop_rnt_oprt": 17053.0,
      "evnt_cst_oprt": 13964.0,
      "tax_cst_oprt": 7892.0,
      "deprc_cst_oprt": 3935.0,
      "etc_cst_oprt": 3651.0,
      "sale_amt": 4654872.0,
      "sale_amt_vat": 6191345.0
    },
    "previous_ytd": {
      "ad_cst_oprt": 130637.0,
      "slry_csy_oprt": 80856.0,
      "emp_bnft_cst_oprt": 25431.0,
      "pmt_cms_oprt": 12907.0,
      "shop_rnt_oprt": 15153.0,
      "evnt_cst_oprt": 10536.0,
      "tax_cst_oprt": 10158.0,
      "deprc_cst_oprt": 4975.0,
      "etc_cst_oprt": 5172.0,
      "sale_amt": 4374025.0,
      "sale_amt_vat": 5904658.0
    }
  },
  "raw_data": {
    "sample_records": [
      {
        "PST_YYYYMM": "202507",
        "BRD_CD": "M",
        "MGMT_CHNL_NM": "(OFF)쇼핑몰",
        "SALE_AMT": 9015249.0,
        "SALE_AMT_VAT": 7978096.460176991,
        "AD_CST_OPRT": 169997.92,
        "SLRY_CSY_OPRT": 297643.85,
        "EMP_BNFT_CST_OPRT": 100391.92,
        "PMT_CMS_OPRT": 36422.9,
        "SHOP_RNT_OPRT": 36222.98,
        "EVNT_CST_OPRT": 139072.06,
        "TAX_CST_OPRT": 18521.41,
        "DEPRC_CST_OPRT": 10115.72,
        "ETC_CST_OPRT": 13838.95
      },
      {
        "PST_YYYYMM": "202408",
        "BRD_CD": "M",
        "MGMT_CHNL_NM": "(OFF)대리상",
        "SALE_AMT": 419510865.32,
        "SALE_AMT_VAT": 356827933.69911504,
        "AD_CST_OPRT": 13922092.76,
        "SLRY_CSY_OPRT": 4291627.06,
        "EMP_BNFT_CST_OPRT": 1365153.61,
        "PMT_CMS_OPRT": 540812.32,
        "SHOP_RNT_OPRT": 918293.96,
        "EVNT_CST_OPRT": -160050.28,
        "TAX_CST_OPRT": 221925.75,
        "DEPRC_CST_OPRT": 339133.74,
        "ETC_CST_OPRT": 165609.15
      },
      {
        "PST_YYYYMM": "202510",
        "BRD_CD": "M",
        "MGMT_CHNL_NM": "(EC)대리상",
        "SALE_AMT": 62618665.03999999,
        "SALE_AMT_VAT": 109696916.58106196,
        "AD_CST_OPRT": 1223637.67,
        "SLRY_CSY_OPRT": 817818.2,
        "EMP_BNFT_CST_OPRT": 258422.94,
        "PMT_CMS_OPRT": 310375.03,
        "SHOP_RNT_OPRT": 214219.34,
        "EVNT_CST_OPRT": 0.0,
        "TAX_CST_OPRT": 215209.74,
        "DEPRC_CST_OPRT": 51833.28,
        "ETC_CST_OPRT": 20536.31
      },
      {
        "PST_YYYYMM": "202408",
        "BRD_CD": "M",
        "MGMT_CHNL_NM": "(EC)할인몰",
        "SALE_AMT": 4799137.53,
        "SALE_AMT_VAT": 4247024.362831859,
        "AD_CST_OPRT": 131626.21,
        "SLRY_CSY_OPRT": 65079.42,
        "EMP_BNFT_CST_OPRT": 21221.09,
        "PMT_CMS_OPRT": 6536.16,
        "SHOP_RNT_OPRT": 23014.04,
        "EVNT_CST_OPRT": -1513.2,
        "TAX_CST_OPRT": 2098.0,
        "DEPRC_CST_OPRT": 5739.29,
        "ETC_CST_OPRT": 2105.52
      },
      {
        "PST_YYYYMM": "202408",
        "BRD_CD": "M",
        "MGMT_CHNL_NM": "(OFF)아울렛",
        "SALE_AMT": 18248524.02,
        "SALE_AMT_VAT": 16149136.300884956,
        "AD_CST_OPRT": 575802.71,
        "SLRY_CSY_OPRT": 353516.59,
        "EMP_BNFT_CST_OPRT": 115264.7,
        "PMT_CMS_OPRT": 22361.86,
        "SHOP_RNT_OPRT": 37980.64,
        "EVNT_CST_OPRT": -6618.52,
        "TAX_CST_OPRT": 9178.4,
        "DEPRC_CST_OPRT": 14234.45,
        "ETC_CST_OPRT": 15550.82
      },
      {
        "PST_YYYYMM": "202406",
        "BRD_CD": "M",
        "MGMT_CHNL_NM": "(OFF)아울렛",
        "SALE_AMT": 18221232.0,
        "SALE_AMT_VAT": 16124984.070796462,
        "AD_CST_OPRT": 213429.36,
        "SLRY_CSY_OPRT": 511883.15,
        "EMP_BNFT_CST_OPRT": 154898.91,
        "PMT_CMS_OPRT": 91092.06,
        "SHOP_RNT_OPRT": 100248.77,
        "EVNT_CST_OPRT": 615555.04,
        "TAX_CST_OPRT": 103336.33,
        "DEPRC_CST_OPRT": 32650.14,
        "ETC_CST_OPRT": 40873.74
      },
      {
        "PST_YYYYMM": "202505",
        "BRD_CD": "M",
        "MGMT_CHNL_NM": "(OFF)아울렛",
        "SALE_AMT": 24370916.0,
        "SALE_AMT_VAT": 21567182.300884962,
        "AD_CST_OPRT": 811412.84,
        "SLRY_CSY_OPRT": 798511.22,
        "EMP_BNFT_CST_OPRT": 282491.11,
        "PMT_CMS_OPRT": 305734.68,
        "SHOP_RNT_OPRT": 143035.64,
        "EVNT_CST_OPRT": 0.0,
        "TAX_CST_OPRT": 84651.16,
        "DEPRC_CST_OPRT": 29588.5,
        "ETC_CST_OPRT": 32052.78
      },
      {
        "PST_YYYYMM": "202407",
        "BRD_CD": "M",
        "MGMT_CHNL_NM": "(EC)대리상",
        "SALE_AMT": 49837819.44,
        "SALE_AMT_VAT": 53648462.6840708,
        "AD_CST_OPRT": 621811.09,
        "SLRY_CSY_OPRT": 1283664.93,
        "EMP_BNFT_CST_OPRT": 335462.72,
        "PMT_CMS_OPRT": 152091.28,
        "SHOP_RNT_OPRT": 358825.98,
        "EVNT_CST_OPRT": 0.0,
        "TAX_CST_OPRT": 135673.27,
        "DEPRC_CST_OPRT": 93086.46,
        "ETC_CST_OPRT": 46828.32
      },
      {
        "PST_YYYYMM": "202404",
        "BRD_CD": "M",
        "MGMT_CHNL_NM": "(EC)티몰",
        "SALE_AMT": 27427454.06,
        "SALE_AMT_VAT": 24272083.238938056,
        "AD_CST_OPRT": 698767.13,
        "SLRY_CSY_OPRT": 538605.18,
        "EMP_BNFT_CST_OPRT": 126938.05,
        "PMT_CMS_OPRT": 106789.06,
        "SHOP_RNT_OPRT": 156847.04,
        "EVNT_CST_OPRT": 0.0,
        "TAX_CST_OPRT": 11977.7,
        "DEPRC_CST_OPRT": 41717.03,
        "ETC_CST_OPRT": 24422.64
      },
      {
        "PST_YYYYMM": "202406",
        "BRD_CD": "M",
        "MGMT_CHNL_NM": "(OFF)쇼핑몰",
        "SALE_AMT": 6712351.0,
        "SALE_AMT_VAT": 5940133.628318584,
        "AD_CST_OPRT": 88798.38,
        "SLRY_CSY_OPRT": 212973.31,
        "EMP_BNFT_CST_OPRT": 64446.72,
        "PMT_CMS_OPRT": 37900.46,
        "SHOP_RNT_OPRT": 41709.4,
        "EVNT_CST_OPRT": 256107.55,
        "TAX_CST_OPRT": 42995.0,
        "DEPRC_CST_OPRT": 13586.15,
        "ETC_CST_OPRT": 16980.85
      },
      {
        "PST_YYYYMM": "202404",
        "BRD_CD": "M",
        "MGMT_CHNL_NM": "(OFF)쇼핑몰",
        "SALE_AMT": 7832197.0,
        "SALE_AMT_VAT": 6931147.78761062,
        "AD_CST_OPRT": 199646.84,
        "SLRY_CSY_OPRT": 144469.37,
        "EMP_BNFT_CST_OPRT": 39386.79,
        "PMT_CMS_OPRT": 29340.93,
        "SHOP_RNT_OPRT": 26882.84,
        "EVNT_CST_OPRT": 0.0,
        "TAX_CST_OPRT": 3422.0,
        "DEPRC_CST_OPRT": 9235.2,
        "ETC_CST_OPRT": 6566.79
      },
      {
        "PST_YYYYMM": "202412",
        "BRD_CD": "M",
        "MGMT_CHNL_NM": "(EC)대리상",
        "SALE_AMT": 29945058.599999998,
        "SALE_AMT_VAT": 95415603.37504426,
        "AD_CST_OPRT": 685228.62,
        "SLRY_CSY_OPRT": 601656.13,
        "EMP_BNFT_CST_OPRT": 278553.04,
        "PMT_CMS_OPRT": 132570.08,
        "SHOP_RNT_OPRT": 192289.63,
        "EVNT_CST_OPRT": 0.0,
        "TAX_CST_OPRT": 192776.2,
        "DEPRC_CST_OPRT": 30293.77,
        "ETC_CST_OPRT": 33720.34
      },
      {
        "PST_YYYYMM": "202509",
        "BRD_CD": "M",
        "MGMT_CHNL_NM": "(EC)할인몰",
        "SALE_AMT": 7351998.6755,
        "SALE_AMT_VAT": 6506193.518141594,
        "AD_CST_OPRT": 250882.78,
        "SLRY_CSY_OPRT": 86516.7,
        "EMP_BNFT_CST_OPRT": 28633.2,
        "PMT_CMS_OPRT": 15508.68,
        "SHOP_RNT_OPRT": 32269.77,
        "EVNT_CST_OPRT": 3039.74,
        "TAX_CST_OPRT": 3821.22,
        "DEPRC_CST_OPRT": 6054.06,
        "ETC_CST_OPRT": 3729.1
      },
      {
        "PST_YYYYMM": "202406",
        "BRD_CD": "M",
        "MGMT_CHNL_NM": "(EC)할인몰",
        "SALE_AMT": 6077294.936600001,
        "SALE_AMT_VAT": 5378137.112035398,
        "AD_CST_OPRT": 65046.02,
        "SLRY_CSY_OPRT": 147171.96,
        "EMP_BNFT_CST_OPRT": 46640.49,
        "PMT_CMS_OPRT": 27461.07,
        "SHOP_RNT_OPRT": 39615.57,
        "EVNT_CST_OPRT": 187597.94,
        "TAX_CST_OPRT": 31493.24,
        "DEPRC_CST_OPRT": 11317.78,
        "ETC_CST_OPRT": 12418.22
      },
      {
        "PST_YYYYMM": "202501",
        "BRD_CD": "M",
        "MGMT_CHNL_NM": null,
        "SALE_AMT": null,
        "SALE_AMT_VAT": null,
        "AD_CST_OPRT": 0.0,
        "SLRY_CSY_OPRT": 328461.0,
        "EMP_BNFT_CST_OPRT": 82724.51,
        "PMT_CMS_OPRT": 0.0,
        "SHOP_RNT_OPRT": 0.0,
        "EVNT_CST_OPRT": 0.0,
        "TAX_CST_OPRT": 0.0,
        "DEPRC_CST_OPRT": 0.0,
        "ETC_CST_OPRT": 1891.35
      },
      {
        "PST_YYYYMM": "202504",
        "BRD_CD": "M",
        "MGMT_CHNL_NM": "(OFF)아울렛",
        "SALE_AMT": 21814303.0,
        "SALE_AMT_VAT": 19304692.920353983,
        "AD_CST_OPRT": 532388.47,
        "SLRY_CSY_OPRT": 702065.79,
        "EMP_BNFT_CST_OPRT": 217813.6,
        "PMT_CMS_OPRT": 91851.11,
        "SHOP_RNT_OPRT": 104556.76,
        "EVNT_CST_OPRT": 0.0,
        "TAX_CST_OPRT": 10739.74,
        "DEPRC_CST_OPRT": 23694.57,
        "ETC_CST_OPRT": 37550.65
      },
      {
        "PST_YYYYMM": "202503",
        "BRD_CD": "M",
        "MGMT_CHNL_NM": "(EC)티몰",
        "SALE_AMT": 38316374.18,
        "SALE_AMT_VAT": 33908295.73451328,
        "AD_CST_OPRT": 1034393.63,
        "SLRY_CSY_OPRT": 352778.62,
        "EMP_BNFT_CST_OPRT": 154387.85,
        "PMT_CMS_OPRT": 250792.5,
        "SHOP_RNT_OPRT": 138161.4,
        "EVNT_CST_OPRT": 5991.42,
        "TAX_CST_OPRT": 18273.3,
        "DEPRC_CST_OPRT": 29136.2,
        "ETC_CST_OPRT": 16892.5
      },
      {
        "PST_YYYYMM": "202505",
        "BRD_CD": "M",
        "MGMT_CHNL_NM": "(EC)할인몰",
        "SALE_AMT": 5883057.169,
        "SALE_AMT_VAT": 5206245.282300886,
        "AD_CST_OPRT": 166839.3,
        "SLRY_CSY_OPRT": 98456.58,
        "EMP_BNFT_CST_OPRT": 30859.34,
        "PMT_CMS_OPRT": 33811.05,
        "SHOP_RNT_OPRT": 17132.29,
        "EVNT_CST_OPRT": 0.0,
        "TAX_CST_OPRT": 17405.74,
        "DEPRC_CST_OPRT": 4965.43,
        "ETC_CST_OPRT": 3353.66
      },
      {
        "PST_YYYYMM": "202407",
        "BRD_CD": "M",
        "MGMT_CHNL_NM": "(EC)틱톡/JD",
        "SALE_AMT": 984197.68,
        "SALE_AMT_VAT": 870971.3982300885,
        "AD_CST_OPRT": 12278.5,
        "SLRY_CSY_OPRT": 23265.46,
        "EMP_BNFT_CST_OPRT": 6158.61,
        "PMT_CMS_OPRT": 3008.7,
        "SHOP_RNT_OPRT": 7085.78,
        "EVNT_CST_OPRT": 0.0,
        "TAX_CST_OPRT": 2679.33,
        "DEPRC_CST_OPRT": 1835.88,
        "ETC_CST_OPRT": 928.11
      },
      {
        "PST_YYYYMM": "202404",
        "BRD_CD": "M",
        "MGMT_CHNL_NM": "(OFF)플래그쉽",
        "SALE_AMT": 6126225.0,
        "SALE_AMT_VAT": 5421438.053097346,
        "AD_CST_OPRT": 156160.75,
        "SLRY_CSY_OPRT": 113002.18,
        "EMP_BNFT_CST_OPRT": 30811.53,
        "PMT_CMS_OPRT": 22952.0,
        "SHOP_RNT_OPRT": 21027.2,
        "EVNT_CST_OPRT": 0.0,
        "TAX_CST_OPRT": 2676.64,
        "DEPRC_CST_OPRT": 7226.44,
        "ETC_CST_OPRT": 5146.81
      },
      {
        "PST_YYYYMM": "202411",
        "BRD_CD": "M",
        "MGMT_CHNL_NM": "(EC)티몰",
        "SALE_AMT": 63385166.15,
        "SALE_AMT_VAT": 56093067.38938054,
        "AD_CST_OPRT": 2222712.92,
        "SLRY_CSY_OPRT": 1281000.3,
        "EMP_BNFT_CST_OPRT": 408768.57,
        "PMT_CMS_OPRT": 89475.97,
        "SHOP_RNT_OPRT": 312183.37,
        "EVNT_CST_OPRT": 0.0,
        "TAX_CST_OPRT": 65818.04,
        "DEPRC_CST_OPRT": 99598.13,
        "ETC_CST_OPRT": 132411.39
      },
      {
        "PST_YYYYMM": "202504",
        "BRD_CD": "M",
        "MGMT_CHNL_NM": "(EC)할인몰",
        "SALE_AMT": 7586810.8484,
        "SALE_AMT_VAT": 6713991.901238938,
        "AD_CST_OPRT": 155826.5,
        "SLRY_CSY_OPRT": 128347.0,
        "EMP_BNFT_CST_OPRT": 33629.48,
        "PMT_CMS_OPRT": 40574.69,
        "SHOP_RNT_OPRT": 23087.24,
        "EVNT_CST_OPRT": 0.0,
        "TAX_CST_OPRT": 3143.52,
        "DEPRC_CST_OPRT": 6036.8,
        "ETC_CST_OPRT": 4277.09
      },
      {
        "PST_YYYYMM": "202405",
        "BRD_CD": "M",
        "MGMT_CHNL_NM": null,
        "SALE_AMT": null,
        "SALE_AMT_VAT": null,
        "AD_CST_OPRT": 0.0,
        "SLRY_CSY_OPRT": 414753.33,
        "EMP_BNFT_CST_OPRT": 114493.02,
        "PMT_CMS_OPRT": 0.0,
        "SHOP_RNT_OPRT": 0.0,
        "EVNT_CST_OPRT": 0.0,
        "TAX_CST_OPRT": 0.0,
        "DEPRC_CST_OPRT": 0.0,
        "ETC_CST_OPRT": -37.39
      },
      {
        "PST_YYYYMM": "202412",
        "BRD_CD": "M",
        "MGMT_CHNL_NM": "(OFF)플래그쉽",
        "SALE_AMT": 6723918.0,
        "SALE_AMT_VAT": 5950369.911504425,
        "AD_CST_OPRT": 153862.69,
        "SLRY_CSY_OPRT": 128229.01,
        "EMP_BNFT_CST_OPRT": 53041.02,
        "PMT_CMS_OPRT": 38101.17,
        "SHOP_RNT_OPRT": 23803.34,
        "EVNT_CST_OPRT": 0.0,
        "TAX_CST_OPRT": 43286.31,
        "DEPRC_CST_OPRT": 5505.12,
        "ETC_CST_OPRT": 10502.13
      },
      {
        "PST_YYYYMM": "202407",
        "BRD_CD": "M",
        "MGMT_CHNL_NM": "(OFF)플래그쉽",
        "SALE_AMT": 5094110.0,
        "SALE_AMT_VAT": 4508061.946902656,
        "AD_CST_OPRT": 63557.41,
        "SLRY_CSY_OPRT": 112279.99,
        "EMP_BNFT_CST_OPRT": 32403.91,
        "PMT_CMS_OPRT": 13586.3,
        "SHOP_RNT_OPRT": 20201.4,
        "EVNT_CST_OPRT": 0.0,
        "TAX_CST_OPRT": 13867.82,
        "DEPRC_CST_OPRT": 6921.98,
        "ETC_CST_OPRT": 5360.56
      },
      {
        "PST_YYYYMM": "202509",
        "BRD_CD": "M",
        "MGMT_CHNL_NM": "(OFF)플래그쉽",
        "SALE_AMT": 2049895.0,
        "SALE_AMT_VAT": 1814066.3716814162,
        "AD_CST_OPRT": 88437.95,
        "SLRY_CSY_OPRT": 47789.29,
        "EMP_BNFT_CST_OPRT": 16610.52,
        "PMT_CMS_OPRT": 3501.89,
        "SHOP_RNT_OPRT": 5741.53,
        "EVNT_CST_OPRT": 1071.39,
        "TAX_CST_OPRT": 1347.05,
        "DEPRC_CST_OPRT": 1673.16,
        "ETC_CST_OPRT": 2015.67
      },
      {
        "PST_YYYYMM": "202406",
        "BRD_CD": "M",
        "MGMT_CHNL_NM": "(EC)틱톡/JD",
        "SALE_AMT": 1147164.41,
        "SALE_AMT_VAT": 1015189.7433628319,
        "AD_CST_OPRT": 15187.93,
        "SLRY_CSY_OPRT": 34338.19,
        "EMP_BNFT_CST_OPRT": 10885.08,
        "PMT_CMS_OPRT": 6408.88,
        "SHOP_RNT_OPRT": 9242.93,
        "EVNT_CST_OPRT": 43769.61,
        "TAX_CST_OPRT": 7347.22,
        "DEPRC_CST_OPRT": 2641.14,
        "ETC_CST_OPRT": 2899.0
      },
      {
        "PST_YYYYMM": "202411",
        "BRD_CD": "M",
        "MGMT_CHNL_NM": "(OFF)플래그쉽",
        "SALE_AMT": 5287180.0,
        "SALE_AMT_VAT": 4678920.353982301,
        "AD_CST_OPRT": 185518.93,
        "SLRY_CSY_OPRT": 127468.14,
        "EMP_BNFT_CST_OPRT": 45289.79,
        "PMT_CMS_OPRT": 9422.24,
        "SHOP_RNT_OPRT": 26841.07,
        "EVNT_CST_OPRT": 0.0,
        "TAX_CST_OPRT": 5493.69,
        "DEPRC_CST_OPRT": 8557.08,
        "ETC_CST_OPRT": 14837.63
      },
      {
        "PST_YYYYMM": "202501",
        "BRD_CD": "M",
        "MGMT_CHNL_NM": "(OFF)아울렛",
        "SALE_AMT": 42197071.0,
        "SALE_AMT_VAT": 37342540.70796461,
        "AD_CST_OPRT": 1041351.89,
        "SLRY_CSY_OPRT": 986237.75,
        "EMP_BNFT_CST_OPRT": 319710.61,
        "PMT_CMS_OPRT": 77342.83,
        "SHOP_RNT_OPRT": 111397.56,
        "EVNT_CST_OPRT": 422954.58,
        "TAX_CST_OPRT": 96638.6,
        "DEPRC_CST_OPRT": 24770.58,
        "ETC_CST_OPRT": 19607.19
      },
      {
        "PST_YYYYMM": "202502",
        "BRD_CD": "M",
        "MGMT_CHNL_NM": "(OFF)쇼핑몰",
        "SALE_AMT": 6638122.0,
        "SALE_AMT_VAT": 5874444.247787612,
        "AD_CST_OPRT": 199782.66,
        "SLRY_CSY_OPRT": 215433.0,
        "EMP_BNFT_CST_OPRT": 77159.99,
        "PMT_CMS_OPRT": 18139.24,
        "SHOP_RNT_OPRT": 24666.9,
        "EVNT_CST_OPRT": 0.0,
        "TAX_CST_OPRT": 26399.95,
        "DEPRC_CST_OPRT": 5668.34,
        "ETC_CST_OPRT": 4220.52
      },
      {
        "PST_YYYYMM": "202509",
        "BRD_CD": "M",
        "MGMT_CHNL_NM": "(EC)티몰",
        "SALE_AMT": 24820805.07,
        "SALE_AMT_VAT": 21965314.22123894,
        "AD_CST_OPRT": 1070314.53,
        "SLRY_CSY_OPRT": 369091.46,
        "EMP_BNFT_CST_OPRT": 122167.75,
        "PMT_CMS_OPRT": 66176.68,
        "SHOP_RNT_OPRT": 137667.43,
        "EVNT_CST_OPRT": 12965.83,
        "TAX_CST_OPRT": 16302.26,
        "DEPRC_CST_OPRT": 25841.14,
        "ETC_CST_OPRT": 15956.77
      },
      {
        "PST_YYYYMM": "202410",
        "BRD_CD": "M",
        "MGMT_CHNL_NM": "(OFF)대리상",
        "SALE_AMT": 260439184.67999998,
        "SALE_AMT_VAT": 491796026.3331859,
        "AD_CST_OPRT": 6974099.27,
        "SLRY_CSY_OPRT": 3331734.01,
        "EMP_BNFT_CST_OPRT": 1135043.21,
        "PMT_CMS_OPRT": 812175.89,
        "SHOP_RNT_OPRT": 909106.21,
        "EVNT_CST_OPRT": 0.0,
        "TAX_CST_OPRT": 167291.41,
        "DEPRC_CST_OPRT": 283832.2,
        "ETC_CST_OPRT": 217601.6
      },
      {
        "PST_YYYYMM": "202412",
        "BRD_CD": "M",
        "MGMT_CHNL_NM": "(OFF)아울렛",
        "SALE_AMT": 30394302.0,
        "SALE_AMT_VAT": 26897612.389380537,
        "AD_CST_OPRT": 657473.71,
        "SLRY_CSY_OPRT": 547938.16,
        "EMP_BNFT_CST_OPRT": 226652.05,
        "PMT_CMS_OPRT": 162810.89,
        "SHOP_RNT_OPRT": 101715.19,
        "EVNT_CST_OPRT": 0.0,
        "TAX_CST_OPRT": 184968.32,
        "DEPRC_CST_OPRT": 23523.79,
        "ETC_CST_OPRT": 44878.23
      },
      {
        "PST_YYYYMM": "202410",
        "BRD_CD": "M",
        "MGMT_CHNL_NM": "(OFF)플래그쉽",
        "SALE_AMT": 5983500.0,
        "SALE_AMT_VAT": 5295132.743362833,
        "AD_CST_OPRT": 213935.52,
        "SLRY_CSY_OPRT": 108490.21,
        "EMP_BNFT_CST_OPRT": 39244.61,
        "PMT_CMS_OPRT": 29147.65,
        "SHOP_RNT_OPRT": 20886.45,
        "EVNT_CST_OPRT": 0.0,
        "TAX_CST_OPRT": 3843.53,
        "DEPRC_CST_OPRT": 6557.59,
        "ETC_CST_OPRT": 5747.08
      },
      {
        "PST_YYYYMM": "202404",
        "BRD_CD": "M",
        "MGMT_CHNL_NM": "(EC)대리상",
        "SALE_AMT": 63702262.45999999,
        "SALE_AMT_VAT": 68533871.62911505,
        "AD_CST_OPRT": 1623807.51,
        "SLRY_CSY_OPRT": 1363516.85,
        "EMP_BNFT_CST_OPRT": 319780.24,
        "PMT_CMS_OPRT": 248160.5,
        "SHOP_RNT_OPRT": 364483.47,
        "EVNT_CST_OPRT": 0.0,
        "TAX_CST_OPRT": 27833.59,
        "DEPRC_CST_OPRT": 97129.89,
        "ETC_CST_OPRT": 59085.38
      },
      {
        "PST_YYYYMM": "202501",
        "BRD_CD": "M",
        "MGMT_CHNL_NM": "(OFF)쇼핑몰",
        "SALE_AMT": 14916149.0,
        "SALE_AMT_VAT": 13200131.858407082,
        "AD_CST_OPRT": 389817.93,
        "SLRY_CSY_OPRT": 369189.06,
        "EMP_BNFT_CST_OPRT": 119691.08,
        "PMT_CMS_OPRT": 28951.87,
        "SHOP_RNT_OPRT": 41700.17,
        "EVNT_CST_OPRT": 158328.61,
        "TAX_CST_OPRT": 36175.16,
        "DEPRC_CST_OPRT": 9278.44,
        "ETC_CST_OPRT": 7374.08
      },
      {
        "PST_YYYYMM": "202404",
        "BRD_CD": "M",
        "MGMT_CHNL_NM": "(EC)틱톡/JD",
        "SALE_AMT": 140284.05,
        "SALE_AMT_VAT": 124145.17699115045,
        "AD_CST_OPRT": 3578.43,
        "SLRY_CSY_OPRT": 2757.3,
        "EMP_BNFT_CST_OPRT": 654.47,
        "PMT_CMS_OPRT": 553.65,
        "SHOP_RNT_OPRT": 802.33,
        "EVNT_CST_OPRT": 0.0,
        "TAX_CST_OPRT": 62.47,
        "DEPRC_CST_OPRT": 213.14,
        "ETC_CST_OPRT": 123.63
      },
      {
        "PST_YYYYMM": "202501",
        "BRD_CD": "M",
        "MGMT_CHNL_NM": "(EC)틱톡/JD",
        "SALE_AMT": 11441569.97,
        "SALE_AMT_VAT": 10125283.159292037,
        "AD_CST_OPRT": 299014.51,
        "SLRY_CSY_OPRT": 296432.99,
        "EMP_BNFT_CST_OPRT": 95864.8,
        "PMT_CMS_OPRT": 40643.18,
        "SHOP_RNT_OPRT": 45333.96,
        "EVNT_CST_OPRT": 121447.36,
        "TAX_CST_OPRT": 27748.75,
        "DEPRC_CST_OPRT": 7933.62,
        "ETC_CST_OPRT": 5678.26
      },
      {
        "PST_YYYYMM": "202510",
        "BRD_CD": "M",
        "MGMT_CHNL_NM": "(EC)틱톡/JD",
        "SALE_AMT": 19086386.97,
        "SALE_AMT_VAT": 16890607.938053098,
        "AD_CST_OPRT": 372968.4,
        "SLRY_CSY_OPRT": 233887.7,
        "EMP_BNFT_CST_OPRT": 74119.36,
        "PMT_CMS_OPRT": 94610.5,
        "SHOP_RNT_OPRT": 65293.97,
        "EVNT_CST_OPRT": 0.0,
        "TAX_CST_OPRT": 65596.56,
        "DEPRC_CST_OPRT": 15796.88,
        "ETC_CST_OPRT": 6260.59
      },
      {
        "PST_YYYYMM": "202401",
        "BRD_CD": "M",
        "MGMT_CHNL_NM": null,
        "SALE_AMT": null,
        "SALE_AMT_VAT": null,
        "AD_CST_OPRT": 0.0,
        "SLRY_CSY_OPRT": 327301.33,
        "EMP_BNFT_CST_OPRT": 95162.73,
        "PMT_CMS_OPRT": 0.0,
        "SHOP_RNT_OPRT": 0.0,
        "EVNT_CST_OPRT": 0.0,
        "TAX_CST_OPRT": 0.0,
        "DEPRC_CST_OPRT": 0.0,
        "ETC_CST_OPRT": 219.61
      },
      {
        "PST_YYYYMM": "202508",
        "BRD_CD": "M",
        "MGMT_CHNL_NM": "(EC)틱톡/JD",
        "SALE_AMT": 6266398.5600000005,
        "SALE_AMT_VAT": 5545485.451327434,
        "AD_CST_OPRT": 157694.75,
        "SLRY_CSY_OPRT": 99714.68,
        "EMP_BNFT_CST_OPRT": 31941.73,
        "PMT_CMS_OPRT": 22979.09,
        "SHOP_RNT_OPRT": 37285.9,
        "EVNT_CST_OPRT": 0.0,
        "TAX_CST_OPRT": 4198.65,
        "DEPRC_CST_OPRT": 6934.21,
        "ETC_CST_OPRT": 2600.69
      },
      {
        "PST_YYYYMM": "202503",
        "BRD_CD": "M",
        "MGMT_CHNL_NM": "(EC)대리상",
        "SALE_AMT": 77022004.41,
        "SALE_AMT_VAT": 75278662.84513275,
        "AD_CST_OPRT": 2080373.96,
        "SLRY_CSY_OPRT": 624440.49,
        "EMP_BNFT_CST_OPRT": 333168.42,
        "PMT_CMS_OPRT": 504397.35,
        "SHOP_RNT_OPRT": 277870.39,
        "EVNT_CST_OPRT": 12050.2,
        "TAX_CST_OPRT": 36751.04,
        "DEPRC_CST_OPRT": 58603.79,
        "ETC_CST_OPRT": 33984.86
      },
      {
        "PST_YYYYMM": "202509",
        "BRD_CD": "M",
        "MGMT_CHNL_NM": "(EC)대리상",
        "SALE_AMT": 69853848.35,
        "SALE_AMT_VAT": 74410561.5840708,
        "AD_CST_OPRT": 3013706.12,
        "SLRY_CSY_OPRT": 1094812.11,
        "EMP_BNFT_CST_OPRT": 362043.67,
        "PMT_CMS_OPRT": 186336.88,
        "SHOP_RNT_OPRT": 387632.44,
        "EVNT_CST_OPRT": 36508.41,
        "TAX_CST_OPRT": 45902.35,
        "DEPRC_CST_OPRT": 72765.27,
        "ETC_CST_OPRT": 44941.5
      },
      {
        "PST_YYYYMM": "202503",
        "BRD_CD": "M",
        "MGMT_CHNL_NM": "(EC)틱톡/JD",
        "SALE_AMT": 9401781.35,
        "SALE_AMT_VAT": 8320160.486725664,
        "AD_CST_OPRT": 253943.13,
        "SLRY_CSY_OPRT": 86605.51,
        "EMP_BNFT_CST_OPRT": 37902.11,
        "PMT_CMS_OPRT": 61576.36,
        "SHOP_RNT_OPRT": 33918.35,
        "EVNT_CST_OPRT": 1471.37,
        "TAX_CST_OPRT": 4486.38,
        "DEPRC_CST_OPRT": 7152.33,
        "ETC_CST_OPRT": 4153.25
      },
      {
        "PST_YYYYMM": "202402",
        "BRD_CD": "M",
        "MGMT_CHNL_NM": "(OFF)플래그쉽",
        "SALE_AMT": 6262082.0,
        "SALE_AMT_VAT": 5541665.486725664,
        "AD_CST_OPRT": 199781.04,
        "SLRY_CSY_OPRT": 216430.94,
        "EMP_BNFT_CST_OPRT": 48400.51,
        "PMT_CMS_OPRT": 38919.85,
        "SHOP_RNT_OPRT": 30602.42,
        "EVNT_CST_OPRT": 5194.59,
        "TAX_CST_OPRT": 4366.54,
        "DEPRC_CST_OPRT": 11062.39,
        "ETC_CST_OPRT": 6359.81
      },
      {
        "PST_YYYYMM": "202405",
        "BRD_CD": "M",
        "MGMT_CHNL_NM": "(OFF)플래그쉽",
        "SALE_AMT": 5941462.0,
        "SALE_AMT_VAT": 5257930.9734513275,
        "AD_CST_OPRT": 117705.1,
        "SLRY_CSY_OPRT": 148894.39,
        "EMP_BNFT_CST_OPRT": 45879.98,
        "PMT_CMS_OPRT": 28865.43,
        "SHOP_RNT_OPRT": 34874.69,
        "EVNT_CST_OPRT": 0.0,
        "TAX_CST_OPRT": 44482.25,
        "DEPRC_CST_OPRT": 11342.34,
        "ETC_CST_OPRT": 3990.07
      },
      {
        "PST_YYYYMM": "202408",
        "BRD_CD": "M",
        "MGMT_CHNL_NM": "(EC)틱톡/JD",
        "SALE_AMT": 2156978.81,
        "SALE_AMT_VAT": 1908830.8053097348,
        "AD_CST_OPRT": 71580.62,
        "SLRY_CSY_OPRT": 35391.98,
        "EMP_BNFT_CST_OPRT": 11540.74,
        "PMT_CMS_OPRT": 3562.34,
        "SHOP_RNT_OPRT": 12515.54,
        "EVNT_CST_OPRT": -825.12,
        "TAX_CST_OPRT": 1141.86,
        "DEPRC_CST_OPRT": 3123.24,
        "ETC_CST_OPRT": 1163.22
      },
      {
        "PST_YYYYMM": "202401",
        "BRD_CD": "M",
        "MGMT_CHNL_NM": "(OFF)플래그쉽",
        "SALE_AMT": 6116819.0,
        "SALE_AMT_VAT": 5413114.159292036,
        "AD_CST_OPRT": 207558.27,
        "SLRY_CSY_OPRT": 69359.97,
        "EMP_BNFT_CST_OPRT": 32936.68,
        "PMT_CMS_OPRT": 7673.79,
        "SHOP_RNT_OPRT": 9076.39,
        "EVNT_CST_OPRT": 0.0,
        "TAX_CST_OPRT": 29019.23,
        "DEPRC_CST_OPRT": 4177.15,
        "ETC_CST_OPRT": 15480.65
      },
      {
        "PST_YYYYMM": "202507",
        "BRD_CD": "M",
        "MGMT_CHNL_NM": null,
        "SALE_AMT": null,
        "SALE_AMT_VAT": null,
        "AD_CST_OPRT": 0.0,
        "SLRY_CSY_OPRT": 199944.6,
        "EMP_BNFT_CST_OPRT": 56084.67,
        "PMT_CMS_OPRT": 0.0,
        "SHOP_RNT_OPRT": 0.0,
        "EVNT_CST_OPRT": 0.0,
        "TAX_CST_OPRT": 0.0,
        "DEPRC_CST_OPRT": 0.0,
        "ETC_CST_OPRT": 158.45
      },
      {
        "PST_YYYYMM": "202404",
        "BRD_CD": "M",
        "MGMT_CHNL_NM": null,
        "SALE_AMT": null,
        "SALE_AMT_VAT": null,
        "AD_CST_OPRT": 0.0,
        "SLRY_CSY_OPRT": 414753.33,
        "EMP_BNFT_CST_OPRT": 104008.14,
        "PMT_CMS_OPRT": 0.0,
        "SHOP_RNT_OPRT": 0.0,
        "EVNT_CST_OPRT": 0.0,
        "TAX_CST_OPRT": 0.0,
        "DEPRC_CST_OPRT": 0.0,
        "ETC_CST_OPRT": 17044.94
      }
    ],
    "total_records_count": 195
  }
}